smoke_job_id,selection_role,event_id,mapped_cell_id,term_id,branch_owner_id,epsilon_bin_index,epsilon_subdivision_index,epsilon_subdivision_count,path_segment,recoil_sheet_enclosure_method,x_lower,x_upper,t_lower,t_upper,refinement_depth,refinement_path,geometry_gap_abs_lower,geometry_physical_path_area_abs_upper,probe_passed,failure_type,failure_message,integrated_regular_path_abs_upper,minimum_amplitude_denominator_abs_lower,relative_root_abs_lower,selected_global_root_abs_lower,collision_jacobian_abs_lower,active_material_branch_count,active_material_branch_ids,path_integral_enclosure_method,reconstructed_physical_path_area_abs_upper,physical_path_area_absolute_error,physical_path_area_excess,runtime_seconds,event_principal_pole_owned_separately,valid_for_outer_parent_leaf_transplant_smoke,valid_for_full_outer_parent_leaf_enclosure,valid_for_full_event_cell_finite_cover,valid_for_D4_event_local_W3_bound,valid_for_all_operator_local_GR_claim,valid_for_full_MTS_claim,parent_target_job_id,projective_owner_cell_id,certified_configuration_roles,certified_owner_pivots,minimum_projective_owner_pivot_abs_lower,minimum_projective_unit_circle_abs_lower,parent_revision,certificate_source
5463__x00_t00,5461_FINITE_PROJECTIVE_OWNER_CELL,E02,U024,MC04_SP_DP,B03,7,0,1,RIGHT_CONNECTOR,SIGN_DEFINITE_MONOTONE_PRINCIPAL_SQRT_RECTANGLE_WITH_PARENT_FALLBACK,0.8130634827888188,0.8133221384916984,0.001,0.00103125,9,x00_t00__finite_projective_depth9,0.030860585379902373,2.424897214496104e-10,True,,,2779.855312926556,0.0004981967900738057,1.1327721412337435,3.4797169705503928,35.374681725878226,0,,POINTWISE_SUPREMUM,2.424897214496626e-10,5.221577616740987e-23,5.221577616740987e-23,2.9388055999879725,True,True,False,False,False,False,False,E02__U024__RIGHT_CONNECTOR__MINIMUM_CERTIFIED_OUTER_GAP,x00_t00,representative,plus,0.0024453724554247447,3.4797166218028757,D4-deformed-contour-regular-away-W3-v51,checkpoint_5461_parent_v51_finite_cell
5463__x00_t01,5461_FINITE_PROJECTIVE_OWNER_CELL,E02,U024,MC04_SP_DP,B03,7,0,1,RIGHT_CONNECTOR,SIGN_DEFINITE_MONOTONE_PRINCIPAL_SQRT_RECTANGLE_WITH_PARENT_FALLBACK,0.8130634827888188,0.8133221384916984,0.00103125,0.0010625,9,x00_t01__finite_projective_depth9,0.030860585379902373,2.424897214496104e-10,True,,,2785.7422977510455,0.0004982069448979785,1.1327725020362214,3.4797169705503928,35.37109055058572,0,,POINTWISE_SUPREMUM,2.424897214496626e-10,5.221577616740987e-23,5.221577616740987e-23,2.8719537999713793,True,True,False,False,False,False,False,E02__U024__RIGHT_CONNECTOR__MINIMUM_CERTIFIED_OUTER_GAP,x00_t01,representative,plus,0.002445449056324785,3.4797166218028757,D4-deformed-contour-regular-away-W3-v51,checkpoint_5461_parent_v51_finite_cell
5463__x00_t02,5461_FINITE_PROJECTIVE_OWNER_CELL,E02,U024,MC04_SP_DP,B03,7,0,1,RIGHT_CONNECTOR,SIGN_DEFINITE_MONOTONE_PRINCIPAL_SQRT_RECTANGLE_WITH_PARENT_FALLBACK,0.8130634827888188,0.8133221384916984,0.0010625,0.00109375,9,x00_t02__finite_projective_depth9,0.030860585379902373,2.424897214496104e-10,True,,,2791.7440429197986,0.0004982174194244226,1.13277287526005,3.4797169705503928,35.36741849539045,0,,POINTWISE_SUPREMUM,2.424897214496626e-10,5.221577616740987e-23,5.221577616740987e-23,2.773780199990142,True,True,False,False,False,False,False,E02__U024__RIGHT_CONNECTOR__MINIMUM_CERTIFIED_OUTER_GAP,x00_t02,representative,plus,0.002445528071986372,3.4797166218028757,D4-deformed-contour-regular-away-W3-v51,checkpoint_5461_parent_v51_finite_cell
5463__x00_t03,5461_FINITE_PROJECTIVE_OWNER_CELL,E02,U024,MC04_SP_DP,B03,7,0,1,RIGHT_CONNECTOR,SIGN_DEFINITE_MONOTONE_PRINCIPAL_SQRT_RECTANGLE_WITH_PARENT_FALLBACK,0.8130634827888188,0.8133221384916984,0.00109375,0.0011250000000000001,9,x00_t03__finite_projective_depth9,0.030860585379902373,2.424897214496104e-10,True,,,2797.859398978516,0.0004982282135924578,1.1327732609000691,3.4797169705503928,35.363665639570726,0,,POINTWISE_SUPREMUM,2.424897214496626e-10,5.221577616740987e-23,5.221577616740987e-23,2.9535376999992877,True,True,False,False,False,False,False,E02__U024__RIGHT_CONNECTOR__MINIMUM_CERTIFIED_OUTER_GAP,x00_t03,representative,plus,0.0024456095021270128,3.4797166218028757,D4-deformed-contour-regular-away-W3-v51,checkpoint_5461_parent_v51_finite_cell
5463__x00_t04,5461_FINITE_PROJECTIVE_OWNER_CELL,E02,U024,MC04_SP_DP,B03,7,0,1,RIGHT_CONNECTOR,SIGN_DEFINITE_MONOTONE_PRINCIPAL_SQRT_RECTANGLE_WITH_PARENT_FALLBACK,0.8130634827888188,0.8133221384916984,0.0011250000000000001,0.00115625,9,x00_t04__finite_projective_depth9,0.030860585379902373,2.424897214496104e-10,True,,,2804.087196765304,0.0004982393273395617,1.1327736589509625,3.4797169705503928,35.359832064499265,0,,POINTWISE_SUPREMUM,2.4248972144966096e-10,5.0561414942303817e-23,5.0561414942303817e-23,2.7960571000003256,True,True,False,False,False,False,False,E02__U024__RIGHT_CONNECTOR__MINIMUM_CERTIFIED_OUTER_GAP,x00_t04,representative,plus,0.002445693346455397,3.4797166218028757,D4-deformed-contour-regular-away-W3-v51,checkpoint_5461_parent_v51_finite_cell
5463__x00_t05,5461_FINITE_PROJECTIVE_OWNER_CELL,E02,U024,MC04_SP_DP,B03,7,0,1,RIGHT_CONNECTOR,SIGN_DEFINITE_MONOTONE_PRINCIPAL_SQRT_RECTANGLE_WITH_PARENT_FALLBACK,0.8130634827888188,0.8133221384916984,0.00115625,0.0011875,9,x00_t05__finite_projective_depth9,0.030860585379902373,2.424897214496104e-10,True,,,2810.4262481070837,0.0004982507606013714,1.1327740694072577,3.4797169705503928,35.355917853638964,0,,POINTWISE_SUPREMUM,2.424897214496626e-10,5.221577616740987e-23,5.221577616740987e-23,3.3062440000358038,True,True,False,False,False,False,False,E02__U024__RIGHT_CONNECTOR__MINIMUM_CERTIFIED_OUTER_GAP,x00_t05,representative,plus,0.002445779604671404,3.4797166218028757,D4-deformed-contour-regular-away-W3-v51,checkpoint_5461_parent_v51_finite_cell
5463__x00_t06,5461_FINITE_PROJECTIVE_OWNER_CELL,E02,U024,MC04_SP_DP,B03,7,0,1,RIGHT_CONNECTOR,SIGN_DEFINITE_MONOTONE_PRINCIPAL_SQRT_RECTANGLE_WITH_PARENT_FALLBACK,0.8130634827888188,0.8133221384916984,0.0011875,0.00121875,9,x00_t06__finite_projective_depth9,0.030860585379902373,2.424897214496104e-10,True,,,2816.875346514594,0.0004982625133116846,1.1327744922633265,3.4797169705503928,35.351923092538904,0,,POINTWISE_SUPREMUM,2.424897214496626e-10,5.221577616740987e-23,5.221577616740987e-23,2.7456085000303574,True,True,False,False,False,False,False,E02__U024__RIGHT_CONNECTOR__MINIMUM_CERTIFIED_OUTER_GAP,x00_t06,representative,plus,0.0024458682764661056,3.4797166218028757,D4-deformed-contour-regular-away-W3-v51,checkpoint_5461_parent_v51_finite_cell
5463__x00_t07,5461_FINITE_PROJECTIVE_OWNER_CELL,E02,U024,MC04_SP_DP,B03,7,0,1,RIGHT_CONNECTOR,SIGN_DEFINITE_MONOTONE_PRINCIPAL_SQRT_RECTANGLE_WITH_PARENT_FALLBACK,0.8130634827888188,0.8133221384916984,0.00121875,0.00125,9,x00_t07__finite_projective_depth9,0.030860585379902373,2.424897214496104e-10,True,,,2823.4332686572257,0.0004982745854024614,1.1327749275133852,3.4797169705503928,35.34784785905353,0,,POINTWISE_SUPREMUM,2.424897214496626e-10,5.221577616740987e-23,5.221577616740987e-23,2.9473696000059135,True,True,False,False,False,False,False,E02__U024__RIGHT_CONNECTOR__MINIMUM_CERTIFIED_OUTER_GAP,x00_t07,representative,plus,0.002445959361521773,3.4797166218028757,D4-deformed-contour-regular-away-W3-v51,checkpoint_5461_parent_v51_finite_cell
5463__x00_t08,5461_FINITE_PROJECTIVE_OWNER_CELL,E02,U024,MC04_SP_DP,B03,7,0,1,RIGHT_CONNECTOR,SIGN_DEFINITE_MONOTONE_PRINCIPAL_SQRT_RECTANGLE_WITH_PARENT_FALLBACK,0.8130634827888188,0.8133221384916984,0.00125,0.00128125,9,x00_t08__finite_projective_depth9,0.030860585379902373,2.424897214496104e-10,True,,,2830.098772846909,0.0004982869768038255,1.132775375151494,3.4797169705503928,35.34369225102264,0,,POINTWISE_SUPREMUM,2.424897214496626e-10,5.221577616740987e-23,5.221577616740987e-23,3.3074655000236817,True,True,False,False,False,False,False,E02__U024__RIGHT_CONNECTOR__MINIMUM_CERTIFIED_OUTER_GAP,x00_t08,representative,plus,0.002446052859511879,3.4797166218028757,D4-deformed-contour-regular-away-W3-v51,checkpoint_5461_parent_v51_finite_cell
5463__x00_t09,5461_FINITE_PROJECTIVE_OWNER_CELL,E02,U024,MC04_SP_DP,B03,7,0,1,RIGHT_CONNECTOR,SIGN_DEFINITE_MONOTONE_PRINCIPAL_SQRT_RECTANGLE_WITH_PARENT_FALLBACK,0.8130634827888188,0.8133221384916984,0.00128125,0.0013125,9,x00_t09__finite_projective_depth9,0.030860585379902373,2.424897214496104e-10,True,,,2836.870601711242,0.0004982996874440658,1.1327758351715582,3.4797169705503928,35.33945636131609,0,,POINTWISE_SUPREMUM,2.424897214496626e-10,5.221577616740987e-23,5.221577616740987e-23,2.8923217999981716,True,True,False,False,False,False,False,E02__U024__RIGHT_CONNECTOR__MINIMUM_CERTIFIED_OUTER_GAP,x00_t09,representative,plus,0.0024461487701011044,3.4797166218028757,D4-deformed-contour-regular-away-W3-v51,checkpoint_5461_parent_v51_finite_cell
5463__x00_t10,5461_FINITE_PROJECTIVE_OWNER_CELL,E02,U024,MC04_SP_DP,B03,7,0,1,RIGHT_CONNECTOR,SIGN_DEFINITE_MONOTONE_PRINCIPAL_SQRT_RECTANGLE_WITH_PARENT_FALLBACK,0.8130634827888188,0.8133221384916984,0.0013125,0.00134375,9,x00_t10__finite_projective_depth9,0.030860585379902373,2.424897214496104e-10,True,,,2843.747482418835,0.0004983127172496384,1.1327763075673285,3.4797169705503928,35.335140283782486,0,,POINTWISE_SUPREMUM,2.4248972144966096e-10,5.0561414942303817e-23,5.0561414942303817e-23,2.9714370999718085,True,True,False,False,False,False,False,E02__U024__RIGHT_CONNECTOR__MINIMUM_CERTIFIED_OUTER_GAP,x00_t10,representative,plus,0.002446247092945343,3.4797166218028757,D4-deformed-contour-regular-away-W3-v51,checkpoint_5461_parent_v51_finite_cell
5463__x00_t11,5461_FINITE_PROJECTIVE_OWNER_CELL,E02,U024,MC04_SP_DP,B03,7,0,1,RIGHT_CONNECTOR,SIGN_DEFINITE_MONOTONE_PRINCIPAL_SQRT_RECTANGLE_WITH_PARENT_FALLBACK,0.8130634827888188,0.8133221384916984,0.00134375,0.001375,9,x00_t11__finite_projective_depth9,0.030860585379902373,2.424897214496104e-10,True,,,2850.728127282213,0.0004983260661451676,1.1327767923323997,3.4797169705503928,35.33074411433318,0,,POINTWISE_SUPREMUM,2.424897214496626e-10,5.221577616740987e-23,5.221577616740987e-23,3.3391012999927625,True,True,False,False,False,False,False,E02__U024__RIGHT_CONNECTOR__MINIMUM_CERTIFIED_OUTER_GAP,x00_t11,representative,plus,0.0024463478276917083,3.4797166218028757,D4-deformed-contour-regular-away-W3-v51,checkpoint_5461_parent_v51_finite_cell
5463__x00_t12,5461_FINITE_PROJECTIVE_OWNER_CELL,E02,U024,MC04_SP_DP,B03,7,0,1,RIGHT_CONNECTOR,SIGN_DEFINITE_MONOTONE_PRINCIPAL_SQRT_RECTANGLE_WITH_PARENT_FALLBACK,0.8130634827888188,0.8133221384916984,0.001375,0.00140625,9,x00_t12__finite_projective_depth9,0.030860585379902373,2.424897214496104e-10,True,,,2857.81123431864,0.0004983397340534479,1.1327772894602126,3.4797169705503928,35.326267950938025,0,,POINTWISE_SUPREMUM,2.424897214496626e-10,5.221577616740987e-23,5.221577616740987e-23,2.95073440001579,True,True,False,False,False,False,False,E02__U024__RIGHT_CONNECTOR__MINIMUM_CERTIFIED_OUTER_GAP,x00_t12,representative,plus,0.0024464509739785378,3.4797166218028757,D4-deformed-contour-regular-away-W3-v51,checkpoint_5461_parent_v51_finite_cell
5463__x00_t13,5461_FINITE_PROJECTIVE_OWNER_CELL,E02,U024,MC04_SP_DP,B03,7,0,1,RIGHT_CONNECTOR,SIGN_DEFINITE_MONOTONE_PRINCIPAL_SQRT_RECTANGLE_WITH_PARENT_FALLBACK,0.8130634827888188,0.8133221384916984,0.00140625,0.0014375,9,x00_t13__finite_projective_depth9,0.030860585379902373,2.424897214496104e-10,True,,,2864.995488056295,0.000498353720895446,1.1327777989440535,3.4797169705503928,35.32171189361992,0,,POINTWISE_SUPREMUM,2.424897214496626e-10,5.221577616740987e-23,5.221577616740987e-23,2.93343570001889,True,True,False,False,False,False,False,E02__U024__RIGHT_CONNECTOR__MINIMUM_CERTIFIED_OUTER_GAP,x00_t13,representative,plus,0.0024465565314353978,3.4797166218028757,D4-deformed-contour-regular-away-W3-v51,checkpoint_5461_parent_v51_finite_cell
5463__x00_t14,5461_FINITE_PROJECTIVE_OWNER_CELL,E02,U024,MC04_SP_DP,B03,7,0,1,RIGHT_CONNECTOR,SIGN_DEFINITE_MONOTONE_PRINCIPAL_SQRT_RECTANGLE_WITH_PARENT_FALLBACK,0.8130634827888188,0.8133221384916984,0.0014375,0.00146875,9,x00_t14__finite_projective_depth9,0.030860585379902373,2.424897214496104e-10,True,,,2872.2795601451044,0.0004983680265903019,1.1327783207770548,3.4797169705503928,35.31707604445006,0,,POINTWISE_SUPREMUM,2.424897214496626e-10,5.221577616740987e-23,5.221577616740987e-23,3.166466799972113,True,True,False,False,False,False,False,E02__U024__RIGHT_CONNECTOR__MINIMUM_CERTIFIED_OUTER_GAP,x00_t14,representative,plus,0.0024466644996830903,3.4797166218028757,D4-deformed-contour-regular-away-W3-v51,checkpoint_5461_parent_v51_finite_cell
5463__x00_t15,5461_FINITE_PROJECTIVE_OWNER_CELL,E02,U024,MC04_SP_DP,B03,7,0,1,RIGHT_CONNECTOR,SIGN_DEFINITE_MONOTONE_PRINCIPAL_SQRT_RECTANGLE_WITH_PARENT_FALLBACK,0.8130634827888188,0.8133221384916984,0.00146875,0.0015,9,x00_t15__finite_projective_depth9,0.030860585379902373,2.424897214496104e-10,True,,,2879.6623392055503,0.0004983826510553312,1.1327788549521942,3.4797169705503928,35.312360507542266,0,,POINTWISE_SUPREMUM,2.424897214496626e-10,5.221577616740987e-23,5.221577616740987e-23,2.8292642000014894,True,True,False,False,False,False,False,E02__U024__RIGHT_CONNECTOR__MINIMUM_CERTIFIED_OUTER_GAP,x00_t15,representative,plus,0.0024467748783336594,3.4797166218028757,D4-deformed-contour-regular-away-W3-v51,checkpoint_5461_parent_v51_finite_cell
5463__x00_t16,5461_FINITE_PROJECTIVE_OWNER_CELL,E02,U024,MC04_SP_DP,B03,7,0,1,RIGHT_CONNECTOR,SIGN_DEFINITE_MONOTONE_PRINCIPAL_SQRT_RECTANGLE_WITH_PARENT_FALLBACK,0.8130634827888188,0.8133221384916984,0.0015,0.00153125,9,x00_t16__finite_projective_depth9,0.030860585379902373,2.424897214496104e-10,True,,,2887.1423461019344,0.0004983975942060266,1.1327794014622965,3.4797169705503928,35.30756538904811,0,,POINTWISE_SUPREMUM,2.424897214496626e-10,5.221577616740987e-23,5.221577616740987e-23,2.85038750001695,True,True,False,False,False,False,False,E02__U024__RIGHT_CONNECTOR__MINIMUM_CERTIFIED_OUTER_GAP,x00_t16,representative,plus,0.0024468876669903957,3.4797166218028757,D4-deformed-contour-regular-away-W3-v51,checkpoint_5461_parent_v51_finite_cell
5463__x00_t17,5461_FINITE_PROJECTIVE_OWNER_CELL,E02,U024,MC04_SP_DP,B03,7,0,1,RIGHT_CONNECTOR,SIGN_DEFINITE_MONOTONE_PRINCIPAL_SQRT_RECTANGLE_WITH_PARENT_FALLBACK,0.8130634827888188,0.8133221384916984,0.00153125,0.0015625,9,x00_t17__finite_projective_depth9,0.030860585379902373,2.424897214496104e-10,True,,,2894.7181268573854,0.0004984128559560601,1.1327799603000324,3.4797169705503928,35.30269079715127,0,,POINTWISE_SUPREMUM,2.424897214496626e-10,5.221577616740987e-23,5.221577616740987e-23,3.085612599970773,True,True,False,False,False,False,False,E02__U024__RIGHT_CONNECTOR__MINIMUM_CERTIFIED_OUTER_GAP,x00_t17,representative,plus,0.002447002865247844,3.4797166218028757,D4-deformed-contour-regular-away-W3-v51,checkpoint_5461_parent_v51_finite_cell
5463__x00_t18,5461_FINITE_PROJECTIVE_OWNER_CELL,E02,U024,MC04_SP_DP,B03,7,0,1,RIGHT_CONNECTOR,SIGN_DEFINITE_MONOTONE_PRINCIPAL_SQRT_RECTANGLE_WITH_PARENT_FALLBACK,0.8130634827888188,0.8133221384916984,0.0015625,0.0015937500000000001,9,x00_t18__finite_projective_depth9,0.030860585379902373,2.424897214496104e-10,True,,,2902.388308004203,0.0004984284362172848,1.1327805314579196,3.4797169705503928,35.29773684206194,0,,POINTWISE_SUPREMUM,2.424897214496626e-10,5.221577616740987e-23,5.221577616740987e-23,2.929862899996806,True,True,False,False,False,False,False,E02__U024__RIGHT_CONNECTOR__MINIMUM_CERTIFIED_OUTER_GAP,x00_t18,representative,plus,0.00244712047269181,3.4797166218028757,D4-deformed-contour-regular-away-W3-v51,checkpoint_5461_parent_v51_finite_cell
5463__x00_t19,5461_FINITE_PROJECTIVE_OWNER_CELL,E02,U024,MC04_SP_DP,B03,7,0,1,RIGHT_CONNECTOR,SIGN_DEFINITE_MONOTONE_PRINCIPAL_SQRT_RECTANGLE_WITH_PARENT_FALLBACK,0.8130634827888188,0.8133221384916984,0.0015937500000000001,0.0016250000000000001,9,x00_t19__finite_projective_depth9,0.030860585379902373,2.424897214496104e-10,True,,,2910.1515063830684,0.0004984443348997365,1.1327811149283233,3.4797169705503928,35.292703636011325,0,,POINTWISE_SUPREMUM,2.424897214496626e-10,5.221577616740987e-23,5.221577616740987e-23,3.315234799985774,True,True,False,False,False,False,False,E02__U024__RIGHT_CONNECTOR__MINIMUM_CERTIFIED_OUTER_GAP,x00_t19,representative,plus,0.002447240488899364,3.4797166218028757,D4-deformed-contour-regular-away-W3-v51,checkpoint_5461_parent_v51_finite_cell
5463__x00_t20,5461_FINITE_PROJECTIVE_OWNER_CELL,E02,U024,MC04_SP_DP,B03,7,0,1,RIGHT_CONNECTOR,SIGN_DEFINITE_MONOTONE_PRINCIPAL_SQRT_RECTANGLE_WITH_PARENT_FALLBACK,0.8130634827888188,0.8133221384916984,0.0016250000000000001,0.0016562500000000002,9,x00_t20__finite_projective_depth9,0.030860585379902373,2.424897214496104e-10,True,,,2918.0102644483445,0.0004984605519116363,1.1327817107034555,3.4797169705503928,35.287591293245775,0,,POINTWISE_SUPREMUM,2.424897214496626e-10,5.221577616740987e-23,5.221577616740987e-23,2.790384499996435,True,True,False,False,False,False,False,E02__U024__RIGHT_CONNECTOR__MINIMUM_CERTIFIED_OUTER_GAP,x00_t20,representative,plus,0.002447362913438851,3.4797166218028757,D4-deformed-contour-regular-away-W3-v51,checkpoint_5461_parent_v51_finite_cell
5463__x00_t21,5461_FINITE_PROJECTIVE_OWNER_CELL,E02,U024,MC04_SP_DP,B03,7,0,1,RIGHT_CONNECTOR,SIGN_DEFINITE_MONOTONE_PRINCIPAL_SQRT_RECTANGLE_WITH_PARENT_FALLBACK,0.8130634827888188,0.8133221384916984,0.0016562500000000002,0.0016875,9,x00_t21__finite_projective_depth9,0.030860585379902373,2.424897214496104e-10,True,,,2925.9678811718845,0.0004984770871593921,1.1327823187753758,3.4797169705503928,35.28239993002115,0,,POINTWISE_SUPREMUM,2.4248972144966096e-10,5.0561414942303817e-23,5.0561414942303817e-23,2.9525762000121176,True,True,False,False,False,False,False,E02__U024__RIGHT_CONNECTOR__MINIMUM_CERTIFIED_OUTER_GAP,x00_t21,representative,plus,0.002447487745869894,3.4797166218028757,D4-deformed-contour-regular-away-W3-v51,checkpoint_5461_parent_v51_finite_cell
5463__x00_t22,5461_FINITE_PROJECTIVE_OWNER_CELL,E02,U024,MC04_SP_DP,B03,7,0,1,RIGHT_CONNECTOR,SIGN_DEFINITE_MONOTONE_PRINCIPAL_SQRT_RECTANGLE_WITH_PARENT_FALLBACK,0.8130634827888188,0.8133221384916984,0.0016875,0.00171875,9,x00_t22__finite_projective_depth9,0.030860585379902373,2.424897214496104e-10,True,,,2934.0159467468175,0.000498493940547601,1.1327829391359918,3.4797169705503928,35.27712966459648,0,,POINTWISE_SUPREMUM,2.424897214496626e-10,5.221577616740987e-23,5.221577616740987e-23,2.838356299966108,True,True,False,False,False,False,False,E02__U024__RIGHT_CONNECTOR__MINIMUM_CERTIFIED_OUTER_GAP,x00_t22,representative,plus,0.002447614985743405,3.4797166218028757,D4-deformed-contour-regular-away-W3-v51,checkpoint_5461_parent_v51_finite_cell
5463__x00_t23,5461_FINITE_PROJECTIVE_OWNER_CELL,E02,U024,MC04_SP_DP,B03,7,0,1,RIGHT_CONNECTOR,SIGN_DEFINITE_MONOTONE_PRINCIPAL_SQRT_RECTANGLE_WITH_PARENT_FALLBACK,0.8130634827888188,0.8133221384916984,0.00171875,0.00175,9,x00_t23__finite_projective_depth9,0.030860585379902373,2.424897214496104e-10,True,,,2942.154278943571,0.0004985111119790511,1.1327835717770594,3.4797169705503928,35.2717806172284,0,,POINTWISE_SUPREMUM,2.424897214496626e-10,5.221577616740987e-23,5.221577616740987e-23,2.9434376999852248,True,True,False,False,False,False,False,E02__U024__RIGHT_CONNECTOR__MINIMUM_CERTIFIED_OUTER_GAP,x00_t23,representative,plus,0.0024477446326015887,3.4797166218028757,D4-deformed-contour-regular-away-W3-v51,checkpoint_5461_parent_v51_finite_cell
5463__x00_t24,5461_FINITE_PROJECTIVE_OWNER_CELL,E02,U024,MC04_SP_DP,B03,7,0,1,RIGHT_CONNECTOR,SIGN_DEFINITE_MONOTONE_PRINCIPAL_SQRT_RECTANGLE_WITH_PARENT_FALLBACK,0.8130634827888188,0.8133221384916984,0.00175,0.00178125,9,x00_t24__finite_projective_depth9,0.030860585379902373,2.424897214496104e-10,True,,,2950.379088100483,0.0004985286013547243,1.1327842166901823,3.4797169705503928,35.266352910164606,0,,POINTWISE_SUPREMUM,2.424897214496626e-10,5.221577616740987e-23,5.221577616740987e-23,2.8021455999696627,True,True,False,False,False,False,False,E02__U024__RIGHT_CONNECTOR__MINIMUM_CERTIFIED_OUTER_GAP,x00_t24,representative,plus,0.0024478766859779505,3.4797166218028757,D4-deformed-contour-regular-away-W3-v51,checkpoint_5461_parent_v51_finite_cell
5463__x00_t25,5461_FINITE_PROJECTIVE_OWNER_CELL,E02,U024,MC04_SP_DP,B03,7,0,1,RIGHT_CONNECTOR,SIGN_DEFINITE_MONOTONE_PRINCIPAL_SQRT_RECTANGLE_WITH_PARENT_FALLBACK,0.8130634827888188,0.8133221384916984,0.00178125,0.0018125,9,x00_t25__finite_projective_depth9,0.030860585379902373,2.424897214496104e-10,True,,,2958.6889432032854,0.0004985464085737973,1.1327848738668136,3.4797169705503928,35.26084666763791,0,,POINTWISE_SUPREMUM,2.424897214496626e-10,5.221577616740987e-23,5.221577616740987e-23,2.9439334999769926,True,True,False,False,False,False,False,E02__U024__RIGHT_CONNECTOR__MINIMUM_CERTIFIED_OUTER_GAP,x00_t25,representative,plus,0.002448011145397304,3.4797166218028757,D4-deformed-contour-regular-away-W3-v51,checkpoint_5461_parent_v51_finite_cell
5463__x00_t26,5461_FINITE_PROJECTIVE_OWNER_CELL,E02,U024,MC04_SP_DP,B03,7,0,1,RIGHT_CONNECTOR,SIGN_DEFINITE_MONOTONE_PRINCIPAL_SQRT_RECTANGLE_WITH_PARENT_FALLBACK,0.8130634827888188,0.8133221384916984,0.0018125,0.00184375,9,x00_t26__finite_projective_depth9,0.030860585379902373,2.424897214496104e-10,True,,,2967.0824076062663,0.0004985645335336452,1.132785543298255,3.4797169705503928,35.25526201585953,0,,POINTWISE_SUPREMUM,2.4248972144966096e-10,5.0561414942303817e-23,5.0561414942303817e-23,2.8348563000326976,True,True,False,False,False,False,False,E02__U024__RIGHT_CONNECTOR__MINIMUM_CERTIFIED_OUTER_GAP,x00_t26,representative,plus,0.0024481480103757795,3.4797166218028757,D4-deformed-contour-regular-away-W3-v51,checkpoint_5461_parent_v51_finite_cell
5463__x00_t27,5461_FINITE_PROJECTIVE_OWNER_CELL,E02,U024,MC04_SP_DP,B03,7,0,1,RIGHT_CONNECTOR,SIGN_DEFINITE_MONOTONE_PRINCIPAL_SQRT_RECTANGLE_WITH_PARENT_FALLBACK,0.8130634827888188,0.8133221384916984,0.00184375,0.001875,9,x00_t27__finite_projective_depth9,0.030860585379902373,2.424897214496104e-10,True,,,2975.558039569339,0.0004985829761298428,1.1327862249756577,3.4797169705503928,35.24959908301287,0,,POINTWISE_SUPREMUM,2.424897214496626e-10,5.221577616740987e-23,5.221577616740987e-23,2.93187669996405,True,True,False,False,False,False,False,E02__U024__RIGHT_CONNECTOR__MINIMUM_CERTIFIED_OUTER_GAP,x00_t27,representative,plus,0.002448287280420828,3.4797166218028757,D4-deformed-contour-regular-away-W3-v51,checkpoint_5461_parent_v51_finite_cell
5463__x00_t28,5461_FINITE_PROJECTIVE_OWNER_CELL,E02,U024,MC04_SP_DP,B03,7,0,1,RIGHT_CONNECTOR,SIGN_DEFINITE_MONOTONE_PRINCIPAL_SQRT_RECTANGLE_WITH_PARENT_FALLBACK,0.8130634827888188,0.8133221384916984,0.001875,0.00190625,9,x00_t28__finite_projective_depth9,0.030860585379902373,2.424897214496104e-10,True,,,2984.1143927827206,0.0004986017362561671,1.1327869188900221,3.4797169705503928,35.24385799924719,0,,POINTWISE_SUPREMUM,2.424897214496626e-10,5.221577616740987e-23,5.221577616740987e-23,3.087391899956856,True,True,False,False,False,False,False,E02__U024__RIGHT_CONNECTOR__MINIMUM_CERTIFIED_OUTER_GAP,x00_t28,representative,plus,0.0024484289550312345,3.4797166218028757,D4-deformed-contour-regular-away-W3-v51,checkpoint_5461_parent_v51_finite_cell
5463__x00_t29,5461_FINITE_PROJECTIVE_OWNER_CELL,E02,U024,MC04_SP_DP,B03,7,0,1,RIGHT_CONNECTOR,SIGN_DEFINITE_MONOTONE_PRINCIPAL_SQRT_RECTANGLE_WITH_PARENT_FALLBACK,0.8130634827888188,0.8133221384916984,0.00190625,0.0019375,9,x00_t29__finite_projective_depth9,0.030860585379902373,2.424897214496104e-10,True,,,2992.7500168809765,0.0004986208138046001,1.132787625032199,3.4797169705503928,35.23803889667028,0,,POINTWISE_SUPREMUM,2.424897214496626e-10,5.221577616740987e-23,5.221577616740987e-23,2.9579498000093736,True,True,False,False,False,False,False,E02__U024__RIGHT_CONNECTOR__MINIMUM_CERTIFIED_OUTER_GAP,x00_t29,representative,plus,0.0024485730336971205,3.4797166218028757,D4-deformed-contour-regular-away-W3-v51,checkpoint_5461_parent_v51_finite_cell
5463__x00_t30,5461_FINITE_PROJECTIVE_OWNER_CELL,E02,U024,MC04_SP_DP,B03,7,0,1,RIGHT_CONNECTOR,SIGN_DEFINITE_MONOTONE_PRINCIPAL_SQRT_RECTANGLE_WITH_PARENT_FALLBACK,0.8130634827888188,0.8133221384916984,0.0019375,0.00196875,9,x00_t30__finite_projective_depth9,0.030860585379902373,2.424897214496104e-10,True,,,3001.463457943477,0.0004986402086653305,1.1327883433928894,3.4797169705503928,35.23214190934253,0,,POINTWISE_SUPREMUM,2.424897214496626e-10,5.221577616740987e-23,5.221577616740987e-23,2.798168200009968,True,True,False,False,False,False,False,E02__U024__RIGHT_CONNECTOR__MINIMUM_CERTIFIED_OUTER_GAP,x00_t30,representative,plus,0.002448719515899956,3.4797166218028757,D4-deformed-contour-regular-away-W3-v51,checkpoint_5461_parent_v51_finite_cell
5463__x00_t31,5461_FINITE_PROJECTIVE_OWNER_CELL,E02,U024,MC04_SP_DP,B03,7,0,1,RIGHT_CONNECTOR,SIGN_DEFINITE_MONOTONE_PRINCIPAL_SQRT_RECTANGLE_WITH_PARENT_FALLBACK,0.8130634827888188,0.8133221384916984,0.00196875,0.002,9,x00_t31__finite_projective_depth9,0.030860585379902373,2.424897214496104e-10,True,,,3010.2532589838997,0.0004986599207267567,1.132789073962644,3.4797169705503928,35.226167173269424,0,,POINTWISE_SUPREMUM,2.424897214496626e-10,5.221577616740987e-23,5.221577616740987e-23,2.881499300012365,True,True,False,False,False,False,False,E02__U024__RIGHT_CONNECTOR__MINIMUM_CERTIFIED_OUTER_GAP,x00_t31,representative,plus,0.002448868401112563,3.4797166218028757,D4-deformed-contour-regular-away-W3-v51,checkpoint_5461_parent_v51_finite_cell
5463__x01_t00,5461_FINITE_PROJECTIVE_OWNER_CELL,E02,U024,MC04_SP_DP,B03,7,0,1,RIGHT_CONNECTOR,SIGN_DEFINITE_MONOTONE_PRINCIPAL_SQRT_RECTANGLE_WITH_PARENT_FALLBACK,0.8133221384916984,0.813580794194578,0.001,0.00103125,9,x01_t00__finite_projective_depth9,0.030860585379902373,2.424897214496104e-10,True,,,3338.51712167179,0.0004926353186964956,1.1318712783446867,3.482371833045323,34.870557112514796,0,,POINTWISE_SUPREMUM,2.424897214495585e-10,5.1905583437702487e-23,0.0,2.951868199976161,True,True,False,False,False,False,False,E02__U024__RIGHT_CONNECTOR__MINIMUM_CERTIFIED_OUTER_GAP,x01_t00,representative,plus,0.002415801967613309,3.4823714840307196,D4-deformed-contour-regular-away-W3-v51,checkpoint_5461_parent_v51_finite_cell
5463__x01_t01,5461_FINITE_PROJECTIVE_OWNER_CELL,E02,U024,MC04_SP_DP,B03,7,0,1,RIGHT_CONNECTOR,SIGN_DEFINITE_MONOTONE_PRINCIPAL_SQRT_RECTANGLE_WITH_PARENT_FALLBACK,0.8133221384916984,0.813580794194578,0.00103125,0.0010625,9,x01_t01__finite_projective_depth9,0.030860585379902373,2.424897214496104e-10,True,,,3345.7154814501946,0.0004926455704384821,1.1318716494975605,3.482371833045323,34.86684779919723,0,,POINTWISE_SUPREMUM,2.424897214495585e-10,5.1905583437702487e-23,0.0,3.03812260000268,True,True,False,False,False,False,False,E02__U024__RIGHT_CONNECTOR__MINIMUM_CERTIFIED_OUTER_GAP,x01_t01,representative,plus,0.0024158793333864184,3.4823714840307196,D4-deformed-contour-regular-away-W3-v51,checkpoint_5461_parent_v51_finite_cell
5463__x01_t02,5461_FINITE_PROJECTIVE_OWNER_CELL,E02,U024,MC04_SP_DP,B03,7,0,1,RIGHT_CONNECTOR,SIGN_DEFINITE_MONOTONE_PRINCIPAL_SQRT_RECTANGLE_WITH_PARENT_FALLBACK,0.8133221384916984,0.813580794194578,0.0010625,0.00109375,9,x01_t02__finite_projective_depth9,0.030860585379902373,2.424897214496104e-10,True,,,3353.0536750785313,0.0004926561449424965,1.1318720334031769,3.482371833045323,34.863054858782114,0,,POINTWISE_SUPREMUM,2.424897214495585e-10,5.1905583437702487e-23,0.0,2.9894521000096574,True,True,False,False,False,False,False,E02__U024__RIGHT_CONNECTOR__MINIMUM_CERTIFIED_OUTER_GAP,x01_t02,representative,plus,0.002415959138240578,3.4823714840307196,D4-deformed-contour-regular-away-W3-v51,checkpoint_5461_parent_v51_finite_cell
5463__x01_t03,5461_FINITE_PROJECTIVE_OWNER_CELL,E02,U024,MC04_SP_DP,B03,7,0,1,RIGHT_CONNECTOR,SIGN_DEFINITE_MONOTONE_PRINCIPAL_SQRT_RECTANGLE_WITH_PARENT_FALLBACK,0.8133221384916984,0.813580794194578,0.00109375,0.0011250000000000001,9,x01_t03__finite_projective_depth9,0.030860585379902373,2.424897214496104e-10,True,,,3360.530264449474,0.000492667042146012,1.1318724300561265,3.482371833045323,34.85917837552553,0,,POINTWISE_SUPREMUM,2.424897214495585e-10,5.1905583437702487e-23,0.0,2.785199099977035,True,True,False,False,False,False,False,E02__U024__RIGHT_CONNECTOR__MINIMUM_CERTIFIED_OUTER_GAP,x01_t03,representative,plus,0.002416041381884949,3.4823714840307196,D4-deformed-contour-regular-away-W3-v51,checkpoint_5461_parent_v51_finite_cell
5463__x01_t04,5461_FINITE_PROJECTIVE_OWNER_CELL,E02,U024,MC04_SP_DP,B03,7,0,1,RIGHT_CONNECTOR,SIGN_DEFINITE_MONOTONE_PRINCIPAL_SQRT_RECTANGLE_WITH_PARENT_FALLBACK,0.8133221384916984,0.813580794194578,0.0011250000000000001,0.00115625,9,x01_t04__finite_projective_depth9,0.030860585379902373,2.424897214496104e-10,True,,,3368.1437870063132,0.0004926782619846031,1.1318728394508366,3.482371833045323,34.855218435910736,0,,POINTWISE_SUPREMUM,2.424897214495569e-10,5.350824587452398e-23,0.0,2.931651899998542,True,True,False,False,False,False,False,E02__U024__RIGHT_CONNECTOR__MINIMUM_CERTIFIED_OUTER_GAP,x01_t04,representative,plus,0.002416126064019613,3.4823714840307196,D4-deformed-contour-regular-away-W3-v51,checkpoint_5461_parent_v51_finite_cell
5463__x01_t05,5461_FINITE_PROJECTIVE_OWNER_CELL,E02,U024,MC04_SP_DP,B03,7,0,1,RIGHT_CONNECTOR,SIGN_DEFINITE_MONOTONE_PRINCIPAL_SQRT_RECTANGLE_WITH_PARENT_FALLBACK,0.8133221384916984,0.813580794194578,0.00115625,0.0011875,9,x01_t05__finite_projective_depth9,0.030860585379902373,2.424897214496104e-10,True,,,3375.8927566274433,0.000492689804391948,1.1318732615815712,3.482371833045323,34.85117512864337,0,,POINTWISE_SUPREMUM,2.424897214495585e-10,5.1905583437702487e-23,0.0,2.7604092999827117,True,True,False,False,False,False,False,E02__U024__RIGHT_CONNECTOR__MINIMUM_CERTIFIED_OUTER_GAP,x01_t05,representative,plus,0.002416213184335579,3.4823714840307196,D4-deformed-contour-regular-away-W3-v51,checkpoint_5461_parent_v51_finite_cell
5463__x01_t06,5461_FINITE_PROJECTIVE_OWNER_CELL,E02,U024,MC04_SP_DP,B03,7,0,1,RIGHT_CONNECTOR,SIGN_DEFINITE_MONOTONE_PRINCIPAL_SQRT_RECTANGLE_WITH_PARENT_FALLBACK,0.8133221384916984,0.813580794194578,0.0011875,0.00121875,9,x01_t06__finite_projective_depth9,0.030860585379902373,2.424897214496104e-10,True,,,3383.775664508725,0.0004927016692998291,1.1318736964424307,3.482371833045323,34.847048544646704,0,,POINTWISE_SUPREMUM,2.424897214495585e-10,5.1905583437702487e-23,0.0,2.7914259000099264,True,True,False,False,False,False,False,E02__U024__RIGHT_CONNECTOR__MINIMUM_CERTIFIED_OUTER_GAP,x01_t06,representative,plus,0.0024163027425147853,3.4823714840307196,D4-deformed-contour-regular-away-W3-v51,checkpoint_5461_parent_v51_finite_cell
5463__x01_t07,5461_FINITE_PROJECTIVE_OWNER_CELL,E02,U024,MC04_SP_DP,B03,7,0,1,RIGHT_CONNECTOR,SIGN_DEFINITE_MONOTONE_PRINCIPAL_SQRT_RECTANGLE_WITH_PARENT_FALLBACK,0.8133221384916984,0.813580794194578,0.00121875,0.00125,9,x01_t07__finite_projective_depth9,0.030860585379902373,2.424897214496104e-10,True,,,3391.7909800683396,0.0004927138566381357,1.1318741440273528,3.482371833045323,34.842838776800505,0,,POINTWISE_SUPREMUM,2.424897214495585e-10,5.1905583437702487e-23,0.0,2.9820304000168107,True,True,False,False,False,False,False,E02__U024__RIGHT_CONNECTOR__MINIMUM_CERTIFIED_OUTER_GAP,x01_t07,representative,plus,0.0024163947382301078,3.4823714840307196,D4-deformed-contour-regular-away-W3-v51,checkpoint_5461_parent_v51_finite_cell
5463__x01_t08,5461_FINITE_PROJECTIVE_OWNER_CELL,E02,U024,MC04_SP_DP,B03,7,0,1,RIGHT_CONNECTOR,SIGN_DEFINITE_MONOTONE_PRINCIPAL_SQRT_RECTANGLE_WITH_PARENT_FALLBACK,0.8133221384916984,0.813580794194578,0.00125,0.00128125,9,x01_t08__finite_projective_depth9,0.030860585379902373,2.424897214496104e-10,True,,,3399.9371528258757,0.0004927263663348645,1.1318746043301116,3.482371833045323,34.83854590966683,0,,POINTWISE_SUPREMUM,2.424897214495585e-10,5.1905583437702487e-23,0.0,2.80180630000541,True,True,False,False,False,False,False,E02__U024__RIGHT_CONNECTOR__MINIMUM_CERTIFIED_OUTER_GAP,x01_t08,representative,plus,0.002416489171145361,3.4823714840307196,D4-deformed-contour-regular-away-W3-v51,checkpoint_5461_parent_v51_finite_cell
5463__x01_t09,5461_FINITE_PROJECTIVE_OWNER_CELL,E02,U024,MC04_SP_DP,B03,7,0,1,RIGHT_CONNECTOR,SIGN_DEFINITE_MONOTONE_PRINCIPAL_SQRT_RECTANGLE_WITH_PARENT_FALLBACK,0.8133221384916984,0.813580794194578,0.00128125,0.0013125,9,x01_t09__finite_projective_depth9,0.030860585379902373,2.424897214496104e-10,True,,,3408.2126101767553,0.0004927391983161218,1.1318750773443194,3.482371833045323,34.83417005127161,0,,POINTWISE_SUPREMUM,2.424897214495585e-10,5.1905583437702487e-23,0.0,3.0165039999992587,True,True,False,False,False,False,False,E02__U024__RIGHT_CONNECTOR__MINIMUM_CERTIFIED_OUTER_GAP,x01_t09,representative,plus,0.0024165860409153072,3.4823714840307196,D4-deformed-contour-regular-away-W3-v51,checkpoint_5461_parent_v51_finite_cell
5463__x01_t10,5461_FINITE_PROJECTIVE_OWNER_CELL,E02,U024,MC04_SP_DP,B03,7,0,1,RIGHT_CONNECTOR,SIGN_DEFINITE_MONOTONE_PRINCIPAL_SQRT_RECTANGLE_WITH_PARENT_FALLBACK,0.8133221384916984,0.813580794194578,0.0013125,0.00134375,9,x01_t10__finite_projective_depth9,0.030860585379902373,2.424897214496104e-10,True,,,3416.615761345419,0.0004927523525061253,1.1318755630634256,3.482371833045323,34.82971130136066,0,,POINTWISE_SUPREMUM,2.424897214495569e-10,5.350824587452398e-23,0.0,2.7785682000103407,True,True,False,False,False,False,False,E02__U024__RIGHT_CONNECTOR__MINIMUM_CERTIFIED_OUTER_GAP,x01_t10,representative,plus,0.0024166853471856604,3.4823714840307196,D4-deformed-contour-regular-away-W3-v51,checkpoint_5461_parent_v51_finite_cell
5463__x01_t11,5461_FINITE_PROJECTIVE_OWNER_CELL,E02,U024,MC04_SP_DP,B03,7,0,1,RIGHT_CONNECTOR,SIGN_DEFINITE_MONOTONE_PRINCIPAL_SQRT_RECTANGLE_WITH_PARENT_FALLBACK,0.8133221384916984,0.813580794194578,0.00134375,0.001375,9,x01_t11__finite_projective_depth9,0.030860585379902373,2.424897214496104e-10,True,,,3425.1449972862006,0.0004927658288272049,1.1318760614807175,3.482371833045323,34.82516976187248,0,,POINTWISE_SUPREMUM,2.424897214495585e-10,5.1905583437702487e-23,0.0,3.0795133999781683,True,True,False,False,False,False,False,E02__U024__RIGHT_CONNECTOR__MINIMUM_CERTIFIED_OUTER_GAP,x01_t11,representative,plus,0.0024167870895930913,3.4823714840307196,D4-deformed-contour-regular-away-W3-v51,checkpoint_5461_parent_v51_finite_cell
5463__x01_t12,5461_FINITE_PROJECTIVE_OWNER_CELL,E02,U024,MC04_SP_DP,B03,7,0,1,RIGHT_CONNECTOR,SIGN_DEFINITE_MONOTONE_PRINCIPAL_SQRT_RECTANGLE_WITH_PARENT_FALLBACK,0.8133221384916984,0.813580794194578,0.001375,0.00140625,9,x01_t12__finite_projective_depth9,0.030860585379902373,2.424897214496104e-10,True,,,3433.7986913832606,0.000492779627199806,1.1318765725893205,3.482371833045323,34.8205455369333,0,,POINTWISE_SUPREMUM,2.424897214495585e-10,5.1905583437702487e-23,0.0,3.060999100038316,True,True,False,False,False,False,False,E02__U024__RIGHT_CONNECTOR__MINIMUM_CERTIFIED_OUTER_GAP,x01_t12,representative,plus,0.0024168912677652336,3.4823714840307196,D4-deformed-contour-regular-away-W3-v51,checkpoint_5461_parent_v51_finite_cell
5463__x01_t13,5461_FINITE_PROJECTIVE_OWNER_CELL,E02,U024,MC04_SP_DP,B03,7,0,1,RIGHT_CONNECTOR,SIGN_DEFINITE_MONOTONE_PRINCIPAL_SQRT_RECTANGLE_WITH_PARENT_FALLBACK,0.8133221384916984,0.813580794194578,0.00140625,0.0014375,9,x01_t13__finite_projective_depth9,0.030860585379902373,2.424897214496104e-10,True,,,3442.5752004035194,0.0004927937475424899,1.1318770963821985,3.482371833045323,34.81583873285123,0,,POINTWISE_SUPREMUM,2.424897214495585e-10,5.1905583437702487e-23,0.0,2.8096305999788456,True,True,False,False,False,False,False,E02__U024__RIGHT_CONNECTOR__MINIMUM_CERTIFIED_OUTER_GAP,x01_t13,representative,plus,0.002416997881320691,3.4823714840307196,D4-deformed-contour-regular-away-W3-v51,checkpoint_5461_parent_v51_finite_cell
5463__x01_t14,5461_FINITE_PROJECTIVE_OWNER_CELL,E02,U024,MC04_SP_DP,B03,7,0,1,RIGHT_CONNECTOR,SIGN_DEFINITE_MONOTONE_PRINCIPAL_SQRT_RECTANGLE_WITH_PARENT_FALLBACK,0.8133221384916984,0.813580794194578,0.0014375,0.00146875,9,x01_t14__finite_projective_depth9,0.030860585379902373,2.424897214496104e-10,True,,,3451.473005728608,0.0004928081897719363,1.1318776328521534,3.482371833045323,34.81104945811106,0,,POINTWISE_SUPREMUM,2.424897214495585e-10,5.1905583437702487e-23,0.0,3.538034000026528,True,True,False,False,False,False,False,E02__U024__RIGHT_CONNECTOR__MINIMUM_CERTIFIED_OUTER_GAP,x01_t14,representative,plus,0.002417106929869042,3.4823714840307196,D4-deformed-contour-regular-away-W3-v51,checkpoint_5461_parent_v51_finite_cell
5463__x01_t15,5461_FINITE_PROJECTIVE_OWNER_CELL,E02,U024,MC04_SP_DP,B03,7,0,1,RIGHT_CONNECTOR,SIGN_DEFINITE_MONOTONE_PRINCIPAL_SQRT_RECTANGLE_WITH_PARENT_FALLBACK,0.8133221384916984,0.813580794194578,0.00146875,0.0015,9,x01_t15__finite_projective_depth9,0.030860585379902373,2.424897214496104e-10,True,,,3460.490552771737,0.000492822953802945,1.1318781819918262,3.482371833045323,34.80617782336812,0,,POINTWISE_SUPREMUM,2.424897214495585e-10,5.1905583437702487e-23,0.0,2.862149699998554,True,True,False,False,False,False,False,E02__U024__RIGHT_CONNECTOR__MINIMUM_CERTIFIED_OUTER_GAP,x01_t15,representative,plus,0.002417218413010845,3.4823714840307196,D4-deformed-contour-regular-away-W3-v51,checkpoint_5461_parent_v51_finite_cell
5463__x01_t16,5461_FINITE_PROJECTIVE_OWNER_CELL,E02,U024,MC04_SP_DP,B03,7,0,1,RIGHT_CONNECTOR,SIGN_DEFINITE_MONOTONE_PRINCIPAL_SQRT_RECTANGLE_WITH_PARENT_FALLBACK,0.8133221384916984,0.813580794194578,0.0015,0.00153125,9,x01_t16__finite_projective_depth9,0.030860585379902373,2.424897214496104e-10,True,,,3469.6259076775664,0.000492838039548438,1.131878743793697,3.482371833045323,34.80122394144306,0,,POINTWISE_SUPREMUM,2.424897214495585e-10,5.1905583437702487e-23,0.0,2.8760258999536745,True,True,False,False,False,False,False,E02__U024__RIGHT_CONNECTOR__MINIMUM_CERTIFIED_OUTER_GAP,x01_t16,representative,plus,0.0024173323303376486,3.4823714840307196,D4-deformed-contour-regular-away-W3-v51,checkpoint_5461_parent_v51_finite_cell
5463__x01_t17,5461_FINITE_PROJECTIVE_OWNER_CELL,E02,U024,MC04_SP_DP,B03,7,0,1,RIGHT_CONNECTOR,SIGN_DEFINITE_MONOTONE_PRINCIPAL_SQRT_RECTANGLE_WITH_PARENT_FALLBACK,0.8133221384916984,0.813580794194578,0.00153125,0.0015625,9,x01_t17__finite_projective_depth9,0.030860585379902373,2.424897214496104e-10,True,,,3478.8773688824176,0.0004928534469194613,1.1318793182500855,3.482371833045323,34.79618792731531,0,,POINTWISE_SUPREMUM,2.424897214495585e-10,5.1905583437702487e-23,0.0,3.0880188000155613,True,True,False,False,False,False,False,E02__U024__RIGHT_CONNECTOR__MINIMUM_CERTIFIED_OUTER_GAP,x01_t17,representative,plus,0.002417448681431993,3.4823714840307196,D4-deformed-contour-regular-away-W3-v51,checkpoint_5461_parent_v51_finite_cell
5463__x01_t18,5461_FINITE_PROJECTIVE_OWNER_CELL,E02,U024,MC04_SP_DP,B03,7,0,1,RIGHT_CONNECTOR,SIGN_DEFINITE_MONOTONE_PRINCIPAL_SQRT_RECTANGLE_WITH_PARENT_FALLBACK,0.8133221384916984,0.813580794194578,0.0015625,0.0015937500000000001,9,x01_t18__finite_projective_depth9,0.030860585379902373,2.424897214496104e-10,True,,,3488.2432222651732,0.0004928691758251869,1.1318799053531503,3.482371833045323,34.791069898117684,0,,POINTWISE_SUPREMUM,2.424897214495585e-10,5.1905583437702487e-23,0.0,3.137601599970367,True,True,False,False,False,False,False,E02__U024__RIGHT_CONNECTOR__MINIMUM_CERTIFIED_OUTER_GAP,x01_t18,representative,plus,0.002417567465867421,3.4823714840307196,D4-deformed-contour-regular-away-W3-v51,checkpoint_5461_parent_v51_finite_cell
5463__x01_t19,5461_FINITE_PROJECTIVE_OWNER_CELL,E02,U024,MC04_SP_DP,B03,7,0,1,RIGHT_CONNECTOR,SIGN_DEFINITE_MONOTONE_PRINCIPAL_SQRT_RECTANGLE_WITH_PARENT_FALLBACK,0.8133221384916984,0.813580794194578,0.0015937500000000001,0.0016250000000000001,9,x01_t19__finite_projective_depth9,0.030860585379902373,2.424897214496104e-10,True,,,3497.721741928992,0.000492885226172915,1.1318805050948904,3.482371833045323,34.78586997312979,0,,POINTWISE_SUPREMUM,2.424897214495585e-10,5.1905583437702487e-23,0.0,3.3517416999675333,True,True,False,False,False,False,False,E02__U024__RIGHT_CONNECTOR__MINIMUM_CERTIFIED_OUTER_GAP,x01_t19,representative,plus,0.002417688683208481,3.4823714840307196,D4-deformed-contour-regular-away-W3-v51,checkpoint_5461_parent_v51_finite_cell
5463__x01_t20,5461_FINITE_PROJECTIVE_OWNER_CELL,E02,U024,MC04_SP_DP,B03,7,0,1,RIGHT_CONNECTOR,SIGN_DEFINITE_MONOTONE_PRINCIPAL_SQRT_RECTANGLE_WITH_PARENT_FALLBACK,0.8133221384916984,0.813580794194578,0.0016250000000000001,0.0016562500000000002,9,x01_t20__finite_projective_depth9,0.030860585379902373,2.424897214496104e-10,True,,,3507.3111909702334,0.0004929015978680759,1.1318811174671444,3.482371833045323,34.78058827377177,0,,POINTWISE_SUPREMUM,2.424897214495585e-10,5.1905583437702487e-23,0.0,2.9557232999941334,True,True,False,False,False,False,False,E02__U024__RIGHT_CONNECTOR__MINIMUM_CERTIFIED_OUTER_GAP,x01_t20,representative,plus,0.0024178123330107393,3.4823714840307196,D4-deformed-contour-regular-away-W3-v51,checkpoint_5461_parent_v51_finite_cell
5463__x01_t21,5461_FINITE_PROJECTIVE_OWNER_CELL,E02,U024,MC04_SP_DP,B03,7,0,1,RIGHT_CONNECTOR,SIGN_DEFINITE_MONOTONE_PRINCIPAL_SQRT_RECTANGLE_WITH_PARENT_FALLBACK,0.8133221384916984,0.813580794194578,0.0016562500000000002,0.0016875,9,x01_t21__finite_projective_depth9,0.030860585379902373,2.424897214496104e-10,True,,,3517.0098225223032,0.0004929182908142325,1.1318817424615921,3.482371833045323,34.77522492359842,0,,POINTWISE_SUPREMUM,2.424897214495569e-10,5.350824587452398e-23,0.0,3.561113700037822,True,True,False,False,False,False,False,E02__U024__RIGHT_CONNECTOR__MINIMUM_CERTIFIED_OUTER_GAP,x01_t21,representative,plus,0.0024179384148207803,3.4823714840307196,D4-deformed-contour-regular-away-W3-v51,checkpoint_5461_parent_v51_finite_cell
5463__x01_t22,5461_FINITE_PROJECTIVE_OWNER_CELL,E02,U024,MC04_SP_DP,B03,7,0,1,RIGHT_CONNECTOR,SIGN_DEFINITE_MONOTONE_PRINCIPAL_SQRT_RECTANGLE_WITH_PARENT_FALLBACK,0.8133221384916984,0.813580794194578,0.0016875,0.00171875,9,x01_t22__finite_projective_depth9,0.030860585379902373,2.424897214496104e-10,True,,,3526.825276617688,0.0004929353049130817,1.1318823800697535,3.482371833045323,34.769780048292134,0,,POINTWISE_SUPREMUM,2.424897214495585e-10,5.1905583437702487e-23,0.0,4.0683482000022195,True,True,False,False,False,False,False,E02__U024__RIGHT_CONNECTOR__MINIMUM_CERTIFIED_OUTER_GAP,x01_t22,representative,plus,0.002418066928176219,3.4823714840307196,D4-deformed-contour-regular-away-W3-v51,checkpoint_5461_parent_v51_finite_cell
5463__x01_t23,5461_FINITE_PROJECTIVE_OWNER_CELL,E02,U024,MC04_SP_DP,B03,7,0,1,RIGHT_CONNECTOR,SIGN_DEFINITE_MONOTONE_PRINCIPAL_SQRT_RECTANGLE_WITH_PARENT_FALLBACK,0.8133221384916984,0.813580794194578,0.00171875,0.00175,9,x01_t23__finite_projective_depth9,0.030860585379902373,2.424897214496104e-10,True,,,3536.7523474399686,0.0004929526400644576,1.1318830302829899,3.482371833045323,34.76425377565668,0,,POINTWISE_SUPREMUM,2.424897214495585e-10,5.1905583437702487e-23,0.0,3.452578500029631,True,True,False,False,False,False,False,E02__U024__RIGHT_CONNECTOR__MINIMUM_CERTIFIED_OUTER_GAP,x01_t23,representative,plus,0.002418197872605706,3.4823714840307196,D4-deformed-contour-regular-away-W3-v51,checkpoint_5461_parent_v51_finite_cell
5463__x01_t24,5461_FINITE_PROJECTIVE_OWNER_CELL,E02,U024,MC04_SP_DP,B03,7,0,1,RIGHT_CONNECTOR,SIGN_DEFINITE_MONOTONE_PRINCIPAL_SQRT_RECTANGLE_WITH_PARENT_FALLBACK,0.8133221384916984,0.813580794194578,0.00175,0.00178125,9,x01_t24__finite_projective_depth9,0.030860585379902373,2.424897214496104e-10,True,,,3546.7855507659024,0.000492970296166333,1.1318836930925034,3.482371833045323,34.758646235610335,0,,POINTWISE_SUPREMUM,2.424897214495585e-10,5.1905583437702487e-23,0.0,3.4783611000166275,True,True,False,False,False,False,False,E02__U024__RIGHT_CONNECTOR__MINIMUM_CERTIFIED_OUTER_GAP,x01_t24,representative,plus,0.002418331247628937,3.4823714840307196,D4-deformed-contour-regular-away-W3-v51,checkpoint_5461_parent_v51_finite_cell
5463__x01_t25,5461_FINITE_PROJECTIVE_OWNER_CELL,E02,U024,MC04_SP_DP,B03,7,0,1,RIGHT_CONNECTOR,SIGN_DEFINITE_MONOTONE_PRINCIPAL_SQRT_RECTANGLE_WITH_PARENT_FALLBACK,0.8133221384916984,0.813580794194578,0.00178125,0.0018125,9,x01_t25__finite_projective_depth9,0.030860585379902373,2.424897214496104e-10,True,,,3556.924014666171,0.0004929882731148224,1.131884368489338,3.482371833045323,34.752957560179176,0,,POINTWISE_SUPREMUM,2.424897214495585e-10,5.1905583437702487e-23,0.0,3.8887315999600105,True,True,False,False,False,False,False,E02__U024__RIGHT_CONNECTOR__MINIMUM_CERTIFIED_OUTER_GAP,x01_t25,representative,plus,0.0024184670527566563,3.4823714840307196,D4-deformed-contour-regular-away-W3-v51,checkpoint_5461_parent_v51_finite_cell
5463__x01_t26,5461_FINITE_PROJECTIVE_OWNER_CELL,E02,U024,MC04_SP_DP,B03,7,0,1,RIGHT_CONNECTOR,SIGN_DEFINITE_MONOTONE_PRINCIPAL_SQRT_RECTANGLE_WITH_PARENT_FALLBACK,0.8133221384916984,0.813580794194578,0.0018125,0.00184375,9,x01_t26__finite_projective_depth9,0.030860585379902373,2.424897214496104e-10,True,,,3567.1633845318734,0.0004930065708041833,1.13188505646438,3.482371833045323,34.74718788349019,0,,POINTWISE_SUPREMUM,2.424897214495569e-10,5.350824587452398e-23,0.0,3.373493699997198,True,True,False,False,False,False,False,E02__U024__RIGHT_CONNECTOR__MINIMUM_CERTIFIED_OUTER_GAP,x01_t26,representative,plus,0.0024186052874906696,3.4823714840307196,D4-deformed-contour-regular-away-W3-v51,checkpoint_5461_parent_v51_finite_cell
5463__x01_t27,5461_FINITE_PROJECTIVE_OWNER_CELL,E02,U024,MC04_SP_DP,B03,7,0,1,RIGHT_CONNECTOR,SIGN_DEFINITE_MONOTONE_PRINCIPAL_SQRT_RECTANGLE_WITH_PARENT_FALLBACK,0.8133221384916984,0.813580794194578,0.00184375,0.001875,9,x01_t27__finite_projective_depth9,0.030860585379902373,2.424897214496104e-10,True,,,3577.501864411222,0.0004930251891268197,1.1318857570083578,3.482371833045323,34.74133734176404,0,,POINTWISE_SUPREMUM,2.424897214495585e-10,5.1905583437702487e-23,0.0,3.9559143999940716,True,True,False,False,False,False,False,E02__U024__RIGHT_CONNECTOR__MINIMUM_CERTIFIED_OUTER_GAP,x01_t27,representative,plus,0.002418745951323849,3.4823714840307196,D4-deformed-contour-regular-away-W3-v51,checkpoint_5461_parent_v51_finite_cell
5463__x01_t28,5461_FINITE_PROJECTIVE_OWNER_CELL,E02,U024,MC04_SP_DP,B03,7,0,1,RIGHT_CONNECTOR,SIGN_DEFINITE_MONOTONE_PRINCIPAL_SQRT_RECTANGLE_WITH_PARENT_FALLBACK,0.8133221384916984,0.813580794194578,0.001875,0.00190625,9,x01_t28__finite_projective_depth9,0.030860585379902373,2.424897214496104e-10,True,,,3587.9376530114605,0.0004930441279732838,1.1318864701118418,3.482371833045323,34.735406073308305,0,,POINTWISE_SUPREMUM,2.424897214495585e-10,5.1905583437702487e-23,0.0,3.970037399965804,True,True,False,False,False,False,False,E02__U024__RIGHT_CONNECTOR__MINIMUM_CERTIFIED_OUTER_GAP,x01_t28,representative,plus,0.002418889043740142,3.4823714840307196,D4-deformed-contour-regular-away-W3-v51,checkpoint_5461_parent_v51_finite_cell
5463__x01_t29,5461_FINITE_PROJECTIVE_OWNER_CELL,E02,U024,MC04_SP_DP,B03,7,0,1,RIGHT_CONNECTOR,SIGN_DEFINITE_MONOTONE_PRINCIPAL_SQRT_RECTANGLE_WITH_PARENT_FALLBACK,0.8133221384916984,0.813580794194578,0.00190625,0.0019375,9,x01_t29__finite_projective_depth9,0.030860585379902373,2.424897214496104e-10,True,,,3598.468944341941,0.0004930633872322787,1.1318871957652459,3.482371833045323,34.72939421850982,0,,POINTWISE_SUPREMUM,2.424897214495585e-10,5.1905583437702487e-23,0.0,4.05827830004273,True,True,False,False,False,False,False,E02__U024__RIGHT_CONNECTOR__MINIMUM_CERTIFIED_OUTER_GAP,x01_t29,representative,plus,0.0024190345642145796,3.4823714840307196,D4-deformed-contour-regular-away-W3-v51,checkpoint_5461_parent_v51_finite_cell
5463__x01_t30,5461_FINITE_PROJECTIVE_OWNER_CELL,E02,U024,MC04_SP_DP,B03,7,0,1,RIGHT_CONNECTOR,SIGN_DEFINITE_MONOTONE_PRINCIPAL_SQRT_RECTANGLE_WITH_PARENT_FALLBACK,0.8133221384916984,0.813580794194578,0.0019375,0.00196875,9,x01_t30__finite_projective_depth9,0.030860585379902373,2.424897214496104e-10,True,,,3609.0939283405296,0.0004930829667906609,1.131887933958827,3.482371833045323,34.72330191982771,0,,POINTWISE_SUPREMUM,2.424897214495585e-10,5.1905583437702487e-23,0.0,3.3547398000373505,True,True,False,False,False,False,False,E02__U024__RIGHT_CONNECTOR__MINIMUM_CERTIFIED_OUTER_GAP,x01_t30,representative,plus,0.0024191825122132833,3.4823714840307196,D4-deformed-contour-regular-away-W3-v51,checkpoint_5461_parent_v51_finite_cell
5463__x01_t31,5461_FINITE_PROJECTIVE_OWNER_CELL,E02,U024,MC04_SP_DP,B03,7,0,1,RIGHT_CONNECTOR,SIGN_DEFINITE_MONOTONE_PRINCIPAL_SQRT_RECTANGLE_WITH_PARENT_FALLBACK,0.8133221384916984,0.813580794194578,0.00196875,0.002,9,x01_t31__finite_projective_depth9,0.030860585379902373,2.424897214496104e-10,True,,,3619.810791485196,0.0004931028665334429,1.1318886846826859,3.482371833045323,34.71712932178568,0,,POINTWISE_SUPREMUM,2.424897214495585e-10,5.1905583437702487e-23,0.0,3.545253499993123,True,True,False,False,False,False,False,E02__U024__RIGHT_CONNECTOR__MINIMUM_CERTIFIED_OUTER_GAP,x01_t31,representative,plus,0.0024193328871934764,3.4823714840307196,D4-deformed-contour-regular-away-W3-v51,checkpoint_5461_parent_v51_finite_cell
5463__x02_t00,5461_FINITE_PROJECTIVE_OWNER_CELL,E02,U024,MC04_SP_DP,B03,7,0,1,RIGHT_CONNECTOR,SIGN_DEFINITE_MONOTONE_PRINCIPAL_SQRT_RECTANGLE_WITH_PARENT_FALLBACK,0.813580794194578,0.8138394498974575,0.001,0.00103125,9,x02_t00__finite_projective_depth9,0.030860585379902373,2.424897214496104e-10,True,,,4026.6086677221165,0.00048710048950633095,1.1309692415558228,3.4850320216461887,34.35099750457548,0,,POINTWISE_SUPREMUM,2.424897214495585e-10,5.1905583437702487e-23,0.0,3.44299479998881,True,True,False,False,False,False,False,E02__U024__RIGHT_CONNECTOR__MINIMUM_CERTIFIED_OUTER_GAP,x02_t00,representative,plus,0.00238634468414677,3.4850316723639603,D4-deformed-contour-regular-away-W3-v51,checkpoint_5461_parent_v51_finite_cell
5463__x02_t01,5461_FINITE_PROJECTIVE_OWNER_CELL,E02,U024,MC04_SP_DP,B03,7,0,1,RIGHT_CONNECTOR,SIGN_DEFINITE_MONOTONE_PRINCIPAL_SQRT_RECTANGLE_WITH_PARENT_FALLBACK,0.813580794194578,0.8138394498974575,0.00103125,0.0010625,9,x02_t01__finite_projective_depth9,0.030860585379902373,2.424897214496104e-10,True,,,4035.449036813942,0.0004871108398017008,1.1309696234152755,3.4850320216461887,34.34716432871503,0,,POINTWISE_SUPREMUM,2.424897214495585e-10,5.1905583437702487e-23,0.0,3.565881900023669,True,True,False,False,False,False,False,E02__U024__RIGHT_CONNECTOR__MINIMUM_CERTIFIED_OUTER_GAP,x02_t01,representative,plus,0.0023864228281446995,3.4850316723639603,D4-deformed-contour-regular-away-W3-v51,checkpoint_5461_parent_v51_finite_cell
5463__x02_t02,5461_FINITE_PROJECTIVE_OWNER_CELL,E02,U024,MC04_SP_DP,B03,7,0,1,RIGHT_CONNECTOR,SIGN_DEFINITE_MONOTONE_PRINCIPAL_SQRT_RECTANGLE_WITH_PARENT_FALLBACK,0.813580794194578,0.8138394498974575,0.0010625,0.00109375,9,x02_t02__finite_projective_depth9,0.030860585379902373,2.424897214496104e-10,True,,,4044.4605001342807,0.00048712151597121543,1.130970018369963,3.4850320216461887,34.34324463938357,0,,POINTWISE_SUPREMUM,2.424897214495585e-10,5.1905583437702487e-23,0.0,3.5314295000280254,True,True,False,False,False,False,False,E02__U024__RIGHT_CONNECTOR__MINIMUM_CERTIFIED_OUTER_GAP,x02_t02,representative,plus,0.002386503435970966,3.4850316723639603,D4-deformed-contour-regular-away-W3-v51,checkpoint_5461_parent_v51_finite_cell
5463__x02_t03,5461_FINITE_PROJECTIVE_OWNER_CELL,E02,U024,MC04_SP_DP,B03,7,0,1,RIGHT_CONNECTOR,SIGN_DEFINITE_MONOTONE_PRINCIPAL_SQRT_RECTANGLE_WITH_PARENT_FALLBACK,0.813580794194578,0.8138394498974575,0.00109375,0.0011250000000000001,9,x02_t03__finite_projective_depth9,0.030860585379902373,2.424897214496104e-10,True,,,4053.6412502120484,0.00048713251795043144,1.1309704264142133,3.4850320216461887,34.33923852618737,0,,POINTWISE_SUPREMUM,2.424897214495585e-10,5.1905583437702487e-23,0.0,3.3146934999967925,True,True,False,False,False,False,False,E02__U024__RIGHT_CONNECTOR__MINIMUM_CERTIFIED_OUTER_GAP,x02_t03,representative,plus,0.002386586507326073,3.4850316723639603,D4-deformed-contour-regular-away-W3-v51,checkpoint_5461_parent_v51_finite_cell
5463__x02_t04,5461_FINITE_PROJECTIVE_OWNER_CELL,E02,U024,MC04_SP_DP,B03,7,0,1,RIGHT_CONNECTOR,SIGN_DEFINITE_MONOTONE_PRINCIPAL_SQRT_RECTANGLE_WITH_PARENT_FALLBACK,0.813580794194578,0.8138394498974575,0.0011250000000000001,0.00115625,9,x02_t04__finite_projective_depth9,0.030860585379902373,2.424897214496104e-10,True,,,4062.989449114702,0.00048714384567294887,1.1309708475421827,3.4850320216461887,34.33514608110219,0,,POINTWISE_SUPREMUM,2.424897214495569e-10,5.350824587452398e-23,0.0,3.7668791000032797,True,True,False,False,False,False,False,E02__U024__RIGHT_CONNECTOR__MINIMUM_CERTIFIED_OUTER_GAP,x02_t04,representative,plus,0.0023866720419011785,3.4850316723639603,D4-deformed-contour-regular-away-W3-v51,checkpoint_5461_parent_v51_finite_cell
5463__x02_t05,5461_FINITE_PROJECTIVE_OWNER_CELL,E02,U024,MC04_SP_DP,B03,7,0,1,RIGHT_CONNECTOR,SIGN_DEFINITE_MONOTONE_PRINCIPAL_SQRT_RECTANGLE_WITH_PARENT_FALLBACK,0.813580794194578,0.8138394498974575,0.00115625,0.0011875,9,x02_t05__finite_projective_depth9,0.030860585379902373,2.424897214496104e-10,True,,,4072.5032295765754,0.0004871554990704129,1.1309712817478568,3.4850320216461887,34.33096739846795,0,,POINTWISE_SUPREMUM,2.424897214495585e-10,5.1905583437702487e-23,0.0,3.3467457000515424,True,True,False,False,False,False,False,E02__U024__RIGHT_CONNECTOR__MINIMUM_CERTIFIED_OUTER_GAP,x02_t05,representative,plus,0.002386760039378089,3.4850316723639603,D4-deformed-contour-regular-away-W3-v51,checkpoint_5461_parent_v51_finite_cell
5463__x02_t06,5461_FINITE_PROJECTIVE_OWNER_CELL,E02,U024,MC04_SP_DP,B03,7,0,1,RIGHT_CONNECTOR,SIGN_DEFINITE_MONOTONE_PRINCIPAL_SQRT_RECTANGLE_WITH_PARENT_FALLBACK,0.813580794194578,0.8138394498974575,0.0011875,0.00121875,9,x02_t06__finite_projective_depth9,0.030860585379902373,2.424897214496104e-10,True,,,4082.180696123465,0.000487167478072515,1.1309717290250496,3.4850320216461887,34.32670257498406,0,,POINTWISE_SUPREMUM,2.424897214495585e-10,5.1905583437702487e-23,0.0,4.094602299970575,True,True,False,False,False,False,False,E02__U024__RIGHT_CONNECTOR__MINIMUM_CERTIFIED_OUTER_GAP,x02_t06,representative,plus,0.0023868504994292708,3.4850316723639603,D4-deformed-contour-regular-away-W3-v51,checkpoint_5461_parent_v51_finite_cell
5463__x02_t07,5461_FINITE_PROJECTIVE_OWNER_CELL,E02,U024,MC04_SP_DP,B03,7,0,1,RIGHT_CONNECTOR,SIGN_DEFINITE_MONOTONE_PRINCIPAL_SQRT_RECTANGLE_WITH_PARENT_FALLBACK,0.813580794194578,0.8138394498974575,0.00121875,0.00125,9,x02_t07__finite_projective_depth9,0.030860585379902373,2.424897214496104e-10,True,,,4092.0199261942116,0.0004871797826069952,1.1309721893674043,3.4850320216461887,34.32235170970427,0,,POINTWISE_SUPREMUM,2.424897214495585e-10,5.1905583437702487e-23,0.0,3.9426107000326738,True,True,False,False,False,False,False,E02__U024__RIGHT_CONNECTOR__MINIMUM_CERTIFIED_OUTER_GAP,x02_t07,representative,plus,0.0023869434217178545,3.4850316723639603,D4-deformed-contour-regular-away-W3-v51,checkpoint_5461_parent_v51_finite_cell
5463__x02_t08,5461_FINITE_PROJECTIVE_OWNER_CELL,E02,U024,MC04_SP_DP,B03,7,0,1,RIGHT_CONNECTOR,SIGN_DEFINITE_MONOTONE_PRINCIPAL_SQRT_RECTANGLE_WITH_PARENT_FALLBACK,0.813580794194578,0.8138394498974575,0.00125,0.00128125,9,x02_t08__finite_projective_depth9,0.030860585379902373,2.424897214496104e-10,True,,,4102.0189713818,0.0004871924125996431,1.1309726627683936,3.4850320216461887,34.317914902987525,0,,POINTWISE_SUPREMUM,2.424897214495585e-10,5.1905583437702487e-23,0.0,3.8483566000359133,True,True,False,False,False,False,False,E02__U024__RIGHT_CONNECTOR__MINIMUM_CERTIFIED_OUTER_GAP,x02_t08,representative,plus,0.0023870388058976396,3.4850316723639603,D4-deformed-contour-regular-away-W3-v51,checkpoint_5461_parent_v51_finite_cell
5463__x02_t09,5461_FINITE_PROJECTIVE_OWNER_CELL,E02,U024,MC04_SP_DP,B03,7,0,1,RIGHT_CONNECTOR,SIGN_DEFINITE_MONOTONE_PRINCIPAL_SQRT_RECTANGLE_WITH_PARENT_FALLBACK,0.813580794194578,0.8138394498974575,0.00128125,0.0013125,9,x02_t09__finite_projective_depth9,0.030860585379902373,2.424897214496104e-10,True,,,4112.175859447727,0.00048720536797430006,1.1309731492213195,3.4850320216461887,34.31339224895548,0,,POINTWISE_SUPREMUM,2.424897214495585e-10,5.1905583437702487e-23,0.0,3.5364072000375018,True,True,False,False,False,False,False,E02__U024__RIGHT_CONNECTOR__MINIMUM_CERTIFIED_OUTER_GAP,x02_t09,representative,plus,0.0023871366516130996,3.4850316723639603,D4-deformed-contour-regular-away-W3-v51,checkpoint_5461_parent_v51_finite_cell
5463__x02_t10,5461_FINITE_PROJECTIVE_OWNER_CELL,E02,U024,MC04_SP_DP,B03,7,0,1,RIGHT_CONNECTOR,SIGN_DEFINITE_MONOTONE_PRINCIPAL_SQRT_RECTANGLE_WITH_PARENT_FALLBACK,0.813580794194578,0.8138394498974575,0.0013125,0.00134375,9,x02_t10__finite_projective_depth9,0.030860585379902373,2.424897214496104e-10,True,,,4122.488592036348,0.00048721864865286074,1.1309736487193145,3.4850320216461887,34.308783863792996,0,,POINTWISE_SUPREMUM,2.424897214495569e-10,5.350824587452398e-23,0.0,3.292569999990519,True,True,False,False,False,False,False,E02__U024__RIGHT_CONNECTOR__MINIMUM_CERTIFIED_OUTER_GAP,x02_t10,representative,plus,0.0023872369584993897,3.4850316723639603,D4-deformed-contour-regular-away-W3-v51,checkpoint_5461_parent_v51_finite_cell
5463__x02_t11,5461_FINITE_PROJECTIVE_OWNER_CELL,E02,U024,MC04_SP_DP,B03,7,0,1,RIGHT_CONNECTOR,SIGN_DEFINITE_MONOTONE_PRINCIPAL_SQRT_RECTANGLE_WITH_PARENT_FALLBACK,0.813580794194578,0.8138394498974575,0.00134375,0.001375,9,x02_t11__finite_projective_depth9,0.030860585379902373,2.424897214496104e-10,True,,,4132.9551493530125,0.00048723225455527496,1.1309741612553403,3.4850320216461887,34.304089855916025,0,,POINTWISE_SUPREMUM,2.424897214495585e-10,5.1905583437702487e-23,0.0,3.281113200006075,True,True,False,False,False,False,False,E02__U024__RIGHT_CONNECTOR__MINIMUM_CERTIFIED_OUTER_GAP,x02_t11,representative,plus,0.0023873397261823504,3.4850316723639603,D4-deformed-contour-regular-away-W3-v51,checkpoint_5461_parent_v51_finite_cell
5463__x02_t12,5461_FINITE_PROJECTIVE_OWNER_CELL,E02,U024,MC04_SP_DP,B03,7,0,1,RIGHT_CONNECTOR,SIGN_DEFINITE_MONOTONE_PRINCIPAL_SQRT_RECTANGLE_WITH_PARENT_FALLBACK,0.813580794194578,0.8138394498974575,0.001375,0.00140625,9,x02_t12__finite_projective_depth9,0.030860585379902373,2.424897214496104e-10,True,,,4143.573490051809,0.00048724618559954955,1.1309746868221897,3.4850320216461887,34.29931033606704,0,,POINTWISE_SUPREMUM,2.424897214495585e-10,5.1905583437702487e-23,0.0,3.8007015000330284,True,True,False,False,False,False,False,E02__U024__RIGHT_CONNECTOR__MINIMUM_CERTIFIED_OUTER_GAP,x02_t12,representative,plus,0.002387444954278514,3.4850316723639603,D4-deformed-contour-regular-away-W3-v51,checkpoint_5461_parent_v51_finite_cell
5463__x02_t13,5461_FINITE_PROJECTIVE_OWNER_CELL,E02,U024,MC04_SP_DP,B03,7,0,1,RIGHT_CONNECTOR,SIGN_DEFINITE_MONOTONE_PRINCIPAL_SQRT_RECTANGLE_WITH_PARENT_FALLBACK,0.813580794194578,0.8138394498974575,0.00140625,0.0014375,9,x02_t13__finite_projective_depth9,0.030860585379902373,2.424897214496104e-10,True,,,4154.341553565276,0.00048726044170175015,1.1309752254124856,3.4850320216461887,34.29444541730899,0,,POINTWISE_SUPREMUM,2.424897214495585e-10,5.1905583437702487e-23,0.0,3.918512199947145,True,True,False,False,False,False,False,E02__U024__RIGHT_CONNECTOR__MINIMUM_CERTIFIED_OUTER_GAP,x02_t13,representative,plus,0.002387552642395114,3.4850316723639603,D4-deformed-contour-regular-away-W3-v51,checkpoint_5461_parent_v51_finite_cell
5463__x02_t14,5461_FINITE_PROJECTIVE_OWNER_CELL,E02,U024,MC04_SP_DP,B03,7,0,1,RIGHT_CONNECTOR,SIGN_DEFINITE_MONOTONE_PRINCIPAL_SQRT_RECTANGLE_WITH_PARENT_FALLBACK,0.813580794194578,0.8138394498974575,0.0014375,0.00146875,9,x02_t14__finite_projective_depth9,0.030860585379902373,2.424897214496104e-10,True,,,4165.25774078428,0.0004872750227760034,1.130975777018682,3.4850320216461887,34.289495215019116,0,,POINTWISE_SUPREMUM,2.424897214495585e-10,5.1905583437702487e-23,0.0,6.313600499997847,True,True,False,False,False,False,False,E02__U024__RIGHT_CONNECTOR__MINIMUM_CERTIFIED_OUTER_GAP,x02_t14,representative,plus,0.002387662790130086,3.4850316723639603,D4-deformed-contour-regular-away-W3-v51,checkpoint_5461_parent_v51_finite_cell
5463__x02_t15,5461_FINITE_PROJECTIVE_OWNER_CELL,E02,U024,MC04_SP_DP,B03,7,0,1,RIGHT_CONNECTOR,SIGN_DEFINITE_MONOTONE_PRINCIPAL_SQRT_RECTANGLE_WITH_PARENT_FALLBACK,0.813580794194578,0.8138394498974575,0.00146875,0.0015,9,x02_t15__finite_projective_depth9,0.030860585379902373,2.424897214496104e-10,True,,,4176.319485826833,0.0004872899287344986,1.130976341633064,3.4850320216461887,34.28445984688296,0,,POINTWISE_SUPREMUM,2.424897214495585e-10,5.1905583437702487e-23,0.0,4.321830999979284,True,True,False,False,False,False,False,E02__U024__RIGHT_CONNECTOR__MINIMUM_CERTIFIED_OUTER_GAP,x02_t15,representative,plus,0.0023877753970720787,3.4850316723639603,D4-deformed-contour-regular-away-W3-v51,checkpoint_5461_parent_v51_finite_cell
5463__x02_t16,5461_FINITE_PROJECTIVE_OWNER_CELL,E02,U024,MC04_SP_DP,B03,7,0,1,RIGHT_CONNECTOR,SIGN_DEFINITE_MONOTONE_PRINCIPAL_SQRT_RECTANGLE_WITH_PARENT_FALLBACK,0.813580794194578,0.8138394498974575,0.0015,0.00153125,9,x02_t16__finite_projective_depth9,0.030860585379902373,2.424897214496104e-10,True,,,4187.524671468173,0.00048730515948748994,1.1309769192477483,3.4850320216461887,34.27933943288789,0,,POINTWISE_SUPREMUM,2.424897214495585e-10,5.1905583437702487e-23,0.0,4.53141619998496,True,True,False,False,False,False,False,E02__U024__RIGHT_CONNECTOR__MINIMUM_CERTIFIED_OUTER_GAP,x02_t16,representative,plus,0.0023878904628004596,3.4850316723639603,D4-deformed-contour-regular-away-W3-v51,checkpoint_5461_parent_v51_finite_cell
5463__x02_t17,5461_FINITE_PROJECTIVE_OWNER_CELL,E02,U024,MC04_SP_DP,B03,7,0,1,RIGHT_CONNECTOR,SIGN_DEFINITE_MONOTONE_PRINCIPAL_SQRT_RECTANGLE_WITH_PARENT_FALLBACK,0.813580794194578,0.8138394498974575,0.00153125,0.0015625,9,x02_t17__finite_projective_depth9,0.030860585379902373,2.424897214496104e-10,True,,,4198.871164136034,0.0004873207149432986,1.1309775098546828,3.4850320216461887,34.2741340953168,0,,POINTWISE_SUPREMUM,2.424897214495585e-10,5.1905583437702487e-23,0.0,5.5237191000487655,True,True,False,False,False,False,False,E02__U024__RIGHT_CONNECTOR__MINIMUM_CERTIFIED_OUTER_GAP,x02_t17,representative,plus,0.002388007986885319,3.4850316723639603,D4-deformed-contour-regular-away-W3-v51,checkpoint_5461_parent_v51_finite_cell
5463__x02_t18,5461_FINITE_PROJECTIVE_OWNER_CELL,E02,U024,MC04_SP_DP,B03,7,0,1,RIGHT_CONNECTOR,SIGN_DEFINITE_MONOTONE_PRINCIPAL_SQRT_RECTANGLE_WITH_PARENT_FALLBACK,0.813580794194578,0.8138394498974575,0.0015625,0.0015937500000000001,9,x02_t18__finite_projective_depth9,0.030860585379902373,2.424897214496104e-10,True,,,4210.356814915831,0.00048733659500831464,1.130978113445648,3.4850320216461887,34.268843958741286,0,,POINTWISE_SUPREMUM,2.424897214495585e-10,5.1905583437702487e-23,0.0,4.842963799950667,True,True,False,False,False,False,False,E02__U024__RIGHT_CONNECTOR__MINIMUM_CERTIFIED_OUTER_GAP,x02_t18,representative,plus,0.0023881279688874797,3.4850316723639603,D4-deformed-contour-regular-away-W3-v51,checkpoint_5461_parent_v51_finite_cell
5463__x02_t19,5461_FINITE_PROJECTIVE_OWNER_CELL,E02,U024,MC04_SP_DP,B03,7,0,1,RIGHT_CONNECTOR,SIGN_DEFINITE_MONOTONE_PRINCIPAL_SQRT_RECTANGLE_WITH_PARENT_FALLBACK,0.813580794194578,0.8138394498974575,0.0015937500000000001,0.0016250000000000001,9,x02_t19__finite_projective_depth9,0.030860585379902373,2.424897214496104e-10,True,,,4221.979460539296,0.0004873527995869994,1.130978730012256,3.4850320216461887,34.26346915001528,0,,POINTWISE_SUPREMUM,2.424897214495585e-10,5.1905583437702487e-23,0.0,5.541537099983543,True,True,False,False,False,False,False,E02__U024__RIGHT_CONNECTOR__MINIMUM_CERTIFIED_OUTER_GAP,x02_t19,representative,plus,0.002388250408358505,3.4850316723639603,D4-deformed-contour-regular-away-W3-v51,checkpoint_5461_parent_v51_finite_cell
5463__x02_t20,5461_FINITE_PROJECTIVE_OWNER_CELL,E02,U024,MC04_SP_DP,B03,7,0,1,RIGHT_CONNECTOR,SIGN_DEFINITE_MONOTONE_PRINCIPAL_SQRT_RECTANGLE_WITH_PARENT_FALLBACK,0.813580794194578,0.8138394498974575,0.0016250000000000001,0.0016562500000000002,9,x02_t20__finite_projective_depth9,0.030860585379902373,2.424897214496104e-10,True,,,4233.736924357316,0.0004873693285818876,1.1309793595459523,3.4850320216461887,34.258009798268155,0,,POINTWISE_SUPREMUM,2.424897214495585e-10,5.1905583437702487e-23,0.0,6.453536299988627,True,True,False,False,False,False,False,E02__U024__RIGHT_CONNECTOR__MINIMUM_CERTIFIED_OUTER_GAP,x02_t20,representative,plus,0.002388375304840704,3.4850316723639603,D4-deformed-contour-regular-away-W3-v51,checkpoint_5461_parent_v51_finite_cell
5463__x02_t21,5461_FINITE_PROJECTIVE_OWNER_CELL,E02,U024,MC04_SP_DP,B03,7,0,1,RIGHT_CONNECTOR,SIGN_DEFINITE_MONOTONE_PRINCIPAL_SQRT_RECTANGLE_WITH_PARENT_FALLBACK,0.813580794194578,0.8138394498974575,0.0016562500000000002,0.0016875,9,x02_t21__finite_projective_depth9,0.030860585379902373,2.424897214496104e-10,True,,,4245.627047918014,0.0004873861818935895,1.1309800020380145,3.4850320216461887,34.252466034897736,0,,POINTWISE_SUPREMUM,2.424897214495569e-10,5.350824587452398e-23,0.0,5.0072650000220165,True,True,False,False,False,False,False,E02__U024__RIGHT_CONNECTOR__MINIMUM_CERTIFIED_OUTER_GAP,x02_t21,representative,plus,0.002388502657867139,3.4850316723639603,D4-deformed-contour-regular-away-W3-v51,checkpoint_5461_parent_v51_finite_cell
5463__x02_t22,5461_FINITE_PROJECTIVE_OWNER_CELL,E02,U024,MC04_SP_DP,B03,7,0,1,RIGHT_CONNECTOR,SIGN_DEFINITE_MONOTONE_PRINCIPAL_SQRT_RECTANGLE_WITH_PARENT_FALLBACK,0.813580794194578,0.8138394498974575,0.0016875,0.00171875,9,x02_t22__finite_projective_depth9,0.030860585379902373,2.424897214496104e-10,True,,,4257.64760341553,0.0004874033594207934,1.1309806574795538,3.4850320216461887,34.246837993563084,0,,POINTWISE_SUPREMUM,2.424897214495585e-10,5.1905583437702487e-23,0.0,4.736886799975764,True,True,False,False,False,False,False,E02__U024__RIGHT_CONNECTOR__MINIMUM_CERTIFIED_OUTER_GAP,x02_t22,representative,plus,0.0023886324669616346,3.4850316723639603,D4-deformed-contour-regular-away-W3-v51,checkpoint_5461_parent_v51_finite_cell
5463__x02_t23,5461_FINITE_PROJECTIVE_OWNER_CELL,E02,U024,MC04_SP_DP,B03,7,0,1,RIGHT_CONNECTOR,SIGN_DEFINITE_MONOTONE_PRINCIPAL_SQRT_RECTANGLE_WITH_PARENT_FALLBACK,0.813580794194578,0.8138394498974575,0.00171875,0.00175,9,x02_t23__finite_projective_depth9,0.030860585379902373,2.424897214496104e-10,True,,,4269.79637648772,0.0004874208610602677,1.130981325861515,3.4850320216461887,34.24112581017755,0,,POINTWISE_SUPREMUM,2.424897214495585e-10,5.1905583437702487e-23,0.0,4.303721099975519,True,True,False,False,False,False,False,E02__U024__RIGHT_CONNECTOR__MINIMUM_CERTIFIED_OUTER_GAP,x02_t23,representative,plus,0.002388764731638782,3.4850316723639603,D4-deformed-contour-regular-away-W3-v51,checkpoint_5461_parent_v51_finite_cell
5463__x02_t24,5461_FINITE_PROJECTIVE_OWNER_CELL,E02,U024,MC04_SP_DP,B03,7,0,1,RIGHT_CONNECTOR,SIGN_DEFINITE_MONOTONE_PRINCIPAL_SQRT_RECTANGLE_WITH_PARENT_FALLBACK,0.813580794194578,0.8138394498974575,0.00175,0.00178125,9,x02_t24__finite_projective_depth9,0.030860585379902373,2.424897214496104e-10,True,,,4282.082904116669,0.00048743868670686355,1.1309820071746763,3.4850320216461887,34.2353296229017,0,,POINTWISE_SUPREMUM,2.424897214495585e-10,5.1905583437702487e-23,0.0,5.520998099993449,True,True,False,False,False,False,False,E02__U024__RIGHT_CONNECTOR__MINIMUM_CERTIFIED_OUTER_GAP,x02_t24,representative,plus,0.002388899451403953,3.4850316723639603,D4-deformed-contour-regular-away-W3-v51,checkpoint_5461_parent_v51_finite_cell
5463__x02_t25,5461_FINITE_PROJECTIVE_OWNER_CELL,E02,U024,MC04_SP_DP,B03,7,0,1,RIGHT_CONNECTOR,SIGN_DEFINITE_MONOTONE_PRINCIPAL_SQRT_RECTANGLE_WITH_PARENT_FALLBACK,0.813580794194578,0.8138394498974575,0.00178125,0.0018125,9,x02_t25__finite_projective_depth9,0.030860585379902373,2.424897214496104e-10,True,,,4294.500053246265,0.00048745683625351705,1.1309827014096507,3.4850320216461887,34.22944957213521,0,,POINTWISE_SUPREMUM,2.424897214495585e-10,5.1905583437702487e-23,0.0,5.967630199971609,True,True,False,False,False,False,False,E02__U024__RIGHT_CONNECTOR__MINIMUM_CERTIFIED_OUTER_GAP,x02_t25,representative,plus,0.0023890366257533014,3.4850316723639603,D4-deformed-contour-regular-away-W3-v51,checkpoint_5461_parent_v51_finite_cell
5463__x02_t26,5461_FINITE_PROJECTIVE_OWNER_CELL,E02,U024,MC04_SP_DP,B03,7,0,1,RIGHT_CONNECTOR,SIGN_DEFINITE_MONOTONE_PRINCIPAL_SQRT_RECTANGLE_WITH_PARENT_FALLBACK,0.813580794194578,0.8138394498974575,0.0018125,0.00184375,9,x02_t26__finite_projective_depth9,0.030860585379902373,2.424897214496104e-10,True,,,4307.040716491518,0.0004874753095912519,1.1309834085568853,3.4850320216461887,34.22348580051003,0,,POINTWISE_SUPREMUM,2.424897214495569e-10,5.350824587452398e-23,0.0,5.015627200016752,True,True,False,False,False,False,False,E02__U024__RIGHT_CONNECTOR__MINIMUM_CERTIFIED_OUTER_GAP,x02_t26,representative,plus,0.002389176254173776,3.4850316723639603,D4-deformed-contour-regular-away-W3-v51,checkpoint_5461_parent_v51_finite_cell
5463__x02_t27,5461_FINITE_PROJECTIVE_OWNER_CELL,E02,U024,MC04_SP_DP,B03,7,0,1,RIGHT_CONNECTOR,SIGN_DEFINITE_MONOTONE_PRINCIPAL_SQRT_RECTANGLE_WITH_PARENT_FALLBACK,0.813580794194578,0.8138394498974575,0.00184375,0.001875,9,x02_t27__finite_projective_depth9,0.030860585379902373,2.424897214496104e-10,True,,,4319.704424696143,0.00048749410660918176,1.1309841286066618,3.4850320216461887,34.217438452882476,0,,POINTWISE_SUPREMUM,2.424897214495585e-10,5.1905583437702487e-23,0.0,3.8455046000308357,True,True,False,False,False,False,False,E02__U024__RIGHT_CONNECTOR__MINIMUM_CERTIFIED_OUTER_GAP,x02_t27,representative,plus,0.002389318336143126,3.4850316723639603,D4-deformed-contour-regular-away-W3-v51,checkpoint_5461_parent_v51_finite_cell
5463__x02_t28,5461_FINITE_PROJECTIVE_OWNER_CELL,E02,U024,MC04_SP_DP,B03,7,0,1,RIGHT_CONNECTOR,SIGN_DEFINITE_MONOTONE_PRINCIPAL_SQRT_RECTANGLE_WITH_PARENT_FALLBACK,0.813580794194578,0.8138394498974575,0.001875,0.00190625,9,x02_t28__finite_projective_depth9,0.030860585379902373,2.424897214496104e-10,True,,,4332.486603485993,0.0004875132271945127,1.1309848615490978,3.4850320216461887,34.21130767632539,0,,POINTWISE_SUPREMUM,2.424897214495585e-10,5.1905583437702487e-23,0.0,3.9212167999939993,True,True,False,False,False,False,False,E02__U024__RIGHT_CONNECTOR__MINIMUM_CERTIFIED_OUTER_GAP,x02_t28,representative,plus,0.002389462871129911,3.4850316723639603,D4-deformed-contour-regular-away-W3-v51,checkpoint_5461_parent_v51_finite_cell
5463__x02_t29,5461_FINITE_PROJECTIVE_OWNER_CELL,E02,U024,MC04_SP_DP,B03,7,0,1,RIGHT_CONNECTOR,SIGN_DEFINITE_MONOTONE_PRINCIPAL_SQRT_RECTANGLE_WITH_PARENT_FALLBACK,0.813580794194578,0.8138394498974575,0.00190625,0.0019375,9,x02_t29__finite_projective_depth9,0.030860585379902373,2.424897214496104e-10,True,,,4345.38425099326,0.0004875326712325461,1.130985607374146,3.4850320216461887,34.20509362012022,0,,POINTWISE_SUPREMUM,2.424897214495585e-10,5.1905583437702487e-23,0.0,4.113326599996071,True,True,False,False,False,False,False,E02__U024__RIGHT_CONNECTOR__MINIMUM_CERTIFIED_OUTER_GAP,x02_t29,representative,plus,0.0023896098585935097,3.4850316723639603,D4-deformed-contour-regular-away-W3-v51,checkpoint_5461_parent_v51_finite_cell
5463__x02_t30,5461_FINITE_PROJECTIVE_OWNER_CELL,E02,U024,MC04_SP_DP,B03,7,0,1,RIGHT_CONNECTOR,SIGN_DEFINITE_MONOTONE_PRINCIPAL_SQRT_RECTANGLE_WITH_PARENT_FALLBACK,0.813580794194578,0.8138394498974575,0.0019375,0.00196875,9,x02_t30__finite_projective_depth9,0.030860585379902373,2.424897214496104e-10,True,,,4358.39510373787,0.00048755243860668107,1.1309863660715949,3.4850320216461887,34.19879643574943,0,,POINTWISE_SUPREMUM,2.424897214495585e-10,5.1905583437702487e-23,0.0,4.005715599982068,True,True,False,False,False,False,False,E02__U024__RIGHT_CONNECTOR__MINIMUM_CERTIFIED_OUTER_GAP,x02_t30,representative,plus,0.002389759297984127,3.4850316723639603,D4-deformed-contour-regular-away-W3-v51,checkpoint_5461_parent_v51_finite_cell
5463__x02_t31,5461_FINITE_PROJECTIVE_OWNER_CELL,E02,U024,MC04_SP_DP,B03,7,0,1,RIGHT_CONNECTOR,SIGN_DEFINITE_MONOTONE_PRINCIPAL_SQRT_RECTANGLE_WITH_PARENT_FALLBACK,0.813580794194578,0.8138394498974575,0.00196875,0.002,9,x02_t31__finite_projective_depth9,0.030860585379902373,2.424897214496104e-10,True,,,4371.51689436845,0.0004875725291984171,1.1309871376310692,3.4850320216461887,34.19241627688779,0,,POINTWISE_SUPREMUM,2.424897214495585e-10,5.1905583437702487e-23,0.0,4.188829999999143,True,True,False,False,False,False,False,E02__U024__RIGHT_CONNECTOR__MINIMUM_CERTIFIED_OUTER_GAP,x02_t31,representative,plus,0.0023899111887428054,3.4850316723639603,D4-deformed-contour-regular-away-W3-v51,checkpoint_5461_parent_v51_finite_cell
5463__x03_t00,5461_FINITE_PROJECTIVE_OWNER_CELL,E02,U024,MC04_SP_DP,B03,7,0,1,RIGHT_CONNECTOR,SIGN_DEFINITE_MONOTONE_PRINCIPAL_SQRT_RECTANGLE_WITH_PARENT_FALLBACK,0.8138394498974575,0.8140981056003371,0.001,0.00103125,9,x03_t00__finite_projective_depth9,0.030860585379902373,2.424897214496104e-10,True,,,4878.247799765928,0.0004815923583103375,1.130066016315612,3.487697554730388,33.81561755890199,0,,POINTWISE_SUPREMUM,2.424897214496626e-10,5.221577616740987e-23,5.221577616740987e-23,4.039550699992105,True,True,False,False,False,False,False,E02__U024__RIGHT_CONNECTOR__MINIMUM_CERTIFIED_OUTER_GAP,x03_t00,representative,plus,0.0023570009686098995,3.4876972051799946,D4-deformed-contour-regular-away-W3-v51,checkpoint_5461_parent_v51_finite_cell
5463__x03_t01,5461_FINITE_PROJECTIVE_OWNER_CELL,E02,U024,MC04_SP_DP,B03,7,0,1,RIGHT_CONNECTOR,SIGN_DEFINITE_MONOTONE_PRINCIPAL_SQRT_RECTANGLE_WITH_PARENT_FALLBACK,0.8138394498974575,0.8140981056003371,0.00103125,0.0010625,9,x03_t01__finite_projective_depth9,0.030860585379902373,2.424897214496104e-10,True,,,4889.148055437933,0.00048160280883318194,1.1300664092525003,3.487697554730388,33.81165443121953,0,,POINTWISE_SUPREMUM,2.424897214496626e-10,5.221577616740987e-23,5.221577616740987e-23,4.001136000035331,True,True,False,False,False,False,False,E02__U024__RIGHT_CONNECTOR__MINIMUM_CERTIFIED_OUTER_GAP,x03_t01,representative,plus,0.0023570799045234156,3.4876972051799946,D4-deformed-contour-regular-away-W3-v51,checkpoint_5461_parent_v51_finite_cell
5463__x03_t02,5461_FINITE_PROJECTIVE_OWNER_CELL,E02,U024,MC04_SP_DP,B03,7,0,1,RIGHT_CONNECTOR,SIGN_DEFINITE_MONOTONE_PRINCIPAL_SQRT_RECTANGLE_WITH_PARENT_FALLBACK,0.8138394498974575,0.8140981056003371,0.0010625,0.00109375,9,x03_t02__finite_projective_depth9,0.030860585379902373,2.424897214496104e-10,True,,,4900.263123487147,0.0004816135883959013,1.1300668156386653,3.487697554730388,33.807601755379196,0,,POINTWISE_SUPREMUM,2.424897214496626e-10,5.221577616740987e-23,5.221577616740987e-23,4.792799999995623,True,True,False,False,False,False,False,E02__U024__RIGHT_CONNECTOR__MINIMUM_CERTIFIED_OUTER_GAP,x03_t02,representative,plus,0.002357161329451251,3.4876972051799946,D4-deformed-contour-regular-away-W3-v51,checkpoint_5461_parent_v51_finite_cell
5463__x03_t03,5461_FINITE_PROJECTIVE_OWNER_CELL,E02,U024,MC04_SP_DP,B03,7,0,1,RIGHT_CONNECTOR,SIGN_DEFINITE_MONOTONE_PRINCIPAL_SQRT_RECTANGLE_WITH_PARENT_FALLBACK,0.8138394498974575,0.8140981056003371,0.00109375,0.0011250000000000001,9,x03_t03__finite_projective_depth9,0.030860585379902373,2.424897214496104e-10,True,,,4911.587888303407,0.00048162469693206305,1.1300672354681571,3.487697554730388,33.803459626741635,0,,POINTWISE_SUPREMUM,2.424897214496626e-10,5.221577616740987e-23,5.221577616740987e-23,4.530206199968234,True,True,False,False,False,False,False,E02__U024__RIGHT_CONNECTOR__MINIMUM_CERTIFIED_OUTER_GAP,x03_t03,representative,plus,0.0023572452430849333,3.4876972051799946,D4-deformed-contour-regular-away-W3-v51,checkpoint_5461_parent_v51_finite_cell
5463__x03_t04,5461_FINITE_PROJECTIVE_OWNER_CELL,E02,U024,MC04_SP_DP,B03,7,0,1,RIGHT_CONNECTOR,SIGN_DEFINITE_MONOTONE_PRINCIPAL_SQRT_RECTANGLE_WITH_PARENT_FALLBACK,0.8138394498974575,0.8140981056003371,0.0011250000000000001,0.00115625,9,x03_t04__finite_projective_depth9,0.030860585379902373,2.424897214496104e-10,True,,,4923.118301277145,0.0004816361343732176,1.1300676687348465,3.487697554730388,33.79922814318984,0,,POINTWISE_SUPREMUM,2.4248972144966096e-10,5.0561414942303817e-23,5.0561414942303817e-23,4.0362159999785945,True,True,False,False,False,False,False,E02__U024__RIGHT_CONNECTOR__MINIMUM_CERTIFIED_OUTER_GAP,x03_t04,representative,plus,0.0023573316451063553,3.4876972051799946,D4-deformed-contour-regular-away-W3-v51,checkpoint_5461_parent_v51_finite_cell
5463__x03_t05,5461_FINITE_PROJECTIVE_OWNER_CELL,E02,U024,MC04_SP_DP,B03,7,0,1,RIGHT_CONNECTOR,SIGN_DEFINITE_MONOTONE_PRINCIPAL_SQRT_RECTANGLE_WITH_PARENT_FALLBACK,0.8138394498974575,0.8140981056003371,0.00115625,0.0011875,9,x03_t05__finite_projective_depth9,0.030860585379902373,2.424897214496104e-10,True,,,4934.852005081422,0.0004816479006488999,1.1300681154324246,3.487697554730388,33.79490740512409,0,,POINTWISE_SUPREMUM,2.424897214496626e-10,5.221577616740987e-23,5.221577616740987e-23,3.862631700001657,True,True,False,False,False,False,False,E02__U024__RIGHT_CONNECTOR__MINIMUM_CERTIFIED_OUTER_GAP,x03_t05,representative,plus,0.002357420535187781,3.4876972051799946,D4-deformed-contour-regular-away-W3-v51,checkpoint_5461_parent_v51_finite_cell
5463__x03_t06,5461_FINITE_PROJECTIVE_OWNER_CELL,E02,U024,MC04_SP_DP,B03,7,0,1,RIGHT_CONNECTOR,SIGN_DEFINITE_MONOTONE_PRINCIPAL_SQRT_RECTANGLE_WITH_PARENT_FALLBACK,0.8138394498974575,0.8140981056003371,0.0011875,0.00121875,9,x03_t06__finite_projective_depth9,0.030860585379902373,2.424897214496104e-10,True,,,4946.786607154913,0.00048165999568663113,1.1300685755544024,3.487697554730388,33.79049751545629,0,,POINTWISE_SUPREMUM,2.424897214496626e-10,5.221577616740987e-23,5.221577616740987e-23,3.8664076999993995,True,True,False,False,False,False,False,E02__U024__RIGHT_CONNECTOR__MINIMUM_CERTIFIED_OUTER_GAP,x03_t06,representative,plus,0.00235751191299185,3.4876972051799946,D4-deformed-contour-regular-away-W3-v51,checkpoint_5461_parent_v51_finite_cell
5463__x03_t07,5461_FINITE_PROJECTIVE_OWNER_CELL,E02,U024,MC04_SP_DP,B03,7,0,1,RIGHT_CONNECTOR,SIGN_DEFINITE_MONOTONE_PRINCIPAL_SQRT_RECTANGLE_WITH_PARENT_FALLBACK,0.8138394498974575,0.8140981056003371,0.00121875,0.00125,9,x03_t07__finite_projective_depth9,0.030860585379902373,2.424897214496104e-10,True,,,4958.919681138146,0.0004816724194119205,1.130069049094113,3.487697554730388,33.78599857960429,0,,POINTWISE_SUPREMUM,2.424897214496626e-10,5.221577616740987e-23,5.221577616740987e-23,3.234834900009446,True,True,False,False,False,False,False,E02__U024__RIGHT_CONNECTOR__MINIMUM_CERTIFIED_OUTER_GAP,x03_t07,representative,plus,0.002357605778171583,3.4876972051799946,D4-deformed-contour-regular-away-W3-v51,checkpoint_5461_parent_v51_finite_cell
5463__x03_t08,5461_FINITE_PROJECTIVE_OWNER_CELL,E02,U024,MC04_SP_DP,B03,7,0,1,RIGHT_CONNECTOR,SIGN_DEFINITE_MONOTONE_PRINCIPAL_SQRT_RECTANGLE_WITH_PARENT_FALLBACK,0.8138394498974575,0.8140981056003371,0.00125,0.00128125,9,x03_t08__finite_projective_depth9,0.030860585379902373,2.424897214496104e-10,True,,,4971.248768301457,0.0004816851717482667,1.1300695360447097,3.487697554730388,33.78141070548631,0,,POINTWISE_SUPREMUM,2.424897214496626e-10,5.221577616740987e-23,5.221577616740987e-23,3.1278313999646343,True,True,False,False,False,False,False,E02__U024__RIGHT_CONNECTOR__MINIMUM_CERTIFIED_OUTER_GAP,x03_t08,representative,plus,0.0023577021303703865,3.4876972051799946,D4-deformed-contour-regular-away-W3-v51,checkpoint_5461_parent_v51_finite_cell
5463__x03_t09,5461_FINITE_PROJECTIVE_OWNER_CELL,E02,U024,MC04_SP_DP,B03,7,0,1,RIGHT_CONNECTOR,SIGN_DEFINITE_MONOTONE_PRINCIPAL_SQRT_RECTANGLE_WITH_PARENT_FALLBACK,0.8138394498974575,0.8140981056003371,0.00128125,0.0013125,9,x03_t09__finite_projective_depth9,0.030860585379902373,2.424897214496104e-10,True,,,4983.771379132199,0.00048169825261716007,1.1300700363991678,3.487697554730388,33.77673400238057,0,,POINTWISE_SUPREMUM,2.424897214496626e-10,5.221577616740987e-23,5.221577616740987e-23,3.201654399977997,True,True,False,False,False,False,False,E02__U024__RIGHT_CONNECTOR__MINIMUM_CERTIFIED_OUTER_GAP,x03_t09,representative,plus,0.002357800969222063,3.4876972051799946,D4-deformed-contour-regular-away-W3-v51,checkpoint_5461_parent_v51_finite_cell
5463__x03_t10,5461_FINITE_PROJECTIVE_OWNER_CELL,E02,U024,MC04_SP_DP,B03,7,0,1,RIGHT_CONNECTOR,SIGN_DEFINITE_MONOTONE_PRINCIPAL_SQRT_RECTANGLE_WITH_PARENT_FALLBACK,0.8138394498974575,0.8140981056003371,0.0013125,0.00134375,9,x03_t10__finite_projective_depth9,0.030860585379902373,2.424897214496104e-10,True,,,4996.484995865356,0.0004817116619380843,1.1300705501502841,3.487697554730388,33.771968573347706,0,,POINTWISE_SUPREMUM,2.4248972144966096e-10,5.0561414942303817e-23,5.0561414942303817e-23,3.180726799997501,True,True,False,False,False,False,False,E02__U024__RIGHT_CONNECTOR__MINIMUM_CERTIFIED_OUTER_GAP,x03_t10,representative,plus,0.0023579022943508105,3.4876972051799946,D4-deformed-contour-regular-away-W3-v51,checkpoint_5461_parent_v51_finite_cell
5463__x03_t11,5461_FINITE_PROJECTIVE_OWNER_CELL,E02,U024,MC04_SP_DP,B03,7,0,1,RIGHT_CONNECTOR,SIGN_DEFINITE_MONOTONE_PRINCIPAL_SQRT_RECTANGLE_WITH_PARENT_FALLBACK,0.8138394498974575,0.8140981056003371,0.00134375,0.001375,9,x03_t11__finite_projective_depth9,0.030860585379902373,2.424897214496104e-10,True,,,5009.387069604567,0.00048172539962851833,1.1300710772906772,3.487697554730388,33.767114544172166,0,,POINTWISE_SUPREMUM,2.424897214496626e-10,5.221577616740987e-23,5.221577616740987e-23,3.1517289000330493,True,True,False,False,False,False,False,E02__U024__RIGHT_CONNECTOR__MINIMUM_CERTIFIED_OUTER_GAP,x03_t11,representative,plus,0.0023580061053712345,3.4876972051799946,D4-deformed-contour-regular-away-W3-v51,checkpoint_5461_parent_v51_finite_cell
5463__x03_t12,5461_FINITE_PROJECTIVE_OWNER_CELL,E02,U024,MC04_SP_DP,B03,7,0,1,RIGHT_CONNECTOR,SIGN_DEFINITE_MONOTONE_PRINCIPAL_SQRT_RECTANGLE_WITH_PARENT_FALLBACK,0.8138394498974575,0.8140981056003371,0.001375,0.00140625,9,x03_t12__finite_projective_depth9,0.030860585379902373,2.424897214496104e-10,True,,,5022.475026305013,0.00048173946560393823,1.130071617812788,3.487697554730388,33.762172032712485,0,,POINTWISE_SUPREMUM,2.424897214496626e-10,5.221577616740987e-23,5.221577616740987e-23,3.033174499985762,True,True,False,False,False,False,False,E02__U024__RIGHT_CONNECTOR__MINIMUM_CERTIFIED_OUTER_GAP,x03_t12,representative,plus,0.0023581124018883523,3.4876972051799946,D4-deformed-contour-regular-away-W3-v51,checkpoint_5461_parent_v51_finite_cell
5463__x03_t13,5461_FINITE_PROJECTIVE_OWNER_CELL,E02,U024,MC04_SP_DP,B03,7,0,1,RIGHT_CONNECTOR,SIGN_DEFINITE_MONOTONE_PRINCIPAL_SQRT_RECTANGLE_WITH_PARENT_FALLBACK,0.8138394498974575,0.8140981056003371,0.00140625,0.0014375,9,x03_t13__finite_projective_depth9,0.030860585379902373,2.424897214496104e-10,True,,,5035.746648569936,0.0004817538597778192,1.1300721717088802,3.487697554730388,33.75714115929626,0,,POINTWISE_SUPREMUM,2.424897214496626e-10,5.221577616740987e-23,5.221577616740987e-23,3.059349699993618,True,True,False,False,False,False,False,E02__U024__RIGHT_CONNECTOR__MINIMUM_CERTIFIED_OUTER_GAP,x03_t13,representative,plus,0.0023582211834975975,3.4876972051799946,D4-deformed-contour-regular-away-W3-v51,checkpoint_5461_parent_v51_finite_cell
5463__x03_t14,5461_FINITE_PROJECTIVE_OWNER_CELL,E02,U024,MC04_SP_DP,B03,7,0,1,RIGHT_CONNECTOR,SIGN_DEFINITE_MONOTONE_PRINCIPAL_SQRT_RECTANGLE_WITH_PARENT_FALLBACK,0.8138394498974575,0.8140981056003371,0.0014375,0.00146875,9,x03_t14__finite_projective_depth9,0.030860585379902373,2.424897214496104e-10,True,,,5049.199160806327,0.00048176858206163786,1.1300727389710394,3.487697554730388,33.75202204671371,0,,POINTWISE_SUPREMUM,2.424897214496626e-10,5.221577616740987e-23,5.221577616740987e-23,3.239786499994807,True,True,False,False,False,False,False,E02__U024__RIGHT_CONNECTOR__MINIMUM_CERTIFIED_OUTER_GAP,x03_t14,representative,plus,0.002358332449784829,3.4876972051799946,D4-deformed-contour-regular-away-W3-v51,checkpoint_5461_parent_v51_finite_cell
5463__x03_t15,5461_FINITE_PROJECTIVE_OWNER_CELL,E02,U024,MC04_SP_DP,B03,7,0,1,RIGHT_CONNECTOR,SIGN_DEFINITE_MONOTONE_PRINCIPAL_SQRT_RECTANGLE_WITH_PARENT_FALLBACK,0.8138394498974575,0.8140981056003371,0.00146875,0.0015,9,x03_t15__finite_projective_depth9,0.030860585379902373,2.424897214496104e-10,True,,,5062.829708441825,0.0004817836323648739,1.1300733195911754,3.487697554730388,33.74681482021105,0,,POINTWISE_SUPREMUM,2.424897214496626e-10,5.221577616740987e-23,5.221577616740987e-23,3.6988167999661528,True,True,False,False,False,False,False,E02__U024__RIGHT_CONNECTOR__MINIMUM_CERTIFIED_OUTER_GAP,x03_t15,representative,plus,0.0023584462003263377,3.4876972051799946,D4-deformed-contour-regular-away-W3-v51,checkpoint_5461_parent_v51_finite_cell
5463__x03_t16,5461_FINITE_PROJECTIVE_OWNER_CELL,E02,U024,MC04_SP_DP,B03,7,0,1,RIGHT_CONNECTOR,SIGN_DEFINITE_MONOTONE_PRINCIPAL_SQRT_RECTANGLE_WITH_PARENT_FALLBACK,0.8138394498974575,0.8140981056003371,0.0015,0.00153125,9,x03_t16__finite_projective_depth9,0.030860585379902373,2.424897214496104e-10,True,,,5076.63562370218,0.0004817990105950127,1.1300739135610203,3.487697554730388,33.74151960748329,0,,POINTWISE_SUPREMUM,2.424897214496626e-10,5.221577616740987e-23,5.221577616740987e-23,3.7889294999768026,True,True,False,False,False,False,False,E02__U024__RIGHT_CONNECTOR__MINIMUM_CERTIFIED_OUTER_GAP,x03_t16,representative,plus,0.0023585624346888533,3.4876972051799946,D4-deformed-contour-regular-away-W3-v51,checkpoint_5461_parent_v51_finite_cell
5463__x03_t17,5461_FINITE_PROJECTIVE_OWNER_CELL,E02,U024,MC04_SP_DP,B03,7,0,1,RIGHT_CONNECTOR,SIGN_DEFINITE_MONOTONE_PRINCIPAL_SQRT_RECTANGLE_WITH_PARENT_FALLBACK,0.8138394498974575,0.8140981056003371,0.00153125,0.0015625,9,x03_t17__finite_projective_depth9,0.030860585379902373,2.424897214496104e-10,True,,,5090.614218724719,0.00048181471665754706,1.1300745208721308,3.487697554730388,33.73613653866762,0,,POINTWISE_SUPREMUM,2.424897214496626e-10,5.221577616740987e-23,5.221577616740987e-23,4.014032900042366,True,True,False,False,False,False,False,E02__U024__RIGHT_CONNECTOR__MINIMUM_CERTIFIED_OUTER_GAP,x03_t17,representative,plus,0.0023586811524295504,3.4876972051799946,D4-deformed-contour-regular-away-W3-v51,checkpoint_5461_parent_v51_finite_cell
5463__x03_t18,5461_FINITE_PROJECTIVE_OWNER_CELL,E02,U024,MC04_SP_DP,B03,7,0,1,RIGHT_CONNECTOR,SIGN_DEFINITE_MONOTONE_PRINCIPAL_SQRT_RECTANGLE_WITH_PARENT_FALLBACK,0.8138394498974575,0.8140981056003371,0.0015625,0.0015937500000000001,9,x03_t18__finite_projective_depth9,0.030860585379902373,2.424897214496104e-10,True,,,5104.762786837452,0.00048183075045597973,1.1300751415158867,3.487697554730388,33.73066574633577,0,,POINTWISE_SUPREMUM,2.424897214496626e-10,5.221577616740987e-23,5.221577616740987e-23,3.691893099981826,True,True,False,False,False,False,False,E02__U024__RIGHT_CONNECTOR__MINIMUM_CERTIFIED_OUTER_GAP,x03_t18,representative,plus,0.0023588023530960564,3.4876972051799946,D4-deformed-contour-regular-away-W3-v51,checkpoint_5461_parent_v51_finite_cell
5463__x03_t19,5461_FINITE_PROJECTIVE_OWNER_CELL,E02,U024,MC04_SP_DP,B03,7,0,1,RIGHT_CONNECTOR,SIGN_DEFINITE_MONOTONE_PRINCIPAL_SQRT_RECTANGLE_WITH_PARENT_FALLBACK,0.8138394498974575,0.8140981056003371,0.0015937500000000001,0.0016250000000000001,9,x03_t19__finite_projective_depth9,0.030860585379902373,2.424897214496104e-10,True,,,5119.078603816072,0.0004818471118918255,1.1300757754834927,3.487697554730388,33.7251073654873,0,,POINTWISE_SUPREMUM,2.424897214496626e-10,5.221577616740987e-23,5.221577616740987e-23,3.535509299952537,True,True,False,False,False,False,False,E02__U024__RIGHT_CONNECTOR__MINIMUM_CERTIFIED_OUTER_GAP,x03_t19,representative,plus,0.00235892603622646,3.4876972051799946,D4-deformed-contour-regular-away-W3-v51,checkpoint_5461_parent_v51_finite_cell
5463__x03_t20,5461_FINITE_PROJECTIVE_OWNER_CELL,E02,U024,MC04_SP_DP,B03,7,0,1,RIGHT_CONNECTOR,SIGN_DEFINITE_MONOTONE_PRINCIPAL_SQRT_RECTANGLE_WITH_PARENT_FALLBACK,0.8138394498974575,0.8140981056003371,0.0016250000000000001,0.0016562500000000002,9,x03_t20__finite_projective_depth9,0.030860585379902373,2.424897214496104e-10,True,,,5133.558964828951,0.0004818638008646137,1.1300764227659779,3.487697554730388,33.719461533541526,0,,POINTWISE_SUPREMUM,2.424897214496626e-10,5.221577616740987e-23,5.221577616740987e-23,3.168089000042528,True,True,False,False,False,False,False,E02__U024__RIGHT_CONNECTOR__MINIMUM_CERTIFIED_OUTER_GAP,x03_t20,representative,plus,0.002359052201349318,3.4876972051799946,D4-deformed-contour-regular-away-W3-v51,checkpoint_5461_parent_v51_finite_cell
5463__x03_t21,5461_FINITE_PROJECTIVE_OWNER_CELL,E02,U024,MC04_SP_DP,B03,7,0,1,RIGHT_CONNECTOR,SIGN_DEFINITE_MONOTONE_PRINCIPAL_SQRT_RECTANGLE_WITH_PARENT_FALLBACK,0.8138394498974575,0.8140981056003371,0.0016562500000000002,0.0016875,9,x03_t21__finite_projective_depth9,0.030860585379902373,2.424897214496104e-10,True,,,5148.201086685799,0.00048188081727189026,1.1300770833541962,3.487697554730388,33.713728390330516,0,,POINTWISE_SUPREMUM,2.4248972144966096e-10,5.0561414942303817e-23,5.0561414942303817e-23,3.121767899952829,True,True,False,False,False,False,False,E02__U024__RIGHT_CONNECTOR__MINIMUM_CERTIFIED_OUTER_GAP,x03_t21,representative,plus,0.0023591808479836622,3.4876972051799946,D4-deformed-contour-regular-away-W3-v51,checkpoint_5461_parent_v51_finite_cell
5463__x03_t22,5461_FINITE_PROJECTIVE_OWNER_CELL,E02,U024,MC04_SP_DP,B03,7,0,1,RIGHT_CONNECTOR,SIGN_DEFINITE_MONOTONE_PRINCIPAL_SQRT_RECTANGLE_WITH_PARENT_FALLBACK,0.8138394498974575,0.8140981056003371,0.0016875,0.00171875,9,x03_t22__finite_projective_depth9,0.030860585379902373,2.424897214496104e-10,True,,,5163.002191860594,0.0004818981610092206,1.1300777572388272,3.487697554730388,33.707908078091236,0,,POINTWISE_SUPREMUM,2.424897214496626e-10,5.221577616740987e-23,5.221577616740987e-23,3.168183700006921,True,True,False,False,False,False,False,E02__U024__RIGHT_CONNECTOR__MINIMUM_CERTIFIED_OUTER_GAP,x03_t22,representative,plus,0.0023593119756390095,3.4876972051799946,D4-deformed-contour-regular-away-W3-v51,checkpoint_5461_parent_v51_finite_cell
5463__x03_t23,5461_FINITE_PROJECTIVE_OWNER_CELL,E02,U024,MC04_SP_DP,B03,7,0,1,RIGHT_CONNECTOR,SIGN_DEFINITE_MONOTONE_PRINCIPAL_SQRT_RECTANGLE_WITH_PARENT_FALLBACK,0.8138394498974575,0.8140981056003371,0.00171875,0.00175,9,x03_t23__finite_projective_depth9,0.030860585379902373,2.424897214496104e-10,True,,,5177.9594980554675,0.00048191583197019155,1.1300784444103755,3.487697554730388,33.70200074145756,0,,POINTWISE_SUPREMUM,2.424897214496626e-10,5.221577616740987e-23,5.221577616740987e-23,3.0743221000302583,True,True,False,False,False,False,False,E02__U024__RIGHT_CONNECTOR__MINIMUM_CERTIFIED_OUTER_GAP,x03_t23,representative,plus,0.0023594455838153684,3.4876972051799946,D4-deformed-contour-regular-away-W3-v51,checkpoint_5461_parent_v51_finite_cell
5463__x03_t24,5461_FINITE_PROJECTIVE_OWNER_CELL,E02,U024,MC04_SP_DP,B03,7,0,1,RIGHT_CONNECTOR,SIGN_DEFINITE_MONOTONE_PRINCIPAL_SQRT_RECTANGLE_WITH_PARENT_FALLBACK,0.8138394498974575,0.8140981056003371,0.00175,0.00178125,9,x03_t24__finite_projective_depth9,0.030860585379902373,2.424897214496104e-10,True,,,5193.0702113700045,0.0004819338300464141,1.130079144859172,3.487697554730388,33.69600652745237,0,,POINTWISE_SUPREMUM,2.424897214496626e-10,5.221577616740987e-23,5.221577616740987e-23,3.0866001999820583,True,True,False,False,False,False,False,E02__U024__RIGHT_CONNECTOR__MINIMUM_CERTIFIED_OUTER_GAP,x03_t24,representative,plus,0.002359581672003247,3.4876972051799946,D4-deformed-contour-regular-away-W3-v51,checkpoint_5461_parent_v51_finite_cell
5463__x03_t25,5461_FINITE_PROJECTIVE_OWNER_CELL,E02,U024,MC04_SP_DP,B03,7,0,1,RIGHT_CONNECTOR,SIGN_DEFINITE_MONOTONE_PRINCIPAL_SQRT_RECTANGLE_WITH_PARENT_FALLBACK,0.8138394498974575,0.8140981056003371,0.00178125,0.0018125,9,x03_t25__finite_projective_depth9,0.030860585379902373,2.424897214496104e-10,True,,,5208.331527418774,0.0004819521551275261,1.1300798585753744,3.487697554730388,33.68992558547978,0,,POINTWISE_SUPREMUM,2.424897214496626e-10,5.221577616740987e-23,5.221577616740987e-23,3.272073999978602,True,True,False,False,False,False,False,E02__U024__RIGHT_CONNECTOR__MINIMUM_CERTIFIED_OUTER_GAP,x03_t25,representative,plus,0.0023597202396836623,3.4876972051799946,D4-deformed-contour-regular-away-W3-v51,checkpoint_5461_parent_v51_finite_cell
5463__x03_t26,5461_FINITE_PROJECTIVE_OWNER_CELL,E02,U024,MC04_SP_DP,B03,7,0,1,RIGHT_CONNECTOR,SIGN_DEFINITE_MONOTONE_PRINCIPAL_SQRT_RECTANGLE_WITH_PARENT_FALLBACK,0.8138394498974575,0.8140981056003371,0.0018125,0.00184375,9,x03_t26__finite_projective_depth9,0.030860585379902373,2.424897214496104e-10,True,,,5223.747821782404,0.00048197080710119466,1.1300805855489657,3.487697554730388,33.68375806731653,0,,POINTWISE_SUPREMUM,2.4248972144966096e-10,5.0561414942303817e-23,5.0561414942303817e-23,2.9095394000178203,True,True,False,False,False,False,False,E02__U024__RIGHT_CONNECTOR__MINIMUM_CERTIFIED_OUTER_GAP,x03_t26,representative,plus,0.0023598612863281495,3.4876972051799946,D4-deformed-contour-regular-away-W3-v51,checkpoint_5461_parent_v51_finite_cell
5463__x03_t27,5461_FINITE_PROJECTIVE_OWNER_CELL,E02,U024,MC04_SP_DP,B03,7,0,1,RIGHT_CONNECTOR,SIGN_DEFINITE_MONOTONE_PRINCIPAL_SQRT_RECTANGLE_WITH_PARENT_FALLBACK,0.8138394498974575,0.8140981056003371,0.00184375,0.001875,9,x03_t27__finite_projective_depth9,0.030860585379902373,2.424897214496104e-10,True,,,5239.324392215169,0.0004819897858531186,1.1300813257697575,3.487697554730388,33.67750412710395,0,,POINTWISE_SUPREMUM,2.424897214496626e-10,5.221577616740987e-23,5.221577616740987e-23,3.0819685000460595,True,True,False,False,False,False,False,E02__U024__RIGHT_CONNECTOR__MINIMUM_CERTIFIED_OUTER_GAP,x03_t27,representative,plus,0.0023600048113987687,3.4876972051799946,D4-deformed-contour-regular-away-W3-v51,checkpoint_5461_parent_v51_finite_cell
5463__x03_t28,5461_FINITE_PROJECTIVE_OWNER_CELL,E02,U024,MC04_SP_DP,B03,7,0,1,RIGHT_CONNECTOR,SIGN_DEFINITE_MONOTONE_PRINCIPAL_SQRT_RECTANGLE_WITH_PARENT_FALLBACK,0.8138394498974575,0.8140981056003371,0.001875,0.00190625,9,x03_t28__finite_projective_depth9,0.030860585379902373,2.424897214496104e-10,True,,,5255.043720731803,0.0004820090912670315,1.1300820792273878,3.487697554730388,33.67116392133936,0,,POINTWISE_SUPREMUM,2.424897214496626e-10,5.221577616740987e-23,5.221577616740987e-23,3.311199999996461,True,True,False,False,False,False,False,E02__U024__RIGHT_CONNECTOR__MINIMUM_CERTIFIED_OUTER_GAP,x03_t28,representative,plus,0.002360150814348115,3.4876972051799946,D4-deformed-contour-regular-away-W3-v51,checkpoint_5461_parent_v51_finite_cell
5463__x03_t29,5461_FINITE_PROJECTIVE_OWNER_CELL,E02,U024,MC04_SP_DP,B03,7,0,1,RIGHT_CONNECTOR,SIGN_DEFINITE_MONOTONE_PRINCIPAL_SQRT_RECTANGLE_WITH_PARENT_FALLBACK,0.8138394498974575,0.8140981056003371,0.00190625,0.0019375,9,x03_t29__finite_projective_depth9,0.030860585379902373,2.424897214496104e-10,True,,,5270.906584715686,0.00048202872322470437,1.1300828459113226,3.487697554730388,33.66473760886739,0,,POINTWISE_SUPREMUM,2.424897214496626e-10,5.221577616740987e-23,5.221577616740987e-23,3.272996800020337,True,True,False,False,False,False,False,E02__U024__RIGHT_CONNECTOR__MINIMUM_CERTIFIED_OUTER_GAP,x03_t29,representative,plus,0.002360299294619329,3.4876972051799946,D4-deformed-contour-regular-away-W3-v51,checkpoint_5461_parent_v51_finite_cell
5463__x03_t30,5461_FINITE_PROJECTIVE_OWNER_CELL,E02,U024,MC04_SP_DP,B03,7,0,1,RIGHT_CONNECTOR,SIGN_DEFINITE_MONOTONE_PRINCIPAL_SQRT_RECTANGLE_WITH_PARENT_FALLBACK,0.8138394498974575,0.8140981056003371,0.0019375,0.00196875,9,x03_t30__finite_projective_depth9,0.030860585379902373,2.424897214496104e-10,True,,,5286.908991254133,0.00048204868160594806,1.1300836258108562,3.487697554730388,33.65822535087148,0,,POINTWISE_SUPREMUM,2.424897214496626e-10,5.221577616740987e-23,5.221577616740987e-23,3.2958444000105374,True,True,False,False,False,False,False,E02__U024__RIGHT_CONNECTOR__MINIMUM_CERTIFIED_OUTER_GAP,x03_t30,representative,plus,0.002360450251646103,3.4876972051799946,D4-deformed-contour-regular-away-W3-v51,checkpoint_5461_parent_v51_finite_cell
5463__x03_t31,5461_FINITE_PROJECTIVE_OWNER_CELL,E02,U024,MC04_SP_DP,B03,7,0,1,RIGHT_CONNECTOR,SIGN_DEFINITE_MONOTONE_PRINCIPAL_SQRT_RECTANGLE_WITH_PARENT_FALLBACK,0.8138394498974575,0.8140981056003371,0.00196875,0.002,9,x03_t31__finite_projective_depth9,0.030860585379902373,2.424897214496104e-10,True,,,5303.0464755711155,0.0004820689662886165,1.1300844189151114,3.487697554730388,33.65162731086498,0,,POINTWISE_SUPREMUM,2.424897214496626e-10,5.221577616740987e-23,5.221577616740987e-23,3.2280452999984846,True,True,False,False,False,False,False,E02__U024__RIGHT_CONNECTOR__MINIMUM_CERTIFIED_OUTER_GAP,x03_t31,representative,plus,0.002360603684852691,3.4876972051799946,D4-deformed-contour-regular-away-W3-v51,checkpoint_5461_parent_v51_finite_cell
5463__x04_t00,5461_FINITE_PROJECTIVE_OWNER_CELL,E02,U024,MC04_SP_DP,B03,7,0,1,RIGHT_CONNECTOR,SIGN_DEFINITE_MONOTONE_PRINCIPAL_SQRT_RECTANGLE_WITH_PARENT_FALLBACK,0.8140981056003371,0.8143567613032168,0.001,0.00103125,9,x04_t00__finite_projective_depth9,0.030860585379902373,2.424897214496104e-10,True,,,5937.666487722364,0.00047611098084935033,1.1291615877469487,3.490368450764425,33.26402143057329,0,,POINTWISE_SUPREMUM,2.424897214496626e-10,5.221577616740987e-23,5.221577616740987e-23,3.44888689997606,True,True,False,False,False,False,False,E02__U024__RIGHT_CONNECTOR__MINIMUM_CERTIFIED_OUTER_GAP,x04_t00,representative,plus,0.0023277711827466223,3.4903681009453247,D4-deformed-contour-regular-away-W3-v51,checkpoint_5461_parent_v51_finite_cell
5463__x04_t01,5461_FINITE_PROJECTIVE_OWNER_CELL,E02,U024,MC04_SP_DP,B03,7,0,1,RIGHT_CONNECTOR,SIGN_DEFINITE_MONOTONE_PRINCIPAL_SQRT_RECTANGLE_WITH_PARENT_FALLBACK,0.8140981056003371,0.8143567613032168,0.00103125,0.0010625,9,x04_t01__finite_projective_depth9,0.030860585379902373,2.424897214496104e-10,True,,,5951.17828284088,0.0004761215333134643,1.1291619921475122,3.490368450764425,33.25992186916451,0,,POINTWISE_SUPREMUM,2.424897214496626e-10,5.221577616740987e-23,5.221577616740987e-23,3.414321199990809,True,True,False,False,False,False,False,E02__U024__RIGHT_CONNECTOR__MINIMUM_CERTIFIED_OUTER_GAP,x04_t01,representative,plus,0.0023278509246172853,3.4903681009453247,D4-deformed-contour-regular-away-W3-v51,checkpoint_5461_parent_v51_finite_cell
5463__x04_t02,5461_FINITE_PROJECTIVE_OWNER_CELL,E02,U024,MC04_SP_DP,B03,7,0,1,RIGHT_CONNECTOR,SIGN_DEFINITE_MONOTONE_PRINCIPAL_SQRT_RECTANGLE_WITH_PARENT_FALLBACK,0.8140981056003371,0.8143567613032168,0.0010625,0.00109375,9,x04_t02__finite_projective_depth9,0.030860585379902373,2.424897214496104e-10,True,,,5964.950370645226,0.0004761324180380889,1.1291624103634141,3.490368450764425,33.2557295667586,0,,POINTWISE_SUPREMUM,2.424897214496626e-10,5.221577616740987e-23,5.221577616740987e-23,3.607948500022758,True,True,False,False,False,False,False,E02__U024__RIGHT_CONNECTOR__MINIMUM_CERTIFIED_OUTER_GAP,x04_t02,representative,plus,0.002327933181138242,3.4903681009453247,D4-deformed-contour-regular-away-W3-v51,checkpoint_5461_parent_v51_finite_cell
5463__x04_t03,5461_FINITE_PROJECTIVE_OWNER_CELL,E02,U024,MC04_SP_DP,B03,7,0,1,RIGHT_CONNECTOR,SIGN_DEFINITE_MONOTONE_PRINCIPAL_SQRT_RECTANGLE_WITH_PARENT_FALLBACK,0.8140981056003371,0.8143567613032168,0.00109375,0.0011250000000000001,9,x04_t03__finite_projective_depth9,0.030860585379902373,2.424897214496104e-10,True,,,5978.97982194529,0.00047614363495472654,1.129162842388411,3.490368450764425,33.25144462490999,0,,POINTWISE_SUPREMUM,2.424897214496626e-10,5.221577616740987e-23,5.221577616740987e-23,3.573305400030222,True,True,False,False,False,False,False,E02__U024__RIGHT_CONNECTOR__MINIMUM_CERTIFIED_OUTER_GAP,x04_t03,representative,plus,0.0023280179519917015,3.4903681009453247,D4-deformed-contour-regular-away-W3-v51,checkpoint_5461_parent_v51_finite_cell
5463__x04_t04,5461_FINITE_PROJECTIVE_OWNER_CELL,E02,U024,MC04_SP_DP,B03,7,0,1,RIGHT_CONNECTOR,SIGN_DEFINITE_MONOTONE_PRINCIPAL_SQRT_RECTANGLE_WITH_PARENT_FALLBACK,0.8140981056003371,0.8143567613032168,0.0011250000000000001,0.00115625,9,x04_t04__finite_projective_depth9,0.030860585379902373,2.424897214496104e-10,True,,,5993.269610622225,0.00047615518399279954,1.1291632882160714,3.490368450764425,33.24706714786044,0,,POINTWISE_SUPREMUM,2.4248972144966096e-10,5.0561414942303817e-23,5.0561414942303817e-23,3.3077829999965616,True,True,False,False,False,False,False,E02__U024__RIGHT_CONNECTOR__MINIMUM_CERTIFIED_OUTER_GAP,x04_t04,representative,plus,0.002328105236849947,3.4903681009453247,D4-deformed-contour-regular-away-W3-v51,checkpoint_5461_parent_v51_finite_cell
5463__x04_t05,5461_FINITE_PROJECTIVE_OWNER_CELL,E02,U024,MC04_SP_DP,B03,7,0,1,RIGHT_CONNECTOR,SIGN_DEFINITE_MONOTONE_PRINCIPAL_SQRT_RECTANGLE_WITH_PARENT_FALLBACK,0.8140981056003371,0.8143567613032168,0.00115625,0.0011875,9,x04_t05__finite_projective_depth9,0.030860585379902373,2.424897214496104e-10,True,,,6007.8101079176295,0.00047616706507965217,1.1291637478397751,3.490368450764425,33.24259724253326,0,,POINTWISE_SUPREMUM,2.424897214496626e-10,5.221577616740987e-23,5.221577616740987e-23,3.4667952000163496,True,True,False,False,False,False,False,E02__U024__RIGHT_CONNECTOR__MINIMUM_CERTIFIED_OUTER_GAP,x04_t05,representative,plus,0.002328195035375336,3.4903681009453247,D4-deformed-contour-regular-away-W3-v51,checkpoint_5461_parent_v51_finite_cell
5463__x04_t06,5461_FINITE_PROJECTIVE_OWNER_CELL,E02,U024,MC04_SP_DP,B03,7,0,1,RIGHT_CONNECTOR,SIGN_DEFINITE_MONOTONE_PRINCIPAL_SQRT_RECTANGLE_WITH_PARENT_FALLBACK,0.8140981056003371,0.8143567613032168,0.0011875,0.00121875,9,x04_t06__finite_projective_depth9,0.030860585379902373,2.424897214496104e-10,True,,,6022.598278829679,0.0004761792781405521,1.1291642212527144,3.490368450764425,33.23803501852737,0,,POINTWISE_SUPREMUM,2.424897214496626e-10,5.221577616740987e-23,5.221577616740987e-23,3.3515022000065073,True,True,False,False,False,False,False,E02__U024__RIGHT_CONNECTOR__MINIMUM_CERTIFIED_OUTER_GAP,x04_t06,representative,plus,0.0023282873472203103,3.4903681009453247,D4-deformed-contour-regular-away-W3-v51,checkpoint_5461_parent_v51_finite_cell
5463__x04_t07,5461_FINITE_PROJECTIVE_OWNER_CELL,E02,U024,MC04_SP_DP,B03,7,0,1,RIGHT_CONNECTOR,SIGN_DEFINITE_MONOTONE_PRINCIPAL_SQRT_RECTANGLE_WITH_PARENT_FALLBACK,0.8140981056003371,0.8143567613032168,0.00121875,0.00125,9,x04_t07__finite_projective_depth9,0.030860585379902373,2.424897214496104e-10,True,,,6037.6310459926835,0.0004761918230986925,1.129164708447893,3.490368450764425,33.23338058811107,0,,POINTWISE_SUPREMUM,2.424897214496626e-10,5.221577616740987e-23,5.221577616740987e-23,3.793766000017058,True,True,False,False,False,False,False,E02__U024__RIGHT_CONNECTOR__MINIMUM_CERTIFIED_OUTER_GAP,x04_t07,representative,plus,0.0023283821720273996,3.4903681009453247,D4-deformed-contour-regular-away-W3-v51,checkpoint_5461_parent_v51_finite_cell
5463__x04_t08,5461_FINITE_PROJECTIVE_OWNER_CELL,E02,U024,MC04_SP_DP,B03,7,0,1,RIGHT_CONNECTOR,SIGN_DEFINITE_MONOTONE_PRINCIPAL_SQRT_RECTANGLE_WITH_PARENT_FALLBACK,0.8140981056003371,0.8143567613032168,0.00125,0.00128125,9,x04_t08__finite_projective_depth9,0.030860585379902373,2.424897214496104e-10,True,,,6052.9052915137745,0.0004762046998751937,1.1291652094181277,3.490368450764425,33.2286340662158,0,,POINTWISE_SUPREMUM,2.424897214496626e-10,5.221577616740987e-23,5.221577616740987e-23,3.2723107999772765,True,True,False,False,False,False,False,E02__U024__RIGHT_CONNECTOR__MINIMUM_CERTIFIED_OUTER_GAP,x04_t08,representative,plus,0.002328479509429229,3.4903681009453247,D4-deformed-contour-regular-away-W3-v51,checkpoint_5461_parent_v51_finite_cell
5463__x04_t09,5461_FINITE_PROJECTIVE_OWNER_CELL,E02,U024,MC04_SP_DP,B03,7,0,1,RIGHT_CONNECTOR,SIGN_DEFINITE_MONOTONE_PRINCIPAL_SQRT_RECTANGLE_WITH_PARENT_FALLBACK,0.8140981056003371,0.8143567613032168,0.00128125,0.0013125,9,x04_t09__finite_projective_depth9,0.030860585379902373,2.424897214496104e-10,True,,,6068.417858797435,0.00047621790838910506,1.1291657241560482,3.490368450764425,33.223795570429594,0,,POINTWISE_SUPREMUM,2.424897214496626e-10,5.221577616740987e-23,5.221577616740987e-23,3.395114899962209,True,True,False,False,False,False,False,E02__U024__RIGHT_CONNECTOR__MINIMUM_CERTIFIED_OUTER_GAP,x04_t09,representative,plus,0.00232857935904852,3.4903681009453247,D4-deformed-contour-regular-away-W3-v51,checkpoint_5461_parent_v51_finite_cell
5463__x04_t10,5461_FINITE_PROJECTIVE_OWNER_CELL,E02,U024,MC04_SP_DP,B03,7,0,1,RIGHT_CONNECTOR,SIGN_DEFINITE_MONOTONE_PRINCIPAL_SQRT_RECTANGLE_WITH_PARENT_FALLBACK,0.8140981056003371,0.8143567613032168,0.0013125,0.00134375,9,x04_t10__finite_projective_depth9,0.030860585379902373,2.424897214496104e-10,True,,,6084.165554423966,0.0004762314485574071,1.1291662526540969,3.490368450764425,33.218865220617104,0,,POINTWISE_SUPREMUM,2.4248972144966096e-10,5.0561414942303817e-23,5.0561414942303817e-23,3.8251991999568418,True,True,False,False,False,False,False,E02__U024__RIGHT_CONNECTOR__MINIMUM_CERTIFIED_OUTER_GAP,x04_t10,representative,plus,0.002328681720498107,3.4903681009453247,D4-deformed-contour-regular-away-W3-v51,checkpoint_5461_parent_v51_finite_cell
5463__x04_t11,5461_FINITE_PROJECTIVE_OWNER_CELL,E02,U024,MC04_SP_DP,B03,7,0,1,RIGHT_CONNECTOR,SIGN_DEFINITE_MONOTONE_PRINCIPAL_SQRT_RECTANGLE_WITH_PARENT_FALLBACK,0.8140981056003371,0.8143567613032168,0.00134375,0.001375,9,x04_t11__finite_projective_depth9,0.030860585379902373,2.424897214496104e-10,True,,,6100.145151962261,0.0004762453202950134,1.1291667949045296,3.490368450764425,33.21384312792256,0,,POINTWISE_SUPREMUM,2.424897214496626e-10,5.221577616740987e-23,5.221577616740987e-23,3.641401900036726,True,True,False,False,False,False,False,E02__U024__RIGHT_CONNECTOR__MINIMUM_CERTIFIED_OUTER_GAP,x04_t11,representative,plus,0.002328786593380932,3.4903681009453247,D4-deformed-contour-regular-away-W3-v51,checkpoint_5461_parent_v51_finite_cell
5463__x04_t12,5461_FINITE_PROJECTIVE_OWNER_CELL,E02,U024,MC04_SP_DP,B03,7,0,1,RIGHT_CONNECTOR,SIGN_DEFINITE_MONOTONE_PRINCIPAL_SQRT_RECTANGLE_WITH_PARENT_FALLBACK,0.8140981056003371,0.8143567613032168,0.001375,0.00140625,9,x04_t12__finite_projective_depth9,0.030860585379902373,2.424897214496104e-10,True,,,6116.353592015748,0.00047625952351477264,1.1291673508994156,3.490368450764425,33.20872942939622,0,,POINTWISE_SUPREMUM,2.424897214496626e-10,5.221577616740987e-23,5.221577616740987e-23,3.47261029999936,True,True,False,False,False,False,False,E02__U024__RIGHT_CONNECTOR__MINIMUM_CERTIFIED_OUTER_GAP,x04_t12,representative,plus,0.00232889397729006,3.4903681009453247,D4-deformed-contour-regular-away-W3-v51,checkpoint_5461_parent_v51_finite_cell
5463__x04_t13,5461_FINITE_PROJECTIVE_OWNER_CELL,E02,U024,MC04_SP_DP,B03,7,0,1,RIGHT_CONNECTOR,SIGN_DEFINITE_MONOTONE_PRINCIPAL_SQRT_RECTANGLE_WITH_PARENT_FALLBACK,0.8140981056003371,0.8143567613032168,0.00140625,0.0014375,9,x04_t13__finite_projective_depth9,0.030860585379902373,2.424897214496104e-10,True,,,6132.787921181082,0.00047627405812747056,1.1291679206306384,3.490368450764425,33.20352425318508,0,,POINTWISE_SUPREMUM,2.424897214496626e-10,5.221577616740987e-23,5.221577616740987e-23,4.246860399958678,True,True,False,False,False,False,False,E02__U024__RIGHT_CONNECTOR__MINIMUM_CERTIFIED_OUTER_GAP,x04_t13,representative,plus,0.0023290038718086835,3.4903681009453247,D4-deformed-contour-regular-away-W3-v51,checkpoint_5461_parent_v51_finite_cell
5463__x04_t14,5461_FINITE_PROJECTIVE_OWNER_CELL,E02,U024,MC04_SP_DP,B03,7,0,1,RIGHT_CONNECTOR,SIGN_DEFINITE_MONOTONE_PRINCIPAL_SQRT_RECTANGLE_WITH_PARENT_FALLBACK,0.8140981056003371,0.8143567613032168,0.0014375,0.00146875,9,x04_t14__finite_projective_depth9,0.030860585379902373,2.424897214496104e-10,True,,,6149.444298991049,0.0004762889240418325,1.1291685040898956,3.490368450764425,33.19822773005794,0,,POINTWISE_SUPREMUM,2.424897214496626e-10,5.221577616740987e-23,5.221577616740987e-23,4.071021800045855,True,True,False,False,False,False,False,E02__U024__RIGHT_CONNECTOR__MINIMUM_CERTIFIED_OUTER_GAP,x04_t14,representative,plus,0.002329116276510127,3.4903681009453247,D4-deformed-contour-regular-away-W3-v51,checkpoint_5461_parent_v51_finite_cell
5463__x04_t15,5461_FINITE_PROJECTIVE_OWNER_CELL,E02,U024,MC04_SP_DP,B03,7,0,1,RIGHT_CONNECTOR,SIGN_DEFINITE_MONOTONE_PRINCIPAL_SQRT_RECTANGLE_WITH_PARENT_FALLBACK,0.8140981056003371,0.8143567613032168,0.00146875,0.0015,9,x04_t15__finite_projective_depth9,0.030860585379902373,2.424897214496104e-10,True,,,6166.319373851886,0.00047630412116452507,1.1291691012686993,3.490368450764425,33.19283999339844,0,,POINTWISE_SUPREMUM,2.424897214496626e-10,5.221577616740987e-23,5.221577616740987e-23,3.8112809999729507,True,True,False,False,False,False,False,E02__U024__RIGHT_CONNECTOR__MINIMUM_CERTIFIED_OUTER_GAP,x04_t15,representative,plus,0.0023292311909578556,3.4903681009453247,D4-deformed-contour-regular-away-W3-v51,checkpoint_5461_parent_v51_finite_cell
5463__x04_t16,5461_FINITE_PROJECTIVE_OWNER_CELL,E02,U024,MC04_SP_DP,B03,7,0,1,RIGHT_CONNECTOR,SIGN_DEFINITE_MONOTONE_PRINCIPAL_SQRT_RECTANGLE_WITH_PARENT_FALLBACK,0.8140981056003371,0.8143567613032168,0.0015,0.00153125,9,x04_t16__finite_projective_depth9,0.030860585379902373,2.424897214496104e-10,True,,,6183.409767732586,0.0004763196494001589,1.1291697121583764,3.490368450764425,33.18736117919735,0,,POINTWISE_SUPREMUM,2.424897214496626e-10,5.221577616740987e-23,5.221577616740987e-23,4.512674600002356,True,True,False,False,False,False,False,E02__U024__RIGHT_CONNECTOR__MINIMUM_CERTIFIED_OUTER_GAP,x04_t16,representative,plus,0.0023293486147054846,3.4903681009453247,D4-deformed-contour-regular-away-W3-v51,checkpoint_5461_parent_v51_finite_cell
5463__x04_t17,5461_FINITE_PROJECTIVE_OWNER_CELL,E02,U024,MC04_SP_DP,B03,7,0,1,RIGHT_CONNECTOR,SIGN_DEFINITE_MONOTONE_PRINCIPAL_SQRT_RECTANGLE_WITH_PARENT_FALLBACK,0.8140981056003371,0.8143567613032168,0.00153125,0.0015625,9,x04_t17__finite_projective_depth9,0.030860585379902373,2.424897214496104e-10,True,,,6200.71207782622,0.0004763355086512906,1.1291703367500692,3.490368450764425,33.18179142604499,0,,POINTWISE_SUPREMUM,2.424897214496626e-10,5.221577616740987e-23,5.221577616740987e-23,3.800128599978052,True,True,False,False,False,False,False,E02__U024__RIGHT_CONNECTOR__MINIMUM_CERTIFIED_OUTER_GAP,x04_t17,representative,plus,0.0023294685472967846,3.4903681009453247,D4-deformed-contour-regular-away-W3-v51,checkpoint_5461_parent_v51_finite_cell
5463__x04_t18,5461_FINITE_PROJECTIVE_OWNER_CELL,E02,U024,MC04_SP_DP,B03,7,0,1,RIGHT_CONNECTOR,SIGN_DEFINITE_MONOTONE_PRINCIPAL_SQRT_RECTANGLE_WITH_PARENT_FALLBACK,0.8140981056003371,0.8143567613032168,0.0015625,0.0015937500000000001,9,x04_t18__finite_projective_depth9,0.030860585379902373,2.424897214496104e-10,True,,,6218.22287818468,0.00047635169881842524,1.1291709750347352,3.490368450764425,33.17613087512334,0,,POINTWISE_SUPREMUM,2.424897214496626e-10,5.221577616740987e-23,5.221577616740987e-23,4.030659199983347,True,True,False,False,False,False,False,E02__U024__RIGHT_CONNECTOR__MINIMUM_CERTIFIED_OUTER_GAP,x04_t18,representative,plus,0.002329590988265689,3.4903681009453247,D4-deformed-contour-regular-away-W3-v51,checkpoint_5461_parent_v51_finite_cell
5463__x04_t19,5461_FINITE_PROJECTIVE_OWNER_CELL,E02,U024,MC04_SP_DP,B03,7,0,1,RIGHT_CONNECTOR,SIGN_DEFINITE_MONOTONE_PRINCIPAL_SQRT_RECTANGLE_WITH_PARENT_FALLBACK,0.8140981056003371,0.8143567613032168,0.0015937500000000001,0.0016250000000000001,9,x04_t19__finite_projective_depth9,0.030860585379902373,2.424897214496104e-10,True,,,6235.938763652618,0.0004763682198000187,1.129171627003148,3.490368450764425,33.170379670198045,0,,POINTWISE_SUPREMUM,2.424897214496626e-10,5.221577616740987e-23,5.221577616740987e-23,3.845794200024102,True,True,False,False,False,False,False,E02__U024__RIGHT_CONNECTOR__MINIMUM_CERTIFIED_OUTER_GAP,x04_t19,representative,plus,0.002329715937136303,3.4903681009453247,D4-deformed-contour-regular-away-W3-v51,checkpoint_5461_parent_v51_finite_cell
5463__x04_t20,5461_FINITE_PROJECTIVE_OWNER_CELL,E02,U024,MC04_SP_DP,B03,7,0,1,RIGHT_CONNECTOR,SIGN_DEFINITE_MONOTONE_PRINCIPAL_SQRT_RECTANGLE_WITH_PARENT_FALLBACK,0.8140981056003371,0.8143567613032168,0.0016250000000000001,0.0016562500000000002,9,x04_t20__finite_projective_depth9,0.030860585379902373,2.424897214496104e-10,True,,,6253.856239044696,0.0004763850714924801,1.1291722926458974,3.490368450764425,33.16453795761066,0,,POINTWISE_SUPREMUM,2.424897214496626e-10,5.221577616740987e-23,5.221577616740987e-23,4.2300138999708,True,True,False,False,False,False,False,E02__U024__RIGHT_CONNECTOR__MINIMUM_CERTIFIED_OUTER_GAP,x04_t20,representative,plus,0.002329843393422911,3.4903681009453247,D4-deformed-contour-regular-away-W3-v51,checkpoint_5461_parent_v51_finite_cell
5463__x04_t21,5461_FINITE_PROJECTIVE_OWNER_CELL,E02,U024,MC04_SP_DP,B03,7,0,1,RIGHT_CONNECTOR,SIGN_DEFINITE_MONOTONE_PRINCIPAL_SQRT_RECTANGLE_WITH_PARENT_FALLBACK,0.8140981056003371,0.8143567613032168,0.0016562500000000002,0.0016875,9,x04_t21__finite_projective_depth9,0.030860585379902373,2.424897214496104e-10,True,,,6271.971804183234,0.0004764022537901742,1.1291729719533894,3.490368450764425,33.1586058862697,0,,POINTWISE_SUPREMUM,2.4248972144966096e-10,5.0561414942303817e-23,5.0561414942303817e-23,3.511227399983909,True,True,False,False,False,False,False,E02__U024__RIGHT_CONNECTOR__MINIMUM_CERTIFIED_OUTER_GAP,x04_t21,representative,plus,0.0023299733566299855,3.4903681009453247,D4-deformed-contour-regular-away-W3-v51,checkpoint_5461_parent_v51_finite_cell
5463__x04_t22,5461_FINITE_PROJECTIVE_OWNER_CELL,E02,U024,MC04_SP_DP,B03,7,0,1,RIGHT_CONNECTOR,SIGN_DEFINITE_MONOTONE_PRINCIPAL_SQRT_RECTANGLE_WITH_PARENT_FALLBACK,0.8140981056003371,0.8143567613032168,0.0016875,0.00171875,9,x04_t22__finite_projective_depth9,0.030860585379902373,2.424897214496104e-10,True,,,6290.281956334907,0.00047641976658542427,1.1291736649158473,3.490368450764425,33.15258360764324,0,,POINTWISE_SUPREMUM,2.424897214496626e-10,5.221577616740987e-23,5.221577616740987e-23,3.910193599993363,True,True,False,False,False,False,False,E02__U024__RIGHT_CONNECTOR__MINIMUM_CERTIFIED_OUTER_GAP,x04_t22,representative,plus,0.002330105826252195,3.4903681009453247,D4-deformed-contour-regular-away-W3-v51,checkpoint_5461_parent_v51_finite_cell
5463__x04_t23,5461_FINITE_PROJECTIVE_OWNER_CELL,E02,U024,MC04_SP_DP,B03,7,0,1,RIGHT_CONNECTOR,SIGN_DEFINITE_MONOTONE_PRINCIPAL_SQRT_RECTANGLE_WITH_PARENT_FALLBACK,0.8140981056003371,0.8143567613032168,0.00171875,0.00175,9,x04_t23__finite_projective_depth9,0.030860585379902373,2.424897214496104e-10,True,,,6308.783177363794,0.0004764376097685143,1.1291743715233118,3.490368450764425,33.14647127574942,0,,POINTWISE_SUPREMUM,2.424897214496626e-10,5.221577616740987e-23,5.221577616740987e-23,4.726727800036315,True,True,False,False,False,False,False,E02__U024__RIGHT_CONNECTOR__MINIMUM_CERTIFIED_OUTER_GAP,x04_t23,representative,plus,0.002330240801774411,3.4903681009453247,D4-deformed-contour-regular-away-W3-v51,checkpoint_5461_parent_v51_finite_cell
5463__x04_t24,5461_FINITE_PROJECTIVE_OWNER_CELL,E02,U024,MC04_SP_DP,B03,7,0,1,RIGHT_CONNECTOR,SIGN_DEFINITE_MONOTONE_PRINCIPAL_SQRT_RECTANGLE_WITH_PARENT_FALLBACK,0.8140981056003371,0.8143567613032168,0.00175,0.00178125,9,x04_t24__finite_projective_depth9,0.030860585379902373,2.424897214496104e-10,True,,,6327.471935185669,0.00047645578322769166,1.1291750917656405,3.490368450764425,33.140269047148486,0,,POINTWISE_SUPREMUM,2.424897214496626e-10,5.221577616740987e-23,5.221577616740987e-23,3.8897159000043757,True,True,False,False,False,False,False,E02__U024__RIGHT_CONNECTOR__MINIMUM_CERTIFIED_OUTER_GAP,x04_t24,representative,plus,0.0023303782826717204,3.4903681009453247,D4-deformed-contour-regular-away-W3-v51,checkpoint_5461_parent_v51_finite_cell
5463__x04_t25,5461_FINITE_PROJECTIVE_OWNER_CELL,E02,U024,MC04_SP_DP,B03,7,0,1,RIGHT_CONNECTOR,SIGN_DEFINITE_MONOTONE_PRINCIPAL_SQRT_RECTANGLE_WITH_PARENT_FALLBACK,0.8140981056003371,0.8143567613032168,0.00178125,0.0018125,9,x04_t25__finite_projective_depth9,0.030860585379902373,2.424897214496104e-10,True,,,6346.344685191309,0.0004764742868491702,1.1291758256325097,3.490368450764425,33.133977080933434,0,,POINTWISE_SUPREMUM,2.424897214496626e-10,5.221577616740987e-23,5.221577616740987e-23,3.416605999984313,True,True,False,False,False,False,False,E02__U024__RIGHT_CONNECTOR__MINIMUM_CERTIFIED_OUTER_GAP,x04_t25,representative,plus,0.0023305182684094303,3.4903681009453247,D4-deformed-contour-regular-away-W3-v51,checkpoint_5461_parent_v51_finite_cell
5463__x04_t26,5461_FINITE_PROJECTIVE_OWNER_CELL,E02,U024,MC04_SP_DP,B03,7,0,1,RIGHT_CONNECTOR,SIGN_DEFINITE_MONOTONE_PRINCIPAL_SQRT_RECTANGLE_WITH_PARENT_FALLBACK,0.8140981056003371,0.8143567613032168,0.0018125,0.00184375,9,x04_t26__finite_projective_depth9,0.030860585379902373,2.424897214496104e-10,True,,,6365.397871635524,0.0004764931205171323,1.129176573113414,3.490368450764425,33.127595538721565,0,,POINTWISE_SUPREMUM,2.4248972144966096e-10,5.0561414942303817e-23,5.0561414942303817e-23,3.548290300008375,True,True,False,False,False,False,False,E02__U024__RIGHT_CONNECTOR__MINIMUM_CERTIFIED_OUTER_GAP,x04_t26,representative,plus,0.00233066075844308,3.4903681009453247,D4-deformed-contour-regular-away-W3-v51,checkpoint_5461_parent_v51_finite_cell
5463__x04_t27,5461_FINITE_PROJECTIVE_OWNER_CELL,E02,U024,MC04_SP_DP,B03,7,0,1,RIGHT_CONNECTOR,SIGN_DEFINITE_MONOTONE_PRINCIPAL_SQRT_RECTANGLE_WITH_PARENT_FALLBACK,0.8140981056003371,0.8143567613032168,0.00184375,0.001875,9,x04_t27__finite_projective_depth9,0.030860585379902373,2.424897214496104e-10,True,,,6384.6279289949725,0.0004765122841137322,1.1291773341976665,3.490368450764425,33.12112458464492,0,,POINTWISE_SUPREMUM,2.424897214496626e-10,5.221577616740987e-23,5.221577616740987e-23,3.7165722000063397,True,True,False,False,False,False,False,E02__U024__RIGHT_CONNECTOR__MINIMUM_CERTIFIED_OUTER_GAP,x04_t27,representative,plus,0.0023308057522184486,3.4903681009453247,D4-deformed-contour-regular-away-W3-v51,checkpoint_5461_parent_v51_finite_cell
5463__x04_t28,5461_FINITE_PROJECTIVE_OWNER_CELL,E02,U024,MC04_SP_DP,B03,7,0,1,RIGHT_CONNECTOR,SIGN_DEFINITE_MONOTONE_PRINCIPAL_SQRT_RECTANGLE_WITH_PARENT_FALLBACK,0.8140981056003371,0.8143567613032168,0.001875,0.00190625,9,x04_t28__finite_projective_depth9,0.030860585379902373,2.424897214496104e-10,True,,,6404.031283290102,0.00047653177751909873,1.1291781088743997,3.490368450764425,33.1145643853415,0,,POINTWISE_SUPREMUM,2.424897214496626e-10,5.221577616740987e-23,5.221577616740987e-23,4.297963100019842,True,True,False,False,False,False,False,E02__U024__RIGHT_CONNECTOR__MINIMUM_CERTIFIED_OUTER_GAP,x04_t28,representative,plus,0.0023309532491715638,3.4903681009453247,D4-deformed-contour-regular-away-W3-v51,checkpoint_5461_parent_v51_finite_cell
5463__x04_t29,5461_FINITE_PROJECTIVE_OWNER_CELL,E02,U024,MC04_SP_DP,B03,7,0,1,RIGHT_CONNECTOR,SIGN_DEFINITE_MONOTONE_PRINCIPAL_SQRT_RECTANGLE_WITH_PARENT_FALLBACK,0.8140981056003371,0.8143567613032168,0.00190625,0.0019375,9,x04_t29__finite_projective_depth9,0.030860585379902373,2.424897214496104e-10,True,,,6423.620486414078,0.0004765516006113378,1.1291788971325658,3.490368450764425,33.10791510994561,0,,POINTWISE_SUPREMUM,2.424897214496626e-10,5.221577616740987e-23,5.221577616740987e-23,3.325172500044573,True,True,False,False,False,False,False,E02__U024__RIGHT_CONNECTOR__MINIMUM_CERTIFIED_OUTER_GAP,x04_t29,representative,plus,0.0023311032487287136,3.4903681009453247,D4-deformed-contour-regular-away-W3-v51,checkpoint_5461_parent_v51_finite_cell
5463__x04_t30,5461_FINITE_PROJECTIVE_OWNER_CELL,E02,U024,MC04_SP_DP,B03,7,0,1,RIGHT_CONNECTOR,SIGN_DEFINITE_MONOTONE_PRINCIPAL_SQRT_RECTANGLE_WITH_PARENT_FALLBACK,0.8140981056003371,0.8143567613032168,0.0019375,0.00196875,9,x04_t30__finite_projective_depth9,0.030860585379902373,2.424897214496104e-10,True,,,6443.387480840858,0.0004765717532665358,1.1291796989609368,3.490368450764425,33.10117693007828,0,,POINTWISE_SUPREMUM,2.424897214496626e-10,5.221577616740987e-23,5.221577616740987e-23,3.718642899999395,True,True,False,False,False,False,False,E02__U024__RIGHT_CONNECTOR__MINIMUM_CERTIFIED_OUTER_GAP,x04_t30,representative,plus,0.002331255750306455,3.4903681009453247,D4-deformed-contour-regular-away-W3-v51,checkpoint_5461_parent_v51_finite_cell
5463__x04_t31,5461_FINITE_PROJECTIVE_OWNER_CELL,E02,U024,MC04_SP_DP,B03,7,0,1,RIGHT_CONNECTOR,SIGN_DEFINITE_MONOTONE_PRINCIPAL_SQRT_RECTANGLE_WITH_PARENT_FALLBACK,0.8140981056003371,0.8143567613032168,0.00196875,0.002,9,x04_t31__finite_projective_depth9,0.030860585379902373,2.424897214496104e-10,True,,,6463.317890972028,0.0004765922353587623,1.129180514348105,3.490368450764425,33.09435001983801,0,,POINTWISE_SUPREMUM,2.424897214496626e-10,5.221577616740987e-23,5.221577616740987e-23,3.7051219000131823,True,True,False,False,False,False,False,E02__U024__RIGHT_CONNECTOR__MINIMUM_CERTIFIED_OUTER_GAP,x04_t31,representative,plus,0.0023314107533116213,3.4903681009453247,D4-deformed-contour-regular-away-W3-v51,checkpoint_5461_parent_v51_finite_cell
5463__x05_t00,5461_FINITE_PROJECTIVE_OWNER_CELL,E02,U024,MC04_SP_DP,B03,7,0,1,RIGHT_CONNECTOR,SIGN_DEFINITE_MONOTONE_PRINCIPAL_SQRT_RECTANGLE_WITH_PARENT_FALLBACK,0.8143567613032168,0.8146154170060963,0.001,0.00103125,9,x05_t00__finite_projective_depth9,0.030860585379902373,2.424897214496104e-10,True,,,7262.584324249776,0.0004706564127868234,1.128255940637494,3.4930447283044614,32.695802304407906,0,,POINTWISE_SUPREMUM,2.424897214495585e-10,5.1905583437702487e-23,0.0,3.688275300024543,True,True,False,False,False,False,False,E02__U024__RIGHT_CONNECTOR__MINIMUM_CERTIFIED_OUTER_GAP,x05_t00,representative,plus,0.0022986556863273944,3.4930443782161107,D4-deformed-contour-regular-away-W3-v51,checkpoint_5461_parent_v51_finite_cell
5463__x05_t01,5461_FINITE_PROJECTIVE_OWNER_CELL,E02,U024,MC04_SP_DP,B03,7,0,1,RIGHT_CONNECTOR,SIGN_DEFINITE_MONOTONE_PRINCIPAL_SQRT_RECTANGLE_WITH_PARENT_FALLBACK,0.8143567613032168,0.8146154170060963,0.00103125,0.0010625,9,x05_t01__finite_projective_depth9,0.030860585379902373,2.424897214496104e-10,True,,,7279.416825879739,0.00047066706894693326,1.1282563569041029,3.4930447283044614,32.69155940445249,0,,POINTWISE_SUPREMUM,2.424897214495585e-10,5.1905583437702487e-23,0.0,3.828804899996612,True,True,False,False,False,False,False,E02__U024__RIGHT_CONNECTOR__MINIMUM_CERTIFIED_OUTER_GAP,x05_t01,representative,plus,0.002298736248559876,3.4930443782161107,D4-deformed-contour-regular-away-W3-v51,checkpoint_5461_parent_v51_finite_cell
5463__x05_t02,5461_FINITE_PROJECTIVE_OWNER_CELL,E02,U024,MC04_SP_DP,B03,7,0,1,RIGHT_CONNECTOR,SIGN_DEFINITE_MONOTONE_PRINCIPAL_SQRT_RECTANGLE_WITH_PARENT_FALLBACK,0.8143567613032168,0.8146154170060963,0.0010625,0.00109375,9,x05_t02__finite_projective_depth9,0.030860585379902373,2.424897214496104e-10,True,,,7296.5716937440875,0.00047067806064442837,1.1282567873646243,3.4930447283044614,32.68722040190472,0,,POINTWISE_SUPREMUM,2.424897214495585e-10,5.1905583437702487e-23,0.0,4.5206792000099085,True,True,False,False,False,False,False,E02__U024__RIGHT_CONNECTOR__MINIMUM_CERTIFIED_OUTER_GAP,x05_t02,representative,plus,0.002298819351540304,3.4930443782161107,D4-deformed-contour-regular-away-W3-v51,checkpoint_5461_parent_v51_finite_cell
5463__x05_t03,5461_FINITE_PROJECTIVE_OWNER_CELL,E02,U024,MC04_SP_DP,B03,7,0,1,RIGHT_CONNECTOR,SIGN_DEFINITE_MONOTONE_PRINCIPAL_SQRT_RECTANGLE_WITH_PARENT_FALLBACK,0.8143567613032168,0.8146154170060963,0.00109375,0.0011250000000000001,9,x05_t03__finite_projective_depth9,0.030860585379902373,2.424897214496104e-10,True,,,7314.0461360748795,0.00047068938780866625,1.1282572320125048,3.4930447283044614,32.68278540499121,0,,POINTWISE_SUPREMUM,2.424897214495585e-10,5.1905583437702487e-23,0.0,4.286589799972717,True,True,False,False,False,False,False,E02__U024__RIGHT_CONNECTOR__MINIMUM_CERTIFIED_OUTER_GAP,x05_t03,representative,plus,0.0022989049949412167,3.4930443782161107,D4-deformed-contour-regular-away-W3-v51,checkpoint_5461_parent_v51_finite_cell
5463__x05_t04,5461_FINITE_PROJECTIVE_OWNER_CELL,E02,U024,MC04_SP_DP,B03,7,0,1,RIGHT_CONNECTOR,SIGN_DEFINITE_MONOTONE_PRINCIPAL_SQRT_RECTANGLE_WITH_PARENT_FALLBACK,0.8143567613032168,0.8146154170060963,0.0011250000000000001,0.00115625,9,x05_t04__finite_projective_depth9,0.030860585379902373,2.424897214496104e-10,True,,,7331.834983731253,0.00047070105036685946,1.128257690840993,3.4930447283044614,32.67825452480342,0,,POINTWISE_SUPREMUM,2.424897214495569e-10,5.350824587452398e-23,0.0,4.0025885999784805,True,True,False,False,False,False,False,E02__U024__RIGHT_CONNECTOR__MINIMUM_CERTIFIED_OUTER_GAP,x05_t04,representative,plus,0.00229899317842492,3.4930443782161107,D4-deformed-contour-regular-away-W3-v51,checkpoint_5461_parent_v51_finite_cell
5463__x05_t05,5461_FINITE_PROJECTIVE_OWNER_CELL,E02,U024,MC04_SP_DP,B03,7,0,1,RIGHT_CONNECTOR,SIGN_DEFINITE_MONOTONE_PRINCIPAL_SQRT_RECTANGLE_WITH_PARENT_FALLBACK,0.8143567613032168,0.8146154170060963,0.00115625,0.0011875,9,x05_t05__finite_projective_depth9,0.030860585379902373,2.424897214496104e-10,True,,,7349.936774261515,0.000470713048244077,1.1282581638431401,3.4930447283044614,32.673627875291565,0,,POINTWISE_SUPREMUM,2.424897214495585e-10,5.1905583437702487e-23,0.0,3.3825609000050463,True,True,False,False,False,False,False,E02__U024__RIGHT_CONNECTOR__MINIMUM_CERTIFIED_OUTER_GAP,x05_t05,representative,plus,0.0022990839016434907,3.4930443782161107,D4-deformed-contour-regular-away-W3-v51,checkpoint_5461_parent_v51_finite_cell
5463__x05_t06,5461_FINITE_PROJECTIVE_OWNER_CELL,E02,U024,MC04_SP_DP,B03,7,0,1,RIGHT_CONNECTOR,SIGN_DEFINITE_MONOTONE_PRINCIPAL_SQRT_RECTANGLE_WITH_PARENT_FALLBACK,0.8143567613032168,0.8146154170060963,0.0011875,0.00121875,9,x05_t06__finite_projective_depth9,0.030860585379902373,2.424897214496104e-10,True,,,7368.351998706891,0.00047072538136324655,1.1282586510118005,3.4930447283044614,32.66890557325802,0,,POINTWISE_SUPREMUM,2.424897214495585e-10,5.1905583437702487e-23,0.0,3.5029470999725163,True,True,False,False,False,False,False,E02__U024__RIGHT_CONNECTOR__MINIMUM_CERTIFIED_OUTER_GAP,x05_t06,representative,plus,0.002299177164238785,3.4930443782161107,D4-deformed-contour-regular-away-W3-v51,checkpoint_5461_parent_v51_finite_cell
5463__x05_t07,5461_FINITE_PROJECTIVE_OWNER_CELL,E02,U024,MC04_SP_DP,B03,7,0,1,RIGHT_CONNECTOR,SIGN_DEFINITE_MONOTONE_PRINCIPAL_SQRT_RECTANGLE_WITH_PARENT_FALLBACK,0.8143567613032168,0.8146154170060963,0.00121875,0.00125,9,x05_t07__finite_projective_depth9,0.030860585379902373,2.424897214496104e-10,True,,,7387.070067942533,0.00047073804964515594,1.1282591523396306,3.4930447283044614,32.66408773835036,0,,POINTWISE_SUPREMUM,2.424897214495585e-10,5.1905583437702487e-23,0.0,3.684353500022553,True,True,False,False,False,False,False,E02__U024__RIGHT_CONNECTOR__MINIMUM_CERTIFIED_OUTER_GAP,x05_t07,representative,plus,0.002299272965842441,3.4930443782161107,D4-deformed-contour-regular-away-W3-v51,checkpoint_5461_parent_v51_finite_cell
5463__x05_t08,5461_FINITE_PROJECTIVE_OWNER_CELL,E02,U024,MC04_SP_DP,B03,7,0,1,RIGHT_CONNECTOR,SIGN_DEFINITE_MONOTONE_PRINCIPAL_SQRT_RECTANGLE_WITH_PARENT_FALLBACK,0.8143567613032168,0.8146154170060963,0.00125,0.00128125,9,x05_t08__finite_projective_depth9,0.030860585379902373,2.424897214496104e-10,True,,,7406.087007714558,0.00047075105300845553,1.1282596678190915,3.4930447283044614,32.65917449305496,0,,POINTWISE_SUPREMUM,2.424897214495585e-10,5.1905583437702487e-23,0.0,3.5472375999670476,True,True,False,False,False,False,False,E02__U024__RIGHT_CONNECTOR__MINIMUM_CERTIFIED_OUTER_GAP,x05_t08,representative,plus,0.0022993713060758883,3.4930443782161107,D4-deformed-contour-regular-away-W3-v51,checkpoint_5461_parent_v51_finite_cell
5463__x05_t09,5461_FINITE_PROJECTIVE_OWNER_CELL,E02,U024,MC04_SP_DP,B03,7,0,1,RIGHT_CONNECTOR,SIGN_DEFINITE_MONOTONE_PRINCIPAL_SQRT_RECTANGLE_WITH_PARENT_FALLBACK,0.8143567613032168,0.8146154170060963,0.00128125,0.0013125,9,x05_t09__finite_projective_depth9,0.030860585379902373,2.424897214496104e-10,True,,,7425.398795149464,0.0004707643913696598,1.1282601974424469,3.4930447283044614,32.65416596268933,0,,POINTWISE_SUPREMUM,2.424897214495585e-10,5.1905583437702487e-23,0.0,4.07910339999944,True,True,False,False,False,False,False,E02__U024__RIGHT_CONNECTOR__MINIMUM_CERTIFIED_OUTER_GAP,x05_t09,representative,plus,0.002299472184550354,3.4930443782161107,D4-deformed-contour-regular-away-W3-v51,checkpoint_5461_parent_v51_finite_cell
5463__x05_t10,5461_FINITE_PROJECTIVE_OWNER_CELL,E02,U024,MC04_SP_DP,B03,7,0,1,RIGHT_CONNECTOR,SIGN_DEFINITE_MONOTONE_PRINCIPAL_SQRT_RECTANGLE_WITH_PARENT_FALLBACK,0.8143567613032168,0.8146154170060963,0.0013125,0.00134375,9,x05_t10__finite_projective_depth9,0.030860585379902373,2.424897214496104e-10,True,,,7445.001361090095,0.0004707780646431498,1.1282607412017647,3.4930447283044614,32.649062275395366,0,,POINTWISE_SUPREMUM,2.424897214495569e-10,5.350824587452398e-23,0.0,3.812657200032845,True,True,False,False,False,False,False,E02__U024__RIGHT_CONNECTOR__MINIMUM_CERTIFIED_OUTER_GAP,x05_t10,representative,plus,0.0022995756008668674,3.4930443782161107,D4-deformed-contour-regular-away-W3-v51,checkpoint_5461_parent_v51_finite_cell
5463__x05_t11,5461_FINITE_PROJECTIVE_OWNER_CELL,E02,U024,MC04_SP_DP,B03,7,0,1,RIGHT_CONNECTOR,SIGN_DEFINITE_MONOTONE_PRINCIPAL_SQRT_RECTANGLE_WITH_PARENT_FALLBACK,0.8143567613032168,0.8146154170060963,0.00134375,0.001375,9,x05_t11__finite_projective_depth9,0.030860585379902373,2.424897214496104e-10,True,,,7464.890592410967,0.00047079207274117494,1.1282612990889176,3.4930447283044614,32.64386356213179,0,,POINTWISE_SUPREMUM,2.424897214495585e-10,5.1905583437702487e-23,0.0,4.082717099983711,True,True,False,False,False,False,False,E02__U024__RIGHT_CONNECTOR__MINIMUM_CERTIFIED_OUTER_GAP,x05_t11,representative,plus,0.0022996815546162687,3.4930443782161107,D4-deformed-contour-regular-away-W3-v51,checkpoint_5461_parent_v51_finite_cell
5463__x05_t12,5461_FINITE_PROJECTIVE_OWNER_CELL,E02,U024,MC04_SP_DP,B03,7,0,1,RIGHT_CONNECTOR,SIGN_DEFINITE_MONOTONE_PRINCIPAL_SQRT_RECTANGLE_WITH_PARENT_FALLBACK,0.8143567613032168,0.8146154170060963,0.001375,0.00140625,9,x05_t12__finite_projective_depth9,0.030860585379902373,2.424897214496104e-10,True,,,7485.063178722026,0.0004708064155738553,1.128261871095582,3.4930447283044614,32.63856994524852,0,,POINTWISE_SUPREMUM,2.424897214495585e-10,5.1905583437702487e-23,0.0,3.5876208000117913,True,True,False,False,False,False,False,E02__U024__RIGHT_CONNECTOR__MINIMUM_CERTIFIED_OUTER_GAP,x05_t12,representative,plus,0.0022997900453792155,3.4930443782161107,D4-deformed-contour-regular-away-W3-v51,checkpoint_5461_parent_v51_finite_cell
5463__x05_t13,5461_FINITE_PROJECTIVE_OWNER_CELL,E02,U024,MC04_SP_DP,B03,7,0,1,RIGHT_CONNECTOR,SIGN_DEFINITE_MONOTONE_PRINCIPAL_SQRT_RECTANGLE_WITH_PARENT_FALLBACK,0.8143567613032168,0.8146154170060963,0.00140625,0.0014375,9,x05_t13__finite_projective_depth9,0.030860585379902373,2.424897214496104e-10,True,,,7505.5141956706375,0.0004708210930491839,1.12826245721324,3.4930447283044614,32.633181570734926,0,,POINTWISE_SUPREMUM,2.424897214495585e-10,5.1905583437702487e-23,0.0,3.5746269000228494,True,True,False,False,False,False,False,E02__U024__RIGHT_CONNECTOR__MINIMUM_CERTIFIED_OUTER_GAP,x05_t13,representative,plus,0.0022999010727261897,3.4930443782161107,D4-deformed-contour-regular-away-W3-v51,checkpoint_5461_parent_v51_finite_cell
5463__x05_t14,5461_FINITE_PROJECTIVE_OWNER_CELL,E02,U024,MC04_SP_DP,B03,7,0,1,RIGHT_CONNECTOR,SIGN_DEFINITE_MONOTONE_PRINCIPAL_SQRT_RECTANGLE_WITH_PARENT_FALLBACK,0.8143567613032168,0.8146154170060963,0.0014375,0.00146875,9,x05_t14__finite_projective_depth9,0.030860585379902373,2.424897214496104e-10,True,,,7526.239332479553,0.0004708361050730287,1.128263057433178,3.4930447283044614,32.62769857936926,0,,POINTWISE_SUPREMUM,2.424897214495585e-10,5.1905583437702487e-23,0.0,3.675293000007514,True,True,False,False,False,False,False,E02__U024__RIGHT_CONNECTOR__MINIMUM_CERTIFIED_OUTER_GAP,x05_t14,representative,plus,0.002300014636217504,3.4930443782161107,D4-deformed-contour-regular-away-W3-v51,checkpoint_5461_parent_v51_finite_cell
5463__x05_t15,5461_FINITE_PROJECTIVE_OWNER_CELL,E02,U024,MC04_SP_DP,B03,7,0,1,RIGHT_CONNECTOR,SIGN_DEFINITE_MONOTONE_PRINCIPAL_SQRT_RECTANGLE_WITH_PARENT_FALLBACK,0.8143567613032168,0.8146154170060963,0.00146875,0.0015,9,x05_t15__finite_projective_depth9,0.030860585379902373,2.424897214496104e-10,True,,,7547.234322489507,0.0004708514515491352,1.128263671746489,3.4930447283044614,32.62212111330042,0,,POINTWISE_SUPREMUM,2.424897214495585e-10,5.1905583437702487e-23,0.0,3.37499049998587,True,True,False,False,False,False,False,E02__U024__RIGHT_CONNECTOR__MINIMUM_CERTIFIED_OUTER_GAP,x05_t15,representative,plus,0.002300130735403313,3.4930443782161107,D4-deformed-contour-regular-away-W3-v51,checkpoint_5461_parent_v51_finite_cell
5463__x05_t16,5461_FINITE_PROJECTIVE_OWNER_CELL,E02,U024,MC04_SP_DP,B03,7,0,1,RIGHT_CONNECTOR,SIGN_DEFINITE_MONOTONE_PRINCIPAL_SQRT_RECTANGLE_WITH_PARENT_FALLBACK,0.8143567613032168,0.8146154170060963,0.0015,0.00153125,9,x05_t16__finite_projective_depth9,0.030860585379902373,2.424897214496104e-10,True,,,7568.494866309669,0.0004708671323791287,1.1282643001440706,3.4930447283044614,32.616449317454396,0,,POINTWISE_SUPREMUM,2.424897214495585e-10,5.1905583437702487e-23,0.0,3.4441956999944523,True,True,False,False,False,False,False,E02__U024__RIGHT_CONNECTOR__MINIMUM_CERTIFIED_OUTER_GAP,x05_t16,representative,plus,0.0023002493698236147,3.4930443782161107,D4-deformed-contour-regular-away-W3-v51,checkpoint_5461_parent_v51_finite_cell
5463__x05_t17,5461_FINITE_PROJECTIVE_OWNER_CELL,E02,U024,MC04_SP_DP,B03,7,0,1,RIGHT_CONNECTOR,SIGN_DEFINITE_MONOTONE_PRINCIPAL_SQRT_RECTANGLE_WITH_PARENT_FALLBACK,0.8143567613032168,0.8146154170060963,0.00153125,0.0015625,9,x05_t17__finite_projective_depth9,0.030860585379902373,2.424897214496104e-10,True,,,7590.016633874973,0.00047088314746251666,1.1282649426166278,3.4930447283044614,32.61068333952649,0,,POINTWISE_SUPREMUM,2.424897214495585e-10,5.1905583437702487e-23,0.0,3.4772188999922946,True,True,False,False,False,False,False,E02__U024__RIGHT_CONNECTOR__MINIMUM_CERTIFIED_OUTER_GAP,x05_t17,representative,plus,0.0023003705390082663,3.4930443782161107,D4-deformed-contour-regular-away-W3-v51,checkpoint_5461_parent_v51_finite_cell
5463__x05_t18,5461_FINITE_PROJECTIVE_OWNER_CELL,E02,U024,MC04_SP_DP,B03,7,0,1,RIGHT_CONNECTOR,SIGN_DEFINITE_MONOTONE_PRINCIPAL_SQRT_RECTANGLE_WITH_PARENT_FALLBACK,0.8143567613032168,0.8146154170060963,0.0015625,0.0015937500000000001,9,x05_t18__finite_projective_depth9,0.030860585379902373,2.424897214496104e-10,True,,,7611.795317574328,0.0004708994966966912,1.1282655991546715,3.4930447283044614,32.6048233299723,0,,POINTWISE_SUPREMUM,2.424897214495585e-10,5.1905583437702487e-23,0.0,3.6055218999972567,True,True,False,False,False,False,False,E02__U024__RIGHT_CONNECTOR__MINIMUM_CERTIFIED_OUTER_GAP,x05_t18,representative,plus,0.0023004942424769853,3.4930443782161107,D4-deformed-contour-regular-away-W3-v51,checkpoint_5461_parent_v51_finite_cell
5463__x05_t19,5461_FINITE_PROJECTIVE_OWNER_CELL,E02,U024,MC04_SP_DP,B03,7,0,1,RIGHT_CONNECTOR,SIGN_DEFINITE_MONOTONE_PRINCIPAL_SQRT_RECTANGLE_WITH_PARENT_FALLBACK,0.8143567613032168,0.8146154170060963,0.0015937500000000001,0.0016250000000000001,9,x05_t19__finite_projective_depth9,0.030860585379902373,2.424897214496104e-10,True,,,7633.8265044440495,0.0004709161799769316,1.12826626974852,3.4930447283044614,32.59886944199933,0,,POINTWISE_SUPREMUM,2.424897214495585e-10,5.1905583437702487e-23,0.0,4.04451410000911,True,True,False,False,False,False,False,E02__U024__RIGHT_CONNECTOR__MINIMUM_CERTIFIED_OUTER_GAP,x05_t19,representative,plus,0.0023006204797393604,3.4930443782161107,D4-deformed-contour-regular-away-W3-v51,checkpoint_5461_parent_v51_finite_cell
5463__x05_t20,5461_FINITE_PROJECTIVE_OWNER_CELL,E02,U024,MC04_SP_DP,B03,7,0,1,RIGHT_CONNECTOR,SIGN_DEFINITE_MONOTONE_PRINCIPAL_SQRT_RECTANGLE_WITH_PARENT_FALLBACK,0.8143567613032168,0.8146154170060963,0.0016250000000000001,0.0016562500000000002,9,x05_t20__finite_projective_depth9,0.030860585379902373,2.424897214496104e-10,True,,,7656.105761969545,0.00047093319719640703,1.1282669543882984,3.4930447283044614,32.59282183155813,0,,POINTWISE_SUPREMUM,2.424897214495585e-10,5.1905583437702487e-23,0.0,3.665227400022559,True,True,False,False,False,False,False,E02__U024__RIGHT_CONNECTOR__MINIMUM_CERTIFIED_OUTER_GAP,x05_t20,representative,plus,0.002300749250294861,3.4930443782161107,D4-deformed-contour-regular-away-W3-v51,checkpoint_5461_parent_v51_finite_cell
5463__x05_t21,5461_FINITE_PROJECTIVE_OWNER_CELL,E02,U024,MC04_SP_DP,B03,7,0,1,RIGHT_CONNECTOR,SIGN_DEFINITE_MONOTONE_PRINCIPAL_SQRT_RECTANGLE_WITH_PARENT_FALLBACK,0.8143567613032168,0.8146154170060963,0.0016562500000000002,0.0016875,9,x05_t21__finite_projective_depth9,0.030860585379902373,2.424897214496104e-10,True,,,7678.628658023929,0.00047095054824617885,1.1282676530639397,3.4930447283044614,32.58668065733323,0,,POINTWISE_SUPREMUM,2.424897214495569e-10,5.350824587452398e-23,0.0,3.5878448000294156,True,True,False,False,False,False,False,E02__U024__RIGHT_CONNECTOR__MINIMUM_CERTIFIED_OUTER_GAP,x05_t21,representative,plus,0.0023008805536328444,3.4930443782161107,D4-deformed-contour-regular-away-W3-v51,checkpoint_5461_parent_v51_finite_cell
5463__x05_t22,5461_FINITE_PROJECTIVE_OWNER_CELL,E02,U024,MC04_SP_DP,B03,7,0,1,RIGHT_CONNECTOR,SIGN_DEFINITE_MONOTONE_PRINCIPAL_SQRT_RECTANGLE_WITH_PARENT_FALLBACK,0.8143567613032168,0.8146154170060963,0.0016875,0.00171875,9,x05_t22__finite_projective_depth9,0.030860585379902373,2.424897214496104e-10,True,,,7701.3907399271275,0.00047096823301520364,1.1282683657651855,3.4930447283044614,32.58044608073392,0,,POINTWISE_SUPREMUM,2.424897214495585e-10,5.1905583437702487e-23,0.0,3.686820999952033,True,True,False,False,False,False,False,E02__U024__RIGHT_CONNECTOR__MINIMUM_CERTIFIED_OUTER_GAP,x05_t22,representative,plus,0.0023010143892325664,3.4930443782161107,D4-deformed-contour-regular-away-W3-v51,checkpoint_5461_parent_v51_finite_cell
5463__x05_t23,5461_FINITE_PROJECTIVE_OWNER_CELL,E02,U024,MC04_SP_DP,B03,7,0,1,RIGHT_CONNECTOR,SIGN_DEFINITE_MONOTONE_PRINCIPAL_SQRT_RECTANGLE_WITH_PARENT_FALLBACK,0.8143567613032168,0.8146154170060963,0.00171875,0.00175,9,x05_t23__finite_projective_depth9,0.030860585379902373,2.424897214496104e-10,True,,,7724.38753634903,0.0004709862513903356,1.128269092481585,3.4930447283044614,32.574118265885055,0,,POINTWISE_SUPREMUM,2.424897214495585e-10,5.1905583437702487e-23,0.0,3.8499810999492183,True,True,False,False,False,False,False,E02__U024__RIGHT_CONNECTOR__MINIMUM_CERTIFIED_OUTER_GAP,x05_t23,representative,plus,0.002301150756563185,3.4930443782161107,D4-deformed-contour-regular-away-W3-v51,checkpoint_5461_parent_v51_finite_cell
5463__x05_t24,5461_FINITE_PROJECTIVE_OWNER_CELL,E02,U024,MC04_SP_DP,B03,7,0,1,RIGHT_CONNECTOR,SIGN_DEFINITE_MONOTONE_PRINCIPAL_SQRT_RECTANGLE_WITH_PARENT_FALLBACK,0.8143567613032168,0.8146154170060963,0.00175,0.00178125,9,x05_t24__finite_projective_depth9,0.030860585379902373,2.424897214496104e-10,True,,,7747.614559172131,0.0004710046032563295,1.1282698332024967,3.4930447283044614,32.56769737961756,0,,POINTWISE_SUPREMUM,2.424897214495585e-10,5.1905583437702487e-23,0.0,3.464181000017561,True,True,False,False,False,False,False,E02__U024__RIGHT_CONNECTOR__MINIMUM_CERTIFIED_OUTER_GAP,x05_t24,representative,plus,0.0023012896550837787,3.4930443782161107,D4-deformed-contour-regular-away-W3-v51,checkpoint_5461_parent_v51_finite_cell
5463__x05_t25,5461_FINITE_PROJECTIVE_OWNER_CELL,E02,U024,MC04_SP_DP,B03,7,0,1,RIGHT_CONNECTOR,SIGN_DEFINITE_MONOTONE_PRINCIPAL_SQRT_RECTANGLE_WITH_PARENT_FALLBACK,0.8143567613032168,0.8146154170060963,0.00178125,0.0018125,9,x05_t25__finite_projective_depth9,0.030860585379902373,2.424897214496104e-10,True,,,7771.067305310659,0.0004710232884958436,1.1282705879170885,3.4930447283044614,32.56118359145878,0,,POINTWISE_SUPREMUM,2.424897214495585e-10,5.1905583437702487e-23,0.0,3.4691399000003003,True,True,False,False,False,False,False,E02__U024__RIGHT_CONNECTOR__MINIMUM_CERTIFIED_OUTER_GAP,x05_t25,representative,plus,0.0023014310842433454,3.4930443782161107,D4-deformed-contour-regular-away-W3-v51,checkpoint_5461_parent_v51_finite_cell
5463__x05_t26,5461_FINITE_PROJECTIVE_OWNER_CELL,E02,U024,MC04_SP_DP,B03,7,0,1,RIGHT_CONNECTOR,SIGN_DEFINITE_MONOTONE_PRINCIPAL_SQRT_RECTANGLE_WITH_PARENT_FALLBACK,0.8143567613032168,0.8146154170060963,0.0018125,0.00184375,9,x05_t26__finite_projective_depth9,0.030860585379902373,2.424897214496104e-10,True,,,7794.741258486438,0.0004710423069894421,1.1282713566143374,3.4930447283044614,32.55457707362269,0,,POINTWISE_SUPREMUM,2.424897214495569e-10,5.350824587452398e-23,0.0,3.433104399999138,True,True,False,False,False,False,False,E02__U024__RIGHT_CONNECTOR__MINIMUM_CERTIFIED_OUTER_GAP,x05_t26,representative,plus,0.0023015750434808202,3.4930443782161107,D4-deformed-contour-regular-away-W3-v51,checkpoint_5461_parent_v51_finite_cell
5463__x05_t27,5461_FINITE_PROJECTIVE_OWNER_CELL,E02,U024,MC04_SP_DP,B03,7,0,1,RIGHT_CONNECTOR,SIGN_DEFINITE_MONOTONE_PRINCIPAL_SQRT_RECTANGLE_WITH_PARENT_FALLBACK,0.8143567613032168,0.8146154170060963,0.00184375,0.001875,9,x05_t27__finite_projective_depth9,0.030860585379902373,2.424897214496104e-10,True,,,7818.631890961749,0.0004710616586155986,1.1282721392830315,3.4930447283044614,32.54787800100003,0,,POINTWISE_SUPREMUM,2.424897214495585e-10,5.1905583437702487e-23,0.0,3.313396100013051,True,True,False,False,False,False,False,E02__U024__RIGHT_CONNECTOR__MINIMUM_CERTIFIED_OUTER_GAP,x05_t27,representative,plus,0.0023017215322250805,3.4930443782161107,D4-deformed-contour-regular-away-W3-v51,checkpoint_5461_parent_v51_finite_cell
5463__x05_t28,5461_FINITE_PROJECTIVE_OWNER_CELL,E02,U024,MC04_SP_DP,B03,7,0,1,RIGHT_CONNECTOR,SIGN_DEFINITE_MONOTONE_PRINCIPAL_SQRT_RECTANGLE_WITH_PARENT_FALLBACK,0.8143567613032168,0.8146154170060963,0.001875,0.00190625,9,x05_t28__finite_projective_depth9,0.030860585379902373,2.424897214496104e-10,True,,,7842.734665227166,0.00047108134325069863,1.1282729359117685,3.4930447283044614,32.541086551148155,0,,POINTWISE_SUPREMUM,2.424897214495585e-10,5.1905583437702487e-23,0.0,3.540028400020674,True,True,False,False,False,False,False,E02__U024__RIGHT_CONNECTOR__MINIMUM_CERTIFIED_OUTER_GAP,x05_t28,representative,plus,0.0023018705498949574,3.4930443782161107,D4-deformed-contour-regular-away-W3-v51,checkpoint_5461_parent_v51_finite_cell
5463__x05_t29,5461_FINITE_PROJECTIVE_OWNER_CELL,E02,U024,MC04_SP_DP,B03,7,0,1,RIGHT_CONNECTOR,SIGN_DEFINITE_MONOTONE_PRINCIPAL_SQRT_RECTANGLE_WITH_PARENT_FALLBACK,0.8143567613032168,0.8146154170060963,0.00190625,0.0019375,9,x05_t29__finite_projective_depth9,0.030860585379902373,2.424897214496104e-10,True,,,7867.045035646252,0.0004711013607690431,1.1282737464889574,3.4930447283044614,32.53420290428092,0,,POINTWISE_SUPREMUM,2.424897214495585e-10,5.1905583437702487e-23,0.0,3.409589800052345,True,True,False,False,False,False,False,E02__U024__RIGHT_CONNECTOR__MINIMUM_CERTIFIED_OUTER_GAP,x05_t29,representative,plus,0.002302022095899245,3.4930443782161107,D4-deformed-contour-regular-away-W3-v51,checkpoint_5461_parent_v51_finite_cell
5463__x05_t30,5461_FINITE_PROJECTIVE_OWNER_CELL,E02,U024,MC04_SP_DP,B03,7,0,1,RIGHT_CONNECTOR,SIGN_DEFINITE_MONOTONE_PRINCIPAL_SQRT_RECTANGLE_WITH_PARENT_FALLBACK,0.8143567613032168,0.8146154170060963,0.0019375,0.00196875,9,x05_t30__finite_projective_depth9,0.030860585379902373,2.424897214496104e-10,True,,,7891.558450054879,0.0004711217110428508,1.1282745710028188,3.4930447283044614,32.52722724325837,0,,POINTWISE_SUPREMUM,2.424897214495585e-10,5.1905583437702487e-23,0.0,3.431684899958782,True,True,False,False,False,False,False,E02__U024__RIGHT_CONNECTOR__MINIMUM_CERTIFIED_OUTER_GAP,x05_t30,representative,plus,0.002302176169636712,3.4930443782161107,D4-deformed-contour-regular-away-W3-v51,checkpoint_5461_parent_v51_finite_cell
5463__x05_t31,5461_FINITE_PROJECTIVE_OWNER_CELL,E02,U024,MC04_SP_DP,B03,7,0,1,RIGHT_CONNECTOR,SIGN_DEFINITE_MONOTONE_PRINCIPAL_SQRT_RECTANGLE_WITH_PARENT_FALLBACK,0.8143567613032168,0.8146154170060963,0.00196875,0.002,9,x05_t31__finite_projective_depth9,0.030860585379902373,2.424897214496104e-10,True,,,7916.270351317949,0.00047114239394226214,1.1282754094413847,3.4930447283044614,32.52015975357571,0,,POINTWISE_SUPREMUM,2.424897214495585e-10,5.1905583437702487e-23,0.0,3.587854999990668,True,True,False,False,False,False,False,E02__U024__RIGHT_CONNECTOR__MINIMUM_CERTIFIED_OUTER_GAP,x05_t31,representative,plus,0.0023023327704961094,3.4930443782161107,D4-deformed-contour-regular-away-W3-v51,checkpoint_5461_parent_v51_finite_cell
5463__x06_t00,5461_FINITE_PROJECTIVE_OWNER_CELL,E02,U024,MC04_SP_DP,B03,7,0,1,RIGHT_CONNECTOR,SIGN_DEFINITE_MONOTONE_PRINCIPAL_SQRT_RECTANGLE_WITH_PARENT_FALLBACK,0.8146154170060963,0.8148740727089758,0.001,0.00103125,9,x06_t00__finite_projective_depth9,0.030860585379902373,2.424897214496104e-10,True,,,8928.797132596352,0.00046522870969695717,1.1273490594296869,3.4957264059968804,32.110541882904016,0,,POINTWISE_SUPREMUM,2.424897214495585e-10,5.1905583437702487e-23,0.0,4.003349200007506,True,True,False,False,False,False,False,E02__U024__RIGHT_CONNECTOR__MINIMUM_CERTIFIED_OUTER_GAP,x06_t00,representative,plus,0.0022696548370110597,3.4957260556387335,D4-deformed-contour-regular-away-W3-v51,checkpoint_5461_parent_v51_finite_cell
5463__x06_t01,5461_FINITE_PROJECTIVE_OWNER_CELL,E02,U024,MC04_SP_DP,B03,7,0,1,RIGHT_CONNECTOR,SIGN_DEFINITE_MONOTONE_PRINCIPAL_SQRT_RECTANGLE_WITH_PARENT_FALLBACK,0.8146154170060963,0.8148740727089758,0.00103125,0.0010625,9,x06_t01__finite_projective_depth9,0.030860585379902373,2.424897214496104e-10,True,,,8949.878740953362,0.0004652394713499973,1.1273494879816326,3.4957264059968804,32.10614828371261,0,,POINTWISE_SUPREMUM,2.424897214495585e-10,5.1905583437702487e-23,0.0,3.506356700032484,True,True,False,False,False,False,False,E02__U024__RIGHT_CONNECTOR__MINIMUM_CERTIFIED_OUTER_GAP,x06_t01,representative,plus,0.002269736234386023,3.4957260556387335,D4-deformed-contour-regular-away-W3-v51,checkpoint_5461_parent_v51_finite_cell
5463__x06_t02,5461_FINITE_PROJECTIVE_OWNER_CELL,E02,U024,MC04_SP_DP,B03,7,0,1,RIGHT_CONNECTOR,SIGN_DEFINITE_MONOTONE_PRINCIPAL_SQRT_RECTANGLE_WITH_PARENT_FALLBACK,0.8146154170060963,0.8148740727089758,0.0010625,0.00109375,9,x06_t02__finite_projective_depth9,0.030860585379902373,2.424897214496104e-10,True,,,8971.360876057815,0.0004652505718749112,1.1273499311190938,3.4957264059968804,32.101655040142894,0,,POINTWISE_SUPREMUM,2.424897214495585e-10,5.1905583437702487e-23,0.0,3.9891904999967664,True,True,False,False,False,False,False,E02__U024__RIGHT_CONNECTOR__MINIMUM_CERTIFIED_OUTER_GAP,x06_t02,representative,plus,0.002269820199080367,3.4957260556387335,D4-deformed-contour-regular-away-W3-v51,checkpoint_5461_parent_v51_finite_cell
5463__x06_t03,5461_FINITE_PROJECTIVE_OWNER_CELL,E02,U024,MC04_SP_DP,B03,7,0,1,RIGHT_CONNECTOR,SIGN_DEFINITE_MONOTONE_PRINCIPAL_SQRT_RECTANGLE_WITH_PARENT_FALLBACK,0.8146154170060963,0.8148740727089758,0.00109375,0.0011250000000000001,9,x06_t03__finite_projective_depth9,0.030860585379902373,2.424897214496104e-10,True,,,8993.239555810509,0.0004652620111988288,1.127350388835189,3.4957264059968804,32.097062267614575,0,,POINTWISE_SUPREMUM,2.424897214495585e-10,5.1905583437702487e-23,0.0,3.432818400033284,True,True,False,False,False,False,False,E02__U024__RIGHT_CONNECTOR__MINIMUM_CERTIFIED_OUTER_GAP,x06_t03,representative,plus,0.0022699067307565906,3.4957260556387335,D4-deformed-contour-regular-away-W3-v51,checkpoint_5461_parent_v51_finite_cell
5463__x06_t04,5461_FINITE_PROJECTIVE_OWNER_CELL,E02,U024,MC04_SP_DP,B03,7,0,1,RIGHT_CONNECTOR,SIGN_DEFINITE_MONOTONE_PRINCIPAL_SQRT_RECTANGLE_WITH_PARENT_FALLBACK,0.8146154170060963,0.8148740727089758,0.0011250000000000001,0.00115625,9,x06_t04__finite_projective_depth9,0.030860585379902373,2.424897214496104e-10,True,,,9015.510443031668,0.00046527378924666687,1.1273508611228287,3.4957264059968804,32.0923700846036,0,,POINTWISE_SUPREMUM,2.424897214495569e-10,5.350824587452398e-23,0.0,3.423649500007741,True,True,False,False,False,False,False,E02__U024__RIGHT_CONNECTOR__MINIMUM_CERTIFIED_OUTER_GAP,x06_t04,representative,plus,0.0022699958290666395,3.4957260556387335,D4-deformed-contour-regular-away-W3-v51,checkpoint_5461_parent_v51_finite_cell
5463__x06_t05,5461_FINITE_PROJECTIVE_OWNER_CELL,E02,U024,MC04_SP_DP,B03,7,0,1,RIGHT_CONNECTOR,SIGN_DEFINITE_MONOTONE_PRINCIPAL_SQRT_RECTANGLE_WITH_PARENT_FALLBACK,0.8146154170060963,0.8148740727089758,0.00115625,0.0011875,9,x06_t05__finite_projective_depth9,0.030860585379902373,2.424897214496104e-10,True,,,9038.169650585667,0.0004652859059411312,1.1273513479747168,3.4957264059968804,32.08757861263588,0,,POINTWISE_SUPREMUM,2.424897214495585e-10,5.1905583437702487e-23,0.0,3.3569396000239067,True,True,False,False,False,False,False,E02__U024__RIGHT_CONNECTOR__MINIMUM_CERTIFIED_OUTER_GAP,x06_t05,representative,plus,0.002270087493651915,3.4957260556387335,D4-deformed-contour-regular-away-W3-v51,checkpoint_5461_parent_v51_finite_cell
5463__x06_t06,5461_FINITE_PROJECTIVE_OWNER_CELL,E02,U024,MC04_SP_DP,B03,7,0,1,RIGHT_CONNECTOR,SIGN_DEFINITE_MONOTONE_PRINCIPAL_SQRT_RECTANGLE_WITH_PARENT_FALLBACK,0.8146154170060963,0.8148740727089758,0.0011875,0.00121875,9,x06_t06__finite_projective_depth9,0.030860585379902373,2.424897214496104e-10,True,,,9061.210290137522,0.0004652983612027185,1.1273518493833496,3.4957264059968804,32.082687976279615,0,,POINTWISE_SUPREMUM,2.424897214495585e-10,5.1905583437702487e-23,0.0,3.355610600032378,True,True,False,False,False,False,False,E02__U024__RIGHT_CONNECTOR__MINIMUM_CERTIFIED_OUTER_GAP,x06_t06,representative,plus,0.0022701817241432797,3.4957260556387335,D4-deformed-contour-regular-away-W3-v51,checkpoint_5461_parent_v51_finite_cell
5463__x06_t07,5461_FINITE_PROJECTIVE_OWNER_CELL,E02,U024,MC04_SP_DP,B03,7,0,1,RIGHT_CONNECTOR,SIGN_DEFINITE_MONOTONE_PRINCIPAL_SQRT_RECTANGLE_WITH_PARENT_FALLBACK,0.8146154170060963,0.8148740727089758,0.00121875,0.00125,9,x06_t07__finite_projective_depth9,0.030860585379902373,2.424897214496104e-10,True,,,9084.628603958585,0.00046531115494971825,1.1273523653410173,3.4957264059968804,32.077698303138064,0,,POINTWISE_SUPREMUM,2.424897214495585e-10,5.1905583437702487e-23,0.0,3.7098055999958888,True,True,False,False,False,False,False,E02__U024__RIGHT_CONNECTOR__MINIMUM_CERTIFIED_OUTER_GAP,x06_t07,representative,plus,0.002270278520161066,3.4957260556387335,D4-deformed-contour-regular-away-W3-v51,checkpoint_5461_parent_v51_finite_cell
5463__x06_t08,5461_FINITE_PROJECTIVE_OWNER_CELL,E02,U024,MC04_SP_DP,B03,7,0,1,RIGHT_CONNECTOR,SIGN_DEFINITE_MONOTONE_PRINCIPAL_SQRT_RECTANGLE_WITH_PARENT_FALLBACK,0.8146154170060963,0.8148740727089758,0.00125,0.00128125,9,x06_t08__finite_projective_depth9,0.030860585379902373,2.424897214496104e-10,True,,,9108.428569694552,0.0004653242870982149,1.1273528958398036,3.4957264059968804,32.072609723842085,0,,POINTWISE_SUPREMUM,2.424897214495585e-10,5.1905583437702487e-23,0.0,3.5175415000412613,True,True,False,False,False,False,False,E02__U024__RIGHT_CONNECTOR__MINIMUM_CERTIFIED_OUTER_GAP,x06_t08,representative,plus,0.002270377881315077,3.4957260556387335,D4-deformed-contour-regular-away-W3-v51,checkpoint_5461_parent_v51_finite_cell
5463__x06_t09,5461_FINITE_PROJECTIVE_OWNER_CELL,E02,U024,MC04_SP_DP,B03,7,0,1,RIGHT_CONNECTOR,SIGN_DEFINITE_MONOTONE_PRINCIPAL_SQRT_RECTANGLE_WITH_PARENT_FALLBACK,0.8146154170060963,0.8148740727089758,0.00128125,0.0013125,9,x06_t09__finite_projective_depth9,0.030860585379902373,2.424897214496104e-10,True,,,9132.59508131998,0.00046533775756209,1.1273534408715862,3.4957264059968804,32.0674223720422,0,,POINTWISE_SUPREMUM,2.424897214495585e-10,5.1905583437702487e-23,0.0,3.5970553000224754,True,True,False,False,False,False,False,E02__U024__RIGHT_CONNECTOR__MINIMUM_CERTIFIED_OUTER_GAP,x06_t09,representative,plus,0.0022704798072046024,3.4957260556387335,D4-deformed-contour-regular-away-W3-v51,checkpoint_5461_parent_v51_finite_cell
5463__x06_t10,5461_FINITE_PROJECTIVE_OWNER_CELL,E02,U024,MC04_SP_DP,B03,7,0,1,RIGHT_CONNECTOR,SIGN_DEFINITE_MONOTONE_PRINCIPAL_SQRT_RECTANGLE_WITH_PARENT_FALLBACK,0.8146154170060963,0.8148740727089758,0.0013125,0.00134375,9,x06_t10__finite_projective_depth9,0.030860585379902373,2.424897214496104e-10,True,,,9157.122925836962,0.00046535156625302415,1.1273540004280371,3.4957264059968804,32.06213638440104,0,,POINTWISE_SUPREMUM,2.424897214495569e-10,5.350824587452398e-23,0.0,3.525924399960786,True,True,False,False,False,False,False,E02__U024__RIGHT_CONNECTOR__MINIMUM_CERTIFIED_OUTER_GAP,x06_t10,representative,plus,0.0022705842974184163,3.4957260556387335,D4-deformed-contour-regular-away-W3-v51,checkpoint_5461_parent_v51_finite_cell
5463__x06_t11,5461_FINITE_PROJECTIVE_OWNER_CELL,E02,U024,MC04_SP_DP,B03,7,0,1,RIGHT_CONNECTOR,SIGN_DEFINITE_MONOTONE_PRINCIPAL_SQRT_RECTANGLE_WITH_PARENT_FALLBACK,0.8146154170060963,0.8148740727089758,0.00134375,0.001375,9,x06_t11__finite_projective_depth9,0.030860585379902373,2.424897214496104e-10,True,,,9182.007456986465,0.0004653657130804995,1.127354574500623,3.4957264059968804,32.056751900585056,0,,POINTWISE_SUPREMUM,2.424897214495585e-10,5.1905583437702487e-23,0.0,3.508691399998497,True,True,False,False,False,False,False,E02__U024__RIGHT_CONNECTOR__MINIMUM_CERTIFIED_OUTER_GAP,x06_t11,representative,plus,0.00227069135153479,3.4957260556387335,D4-deformed-contour-regular-away-W3-v51,checkpoint_5461_parent_v51_finite_cell
5463__x06_t12,5461_FINITE_PROJECTIVE_OWNER_CELL,E02,U024,MC04_SP_DP,B03,7,0,1,RIGHT_CONNECTOR,SIGN_DEFINITE_MONOTONE_PRINCIPAL_SQRT_RECTANGLE_WITH_PARENT_FALLBACK,0.8146154170060963,0.8148740727089758,0.001375,0.00140625,9,x06_t12__finite_projective_depth9,0.030860585379902373,2.424897214496104e-10,True,,,9207.243290880635,0.0004653801979518018,1.1273551630806056,3.4957264059968804,32.05126906325615,0,,POINTWISE_SUPREMUM,2.424897214495585e-10,5.1905583437702487e-23,0.0,3.023190199979581,True,True,False,False,False,False,False,E02__U024__RIGHT_CONNECTOR__MINIMUM_CERTIFIED_OUTER_GAP,x06_t12,representative,plus,0.002270800969121497,3.4957260556387335,D4-deformed-contour-regular-away-W3-v51,checkpoint_5461_parent_v51_finite_cell
5463__x06_t13,5461_FINITE_PROJECTIVE_OWNER_CELL,E02,U024,MC04_SP_DP,B03,7,0,1,RIGHT_CONNECTOR,SIGN_DEFINITE_MONOTONE_PRINCIPAL_SQRT_RECTANGLE_WITH_PARENT_FALLBACK,0.8146154170060963,0.8148740727089758,0.00140625,0.0014375,9,x06_t13__finite_projective_depth9,0.030860585379902373,2.424897214496104e-10,True,,,9232.824545149811,0.00046539502077202295,1.1273557661590417,3.4957264059968804,32.045688009343834,0,,POINTWISE_SUPREMUM,2.424897214495585e-10,5.1905583437702487e-23,0.0,3.0114625000278465,True,True,False,False,False,False,False,E02__U024__RIGHT_CONNECTOR__MINIMUM_CERTIFIED_OUTER_GAP,x06_t13,representative,plus,0.002270913149735822,3.4957260556387335,D4-deformed-contour-regular-away-W3-v51,checkpoint_5461_parent_v51_finite_cell
5463__x06_t14,5461_FINITE_PROJECTIVE_OWNER_CELL,E02,U024,MC04_SP_DP,B03,7,0,1,RIGHT_CONNECTOR,SIGN_DEFINITE_MONOTONE_PRINCIPAL_SQRT_RECTANGLE_WITH_PARENT_FALLBACK,0.8146154170060963,0.8148740727089758,0.0014375,0.00146875,9,x06_t14__finite_projective_depth9,0.030860585379902373,2.424897214496104e-10,True,,,9258.745802016834,0.000465410181444063,1.127356383726784,3.4957264059968804,32.04000889117545,0,,POINTWISE_SUPREMUM,2.424897214495585e-10,5.1905583437702487e-23,0.0,2.964116199989803,True,True,False,False,False,False,False,E02__U024__RIGHT_CONNECTOR__MINIMUM_CERTIFIED_OUTER_GAP,x06_t14,representative,plus,0.0022710278929245673,3.4957260556387335,D4-deformed-contour-regular-away-W3-v51,checkpoint_5461_parent_v51_finite_cell
5463__x06_t15,5461_FINITE_PROJECTIVE_OWNER_CELL,E02,U024,MC04_SP_DP,B03,7,0,1,RIGHT_CONNECTOR,SIGN_DEFINITE_MONOTONE_PRINCIPAL_SQRT_RECTANGLE_WITH_PARENT_FALLBACK,0.8146154170060963,0.8148740727089758,0.00146875,0.0015,9,x06_t15__finite_projective_depth9,0.030860585379902373,2.424897214496104e-10,True,,,9285.001599389365,0.0004654256798686331,1.127357015774481,3.4957264059968804,32.03423186478071,0,,POINTWISE_SUPREMUM,2.424897214495585e-10,5.1905583437702487e-23,0.0,3.2292727999738418,True,True,False,False,False,False,False,E02__U024__RIGHT_CONNECTOR__MINIMUM_CERTIFIED_OUTER_GAP,x06_t15,representative,plus,0.0022711451982240618,3.4957260556387335,D4-deformed-contour-regular-away-W3-v51,checkpoint_5461_parent_v51_finite_cell
5463__x06_t16,5461_FINITE_PROJECTIVE_OWNER_CELL,E02,U024,MC04_SP_DP,B03,7,0,1,RIGHT_CONNECTOR,SIGN_DEFINITE_MONOTONE_PRINCIPAL_SQRT_RECTANGLE_WITH_PARENT_FALLBACK,0.8146154170060963,0.8148740727089758,0.0015,0.00153125,9,x06_t16__finite_projective_depth9,0.030860585379902373,2.424897214496104e-10,True,,,9311.586435737761,0.00046544151594425756,1.1273576622925778,3.4957264059968804,32.028357084717676,0,,POINTWISE_SUPREMUM,2.424897214495585e-10,5.1905583437702487e-23,0.0,3.2998070000321604,True,True,False,False,False,False,False,E02__U024__RIGHT_CONNECTOR__MINIMUM_CERTIFIED_OUTER_GAP,x06_t16,representative,plus,0.002271265065160169,3.4957260556387335,D4-deformed-contour-regular-away-W3-v51,checkpoint_5461_parent_v51_finite_cell
5463__x06_t17,5461_FINITE_PROJECTIVE_OWNER_CELL,E02,U024,MC04_SP_DP,B03,7,0,1,RIGHT_CONNECTOR,SIGN_DEFINITE_MONOTONE_PRINCIPAL_SQRT_RECTANGLE_WITH_PARENT_FALLBACK,0.8146154170060963,0.8148740727089758,0.00153125,0.0015625,9,x06_t17__finite_projective_depth9,0.030860585379902373,2.424897214496104e-10,True,,,9338.494833972365,0.00046545768956727666,1.1273583232713167,3.4957264059968804,32.022384708496055,0,,POINTWISE_SUPREMUM,2.424897214495585e-10,5.1905583437702487e-23,0.0,3.1897531999857165,True,True,False,False,False,False,False,E02__U024__RIGHT_CONNECTOR__MINIMUM_CERTIFIED_OUTER_GAP,x06_t17,representative,plus,0.0022713874932482935,3.4957260556387335,D4-deformed-contour-regular-away-W3-v51,checkpoint_5461_parent_v51_finite_cell
5463__x06_t18,5461_FINITE_PROJECTIVE_OWNER_CELL,E02,U024,MC04_SP_DP,B03,7,0,1,RIGHT_CONNECTOR,SIGN_DEFINITE_MONOTONE_PRINCIPAL_SQRT_RECTANGLE_WITH_PARENT_FALLBACK,0.8146154170060963,0.8148740727089758,0.0015625,0.0015937500000000001,9,x06_t18__finite_projective_depth9,0.030860585379902373,2.424897214496104e-10,True,,,9365.721191354887,0.0004654742006318491,1.127358998700736,3.4957264059968804,32.01631489656778,0,,POINTWISE_SUPREMUM,2.424897214495585e-10,5.1905583437702487e-23,0.0,3.2968406999716535,True,True,False,False,False,False,False,E02__U024__RIGHT_CONNECTOR__MINIMUM_CERTIFIED_OUTER_GAP,x06_t18,representative,plus,0.002271512481993392,3.4957260556387335,D4-deformed-contour-regular-away-W3-v51,checkpoint_5461_parent_v51_finite_cell
5463__x06_t19,5461_FINITE_PROJECTIVE_OWNER_CELL,E02,U024,MC04_SP_DP,B03,7,0,1,RIGHT_CONNECTOR,SIGN_DEFINITE_MONOTONE_PRINCIPAL_SQRT_RECTANGLE_WITH_PARENT_FALLBACK,0.8146154170060963,0.8148740727089758,0.0015937500000000001,0.0016250000000000001,9,x06_t19__finite_projective_depth9,0.030860585379902373,2.424897214496104e-10,True,,,9393.259865656722,0.00046549104902995464,1.1273596885706725,3.4957264059968804,32.01014781231763,0,,POINTWISE_SUPREMUM,2.424897214495585e-10,5.1905583437702487e-23,0.0,3.5814691000268795,True,True,False,False,False,False,False,E02__U024__RIGHT_CONNECTOR__MINIMUM_CERTIFIED_OUTER_GAP,x06_t19,representative,plus,0.002271640030889981,3.4957260556387335,D4-deformed-contour-regular-away-W3-v51,checkpoint_5461_parent_v51_finite_cell
5463__x06_t20,5461_FINITE_PROJECTIVE_OWNER_CELL,E02,U024,MC04_SP_DP,B03,7,0,1,RIGHT_CONNECTOR,SIGN_DEFINITE_MONOTONE_PRINCIPAL_SQRT_RECTANGLE_WITH_PARENT_FALLBACK,0.8146154170060963,0.8148740727089758,0.0016250000000000001,0.0016562500000000002,9,x06_t20__finite_projective_depth9,0.030860585379902373,2.424897214496104e-10,True,,,9421.105218949586,0.000465508234651397,1.127360392870761,3.4957264059968804,32.0038836220535,0,,POINTWISE_SUPREMUM,2.424897214495585e-10,5.1905583437702487e-23,0.0,3.1127411000197753,True,True,False,False,False,False,False,E02__U024__RIGHT_CONNECTOR__MINIMUM_CERTIFIED_OUTER_GAP,x06_t20,representative,plus,0.0022717701394221437,3.4957260556387335,D4-deformed-contour-regular-away-W3-v51,checkpoint_5461_parent_v51_finite_cell
5463__x06_t21,5461_FINITE_PROJECTIVE_OWNER_CELL,E02,U024,MC04_SP_DP,B03,7,0,1,RIGHT_CONNECTOR,SIGN_DEFINITE_MONOTONE_PRINCIPAL_SQRT_RECTANGLE_WITH_PARENT_FALLBACK,0.8146154170060963,0.8148740727089758,0.0016562500000000002,0.0016875,9,x06_t21__finite_projective_depth9,0.030860585379902373,2.424897214496104e-10,True,,,9449.25158572974,0.00046552575738380633,1.1273611115904336,3.4957264059968804,31.997522494996637,0,,POINTWISE_SUPREMUM,2.424897214495569e-10,5.350824587452398e-23,0.0,3.3903418999980204,True,True,False,False,False,False,False,E02__U024__RIGHT_CONNECTOR__MINIMUM_CERTIFIED_OUTER_GAP,x06_t21,representative,plus,0.002271902807063544,3.4957260556387335,D4-deformed-contour-regular-away-W3-v51,checkpoint_5461_parent_v51_finite_cell
5463__x06_t22,5461_FINITE_PROJECTIVE_OWNER_CELL,E02,U024,MC04_SP_DP,B03,7,0,1,RIGHT_CONNECTOR,SIGN_DEFINITE_MONOTONE_PRINCIPAL_SQRT_RECTANGLE_WITH_PARENT_FALLBACK,0.8146154170060963,0.8148740727089758,0.0016875,0.00171875,9,x06_t22__finite_projective_depth9,0.030860585379902373,2.424897214496104e-10,True,,,9477.693275424925,0.00046554361711264236,1.1273618447189224,3.4957264059968804,31.991064603271436,0,,POINTWISE_SUPREMUM,2.424897214495585e-10,5.1905583437702487e-23,0.0,3.2590640000416897,True,True,False,False,False,False,False,E02__U024__RIGHT_CONNECTOR__MINIMUM_CERTIFIED_OUTER_GAP,x06_t22,representative,plus,0.0022720380332774304,3.4957260556387335,D4-deformed-contour-regular-away-W3-v51,checkpoint_5461_parent_v51_finite_cell
5463__x06_t23,5461_FINITE_PROJECTIVE_OWNER_CELL,E02,U024,MC04_SP_DP,B03,7,0,1,RIGHT_CONNECTOR,SIGN_DEFINITE_MONOTONE_PRINCIPAL_SQRT_RECTANGLE_WITH_PARENT_FALLBACK,0.8146154170060963,0.8148740727089758,0.00171875,0.00175,9,x06_t23__finite_projective_depth9,0.030860585379902373,2.424897214496104e-10,True,,,9506.42457484386,0.0004655618137211969,1.127362592245258,3.4957264059968804,31.984510121895646,0,,POINTWISE_SUPREMUM,2.424897214495585e-10,5.1905583437702487e-23,0.0,3.1144843000220135,True,True,False,False,False,False,False,E02__U024__RIGHT_CONNECTOR__MINIMUM_CERTIFIED_OUTER_GAP,x06_t23,representative,plus,0.0022721758175166477,3.4957260556387335,D4-deformed-contour-regular-away-W3-v51,checkpoint_5461_parent_v51_finite_cell
5463__x06_t24,5461_FINITE_PROJECTIVE_OWNER_CELL,E02,U024,MC04_SP_DP,B03,7,0,1,RIGHT_CONNECTOR,SIGN_DEFINITE_MONOTONE_PRINCIPAL_SQRT_RECTANGLE_WITH_PARENT_FALLBACK,0.8146154170060963,0.8148740727089758,0.00175,0.00178125,9,x06_t24__finite_projective_depth9,0.030860585379902373,2.424897214496104e-10,True,,,9535.43975057304,0.00046558034709059704,1.1273633541582706,3.4957264059968804,31.977859228769496,0,,POINTWISE_SUPREMUM,2.424897214495585e-10,5.1905583437702487e-23,0.0,3.1669329999713227,True,True,False,False,False,False,False,E02__U024__RIGHT_CONNECTOR__MINIMUM_CERTIFIED_OUTER_GAP,x06_t24,representative,plus,0.0022723161592236476,3.4957260556387335,D4-deformed-contour-regular-away-W3-v51,checkpoint_5461_parent_v51_finite_cell
5463__x06_t25,5461_FINITE_PROJECTIVE_OWNER_CELL,E02,U024,MC04_SP_DP,B03,7,0,1,RIGHT_CONNECTOR,SIGN_DEFINITE_MONOTONE_PRINCIPAL_SQRT_RECTANGLE_WITH_PARENT_FALLBACK,0.8146154170060963,0.8148740727089758,0.00178125,0.0018125,9,x06_t25__finite_projective_depth9,0.030860585379902373,2.424897214496104e-10,True,,,9564.733051313939,0.00046559921709980805,1.1273641304465907,3.4957264059968804,31.97111210466574,0,,POINTWISE_SUPREMUM,2.424897214495585e-10,5.1905583437702487e-23,0.0,3.055984999984503,True,True,False,False,False,False,False,E02__U024__RIGHT_CONNECTOR__MINIMUM_CERTIFIED_OUTER_GAP,x06_t25,representative,plus,0.002272459057830495,3.4957260556387335,D4-deformed-contour-regular-away-W3-v51,checkpoint_5461_parent_v51_finite_cell
5463__x06_t26,5461_FINITE_PROJECTIVE_OWNER_CELL,E02,U024,MC04_SP_DP,B03,7,0,1,RIGHT_CONNECTOR,SIGN_DEFINITE_MONOTONE_PRINCIPAL_SQRT_RECTANGLE_WITH_PARENT_FALLBACK,0.8146154170060963,0.8148740727089758,0.0018125,0.00184375,9,x06_t26__finite_projective_depth9,0.030860585379902373,2.424897214496104e-10,True,,,9594.298710164996,0.00046561842362563625,1.1273649210986492,3.4957264059968804,31.964268933218584,0,,POINTWISE_SUPREMUM,2.424897214495569e-10,5.350824587452398e-23,0.0,3.0590216999989934,True,True,False,False,False,False,False,E02__U024__RIGHT_CONNECTOR__MINIMUM_CERTIFIED_OUTER_GAP,x06_t26,representative,plus,0.002272604512758883,3.4957260556387335,D4-deformed-contour-regular-away-W3-v51,checkpoint_5461_parent_v51_finite_cell
5463__x06_t27,5461_FINITE_PROJECTIVE_OWNER_CELL,E02,U024,MC04_SP_DP,B03,7,0,1,RIGHT_CONNECTOR,SIGN_DEFINITE_MONOTONE_PRINCIPAL_SQRT_RECTANGLE_WITH_PARENT_FALLBACK,0.8146154170060963,0.8148740727089758,0.00184375,0.001875,9,x06_t27__finite_projective_depth9,0.030860585379902373,2.424897214496104e-10,True,,,9624.13094684571,0.0004656379665427323,1.1273657261026777,3.4957264059968804,31.957329900912853,0,,POINTWISE_SUPREMUM,2.424897214495585e-10,5.1905583437702487e-23,0.0,2.98436290002428,True,True,False,False,False,False,False,E02__U024__RIGHT_CONNECTOR__MINIMUM_CERTIFIED_OUTER_GAP,x06_t27,representative,plus,0.0022727525234201395,3.4957260556387335,D4-deformed-contour-regular-away-W3-v51,checkpoint_5461_parent_v51_finite_cell
5463__x06_t28,5461_FINITE_PROJECTIVE_OWNER_CELL,E02,U024,MC04_SP_DP,B03,7,0,1,RIGHT_CONNECTOR,SIGN_DEFINITE_MONOTONE_PRINCIPAL_SQRT_RECTANGLE_WITH_PARENT_FALLBACK,0.8146154170060963,0.8148740727089758,0.001875,0.00190625,9,x06_t28__finite_projective_depth9,0.030860585379902373,2.424897214496104e-10,True,,,9654.223969860304,0.0004656578457235943,1.1273665454467094,3.4957264059968804,31.950295197073387,0,,POINTWISE_SUPREMUM,2.424897214495585e-10,5.1905583437702487e-23,0.0,3.0825805999920703,True,True,False,False,False,False,False,E02__U024__RIGHT_CONNECTOR__MINIMUM_CERTIFIED_OUTER_GAP,x06_t28,representative,plus,0.0022729030892152374,3.4957260556387335,D4-deformed-contour-regular-away-W3-v51,checkpoint_5461_parent_v51_finite_cell
5463__x06_t29,5461_FINITE_PROJECTIVE_OWNER_CELL,E02,U024,MC04_SP_DP,B03,7,0,1,RIGHT_CONNECTOR,SIGN_DEFINITE_MONOTONE_PRINCIPAL_SQRT_RECTANGLE_WITH_PARENT_FALLBACK,0.8146154170060963,0.8148740727089758,0.00190625,0.0019375,9,x06_t29__finite_projective_depth9,0.030860585379902373,2.424897214496104e-10,True,,,9684.571978606906,0.00046567806103857076,1.1273673791185796,3.4957264059968804,31.943165013853346,0,,POINTWISE_SUPREMUM,2.424897214495585e-10,5.1905583437702487e-23,0.0,2.9992224000161514,True,True,False,False,False,False,False,E02__U024__RIGHT_CONNECTOR__MINIMUM_CERTIFIED_OUTER_GAP,x06_t29,representative,plus,0.002273056209534806,3.4957260556387335,D4-deformed-contour-regular-away-W3-v51,checkpoint_5461_parent_v51_finite_cell
5463__x06_t30,5461_FINITE_PROJECTIVE_OWNER_CELL,E02,U024,MC04_SP_DP,B03,7,0,1,RIGHT_CONNECTOR,SIGN_DEFINITE_MONOTONE_PRINCIPAL_SQRT_RECTANGLE_WITH_PARENT_FALLBACK,0.8146154170060963,0.8148740727089758,0.0019375,0.00196875,9,x06_t30__finite_projective_depth9,0.030860585379902373,2.424897214496104e-10,True,,,9715.169165425343,0.00046569861235586405,1.1273682271059253,3.4957264059968804,31.935939546223107,0,,POINTWISE_SUPREMUM,2.424897214495585e-10,5.1905583437702487e-23,0.0,2.9293840000173077,True,True,False,False,False,False,False,E02__U024__RIGHT_CONNECTOR__MINIMUM_CERTIFIED_OUTER_GAP,x06_t30,representative,plus,0.0022732118837591442,3.4957260556387335,D4-deformed-contour-regular-away-W3-v51,checkpoint_5461_parent_v51_finite_cell
5463__x06_t31,5461_FINITE_PROJECTIVE_OWNER_CELL,E02,U024,MC04_SP_DP,B03,7,0,1,RIGHT_CONNECTOR,SIGN_DEFINITE_MONOTONE_PRINCIPAL_SQRT_RECTANGLE_WITH_PARENT_FALLBACK,0.8146154170060963,0.8148740727089758,0.00196875,0.002,9,x06_t31__finite_projective_depth9,0.030860585379902373,2.424897214496104e-10,True,,,9746.00971758696,0.0004657194995415337,1.127369089396187,3.4957264059968804,31.928618991958974,0,,POINTWISE_SUPREMUM,2.424897214495585e-10,5.1905583437702487e-23,0.0,2.9879837000044063,True,True,False,False,False,False,False,E02__U024__RIGHT_CONNECTOR__MINIMUM_CERTIFIED_OUTER_GAP,x06_t31,representative,plus,0.0022733701112582255,3.4957260556387335,D4-deformed-contour-regular-away-W3-v51,checkpoint_5461_parent_v51_finite_cell
5463__x07_t00,5461_FINITE_PROJECTIVE_OWNER_CELL,E02,U024,MC04_SP_DP,B03,7,0,1,RIGHT_CONNECTOR,SIGN_DEFINITE_MONOTONE_PRINCIPAL_SQRT_RECTANGLE_WITH_PARENT_FALLBACK,0.8148740727089758,0.8151327284118555,0.001,0.00103125,9,x07_t00__finite_projective_depth9,0.030860585379902373,2.424897214496104e-10,True,,,11036.518696147956,0.00045982792705212983,1.1264409282104322,3.4984135025788574,31.507809825126035,0,,POINTWISE_SUPREMUM,2.424897214496626e-10,5.221577616740987e-23,5.221577616740987e-23,3.326661300030537,True,True,False,False,False,False,False,E02__U024__RIGHT_CONNECTOR__MINIMUM_CERTIFIED_OUTER_GAP,x07_t00,representative,plus,0.00224076899020121,3.4984131519503663,D4-deformed-contour-regular-away-W3-v51,checkpoint_5461_parent_v51_finite_cell
5463__x07_t01,5461_FINITE_PROJECTIVE_OWNER_CELL,E02,U024,MC04_SP_DP,B03,7,0,1,RIGHT_CONNECTOR,SIGN_DEFINITE_MONOTONE_PRINCIPAL_SQRT_RECTANGLE_WITH_PARENT_FALLBACK,0.8148740727089758,0.8151327284118555,0.00103125,0.0010625,9,x07_t01__finite_projective_depth9,0.030860585379902373,2.424897214496104e-10,True,,,11063.067225805244,0.000459838796038569,1.1264413694847613,3.4984135025788574,31.503257674263644,0,,POINTWISE_SUPREMUM,2.424897214496626e-10,5.221577616740987e-23,5.221577616740987e-23,3.3362938999780454,True,True,False,False,False,False,False,E02__U024__RIGHT_CONNECTOR__MINIMUM_CERTIFIED_OUTER_GAP,x07_t01,representative,plus,0.002240851237888787,3.4984131519503663,D4-deformed-contour-regular-away-W3-v51,checkpoint_5461_parent_v51_finite_cell
5463__x07_t02,5461_FINITE_PROJECTIVE_OWNER_CELL,E02,U024,MC04_SP_DP,B03,7,0,1,RIGHT_CONNECTOR,SIGN_DEFINITE_MONOTONE_PRINCIPAL_SQRT_RECTANGLE_WITH_PARENT_FALLBACK,0.8148740727089758,0.8151327284118555,0.0010625,0.00109375,9,x07_t02__finite_projective_depth9,0.030860585379902373,2.424897214496104e-10,True,,,11090.117636843011,0.0004598500072904042,1.1264418257497792,3.4984135025788574,31.498602144706705,0,,POINTWISE_SUPREMUM,2.424897214496626e-10,5.221577616740987e-23,5.221577616740987e-23,3.333902299986221,True,True,False,False,False,False,False,E02__U024__RIGHT_CONNECTOR__MINIMUM_CERTIFIED_OUTER_GAP,x07_t02,representative,plus,0.002240936079953503,3.4984131519503663,D4-deformed-contour-regular-away-W3-v51,checkpoint_5461_parent_v51_finite_cell
5463__x07_t03,5461_FINITE_PROJECTIVE_OWNER_CELL,E02,U024,MC04_SP_DP,B03,7,0,1,RIGHT_CONNECTOR,SIGN_DEFINITE_MONOTONE_PRINCIPAL_SQRT_RECTANGLE_WITH_PARENT_FALLBACK,0.8148740727089758,0.8151327284118555,0.00109375,0.0011250000000000001,9,x07_t03__finite_projective_depth9,0.030860585379902373,2.424897214496104e-10,True,,,11117.663816020564,0.0004598615607324505,1.1264422969982575,3.4984135025788574,31.493843359636184,0,,POINTWISE_SUPREMUM,2.424897214496626e-10,5.221577616740987e-23,5.221577616740987e-23,3.4124255999922752,True,True,False,False,False,False,False,E02__U024__RIGHT_CONNECTOR__MINIMUM_CERTIFIED_OUTER_GAP,x07_t03,representative,plus,0.002241023516047422,3.4984131519503663,D4-deformed-contour-regular-away-W3-v51,checkpoint_5461_parent_v51_finite_cell
5463__x07_t04,5461_FINITE_PROJECTIVE_OWNER_CELL,E02,U024,MC04_SP_DP,B03,7,0,1,RIGHT_CONNECTOR,SIGN_DEFINITE_MONOTONE_PRINCIPAL_SQRT_RECTANGLE_WITH_PARENT_FALLBACK,0.8148740727089758,0.8151327284118555,0.0011250000000000001,0.00115625,9,x07_t04__finite_projective_depth9,0.030860585379902373,2.424897214496104e-10,True,,,11145.699551965507,0.00045987345628723946,1.1264427832227488,3.4984135025788574,31.488981445495874,0,,POINTWISE_SUPREMUM,2.4248972144966096e-10,5.0561414942303817e-23,5.0561414942303817e-23,3.2542965000029653,True,True,False,False,False,False,False,E02__U024__RIGHT_CONNECTOR__MINIMUM_CERTIFIED_OUTER_GAP,x07_t04,representative,plus,0.0022411135458117334,3.4984131519503663,D4-deformed-contour-regular-away-W3-v51,checkpoint_5461_parent_v51_finite_cell
5463__x07_t05,5461_FINITE_PROJECTIVE_OWNER_CELL,E02,U024,MC04_SP_DP,B03,7,0,1,RIGHT_CONNECTOR,SIGN_DEFINITE_MONOTONE_PRINCIPAL_SQRT_RECTANGLE_WITH_PARENT_FALLBACK,0.8148740727089758,0.8151327284118555,0.00115625,0.0011875,9,x07_t05__finite_projective_depth9,0.030860585379902373,2.424897214496104e-10,True,,,11174.220783922705,0.0004598856938750214,1.126443284415589,3.4984135025788574,31.484016531985283,0,,POINTWISE_SUPREMUM,2.424897214496626e-10,5.221577616740987e-23,5.221577616740987e-23,3.36043649999192,True,True,False,False,False,False,False,E02__U024__RIGHT_CONNECTOR__MINIMUM_CERTIFIED_OUTER_GAP,x07_t05,representative,plus,0.002241206168876748,3.4984131519503663,D4-deformed-contour-regular-away-W3-v51,checkpoint_5461_parent_v51_finite_cell
5463__x07_t06,5461_FINITE_PROJECTIVE_OWNER_CELL,E02,U024,MC04_SP_DP,B03,7,0,1,RIGHT_CONNECTOR,SIGN_DEFINITE_MONOTONE_PRINCIPAL_SQRT_RECTANGLE_WITH_PARENT_FALLBACK,0.8148740727089758,0.8151327284118555,0.0011875,0.00121875,9,x07_t06__finite_projective_depth9,0.030860585379902373,2.424897214496104e-10,True,,,11203.219162977066,0.00045989827341376703,1.1264438005688968,3.4984135025788574,31.47894875205185,0,,POINTWISE_SUPREMUM,2.424897214496626e-10,5.221577616740987e-23,5.221577616740987e-23,3.531720499973744,True,True,False,False,False,False,False,E02__U024__RIGHT_CONNECTOR__MINIMUM_CERTIFIED_OUTER_GAP,x07_t06,representative,plus,0.0022413013848619125,3.4984131519503663,D4-deformed-contour-regular-away-W3-v51,checkpoint_5461_parent_v51_finite_cell
5463__x07_t07,5461_FINITE_PROJECTIVE_OWNER_CELL,E02,U024,MC04_SP_DP,B03,7,0,1,RIGHT_CONNECTOR,SIGN_DEFINITE_MONOTONE_PRINCIPAL_SQRT_RECTANGLE_WITH_PARENT_FALLBACK,0.8148740727089758,0.8151327284118555,0.00121875,0.00125,9,x07_t07__finite_projective_depth9,0.030860585379902373,2.424897214496104e-10,True,,,11232.690330901001,0.00045991119481917004,1.1264443316745738,3.4984135025788574,31.47377824188227,0,,POINTWISE_SUPREMUM,2.424897214496626e-10,5.221577616740987e-23,5.221577616740987e-23,3.517192800005432,True,True,False,False,False,False,False,E02__U024__RIGHT_CONNECTOR__MINIMUM_CERTIFIED_OUTER_GAP,x07_t07,representative,plus,0.0022413991933758113,3.4984131519503663,D4-deformed-contour-regular-away-W3-v51,checkpoint_5461_parent_v51_finite_cell
5463__x07_t08,5461_FINITE_PROJECTIVE_OWNER_CELL,E02,U024,MC04_SP_DP,B03,7,0,1,RIGHT_CONNECTOR,SIGN_DEFINITE_MONOTONE_PRINCIPAL_SQRT_RECTANGLE_WITH_PARENT_FALLBACK,0.8148740727089758,0.8151327284118555,0.00125,0.00128125,9,x07_t08__finite_projective_depth9,0.030860585379902373,2.424897214496104e-10,True,,,11262.626072963798,0.0004599244580046488,1.1264448777243052,3.4984135025788574,31.468505140895154,0,,POINTWISE_SUPREMUM,2.424897214496626e-10,5.221577616740987e-23,5.221577616740987e-23,3.5017812999431044,True,True,False,False,False,False,False,E02__U024__RIGHT_CONNECTOR__MINIMUM_CERTIFIED_OUTER_GAP,x07_t08,representative,plus,0.002241499594016177,3.4984131519503663,D4-deformed-contour-regular-away-W3-v51,checkpoint_5461_parent_v51_finite_cell
5463__x07_t09,5461_FINITE_PROJECTIVE_OWNER_CELL,E02,U024,MC04_SP_DP,B03,7,0,1,RIGHT_CONNECTOR,SIGN_DEFINITE_MONOTONE_PRINCIPAL_SQRT_RECTANGLE_WITH_PARENT_FALLBACK,0.8148740727089758,0.8151327284118555,0.00128125,0.0013125,9,x07_t09__finite_projective_depth9,0.030860585379902373,2.424897214496104e-10,True,,,11293.0192544902,0.000459938062881349,1.12644543870956,3.4984135025788574,31.4631295917317,0,,POINTWISE_SUPREMUM,2.424897214496626e-10,5.221577616740987e-23,5.221577616740987e-23,3.34323040000163,True,True,False,False,False,False,False,E02__U024__RIGHT_CONNECTOR__MINIMUM_CERTIFIED_OUTER_GAP,x07_t09,representative,plus,0.002241602586369895,3.4984131519503663,D4-deformed-contour-regular-away-W3-v51,checkpoint_5461_parent_v51_finite_cell
5463__x07_t10,5461_FINITE_PROJECTIVE_OWNER_CELL,E02,U024,MC04_SP_DP,B03,7,0,1,RIGHT_CONNECTOR,SIGN_DEFINITE_MONOTONE_PRINCIPAL_SQRT_RECTANGLE_WITH_PARENT_FALLBACK,0.8148740727089758,0.8151327284118555,0.0013125,0.00134375,9,x07_t10__finite_projective_depth9,0.030860585379902373,2.424897214496104e-10,True,,,11323.871262616962,0.0004599520093581456,1.1264460146215909,3.4984135025788574,31.457651740247673,0,,POINTWISE_SUPREMUM,2.4248972144966096e-10,5.0561414942303817e-23,5.0561414942303817e-23,3.153372400032822,True,True,False,False,False,False,False,E02__U024__RIGHT_CONNECTOR__MINIMUM_CERTIFIED_OUTER_GAP,x07_t10,representative,plus,0.0022417081700130117,3.4984131519503663,D4-deformed-contour-regular-away-W3-v51,checkpoint_5461_parent_v51_finite_cell
5463__x07_t11,5461_FINITE_PROJECTIVE_OWNER_CELL,E02,U024,MC04_SP_DP,B03,7,0,1,RIGHT_CONNECTOR,SIGN_DEFINITE_MONOTONE_PRINCIPAL_SQRT_RECTANGLE_WITH_PARENT_FALLBACK,0.8148740727089758,0.8151327284118555,0.00134375,0.001375,9,x07_t11__finite_projective_depth9,0.030860585379902373,2.424897214496104e-10,True,,,11355.175161568057,0.00045996629734164536,1.126446605451436,3.4984135025788574,31.452071735504404,0,,POINTWISE_SUPREMUM,2.424897214496626e-10,5.221577616740987e-23,5.221577616740987e-23,3.533767600019928,True,True,False,False,False,False,False,E02__U024__RIGHT_CONNECTOR__MINIMUM_CERTIFIED_OUTER_GAP,x07_t11,representative,plus,0.0022418163445107426,3.4984131519503663,D4-deformed-contour-regular-away-W3-v51,checkpoint_5461_parent_v51_finite_cell
5463__x07_t12,5461_FINITE_PROJECTIVE_OWNER_CELL,E02,U024,MC04_SP_DP,B03,7,0,1,RIGHT_CONNECTOR,SIGN_DEFINITE_MONOTONE_PRINCIPAL_SQRT_RECTANGLE_WITH_PARENT_FALLBACK,0.8148740727089758,0.8151327284118555,0.001375,0.00140625,9,x07_t12__finite_projective_depth9,0.030860585379902373,2.424897214496104e-10,True,,,11386.91675177609,0.00045998092673618906,1.1264472111899175,3.4984135025788574,31.446389729759474,0,,POINTWISE_SUPREMUM,2.424897214496626e-10,5.221577616740987e-23,5.221577616740987e-23,3.4729371999856085,True,True,False,False,False,False,False,E02__U024__RIGHT_CONNECTOR__MINIMUM_CERTIFIED_OUTER_GAP,x07_t12,representative,plus,0.0022419271094174793,3.4984131519503663,D4-deformed-contour-regular-away-W3-v51,checkpoint_5461_parent_v51_finite_cell
5463__x07_t13,5461_FINITE_PROJECTIVE_OWNER_CELL,E02,U024,MC04_SP_DP,B03,7,0,1,RIGHT_CONNECTOR,SIGN_DEFINITE_MONOTONE_PRINCIPAL_SQRT_RECTANGLE_WITH_PARENT_FALLBACK,0.8148740727089758,0.8151327284118555,0.00140625,0.0014375,9,x07_t13__finite_projective_depth9,0.030860585379902373,2.424897214496104e-10,True,,,11419.0891182769,0.00045999589744385425,1.126447831827643,3.4984135025788574,31.44060587845776,0,,POINTWISE_SUPREMUM,2.424897214496626e-10,5.221577616740987e-23,5.221577616740987e-23,3.3918132999679074,True,True,False,False,False,False,False,E02__U024__RIGHT_CONNECTOR__MINIMUM_CERTIFIED_OUTER_GAP,x07_t13,representative,plus,0.002242040464276798,3.4984131519503663,D4-deformed-contour-regular-away-W3-v51,checkpoint_5461_parent_v51_finite_cell
5463__x07_t14,5461_FINITE_PROJECTIVE_OWNER_CELL,E02,U024,MC04_SP_DP,B03,7,0,1,RIGHT_CONNECTOR,SIGN_DEFINITE_MONOTONE_PRINCIPAL_SQRT_RECTANGLE_WITH_PARENT_FALLBACK,0.8148740727089758,0.8151327284118555,0.0014375,0.00146875,9,x07_t14__finite_projective_depth9,0.030860585379902373,2.424897214496104e-10,True,,,11451.685289306128,0.00046001120936445744,1.126448467355006,3.4984135025788574,31.43472033569249,0,,POINTWISE_SUPREMUM,2.424897214496626e-10,5.221577616740987e-23,5.221577616740987e-23,3.3405770999961533,True,True,False,False,False,False,False,E02__U024__RIGHT_CONNECTOR__MINIMUM_CERTIFIED_OUTER_GAP,x07_t14,representative,plus,0.002242156408621466,3.4984131519503663,D4-deformed-contour-regular-away-W3-v51,checkpoint_5461_parent_v51_finite_cell
5463__x07_t15,5461_FINITE_PROJECTIVE_OWNER_CELL,E02,U024,MC04_SP_DP,B03,7,0,1,RIGHT_CONNECTOR,SIGN_DEFINITE_MONOTONE_PRINCIPAL_SQRT_RECTANGLE_WITH_PARENT_FALLBACK,0.8148740727089758,0.8151327284118555,0.00146875,0.0015,9,x07_t15__finite_projective_depth9,0.030860585379902373,2.424897214496104e-10,True,,,11484.698238504612,0.0004600268623955569,1.1264491177621854,3.4984135025788574,31.42873325828711,0,,POINTWISE_SUPREMUM,2.424897214496626e-10,5.221577616740987e-23,5.221577616740987e-23,3.442851400002837,True,True,False,False,False,False,False,E02__U024__RIGHT_CONNECTOR__MINIMUM_CERTIFIED_OUTER_GAP,x07_t15,representative,plus,0.002242274941973453,3.4984131519503663,D4-deformed-contour-regular-away-W3-v51,checkpoint_5461_parent_v51_finite_cell
5463__x07_t16,5461_FINITE_PROJECTIVE_OWNER_CELL,E02,U024,MC04_SP_DP,B03,7,0,1,RIGHT_CONNECTOR,SIGN_DEFINITE_MONOTONE_PRINCIPAL_SQRT_RECTANGLE_WITH_PARENT_FALLBACK,0.8148740727089758,0.8151327284118555,0.0015,0.00153125,9,x07_t16__finite_projective_depth9,0.030860585379902373,2.424897214496104e-10,True,,,11518.120960876144,0.00046004285643245514,1.1264497830391471,3.4984135025788574,31.4226448200962,0,,POINTWISE_SUPREMUM,2.424897214496626e-10,5.221577616740987e-23,5.221577616740987e-23,3.4794557000277564,True,True,False,False,False,False,False,E02__U024__RIGHT_CONNECTOR__MINIMUM_CERTIFIED_OUTER_GAP,x07_t16,representative,plus,0.0022423960638439377,3.4984131519503663,D4-deformed-contour-regular-away-W3-v51,checkpoint_5461_parent_v51_finite_cell
5463__x07_t17,5461_FINITE_PROJECTIVE_OWNER_CELL,E02,U024,MC04_SP_DP,B03,7,0,1,RIGHT_CONNECTOR,SIGN_DEFINITE_MONOTONE_PRINCIPAL_SQRT_RECTANGLE_WITH_PARENT_FALLBACK,0.8148740727089758,0.8151327284118555,0.00153125,0.0015625,9,x07_t17__finite_projective_depth9,0.030860585379902373,2.424897214496104e-10,True,,,11551.946302181348,0.0004600591913682016,1.1264504631756436,3.4984135025788574,31.41645518921719,0,,POINTWISE_SUPREMUM,2.424897214496626e-10,5.221577616740987e-23,5.221577616740987e-23,3.590479900012724,True,True,False,False,False,False,False,E02__U024__RIGHT_CONNECTOR__MINIMUM_CERTIFIED_OUTER_GAP,x07_t17,representative,plus,0.002242519773733316,3.4984131519503663,D4-deformed-contour-regular-away-W3-v51,checkpoint_5461_parent_v51_finite_cell
5463__x07_t18,5461_FINITE_PROJECTIVE_OWNER_CELL,E02,U024,MC04_SP_DP,B03,7,0,1,RIGHT_CONNECTOR,SIGN_DEFINITE_MONOTONE_PRINCIPAL_SQRT_RECTANGLE_WITH_PARENT_FALLBACK,0.8148740727089758,0.8151327284118555,0.0015625,0.0015937500000000001,9,x07_t18__finite_projective_depth9,0.030860585379902373,2.424897214496104e-10,True,,,11586.167041180468,0.0004600758670935955,1.1264511581612144,3.4984135025788574,31.410164536885755,0,,POINTWISE_SUPREMUM,2.424897214496626e-10,5.221577616740987e-23,5.221577616740987e-23,3.452383700001519,True,True,False,False,False,False,False,E02__U024__RIGHT_CONNECTOR__MINIMUM_CERTIFIED_OUTER_GAP,x07_t18,representative,plus,0.0022426460711312103,3.4984131519503663,D4-deformed-contour-regular-away-W3-v51,checkpoint_5461_parent_v51_finite_cell
5463__x07_t19,5461_FINITE_PROJECTIVE_OWNER_CELL,E02,U024,MC04_SP_DP,B03,7,0,1,RIGHT_CONNECTOR,SIGN_DEFINITE_MONOTONE_PRINCIPAL_SQRT_RECTANGLE_WITH_PARENT_FALLBACK,0.8148740727089758,0.8151327284118555,0.0015937500000000001,0.0016250000000000001,9,x07_t19__finite_projective_depth9,0.030860585379902373,2.424897214496104e-10,True,,,11620.77596618164,0.0004600928834971886,1.1264518679851867,3.4984135025788574,31.40377303746559,0,,POINTWISE_SUPREMUM,2.424897214496626e-10,5.221577616740987e-23,5.221577616740987e-23,3.422805599984713,True,True,False,False,False,False,False,E02__U024__RIGHT_CONNECTOR__MINIMUM_CERTIFIED_OUTER_GAP,x07_t19,representative,plus,0.002242774955516481,3.4984131519503663,D4-deformed-contour-regular-away-W3-v51,checkpoint_5461_parent_v51_finite_cell
5463__x07_t20,5461_FINITE_PROJECTIVE_OWNER_CELL,E02,U024,MC04_SP_DP,B03,7,0,1,RIGHT_CONNECTOR,SIGN_DEFINITE_MONOTONE_PRINCIPAL_SQRT_RECTANGLE_WITH_PARENT_FALLBACK,0.8148740727089758,0.8151327284118555,0.0016250000000000001,0.0016562500000000002,9,x07_t20__finite_projective_depth9,0.030860585379902373,2.424897214496104e-10,True,,,11655.765828288017,0.00046011024046528794,1.1264525926366757,3.4984135025788574,31.3972808684372,0,,POINTWISE_SUPREMUM,2.424897214496626e-10,5.221577616740987e-23,5.221577616740987e-23,3.3585614999756217,True,True,False,False,False,False,False,E02__U024__RIGHT_CONNECTOR__MINIMUM_CERTIFIED_OUTER_GAP,x07_t20,representative,plus,0.002242906426357232,3.4984131519503663,D4-deformed-contour-regular-away-W3-v51,checkpoint_5461_parent_v51_finite_cell
5463__x07_t21,5461_FINITE_PROJECTIVE_OWNER_CELL,E02,U024,MC04_SP_DP,B03,7,0,1,RIGHT_CONNECTOR,SIGN_DEFINITE_MONOTONE_PRINCIPAL_SQRT_RECTANGLE_WITH_PARENT_FALLBACK,0.8148740727089758,0.8151327284118555,0.0016562500000000002,0.0016875,9,x07_t21__finite_projective_depth9,0.030860585379902373,2.424897214496104e-10,True,,,11691.129344713669,0.00046012793788195884,1.126453332104585,3.4984135025788574,31.390688210387786,0,,POINTWISE_SUPREMUM,2.4248972144966096e-10,5.0561414942303817e-23,5.0561414942303817e-23,3.3894864000030793,True,True,False,False,False,False,False,E02__U024__RIGHT_CONNECTOR__MINIMUM_CERTIFIED_OUTER_GAP,x07_t21,representative,plus,0.002243040483110822,3.4984131519503663,D4-deformed-contour-regular-away-W3-v51,checkpoint_5461_parent_v51_finite_cell
5463__x07_t22,5461_FINITE_PROJECTIVE_OWNER_CELL,E02,U024,MC04_SP_DP,B03,7,0,1,RIGHT_CONNECTOR,SIGN_DEFINITE_MONOTONE_PRINCIPAL_SQRT_RECTANGLE_WITH_PARENT_FALLBACK,0.8148740727089758,0.8151327284118555,0.0016875,0.00171875,9,x07_t22__finite_projective_depth9,0.030860585379902373,2.424897214496104e-10,True,,,11726.859202030517,0.00046014597562902784,1.1264540863776078,3.4984135025788574,31.383995247000133,0,,POINTWISE_SUPREMUM,2.424897214496626e-10,5.221577616740987e-23,5.221577616740987e-23,3.3579957999754697,True,True,False,False,False,False,False,E02__U024__RIGHT_CONNECTOR__MINIMUM_CERTIFIED_OUTER_GAP,x07_t22,representative,plus,0.0022431771252238763,3.4984131519503663,D4-deformed-contour-regular-away-W3-v51,checkpoint_5461_parent_v51_finite_cell
5463__x07_t23,5461_FINITE_PROJECTIVE_OWNER_CELL,E02,U024,MC04_SP_DP,B03,7,0,1,RIGHT_CONNECTOR,SIGN_DEFINITE_MONOTONE_PRINCIPAL_SQRT_RECTANGLE_WITH_PARENT_FALLBACK,0.8148740727089758,0.8151327284118555,0.00171875,0.00175,9,x07_t23__finite_projective_depth9,0.030860585379902373,2.424897214496104e-10,True,,,11762.948059340893,0.00046016435358608586,1.1264548554442257,3.4984135025788574,31.377202165041126,0,,POINTWISE_SUPREMUM,2.424897214496626e-10,5.221577616740987e-23,5.221577616740987e-23,3.517132800014224,True,True,False,False,False,False,False,E02__U024__RIGHT_CONNECTOR__MINIMUM_CERTIFIED_OUTER_GAP,x07_t23,representative,plus,0.002243316352132291,3.4984131519503663,D4-deformed-contour-regular-away-W3-v51,checkpoint_5461_parent_v51_finite_cell
5463__x07_t24,5461_FINITE_PROJECTIVE_OWNER_CELL,E02,U024,MC04_SP_DP,B03,7,0,1,RIGHT_CONNECTOR,SIGN_DEFINITE_MONOTONE_PRINCIPAL_SQRT_RECTANGLE_WITH_PARENT_FALLBACK,0.8148740727089758,0.8151327284118555,0.00175,0.00178125,9,x07_t24__finite_projective_depth9,0.030860585379902373,2.424897214496104e-10,True,,,11799.38855137487,0.00046018307163049095,1.1264556392927105,3.4984135025788574,31.370309154350913,0,,POINTWISE_SUPREMUM,2.424897214496626e-10,5.221577616740987e-23,5.221577616740987e-23,3.434945399989374,True,True,False,False,False,False,False,E02__U024__RIGHT_CONNECTOR__MINIMUM_CERTIFIED_OUTER_GAP,x07_t24,representative,plus,0.0022434581632612503,3.4984131519503663,D4-deformed-contour-regular-away-W3-v51,checkpoint_5461_parent_v51_finite_cell
5463__x07_t25,5461_FINITE_PROJECTIVE_OWNER_CELL,E02,U024,MC04_SP_DP,B03,7,0,1,RIGHT_CONNECTOR,SIGN_DEFINITE_MONOTONE_PRINCIPAL_SQRT_RECTANGLE_WITH_PARENT_FALLBACK,0.8148740727089758,0.8151327284118555,0.00178125,0.0018125,9,x07_t25__finite_projective_depth9,0.030860585379902373,2.424897214496104e-10,True,,,11836.173291513269,0.0004602021296373717,1.1264564379111246,3.4984135025788574,31.363316407831054,0,,POINTWISE_SUPREMUM,2.424897214496626e-10,5.221577616740987e-23,5.221577616740987e-23,3.1807739000068977,True,True,False,False,False,False,False,E02__U024__RIGHT_CONNECTOR__MINIMUM_CERTIFIED_OUTER_GAP,x07_t25,representative,plus,0.0022436025580252305,3.4984131519503663,D4-deformed-contour-regular-away-W3-v51,checkpoint_5461_parent_v51_finite_cell
5463__x07_t26,5461_FINITE_PROJECTIVE_OWNER_CELL,E02,U024,MC04_SP_DP,B03,7,0,1,RIGHT_CONNECTOR,SIGN_DEFINITE_MONOTONE_PRINCIPAL_SQRT_RECTANGLE_WITH_PARENT_FALLBACK,0.8148740727089758,0.8151327284118555,0.0018125,0.00184375,9,x07_t26__finite_projective_depth9,0.030860585379902373,2.424897214496104e-10,True,,,11873.294874732423,0.00046022152747963037,1.1264572512873205,3.4984135025788574,31.356224121433304,0,,POINTWISE_SUPREMUM,2.4248972144966096e-10,5.0561414942303817e-23,5.0561414942303817e-23,3.4354795999825,True,True,False,False,False,False,False,E02__U024__RIGHT_CONNECTOR__MINIMUM_CERTIFIED_OUTER_GAP,x07_t26,representative,plus,0.0022437495358280154,3.4984131519503663,D4-deformed-contour-regular-away-W3-v51,checkpoint_5461_parent_v51_finite_cell
5463__x07_t27,5461_FINITE_PROJECTIVE_OWNER_CELL,E02,U024,MC04_SP_DP,B03,7,0,1,RIGHT_CONNECTOR,SIGN_DEFINITE_MONOTONE_PRINCIPAL_SQRT_RECTANGLE_WITH_PARENT_FALLBACK,0.8148740727089758,0.8151327284118555,0.00184375,0.001875,9,x07_t27__finite_projective_depth9,0.030860585379902373,2.424897214496104e-10,True,,,11910.745880476738,0.0004602412650279461,1.1264580794089427,3.4984135025788574,31.349032494146865,0,,POINTWISE_SUPREMUM,2.424897214496626e-10,5.221577616740987e-23,5.221577616740987e-23,3.4121978000039235,True,True,False,False,False,False,False,E02__U024__RIGHT_CONNECTOR__MINIMUM_CERTIFIED_OUTER_GAP,x07_t27,representative,plus,0.0022438990960627014,3.4984131519503663,D4-deformed-contour-regular-away-W3-v51,checkpoint_5461_parent_v51_finite_cell
5463__x07_t28,5461_FINITE_PROJECTIVE_OWNER_CELL,E02,U024,MC04_SP_DP,B03,7,0,1,RIGHT_CONNECTOR,SIGN_DEFINITE_MONOTONE_PRINCIPAL_SQRT_RECTANGLE_WITH_PARENT_FALLBACK,0.8148740727089758,0.8151327284118555,0.001875,0.00190625,9,x07_t28__finite_projective_depth9,0.030860585379902373,2.424897214496104e-10,True,,,11948.51887544663,0.00046026134215077815,1.126458922263427,3.4984135025788574,31.341741727987497,0,,POINTWISE_SUPREMUM,2.424897214496626e-10,5.221577616740987e-23,5.221577616740987e-23,3.6099142000311986,True,True,False,False,False,False,False,E02__U024__RIGHT_CONNECTOR__MINIMUM_CERTIFIED_OUTER_GAP,x07_t28,representative,plus,0.002244051238111715,3.4984131519503663,D4-deformed-contour-regular-away-W3-v51,checkpoint_5461_parent_v51_finite_cell
5463__x07_t29,5461_FINITE_PROJECTIVE_OWNER_CELL,E02,U024,MC04_SP_DP,B03,7,0,1,RIGHT_CONNECTOR,SIGN_DEFINITE_MONOTONE_PRINCIPAL_SQRT_RECTANGLE_WITH_PARENT_FALLBACK,0.8148740727089758,0.8151327284118555,0.00190625,0.0019375,9,x07_t29__finite_projective_depth9,0.030860585379902373,2.424897214496104e-10,True,,,11986.606416317003,0.0004602817587143694,1.1264597798380012,3.4984135025788574,31.33435202798446,0,,POINTWISE_SUPREMUM,2.424897214496626e-10,5.221577616740987e-23,5.221577616740987e-23,3.720142300007865,True,True,False,False,False,False,False,E02__U024__RIGHT_CONNECTOR__MINIMUM_CERTIFIED_OUTER_GAP,x07_t29,representative,plus,0.0022442059613468185,3.4984131519503663,D4-deformed-contour-regular-away-W3-v51,checkpoint_5461_parent_v51_finite_cell
5463__x07_t30,5461_FINITE_PROJECTIVE_OWNER_CELL,E02,U024,MC04_SP_DP,B03,7,0,1,RIGHT_CONNECTOR,SIGN_DEFINITE_MONOTONE_PRINCIPAL_SQRT_RECTANGLE_WITH_PARENT_FALLBACK,0.8148740727089758,0.8151327284118555,0.0019375,0.00196875,9,x07_t30__finite_projective_depth9,0.030860585379902373,2.424897214496104e-10,True,,,12025.00105237352,0.0004603025145827495,1.1264606521196863,3.4984135025788574,31.326863602168363,0,,POINTWISE_SUPREMUM,2.424897214496626e-10,5.221577616740987e-23,5.221577616740987e-23,3.4699305999674834,True,True,False,False,False,False,False,E02__U024__RIGHT_CONNECTOR__MINIMUM_CERTIFIED_OUTER_GAP,x07_t30,representative,plus,0.002244363265129124,3.4984131519503663,D4-deformed-contour-regular-away-W3-v51,checkpoint_5461_parent_v51_finite_cell
5463__x07_t31,5461_FINITE_PROJECTIVE_OWNER_CELL,E02,U024,MC04_SP_DP,B03,7,0,1,RIGHT_CONNECTOR,SIGN_DEFINITE_MONOTONE_PRINCIPAL_SQRT_RECTANGLE_WITH_PARENT_FALLBACK,0.8148740727089758,0.8151327284118555,0.00196875,0.002,9,x07_t31__finite_projective_depth9,0.030860585379902373,2.424897214496104e-10,True,,,12063.695328072945,0.0004603236096177388,1.1264615390952966,3.4984135025788574,31.31927666155864,0,,POINTWISE_SUPREMUM,2.424897214496626e-10,5.221577616740987e-23,5.221577616740987e-23,3.479911800008267,True,True,False,False,False,False,False,E02__U024__RIGHT_CONNECTOR__MINIMUM_CERTIFIED_OUTER_GAP,x07_t31,representative,plus,0.0022445231488091035,3.4984131519503663,D4-deformed-contour-regular-away-W3-v51,checkpoint_5461_parent_v51_finite_cell
5463__x08_t00,5461_FINITE_PROJECTIVE_OWNER_CELL,E02,U024,MC04_SP_DP,B03,7,0,1,RIGHT_CONNECTOR,SIGN_DEFINITE_MONOTONE_PRINCIPAL_SQRT_RECTANGLE_WITH_PARENT_FALLBACK,0.8151327284118555,0.8153913841147351,0.001,0.00103125,9,x08_t00__finite_projective_depth9,0.030860585379902373,2.424897214496104e-10,True,,,13719.187814049137,0.0004544541202095186,1.125531530700382,3.5011060368789266,30.887163130034423,0,,POINTWISE_SUPREMUM,2.424897214496626e-10,5.221577616740987e-23,5.221577616740987e-23,3.4937552000046708,True,True,False,False,False,False,False,E02__U024__RIGHT_CONNECTOR__MINIMUM_CERTIFIED_OUTER_GAP,x08_t00,representative,plus,0.0022119984988953436,3.501105685979543,D4-deformed-contour-regular-away-W3-v51,checkpoint_5461_parent_v51_finite_cell
5463__x08_t01,5461_FINITE_PROJECTIVE_OWNER_CELL,E02,U024,MC04_SP_DP,B03,7,0,1,RIGHT_CONNECTOR,SIGN_DEFINITE_MONOTONE_PRINCIPAL_SQRT_RECTANGLE_WITH_PARENT_FALLBACK,0.8151327284118555,0.8153913841147351,0.00103125,0.0010625,9,x08_t01__finite_projective_depth9,0.030860585379902373,2.424897214496104e-10,True,,,13752.814149905338,0.00045446509841474015,1.1255319851527787,3.5011060368789266,30.882444044229555,0,,POINTWISE_SUPREMUM,2.424897214496626e-10,5.221577616740987e-23,5.221577616740987e-23,3.682513799984008,True,True,False,False,False,False,False,E02__U024__RIGHT_CONNECTOR__MINIMUM_CERTIFIED_OUTER_GAP,x08_t01,representative,plus,0.002212081612469256,3.501105685979543,D4-deformed-contour-regular-away-W3-v51,checkpoint_5461_parent_v51_finite_cell
5463__x08_t02,5461_FINITE_PROJECTIVE_OWNER_CELL,E02,U024,MC04_SP_DP,B03,7,0,1,RIGHT_CONNECTOR,SIGN_DEFINITE_MONOTONE_PRINCIPAL_SQRT_RECTANGLE_WITH_PARENT_FALLBACK,0.8151327284118555,0.8153913841147351,0.0010625,0.00109375,9,x08_t02__finite_projective_depth9,0.030860585379902373,2.424897214496104e-10,True,,,13787.072804147854,0.0004544764223393788,1.1255324550151764,3.5011060368789266,30.877617639560345,0,,POINTWISE_SUPREMUM,2.424897214496626e-10,5.221577616740987e-23,5.221577616740987e-23,3.9869306999607943,True,True,False,False,False,False,False,E02__U024__RIGHT_CONNECTOR__MINIMUM_CERTIFIED_OUTER_GAP,x08_t02,representative,plus,0.002212167347977373,3.501105685979543,D4-deformed-contour-regular-away-W3-v51,checkpoint_5461_parent_v51_finite_cell
5463__x08_t03,5461_FINITE_PROJECTIVE_OWNER_CELL,E02,U024,MC04_SP_DP,B03,7,0,1,RIGHT_CONNECTOR,SIGN_DEFINITE_MONOTONE_PRINCIPAL_SQRT_RECTANGLE_WITH_PARENT_FALLBACK,0.8151327284118555,0.8153913841147351,0.00109375,0.0011250000000000001,9,x08_t03__finite_projective_depth9,0.030860585379902373,2.424897214496104e-10,True,,,13821.955843136016,0.00045448809190584385,1.125532940279978,3.5011060368789266,30.872684047588624,0,,POINTWISE_SUPREMUM,2.424897214496626e-10,5.221577616740987e-23,5.221577616740987e-23,3.658229199994821,True,True,False,False,False,False,False,E02__U024__RIGHT_CONNECTOR__MINIMUM_CERTIFIED_OUTER_GAP,x08_t03,representative,plus,0.002212255705060924,3.501105685979543,D4-deformed-contour-regular-away-W3-v51,checkpoint_5461_parent_v51_finite_cell
5463__x08_t04,5461_FINITE_PROJECTIVE_OWNER_CELL,E02,U024,MC04_SP_DP,B03,7,0,1,RIGHT_CONNECTOR,SIGN_DEFINITE_MONOTONE_PRINCIPAL_SQRT_RECTANGLE_WITH_PARENT_FALLBACK,0.8151327284118555,0.8153913841147351,0.0011250000000000001,0.00115625,9,x08_t04__finite_projective_depth9,0.030860585379902373,2.424897214496104e-10,True,,,13857.455207242268,0.000454500107034188,1.1255334409393585,3.5011060368789266,30.867643403362287,0,,POINTWISE_SUPREMUM,2.4248972144966096e-10,5.0561414942303817e-23,5.0561414942303817e-23,3.6045120999915525,True,True,False,False,False,False,False,E02__U024__RIGHT_CONNECTOR__MINIMUM_CERTIFIED_OUTER_GAP,x08_t04,representative,plus,0.0022123466833499157,3.501105685979543,D4-deformed-contour-regular-away-W3-v51,checkpoint_5461_parent_v51_finite_cell
5463__x08_t05,5461_FINITE_PROJECTIVE_OWNER_CELL,E02,U024,MC04_SP_DP,B03,7,0,1,RIGHT_CONNECTOR,SIGN_DEFINITE_MONOTONE_PRINCIPAL_SQRT_RECTANGLE_WITH_PARENT_FALLBACK,0.8151327284118555,0.8153913841147351,0.00115625,0.0011875,9,x08_t05__finite_projective_depth9,0.030860585379902373,2.424897214496104e-10,True,,,13893.562716258613,0.0004545124676421092,1.125533956985264,3.5011060368789266,30.862495845407295,0,,POINTWISE_SUPREMUM,2.424897214496626e-10,5.221577616740987e-23,5.221577616740987e-23,3.3606249000295065,True,True,False,False,False,False,False,E02__U024__RIGHT_CONNECTOR__MINIMUM_CERTIFIED_OUTER_GAP,x08_t05,representative,plus,0.002212440282463141,3.501105685979543,D4-deformed-contour-regular-away-W3-v51,checkpoint_5461_parent_v51_finite_cell
5463__x08_t06,5461_FINITE_PROJECTIVE_OWNER_CELL,E02,U024,MC04_SP_DP,B03,7,0,1,RIGHT_CONNECTOR,SIGN_DEFINITE_MONOTONE_PRINCIPAL_SQRT_RECTANGLE_WITH_PARENT_FALLBACK,0.8151327284118555,0.8153913841147351,0.0011875,0.00121875,9,x08_t06__finite_projective_depth9,0.030860585379902373,2.424897214496104e-10,True,,,13930.27078646692,0.00045452517364495324,1.1255344884094134,3.5011060368789266,30.85724151571915,0,,POINTWISE_SUPREMUM,2.424897214496626e-10,5.221577616740987e-23,5.221577616740987e-23,3.63337459997274,True,True,False,False,False,False,False,E02__U024__RIGHT_CONNECTOR__MINIMUM_CERTIFIED_OUTER_GAP,x08_t06,representative,plus,0.0022125365020081813,3.501105685979543,D4-deformed-contour-regular-away-W3-v51,checkpoint_5461_parent_v51_finite_cell
5463__x08_t07,5461_FINITE_PROJECTIVE_OWNER_CELL,E02,U024,MC04_SP_DP,B03,7,0,1,RIGHT_CONNECTOR,SIGN_DEFINITE_MONOTONE_PRINCIPAL_SQRT_RECTANGLE_WITH_PARENT_FALLBACK,0.8151327284118555,0.8153913841147351,0.00121875,0.00125,9,x08_t07__finite_projective_depth9,0.030860585379902373,2.424897214496104e-10,True,,,13967.572661866194,0.0004545382249557157,1.1255350352032967,3.5011060368789266,30.851880559753624,0,,POINTWISE_SUPREMUM,2.424897214496626e-10,5.221577616740987e-23,5.221577616740987e-23,3.7144235000014305,True,True,False,False,False,False,False,E02__U024__RIGHT_CONNECTOR__MINIMUM_CERTIFIED_OUTER_GAP,x08_t07,representative,plus,0.0022126353415814182,3.501105685979543,D4-deformed-contour-regular-away-W3-v51,checkpoint_5461_parent_v51_finite_cell
5463__x08_t08,5461_FINITE_PROJECTIVE_OWNER_CELL,E02,U024,MC04_SP_DP,B03,7,0,1,RIGHT_CONNECTOR,SIGN_DEFINITE_MONOTONE_PRINCIPAL_SQRT_RECTANGLE_WITH_PARENT_FALLBACK,0.8151327284118555,0.8153913841147351,0.00125,0.00128125,9,x08_t08__finite_projective_depth9,0.030860585379902373,2.424897214496104e-10,True,,,14005.457611827822,0.0004545516214850443,1.1255355973581778,3.5011060368789266,30.84641312641828,0,,POINTWISE_SUPREMUM,2.424897214496626e-10,5.221577616740987e-23,5.221577616740987e-23,3.5492786000249907,True,True,False,False,False,False,False,E02__U024__RIGHT_CONNECTOR__MINIMUM_CERTIFIED_OUTER_GAP,x08_t08,representative,plus,0.0022127368007680394,3.501105685979543,D4-deformed-contour-regular-away-W3-v51,checkpoint_5461_parent_v51_finite_cell
5463__x08_t09,5461_FINITE_PROJECTIVE_OWNER_CELL,E02,U024,MC04_SP_DP,B03,7,0,1,RIGHT_CONNECTOR,SIGN_DEFINITE_MONOTONE_PRINCIPAL_SQRT_RECTANGLE_WITH_PARENT_FALLBACK,0.8151327284118555,0.8153913841147351,0.00128125,0.0013125,9,x08_t09__finite_projective_depth9,0.030860585379902373,2.424897214496104e-10,True,,,14043.918028527558,0.000454565363141241,1.1255361748650927,3.5011060368789266,30.840839368062884,0,,POINTWISE_SUPREMUM,2.424897214496626e-10,5.221577616740987e-23,5.221577616740987e-23,3.8837416999740526,True,True,False,False,False,False,False,E02__U024__RIGHT_CONNECTOR__MINIMUM_CERTIFIED_OUTER_GAP,x08_t09,representative,plus,0.002212840879142045,3.501105685979543,D4-deformed-contour-regular-away-W3-v51,checkpoint_5461_parent_v51_finite_cell
5463__x08_t10,5461_FINITE_PROJECTIVE_OWNER_CELL,E02,U024,MC04_SP_DP,B03,7,0,1,RIGHT_CONNECTOR,SIGN_DEFINITE_MONOTONE_PRINCIPAL_SQRT_RECTANGLE_WITH_PARENT_FALLBACK,0.8151327284118555,0.8153913841147351,0.0013125,0.00134375,9,x08_t10__finite_projective_depth9,0.030860585379902373,2.424897214496104e-10,True,,,14082.948197160396,0.000454579449830265,1.1255367677148511,3.5011060368789266,30.835159440469877,0,,POINTWISE_SUPREMUM,2.4248972144966096e-10,5.0561414942303817e-23,5.0561414942303817e-23,3.344409200013615,True,True,False,False,False,False,False,E02__U024__RIGHT_CONNECTOR__MINIMUM_CERTIFIED_OUTER_GAP,x08_t10,representative,plus,0.0022129475762662555,3.501105685979543,D4-deformed-contour-regular-away-W3-v51,checkpoint_5461_parent_v51_finite_cell
5463__x08_t11,5461_FINITE_PROJECTIVE_OWNER_CELL,E02,U024,MC04_SP_DP,B03,7,0,1,RIGHT_CONNECTOR,SIGN_DEFINITE_MONOTONE_PRINCIPAL_SQRT_RECTANGLE_WITH_PARENT_FALLBACK,0.8151327284118555,0.8153913841147351,0.00134375,0.001375,9,x08_t11__finite_projective_depth9,0.030860585379902373,2.424897214496104e-10,True,,,14122.53593903634,0.00045459388145573456,1.125537375898037,3.5011060368789266,30.829373502845076,0,,POINTWISE_SUPREMUM,2.424897214496626e-10,5.221577616740987e-23,5.221577616740987e-23,3.531770800007507,True,True,False,False,False,False,False,E02__U024__RIGHT_CONNECTOR__MINIMUM_CERTIFIED_OUTER_GAP,x08_t11,representative,plus,0.0022130568916923204,3.501105685979543,D4-deformed-contour-regular-away-W3-v51,checkpoint_5461_parent_v51_finite_cell
5463__x08_t12,5461_FINITE_PROJECTIVE_OWNER_CELL,E02,U024,MC04_SP_DP,B03,7,0,1,RIGHT_CONNECTOR,SIGN_DEFINITE_MONOTONE_PRINCIPAL_SQRT_RECTANGLE_WITH_PARENT_FALLBACK,0.8151327284118555,0.8153913841147351,0.001375,0.00140625,9,x08_t12__finite_projective_depth9,0.030860585379902373,2.424897214496104e-10,True,,,14162.672031088898,0.00045460865791892985,1.1255379994050072,3.5011060368789266,30.82348171780731,0,,POINTWISE_SUPREMUM,2.424897214496626e-10,5.221577616740987e-23,5.221577616740987e-23,3.59935899998527,True,True,False,False,False,False,False,E02__U024__RIGHT_CONNECTOR__MINIMUM_CERTIFIED_OUTER_GAP,x08_t12,representative,plus,0.0022131688249607275,3.501105685979543,D4-deformed-contour-regular-away-W3-v51,checkpoint_5461_parent_v51_finite_cell
5463__x08_t13,5461_FINITE_PROJECTIVE_OWNER_CELL,E02,U024,MC04_SP_DP,B03,7,0,1,RIGHT_CONNECTOR,SIGN_DEFINITE_MONOTONE_PRINCIPAL_SQRT_RECTANGLE_WITH_PARENT_FALLBACK,0.8151327284118555,0.8153913841147351,0.00140625,0.0014375,9,x08_t13__finite_projective_depth9,0.030860585379902373,2.424897214496104e-10,True,,,14203.35654814756,0.0004546237791187956,1.1255386382258947,3.5011060368789266,30.817484251378687,0,,POINTWISE_SUPREMUM,2.424897214496626e-10,5.221577616740987e-23,5.221577616740987e-23,3.560587799991481,True,True,False,False,False,False,False,E02__U024__RIGHT_CONNECTOR__MINIMUM_CERTIFIED_OUTER_GAP,x08_t13,representative,plus,0.002213283375600808,3.501105685979543,D4-deformed-contour-regular-away-W3-v51,checkpoint_5461_parent_v51_finite_cell
5463__x08_t14,5461_FINITE_PROJECTIVE_OWNER_CELL,E02,U024,MC04_SP_DP,B03,7,0,1,RIGHT_CONNECTOR,SIGN_DEFINITE_MONOTONE_PRINCIPAL_SQRT_RECTANGLE_WITH_PARENT_FALLBACK,0.8151327284118555,0.8153913841147351,0.0014375,0.00146875,9,x08_t14__finite_projective_depth9,0.030860585379902373,2.424897214496104e-10,True,,,14244.58035373956,0.0004546392449519435,1.1255392923506062,3.5011060368789266,30.81138127297399,0,,POINTWISE_SUPREMUM,2.424897214496626e-10,5.221577616740987e-23,5.221577616740987e-23,3.8423366000060923,True,True,False,False,False,False,False,E02__U024__RIGHT_CONNECTOR__MINIMUM_CERTIFIED_OUTER_GAP,x08_t14,representative,plus,0.0022134005431307486,3.501105685979543,D4-deformed-contour-regular-away-W3-v51,checkpoint_5461_parent_v51_finite_cell
5463__x08_t15,5461_FINITE_PROJECTIVE_OWNER_CELL,E02,U024,MC04_SP_DP,B03,7,0,1,RIGHT_CONNECTOR,SIGN_DEFINITE_MONOTONE_PRINCIPAL_SQRT_RECTANGLE_WITH_PARENT_FALLBACK,0.8151327284118555,0.8153913841147351,0.00146875,0.0015,9,x08_t15__finite_projective_depth9,0.030860585379902373,2.424897214496104e-10,True,,,14286.32615885343,0.00045465505531265516,1.1255399617688246,3.5011060368789266,30.805172955390383,0,,POINTWISE_SUPREMUM,2.424897214496626e-10,5.221577616740987e-23,5.221577616740987e-23,3.878592299995944,True,True,False,False,False,False,False,E02__U024__RIGHT_CONNECTOR__MINIMUM_CERTIFIED_OUTER_GAP,x08_t15,representative,plus,0.0022135203270575977,3.501105685979543,D4-deformed-contour-regular-away-W3-v51,checkpoint_5461_parent_v51_finite_cell
5463__x08_t16,5461_FINITE_PROJECTIVE_OWNER_CELL,E02,U024,MC04_SP_DP,B03,7,0,1,RIGHT_CONNECTOR,SIGN_DEFINITE_MONOTONE_PRINCIPAL_SQRT_RECTANGLE_WITH_PARENT_FALLBACK,0.8151327284118555,0.8153913841147351,0.0015,0.00153125,9,x08_t16__finite_projective_depth9,0.030860585379902373,2.424897214496104e-10,True,,,14328.584779515922,0.00045467121009288463,1.125540646470008,3.5011060368789266,30.79885946194037,0,,POINTWISE_SUPREMUM,2.424897214496626e-10,5.221577616740987e-23,5.221577616740987e-23,3.5198873999761418,True,True,False,False,False,False,False,E02__U024__RIGHT_CONNECTOR__MINIMUM_CERTIFIED_OUTER_GAP,x08_t16,representative,plus,0.0022136427268772746,3.501105685979543,D4-deformed-contour-regular-away-W3-v51,checkpoint_5461_parent_v51_finite_cell
5463__x08_t17,5461_FINITE_PROJECTIVE_OWNER_CELL,E02,U024,MC04_SP_DP,B03,7,0,1,RIGHT_CONNECTOR,SIGN_DEFINITE_MONOTONE_PRINCIPAL_SQRT_RECTANGLE_WITH_PARENT_FALLBACK,0.8151327284118555,0.8153913841147351,0.00153125,0.0015625,9,x08_t17__finite_projective_depth9,0.030860585379902373,2.424897214496104e-10,True,,,14371.346915312204,0.0004546877091822615,1.125541346443391,3.5011060368789266,30.792440982998247,0,,POINTWISE_SUPREMUM,2.424897214496626e-10,5.221577616740987e-23,5.221577616740987e-23,3.4609262000303715,True,True,False,False,False,False,False,E02__U024__RIGHT_CONNECTOR__MINIMUM_CERTIFIED_OUTER_GAP,x08_t17,representative,plus,0.002213767742074582,3.501105685979543,D4-deformed-contour-regular-away-W3-v51,checkpoint_5461_parent_v51_finite_cell
5463__x08_t18,5461_FINITE_PROJECTIVE_OWNER_CELL,E02,U024,MC04_SP_DP,B03,7,0,1,RIGHT_CONNECTOR,SIGN_DEFINITE_MONOTONE_PRINCIPAL_SQRT_RECTANGLE_WITH_PARENT_FALLBACK,0.8151327284118555,0.8153913841147351,0.0015625,0.0015937500000000001,9,x08_t18__finite_projective_depth9,0.030860585379902373,2.424897214496104e-10,True,,,14414.603287016995,0.00045470455246809347,1.1255420616779848,3.5011060368789266,30.785917702857716,0,,POINTWISE_SUPREMUM,2.424897214496626e-10,5.221577616740987e-23,5.221577616740987e-23,3.6269838999724016,True,True,False,False,False,False,False,E02__U024__RIGHT_CONNECTOR__MINIMUM_CERTIFIED_OUTER_GAP,x08_t18,representative,plus,0.00221389537212321,3.501105685979543,D4-deformed-contour-regular-away-W3-v51,checkpoint_5461_parent_v51_finite_cell
5463__x08_t19,5461_FINITE_PROJECTIVE_OWNER_CELL,E02,U024,MC04_SP_DP,B03,7,0,1,RIGHT_CONNECTOR,SIGN_DEFINITE_MONOTONE_PRINCIPAL_SQRT_RECTANGLE_WITH_PARENT_FALLBACK,0.8151327284118555,0.8153913841147351,0.0015937500000000001,0.0016250000000000001,9,x08_t19__finite_projective_depth9,0.030860585379902373,2.424897214496104e-10,True,,,14458.34456555917,0.00045472173983536967,1.1255427921625778,3.5011060368789266,30.779289807735207,0,,POINTWISE_SUPREMUM,2.424897214496626e-10,5.221577616740987e-23,5.221577616740987e-23,3.4664839999750257,True,True,False,False,False,False,False,E02__U024__RIGHT_CONNECTOR__MINIMUM_CERTIFIED_OUTER_GAP,x08_t19,representative,plus,0.002214025616485749,3.501105685979543,D4-deformed-contour-regular-away-W3-v51,checkpoint_5461_parent_v51_finite_cell
5463__x08_t20,5461_FINITE_PROJECTIVE_OWNER_CELL,E02,U024,MC04_SP_DP,B03,7,0,1,RIGHT_CONNECTOR,SIGN_DEFINITE_MONOTONE_PRINCIPAL_SQRT_RECTANGLE_WITH_PARENT_FALLBACK,0.8151327284118555,0.8153913841147351,0.0016250000000000001,0.0016562500000000002,9,x08_t20__finite_projective_depth9,0.030860585379902373,2.424897214496104e-10,True,,,14502.561375786272,0.00045473927116676337,1.1255435378857357,3.5011060368789266,30.772557487173575,0,,POINTWISE_SUPREMUM,2.424897214496626e-10,5.221577616740987e-23,5.221577616740987e-23,3.5026183999725617,True,True,False,False,False,False,False,E02__U024__RIGHT_CONNECTOR__MINIMUM_CERTIFIED_OUTER_GAP,x08_t20,representative,plus,0.0022141584746137,3.501105685979543,D4-deformed-contour-regular-away-W3-v51,checkpoint_5461_parent_v51_finite_cell
5463__x08_t21,5461_FINITE_PROJECTIVE_OWNER_CELL,E02,U024,MC04_SP_DP,B03,7,0,1,RIGHT_CONNECTOR,SIGN_DEFINITE_MONOTONE_PRINCIPAL_SQRT_RECTANGLE_WITH_PARENT_FALLBACK,0.8151327284118555,0.8153913841147351,0.0016562500000000002,0.0016875,9,x08_t21__finite_projective_depth9,0.030860585379902373,2.424897214496104e-10,True,,,14547.244300789887,0.0004547571463426351,1.1255442988358029,3.5011060368789266,30.76572093403046,0,,POINTWISE_SUPREMUM,2.4248972144966096e-10,5.0561414942303817e-23,5.0561414942303817e-23,3.4244108999846503,True,True,False,False,False,False,False,E02__U024__RIGHT_CONNECTOR__MINIMUM_CERTIFIED_OUTER_GAP,x08_t21,representative,plus,0.0022142939459474822,3.501105685979543,D4-deformed-contour-regular-away-W3-v51,checkpoint_5461_parent_v51_finite_cell
5463__x08_t22,5461_FINITE_PROJECTIVE_OWNER_CELL,E02,U024,MC04_SP_DP,B03,7,0,1,RIGHT_CONNECTOR,SIGN_DEFINITE_MONOTONE_PRINCIPAL_SQRT_RECTANGLE_WITH_PARENT_FALLBACK,0.8151327284118555,0.8153913841147351,0.0016875,0.00171875,9,x08_t22__finite_projective_depth9,0.030860585379902373,2.424897214496104e-10,True,,,14592.383886135898,0.00045477536524103586,1.1255450750009015,3.5011060368789266,30.758780344465958,0,,POINTWISE_SUPREMUM,2.424897214496626e-10,5.221577616740987e-23,5.221577616740987e-23,3.492477299994789,True,True,False,False,False,False,False,E02__U024__RIGHT_CONNECTOR__MINIMUM_CERTIFIED_OUTER_GAP,x08_t22,representative,plus,0.0022144320299164453,3.501105685979543,D4-deformed-contour-regular-away-W3-v51,checkpoint_5461_parent_v51_finite_cell
5463__x08_t23,5461_FINITE_PROJECTIVE_OWNER_CELL,E02,U024,MC04_SP_DP,B03,7,0,1,RIGHT_CONNECTOR,SIGN_DEFINITE_MONOTONE_PRINCIPAL_SQRT_RECTANGLE_WITH_PARENT_FALLBACK,0.8151327284118555,0.8153913841147351,0.00171875,0.00175,9,x08_t23__finite_projective_depth9,0.030860585379902373,2.424897214496104e-10,True,,,14637.970643991672,0.00045479392773771027,1.125545866368933,3.5011060368789266,30.7517359179309,0,,POINTWISE_SUPREMUM,2.424897214496626e-10,5.221577616740987e-23,5.221577616740987e-23,3.516024800017476,True,True,False,False,False,False,False,E02__U024__RIGHT_CONNECTOR__MINIMUM_CERTIFIED_OUTER_GAP,x08_t23,representative,plus,0.0022145727259388786,3.501105685979543,D4-deformed-contour-regular-away-W3-v51,checkpoint_5461_parent_v51_finite_cell
5463__x08_t24,5461_FINITE_PROJECTIVE_OWNER_CELL,E02,U024,MC04_SP_DP,B03,7,0,1,RIGHT_CONNECTOR,SIGN_DEFINITE_MONOTONE_PRINCIPAL_SQRT_RECTANGLE_WITH_PARENT_FALLBACK,0.8151327284118555,0.8153913841147351,0.00175,0.00178125,9,x08_t24__finite_projective_depth9,0.030860585379902373,2.424897214496104e-10,True,,,14683.995057158569,0.0004548128337060998,1.1255466729275787,3.5011060368789266,30.744587857153995,0,,POINTWISE_SUPREMUM,2.424897214496626e-10,5.221577616740987e-23,5.221577616740987e-23,3.4119173000217415,True,True,False,False,False,False,False,E02__U024__RIGHT_CONNECTOR__MINIMUM_CERTIFIED_OUTER_GAP,x08_t24,representative,plus,0.0022147160334220223,3.501105685979543,D4-deformed-contour-regular-away-W3-v51,checkpoint_5461_parent_v51_finite_cell
5463__x08_t25,5461_FINITE_PROJECTIVE_OWNER_CELL,E02,U024,MC04_SP_DP,B03,7,0,1,RIGHT_CONNECTOR,SIGN_DEFINITE_MONOTONE_PRINCIPAL_SQRT_RECTANGLE_WITH_PARENT_FALLBACK,0.8151327284118555,0.8153913841147351,0.00178125,0.0018125,9,x08_t25__finite_projective_depth9,0.030860585379902373,2.424897214496104e-10,True,,,14730.44758299874,0.00045483208301734605,1.1255474946642992,3.5011060368789266,30.737336368129537,0,,POINTWISE_SUPREMUM,2.424897214496626e-10,5.221577616740987e-23,5.221577616740987e-23,3.3469330999650992,True,True,False,False,False,False,False,E02__U024__RIGHT_CONNECTOR__MINIMUM_CERTIFIED_OUTER_GAP,x08_t25,representative,plus,0.0022148619517620783,3.501105685979543,D4-deformed-contour-regular-away-W3-v51,checkpoint_5461_parent_v51_finite_cell
5463__x08_t26,5461_FINITE_PROJECTIVE_OWNER_CELL,E02,U024,MC04_SP_DP,B03,7,0,1,RIGHT_CONNECTOR,SIGN_DEFINITE_MONOTONE_PRINCIPAL_SQRT_RECTANGLE_WITH_PARENT_FALLBACK,0.8151327284118555,0.8153913841147351,0.0018125,0.00184375,9,x08_t26__finite_projective_depth9,0.030860585379902373,2.424897214496104e-10,True,,,14777.31865726185,0.0004548516755402942,1.125548331566336,3.5011060368789266,30.729981660104624,0,,POINTWISE_SUPREMUM,2.4248972144966096e-10,5.0561414942303817e-23,5.0561414942303817e-23,3.573896199988667,True,True,False,False,False,False,False,E02__U024__RIGHT_CONNECTOR__MINIMUM_CERTIFIED_OUTER_GAP,x08_t26,representative,plus,0.0022150104803442205,3.501105685979543,D4-deformed-contour-regular-away-W3-v51,checkpoint_5461_parent_v51_finite_cell
5463__x08_t27,5461_FINITE_PROJECTIVE_OWNER_CELL,E02,U024,MC04_SP_DP,B03,7,0,1,RIGHT_CONNECTOR,SIGN_DEFINITE_MONOTONE_PRINCIPAL_SQRT_RECTANGLE_WITH_PARENT_FALLBACK,0.8151327284118555,0.8153913841147351,0.00184375,0.001875,9,x08_t27__finite_projective_depth9,0.030860585379902373,2.424897214496104e-10,True,,,14824.598697810321,0.0004548716111414962,1.1255491836207117,3.5011060368789266,30.722523945565985,0,,POINTWISE_SUPREMUM,2.424897214496626e-10,5.221577616740987e-23,5.221577616740987e-23,3.496781900001224,True,True,False,False,False,False,False,E02__U024__RIGHT_CONNECTOR__MINIMUM_CERTIFIED_OUTER_GAP,x08_t27,representative,plus,0.0022151616185426067,3.501105685979543,D4-deformed-contour-regular-away-W3-v51,checkpoint_5461_parent_v51_finite_cell
5463__x08_t28,5461_FINITE_PROJECTIVE_OWNER_CELL,E02,U024,MC04_SP_DP,B03,7,0,1,RIGHT_CONNECTOR,SIGN_DEFINITE_MONOTONE_PRINCIPAL_SQRT_RECTANGLE_WITH_PARENT_FALLBACK,0.8151327284118555,0.8153913841147351,0.001875,0.00190625,9,x08_t28__finite_projective_depth9,0.030860585379902373,2.424897214496104e-10,True,,,14872.278108238139,0.0004548918896852146,1.1255500508142302,3.5011060368789266,30.714963440227056,0,,POINTWISE_SUPREMUM,2.424897214496626e-10,5.221577616740987e-23,5.221577616740987e-23,3.7588434999925084,True,True,False,False,False,False,False,E02__U024__RIGHT_CONNECTOR__MINIMUM_CERTIFIED_OUTER_GAP,x08_t28,representative,plus,0.002215315365720389,3.501105685979543,D4-deformed-contour-regular-away-W3-v51,checkpoint_5461_parent_v51_finite_cell
5463__x08_t29,5461_FINITE_PROJECTIVE_OWNER_CELL,E02,U024,MC04_SP_DP,B03,7,0,1,RIGHT_CONNECTOR,SIGN_DEFINITE_MONOTONE_PRINCIPAL_SQRT_RECTANGLE_WITH_PARENT_FALLBACK,0.8151327284118555,0.8153913841147351,0.00190625,0.0019375,9,x08_t29__finite_projective_depth9,0.030860585379902373,2.424897214496104e-10,True,,,14920.34728139174,0.0004549125110334258,1.1255509331334776,3.5011060368789266,30.707300363014223,0,,POINTWISE_SUPREMUM,2.424897214496626e-10,5.221577616740987e-23,5.221577616740987e-23,3.4057241000118665,True,True,False,False,False,False,False,E02__U024__RIGHT_CONNECTOR__MINIMUM_CERTIFIED_OUTER_GAP,x08_t29,representative,plus,0.0022154717212297275,3.501105685979543,D4-deformed-contour-regular-away-W3-v51,checkpoint_5461_parent_v51_finite_cell
5463__x08_t30,5461_FINITE_PROJECTIVE_OWNER_CELL,E02,U024,MC04_SP_DP,B03,7,0,1,RIGHT_CONNECTOR,SIGN_DEFINITE_MONOTONE_PRINCIPAL_SQRT_RECTANGLE_WITH_PARENT_FALLBACK,0.8151327284118555,0.8153913841147351,0.0019375,0.00196875,9,x08_t30__finite_projective_depth9,0.030860585379902373,2.424897214496104e-10,True,,,14968.796602781682,0.0004549334750458236,1.125551830564823,3.5011060368789266,30.69953493605387,0,,POINTWISE_SUPREMUM,2.424897214496626e-10,5.221577616740987e-23,5.221577616740987e-23,3.4105926000047475,True,True,False,False,False,False,False,E02__U024__RIGHT_CONNECTOR__MINIMUM_CERTIFIED_OUTER_GAP,x08_t30,representative,plus,0.0022156306844118004,3.501105685979543,D4-deformed-contour-regular-away-W3-v51,checkpoint_5461_parent_v51_finite_cell
5463__x08_t31,5461_FINITE_PROJECTIVE_OWNER_CELL,E02,U024,MC04_SP_DP,B03,7,0,1,RIGHT_CONNECTOR,SIGN_DEFINITE_MONOTONE_PRINCIPAL_SQRT_RECTANGLE_WITH_PARENT_FALLBACK,0.8151327284118555,0.8153913841147351,0.00196875,0.002,9,x08_t31__finite_projective_depth9,0.030860585379902373,2.424897214496104e-10,True,,,15017.616453897568,0.00045495478157982325,1.1255527430944179,3.5011060368789266,30.691667384657965,0,,POINTWISE_SUPREMUM,2.424897214496626e-10,5.221577616740987e-23,5.221577616740987e-23,3.4919940999825485,True,True,False,False,False,False,False,E02__U024__RIGHT_CONNECTOR__MINIMUM_CERTIFIED_OUTER_GAP,x08_t31,representative,plus,0.0022157922545968166,3.501105685979543,D4-deformed-contour-regular-away-W3-v51,checkpoint_5461_parent_v51_finite_cell
5463__x09_t00,5461_FINITE_PROJECTIVE_OWNER_CELL,E02,U024,MC04_SP_DP,B03,7,0,1,RIGHT_CONNECTOR,SIGN_DEFINITE_MONOTONE_PRINCIPAL_SQRT_RECTANGLE_WITH_PARENT_FALLBACK,0.8153913841147351,0.8156500398176146,0.001,0.00103125,9,x09_t00__finite_projective_depth9,0.030860585379902373,2.424897214496104e-10,True,,,17155.815529197804,0.0004408527440921128,1.1246208502428041,3.5038040278175524,30.248145457179266,0,,POINTWISE_SUPREMUM,2.424897214495585e-10,5.1905583437702487e-23,0.0,3.3367590999696404,True,True,False,False,False,False,False,E02__U024__RIGHT_CONNECTOR__MINIMUM_CERTIFIED_OUTER_GAP,x09_t00,representative,plus,0.0021833437135263243,3.503803676646724,D4-deformed-contour-regular-away-W3-v51,checkpoint_5461_parent_v51_finite_cell
5463__x09_t01,5461_FINITE_PROJECTIVE_OWNER_CELL,E02,U024,MC04_SP_DP,B03,7,0,1,RIGHT_CONNECTOR,SIGN_DEFINITE_MONOTONE_PRINCIPAL_SQRT_RECTANGLE_WITH_PARENT_FALLBACK,0.8153913841147351,0.8156500398176146,0.00103125,0.0010625,9,x09_t01__finite_projective_depth9,0.030860585379902373,2.424897214496104e-10,True,,,17198.665612333923,0.00044093018522879874,1.1246213183485236,3.5038040278175524,30.24325047969859,0,,POINTWISE_SUPREMUM,2.424897214495585e-10,5.1905583437702487e-23,0.0,3.498510300007183,True,True,False,False,False,False,False,E02__U024__RIGHT_CONNECTOR__MINIMUM_CERTIFIED_OUTER_GAP,x09_t01,representative,plus,0.0021834277089786648,3.503803676646724,D4-deformed-contour-regular-away-W3-v51,checkpoint_5461_parent_v51_finite_cell
5463__x09_t02,5461_FINITE_PROJECTIVE_OWNER_CELL,E02,U024,MC04_SP_DP,B03,7,0,1,RIGHT_CONNECTOR,SIGN_DEFINITE_MONOTONE_PRINCIPAL_SQRT_RECTANGLE_WITH_PARENT_FALLBACK,0.8153913841147351,0.8156500398176146,0.0010625,0.00109375,9,x09_t02__finite_projective_depth9,0.030860585379902373,2.424897214496104e-10,True,,,17242.31692485801,0.0004410113574220359,1.1246218022982892,3.5038040278175524,30.238244022934005,0,,POINTWISE_SUPREMUM,2.424897214495585e-10,5.1905583437702487e-23,0.0,3.3083112000022084,True,True,False,False,False,False,False,E02__U024__RIGHT_CONNECTOR__MINIMUM_CERTIFIED_OUTER_GAP,x09_t02,representative,plus,0.002183514354435052,3.503803676646724,D4-deformed-contour-regular-away-W3-v51,checkpoint_5461_parent_v51_finite_cell
5463__x09_t03,5461_FINITE_PROJECTIVE_OWNER_CELL,E02,U024,MC04_SP_DP,B03,7,0,1,RIGHT_CONNECTOR,SIGN_DEFINITE_MONOTONE_PRINCIPAL_SQRT_RECTANGLE_WITH_PARENT_FALLBACK,0.8153913841147351,0.8156500398176146,0.00109375,0.0011250000000000001,9,x09_t03__finite_projective_depth9,0.030860585379902373,2.424897214496104e-10,True,,,17286.759106000885,0.00044109625895180323,1.1246223020841155,3.5038040278175524,30.23312622750526,0,,POINTWISE_SUPREMUM,2.424897214495585e-10,5.1905583437702487e-23,0.0,3.7257838000077754,True,True,False,False,False,False,False,E02__U024__RIGHT_CONNECTOR__MINIMUM_CERTIFIED_OUTER_GAP,x09_t03,representative,plus,0.0021836036495254518,3.503803676646724,D4-deformed-contour-regular-away-W3-v51,checkpoint_5461_parent_v51_finite_cell
5463__x09_t04,5461_FINITE_PROJECTIVE_OWNER_CELL,E02,U024,MC04_SP_DP,B03,7,0,1,RIGHT_CONNECTOR,SIGN_DEFINITE_MONOTONE_PRINCIPAL_SQRT_RECTANGLE_WITH_PARENT_FALLBACK,0.8153913841147351,0.8156500398176146,0.0011250000000000001,0.00115625,9,x09_t04__finite_projective_depth9,0.030860585379902373,2.424897214496104e-10,True,,,17331.981632295785,0.00044118488803827254,1.1246228176977762,3.5038040278175524,30.22789723775909,0,,POINTWISE_SUPREMUM,2.424897214495569e-10,5.350824587452398e-23,0.0,3.68836630001897,True,True,False,False,False,False,False,E02__U024__RIGHT_CONNECTOR__MINIMUM_CERTIFIED_OUTER_GAP,x09_t04,representative,plus,0.002183695593868254,3.503803676646724,D4-deformed-contour-regular-away-W3-v51,checkpoint_5461_parent_v51_finite_cell
5463__x09_t05,5461_FINITE_PROJECTIVE_OWNER_CELL,E02,U024,MC04_SP_DP,B03,7,0,1,RIGHT_CONNECTOR,SIGN_DEFINITE_MONOTONE_PRINCIPAL_SQRT_RECTANGLE_WITH_PARENT_FALLBACK,0.8153913841147351,0.8156500398176146,0.00115625,0.0011875,9,x09_t05__finite_projective_depth9,0.030860585379902373,2.424897214496104e-10,True,,,17377.973824742185,0.0004412772428419387,1.1246233491308055,3.5038040278175524,30.22255720176101,0,,POINTWISE_SUPREMUM,2.424897214495585e-10,5.1905583437702487e-23,0.0,3.2630952000035904,True,True,False,False,False,False,False,E02__U024__RIGHT_CONNECTOR__MINIMUM_CERTIFIED_OUTER_GAP,x09_t05,representative,plus,0.002183790187070274,3.503803676646724,D4-deformed-contour-regular-away-W3-v51,checkpoint_5461_parent_v51_finite_cell
5463__x09_t06,5461_FINITE_PROJECTIVE_OWNER_CELL,E02,U024,MC04_SP_DP,B03,7,0,1,RIGHT_CONNECTOR,SIGN_DEFINITE_MONOTONE_PRINCIPAL_SQRT_RECTANGLE_WITH_PARENT_FALLBACK,0.8153913841147351,0.8156500398176146,0.0011875,0.00121875,9,x09_t06__finite_projective_depth9,0.030860585379902373,2.424897214496104e-10,True,,,17424.724855933935,0.00044137332146365404,1.1246238963744979,3.5038040278175524,30.21710627128501,0,,POINTWISE_SUPREMUM,2.424897214495585e-10,5.1905583437702487e-23,0.0,3.7562718000262976,True,True,False,False,False,False,False,E02__U024__RIGHT_CONNECTOR__MINIMUM_CERTIFIED_OUTER_GAP,x09_t06,representative,plus,0.002183887428726766,3.503803676646724,D4-deformed-contour-regular-away-W3-v51,checkpoint_5461_parent_v51_finite_cell
5463__x09_t07,5461_FINITE_PROJECTIVE_OWNER_CELL,E02,U024,MC04_SP_DP,B03,7,0,1,RIGHT_CONNECTOR,SIGN_DEFINITE_MONOTONE_PRINCIPAL_SQRT_RECTANGLE_WITH_PARENT_FALLBACK,0.8153913841147351,0.8156500398176146,0.00121875,0.00125,9,x09_t07__finite_projective_depth9,0.030860585379902373,2.424897214496104e-10,True,,,17472.223757131254,0.00044147312194475926,1.124624459419909,3.5038040278175524,30.211544601804466,0,,POINTWISE_SUPREMUM,2.424897214495585e-10,5.1905583437702487e-23,0.0,3.4803033000207506,True,True,False,False,False,False,False,E02__U024__RIGHT_CONNECTOR__MINIMUM_CERTIFIED_OUTER_GAP,x09_t07,representative,plus,0.0021839873184214278,3.503803676646724,D4-deformed-contour-regular-away-W3-v51,checkpoint_5461_parent_v51_finite_cell
5463__x09_t08,5461_FINITE_PROJECTIVE_OWNER_CELL,E02,U024,MC04_SP_DP,B03,7,0,1,RIGHT_CONNECTOR,SIGN_DEFINITE_MONOTONE_PRINCIPAL_SQRT_RECTANGLE_WITH_PARENT_FALLBACK,0.8153913841147351,0.8156500398176146,0.00125,0.00128125,9,x09_t08__finite_projective_depth9,0.030860585379902373,2.424897214496104e-10,True,,,17520.460494426712,0.00044157664226716805,1.1246250382578553,3.5038040278175524,30.20587235248218,0,,POINTWISE_SUPREMUM,2.424897214495585e-10,5.1905583437702487e-23,0.0,3.317081799963489,True,True,False,False,False,False,False,E02__U024__RIGHT_CONNECTOR__MINIMUM_CERTIFIED_OUTER_GAP,x09_t08,representative,plus,0.002184089855726406,3.503803676646724,D4-deformed-contour-regular-away-W3-v51,checkpoint_5461_parent_v51_finite_cell
5463__x09_t09,5461_FINITE_PROJECTIVE_OWNER_CELL,E02,U024,MC04_SP_DP,B03,7,0,1,RIGHT_CONNECTOR,SIGN_DEFINITE_MONOTONE_PRINCIPAL_SQRT_RECTANGLE_WITH_PARENT_FALLBACK,0.8153913841147351,0.8156500398176146,0.00128125,0.0013125,9,x09_t09__finite_projective_depth9,0.030860585379902373,2.424897214496104e-10,True,,,17569.426447647176,0.0004416838803534428,1.1246256328789153,3.5038040278175524,30.200089686159917,0,,POINTWISE_SUPREMUM,2.424897214495585e-10,5.1905583437702487e-23,0.0,3.4548533000051975,True,True,False,False,False,False,False,E02__U024__RIGHT_CONNECTOR__MINIMUM_CERTIFIED_OUTER_GAP,x09_t09,representative,plus,0.00218419504020231,3.503803676646724,D4-deformed-contour-regular-away-W3-v51,checkpoint_5461_parent_v51_finite_cell
5463__x09_t10,5461_FINITE_PROJECTIVE_OWNER_CELL,E02,U024,MC04_SP_DP,B03,7,0,1,RIGHT_CONNECTOR,SIGN_DEFINITE_MONOTONE_PRINCIPAL_SQRT_RECTANGLE_WITH_PARENT_FALLBACK,0.8153913841147351,0.8156500398176146,0.0013125,0.00134375,9,x09_t10__finite_projective_depth9,0.030860585379902373,2.424897214496104e-10,True,,,17619.108073284777,0.00044179483405370297,1.124626243273429,3.5038040278175524,30.19419676934823,0,,POINTWISE_SUPREMUM,2.424897214495569e-10,5.350824587452398e-23,0.0,3.3998622000217438,True,True,False,False,False,False,False,E02__U024__RIGHT_CONNECTOR__MINIMUM_CERTIFIED_OUTER_GAP,x09_t10,representative,plus,0.002184302871398212,3.503803676646724,D4-deformed-contour-regular-away-W3-v51,checkpoint_5461_parent_v51_finite_cell
5463__x09_t11,5461_FINITE_PROJECTIVE_OWNER_CELL,E02,U024,MC04_SP_DP,B03,7,0,1,RIGHT_CONNECTOR,SIGN_DEFINITE_MONOTONE_PRINCIPAL_SQRT_RECTANGLE_WITH_PARENT_FALLBACK,0.8153913841147351,0.8156500398176146,0.00134375,0.001375,9,x09_t11__finite_projective_depth9,0.030860585379902373,2.424897214496104e-10,True,,,17669.492678916624,0.00044190950111844393,1.1246268694314996,3.5038040278175524,30.18819377221592,0,,POINTWISE_SUPREMUM,2.424897214495585e-10,5.1905583437702487e-23,0.0,4.127041700005066,True,True,False,False,False,False,False,E02__U024__RIGHT_CONNECTOR__MINIMUM_CERTIFIED_OUTER_GAP,x09_t11,representative,plus,0.002184413348851664,3.503803676646724,D4-deformed-contour-regular-away-W3-v51,checkpoint_5461_parent_v51_finite_cell
5463__x09_t12,5461_FINITE_PROJECTIVE_OWNER_CELL,E02,U024,MC04_SP_DP,B03,7,0,1,RIGHT_CONNECTOR,SIGN_DEFINITE_MONOTONE_PRINCIPAL_SQRT_RECTANGLE_WITH_PARENT_FALLBACK,0.8153913841147351,0.8156500398176146,0.001375,0.00140625,9,x09_t12__finite_projective_depth9,0.030860585379902373,2.424897214496104e-10,True,,,17720.569939467754,0.0004420278793597268,1.1246275113429924,3.5038040278175524,30.18208086857914,0,,POINTWISE_SUPREMUM,2.424897214495585e-10,5.1905583437702487e-23,0.0,3.5755012000445276,True,True,False,False,False,False,False,E02__U024__RIGHT_CONNECTOR__MINIMUM_CERTIFIED_OUTER_GAP,x09_t12,representative,plus,0.0021845264720887006,3.503803676646724,D4-deformed-contour-regular-away-W3-v51,checkpoint_5461_parent_v51_finite_cell
5463__x09_t13,5461_FINITE_PROJECTIVE_OWNER_CELL,E02,U024,MC04_SP_DP,B03,7,0,1,RIGHT_CONNECTOR,SIGN_DEFINITE_MONOTONE_PRINCIPAL_SQRT_RECTANGLE_WITH_PARENT_FALLBACK,0.8153913841147351,0.8156500398176146,0.00140625,0.0014375,9,x09_t13__finite_projective_depth9,0.030860585379902373,2.424897214496104e-10,True,,,17772.330394535915,0.0004421499664637483,1.1246281689975361,3.5038040278175524,30.175858235889994,0,,POINTWISE_SUPREMUM,2.424897214495585e-10,5.1905583437702487e-23,0.0,3.3378454000339843,True,True,False,False,False,False,False,E02__U024__RIGHT_CONNECTOR__MINIMUM_CERTIFIED_OUTER_GAP,x09_t13,representative,plus,0.0021846422406238486,3.503803676646724,D4-deformed-contour-regular-away-W3-v51,checkpoint_5461_parent_v51_finite_cell
5463__x09_t14,5461_FINITE_PROJECTIVE_OWNER_CELL,E02,U024,MC04_SP_DP,B03,7,0,1,RIGHT_CONNECTOR,SIGN_DEFINITE_MONOTONE_PRINCIPAL_SQRT_RECTANGLE_WITH_PARENT_FALLBACK,0.8153913841147351,0.8156500398176146,0.0014375,0.00146875,9,x09_t14__finite_projective_depth9,0.030860585379902373,2.424897214496104e-10,True,,,17824.759173438946,0.0004422757600579156,1.1246288423845234,3.5038040278175524,30.16952605522591,0,,POINTWISE_SUPREMUM,2.424897214495585e-10,5.1905583437702487e-23,0.0,3.572810300043784,True,True,False,False,False,False,False,E02__U024__RIGHT_CONNECTOR__MINIMUM_CERTIFIED_OUTER_GAP,x09_t14,representative,plus,0.002184760653960137,3.503803676646724,D4-deformed-contour-regular-away-W3-v51,checkpoint_5461_parent_v51_finite_cell
5463__x09_t15,5461_FINITE_PROJECTIVE_OWNER_CELL,E02,U024,MC04_SP_DP,B03,7,0,1,RIGHT_CONNECTOR,SIGN_DEFINITE_MONOTONE_PRINCIPAL_SQRT_RECTANGLE_WITH_PARENT_FALLBACK,0.8153913841147351,0.8156500398176146,0.00146875,0.0015,9,x09_t15__finite_projective_depth9,0.030860585379902373,2.424897214496104e-10,True,,,17877.844402324376,0.00044240525771087775,1.1246295314931112,3.5038040278175524,30.163084511277315,0,,POINTWISE_SUPREMUM,2.424897214495585e-10,5.1905583437702487e-23,0.0,3.5171176999574527,True,True,False,False,False,False,False,E02__U024__RIGHT_CONNECTOR__MINIMUM_CERTIFIED_OUTER_GAP,x09_t15,representative,plus,0.002184881711589107,3.503803676646724,D4-deformed-contour-regular-away-W3-v51,checkpoint_5461_parent_v51_finite_cell
5463__x09_t16,5461_FINITE_PROJECTIVE_OWNER_CELL,E02,U024,MC04_SP_DP,B03,7,0,1,RIGHT_CONNECTOR,SIGN_DEFINITE_MONOTONE_PRINCIPAL_SQRT_RECTANGLE_WITH_PARENT_FALLBACK,0.8153913841147351,0.8156500398176146,0.0015,0.00153125,9,x09_t16__finite_projective_depth9,0.030860585379902373,2.424897214496104e-10,True,,,17931.574048029655,0.00044253845693272394,1.1246302363122205,3.5038040278175524,30.156533792336475,0,,POINTWISE_SUPREMUM,2.424897214495585e-10,5.1905583437702487e-23,0.0,3.660974600003101,True,True,False,False,False,False,False,E02__U024__RIGHT_CONNECTOR__MINIMUM_CERTIFIED_OUTER_GAP,x09_t16,representative,plus,0.0021850054129908193,3.503803676646724,D4-deformed-contour-regular-away-W3-v51,checkpoint_5461_parent_v51_finite_cell
5463__x09_t17,5461_FINITE_PROJECTIVE_OWNER_CELL,E02,U024,MC04_SP_DP,B03,7,0,1,RIGHT_CONNECTOR,SIGN_DEFINITE_MONOTONE_PRINCIPAL_SQRT_RECTANGLE_WITH_PARENT_FALLBACK,0.8153913841147351,0.8156500398176146,0.00153125,0.0015625,9,x09_t17__finite_projective_depth9,0.030860585379902373,2.424897214496104e-10,True,,,17985.95441149047,0.0004426753551750196,1.1246309568305377,3.5038040278175524,30.14987408523114,0,,POINTWISE_SUPREMUM,2.424897214495585e-10,5.1905583437702487e-23,0.0,3.6122004999779165,True,True,False,False,False,False,False,E02__U024__RIGHT_CONNECTOR__MINIMUM_CERTIFIED_OUTER_GAP,x09_t17,representative,plus,0.0021851317576338657,3.503803676646724,D4-deformed-contour-regular-away-W3-v51,checkpoint_5461_parent_v51_finite_cell
5463__x09_t18,5461_FINITE_PROJECTIVE_OWNER_CELL,E02,U024,MC04_SP_DP,B03,7,0,1,RIGHT_CONNECTOR,SIGN_DEFINITE_MONOTONE_PRINCIPAL_SQRT_RECTANGLE_WITH_PARENT_FALLBACK,0.8153913841147351,0.8156500398176146,0.0015625,0.0015937500000000001,9,x09_t18__finite_projective_depth9,0.030860585379902373,2.424897214496104e-10,True,,,18040.959139879164,0.00044281594983097954,1.1246316930365148,3.5038040278175524,30.143105580461985,0,,POINTWISE_SUPREMUM,2.424897214495585e-10,5.1905583437702487e-23,0.0,3.4914340000250377,True,True,False,False,False,False,False,E02__U024__RIGHT_CONNECTOR__MINIMUM_CERTIFIED_OUTER_GAP,x09_t18,representative,plus,0.002185260744975377,3.503803676646724,D4-deformed-contour-regular-away-W3-v51,checkpoint_5461_parent_v51_finite_cell
5463__x09_t19,5461_FINITE_PROJECTIVE_OWNER_CELL,E02,U024,MC04_SP_DP,B03,7,0,1,RIGHT_CONNECTOR,SIGN_DEFINITE_MONOTONE_PRINCIPAL_SQRT_RECTANGLE_WITH_PARENT_FALLBACK,0.8153913841147351,0.8156500398176146,0.0015937500000000001,0.0016250000000000001,9,x09_t19__finite_projective_depth9,0.030860585379902373,2.424897214496104e-10,True,,,18096.572782956646,0.00044296023823556897,1.1246324449183698,3.5038040278175524,30.13622848646609,0,,POINTWISE_SUPREMUM,2.424897214495585e-10,5.1905583437702487e-23,0.0,3.87855419999687,True,True,False,False,False,False,False,E02__U024__RIGHT_CONNECTOR__MINIMUM_CERTIFIED_OUTER_GAP,x09_t19,representative,plus,0.0021853923744610364,3.503803676646724,D4-deformed-contour-regular-away-W3-v51,checkpoint_5461_parent_v51_finite_cell
5463__x09_t20,5461_FINITE_PROJECTIVE_OWNER_CELL,E02,U024,MC04_SP_DP,B03,7,0,1,RIGHT_CONNECTOR,SIGN_DEFINITE_MONOTONE_PRINCIPAL_SQRT_RECTANGLE_WITH_PARENT_FALLBACK,0.8153913841147351,0.8156500398176146,0.0016250000000000001,0.0016562500000000002,9,x09_t20__finite_projective_depth9,0.030860585379902373,2.424897214496104e-10,True,,,18152.78314051463,0.00044310863462842723,1.1246332124640868,3.5038040278175524,30.12924300581958,0,,POINTWISE_SUPREMUM,2.424897214495585e-10,5.1905583437702487e-23,0.0,4.494447900040541,True,True,False,False,False,False,False,E02__U024__RIGHT_CONNECTOR__MINIMUM_CERTIFIED_OUTER_GAP,x09_t20,representative,plus,0.0021855266455250845,3.503803676646724,D4-deformed-contour-regular-away-W3-v51,checkpoint_5461_parent_v51_finite_cell
5463__x09_t21,5461_FINITE_PROJECTIVE_OWNER_CELL,E02,U024,MC04_SP_DP,B03,7,0,1,RIGHT_CONNECTOR,SIGN_DEFINITE_MONOTONE_PRINCIPAL_SQRT_RECTANGLE_WITH_PARENT_FALLBACK,0.8153913841147351,0.8156500398176146,0.0016562500000000002,0.0016875,9,x09_t21__finite_projective_depth9,0.030860585379902373,2.424897214496104e-10,True,,,18209.577960770584,0.00044326384001995453,1.1246339956614175,3.5038040278175524,30.122149344637403,0,,POINTWISE_SUPREMUM,2.424897214495569e-10,5.350824587452398e-23,0.0,4.866059300024062,True,True,False,False,False,False,False,E02__U024__RIGHT_CONNECTOR__MINIMUM_CERTIFIED_OUTER_GAP,x09_t21,representative,plus,0.0021856635575903346,3.503803676646724,D4-deformed-contour-regular-away-W3-v51,checkpoint_5461_parent_v51_finite_cell
5463__x09_t22,5461_FINITE_PROJECTIVE_OWNER_CELL,E02,U024,MC04_SP_DP,B03,7,0,1,RIGHT_CONNECTOR,SIGN_DEFINITE_MONOTONE_PRINCIPAL_SQRT_RECTANGLE_WITH_PARENT_FALLBACK,0.8153913841147351,0.8156500398176146,0.0016875,0.00171875,9,x09_t22__finite_projective_depth9,0.030860585379902373,2.424897214496104e-10,True,,,18266.944945906205,0.00044342226833201927,1.124634794497881,3.5038040278175524,30.114947712561136,0,,POINTWISE_SUPREMUM,2.424897214495585e-10,5.1905583437702487e-23,0.0,4.840599799994379,True,True,False,False,False,False,False,E02__U024__RIGHT_CONNECTOR__MINIMUM_CERTIFIED_OUTER_GAP,x09_t22,representative,plus,0.0021858031100681825,3.503803676646724,D4-deformed-contour-regular-away-W3-v51,checkpoint_5461_parent_v51_finite_cell
5463__x09_t23,5461_FINITE_PROJECTIVE_OWNER_CELL,E02,U024,MC04_SP_DP,B03,7,0,1,RIGHT_CONNECTOR,SIGN_DEFINITE_MONOTONE_PRINCIPAL_SQRT_RECTANGLE_WITH_PARENT_FALLBACK,0.8153913841147351,0.8156500398176146,0.00171875,0.00175,9,x09_t23__finite_projective_depth9,0.030860585379902373,2.424897214496104e-10,True,,,18324.871757479184,0.000443589509418022,1.1246356089607639,3.5038040278175524,30.107638322744798,0,,POINTWISE_SUPREMUM,2.424897214495585e-10,5.1905583437702487e-23,0.0,4.763768000004347,True,True,False,False,False,False,False,E02__U024__RIGHT_CONNECTOR__MINIMUM_CERTIFIED_OUTER_GAP,x09_t23,representative,plus,0.002185945302358615,3.503803676646724,D4-deformed-contour-regular-away-W3-v51,checkpoint_5461_parent_v51_finite_cell
5463__x09_t24,5461_FINITE_PROJECTIVE_OWNER_CELL,E02,U024,MC04_SP_DP,B03,7,0,1,RIGHT_CONNECTOR,SIGN_DEFINITE_MONOTONE_PRINCIPAL_SQRT_RECTANGLE_WITH_PARENT_FALLBACK,0.8153913841147351,0.8156500398176146,0.00175,0.00178125,9,x09_t24__finite_projective_depth9,0.030860585379902373,2.424897214496104e-10,True,,,18383.346021695015,0.00044376556536347033,1.1246364390371222,3.5038040278175524,30.100221391841814,0,,POINTWISE_SUPREMUM,2.424897214495585e-10,5.1905583437702487e-23,0.0,4.613834400021005,True,True,False,False,False,False,False,E02__U024__RIGHT_CONNECTOR__MINIMUM_CERTIFIED_OUTER_GAP,x09_t24,representative,plus,0.002186090133850223,3.503803676646724,D4-deformed-contour-regular-away-W3-v51,checkpoint_5461_parent_v51_finite_cell
5463__x09_t25,5461_FINITE_PROJECTIVE_OWNER_CELL,E02,U024,MC04_SP_DP,B03,7,0,1,RIGHT_CONNECTOR,SIGN_DEFINITE_MONOTONE_PRINCIPAL_SQRT_RECTANGLE_WITH_PARENT_FALLBACK,0.8153913841147351,0.8156500398176146,0.00178125,0.0018125,9,x09_t25__finite_projective_depth9,0.030860585379902373,2.424897214496104e-10,True,,,18442.355334546362,0.0004439504379993636,1.1246372847137802,3.5038040278175524,30.092697139990776,0,,POINTWISE_SUPREMUM,2.424897214495585e-10,5.1905583437702487e-23,0.0,3.5610922999912873,True,True,False,False,False,False,False,E02__U024__RIGHT_CONNECTOR__MINIMUM_CERTIFIED_OUTER_GAP,x09_t25,representative,plus,0.0021862376039202135,3.503803676646724,D4-deformed-contour-regular-away-W3-v51,checkpoint_5461_parent_v51_finite_cell
5463__x09_t26,5461_FINITE_PROJECTIVE_OWNER_CELL,E02,U024,MC04_SP_DP,B03,7,0,1,RIGHT_CONNECTOR,SIGN_DEFINITE_MONOTONE_PRINCIPAL_SQRT_RECTANGLE_WITH_PARENT_FALLBACK,0.8153913841147351,0.8156500398176146,0.0018125,0.00184375,9,x09_t26__finite_projective_depth9,0.030860585379902373,2.424897214496104e-10,True,,,18501.887266809503,0.0004441441289020438,1.124638145977333,3.5038040278175524,30.085065790802062,0,,POINTWISE_SUPREMUM,2.424897214495569e-10,5.350824587452398e-23,0.0,3.801313400035724,True,True,False,False,False,False,False,E02__U024__RIGHT_CONNECTOR__MINIMUM_CERTIFIED_OUTER_GAP,x09_t26,representative,plus,0.00218638771193442,3.503803676646724,D4-deformed-contour-regular-away-W3-v51,checkpoint_5461_parent_v51_finite_cell
5463__x09_t27,5461_FINITE_PROJECTIVE_OWNER_CELL,E02,U024,MC04_SP_DP,B03,7,0,1,RIGHT_CONNECTOR,SIGN_DEFINITE_MONOTONE_PRINCIPAL_SQRT_RECTANGLE_WITH_PARENT_FALLBACK,0.8153913841147351,0.8156500398176146,0.00184375,0.001875,9,x09_t27__finite_projective_depth9,0.030860585379902373,2.424897214496104e-10,True,,,18561.92936891101,0.00044434663939301773,1.1246390228141443,3.5038040278175524,30.077327571342874,0,,POINTWISE_SUPREMUM,2.424897214495585e-10,5.1905583437702487e-23,0.0,3.4486484000226483,True,True,False,False,False,False,False,E02__U024__RIGHT_CONNECTOR__MINIMUM_CERTIFIED_OUTER_GAP,x09_t27,representative,plus,0.0021865404572473136,3.503803676646724,D4-deformed-contour-regular-away-W3-v51,checkpoint_5461_parent_v51_finite_cell
5463__x09_t28,5461_FINITE_PROJECTIVE_OWNER_CELL,E02,U024,MC04_SP_DP,B03,7,0,1,RIGHT_CONNECTOR,SIGN_DEFINITE_MONOTONE_PRINCIPAL_SQRT_RECTANGLE_WITH_PARENT_FALLBACK,0.8153913841147351,0.8156500398176146,0.001875,0.00190625,9,x09_t28__finite_projective_depth9,0.030860585379902373,2.424897214496104e-10,True,,,18622.46917564744,0.0004445579705389289,1.1246399152103501,3.5038040278175524,30.06948271212336,0,,POINTWISE_SUPREMUM,2.424897214495585e-10,5.1905583437702487e-23,0.0,3.5507265999913216,True,True,False,False,False,False,False,E02__U024__RIGHT_CONNECTOR__MINIMUM_CERTIFIED_OUTER_GAP,x09_t28,representative,plus,0.0021866958392020167,3.503803676646724,D4-deformed-contour-regular-away-W3-v51,checkpoint_5461_parent_v51_finite_cell
5463__x09_t29,5461_FINITE_PROJECTIVE_OWNER_CELL,E02,U024,MC04_SP_DP,B03,7,0,1,RIGHT_CONNECTOR,SIGN_DEFINITE_MONOTONE_PRINCIPAL_SQRT_RECTANGLE_WITH_PARENT_FALLBACK,0.8153913841147351,0.8156500398176146,0.00190625,0.0019375,9,x09_t29__finite_projective_depth9,0.030860585379902373,2.424897214496104e-10,True,,,18683.494210773406,0.00044477812315156756,1.1246408231518568,3.5038040278175524,30.061531447081734,0,,POINTWISE_SUPREMUM,2.424897214495585e-10,5.1905583437702487e-23,0.0,4.409326799970586,True,True,False,False,False,False,False,E02__U024__RIGHT_CONNECTOR__MINIMUM_CERTIFIED_OUTER_GAP,x09_t29,representative,plus,0.002186853857130314,3.503803676646724,D4-deformed-contour-regular-away-W3-v51,checkpoint_5461_parent_v51_finite_cell
5463__x09_t30,5461_FINITE_PROJECTIVE_OWNER_CELL,E02,U024,MC04_SP_DP,B03,7,0,1,RIGHT_CONNECTOR,SIGN_DEFINITE_MONOTONE_PRINCIPAL_SQRT_RECTANGLE_WITH_PARENT_FALLBACK,0.8153913841147351,0.8156500398176146,0.0019375,0.00196875,9,x09_t30__finite_projective_depth9,0.030860585379902373,2.424897214496104e-10,True,,,18744.99199144825,0.00044500709778792536,1.1246417466243432,3.5038040278175524,30.05347401356953,0,,POINTWISE_SUPREMUM,2.424897214495585e-10,5.1905583437702487e-23,0.0,4.623765499971341,True,True,False,False,False,False,False,E02__U024__RIGHT_CONNECTOR__MINIMUM_CERTIFIED_OUTER_GAP,x09_t30,representative,plus,0.002187014510352667,3.503803676646724,D4-deformed-contour-regular-away-W3-v51,checkpoint_5461_parent_v51_finite_cell
5463__x09_t31,5461_FINITE_PROJECTIVE_OWNER_CELL,E02,U024,MC04_SP_DP,B03,7,0,1,RIGHT_CONNECTOR,SIGN_DEFINITE_MONOTONE_PRINCIPAL_SQRT_RECTANGLE_WITH_PARENT_FALLBACK,0.8153913841147351,0.8156500398176146,0.00196875,0.002,9,x09_t31__finite_projective_depth9,0.030860585379902373,2.424897214496104e-10,True,,,18806.950032547964,0.00044524489475033136,1.1246426856132608,3.5038040278175524,30.045310652336212,0,,POINTWISE_SUPREMUM,2.424897214495585e-10,5.1905583437702487e-23,0.0,4.974483800004236,True,True,False,False,False,False,False,E02__U024__RIGHT_CONNECTOR__MINIMUM_CERTIFIED_OUTER_GAP,x09_t31,representative,plus,0.002187177798178222,3.503803676646724,D4-deformed-contour-regular-away-W3-v51,checkpoint_5461_parent_v51_finite_cell
5463__x10_t00,5461_FINITE_PROJECTIVE_OWNER_CELL,E02,U024,MC04_SP_DP,B03,7,0,1,RIGHT_CONNECTOR,SIGN_DEFINITE_MONOTONE_PRINCIPAL_SQRT_RECTANGLE_WITH_PARENT_FALLBACK,0.8156500398176146,0.8159086955204942,0.001,0.00103125,9,x10_t00__finite_projective_depth9,0.030860585379902373,2.424897214496104e-10,True,,,21588.446160607633,0.00038952899435597445,1.1237088697920705,3.5065074944077064,29.5902863770657,0,,POINTWISE_SUPREMUM,2.424897214495585e-10,5.1905583437702487e-23,0.0,4.688876200001687,True,True,False,False,False,False,False,E02__U024__RIGHT_CONNECTOR__MINIMUM_CERTIFIED_OUTER_GAP,x10_t00,representative,plus,0.002154804981797445,3.50650714296488,D4-deformed-contour-regular-away-W3-v51,checkpoint_5461_parent_v51_finite_cell
5463__x10_t01,5461_FINITE_PROJECTIVE_OWNER_CELL,E02,U024,MC04_SP_DP,B03,7,0,1,RIGHT_CONNECTOR,SIGN_DEFINITE_MONOTONE_PRINCIPAL_SQRT_RECTANGLE_WITH_PARENT_FALLBACK,0.8156500398176146,0.8159086955204942,0.00103125,0.0010625,9,x10_t01__finite_projective_depth9,0.030860585379902373,2.424897214496104e-10,True,,,21643.400092795055,0.0003896095993912975,1.1237093520469241,3.5065074944077064,29.5852059311954,0,,POINTWISE_SUPREMUM,2.424897214495585e-10,5.1905583437702487e-23,0.0,4.827098299982026,True,True,False,False,False,False,False,E02__U024__RIGHT_CONNECTOR__MINIMUM_CERTIFIED_OUTER_GAP,x10_t01,representative,plus,0.002154889875554177,3.50650714296488,D4-deformed-contour-regular-away-W3-v51,checkpoint_5461_parent_v51_finite_cell
5463__x10_t02,5461_FINITE_PROJECTIVE_OWNER_CELL,E02,U024,MC04_SP_DP,B03,7,0,1,RIGHT_CONNECTOR,SIGN_DEFINITE_MONOTONE_PRINCIPAL_SQRT_RECTANGLE_WITH_PARENT_FALLBACK,0.8156500398176146,0.8159086955204942,0.0010625,0.00109375,9,x10_t02__finite_projective_depth9,0.030860585379902373,2.424897214496104e-10,True,,,21699.375424996822,0.00038969405523350006,1.123709850595229,3.5065074944077064,29.580009609806915,0,,POINTWISE_SUPREMUM,2.424897214495585e-10,5.1905583437702487e-23,0.0,4.7219652000349015,True,True,False,False,False,False,False,E02__U024__RIGHT_CONNECTOR__MINIMUM_CERTIFIED_OUTER_GAP,x10_t02,representative,plus,0.0021549774479115366,3.50650714296488,D4-deformed-contour-regular-away-W3-v51,checkpoint_5461_parent_v51_finite_cell
5463__x10_t03,5461_FINITE_PROJECTIVE_OWNER_CELL,E02,U024,MC04_SP_DP,B03,7,0,1,RIGHT_CONNECTOR,SIGN_DEFINITE_MONOTONE_PRINCIPAL_SQRT_RECTANGLE_WITH_PARENT_FALLBACK,0.8156500398176146,0.8159086955204942,0.00109375,0.0011250000000000001,9,x10_t03__finite_projective_depth9,0.030860585379902373,2.424897214496104e-10,True,,,21756.35853743499,0.0003897823600612704,1.123710365428587,3.5065074944077064,29.57469756331769,0,,POINTWISE_SUPREMUM,2.424897214495585e-10,5.1905583437702487e-23,0.0,5.049794099992141,True,True,False,False,False,False,False,E02__U024__RIGHT_CONNECTOR__MINIMUM_CERTIFIED_OUTER_GAP,x10_t03,representative,plus,0.00215506769848778,3.50650714296488,D4-deformed-contour-regular-away-W3-v51,checkpoint_5461_parent_v51_finite_cell
5463__x10_t04,5461_FINITE_PROJECTIVE_OWNER_CELL,E02,U024,MC04_SP_DP,B03,7,0,1,RIGHT_CONNECTOR,SIGN_DEFINITE_MONOTONE_PRINCIPAL_SQRT_RECTANGLE_WITH_PARENT_FALLBACK,0.8156500398176146,0.8159086955204942,0.0011250000000000001,0.00115625,9,x10_t04__finite_projective_depth9,0.030860585379902373,2.424897214496104e-10,True,,,21814.33559892359,0.0003898745119901791,1.1237108965383473,3.5065074944077064,29.569269946133343,0,,POINTWISE_SUPREMUM,2.424897214495569e-10,5.350824587452398e-23,0.0,4.562968500016723,True,True,False,False,False,False,False,E02__U024__RIGHT_CONNECTOR__MINIMUM_CERTIFIED_OUTER_GAP,x10_t04,representative,plus,0.002155160626889217,3.50650714296488,D4-deformed-contour-regular-away-W3-v51,checkpoint_5461_parent_v51_finite_cell
5463__x10_t05,5461_FINITE_PROJECTIVE_OWNER_CELL,E02,U024,MC04_SP_DP,B03,7,0,1,RIGHT_CONNECTOR,SIGN_DEFINITE_MONOTONE_PRINCIPAL_SQRT_RECTANGLE_WITH_PARENT_FALLBACK,0.8156500398176146,0.8159086955204942,0.00115625,0.0011875,9,x10_t05__finite_projective_depth9,0.030860585379902373,2.424897214496104e-10,True,,,21873.292576433272,0.00038997050907276166,1.1237114439156077,3.5065074944077064,29.56372691663779,0,,POINTWISE_SUPREMUM,2.424897214495585e-10,5.1905583437702487e-23,0.0,3.7332098999759182,True,True,False,False,False,False,False,E02__U024__RIGHT_CONNECTOR__MINIMUM_CERTIFIED_OUTER_GAP,x10_t05,representative,plus,0.0021552562327102143,3.50650714296488,D4-deformed-contour-regular-away-W3-v51,checkpoint_5461_parent_v51_finite_cell
5463__x10_t06,5461_FINITE_PROJECTIVE_OWNER_CELL,E02,U024,MC04_SP_DP,B03,7,0,1,RIGHT_CONNECTOR,SIGN_DEFINITE_MONOTONE_PRINCIPAL_SQRT_RECTANGLE_WITH_PARENT_FALLBACK,0.8156500398176146,0.8159086955204942,0.0011875,0.00121875,9,x10_t06__finite_projective_depth9,0.030860585379902373,2.424897214496104e-10,True,,,21933.21524459281,0.0003900703492986266,1.1237120075512135,3.5065074944077064,29.558068637182714,0,,POINTWISE_SUPREMUM,2.424897214495585e-10,5.1905583437702487e-23,0.0,3.4521225999924354,True,True,False,False,False,False,False,E02__U024__RIGHT_CONNECTOR__MINIMUM_CERTIFIED_OUTER_GAP,x10_t06,representative,plus,0.0021553545155332072,3.50650714296488,D4-deformed-contour-regular-away-W3-v51,checkpoint_5461_parent_v51_finite_cell
5463__x10_t07,5461_FINITE_PROJECTIVE_OWNER_CELL,E02,U024,MC04_SP_DP,B03,7,0,1,RIGHT_CONNECTOR,SIGN_DEFINITE_MONOTONE_PRINCIPAL_SQRT_RECTANGLE_WITH_PARENT_FALLBACK,0.8156500398176146,0.8159086955204942,0.00121875,0.00125,9,x10_t07__finite_projective_depth9,0.030860585379902373,2.424897214496104e-10,True,,,21994.089195118035,0.00039017403059454076,1.1237125874357594,3.5065074944077064,29.552295274077125,0,,POINTWISE_SUPREMUM,2.424897214495585e-10,5.1905583437702487e-23,0.0,3.419379699975252,True,True,False,False,False,False,False,E02__U024__RIGHT_CONNECTOR__MINIMUM_CERTIFIED_OUTER_GAP,x10_t07,representative,plus,0.002155455474928704,3.50650714296488,D4-deformed-contour-regular-away-W3-v51,checkpoint_5461_parent_v51_finite_cell
5463__x10_t08,5461_FINITE_PROJECTIVE_OWNER_CELL,E02,U024,MC04_SP_DP,B03,7,0,1,RIGHT_CONNECTOR,SIGN_DEFINITE_MONOTONE_PRINCIPAL_SQRT_RECTANGLE_WITH_PARENT_FALLBACK,0.8156500398176146,0.8159086955204942,0.00125,0.00128125,9,x10_t08__finite_projective_depth9,0.030860585379902373,2.424897214496104e-10,True,,,22055.89991294174,0.0003902815508245267,1.1237131835595886,3.5065074944077064,29.54640699757618,0,,POINTWISE_SUPREMUM,2.424897214495585e-10,5.1905583437702487e-23,0.0,3.555333199969027,True,True,False,False,False,False,False,E02__U024__RIGHT_CONNECTOR__MINIMUM_CERTIFIED_OUTER_GAP,x10_t08,representative,plus,0.002155559110455298,3.50650714296488,D4-deformed-contour-regular-away-W3-v51,checkpoint_5461_parent_v51_finite_cell
5463__x10_t09,5461_FINITE_PROJECTIVE_OWNER_CELL,E02,U024,MC04_SP_DP,B03,7,0,1,RIGHT_CONNECTOR,SIGN_DEFINITE_MONOTONE_PRINCIPAL_SQRT_RECTANGLE_WITH_PARENT_FALLBACK,0.8156500398176146,0.8159086955204942,0.00128125,0.0013125,9,x10_t09__finite_projective_depth9,0.030860585379902373,2.424897214496104e-10,True,,,22118.635258434486,0.00039039290778998786,1.1237137959127945,3.5065074944077064,29.54040398187056,0,,POINTWISE_SUPREMUM,2.424897214495585e-10,5.1905583437702487e-23,0.0,3.4004507000208832,True,True,False,False,False,False,False,E02__U024__RIGHT_CONNECTOR__MINIMUM_CERTIFIED_OUTER_GAP,x10_t09,representative,plus,0.0021556654216596713,3.50650714296488,D4-deformed-contour-regular-away-W3-v51,checkpoint_5461_parent_v51_finite_cell
5463__x10_t10,5461_FINITE_PROJECTIVE_OWNER_CELL,E02,U024,MC04_SP_DP,B03,7,0,1,RIGHT_CONNECTOR,SIGN_DEFINITE_MONOTONE_PRINCIPAL_SQRT_RECTANGLE_WITH_PARENT_FALLBACK,0.8156500398176146,0.8159086955204942,0.0013125,0.00134375,9,x10_t10__finite_projective_depth9,0.030860585379902373,2.424897214496104e-10,True,,,22182.277827153805,0.0003905080991680839,1.12371442448522,3.5065074944077064,29.534286405074596,0,,POINTWISE_SUPREMUM,2.424897214495569e-10,5.350824587452398e-23,0.0,3.512988099944778,True,True,False,False,False,False,False,E02__U024__RIGHT_CONNECTOR__MINIMUM_CERTIFIED_OUTER_GAP,x10_t10,representative,plus,0.002155774408076605,3.50650714296488,D4-deformed-contour-regular-away-W3-v51,checkpoint_5461_parent_v51_finite_cell
5463__x10_t11,5461_FINITE_PROJECTIVE_OWNER_CELL,E02,U024,MC04_SP_DP,B03,7,0,1,RIGHT_CONNECTOR,SIGN_DEFINITE_MONOTONE_PRINCIPAL_SQRT_RECTANGLE_WITH_PARENT_FALLBACK,0.8156500398176146,0.8159086955204942,0.00134375,0.001375,9,x10_t11__finite_projective_depth9,0.030860585379902373,2.424897214496104e-10,True,,,22246.817346100062,0.00039062712267749175,1.1237150692664588,3.5065074944077064,29.52805444921496,0,,POINTWISE_SUPREMUM,2.424897214495585e-10,5.1905583437702487e-23,0.0,3.3941540000378154,True,True,False,False,False,False,False,E02__U024__RIGHT_CONNECTOR__MINIMUM_CERTIFIED_OUTER_GAP,x10_t11,representative,plus,0.002155886069228992,3.50650714296488,D4-deformed-contour-regular-away-W3-v51,checkpoint_5461_parent_v51_finite_cell
5463__x10_t12,5461_FINITE_PROJECTIVE_OWNER_CELL,E02,U024,MC04_SP_DP,B03,7,0,1,RIGHT_CONNECTOR,SIGN_DEFINITE_MONOTONE_PRINCIPAL_SQRT_RECTANGLE_WITH_PARENT_FALLBACK,0.8156500398176146,0.8159086955204942,0.001375,0.00140625,9,x10_t12__finite_projective_depth9,0.030860585379902373,2.424897214496104e-10,True,,,22312.234007863404,0.0003907499759518373,1.1237157302458554,3.5065074944077064,29.52170830021848,0,,POINTWISE_SUPREMUM,2.424897214495585e-10,5.1905583437702487e-23,0.0,3.9238991000456735,True,True,False,False,False,False,False,E02__U024__RIGHT_CONNECTOR__MINIMUM_CERTIFIED_OUTER_GAP,x10_t12,representative,plus,0.002156000404627839,3.50650714296488,D4-deformed-contour-regular-away-W3-v51,checkpoint_5461_parent_v51_finite_cell
5463__x10_t13,5461_FINITE_PROJECTIVE_OWNER_CELL,E02,U024,MC04_SP_DP,B03,7,0,1,RIGHT_CONNECTOR,SIGN_DEFINITE_MONOTONE_PRINCIPAL_SQRT_RECTANGLE_WITH_PARENT_FALLBACK,0.8156500398176146,0.8159086955204942,0.00140625,0.0014375,9,x10_t13__finite_projective_depth9,0.030860585379902373,2.424897214496104e-10,True,,,22378.512662956702,0.00039087665654305654,1.123716407412505,3.5065074944077064,29.515248147900092,0,,POINTWISE_SUPREMUM,2.424897214495585e-10,5.1905583437702487e-23,0.0,4.107498399971519,True,True,False,False,False,False,False,E02__U024__RIGHT_CONNECTOR__MINIMUM_CERTIFIED_OUTER_GAP,x10_t13,representative,plus,0.0021561174137722803,3.50650714296488,D4-deformed-contour-regular-away-W3-v51,checkpoint_5461_parent_v51_finite_cell
5463__x10_t14,5461_FINITE_PROJECTIVE_OWNER_CELL,E02,U024,MC04_SP_DP,B03,7,0,1,RIGHT_CONNECTOR,SIGN_DEFINITE_MONOTONE_PRINCIPAL_SQRT_RECTANGLE_WITH_PARENT_FALLBACK,0.8156500398176146,0.8159086955204942,0.0014375,0.00146875,9,x10_t14__finite_projective_depth9,0.030860585379902373,2.424897214496104e-10,True,,,22445.6378619142,0.0003910071619410106,1.1237171007552553,3.5065074944077064,29.508674185950586,0,,POINTWISE_SUPREMUM,2.424897214495585e-10,5.1905583437702487e-23,0.0,3.981619199970737,True,True,False,False,False,False,False,E02__U024__RIGHT_CONNECTOR__MINIMUM_CERTIFIED_OUTER_GAP,x10_t14,representative,plus,0.0021562370961495875,3.50650714296488,D4-deformed-contour-regular-away-W3-v51,checkpoint_5461_parent_v51_finite_cell
5463__x10_t15,5461_FINITE_PROJECTIVE_OWNER_CELL,E02,U024,MC04_SP_DP,B03,7,0,1,RIGHT_CONNECTOR,SIGN_DEFINITE_MONOTONE_PRINCIPAL_SQRT_RECTANGLE_WITH_PARENT_FALLBACK,0.8156500398176146,0.8159086955204942,0.00146875,0.0015,9,x10_t15__finite_projective_depth9,0.030860585379902373,2.424897214496104e-10,True,,,22513.593917303817,0.0003911414895735944,1.1237178102627063,3.5065074944077064,29.501986611923652,0,,POINTWISE_SUPREMUM,2.424897214495585e-10,5.1905583437702487e-23,0.0,4.100656300026458,True,True,False,False,False,False,False,E02__U024__RIGHT_CONNECTOR__MINIMUM_CERTIFIED_OUTER_GAP,x10_t15,representative,plus,0.002156359451235176,3.50650714296488,D4-deformed-contour-regular-away-W3-v51,checkpoint_5461_parent_v51_finite_cell
5463__x10_t16,5461_FINITE_PROJECTIVE_OWNER_CELL,E02,U024,MC04_SP_DP,B03,7,0,1,RIGHT_CONNECTOR,SIGN_DEFINITE_MONOTONE_PRINCIPAL_SQRT_RECTANGLE_WITH_PARENT_FALLBACK,0.8156500398176146,0.8159086955204942,0.0015,0.00153125,9,x10_t16__finite_projective_depth9,0.030860585379902373,2.424897214496104e-10,True,,,22582.368938300195,0.0003912796368068814,1.1237185359232105,3.5065074944077064,29.495185627223258,0,,POINTWISE_SUPREMUM,2.424897214495585e-10,5.1905583437702487e-23,0.0,4.005026899976656,True,True,False,False,False,False,False,E02__U024__RIGHT_CONNECTOR__MINIMUM_CERTIFIED_OUTER_GAP,x10_t16,representative,plus,0.0021564844784926185,3.50650714296488,D4-deformed-contour-regular-away-W3-v51,checkpoint_5461_parent_v51_finite_cell
5463__x10_t17,5461_FINITE_PROJECTIVE_OWNER_CELL,E02,U024,MC04_SP_DP,B03,7,0,1,RIGHT_CONNECTOR,SIGN_DEFINITE_MONOTONE_PRINCIPAL_SQRT_RECTANGLE_WITH_PARENT_FALLBACK,0.8156500398176146,0.8159086955204942,0.00153125,0.0015625,9,x10_t17__finite_projective_depth9,0.030860585379902373,2.424897214496104e-10,True,,,22651.94586893858,0.00039142160094520894,1.1237192777248735,3.5065074944077064,29.488271437090145,0,,POINTWISE_SUPREMUM,2.424897214495585e-10,5.1905583437702487e-23,0.0,3.877061599981971,True,True,False,False,False,False,False,E02__U024__RIGHT_CONNECTOR__MINIMUM_CERTIFIED_OUTER_GAP,x10_t17,representative,plus,0.0021566121773736527,3.50650714296488,D4-deformed-contour-regular-away-W3-v51,checkpoint_5461_parent_v51_finite_cell
5463__x10_t18,5461_FINITE_PROJECTIVE_OWNER_CELL,E02,U024,MC04_SP_DP,B03,7,0,1,RIGHT_CONNECTOR,SIGN_DEFINITE_MONOTONE_PRINCIPAL_SQRT_RECTANGLE_WITH_PARENT_FALLBACK,0.8156500398176146,0.8159086955204942,0.0015625,0.0015937500000000001,9,x10_t18__finite_projective_depth9,0.030860585379902373,2.424897214496104e-10,True,,,22722.306717850195,0.0003915673792313391,1.123720035655555,3.5065074944077064,29.481244250588556,0,,POINTWISE_SUPREMUM,2.424897214495585e-10,5.1905583437702487e-23,0.0,4.175169099995401,True,True,False,False,False,False,False,E02__U024__RIGHT_CONNECTOR__MINIMUM_CERTIFIED_OUTER_GAP,x10_t18,representative,plus,0.0021567425473181926,3.50650714296488,D4-deformed-contour-regular-away-W3-v51,checkpoint_5461_parent_v51_finite_cell
5463__x10_t19,5461_FINITE_PROJECTIVE_OWNER_CELL,E02,U024,MC04_SP_DP,B03,7,0,1,RIGHT_CONNECTOR,SIGN_DEFINITE_MONOTONE_PRINCIPAL_SQRT_RECTANGLE_WITH_PARENT_FALLBACK,0.8156500398176146,0.8159086955204942,0.0015937500000000001,0.0016250000000000001,9,x10_t19__finite_projective_depth9,0.030860585379902373,2.424897214496104e-10,True,,,22793.43558822501,0.00039171696884658,1.1237208097028686,3.5065074944077064,29.47410427057884,0,,POINTWISE_SUPREMUM,2.424897214495585e-10,5.1905583437702487e-23,0.0,3.985487700032536,True,True,False,False,False,False,False,E02__U024__RIGHT_CONNECTOR__MINIMUM_CERTIFIED_OUTER_GAP,x10_t19,representative,plus,0.002156875587754339,3.50650714296488,D4-deformed-contour-regular-away-W3-v51,checkpoint_5461_parent_v51_finite_cell
5463__x10_t20,5461_FINITE_PROJECTIVE_OWNER_CELL,E02,U024,MC04_SP_DP,B03,7,0,1,RIGHT_CONNECTOR,SIGN_DEFINITE_MONOTONE_PRINCIPAL_SQRT_RECTANGLE_WITH_PARENT_FALLBACK,0.8156500398176146,0.8159086955204942,0.0016250000000000001,0.0016562500000000002,9,x10_t20__finite_projective_depth9,0.030860585379902373,2.424897214496104e-10,True,,,22865.316500986122,0.000391870366910922,1.1237215998541834,3.5065074944077064,29.466851717948494,0,,POINTWISE_SUPREMUM,2.424897214495585e-10,5.1905583437702487e-23,0.0,4.057502200012095,True,True,False,False,False,False,False,E02__U024__RIGHT_CONNECTOR__MINIMUM_CERTIFIED_OUTER_GAP,x10_t20,representative,plus,0.00215701129809839,3.50650714296488,D4-deformed-contour-regular-away-W3-v51,checkpoint_5461_parent_v51_finite_cell
5463__x10_t21,5461_FINITE_PROJECTIVE_OWNER_CELL,E02,U024,MC04_SP_DP,B03,7,0,1,RIGHT_CONNECTOR,SIGN_DEFINITE_MONOTONE_PRINCIPAL_SQRT_RECTANGLE_WITH_PARENT_FALLBACK,0.8156500398176146,0.8159086955204942,0.0016562500000000002,0.0016875,9,x10_t21__finite_projective_depth9,0.030860585379902373,2.424897214496104e-10,True,,,22937.942597557518,0.00039202757048315684,1.1237224060966229,3.5065074944077064,29.459486818343695,0,,POINTWISE_SUPREMUM,2.424897214495569e-10,5.350824587452398e-23,0.0,4.536614599986933,True,True,False,False,False,False,False,E02__U024__RIGHT_CONNECTOR__MINIMUM_CERTIFIED_OUTER_GAP,x10_t21,representative,plus,0.0021571496777548537,3.50650714296488,D4-deformed-contour-regular-away-W3-v51,checkpoint_5461_parent_v51_finite_cell
5463__x10_t22,5461_FINITE_PROJECTIVE_OWNER_CELL,E02,U024,MC04_SP_DP,B03,7,0,1,RIGHT_CONNECTOR,SIGN_DEFINITE_MONOTONE_PRINCIPAL_SQRT_RECTANGLE_WITH_PARENT_FALLBACK,0.8156500398176146,0.8159086955204942,0.0016875,0.00171875,9,x10_t22__finite_projective_depth9,0.030860585379902373,2.424897214496104e-10,True,,,23011.306683449948,0.0003921898584059015,1.1237232284170675,3.5065074944077064,29.45200979598351,0,,POINTWISE_SUPREMUM,2.424897214495585e-10,5.1905583437702487e-23,0.0,4.104924499988556,True,True,False,False,False,False,False,E02__U024__RIGHT_CONNECTOR__MINIMUM_CERTIFIED_OUTER_GAP,x10_t22,representative,plus,0.0021572907261164565,3.50650714296488,D4-deformed-contour-regular-away-W3-v51,checkpoint_5461_parent_v51_finite_cell
5463__x10_t23,5461_FINITE_PROJECTIVE_OWNER_CELL,E02,U024,MC04_SP_DP,B03,7,0,1,RIGHT_CONNECTOR,SIGN_DEFINITE_MONOTONE_PRINCIPAL_SQRT_RECTANGLE_WITH_PARENT_FALLBACK,0.8156500398176146,0.8159086955204942,0.00171875,0.00175,9,x10_t23__finite_projective_depth9,0.030860585379902373,2.424897214496104e-10,True,,,23085.375357916346,0.00039235763961547134,1.1237240668021535,3.5065074944077064,29.44442087883957,0,,POINTWISE_SUPREMUM,2.424897214495585e-10,5.1905583437702487e-23,0.0,4.195358400000259,True,True,False,False,False,False,False,E02__U024__RIGHT_CONNECTOR__MINIMUM_CERTIFIED_OUTER_GAP,x10_t23,representative,plus,0.002157434442564157,3.50650714296488,D4-deformed-contour-regular-away-W3-v51,checkpoint_5461_parent_v51_finite_cell
5463__x10_t24,5461_FINITE_PROJECTIVE_OWNER_CELL,E02,U024,MC04_SP_DP,B03,7,0,1,RIGHT_CONNECTOR,SIGN_DEFINITE_MONOTONE_PRINCIPAL_SQRT_RECTANGLE_WITH_PARENT_FALLBACK,0.8156500398176146,0.8159086955204942,0.00175,0.00178125,9,x10_t24__finite_projective_depth9,0.030860585379902373,2.424897214496104e-10,True,,,23160.132428667534,0.00039253089693512327,1.123724921238274,3.5065074944077064,29.436720298621466,0,,POINTWISE_SUPREMUM,2.424897214495585e-10,5.1905583437702487e-23,0.0,4.027342400047928,True,True,False,False,False,False,False,E02__U024__RIGHT_CONNECTOR__MINIMUM_CERTIFIED_OUTER_GAP,x10_t24,representative,plus,0.0021575808264671574,3.50650714296488,D4-deformed-contour-regular-away-W3-v51,checkpoint_5461_parent_v51_finite_cell
5463__x10_t25,5461_FINITE_PROJECTIVE_OWNER_CELL,E02,U024,MC04_SP_DP,B03,7,0,1,RIGHT_CONNECTOR,SIGN_DEFINITE_MONOTONE_PRINCIPAL_SQRT_RECTANGLE_WITH_PARENT_FALLBACK,0.8156500398176146,0.8159086955204942,0.00178125,0.0018125,9,x10_t25__finite_projective_depth9,0.030860585379902373,2.424897214496104e-10,True,,,23235.561667711656,0.0003927134580297988,1.1237257917115806,3.5065074944077064,29.428908290761267,0,,POINTWISE_SUPREMUM,2.424897214495585e-10,5.1905583437702487e-23,0.0,4.22345640003914,True,True,False,False,False,False,False,E02__U024__RIGHT_CONNECTOR__MINIMUM_CERTIFIED_OUTER_GAP,x10_t25,representative,plus,0.002157729877182914,3.50650714296488,D4-deformed-contour-regular-away-W3-v51,checkpoint_5461_parent_v51_finite_cell
5463__x10_t26,5461_FINITE_PROJECTIVE_OWNER_CELL,E02,U024,MC04_SP_DP,B03,7,0,1,RIGHT_CONNECTOR,SIGN_DEFINITE_MONOTONE_PRINCIPAL_SQRT_RECTANGLE_WITH_PARENT_FALLBACK,0.8156500398176146,0.8159086955204942,0.0018125,0.00184375,9,x10_t26__finite_projective_depth9,0.030860585379902373,2.424897214496104e-10,True,,,23311.64681792607,0.0003929053247666731,1.1237266782079822,3.5065074944077064,29.4209850943986,0,,POINTWISE_SUPREMUM,2.424897214495569e-10,5.350824587452398e-23,0.0,4.085646899999119,True,True,False,False,False,False,False,E02__U024__RIGHT_CONNECTOR__MINIMUM_CERTIFIED_OUTER_GAP,x10_t26,representative,plus,0.0021578815940571524,3.50650714296488,D4-deformed-contour-regular-away-W3-v51,checkpoint_5461_parent_v51_finite_cell
5463__x10_t27,5461_FINITE_PROJECTIVE_OWNER_CELL,E02,U024,MC04_SP_DP,B03,7,0,1,RIGHT_CONNECTOR,SIGN_DEFINITE_MONOTONE_PRINCIPAL_SQRT_RECTANGLE_WITH_PARENT_FALLBACK,0.8156500398176146,0.8159086955204942,0.00184375,0.001875,9,x10_t27__finite_projective_depth9,0.030860585379902373,2.424897214496104e-10,True,,,23388.3715994483,0.0003931064986721473,1.123727580713147,3.5065074944077064,29.412950952364692,0,,POINTWISE_SUPREMUM,2.424897214495585e-10,5.1905583437702487e-23,0.0,4.0896386000094935,True,True,False,False,False,False,False,E02__U024__RIGHT_CONNECTOR__MINIMUM_CERTIFIED_OUTER_GAP,x10_t27,representative,plus,0.0021580359764238758,3.50650714296488,D4-deformed-contour-regular-away-W3-v51,checkpoint_5461_parent_v51_finite_cell
5463__x10_t28,5461_FINITE_PROJECTIVE_OWNER_CELL,E02,U024,MC04_SP_DP,B03,7,0,1,RIGHT_CONNECTOR,SIGN_DEFINITE_MONOTONE_PRINCIPAL_SQRT_RECTANGLE_WITH_PARENT_FALLBACK,0.8156500398176146,0.8159086955204942,0.001875,0.00190625,9,x10_t28__finite_projective_depth9,0.030860585379902373,2.424897214496104e-10,True,,,23465.71971587513,0.0003933169809318973,1.1237284992125023,3.5065074944077064,29.40480611116671,0,,POINTWISE_SUPREMUM,2.424897214495585e-10,5.1905583437702487e-23,0.0,4.212295300036203,True,True,False,False,False,False,False,E02__U024__RIGHT_CONNECTOR__MINIMUM_CERTIFIED_OUTER_GAP,x10_t28,representative,plus,0.0021581930236053816,3.50650714296488,D4-deformed-contour-regular-away-W3-v51,checkpoint_5461_parent_v51_finite_cell
5463__x10_t29,5461_FINITE_PROJECTIVE_OWNER_CELL,E02,U024,MC04_SP_DP,B03,7,0,1,RIGHT_CONNECTOR,SIGN_DEFINITE_MONOTONE_PRINCIPAL_SQRT_RECTANGLE_WITH_PARENT_FALLBACK,0.8156500398176146,0.8159086955204942,0.00190625,0.0019375,9,x10_t29__finite_projective_depth9,0.030860585379902373,2.424897214496104e-10,True,,,23543.67486027942,0.00039353677239103416,1.1237294336912358,3.5065074944077064,29.396550820971697,0,,POINTWISE_SUPREMUM,2.424897214495585e-10,5.1905583437702487e-23,0.0,4.345704999985173,True,True,False,False,False,False,False,E02__U024__RIGHT_CONNECTOR__MINIMUM_CERTIFIED_OUTER_GAP,x10_t29,representative,plus,0.0021583527349122713,3.50650714296488,D4-deformed-contour-regular-away-W3-v51,checkpoint_5461_parent_v51_finite_cell
5463__x10_t30,5461_FINITE_PROJECTIVE_OWNER_CELL,E02,U024,MC04_SP_DP,B03,7,0,1,RIGHT_CONNECTOR,SIGN_DEFINITE_MONOTONE_PRINCIPAL_SQRT_RECTANGLE_WITH_PARENT_FALLBACK,0.8156500398176146,0.8159086955204942,0.0019375,0.00196875,9,x10_t30__finite_projective_depth9,0.030860585379902373,2.424897214496104e-10,True,,,23622.22072103957,0.0003937658735543525,1.1237303841342956,3.5065074944077064,29.388185335590148,0,,POINTWISE_SUPREMUM,2.424897214495585e-10,5.1905583437702487e-23,0.0,4.138322699989658,True,True,False,False,False,False,False,E02__U024__RIGHT_CONNECTOR__MINIMUM_CERTIFIED_OUTER_GAP,x10_t30,representative,plus,0.0021585151096434655,3.50650714296488,D4-deformed-contour-regular-away-W3-v51,checkpoint_5461_parent_v51_finite_cell
5463__x10_t31,5461_FINITE_PROJECTIVE_OWNER_CELL,E02,U024,MC04_SP_DP,B03,7,0,1,RIGHT_CONNECTOR,SIGN_DEFINITE_MONOTONE_PRINCIPAL_SQRT_RECTANGLE_WITH_PARENT_FALLBACK,0.8156500398176146,0.8159086955204942,0.00196875,0.002,9,x10_t31__finite_projective_depth9,0.030860585379902373,2.424897214496104e-10,True,,,23701.340987483214,0.00039400428458671784,1.1237313505263913,3.5065074944077064,29.37970991245963,0,,POINTWISE_SUPREMUM,2.424897214495585e-10,5.1905583437702487e-23,0.0,4.073558599979151,True,True,False,False,False,False,False,E02__U024__RIGHT_CONNECTOR__MINIMUM_CERTIFIED_OUTER_GAP,x10_t31,representative,plus,0.0021586801470862152,3.50650714296488,D4-deformed-contour-regular-away-W3-v51,checkpoint_5461_parent_v51_finite_cell
5463__x11_t00,5461_FINITE_PROJECTIVE_OWNER_CELL,E02,U024,MC04_SP_DP,B03,7,0,1,RIGHT_CONNECTOR,SIGN_DEFINITE_MONOTONE_PRINCIPAL_SQRT_RECTANGLE_WITH_PARENT_FALLBACK,0.8159086955204942,0.8161673512233738,0.001,0.00103125,9,x11_t00__finite_projective_depth9,0.030860585379902373,2.424897214496104e-10,True,,,27347.08179380769,0.0003380072026183868,1.1227955719017542,3.509216455755458,28.913100542151117,0,,POINTWISE_SUPREMUM,2.424897214496626e-10,5.221577616740987e-23,5.221577616740987e-23,3.772862099984195,True,True,False,False,False,False,False,E02__U024__RIGHT_CONNECTOR__MINIMUM_CERTIFIED_OUTER_GAP,x11_t00,representative,plus,0.002126382648510458,3.5092161040400787,D4-deformed-contour-regular-away-W3-v51,checkpoint_5461_parent_v51_finite_cell
5463__x11_t01,5461_FINITE_PROJECTIVE_OWNER_CELL,E02,U024,MC04_SP_DP,B03,7,0,1,RIGHT_CONNECTOR,SIGN_DEFINITE_MONOTONE_PRINCIPAL_SQRT_RECTANGLE_WITH_PARENT_FALLBACK,0.8159086955204942,0.8161673512233738,0.00103125,0.0010625,9,x11_t01__finite_projective_depth9,0.030860585379902373,2.424897214496104e-10,True,,,27418.035552202848,0.0003380911106303958,1.1227960688231544,3.509216455755458,28.907824380387748,0,,POINTWISE_SUPREMUM,2.424897214496626e-10,5.221577616740987e-23,5.221577616740987e-23,4.079776200000197,True,True,False,False,False,False,False,E02__U024__RIGHT_CONNECTOR__MINIMUM_CERTIFIED_OUTER_GAP,x11_t01,representative,plus,0.0021264684574476655,3.5092161040400787,D4-deformed-contour-regular-away-W3-v51,checkpoint_5461_parent_v51_finite_cell
5463__x11_t02,5461_FINITE_PROJECTIVE_OWNER_CELL,E02,U024,MC04_SP_DP,B03,7,0,1,RIGHT_CONNECTOR,SIGN_DEFINITE_MONOTONE_PRINCIPAL_SQRT_RECTANGLE_WITH_PARENT_FALLBACK,0.8159086955204942,0.8161673512233738,0.0010625,0.00109375,9,x11_t02__finite_projective_depth9,0.030860585379902373,2.424897214496104e-10,True,,,27490.299687233448,0.00033817899400696334,1.1227965825034265,3.509216455755458,28.902427694216673,0,,POINTWISE_SUPREMUM,2.424897214496626e-10,5.221577616740987e-23,5.221577616740987e-23,3.704535399971064,True,True,False,False,False,False,False,E02__U024__RIGHT_CONNECTOR__MINIMUM_CERTIFIED_OUTER_GAP,x11_t02,representative,plus,0.002126556974123305,3.5092161040400787,D4-deformed-contour-regular-away-W3-v51,checkpoint_5461_parent_v51_finite_cell
5463__x11_t03,5461_FINITE_PROJECTIVE_OWNER_CELL,E02,U024,MC04_SP_DP,B03,7,0,1,RIGHT_CONNECTOR,SIGN_DEFINITE_MONOTONE_PRINCIPAL_SQRT_RECTANGLE_WITH_PARENT_FALLBACK,0.8159086955204942,0.8161673512233738,0.00109375,0.0011250000000000001,9,x11_t03__finite_projective_depth9,0.030860585379902373,2.424897214496104e-10,True,,,27563.856170443993,0.0003382708508187471,1.1227971129337355,3.509216455755458,28.89691064466298,0,,POINTWISE_SUPREMUM,2.424897214496626e-10,5.221577616740987e-23,5.221577616740987e-23,4.615231600007974,True,True,False,False,False,False,False,E02__U024__RIGHT_CONNECTOR__MINIMUM_CERTIFIED_OUTER_GAP,x11_t03,representative,plus,0.0021266481981434553,3.5092161040400787,D4-deformed-contour-regular-away-W3-v51,checkpoint_5461_parent_v51_finite_cell
5463__x11_t04,5461_FINITE_PROJECTIVE_OWNER_CELL,E02,U024,MC04_SP_DP,B03,7,0,1,RIGHT_CONNECTOR,SIGN_DEFINITE_MONOTONE_PRINCIPAL_SQRT_RECTANGLE_WITH_PARENT_FALLBACK,0.8159086955204942,0.8161673512233738,0.0011250000000000001,0.00115625,9,x11_t04__finite_projective_depth9,0.030860585379902373,2.424897214496104e-10,True,,,27638.68669689066,0.0003383666790697355,1.1227976601049805,3.509216455755458,28.891273397022324,0,,POINTWISE_SUPREMUM,2.4248972144966096e-10,5.0561414942303817e-23,5.0561414942303817e-23,4.7888472999911755,True,True,False,False,False,False,False,E02__U024__RIGHT_CONNECTOR__MINIMUM_CERTIFIED_OUTER_GAP,x11_t04,representative,plus,0.0021267421291018625,3.5092161040400787,D4-deformed-contour-regular-away-W3-v51,checkpoint_5461_parent_v51_finite_cell
5463__x11_t05,5461_FINITE_PROJECTIVE_OWNER_CELL,E02,U024,MC04_SP_DP,B03,7,0,1,RIGHT_CONNECTOR,SIGN_DEFINITE_MONOTONE_PRINCIPAL_SQRT_RECTANGLE_WITH_PARENT_FALLBACK,0.8159086955204942,0.8161673512233738,0.00115625,0.0011875,9,x11_t05__finite_projective_depth9,0.030860585379902373,2.424897214496104e-10,True,,,27714.772697994777,0.00033846647669735633,1.1227982240077965,3.509216455755458,28.885516120849886,0,,POINTWISE_SUPREMUM,2.424897214496626e-10,5.221577616740987e-23,5.221577616740987e-23,5.029170100053307,True,True,False,False,False,False,False,E02__U024__RIGHT_CONNECTOR__MINIMUM_CERTIFIED_OUTER_GAP,x11_t05,representative,plus,0.002126838766579946,3.5092161040400787,D4-deformed-contour-regular-away-W3-v51,checkpoint_5461_parent_v51_finite_cell
5463__x11_t06,5461_FINITE_PROJECTIVE_OWNER_CELL,E02,U024,MC04_SP_DP,B03,7,0,1,RIGHT_CONNECTOR,SIGN_DEFINITE_MONOTONE_PRINCIPAL_SQRT_RECTANGLE_WITH_PARENT_FALLBACK,0.8159086955204942,0.8161673512233738,0.0011875,0.00121875,9,x11_t06__finite_projective_depth9,0.030860585379902373,2.424897214496104e-10,True,,,27792.095354303583,0.0003385702415725699,1.1227988046325528,3.509216455755458,28.87963898994875,0,,POINTWISE_SUPREMUM,2.424897214496626e-10,5.221577616740987e-23,5.221577616740987e-23,5.106984700018074,True,True,False,False,False,False,False,E02__U024__RIGHT_CONNECTOR__MINIMUM_CERTIFIED_OUTER_GAP,x11_t06,representative,plus,0.0021269381101468084,3.5092161040400787,D4-deformed-contour-regular-away-W3-v51,checkpoint_5461_parent_v51_finite_cell
5463__x11_t07,5461_FINITE_PROJECTIVE_OWNER_CELL,E02,U024,MC04_SP_DP,B03,7,0,1,RIGHT_CONNECTOR,SIGN_DEFINITE_MONOTONE_PRINCIPAL_SQRT_RECTANGLE_WITH_PARENT_FALLBACK,0.8159086955204942,0.8161673512233738,0.00121875,0.00125,9,x11_t07__finite_projective_depth9,0.030860585379902373,2.424897214496104e-10,True,,,27870.635608142464,0.0003386779714999735,1.1227994019693555,3.509216455755458,28.87364218235882,0,,POINTWISE_SUPREMUM,2.424897214496626e-10,5.221577616740987e-23,5.221577616740987e-23,4.959776400006376,True,True,False,False,False,False,False,E02__U024__RIGHT_CONNECTOR__MINIMUM_CERTIFIED_OUTER_GAP,x11_t07,representative,plus,0.002127040159359243,3.5092161040400787,D4-deformed-contour-regular-away-W3-v51,checkpoint_5461_parent_v51_finite_cell
5463__x11_t08,5461_FINITE_PROJECTIVE_OWNER_CELL,E02,U024,MC04_SP_DP,B03,7,0,1,RIGHT_CONNECTOR,SIGN_DEFINITE_MONOTONE_PRINCIPAL_SQRT_RECTANGLE_WITH_PARENT_FALLBACK,0.8159086955204942,0.8161673512233738,0.00125,0.00128125,9,x11_t08__finite_projective_depth9,0.030860585379902373,2.424897214496104e-10,True,,,27950.376414345355,0.0003387896642179135,1.122800016008047,3.509216455755458,28.867525880344242,0,,POINTWISE_SUPREMUM,2.424897214496626e-10,5.221577616740987e-23,5.221577616740987e-23,5.248747200006619,True,True,False,False,False,False,False,E02__U024__RIGHT_CONNECTOR__MINIMUM_CERTIFIED_OUTER_GAP,x11_t08,representative,plus,0.0021271449137617413,3.5092161040400787,D4-deformed-contour-regular-away-W3-v51,checkpoint_5461_parent_v51_finite_cell
5463__x11_t09,5461_FINITE_PROJECTIVE_OWNER_CELL,E02,U024,MC04_SP_DP,B03,7,0,1,RIGHT_CONNECTOR,SIGN_DEFINITE_MONOTONE_PRINCIPAL_SQRT_RECTANGLE_WITH_PARENT_FALLBACK,0.8159086955204942,0.8161673512233738,0.00128125,0.0013125,9,x11_t09__finite_projective_depth9,0.030860585379902373,2.424897214496104e-10,True,,,28031.29743743734,0.0003389053173695616,1.1228006467382057,3.509216455755458,28.861290270381417,0,,POINTWISE_SUPREMUM,2.424897214496626e-10,5.221577616740987e-23,5.221577616740987e-23,4.981140699994285,True,True,False,False,False,False,False,E02__U024__RIGHT_CONNECTOR__MINIMUM_CERTIFIED_OUTER_GAP,x11_t09,representative,plus,0.002127252372886505,3.5092161040400787,D4-deformed-contour-regular-away-W3-v51,checkpoint_5461_parent_v51_finite_cell
5463__x11_t10,5461_FINITE_PROJECTIVE_OWNER_CELL,E02,U024,MC04_SP_DP,B03,7,0,1,RIGHT_CONNECTOR,SIGN_DEFINITE_MONOTONE_PRINCIPAL_SQRT_RECTANGLE_WITH_PARENT_FALLBACK,0.8159086955204942,0.8161673512233738,0.0013125,0.00134375,9,x11_t10__finite_projective_depth9,0.030860585379902373,2.424897214496104e-10,True,,,28113.377726445255,0.0003390249285368613,1.1228012941491483,3.509216455755458,28.854935543146834,0,,POINTWISE_SUPREMUM,2.4248972144966096e-10,5.0561414942303817e-23,5.0561414942303817e-23,5.030772900034208,True,True,False,False,False,False,False,E02__U024__RIGHT_CONNECTOR__MINIMUM_CERTIFIED_OUTER_GAP,x11_t10,representative,plus,0.0021273625362534503,3.5092161040400787,D4-deformed-contour-regular-away-W3-v51,checkpoint_5461_parent_v51_finite_cell
5463__x11_t11,5461_FINITE_PROJECTIVE_OWNER_CELL,E02,U024,MC04_SP_DP,B03,7,0,1,RIGHT_CONNECTOR,SIGN_DEFINITE_MONOTONE_PRINCIPAL_SQRT_RECTANGLE_WITH_PARENT_FALLBACK,0.8159086955204942,0.8161673512233738,0.00134375,0.001375,9,x11_t11__finite_projective_depth9,0.030860585379902373,2.424897214496104e-10,True,,,28196.597393840224,0.0003391484953133614,1.1228019582299285,3.509216455755458,28.848461893503632,0,,POINTWISE_SUPREMUM,2.424897214496626e-10,5.221577616740987e-23,5.221577616740987e-23,4.9943169000325724,True,True,False,False,False,False,False,E02__U024__RIGHT_CONNECTOR__MINIMUM_CERTIFIED_OUTER_GAP,x11_t11,representative,plus,0.0021274754033702224,3.5092161040400787,D4-deformed-contour-regular-away-W3-v51,checkpoint_5461_parent_v51_finite_cell
5463__x11_t12,5461_FINITE_PROJECTIVE_OWNER_CELL,E02,U024,MC04_SP_DP,B03,7,0,1,RIGHT_CONNECTOR,SIGN_DEFINITE_MONOTONE_PRINCIPAL_SQRT_RECTANGLE_WITH_PARENT_FALLBACK,0.8159086955204942,0.8161673512233738,0.001375,0.00140625,9,x11_t12__finite_projective_depth9,0.030860585379902373,2.424897214496104e-10,True,,,28280.93658699385,0.00033927601517355746,1.1228026389693384,3.509216455755458,28.84186952048913,0,,POINTWISE_SUPREMUM,2.424897214496626e-10,5.221577616740987e-23,5.221577616740987e-23,5.062695900036488,True,True,False,False,False,False,False,E02__U024__RIGHT_CONNECTOR__MINIMUM_CERTIFIED_OUTER_GAP,x11_t12,representative,plus,0.0021275909737322,3.5092161040400787,D4-deformed-contour-regular-away-W3-v51,checkpoint_5461_parent_v51_finite_cell
5463__x11_t13,5461_FINITE_PROJECTIVE_OWNER_CELL,E02,U024,MC04_SP_DP,B03,7,0,1,RIGHT_CONNECTOR,SIGN_DEFINITE_MONOTONE_PRINCIPAL_SQRT_RECTANGLE_WITH_PARENT_FALLBACK,0.8159086955204942,0.8161673512233738,0.00140625,0.0014375,9,x11_t13__finite_projective_depth9,0.030860585379902373,2.424897214496104e-10,True,,,28366.37717930347,0.0003394074855262543,1.1228033363559087,3.509216455755458,28.8351586273011,0,,POINTWISE_SUPREMUM,2.424897214496626e-10,5.221577616740987e-23,5.221577616740987e-23,5.463351699989289,True,True,False,False,False,False,False,E02__U024__RIGHT_CONNECTOR__MINIMUM_CERTIFIED_OUTER_GAP,x11_t13,representative,plus,0.0021277092468225066,3.5092161040400787,D4-deformed-contour-regular-away-W3-v51,checkpoint_5461_parent_v51_finite_cell
5463__x11_t14,5461_FINITE_PROJECTIVE_OWNER_CELL,E02,U024,MC04_SP_DP,B03,7,0,1,RIGHT_CONNECTOR,SIGN_DEFINITE_MONOTONE_PRINCIPAL_SQRT_RECTANGLE_WITH_PARENT_FALLBACK,0.8159086955204942,0.8161673512233738,0.0014375,0.00146875,9,x11_t14__finite_projective_depth9,0.030860585379902373,2.424897214496104e-10,True,,,28452.90071840391,0.00033954290371472536,1.1228040503779093,3.509216455755458,28.828329421284103,0,,POINTWISE_SUPREMUM,2.424897214496626e-10,5.221577616740987e-23,5.221577616740987e-23,5.235195900022518,True,True,False,False,False,False,False,E02__U024__RIGHT_CONNECTOR__MINIMUM_CERTIFIED_OUTER_GAP,x11_t14,representative,plus,0.0021278302221120248,3.5092161040400787,D4-deformed-contour-regular-away-W3-v51,checkpoint_5461_parent_v51_finite_cell
5463__x11_t15,5461_FINITE_PROJECTIVE_OWNER_CELL,E02,U024,MC04_SP_DP,B03,7,0,1,RIGHT_CONNECTOR,SIGN_DEFINITE_MONOTONE_PRINCIPAL_SQRT_RECTANGLE_WITH_PARENT_FALLBACK,0.8159086955204942,0.8161673512233738,0.00146875,0.0015,9,x11_t15__finite_projective_depth9,0.030860585379902373,2.424897214496104e-10,True,,,28540.48269635875,0.00033968226701684386,1.1228047810233504,3.509216455755458,28.821382113915973,0,,POINTWISE_SUPREMUM,2.424897214496626e-10,5.221577616740987e-23,5.221577616740987e-23,4.961495800002012,True,True,False,False,False,False,False,E02__U024__RIGHT_CONNECTOR__MINIMUM_CERTIFIED_OUTER_GAP,x11_t15,representative,plus,0.0021279538990593987,3.5092161040400787,D4-deformed-contour-regular-away-W3-v51,checkpoint_5461_parent_v51_finite_cell
5463__x11_t16,5461_FINITE_PROJECTIVE_OWNER_CELL,E02,U024,MC04_SP_DP,B03,7,0,1,RIGHT_CONNECTOR,SIGN_DEFINITE_MONOTONE_PRINCIPAL_SQRT_RECTANGLE_WITH_PARENT_FALLBACK,0.8159086955204942,0.8161673512233738,0.0015,0.00153125,9,x11_t16__finite_projective_depth9,0.030860585379902373,2.424897214496104e-10,True,,,28629.102457750687,0.00033982557264518814,1.1228055282799811,3.509216455755458,28.814316920792994,0,,POINTWISE_SUPREMUM,2.424897214496626e-10,5.221577616740987e-23,5.221577616740987e-23,5.1354332999908365,True,True,False,False,False,False,False,E02__U024__RIGHT_CONNECTOR__MINIMUM_CERTIFIED_OUTER_GAP,x11_t16,representative,plus,0.002128080277111051,3.5092161040400787,D4-deformed-contour-regular-away-W3-v51,checkpoint_5461_parent_v51_finite_cell
5463__x11_t17,5461_FINITE_PROJECTIVE_OWNER_CELL,E02,U024,MC04_SP_DP,B03,7,0,1,RIGHT_CONNECTOR,SIGN_DEFINITE_MONOTONE_PRINCIPAL_SQRT_RECTANGLE_WITH_PARENT_FALLBACK,0.8159086955204942,0.8161673512233738,0.00153125,0.0015625,9,x11_t17__finite_projective_depth9,0.030860585379902373,2.424897214496104e-10,True,,,28718.73922690529,0.0003399728177472024,1.1228062921352928,3.509216455755458,28.807134061616168,0,,POINTWISE_SUPREMUM,2.424897214496626e-10,5.221577616740987e-23,5.221577616740987e-23,5.260271699982695,True,True,False,False,False,False,False,E02__U024__RIGHT_CONNECTOR__MINIMUM_CERTIFIED_OUTER_GAP,x11_t17,representative,plus,0.0021282093557011914,3.5092161040400787,D4-deformed-contour-regular-away-W3-v51,checkpoint_5461_parent_v51_finite_cell
5463__x11_t18,5461_FINITE_PROJECTIVE_OWNER_CELL,E02,U024,MC04_SP_DP,B03,7,0,1,RIGHT_CONNECTOR,SIGN_DEFINITE_MONOTONE_PRINCIPAL_SQRT_RECTANGLE_WITH_PARENT_FALLBACK,0.8159086955204942,0.8161673512233738,0.0015625,0.0015937500000000001,9,x11_t18__finite_projective_depth9,0.030860585379902373,2.424897214496104e-10,True,,,28809.372118395357,0.00034012399940533,1.1228070725765171,3.509216455755458,28.79983376017583,0,,POINTWISE_SUPREMUM,2.424897214496626e-10,5.221577616740987e-23,5.221577616740987e-23,5.2219471000134945,True,True,False,False,False,False,False,E02__U024__RIGHT_CONNECTOR__MINIMUM_CERTIFIED_OUTER_GAP,x11_t18,representative,plus,0.002128341134251825,3.5092161040400787,D4-deformed-contour-regular-away-W3-v51,checkpoint_5461_parent_v51_finite_cell
5463__x11_t19,5461_FINITE_PROJECTIVE_OWNER_CELL,E02,U024,MC04_SP_DP,B03,7,0,1,RIGHT_CONNECTOR,SIGN_DEFINITE_MONOTONE_PRINCIPAL_SQRT_RECTANGLE_WITH_PARENT_FALLBACK,0.8159086955204942,0.8161673512233738,0.0015937500000000001,0.0016250000000000001,9,x11_t19__finite_projective_depth9,0.030860585379902373,2.424897214496104e-10,True,,,28900.980146656337,0.00034027911463714247,1.122807869590628,3.509216455755458,28.79241624433697,0,,POINTWISE_SUPREMUM,2.424897214496626e-10,5.221577616740987e-23,5.221577616740987e-23,4.944816200004425,True,True,False,False,False,False,False,E02__U024__RIGHT_CONNECTOR__MINIMUM_CERTIFIED_OUTER_GAP,x11_t19,representative,plus,0.002128475612172768,3.5092161040400787,D4-deformed-contour-regular-away-W3-v51,checkpoint_5461_parent_v51_finite_cell
5463__x11_t20,5461_FINITE_PROJECTIVE_OWNER_CELL,E02,U024,MC04_SP_DP,B03,7,0,1,RIGHT_CONNECTOR,SIGN_DEFINITE_MONOTONE_PRINCIPAL_SQRT_RECTANGLE_WITH_PARENT_FALLBACK,0.8159086955204942,0.8161673512233738,0.0016250000000000001,0.0016562500000000002,9,x11_t20__finite_projective_depth9,0.030860585379902373,2.424897214496104e-10,True,,,28993.543419776644,0.0003404381603954929,1.122808683164342,3.509216455755458,28.784881746023885,0,,POINTWISE_SUPREMUM,2.424897214496626e-10,5.221577616740987e-23,5.221577616740987e-23,4.964435299974866,True,True,False,False,False,False,False,E02__U024__RIGHT_CONNECTOR__MINIMUM_CERTIFIED_OUTER_GAP,x11_t20,representative,plus,0.002128612788861656,3.5092161040400787,D4-deformed-contour-regular-away-W3-v51,checkpoint_5461_parent_v51_finite_cell
5463__x11_t21,5461_FINITE_PROJECTIVE_OWNER_CELL,E02,U024,MC04_SP_DP,B03,7,0,1,RIGHT_CONNECTOR,SIGN_DEFINITE_MONOTONE_PRINCIPAL_SQRT_RECTANGLE_WITH_PARENT_FALLBACK,0.8159086955204942,0.8161673512233738,0.0016562500000000002,0.0016875,9,x11_t21__finite_projective_depth9,0.030860585379902373,2.424897214496104e-10,True,,,29087.046408576032,0.00034060113356866134,1.122809513284118,3.509216455755458,28.777230488308142,0,,POINTWISE_SUPREMUM,2.4248972144966096e-10,5.0561414942303817e-23,5.0561414942303817e-23,4.970367900037672,True,True,False,False,False,False,False,E02__U024__RIGHT_CONNECTOR__MINIMUM_CERTIFIED_OUTER_GAP,x11_t21,representative,plus,0.002128752663703956,3.5092161040400787,D4-deformed-contour-regular-away-W3-v51,checkpoint_5461_parent_v51_finite_cell
5463__x11_t22,5461_FINITE_PROJECTIVE_OWNER_CELL,E02,U024,MC04_SP_DP,B03,7,0,1,RIGHT_CONNECTOR,SIGN_DEFINITE_MONOTONE_PRINCIPAL_SQRT_RECTANGLE_WITH_PARENT_FALLBACK,0.8159086955204942,0.8161673512233738,0.0016875,0.00171875,9,x11_t22__finite_projective_depth9,0.030860585379902373,2.424897214496104e-10,True,,,29181.461431077463,0.00034076803098050617,1.1228103599361596,3.509216455755458,28.769462720484714,0,,POINTWISE_SUPREMUM,2.424897214496626e-10,5.221577616740987e-23,5.221577616740987e-23,5.1103594999876805,True,True,False,False,False,False,False,E02__U024__RIGHT_CONNECTOR__MINIMUM_CERTIFIED_OUTER_GAP,x11_t22,representative,plus,0.0021288952360729806,3.5092161040400787,D4-deformed-contour-regular-away-W3-v51,checkpoint_5461_parent_v51_finite_cell
5463__x11_t23,5461_FINITE_PROJECTIVE_OWNER_CELL,E02,U024,MC04_SP_DP,B03,7,0,1,RIGHT_CONNECTOR,SIGN_DEFINITE_MONOTONE_PRINCIPAL_SQRT_RECTANGLE_WITH_PARENT_FALLBACK,0.8159086955204942,0.8161673512233738,0.00171875,0.00175,9,x11_t23__finite_projective_depth9,0.030860585379902373,2.424897214496104e-10,True,,,29276.767204823907,0.0003409388493906065,1.1228112231064133,3.509216455755458,28.761578689554373,0,,POINTWISE_SUPREMUM,2.424897214496626e-10,5.221577616740987e-23,5.221577616740987e-23,4.905561599996872,True,True,False,False,False,False,False,E02__U024__RIGHT_CONNECTOR__MINIMUM_CERTIFIED_OUTER_GAP,x11_t23,representative,plus,0.0021290405053298956,3.5092161040400787,D4-deformed-contour-regular-away-W3-v51,checkpoint_5461_parent_v51_finite_cell
5463__x11_t24,5461_FINITE_PROJECTIVE_OWNER_CELL,E02,U024,MC04_SP_DP,B03,7,0,1,RIGHT_CONNECTOR,SIGN_DEFINITE_MONOTONE_PRINCIPAL_SQRT_RECTANGLE_WITH_PARENT_FALLBACK,0.8159086955204942,0.8161673512233738,0.00175,0.00178125,9,x11_t24__finite_projective_depth9,0.030860585379902373,2.424897214496104e-10,True,,,29372.94239954781,0.0003411156105715147,1.1228121027805718,3.509216455755458,28.7535786435203,0,,POINTWISE_SUPREMUM,2.424897214496626e-10,5.221577616740987e-23,5.221577616740987e-23,5.092823299986776,True,True,False,False,False,False,False,E02__U024__RIGHT_CONNECTOR__MINIMUM_CERTIFIED_OUTER_GAP,x11_t24,representative,plus,0.0021291884708237387,3.5092161040400787,D4-deformed-contour-regular-away-W3-v51,checkpoint_5461_parent_v51_finite_cell
5463__x11_t25,5461_FINITE_PROJECTIVE_OWNER_CELL,E02,U024,MC04_SP_DP,B03,7,0,1,RIGHT_CONNECTOR,SIGN_DEFINITE_MONOTONE_PRINCIPAL_SQRT_RECTANGLE_WITH_PARENT_FALLBACK,0.8159086955204942,0.8161673512233738,0.00178125,0.0018125,9,x11_t25__finite_projective_depth9,0.030860585379902373,2.424897214496104e-10,True,,,29469.965643109957,0.0003412967686532096,1.122812998944072,3.509216455755458,28.745462834364393,0,,POINTWISE_SUPREMUM,2.424897214496626e-10,5.221577616740987e-23,5.221577616740987e-23,4.923537899972871,True,True,False,False,False,False,False,E02__U024__RIGHT_CONNECTOR__MINIMUM_CERTIFIED_OUTER_GAP,x11_t25,representative,plus,0.002129339131891424,3.5092161040400787,D4-deformed-contour-regular-away-W3-v51,checkpoint_5461_parent_v51_finite_cell
5463__x11_t26,5461_FINITE_PROJECTIVE_OWNER_CELL,E02,U024,MC04_SP_DP,B03,7,0,1,RIGHT_CONNECTOR,SIGN_DEFINITE_MONOTONE_PRINCIPAL_SQRT_RECTANGLE_WITH_PARENT_FALLBACK,0.8159086955204942,0.8161673512233738,0.0018125,0.00184375,9,x11_t26__finite_projective_depth9,0.030860585379902373,2.424897214496104e-10,True,,,29567.815530195574,0.00034148502491780484,1.122813911582098,3.509216455755458,28.737231518030672,0,,POINTWISE_SUPREMUM,2.4248972144966096e-10,5.0561414942303817e-23,5.0561414942303817e-23,5.1928129000007175,True,True,False,False,False,False,False,E02__U024__RIGHT_CONNECTOR__MINIMUM_CERTIFIED_OUTER_GAP,x11_t26,representative,plus,0.0021294924878577644,3.5092161040400787,D4-deformed-contour-regular-away-W3-v51,checkpoint_5461_parent_v51_finite_cell
5463__x11_t27,5461_FINITE_PROJECTIVE_OWNER_CELL,E02,U024,MC04_SP_DP,B03,7,0,1,RIGHT_CONNECTOR,SIGN_DEFINITE_MONOTONE_PRINCIPAL_SQRT_RECTANGLE_WITH_PARENT_FALLBACK,0.8159086955204942,0.8161673512233738,0.00184375,0.001875,9,x11_t27__finite_projective_depth9,0.030860585379902373,2.424897214496104e-10,True,,,29666.496035194003,0.0003416831968022958,1.1228148406795797,3.509216455755458,28.72888495440815,0,,POINTWISE_SUPREMUM,2.424897214496626e-10,5.221577616740987e-23,5.221577616740987e-23,4.8894027000060305,True,True,False,False,False,False,False,E02__U024__RIGHT_CONNECTOR__MINIMUM_CERTIFIED_OUTER_GAP,x11_t27,representative,plus,0.0021296485380354747,3.5092161040400787,D4-deformed-contour-regular-away-W3-v51,checkpoint_5461_parent_v51_finite_cell
5463__x11_t28,5461_FINITE_PROJECTIVE_OWNER_CELL,E02,U024,MC04_SP_DP,B03,7,0,1,RIGHT_CONNECTOR,SIGN_DEFINITE_MONOTONE_PRINCIPAL_SQRT_RECTANGLE_WITH_PARENT_FALLBACK,0.8159086955204942,0.8161673512233738,0.001875,0.00190625,9,x11_t28__finite_projective_depth9,0.030860585379902373,2.424897214496104e-10,True,,,29765.969510193827,0.00034189128563635515,1.1228157862211952,3.509216455755458,28.720423407313124,0,,POINTWISE_SUPREMUM,2.424897214496626e-10,5.221577616740987e-23,5.221577616740987e-23,5.024646400008351,True,True,False,False,False,False,False,E02__U024__RIGHT_CONNECTOR__MINIMUM_CERTIFIED_OUTER_GAP,x11_t28,representative,plus,0.0021298072817251936,3.5092161040400787,D4-deformed-contour-regular-away-W3-v51,checkpoint_5461_parent_v51_finite_cell
5463__x11_t29,5461_FINITE_PROJECTIVE_OWNER_CELL,E02,U024,MC04_SP_DP,B03,7,0,1,RIGHT_CONNECTOR,SIGN_DEFINITE_MONOTONE_PRINCIPAL_SQRT_RECTANGLE_WITH_PARENT_FALLBACK,0.8159086955204942,0.8161673512233738,0.00190625,0.0019375,9,x11_t29__finite_projective_depth9,0.030860585379902373,2.424897214496104e-10,True,,,29866.20625999974,0.00034210929227348374,1.1228167481913698,3.509216455755458,28.711847144472188,0,,POINTWISE_SUPREMUM,2.424897214496626e-10,5.221577616740987e-23,5.221577616740987e-23,5.140973399975337,True,True,False,False,False,False,False,E02__U024__RIGHT_CONNECTOR__MINIMUM_CERTIFIED_OUTER_GAP,x11_t29,representative,plus,0.0021299687182154913,3.5092161040400787,D4-deformed-contour-regular-away-W3-v51,checkpoint_5461_parent_v51_finite_cell
5463__x11_t30,5461_FINITE_PROJECTIVE_OWNER_CELL,E02,U024,MC04_SP_DP,B03,7,0,1,RIGHT_CONNECTOR,SIGN_DEFINITE_MONOTONE_PRINCIPAL_SQRT_RECTANGLE_WITH_PARENT_FALLBACK,0.8159086955204942,0.8161673512233738,0.0019375,0.00196875,9,x11_t30__finite_projective_depth9,0.030860585379902373,2.424897214496104e-10,True,,,29967.1848247845,0.00034233721709161705,1.1228177265742783,3.509216455755458,28.703156437503598,0,,POINTWISE_SUPREMUM,2.424897214496626e-10,5.221577616740987e-23,5.221577616740987e-23,4.886088500032201,True,True,False,False,False,False,False,E02__U024__RIGHT_CONNECTOR__MINIMUM_CERTIFIED_OUTER_GAP,x11_t30,representative,plus,0.0021301328467828867,3.5092161040400787,D4-deformed-contour-regular-away-W3-v51,checkpoint_5461_parent_v51_finite_cell
5463__x11_t31,5461_FINITE_PROJECTIVE_OWNER_CELL,E02,U024,MC04_SP_DP,B03,7,0,1,RIGHT_CONNECTOR,SIGN_DEFINITE_MONOTONE_PRINCIPAL_SQRT_RECTANGLE_WITH_PARENT_FALLBACK,0.8159086955204942,0.8161673512233738,0.00196875,0.002,9,x11_t31__finite_projective_depth9,0.030860585379902373,2.424897214496104e-10,True,,,30068.883751280402,0.0003425750599940141,1.1228187213538443,3.509216455755458,28.694351561899744,0,,POINTWISE_SUPREMUM,2.424897214496626e-10,5.221577616740987e-23,5.221577616740987e-23,4.9177919999929145,True,True,False,False,False,False,False,E02__U024__RIGHT_CONNECTOR__MINIMUM_CERTIFIED_OUTER_GAP,x11_t31,representative,plus,0.0021302996666918584,3.5092161040400787,D4-deformed-contour-regular-away-W3-v51,checkpoint_5461_parent_v51_finite_cell
5463__x12_t00,5461_FINITE_PROJECTIVE_OWNER_CELL,E02,U024,MC04_SP_DP,B03,7,0,1,RIGHT_CONNECTOR,SIGN_DEFINITE_MONOTONE_PRINCIPAL_SQRT_RECTANGLE_WITH_PARENT_FALLBACK,0.8161673512233738,0.8164260069262534,0.001,0.00103125,9,x12_t00__finite_projective_depth9,0.030860585379902373,2.424897214496104e-10,True,,,34885.613227690235,0.0002862802395146264,1.1218809387122595,3.511930931060562,28.216086767929273,0,,POINTWISE_SUPREMUM,2.424897214496626e-10,5.221577616740987e-23,5.221577616740987e-23,4.9665640000021085,True,True,False,False,False,False,False,E02__U024__RIGHT_CONNECTOR__MINIMUM_CERTIFIED_OUTER_GAP,x12_t00,representative,plus,0.0020980770553851763,3.511930579072072,D4-deformed-contour-regular-away-W3-v51,checkpoint_5461_parent_v51_finite_cell
5463__x12_t01,5461_FINITE_PROJECTIVE_OWNER_CELL,E02,U024,MC04_SP_DP,B03,7,0,1,RIGHT_CONNECTOR,SIGN_DEFINITE_MONOTONE_PRINCIPAL_SQRT_RECTANGLE_WITH_PARENT_FALLBACK,0.8161673512233738,0.8164260069262534,0.00103125,0.0010625,9,x12_t01__finite_projective_depth9,0.030860585379902373,2.424897214496104e-10,True,,,34977.881064471505,0.0002863675966018478,1.1218814508403245,3.511930931060562,28.210603916436863,0,,POINTWISE_SUPREMUM,2.424897214496626e-10,5.221577616740987e-23,5.221577616740987e-23,4.825788600021042,True,True,False,False,False,False,False,E02__U024__RIGHT_CONNECTOR__MINIMUM_CERTIFIED_OUTER_GAP,x12_t01,representative,plus,0.0020981637968461183,3.511930579072072,D4-deformed-contour-regular-away-W3-v51,checkpoint_5461_parent_v51_finite_cell
5463__x12_t02,5461_FINITE_PROJECTIVE_OWNER_CELL,E02,U024,MC04_SP_DP,B03,7,0,1,RIGHT_CONNECTOR,SIGN_DEFINITE_MONOTONE_PRINCIPAL_SQRT_RECTANGLE_WITH_PARENT_FALLBACK,0.8161673512233738,0.8164260069262534,0.0010625,0.00109375,9,x12_t02__finite_projective_depth9,0.030860585379902373,2.424897214496104e-10,True,,,35071.84134567787,0.0002864590586492074,1.1218819802093876,3.511930931060562,28.204995620759377,0,,POINTWISE_SUPREMUM,2.424897214496626e-10,5.221577616740987e-23,5.221577616740987e-23,5.781422100029886,True,True,False,False,False,False,False,E02__U024__RIGHT_CONNECTOR__MINIMUM_CERTIFIED_OUTER_GAP,x12_t02,representative,plus,0.002098253275739552,3.511930579072072,D4-deformed-contour-regular-away-W3-v51,checkpoint_5461_parent_v51_finite_cell
5463__x12_t03,5461_FINITE_PROJECTIVE_OWNER_CELL,E02,U024,MC04_SP_DP,B03,7,0,1,RIGHT_CONNECTOR,SIGN_DEFINITE_MONOTONE_PRINCIPAL_SQRT_RECTANGLE_WITH_PARENT_FALLBACK,0.8161673512233738,0.8164260069262534,0.00109375,0.0011250000000000001,9,x12_t03__finite_projective_depth9,0.030860585379902373,2.424897214496104e-10,True,,,35167.47003198534,0.00028655462361207307,1.1218825268101498,3.511930931060562,28.199262053416582,0,,POINTWISE_SUPREMUM,2.424897214496626e-10,5.221577616740987e-23,5.221577616740987e-23,5.720773400040343,True,True,False,False,False,False,False,E02__U024__RIGHT_CONNECTOR__MINIMUM_CERTIFIED_OUTER_GAP,x12_t03,representative,plus,0.0020983454916588874,3.511930579072072,D4-deformed-contour-regular-away-W3-v51,checkpoint_5461_parent_v51_finite_cell
5463__x12_t04,5461_FINITE_PROJECTIVE_OWNER_CELL,E02,U024,MC04_SP_DP,B03,7,0,1,RIGHT_CONNECTOR,SIGN_DEFINITE_MONOTONE_PRINCIPAL_SQRT_RECTANGLE_WITH_PARENT_FALLBACK,0.8161673512233738,0.8164260069262534,0.0011250000000000001,0.00115625,9,x12_t04__finite_projective_depth9,0.030860585379902373,2.424897214496104e-10,True,,,35264.74271998394,0.00028665428937539106,1.1218830906330337,3.511930931060562,28.19340339150455,0,,POINTWISE_SUPREMUM,2.4248972144966096e-10,5.0561414942303817e-23,5.0561414942303817e-23,4.8484851000248455,True,True,False,False,False,False,False,E02__U024__RIGHT_CONNECTOR__MINIMUM_CERTIFIED_OUTER_GAP,x12_t04,representative,plus,0.002098440444184799,3.511930579072072,D4-deformed-contour-regular-away-W3-v51,checkpoint_5461_parent_v51_finite_cell
5463__x12_t05,5461_FINITE_PROJECTIVE_OWNER_CELL,E02,U024,MC04_SP_DP,B03,7,0,1,RIGHT_CONNECTOR,SIGN_DEFINITE_MONOTONE_PRINCIPAL_SQRT_RECTANGLE_WITH_PARENT_FALLBACK,0.8161673512233738,0.8164260069262534,0.00115625,0.0011875,9,x12_t05__finite_projective_depth9,0.030860585379902373,2.424897214496104e-10,True,,,35363.634659576834,0.00028675805375375706,1.1218836716681826,3.511930931060562,28.18741981668366,0,,POINTWISE_SUPREMUM,2.424897214496626e-10,5.221577616740987e-23,5.221577616740987e-23,4.870517899980769,True,True,False,False,False,False,False,E02__U024__RIGHT_CONNECTOR__MINIMUM_CERTIFIED_OUTER_GAP,x12_t05,representative,plus,0.002098538132885237,3.511930579072072,D4-deformed-contour-regular-away-W3-v51,checkpoint_5461_parent_v51_finite_cell
5463__x12_t06,5461_FINITE_PROJECTIVE_OWNER_CELL,E02,U024,MC04_SP_DP,B03,7,0,1,RIGHT_CONNECTOR,SIGN_DEFINITE_MONOTONE_PRINCIPAL_SQRT_RECTANGLE_WITH_PARENT_FALLBACK,0.8161673512233738,0.8164260069262534,0.0011875,0.00121875,9,x12_t06__finite_projective_depth9,0.030860585379902373,2.424897214496104e-10,True,,,35464.120771242306,0.00028686591449154843,1.1218842699054623,3.511930931060562,28.181311515165888,0,,POINTWISE_SUPREMUM,2.424897214496626e-10,5.221577616740987e-23,5.221577616740987e-23,5.019247099990025,True,True,False,False,False,False,False,E02__U024__RIGHT_CONNECTOR__MINIMUM_CERTIFIED_OUTER_GAP,x12_t06,representative,plus,0.0020986385573154315,3.511930579072072,D4-deformed-contour-regular-away-W3-v51,checkpoint_5461_parent_v51_finite_cell
5463__x12_t07,5461_FINITE_PROJECTIVE_OWNER_CELL,E02,U024,MC04_SP_DP,B03,7,0,1,RIGHT_CONNECTOR,SIGN_DEFINITE_MONOTONE_PRINCIPAL_SQRT_RECTANGLE_WITH_PARENT_FALLBACK,0.8161673512233738,0.8164260069262534,0.00121875,0.00125,9,x12_t07__finite_projective_depth9,0.030860585379902373,2.424897214496104e-10,True,,,35566.17677302975,0.00028697786926303476,1.1218848853344607,3.511930931060562,28.1750786777021,0,,POINTWISE_SUPREMUM,2.424897214496626e-10,5.221577616740987e-23,5.221577616740987e-23,5.0571314000408165,True,True,False,False,False,False,False,E02__U024__RIGHT_CONNECTOR__MINIMUM_CERTIFIED_OUTER_GAP,x12_t07,representative,plus,0.0020987417170179076,3.511930579072072,D4-deformed-contour-regular-away-W3-v51,checkpoint_5461_parent_v51_finite_cell
5463__x12_t08,5461_FINITE_PROJECTIVE_OWNER_CELL,E02,U024,MC04_SP_DP,B03,7,0,1,RIGHT_CONNECTOR,SIGN_DEFINITE_MONOTONE_PRINCIPAL_SQRT_RECTANGLE_WITH_PARENT_FALLBACK,0.8161673512233738,0.8164260069262534,0.00125,0.00128125,9,x12_t08__finite_projective_depth9,0.030860585379902373,2.424897214496104e-10,True,,,35669.779427898924,0.0002870939156724904,1.121885517944488,3.511930931060562,28.168721499568964,0,,POINTWISE_SUPREMUM,2.424897214496626e-10,5.221577616740987e-23,5.221577616740987e-23,4.905365400016308,True,True,False,False,False,False,False,E02__U024__RIGHT_CONNECTOR__MINIMUM_CERTIFIED_OUTER_GAP,x12_t08,representative,plus,0.0020988476115224863,3.511930579072072,D4-deformed-contour-regular-away-W3-v51,checkpoint_5461_parent_v51_finite_cell
5463__x12_t09,5461_FINITE_PROJECTIVE_OWNER_CELL,E02,U024,MC04_SP_DP,B03,7,0,1,RIGHT_CONNECTOR,SIGN_DEFINITE_MONOTONE_PRINCIPAL_SQRT_RECTANGLE_WITH_PARENT_FALLBACK,0.8161673512233738,0.8164260069262534,0.00128125,0.0013125,9,x12_t09__finite_projective_depth9,0.030860585379902373,2.424897214496104e-10,True,,,35774.89940386991,0.00028721405117563783,1.1218861677245784,3.511930931060562,28.16224018055544,0,,POINTWISE_SUPREMUM,2.424897214496626e-10,5.221577616740987e-23,5.221577616740987e-23,4.986036900023464,True,True,False,False,False,False,False,E02__U024__RIGHT_CONNECTOR__MINIMUM_CERTIFIED_OUTER_GAP,x12_t09,representative,plus,0.0020989562403463014,3.511930579072072,D4-deformed-contour-regular-away-W3-v51,checkpoint_5461_parent_v51_finite_cell
5463__x12_t10,5461_FINITE_PROJECTIVE_OWNER_CELL,E02,U024,MC04_SP_DP,B03,7,0,1,RIGHT_CONNECTOR,SIGN_DEFINITE_MONOTONE_PRINCIPAL_SQRT_RECTANGLE_WITH_PARENT_FALLBACK,0.8161673512233738,0.8164260069262534,0.0013125,0.00134375,9,x12_t10__finite_projective_depth9,0.030860585379902373,2.424897214496104e-10,True,,,35881.51047182001,0.00028733827331104957,1.121886834663489,3.511930931060562,28.15563492494886,0,,POINTWISE_SUPREMUM,2.4248972144966096e-10,5.0561414942303817e-23,5.0561414942303817e-23,5.111498199985363,True,True,False,False,False,False,False,E02__U024__RIGHT_CONNECTOR__MINIMUM_CERTIFIED_OUTER_GAP,x12_t10,representative,plus,0.002099067602993804,3.511930579072072,D4-deformed-contour-regular-away-W3-v51,checkpoint_5461_parent_v51_finite_cell
5463__x12_t11,5461_FINITE_PROJECTIVE_OWNER_CELL,E02,U024,MC04_SP_DP,B03,7,0,1,RIGHT_CONNECTOR,SIGN_DEFINITE_MONOTONE_PRINCIPAL_SQRT_RECTANGLE_WITH_PARENT_FALLBACK,0.8161673512233738,0.8164260069262534,0.00134375,0.001375,9,x12_t11__finite_projective_depth9,0.030860585379902373,2.424897214496104e-10,True,,,35989.58643415634,0.0002874665794785422,1.1218875187497022,3.511930931060562,28.148905941521413,0,,POINTWISE_SUPREMUM,2.424897214496626e-10,5.221577616740987e-23,5.221577616740987e-23,4.928350800008047,True,True,False,False,False,False,False,E02__U024__RIGHT_CONNECTOR__MINIMUM_CERTIFIED_OUTER_GAP,x12_t11,representative,plus,0.0020991816989567747,3.511930579072072,D4-deformed-contour-regular-away-W3-v51,checkpoint_5461_parent_v51_finite_cell
5463__x12_t12,5461_FINITE_PROJECTIVE_OWNER_CELL,E02,U024,MC04_SP_DP,B03,7,0,1,RIGHT_CONNECTOR,SIGN_DEFINITE_MONOTONE_PRINCIPAL_SQRT_RECTANGLE_WITH_PARENT_FALLBACK,0.8161673512233738,0.8164260069262534,0.001375,0.00140625,9,x12_t12__finite_projective_depth9,0.030860585379902373,2.424897214496104e-10,True,,,36099.10060400643,0.0002875989670036483,1.1218882199714242,3.511930931060562,28.14205344351507,0,,POINTWISE_SUPREMUM,2.424897214496626e-10,5.221577616740987e-23,5.221577616740987e-23,5.075205700006336,True,True,False,False,False,False,False,E02__U024__RIGHT_CONNECTOR__MINIMUM_CERTIFIED_OUTER_GAP,x12_t12,representative,plus,0.0020992985277143317,3.511930579072072,D4-deformed-contour-regular-away-W3-v51,checkpoint_5461_parent_v51_finite_cell
5463__x12_t13,5461_FINITE_PROJECTIVE_OWNER_CELL,E02,U024,MC04_SP_DP,B03,7,0,1,RIGHT_CONNECTOR,SIGN_DEFINITE_MONOTONE_PRINCIPAL_SQRT_RECTANGLE_WITH_PARENT_FALLBACK,0.8161673512233738,0.8164260069262534,0.00140625,0.0014375,9,x12_t13__finite_projective_depth9,0.030860585379902373,2.424897214496104e-10,True,,,36210.0257700376,0.00028773543314255195,1.121888938316587,3.511930931060562,28.135077648627313,0,,POINTWISE_SUPREMUM,2.424897214496626e-10,5.221577616740987e-23,5.221577616740987e-23,5.179256799980067,True,True,False,False,False,False,False,E02__U024__RIGHT_CONNECTOR__MINIMUM_CERTIFIED_OUTER_GAP,x12_t13,representative,plus,0.002099418088732944,3.511930579072072,D4-deformed-contour-regular-away-W3-v51,checkpoint_5461_parent_v51_finite_cell
5463__x12_t14,5461_FINITE_PROJECTIVE_OWNER_CELL,E02,U024,MC04_SP_DP,B03,7,0,1,RIGHT_CONNECTOR,SIGN_DEFINITE_MONOTONE_PRINCIPAL_SQRT_RECTANGLE_WITH_PARENT_FALLBACK,0.8161673512233738,0.8164260069262534,0.0014375,0.00146875,9,x12_t14__finite_projective_depth9,0.030860585379902373,2.424897214496104e-10,True,,,36322.33481498655,0.00028787597508222486,1.1218896737728488,3.511930931060562,28.12797877899625,0,,POINTWISE_SUPREMUM,2.424897214496626e-10,5.221577616740987e-23,5.221577616740987e-23,5.259285600041039,True,True,False,False,False,False,False,E02__U024__RIGHT_CONNECTOR__MINIMUM_CERTIFIED_OUTER_GAP,x12_t14,representative,plus,0.002099540381466438,3.511930579072072,D4-deformed-contour-regular-away-W3-v51,checkpoint_5461_parent_v51_finite_cell
5463__x12_t15,5461_FINITE_PROJECTIVE_OWNER_CELL,E02,U024,MC04_SP_DP,B03,7,0,1,RIGHT_CONNECTOR,SIGN_DEFINITE_MONOTONE_PRINCIPAL_SQRT_RECTANGLE_WITH_PARENT_FALLBACK,0.8161673512233738,0.8164260069262534,0.00146875,0.0015,9,x12_t15__finite_projective_depth9,0.030860585379902373,2.424897214496104e-10,True,,,36436.000438308016,0.0002880205899405386,1.121890426327593,3.511930931060562,28.12075706118476,0,,POINTWISE_SUPREMUM,2.424897214496626e-10,5.221577616740987e-23,5.221577616740987e-23,5.228818100003991,True,True,False,False,False,False,False,E02__U024__RIGHT_CONNECTOR__MINIMUM_CERTIFIED_OUTER_GAP,x12_t15,representative,plus,0.002099665405356011,3.511930579072072,D4-deformed-contour-regular-away-W3-v51,checkpoint_5461_parent_v51_finite_cell
5463__x12_t16,5461_FINITE_PROJECTIVE_OWNER_CELL,E02,U024,MC04_SP_DP,B03,7,0,1,RIGHT_CONNECTOR,SIGN_DEFINITE_MONOTONE_PRINCIPAL_SQRT_RECTANGLE_WITH_PARENT_FALLBACK,0.8161673512233738,0.8164260069262534,0.0015,0.00153125,9,x12_t16__finite_projective_depth9,0.030860585379902373,2.424897214496104e-10,True,,,36550.99645773635,0.00028816927476644523,1.1218911959679314,3.511930931060562,28.113412726165546,0,,POINTWISE_SUPREMUM,2.424897214496626e-10,5.221577616740987e-23,5.221577616740987e-23,5.041138100030366,True,True,False,False,False,False,False,E02__U024__RIGHT_CONNECTOR__MINIMUM_CERTIFIED_OUTER_GAP,x12_t16,representative,plus,0.002099793159830242,3.511930579072072,D4-deformed-contour-regular-away-W3-v51,checkpoint_5461_parent_v51_finite_cell
5463__x12_t17,5461_FINITE_PROJECTIVE_OWNER_CELL,E02,U024,MC04_SP_DP,B03,7,0,1,RIGHT_CONNECTOR,SIGN_DEFINITE_MONOTONE_PRINCIPAL_SQRT_RECTANGLE_WITH_PARENT_FALLBACK,0.8161673512233738,0.8164260069262534,0.00153125,0.0015625,9,x12_t17__finite_projective_depth9,0.030860585379902373,2.424897214496104e-10,True,,,36667.300837383846,0.00028832202654008934,1.1218919826807023,3.511930931060562,28.10594600930469,0,,POINTWISE_SUPREMUM,2.424897214496626e-10,5.221577616740987e-23,5.221577616740987e-23,5.246036300028209,True,True,False,False,False,False,False,E02__U024__RIGHT_CONNECTOR__MINIMUM_CERTIFIED_OUTER_GAP,x12_t17,representative,plus,0.002099923644305101,3.511930579072072,D4-deformed-contour-regular-away-W3-v51,checkpoint_5461_parent_v51_finite_cell
5463__x12_t18,5461_FINITE_PROJECTIVE_OWNER_CELL,E02,U024,MC04_SP_DP,B03,7,0,1,RIGHT_CONNECTOR,SIGN_DEFINITE_MONOTONE_PRINCIPAL_SQRT_RECTANGLE_WITH_PARENT_FALLBACK,0.8161673512233738,0.8164260069262534,0.0015625,0.0015937500000000001,9,x12_t18__finite_projective_depth9,0.030860585379902373,2.424897214496104e-10,True,,,36784.87926993578,0.00028847884217298006,1.1218927864524726,3.511930931060562,28.098357150345812,0,,POINTWISE_SUPREMUM,2.424897214496626e-10,5.221577616740987e-23,5.221577616740987e-23,5.1618047000374645,True,True,False,False,False,False,False,E02__U024__RIGHT_CONNECTOR__MINIMUM_CERTIFIED_OUTER_GAP,x12_t18,representative,plus,0.002100056858183964,3.511930579072072,D4-deformed-contour-regular-away-W3-v51,checkpoint_5461_parent_v51_finite_cell
5463__x12_t19,5461_FINITE_PROJECTIVE_OWNER_CELL,E02,U024,MC04_SP_DP,B03,7,0,1,RIGHT_CONNECTOR,SIGN_DEFINITE_MONOTONE_PRINCIPAL_SQRT_RECTANGLE_WITH_PARENT_FALLBACK,0.8161673512233738,0.8164260069262534,0.0015937500000000001,0.0016250000000000001,9,x12_t19__finite_projective_depth9,0.030860585379902373,2.424897214496104e-10,True,,,36903.703870954145,0.00028863971850815893,1.1218936072695382,3.511930931060562,28.090646393393627,0,,POINTWISE_SUPREMUM,2.424897214496626e-10,5.221577616740987e-23,5.221577616740987e-23,5.1688505000201985,True,True,False,False,False,False,False,E02__U024__RIGHT_CONNECTOR__MINIMUM_CERTIFIED_OUTER_GAP,x12_t19,representative,plus,0.0021001928008576205,3.511930579072072,D4-deformed-contour-regular-away-W3-v51,checkpoint_5461_parent_v51_finite_cell
5463__x12_t20,5461_FINITE_PROJECTIVE_OWNER_CELL,E02,U024,MC04_SP_DP,B03,7,0,1,RIGHT_CONNECTOR,SIGN_DEFINITE_MONOTONE_PRINCIPAL_SQRT_RECTANGLE_WITH_PARENT_FALLBACK,0.8161673512233738,0.8164260069262534,0.0016250000000000001,0.0016562500000000002,9,x12_t20__finite_projective_depth9,0.030860585379902373,2.424897214496104e-10,True,,,37023.74664367964,0.0002888046523202929,1.1218944451179236,3.511930931060562,28.082813986896547,0,,POINTWISE_SUPREMUM,2.424897214496626e-10,5.221577616740987e-23,5.221577616740987e-23,5.148199799994472,True,True,False,False,False,False,False,E02__U024__RIGHT_CONNECTOR__MINIMUM_CERTIFIED_OUTER_GAP,x12_t20,representative,plus,0.0021003314717042898,3.511930579072072,D4-deformed-contour-regular-away-W3-v51,checkpoint_5461_parent_v51_finite_cell
5463__x12_t21,5461_FINITE_PROJECTIVE_OWNER_CELL,E02,U024,MC04_SP_DP,B03,7,0,1,RIGHT_CONNECTOR,SIGN_DEFINITE_MONOTONE_PRINCIPAL_SQRT_RECTANGLE_WITH_PARENT_FALLBACK,0.8161673512233738,0.8164260069262534,0.0016562500000000002,0.0016875,9,x12_t21__finite_projective_depth9,0.030860585379902373,2.424897214496104e-10,True,,,37144.97949339442,0.0002889736403159101,1.121895299983384,3.511930931060562,28.074860183630392,0,,POINTWISE_SUPREMUM,2.4248972144966096e-10,5.0561414942303817e-23,5.0561414942303817e-23,5.3796796999522485,True,True,False,False,False,False,False,E02__U024__RIGHT_CONNECTOR__MINIMUM_CERTIFIED_OUTER_GAP,x12_t21,representative,plus,0.00210047287008963,3.511930579072072,D4-deformed-contour-regular-away-W3-v51,checkpoint_5461_parent_v51_finite_cell
5463__x12_t22,5461_FINITE_PROJECTIVE_OWNER_CELL,E02,U024,MC04_SP_DP,B03,7,0,1,RIGHT_CONNECTOR,SIGN_DEFINITE_MONOTONE_PRINCIPAL_SQRT_RECTANGLE_WITH_PARENT_FALLBACK,0.8161673512233738,0.8164260069262534,0.0016875,0.00171875,9,x12_t22__finite_projective_depth9,0.030860585379902373,2.424897214496104e-10,True,,,37267.37423992919,0.0002891466791335066,1.1218961718514049,3.511930931060562,28.066785240680357,0,,POINTWISE_SUPREMUM,2.424897214496626e-10,5.221577616740987e-23,5.221577616740987e-23,5.043923699995503,True,True,False,False,False,False,False,E02__U024__RIGHT_CONNECTOR__MINIMUM_CERTIFIED_OUTER_GAP,x12_t22,representative,plus,0.002100616995366751,3.511930579072072,D4-deformed-contour-regular-away-W3-v51,checkpoint_5461_parent_v51_finite_cell
5463__x12_t23,5461_FINITE_PROJECTIVE_OWNER_CELL,E02,U024,MC04_SP_DP,B03,7,0,1,RIGHT_CONNECTOR,SIGN_DEFINITE_MONOTONE_PRINCIPAL_SQRT_RECTANGLE_WITH_PARENT_FALLBACK,0.8161673512233738,0.8164260069262534,0.00171875,0.00175,9,x12_t23__finite_projective_depth9,0.030860585379902373,2.424897214496104e-10,True,,,37390.90264767498,0.00028932376534373887,1.121897060707203,3.511930931060562,28.058589406380467,0,,POINTWISE_SUPREMUM,2.424897214496626e-10,5.221577616740987e-23,5.221577616740987e-23,5.1821850999840535,True,True,False,False,False,False,False,E02__U024__RIGHT_CONNECTOR__MINIMUM_CERTIFIED_OUTER_GAP,x12_t23,representative,plus,0.00210076384687623,3.511930579072072,D4-deformed-contour-regular-away-W3-v51,checkpoint_5461_parent_v51_finite_cell
5463__x12_t24,5461_FINITE_PROJECTIVE_OWNER_CELL,E02,U024,MC04_SP_DP,B03,7,0,1,RIGHT_CONNECTOR,SIGN_DEFINITE_MONOTONE_PRINCIPAL_SQRT_RECTANGLE_WITH_PARENT_FALLBACK,0.8161673512233738,0.8164260069262534,0.00175,0.00178125,9,x12_t24__finite_projective_depth9,0.030860585379902373,2.424897214496104e-10,True,,,37515.53641358505,0.0002895048954495801,1.121897966535727,3.511930931060562,28.050272955363038,0,,POINTWISE_SUPREMUM,2.424897214496626e-10,5.221577616740987e-23,5.221577616740987e-23,5.266700899985153,True,True,False,False,False,False,False,E02__U024__RIGHT_CONNECTOR__MINIMUM_CERTIFIED_OUTER_GAP,x12_t24,representative,plus,0.0021009134239461215,3.511930579072072,D4-deformed-contour-regular-away-W3-v51,checkpoint_5461_parent_v51_finite_cell
5463__x12_t25,5461_FINITE_PROJECTIVE_OWNER_CELL,E02,U024,MC04_SP_DP,B03,7,0,1,RIGHT_CONNECTOR,SIGN_DEFINITE_MONOTONE_PRINCIPAL_SQRT_RECTANGLE_WITH_PARENT_FALLBACK,0.8161673512233738,0.8164260069262534,0.00178125,0.0018125,9,x12_t25__finite_projective_depth9,0.030860585379902373,2.424897214496104e-10,True,,,37641.247185469816,0.00028969006588650025,1.1218988893216584,3.511930931060562,28.041836160991135,0,,POINTWISE_SUPREMUM,2.424897214496626e-10,5.221577616740987e-23,5.221577616740987e-23,5.077211000025272,True,True,False,False,False,False,False,E02__U024__RIGHT_CONNECTOR__MINIMUM_CERTIFIED_OUTER_GAP,x12_t25,representative,plus,0.0021010657258919703,3.511930579072072,D4-deformed-contour-regular-away-W3-v51,checkpoint_5461_parent_v51_finite_cell
5463__x12_t26,5461_FINITE_PROJECTIVE_OWNER_CELL,E02,U024,MC04_SP_DP,B03,7,0,1,RIGHT_CONNECTOR,SIGN_DEFINITE_MONOTONE_PRINCIPAL_SQRT_RECTANGLE_WITH_PARENT_FALLBACK,0.8161673512233738,0.8164260069262534,0.0018125,0.00184375,9,x12_t26__finite_projective_depth9,0.030860585379902373,2.424897214496104e-10,True,,,37768.01246427225,0.000289881428830451,1.1218998290494115,3.511930931060562,28.033279297408825,0,,POINTWISE_SUPREMUM,2.4248972144966096e-10,5.0561414942303817e-23,5.0561414942303817e-23,5.175463700026739,True,True,False,False,False,False,False,E02__U024__RIGHT_CONNECTOR__MINIMUM_CERTIFIED_OUTER_GAP,x12_t26,representative,plus,0.002101220752016828,3.511930579072072,D4-deformed-contour-regular-away-W3-v51,checkpoint_5461_parent_v51_finite_cell
5463__x12_t27,5461_FINITE_PROJECTIVE_OWNER_CELL,E02,U024,MC04_SP_DP,B03,7,0,1,RIGHT_CONNECTOR,SIGN_DEFINITE_MONOTONE_PRINCIPAL_SQRT_RECTANGLE_WITH_PARENT_FALLBACK,0.8161673512233738,0.8164260069262534,0.00184375,0.001875,9,x12_t27__finite_projective_depth9,0.030860585379902373,2.424897214496104e-10,True,,,37895.80275996235,0.00029007695454426124,1.1219007857031351,3.511930931060562,28.024602642978362,0,,POINTWISE_SUPREMUM,2.424897214496626e-10,5.221577616740987e-23,5.221577616740987e-23,5.4872358000138775,True,True,False,False,False,False,False,E02__U024__RIGHT_CONNECTOR__MINIMUM_CERTIFIED_OUTER_GAP,x12_t27,representative,plus,0.0021013785016112656,3.511930579072072,D4-deformed-contour-regular-away-W3-v51,checkpoint_5461_parent_v51_finite_cell
5463__x12_t28,5461_FINITE_PROJECTIVE_OWNER_CELL,E02,U024,MC04_SP_DP,B03,7,0,1,RIGHT_CONNECTOR,SIGN_DEFINITE_MONOTONE_PRINCIPAL_SQRT_RECTANGLE_WITH_PARENT_FALLBACK,0.8161673512233738,0.8164260069262534,0.001875,0.00190625,9,x12_t28__finite_projective_depth9,0.030860585379902373,2.424897214496104e-10,True,,,38024.585223680835,0.0002902801832893092,1.1219017592667124,3.511930931060562,28.015806480261684,0,,POINTWISE_SUPREMUM,2.424897214496626e-10,5.221577616740987e-23,5.221577616740987e-23,4.97262099996442,True,True,False,False,False,False,False,E02__U024__RIGHT_CONNECTOR__MINIMUM_CERTIFIED_OUTER_GAP,x12_t28,representative,plus,0.002101538973953385,3.511930579072072,D4-deformed-contour-regular-away-W3-v51,checkpoint_5461_parent_v51_finite_cell
5463__x12_t29,5461_FINITE_PROJECTIVE_OWNER_CELL,E02,U024,MC04_SP_DP,B03,7,0,1,RIGHT_CONNECTOR,SIGN_DEFINITE_MONOTONE_PRINCIPAL_SQRT_RECTANGLE_WITH_PARENT_FALLBACK,0.8161673512233738,0.8164260069262534,0.00190625,0.0019375,9,x12_t29__finite_projective_depth9,0.030860585379902373,2.424897214496104e-10,True,,,38154.3314299617,0.0002904941238830807,1.1219027497237621,3.511930931060562,28.00689109600024,0,,POINTWISE_SUPREMUM,2.424897214496626e-10,5.221577616740987e-23,5.221577616740987e-23,4.643416200007778,True,True,False,False,False,False,False,E02__U024__RIGHT_CONNECTOR__MINIMUM_CERTIFIED_OUTER_GAP,x12_t29,representative,plus,0.0021017021683088356,3.511930579072072,D4-deformed-contour-regular-away-W3-v51,checkpoint_5461_parent_v51_finite_cell
5463__x12_t30,5461_FINITE_PROJECTIVE_OWNER_CELL,E02,U024,MC04_SP_DP,B03,7,0,1,RIGHT_CONNECTOR,SIGN_DEFINITE_MONOTONE_PRINCIPAL_SQRT_RECTANGLE_WITH_PARENT_FALLBACK,0.8161673512233738,0.8164260069262534,0.0019375,0.00196875,9,x12_t30__finite_projective_depth9,0.030860585379902373,2.424897214496104e-10,True,,,38285.01291022963,0.00029071877645148154,1.1219037570576387,3.511930931060562,27.99785678109628,0,,POINTWISE_SUPREMUM,2.424897214496626e-10,5.221577616740987e-23,5.221577616740987e-23,4.703271400008816,True,True,False,False,False,False,False,E02__U024__RIGHT_CONNECTOR__MINIMUM_CERTIFIED_OUTER_GAP,x12_t30,representative,plus,0.002101868083930831,3.511930579072072,D4-deformed-contour-regular-away-W3-v51,checkpoint_5461_parent_v51_finite_cell
5463__x12_t31,5461_FINITE_PROJECTIVE_OWNER_CELL,E02,U024,MC04_SP_DP,B03,7,0,1,RIGHT_CONNECTOR,SIGN_DEFINITE_MONOTONE_PRINCIPAL_SQRT_RECTANGLE_WITH_PARENT_FALLBACK,0.8161673512233738,0.8164260069262534,0.00196875,0.002,9,x12_t31__finite_projective_depth9,0.030860585379902373,2.424897214496104e-10,True,,,38416.60124773627,0.0002909541404164525,1.121904781251434,3.511930931060562,27.988703830592215,0,,POINTWISE_SUPREMUM,2.424897214496626e-10,5.221577616740987e-23,5.221577616740987e-23,4.9044384000007994,True,True,False,False,False,False,False,E02__U024__RIGHT_CONNECTOR__MINIMUM_CERTIFIED_OUTER_GAP,x12_t31,representative,plus,0.002102036720060157,3.511930579072072,D4-deformed-contour-regular-away-W3-v51,checkpoint_5461_parent_v51_finite_cell
5463__x13_t00,5461_FINITE_PROJECTIVE_OWNER_CELL,E02,U024,MC04_SP_DP,B03,7,0,1,RIGHT_CONNECTOR,SIGN_DEFINITE_MONOTONE_PRINCIPAL_SQRT_RECTANGLE_WITH_PARENT_FALLBACK,0.8164260069262534,0.816684662629133,0.001,0.00103125,9,x13_t00__finite_projective_depth9,0.030860585379902373,2.424897214496104e-10,True,,,44834.95491795536,0.0002343407348816915,1.1209649519379636,3.5146509396170402,27.498727012492623,0,,POINTWISE_SUPREMUM,2.424897214495585e-10,5.1905583437702487e-23,0.0,5.12313229998108,True,True,False,False,False,False,False,E02__U024__RIGHT_CONNECTOR__MINIMUM_CERTIFIED_OUTER_GAP,x13_t00,representative,plus,0.0020698885408696145,3.514650587354881,D4-deformed-contour-regular-away-W3-v51,checkpoint_5461_parent_v51_finite_cell
5463__x13_t01,5461_FINITE_PROJECTIVE_OWNER_CELL,E02,U024,MC04_SP_DP,B03,7,0,1,RIGHT_CONNECTOR,SIGN_DEFINITE_MONOTONE_PRINCIPAL_SQRT_RECTANGLE_WITH_PARENT_FALLBACK,0.8164260069262534,0.816684662629133,0.00103125,0.0010625,9,x13_t01__finite_projective_depth9,0.030860585379902373,2.424897214496104e-10,True,,,44955.56860719721,0.0002344316945689417,1.1209654798366882,3.5146509396170402,27.49302571033158,0,,POINTWISE_SUPREMUM,2.424897214495585e-10,5.1905583437702487e-23,0.0,4.833408700011205,True,True,False,False,False,False,False,E02__U024__RIGHT_CONNECTOR__MINIMUM_CERTIFIED_OUTER_GAP,x13_t01,representative,plus,0.0020699762326826243,3.514650587354881,D4-deformed-contour-regular-away-W3-v51,checkpoint_5461_parent_v51_finite_cell
5463__x13_t02,5461_FINITE_PROJECTIVE_OWNER_CELL,E02,U024,MC04_SP_DP,B03,7,0,1,RIGHT_CONNECTOR,SIGN_DEFINITE_MONOTONE_PRINCIPAL_SQRT_RECTANGLE_WITH_PARENT_FALLBACK,0.8164260069262534,0.816684662629133,0.0010625,0.00109375,9,x13_t02__finite_projective_depth9,0.030860585379902373,2.424897214496104e-10,True,,,45078.36908445301,0.00023452689409320712,1.1209660254759661,3.5146509396170402,27.487193753566434,0,,POINTWISE_SUPREMUM,2.424897214495585e-10,5.1905583437702487e-23,0.0,4.767034100019373,True,True,False,False,False,False,False,E02__U024__RIGHT_CONNECTOR__MINIMUM_CERTIFIED_OUTER_GAP,x13_t02,representative,plus,0.002070066692194048,3.514650587354881,D4-deformed-contour-regular-away-W3-v51,checkpoint_5461_parent_v51_finite_cell
5463__x13_t03,5461_FINITE_PROJECTIVE_OWNER_CELL,E02,U024,MC04_SP_DP,B03,7,0,1,RIGHT_CONNECTOR,SIGN_DEFINITE_MONOTONE_PRINCIPAL_SQRT_RECTANGLE_WITH_PARENT_FALLBACK,0.8164260069262534,0.816684662629133,0.00109375,0.0011250000000000001,9,x13_t03__finite_projective_depth9,0.030860585379902373,2.424897214496104e-10,True,,,45203.41908534497,0.00023462633128678556,1.1209665888460072,3.5146509396170402,27.481231327184044,0,,POINTWISE_SUPREMUM,2.424897214495585e-10,5.1905583437702487e-23,0.0,5.004828699980862,True,True,False,False,False,False,False,E02__U024__RIGHT_CONNECTOR__MINIMUM_CERTIFIED_OUTER_GAP,x13_t03,representative,plus,0.0020701599189841087,3.514650587354881,D4-deformed-contour-regular-away-W3-v51,checkpoint_5461_parent_v51_finite_cell
5463__x13_t04,5461_FINITE_PROJECTIVE_OWNER_CELL,E02,U024,MC04_SP_DP,B03,7,0,1,RIGHT_CONNECTOR,SIGN_DEFINITE_MONOTONE_PRINCIPAL_SQRT_RECTANGLE_WITH_PARENT_FALLBACK,0.8164260069262534,0.816684662629133,0.0011250000000000001,0.00115625,9,x13_t04__finite_projective_depth9,0.030860585379902373,2.424897214496104e-10,True,,,45330.82129263077,0.00023473000390751613,1.1209671699367274,3.5146509396170402,27.475138621079218,0,,POINTWISE_SUPREMUM,2.424897214495569e-10,5.350824587452398e-23,0.0,4.828565199975856,True,True,False,False,False,False,False,E02__U024__RIGHT_CONNECTOR__MINIMUM_CERTIFIED_OUTER_GAP,x13_t04,representative,plus,0.0020702559126198786,3.514650587354881,D4-deformed-contour-regular-away-W3-v51,checkpoint_5461_parent_v51_finite_cell
5463__x13_t05,5461_FINITE_PROJECTIVE_OWNER_CELL,E02,U024,MC04_SP_DP,B03,7,0,1,RIGHT_CONNECTOR,SIGN_DEFINITE_MONOTONE_PRINCIPAL_SQRT_RECTANGLE_WITH_PARENT_FALLBACK,0.8164260069262534,0.816684662629133,0.00115625,0.0011875,9,x13_t05__finite_projective_depth9,0.030860585379902373,2.424897214496104e-10,True,,,45460.32668626,0.0002348379096388857,1.1209677687377497,3.5146509396170402,27.468915830041365,0,,POINTWISE_SUPREMUM,2.424897214495585e-10,5.1905583437702487e-23,0.0,4.797997400048189,True,True,False,False,False,False,False,E02__U024__RIGHT_CONNECTOR__MINIMUM_CERTIFIED_OUTER_GAP,x13_t05,representative,plus,0.0020703546726552873,3.514650587354881,D4-deformed-contour-regular-away-W3-v51,checkpoint_5461_parent_v51_finite_cell
5463__x13_t06,5461_FINITE_PROJECTIVE_OWNER_CELL,E02,U024,MC04_SP_DP,B03,7,0,1,RIGHT_CONNECTOR,SIGN_DEFINITE_MONOTONE_PRINCIPAL_SQRT_RECTANGLE_WITH_PARENT_FALLBACK,0.8164260069262534,0.816684662629133,0.0011875,0.00121875,9,x13_t06__finite_projective_depth9,0.030860585379902373,2.424897214496104e-10,True,,,45591.9015856656,0.00023495004609017155,1.1209683852384047,3.5146509396170402,27.462563153740852,0,,POINTWISE_SUPREMUM,2.424897214495585e-10,5.1905583437702487e-23,0.0,4.66175289999228,True,True,False,False,False,False,False,E02__U024__RIGHT_CONNECTOR__MINIMUM_CERTIFIED_OUTER_GAP,x13_t06,representative,plus,0.0020704561986311302,3.514650587354881,D4-deformed-contour-regular-away-W3-v51,checkpoint_5461_parent_v51_finite_cell
5463__x13_t07,5461_FINITE_PROJECTIVE_OWNER_CELL,E02,U024,MC04_SP_DP,B03,7,0,1,RIGHT_CONNECTOR,SIGN_DEFINITE_MONOTONE_PRINCIPAL_SQRT_RECTANGLE_WITH_PARENT_FALLBACK,0.8164260069262534,0.816684662629133,0.00121875,0.00125,9,x13_t07__finite_projective_depth9,0.030860585379902373,2.424897214496104e-10,True,,,45725.51703272003,0.00023506641079652392,1.1209690194277306,3.5146509396170402,27.456080796714396,0,,POINTWISE_SUPREMUM,2.424897214495585e-10,5.1905583437702487e-23,0.0,4.5699574000318535,True,True,False,False,False,False,False,E02__U024__RIGHT_CONNECTOR__MINIMUM_CERTIFIED_OUTER_GAP,x13_t07,representative,plus,0.0020705604900750785,3.514650587354881,D4-deformed-contour-regular-away-W3-v51,checkpoint_5461_parent_v51_finite_cell
5463__x13_t08,5461_FINITE_PROJECTIVE_OWNER_CELL,E02,U024,MC04_SP_DP,B03,7,0,1,RIGHT_CONNECTOR,SIGN_DEFINITE_MONOTONE_PRINCIPAL_SQRT_RECTANGLE_WITH_PARENT_FALLBACK,0.8164260069262534,0.816684662629133,0.00125,0.00128125,9,x13_t08__finite_projective_depth9,0.030860585379902373,2.424897214496104e-10,True,,,45861.134571310206,0.0002351870011742408,1.1209696712944743,3.5146509396170402,27.449468968351205,0,,POINTWISE_SUPREMUM,2.424897214495585e-10,5.1905583437702487e-23,0.0,4.80880659999093,True,True,False,False,False,False,False,E02__U024__RIGHT_CONNECTOR__MINIMUM_CERTIFIED_OUTER_GAP,x13_t08,representative,plus,0.0020706675465016868,3.514650587354881,D4-deformed-contour-regular-away-W3-v51,checkpoint_5461_parent_v51_finite_cell
5463__x13_t09,5461_FINITE_PROJECTIVE_OWNER_CELL,E02,U024,MC04_SP_DP,B03,7,0,1,RIGHT_CONNECTOR,SIGN_DEFINITE_MONOTONE_PRINCIPAL_SQRT_RECTANGLE_WITH_PARENT_FALLBACK,0.8164260069262534,0.816684662629133,0.00128125,0.0013125,9,x13_t09__finite_projective_depth9,0.030860585379902373,2.424897214496104e-10,True,,,45998.718449932225,0.00023531181461582207,1.1209703408270915,3.5146509396170402,27.442727882877797,0,,POINTWISE_SUPREMUM,2.424897214495585e-10,5.1905583437702487e-23,0.0,4.737344299966935,True,True,False,False,False,False,False,E02__U024__RIGHT_CONNECTOR__MINIMUM_CERTIFIED_OUTER_GAP,x13_t09,representative,plus,0.0020707773674124063,3.514650587354881,D4-deformed-contour-regular-away-W3-v51,checkpoint_5461_parent_v51_finite_cell
5463__x13_t10,5461_FINITE_PROJECTIVE_OWNER_CELL,E02,U024,MC04_SP_DP,B03,7,0,1,RIGHT_CONNECTOR,SIGN_DEFINITE_MONOTONE_PRINCIPAL_SQRT_RECTANGLE_WITH_PARENT_FALLBACK,0.8164260069262534,0.816684662629133,0.0013125,0.00134375,9,x13_t10__finite_projective_depth9,0.030860585379902373,2.424897214496104e-10,True,,,46138.23383790984,0.00023544084847465323,1.1209710280137468,3.5146509396170402,27.435857759343264,0,,POINTWISE_SUPREMUM,2.424897214495569e-10,5.350824587452398e-23,0.0,4.832698299956974,True,True,False,False,False,False,False,E02__U024__RIGHT_CONNECTOR__MINIMUM_CERTIFIED_OUTER_GAP,x13_t10,representative,plus,0.002070889952295592,3.514650587354881,D4-deformed-contour-regular-away-W3-v51,checkpoint_5461_parent_v51_finite_cell
5463__x13_t11,5461_FINITE_PROJECTIVE_OWNER_CELL,E02,U024,MC04_SP_DP,B03,7,0,1,RIGHT_CONNECTOR,SIGN_DEFINITE_MONOTONE_PRINCIPAL_SQRT_RECTANGLE_WITH_PARENT_FALLBACK,0.8164260069262534,0.816684662629133,0.00134375,0.001375,9,x13_t11__finite_projective_depth9,0.030860585379902373,2.424897214496104e-10,True,,,46279.64528231781,0.00023557409999078134,1.1209717328423157,3.5146509396170402,27.428858821603185,0,,POINTWISE_SUPREMUM,2.424897214495585e-10,5.1905583437702487e-23,0.0,5.207420099992305,True,True,False,False,False,False,False,E02__U024__RIGHT_CONNECTOR__MINIMUM_CERTIFIED_OUTER_GAP,x13_t11,representative,plus,0.0020710053006265127,3.514650587354881,D4-deformed-contour-regular-away-W3-v51,checkpoint_5461_parent_v51_finite_cell
5463__x13_t12,5461_FINITE_PROJECTIVE_OWNER_CELL,E02,U024,MC04_SP_DP,B03,7,0,1,RIGHT_CONNECTOR,SIGN_DEFINITE_MONOTONE_PRINCIPAL_SQRT_RECTANGLE_WITH_PARENT_FALLBACK,0.8164260069262534,0.816684662629133,0.001375,0.00140625,9,x13_t12__finite_projective_depth9,0.030860585379902373,2.424897214496104e-10,True,,,46422.91654389607,0.0002357115663308343,1.120972455300384,3.5146509396170402,27.421731298304348,0,,POINTWISE_SUPREMUM,2.424897214495585e-10,5.1905583437702487e-23,0.0,4.869792300043628,True,True,False,False,False,False,False,E02__U024__RIGHT_CONNECTOR__MINIMUM_CERTIFIED_OUTER_GAP,x13_t12,representative,plus,0.0020711234118673634,3.514650587354881,D4-deformed-contour-regular-away-W3-v51,checkpoint_5461_parent_v51_finite_cell
5463__x13_t13,5461_FINITE_PROJECTIVE_OWNER_CELL,E02,U024,MC04_SP_DP,B03,7,0,1,RIGHT_CONNECTOR,SIGN_DEFINITE_MONOTONE_PRINCIPAL_SQRT_RECTANGLE_WITH_PARENT_FALLBACK,0.8164260069262534,0.816684662629133,0.00140625,0.0014375,9,x13_t13__finite_projective_depth9,0.030860585379902373,2.424897214496104e-10,True,,,46568.01152770748,0.00023585324458813981,1.120973195375248,3.5146509396170402,27.414475422868282,0,,POINTWISE_SUPREMUM,2.424897214495585e-10,5.1905583437702487e-23,0.0,4.739571999991313,True,True,False,False,False,False,False,E02__U024__RIGHT_CONNECTOR__MINIMUM_CERTIFIED_OUTER_GAP,x13_t13,representative,plus,0.002071244285467275,3.514650587354881,D4-deformed-contour-regular-away-W3-v51,checkpoint_5461_parent_v51_finite_cell
5463__x13_t14,5461_FINITE_PROJECTIVE_OWNER_CELL,E02,U024,MC04_SP_DP,B03,7,0,1,RIGHT_CONNECTOR,SIGN_DEFINITE_MONOTONE_PRINCIPAL_SQRT_RECTANGLE_WITH_PARENT_FALLBACK,0.8164260069262534,0.816684662629133,0.0014375,0.00146875,9,x13_t14__finite_projective_depth9,0.030860585379902373,2.424897214496104e-10,True,,,46714.89388113669,0.00023599913178290298,1.1209739530539167,3.5146509396170402,27.40709143347485,0,,POINTWISE_SUPREMUM,2.424897214495585e-10,5.1905583437702487e-23,0.0,4.4771802999894135,True,True,False,False,False,False,False,E02__U024__RIGHT_CONNECTOR__MINIMUM_CERTIFIED_OUTER_GAP,x13_t14,representative,plus,0.0020713679208623267,3.514650587354881,D4-deformed-contour-regular-away-W3-v51,checkpoint_5461_parent_v51_finite_cell
5463__x13_t15,5461_FINITE_PROJECTIVE_OWNER_CELL,E02,U024,MC04_SP_DP,B03,7,0,1,RIGHT_CONNECTOR,SIGN_DEFINITE_MONOTONE_PRINCIPAL_SQRT_RECTANGLE_WITH_PARENT_FALLBACK,0.8164260069262534,0.816684662629133,0.00146875,0.0015,9,x13_t15__finite_projective_depth9,0.030860585379902373,2.424897214496104e-10,True,,,46863.52701451691,0.00023614922486234153,1.1209747283231106,3.5146509396170402,27.399579573045685,0,,POINTWISE_SUPREMUM,2.424897214495585e-10,5.1905583437702487e-23,0.0,4.801114699977916,True,True,False,False,False,False,False,E02__U024__RIGHT_CONNECTOR__MINIMUM_CERTIFIED_OUTER_GAP,x13_t15,representative,plus,0.002071494317475554,3.514650587354881,D4-deformed-contour-regular-away-W3-v51,checkpoint_5461_parent_v51_finite_cell
5463__x13_t16,5461_FINITE_PROJECTIVE_OWNER_CELL,E02,U024,MC04_SP_DP,B03,7,0,1,RIGHT_CONNECTOR,SIGN_DEFINITE_MONOTONE_PRINCIPAL_SQRT_RECTANGLE_WITH_PARENT_FALLBACK,0.8164260069262534,0.816684662629133,0.0015,0.00153125,9,x13_t16__finite_projective_depth9,0.030860585379902373,2.424897214496104e-10,True,,,47013.87412135133,0.00023630352070081522,1.1209755211692638,3.5146509396170402,27.391940089226225,0,,POINTWISE_SUPREMUM,2.424897214495585e-10,5.1905583437702487e-23,0.0,4.665522099996451,True,True,False,False,False,False,False,E02__U024__RIGHT_CONNECTOR__MINIMUM_CERTIFIED_OUTER_GAP,x13_t16,representative,plus,0.0020716234747169653,3.514650587354881,D4-deformed-contour-regular-away-W3-v51,checkpoint_5461_parent_v51_finite_cell
5463__x13_t17,5461_FINITE_PROJECTIVE_OWNER_CELL,E02,U024,MC04_SP_DP,B03,7,0,1,RIGHT_CONNECTOR,SIGN_DEFINITE_MONOTONE_PRINCIPAL_SQRT_RECTANGLE_WITH_PARENT_FALLBACK,0.8164260069262534,0.816684662629133,0.00153125,0.0015625,9,x13_t17__finite_projective_depth9,0.030860585379902373,2.424897214496104e-10,True,,,47165.89819808227,0.00023646201610003905,1.120976331578523,3.5146509396170402,27.38417323436916,0,,POINTWISE_SUPREMUM,2.424897214495585e-10,5.1905583437702487e-23,0.0,5.22939240001142,True,True,False,False,False,False,False,E02__U024__RIGHT_CONNECTOR__MINIMUM_CERTIFIED_OUTER_GAP,x13_t17,representative,plus,0.002071755391983548,3.514650587354881,D4-deformed-contour-regular-away-W3-v51,checkpoint_5461_parent_v51_finite_cell
5463__x13_t18,5461_FINITE_PROJECTIVE_OWNER_CELL,E02,U024,MC04_SP_DP,B03,7,0,1,RIGHT_CONNECTOR,SIGN_DEFINITE_MONOTONE_PRINCIPAL_SQRT_RECTANGLE_WITH_PARENT_FALLBACK,0.8164260069262534,0.816684662629133,0.0015625,0.0015937500000000001,9,x13_t18__finite_projective_depth9,0.030860585379902373,2.424897214496104e-10,True,,,47319.562063438534,0.00023662470778920716,1.1209771595367506,3.5146509396170402,27.37627926551614,0,,POINTWISE_SUPREMUM,2.424897214495585e-10,5.1905583437702487e-23,0.0,4.73883659997955,True,True,False,False,False,False,False,E02__U024__RIGHT_CONNECTOR__MINIMUM_CERTIFIED_OUTER_GAP,x13_t18,representative,plus,0.002071890068659285,3.514650587354881,D4-deformed-contour-regular-away-W3-v51,checkpoint_5461_parent_v51_finite_cell
5463__x13_t19,5461_FINITE_PROJECTIVE_OWNER_CELL,E02,U024,MC04_SP_DP,B03,7,0,1,RIGHT_CONNECTOR,SIGN_DEFINITE_MONOTONE_PRINCIPAL_SQRT_RECTANGLE_WITH_PARENT_FALLBACK,0.8164260069262534,0.816684662629133,0.0015937500000000001,0.0016250000000000001,9,x13_t19__finite_projective_depth9,0.030860585379902373,2.424897214496104e-10,True,,,47474.82837798097,0.00023679159242516261,1.1209780050295222,3.5146509396170402,27.368258444379414,0,,POINTWISE_SUPREMUM,2.424897214495585e-10,5.1905583437702487e-23,0.0,4.979065800027456,True,True,False,False,False,False,False,E02__U024__RIGHT_CONNECTOR__MINIMUM_CERTIFIED_OUTER_GAP,x13_t19,representative,plus,0.002072027504115167,3.514650587354881,D4-deformed-contour-regular-away-W3-v51,checkpoint_5461_parent_v51_finite_cell
5463__x13_t20,5461_FINITE_PROJECTIVE_OWNER_CELL,E02,U024,MC04_SP_DP,B03,7,0,1,RIGHT_CONNECTOR,SIGN_DEFINITE_MONOTONE_PRINCIPAL_SQRT_RECTANGLE_WITH_PARENT_FALLBACK,0.8164260069262534,0.816684662629133,0.0016250000000000001,0.0016562500000000002,9,x13_t20__finite_projective_depth9,0.030860585379902373,2.424897214496104e-10,True,,,47631.66315134581,0.00023696266659258892,1.1209788680421298,3.5146509396170402,27.360111037323964,0,,POINTWISE_SUPREMUM,2.424897214495585e-10,5.1905583437702487e-23,0.0,4.723266700049862,True,True,False,False,False,False,False,E02__U024__RIGHT_CONNECTOR__MINIMUM_CERTIFIED_OUTER_GAP,x13_t20,representative,plus,0.0020721676977092014,3.514650587354881,D4-deformed-contour-regular-away-W3-v51,checkpoint_5461_parent_v51_finite_cell
5463__x13_t21,5461_FINITE_PROJECTIVE_OWNER_CELL,E02,U024,MC04_SP_DP,B03,7,0,1,RIGHT_CONNECTOR,SIGN_DEFINITE_MONOTONE_PRINCIPAL_SQRT_RECTANGLE_WITH_PARENT_FALLBACK,0.8164260069262534,0.816684662629133,0.0016562500000000002,0.0016875,9,x13_t21__finite_projective_depth9,0.030860585379902373,2.424897214496104e-10,True,,,47790.03255781532,0.00023713792680413314,1.1209797485595814,3.5146509396170402,27.351837315347872,0,,POINTWISE_SUPREMUM,2.424897214495569e-10,5.350824587452398e-23,0.0,4.861878599971533,True,True,False,False,False,False,False,E02__U024__RIGHT_CONNECTOR__MINIMUM_CERTIFIED_OUTER_GAP,x13_t21,representative,plus,0.0020723106487864308,3.514650587354881,D4-deformed-contour-regular-away-W3-v51,checkpoint_5461_parent_v51_finite_cell
5463__x13_t22,5461_FINITE_PROJECTIVE_OWNER_CELL,E02,U024,MC04_SP_DP,B03,7,0,1,RIGHT_CONNECTOR,SIGN_DEFINITE_MONOTONE_PRINCIPAL_SQRT_RECTANGLE_WITH_PARENT_FALLBACK,0.8164260069262534,0.816684662629133,0.0016875,0.00171875,9,x13_t22__finite_projective_depth9,0.030860585379902373,2.424897214496104e-10,True,,,47949.89203524068,0.00023731736950064755,1.120980646566602,3.5146509396170402,27.343437554064174,0,,POINTWISE_SUPREMUM,2.424897214495585e-10,5.1905583437702487e-23,0.0,4.7156640000175685,True,True,False,False,False,False,False,E02__U024__RIGHT_CONNECTOR__MINIMUM_CERTIFIED_OUTER_GAP,x13_t22,representative,plus,0.00207245635667894,3.514650587354881,D4-deformed-contour-regular-away-W3-v51,checkpoint_5461_parent_v51_finite_cell
5463__x13_t23,5461_FINITE_PROJECTIVE_OWNER_CELL,E02,U024,MC04_SP_DP,B03,7,0,1,RIGHT_CONNECTOR,SIGN_DEFINITE_MONOTONE_PRINCIPAL_SQRT_RECTANGLE_WITH_PARENT_FALLBACK,0.8164260069262534,0.816684662629133,0.00171875,0.00175,9,x13_t23__finite_projective_depth9,0.030860585379902373,2.424897214496104e-10,True,,,48111.203842917355,0.0002375009910513073,1.1209815620476338,3.5146509396170402,27.33491203368047,0,,POINTWISE_SUPREMUM,2.424897214495585e-10,5.1905583437702487e-23,0.0,4.658225400024094,True,True,False,False,False,False,False,E02__U024__RIGHT_CONNECTOR__MINIMUM_CERTIFIED_OUTER_GAP,x13_t23,representative,plus,0.0020726048207058744,3.514650587354881,D4-deformed-contour-regular-away-W3-v51,checkpoint_5461_parent_v51_finite_cell
5463__x13_t24,5461_FINITE_PROJECTIVE_OWNER_CELL,E02,U024,MC04_SP_DP,B03,7,0,1,RIGHT_CONNECTOR,SIGN_DEFINITE_MONOTONE_PRINCIPAL_SQRT_RECTANGLE_WITH_PARENT_FALLBACK,0.8164260069262534,0.816684662629133,0.00175,0.00178125,9,x13_t24__finite_projective_depth9,0.030860585379902373,2.424897214496104e-10,True,,,48273.93009305421,0.00023768878775383694,1.1209824949868377,3.5146509396170402,27.32626103897977,0,,POINTWISE_SUPREMUM,2.424897214495585e-10,5.1905583437702487e-23,0.0,4.796359999978449,True,True,False,False,False,False,False,E02__U024__RIGHT_CONNECTOR__MINIMUM_CERTIFIED_OUTER_GAP,x13_t24,representative,plus,0.0020727560401734508,3.514650587354881,D4-deformed-contour-regular-away-W3-v51,checkpoint_5461_parent_v51_finite_cell
5463__x13_t25,5461_FINITE_PROJECTIVE_OWNER_CELL,E02,U024,MC04_SP_DP,B03,7,0,1,RIGHT_CONNECTOR,SIGN_DEFINITE_MONOTONE_PRINCIPAL_SQRT_RECTANGLE_WITH_PARENT_FALLBACK,0.8164260069262534,0.816684662629133,0.00178125,0.0018125,9,x13_t25__finite_projective_depth9,0.030860585379902373,2.424897214496104e-10,True,,,48438.03286114207,0.00023788075583466717,1.1209834453680931,3.5146509396170402,27.317484849606988,0,,POINTWISE_SUPREMUM,2.424897214495585e-10,5.1905583437702487e-23,0.0,4.881811700004619,True,True,False,False,False,False,False,E02__U024__RIGHT_CONNECTOR__MINIMUM_CERTIFIED_OUTER_GAP,x13_t25,representative,plus,0.002072910014374974,3.514650587354881,D4-deformed-contour-regular-away-W3-v51,checkpoint_5461_parent_v51_finite_cell
5463__x13_t26,5461_FINITE_PROJECTIVE_OWNER_CELL,E02,U024,MC04_SP_DP,B03,7,0,1,RIGHT_CONNECTOR,SIGN_DEFINITE_MONOTONE_PRINCIPAL_SQRT_RECTANGLE_WITH_PARENT_FALLBACK,0.8164260069262534,0.816684662629133,0.0018125,0.00184375,9,x13_t26__finite_projective_depth9,0.030860585379902373,2.424897214496104e-10,True,,,48603.47418630875,0.0002380768914491377,1.1209844131749995,3.5146509396170402,27.308583761188956,0,,POINTWISE_SUPREMUM,2.424897214495569e-10,5.350824587452398e-23,0.0,4.854819500003941,True,True,False,False,False,False,False,E02__U024__RIGHT_CONNECTOR__MINIMUM_CERTIFIED_OUTER_GAP,x13_t26,representative,plus,0.0020730667425908496,3.514650587354881,D4-deformed-contour-regular-away-W3-v51,checkpoint_5461_parent_v51_finite_cell
5463__x13_t27,5461_FINITE_PROJECTIVE_OWNER_CELL,E02,U024,MC04_SP_DP,B03,7,0,1,RIGHT_CONNECTOR,SIGN_DEFINITE_MONOTONE_PRINCIPAL_SQRT_RECTANGLE_WITH_PARENT_FALLBACK,0.8164260069262534,0.816684662629133,0.00184375,0.001875,9,x13_t27__finite_projective_depth9,0.030860585379902373,2.424897214496104e-10,True,,,48770.216073099036,0.00023827719068169646,1.1209853983908766,3.5146509396170402,27.299558079444868,0,,POINTWISE_SUPREMUM,2.424897214495585e-10,5.1905583437702487e-23,0.0,4.822349200025201,True,True,False,False,False,False,False,E02__U024__RIGHT_CONNECTOR__MINIMUM_CERTIFIED_OUTER_GAP,x13_t27,representative,plus,0.002073226224088596,3.514650587354881,D4-deformed-contour-regular-away-W3-v51,checkpoint_5461_parent_v51_finite_cell
5463__x13_t28,5461_FINITE_PROJECTIVE_OWNER_CELL,E02,U024,MC04_SP_DP,B03,7,0,1,RIGHT_CONNECTOR,SIGN_DEFINITE_MONOTONE_PRINCIPAL_SQRT_RECTANGLE_WITH_PARENT_FALLBACK,0.8164260069262534,0.816684662629133,0.001875,0.00190625,9,x13_t28__finite_projective_depth9,0.030860585379902373,2.424897214496104e-10,True,,,48938.22052906109,0.00023848306677231093,1.1209864009987658,3.5146509396170402,27.29040810725455,0,,POINTWISE_SUPREMUM,2.424897214495585e-10,5.1905583437702487e-23,0.0,4.776734500017483,True,True,False,False,False,False,False,E02__U024__RIGHT_CONNECTOR__MINIMUM_CERTIFIED_OUTER_GAP,x13_t28,representative,plus,0.002073388458122863,3.514650587354881,D4-deformed-contour-regular-away-W3-v51,checkpoint_5461_parent_v51_finite_cell
5463__x13_t29,5461_FINITE_PROJECTIVE_OWNER_CELL,E02,U024,MC04_SP_DP,B03,7,0,1,RIGHT_CONNECTOR,SIGN_DEFINITE_MONOTONE_PRINCIPAL_SQRT_RECTANGLE_WITH_PARENT_FALLBACK,0.8164260069262534,0.816684662629133,0.00190625,0.0019375,9,x13_t29__finite_projective_depth9,0.030860585379902373,2.424897214496104e-10,True,,,49107.449565943054,0.0002386942844089695,1.12098742098143,3.5146509396170402,27.28113415196957,0,,POINTWISE_SUPREMUM,2.424897214495585e-10,5.1905583437702487e-23,0.0,4.790753600012977,True,True,False,False,False,False,False,E02__U024__RIGHT_CONNECTOR__MINIMUM_CERTIFIED_OUTER_GAP,x13_t29,representative,plus,0.0020735534439354467,3.514650587354881,D4-deformed-contour-regular-away-W3-v51,checkpoint_5461_parent_v51_finite_cell
5463__x13_t30,5461_FINITE_PROJECTIVE_OWNER_CELL,E02,U024,MC04_SP_DP,B03,7,0,1,RIGHT_CONNECTOR,SIGN_DEFINITE_MONOTONE_PRINCIPAL_SQRT_RECTANGLE_WITH_PARENT_FALLBACK,0.8164260069262534,0.816684662629133,0.0019375,0.00196875,9,x13_t30__finite_projective_depth9,0.030860585379902373,2.424897214496104e-10,True,,,49277.86521336841,0.0002389120691448953,1.1209884583213547,3.5146509396170402,27.27173652539196,0,,POINTWISE_SUPREMUM,2.424897214495585e-10,5.1905583437702487e-23,0.0,4.951450799999293,True,True,False,False,False,False,False,E02__U024__RIGHT_CONNECTOR__MINIMUM_CERTIFIED_OUTER_GAP,x13_t30,representative,plus,0.002073721180755303,3.514650587354881,D4-deformed-contour-regular-away-W3-v51,checkpoint_5461_parent_v51_finite_cell
5463__x13_t31,5461_FINITE_PROJECTIVE_OWNER_CELL,E02,U024,MC04_SP_DP,B03,7,0,1,RIGHT_CONNECTOR,SIGN_DEFINITE_MONOTONE_PRINCIPAL_SQRT_RECTANGLE_WITH_PARENT_FALLBACK,0.8164260069262534,0.816684662629133,0.00196875,0.002,9,x13_t31__finite_projective_depth9,0.030860585379902373,2.424897214496104e-10,True,,,49449.42953204908,0.00023914166536449674,1.1209895130007497,3.5146509396170402,27.2622155437518,0,,POINTWISE_SUPREMUM,2.424897214495585e-10,5.1905583437702487e-23,0.0,4.997299299982842,True,True,False,False,False,False,False,E02__U024__RIGHT_CONNECTOR__MINIMUM_CERTIFIED_OUTER_GAP,x13_t31,representative,plus,0.0020738916677985617,3.514650587354881,D4-deformed-contour-regular-away-W3-v51,checkpoint_5461_parent_v51_finite_cell
5463__x14_t00,5461_FINITE_PROJECTIVE_OWNER_CELL,E02,U024,MC04_SP_DP,B03,7,0,1,RIGHT_CONNECTOR,SIGN_DEFINITE_MONOTONE_PRINCIPAL_SQRT_RECTANGLE_WITH_PARENT_FALLBACK,0.816684662629133,0.8169433183320125,0.001,0.00103125,9,x14_t00__finite_projective_depth9,0.030860585379902373,2.424897214496104e-10,True,,,58079.45143617225,0.00018218106854803916,1.120047592853909,3.517376500813784,26.7604852416652,0,,POINTWISE_SUPREMUM,2.424897214495585e-10,5.1905583437702487e-23,0.0,5.220674800046254,True,True,False,False,False,False,False,E02__U024__RIGHT_CONNECTOR__MINIMUM_CERTIFIED_OUTER_GAP,x14_t00,representative,plus,0.002041817439942552,3.517376148277394,D4-deformed-contour-regular-away-W3-v51,checkpoint_5461_parent_v51_finite_cell
5463__x14_t01,5461_FINITE_PROJECTIVE_OWNER_CELL,E02,U024,MC04_SP_DP,B03,7,0,1,RIGHT_CONNECTOR,SIGN_DEFINITE_MONOTONE_PRINCIPAL_SQRT_RECTANGLE_WITH_PARENT_FALLBACK,0.816684662629133,0.8169433183320125,0.00103125,0.0010625,9,x14_t01__finite_projective_depth9,0.030860585379902373,2.424897214496104e-10,True,,,58238.64932038945,0.00018227579221887663,1.1200481371124043,3.517376500813784,26.754552874241874,0,,POINTWISE_SUPREMUM,2.424897214495585e-10,5.1905583437702487e-23,0.0,5.390098999952897,True,True,False,False,False,False,False,E02__U024__RIGHT_CONNECTOR__MINIMUM_CERTIFIED_OUTER_GAP,x14_t01,representative,plus,0.002041906100439843,3.517376148277394,D4-deformed-contour-regular-away-W3-v51,checkpoint_5461_parent_v51_finite_cell
5463__x14_t02,5461_FINITE_PROJECTIVE_OWNER_CELL,E02,U024,MC04_SP_DP,B03,7,0,1,RIGHT_CONNECTOR,SIGN_DEFINITE_MONOTONE_PRINCIPAL_SQRT_RECTANGLE_WITH_PARENT_FALLBACK,0.816684662629133,0.8169433183320125,0.0010625,0.00109375,9,x14_t02__finite_projective_depth9,0.030860585379902373,2.424897214496104e-10,True,,,58400.83124214292,0.00018237489614197027,1.1200486996291987,3.517376500813784,26.748484329736304,0,,POINTWISE_SUPREMUM,2.424897214495585e-10,5.1905583437702487e-23,0.0,4.930679300043266,True,True,False,False,False,False,False,E02__U024__RIGHT_CONNECTOR__MINIMUM_CERTIFIED_OUTER_GAP,x14_t02,representative,plus,0.002041997559489539,3.517376148277394,D4-deformed-contour-regular-away-W3-v51,checkpoint_5461_parent_v51_finite_cell
5463__x14_t03,5461_FINITE_PROJECTIVE_OWNER_CELL,E02,U024,MC04_SP_DP,B03,7,0,1,RIGHT_CONNECTOR,SIGN_DEFINITE_MONOTONE_PRINCIPAL_SQRT_RECTANGLE_WITH_PARENT_FALLBACK,0.816684662629133,0.8169433183320125,0.00109375,0.0011250000000000001,9,x14_t03__finite_projective_depth9,0.030860585379902373,2.424897214496104e-10,True,,,58565.93659660018,0.00018247837801816074,1.1200492803939806,3.517376500813784,26.74227980666985,0,,POINTWISE_SUPREMUM,2.424897214495585e-10,5.1905583437702487e-23,0.0,5.328669800015632,True,True,False,False,False,False,False,E02__U024__RIGHT_CONNECTOR__MINIMUM_CERTIFIED_OUTER_GAP,x14_t03,representative,plus,0.0020420918166581363,3.517376148277394,D4-deformed-contour-regular-away-W3-v51,checkpoint_5461_parent_v51_finite_cell
5463__x14_t04,5461_FINITE_PROJECTIVE_OWNER_CELL,E02,U024,MC04_SP_DP,B03,7,0,1,RIGHT_CONNECTOR,SIGN_DEFINITE_MONOTONE_PRINCIPAL_SQRT_RECTANGLE_WITH_PARENT_FALLBACK,0.816684662629133,0.8169433183320125,0.0011250000000000001,0.00115625,9,x14_t04__finite_projective_depth9,0.030860585379902373,2.424897214496104e-10,True,,,58733.82208897909,0.00018258623546954403,1.1200498793961289,3.517376500813784,26.735939508831823,0,,POINTWISE_SUPREMUM,2.424897214495569e-10,5.350824587452398e-23,0.0,5.12850220000837,True,True,False,False,False,False,False,E02__U024__RIGHT_CONNECTOR__MINIMUM_CERTIFIED_OUTER_GAP,x14_t04,representative,plus,0.0020421888714985447,3.517376148277394,D4-deformed-contour-regular-away-W3-v51,checkpoint_5461_parent_v51_finite_cell
5463__x14_t05,5461_FINITE_PROJECTIVE_OWNER_CELL,E02,U024,MC04_SP_DP,B03,7,0,1,RIGHT_CONNECTOR,SIGN_DEFINITE_MONOTONE_PRINCIPAL_SQRT_RECTANGLE_WITH_PARENT_FALLBACK,0.816684662629133,0.8169433183320125,0.00115625,0.0011875,9,x14_t05__finite_projective_depth9,0.030860585379902373,2.424897214496104e-10,True,,,58904.44273036174,0.00018269846603957967,1.1200504966247138,3.517376500813784,26.72946364526434,0,,POINTWISE_SUPREMUM,2.424897214495585e-10,5.1905583437702487e-23,0.0,5.027374800003599,True,True,False,False,False,False,False,E02__U024__RIGHT_CONNECTOR__MINIMUM_CERTIFIED_OUTER_GAP,x14_t05,representative,plus,0.002042288723550096,3.517376148277394,D4-deformed-contour-regular-away-W3-v51,checkpoint_5461_parent_v51_finite_cell
5463__x14_t06,5461_FINITE_PROJECTIVE_OWNER_CELL,E02,U024,MC04_SP_DP,B03,7,0,1,RIGHT_CONNECTOR,SIGN_DEFINITE_MONOTONE_PRINCIPAL_SQRT_RECTANGLE_WITH_PARENT_FALLBACK,0.816684662629133,0.8169433183320125,0.0011875,0.00121875,9,x14_t06__finite_projective_depth9,0.030860585379902373,2.424897214496104e-10,True,,,59077.758136231765,0.00018281506719324691,1.120051132068498,3.517376500813784,26.72285243024764,0,,POINTWISE_SUPREMUM,2.424897214495585e-10,5.1905583437702487e-23,0.0,5.056317700014915,True,True,False,False,False,False,False,E02__U024__RIGHT_CONNECTOR__MINIMUM_CERTIFIED_OUTER_GAP,x14_t06,representative,plus,0.002042391372338556,3.517376148277394,D4-deformed-contour-regular-away-W3-v51,checkpoint_5461_parent_v51_finite_cell
5463__x14_t07,5461_FINITE_PROJECTIVE_OWNER_CELL,E02,U024,MC04_SP_DP,B03,7,0,1,RIGHT_CONNECTOR,SIGN_DEFINITE_MONOTONE_PRINCIPAL_SQRT_RECTANGLE_WITH_PARENT_FALLBACK,0.816684662629133,0.8169433183320125,0.00121875,0.00125,9,x14_t07__finite_projective_depth9,0.030860585379902373,2.424897214496104e-10,True,,,59253.7237476283,0.00018293603630725616,1.120051785715937,3.517376500813784,26.71610608328411,0,,POINTWISE_SUPREMUM,2.424897214495585e-10,5.1905583437702487e-23,0.0,5.249796099960804,True,True,False,False,False,False,False,E02__U024__RIGHT_CONNECTOR__MINIMUM_CERTIFIED_OUTER_GAP,x14_t07,representative,plus,0.0020424968173761325,3.517376148277394,D4-deformed-contour-regular-away-W3-v51,checkpoint_5461_parent_v51_finite_cell
5463__x14_t08,5461_FINITE_PROJECTIVE_OWNER_CELL,E02,U024,MC04_SP_DP,B03,7,0,1,RIGHT_CONNECTOR,SIGN_DEFINITE_MONOTONE_PRINCIPAL_SQRT_RECTANGLE_WITH_PARENT_FALLBACK,0.816684662629133,0.8169433183320125,0.00125,0.00128125,9,x14_t08__finite_projective_depth9,0.030860585379902373,2.424897214496104e-10,True,,,59432.28667723124,0.00018306137062399145,1.120052457555179,3.517376500813784,26.709224829082594,0,,POINTWISE_SUPREMUM,2.424897214495585e-10,5.1905583437702487e-23,0.0,4.9891630000201985,True,True,False,False,False,False,False,E02__U024__RIGHT_CONNECTOR__MINIMUM_CERTIFIED_OUTER_GAP,x14_t08,representative,plus,0.0020426050581614846,3.517376148277394,D4-deformed-contour-regular-away-W3-v51,checkpoint_5461_parent_v51_finite_cell
5463__x14_t09,5461_FINITE_PROJECTIVE_OWNER_CELL,E02,U024,MC04_SP_DP,B03,7,0,1,RIGHT_CONNECTOR,SIGN_DEFINITE_MONOTONE_PRINCIPAL_SQRT_RECTANGLE_WITH_PARENT_FALLBACK,0.816684662629133,0.8169433183320125,0.00128125,0.0013125,9,x14_t09__finite_projective_depth9,0.030860585379902373,2.424897214496104e-10,True,,,59613.45657745956,0.00018319106744972146,1.120053147574066,3.517376500813784,26.702208897542285,0,,POINTWISE_SUPREMUM,2.424897214495585e-10,5.1905583437702487e-23,0.0,4.927757000026759,True,True,False,False,False,False,False,E02__U024__RIGHT_CONNECTOR__MINIMUM_CERTIFIED_OUTER_GAP,x14_t09,representative,plus,0.0020427160941797356,3.517376148277394,D4-deformed-contour-regular-away-W3-v51,checkpoint_5461_parent_v51_finite_cell
5463__x14_t10,5461_FINITE_PROJECTIVE_OWNER_CELL,E02,U024,MC04_SP_DP,B03,7,0,1,RIGHT_CONNECTOR,SIGN_DEFINITE_MONOTONE_PRINCIPAL_SQRT_RECTANGLE_WITH_PARENT_FALLBACK,0.816684662629133,0.8169433183320125,0.0013125,0.00134375,9,x14_t10__finite_projective_depth9,0.030860585379902373,2.424897214496104e-10,True,,,59797.49109562395,0.0001833251239368172,1.1200538557601345,3.517376500813784,26.695058523735383,0,,POINTWISE_SUPREMUM,2.424897214495569e-10,5.350824587452398e-23,0.0,5.1568641000194475,True,True,False,False,False,False,False,E02__U024__RIGHT_CONNECTOR__MINIMUM_CERTIFIED_OUTER_GAP,x14_t10,representative,plus,0.0020428299249024796,3.517376148277394,D4-deformed-contour-regular-away-W3-v51,checkpoint_5461_parent_v51_finite_cell
5463__x14_t11,5461_FINITE_PROJECTIVE_OWNER_CELL,E02,U024,MC04_SP_DP,B03,7,0,1,RIGHT_CONNECTOR,SIGN_DEFINITE_MONOTONE_PRINCIPAL_SQRT_RECTANGLE_WITH_PARENT_FALLBACK,0.816684662629133,0.8169433183320125,0.00134375,0.001375,9,x14_t11__finite_projective_depth9,0.030860585379902373,2.424897214496104e-10,True,,,59983.99698384038,0.00018346353715989475,1.1200545821006158,3.517376500813784,26.687773947890808,0,,POINTWISE_SUPREMUM,2.424897214495585e-10,5.1905583437702487e-23,0.0,5.154570100014098,True,True,False,False,False,False,False,E02__U024__RIGHT_CONNECTOR__MINIMUM_CERTIFIED_OUTER_GAP,x14_t11,representative,plus,0.002042946549787796,3.517376148277394,D4-deformed-contour-regular-away-W3-v51,checkpoint_5461_parent_v51_finite_cell
5463__x14_t12,5461_FINITE_PROJECTIVE_OWNER_CELL,E02,U024,MC04_SP_DP,B03,7,0,1,RIGHT_CONNECTOR,SIGN_DEFINITE_MONOTONE_PRINCIPAL_SQRT_RECTANGLE_WITH_PARENT_FALLBACK,0.816684662629133,0.8169433183320125,0.001375,0.00140625,9,x14_t12__finite_projective_depth9,0.030860585379902373,2.424897214496104e-10,True,,,60172.9258137923,0.00018360630411593562,1.1200553265824367,3.517376500813784,26.680355415376507,0,,POINTWISE_SUPREMUM,2.424897214495585e-10,5.1905583437702487e-23,0.0,4.973193799960427,True,True,False,False,False,False,False,E02__U024__RIGHT_CONNECTOR__MINIMUM_CERTIFIED_OUTER_GAP,x14_t12,representative,plus,0.0020430659682802595,3.517376148277394,D4-deformed-contour-regular-away-W3-v51,checkpoint_5461_parent_v51_finite_cell
5463__x14_t13,5461_FINITE_PROJECTIVE_OWNER_CELL,E02,U024,MC04_SP_DP,B03,7,0,1,RIGHT_CONNECTOR,SIGN_DEFINITE_MONOTONE_PRINCIPAL_SQRT_RECTANGLE_WITH_PARENT_FALLBACK,0.816684662629133,0.8169433183320125,0.00140625,0.0014375,9,x14_t13__finite_projective_depth9,0.030860585379902373,2.424897214496104e-10,True,,,60364.22879188378,0.0001837534217244418,1.12005608919222,3.517376500813784,26.672803176681313,0,,POINTWISE_SUPREMUM,2.424897214495585e-10,5.1905583437702487e-23,0.0,5.0313715999946,True,True,False,False,False,False,False,E02__U024__RIGHT_CONNECTOR__MINIMUM_CERTIFIED_OUTER_GAP,x14_t13,representative,plus,0.00204318817981095,3.517376148277394,D4-deformed-contour-regular-away-W3-v51,checkpoint_5461_parent_v51_finite_cell
5463__x14_t14,5461_FINITE_PROJECTIVE_OWNER_CELL,E02,U024,MC04_SP_DP,B03,7,0,1,RIGHT_CONNECTOR,SIGN_DEFINITE_MONOTONE_PRINCIPAL_SQRT_RECTANGLE_WITH_PARENT_FALLBACK,0.816684662629133,0.8169433183320125,0.0014375,0.00146875,9,x14_t14__finite_projective_depth9,0.030860585379902373,2.424897214496104e-10,True,,,60557.85678798735,0.00018390488682760008,1.1200568699162854,3.517376500813784,26.66511748739699,0,,POINTWISE_SUPREMUM,2.424897214495585e-10,5.1905583437702487e-23,0.0,4.900585900002625,True,True,False,False,False,False,False,E02__U024__RIGHT_CONNECTOR__MINIMUM_CERTIFIED_OUTER_GAP,x14_t14,representative,plus,0.0020433131837974653,3.517376148277394,D4-deformed-contour-regular-away-W3-v51,checkpoint_5461_parent_v51_finite_cell
5463__x14_t15,5461_FINITE_PROJECTIVE_OWNER_CELL,E02,U024,MC04_SP_DP,B03,7,0,1,RIGHT_CONNECTOR,SIGN_DEFINITE_MONOTONE_PRINCIPAL_SQRT_RECTANGLE_WITH_PARENT_FALLBACK,0.816684662629133,0.8169433183320125,0.00146875,0.0015,9,x14_t15__finite_projective_depth9,0.030860585379902373,2.424897214496104e-10,True,,,60753.760363619214,0.0001840606961904694,1.12005766874065,3.517376500813784,26.657298608200044,0,,POINTWISE_SUPREMUM,2.424897214495585e-10,5.1905583437702487e-23,0.0,5.239860600035172,True,True,False,False,False,False,False,E02__U024__RIGHT_CONNECTOR__MINIMUM_CERTIFIED_OUTER_GAP,x14_t15,representative,plus,0.0020434409796439346,3.517376148277394,D4-deformed-contour-regular-away-W3-v51,checkpoint_5461_parent_v51_finite_cell
5463__x14_t16,5461_FINITE_PROJECTIVE_OWNER_CELL,E02,U024,MC04_SP_DP,B03,7,0,1,RIGHT_CONNECTOR,SIGN_DEFINITE_MONOTONE_PRINCIPAL_SQRT_RECTANGLE_WITH_PARENT_FALLBACK,0.816684662629133,0.8169433183320125,0.0015,0.00153125,9,x14_t16__finite_projective_depth9,0.030860585379902373,2.424897214496104e-10,True,,,60951.88979954019,0.00018422084650110936,1.120058485651029,3.517376500813784,26.6493468048322,0,,POINTWISE_SUPREMUM,2.424897214495585e-10,5.1905583437702487e-23,0.0,5.010408300033305,True,True,False,False,False,False,False,E02__U024__RIGHT_CONNECTOR__MINIMUM_CERTIFIED_OUTER_GAP,x14_t16,representative,plus,0.0020435715667410266,3.517376148277394,D4-deformed-contour-regular-away-W3-v51,checkpoint_5461_parent_v51_finite_cell
5463__x14_t17,5461_FINITE_PROJECTIVE_OWNER_CELL,E02,U024,MC04_SP_DP,B03,7,0,1,RIGHT_CONNECTOR,SIGN_DEFINITE_MONOTONE_PRINCIPAL_SQRT_RECTANGLE_WITH_PARENT_FALLBACK,0.816684662629133,0.8169433183320125,0.00153125,0.0015625,9,x14_t17__finite_projective_depth9,0.030860585379902373,2.424897214496104e-10,True,,,61152.19512273049,0.0001843853343707854,1.120059320632836,3.517376500813784,26.64126234808152,0,,POINTWISE_SUPREMUM,2.424897214495585e-10,5.1905583437702487e-23,0.0,4.890030000009574,True,True,False,False,False,False,False,E02__U024__RIGHT_CONNECTOR__MINIMUM_CERTIFIED_OUTER_GAP,x14_t17,representative,plus,0.0020437049444659685,3.517376148277394,D4-deformed-contour-regular-away-W3-v51,checkpoint_5461_parent_v51_finite_cell
5463__x14_t18,5461_FINITE_PROJECTIVE_OWNER_CELL,E02,U024,MC04_SP_DP,B03,7,0,1,RIGHT_CONNECTOR,SIGN_DEFINITE_MONOTONE_PRINCIPAL_SQRT_RECTANGLE_WITH_PARENT_FALLBACK,0.816684662629133,0.8169433183320125,0.0015625,0.0015937500000000001,9,x14_t18__finite_projective_depth9,0.030860585379902373,2.424897214496104e-10,True,,,61354.626132752855,0.00018455415633413273,1.1200601736711844,3.517376500813784,26.63304551376265,0,,POINTWISE_SUPREMUM,2.424897214495585e-10,5.1905583437702487e-23,0.0,5.051859500003047,True,True,False,False,False,False,False,E02__U024__RIGHT_CONNECTOR__MINIMUM_CERTIFIED_OUTER_GAP,x14_t18,representative,plus,0.0020438411121825512,3.517376148277394,D4-deformed-contour-regular-away-W3-v51,checkpoint_5461_parent_v51_finite_cell
5463__x14_t19,5461_FINITE_PROJECTIVE_OWNER_CELL,E02,U024,MC04_SP_DP,B03,7,0,1,RIGHT_CONNECTOR,SIGN_DEFINITE_MONOTONE_PRINCIPAL_SQRT_RECTANGLE_WITH_PARENT_FALLBACK,0.816684662629133,0.8169433183320125,0.0015937500000000001,0.0016250000000000001,9,x14_t19__finite_projective_depth9,0.030860585379902373,2.424897214496104e-10,True,,,61559.13244820999,0.000184727308849326,1.1200610447508874,3.517376500813784,26.62469658269679,0,,POINTWISE_SUPREMUM,2.424897214495585e-10,5.1905583437702487e-23,0.0,5.00607470003888,True,True,False,False,False,False,False,E02__U024__RIGHT_CONNECTOR__MINIMUM_CERTIFIED_OUTER_GAP,x14_t19,representative,plus,0.0020439800692411483,3.517376148277394,D4-deformed-contour-regular-away-W3-v51,checkpoint_5461_parent_v51_finite_cell
5463__x14_t20,5461_FINITE_PROJECTIVE_OWNER_CELL,E02,U024,MC04_SP_DP,B03,7,0,1,RIGHT_CONNECTOR,SIGN_DEFINITE_MONOTONE_PRINCIPAL_SQRT_RECTANGLE_WITH_PARENT_FALLBACK,0.816684662629133,0.8169433183320125,0.0016250000000000001,0.0016562500000000002,9,x14_t20__finite_projective_depth9,0.030860585379902373,2.424897214496104e-10,True,,,61765.66354341507,0.0001849047882982874,1.1200619338564592,3.517376500813784,26.616215840691492,0,,POINTWISE_SUPREMUM,2.424897214495585e-10,5.1905583437702487e-23,0.0,5.064081200049259,True,True,False,False,False,False,False,E02__U024__RIGHT_CONNECTOR__MINIMUM_CERTIFIED_OUTER_GAP,x14_t20,representative,plus,0.0020441218149787276,3.517376148277394,D4-deformed-contour-regular-away-W3-v51,checkpoint_5461_parent_v51_finite_cell
5463__x14_t21,5461_FINITE_PROJECTIVE_OWNER_CELL,E02,U024,MC04_SP_DP,B03,7,0,1,RIGHT_CONNECTOR,SIGN_DEFINITE_MONOTONE_PRINCIPAL_SQRT_RECTANGLE_WITH_PARENT_FALLBACK,0.816684662629133,0.8169433183320125,0.0016562500000000002,0.0016875,9,x14_t21__finite_projective_depth9,0.030860585379902373,2.424897214496104e-10,True,,,61974.16861844787,0.0001850865909868405,1.1200628409721154,3.517376500813784,26.607603578519672,0,,POINTWISE_SUPREMUM,2.424897214495569e-10,5.350824587452398e-23,0.0,5.217884299985599,True,True,False,False,False,False,False,E02__U024__RIGHT_CONNECTOR__MINIMUM_CERTIFIED_OUTER_GAP,x14_t21,representative,plus,0.0020442663487188623,3.517376148277394,D4-deformed-contour-regular-away-W3-v51,checkpoint_5461_parent_v51_finite_cell
5463__x14_t22,5461_FINITE_PROJECTIVE_OWNER_CELL,E02,U024,MC04_SP_DP,B03,7,0,1,RIGHT_CONNECTOR,SIGN_DEFINITE_MONOTONE_PRINCIPAL_SQRT_RECTANGLE_WITH_PARENT_FALLBACK,0.816684662629133,0.8169433183320125,0.0016875,0.00171875,9,x14_t22__finite_projective_depth9,0.030860585379902373,2.424897214496104e-10,True,,,62184.596812943295,0.00018527271314492646,1.120063766081774,3.517376500813784,26.598860091898892,0,,POINTWISE_SUPREMUM,2.424897214495585e-10,5.1905583437702487e-23,0.0,4.039158699975815,True,True,False,False,False,False,False,E02__U024__RIGHT_CONNECTOR__MINIMUM_CERTIFIED_OUTER_GAP,x14_t22,representative,plus,0.002044413669771749,3.517376148277394,D4-deformed-contour-regular-away-W3-v51,checkpoint_5461_parent_v51_finite_cell
5463__x14_t23,5461_FINITE_PROJECTIVE_OWNER_CELL,E02,U024,MC04_SP_DP,B03,7,0,1,RIGHT_CONNECTOR,SIGN_DEFINITE_MONOTONE_PRINCIPAL_SQRT_RECTANGLE_WITH_PARENT_FALLBACK,0.816684662629133,0.8169433183320125,0.00171875,0.00175,9,x14_t23__finite_projective_depth9,0.030860585379902373,2.424897214496104e-10,True,,,62396.8971622043,0.0001854631509267901,1.120064709169056,3.517376500813784,26.589985681469702,0,,POINTWISE_SUPREMUM,2.424897214495585e-10,5.1905583437702487e-23,0.0,4.344159799977206,True,True,False,False,False,False,False,E02__U024__RIGHT_CONNECTOR__MINIMUM_CERTIFIED_OUTER_GAP,x14_t23,representative,plus,0.0020445637774342195,3.517376148277394,D4-deformed-contour-regular-away-W3-v51,checkpoint_5461_parent_v51_finite_cell
5463__x14_t24,5461_FINITE_PROJECTIVE_OWNER_CELL,E02,U024,MC04_SP_DP,B03,7,0,1,RIGHT_CONNECTOR,SIGN_DEFINITE_MONOTONE_PRINCIPAL_SQRT_RECTANGLE_WITH_PARENT_FALLBACK,0.816684662629133,0.8169433183320125,0.00175,0.00178125,9,x14_t24__finite_projective_depth9,0.030860585379902373,2.424897214496104e-10,True,,,62611.01861866143,0.00018565790041117917,1.1200656702172862,3.517376500813784,26.580980652774,0,,POINTWISE_SUPREMUM,2.424897214495585e-10,5.1905583437702487e-23,0.0,3.9759553999756463,True,True,False,False,False,False,False,E02__U024__RIGHT_CONNECTOR__MINIMUM_CERTIFIED_OUTER_GAP,x14_t24,representative,plus,0.0020447166709897553,3.517376148277394,D4-deformed-contour-regular-away-W3-v51,checkpoint_5461_parent_v51_finite_cell
5463__x14_t25,5461_FINITE_PROJECTIVE_OWNER_CELL,E02,U024,MC04_SP_DP,B03,7,0,1,RIGHT_CONNECTOR,SIGN_DEFINITE_MONOTONE_PRINCIPAL_SQRT_RECTANGLE_WITH_PARENT_FALLBACK,0.816684662629133,0.8169433183320125,0.00178125,0.0018125,9,x14_t25__finite_projective_depth9,0.030860585379902373,2.424897214496104e-10,True,,,62826.91924038307,0.00018585695760153174,1.120066649209494,3.517376500813784,26.571845316232764,0,,POINTWISE_SUPREMUM,2.424897214495585e-10,5.1905583437702487e-23,0.0,3.9650929999770597,True,True,False,False,False,False,False,E02__U024__RIGHT_CONNECTOR__MINIMUM_CERTIFIED_OUTER_GAP,x14_t25,representative,plus,0.002044872349708503,3.517376148277394,D4-deformed-contour-regular-away-W3-v51,checkpoint_5461_parent_v51_finite_cell
5463__x14_t26,5461_FINITE_PROJECTIVE_OWNER_CELL,E02,U024,MC04_SP_DP,B03,7,0,1,RIGHT_CONNECTOR,SIGN_DEFINITE_MONOTONE_PRINCIPAL_SQRT_RECTANGLE_WITH_PARENT_FALLBACK,0.816684662629133,0.8169433183320125,0.0018125,0.00184375,9,x14_t26__finite_projective_depth9,0.030860585379902373,2.424897214496104e-10,True,,,63044.544019078596,0.00018606031842620537,1.1200676461284143,3.517376500813784,26.56257998712407,0,,POINTWISE_SUPREMUM,2.424897214495569e-10,5.350824587452398e-23,0.0,3.8437316000345163,True,True,False,False,False,False,False,E02__U024__RIGHT_CONNECTOR__MINIMUM_CERTIFIED_OUTER_GAP,x14_t26,representative,plus,0.00204503081284729,3.517376148277394,D4-deformed-contour-regular-away-W3-v51,checkpoint_5461_parent_v51_finite_cell
5463__x14_t27,5461_FINITE_PROJECTIVE_OWNER_CELL,E02,U024,MC04_SP_DP,B03,7,0,1,RIGHT_CONNECTOR,SIGN_DEFINITE_MONOTONE_PRINCIPAL_SQRT_RECTANGLE_WITH_PARENT_FALLBACK,0.816684662629133,0.8169433183320125,0.00184375,0.001875,9,x14_t27__finite_projective_depth9,0.030860585379902373,2.424897214496104e-10,True,,,63263.83701422283,0.00018626797873866062,1.1200686609564876,3.517376500813784,26.553184983590647,0,,POINTWISE_SUPREMUM,2.424897214495585e-10,5.1905583437702487e-23,0.0,3.62206750002224,True,True,False,False,False,False,False,E02__U024__RIGHT_CONNECTOR__MINIMUM_CERTIFIED_OUTER_GAP,x14_t27,representative,plus,0.0020451920596496363,3.517376148277394,D4-deformed-contour-regular-away-W3-v51,checkpoint_5461_parent_v51_finite_cell
5463__x14_t28,5461_FINITE_PROJECTIVE_OWNER_CELL,E02,U024,MC04_SP_DP,B03,7,0,1,RIGHT_CONNECTOR,SIGN_DEFINITE_MONOTONE_PRINCIPAL_SQRT_RECTANGLE_WITH_PARENT_FALLBACK,0.816684662629133,0.8169433183320125,0.001875,0.00190625,9,x14_t28__finite_projective_depth9,0.030860585379902373,2.424897214496104e-10,True,,,63484.74709731019,0.0001864799343176908,1.120069693675862,3.517376500813784,26.543660616431602,0,,POINTWISE_SUPREMUM,2.424897214495585e-10,5.1905583437702487e-23,0.0,4.161707799998112,True,True,False,False,False,False,False,E02__U024__RIGHT_CONNECTOR__MINIMUM_CERTIFIED_OUTER_GAP,x14_t28,representative,plus,0.0020453560893457763,3.517376148277394,D4-deformed-contour-regular-away-W3-v51,checkpoint_5461_parent_v51_finite_cell
5463__x14_t29,5461_FINITE_PROJECTIVE_OWNER_CELL,E02,U024,MC04_SP_DP,B03,7,0,1,RIGHT_CONNECTOR,SIGN_DEFINITE_MONOTONE_PRINCIPAL_SQRT_RECTANGLE_WITH_PARENT_FALLBACK,0.816684662629133,0.8169433183320125,0.00190625,0.0019375,9,x14_t29__finite_projective_depth9,0.030860585379902373,2.424897214496104e-10,True,,,63707.223088645245,0.00018669618086762725,1.1200707442683933,3.517376500813784,26.534007230842064,0,,POINTWISE_SUPREMUM,2.424897214495585e-10,5.1905583437702487e-23,0.0,3.6656247999635525,True,True,False,False,False,False,False,E02__U024__RIGHT_CONNECTOR__MINIMUM_CERTIFIED_OUTER_GAP,x14_t29,representative,plus,0.0020455229011526683,3.517376148277394,D4-deformed-contour-regular-away-W3-v51,checkpoint_5461_parent_v51_finite_cell
5463__x14_t30,5461_FINITE_PROJECTIVE_OWNER_CELL,E02,U024,MC04_SP_DP,B03,7,0,1,RIGHT_CONNECTOR,SIGN_DEFINITE_MONOTONE_PRINCIPAL_SQRT_RECTANGLE_WITH_PARENT_FALLBACK,0.816684662629133,0.8169433183320125,0.0019375,0.00196875,9,x14_t30__finite_projective_depth9,0.030860585379902373,2.424897214496104e-10,True,,,63931.2138831165,0.00018691692290859037,1.120071812715646,3.517376500813784,26.524225161295433,0,,POINTWISE_SUPREMUM,2.424897214495585e-10,5.1905583437702487e-23,0.0,3.743198499956634,True,True,False,False,False,False,False,E02__U024__RIGHT_CONNECTOR__MINIMUM_CERTIFIED_OUTER_GAP,x14_t30,representative,plus,0.002045692494274014,3.517376148277394,D4-deformed-contour-regular-away-W3-v51,checkpoint_5461_parent_v51_finite_cell
5463__x14_t31,5461_FINITE_PROJECTIVE_OWNER_CELL,E02,U024,MC04_SP_DP,B03,7,0,1,RIGHT_CONNECTOR,SIGN_DEFINITE_MONOTONE_PRINCIPAL_SQRT_RECTANGLE_WITH_PARENT_FALLBACK,0.816684662629133,0.8169433183320125,0.00196875,0.002,9,x14_t31__finite_projective_depth9,0.030860585379902373,2.424897214496104e-10,True,,,64156.668431242746,0.00018714545753221497,1.1200728989988937,3.517376500813784,26.514314747004896,0,,POINTWISE_SUPREMUM,2.424897214495585e-10,5.1905583437702487e-23,0.0,3.75384199997643,True,True,False,False,False,False,False,E02__U024__RIGHT_CONNECTOR__MINIMUM_CERTIFIED_OUTER_GAP,x14_t31,representative,plus,0.0020458648679002743,3.517376148277394,D4-deformed-contour-regular-away-W3-v51,checkpoint_5461_parent_v51_finite_cell
5463__x15_t00,5461_FINITE_PROJECTIVE_OWNER_CELL,E02,U024,MC04_SP_DP,B03,7,0,1,RIGHT_CONNECTOR,SIGN_DEFINITE_MONOTONE_PRINCIPAL_SQRT_RECTANGLE_WITH_PARENT_FALLBACK,0.8169433183320125,0.8172019740348921,0.001,0.00103125,9,x15_t00__finite_projective_depth9,0.030860585379902373,2.424897214496104e-10,True,,,75873.18064436148,0.00012979336070992082,1.119128842282028,3.52010763413516,26.000806164787196,0,,POINTWISE_SUPREMUM,2.424897214496626e-10,5.221577616740987e-23,5.221577616740987e-23,3.5931862999568693,True,True,False,False,False,False,False,E02__U024__RIGHT_CONNECTOR__MINIMUM_CERTIFIED_OUTER_GAP,x15_t00,representative,plus,0.0020138640839070243,3.520107281323976,D4-deformed-contour-regular-away-W3-v51,checkpoint_5461_parent_v51_finite_cell
5463__x15_t01,5461_FINITE_PROJECTIVE_OWNER_CELL,E02,U024,MC04_SP_DP,B03,7,0,1,RIGHT_CONNECTOR,SIGN_DEFINITE_MONOTONE_PRINCIPAL_SQRT_RECTANGLE_WITH_PARENT_FALLBACK,0.8169433183320125,0.8172019740348921,0.00103125,0.0010625,9,x15_t01__finite_projective_depth9,0.030860585379902373,2.424897214496104e-10,True,,,76084.00462091378,0.00012989201806762216,1.1191294035158352,3.52010763413516,25.99462919090572,0,,POINTWISE_SUPREMUM,2.424897214496626e-10,5.221577616740987e-23,5.221577616740987e-23,3.7418767000199296,True,True,False,False,False,False,False,E02__U024__RIGHT_CONNECTOR__MINIMUM_CERTIFIED_OUTER_GAP,x15_t01,representative,plus,0.002013953731944452,3.520107281323976,D4-deformed-contour-regular-away-W3-v51,checkpoint_5461_parent_v51_finite_cell
5463__x15_t02,5461_FINITE_PROJECTIVE_OWNER_CELL,E02,U024,MC04_SP_DP,B03,7,0,1,RIGHT_CONNECTOR,SIGN_DEFINITE_MONOTONE_PRINCIPAL_SQRT_RECTANGLE_WITH_PARENT_FALLBACK,0.8169433183320125,0.8172019740348921,0.0010625,0.00109375,9,x15_t02__finite_projective_depth9,0.030860585379902373,2.424897214496104e-10,True,,,76299.5726515601,0.00012999520190282038,1.119129983544679,3.52010763413516,25.98831018216751,0,,POINTWISE_SUPREMUM,2.424897214496626e-10,5.221577616740987e-23,5.221577616740987e-23,3.6786297999788076,True,True,False,False,False,False,False,E02__U024__RIGHT_CONNECTOR__MINIMUM_CERTIFIED_OUTER_GAP,x15_t02,representative,plus,0.002014046209993189,3.520107281323976,D4-deformed-contour-regular-away-W3-v51,checkpoint_5461_parent_v51_finite_cell
5463__x15_t03,5461_FINITE_PROJECTIVE_OWNER_CELL,E02,U024,MC04_SP_DP,B03,7,0,1,RIGHT_CONNECTOR,SIGN_DEFINITE_MONOTONE_PRINCIPAL_SQRT_RECTANGLE_WITH_PARENT_FALLBACK,0.8169433183320125,0.8172019740348921,0.00109375,0.0011250000000000001,9,x15_t03__finite_projective_depth9,0.030860585379902373,2.424897214496104e-10,True,,,76519.343793812,0.00013010290977586271,1.1191305823576931,3.52010763413516,25.981849351801145,0,,POINTWISE_SUPREMUM,2.424897214496626e-10,5.221577616740987e-23,5.221577616740987e-23,3.6628561999532394,True,True,False,False,False,False,False,E02__U024__RIGHT_CONNECTOR__MINIMUM_CERTIFIED_OUTER_GAP,x15_t03,representative,plus,0.0020141415176054326,3.520107281323976,D4-deformed-contour-regular-away-W3-v51,checkpoint_5461_parent_v51_finite_cell
5463__x15_t04,5461_FINITE_PROJECTIVE_OWNER_CELL,E02,U024,MC04_SP_DP,B03,7,0,1,RIGHT_CONNECTOR,SIGN_DEFINITE_MONOTONE_PRINCIPAL_SQRT_RECTANGLE_WITH_PARENT_FALLBACK,0.8169433183320125,0.8172019740348921,0.0011250000000000001,0.00115625,9,x15_t04__finite_projective_depth9,0.030860585379902373,2.424897214496104e-10,True,,,76742.77407614891,0.00013021513916377188,1.1191311999436862,3.52010763413516,25.97524691869373,0,,POINTWISE_SUPREMUM,2.4248972144966096e-10,5.0561414942303817e-23,5.0561414942303817e-23,3.4770368000026792,True,True,False,False,False,False,False,E02__U024__RIGHT_CONNECTOR__MINIMUM_CERTIFIED_OUTER_GAP,x15_t04,representative,plus,0.0020142396543193428,3.520107281323976,D4-deformed-contour-regular-away-W3-v51,checkpoint_5461_parent_v51_finite_cell
5463__x15_t05,5461_FINITE_PROJECTIVE_OWNER_CELL,E02,U024,MC04_SP_DP,B03,7,0,1,RIGHT_CONNECTOR,SIGN_DEFINITE_MONOTONE_PRINCIPAL_SQRT_RECTANGLE_WITH_PARENT_FALLBACK,0.8169433183320125,0.8172019740348921,0.00115625,0.0011875,9,x15_t05__finite_projective_depth9,0.030860585379902373,2.424897214496104e-10,True,,,76969.80272951318,0.00013033188746039008,1.1191318362911418,3.52010763413516,25.968503107374826,0,,POINTWISE_SUPREMUM,2.424897214496626e-10,5.221577616740987e-23,5.221577616740987e-23,3.798047099960968,True,True,False,False,False,False,False,E02__U024__RIGHT_CONNECTOR__MINIMUM_CERTIFIED_OUTER_GAP,x15_t05,representative,plus,0.002014340619659049,3.520107281323976,D4-deformed-contour-regular-away-W3-v51,checkpoint_5461_parent_v51_finite_cell
5463__x15_t06,5461_FINITE_PROJECTIVE_OWNER_CELL,E02,U024,MC04_SP_DP,B03,7,0,1,RIGHT_CONNECTOR,SIGN_DEFINITE_MONOTONE_PRINCIPAL_SQRT_RECTANGLE_WITH_PARENT_FALLBACK,0.8169433183320125,0.8172019740348921,0.0011875,0.00121875,9,x15_t06__finite_projective_depth9,0.030860585379902373,2.424897214496104e-10,True,,,77200.61436001965,0.00013045315197653825,1.11913249138822,3.52010763413516,25.96161814799976,0,,POINTWISE_SUPREMUM,2.424897214496626e-10,5.221577616740987e-23,5.221577616740987e-23,3.571666900010314,True,True,False,False,False,False,False,E02__U024__RIGHT_CONNECTOR__MINIMUM_CERTIFIED_OUTER_GAP,x15_t06,representative,plus,0.0020144444131346625,3.520107281323976,D4-deformed-contour-regular-away-W3-v51,checkpoint_5461_parent_v51_finite_cell
5463__x15_t07,5461_FINITE_PROJECTIVE_OWNER_CELL,E02,U024,MC04_SP_DP,B03,7,0,1,RIGHT_CONNECTOR,SIGN_DEFINITE_MONOTONE_PRINCIPAL_SQRT_RECTANGLE_WITH_PARENT_FALLBACK,0.8169433183320125,0.8172019740348921,0.00121875,0.00125,9,x15_t07__finite_projective_depth9,0.030860585379902373,2.424897214496104e-10,True,,,77434.97518432955,0.0001305789298793848,1.1191331652227565,3.52010763413516,25.954592276332313,0,,POINTWISE_SUPREMUM,2.424897214496626e-10,5.221577616740987e-23,5.221577616740987e-23,3.7783912000013515,True,True,False,False,False,False,False,E02__U024__RIGHT_CONNECTOR__MINIMUM_CERTIFIED_OUTER_GAP,x15_t07,representative,plus,0.0020145510342422846,3.520107281323976,D4-deformed-contour-regular-away-W3-v51,checkpoint_5461_parent_v51_finite_cell
5463__x15_t08,5461_FINITE_PROJECTIVE_OWNER_CELL,E02,U024,MC04_SP_DP,B03,7,0,1,RIGHT_CONNECTOR,SIGN_DEFINITE_MONOTONE_PRINCIPAL_SQRT_RECTANGLE_WITH_PARENT_FALLBACK,0.8169433183320125,0.8172019740348921,0.00125,0.00128125,9,x15_t08__finite_projective_depth9,0.030860585379902373,2.424897214496104e-10,True,,,77672.75874646385,0.00013070921834854653,1.1191338577822647,3.52010763413516,25.947425733727325,0,,POINTWISE_SUPREMUM,2.424897214496626e-10,5.221577616740987e-23,5.221577616740987e-23,3.692172200011555,True,True,False,False,False,False,False,E02__U024__RIGHT_CONNECTOR__MINIMUM_CERTIFIED_OUTER_GAP,x15_t08,representative,plus,0.0020146604824640185,3.520107281323976,D4-deformed-contour-regular-away-W3-v51,checkpoint_5461_parent_v51_finite_cell
5463__x15_t09,5461_FINITE_PROJECTIVE_OWNER_CELL,E02,U024,MC04_SP_DP,B03,7,0,1,RIGHT_CONNECTOR,SIGN_DEFINITE_MONOTONE_PRINCIPAL_SQRT_RECTANGLE_WITH_PARENT_FALLBACK,0.8169433183320125,0.8172019740348921,0.00128125,0.0013125,9,x15_t09__finite_projective_depth9,0.030860585379902373,2.424897214496104e-10,True,,,77913.90099369708,0.00013084401447293814,1.1191345690539354,3.52010763413516,25.94011876711257,0,,POINTWISE_SUPREMUM,2.424897214496626e-10,5.221577616740987e-23,5.221577616740987e-23,3.75441170000704,True,True,False,False,False,False,False,E02__U024__RIGHT_CONNECTOR__MINIMUM_CERTIFIED_OUTER_GAP,x15_t09,representative,plus,0.0020147727572679807,3.520107281323976,D4-deformed-contour-regular-away-W3-v51,checkpoint_5461_parent_v51_finite_cell
5463__x15_t10,5461_FINITE_PROJECTIVE_OWNER_CELL,E02,U024,MC04_SP_DP,B03,7,0,1,RIGHT_CONNECTOR,SIGN_DEFINITE_MONOTONE_PRINCIPAL_SQRT_RECTANGLE_WITH_PARENT_FALLBACK,0.8169433183320125,0.8172019740348921,0.0013125,0.00134375,9,x15_t10__finite_projective_depth9,0.030860585379902373,2.424897214496104e-10,True,,,78158.336036154,0.0001309833152327032,1.1191352990246375,3.52010763413516,25.93267162897026,0,,POINTWISE_SUPREMUM,2.4248972144966096e-10,5.0561414942303817e-23,5.0561414942303817e-23,3.6617549000075087,True,True,False,False,False,False,False,E02__U024__RIGHT_CONNECTOR__MINIMUM_CERTIFIED_OUTER_GAP,x15_t10,representative,plus,0.00201488785810831,3.520107281323976,D4-deformed-contour-regular-away-W3-v51,checkpoint_5461_parent_v51_finite_cell
5463__x15_t11,5461_FINITE_PROJECTIVE_OWNER_CELL,E02,U024,MC04_SP_DP,B03,7,0,1,RIGHT_CONNECTOR,SIGN_DEFINITE_MONOTONE_PRINCIPAL_SQRT_RECTANGLE_WITH_PARENT_FALLBACK,0.8169433183320125,0.8172019740348921,0.00134375,0.001375,9,x15_t11__finite_projective_depth9,0.030860585379902373,2.424897214496104e-10,True,,,78405.99834268936,0.00013112711752573966,1.1191360476809187,3.52010763413516,25.925084577318753,0,,POINTWISE_SUPREMUM,2.424897214496626e-10,5.221577616740987e-23,5.221577616740987e-23,3.66295780002838,True,True,False,False,False,False,False,E02__U024__RIGHT_CONNECTOR__MINIMUM_CERTIFIED_OUTER_GAP,x15_t11,representative,plus,0.002015005784425181,3.520107281323976,D4-deformed-contour-regular-away-W3-v51,checkpoint_5461_parent_v51_finite_cell
5463__x15_t12,5461_FINITE_PROJECTIVE_OWNER_CELL,E02,U024,MC04_SP_DP,B03,7,0,1,RIGHT_CONNECTOR,SIGN_DEFINITE_MONOTONE_PRINCIPAL_SQRT_RECTANGLE_WITH_PARENT_FALLBACK,0.8169433183320125,0.8172019740348921,0.001375,0.00140625,9,x15_t12__finite_projective_depth9,0.030860585379902373,2.424897214496104e-10,True,,,78656.8218603822,0.0001312754181678349,1.1191368150090066,3.52010763413516,25.917357875692666,0,,POINTWISE_SUPREMUM,2.424897214496626e-10,5.221577616740987e-23,5.221577616740987e-23,3.5948479999788105,True,True,False,False,False,False,False,E02__U024__RIGHT_CONNECTOR__MINIMUM_CERTIFIED_OUTER_GAP,x15_t12,representative,plus,0.002015126535644813,3.520107281323976,D4-deformed-contour-regular-away-W3-v51,checkpoint_5461_parent_v51_finite_cell
5463__x15_t13,5461_FINITE_PROJECTIVE_OWNER_CELL,E02,U024,MC04_SP_DP,B03,7,0,1,RIGHT_CONNECTOR,SIGN_DEFINITE_MONOTONE_PRINCIPAL_SQRT_RECTANGLE_WITH_PARENT_FALLBACK,0.8169433183320125,0.8172019740348921,0.00140625,0.0014375,9,x15_t13__finite_projective_depth9,0.030860585379902373,2.424897214496104e-10,True,,,78910.74005487774,0.0001314282138928436,1.1191376009948086,3.52010763413516,25.909491793123696,0,,POINTWISE_SUPREMUM,2.424897214496626e-10,5.221577616740987e-23,5.221577616740987e-23,3.6060371000203304,True,True,False,False,False,False,False,E02__U024__RIGHT_CONNECTOR__MINIMUM_CERTIFIED_OUTER_GAP,x15_t13,representative,plus,0.0020152501111794867,3.520107281323976,D4-deformed-contour-regular-away-W3-v51,checkpoint_5461_parent_v51_finite_cell
5463__x15_t14,5461_FINITE_PROJECTIVE_OWNER_CELL,E02,U024,MC04_SP_DP,B03,7,0,1,RIGHT_CONNECTOR,SIGN_DEFINITE_MONOTONE_PRINCIPAL_SQRT_RECTANGLE_WITH_PARENT_FALLBACK,0.8169433183320125,0.8172019740348921,0.0014375,0.00146875,9,x15_t14__finite_projective_depth9,0.030860585379902373,2.424897214496104e-10,True,,,79167.68595010212,0.00013158550135286751,1.1191384056239133,3.52010763413516,25.90148660412034,0,,POINTWISE_SUPREMUM,2.424897214496626e-10,5.221577616740987e-23,5.221577616740987e-23,3.651793800003361,True,True,False,False,False,False,False,E02__U024__RIGHT_CONNECTOR__MINIMUM_CERTIFIED_OUTER_GAP,x15_t14,representative,plus,0.002015376510427552,3.520107281323976,D4-deformed-contour-regular-away-W3-v51,checkpoint_5461_parent_v51_finite_cell
5463__x15_t15,5461_FINITE_PROJECTIVE_OWNER_CELL,E02,U024,MC04_SP_DP,B03,7,0,1,RIGHT_CONNECTOR,SIGN_DEFINITE_MONOTONE_PRINCIPAL_SQRT_RECTANGLE_WITH_PARENT_FALLBACK,0.8169433183320125,0.8172019740348921,0.00146875,0.0015,9,x15_t15__finite_projective_depth9,0.030860585379902373,2.424897214496104e-10,True,,,79427.59216663684,0.000131747277118434,1.1191392288815907,3.52010763413516,25.89334258864752,0,,POINTWISE_SUPREMUM,2.424897214496626e-10,5.221577616740987e-23,5.221577616740987e-23,3.73131000000285,True,True,False,False,False,False,False,E02__U024__RIGHT_CONNECTOR__MINIMUM_CERTIFIED_OUTER_GAP,x15_t15,representative,plus,0.0020155057327734425,3.520107281323976,D4-deformed-contour-regular-away-W3-v51,checkpoint_5461_parent_v51_finite_cell
5463__x15_t16,5461_FINITE_PROJECTIVE_OWNER_CELL,E02,U024,MC04_SP_DP,B03,7,0,1,RIGHT_CONNECTOR,SIGN_DEFINITE_MONOTONE_PRINCIPAL_SQRT_RECTANGLE_WITH_PARENT_FALLBACK,0.8169433183320125,0.8172019740348921,0.0015,0.00153125,9,x15_t16__finite_projective_depth9,0.030860585379902373,2.424897214496104e-10,True,,,79690.39095983142,0.00013191353767866594,1.1191400707527928,3.52010763413516,25.885060032105763,0,,POINTWISE_SUPREMUM,2.424897214496626e-10,5.221577616740987e-23,5.221577616740987e-23,4.050515099952463,True,True,False,False,False,False,False,E02__U024__RIGHT_CONNECTOR__MINIMUM_CERTIFIED_OUTER_GAP,x15_t16,representative,plus,0.0020156377775876876,3.520107281323976,D4-deformed-contour-regular-away-W3-v51,checkpoint_5461_parent_v51_finite_cell
5463__x15_t17,5461_FINITE_PROJECTIVE_OWNER_CELL,E02,U024,MC04_SP_DP,B03,7,0,1,RIGHT_CONNECTOR,SIGN_DEFINITE_MONOTONE_PRINCIPAL_SQRT_RECTANGLE_WITH_PARENT_FALLBACK,0.8169433183320125,0.8172019740348921,0.00153125,0.0015625,9,x15_t17__finite_projective_depth9,0.030860585379902373,2.424897214496104e-10,True,,,79956.01425694031,0.00013208427944149013,1.1191409312221552,3.52010763413516,25.87663922530992,0,,POINTWISE_SUPREMUM,2.424897214496626e-10,5.221577616740987e-23,5.221577616740987e-23,3.493207000021357,True,True,False,False,False,False,False,E02__U024__RIGHT_CONNECTOR__MINIMUM_CERTIFIED_OUTER_GAP,x15_t17,representative,plus,0.0020157726442269273,3.520107281323976,D4-deformed-contour-regular-away-W3-v51,checkpoint_5461_parent_v51_finite_cell
5463__x15_t18,5461_FINITE_PROJECTIVE_OWNER_CELL,E02,U024,MC04_SP_DP,B03,7,0,1,RIGHT_CONNECTOR,SIGN_DEFINITE_MONOTONE_PRINCIPAL_SQRT_RECTANGLE_WITH_PARENT_FALLBACK,0.8169433183320125,0.8172019740348921,0.0015625,0.0015937500000000001,9,x15_t18__finite_projective_depth9,0.030860585379902373,2.424897214496104e-10,True,,,80224.69225411987,0.0001322594987338054,1.1191418102739967,3.52010763413516,25.86808046446745,0,,POINTWISE_SUPREMUM,2.424897214496626e-10,5.221577616740987e-23,5.221577616740987e-23,3.590191000024788,True,True,False,False,False,False,False,E02__U024__RIGHT_CONNECTOR__MINIMUM_CERTIFIED_OUTER_GAP,x15_t18,representative,plus,0.0020159103320339248,3.520107281323976,D4-deformed-contour-regular-away-W3-v51,checkpoint_5461_parent_v51_finite_cell
5463__x15_t19,5461_FINITE_PROJECTIVE_OWNER_CELL,E02,U024,MC04_SP_DP,B03,7,0,1,RIGHT_CONNECTOR,SIGN_DEFINITE_MONOTONE_PRINCIPAL_SQRT_RECTANGLE_WITH_PARENT_FALLBACK,0.8169433183320125,0.8172019740348921,0.0015937500000000001,0.0016250000000000001,9,x15_t19__finite_projective_depth9,0.030860585379902373,2.424897214496104e-10,True,,,80496.32614073776,0.0001324391918016885,1.119142707892321,3.52010763413516,25.85938405115641,0,,POINTWISE_SUPREMUM,2.424897214496626e-10,5.221577616740987e-23,5.221577616740987e-23,3.460678100003861,True,True,False,False,False,False,False,E02__U024__RIGHT_CONNECTOR__MINIMUM_CERTIFIED_OUTER_GAP,x15_t19,representative,plus,0.00201605084033758,3.520107281323976,D4-deformed-contour-regular-away-W3-v51,checkpoint_5461_parent_v51_finite_cell
5463__x15_t20,5461_FINITE_PROJECTIVE_OWNER_CELL,E02,U024,MC04_SP_DP,B03,7,0,1,RIGHT_CONNECTOR,SIGN_DEFINITE_MONOTONE_PRINCIPAL_SQRT_RECTANGLE_WITH_PARENT_FALLBACK,0.8169433183320125,0.8172019740348921,0.0016250000000000001,0.0016562500000000002,9,x15_t20__finite_projective_depth9,0.030860585379902373,2.424897214496104e-10,True,,,80770.59842324596,0.00013262335481060647,1.1191436240608168,3.52010763413516,25.850550292303165,0,,POINTWISE_SUPREMUM,2.424897214496626e-10,5.221577616740987e-23,5.221577616740987e-23,3.7029785999911837,True,True,False,False,False,False,False,E02__U024__RIGHT_CONNECTOR__MINIMUM_CERTIFIED_OUTER_GAP,x15_t20,representative,plus,0.0020161941684529432,3.520107281323976,D4-deformed-contour-regular-away-W3-v51,checkpoint_5461_parent_v51_finite_cell
5463__x15_t21,5461_FINITE_PROJECTIVE_OWNER_CELL,E02,U024,MC04_SP_DP,B03,7,0,1,RIGHT_CONNECTOR,SIGN_DEFINITE_MONOTONE_PRINCIPAL_SQRT_RECTANGLE_WITH_PARENT_FALLBACK,0.8169433183320125,0.8172019740348921,0.0016562500000000002,0.0016875,9,x15_t21__finite_projective_depth9,0.030860585379902373,2.424897214496104e-10,True,,,81047.44007357629,0.00013281198384558441,1.119144558762859,3.52010763413516,25.84157950015927,0,,POINTWISE_SUPREMUM,2.4248972144966096e-10,5.0561414942303817e-23,5.0561414942303817e-23,3.5911573999910615,True,True,False,False,False,False,False,E02__U024__RIGHT_CONNECTOR__MINIMUM_CERTIFIED_OUTER_GAP,x15_t21,representative,plus,0.002016340315681231,3.520107281323976,D4-deformed-contour-regular-away-W3-v51,checkpoint_5461_parent_v51_finite_cell
5463__x15_t22,5461_FINITE_PROJECTIVE_OWNER_CELL,E02,U024,MC04_SP_DP,B03,7,0,1,RIGHT_CONNECTOR,SIGN_DEFINITE_MONOTONE_PRINCIPAL_SQRT_RECTANGLE_WITH_PARENT_FALLBACK,0.8169433183320125,0.8172019740348921,0.0016875,0.00171875,9,x15_t22__finite_projective_depth9,0.030860585379902373,2.424897214496104e-10,True,,,81326.78190494764,0.00013300507491144275,1.1191455119815092,3.52010763413516,25.832471992278503,0,,POINTWISE_SUPREMUM,2.424897214496626e-10,5.221577616740987e-23,5.221577616740987e-23,3.7692922000424005,True,True,False,False,False,False,False,E02__U024__RIGHT_CONNECTOR__MINIMUM_CERTIFIED_OUTER_GAP,x15_t22,representative,plus,0.002016489281309839,3.520107281323976,D4-deformed-contour-regular-away-W3-v51,checkpoint_5461_parent_v51_finite_cell
5463__x15_t23,5461_FINITE_PROJECTIVE_OWNER_CELL,E02,U024,MC04_SP_DP,B03,7,0,1,RIGHT_CONNECTOR,SIGN_DEFINITE_MONOTONE_PRINCIPAL_SQRT_RECTANGLE_WITH_PARENT_FALLBACK,0.8169433183320125,0.8172019740348921,0.00171875,0.00175,9,x15_t23__finite_projective_depth9,0.030860585379902373,2.424897214496104e-10,True,,,81608.55460513305,0.0001332026239329938,1.1191464836995169,3.52010763413516,25.823228091493093,0,,POINTWISE_SUPREMUM,2.424897214496626e-10,5.221577616740987e-23,5.221577616740987e-23,3.690293300023768,True,True,False,False,False,False,False,E02__U024__RIGHT_CONNECTOR__MINIMUM_CERTIFIED_OUTER_GAP,x15_t23,representative,plus,0.002016641064612359,3.520107281323976,D4-deformed-contour-regular-away-W3-v51,checkpoint_5461_parent_v51_finite_cell
5463__x15_t24,5461_FINITE_PROJECTIVE_OWNER_CELL,E02,U024,MC04_SP_DP,B03,7,0,1,RIGHT_CONNECTOR,SIGN_DEFINITE_MONOTONE_PRINCIPAL_SQRT_RECTANGLE_WITH_PARENT_FALLBACK,0.8169433183320125,0.8172019740348921,0.00175,0.00178125,9,x15_t24__finite_projective_depth9,0.030860585379902373,2.424897214496104e-10,True,,,81892.68876921594,0.0001334046267552709,1.1191474738993195,3.52010763413516,25.813848125890033,0,,POINTWISE_SUPREMUM,2.424897214496626e-10,5.221577616740987e-23,5.221577616740987e-23,3.9737544000381604,True,True,False,False,False,False,False,E02__U024__RIGHT_CONNECTOR__MINIMUM_CERTIFIED_OUTER_GAP,x15_t24,representative,plus,0.0020167956648485916,3.520107281323976,D4-deformed-contour-regular-away-W3-v51,checkpoint_5461_parent_v51_finite_cell
5463__x15_t25,5461_FINITE_PROJECTIVE_OWNER_CELL,E02,U024,MC04_SP_DP,B03,7,0,1,RIGHT_CONNECTOR,SIGN_DEFINITE_MONOTONE_PRINCIPAL_SQRT_RECTANGLE_WITH_PARENT_FALLBACK,0.8169433183320125,0.8172019740348921,0.00178125,0.0018125,9,x15_t25__finite_projective_depth9,0.030860585379902373,2.424897214496104e-10,True,,,82179.11492805004,0.0001336110791437099,1.1191484825630444,3.52010763413516,25.804332428786203,0,,POINTWISE_SUPREMUM,2.424897214496626e-10,5.221577616740987e-23,5.221577616740987e-23,3.6938138999976218,True,True,False,False,False,False,False,E02__U024__RIGHT_CONNECTOR__MINIMUM_CERTIFIED_OUTER_GAP,x15_t25,representative,plus,0.0020169530812645655,3.520107281323976,D4-deformed-contour-regular-away-W3-v51,checkpoint_5461_parent_v51_finite_cell
5463__x15_t26,5461_FINITE_PROJECTIVE_OWNER_CELL,E02,U024,MC04_SP_DP,B03,7,0,1,RIGHT_CONNECTOR,SIGN_DEFINITE_MONOTONE_PRINCIPAL_SQRT_RECTANGLE_WITH_PARENT_FALLBACK,0.8169433183320125,0.8172019740348921,0.0018125,0.00184375,9,x15_t26__finite_projective_depth9,0.030860585379902373,2.424897214496104e-10,True,,,82467.76357705766,0.00013382197678442364,1.119149509672509,3.52010763413516,25.794681338704308,0,,POINTWISE_SUPREMUM,2.4248972144966096e-10,5.0561414942303817e-23,5.0561414942303817e-23,4.1473636999726295,True,True,False,False,False,False,False,E02__U024__RIGHT_CONNECTOR__MINIMUM_CERTIFIED_OUTER_GAP,x15_t26,representative,plus,0.0020171133130925498,3.520107281323976,D4-deformed-contour-regular-away-W3-v51,checkpoint_5461_parent_v51_finite_cell
5463__x15_t27,5461_FINITE_PROJECTIVE_OWNER_CELL,E02,U024,MC04_SP_DP,B03,7,0,1,RIGHT_CONNECTOR,SIGN_DEFINITE_MONOTONE_PRINCIPAL_SQRT_RECTANGLE_WITH_PARENT_FALLBACK,0.8169433183320125,0.8172019740348921,0.00184375,0.001875,9,x15_t27__finite_projective_depth9,0.030860585379902373,2.424897214496104e-10,True,,,82758.56520412513,0.00013403731528439315,1.1191505552092218,3.52010763413516,25.784895199347236,0,,POINTWISE_SUPREMUM,2.424897214496626e-10,5.221577616740987e-23,5.221577616740987e-23,3.6172774000442587,True,True,False,False,False,False,False,E02__U024__RIGHT_CONNECTOR__MINIMUM_CERTIFIED_OUTER_GAP,x15_t27,representative,plus,0.0020172763595510705,3.520107281323976,D4-deformed-contour-regular-away-W3-v51,checkpoint_5461_parent_v51_finite_cell
5463__x15_t28,5461_FINITE_PROJECTIVE_OWNER_CELL,E02,U024,MC04_SP_DP,B03,7,0,1,RIGHT_CONNECTOR,SIGN_DEFINITE_MONOTONE_PRINCIPAL_SQRT_RECTANGLE_WITH_PARENT_FALLBACK,0.8169433183320125,0.8172019740348921,0.001875,0.00190625,9,x15_t28__finite_projective_depth9,0.030860585379902373,2.424897214496104e-10,True,,,83051.45031654891,0.0001342570901716773,1.1191516191543824,3.52010763413516,25.77497435957268,0,,POINTWISE_SUPREMUM,2.424897214496626e-10,5.221577616740987e-23,5.221577616740987e-23,4.3713739000377245,True,True,False,False,False,False,False,E02__U024__RIGHT_CONNECTOR__MINIMUM_CERTIFIED_OUTER_GAP,x15_t28,representative,plus,0.00201744221984493,3.520107281323976,D4-deformed-contour-regular-away-W3-v51,checkpoint_5461_parent_v51_finite_cell
5463__x15_t29,5461_FINITE_PROJECTIVE_OWNER_CELL,E02,U024,MC04_SP_DP,B03,7,0,1,RIGHT_CONNECTOR,SIGN_DEFINITE_MONOTONE_PRINCIPAL_SQRT_RECTANGLE_WITH_PARENT_FALLBACK,0.8169433183320125,0.8172019740348921,0.00190625,0.0019375,9,x15_t29__finite_projective_depth9,0.030860585379902373,2.424897214496104e-10,True,,,83346.3494670553,0.00013448129689572062,1.1191527014888847,3.52010763413516,25.764919173367744,0,,POINTWISE_SUPREMUM,2.424897214496626e-10,5.221577616740987e-23,5.221577616740987e-23,4.26362430001609,True,True,False,False,False,False,False,E02__U024__RIGHT_CONNECTOR__MINIMUM_CERTIFIED_OUTER_GAP,x15_t29,representative,plus,0.0020176108931652193,3.520107281323976,D4-deformed-contour-regular-away-W3-v51,checkpoint_5461_parent_v51_finite_cell
5463__x15_t30,5461_FINITE_PROJECTIVE_OWNER_CELL,E02,U024,MC04_SP_DP,B03,7,0,1,RIGHT_CONNECTOR,SIGN_DEFINITE_MONOTONE_PRINCIPAL_SQRT_RECTANGLE_WITH_PARENT_FALLBACK,0.8169433183320125,0.8172019740348921,0.0019375,0.00196875,9,x15_t30__finite_projective_depth9,0.030860585379902373,2.424897214496104e-10,True,,,83643.19330243631,0.00013470993082750056,1.1191538021933147,3.52010763413516,25.75472999258561,0,,POINTWISE_SUPREMUM,2.424897214496626e-10,5.221577616740987e-23,5.221577616740987e-23,4.357395400002133,True,True,False,False,False,False,False,E02__U024__RIGHT_CONNECTOR__MINIMUM_CERTIFIED_OUTER_GAP,x15_t30,representative,plus,0.002017782378689341,3.520107281323976,D4-deformed-contour-regular-away-W3-v51,checkpoint_5461_parent_v51_finite_cell
5463__x15_t31,5461_FINITE_PROJECTIVE_OWNER_CELL,E02,U024,MC04_SP_DP,B03,7,0,1,RIGHT_CONNECTOR,SIGN_DEFINITE_MONOTONE_PRINCIPAL_SQRT_RECTANGLE_WITH_PARENT_FALLBACK,0.8169433183320125,0.8172019740348921,0.00196875,0.002,9,x15_t31__finite_projective_depth9,0.030860585379902373,2.424897214496104e-10,True,,,83941.92987866145,0.00013494298725983433,1.1191549212479546,3.52010763413516,25.744407176881406,0,,POINTWISE_SUPREMUM,2.424897214496626e-10,5.221577616740987e-23,5.221577616740987e-23,4.209261800046079,True,True,False,False,False,False,False,E02__U024__RIGHT_CONNECTOR__MINIMUM_CERTIFIED_OUTER_GAP,x15_t31,representative,plus,0.002017956675581018,3.520107281323976,D4-deformed-contour-regular-away-W3-v51,checkpoint_5461_parent_v51_finite_cell
