smoke_job_id,selection_role,event_id,mapped_cell_id,term_id,branch_owner_id,epsilon_bin_index,epsilon_subdivision_index,epsilon_subdivision_count,path_segment,recoil_sheet_enclosure_method,x_lower,x_upper,t_lower,t_upper,refinement_depth,refinement_path,geometry_gap_abs_lower,geometry_physical_path_area_abs_upper,probe_passed,failure_type,failure_message,integrated_regular_path_abs_upper,minimum_amplitude_denominator_abs_lower,relative_root_abs_lower,selected_global_root_abs_lower,collision_jacobian_abs_lower,active_material_branch_count,active_material_branch_ids,path_integral_enclosure_method,reconstructed_physical_path_area_abs_upper,physical_path_area_absolute_error,physical_path_area_excess,runtime_seconds,event_principal_pole_owned_separately,valid_for_outer_parent_leaf_transplant_smoke,valid_for_full_outer_parent_leaf_enclosure,valid_for_full_event_cell_finite_cover,valid_for_D4_event_local_W3_bound,valid_for_all_operator_local_GR_claim,valid_for_full_MTS_claim,parent_target_job_id,projective_owner_cell_id,certified_configuration_roles,certified_owner_pivots,minimum_projective_owner_pivot_abs_lower,minimum_projective_unit_circle_abs_lower,parent_revision,certificate_source
5464__x00_t00,5461_FINITE_PROJECTIVE_OWNER_CELL,E02,U024,MC04_SP_DP,B03,7,0,1,TOP,SIGN_DEFINITE_MONOTONE_PRINCIPAL_SQRT_RECTANGLE_WITH_PARENT_FALLBACK,0.8005750717975868,0.8016097004774194,0.25,0.2578125,8,x00_t00__finite_projective_depth9,0.02991069219452639,4.749389340233421e-07,True,,,2285.880101355863,0.02410171894983109,1.1240184267304372,3.351701284659805,8.723082221788017,0,,POINTWISE_SUPREMUM,3.790429938768574e-07,9.589594014648471e-08,0.0,3.6891854000277817,True,True,False,False,False,False,False,E02__U024__TOP__MINIMUM_CERTIFIED_OUTER_GAP,x00_t00,representative,plus,0.09271327256820852,3.3517009468865426,D4-deformed-contour-regular-away-W3-v51,checkpoint_5461_parent_v51_finite_cell
5464__x00_t01,5461_FINITE_PROJECTIVE_OWNER_CELL,E02,U024,MC04_SP_DP,B03,7,0,1,TOP,SIGN_DEFINITE_MONOTONE_PRINCIPAL_SQRT_RECTANGLE_WITH_PARENT_FALLBACK,0.8005750717975868,0.8016097004774194,0.2578125,0.265625,8,x00_t01__finite_projective_depth9,0.02991069219452639,4.749389340233421e-07,True,,,2464.247209754752,0.023809343445906003,1.1240218726366311,3.351701284659805,8.641199088672758,0,,POINTWISE_SUPREMUM,3.790429938768574e-07,9.589594014648471e-08,0.0,3.5084193000220694,True,True,False,False,False,False,False,E02__U024__TOP__MINIMUM_CERTIFIED_OUTER_GAP,x00_t01,representative,plus,0.09215296425497173,3.3517009468865426,D4-deformed-contour-regular-away-W3-v51,checkpoint_5461_parent_v51_finite_cell
5464__x00_t02,5461_FINITE_PROJECTIVE_OWNER_CELL,E02,U024,MC04_SP_DP,B03,7,0,1,TOP,SIGN_DEFINITE_MONOTONE_PRINCIPAL_SQRT_RECTANGLE_WITH_PARENT_FALLBACK,0.8005750717975868,0.8016097004774194,0.265625,0.2734375,8,x00_t02__finite_projective_depth9,0.02991069219452639,4.749389340233421e-07,True,,,2657.8971976980865,0.02351705060051305,1.1240252428368904,3.351701284659805,8.557486018045521,0,,POINTWISE_SUPREMUM,3.790429938768574e-07,9.589594014648471e-08,0.0,3.4438739999895915,True,True,False,False,False,False,False,E02__U024__TOP__MINIMUM_CERTIFIED_OUTER_GAP,x00_t02,representative,plus,0.09159458693640966,3.3517009468865426,D4-deformed-contour-regular-away-W3-v51,checkpoint_5461_parent_v51_finite_cell
5464__x00_t03,5461_FINITE_PROJECTIVE_OWNER_CELL,E02,U024,MC04_SP_DP,B03,7,0,1,TOP,SIGN_DEFINITE_MONOTONE_PRINCIPAL_SQRT_RECTANGLE_WITH_PARENT_FALLBACK,0.8005750717975868,0.8016097004774194,0.2734375,0.28125,8,x00_t03__finite_projective_depth9,0.02991069219452639,4.749389340233421e-07,True,,,2868.3671480136873,0.02322486230833077,1.124028552913685,3.351701284659805,8.471928927171234,0,,POINTWISE_SUPREMUM,3.790429938768574e-07,9.589594014648471e-08,0.0,3.332856900000479,True,True,False,False,False,False,False,E02__U024__TOP__MINIMUM_CERTIFIED_OUTER_GAP,x00_t03,representative,plus,0.09103817948973052,3.3517009468865426,D4-deformed-contour-regular-away-W3-v51,checkpoint_5461_parent_v51_finite_cell
5464__x00_t04,5461_FINITE_PROJECTIVE_OWNER_CELL,E02,U024,MC04_SP_DP,B03,7,0,1,TOP,SIGN_DEFINITE_MONOTONE_PRINCIPAL_SQRT_RECTANGLE_WITH_PARENT_FALLBACK,0.8005750717975868,0.8016097004774194,0.28125,0.2890625,8,x00_t04__finite_projective_depth9,0.02991069219452639,4.749389340233421e-07,True,,,3097.819428164538,0.022932801983791006,1.1240318192166936,3.351701284659805,8.384515300297677,0,,POINTWISE_SUPREMUM,3.790429938768574e-07,9.589594014648471e-08,0.0,3.111789199989289,True,True,False,False,False,False,False,E02__U024__TOP__MINIMUM_CERTIFIED_OUTER_GAP,x00_t04,representative,plus,0.09048378168699751,3.3517009468865426,D4-deformed-contour-regular-away-W3-v51,checkpoint_5461_parent_v51_finite_cell
5464__x00_t05,5461_FINITE_PROJECTIVE_OWNER_CELL,E02,U024,MC04_SP_DP,B03,7,0,1,TOP,SIGN_DEFINITE_MONOTONE_PRINCIPAL_SQRT_RECTANGLE_WITH_PARENT_FALLBACK,0.8005750717975868,0.8016097004774194,0.2890625,0.296875,8,x00_t05__finite_projective_depth9,0.02991069219452639,4.749389340233421e-07,True,,,3349.0200890512797,0.02264089466722178,1.1240350588888763,3.351701284659805,8.29238188396075,0,,POINTWISE_SUPREMUM,3.790429938768574e-07,9.589594014648471e-08,0.0,3.192765799991321,True,True,False,False,False,False,False,E02__U024__TOP__MINIMUM_CERTIFIED_OUTER_GAP,x00_t05,representative,plus,0.0899314342159816,3.3517009468865426,D4-deformed-contour-regular-away-W3-v51,checkpoint_5461_parent_v51_finite_cell
5464__x00_t06,5461_FINITE_PROJECTIVE_OWNER_CELL,E02,U024,MC04_SP_DP,B03,7,0,1,TOP,SIGN_DEFINITE_MONOTONE_PRINCIPAL_SQRT_RECTANGLE_WITH_PARENT_FALLBACK,0.8005750717975868,0.8016097004774194,0.296875,0.3046875,8,x00_t06__finite_projective_depth9,0.02991069219452639,4.749389340233421e-07,True,,,3627.041285991675,0.022349167138804787,1.1240382898930363,3.351701284659805,8.18955286327292,0,,POINTWISE_SUPREMUM,3.790429938768574e-07,9.589594014648471e-08,0.0,3.435446899966337,True,True,False,False,False,False,False,E02__U024__TOP__MINIMUM_CERTIFIED_OUTER_GAP,x00_t06,representative,plus,0.08938117870135198,3.3517009468865426,D4-deformed-contour-regular-away-W3-v51,checkpoint_5461_parent_v51_finite_cell
5464__x00_t07,5461_FINITE_PROJECTIVE_OWNER_CELL,E02,U024,MC04_SP_DP,B03,7,0,1,TOP,SIGN_DEFINITE_MONOTONE_PRINCIPAL_SQRT_RECTANGLE_WITH_PARENT_FALLBACK,0.8005750717975868,0.8016097004774194,0.3046875,0.3125,8,x00_t07__finite_projective_depth9,0.02991069219452639,4.749389340233421e-07,True,,,3930.8053594820367,0.022057648040953847,1.1240415310388387,3.351701284659805,8.08442480878619,0,,POINTWISE_SUPREMUM,3.790429938768574e-07,9.589594014648471e-08,0.0,3.4212159999879077,True,True,False,False,False,False,False,E02__U024__TOP__MINIMUM_CERTIFIED_OUTER_GAP,x00_t07,representative,plus,0.08883305772619358,3.3517009468865426,D4-deformed-contour-regular-away-W3-v51,checkpoint_5461_parent_v51_finite_cell
5464__x00_t08,5461_FINITE_PROJECTIVE_OWNER_CELL,E02,U024,MC04_SP_DP,B03,7,0,1,TOP,SIGN_DEFINITE_MONOTONE_PRINCIPAL_SQRT_RECTANGLE_WITH_PARENT_FALLBACK,0.8005750717975868,0.8016097004774194,0.3125,0.3203125,8,x00_t08__finite_projective_depth9,0.02991069219452639,4.749389340233421e-07,True,,,4262.990647859707,0.02176636800977071,1.1240448020102691,3.351701284659805,7.976986758237027,0,,POINTWISE_SUPREMUM,3.790429938768574e-07,9.589594014648471e-08,0.0,3.805487399979029,True,True,False,False,False,False,False,E02__U024__TOP__MINIMUM_CERTIFIED_OUTER_GAP,x00_t08,representative,plus,0.0882871148538389,3.3517009468865426,D4-deformed-contour-regular-away-W3-v51,checkpoint_5461_parent_v51_finite_cell
5464__x00_t09,5461_FINITE_PROJECTIVE_OWNER_CELL,E02,U024,MC04_SP_DP,B03,7,0,1,TOP,SIGN_DEFINITE_MONOTONE_PRINCIPAL_SQRT_RECTANGLE_WITH_PARENT_FALLBACK,0.8005750717975868,0.8016097004774194,0.3203125,0.328125,8,x00_t09__finite_projective_depth9,0.02991069219452639,4.749389340233421e-07,True,,,4626.585360228775,0.02147535981628551,1.1240481233934927,3.351701284659805,7.867230417582741,0,,POINTWISE_SUPREMUM,3.790429938768574e-07,9.589594014648471e-08,0.0,3.456669499981217,True,True,False,False,False,False,False,E02__U024__TOP__MINIMUM_CERTIFIED_OUTER_GAP,x00_t09,representative,plus,0.08774339464999951,3.3517009468865426,D4-deformed-contour-regular-away-W3-v51,checkpoint_5461_parent_v51_finite_cell
5464__x00_t10,5461_FINITE_PROJECTIVE_OWNER_CELL,E02,U024,MC04_SP_DP,B03,7,0,1,TOP,SIGN_DEFINITE_MONOTONE_PRINCIPAL_SQRT_RECTANGLE_WITH_PARENT_FALLBACK,0.8005750717975868,0.8016097004774194,0.328125,0.3359375,8,x00_t10__finite_projective_depth9,0.02991069219452639,4.749389340233421e-07,True,,,5024.926933106174,0.021184658518242225,1.1240515167050824,3.351701284659805,7.755150382042518,0,,POINTWISE_SUPREMUM,3.790429938768574e-07,9.589594014648471e-08,0.0,2.9795992000144906,True,True,False,False,False,False,False,E02__U024__TOP__MINIMUM_CERTIFIED_OUTER_GAP,x00_t10,representative,plus,0.08720194270518034,3.3517009468865426,D4-deformed-contour-regular-away-W3-v51,checkpoint_5461_parent_v51_finite_cell
5464__x00_t11,5461_FINITE_PROJECTIVE_OWNER_CELL,E02,U024,MC04_SP_DP,B03,7,0,1,TOP,SIGN_DEFINITE_MONOTONE_PRINCIPAL_SQRT_RECTANGLE_WITH_PARENT_FALLBACK,0.8005750717975868,0.8016097004774194,0.3359375,0.34375,8,x00_t11__finite_projective_depth9,0.02991069219452639,4.749389340233421e-07,True,,,5461.746825381993,0.02089430162325084,1.1240550044205764,3.351701284659805,7.6407443680870015,0,,POINTWISE_SUPREMUM,3.790429938768574e-07,9.589594014648471e-08,0.0,3.0752975000068545,True,True,False,False,False,False,False,E02__U024__TOP__MINIMUM_CERTIFIED_OUTER_GAP,x00_t11,representative,plus,0.08666280565735754,3.3517009468865426,D4-deformed-contour-regular-away-W3-v51,checkpoint_5461_parent_v51_finite_cell
5464__x00_t12,5461_FINITE_PROJECTIVE_OWNER_CELL,E02,U024,MC04_SP_DP,B03,7,0,1,TOP,SIGN_DEFINITE_MONOTONE_PRINCIPAL_SQRT_RECTANGLE_WITH_PARENT_FALLBACK,0.8005750717975868,0.8016097004774194,0.34375,0.3515625,8,x00_t12__finite_projective_depth9,0.02991069219452639,4.749389340233421e-07,True,,,5941.221523273276,0.020604329264185508,1.124058610003315,3.351701284659805,7.524013456541117,0,,POINTWISE_SUPREMUM,3.790429938768574e-07,9.589594014648471e-08,0.0,3.2449562000110745,True,True,False,False,False,False,False,E02__U024__TOP__MINIMUM_CERTIFIED_OUTER_GAP,x00_t12,representative,plus,0.08612603121489798,3.3517009468865426,D4-deformed-contour-regular-away-W3-v51,checkpoint_5461_parent_v51_finite_cell
5464__x00_t13,5461_FINITE_PROJECTIVE_OWNER_CELL,E02,U024,MC04_SP_DP,B03,7,0,1,TOP,SIGN_DEFINITE_MONOTONE_PRINCIPAL_SQRT_RECTANGLE_WITH_PARENT_FALLBACK,0.8005750717975868,0.8016097004774194,0.3515625,0.359375,8,x00_t13__finite_projective_depth9,0.02991069219452639,4.749389340233421e-07,True,,,6468.03073616289,0.020314784387776428,1.1240623579335165,3.351701284659805,7.404962346925277,0,,POINTWISE_SUPREMUM,3.790429938768574e-07,9.589594014648471e-08,0.0,3.459061399975326,True,True,False,False,False,False,False,E02__U024__TOP__MINIMUM_CERTIFIED_OUTER_GAP,x00_t13,representative,plus,0.08559166817969574,3.3517009468865426,D4-deformed-contour-regular-away-W3-v51,checkpoint_5461_parent_v51_finite_cell
5464__x00_t14,5461_FINITE_PROJECTIVE_OWNER_CELL,E02,U024,MC04_SP_DP,B03,7,0,1,TOP,SIGN_DEFINITE_MONOTONE_PRINCIPAL_SQRT_RECTANGLE_WITH_PARENT_FALLBACK,0.8005750717975868,0.8016097004774194,0.359375,0.3671875,8,x00_t14__finite_projective_depth9,0.02991069219452639,4.749389340233421e-07,True,,,7047.4238510454215,0.020025712957407203,1.124066273737523,3.351701284659805,7.2835996231094775,0,,POINTWISE_SUPREMUM,3.790429938768574e-07,9.589594014648471e-08,0.0,3.20320739998715,True,True,False,False,False,False,False,E02__U024__TOP__MINIMUM_CERTIFIED_OUTER_GAP,x00_t14,representative,plus,0.08505976647049791,3.3517009468865426,D4-deformed-contour-regular-away-W3-v51,checkpoint_5461_parent_v51_finite_cell
5464__x00_t15,5461_FINITE_PROJECTIVE_OWNER_CELL,E02,U024,MC04_SP_DP,B03,7,0,1,TOP,SIGN_DEFINITE_MONOTONE_PRINCIPAL_SQRT_RECTANGLE_WITH_PARENT_FALLBACK,0.8005750717975868,0.8016097004774194,0.3671875,0.375,8,x00_t15__finite_projective_depth9,0.02991069219452639,4.749389340233421e-07,True,,,7685.295880694054,0.019737164171203924,1.1240703840171702,3.351701284659805,7.159938030301833,0,,POINTWISE_SUPREMUM,3.790429938768574e-07,9.589594014648471e-08,0.0,3.5622741000261158,True,True,False,False,False,False,False,E02__U024__TOP__MINIMUM_CERTIFIED_OUTER_GAP,x00_t15,representative,plus,0.084530377146389,3.3517009468865426,D4-deformed-contour-regular-away-W3-v51,checkpoint_5461_parent_v51_finite_cell
5464__x00_t16,5461_FINITE_PROJECTIVE_OWNER_CELL,E02,U024,MC04_SP_DP,B03,7,0,1,TOP,SIGN_DEFINITE_MONOTONE_PRINCIPAL_SQRT_RECTANGLE_WITH_PARENT_FALLBACK,0.8005750717975868,0.8016097004774194,0.375,0.3828125,8,x00_t16__finite_projective_depth9,0.02991069219452639,4.749389340233421e-07,True,,,8388.492194942015,0.019449190696568787,1.1240747164791967,3.351701284659805,7.033994763326559,0,,POINTWISE_SUPREMUM,3.790429938768574e-07,9.589594014648471e-08,0.0,3.190126200031955,True,True,False,False,False,False,False,E02__U024__TOP__MINIMUM_CERTIFIED_OUTER_GAP,x00_t16,representative,plus,0.0840035524303996,3.3517009468865426,D4-deformed-contour-regular-away-W3-v51,checkpoint_5461_parent_v51_finite_cell
5464__x00_t17,5461_FINITE_PROJECTIVE_OWNER_CELL,E02,U024,MC04_SP_DP,B03,7,0,1,TOP,SIGN_DEFINITE_MONOTONE_PRINCIPAL_SQRT_RECTANGLE_WITH_PARENT_FALLBACK,0.8005750717975868,0.8016097004774194,0.3828125,0.390625,8,x00_t17__finite_projective_depth9,0.02991069219452639,4.749389340233421e-07,True,,,9167.396979275902,0.019161848922390194,1.1240792999646345,3.351701284659805,6.905791766078267,0,,POINTWISE_SUPREMUM,3.790429938768574e-07,9.589594014648471e-08,0.0,3.237892400007695,True,True,False,False,False,False,False,E02__U024__TOP__MINIMUM_CERTIFIED_OUTER_GAP,x00_t17,representative,plus,0.08347934573320087,3.3517009468865426,D4-deformed-contour-regular-away-W3-v51,checkpoint_5461_parent_v51_finite_cell
5464__x00_t18,5461_FINITE_PROJECTIVE_OWNER_CELL,E02,U024,MC04_SP_DP,B03,7,0,1,TOP,SIGN_DEFINITE_MONOTONE_PRINCIPAL_SQRT_RECTANGLE_WITH_PARENT_FALLBACK,0.8005750717975868,0.8016097004774194,0.390625,0.3984375,8,x00_t18__finite_projective_depth9,0.02991069219452639,4.749389340233421e-07,True,,,10038.705243724136,0.018875199230229466,1.1240841644780866,3.351701284659805,6.775356041955963,0,,POINTWISE_SUPREMUM,3.790429938768574e-07,9.589594014648471e-08,0.0,3.24533419997897,True,True,False,False,False,False,False,E02__U024__TOP__MINIMUM_CERTIFIED_OUTER_GAP,x00_t18,representative,plus,0.08295781167684348,3.3517009468865426,D4-deformed-contour-regular-away-W3-v51,checkpoint_5461_parent_v51_finite_cell
5464__x00_t19,5461_FINITE_PROJECTIVE_OWNER_CELL,E02,U024,MC04_SP_DP,B03,7,0,1,TOP,SIGN_DEFINITE_MONOTONE_PRINCIPAL_SQRT_RECTANGLE_WITH_PARENT_FALLBACK,0.8005750717975868,0.8016097004774194,0.3984375,0.40625,8,x00_t19__finite_projective_depth9,0.02991069219452639,4.749389340233421e-07,True,,,11004.066045970938,0.018589306285857612,1.1240893412168118,3.351701284659805,6.642719974991172,0,,POINTWISE_SUPREMUM,3.790429938768574e-07,9.589594014648471e-08,0.0,3.2654581000097096,True,True,False,False,False,False,False,E02__U024__TOP__MINIMUM_CERTIFIED_OUTER_GAP,x00_t19,representative,plus,0.08243900611849447,3.3517009468865426,D4-deformed-contour-regular-away-W3-v51,checkpoint_5461_parent_v51_finite_cell
5464__x00_t20,5461_FINITE_PROJECTIVE_OWNER_CELL,E02,U024,MC04_SP_DP,B03,7,0,1,TOP,SIGN_DEFINITE_MONOTONE_PRINCIPAL_SQRT_RECTANGLE_WITH_PARENT_FALLBACK,0.8005750717975868,0.8016097004774194,0.40625,0.4140625,8,x00_t20__finite_projective_depth9,0.02991069219452639,4.749389340233421e-07,True,,,12074.440872876045,0.018304239352583192,1.1240948625995153,3.351701284659805,6.507921661284158,0,,POINTWISE_SUPREMUM,3.790429938768574e-07,9.589594014648471e-08,0.0,3.142445300007239,True,True,False,False,False,False,False,E02__U024__TOP__MINIMUM_CERTIFIED_OUTER_GAP,x00_t20,representative,plus,0.08192298617412122,3.3517009468865426,D4-deformed-contour-regular-away-W3-v51,checkpoint_5461_parent_v51_finite_cell
5464__x00_t21,5461_FINITE_PROJECTIVE_OWNER_CELL,E02,U024,MC04_SP_DP,B03,7,0,1,TOP,SIGN_DEFINITE_MONOTONE_PRINCIPAL_SQRT_RECTANGLE_WITH_PARENT_FALLBACK,0.8005750717975868,0.8016097004774194,0.4140625,0.421875,8,x00_t21__finite_projective_depth9,0.02991069219452639,4.749389340233421e-07,True,,,13263.703864187293,0.018020072627871246,1.1241007622947448,3.351701284659805,6.371005250249894,0,,POINTWISE_SUPREMUM,3.790429938768574e-07,9.589594014648471e-08,0.0,3.541272000002209,True,True,False,False,False,False,False,E02__U024__TOP__MINIMUM_CERTIFIED_OUTER_GAP,x00_t21,representative,plus,0.08140981024206705,3.3517009468865426,D4-deformed-contour-regular-away-W3-v51,checkpoint_5461_parent_v51_finite_cell
5464__x00_t22,5461_FINITE_PROJECTIVE_OWNER_CELL,E02,U024,MC04_SP_DP,B03,7,0,1,TOP,SIGN_DEFINITE_MONOTONE_PRINCIPAL_SQRT_RECTANGLE_WITH_PARENT_FALLBACK,0.8005750717975868,0.8016097004774194,0.421875,0.4296875,8,x00_t22__finite_projective_depth9,0.02991069219452639,4.749389340233421e-07,True,,,14587.941512356585,0.01773688560480504,1.124107075248776,3.351701284659805,6.232021295053072,0,,POINTWISE_SUPREMUM,3.790429938768574e-07,9.589594014648471e-08,0.0,3.8700640000170097,True,True,False,False,False,False,False,E02__U024__TOP__MINIMUM_CERTIFIED_OUTER_GAP,x00_t22,representative,plus,0.08089953802645815,3.3517009468865426,D4-deformed-contour-regular-away-W3-v51,checkpoint_5461_parent_v51_finite_cell
5464__x00_t23,5461_FINITE_PROJECTIVE_OWNER_CELL,E02,U024,MC04_SP_DP,B03,7,0,1,TOP,SIGN_DEFINITE_MONOTONE_PRINCIPAL_SQRT_RECTANGLE_WITH_PARENT_FALLBACK,0.8005750717975868,0.8016097004774194,0.4296875,0.4375,8,x00_t23__finite_projective_depth9,0.02991069219452639,4.749389340233421e-07,True,,,16064.027848705506,0.017454763459977436,1.1241138377128712,3.351701284659805,6.09102711147619,0,,POINTWISE_SUPREMUM,3.790429938768574e-07,9.589594014648471e-08,0.0,4.042419200006407,True,True,False,False,False,False,False,E02__U024__TOP__MINIMUM_CERTIFIED_OUTER_GAP,x00_t23,representative,plus,0.08039223056037537,3.3517009468865426,D4-deformed-contour-regular-away-W3-v51,checkpoint_5461_parent_v51_finite_cell
5464__x00_t24,5461_FINITE_PROJECTIVE_OWNER_CELL,E02,U024,MC04_SP_DP,B03,7,0,1,TOP,SIGN_DEFINITE_MONOTONE_PRINCIPAL_SQRT_RECTANGLE_WITH_PARENT_FALLBACK,0.8005750717975868,0.8016097004774194,0.4375,0.4453125,8,x00_t24__finite_projective_depth9,0.02991069219452639,4.749389340233421e-07,True,,,17746.54031110681,0.017173797469413346,1.1241210872697756,3.351701284659805,5.935961329218343,0,,POINTWISE_SUPREMUM,3.790429938768574e-07,9.589594014648471e-08,0.0,3.693559199979063,True,True,False,False,False,False,False,E02__U024__TOP__MINIMUM_CERTIFIED_OUTER_GAP,x00_t24,representative,plus,0.07988795022871939,3.3517009468865426,D4-deformed-contour-regular-away-W3-v51,checkpoint_5461_parent_v51_finite_cell
5464__x00_t25,5461_FINITE_PROJECTIVE_OWNER_CELL,E02,U024,MC04_SP_DP,B03,7,0,1,TOP,SIGN_DEFINITE_MONOTONE_PRINCIPAL_SQRT_RECTANGLE_WITH_PARENT_FALLBACK,0.8005750717975868,0.8016097004774194,0.4453125,0.453125,8,x00_t25__finite_projective_depth9,0.02991069219452639,4.749389340233421e-07,True,,,19649.9056810931,0.0168940854541141,1.1241288628593165,3.351701284659805,5.7730394970261765,0,,POINTWISE_SUPREMUM,3.790429938768574e-07,9.589594014648471e-08,0.0,3.7708763999980874,True,True,False,False,False,False,False,E02__U024__TOP__MINIMUM_CERTIFIED_OUTER_GAP,x00_t25,representative,plus,0.07938676079069168,3.3517009468865426,D4-deformed-contour-regular-away-W3-v51,checkpoint_5461_parent_v51_finite_cell
5464__x00_t26,5461_FINITE_PROJECTIVE_OWNER_CELL,E02,U024,MC04_SP_DP,B03,7,0,1,TOP,SIGN_DEFINITE_MONOTONE_PRINCIPAL_SQRT_RECTANGLE_WITH_PARENT_FALLBACK,0.8005750717975868,0.8016097004774194,0.453125,0.4609375,8,x00_t26__finite_projective_depth9,0.02991069219452639,4.749389340233421e-07,True,,,21789.752441963115,0.016615732256764756,1.1241372048029568,3.351701284659805,5.607480789599875,0,,POINTWISE_SUPREMUM,3.790429938768574e-07,9.589594014648471e-08,0.0,3.8801801000372507,True,True,False,False,False,False,False,E02__U024__TOP__MINIMUM_CERTIFIED_OUTER_GAP,x00_t26,representative,plus,0.07888872740180682,3.3517009468865426,D4-deformed-contour-regular-away-W3-v51,checkpoint_5461_parent_v51_finite_cell
5464__x00_t27,5461_FINITE_PROJECTIVE_OWNER_CELL,E02,U024,MC04_SP_DP,B03,7,0,1,TOP,SIGN_DEFINITE_MONOTONE_PRINCIPAL_SQRT_RECTANGLE_WITH_PARENT_FALLBACK,0.8005750717975868,0.8016097004774194,0.4609375,0.46875,8,x00_t27__finite_projective_depth9,0.02991069219452639,4.749389340233421e-07,True,,,24200.021434574104,0.016338849462827713,1.1241461548271403,3.351701284659805,5.439347604622849,0,,POINTWISE_SUPREMUM,3.790429938768574e-07,9.589594014648471e-08,0.0,4.0785756999976,True,True,False,False,False,False,False,E02__U024__TOP__MINIMUM_CERTIFIED_OUTER_GAP,x00_t27,representative,plus,0.07839391651724702,3.3517009468865426,D4-deformed-contour-regular-away-W3-v51,checkpoint_5461_parent_v51_finite_cell
5464__x00_t28,5461_FINITE_PROJECTIVE_OWNER_CELL,E02,U024,MC04_SP_DP,B03,7,0,1,TOP,SIGN_DEFINITE_MONOTONE_PRINCIPAL_SQRT_RECTANGLE_WITH_PARENT_FALLBACK,0.8005750717975868,0.8016097004774194,0.46875,0.4765625,8,x00_t28__finite_projective_depth9,0.02991069219452639,4.749389340233421e-07,True,,,26970.978033047064,0.01606355759283969,1.124155756085266,3.351701284659805,5.268711567912418,0,,POINTWISE_SUPREMUM,3.790429938768574e-07,9.589594014648471e-08,0.0,3.7000101000303403,True,True,False,False,False,False,False,E02__U024__TOP__MINIMUM_CERTIFIED_OUTER_GAP,x00_t28,representative,plus,0.07790239615988731,3.3517009468865426,D4-deformed-contour-regular-away-W3-v51,checkpoint_5461_parent_v51_finite_cell
5464__x00_t29,5461_FINITE_PROJECTIVE_OWNER_CELL,E02,U024,MC04_SP_DP,B03,7,0,1,TOP,SIGN_DEFINITE_MONOTONE_PRINCIPAL_SQRT_RECTANGLE_WITH_PARENT_FALLBACK,0.8005750717975868,0.8016097004774194,0.4765625,0.484375,8,x00_t29__finite_projective_depth9,0.02991069219452639,4.749389340233421e-07,True,,,30157.252964188792,0.0157899863980185,1.1241660531781104,3.351701284659805,5.095653747241608,0,,POINTWISE_SUPREMUM,3.790429938768574e-07,9.589594014648471e-08,0.0,3.602849500020966,True,True,False,False,False,False,False,E02__U024__TOP__MINIMUM_CERTIFIED_OUTER_GAP,x00_t29,representative,plus,0.07741423589767954,3.3517009468865426,D4-deformed-contour-regular-away-W3-v51,checkpoint_5461_parent_v51_finite_cell
5464__x00_t30,5461_FINITE_PROJECTIVE_OWNER_CELL,E02,U024,MC04_SP_DP,B03,7,0,1,TOP,SIGN_DEFINITE_MONOTONE_PRINCIPAL_SQRT_RECTANGLE_WITH_PARENT_FALLBACK,0.8005750717975868,0.8016097004774194,0.484375,0.4921875,8,x00_t30__finite_projective_depth9,0.02991069219452639,4.749389340233421e-07,True,,,33837.491196485615,0.01551827424415488,1.1241770921725092,3.351701284659805,4.920263997390741,0,,POINTWISE_SUPREMUM,3.790429938768574e-07,9.589594014648471e-08,0.0,3.5701261999784037,True,True,False,False,False,False,False,E02__U024__TOP__MINIMUM_CERTIFIED_OUTER_GAP,x00_t30,representative,plus,0.07692950667861888,3.3517009468865426,D4-deformed-contour-regular-away-W3-v51,checkpoint_5461_parent_v51_finite_cell
5464__x00_t31,5461_FINITE_PROJECTIVE_OWNER_CELL,E02,U024,MC04_SP_DP,B03,7,0,1,TOP,SIGN_DEFINITE_MONOTONE_PRINCIPAL_SQRT_RECTANGLE_WITH_PARENT_FALLBACK,0.8005750717975868,0.8016097004774194,0.4921875,0.5,8,x00_t31__finite_projective_depth9,0.02991069219452639,4.749389340233421e-07,True,,,38167.72241371486,0.01524856941330756,1.1241889206181035,3.351701284659805,4.742641975285381,0,,POINTWISE_SUPREMUM,3.790429938768574e-07,9.589594014648471e-08,0.0,3.6901299000019208,True,True,False,False,False,False,False,E02__U024__TOP__MINIMUM_CERTIFIED_OUTER_GAP,x00_t31,representative,plus,0.07644828094662712,3.3517009468865426,D4-deformed-contour-regular-away-W3-v51,checkpoint_5461_parent_v51_finite_cell
5464__x01_t00,5461_FINITE_PROJECTIVE_OWNER_CELL,E02,U024,MC04_SP_DP,B03,7,0,1,TOP,SIGN_DEFINITE_MONOTONE_PRINCIPAL_SQRT_RECTANGLE_WITH_PARENT_FALLBACK,0.8016097004774194,0.802644329157252,0.25,0.2578125,8,x01_t00__finite_projective_depth9,0.02991069219452639,4.749389340233421e-07,True,,,2415.95490859311,0.02403862521853622,1.1206516765380834,3.361348741750359,8.743223486132328,0,,POINTWISE_SUPREMUM,3.8019665757606676e-07,9.474227644727534e-08,0.0,3.555518499983009,True,True,False,False,False,False,False,E02__U024__TOP__MINIMUM_CERTIFIED_OUTER_GAP,x01_t00,representative,plus,0.09262829290292753,3.3613484029909824,D4-deformed-contour-regular-away-W3-v51,checkpoint_5461_parent_v51_finite_cell
5464__x01_t01,5461_FINITE_PROJECTIVE_OWNER_CELL,E02,U024,MC04_SP_DP,B03,7,0,1,TOP,SIGN_DEFINITE_MONOTONE_PRINCIPAL_SQRT_RECTANGLE_WITH_PARENT_FALLBACK,0.8016097004774194,0.802644329157252,0.2578125,0.265625,8,x01_t01__finite_projective_depth9,0.02991069219452639,4.749389340233421e-07,True,,,2608.4631271007042,0.02374540544998972,1.1206549797180472,3.361348741750359,8.660372374816202,0,,POINTWISE_SUPREMUM,3.8019665757606676e-07,9.474227644727534e-08,0.0,3.5621524999733083,True,True,False,False,False,False,False,E02__U024__TOP__MINIMUM_CERTIFIED_OUTER_GAP,x01_t01,representative,plus,0.0920664507818292,3.3613484029909824,D4-deformed-contour-regular-away-W3-v51,checkpoint_5461_parent_v51_finite_cell
5464__x01_t02,5461_FINITE_PROJECTIVE_OWNER_CELL,E02,U024,MC04_SP_DP,B03,7,0,1,TOP,SIGN_DEFINITE_MONOTONE_PRINCIPAL_SQRT_RECTANGLE_WITH_PARENT_FALLBACK,0.8016097004774194,0.802644329157252,0.265625,0.2734375,8,x01_t02__finite_projective_depth9,0.02991069219452639,4.749389340233421e-07,True,,,2817.972188991937,0.023452268632756998,1.1206582054959338,3.361348741750359,8.575667895135007,0,,POINTWISE_SUPREMUM,3.8019665757606676e-07,9.474227644727534e-08,0.0,3.708477000007406,True,True,False,False,False,False,False,E02__U024__TOP__MINIMUM_CERTIFIED_OUTER_GAP,x01_t02,representative,plus,0.09150654675669549,3.3613484029909824,D4-deformed-contour-regular-away-W3-v51,checkpoint_5461_parent_v51_finite_cell
5464__x01_t03,5461_FINITE_PROJECTIVE_OWNER_CELL,E02,U024,MC04_SP_DP,B03,7,0,1,TOP,SIGN_DEFINITE_MONOTONE_PRINCIPAL_SQRT_RECTANGLE_WITH_PARENT_FALLBACK,0.8016097004774194,0.802644329157252,0.2734375,0.28125,8,x01_t03__finite_projective_depth9,0.02991069219452639,4.749389340233421e-07,True,,,3045.824662962686,0.023159236893485254,1.120661369494897,3.361348741750359,8.489095762980405,0,,POINTWISE_SUPREMUM,3.8019665757606676e-07,9.474227644727534e-08,0.0,3.171756300027482,True,True,False,False,False,False,False,E02__U024__TOP__MINIMUM_CERTIFIED_OUTER_GAP,x01_t03,representative,plus,0.09094861991779529,3.3613484029909824,D4-deformed-contour-regular-away-W3-v51,checkpoint_5461_parent_v51_finite_cell
5464__x01_t04,5461_FINITE_PROJECTIVE_OWNER_CELL,E02,U024,MC04_SP_DP,B03,7,0,1,TOP,SIGN_DEFINITE_MONOTONE_PRINCIPAL_SQRT_RECTANGLE_WITH_PARENT_FALLBACK,0.8016097004774194,0.802644329157252,0.28125,0.2890625,8,x01_t04__finite_projective_depth9,0.02991069219452639,4.749389340233421e-07,True,,,3293.800134498567,0.022866333902742463,1.120664488110425,3.361348741750359,8.400643290066355,0,,POINTWISE_SUPREMUM,3.8019665757606676e-07,9.474227644727534e-08,0.0,3.2679385999799706,True,True,False,False,False,False,False,E02__U024__TOP__MINIMUM_CERTIFIED_OUTER_GAP,x01_t04,representative,plus,0.09039271025805358,3.3613484029909824,D4-deformed-contour-regular-away-W3-v51,checkpoint_5461_parent_v51_finite_cell
5464__x01_t05,5461_FINITE_PROJECTIVE_OWNER_CELL,E02,U024,MC04_SP_DP,B03,7,0,1,TOP,SIGN_DEFINITE_MONOTONE_PRINCIPAL_SQRT_RECTANGLE_WITH_PARENT_FALLBACK,0.8016097004774194,0.802644329157252,0.2890625,0.296875,8,x01_t05__finite_projective_depth9,0.02991069219452639,4.749389340233421e-07,True,,,3565.4353298764254,0.02257358498345373,1.1206675785367086,3.361348741750359,8.306646574817345,0,,POINTWISE_SUPREMUM,3.8019665757606676e-07,9.474227644727534e-08,0.0,3.347349200048484,True,True,False,False,False,False,False,E02__U024__TOP__MINIMUM_CERTIFIED_OUTER_GAP,x01_t05,representative,plus,0.0898388586941946,3.3613484029909824,D4-deformed-contour-regular-away-W3-v51,checkpoint_5461_parent_v51_finite_cell
5464__x01_t06,5461_FINITE_PROJECTIVE_OWNER_CELL,E02,U024,MC04_SP_DP,B03,7,0,1,TOP,SIGN_DEFINITE_MONOTONE_PRINCIPAL_SQRT_RECTANGLE_WITH_PARENT_FALLBACK,0.8016097004774194,0.802644329157252,0.296875,0.3046875,8,x01_t06__finite_projective_depth9,0.02991069219452639,4.749389340233421e-07,True,,,3865.4986478249075,0.022281017227370588,1.120670658793509,3.361348741750359,8.202559241927114,0,,POINTWISE_SUPREMUM,3.8019665757606676e-07,9.474227644727534e-08,0.0,3.326474400004372,True,True,False,False,False,False,False,E02__U024__TOP__MINIMUM_CERTIFIED_OUTER_GAP,x01_t06,representative,plus,0.08928710708823175,3.3613484029909824,D4-deformed-contour-regular-away-W3-v51,checkpoint_5461_parent_v51_finite_cell
5464__x01_t07,5461_FINITE_PROJECTIVE_OWNER_CELL,E02,U024,MC04_SP_DP,B03,7,0,1,TOP,SIGN_DEFINITE_MONOTONE_PRINCIPAL_SQRT_RECTANGLE_WITH_PARENT_FALLBACK,0.8016097004774194,0.802644329157252,0.3046875,0.3125,8,x01_t07__finite_projective_depth9,0.02991069219452639,4.749389340233421e-07,True,,,4193.5736035651735,0.02198865962020294,1.1206737477534967,3.361348741750359,8.09614218189909,0,,POINTWISE_SUPREMUM,3.8019665757606676e-07,9.474227644727534e-08,0.0,3.126820499950554,True,True,False,False,False,False,False,E02__U024__TOP__MINIMUM_CERTIFIED_OUTER_GAP,x01_t07,representative,plus,0.08873749826929435,3.3613484029909824,D4-deformed-contour-regular-away-W3-v51,checkpoint_5461_parent_v51_finite_cell
5464__x01_t08,5461_FINITE_PROJECTIVE_OWNER_CELL,E02,U024,MC04_SP_DP,B03,7,0,1,TOP,SIGN_DEFINITE_MONOTONE_PRINCIPAL_SQRT_RECTANGLE_WITH_PARENT_FALLBACK,0.8016097004774194,0.802644329157252,0.3125,0.3203125,8,x01_t08__finite_projective_depth9,0.02991069219452639,4.749389340233421e-07,True,,,4553.3732731011105,0.021696543176092438,1.120676865170039,3.361348741750359,7.987384288188267,0,,POINTWISE_SUPREMUM,3.8019665757606676e-07,9.474227644727534e-08,0.0,3.4487581999856047,True,True,False,False,False,False,False,E02__U024__TOP__MINIMUM_CERTIFIED_OUTER_GAP,x01_t08,representative,plus,0.08819007605577805,3.3613484029909824,D4-deformed-contour-regular-away-W3-v51,checkpoint_5461_parent_v51_finite_cell
5464__x01_t09,5461_FINITE_PROJECTIVE_OWNER_CELL,E02,U024,MC04_SP_DP,B03,7,0,1,TOP,SIGN_DEFINITE_MONOTONE_PRINCIPAL_SQRT_RECTANGLE_WITH_PARENT_FALLBACK,0.8016097004774194,0.802644329157252,0.3203125,0.328125,8,x01_t09__finite_projective_depth9,0.02991069219452639,4.749389340233421e-07,True,,,4947.8118227864825,0.02140470108216126,1.1206800317054002,3.361348741750359,7.876277174548734,0,,POINTWISE_SUPREMUM,3.8019665757606676e-07,9.474227644727534e-08,0.0,3.432454099995084,True,True,False,False,False,False,False,E02__U024__TOP__MINIMUM_CERTIFIED_OUTER_GAP,x01_t09,representative,plus,0.08764488527780485,3.3613484029909824,D4-deformed-contour-regular-away-W3-v51,checkpoint_5461_parent_v51_finite_cell
5464__x01_t10,5461_FINITE_PROJECTIVE_OWNER_CELL,E02,U024,MC04_SP_DP,B03,7,0,1,TOP,SIGN_DEFINITE_MONOTONE_PRINCIPAL_SQRT_RECTANGLE_WITH_PARENT_FALLBACK,0.8016097004774194,0.802644329157252,0.328125,0.3359375,8,x01_t10__finite_projective_depth9,0.02991069219452639,4.749389340233421e-07,True,,,5380.316499889714,0.021113168853925002,1.1206832689593222,3.361348741750359,7.762815401073874,0,,POINTWISE_SUPREMUM,3.8019665757606676e-07,9.474227644727534e-08,0.0,3.2426892000366934,True,True,False,False,False,False,False,E02__U024__TOP__MINIMUM_CERTIFIED_OUTER_GAP,x01_t10,representative,plus,0.08710197179997534,3.3613484029909824,D4-deformed-contour-regular-away-W3-v51,checkpoint_5461_parent_v51_finite_cell
5464__x01_t11,5461_FINITE_PROJECTIVE_OWNER_CELL,E02,U024,MC04_SP_DP,B03,7,0,1,TOP,SIGN_DEFINITE_MONOTONE_PRINCIPAL_SQRT_RECTANGLE_WITH_PARENT_FALLBACK,0.8016097004774194,0.802644329157252,0.3359375,0.34375,8,x01_t11__finite_projective_depth9,0.02991069219452639,4.749389340233421e-07,True,,,5855.007150263884,0.020821984502421995,1.1206865994979431,3.361348741750359,7.646996711480582,0,,POINTWISE_SUPREMUM,3.8019665757606676e-07,9.474227644727534e-08,0.0,3.4853880000300705,True,True,False,False,False,False,False,E02__U024__TOP__MINIMUM_CERTIFIED_OUTER_GAP,x01_t11,representative,plus,0.08656138254439429,3.3613484029909824,D4-deformed-contour-regular-away-W3-v51,checkpoint_5461_parent_v51_finite_cell
5464__x01_t12,5461_FINITE_PROJECTIVE_OWNER_CELL,E02,U024,MC04_SP_DP,B03,7,0,1,TOP,SIGN_DEFINITE_MONOTONE_PRINCIPAL_SQRT_RECTANGLE_WITH_PARENT_FALLBACK,0.8016097004774194,0.802644329157252,0.34375,0.3515625,8,x01_t12__finite_projective_depth9,0.02991069219452639,4.749389340233421e-07,True,,,6376.498806525256,0.020531188713973768,1.1206900468830114,3.361348741750359,7.528822281810514,0,,POINTWISE_SUPREMUM,3.8019665757606676e-07,9.474227644727534e-08,0.0,4.138835799996741,True,True,False,False,False,False,False,E02__U024__TOP__MINIMUM_CERTIFIED_OUTER_GAP,x01_t12,representative,plus,0.0860231655139475,3.3613484029909824,D4-deformed-contour-regular-away-W3-v51,checkpoint_5461_parent_v51_finite_cell
5464__x01_t13,5461_FINITE_PROJECTIVE_OWNER_CELL,E02,U024,MC04_SP_DP,B03,7,0,1,TOP,SIGN_DEFINITE_MONOTONE_PRINCIPAL_SQRT_RECTANGLE_WITH_PARENT_FALLBACK,0.8016097004774194,0.802644329157252,0.3515625,0.359375,8,x01_t13__finite_projective_depth9,0.02991069219452639,4.749389340233421e-07,True,,,6949.9669872784225,0.020240825043559483,1.1206936357013413,3.361348741750359,7.408296980678488,0,,POINTWISE_SUPREMUM,3.8019665757606676e-07,9.474227644727534e-08,0.0,3.654447600012645,True,True,False,False,False,False,False,E02__U024__TOP__MINIMUM_CERTIFIED_OUTER_GAP,x01_t13,representative,plus,0.08548736981580521,3.3613484029909824,D4-deformed-contour-regular-away-W3-v51,checkpoint_5461_parent_v51_finite_cell
5464__x01_t14,5461_FINITE_PROJECTIVE_OWNER_CELL,E02,U024,MC04_SP_DP,B03,7,0,1,TOP,SIGN_DEFINITE_MONOTONE_PRINCIPAL_SQRT_RECTANGLE_WITH_PARENT_FALLBACK,0.8016097004774194,0.802644329157252,0.359375,0.3671875,8,x01_t14__finite_projective_depth9,0.02991069219452639,4.749389340233421e-07,True,,,7581.222356846295,0.019950940122859157,1.1206973915944574,3.361348741750359,7.285429641149082,0,,POINTWISE_SUPREMUM,3.8019665757606676e-07,9.474227644727534e-08,0.0,3.322305200039409,True,True,False,False,False,False,False,E02__U024__TOP__MINIMUM_CERTIFIED_OUTER_GAP,x01_t14,representative,plus,0.08495404568512428,3.3613484029909824,D4-deformed-contour-regular-away-W3-v51,checkpoint_5461_parent_v51_finite_cell
5464__x01_t15,5461_FINITE_PROJECTIVE_OWNER_CELL,E02,U024,MC04_SP_DP,B03,7,0,1,TOP,SIGN_DEFINITE_MONOTONE_PRINCIPAL_SQRT_RECTANGLE_WITH_PARENT_FALLBACK,0.8016097004774194,0.802644329157252,0.3671875,0.375,8,x01_t15__finite_projective_depth9,0.02991069219452639,4.749389340233421e-07,True,,,8276.796154435873,0.01966158388409268,1.1207013412883629,3.361348741750359,7.160233344264675,0,,POINTWISE_SUPREMUM,3.8019665757606676e-07,9.474227644727534e-08,0.0,3.5050419999752194,True,True,False,False,False,False,False,E02__U024__TOP__MINIMUM_CERTIFIED_OUTER_GAP,x01_t15,representative,plus,0.08442324450891811,3.3613484029909824,D4-deformed-contour-regular-away-W3-v51,checkpoint_5461_parent_v51_finite_cell
5464__x01_t16,5461_FINITE_PROJECTIVE_OWNER_CELL,E02,U024,MC04_SP_DP,B03,7,0,1,TOP,SIGN_DEFINITE_MONOTONE_PRINCIPAL_SQRT_RECTANGLE_WITH_PARENT_FALLBACK,0.8016097004774194,0.802644329157252,0.375,0.3828125,8,x01_t16__finite_projective_depth9,0.02991069219452639,4.749389340233421e-07,True,,,9044.233429901247,0.019372809800858846,1.1207055126233665,3.361348741750359,7.032725714183745,0,,POINTWISE_SUPREMUM,3.8019665757606676e-07,9.474227644727534e-08,0.0,3.247733000025619,True,True,False,False,False,False,False,E02__U024__TOP__MINIMUM_CERTIFIED_OUTER_GAP,x01_t16,representative,plus,0.08389501885005973,3.3613484029909824,D4-deformed-contour-regular-away-W3-v51,checkpoint_5461_parent_v51_finite_cell
5464__x01_t17,5461_FINITE_PROJECTIVE_OWNER_CELL,E02,U024,MC04_SP_DP,B03,7,0,1,TOP,SIGN_DEFINITE_MONOTONE_PRINCIPAL_SQRT_RECTANGLE_WITH_PARENT_FALLBACK,0.8016097004774194,0.802644329157252,0.3828125,0.390625,8,x01_t17__finite_projective_depth9,0.02991069219452639,4.749389340233421e-07,True,,,9895.340334172339,0.019084675147253913,1.1207099345838887,3.361348741750359,6.902929224813829,0,,POINTWISE_SUPREMUM,3.8019665757606676e-07,9.474227644727534e-08,0.0,3.290687400032766,True,True,False,False,False,False,False,E02__U024__TOP__MINIMUM_CERTIFIED_OUTER_GAP,x01_t17,representative,plus,0.08336942247137971,3.3613484029909824,D4-deformed-contour-regular-away-W3-v51,checkpoint_5461_parent_v51_finite_cell
5464__x01_t18,5461_FINITE_PROJECTIVE_OWNER_CELL,E02,U024,MC04_SP_DP,B03,7,0,1,TOP,SIGN_DEFINITE_MONOTONE_PRINCIPAL_SQRT_RECTANGLE_WITH_PARENT_FALLBACK,0.8016097004774194,0.802644329157252,0.390625,0.3984375,8,x01_t18__finite_projective_depth9,0.02991069219452639,4.749389340233421e-07,True,,,10847.861251358087,0.01879724127662755,1.1207146373281704,3.361348741750359,6.770871517741287,0,,POINTWISE_SUPREMUM,3.8019665757606676e-07,9.474227644727534e-08,0.0,3.3802614000160247,True,True,False,False,False,False,False,E02__U024__TOP__MINIMUM_CERTIFIED_OUTER_GAP,x01_t18,representative,plus,0.08284651035981652,3.3613484029909824,D4-deformed-contour-regular-away-W3-v51,checkpoint_5461_parent_v51_finite_cell
5464__x01_t19,5461_FINITE_PROJECTIVE_OWNER_CELL,E02,U024,MC04_SP_DP,B03,7,0,1,TOP,SIGN_DEFINITE_MONOTONE_PRINCIPAL_SQRT_RECTANGLE_WITH_PARENT_FALLBACK,0.8016097004774194,0.802644329157252,0.3984375,0.40625,8,x01_t19__finite_projective_depth9,0.02991069219452639,4.749389340233421e-07,True,,,11904.098766648942,0.018510573921407387,1.1207196522177894,3.361348741750359,6.63658573116613,0,,POINTWISE_SUPREMUM,3.8019665757606676e-07,9.474227644727534e-08,0.0,3.1294440000201575,True,True,False,False,False,False,False,E02__U024__TOP__MINIMUM_CERTIFIED_OUTER_GAP,x01_t19,representative,plus,0.08232633875057262,3.3613484029909824,D4-deformed-contour-regular-away-W3-v51,checkpoint_5461_parent_v51_finite_cell
5464__x01_t20,5461_FINITE_PROJECTIVE_OWNER_CELL,E02,U024,MC04_SP_DP,B03,7,0,1,TOP,SIGN_DEFINITE_MONOTONE_PRINCIPAL_SQRT_RECTANGLE_WITH_PARENT_FALLBACK,0.8016097004774194,0.802644329157252,0.40625,0.4140625,8,x01_t20__finite_projective_depth9,0.02991069219452639,4.749389340233421e-07,True,,,13076.344635365152,0.018224743515495388,1.1207250118468923,3.361348741750359,6.500110839447291,0,,POINTWISE_SUPREMUM,3.8019665757606676e-07,9.474227644727534e-08,0.0,3.42231290001655,True,True,False,False,False,False,False,E02__U024__TOP__MINIMUM_CERTIFIED_OUTER_GAP,x01_t20,representative,plus,0.08180896515122503,3.3613484029909824,D4-deformed-contour-regular-away-W3-v51,checkpoint_5461_parent_v51_finite_cell
5464__x01_t21,5461_FINITE_PROJECTIVE_OWNER_CELL,E02,U024,MC04_SP_DP,B03,7,0,1,TOP,SIGN_DEFINITE_MONOTONE_PRINCIPAL_SQRT_RECTANGLE_WITH_PARENT_FALLBACK,0.8016097004774194,0.802644329157252,0.4140625,0.421875,8,x01_t21__finite_projective_depth9,0.02991069219452639,4.749389340233421e-07,True,,,14380.108118225011,0.01793982554080201,1.1207307500710324,3.361348741750359,6.361492002748017,0,,POINTWISE_SUPREMUM,3.8019665757606676e-07,9.474227644727534e-08,0.0,3.342121699999552,True,True,False,False,False,False,False,E02__U024__TOP__MINIMUM_CERTIFIED_OUTER_GAP,x01_t21,representative,plus,0.08129444836573417,3.3613484029909824,D4-deformed-contour-regular-away-W3-v51,checkpoint_5461_parent_v51_finite_cell
5464__x01_t22,5461_FINITE_PROJECTIVE_OWNER_CELL,E02,U024,MC04_SP_DP,B03,7,0,1,TOP,SIGN_DEFINITE_MONOTONE_PRINCIPAL_SQRT_RECTANGLE_WITH_PARENT_FALLBACK,0.8016097004774194,0.802644329157252,0.421875,0.4296875,8,x01_t22__finite_projective_depth9,0.02991069219452639,4.749389340233421e-07,True,,,15833.120902074426,0.017655900899537925,1.1207369020355016,3.361348741750359,6.22078092614468,0,,POINTWISE_SUPREMUM,3.8019665757606676e-07,9.474227644727534e-08,0.0,3.482225899992045,True,True,False,False,False,False,False,E02__U024__TOP__MINIMUM_CERTIFIED_OUTER_GAP,x01_t22,representative,plus,0.08078284851828971,3.3613484029909824,D4-deformed-contour-regular-away-W3-v51,checkpoint_5461_parent_v51_finite_cell
5464__x01_t23,5461_FINITE_PROJECTIVE_OWNER_CELL,E02,U024,MC04_SP_DP,B03,7,0,1,TOP,SIGN_DEFINITE_MONOTONE_PRINCIPAL_SQRT_RECTANGLE_WITH_PARENT_FALLBACK,0.8016097004774194,0.802644329157252,0.4296875,0.4375,8,x01_t23__finite_projective_depth9,0.02991069219452639,4.749389340233421e-07,True,,,17454.47990221162,0.017373056313919905,1.1207435042030356,3.361348741750359,6.0780362274224045,0,,POINTWISE_SUPREMUM,3.8019665757606676e-07,9.474227644727534e-08,0.0,3.584181100013666,True,True,False,False,False,False,False,E02__U024__TOP__MINIMUM_CERTIFIED_OUTER_GAP,x01_t23,representative,plus,0.08027422707692639,3.3613484029909824,D4-deformed-contour-regular-away-W3-v51,checkpoint_5461_parent_v51_finite_cell
5464__x01_t24,5461_FINITE_PROJECTIVE_OWNER_CELL,E02,U024,MC04_SP_DP,B03,7,0,1,TOP,SIGN_DEFINITE_MONOTONE_PRINCIPAL_SQRT_RECTANGLE_WITH_PARENT_FALLBACK,0.8016097004774194,0.802644329157252,0.4375,0.4453125,8,x01_t24__finite_projective_depth9,0.02991069219452639,4.749389340233421e-07,True,,,19311.429154870064,0.017091384754962823,1.120750594380757,3.361348741750359,5.918888072607163,0,,POINTWISE_SUPREMUM,3.8019665757606676e-07,9.474227644727534e-08,0.0,3.189052300003823,True,True,False,False,False,False,False,E02__U024__TOP__MINIMUM_CERTIFIED_OUTER_GAP,x01_t24,representative,plus,0.07976864687683712,3.3613484029909824,D4-deformed-contour-regular-away-W3-v51,checkpoint_5461_parent_v51_finite_cell
5464__x01_t25,5461_FINITE_PROJECTIVE_OWNER_CELL,E02,U024,MC04_SP_DP,B03,7,0,1,TOP,SIGN_DEFINITE_MONOTONE_PRINCIPAL_SQRT_RECTANGLE_WITH_PARENT_FALLBACK,0.8016097004774194,0.802644329157252,0.4453125,0.453125,8,x01_t25__finite_projective_depth9,0.02991069219452639,4.749389340233421e-07,True,,,21407.807288989356,0.01681098590201784,1.1207582117462174,3.361348741750359,5.7538618712992635,0,,POINTWISE_SUPREMUM,3.8019665757606676e-07,9.474227644727534e-08,0.0,3.2708630000124685,True,True,False,False,False,False,False,E02__U024__TOP__MINIMUM_CERTIFIED_OUTER_GAP,x01_t25,representative,plus,0.07926617214330478,3.3613484029909824,D4-deformed-contour-regular-away-W3-v51,checkpoint_5461_parent_v51_finite_cell
5464__x01_t26,5461_FINITE_PROJECTIVE_OWNER_CELL,E02,U024,MC04_SP_DP,B03,7,0,1,TOP,SIGN_DEFINITE_MONOTONE_PRINCIPAL_SQRT_RECTANGLE_WITH_PARENT_FALLBACK,0.8016097004774194,0.802644329157252,0.453125,0.4609375,8,x01_t26__finite_projective_depth9,0.02991069219452639,4.749389340233421e-07,True,,,23767.44025978045,0.016531966396537513,1.1207663968723884,3.361348741750359,5.586164948609809,0,,POINTWISE_SUPREMUM,3.8019665757606676e-07,9.474227644727534e-08,0.0,3.2690287999575958,True,True,False,False,False,False,False,E02__U024__TOP__MINIMUM_CERTIFIED_OUTER_GAP,x01_t26,representative,plus,0.07876686847847877,3.3613484029909824,D4-deformed-contour-regular-away-W3-v51,checkpoint_5461_parent_v51_finite_cell
5464__x01_t27,5461_FINITE_PROJECTIVE_OWNER_CELL,E02,U024,MC04_SP_DP,B03,7,0,1,TOP,SIGN_DEFINITE_MONOTONE_PRINCIPAL_SQRT_RECTANGLE_WITH_PARENT_FALLBACK,0.8016097004774194,0.802644329157252,0.4609375,0.46875,8,x01_t27__finite_projective_depth9,0.02991069219452639,4.749389340233421e-07,True,,,26428.52628790454,0.01625443984672237,1.1207751917514404,3.361348741750359,5.415860989137439,0,,POINTWISE_SUPREMUM,3.8019665757606676e-07,9.474227644727534e-08,0.0,3.126159900042694,True,True,False,False,False,False,False,E02__U024__TOP__MINIMUM_CERTIFIED_OUTER_GAP,x01_t27,representative,plus,0.07827080280531995,3.3613484029909824,D4-deformed-contour-regular-away-W3-v51,checkpoint_5461_parent_v51_finite_cell
5464__x01_t28,5461_FINITE_PROJECTIVE_OWNER_CELL,E02,U024,MC04_SP_DP,B03,7,0,1,TOP,SIGN_DEFINITE_MONOTONE_PRINCIPAL_SQRT_RECTANGLE_WITH_PARENT_FALLBACK,0.8016097004774194,0.802644329157252,0.46875,0.4765625,8,x01_t28__finite_projective_depth9,0.02991069219452639,4.749389340233421e-07,True,,,29467.67723197294,0.015978530315854125,1.1207846398171364,3.361348741750359,5.243024273862277,0,,POINTWISE_SUPREMUM,3.8019665757606676e-07,9.474227644727534e-08,0.0,3.1714909999864176,True,True,False,False,False,False,False,E02__U024__TOP__MINIMUM_CERTIFIED_OUTER_GAP,x01_t28,representative,plus,0.07777804382735773,3.3613484029909824,D4-deformed-contour-regular-away-W3-v51,checkpoint_5461_parent_v51_finite_cell
5464__x01_t29,5461_FINITE_PROJECTIVE_OWNER_CELL,E02,U024,MC04_SP_DP,B03,7,0,1,TOP,SIGN_DEFINITE_MONOTONE_PRINCIPAL_SQRT_RECTANGLE_WITH_PARENT_FALLBACK,0.8016097004774194,0.802644329157252,0.4765625,0.484375,8,x01_t29__finite_projective_depth9,0.02991069219452639,4.749389340233421e-07,True,,,32990.3768772845,0.015704369579672885,1.1207947859656648,3.361348741750359,5.067737179396801,0,,POINTWISE_SUPREMUM,3.8019665757606676e-07,9.474227644727534e-08,0.0,3.5776487000402994,True,True,False,False,False,False,False,E02__U024__TOP__MINIMUM_CERTIFIED_OUTER_GAP,x01_t29,representative,plus,0.07728866154857827,3.3613484029909824,D4-deformed-contour-regular-away-W3-v51,checkpoint_5461_parent_v51_finite_cell
5464__x01_t30,5461_FINITE_PROJECTIVE_OWNER_CELL,E02,U024,MC04_SP_DP,B03,7,0,1,TOP,SIGN_DEFINITE_MONOTONE_PRINCIPAL_SQRT_RECTANGLE_WITH_PARENT_FALLBACK,0.8016097004774194,0.802644329157252,0.484375,0.4921875,8,x01_t30__finite_projective_depth9,0.02991069219452639,4.749389340233421e-07,True,,,37052.682429130364,0.015432098932504986,1.1208056765747145,3.361348741750359,4.890091658223242,0,,POINTWISE_SUPREMUM,3.8019665757606676e-07,9.474227644727534e-08,0.0,3.459178199991584,True,True,False,False,False,False,False,E02__U024__TOP__MINIMUM_CERTIFIED_OUTER_GAP,x01_t30,representative,plus,0.0768027274687644,3.3613484029909824,D4-deformed-contour-regular-away-W3-v51,checkpoint_5461_parent_v51_finite_cell
5464__x01_t31,5461_FINITE_PROJECTIVE_OWNER_CELL,E02,U024,MC04_SP_DP,B03,7,0,1,TOP,SIGN_DEFINITE_MONOTONE_PRINCIPAL_SQRT_RECTANGLE_WITH_PARENT_FALLBACK,0.8016097004774194,0.802644329157252,0.4921875,0.5,8,x01_t31__finite_projective_depth9,0.02991069219452639,4.749389340233421e-07,True,,,41863.01322774951,0.015161869858834286,1.1208173595205946,3.361348741750359,4.710189692238926,0,,POINTWISE_SUPREMUM,3.8019665757606676e-07,9.474227644727534e-08,0.0,3.188665699970443,True,True,False,False,False,False,False,E02__U024__TOP__MINIMUM_CERTIFIED_OUTER_GAP,x01_t31,representative,plus,0.07632031460209628,3.3613484029909824,D4-deformed-contour-regular-away-W3-v51,checkpoint_5461_parent_v51_finite_cell
5464__x02_t00,5461_FINITE_PROJECTIVE_OWNER_CELL,E02,U024,MC04_SP_DP,B03,7,0,1,TOP,SIGN_DEFINITE_MONOTONE_PRINCIPAL_SQRT_RECTANGLE_WITH_PARENT_FALLBACK,0.802644329157252,0.8036789578370847,0.25,0.2578125,8,x02_t00__finite_projective_depth9,0.02991069219452639,4.749389340233421e-07,True,,,2535.7425029854976,0.023975039475173453,1.1172794670087651,3.3710687732389024,8.763334380595094,0,,POINTWISE_SUPREMUM,3.8134448109760133e-07,9.359445292574077e-08,0.0,3.2677885000011884,True,True,False,False,False,False,False,E02__U024__TOP__MINIMUM_CERTIFIED_OUTER_GAP,x02_t00,representative,plus,0.09254299737590743,3.3710684334858714,D4-deformed-contour-regular-away-W3-v51,checkpoint_5461_parent_v51_finite_cell
5464__x02_t01,5461_FINITE_PROJECTIVE_OWNER_CELL,E02,U024,MC04_SP_DP,B03,7,0,1,TOP,SIGN_DEFINITE_MONOTONE_PRINCIPAL_SQRT_RECTANGLE_WITH_PARENT_FALLBACK,0.802644329157252,0.8036789578370847,0.2578125,0.265625,8,x02_t01__finite_projective_depth9,0.02991069219452639,4.749389340233421e-07,True,,,2742.4780603907057,0.023680977445744322,1.1172826200300843,3.3710687732389024,8.679499640938905,0,,POINTWISE_SUPREMUM,3.8134448109760133e-07,9.359445292574077e-08,0.0,3.24609979998786,True,True,False,False,False,False,False,E02__U024__TOP__MINIMUM_CERTIFIED_OUTER_GAP,x02_t01,representative,plus,0.09197963261864497,3.3710684334858714,D4-deformed-contour-regular-away-W3-v51,checkpoint_5461_parent_v51_finite_cell
5464__x02_t02,5461_FINITE_PROJECTIVE_OWNER_CELL,E02,U024,MC04_SP_DP,B03,7,0,1,TOP,SIGN_DEFINITE_MONOTONE_PRINCIPAL_SQRT_RECTANGLE_WITH_PARENT_FALLBACK,0.802644329157252,0.8036789578370847,0.265625,0.2734375,8,x02_t02__finite_projective_depth9,0.02991069219452639,4.749389340233421e-07,True,,,2967.4029789227984,0.023386998674272016,1.1172856939275513,3.3710687732389024,8.593787774668513,0,,POINTWISE_SUPREMUM,3.8134448109760133e-07,9.359445292574077e-08,0.0,3.143868399958592,True,True,False,False,False,False,False,E02__U024__TOP__MINIMUM_CERTIFIED_OUTER_GAP,x02_t02,representative,plus,0.09141821302342226,3.3710684334858714,D4-deformed-contour-regular-away-W3-v51,checkpoint_5461_parent_v51_finite_cell
5464__x02_t03,5461_FINITE_PROJECTIVE_OWNER_CELL,E02,U024,MC04_SP_DP,B03,7,0,1,TOP,SIGN_DEFINITE_MONOTONE_PRINCIPAL_SQRT_RECTANGLE_WITH_PARENT_FALLBACK,0.802644329157252,0.8036789578370847,0.2734375,0.28125,8,x02_t03__finite_projective_depth9,0.02991069219452639,4.749389340233421e-07,True,,,3212.2707522856354,0.023093125522850047,1.1172887043641577,3.3710687732389024,8.506184294566237,0,,POINTWISE_SUPREMUM,3.8134448109760133e-07,9.359445292574077e-08,0.0,3.228779700002633,True,True,False,False,False,False,False,E02__U024__TOP__MINIMUM_CERTIFIED_OUTER_GAP,x02_t03,representative,plus,0.0908587778924245,3.3710684334858714,D4-deformed-contour-regular-away-W3-v51,checkpoint_5461_parent_v51_finite_cell
5464__x02_t04,5461_FINITE_PROJECTIVE_OWNER_CELL,E02,U024,MC04_SP_DP,B03,7,0,1,TOP,SIGN_DEFINITE_MONOTONE_PRINCIPAL_SQRT_RECTANGLE_WITH_PARENT_FALLBACK,0.802644329157252,0.8036789578370847,0.28125,0.2890625,8,x02_t04__finite_projective_depth9,0.02991069219452639,4.749389340233421e-07,True,,,3479.031821027525,0.022799381922120016,1.1172916677803262,3.3710687732389024,8.416676338621357,0,,POINTWISE_SUPREMUM,3.8134448109760133e-07,9.359445292574077e-08,0.0,3.2133003000053577,True,True,False,False,False,False,False,E02__U024__TOP__MINIMUM_CERTIFIED_OUTER_GAP,x02_t04,representative,plus,0.09030136743828218,3.3710684334858714,D4-deformed-contour-regular-away-W3-v51,checkpoint_5461_parent_v51_finite_cell
5464__x02_t05,5461_FINITE_PROJECTIVE_OWNER_CELL,E02,U024,MC04_SP_DP,B03,7,0,1,TOP,SIGN_DEFINITE_MONOTONE_PRINCIPAL_SQRT_RECTANGLE_WITH_PARENT_FALLBACK,0.802644329157252,0.8036789578370847,0.2890625,0.296875,8,x02_t05__finite_projective_depth9,0.02991069219452639,4.749389340233421e-07,True,,,3771.8774433233502,0.022505793482056155,1.1172946014205756,3.3710687732389024,8.32076952881019,0,,POINTWISE_SUPREMUM,3.8134448109760133e-07,9.359445292574077e-08,0.0,3.1210167999961413,True,True,False,False,False,False,False,E02__U024__TOP__MINIMUM_CERTIFIED_OUTER_GAP,x02_t05,representative,plus,0.0897460228055055,3.3710684334858714,D4-deformed-contour-regular-away-W3-v51,checkpoint_5461_parent_v51_finite_cell
5464__x02_t06,5461_FINITE_PROJECTIVE_OWNER_CELL,E02,U024,MC04_SP_DP,B03,7,0,1,TOP,SIGN_DEFINITE_MONOTONE_PRINCIPAL_SQRT_RECTANGLE_WITH_PARENT_FALLBACK,0.802644329157252,0.8036789578370847,0.296875,0.3046875,8,x02_t06__finite_projective_depth9,0.02991069219452639,4.749389340233421e-07,True,,,4095.3170858334915,0.02221238761100909,1.117297523360697,3.3710687732389024,8.21540362779847,0,,POINTWISE_SUPREMUM,3.8134448109760133e-07,9.359445292574077e-08,0.0,3.313988500041887,True,True,False,False,False,False,False,E02__U024__TOP__MINIMUM_CERTIFIED_OUTER_GAP,x02_t06,representative,plus,0.08919278609227552,3.3710684334858714,D4-deformed-contour-regular-away-W3-v51,checkpoint_5461_parent_v51_finite_cell
5464__x02_t07,5461_FINITE_PROJECTIVE_OWNER_CELL,E02,U024,MC04_SP_DP,B03,7,0,1,TOP,SIGN_DEFINITE_MONOTONE_PRINCIPAL_SQRT_RECTANGLE_WITH_PARENT_FALLBACK,0.802644329157252,0.8036789578370847,0.3046875,0.3125,8,x02_t07__finite_projective_depth9,0.02991069219452639,4.749389340233421e-07,True,,,4449.301758507909,0.021919193643659532,1.11730045253541,3.3710687732389024,8.107676864748765,0,,POINTWISE_SUPREMUM,3.8134448109760133e-07,9.359445292574077e-08,0.0,3.2763138000154868,True,True,False,False,False,False,False,E02__U024__TOP__MINIMUM_CERTIFIED_OUTER_GAP,x02_t07,representative,plus,0.0886417003725812,3.3710684334858714,D4-deformed-contour-regular-away-W3-v51,checkpoint_5461_parent_v51_finite_cell
5464__x02_t08,5461_FINITE_PROJECTIVE_OWNER_CELL,E02,U024,MC04_SP_DP,B03,7,0,1,TOP,SIGN_DEFINITE_MONOTONE_PRINCIPAL_SQRT_RECTANGLE_WITH_PARENT_FALLBACK,0.802644329157252,0.8036789578370847,0.3125,0.3203125,8,x02_t08__finite_projective_depth9,0.02991069219452639,4.749389340233421e-07,True,,,4837.055036657656,0.02162624297858797,1.1173034087664815,3.3710687732389024,7.997577988327416,0,,POINTWISE_SUPREMUM,3.8134448109760133e-07,9.359445292574077e-08,0.0,3.5593411999871023,True,True,False,False,False,False,False,E02__U024__TOP__MINIMUM_CERTIFIED_OUTER_GAP,x02_t08,representative,plus,0.08809280971869046,3.3710684334858714,D4-deformed-contour-regular-away-W3-v51,checkpoint_5461_parent_v51_finite_cell
5464__x02_t09,5461_FINITE_PROJECTIVE_OWNER_CELL,E02,U024,MC04_SP_DP,B03,7,0,1,TOP,SIGN_DEFINITE_MONOTONE_PRINCIPAL_SQRT_RECTANGLE_WITH_PARENT_FALLBACK,0.802644329157252,0.8036789578370847,0.3203125,0.328125,8,x02_t09__finite_projective_depth9,0.02991069219452639,4.749389340233421e-07,True,,,5262.178561080825,0.021333569226217975,1.1173064127912675,3.3710687732389024,7.885098520582276,0,,POINTWISE_SUPREMUM,3.8134448109760133e-07,9.359445292574077e-08,0.0,3.2899423000053503,True,True,False,False,False,False,False,E02__U024__TOP__MINIMUM_CERTIFIED_OUTER_GAP,x02_t09,representative,plus,0.08754615922394002,3.3710684334858714,D4-deformed-contour-regular-away-W3-v51,checkpoint_5461_parent_v51_finite_cell
5464__x02_t10,5461_FINITE_PROJECTIVE_OWNER_CELL,E02,U024,MC04_SP_DP,B03,7,0,1,TOP,SIGN_DEFINITE_MONOTONE_PRINCIPAL_SQRT_RECTANGLE_WITH_PARENT_FALLBACK,0.802644329157252,0.8036789578370847,0.328125,0.3359375,8,x02_t10__finite_projective_depth9,0.02991069219452639,4.749389340233421e-07,True,,,5728.810978104526,0.02104120836795385,1.1173094862916453,3.3710687732389024,7.77023298808486,0,,POINTWISE_SUPREMUM,3.8134448109760133e-07,9.359445292574077e-08,0.0,3.754425599996466,True,True,False,False,False,False,False,E02__U024__TOP__MINIMUM_CERTIFIED_OUTER_GAP,x02_t10,representative,plus,0.0870017950258278,3.3710684334858714,D4-deformed-contour-regular-away-W3-v51,checkpoint_5461_parent_v51_finite_cell
5464__x02_t11,5461_FINITE_PROJECTIVE_OWNER_CELL,E02,U024,MC04_SP_DP,B03,7,0,1,TOP,SIGN_DEFINITE_MONOTONE_PRINCIPAL_SQRT_RECTANGLE_WITH_PARENT_FALLBACK,0.802644329157252,0.8036789578370847,0.3359375,0.34375,8,x02_t11__finite_projective_depth9,0.02991069219452639,4.749389340233421e-07,True,,,6242.721859798582,0.020749198927396947,1.1173126519232979,3.3710687732389024,7.652979164619587,0,,POINTWISE_SUPREMUM,3.8134448109760133e-07,9.359445292574077e-08,0.0,3.3275509999948554,True,True,False,False,False,False,False,E02__U024__TOP__MINIMUM_CERTIFIED_OUTER_GAP,x02_t11,representative,plus,0.08645976432938828,3.3710684334858714,D4-deformed-contour-regular-away-W3-v51,checkpoint_5461_parent_v51_finite_cell
5464__x02_t12,5461_FINITE_PROJECTIVE_OWNER_CELL,E02,U024,MC04_SP_DP,B03,7,0,1,TOP,SIGN_DEFINITE_MONOTONE_PRINCIPAL_SQRT_RECTANGLE_WITH_PARENT_FALLBACK,0.802644329157252,0.8036789578370847,0.34375,0.3515625,8,x02_t12__finite_projective_depth9,0.02991069219452639,4.749389340233421e-07,True,,,6807.8511912345075,0.02045758215458961,1.1173159333453013,3.3710687732389024,7.533338325599984,0,,POINTWISE_SUPREMUM,3.8134448109760133e-07,9.359445292574077e-08,0.0,3.364499000017531,True,True,False,False,False,False,False,E02__U024__TOP__MINIMUM_CERTIFIED_OUTER_GAP,x02_t12,representative,plus,0.08592011543082892,3.3710684334858714,D4-deformed-contour-regular-away-W3-v51,checkpoint_5461_parent_v51_finite_cell
5464__x02_t13,5461_FINITE_PROJECTIVE_OWNER_CELL,E02,U024,MC04_SP_DP,B03,7,0,1,TOP,SIGN_DEFINITE_MONOTONE_PRINCIPAL_SQRT_RECTANGLE_WITH_PARENT_FALLBACK,0.802644329157252,0.8036789578370847,0.3515625,0.359375,8,x02_t13__finite_projective_depth9,0.02991069219452639,4.749389340233421e-07,True,,,7429.911745746196,0.02016640222430976,1.1173193552499678,3.3710687732389024,7.411315514349315,0,,POINTWISE_SUPREMUM,3.8134448109760133e-07,9.359445292574077e-08,0.0,3.3710190000128932,True,True,False,False,False,False,False,E02__U024__TOP__MINIMUM_CERTIFIED_OUTER_GAP,x02_t13,representative,plus,0.08538289774140295,3.3710684334858714,D4-deformed-contour-regular-away-W3-v51,checkpoint_5461_parent_v51_finite_cell
5464__x02_t14,5461_FINITE_PROJECTIVE_OWNER_CELL,E02,U024,MC04_SP_DP,B03,7,0,1,TOP,SIGN_DEFINITE_MONOTONE_PRINCIPAL_SQRT_RECTANGLE_WITH_PARENT_FALLBACK,0.802644329157252,0.8036789578370847,0.359375,0.3671875,8,x02_t14__finite_projective_depth9,0.02991069219452639,4.749389340233421e-07,True,,,8115.323355729874,0.019875706449511695,1.1173229433928824,3.3710687732389024,7.286919820331151,0,,POINTWISE_SUPREMUM,3.8134448109760133e-07,9.359445292574077e-08,0.0,3.3442270000232384,True,True,False,False,False,False,False,E02__U024__TOP__MINIMUM_CERTIFIED_OUTER_GAP,x02_t14,representative,plus,0.08484816181149056,3.3710684334858714,D4-deformed-contour-regular-away-W3-v51,checkpoint_5461_parent_v51_finite_cell
5464__x02_t15,5461_FINITE_PROJECTIVE_OWNER_CELL,E02,U024,MC04_SP_DP,B03,7,0,1,TOP,SIGN_DEFINITE_MONOTONE_PRINCIPAL_SQRT_RECTANGLE_WITH_PARENT_FALLBACK,0.802644329157252,0.8036789578370847,0.3671875,0.375,8,x02_t15__finite_projective_depth9,0.02991069219452639,4.749389340233421e-07,True,,,8871.308892300221,0.019585545511088116,1.1173267246230796,3.3710687732389024,7.160164669357931,0,,POINTWISE_SUPREMUM,3.8134448109760133e-07,9.359445292574077e-08,0.0,3.153958699957002,True,True,False,False,False,False,False,E02__U024__TOP__MINIMUM_CERTIFIED_OUTER_GAP,x02_t15,representative,plus,0.08431595935485703,3.3710684334858714,D4-deformed-contour-regular-away-W3-v51,checkpoint_5461_parent_v51_finite_cell
5464__x02_t16,5461_FINITE_PROJECTIVE_OWNER_CELL,E02,U024,MC04_SP_DP,B03,7,0,1,TOP,SIGN_DEFINITE_MONOTONE_PRINCIPAL_SQRT_RECTANGLE_WITH_PARENT_FALLBACK,0.802644329157252,0.8036789578370847,0.375,0.3828125,8,x02_t16__finite_projective_depth9,0.02991069219452639,4.749389340233421e-07,True,,,9706.171550740522,0.019295973705204004,1.1173307269132822,3.3710687732389024,7.031068125736388,0,,POINTWISE_SUPREMUM,3.8134448109760133e-07,9.359445292574077e-08,0.0,3.4085708999773487,True,True,False,False,False,False,False,E02__U024__TOP__MINIMUM_CERTIFIED_OUTER_GAP,x02_t16,representative,plus,0.08378634327305366,3.3710684334858714,D4-deformed-contour-regular-away-W3-v51,checkpoint_5461_parent_v51_finite_cell
5464__x02_t17,5461_FINITE_PROJECTIVE_OWNER_CELL,E02,U024,MC04_SP_DP,B03,7,0,1,TOP,SIGN_DEFINITE_MONOTONE_PRINCIPAL_SQRT_RECTANGLE_WITH_PARENT_FALLBACK,0.802644329157252,0.8036789578370847,0.3828125,0.390625,8,x02_t17__finite_projective_depth9,0.02991069219452639,4.749389340233421e-07,True,,,10633.278789800172,0.01900704920953892,1.1173349793901317,3.3710687732389024,6.899653206235822,0,,POINTWISE_SUPREMUM,3.8134448109760133e-07,9.359445292574077e-08,0.0,3.4923580999602564,True,True,False,False,False,False,False,E02__U024__TOP__MINIMUM_CERTIFIED_OUTER_GAP,x02_t17,representative,plus,0.08325936767992193,3.3710684334858714,D4-deformed-contour-regular-away-W3-v51,checkpoint_5461_parent_v51_finite_cell
5464__x02_t18,5461_FINITE_PROJECTIVE_OWNER_CELL,E02,U024,MC04_SP_DP,B03,7,0,1,TOP,SIGN_DEFINITE_MONOTONE_PRINCIPAL_SQRT_RECTANGLE_WITH_PARENT_FALLBACK,0.802644329157252,0.8036789578370847,0.390625,0.3984375,8,x02_t18__finite_projective_depth9,0.02991069219452639,4.749389340233421e-07,True,,,11671.432282815887,0.0187188343698501,1.1173395123643253,3.3710687732389024,6.765948205677007,0,,POINTWISE_SUPREMUM,3.8134448109760133e-07,9.359445292574077e-08,0.0,3.608414799964521,True,True,False,False,False,False,False,E02__U024__TOP__MINIMUM_CERTIFIED_OUTER_GAP,x02_t18,representative,plus,0.08273508792615875,3.3710684334858714,D4-deformed-contour-regular-away-W3-v51,checkpoint_5461_parent_v51_finite_cell
5464__x02_t19,5461_FINITE_PROJECTIVE_OWNER_CELL,E02,U024,MC04_SP_DP,B03,7,0,1,TOP,SIGN_DEFINITE_MONOTONE_PRINCIPAL_SQRT_RECTANGLE_WITH_PARENT_FALLBACK,0.802644329157252,0.8036789578370847,0.3984375,0.40625,8,x02_t19__finite_projective_depth9,0.02991069219452639,4.749389340233421e-07,True,,,12823.72231402247,0.018431396008351423,1.1173443573605706,3.3710687732389024,6.629987033845694,0,,POINTWISE_SUPREMUM,3.8134448109760133e-07,9.359445292574077e-08,0.0,3.6169820000068285,True,True,False,False,False,False,False,E02__U024__TOP__MINIMUM_CERTIFIED_OUTER_GAP,x02_t19,representative,plus,0.0822135606238958,3.3710684334858714,D4-deformed-contour-regular-away-W3-v51,checkpoint_5461_parent_v51_finite_cell
5464__x02_t20,5461_FINITE_PROJECTIVE_OWNER_CELL,E02,U024,MC04_SP_DP,B03,7,0,1,TOP,SIGN_DEFINITE_MONOTONE_PRINCIPAL_SQRT_RECTANGLE_WITH_PARENT_FALLBACK,0.802644329157252,0.8036789578370847,0.40625,0.4140625,8,x02_t20__finite_projective_depth9,0.02991069219452639,4.749389340233421e-07,True,,,14103.934793161994,0.018144805755474894,1.1173495471472588,3.3710687732389024,6.4918095633264175,0,,POINTWISE_SUPREMUM,3.8134448109760133e-07,9.359445292574077e-08,0.0,3.174985999998171,True,True,False,False,False,False,False,E02__U024__TOP__MINIMUM_CERTIFIED_OUTER_GAP,x02_t20,representative,plus,0.08169484367124027,3.3710684334858714,D4-deformed-contour-regular-away-W3-v51,checkpoint_5461_parent_v51_finite_cell
5464__x02_t21,5461_FINITE_PROJECTIVE_OWNER_CELL,E02,U024,MC04_SP_DP,B03,7,0,1,TOP,SIGN_DEFINITE_MONOTONE_PRINCIPAL_SQRT_RECTANGLE_WITH_PARENT_FALLBACK,0.802644329157252,0.8036789578370847,0.4140625,0.421875,8,x02_t21__finite_projective_depth9,0.02991069219452639,4.749389340233421e-07,True,,,15529.259965301917,0.017859140406649612,1.1173551157657482,3.3710687732389024,6.351461987734175,0,,POINTWISE_SUPREMUM,3.8134448109760133e-07,9.359445292574077e-08,0.0,3.3369164999458008,True,True,False,False,False,False,False,E02__U024__TOP__MINIMUM_CERTIFIED_OUTER_GAP,x02_t21,representative,plus,0.08117899627672125,3.3710684334858714,D4-deformed-contour-regular-away-W3-v51,checkpoint_5461_parent_v51_finite_cell
5464__x02_t22,5461_FINITE_PROJECTIVE_OWNER_CELL,E02,U024,MC04_SP_DP,B03,7,0,1,TOP,SIGN_DEFINITE_MONOTONE_PRINCIPAL_SQRT_RECTANGLE_WITH_PARENT_FALLBACK,0.802644329157252,0.8036789578370847,0.421875,0.4296875,8,x02_t22__finite_projective_depth9,0.02991069219452639,4.749389340233421e-07,True,,,17119.337995160295,0.017574482305790184,1.1173610985591464,3.3710687732389024,6.208997189691455,0,,POINTWISE_SUPREMUM,3.8134448109760133e-07,9.359445292574077e-08,0.0,3.329171999997925,True,True,False,False,False,False,False,E02__U024__TOP__MINIMUM_CERTIFIED_OUTER_GAP,x02_t22,representative,plus,0.0806660789835787,3.3710684334858714,D4-deformed-contour-regular-away-W3-v51,checkpoint_5461_parent_v51_finite_cell
5464__x02_t23,5461_FINITE_PROJECTIVE_OWNER_CELL,E02,U024,MC04_SP_DP,B03,7,0,1,TOP,SIGN_DEFINITE_MONOTONE_PRINCIPAL_SQRT_RECTANGLE_WITH_PARENT_FALLBACK,0.802644329157252,0.8036789578370847,0.4296875,0.4375,8,x02_t23__finite_projective_depth9,0.02991069219452639,4.749389340233421e-07,True,,,18895.693236235737,0.01729091975722223,1.117367532200465,3.3710687732389024,6.064475117751871,0,,POINTWISE_SUPREMUM,3.8134448109760133e-07,9.359445292574077e-08,0.0,3.0737726000370458,True,True,False,False,False,False,False,E02__U024__TOP__MINIMUM_CERTIFIED_OUTER_GAP,x02_t23,representative,plus,0.08015615369382806,3.3710684334858714,D4-deformed-contour-regular-away-W3-v51,checkpoint_5461_parent_v51_finite_cell
5464__x02_t24,5461_FINITE_PROJECTIVE_OWNER_CELL,E02,U024,MC04_SP_DP,B03,7,0,1,TOP,SIGN_DEFINITE_MONOTONE_PRINCIPAL_SQRT_RECTANGLE_WITH_PARENT_FALLBACK,0.802644329157252,0.8036789578370847,0.4375,0.4453125,8,x02_t24__finite_projective_depth9,0.02991069219452639,4.749389340233421e-07,True,,,20940.121383549984,0.017008547467792744,1.1173744547200122,3.3710687732389024,5.901147215862724,0,,POINTWISE_SUPREMUM,3.8134448109760133e-07,9.359445292574077e-08,0.0,3.6506724000209942,True,True,False,False,False,False,False,E02__U024__TOP__MINIMUM_CERTIFIED_OUTER_GAP,x02_t24,representative,plus,0.07964928369202613,3.3710684334858714,D4-deformed-contour-regular-away-W3-v51,checkpoint_5461_parent_v51_finite_cell
5464__x02_t25,5461_FINITE_PROJECTIVE_OWNER_CELL,E02,U024,MC04_SP_DP,B03,7,0,1,TOP,SIGN_DEFINITE_MONOTONE_PRINCIPAL_SQRT_RECTANGLE_WITH_PARENT_FALLBACK,0.802644329157252,0.8036789578370847,0.4453125,0.453125,8,x02_t25__finite_projective_depth9,0.02991069219452639,4.749389340233421e-07,True,,,23243.547920735487,0.016727467020895725,1.1173819055318825,3.3710687732389024,5.733983268587768,0,,POINTWISE_SUPREMUM,3.8134448109760133e-07,9.359445292574077e-08,0.0,3.4734992000157945,True,True,False,False,False,False,False,E02__U024__TOP__MINIMUM_CERTIFIED_OUTER_GAP,x02_t25,representative,plus,0.07914553366865856,3.3710684334858714,D4-deformed-contour-regular-away-W3-v51,checkpoint_5461_parent_v51_finite_cell
5464__x02_t26,5461_FINITE_PROJECTIVE_OWNER_CELL,E02,U024,MC04_SP_DP,B03,7,0,1,TOP,SIGN_DEFINITE_MONOTONE_PRINCIPAL_SQRT_RECTANGLE_WITH_PARENT_FALLBACK,0.802644329157252,0.8036789578370847,0.453125,0.4609375,8,x02_t26__finite_projective_depth9,0.02991069219452639,4.749389340233421e-07,True,,,25839.543824490112,0.016447786237331594,1.1173899254593918,3.3710687732389024,5.564113704985523,0,,POINTWISE_SUPREMUM,3.8134448109760133e-07,9.359445292574077e-08,0.0,3.5091997000272386,True,True,False,False,False,False,False,E02__U024__TOP__MINIMUM_CERTIFIED_OUTER_GAP,x02_t26,representative,plus,0.07864496957124303,3.3710684334858714,D4-deformed-contour-regular-away-W3-v51,checkpoint_5461_parent_v51_finite_cell
5464__x02_t27,5461_FINITE_PROJECTIVE_OWNER_CELL,E02,U024,MC04_SP_DP,B03,7,0,1,TOP,SIGN_DEFINITE_MONOTONE_PRINCIPAL_SQRT_RECTANGLE_WITH_PARENT_FALLBACK,0.802644329157252,0.8036789578370847,0.4609375,0.46875,8,x02_t27__finite_projective_depth9,0.02991069219452639,4.749389340233421e-07,True,,,28771.025613142643,0.016169622797326498,1.1173985567592886,3.3710687732389024,5.391605300952749,0,,POINTWISE_SUPREMUM,3.8134448109760133e-07,9.359445292574077e-08,0.0,3.3732351000071503,True,True,False,False,False,False,False,E02__U024__TOP__MINIMUM_CERTIFIED_OUTER_GAP,x02_t27,representative,plus,0.07814765908826747,3.3710684334858714,D4-deformed-contour-regular-away-W3-v51,checkpoint_5461_parent_v51_finite_cell
5464__x02_t28,5461_FINITE_PROJECTIVE_OWNER_CELL,E02,U024,MC04_SP_DP,B03,7,0,1,TOP,SIGN_DEFINITE_MONOTONE_PRINCIPAL_SQRT_RECTANGLE_WITH_PARENT_FALLBACK,0.802644329157252,0.8036789578370847,0.46875,0.4765625,8,x02_t28__finite_projective_depth9,0.02991069219452639,4.749389340233421e-07,True,,,32097.947076424338,0.015893102397047512,1.1174078431445778,3.3710687732389024,5.216533284775694,0,,POINTWISE_SUPREMUM,3.8134448109760133e-07,9.359445292574077e-08,0.0,3.370622500020545,True,True,False,False,False,False,False,E02__U024__TOP__MINIMUM_CERTIFIED_OUTER_GAP,x02_t28,representative,plus,0.07765367130743077,3.3710684334858714,D4-deformed-contour-regular-away-W3-v51,checkpoint_5461_parent_v51_finite_cell
5464__x02_t29,5461_FINITE_PROJECTIVE_OWNER_CELL,E02,U024,MC04_SP_DP,B03,7,0,1,TOP,SIGN_DEFINITE_MONOTONE_PRINCIPAL_SQRT_RECTANGLE_WITH_PARENT_FALLBACK,0.802644329157252,0.8036789578370847,0.4765625,0.484375,8,x02_t29__finite_projective_depth9,0.02991069219452639,4.749389340233421e-07,True,,,35983.97387834699,0.015618359559624923,1.1174178298057647,3.3710687732389024,5.0389819559055855,0,,POINTWISE_SUPREMUM,3.8134448109760133e-07,9.359445292574077e-08,0.0,3.444719199964311,True,True,False,False,False,False,False,E02__U024__TOP__MINIMUM_CERTIFIED_OUTER_GAP,x02_t29,representative,plus,0.0771630767658471,3.3710684334858714,D4-deformed-contour-regular-away-W3-v51,checkpoint_5461_parent_v51_finite_cell
5464__x02_t30,5461_FINITE_PROJECTIVE_OWNER_CELL,E02,U024,MC04_SP_DP,B03,7,0,1,TOP,SIGN_DEFINITE_MONOTONE_PRINCIPAL_SQRT_RECTANGLE_WITH_PARENT_FALLBACK,0.802644329157252,0.8036789578370847,0.484375,0.4921875,8,x02_t30__finite_projective_depth9,0.02991069219452639,4.749389340233421e-07,True,,,40460.035917187866,0.015345538587017586,1.1174285634303298,3.3710687732389024,4.8590454102711895,0,,POINTWISE_SUPREMUM,3.8134448109760133e-07,9.359445292574077e-08,0.0,3.294862099981401,True,True,False,False,False,False,False,E02__U024__TOP__MINIMUM_CERTIFIED_OUTER_GAP,x02_t30,representative,plus,0.07667594751454128,3.3710684334858714,D4-deformed-contour-regular-away-W3-v51,checkpoint_5461_parent_v51_finite_cell
5464__x02_t31,5461_FINITE_PROJECTIVE_OWNER_CELL,E02,U024,MC04_SP_DP,B03,7,0,1,TOP,SIGN_DEFINITE_MONOTONE_PRINCIPAL_SQRT_RECTANGLE_WITH_PARENT_FALLBACK,0.802644329157252,0.8036789578370847,0.4921875,0.5,8,x02_t31__finite_projective_depth9,0.02991069219452639,4.749389340233421e-07,True,,,45793.2687801269,0.015074794254091896,1.1174400922202283,3.3710687732389024,4.6768280053857225,0,,POINTWISE_SUPREMUM,3.8134448109760133e-07,9.359445292574077e-08,0.0,3.5215491999988444,True,True,False,False,False,False,False,E02__U024__TOP__MINIMUM_CERTIFIED_OUTER_GAP,x02_t31,representative,plus,0.07619235713749102,3.3710684334858714,D4-deformed-contour-regular-away-W3-v51,checkpoint_5461_parent_v51_finite_cell
5464__x03_t00,5461_FINITE_PROJECTIVE_OWNER_CELL,E02,U024,MC04_SP_DP,B03,7,0,1,TOP,SIGN_DEFINITE_MONOTONE_PRINCIPAL_SQRT_RECTANGLE_WITH_PARENT_FALLBACK,0.8036789578370847,0.8047135865169173,0.25,0.2578125,8,x03_t00__finite_projective_depth9,0.02991069219452639,4.749389340233421e-07,True,,,2643.4342516696033,0.02391095959535497,1.1139017446279431,3.3808623240490405,8.783412813570676,0,,POINTWISE_SUPREMUM,3.824863313167714e-07,9.245260270657072e-08,0.0,3.3020948999910615,True,True,False,False,False,False,False,E02__U024__TOP__MINIMUM_CERTIFIED_OUTER_GAP,x03_t00,representative,plus,0.09245738693636323,3.380861983294715,D4-deformed-contour-regular-away-W3-v51,checkpoint_5461_parent_v51_finite_cell
5464__x03_t01,5461_FINITE_PROJECTIVE_OWNER_CELL,E02,U024,MC04_SP_DP,B03,7,0,1,TOP,SIGN_DEFINITE_MONOTONE_PRINCIPAL_SQRT_RECTANGLE_WITH_PARENT_FALLBACK,0.8036789578370847,0.8047135865169173,0.2578125,0.265625,8,x03_t01__finite_projective_depth9,0.02991069219452639,4.749389340233421e-07,True,,,2862.3627773610037,0.023616057442460047,1.1139047401559454,3.3808623240490405,8.698578553731117,0,,POINTWISE_SUPREMUM,3.824863313167714e-07,9.245260270657072e-08,0.0,3.07693169999402,True,True,False,False,False,False,False,E02__U024__TOP__MINIMUM_CERTIFIED_OUTER_GAP,x03_t01,representative,plus,0.09189251090673066,3.380861983294715,D4-deformed-contour-regular-away-W3-v51,checkpoint_5461_parent_v51_finite_cell
5464__x03_t02,5461_FINITE_PROJECTIVE_OWNER_CELL,E02,U024,MC04_SP_DP,B03,7,0,1,TOP,SIGN_DEFINITE_MONOTONE_PRINCIPAL_SQRT_RECTANGLE_WITH_PARENT_FALLBACK,0.8036789578370847,0.8047135865169173,0.265625,0.2734375,8,x03_t02__finite_projective_depth9,0.02991069219452639,4.749389340233421e-07,True,,,3100.9780620698457,0.02332123886908674,1.113907654812955,3.3808623240490405,8.611843077456497,0,,POINTWISE_SUPREMUM,3.824863313167714e-07,9.245260270657072e-08,0.0,3.3290362000116147,True,True,False,False,False,False,False,E02__U024__TOP__MINIMUM_CERTIFIED_OUTER_GAP,x03_t02,representative,plus,0.091329587068845,3.380861983294715,D4-deformed-contour-regular-away-W3-v51,checkpoint_5461_parent_v51_finite_cell
5464__x03_t03,5461_FINITE_PROJECTIVE_OWNER_CELL,E02,U024,MC04_SP_DP,B03,7,0,1,TOP,SIGN_DEFINITE_MONOTONE_PRINCIPAL_SQRT_RECTANGLE_WITH_PARENT_FALLBACK,0.8036789578370847,0.8047135865169173,0.2734375,0.28125,8,x03_t03__finite_projective_depth9,0.02991069219452639,4.749389340233421e-07,True,,,3361.315487694773,0.023026526476339817,1.113910504300928,3.3808623240490405,8.52319169269639,0,,POINTWISE_SUPREMUM,3.824863313167714e-07,9.245260270657072e-08,0.0,3.3052716000238433,True,True,False,False,False,False,False,E02__U024__TOP__MINIMUM_CERTIFIED_OUTER_GAP,x03_t03,representative,plus,0.09076865493561756,3.380861983294715,D4-deformed-contour-regular-away-W3-v51,checkpoint_5461_parent_v51_finite_cell
5464__x03_t04,5461_FINITE_PROJECTIVE_OWNER_CELL,E02,U024,MC04_SP_DP,B03,7,0,1,TOP,SIGN_DEFINITE_MONOTONE_PRINCIPAL_SQRT_RECTANGLE_WITH_PARENT_FALLBACK,0.8036789578370847,0.8047135865169173,0.28125,0.2890625,8,x03_t04__finite_projective_depth9,0.02991069219452639,4.749389340233421e-07,True,,,3646.6882209402124,0.022731944458970373,1.1139133051043204,3.3808623240490405,8.432611362546428,0,,POINTWISE_SUPREMUM,3.824863313167714e-07,9.245260270657072e-08,0.0,3.649566899985075,True,True,False,False,False,False,False,E02__U024__TOP__MINIMUM_CERTIFIED_OUTER_GAP,x03_t04,representative,plus,0.09020975493818031,3.380861983294715,D4-deformed-contour-regular-away-W3-v51,checkpoint_5461_parent_v51_finite_cell
5464__x03_t05,5461_FINITE_PROJECTIVE_OWNER_CELL,E02,U024,MC04_SP_DP,B03,7,0,1,TOP,SIGN_DEFINITE_MONOTONE_PRINCIPAL_SQRT_RECTANGLE_WITH_PARENT_FALLBACK,0.8036789578370847,0.8047135865169173,0.2890625,0.296875,8,x03_t05__finite_projective_depth9,0.02991069219452639,4.749389340233421e-07,True,,,3960.689759162994,0.0224375187185649,1.1139160745170482,3.3808623240490405,8.334746629054937,0,,POINTWISE_SUPREMUM,3.824863313167714e-07,9.245260270657072e-08,0.0,3.6855200999998488,True,True,False,False,False,False,False,E02__U024__TOP__MINIMUM_CERTIFIED_OUTER_GAP,x03_t05,representative,plus,0.08965292844761265,3.380861983294715,D4-deformed-contour-regular-away-W3-v51,checkpoint_5461_parent_v51_finite_cell
5464__x03_t06,5461_FINITE_PROJECTIVE_OWNER_CELL,E02,U024,MC04_SP_DP,B03,7,0,1,TOP,SIGN_DEFINITE_MONOTONE_PRINCIPAL_SQRT_RECTANGLE_WITH_PARENT_FALLBACK,0.8036789578370847,0.8047135865169173,0.296875,0.3046875,8,x03_t06__finite_projective_depth9,0.02991069219452639,4.749389340233421e-07,True,,,4307.489076523179,0.02214327698522719,1.113918830669971,3.3808623240490405,8.228081586576922,0,,POINTWISE_SUPREMUM,3.824863313167714e-07,9.245260270657072e-08,0.0,3.518367999990005,True,True,False,False,False,False,False,E02__U024__TOP__MINIMUM_CERTIFIED_OUTER_GAP,x03_t06,representative,plus,0.08909821779703492,3.380861983294715,D4-deformed-contour-regular-away-W3-v51,checkpoint_5461_parent_v51_finite_cell
5464__x03_t07,5461_FINITE_PROJECTIVE_OWNER_CELL,E02,U024,MC04_SP_DP,B03,7,0,1,TOP,SIGN_DEFINITE_MONOTONE_PRINCIPAL_SQRT_RECTANGLE_WITH_PARENT_FALLBACK,0.8036789578370847,0.8047135865169173,0.3046875,0.3125,8,x03_t07__finite_projective_depth9,0.02991069219452639,4.749389340233421e-07,True,,,4687.475438532045,0.021849248948425375,1.1139215925588684,3.3808623240490405,8.119024099761505,0,,POINTWISE_SUPREMUM,3.824863313167714e-07,9.245260270657072e-08,0.0,3.106290399970021,True,True,False,False,False,False,False,E02__U024__TOP__MINIMUM_CERTIFIED_OUTER_GAP,x03_t07,representative,plus,0.08854566630405744,3.380861983294715,D4-deformed-contour-regular-away-W3-v51,checkpoint_5461_parent_v51_finite_cell
5464__x03_t08,5461_FINITE_PROJECTIVE_OWNER_CELL,E02,U024,MC04_SP_DP,B03,7,0,1,TOP,SIGN_DEFINITE_MONOTONE_PRINCIPAL_SQRT_RECTANGLE_WITH_PARENT_FALLBACK,0.8036789578370847,0.8047135865169173,0.3125,0.3203125,8,x03_t08__finite_projective_depth9,0.02991069219452639,4.749389340233421e-07,True,,,5104.183492266214,0.02155546639773723,1.1139243800728884,3.3808623240490405,8.007562772015278,0,,POINTWISE_SUPREMUM,3.824863313167714e-07,9.245260270657072e-08,0.0,3.2717412000056356,True,True,False,False,False,False,False,E02__U024__TOP__MINIMUM_CERTIFIED_OUTER_GAP,x03_t08,representative,plus,0.08799531829357342,3.380861983294715,D4-deformed-contour-regular-away-W3-v51,checkpoint_5461_parent_v51_finite_cell
5464__x03_t09,5461_FINITE_PROJECTIVE_OWNER_CELL,E02,U024,MC04_SP_DP,B03,7,0,1,TOP,SIGN_DEFINITE_MONOTONE_PRINCIPAL_SQRT_RECTANGLE_WITH_PARENT_FALLBACK,0.8036789578370847,0.8047135865169173,0.3203125,0.328125,8,x03_t09__finite_projective_depth9,0.02991069219452639,4.749389340233421e-07,True,,,5561.565890751015,0.021261963374277812,1.1139272140234315,3.3808623240490405,7.893689034229457,0,,POINTWISE_SUPREMUM,3.824863313167714e-07,9.245260270657072e-08,0.0,3.1176782999536954,True,True,False,False,False,False,False,E02__U024__TOP__MINIMUM_CERTIFIED_OUTER_GAP,x03_t09,representative,plus,0.08744721912088059,3.380861983294715,D4-deformed-contour-regular-away-W3-v51,checkpoint_5461_parent_v51_finite_cell
5464__x03_t10,5461_FINITE_PROJECTIVE_OWNER_CELL,E02,U024,MC04_SP_DP,B03,7,0,1,TOP,SIGN_DEFINITE_MONOTONE_PRINCIPAL_SQRT_RECTANGLE_WITH_PARENT_FALLBACK,0.8036789578370847,0.8047135865169173,0.328125,0.3359375,8,x03_t10__finite_projective_depth9,0.02991069219452639,4.749389340233421e-07,True,,,6064.047619867862,0.02096877633366292,1.1139301161734376,3.3808623240490405,7.777397381128934,0,,POINTWISE_SUPREMUM,3.824863313167714e-07,9.245260270657072e-08,0.0,3.4062695000320673,True,True,False,False,False,False,False,E02__U024__TOP__MINIMUM_CERTIFIED_OUTER_GAP,x03_t10,representative,plus,0.08690141519511546,3.380861983294715,D4-deformed-contour-regular-away-W3-v51,checkpoint_5461_parent_v51_finite_cell
5464__x03_t11,5461_FINITE_PROJECTIVE_OWNER_CELL,E02,U024,MC04_SP_DP,B03,7,0,1,TOP,SIGN_DEFINITE_MONOTONE_PRINCIPAL_SQRT_RECTANGLE_WITH_PARENT_FALLBACK,0.8036789578370847,0.8047135865169173,0.3359375,0.34375,8,x03_t11__finite_projective_depth9,0.02991069219452639,4.749389340233421e-07,True,,,6616.588022155563,0.02067594432142371,1.1139331092670341,3.3808623240490405,7.658685619477553,0,,POINTWISE_SUPREMUM,3.824863313167714e-07,9.245260270657072e-08,0.0,3.131244299991522,True,True,False,False,False,False,False,E02__U024__TOP__MINIMUM_CERTIFIED_OUTER_GAP,x03_t11,representative,plus,0.08635795400298049,3.380861983294715,D4-deformed-contour-regular-away-W3-v51,checkpoint_5461_parent_v51_finite_cell
5464__x03_t12,5461_FINITE_PROJECTIVE_OWNER_CELL,E02,U024,MC04_SP_DP,B03,7,0,1,TOP,SIGN_DEFINITE_MONOTONE_PRINCIPAL_SQRT_RECTANGLE_WITH_PARENT_FALLBACK,0.8036789578370847,0.8047135865169173,0.34375,0.3515625,8,x03_t12__finite_projective_depth9,0.02991069219452639,4.749389340233421e-07,True,,,7224.751660586482,0.020383509161860536,1.1139362170594993,3.3808623240490405,7.53755512832851,0,,POINTWISE_SUPREMUM,3.824863313167714e-07,9.245260270657072e-08,0.0,3.338044100033585,True,True,False,False,False,False,False,E02__U024__TOP__MINIMUM_CERTIFIED_OUTER_GAP,x03_t12,representative,plus,0.08581688413274233,3.380861983294715,D4-deformed-contour-regular-away-W3-v51,checkpoint_5461_parent_v51_finite_cell
5464__x03_t13,5461_FINITE_PROJECTIVE_OWNER_CELL,E02,U024,MC04_SP_DP,B03,7,0,1,TOP,SIGN_DEFINITE_MONOTONE_PRINCIPAL_SQRT_RECTANGLE_WITH_PARENT_FALLBACK,0.8036789578370847,0.8047135865169173,0.3515625,0.359375,8,x03_t13__finite_projective_depth9,0.02991069219452639,4.749389340233421e-07,True,,,7895.743900783314,0.02009151566139884,1.1139394643474918,3.3808623240490405,7.414011131463843,0,,POINTWISE_SUPREMUM,3.824863313167714e-07,9.245260270657072e-08,0.0,3.1799133000313304,True,True,False,False,False,False,False,E02__U024__TOP__MINIMUM_CERTIFIED_OUTER_GAP,x03_t13,representative,plus,0.08527825529847627,3.380861983294715,D4-deformed-contour-regular-away-W3-v51,checkpoint_5461_parent_v51_finite_cell
5464__x03_t14,5461_FINITE_PROJECTIVE_OWNER_CELL,E02,U024,MC04_SP_DP,B03,7,0,1,TOP,SIGN_DEFINITE_MONOTONE_PRINCIPAL_SQRT_RECTANGLE_WITH_PARENT_FALLBACK,0.8036789578370847,0.8047135865169173,0.359375,0.3671875,8,x03_t14__finite_projective_depth9,0.02991069219452639,4.749389340233421e-07,True,,,8636.851256155287,0.019800011827586422,1.113942876999486,3.3808623240490405,7.2880629821138285,0,,POINTWISE_SUPREMUM,3.824863313167714e-07,9.245260270657072e-08,0.0,3.4010645999806,True,True,False,False,False,False,False,E02__U024__TOP__MINIMUM_CERTIFIED_OUTER_GAP,x03_t14,representative,plus,0.08474211836452891,3.380861983294715,D4-deformed-contour-regular-away-W3-v51,checkpoint_5461_parent_v51_finite_cell
5464__x03_t15,5461_FINITE_PROJECTIVE_OWNER_CELL,E02,U024,MC04_SP_DP,B03,7,0,1,TOP,SIGN_DEFINITE_MONOTONE_PRINCIPAL_SQRT_RECTANGLE_WITH_PARENT_FALLBACK,0.8036789578370847,0.8047135865169173,0.3671875,0.375,8,x03_t15__finite_projective_depth9,0.02991069219452639,4.749389340233421e-07,True,,,9455.166985485033,0.019509049104953453,1.1139464819863516,3.3808623240490405,7.159724459987267,0,,POINTWISE_SUPREMUM,3.824863313167714e-07,9.245260270657072e-08,0.0,3.732784299994819,True,True,False,False,False,False,False,E02__U024__TOP__MINIMUM_CERTIFIED_OUTER_GAP,x03_t15,representative,plus,0.08420852537016768,3.380861983294715,D4-deformed-contour-regular-away-W3-v51,checkpoint_5461_parent_v51_finite_cell
5464__x03_t16,5461_FINITE_PROJECTIVE_OWNER_CELL,E02,U024,MC04_SP_DP,B03,7,0,1,TOP,SIGN_DEFINITE_MONOTONE_PRINCIPAL_SQRT_RECTANGLE_WITH_PARENT_FALLBACK,0.8036789578370847,0.8047135865169173,0.375,0.3828125,8,x03_t16__finite_projective_depth9,0.02991069219452639,4.749389340233421e-07,True,,,10359.810025137474,0.019218682629041195,1.113950307412013,3.3808623240490405,7.0290140805756165,0,,POINTWISE_SUPREMUM,3.824863313167714e-07,9.245260270657072e-08,0.0,3.380139200016856,True,True,False,False,False,False,False,E02__U024__TOP__MINIMUM_CERTIFIED_OUTER_GAP,x03_t16,representative,plus,0.08367752955438194,3.380861983294715,D4-deformed-contour-regular-away-W3-v51,checkpoint_5461_parent_v51_finite_cell
5464__x03_t17,5461_FINITE_PROJECTIVE_OWNER_CELL,E02,U024,MC04_SP_DP,B03,7,0,1,TOP,SIGN_DEFINITE_MONOTONE_PRINCIPAL_SQRT_RECTANGLE_WITH_PARENT_FALLBACK,0.8036789578370847,0.8047135865169173,0.3828125,0.390625,8,x03_t17__finite_projective_depth9,0.02991069219452639,4.749389340233421e-07,True,,,11365.844264608591,0.01892897149998771,1.1139543825440996,3.3808623240490405,6.8959554166141865,0,,POINTWISE_SUPREMUM,3.824863313167714e-07,9.245260270657072e-08,0.0,3.485735399997793,True,True,False,False,False,False,False,E02__U024__TOP__MINIMUM_CERTIFIED_OUTER_GAP,x03_t17,representative,plus,0.08314918538079696,3.380861983294715,D4-deformed-contour-regular-away-W3-v51,checkpoint_5461_parent_v51_finite_cell
5464__x03_t18,5461_FINITE_PROJECTIVE_OWNER_CELL,E02,U024,MC04_SP_DP,B03,7,0,1,TOP,SIGN_DEFINITE_MONOTONE_PRINCIPAL_SQRT_RECTANGLE_WITH_PARENT_FALLBACK,0.8036789578370847,0.8047135865169173,0.390625,0.3984375,8,x03_t18__finite_projective_depth9,0.02991069219452639,4.749389340233421e-07,True,,,12493.123251627345,0.01863997907714659,1.1139587378445188,3.3808623240490405,6.760577431497551,0,,POINTWISE_SUPREMUM,3.824863313167714e-07,9.245260270657072e-08,0.0,3.454667399986647,True,True,False,False,False,False,False,E02__U024__TOP__MINIMUM_CERTIFIED_OUTER_GAP,x03_t18,representative,plus,0.08262354856265752,3.380861983294715,D4-deformed-contour-regular-away-W3-v51,checkpoint_5461_parent_v51_finite_cell
5464__x03_t19,5461_FINITE_PROJECTIVE_OWNER_CELL,E02,U024,MC04_SP_DP,B03,7,0,1,TOP,SIGN_DEFINITE_MONOTONE_PRINCIPAL_SQRT_RECTANGLE_WITH_PARENT_FALLBACK,0.8036789578370847,0.8047135865169173,0.3984375,0.40625,8,x03_t19__finite_projective_depth9,0.02991069219452639,4.749389340233421e-07,True,,,13745.670349172862,0.018351773296295157,1.1139634049998477,3.3808623240490405,6.6229148243458935,0,,POINTWISE_SUPREMUM,3.824863313167714e-07,9.245260270657072e-08,0.0,3.7133964999811724,True,True,False,False,False,False,False,E02__U024__TOP__MINIMUM_CERTIFIED_OUTER_GAP,x03_t19,representative,plus,0.08210067608783367,3.380861983294715,D4-deformed-contour-regular-away-W3-v51,checkpoint_5461_parent_v51_finite_cell
5464__x03_t20,5461_FINITE_PROJECTIVE_OWNER_CELL,E02,U024,MC04_SP_DP,B03,7,0,1,TOP,SIGN_DEFINITE_MONOTONE_PRINCIPAL_SQRT_RECTANGLE_WITH_PARENT_FALLBACK,0.8036789578370847,0.8047135865169173,0.40625,0.4140625,8,x03_t20__finite_projective_depth9,0.02991069219452639,4.749389340233421e-07,True,,,15138.908192806844,0.018064427011068675,1.1139684169514505,3.3808623240490405,6.483008386310066,0,,POINTWISE_SUPREMUM,3.824863313167714e-07,9.245260270657072e-08,0.0,3.3931518000317737,True,True,False,False,False,False,False,E02__U024__TOP__MINIMUM_CERTIFIED_OUTER_GAP,x03_t20,representative,plus,0.081580626243796,3.380861983294715,D4-deformed-contour-regular-away-W3-v51,checkpoint_5461_parent_v51_finite_cell
5464__x03_t21,5461_FINITE_PROJECTIVE_OWNER_CELL,E02,U024,MC04_SP_DP,B03,7,0,1,TOP,SIGN_DEFINITE_MONOTONE_PRINCIPAL_SQRT_RECTANGLE_WITH_PARENT_FALLBACK,0.8036789578370847,0.8047135865169173,0.4140625,0.421875,8,x03_t21__finite_projective_depth9,0.02991069219452639,4.749389340233421e-07,True,,,16691.899311869303,0.017778018360327157,1.1139738079252128,3.3808623240490405,6.340905367580418,0,,POINTWISE_SUPREMUM,3.824863313167714e-07,9.245260270657072e-08,0.0,3.300463200022932,True,True,False,False,False,False,False,E02__U024__TOP__MINIMUM_CERTIFIED_OUTER_GAP,x03_t21,representative,plus,0.08106345864250307,3.380861983294715,D4-deformed-contour-regular-away-W3-v51,checkpoint_5461_parent_v51_finite_cell
5464__x03_t22,5461_FINITE_PROJECTIVE_OWNER_CELL,E02,U024,MC04_SP_DP,B03,7,0,1,TOP,SIGN_DEFINITE_MONOTONE_PRINCIPAL_SQRT_RECTANGLE_WITH_PARENT_FALLBACK,0.8036789578370847,0.8047135865169173,0.421875,0.4296875,8,x03_t22__finite_projective_depth9,0.02991069219452639,4.749389340233421e-07,True,,,18426.20910166468,0.017492631163218995,1.113979613460775,3.3808623240490405,6.196659854428778,0,,POINTWISE_SUPREMUM,3.824863313167714e-07,9.245260270657072e-08,0.0,3.595119600009639,True,True,False,False,False,False,False,E02__U024__TOP__MINIMUM_CERTIFIED_OUTER_GAP,x03_t22,representative,plus,0.08054923424513849,3.380861983294715,D4-deformed-contour-regular-away-W3-v51,checkpoint_5461_parent_v51_finite_cell
5464__x03_t23,5461_FINITE_PROJECTIVE_OWNER_CELL,E02,U024,MC04_SP_DP,B03,7,0,1,TOP,SIGN_DEFINITE_MONOTONE_PRINCIPAL_SQRT_RECTANGLE_WITH_PARENT_FALLBACK,0.8036789578370847,0.8047135865169173,0.4296875,0.4375,8,x03_t23__finite_projective_depth9,0.02991069219452639,4.749389340233421e-07,True,,,20369.773708039396,0.017208355343748497,1.1139858704401395,3.3808623240490405,6.049263448296018,0,,POINTWISE_SUPREMUM,3.824863313167714e-07,9.245260270657072e-08,0.0,3.4094521999941207,True,True,False,False,False,False,False,E02__U024__TOP__MINIMUM_CERTIFIED_OUTER_GAP,x03_t23,representative,plus,0.08003801538662823,3.380861983294715,D4-deformed-contour-regular-away-W3-v51,checkpoint_5461_parent_v51_finite_cell
5464__x03_t24,5461_FINITE_PROJECTIVE_OWNER_CELL,E02,U024,MC04_SP_DP,B03,7,0,1,TOP,SIGN_DEFINITE_MONOTONE_PRINCIPAL_SQRT_RECTANGLE_WITH_PARENT_FALLBACK,0.8036789578370847,0.8047135865169173,0.4375,0.4453125,8,x03_t24__finite_projective_depth9,0.02991069219452639,4.749389340233421e-07,True,,,22610.080477998843,0.016925287386669412,1.113992617115519,3.3808623240490405,5.882726027206259,0,,POINTWISE_SUPREMUM,3.824863313167714e-07,9.245260270657072e-08,0.0,3.4424843000015244,True,True,False,False,False,False,False,E02__U024__TOP__MINIMUM_CERTIFIED_OUTER_GAP,x03_t24,representative,plus,0.07952986579986437,3.380861983294715,D4-deformed-contour-regular-away-W3-v51,checkpoint_5461_parent_v51_finite_cell
5464__x03_t25,5461_FINITE_PROJECTIVE_OWNER_CELL,E02,U024,MC04_SP_DP,B03,7,0,1,TOP,SIGN_DEFINITE_MONOTONE_PRINCIPAL_SQRT_RECTANGLE_WITH_PARENT_FALLBACK,0.8036789578370847,0.8047135865169173,0.4453125,0.453125,8,x03_t25__finite_projective_depth9,0.02991069219452639,4.749389340233421e-07,True,,,25133.446681805093,0.01664353022913902,1.1139998931362762,3.3808623240490405,5.71338990626471,0,,POINTWISE_SUPREMUM,3.824863313167714e-07,9.245260270657072e-08,0.0,3.350559799990151,True,True,False,False,False,False,False,E02__U024__TOP__MINIMUM_CERTIFIED_OUTER_GAP,x03_t25,representative,plus,0.07902485055001716,3.380861983294715,D4-deformed-contour-regular-away-W3-v51,checkpoint_5461_parent_v51_finite_cell
5464__x03_t26,5461_FINITE_PROJECTIVE_OWNER_CELL,E02,U024,MC04_SP_DP,B03,7,0,1,TOP,SIGN_DEFINITE_MONOTONE_PRINCIPAL_SQRT_RECTANGLE_WITH_PARENT_FALLBACK,0.8036789578370847,0.8047135865169173,0.453125,0.4609375,8,x03_t26__finite_projective_depth9,0.02991069219452639,4.749389340233421e-07,True,,,27981.223562473577,0.016363194697057486,1.1140077395748043,3.3808623240490405,5.541313853989768,0,,POINTWISE_SUPREMUM,3.824863313167714e-07,9.245260270657072e-08,0.0,3.04494320001686,True,True,False,False,False,False,False,E02__U024__TOP__MINIMUM_CERTIFIED_OUTER_GAP,x03_t26,representative,plus,0.07852303619487265,3.380861983294715,D4-deformed-contour-regular-away-W3-v51,checkpoint_5461_parent_v51_finite_cell
5464__x03_t27,5461_FINITE_PROJECTIVE_OWNER_CELL,E02,U024,MC04_SP_DP,B03,7,0,1,TOP,SIGN_DEFINITE_MONOTONE_PRINCIPAL_SQRT_RECTANGLE_WITH_PARENT_FALLBACK,0.8036789578370847,0.8047135865169173,0.4609375,0.46875,8,x03_t27__finite_projective_depth9,0.02991069219452639,4.749389340233421e-07,True,,,31201.58382085358,0.016084400846861264,1.114016198951181,3.3808623240490405,5.366566231639141,0,,POINTWISE_SUPREMUM,3.824863313167714e-07,9.245260270657072e-08,0.0,3.377731600019615,True,True,False,False,False,False,False,E02__U024__TOP__MINIMUM_CERTIFIED_OUTER_GAP,x03_t27,representative,plus,0.07802449092442594,3.380861983294715,D4-deformed-contour-regular-away-W3-v51,checkpoint_5461_parent_v51_finite_cell
5464__x03_t28,5461_FINITE_PROJECTIVE_OWNER_CELL,E02,U024,MC04_SP_DP,B03,7,0,1,TOP,SIGN_DEFINITE_MONOTONE_PRINCIPAL_SQRT_RECTANGLE_WITH_PARENT_FALLBACK,0.8036789578370847,0.8047135865169173,0.46875,0.4765625,8,x03_t28__finite_projective_depth9,0.02991069219452639,4.749389340233421e-07,True,,,34851.10236336567,0.015807276652309726,1.1140253152564208,3.3808623240490405,5.189223756724863,0,,POINTWISE_SUPREMUM,3.824863313167714e-07,9.245260270657072e-08,0.0,3.4806738999905065,True,True,False,False,False,False,False,E02__U024__TOP__MINIMUM_CERTIFIED_OUTER_GAP,x03_t28,representative,plus,0.07752928429658516,3.380861983294715,D4-deformed-contour-regular-away-W3-v51,checkpoint_5461_parent_v51_finite_cell
5464__x03_t29,5461_FINITE_PROJECTIVE_OWNER_CELL,E02,U024,MC04_SP_DP,B03,7,0,1,TOP,SIGN_DEFINITE_MONOTONE_PRINCIPAL_SQRT_RECTANGLE_WITH_PARENT_FALLBACK,0.8036789578370847,0.8047135865169173,0.4765625,0.484375,8,x03_t29__finite_projective_depth9,0.02991069219452639,4.749389340233421e-07,True,,,39109.56276792365,0.015531959457249297,1.1140351339741386,3.3808623240490405,5.009372693346304,0,,POINTWISE_SUPREMUM,3.824863313167714e-07,9.245260270657072e-08,0.0,3.327148300013505,True,True,False,False,False,False,False,E02__U024__TOP__MINIMUM_CERTIFIED_OUTER_GAP,x03_t29,representative,plus,0.07703748738085116,3.380861983294715,D4-deformed-contour-regular-away-W3-v51,checkpoint_5461_parent_v51_finite_cell
5464__x03_t30,5461_FINITE_PROJECTIVE_OWNER_CELL,E02,U024,MC04_SP_DP,B03,7,0,1,TOP,SIGN_DEFINITE_MONOTONE_PRINCIPAL_SQRT_RECTANGLE_WITH_PARENT_FALLBACK,0.8036789578370847,0.8047135865169173,0.484375,0.4921875,8,x03_t30__finite_projective_depth9,0.02991069219452639,4.749389340233421e-07,True,,,44030.28018962793,0.01525859665295879,1.114045702100428,3.3808623240490405,4.827109327404451,0,,POINTWISE_SUPREMUM,3.824863313167714e-07,9.245260270657072e-08,0.0,3.068666400038637,True,True,False,False,False,False,False,E02__U024__TOP__MINIMUM_CERTIFIED_OUTER_GAP,x03_t30,representative,plus,0.0765491727788244,3.380861983294715,D4-deformed-contour-regular-away-W3-v51,checkpoint_5461_parent_v51_finite_cell
5464__x03_t31,5461_FINITE_PROJECTIVE_OWNER_CELL,E02,U024,MC04_SP_DP,B03,7,0,1,TOP,SIGN_DEFINITE_MONOTONE_PRINCIPAL_SQRT_RECTANGLE_WITH_PARENT_FALLBACK,0.8036789578370847,0.8047135865169173,0.4921875,0.5,8,x03_t31__finite_projective_depth9,0.02991069219452639,4.749389340233421e-07,True,,,49928.61038835521,0.014987346395556187,1.1140570681617463,3.3808623240490405,4.642540443538452,0,,POINTWISE_SUPREMUM,3.824863313167714e-07,9.245260270657072e-08,0.0,3.2981406999751925,True,True,False,False,False,False,False,E02__U024__TOP__MINIMUM_CERTIFIED_OUTER_GAP,x03_t31,representative,plus,0.07606441464369505,3.380861983294715,D4-deformed-contour-regular-away-W3-v51,checkpoint_5461_parent_v51_finite_cell
5464__x04_t00,5461_FINITE_PROJECTIVE_OWNER_CELL,E02,U024,MC04_SP_DP,B03,7,0,1,TOP,SIGN_DEFINITE_MONOTONE_PRINCIPAL_SQRT_RECTANGLE_WITH_PARENT_FALLBACK,0.8047135865169173,0.80574821519675,0.25,0.2578125,8,x04_t00__finite_projective_depth9,0.02991069219452639,4.749389340233421e-07,True,,,2755.4044171246233,0.023846383762180297,1.110518455618276,3.3907303564595948,8.80345678472346,0,,POINTWISE_SUPREMUM,3.8362206974688684e-07,9.131686427645525e-08,0.0,3.4232831000117585,True,True,False,False,False,False,False,E02__U024__TOP__MINIMUM_CERTIFIED_OUTER_GAP,x04_t00,representative,plus,0.0923714627614375,3.3907300146962327,D4-deformed-contour-regular-away-W3-v51,checkpoint_5461_parent_v51_finite_cell
5464__x04_t01,5461_FINITE_PROJECTIVE_OWNER_CELL,E02,U024,MC04_SP_DP,B03,7,0,1,TOP,SIGN_DEFINITE_MONOTONE_PRINCIPAL_SQRT_RECTANGLE_WITH_PARENT_FALLBACK,0.8047135865169173,0.80574821519675,0.2578125,0.265625,8,x04_t01__finite_projective_depth9,0.02991069219452639,4.749389340233421e-07,True,,,2986.899458402307,0.023550643770030622,1.110521286431501,3.3907303564595948,8.71760687384026,0,,POINTWISE_SUPREMUM,3.8362206974688684e-07,9.131686427645525e-08,0.0,3.6092815999872983,True,True,False,False,False,False,False,E02__U024__TOP__MINIMUM_CERTIFIED_OUTER_GAP,x04_t01,representative,plus,0.09180508702315197,3.3907300146962327,D4-deformed-contour-regular-away-W3-v51,checkpoint_5461_parent_v51_finite_cell
5464__x04_t02,5461_FINITE_PROJECTIVE_OWNER_CELL,E02,U024,MC04_SP_DP,B03,7,0,1,TOP,SIGN_DEFINITE_MONOTONE_PRINCIPAL_SQRT_RECTANGLE_WITH_PARENT_FALLBACK,0.8047135865169173,0.80574821519675,0.265625,0.2734375,8,x04_t02__finite_projective_depth9,0.02991069219452639,4.749389340233421e-07,True,,,3239.463957952106,0.02325498769502141,1.1105240346015572,3.3907303564595948,8.629831321063069,0,,POINTWISE_SUPREMUM,3.8362206974688684e-07,9.131686427645525e-08,0.0,3.7621226999908686,True,True,False,False,False,False,False,E02__U024__TOP__MINIMUM_CERTIFIED_OUTER_GAP,x04_t02,representative,plus,0.09124067046874826,3.3907300146962327,D4-deformed-contour-regular-away-W3-v51,checkpoint_5461_parent_v51_finite_cell
5464__x04_t03,5461_FINITE_PROJECTIVE_OWNER_CELL,E02,U024,MC04_SP_DP,B03,7,0,1,TOP,SIGN_DEFINITE_MONOTONE_PRINCIPAL_SQRT_RECTANGLE_WITH_PARENT_FALLBACK,0.8047135865169173,0.80574821519675,0.2734375,0.28125,8,x04_t03__finite_projective_depth9,0.02991069219452639,4.749389340233421e-07,True,,,3515.188731909318,0.02295943838092247,1.1105267158684677,3.3907303564595948,8.540115227800587,0,,POINTWISE_SUPREMUM,3.8362206974688684e-07,9.131686427645525e-08,0.0,3.3308056999812834,True,True,False,False,False,False,False,E02__U024__TOP__MINIMUM_CERTIFIED_OUTER_GAP,x04_t03,representative,plus,0.09067825282062628,3.3907300146962327,D4-deformed-contour-regular-away-W3-v51,checkpoint_5461_parent_v51_finite_cell
5464__x04_t04,5461_FINITE_PROJECTIVE_OWNER_CELL,E02,U024,MC04_SP_DP,B03,7,0,1,TOP,SIGN_DEFINITE_MONOTONE_PRINCIPAL_SQRT_RECTANGLE_WITH_PARENT_FALLBACK,0.8047135865169173,0.80574821519675,0.28125,0.2890625,8,x04_t04__finite_projective_depth9,0.02991069219452639,4.749389340233421e-07,True,,,3816.3947151229577,0.022664020290729912,1.1105293467597908,3.3907303564595948,8.448445381109975,0,,POINTWISE_SUPREMUM,3.8362206974688684e-07,9.131686427645525e-08,0.0,3.483772100007627,True,True,False,False,False,False,False,E02__U024__TOP__MINIMUM_CERTIFIED_OUTER_GAP,x04_t04,representative,plus,0.09011787472716572,3.3907300146962327,D4-deformed-contour-regular-away-W3-v51,checkpoint_5461_parent_v51_finite_cell
5464__x04_t05,5461_FINITE_PROJECTIVE_OWNER_CELL,E02,U024,MC04_SP_DP,B03,7,0,1,TOP,SIGN_DEFINITE_MONOTONE_PRINCIPAL_SQRT_RECTANGLE_WITH_PARENT_FALLBACK,0.8047135865169173,0.80574821519675,0.2890625,0.296875,8,x04_t05__finite_projective_depth9,0.02991069219452639,4.749389340233421e-07,True,,,4148.753275987457,0.022368759622318265,1.1105319446178776,3.3907303564595948,8.348573853030729,0,,POINTWISE_SUPREMUM,3.8362206974688684e-07,9.131686427645525e-08,0.0,3.4392900000093505,True,True,False,False,False,False,False,E02__U024__TOP__MINIMUM_CERTIFIED_OUTER_GAP,x04_t05,representative,plus,0.08955957778474695,3.3907300146962327,D4-deformed-contour-regular-away-W3-v51,checkpoint_5461_parent_v51_finite_cell
5464__x04_t06,5461_FINITE_PROJECTIVE_OWNER_CELL,E02,U024,MC04_SP_DP,B03,7,0,1,TOP,SIGN_DEFINITE_MONOTONE_PRINCIPAL_SQRT_RECTANGLE_WITH_PARENT_FALLBACK,0.8047135865169173,0.80574821519675,0.296875,0.3046875,8,x04_t06__finite_projective_depth9,0.02991069219452639,4.749389340233421e-07,True,,,4516.008337264444,0.02207368443282523,1.1105345276276628,3.3907303564595948,8.240588781221579,0,,POINTWISE_SUPREMUM,3.8362206974688684e-07,9.131686427645525e-08,0.0,3.2483041000086814,True,True,False,False,False,False,False,E02__U024__TOP__MINIMUM_CERTIFIED_OUTER_GAP,x04_t06,representative,plus,0.0890034045601477,3.3907300146962327,D4-deformed-contour-regular-away-W3-v51,checkpoint_5461_parent_v51_finite_cell
5464__x04_t07,5461_FINITE_PROJECTIVE_OWNER_CELL,E02,U024,MC04_SP_DP,B03,7,0,1,TOP,SIGN_DEFINITE_MONOTONE_PRINCIPAL_SQRT_RECTANGLE_WITH_PARENT_FALLBACK,0.8047135865169173,0.80574821519675,0.3046875,0.3125,8,x04_t07__finite_projective_depth9,0.02991069219452639,4.749389340233421e-07,True,,,4919.037954061753,0.021778824772466253,1.1105371148449605,3.3907303564595948,8.130179229669388,0,,POINTWISE_SUPREMUM,3.8362206974688684e-07,9.131686427645525e-08,0.0,3.332481000048574,True,True,False,False,False,False,False,E02__U024__TOP__MINIMUM_CERTIFIED_OUTER_GAP,x04_t07,representative,plus,0.08844939861330545,3.3907300146962327,D4-deformed-contour-regular-away-W3-v51,checkpoint_5461_parent_v51_finite_cell
5464__x04_t08,5461_FINITE_PROJECTIVE_OWNER_CELL,E02,U024,MC04_SP_DP,B03,7,0,1,TOP,SIGN_DEFINITE_MONOTONE_PRINCIPAL_SQRT_RECTANGLE_WITH_PARENT_FALLBACK,0.8047135865169173,0.80574821519675,0.3125,0.3203125,8,x04_t08__finite_projective_depth9,0.02991069219452639,4.749389340233421e-07,True,,,5361.702082928011,0.021484212828536787,1.1105397262252428,3.3907303564595948,8.017333656088532,0,,POINTWISE_SUPREMUM,3.8362206974688684e-07,9.131686427645525e-08,0.0,3.554954099992756,True,True,False,False,False,False,False,E02__U024__TOP__MINIMUM_CERTIFIED_OUTER_GAP,x04_t08,representative,plus,0.08789760452043369,3.3907300146962327,D4-deformed-contour-regular-away-W3-v51,checkpoint_5461_parent_v51_finite_cell
5464__x04_t09,5461_FINITE_PROJECTIVE_OWNER_CELL,E02,U024,MC04_SP_DP,B03,7,0,1,TOP,SIGN_DEFINITE_MONOTONE_PRINCIPAL_SQRT_RECTANGLE_WITH_PARENT_FALLBACK,0.8047135865169173,0.80574821519675,0.3203125,0.328125,8,x04_t09__finite_projective_depth9,0.02991069219452639,4.749389340233421e-07,True,,,5848.3207392765,0.021189883080417575,1.1105423826528686,3.3907303564595948,7.902043400818529,0,,POINTWISE_SUPREMUM,3.8362206974688684e-07,9.131686427645525e-08,0.0,3.0939257999998517,True,True,False,False,False,False,False,E02__U024__TOP__MINIMUM_CERTIFIED_OUTER_GAP,x04_t09,representative,plus,0.08734806789747712,3.3907300146962327,D4-deformed-contour-regular-away-W3-v51,checkpoint_5461_parent_v51_finite_cell
5464__x04_t10,5461_FINITE_PROJECTIVE_OWNER_CELL,E02,U024,MC04_SP_DP,B03,7,0,1,TOP,SIGN_DEFINITE_MONOTONE_PRINCIPAL_SQRT_RECTANGLE_WITH_PARENT_FALLBACK,0.8047135865169173,0.80574821519675,0.328125,0.3359375,8,x04_t10__finite_projective_depth9,0.02991069219452639,4.749389340233421e-07,True,,,6383.734177718067,0.02089587246646564,1.1105451059707219,3.3907303564595948,7.7843029284853085,0,,POINTWISE_SUPREMUM,3.8362206974688684e-07,9.131686427645525e-08,0.0,3.4736998000298627,True,True,False,False,False,False,False,E02__U024__TOP__MINIMUM_CERTIFIED_OUTER_GAP,x04_t10,representative,plus,0.08680083542388932,3.3907300146962327,D4-deformed-contour-regular-away-W3-v51,checkpoint_5461_parent_v51_finite_cell
5464__x04_t11,5461_FINITE_PROJECTIVE_OWNER_CELL,E02,U024,MC04_SP_DP,B03,7,0,1,TOP,SIGN_DEFINITE_MONOTONE_PRINCIPAL_SQRT_RECTANGLE_WITH_PARENT_FALLBACK,0.8047135865169173,0.80574821519675,0.3359375,0.34375,8,x04_t11__finite_projective_depth9,0.02991069219452639,4.749389340233421e-07,True,,,6973.371659934078,0.020602220563744444,1.1105479190102274,3.3907303564595948,7.6641100818366725,0,,POINTWISE_SUPREMUM,3.8362206974688684e-07,9.131686427645525e-08,0.0,3.169953099975828,True,True,False,False,False,False,False,E02__U024__TOP__MINIMUM_CERTIFIED_OUTER_GAP,x04_t11,representative,plus,0.08625595486671374,3.3907300146962327,D4-deformed-contour-regular-away-W3-v51,checkpoint_5461_parent_v51_finite_cell
5464__x04_t12,5461_FINITE_PROJECTIVE_OWNER_CELL,E02,U024,MC04_SP_DP,B03,7,0,1,TOP,SIGN_DEFINITE_MONOTONE_PRINCIPAL_SQRT_RECTANGLE_WITH_PARENT_FALLBACK,0.8047135865169173,0.80574821519675,0.34375,0.3515625,8,x04_t12__finite_projective_depth9,0.02991069219452639,4.749389340233421e-07,True,,,7623.330104328432,0.020308969781617673,1.1105508456216915,3.3907303564595948,7.541466347947874,0,,POINTWISE_SUPREMUM,3.8362206974688684e-07,9.131686427645525e-08,0.0,3.5404257999616675,True,True,False,False,False,False,False,E02__U024__TOP__MINIMUM_CERTIFIED_OUTER_GAP,x04_t12,representative,plus,0.08571347510494587,3.3907300146962327,D4-deformed-contour-regular-away-W3-v51,checkpoint_5461_parent_v51_finite_cell
5464__x04_t13,5461_FINITE_PROJECTIVE_OWNER_CELL,E02,U024,MC04_SP_DP,B03,7,0,1,TOP,SIGN_DEFINITE_MONOTONE_PRINCIPAL_SQRT_RECTANGLE_WITH_PARENT_FALLBACK,0.8047135865169173,0.80574821519675,0.3515625,0.359375,8,x04_t13__finite_projective_depth9,0.02991069219452639,4.749389340233421e-07,True,,,8340.46418628623,0.020016165570311314,1.110553910704916,3.3907303564595948,7.416377136948137,0,,POINTWISE_SUPREMUM,3.8362206974688684e-07,9.131686427645525e-08,0.0,3.2062415000400506,True,True,False,False,False,False,False,E02__U024__TOP__MINIMUM_CERTIFIED_OUTER_GAP,x04_t13,representative,plus,0.08517344615415172,3.3907300146962327,D4-deformed-contour-regular-away-W3-v51,checkpoint_5461_parent_v51_finite_cell
5464__x04_t14,5461_FINITE_PROJECTIVE_OWNER_CELL,E02,U024,MC04_SP_DP,B03,7,0,1,TOP,SIGN_DEFINITE_MONOTONE_PRINCIPAL_SQRT_RECTANGLE_WITH_PARENT_FALLBACK,0.8047135865169173,0.80574821519675,0.359375,0.3671875,8,x04_t14__finite_projective_depth9,0.02991069219452639,4.749389340233421e-07,True,,,9132.673334018766,0.01972385664563039,1.1105571402400345,3.3907303564595948,7.288852073365311,0,,POINTWISE_SUPREMUM,3.8362206974688684e-07,9.131686427645525e-08,0.0,3.379482999967877,True,True,False,False,False,False,False,E02__U024__TOP__MINIMUM_CERTIFIED_OUTER_GAP,x04_t14,representative,plus,0.08463591919131438,3.3907300146962327,D4-deformed-contour-regular-away-W3-v51,checkpoint_5461_parent_v51_finite_cell
5464__x04_t15,5461_FINITE_PROJECTIVE_OWNER_CELL,E02,U024,MC04_SP_DP,B03,7,0,1,TOP,SIGN_DEFINITE_MONOTONE_PRINCIPAL_SQRT_RECTANGLE_WITH_PARENT_FALLBACK,0.8047135865169173,0.80574821519675,0.3671875,0.375,8,x04_t15__finite_projective_depth9,0.02991069219452639,4.749389340233421e-07,True,,,10011.857094029869,0.01943209523110114,1.1105605613185,3.3907303564595948,7.158905300123334,0,,POINTWISE_SUPREMUM,3.8362206974688684e-07,9.131686427645525e-08,0.0,3.307532800012268,True,True,False,False,False,False,False,E02__U024__TOP__MINIMUM_CERTIFIED_OUTER_GAP,x04_t15,representative,plus,0.0841009465798775,3.3907300146962327,D4-deformed-contour-regular-away-W3-v51,checkpoint_5461_parent_v51_finite_cell
5464__x04_t16,5461_FINITE_PROJECTIVE_OWNER_CELL,E02,U024,MC04_SP_DP,B03,7,0,1,TOP,SIGN_DEFINITE_MONOTONE_PRINCIPAL_SQRT_RECTANGLE_WITH_PARENT_FALLBACK,0.8047135865169173,0.80574821519675,0.375,0.3828125,8,x04_t16__finite_projective_depth9,0.02991069219452639,4.749389340233421e-07,True,,,10987.459468640995,0.01914093731889778,1.1105642021741593,3.3907303564595948,7.026555795157056,0,,POINTWISE_SUPREMUM,3.8362206974688684e-07,9.131686427645525e-08,0.0,3.699309100047685,True,True,False,False,False,False,False,E02__U024__TOP__MINIMUM_CERTIFIED_OUTER_GAP,x04_t16,representative,plus,0.08356858189494956,3.3907300146962327,D4-deformed-contour-regular-away-W3-v51,checkpoint_5461_parent_v51_finite_cell
5464__x04_t17,5461_FINITE_PROJECTIVE_OWNER_CELL,E02,U024,MC04_SP_DP,B03,7,0,1,TOP,SIGN_DEFINITE_MONOTONE_PRINCIPAL_SQRT_RECTANGLE_WITH_PARENT_FALLBACK,0.8047135865169173,0.80574821519675,0.3828125,0.390625,8,x04_t17__finite_projective_depth9,0.02991069219452639,4.749389340233421e-07,True,,,12074.104136064008,0.018850442951001616,1.110568092214333,3.3907303564595948,6.89182770052816,0,,POINTWISE_SUPREMUM,3.8362206974688684e-07,9.131686427645525e-08,0.0,3.180538499960676,True,True,False,False,False,False,False,E02__U024__TOP__MINIMUM_CERTIFIED_OUTER_GAP,x04_t17,representative,plus,0.08303887994863081,3.3907300146962327,D4-deformed-contour-regular-away-W3-v51,checkpoint_5461_parent_v51_finite_cell
5464__x04_t18,5461_FINITE_PROJECTIVE_OWNER_CELL,E02,U024,MC04_SP_DP,B03,7,0,1,TOP,SIGN_DEFINITE_MONOTONE_PRINCIPAL_SQRT_RECTANGLE_WITH_PARENT_FALLBACK,0.8047135865169173,0.80574821519675,0.390625,0.3984375,8,x04_t18__finite_projective_depth9,0.02991069219452639,4.749389340233421e-07,True,,,13292.665968942514,0.018560676522130455,1.1105722620508207,3.3907303564595948,6.75475066383602,0,,POINTWISE_SUPREMUM,3.8362206974688684e-07,9.131686427645525e-08,0.0,3.3144016000442207,True,True,False,False,False,False,False,E02__U024__TOP__MINIMUM_CERTIFIED_OUTER_GAP,x04_t18,representative,plus,0.08251189681541839,3.3907300146962327,D4-deformed-contour-regular-away-W3-v51,checkpoint_5461_parent_v51_finite_cell
5464__x04_t19,5461_FINITE_PROJECTIVE_OWNER_CELL,E02,U024,MC04_SP_DP,B03,7,0,1,TOP,SIGN_DEFINITE_MONOTONE_PRINCIPAL_SQRT_RECTANGLE_WITH_PARENT_FALLBACK,0.8047135865169173,0.80574821519675,0.3984375,0.40625,8,x04_t19__finite_projective_depth9,0.02991069219452639,4.749389340233421e-07,True,,,14648.25980125529,0.018271707106062313,1.1105767435307334,3.3907303564595948,6.61536019161485,0,,POINTWISE_SUPREMUM,3.8362206974688684e-07,9.131686427645525e-08,0.0,3.7001618999638595,True,True,False,False,False,False,False,E02__U024__TOP__MINIMUM_CERTIFIED_OUTER_GAP,x04_t19,representative,plus,0.08198768985764206,3.3907300146962327,D4-deformed-contour-regular-away-W3-v51,checkpoint_5461_parent_v51_finite_cell
5464__x04_t20,5461_FINITE_PROJECTIVE_OWNER_CELL,E02,U024,MC04_SP_DP,B03,7,0,1,TOP,SIGN_DEFINITE_MONOTONE_PRINCIPAL_SQRT_RECTANGLE_WITH_PARENT_FALLBACK,0.8047135865169173,0.80574821519675,0.40625,0.4140625,8,x04_t20__finite_projective_depth9,0.02991069219452639,4.749389340233421e-07,True,,,16158.083369908554,0.017983608807061142,1.11058156976706,3.3907303564595948,6.473698014295945,0,,POINTWISE_SUPREMUM,3.8362206974688684e-07,9.131686427645525e-08,0.0,3.308490199968219,True,True,False,False,False,False,False,E02__U024__TOP__MINIMUM_CERTIFIED_OUTER_GAP,x04_t20,representative,plus,0.08146631775087777,3.3907300146962327,D4-deformed-contour-regular-away-W3-v51,checkpoint_5461_parent_v51_finite_cell
5464__x04_t21,5461_FINITE_PROJECTIVE_OWNER_CELL,E02,U024,MC04_SP_DP,B03,7,0,1,TOP,SIGN_DEFINITE_MONOTONE_PRINCIPAL_SQRT_RECTANGLE_WITH_PARENT_FALLBACK,0.8047135865169173,0.80574821519675,0.4140625,0.421875,8,x04_t21__finite_projective_depth9,0.02991069219452639,4.749389340233421e-07,True,,,17843.219753562797,0.01769646113818496,1.1105867751688516,3.3907303564595948,6.329812462186427,0,,POINTWISE_SUPREMUM,3.8362206974688684e-07,9.131686427645525e-08,0.0,3.274106299970299,True,True,False,False,False,False,False,E02__U024__TOP__MINIMUM_CERTIFIED_OUTER_GAP,x04_t21,representative,plus,0.08094784050928037,3.3907300146962327,D4-deformed-contour-regular-away-W3-v51,checkpoint_5461_parent_v51_finite_cell
5464__x04_t22,5461_FINITE_PROJECTIVE_OWNER_CELL,E02,U024,MC04_SP_DP,B03,7,0,1,TOP,SIGN_DEFINITE_MONOTONE_PRINCIPAL_SQRT_RECTANGLE_WITH_PARENT_FALLBACK,0.8047135865169173,0.80574821519675,0.421875,0.4296875,8,x04_t22__finite_projective_depth9,0.02991069219452639,4.749389340233421e-07,True,,,19727.356179577062,0.01741034942832076,1.1105923954709114,3.3907303564595948,6.183758851778321,0,,POINTWISE_SUPREMUM,3.8362206974688684e-07,9.131686427645525e-08,0.0,3.255846099986229,True,True,False,False,False,False,False,E02__U024__TOP__MINIMUM_CERTIFIED_OUTER_GAP,x04_t22,representative,plus,0.08043231951077247,3.3907300146962327,D4-deformed-contour-regular-away-W3-v51,checkpoint_5461_parent_v51_finite_cell
5464__x04_t23,5461_FINITE_PROJECTIVE_OWNER_CELL,E02,U024,MC04_SP_DP,B03,7,0,1,TOP,SIGN_DEFINITE_MONOTONE_PRINCIPAL_SQRT_RECTANGLE_WITH_PARENT_FALLBACK,0.8047135865169173,0.80574821519675,0.4296875,0.4375,8,x04_t23__finite_projective_depth9,0.02991069219452639,4.749389340233421e-07,True,,,21849.617262228217,0.01712536525982937,1.1105984677628582,3.3907303564595948,6.032319020241445,0,,POINTWISE_SUPREMUM,3.8362206974688684e-07,9.131686427645525e-08,0.0,3.294559800007846,True,True,False,False,False,False,False,E02__U024__TOP__MINIMUM_CERTIFIED_OUTER_GAP,x04_t23,representative,plus,0.07991981752201957,3.3907300146962327,D4-deformed-contour-regular-away-W3-v51,checkpoint_5461_parent_v51_finite_cell
5464__x04_t24,5461_FINITE_PROJECTIVE_OWNER_CELL,E02,U024,MC04_SP_DP,B03,7,0,1,TOP,SIGN_DEFINITE_MONOTONE_PRINCIPAL_SQRT_RECTANGLE_WITH_PARENT_FALLBACK,0.8047135865169173,0.80574821519675,0.4375,0.4453125,8,x04_t24__finite_projective_depth9,0.02991069219452639,4.749389340233421e-07,True,,,24291.30451920828,0.0168416068749213,1.1106050305174309,3.3907303564595948,5.8636118769558445,0,,POINTWISE_SUPREMUM,3.8362206974688684e-07,9.131686427645525e-08,0.0,3.4162753999698907,True,True,False,False,False,False,False,E02__U024__TOP__MINIMUM_CERTIFIED_OUTER_GAP,x04_t24,representative,plus,0.07941039871355131,3.3907300146962327,D4-deformed-contour-regular-away-W3-v51,checkpoint_5461_parent_v51_finite_cell
5464__x04_t25,5461_FINITE_PROJECTIVE_OWNER_CELL,E02,U024,MC04_SP_DP,B03,7,0,1,TOP,SIGN_DEFINITE_MONOTONE_PRINCIPAL_SQRT_RECTANGLE_WITH_PARENT_FALLBACK,0.8047135865169173,0.80574821519675,0.4453125,0.453125,8,x04_t25__finite_projective_depth9,0.02991069219452639,4.749389340233421e-07,True,,,27045.526197775947,0.016559178489192274,1.1106121236178839,3.3907303564595948,5.692068938774589,0,,POINTWISE_SUPREMUM,3.8362206974688684e-07,9.131686427645525e-08,0.0,3.461679500003811,True,True,False,False,False,False,False,E02__U024__TOP__MINIMUM_CERTIFIED_OUTER_GAP,x04_t25,representative,plus,0.0789041285056452,3.3907300146962327,D4-deformed-contour-regular-away-W3-v51,checkpoint_5461_parent_v51_finite_cell
5464__x04_t26,5461_FINITE_PROJECTIVE_OWNER_CELL,E02,U024,MC04_SP_DP,B03,7,0,1,TOP,SIGN_DEFINITE_MONOTONE_PRINCIPAL_SQRT_RECTANGLE_WITH_PARENT_FALLBACK,0.8047135865169173,0.80574821519675,0.453125,0.4609375,8,x04_t26__finite_projective_depth9,0.02991069219452639,4.749389340233421e-07,True,,,30158.44762902891,0.01627819472279101,1.1106197883843183,3.3907303564595948,5.517751787238948,0,,POINTWISE_SUPREMUM,3.8362206974688684e-07,9.131686427645525e-08,0.0,3.3458206999930553,True,True,False,False,False,False,False,E02__U024__TOP__MINIMUM_CERTIFIED_OUTER_GAP,x04_t26,representative,plus,0.0784010741753322,3.3907300146962327,D4-deformed-contour-regular-away-W3-v51,checkpoint_5461_parent_v51_finite_cell
5464__x04_t27,5461_FINITE_PROJECTIVE_OWNER_CELL,E02,U024,MC04_SP_DP,B03,7,0,1,TOP,SIGN_DEFINITE_MONOTONE_PRINCIPAL_SQRT_RECTANGLE_WITH_PARENT_FALLBACK,0.8047135865169173,0.80574821519675,0.4609375,0.46875,8,x04_t27__finite_projective_depth9,0.02991069219452639,4.749389340233421e-07,True,,,33684.061878614,0.015998777225416646,1.1106280675987799,3.3907303564595948,5.340729647475536,0,,POINTWISE_SUPREMUM,3.8362206974688684e-07,9.131686427645525e-08,0.0,3.3002958000288345,True,True,False,False,False,False,False,E02__U024__TOP__MINIMUM_CERTIFIED_OUTER_GAP,x04_t27,representative,plus,0.0779013042867137,3.3907300146962327,D4-deformed-contour-regular-away-W3-v51,checkpoint_5461_parent_v51_finite_cell
5464__x04_t28,5461_FINITE_PROJECTIVE_OWNER_CELL,E02,U024,MC04_SP_DP,B03,7,0,1,TOP,SIGN_DEFINITE_MONOTONE_PRINCIPAL_SQRT_RECTANGLE_WITH_PARENT_FALLBACK,0.8047135865169173,0.80574821519675,0.46875,0.4765625,8,x04_t28__finite_projective_depth9,0.02991069219452639,4.749389340233421e-07,True,,,37685.89744820278,0.01572105661268419,1.1106370055289465,3.3907303564595948,5.161081026080215,0,,POINTWISE_SUPREMUM,3.8362206974688684e-07,9.131686427645525e-08,0.0,3.213154199998826,True,True,False,False,False,False,False,E02__U024__TOP__MINIMUM_CERTIFIED_OUTER_GAP,x04_t28,representative,plus,0.0774048889114214,3.3907300146962327,D4-deformed-contour-regular-away-W3-v51,checkpoint_5461_parent_v51_finite_cell
5464__x04_t29,5461_FINITE_PROJECTIVE_OWNER_CELL,E02,U024,MC04_SP_DP,B03,7,0,1,TOP,SIGN_DEFINITE_MONOTONE_PRINCIPAL_SQRT_RECTANGLE_WITH_PARENT_FALLBACK,0.8047135865169173,0.80574821519675,0.4765625,0.484375,8,x04_t29__finite_projective_depth9,0.02991069219452639,4.749389340233421e-07,True,,,42326.70109689907,0.015445173124840499,1.1106466479502157,3.3907303564595948,4.978894194305146,0,,POINTWISE_SUPREMUM,3.8362206974688684e-07,9.131686427645525e-08,0.0,3.4632459999993443,True,True,False,False,False,False,False,E02__U024__TOP__MINIMUM_CERTIFIED_OUTER_GAP,x04_t29,representative,plus,0.07691189965047912,3.3907300146962327,D4-deformed-contour-regular-away-W3-v51,checkpoint_5461_parent_v51_finite_cell
5464__x04_t30,5461_FINITE_PROJECTIVE_OWNER_CELL,E02,U024,MC04_SP_DP,B03,7,0,1,TOP,SIGN_DEFINITE_MONOTONE_PRINCIPAL_SQRT_RECTANGLE_WITH_PARENT_FALLBACK,0.8047135865169173,0.80574821519675,0.484375,0.4921875,8,x04_t30__finite_projective_depth9,0.02991069219452639,4.749389340233421e-07,True,,,47720.31421698747,0.01517127732683068,1.1106570421659916,3.3907303564595948,4.794267675323814,0,,POINTWISE_SUPREMUM,3.8362206974688684e-07,9.131686427645525e-08,0.0,3.6407394999987446,True,True,False,False,False,False,False,E02__U024__TOP__MINIMUM_CERTIFIED_OUTER_GAP,x04_t30,representative,plus,0.0764224096552704,3.3907300146962327,D4-deformed-contour-regular-away-W3-v51,checkpoint_5461_parent_v51_finite_cell
5464__x04_t31,5461_FINITE_PROJECTIVE_OWNER_CELL,E02,U024,MC04_SP_DP,B03,7,0,1,TOP,SIGN_DEFINITE_MONOTONE_PRINCIPAL_SQRT_RECTANGLE_WITH_PARENT_FALLBACK,0.8047135865169173,0.80574821519675,0.4921875,0.5,8,x04_t31__finite_projective_depth9,0.02991069219452639,4.749389340233421e-07,True,,,54223.634508269926,0.0148995308498828,1.1106682370259588,3.3907303564595948,4.6073107332700936,0,,POINTWISE_SUPREMUM,3.8362206974688684e-07,9.131686427645525e-08,0.0,3.3222990999929607,True,True,False,False,False,False,False,E02__U024__TOP__MINIMUM_CERTIFIED_OUTER_GAP,x04_t31,representative,plus,0.07593649364748283,3.3907300146962327,D4-deformed-contour-regular-away-W3-v51,checkpoint_5461_parent_v51_finite_cell
5464__x05_t00,5461_FINITE_PROJECTIVE_OWNER_CELL,E02,U024,MC04_SP_DP,B03,7,0,1,TOP,SIGN_DEFINITE_MONOTONE_PRINCIPAL_SQRT_RECTANGLE_WITH_PARENT_FALLBACK,0.80574821519675,0.8067828438765826,0.25,0.2578125,8,x05_t00__finite_projective_depth9,0.02991069219452639,4.749389340233421e-07,True,,,2873.1054630852773,0.023781310528033794,1.1071295460081017,3.40067385051711,8.8234644180296,0,,POINTWISE_SUPREMUM,3.847515519774141e-07,9.0187382045928e-08,0.0,3.4908533000270836,True,True,False,False,False,False,False,E02__U024__TOP__MINIMUM_CERTIFIED_OUTER_GAP,x05_t00,representative,plus,0.09228522628661687,3.400673507736867,D4-deformed-contour-regular-away-W3-v51,checkpoint_5461_parent_v51_finite_cell
5464__x05_t01,5461_FINITE_PROJECTIVE_OWNER_CELL,E02,U024,MC04_SP_DP,B03,7,0,1,TOP,SIGN_DEFINITE_MONOTONE_PRINCIPAL_SQRT_RECTANGLE_WITH_PARENT_FALLBACK,0.80574821519675,0.8067828438765826,0.2578125,0.265625,8,x05_t01__finite_projective_depth9,0.02991069219452639,4.749389340233421e-07,True,,,3117.303062508813,0.023484735142841395,1.1071322050164343,3.40067385051711,8.73658249037184,0,,POINTWISE_SUPREMUM,3.847515519774141e-07,9.0187382045928e-08,0.0,3.2697913000010885,True,True,False,False,False,False,False,E02__U024__TOP__MINIMUM_CERTIFIED_OUTER_GAP,x05_t01,representative,plus,0.09171736261206594,3.400673507736867,D4-deformed-contour-regular-away-W3-v51,checkpoint_5461_parent_v51_finite_cell
5464__x05_t02,5461_FINITE_PROJECTIVE_OWNER_CELL,E02,U024,MC04_SP_DP,B03,7,0,1,TOP,SIGN_DEFINITE_MONOTONE_PRINCIPAL_SQRT_RECTANGLE_WITH_PARENT_FALLBACK,0.80574821519675,0.8067828438765826,0.265625,0.2734375,8,x05_t02__finite_projective_depth9,0.02991069219452639,4.749389340233421e-07,True,,,3383.935140913218,0.023188244029675974,1.1071347795847946,3.40067385051711,8.647750155800386,0,,POINTWISE_SUPREMUM,3.847515519774141e-07,9.0187382045928e-08,0.0,3.380121299996972,True,True,False,False,False,False,False,E02__U024__TOP__MINIMUM_CERTIFIED_OUTER_GAP,x05_t02,representative,plus,0.091151465074701,3.400673507736867,D4-deformed-contour-regular-away-W3-v51,checkpoint_5461_parent_v51_finite_cell
5464__x05_t03,5461_FINITE_PROJECTIVE_OWNER_CELL,E02,U024,MC04_SP_DP,B03,7,0,1,TOP,SIGN_DEFINITE_MONOTONE_PRINCIPAL_SQRT_RECTANGLE_WITH_PARENT_FALLBACK,0.80574821519675,0.8067828438765826,0.2734375,0.28125,8,x05_t03__finite_projective_depth9,0.02991069219452639,4.749389340233421e-07,True,,,3675.251095844136,0.022891860278716224,1.1071372854903454,3.40067385051711,8.556952307493031,0,,POINTWISE_SUPREMUM,3.847515519774141e-07,9.0187382045928e-08,0.0,3.2261929999804124,True,True,False,False,False,False,False,E02__U024__TOP__MINIMUM_CERTIFIED_OUTER_GAP,x05_t03,representative,plus,0.09058757360512316,3.400673507736867,D4-deformed-contour-regular-away-W3-v51,checkpoint_5461_parent_v51_finite_cell
5464__x05_t04,5461_FINITE_PROJECTIVE_OWNER_CELL,E02,U024,MC04_SP_DP,B03,7,0,1,TOP,SIGN_DEFINITE_MONOTONE_PRINCIPAL_SQRT_RECTANGLE_WITH_PARENT_FALLBACK,0.80574821519675,0.8067828438765826,0.28125,0.2890625,8,x05_t04__finite_projective_depth9,0.02991069219452639,4.749389340233421e-07,True,,,3993.7460518418998,0.022595608625439675,1.1071397393027873,3.40067385051711,8.464175555350552,0,,POINTWISE_SUPREMUM,3.847515519774141e-07,9.0187382045928e-08,0.0,3.255224000022281,True,True,False,False,False,False,False,E02__U024__TOP__MINIMUM_CERTIFIED_OUTER_GAP,x05_t04,representative,plus,0.09002572906765509,3.400673507736867,D4-deformed-contour-regular-away-W3-v51,checkpoint_5461_parent_v51_finite_cell
5464__x05_t05,5461_FINITE_PROJECTIVE_OWNER_CELL,E02,U024,MC04_SP_DP,B03,7,0,1,TOP,SIGN_DEFINITE_MONOTONE_PRINCIPAL_SQRT_RECTANGLE_WITH_PARENT_FALLBACK,0.80574821519675,0.8067828438765826,0.2890625,0.296875,8,x05_t05__finite_projective_depth9,0.02991069219452639,4.749389340233421e-07,True,,,4345.9797155574015,0.02229951556879794,1.1071421584119117,3.40067385051711,8.362247314810213,0,,POINTWISE_SUPREMUM,3.847515519774141e-07,9.0187382045928e-08,0.0,3.2523455999908037,True,True,False,False,False,False,False,E02__U024__TOP__MINIMUM_CERTIFIED_OUTER_GAP,x05_t05,representative,plus,0.08946597328265603,3.400673507736867,D4-deformed-contour-regular-away-W3-v51,checkpoint_5461_parent_v51_finite_cell
5464__x05_t06,5461_FINITE_PROJECTIVE_OWNER_CELL,E02,U024,MC04_SP_DP,B03,7,0,1,TOP,SIGN_DEFINITE_MONOTONE_PRINCIPAL_SQRT_RECTANGLE_WITH_PARENT_FALLBACK,0.80574821519675,0.8067828438765826,0.296875,0.3046875,8,x05_t06__finite_projective_depth9,0.02991069219452639,4.749389340233421e-07,True,,,4735.859137288099,0.022003609498371626,1.107144561055699,3.40067385051711,8.252921015982304,0,,POINTWISE_SUPREMUM,3.847515519774141e-07,9.0187382045928e-08,0.0,3.5561908000381663,True,True,False,False,False,False,False,E02__U024__TOP__MINIMUM_CERTIFIED_OUTER_GAP,x05_t06,representative,plus,0.08890834904922336,3.400673507736867,D4-deformed-contour-regular-away-W3-v51,checkpoint_5461_parent_v51_finite_cell
5464__x05_t07,5461_FINITE_PROJECTIVE_OWNER_CELL,E02,U024,MC04_SP_DP,B03,7,0,1,TOP,SIGN_DEFINITE_MONOTONE_PRINCIPAL_SQRT_RECTANGLE_WITH_PARENT_FALLBACK,0.80574821519675,0.8067828438765826,0.3046875,0.3125,8,x05_t07__finite_projective_depth9,0.02991069219452639,4.749389340233421e-07,True,,,5164.617925233807,0.02170792083122808,1.1071469663489346,3.40067385051711,8.141137743368247,0,,POINTWISE_SUPREMUM,3.847515519774141e-07,9.0187382045928e-08,0.0,3.312238599988632,True,True,False,False,False,False,False,E02__U024__TOP__MINIMUM_CERTIFIED_OUTER_GAP,x05_t07,representative,plus,0.08835290016826954,3.400673507736867,D4-deformed-contour-regular-away-W3-v51,checkpoint_5461_parent_v51_finite_cell
5464__x05_t08,5461_FINITE_PROJECTIVE_OWNER_CELL,E02,U024,MC04_SP_DP,B03,7,0,1,TOP,SIGN_DEFINITE_MONOTONE_PRINCIPAL_SQRT_RECTANGLE_WITH_PARENT_FALLBACK,0.80574821519675,0.8067828438765826,0.3125,0.3203125,8,x05_t08__finite_projective_depth9,0.02991069219452639,4.749389340233421e-07,True,,,5636.059425930222,0.02141248215926474,1.1071493943123185,3.40067385051711,8.026885808599204,0,,POINTWISE_SUPREMUM,3.847515519774141e-07,9.0187382045928e-08,0.0,3.498595800017938,True,True,False,False,False,False,False,E02__U024__TOP__MINIMUM_CERTIFIED_OUTER_GAP,x05_t08,representative,plus,0.087799671465963,3.400673507736867,D4-deformed-contour-regular-away-W3-v51,checkpoint_5461_parent_v51_finite_cell
5464__x05_t09,5461_FINITE_PROJECTIVE_OWNER_CELL,E02,U024,MC04_SP_DP,B03,7,0,1,TOP,SIGN_DEFINITE_MONOTONE_PRINCIPAL_SQRT_RECTANGLE_WITH_PARENT_FALLBACK,0.80574821519675,0.8067828438765826,0.3203125,0.328125,8,x05_t09__finite_projective_depth9,0.02991069219452639,4.749389340233421e-07,True,,,6154.894556556222,0.02111732840788647,1.107151865902036,3.40067385051711,7.910156462124788,0,,POINTWISE_SUPREMUM,3.847515519774141e-07,9.0187382045928e-08,0.0,3.186382300045807,True,True,False,False,False,False,False,E02__U024__TOP__MINIMUM_CERTIFIED_OUTER_GAP,x05_t09,representative,plus,0.08724870881751838,3.400673507736867,D4-deformed-contour-regular-away-W3-v51,checkpoint_5461_parent_v51_finite_cell
5464__x05_t10,5461_FINITE_PROJECTIVE_OWNER_CELL,E02,U024,MC04_SP_DP,B03,7,0,1,TOP,SIGN_DEFINITE_MONOTONE_PRINCIPAL_SQRT_RECTANGLE_WITH_PARENT_FALLBACK,0.80574821519675,0.8067828438765826,0.328125,0.3359375,8,x05_t10__finite_projective_depth9,0.02991069219452639,4.749389340233421e-07,True,,,6726.3973505589265,0.020822497006932172,1.107154403039753,3.40067385051711,7.79094414029528,0,,POINTWISE_SUPREMUM,3.847515519774141e-07,9.0187382045928e-08,0.0,3.473887800006196,True,True,False,False,False,False,False,E02__U024__TOP__MINIMUM_CERTIFIED_OUTER_GAP,x05_t10,representative,plus,0.08670005917131951,3.400673507736867,D4-deformed-contour-regular-away-W3-v51,checkpoint_5461_parent_v51_finite_cell
5464__x05_t11,5461_FINITE_PROJECTIVE_OWNER_CELL,E02,U024,MC04_SP_DP,B03,7,0,1,TOP,SIGN_DEFINITE_MONOTONE_PRINCIPAL_SQRT_RECTANGLE_WITH_PARENT_FALLBACK,0.80574821519675,0.8067828438765826,0.3359375,0.34375,8,x05_t11__finite_projective_depth9,0.02991069219452639,4.749389340233421e-07,True,,,7356.491967969266,0.0205280280748385,1.1071570286429957,3.40067385051711,7.669246724941606,0,,POINTWISE_SUPREMUM,3.847515519774141e-07,9.0187382045928e-08,0.0,3.406208799977321,True,True,False,False,False,False,False,E02__U024__TOP__MINIMUM_CERTIFIED_OUTER_GAP,x05_t11,representative,plus,0.08615377057335592,3.400673507736867,D4-deformed-contour-regular-away-W3-v51,checkpoint_5461_parent_v51_finite_cell
5464__x05_t12,5461_FINITE_PROJECTIVE_OWNER_CELL,E02,U024,MC04_SP_DP,B03,7,0,1,TOP,SIGN_DEFINITE_MONOTONE_PRINCIPAL_SQRT_RECTANGLE_WITH_PARENT_FALLBACK,0.80574821519675,0.8067828438765826,0.34375,0.3515625,8,x05_t12__finite_projective_depth9,0.02991069219452639,4.749389340233421e-07,True,,,8051.841566517211,0.020233964617107695,1.1071597666558683,3.40067385051711,7.545065815658914,0,,POINTWISE_SUPREMUM,3.847515519774141e-07,9.0187382045928e-08,0.0,3.4134095999761485,True,True,False,False,False,False,False,E02__U024__TOP__MINIMUM_CERTIFIED_OUTER_GAP,x05_t12,representative,plus,0.08560989219195107,3.400673507736867,D4-deformed-contour-regular-away-W3-v51,checkpoint_5461_parent_v51_finite_cell
5464__x05_t13,5461_FINITE_PROJECTIVE_OWNER_CELL,E02,U024,MC04_SP_DP,B03,7,0,1,TOP,SIGN_DEFINITE_MONOTONE_PRINCIPAL_SQRT_RECTANGLE_WITH_PARENT_FALLBACK,0.80574821519675,0.8067828438765826,0.3515625,0.359375,8,x05_t13__finite_projective_depth9,0.02991069219452639,4.749389340233421e-07,True,,,8819.946784217886,0.019940352740226847,1.1071626420800589,3.40067385051711,7.418407014951213,0,,POINTWISE_SUPREMUM,3.847515519774141e-07,9.0187382045928e-08,0.0,3.174353800015524,True,True,False,False,False,False,False,E02__U024__TOP__MINIMUM_CERTIFIED_OUTER_GAP,x05_t13,representative,plus,0.0850684743427568,3.400673507736867,D4-deformed-contour-regular-away-W3-v51,checkpoint_5461_parent_v51_finite_cell
5464__x05_t14,5461_FINITE_PROJECTIVE_OWNER_CELL,E02,U024,MC04_SP_DP,B03,7,0,1,TOP,SIGN_DEFINITE_MONOTONE_PRINCIPAL_SQRT_RECTANGLE_WITH_PARENT_FALLBACK,0.80574821519675,0.8067828438765826,0.359375,0.3671875,8,x05_t14__finite_projective_depth9,0.02991069219452639,4.749389340233421e-07,True,,,9669.261347593561,0.01964724188227223,1.1071656810060713,3.40067385051711,7.2892802263397085,0,,POINTWISE_SUPREMUM,3.847515519774141e-07,9.0187382045928e-08,0.0,3.0910101000336,True,True,False,False,False,False,False,E02__U024__TOP__MINIMUM_CERTIFIED_OUTER_GAP,x05_t14,representative,plus,0.08452956851398667,3.400673507736867,D4-deformed-contour-regular-away-W3-v51,checkpoint_5461_parent_v51_finite_cell
5464__x05_t15,5461_FINITE_PROJECTIVE_OWNER_CELL,E02,U024,MC04_SP_DP,B03,7,0,1,TOP,SIGN_DEFINITE_MONOTONE_PRINCIPAL_SQRT_RECTANGLE_WITH_PARENT_FALLBACK,0.80574821519675,0.8067828438765826,0.3671875,0.375,8,x05_t15__finite_projective_depth9,0.02991069219452639,4.749389340233421e-07,True,,,10609.325023633306,0.01935468506152243,1.1071689106446245,3.40067385051711,7.157699965474363,0,,POINTWISE_SUPREMUM,3.847515519774141e-07,9.0187382045928e-08,0.0,3.1222630999982357,True,True,False,False,False,False,False,E02__U024__TOP__MINIMUM_CERTIFIED_OUTER_GAP,x05_t15,representative,plus,0.08399322739185536,3.400673507736867,D4-deformed-contour-regular-away-W3-v51,checkpoint_5461_parent_v51_finite_cell
5464__x05_t16,5461_FINITE_PROJECTIVE_OWNER_CELL,E02,U024,MC04_SP_DP,B03,7,0,1,TOP,SIGN_DEFINITE_MONOTONE_PRINCIPAL_SQRT_RECTANGLE_WITH_PARENT_FALLBACK,0.80574821519675,0.8067828438765826,0.375,0.3828125,8,x05_t16__finite_projective_depth9,0.02991069219452639,4.749389340233421e-07,True,,,11650.963561389577,0.01906273914449481,1.1071723593581446,3.40067385051711,7.02368568421478,0,,POINTWISE_SUPREMUM,3.847515519774141e-07,9.0187382045928e-08,0.0,3.7486236999975517,True,True,False,False,False,False,False,E02__U024__TOP__MINIMUM_CERTIFIED_OUTER_GAP,x05_t16,representative,plus,0.08345950488618953,3.400673507736867,D4-deformed-contour-regular-away-W3-v51,checkpoint_5461_parent_v51_finite_cell
5464__x05_t17,5461_FINITE_PROJECTIVE_OWNER_CELL,E02,U024,MC04_SP_DP,B03,7,0,1,TOP,SIGN_DEFINITE_MONOTONE_PRINCIPAL_SQRT_RECTANGLE_WITH_PARENT_FALLBACK,0.80574821519675,0.8067828438765826,0.3828125,0.390625,8,x05_t17__finite_projective_depth9,0.02991069219452639,4.749389340233421e-07,True,,,12811.11846757378,0.018771465134914664,1.107176056692274,3.40067385051711,6.887262107564481,0,,POINTWISE_SUPREMUM,3.847515519774141e-07,9.0187382045928e-08,0.0,3.2622190000256523,True,True,False,False,False,False,False,E02__U024__TOP__MINIMUM_CERTIFIED_OUTER_GAP,x05_t17,representative,plus,0.08292845615617024,3.400673507736867,D4-deformed-contour-regular-away-W3-v51,checkpoint_5461_parent_v51_finite_cell
5464__x05_t18,5461_FINITE_PROJECTIVE_OWNER_CELL,E02,U024,MC04_SP_DP,B03,7,0,1,TOP,SIGN_DEFINITE_MONOTONE_PRINCIPAL_SQRT_RECTANGLE_WITH_PARENT_FALLBACK,0.80574821519675,0.8067828438765826,0.390625,0.3984375,8,x05_t18__finite_projective_depth9,0.02991069219452639,4.749389340233421e-07,True,,,14118.690999351244,0.018480928485220365,1.1071800334073103,3.40067385051711,6.7484595832495335,0,,POINTWISE_SUPREMUM,3.847515519774141e-07,9.0187382045928e-08,0.0,3.431981200003065,True,True,False,False,False,False,False,E02__U024__TOP__MINIMUM_CERTIFIED_OUTER_GAP,x05_t18,representative,plus,0.08240013763616294,3.400673507736867,D4-deformed-contour-regular-away-W3-v51,checkpoint_5461_parent_v51_finite_cell
5464__x05_t19,5461_FINITE_PROJECTIVE_OWNER_CELL,E02,U024,MC04_SP_DP,B03,7,0,1,TOP,SIGN_DEFINITE_MONOTONE_PRINCIPAL_SQRT_RECTANGLE_WITH_PARENT_FALLBACK,0.80574821519675,0.8067828438765826,0.3984375,0.40625,8,x05_t19__finite_projective_depth9,0.02991069219452639,4.749389340233421e-07,True,,,15575.261480653731,0.01819119943229849,1.1071843215094863,3.40067385051711,6.607314443627183,0,,POINTWISE_SUPREMUM,3.847515519774141e-07,9.0187382045928e-08,0.0,3.1379972000140697,True,True,False,False,False,False,False,E02__U024__TOP__MINIMUM_CERTIFIED_OUTER_GAP,x05_t19,representative,plus,0.08187460706158693,3.400673507736867,D4-deformed-contour-regular-away-W3-v51,checkpoint_5461_parent_v51_finite_cell
5464__x05_t20,5461_FINITE_PROJECTIVE_OWNER_CELL,E02,U024,MC04_SP_DP,B03,7,0,1,TOP,SIGN_DEFINITE_MONOTONE_PRINCIPAL_SQRT_RECTANGLE_WITH_PARENT_FALLBACK,0.80574821519675,0.8067828438765826,0.40625,0.4140625,8,x05_t20__finite_projective_depth9,0.02991069219452639,4.749389340233421e-07,True,,,17199.897735331877,0.01790235335923067,1.1071889542819824,3.40067385051711,6.463869379493673,0,,POINTWISE_SUPREMUM,3.847515519774141e-07,9.0187382045928e-08,0.0,2.844502200023271,True,True,False,False,False,False,False,E02__U024__TOP__MINIMUM_CERTIFIED_OUTER_GAP,x05_t20,representative,plus,0.0813519234947704,3.400673507736867,D4-deformed-contour-regular-away-W3-v51,checkpoint_5461_parent_v51_finite_cell
5464__x05_t21,5461_FINITE_PROJECTIVE_OWNER_CELL,E02,U024,MC04_SP_DP,B03,7,0,1,TOP,SIGN_DEFINITE_MONOTONE_PRINCIPAL_SQRT_RECTANGLE_WITH_PARENT_FALLBACK,0.80574821519675,0.8067828438765826,0.4140625,0.421875,8,x05_t21__finite_projective_depth9,0.02991069219452639,4.749389340233421e-07,True,,,19015.80502441952,0.017614471184911773,1.1071939663155668,3.40067385051711,6.3181738252304305,0,,POINTWISE_SUPREMUM,3.847515519774141e-07,9.0187382045928e-08,0.0,3.0640505999908783,True,True,False,False,False,False,False,E02__U024__TOP__MINIMUM_CERTIFIED_OUTER_GAP,x05_t21,representative,plus,0.08083214735073263,3.400673507736867,D4-deformed-contour-regular-away-W3-v51,checkpoint_5461_parent_v51_finite_cell
5464__x05_t22,5461_FINITE_PROJECTIVE_OWNER_CELL,E02,U024,MC04_SP_DP,B03,7,0,1,TOP,SIGN_DEFINITE_MONOTONE_PRINCIPAL_SQRT_RECTANGLE_WITH_PARENT_FALLBACK,0.80574821519675,0.8067828438765826,0.421875,0.4296875,8,x05_t22__finite_projective_depth9,0.02991069219452639,4.749389340233421e-07,True,,,21048.8804194079,0.01732763978346314,1.1071993935387425,3.40067385051711,6.170284354583443,0,,POINTWISE_SUPREMUM,3.847515519774141e-07,9.0187382045928e-08,0.0,3.0294500999734737,True,True,False,False,False,False,False,E02__U024__TOP__MINIMUM_CERTIFIED_OUTER_GAP,x05_t22,representative,plus,0.08031534042282885,3.400673507736867,D4-deformed-contour-regular-away-W3-v51,checkpoint_5461_parent_v51_finite_cell
5464__x05_t23,5461_FINITE_PROJECTIVE_OWNER_CELL,E02,U024,MC04_SP_DP,B03,7,0,1,TOP,SIGN_DEFINITE_MONOTONE_PRINCIPAL_SQRT_RECTANGLE_WITH_PARENT_FALLBACK,0.80574821519675,0.8067828438765826,0.4296875,0.4375,8,x05_t23__finite_projective_depth9,0.02991069219452639,4.749389340233421e-07,True,,,23351.095317103693,0.017041952435410686,1.1072052732472721,3.40067385051711,6.01470378314812,0,,POINTWISE_SUPREMUM,3.847515519774141e-07,9.0187382045928e-08,0.0,3.744219000043813,True,True,False,False,False,False,False,E02__U024__TOP__MINIMUM_CERTIFIED_OUTER_GAP,x05_t23,representative,plus,0.0798015659081873,3.400673507736867,D4-deformed-contour-regular-away-W3-v51,checkpoint_5461_parent_v51_finite_cell
5464__x05_t24,5461_FINITE_PROJECTIVE_OWNER_CELL,E02,U024,MC04_SP_DP,B03,7,0,1,TOP,SIGN_DEFINITE_MONOTONE_PRINCIPAL_SQRT_RECTANGLE_WITH_PARENT_FALLBACK,0.80574821519675,0.8067828438765826,0.4375,0.4453125,8,x05_t24__finite_projective_depth9,0.02991069219452639,4.749389340233421e-07,True,,,25995.244963488993,0.016757508351275773,1.1072116441329416,3.40067385051711,5.843791750735051,0,,POINTWISE_SUPREMUM,3.847515519774141e-07,9.0187382045928e-08,0.0,2.9943376000155695,True,True,False,False,False,False,False,E02__U024__TOP__MINIMUM_CERTIFIED_OUTER_GAP,x05_t24,representative,plus,0.07929088828875284,3.400673507736867,D4-deformed-contour-regular-away-W3-v51,checkpoint_5461_parent_v51_finite_cell
5464__x05_t25,5461_FINITE_PROJECTIVE_OWNER_CELL,E02,U024,MC04_SP_DP,B03,7,0,1,TOP,SIGN_DEFINITE_MONOTONE_PRINCIPAL_SQRT_RECTANGLE_WITH_PARENT_FALLBACK,0.80574821519675,0.8067828438765826,0.4453125,0.453125,8,x05_t25__finite_projective_depth9,0.02991069219452639,4.749389340233421e-07,True,,,28982.61625726318,0.016474415557245856,1.1072185463114141,3.40067385051711,5.670007796129176,0,,POINTWISE_SUPREMUM,3.847515519774141e-07,9.0187382045928e-08,0.0,3.317156700009946,True,True,False,False,False,False,False,E02__U024__TOP__MINIMUM_CERTIFIED_OUTER_GAP,x05_t25,representative,plus,0.07878337371085914,3.400673507736867,D4-deformed-contour-regular-away-W3-v51,checkpoint_5461_parent_v51_finite_cell
5464__x05_t26,5461_FINITE_PROJECTIVE_OWNER_CELL,E02,U024,MC04_SP_DP,B03,7,0,1,TOP,SIGN_DEFINITE_MONOTONE_PRINCIPAL_SQRT_RECTANGLE_WITH_PARENT_FALLBACK,0.80574821519675,0.8067828438765826,0.453125,0.4609375,8,x05_t26__finite_projective_depth9,0.02991069219452639,4.749389340233421e-07,True,,,32364.497735830384,0.01619279005999326,1.1072260213490164,3.40067385051711,5.493414161165151,0,,POINTWISE_SUPREMUM,3.847515519774141e-07,9.0187382045928e-08,0.0,2.850183399976231,True,True,False,False,False,False,False,E02__U024__TOP__MINIMUM_CERTIFIED_OUTER_GAP,x05_t26,representative,plus,0.07827908980016555,3.400673507736867,D4-deformed-contour-regular-away-W3-v51,checkpoint_5461_parent_v51_finite_cell
5464__x05_t27,5461_FINITE_PROJECTIVE_OWNER_CELL,E02,U024,MC04_SP_DP,B03,7,0,1,TOP,SIGN_DEFINITE_MONOTONE_PRINCIPAL_SQRT_RECTANGLE_WITH_PARENT_FALLBACK,0.80574821519675,0.8067828438765826,0.4609375,0.46875,8,x05_t27__finite_projective_depth9,0.02991069219452639,4.749389340233421e-07,True,,,36201.09219518764,0.015912755980356023,1.1072341122882843,3.40067385051711,5.314081688182957,0,,POINTWISE_SUPREMUM,3.847515519774141e-07,9.0187382045928e-08,0.0,2.902229300001636,True,True,False,False,False,False,False,E02__U024__TOP__MINIMUM_CERTIFIED_OUTER_GAP,x05_t27,representative,plus,0.07777810561605457,3.400673507736867,D4-deformed-contour-regular-away-W3-v51,checkpoint_5461_parent_v51_finite_cell
5464__x05_t28,5461_FINITE_PROJECTIVE_OWNER_CELL,E02,U024,MC04_SP_DP,B03,7,0,1,TOP,SIGN_DEFINITE_MONOTONE_PRINCIPAL_SQRT_RECTANGLE_WITH_PARENT_FALLBACK,0.80574821519675,0.8067828438765826,0.46875,0.4765625,8,x05_t28__finite_projective_depth9,0.02991069219452639,4.749389340233421e-07,True,,,40563.43749375452,0.015634446645764775,1.1072428636720917,3.40067385051711,5.132090711456573,0,,POINTWISE_SUPREMUM,3.847515519774141e-07,9.0187382045928e-08,0.0,2.8274611000088044,True,True,False,False,False,False,False,E02__U024__TOP__MINIMUM_CERTIFIED_OUTER_GAP,x05_t28,representative,plus,0.0772804917428281,3.400673507736867,D4-deformed-contour-regular-away-W3-v51,checkpoint_5461_parent_v51_finite_cell
5464__x05_t29,5461_FINITE_PROJECTIVE_OWNER_CELL,E02,U024,MC04_SP_DP,B03,7,0,1,TOP,SIGN_DEFINITE_MONOTONE_PRINCIPAL_SQRT_RECTANGLE_WITH_PARENT_FALLBACK,0.80574821519675,0.8067828438765826,0.4765625,0.484375,8,x05_t29__finite_projective_depth9,0.02991069219452639,4.749389340233421e-07,True,,,45592.55606086072,0.015358005270965036,1.1072523215661643,3.40067385051711,4.947531552582726,0,,POINTWISE_SUPREMUM,3.847515519774141e-07,9.0187382045928e-08,0.0,2.9844892999972217,True,True,False,False,False,False,False,E02__U024__TOP__MINIMUM_CERTIFIED_OUTER_GAP,x05_t29,representative,plus,0.07678632031204076,3.400673507736867,D4-deformed-contour-regular-away-W3-v51,checkpoint_5461_parent_v51_finite_cell
5464__x05_t30,5461_FINITE_PROJECTIVE_OWNER_CELL,E02,U024,MC04_SP_DP,B03,7,0,1,TOP,SIGN_DEFINITE_MONOTONE_PRINCIPAL_SQRT_RECTANGLE_WITH_PARENT_FALLBACK,0.80574821519675,0.8067828438765826,0.484375,0.4921875,8,x05_t30__finite_projective_depth9,0.02991069219452639,4.749389340233421e-07,True,,,51472.276411189705,0.01508358568163699,1.10726253357978,3.40067385051711,4.760505020072913,0,,POINTWISE_SUPREMUM,3.847515519774141e-07,9.0187382045928e-08,0.0,3.3751105000264943,True,True,False,False,False,False,False,E02__U024__TOP__MINIMUM_CERTIFIED_OUTER_GAP,x05_t30,representative,plus,0.07629566502393438,3.400673507736867,D4-deformed-contour-regular-away-W3-v51,checkpoint_5461_parent_v51_finite_cell
5464__x05_t31,5461_FINITE_PROJECTIVE_OWNER_CELL,E02,U024,MC04_SP_DP,B03,7,0,1,TOP,SIGN_DEFINITE_MONOTONE_PRINCIPAL_SQRT_RECTANGLE_WITH_PARENT_FALLBACK,0.80574821519675,0.8067828438765826,0.4921875,0.5,8,x05_t31__finite_projective_depth9,0.02991069219452639,4.749389340233421e-07,True,,,58615.27041536189,0.01481135308103944,1.1072735488844403,3.40067385051711,4.571122910773174,0,,POINTWISE_SUPREMUM,3.847515519774141e-07,9.0187382045928e-08,0.0,3.301330200047232,True,True,False,False,False,False,False,E02__U024__TOP__MINIMUM_CERTIFIED_OUTER_GAP,x05_t31,representative,plus,0.0758086011678427,3.400673507736867,D4-deformed-contour-regular-away-W3-v51,checkpoint_5461_parent_v51_finite_cell
5464__x06_t00,5461_FINITE_PROJECTIVE_OWNER_CELL,E02,U024,MC04_SP_DP,B03,7,0,1,TOP,SIGN_DEFINITE_MONOTONE_PRINCIPAL_SQRT_RECTANGLE_WITH_PARENT_FALLBACK,0.8067828438765826,0.8078174725564152,0.25,0.2578125,8,x06_t00__finite_projective_depth9,0.02991069219452639,4.749389340233421e-07,True,,,3031.5698796942283,0.023715738888715202,1.1037349617158798,3.410693804460401,8.843434002109813,0,,POINTWISE_SUPREMUM,3.858746270200838e-07,8.906430700325831e-08,0.0,2.9057313000084832,True,True,False,False,False,False,False,E02__U024__TOP__MINIMUM_CERTIFIED_OUTER_GAP,x06_t00,representative,plus,0.09219867924152769,3.4106934606553256,D4-deformed-contour-regular-away-W3-v51,checkpoint_5461_parent_v51_finite_cell
5464__x06_t01,5461_FINITE_PROJECTIVE_OWNER_CELL,E02,U024,MC04_SP_DP,B03,7,0,1,TOP,SIGN_DEFINITE_MONOTONE_PRINCIPAL_SQRT_RECTANGLE_WITH_PARENT_FALLBACK,0.8067828438765826,0.8078174725564152,0.2578125,0.265625,8,x06_t01__finite_projective_depth9,0.02991069219452639,4.749389340233421e-07,True,,,3279.4421300981408,0.02341833073639658,1.1037374419818815,3.410693804460401,8.755503463002952,0,,POINTWISE_SUPREMUM,3.858746270200838e-07,8.906430700325831e-08,0.0,3.1787284999736585,True,True,False,False,False,False,False,E02__U024__TOP__MINIMUM_CERTIFIED_OUTER_GAP,x06_t01,representative,plus,0.09162933962159753,3.4106934606553256,D4-deformed-contour-regular-away-W3-v51,checkpoint_5461_parent_v51_finite_cell
5464__x06_t02,5461_FINITE_PROJECTIVE_OWNER_CELL,E02,U024,MC04_SP_DP,B03,7,0,1,TOP,SIGN_DEFINITE_MONOTONE_PRINCIPAL_SQRT_RECTANGLE_WITH_PARENT_FALLBACK,0.8067828438765826,0.8078174725564152,0.265625,0.2734375,8,x06_t02__finite_projective_depth9,0.02991069219452639,4.749389340233421e-07,True,,,3549.558695707384,0.023121007229565203,1.103739835986976,3.410693804460401,8.665597408664327,0,,POINTWISE_SUPREMUM,3.858746270200838e-07,8.906430700325831e-08,0.0,3.031166700005997,True,True,False,False,False,False,False,E02__U024__TOP__MINIMUM_CERTIFIED_OUTER_GAP,x06_t02,representative,plus,0.09106197305200948,3.4106934606553256,D4-deformed-contour-regular-away-W3-v51,checkpoint_5461_parent_v51_finite_cell
5464__x06_t03,5461_FINITE_PROJECTIVE_OWNER_CELL,E02,U024,MC04_SP_DP,B03,7,0,1,TOP,SIGN_DEFINITE_MONOTONE_PRINCIPAL_SQRT_RECTANGLE_WITH_PARENT_FALLBACK,0.8067828438765826,0.8078174725564152,0.2734375,0.28125,8,x06_t03__finite_projective_depth9,0.02991069219452639,4.749389340233421e-07,True,,,3846.86785587407,0.02282379170864282,1.1037421595445096,3.410693804460401,8.573700522371908,0,,POINTWISE_SUPREMUM,3.858746270200838e-07,8.906430700325831e-08,0.0,3.487823200004641,True,True,False,False,False,False,False,E02__U024__TOP__MINIMUM_CERTIFIED_OUTER_GAP,x06_t03,representative,plus,0.09049661967022742,3.4106934606553256,D4-deformed-contour-regular-away-W3-v51,checkpoint_5461_parent_v51_finite_cell
5464__x06_t04,5461_FINITE_PROJECTIVE_OWNER_CELL,E02,U024,MC04_SP_DP,B03,7,0,1,TOP,SIGN_DEFINITE_MONOTONE_PRINCIPAL_SQRT_RECTANGLE_WITH_PARENT_FALLBACK,0.8067828438765826,0.8078174725564152,0.28125,0.2890625,8,x06_t04__finite_projective_depth9,0.02991069219452639,4.749389340233421e-07,True,,,4181.925850081308,0.02252670918592638,1.1037444292653324,3.410693804460401,8.479799235782108,0,,POINTWISE_SUPREMUM,3.858746270200838e-07,8.906430700325831e-08,0.0,2.9677750999690033,True,True,False,False,False,False,False,E02__U024__TOP__MINIMUM_CERTIFIED_OUTER_GAP,x06_t04,representative,plus,0.089933320555158,3.4106934606553256,D4-deformed-contour-regular-away-W3-v51,checkpoint_5461_parent_v51_finite_cell
5464__x06_t05,5461_FINITE_PROJECTIVE_OWNER_CELL,E02,U024,MC04_SP_DP,B03,7,0,1,TOP,SIGN_DEFINITE_MONOTONE_PRINCIPAL_SQRT_RECTANGLE_WITH_PARENT_FALLBACK,0.8067828438765826,0.8078174725564152,0.2890625,0.296875,8,x06_t05__finite_projective_depth9,0.02991069219452639,4.749389340233421e-07,True,,,4556.776637069208,0.022229786466347923,1.103746662585646,3.410693804460401,8.375763316694872,0,,POINTWISE_SUPREMUM,3.858746270200838e-07,8.906430700325831e-08,0.0,3.049573900003452,True,True,False,False,False,False,False,E02__U024__TOP__MINIMUM_CERTIFIED_OUTER_GAP,x06_t05,representative,plus,0.08937211774976167,3.4106934606553256,D4-deformed-contour-regular-away-W3-v51,checkpoint_5461_parent_v51_finite_cell
5464__x06_t06,5461_FINITE_PROJECTIVE_OWNER_CELL,E02,U024,MC04_SP_DP,B03,7,0,1,TOP,SIGN_DEFINITE_MONOTONE_PRINCIPAL_SQRT_RECTANGLE_WITH_PARENT_FALLBACK,0.8067828438765826,0.8078174725564152,0.296875,0.3046875,8,x06_t06__finite_projective_depth9,0.02991069219452639,4.749389340233421e-07,True,,,4970.881673110493,0.021933052277469344,1.1037488777954108,3.410693804460401,8.265074290223051,0,,POINTWISE_SUPREMUM,3.858746270200838e-07,8.906430700325831e-08,0.0,3.0498014999902807,True,True,False,False,False,False,False,E02__U024__TOP__MINIMUM_CERTIFIED_OUTER_GAP,x06_t06,representative,plus,0.08881305428405956,3.4106934606553256,D4-deformed-contour-regular-away-W3-v51,checkpoint_5461_parent_v51_finite_cell
5464__x06_t07,5461_FINITE_PROJECTIVE_OWNER_CELL,E02,U024,MC04_SP_DP,B03,7,0,1,TOP,SIGN_DEFINITE_MONOTONE_PRINCIPAL_SQRT_RECTANGLE_WITH_PARENT_FALLBACK,0.8067828438765826,0.8078174725564152,0.3046875,0.3125,8,x06_t07__finite_projective_depth9,0.02991069219452639,4.749389340233421e-07,True,,,5426.233909895749,0.021636537409459117,1.1037510940672797,3.410693804460401,8.151895331982745,0,,POINTWISE_SUPREMUM,3.858746270200838e-07,8.906430700325831e-08,0.0,2.952073099964764,True,True,False,False,False,False,False,E02__U024__TOP__MINIMUM_CERTIFIED_OUTER_GAP,x06_t07,representative,plus,0.08825617419852629,3.4106934606553256,D4-deformed-contour-regular-away-W3-v51,checkpoint_5461_parent_v51_finite_cell
5464__x06_t08,5461_FINITE_PROJECTIVE_OWNER_CELL,E02,U024,MC04_SP_DP,B03,7,0,1,TOP,SIGN_DEFINITE_MONOTONE_PRINCIPAL_SQRT_RECTANGLE_WITH_PARENT_FALLBACK,0.8067828438765826,0.8078174725564152,0.3125,0.3203125,8,x06_t08__finite_projective_depth9,0.02991069219452639,4.749389340233421e-07,True,,,5927.375376016089,0.02134027486586561,1.1037533314860406,3.410693804460401,8.036214607175383,0,,POINTWISE_SUPREMUM,3.858746270200838e-07,8.906430700325831e-08,0.0,3.0979487000149675,True,True,False,False,False,False,False,E02__U024__TOP__MINIMUM_CERTIFIED_OUTER_GAP,x06_t08,representative,plus,0.08770152256785692,3.4106934606553256,D4-deformed-contour-regular-away-W3-v51,checkpoint_5461_parent_v51_finite_cell
5464__x06_t09,5461_FINITE_PROJECTIVE_OWNER_CELL,E02,U024,MC04_SP_DP,B03,7,0,1,TOP,SIGN_DEFINITE_MONOTONE_PRINCIPAL_SQRT_RECTANGLE_WITH_PARENT_FALLBACK,0.8067828438765826,0.8078174725564152,0.3203125,0.328125,8,x06_t09__finite_projective_depth9,0.02991069219452639,4.749389340233421e-07,True,,,6479.4004250652415,0.021044300026063383,1.103755611078529,3.410693804460401,7.918023277083113,0,,POINTWISE_SUPREMUM,3.858746270200838e-07,8.906430700325831e-08,0.0,3.017675999959465,True,True,False,False,False,False,False,E02__U024__TOP__MINIMUM_CERTIFIED_OUTER_GAP,x06_t09,representative,plus,0.08714914552509358,3.4106934606553256,D4-deformed-contour-regular-away-W3-v51,checkpoint_5461_parent_v51_finite_cell
5464__x06_t10,5461_FINITE_PROJECTIVE_OWNER_CELL,E02,U024,MC04_SP_DP,B03,7,0,1,TOP,SIGN_DEFINITE_MONOTONE_PRINCIPAL_SQRT_RECTANGLE_WITH_PARENT_FALLBACK,0.8067828438765826,0.8078174725564152,0.328125,0.3359375,8,x06_t10__finite_projective_depth9,0.02991069219452639,4.749389340233421e-07,True,,,7088.029504406316,0.020748650820324344,1.1037579548439789,3.410693804460401,7.797315751680948,0,,POINTWISE_SUPREMUM,3.858746270200838e-07,8.906430700325831e-08,0.0,2.8400155000272207,True,True,False,False,False,False,False,E02__U024__TOP__MINIMUM_CERTIFIED_OUTER_GAP,x06_t10,representative,plus,0.08659909028609526,3.4106934606553256,D4-deformed-contour-regular-away-W3-v51,checkpoint_5461_parent_v51_finite_cell
5464__x06_t11,5461_FINITE_PROJECTIVE_OWNER_CELL,E02,U024,MC04_SP_DP,B03,7,0,1,TOP,SIGN_DEFINITE_MONOTONE_PRINCIPAL_SQRT_RECTANGLE_WITH_PARENT_FALLBACK,0.8067828438765826,0.8078174725564152,0.3359375,0.34375,8,x06_t11__finite_projective_depth9,0.02991069219452639,4.749389340233421e-07,True,,,7759.693686806234,0.020453367918538884,1.1037603857847689,3.410693804460401,7.6740899550786,0,,POINTWISE_SUPREMUM,3.858746270200838e-07,8.906430700325831e-08,0.0,3.256311100034509,True,True,False,False,False,False,False,E02__U024__TOP__MINIMUM_CERTIFIED_OUTER_GAP,x06_t11,representative,plus,0.08605140517433184,3.4106934606553256,D4-deformed-contour-regular-away-W3-v51,checkpoint_5461_parent_v51_finite_cell
5464__x06_t12,5461_FINITE_PROJECTIVE_OWNER_CELL,E02,U024,MC04_SP_DP,B03,7,0,1,TOP,SIGN_DEFINITE_MONOTONE_PRINCIPAL_SQRT_RECTANGLE_WITH_PARENT_FALLBACK,0.8067828438765826,0.8078174725564152,0.34375,0.3515625,8,x06_t12__finite_projective_depth9,0.02991069219452639,4.749389340233421e-07,True,,,8501.795988536513,0.02015849493369586,1.103762927937519,3.410693804460401,7.548347604006645,0,,POINTWISE_SUPREMUM,3.858746270200838e-07,8.906430700325831e-08,0.0,3.379848300013691,True,True,False,False,False,False,False,E02__U024__TOP__MINIMUM_CERTIFIED_OUTER_GAP,x06_t12,representative,plus,0.08550613964597999,3.4106934606553256,D4-deformed-contour-regular-away-W3-v51,checkpoint_5461_parent_v51_finite_cell
5464__x06_t13,5461_FINITE_PROJECTIVE_OWNER_CELL,E02,U024,MC04_SP_DP,B03,7,0,1,TOP,SIGN_DEFINITE_MONOTONE_PRINCIPAL_SQRT_RECTANGLE_WITH_PARENT_FALLBACK,0.8067828438765826,0.8078174725564152,0.3515625,0.359375,8,x06_t13__finite_projective_depth9,0.02991069219452639,4.749389340233421e-07,True,,,9323.800210872974,0.019864078641313575,1.1037656064044832,3.410693804460401,7.420094499511554,0,,POINTWISE_SUPREMUM,3.858746270200838e-07,8.906430700325831e-08,0.0,3.3738460000022314,True,True,False,False,False,False,False,E02__U024__TOP__MINIMUM_CERTIFIED_OUTER_GAP,x06_t13,representative,plus,0.08496334431529629,3.4106934606553256,D4-deformed-contour-regular-away-W3-v51,checkpoint_5461_parent_v51_finite_cell
5464__x06_t14,5461_FINITE_PROJECTIVE_OWNER_CELL,E02,U024,MC04_SP_DP,B03,7,0,1,TOP,SIGN_DEFINITE_MONOTONE_PRINCIPAL_SQRT_RECTANGLE_WITH_PARENT_FALLBACK,0.8067828438765826,0.8078174725564152,0.359375,0.3671875,8,x06_t14__finite_projective_depth9,0.02991069219452639,4.749389340233421e-07,True,,,10234.709406593907,0.019570169216106187,1.1037684473851848,3.410693804460401,7.289340831968846,0,,POINTWISE_SUPREMUM,3.858746270200838e-07,8.906430700325831e-08,0.0,3.3739681000006385,True,True,False,False,False,False,False,E02__U024__TOP__MINIMUM_CERTIFIED_OUTER_GAP,x06_t14,representative,plus,0.08442307098023877,3.4106934606553256,D4-deformed-contour-regular-away-W3-v51,checkpoint_5461_parent_v51_finite_cell
5464__x06_t15,5461_FINITE_PROJECTIVE_OWNER_CELL,E02,U024,MC04_SP_DP,B03,7,0,1,TOP,SIGN_DEFINITE_MONOTONE_PRINCIPAL_SQRT_RECTANGLE_WITH_PARENT_FALLBACK,0.8067828438765826,0.8078174725564152,0.3671875,0.375,8,x06_t15__finite_projective_depth9,0.02991069219452639,4.749389340233421e-07,True,,,11244.196591348806,0.019276820487262356,1.1037714782082235,3.410693804460401,7.156101499457667,0,,POINTWISE_SUPREMUM,3.858746270200838e-07,8.906430700325831e-08,0.0,3.6567702000029385,True,True,False,False,False,False,False,E02__U024__TOP__MINIMUM_CERTIFIED_OUTER_GAP,x06_t15,representative,plus,0.08388537264830564,3.4106934606553256,D4-deformed-contour-regular-away-W3-v51,checkpoint_5461_parent_v51_finite_cell
5464__x06_t16,5461_FINITE_PROJECTIVE_OWNER_CELL,E02,U024,MC04_SP_DP,B03,7,0,1,TOP,SIGN_DEFINITE_MONOTONE_PRINCIPAL_SQRT_RECTANGLE_WITH_PARENT_FALLBACK,0.8067828438765826,0.8078174725564152,0.375,0.3828125,8,x06_t16__finite_projective_depth9,0.02991069219452639,4.749389340233421e-07,True,,,12364.112979553154,0.018984090213810277,1.1037747273631904,3.410693804460401,7.020396439465557,0,,POINTWISE_SUPREMUM,3.858746270200838e-07,8.906430700325831e-08,0.0,3.533764699997846,True,True,False,False,False,False,False,E02__U024__TOP__MINIMUM_CERTIFIED_OUTER_GAP,x06_t16,representative,plus,0.0833503035625548,3.4106934606553256,D4-deformed-contour-regular-away-W3-v51,checkpoint_5461_parent_v51_finite_cell
5464__x06_t17,5461_FINITE_PROJECTIVE_OWNER_CELL,E02,U024,MC04_SP_DP,B03,7,0,1,TOP,SIGN_DEFINITE_MONOTONE_PRINCIPAL_SQRT_RECTANGLE_WITH_PARENT_FALLBACK,0.8067828438765826,0.8078174725564152,0.3828125,0.390625,8,x06_t17__finite_projective_depth9,0.02991069219452639,4.749389340233421e-07,True,,,13611.5681820871,0.01869204038164181,1.1037782245326033,3.410693804460401,6.882250973807421,0,,POINTWISE_SUPREMUM,3.858746270200838e-07,8.906430700325831e-08,0.0,3.743491899978835,True,True,False,False,False,False,False,E02__U024__TOP__MINIMUM_CERTIFIED_OUTER_GAP,x06_t17,representative,plus,0.08281791922776484,3.4106934606553256,D4-deformed-contour-regular-away-W3-v51,checkpoint_5461_parent_v51_finite_cell
5464__x06_t18,5461_FINITE_PROJECTIVE_OWNER_CELL,E02,U024,MC04_SP_DP,B03,7,0,1,TOP,SIGN_DEFINITE_MONOTONE_PRINCIPAL_SQRT_RECTANGLE_WITH_PARENT_FALLBACK,0.8067828438765826,0.8078174725564152,0.390625,0.3984375,8,x06_t18__finite_projective_depth9,0.02991069219452639,4.749389340233421e-07,True,,,15012.788832279653,0.01840073752386723,1.1037820006237886,3.410693804460401,6.741696166546776,0,,POINTWISE_SUPREMUM,3.858746270200838e-07,8.906430700325831e-08,0.0,3.766063699964434,True,True,False,False,False,False,False,E02__U024__TOP__MINIMUM_CERTIFIED_OUTER_GAP,x06_t18,representative,plus,0.08228827643669327,3.4106934606553256,D4-deformed-contour-regular-away-W3-v51,checkpoint_5461_parent_v51_finite_cell
5464__x06_t19,5461_FINITE_PROJECTIVE_OWNER_CELL,E02,U024,MC04_SP_DP,B03,7,0,1,TOP,SIGN_DEFINITE_MONOTONE_PRINCIPAL_SQRT_RECTANGLE_WITH_PARENT_FALLBACK,0.8067828438765826,0.8078174725564152,0.3984375,0.40625,8,x06_t19__finite_projective_depth9,0.02991069219452639,4.749389340233421e-07,True,,,16583.820157379232,0.0181102530662679,1.1037860878006007,3.410693804460401,6.5987691945991465,0,,POINTWISE_SUPREMUM,3.858746270200838e-07,8.906430700325831e-08,0.0,3.5817321000504307,True,True,False,False,False,False,False,E02__U024__TOP__MINIMUM_CERTIFIED_OUTER_GAP,x06_t19,representative,plus,0.08176143329638261,3.4106934606553256,D4-deformed-contour-regular-away-W3-v51,checkpoint_5461_parent_v51_finite_cell
5464__x06_t20,5461_FINITE_PROJECTIVE_OWNER_CELL,E02,U024,MC04_SP_DP,B03,7,0,1,TOP,SIGN_DEFINITE_MONOTONE_PRINCIPAL_SQRT_RECTANGLE_WITH_PARENT_FALLBACK,0.8067828438765826,0.8078174725564152,0.40625,0.4140625,8,x06_t20__finite_projective_depth9,0.02991069219452639,4.749389340233421e-07,True,,,18338.568219954166,0.017820663699706446,1.1037905195148898,3.410693804460401,6.453513730577553,0,,POINTWISE_SUPREMUM,3.858746270200838e-07,8.906430700325831e-08,0.0,3.42671580001479,True,True,False,False,False,False,False,E02__U024__TOP__MINIMUM_CERTIFIED_OUTER_GAP,x06_t20,representative,plus,0.08123744925446091,3.4106934606553256,D4-deformed-contour-regular-away-W3-v51,checkpoint_5461_parent_v51_finite_cell
5464__x06_t21,5461_FINITE_PROJECTIVE_OWNER_CELL,E02,U024,MC04_SP_DP,B03,7,0,1,TOP,SIGN_DEFINITE_MONOTONE_PRINCIPAL_SQRT_RECTANGLE_WITH_PARENT_FALLBACK,0.8067828438765826,0.8078174725564152,0.4140625,0.421875,8,x06_t21__finite_projective_depth9,0.02991069219452639,4.749389340233421e-07,True,,,20302.681588771004,0.017532051781435562,1.1037953305375987,3.410693804460401,6.305980337305709,0,,POINTWISE_SUPREMUM,3.858746270200838e-07,8.906430700325831e-08,0.0,3.4791231999988668,True,True,False,False,False,False,False,E02__U024__TOP__MINIMUM_CERTIFIED_OUTER_GAP,x06_t21,representative,plus,0.08071638512537704,3.4106934606553256,D4-deformed-contour-regular-away-W3-v51,checkpoint_5461_parent_v51_finite_cell
5464__x06_t22,5461_FINITE_PROJECTIVE_OWNER_CELL,E02,U024,MC04_SP_DP,B03,7,0,1,TOP,SIGN_DEFINITE_MONOTONE_PRINCIPAL_SQRT_RECTANGLE_WITH_PARENT_FALLBACK,0.8067828438765826,0.8078174725564152,0.421875,0.4296875,8,x06_t22__finite_projective_depth9,0.02991069219452639,4.749389340233421e-07,True,,,22504.611823457573,0.017244505767314663,1.10380055698937,3.410693804460401,6.156226873276226,0,,POINTWISE_SUPREMUM,3.858746270200838e-07,8.906430700325831e-08,0.0,3.580947100010235,True,True,False,False,False,False,False,E02__U024__TOP__MINIMUM_CERTIFIED_OUTER_GAP,x06_t22,representative,plus,0.08019830311650565,3.4106934606553256,D4-deformed-contour-regular-away-W3-v51,checkpoint_5461_parent_v51_finite_cell
5464__x06_t23,5461_FINITE_PROJECTIVE_OWNER_CELL,E02,U024,MC04_SP_DP,B03,7,0,1,TOP,SIGN_DEFINITE_MONOTONE_PRINCIPAL_SQRT_RECTANGLE_WITH_PARENT_FALLBACK,0.8067828438765826,0.8078174725564152,0.4296875,0.4375,8,x06_t23__finite_projective_depth9,0.02991069219452639,4.749389340233421e-07,True,,,25011.376288416952,0.01695812024822712,1.1038062363705339,3.410693804460401,5.996405875311728,0,,POINTWISE_SUPREMUM,3.858746270200838e-07,8.906430700325831e-08,0.0,3.339957999996841,True,True,False,False,False,False,False,E02__U024__TOP__MINIMUM_CERTIFIED_OUTER_GAP,x06_t23,representative,plus,0.07968326678974494,3.4106934606553256,D4-deformed-contour-regular-away-W3-v51,checkpoint_5461_parent_v51_finite_cell
5464__x06_t24,5461_FINITE_PROJECTIVE_OWNER_CELL,E02,U024,MC04_SP_DP,B03,7,0,1,TOP,SIGN_DEFINITE_MONOTONE_PRINCIPAL_SQRT_RECTANGLE_WITH_PARENT_FALLBACK,0.8067828438765826,0.8078174725564152,0.4375,0.4453125,8,x06_t24__finite_projective_depth9,0.02991069219452639,4.749389340233421e-07,True,,,27885.57160462541,0.01667299671637358,1.103812407590334,3.410693804460401,5.8232543993866,0,,POINTWISE_SUPREMUM,3.858746270200838e-07,8.906430700325831e-08,0.0,3.7422575000091456,True,True,False,False,False,False,False,E02__U024__TOP__MINIMUM_CERTIFIED_OUTER_GAP,x06_t24,representative,plus,0.0791713411272689,3.4106934606553256,D4-deformed-contour-regular-away-W3-v51,checkpoint_5461_parent_v51_finite_cell
5464__x06_t25,5461_FINITE_PROJECTIVE_OWNER_CELL,E02,U024,MC04_SP_DP,B03,7,0,1,TOP,SIGN_DEFINITE_MONOTONE_PRINCIPAL_SQRT_RECTANGLE_WITH_PARENT_FALLBACK,0.8067828438765826,0.8078174725564152,0.4453125,0.453125,8,x06_t25__finite_projective_depth9,0.02991069219452639,4.749389340233421e-07,True,,,31138.062027994183,0.01638924581076376,1.1038191109952464,3.410693804460401,5.647194015934913,0,,POINTWISE_SUPREMUM,3.858746270200838e-07,8.906430700325831e-08,0.0,3.226483599981293,True,True,False,False,False,False,False,E02__U024__TOP__MINIMUM_CERTIFIED_OUTER_GAP,x06_t25,representative,plus,0.07866259281262855,3.4106934606553256,D4-deformed-contour-regular-away-W3-v51,checkpoint_5461_parent_v51_finite_cell
5464__x06_t26,5461_FINITE_PROJECTIVE_OWNER_CELL,E02,U024,MC04_SP_DP,B03,7,0,1,TOP,SIGN_DEFINITE_MONOTONE_PRINCIPAL_SQRT_RECTANGLE_WITH_PARENT_FALLBACK,0.8067828438765826,0.8078174725564152,0.453125,0.4609375,8,x06_t26__finite_projective_depth9,0.02991069219452639,4.749389340233421e-07,True,,,34826.30349894602,0.016106985392802153,1.1038263883962214,3.410693804460401,5.468288013916408,0,,POINTWISE_SUPREMUM,3.858746270200838e-07,8.906430700325831e-08,0.0,3.4429558999836445,True,True,False,False,False,False,False,E02__U024__TOP__MINIMUM_CERTIFIED_OUTER_GAP,x06_t26,representative,plus,0.07815708988048074,3.4106934606553256,D4-deformed-contour-regular-away-W3-v51,checkpoint_5461_parent_v51_finite_cell
5464__x06_t27,5461_FINITE_PROJECTIVE_OWNER_CELL,E02,U024,MC04_SP_DP,B03,7,0,1,TOP,SIGN_DEFINITE_MONOTONE_PRINCIPAL_SQRT_RECTANGLE_WITH_PARENT_FALLBACK,0.8067828438765826,0.8078174725564152,0.4609375,0.46875,8,x06_t27__finite_projective_depth9,0.02991069219452639,4.749389340233421e-07,True,,,39017.84802035947,0.015826342118986807,1.1038342830946837,3.410693804460401,5.286608887690815,0,,POINTWISE_SUPREMUM,3.858746270200838e-07,8.906430700325831e-08,0.0,3.4834681000211276,True,True,False,False,False,False,False,E02__U024__TOP__MINIMUM_CERTIFIED_OUTER_GAP,x06_t27,representative,plus,0.07765490188425388,3.4106934606553256,D4-deformed-contour-regular-away-W3-v51,checkpoint_5461_parent_v51_finite_cell
5464__x06_t28,5461_FINITE_PROJECTIVE_OWNER_CELL,E02,U024,MC04_SP_DP,B03,7,0,1,TOP,SIGN_DEFINITE_MONOTONE_PRINCIPAL_SQRT_RECTANGLE_WITH_PARENT_FALLBACK,0.8067828438765826,0.8078174725564152,0.46875,0.4765625,8,x06_t28__finite_projective_depth9,0.02991069219452639,4.749389340233421e-07,True,,,43792.568156247355,0.015547452100701239,1.103842839907103,3.410693804460401,5.102238838408312,0,,POINTWISE_SUPREMUM,3.858746270200838e-07,8.906430700325831e-08,0.0,3.6398222999996506,True,True,False,False,False,False,False,E02__U024__TOP__MINIMUM_CERTIFIED_OUTER_GAP,x06_t28,representative,plus,0.07715609991973632,3.4106934606553256,D4-deformed-contour-regular-away-W3-v51,checkpoint_5461_parent_v51_finite_cell
5464__x06_t29,5461_FINITE_PROJECTIVE_OWNER_CELL,E02,U024,MC04_SP_DP,B03,7,0,1,TOP,SIGN_DEFINITE_MONOTONE_PRINCIPAL_SQRT_RECTANGLE_WITH_PARENT_FALLBACK,0.8067828438765826,0.8078174725564152,0.4765625,0.484375,8,x06_t29__finite_projective_depth9,0.02991069219452639,4.749389340233421e-07,True,,,49264.922979896866,0.015270461607750325,1.1038521051879429,3.410693804460401,4.9152702818774765,0,,POINTWISE_SUPREMUM,3.858746270200838e-07,8.906430700325831e-08,0.0,3.4680927000008523,True,True,False,False,False,False,False,E02__U024__TOP__MINIMUM_CERTIFIED_OUTER_GAP,x06_t29,representative,plus,0.0766607566478867,3.4106934606553256,D4-deformed-contour-regular-away-W3-v51,checkpoint_5461_parent_v51_finite_cell
5464__x06_t30,5461_FINITE_PROJECTIVE_OWNER_CELL,E02,U024,MC04_SP_DP,B03,7,0,1,TOP,SIGN_DEFINITE_MONOTONE_PRINCIPAL_SQRT_RECTANGLE_WITH_PARENT_FALLBACK,0.8067828438765826,0.8078174725564152,0.484375,0.4921875,8,x06_t30__finite_projective_depth9,0.02991069219452639,4.749389340233421e-07,True,,,55705.58164256736,0.014995527816396879,1.103862126850779,3.410693804460401,4.725806360765656,0,,POINTWISE_SUPREMUM,3.858746270200838e-07,8.906430700325831e-08,0.0,3.4483210999751464,True,True,False,False,False,False,False,E02__U024__TOP__MINIMUM_CERTIFIED_OUTER_GAP,x06_t30,representative,plus,0.07616894631674154,3.4106934606553256,D4-deformed-contour-regular-away-W3-v51,checkpoint_5461_parent_v51_finite_cell
5464__x06_t31,5461_FINITE_PROJECTIVE_OWNER_CELL,E02,U024,MC04_SP_DP,B03,7,0,1,TOP,SIGN_DEFINITE_MONOTONE_PRINCIPAL_SQRT_RECTANGLE_WITH_PARENT_FALLBACK,0.8067828438765826,0.8078174725564152,0.4921875,0.5,8,x06_t31__finite_projective_depth9,0.02991069219452639,4.749389340233421e-07,True,,,63558.923415295845,0.014722819601977057,1.1038729543873687,3.410693804460401,4.533961458682279,0,,POINTWISE_SUPREMUM,3.858746270200838e-07,8.906430700325831e-08,0.0,3.541353699984029,True,True,False,False,False,False,False,E02__U024__TOP__MINIMUM_CERTIFIED_OUTER_GAP,x06_t31,representative,plus,0.07568074478228629,3.4106934606553256,D4-deformed-contour-regular-away-W3-v51,checkpoint_5461_parent_v51_finite_cell
5464__x07_t00,5461_FINITE_PROJECTIVE_OWNER_CELL,E02,U024,MC04_SP_DP,B03,7,0,1,TOP,SIGN_DEFINITE_MONOTONE_PRINCIPAL_SQRT_RECTANGLE_WITH_PARENT_FALLBACK,0.8078174725564152,0.8088521012362478,0.25,0.2578125,8,x07_t00__finite_projective_depth9,0.02991069219452639,4.749389340233421e-07,True,,,3400.744460917411,0.023649668372761043,1.1003346486544172,3.4207912351575933,8.863364039586617,0,,POINTWISE_SUPREMUM,3.869911365421546e-07,8.79477974811875e-08,0.0,3.185492799966596,True,True,False,False,False,False,False,E02__U024__TOP__MINIMUM_CERTIFIED_OUTER_GAP,x07_t00,representative,plus,0.0921118236922689,3.420790890319628,D4-deformed-contour-regular-away-W3-v51,checkpoint_5461_parent_v51_finite_cell
5464__x07_t01,5461_FINITE_PROJECTIVE_OWNER_CELL,E02,U024,MC04_SP_DP,B03,7,0,1,TOP,SIGN_DEFINITE_MONOTONE_PRINCIPAL_SQRT_RECTANGLE_WITH_PARENT_FALLBACK,0.8078174725564152,0.8088521012362478,0.2578125,0.265625,8,x07_t01__finite_projective_depth9,0.02991069219452639,4.749389340233421e-07,True,,,3630.765256793773,0.023351430279635526,1.1003369434185057,3.4207912351575933,8.774368073516957,0,,POINTWISE_SUPREMUM,3.869911365421546e-07,8.79477974811875e-08,0.0,3.59630900004413,True,True,False,False,False,False,False,E02__U024__TOP__MINIMUM_CERTIFIED_OUTER_GAP,x07_t01,representative,plus,0.09154102034744684,3.420790890319628,D4-deformed-contour-regular-away-W3-v51,checkpoint_5461_parent_v51_finite_cell
5464__x07_t02,5461_FINITE_PROJECTIVE_OWNER_CELL,E02,U024,MC04_SP_DP,B03,7,0,1,TOP,SIGN_DEFINITE_MONOTONE_PRINCIPAL_SQRT_RECTANGLE_WITH_PARENT_FALLBACK,0.8078174725564152,0.8088521012362478,0.265625,0.2734375,8,x07_t02__finite_projective_depth9,0.02991069219452639,4.749389340233421e-07,True,,,3879.80346153226,0.02305327722544318,1.1003391500772226,3.4207912351575933,8.68337113709701,0,,POINTWISE_SUPREMUM,3.869911365421546e-07,8.79477974811875e-08,0.0,3.582056500017643,True,True,False,False,False,False,False,E02__U024__TOP__MINIMUM_CERTIFIED_OUTER_GAP,x07_t02,representative,plus,0.09097219692459504,3.420790890319628,D4-deformed-contour-regular-away-W3-v51,checkpoint_5461_parent_v51_finite_cell
5464__x07_t03,5461_FINITE_PROJECTIVE_OWNER_CELL,E02,U024,MC04_SP_DP,B03,7,0,1,TOP,SIGN_DEFINITE_MONOTONE_PRINCIPAL_SQRT_RECTANGLE_WITH_PARENT_FALLBACK,0.8078174725564152,0.8088521012362478,0.2734375,0.28125,8,x07_t03__finite_projective_depth9,0.02991069219452639,4.749389340233421e-07,True,,,4160.992540458264,0.022755232804773155,1.1003412844791092,3.4207912351575933,8.590357702060619,0,,POINTWISE_SUPREMUM,3.869911365421546e-07,8.79477974811875e-08,0.0,3.4494461999856867,True,True,False,False,False,False,False,E02__U024__TOP__MINIMUM_CERTIFIED_OUTER_GAP,x07_t03,representative,plus,0.09040539376664755,3.420790890319628,D4-deformed-contour-regular-away-W3-v51,checkpoint_5461_parent_v51_finite_cell
5464__x07_t04,5461_FINITE_PROJECTIVE_OWNER_CELL,E02,U024,MC04_SP_DP,B03,7,0,1,TOP,SIGN_DEFINITE_MONOTONE_PRINCIPAL_SQRT_RECTANGLE_WITH_PARENT_FALLBACK,0.8078174725564152,0.8088521012362478,0.28125,0.2890625,8,x07_t04__finite_projective_depth9,0.02991069219452639,4.749389340233421e-07,True,,,4497.303536476505,0.02245732231118138,1.1003433632751367,3.4207912351575933,8.495314020765191,0,,POINTWISE_SUPREMUM,3.869911365421546e-07,8.79477974811875e-08,0.0,3.452788900001906,True,True,False,False,False,False,False,E02__U024__TOP__MINIMUM_CERTIFIED_OUTER_GAP,x07_t04,representative,plus,0.08984065216568028,3.420790890319628,D4-deformed-contour-regular-away-W3-v51,checkpoint_5461_parent_v51_finite_cell
5464__x07_t05,5461_FINITE_PROJECTIVE_OWNER_CELL,E02,U024,MC04_SP_DP,B03,7,0,1,TOP,SIGN_DEFINITE_MONOTONE_PRINCIPAL_SQRT_RECTANGLE_WITH_PARENT_FALLBACK,0.8078174725564152,0.8088521012362478,0.2890625,0.296875,8,x07_t05__finite_projective_depth9,0.02991069219452639,4.749389340233421e-07,True,,,4877.250048120642,0.022159572860598588,1.100345403946851,3.4207912351575933,8.389118412490125,0,,POINTWISE_SUPREMUM,3.869911365421546e-07,8.79477974811875e-08,0.0,3.25060010002926,True,True,False,False,False,False,False,E02__U024__TOP__MINIMUM_CERTIFIED_OUTER_GAP,x07_t05,representative,plus,0.0892780143858187,3.420790890319628,D4-deformed-contour-regular-away-W3-v51,checkpoint_5461_parent_v51_finite_cell
5464__x07_t06,5461_FINITE_PROJECTIVE_OWNER_CELL,E02,U024,MC04_SP_DP,B03,7,0,1,TOP,SIGN_DEFINITE_MONOTONE_PRINCIPAL_SQRT_RECTANGLE_WITH_PARENT_FALLBACK,0.8078174725564152,0.8088521012362478,0.296875,0.3046875,8,x07_t06__finite_projective_depth9,0.02991069219452639,4.749389340233421e-07,True,,,5296.818045764245,0.021862013524234246,1.100347424835085,3.4207912351575933,8.277044864373522,0,,POINTWISE_SUPREMUM,3.869911365421546e-07,8.79477974811875e-08,0.0,3.438655900012236,True,True,False,False,False,False,False,E02__U024__TOP__MINIMUM_CERTIFIED_OUTER_GAP,x07_t06,representative,plus,0.08871752368655102,3.420790890319628,D4-deformed-contour-regular-away-W3-v51,checkpoint_5461_parent_v51_finite_cell
5464__x07_t07,5461_FINITE_PROJECTIVE_OWNER_CELL,E02,U024,MC04_SP_DP,B03,7,0,1,TOP,SIGN_DEFINITE_MONOTONE_PRINCIPAL_SQRT_RECTANGLE_WITH_PARENT_FALLBACK,0.8078174725564152,0.8088521012362478,0.3046875,0.3125,8,x07_t07__finite_projective_depth9,0.02991069219452639,4.749389340233421e-07,True,,,5763.8085202993625,0.021564675471753992,1.100349445169214,3.4207912351575933,8.162447957561042,0,,POINTWISE_SUPREMUM,3.869911365421546e-07,8.79477974811875e-08,0.0,3.2300708000548184,True,True,False,False,False,False,False,E02__U024__TOP__MINIMUM_CERTIFIED_OUTER_GAP,x07_t07,representative,plus,0.08815922434643803,3.420790890319628,D4-deformed-contour-regular-away-W3-v51,checkpoint_5461_parent_v51_finite_cell
5464__x07_t08,5461_FINITE_PROJECTIVE_OWNER_CELL,E02,U024,MC04_SP_DP,B03,7,0,1,TOP,SIGN_DEFINITE_MONOTONE_PRINCIPAL_SQRT_RECTANGLE_WITH_PARENT_FALLBACK,0.8078174725564152,0.8088521012362478,0.3125,0.3203125,8,x07_t08__finite_projective_depth9,0.02991069219452639,4.749389340233421e-07,True,,,6279.519926796054,0.02126759212557,1.100351485096927,3.4207912351575933,8.045315710525468,0,,POINTWISE_SUPREMUM,3.869911365421546e-07,8.79477974811875e-08,0.0,3.3874802000354975,True,True,False,False,False,False,False,E02__U024__TOP__MINIMUM_CERTIFIED_OUTER_GAP,x07_t08,representative,plus,0.08760316168720722,3.420790890319628,D4-deformed-contour-regular-away-W3-v51,checkpoint_5461_parent_v51_finite_cell
5464__x07_t09,5461_FINITE_PROJECTIVE_OWNER_CELL,E02,U024,MC04_SP_DP,B03,7,0,1,TOP,SIGN_DEFINITE_MONOTONE_PRINCIPAL_SQRT_RECTANGLE_WITH_PARENT_FALLBACK,0.8078174725564152,0.8088521012362478,0.3203125,0.328125,8,x07_t09__finite_projective_depth9,0.02991069219452639,4.749389340233421e-07,True,,,6846.600137649376,0.020970799327158264,1.100353565714484,3.4207912351575933,7.925639196167117,0,,POINTWISE_SUPREMUM,3.869911365421546e-07,8.79477974811875e-08,0.0,3.0908989000017755,True,True,False,False,False,False,False,E02__U024__TOP__MINIMUM_CERTIFIED_OUTER_GAP,x07_t09,representative,plus,0.08704938209821715,3.420790890319628,D4-deformed-contour-regular-away-W3-v51,checkpoint_5461_parent_v51_finite_cell
5464__x07_t10,5461_FINITE_PROJECTIVE_OWNER_CELL,E02,U024,MC04_SP_DP,B03,7,0,1,TOP,SIGN_DEFINITE_MONOTONE_PRINCIPAL_SQRT_RECTANGLE_WITH_PARENT_FALLBACK,0.8078174725564152,0.8088521012362478,0.328125,0.3359375,8,x07_t10__finite_projective_depth9,0.02991069219452639,4.749389340233421e-07,True,,,7478.030402449515,0.020674335516386446,1.1003557090974214,3.4207912351575933,7.803412800066462,0,,POINTWISE_SUPREMUM,3.869911365421546e-07,8.79477974811875e-08,0.0,3.3953833000268787,True,True,False,False,False,False,False,E02__U024__TOP__MINIMUM_CERTIFIED_OUTER_GAP,x07_t10,representative,plus,0.08649793306127579,3.420790890319628,D4-deformed-contour-regular-away-W3-v51,checkpoint_5461_parent_v51_finite_cell
5464__x07_t11,5461_FINITE_PROJECTIVE_OWNER_CELL,E02,U024,MC04_SP_DP,B03,7,0,1,TOP,SIGN_DEFINITE_MONOTONE_PRINCIPAL_SQRT_RECTANGLE_WITH_PARENT_FALLBACK,0.8078174725564152,0.8088521012362478,0.3359375,0.34375,8,x07_t11__finite_projective_depth9,0.02991069219452639,4.749389340233421e-07,True,,,8193.846287034903,0.020378241924919206,1.1003579383316655,3.4207912351575933,7.678634491906348,0,,POINTWISE_SUPREMUM,3.869911365421546e-07,8.79477974811875e-08,0.0,3.448221599974204,True,True,False,False,False,False,False,E02__U024__TOP__MINIMUM_CERTIFIED_OUTER_GAP,x07_t11,representative,plus,0.0859488631757934,3.420790890319628,D4-deformed-contour-regular-away-W3-v51,checkpoint_5461_parent_v51_finite_cell
5464__x07_t12,5461_FINITE_PROJECTIVE_OWNER_CELL,E02,U024,MC04_SP_DP,B03,7,0,1,TOP,SIGN_DEFINITE_MONOTONE_PRINCIPAL_SQRT_RECTANGLE_WITH_PARENT_FALLBACK,0.8078174725564152,0.8088521012362478,0.34375,0.3515625,8,x07_t12__finite_projective_depth9,0.02991069219452639,4.749389340233421e-07,True,,,8989.245650039726,0.020082562784852678,1.100360277545007,3.4207912351575933,7.5513061102871575,0,,POINTWISE_SUPREMUM,3.869911365421546e-07,8.79477974811875e-08,0.0,3.326060299994424,True,True,False,False,False,False,False,E02__U024__TOP__MINIMUM_CERTIFIED_OUTER_GAP,x07_t12,representative,plus,0.08540222218424827,3.420790890319628,D4-deformed-contour-regular-away-W3-v51,checkpoint_5461_parent_v51_finite_cell
5464__x07_t13,5461_FINITE_PROJECTIVE_OWNER_CELL,E02,U024,MC04_SP_DP,B03,7,0,1,TOP,SIGN_DEFINITE_MONOTONE_PRINCIPAL_SQRT_RECTANGLE_WITH_PARENT_FALLBACK,0.8078174725564152,0.8088521012362478,0.3515625,0.359375,8,x07_t13__finite_projective_depth9,0.02991069219452639,4.749389340233421e-07,True,,,9869.842409515411,0.019787345553817226,1.1003627519388852,3.4207912351575933,7.42143366110684,0,,POINTWISE_SUPREMUM,3.869911365421546e-07,8.79477974811875e-08,0.0,3.3843471000436693,True,True,False,False,False,False,False,E02__U024__TOP__MINIMUM_CERTIFIED_OUTER_GAP,x07_t13,representative,plus,0.08485806099794013,3.420790890319628,D4-deformed-contour-regular-away-W3-v51,checkpoint_5461_parent_v51_finite_cell
5464__x07_t14,5461_FINITE_PROJECTIVE_OWNER_CELL,E02,U024,MC04_SP_DP,B03,7,0,1,TOP,SIGN_DEFINITE_MONOTONE_PRINCIPAL_SQRT_RECTANGLE_WITH_PARENT_FALLBACK,0.8078174725564152,0.8088521012362478,0.359375,0.3671875,8,x07_t14__finite_projective_depth9,0.02991069219452639,4.749389340233421e-07,True,,,10845.751849447255,0.019492641157884665,1.1003653878204218,3.4207912351575933,7.289027629621346,0,,POINTWISE_SUPREMUM,3.869911365421546e-07,8.79477974811875e-08,0.0,3.226268699974753,True,True,False,False,False,False,False,E02__U024__TOP__MINIMUM_CERTIFIED_OUTER_GAP,x07_t14,representative,plus,0.08431643172300263,3.420790890319628,D4-deformed-contour-regular-away-W3-v51,checkpoint_5461_parent_v51_finite_cell
5464__x07_t15,5461_FINITE_PROJECTIVE_OWNER_CELL,E02,U024,MC04_SP_DP,B03,7,0,1,TOP,SIGN_DEFINITE_MONOTONE_PRINCIPAL_SQRT_RECTANGLE_WITH_PARENT_FALLBACK,0.8078174725564152,0.8088521012362478,0.3671875,0.375,8,x07_t15__finite_projective_depth9,0.02991069219452639,4.749389340233421e-07,True,,,11928.424106003438,0.019198504253714582,1.1003682126346424,3.4207912351575933,7.154103306234013,0,,POINTWISE_SUPREMUM,3.869911365421546e-07,8.79477974811875e-08,0.0,3.5816794999991544,True,True,False,False,False,False,False,E02__U024__TOP__MINIMUM_CERTIFIED_OUTER_GAP,x07_t15,representative,plus,0.08377738768664321,3.420790890319628,D4-deformed-contour-regular-away-W3-v51,checkpoint_5461_parent_v51_finite_cell
5464__x07_t16,5461_FINITE_PROJECTIVE_OWNER_CELL,E02,U024,MC04_SP_DP,B03,7,0,1,TOP,SIGN_DEFINITE_MONOTONE_PRINCIPAL_SQRT_RECTANGLE_WITH_PARENT_FALLBACK,0.8078174725564152,0.8088521012362478,0.375,0.3828125,8,x07_t16__finite_projective_depth9,0.02991069219452639,4.749389340233421e-07,True,,,13130.831174002606,0.018904993511473456,1.1003712549968099,3.4207912351575933,7.016681125984111,0,,POINTWISE_SUPREMUM,3.869911365421546e-07,8.79477974811875e-08,0.0,3.5889359999564476,True,True,False,False,False,False,False,E02__U024__TOP__MINIMUM_CERTIFIED_OUTER_GAP,x07_t16,representative,plus,0.08324098346357431,3.420790890319628,D4-deformed-contour-regular-away-W3-v51,checkpoint_5461_parent_v51_finite_cell
5464__x07_t17,5461_FINITE_PROJECTIVE_OWNER_CELL,E02,U024,MC04_SP_DP,B03,7,0,1,TOP,SIGN_DEFINITE_MONOTONE_PRINCIPAL_SQRT_RECTANGLE_WITH_PARENT_FALLBACK,0.8078174725564152,0.8088521012362478,0.3828125,0.390625,8,x07_t17__finite_projective_depth9,0.02991069219452639,4.749389340233421e-07,True,,,14471.754800540237,0.01861217192016662,1.1003745447247941,3.4207912351575933,6.876787021619122,0,,POINTWISE_SUPREMUM,3.869911365421546e-07,8.79477974811875e-08,0.0,3.55586060002679,True,True,False,False,False,False,False,E02__U024__TOP__MINIMUM_CERTIFIED_OUTER_GAP,x07_t17,representative,plus,0.08270727490259563,3.420790890319628,D4-deformed-contour-regular-away-W3-v51,checkpoint_5461_parent_v51_finite_cell
5464__x07_t18,5461_FINITE_PROJECTIVE_OWNER_CELL,E02,U024,MC04_SP_DP,B03,7,0,1,TOP,SIGN_DEFINITE_MONOTONE_PRINCIPAL_SQRT_RECTANGLE_WITH_PARENT_FALLBACK,0.8078174725564152,0.8088521012362478,0.390625,0.3984375,8,x07_t18__finite_projective_depth9,0.02991069219452639,4.749389340233421e-07,True,,,15970.772195005084,0.018320107117125985,1.1003781128713899,3.4207912351575933,6.734452790036143,0,,POINTWISE_SUPREMUM,3.869911365421546e-07,8.79477974811875e-08,0.0,3.8927866999874823,True,True,False,False,False,False,False,E02__U024__TOP__MINIMUM_CERTIFIED_OUTER_GAP,x07_t18,representative,plus,0.08217631915328343,3.420790890319628,D4-deformed-contour-regular-away-W3-v51,checkpoint_5461_parent_v51_finite_cell
5464__x07_t19,5461_FINITE_PROJECTIVE_OWNER_CELL,E02,U024,MC04_SP_DP,B03,7,0,1,TOP,SIGN_DEFINITE_MONOTONE_PRINCIPAL_SQRT_RECTANGLE_WITH_PARENT_FALLBACK,0.8078174725564152,0.8088521012362478,0.3984375,0.40625,8,x07_t19__finite_projective_depth9,0.02991069219452639,4.749389340233421e-07,True,,,17659.54634613063,0.018028871743497515,1.100381991756486,3.4207912351575933,6.58971647176648,0,,POINTWISE_SUPREMUM,3.869911365421546e-07,8.79477974811875e-08,0.0,3.383228600025177,True,True,False,False,False,False,False,E02__U024__TOP__MINIMUM_CERTIFIED_OUTER_GAP,x07_t19,representative,plus,0.08164817469273684,3.420790890319628,D4-deformed-contour-regular-away-W3-v51,checkpoint_5461_parent_v51_finite_cell
5464__x07_t20,5461_FINITE_PROJECTIVE_OWNER_CELL,E02,U024,MC04_SP_DP,B03,7,0,1,TOP,SIGN_DEFINITE_MONOTONE_PRINCIPAL_SQRT_RECTANGLE_WITH_PARENT_FALLBACK,0.8078174725564152,0.8088521012362478,0.40625,0.4140625,8,x07_t20__finite_projective_depth9,0.02991069219452639,4.749389340233421e-07,True,,,19553.152456863227,0.01773854382766866,1.100386214998987,3.4207912351575933,6.442622743053517,0,,POINTWISE_SUPREMUM,3.869911365421546e-07,8.79477974811875e-08,0.0,3.4003743000212125,True,True,False,False,False,False,False,E02__U024__TOP__MINIMUM_CERTIFIED_OUTER_GAP,x07_t20,representative,plus,0.08112290135232715,3.420790890319628,D4-deformed-contour-regular-away-W3-v51,checkpoint_5461_parent_v51_finite_cell
5464__x07_t21,5461_FINITE_PROJECTIVE_OWNER_CELL,E02,U024,MC04_SP_DP,B03,7,0,1,TOP,SIGN_DEFINITE_MONOTONE_PRINCIPAL_SQRT_RECTANGLE_WITH_PARENT_FALLBACK,0.8078174725564152,0.8088521012362478,0.4140625,0.421875,8,x07_t21__finite_projective_depth9,0.02991069219452639,4.749389340233421e-07,True,,,21677.931798778372,0.017449207198662327,1.100390817548366,3.4207912351575933,6.293223319935854,0,,POINTWISE_SUPREMUM,3.869911365421546e-07,8.79477974811875e-08,0.0,3.5635155999916606,True,True,False,False,False,False,False,E02__U024__TOP__MINIMUM_CERTIFIED_OUTER_GAP,x07_t21,representative,plus,0.08060056034438995,3.420790890319628,D4-deformed-contour-regular-away-W3-v51,checkpoint_5461_parent_v51_finite_cell
5464__x07_t22,5461_FINITE_PROJECTIVE_OWNER_CELL,E02,U024,MC04_SP_DP,B03,7,0,1,TOP,SIGN_DEFINITE_MONOTONE_PRINCIPAL_SQRT_RECTANGLE_WITH_PARENT_FALLBACK,0.8078174725564152,0.8088521012362478,0.421875,0.4296875,8,x07_t22__finite_projective_depth9,0.02991069219452639,4.749389340233421e-07,True,,,24064.059620060227,0.017160951931595964,1.100395835715739,3.4207912351575933,6.141577373595125,0,,POINTWISE_SUPREMUM,3.869911365421546e-07,8.79477974811875e-08,0.0,3.381207099999301,True,True,False,False,False,False,False,E02__U024__TOP__MINIMUM_CERTIFIED_OUTER_GAP,x07_t22,representative,plus,0.0800812142887942,3.420790890319628,D4-deformed-contour-regular-away-W3-v51,checkpoint_5461_parent_v51_finite_cell
5464__x07_t23,5461_FINITE_PROJECTIVE_OWNER_CELL,E02,U024,MC04_SP_DP,B03,7,0,1,TOP,SIGN_DEFINITE_MONOTONE_PRINCIPAL_SQRT_RECTANGLE_WITH_PARENT_FALLBACK,0.8078174725564152,0.8088521012362478,0.4296875,0.4375,8,x07_t23__finite_projective_depth9,0.02991069219452639,4.749389340233421e-07,True,,,26795.213286765753,0.016873873497429453,1.1004013072043155,3.4207912351575933,5.977414246030469,0,,POINTWISE_SUPREMUM,3.869911365421546e-07,8.79477974811875e-08,0.0,3.4665869000018574,True,True,False,False,False,False,False,E02__U024__TOP__MINIMUM_CERTIFIED_OUTER_GAP,x07_t23,representative,plus,0.07956492703991423,3.420790890319628,D4-deformed-contour-regular-away-W3-v51,checkpoint_5461_parent_v51_finite_cell
5464__x07_t24,5461_FINITE_PROJECTIVE_OWNER_CELL,E02,U024,MC04_SP_DP,B03,7,0,1,TOP,SIGN_DEFINITE_MONOTONE_PRINCIPAL_SQRT_RECTANGLE_WITH_PARENT_FALLBACK,0.8078174725564152,0.8088521012362478,0.4375,0.4453125,8,x07_t24__finite_projective_depth9,0.02991069219452639,4.749389340233421e-07,True,,,29921.53076159285,0.016588077115283872,1.1004072711390944,3.4207912351575933,5.801988346208191,0,,POINTWISE_SUPREMUM,3.869911365421546e-07,8.79477974811875e-08,0.0,3.450352199957706,True,True,False,False,False,False,False,E02__U024__TOP__MINIMUM_CERTIFIED_OUTER_GAP,x07_t24,representative,plus,0.07905176428825324,3.420790890319628,D4-deformed-contour-regular-away-W3-v51,checkpoint_5461_parent_v51_finite_cell
5464__x07_t25,5461_FINITE_PROJECTIVE_OWNER_CELL,E02,U024,MC04_SP_DP,B03,7,0,1,TOP,SIGN_DEFINITE_MONOTONE_PRINCIPAL_SQRT_RECTANGLE_WITH_PARENT_FALLBACK,0.8078174725564152,0.8088521012362478,0.4453125,0.453125,8,x07_t25__finite_projective_depth9,0.02991069219452639,4.749389340233421e-07,True,,,33465.3031682613,0.016303674710524286,1.1004137680956438,3.4207912351575933,5.623615643887338,0,,POINTWISE_SUPREMUM,3.869911365421546e-07,8.79477974811875e-08,0.0,3.4868256999761797,True,True,False,False,False,False,False,E02__U024__TOP__MINIMUM_CERTIFIED_OUTER_GAP,x07_t25,representative,plus,0.07854179304625818,3.420790890319628,D4-deformed-contour-regular-away-W3-v51,checkpoint_5461_parent_v51_finite_cell
5464__x07_t26,5461_FINITE_PROJECTIVE_OWNER_CELL,E02,U024,MC04_SP_DP,B03,7,0,1,TOP,SIGN_DEFINITE_MONOTONE_PRINCIPAL_SQRT_RECTANGLE_WITH_PARENT_FALLBACK,0.8078174725564152,0.8088521012362478,0.453125,0.4609375,8,x07_t26__finite_projective_depth9,0.02991069219452639,4.749389340233421e-07,True,,,37490.86092741653,0.01602078651250083,1.1004208401278088,3.4207912351575933,5.442360908629938,0,,POINTWISE_SUPREMUM,3.869911365421546e-07,8.79477974811875e-08,0.0,3.5832026000134647,True,True,False,False,False,False,False,E02__U024__TOP__MINIMUM_CERTIFIED_OUTER_GAP,x07_t26,representative,plus,0.07803508182426128,3.420790890319628,D4-deformed-contour-regular-away-W3-v51,checkpoint_5461_parent_v51_finite_cell
5464__x07_t27,5461_FINITE_PROJECTIVE_OWNER_CELL,E02,U024,MC04_SP_DP,B03,7,0,1,TOP,SIGN_DEFINITE_MONOTONE_PRINCIPAL_SQRT_RECTANGLE_WITH_PARENT_FALLBACK,0.8078174725564152,0.8088521012362478,0.4609375,0.46875,8,x07_t27__finite_projective_depth9,0.02991069219452639,4.749389340233421e-07,True,,,42074.141106787276,0.0157395417798423,1.100428530794166,3.4207912351575933,5.25829832214713,0,,POINTWISE_SUPREMUM,3.869911365421546e-07,8.79477974811875e-08,0.0,3.6118330999743193,True,True,False,False,False,False,False,E02__U024__TOP__MINIMUM_CERTIFIED_OUTER_GAP,x07_t27,representative,plus,0.07753170066836894,3.420790890319628,D4-deformed-contour-regular-away-W3-v51,checkpoint_5461_parent_v51_finite_cell
5464__x07_t28,5461_FINITE_PROJECTIVE_OWNER_CELL,E02,U024,MC04_SP_DP,B03,7,0,1,TOP,SIGN_DEFINITE_MONOTONE_PRINCIPAL_SQRT_RECTANGLE_WITH_PARENT_FALLBACK,0.8078174725564152,0.8088521012362478,0.46875,0.4765625,8,x07_t28__finite_projective_depth9,0.02991069219452639,4.749389340233421e-07,True,,,47305.06676874536,0.015460079482232854,1.1004368851830433,3.4207912351575933,5.071511992253375,0,,POINTWISE_SUPREMUM,3.869911365421546e-07,8.79477974811875e-08,0.0,3.4630055999732576,True,True,False,False,False,False,False,E02__U024__TOP__MINIMUM_CERTIFIED_OUTER_GAP,x07_t28,representative,plus,0.0770317211845349,3.420790890319628,D4-deformed-contour-regular-away-W3-v51,checkpoint_5461_parent_v51_finite_cell
5464__x07_t29,5461_FINITE_PROJECTIVE_OWNER_CELL,E02,U024,MC04_SP_DP,B03,7,0,1,TOP,SIGN_DEFINITE_MONOTONE_PRINCIPAL_SQRT_RECTANGLE_WITH_PARENT_FALLBACK,0.8078174725564152,0.8088521012362478,0.4765625,0.484375,8,x07_t29__finite_projective_depth9,0.02991069219452639,4.749389340233421e-07,True,,,53290.29186307954,0.01518254902760015,1.1004459499359052,3.4207912351575933,4.882096473496895,0,,POINTWISE_SUPREMUM,3.869911365421546e-07,8.79477974811875e-08,0.0,3.177589499973692,True,True,False,False,False,False,False,E02__U024__TOP__MINIMUM_CERTIFIED_OUTER_GAP,x07_t29,representative,plus,0.0765352165618535,3.420790890319628,D4-deformed-contour-regular-away-W3-v51,checkpoint_5461_parent_v51_finite_cell
5464__x07_t30,5461_FINITE_PROJECTIVE_OWNER_CELL,E02,U024,MC04_SP_DP,B03,7,0,1,TOP,SIGN_DEFINITE_MONOTONE_PRINCIPAL_SQRT_RECTANGLE_WITH_PARENT_FALLBACK,0.8078174725564152,0.8088521012362478,0.484375,0.4921875,8,x07_t30__finite_projective_depth9,0.02991069219452639,4.749389340233421e-07,True,,,60337.72507589731,0.014907111035462597,1.100455773268895,3.4207912351575933,4.690157292254127,0,,POINTWISE_SUPREMUM,3.869911365421546e-07,8.79477974811875e-08,0.0,3.4661010000272654,True,True,False,False,False,False,False,E02__U024__TOP__MINIMUM_CERTIFIED_OUTER_GAP,x07_t30,representative,plus,0.07604226159494606,3.420790890319628,D4-deformed-contour-regular-away-W3-v51,checkpoint_5461_parent_v51_finite_cell
5464__x07_t31,5461_FINITE_PROJECTIVE_OWNER_CELL,E02,U024,MC04_SP_DP,B03,7,0,1,TOP,SIGN_DEFINITE_MONOTONE_PRINCIPAL_SQRT_RECTANGLE_WITH_PARENT_FALLBACK,0.8078174725564152,0.8088521012362478,0.4921875,0.5,8,x07_t31__finite_projective_depth9,0.02991069219452639,4.749389340233421e-07,True,,,68989.68362115294,0.014633938156460512,1.1004664049923096,3.4207912351575933,4.4958114737644195,0,,POINTWISE_SUPREMUM,3.869911365421546e-07,8.79477974811875e-08,0.0,3.407555499987211,True,True,False,False,False,False,False,E02__U024__TOP__MINIMUM_CERTIFIED_OUTER_GAP,x07_t31,representative,plus,0.07555293270530465,3.420790890319628,D4-deformed-contour-regular-away-W3-v51,checkpoint_5461_parent_v51_finite_cell
