category,source_path,published_path,size_bytes,sha256
residuals,source-intake/mts_residuals/P8_Y5_BRR545_4657_VALIDATION.csv,research-ledger/files/residuals/87/P8_Y5_BRR545_4657_VALIDATION.csv,1686,9907481b1c9b69a6084cb748a7da08f0ab1472c733ac9dc6f5bcc6757c40ebe0
residuals,source-intake/mts_residuals/P8_Y5_BRR545_4658_VALIDATION.csv,research-ledger/files/residuals/11/P8_Y5_BRR545_4658_VALIDATION.csv,1541,81da5a4eec31d475ab4f0d2b61e0a3f15624fd2f905d008089c87d318afc0908
residuals,source-intake/mts_residuals/P8_Y5_BRR545_4659_VALIDATION.csv,research-ledger/files/residuals/01/P8_Y5_BRR545_4659_VALIDATION.csv,1537,8d2a94ef5d41226b6061774a2d2fa12a2b9381f7408ec051f7b4379e42e6170e
residuals,source-intake/mts_residuals/P8_Y5_BRR545_4660_VALIDATION.csv,research-ledger/files/residuals/e0/P8_Y5_BRR545_4660_VALIDATION.csv,1771,8956d24b0ce023a16830b33efa121ae7c211fab288928bda1f432da009cc012b
residuals,source-intake/mts_residuals/P8_Y5_BRR545_4661_VALIDATION.csv,research-ledger/files/residuals/b5/P8_Y5_BRR545_4661_VALIDATION.csv,1702,0695556a5432a7aa9b56018a90f5a9c81bd5ad1f71a95d77f156cc86de6a2e83
residuals,source-intake/mts_residuals/P8_Y5_BRR545_4662_VALIDATION.csv,research-ledger/files/residuals/d1/P8_Y5_BRR545_4662_VALIDATION.csv,1592,4a52f21d4e29ec17f35486661530074cd9d190217ea7ff28553306b8c901e7c9
residuals,source-intake/mts_residuals/P8_Y5_BRR545_4663_VALIDATION.csv,research-ledger/files/residuals/9a/P8_Y5_BRR545_4663_VALIDATION.csv,1520,c1d877b75ce937c65632939484a91491a6834b93af6c47d93cab0c44da62ccd4
residuals,source-intake/mts_residuals/P8_Y5_BRR545_4664_VALIDATION.csv,research-ledger/files/residuals/cf/P8_Y5_BRR545_4664_VALIDATION.csv,1395,178a72580cd39bf9f1c445122e571fb9ca24024f5b11f6580a9f398818ec445c
residuals,source-intake/mts_residuals/P8_Y5_BRR545_4665_VALIDATION.csv,research-ledger/files/residuals/f8/P8_Y5_BRR545_4665_VALIDATION.csv,1414,af58a64ba56822b7eae403bce6c942c1d7dd9d5312334a2920f6477ccf1c2629
residuals,source-intake/mts_residuals/P8_Y5_BRR545_4666_VALIDATION.csv,research-ledger/files/residuals/f1/P8_Y5_BRR545_4666_VALIDATION.csv,1413,93829b0b87e20dc2e5ebafe3c1a2de20aef307e67f32b2a3ef24aafa33f3d6ce
residuals,source-intake/mts_residuals/P8_Y5_BRR545_4667_VALIDATION.csv,research-ledger/files/residuals/9b/P8_Y5_BRR545_4667_VALIDATION.csv,1510,bd7199a9f185f7d2dbf4ca73038f370098561417009263f3441a9ad9f2990fbe
residuals,source-intake/mts_residuals/P8_Y5_BRR545_4668_VALIDATION.csv,research-ledger/files/residuals/55/P8_Y5_BRR545_4668_VALIDATION.csv,1496,8d7b93f2b24c5a054cb0440b073a4ad3cc15005d227d6781a230466d1f4c647f
residuals,source-intake/mts_residuals/P8_Y5_BRR545_4669_VALIDATION.csv,research-ledger/files/residuals/84/P8_Y5_BRR545_4669_VALIDATION.csv,1438,f51ab4da3c61ba03600d588e866898fa2fc54fe9b58f962962e563ede43b82b5
residuals,source-intake/mts_residuals/P8_Y5_BRR545_4670_VALIDATION.csv,research-ledger/files/residuals/19/P8_Y5_BRR545_4670_VALIDATION.csv,3761,294571c7db160a3bff9f0c270d7acb44e68244a432645437327212501ad0c18d
residuals,source-intake/mts_residuals/P8_Y5_BRR545_4671_VALIDATION.csv,research-ledger/files/residuals/70/P8_Y5_BRR545_4671_VALIDATION.csv,4082,5539aa957b50b653e07673277280112d8a3b71ce06129df9f6f2a7599f925304
residuals,source-intake/mts_residuals/P8_Y5_BRR545_4672_VALIDATION.csv,research-ledger/files/residuals/f7/P8_Y5_BRR545_4672_VALIDATION.csv,3725,ad56ad6da58eab4eb96962386757c37c4d15ea9df046f16fefd59f85a550b82d
residuals,source-intake/mts_residuals/P8_Y5_BRR545_4673_VALIDATION.csv,research-ledger/files/residuals/62/P8_Y5_BRR545_4673_VALIDATION.csv,3728,47c2e8b1a6c94fa2ec5d39f7cf6f2a930b6b838c16aca62472d0901a6b401932
residuals,source-intake/mts_residuals/P8_Y5_BRR545_4674_VALIDATION.csv,research-ledger/files/residuals/b4/P8_Y5_BRR545_4674_VALIDATION.csv,3725,671eb2d844b96e492bf2b3d1f394a77f9ce5902af05b3e09f04dac83dd13c69a
residuals,source-intake/mts_residuals/P8_Y5_BRR545_4675_VALIDATION.csv,research-ledger/files/residuals/a9/P8_Y5_BRR545_4675_VALIDATION.csv,4064,bdff35cc72c5e2b36cef50c73d10218a9ec130e935486e91bcd4e4b212289187
residuals,source-intake/mts_residuals/P8_Y5_BRR545_4676_VALIDATION.csv,research-ledger/files/residuals/31/P8_Y5_BRR545_4676_VALIDATION.csv,4105,f6d7c8fe19465c7419b5687969c6cd357b215df6208c98bea67b7d7b6a6216fb
residuals,source-intake/mts_residuals/P8_Y5_BRR545_4677_VALIDATION.csv,research-ledger/files/residuals/6e/P8_Y5_BRR545_4677_VALIDATION.csv,1836,a52ddce2706abdbef2e2fb9b34fad8856b25fbb4b12856f9ae902ff3de39e90d
residuals,source-intake/mts_residuals/P8_Y5_BRR545_4678_VALIDATION.csv,research-ledger/files/residuals/1e/P8_Y5_BRR545_4678_VALIDATION.csv,1933,29d1918c46e7909a7c5205c59a56fe37b2a9112f2bf26dcbf46cf52120971c45
residuals,source-intake/mts_residuals/P8_Y5_BRR545_4679_VALIDATION.csv,research-ledger/files/residuals/6c/P8_Y5_BRR545_4679_VALIDATION.csv,1938,58b9a1edf5ddb6aa46ad33cccfc64530ff9aa0b5be403156512084fc56ee5f0f
residuals,source-intake/mts_residuals/P8_Y5_BRR545_4680_VALIDATION.csv,research-ledger/files/residuals/9c/P8_Y5_BRR545_4680_VALIDATION.csv,1832,29768ef624dbfe4669582f586377bd66fdf030a970381d351ce9f8865b475283
residuals,source-intake/mts_residuals/P8_Y5_BRR545_4681_VALIDATION.csv,research-ledger/files/residuals/b6/P8_Y5_BRR545_4681_VALIDATION.csv,3625,b165559668ca1cb55d7effbab1c043e9436ad26fc66f4568e0d003fb4cf1c390
residuals,source-intake/mts_residuals/P8_Y5_BRR545_4682_VALIDATION.csv,research-ledger/files/residuals/5a/P8_Y5_BRR545_4682_VALIDATION.csv,4122,b77c9f111a85668d1b3e21052c1ebe754fa438bf6e2788ecd8674d636dd2ba24
residuals,source-intake/mts_residuals/P8_Y5_BRR545_4683_VALIDATION.csv,research-ledger/files/residuals/2e/P8_Y5_BRR545_4683_VALIDATION.csv,4348,f342590e339754f33a3c10581c5a0cdf48864497931c0b2108b278d0f722a540
residuals,source-intake/mts_residuals/P8_Y5_BRR545_4684_VALIDATION.csv,research-ledger/files/residuals/9a/P8_Y5_BRR545_4684_VALIDATION.csv,4456,fe23a7c0c58dccef4be9ab56c6a07f722f020a136c25d9cc810ac5987e3ad818
residuals,source-intake/mts_residuals/P8_Y5_BRR545_4685_VALIDATION.csv,research-ledger/files/residuals/66/P8_Y5_BRR545_4685_VALIDATION.csv,4019,65203d2f53ffbcd884402d321c6229347440886732b7fee3d7c313820849a38d
residuals,source-intake/mts_residuals/P8_Y5_BRR545_4686_VALIDATION.csv,research-ledger/files/residuals/18/P8_Y5_BRR545_4686_VALIDATION.csv,4120,dcaa746156d37918c63ee413d585a30faef3265c12e926cb0a61833ee6b400c6
residuals,source-intake/mts_residuals/P8_Y5_BRR545_4687_VALIDATION.csv,research-ledger/files/residuals/4a/P8_Y5_BRR545_4687_VALIDATION.csv,4142,65f73783c05a1abbbe044c25ec00a0944fcd9e80088d4edb6073c9c9bd73cd75
residuals,source-intake/mts_residuals/P8_Y5_BRR545_4688_VALIDATION.csv,research-ledger/files/residuals/11/P8_Y5_BRR545_4688_VALIDATION.csv,4166,e1d1ec5e71380f24ea6f5ea1d9a342e0fa5afeb6490b98259fd1ad4da6e8255b
residuals,source-intake/mts_residuals/P8_Y5_BRR545_4689_VALIDATION.csv,research-ledger/files/residuals/c2/P8_Y5_BRR545_4689_VALIDATION.csv,4468,cc14f811d2c2081536aa37615b3eefce5dbb789cfb2008278fe73dffaa3b1301
residuals,source-intake/mts_residuals/P8_Y5_BRR545_4690_VALIDATION.csv,research-ledger/files/residuals/d9/P8_Y5_BRR545_4690_VALIDATION.csv,4538,e0b45f923b2cebad2bc6a2ad8859c6700ac756657b643883b5e1e6f8d400b76f
residuals,source-intake/mts_residuals/P8_Y5_BRR545_4691_VALIDATION.csv,research-ledger/files/residuals/7a/P8_Y5_BRR545_4691_VALIDATION.csv,4682,0a82dc47f33ba4720a8e658284d7be8ae04870ca86582c6fefc4101f81408985
residuals,source-intake/mts_residuals/P8_Y5_BRR545_4692_VALIDATION.csv,research-ledger/files/residuals/b9/P8_Y5_BRR545_4692_VALIDATION.csv,4978,fddafa15b76fb5bfe7a950b6ac35b074d63312e9191c002141c53cbaf1ac2272
residuals,source-intake/mts_residuals/P8_Y5_BRR545_4693_VALIDATION.csv,research-ledger/files/residuals/6a/P8_Y5_BRR545_4693_VALIDATION.csv,4891,5ba0a7ef2efb56a97166d5a7b100ccd24e18b546a298e9f412edd782cf68f619
residuals,source-intake/mts_residuals/P8_Y5_BRR545_4694_VALIDATION.csv,research-ledger/files/residuals/5f/P8_Y5_BRR545_4694_VALIDATION.csv,4914,704a62ffa4a1263f8ac0ec294ff1ccbfb7e63910a0ebfd19afe0ae62de2a0d54
residuals,source-intake/mts_residuals/P8_Y5_BRR545_4695_VALIDATION.csv,research-ledger/files/residuals/f3/P8_Y5_BRR545_4695_VALIDATION.csv,4238,a4405195c9907c88a4d17f033396bf7cffa1fb79ba58d36f98aca1e09a4dd878
residuals,source-intake/mts_residuals/P8_Y5_BRR545_4696_VALIDATION.csv,research-ledger/files/residuals/df/P8_Y5_BRR545_4696_VALIDATION.csv,6046,42234dede0c724a49db6e25331f5d76d2e08b62bc45d7dffde5e91db50a14ade
residuals,source-intake/mts_residuals/P8_Y5_BRR545_4697_VALIDATION.csv,research-ledger/files/residuals/e6/P8_Y5_BRR545_4697_VALIDATION.csv,5447,dcd5b2f1b336ee76765a4570d2fd9478fcc6fa05f8a6dc978721990e764623d3
residuals,source-intake/mts_residuals/P8_Y5_BRR545_4698_VALIDATION.csv,research-ledger/files/residuals/22/P8_Y5_BRR545_4698_VALIDATION.csv,5867,d17b3fb5db4a76d87faae3a5af6372bc1db17dfdd8a2c4bd3789ed6a74e6d757
residuals,source-intake/mts_residuals/P8_Y5_BRR545_4699_VALIDATION.csv,research-ledger/files/residuals/0d/P8_Y5_BRR545_4699_VALIDATION.csv,6052,3865208fcea95c64060921ebb66493f60880143b36047fb191ea21d3536332f4
residuals,source-intake/mts_residuals/P8_Y5_BRR545_4700_VALIDATION.csv,research-ledger/files/residuals/91/P8_Y5_BRR545_4700_VALIDATION.csv,6217,586738c453ccf247761686b6287ac93ff03c71e2644504c486f8cd8d3d4adfc3
residuals,source-intake/mts_residuals/P8_Y5_BRR545_4701_VALIDATION.csv,research-ledger/files/residuals/ea/P8_Y5_BRR545_4701_VALIDATION.csv,5658,d2bd828521ffdd6ea76ad425e3cfef3016b494a987183007a5ed36a8ef107f00
residuals,source-intake/mts_residuals/P8_Y5_BRR545_4702_VALIDATION.csv,research-ledger/files/residuals/7f/P8_Y5_BRR545_4702_VALIDATION.csv,6103,bcc05e30b068c7f79ab6a6c68524cee38dfb6266ae9c8627eedba4610cbe5a66
residuals,source-intake/mts_residuals/P8_Y5_BRR545_4703_VALIDATION.csv,research-ledger/files/residuals/f6/P8_Y5_BRR545_4703_VALIDATION.csv,5830,46fb64d196c297689edea39f10f326265611f5a3e4725ef8aa1d3d73b9a1a6a5
residuals,source-intake/mts_residuals/P8_Y5_BRR545_4704_VALIDATION.csv,research-ledger/files/residuals/62/P8_Y5_BRR545_4704_VALIDATION.csv,4762,95edd5bae9d80e6eee8a56b72bdb26200ff2c5bfcf00d116d5879c66cf9e99d1
residuals,source-intake/mts_residuals/P8_Y5_BRR545_4705_VALIDATION.csv,research-ledger/files/residuals/e9/P8_Y5_BRR545_4705_VALIDATION.csv,4169,7169a82bd8f7dec897bb7450442095ee37ecc00083e05fe3e1ef3aeebb2582df
residuals,source-intake/mts_residuals/P8_Y5_BRR545_4706_VALIDATION.csv,research-ledger/files/residuals/a2/P8_Y5_BRR545_4706_VALIDATION.csv,4230,554d555997bc024650500d3b3844316df28169c5d084ba0c3555fd0a3b391be2
residuals,source-intake/mts_residuals/P8_Y5_BRR545_4707_VALIDATION.csv,research-ledger/files/residuals/5b/P8_Y5_BRR545_4707_VALIDATION.csv,4146,a5573b6ba9471d66180a00c9a7b4088134b6b419b095acef2d4cff434b6cfd80
residuals,source-intake/mts_residuals/P8_Y5_BRR545_4708_VALIDATION.csv,research-ledger/files/residuals/a3/P8_Y5_BRR545_4708_VALIDATION.csv,4362,b7c147af50db4b9f69dea292cb55995ede23e3552c07453ee00e168ee6340df3
residuals,source-intake/mts_residuals/P8_Y5_BRR545_4709_VALIDATION.csv,research-ledger/files/residuals/25/P8_Y5_BRR545_4709_VALIDATION.csv,4609,3076528c679c44778b02c77eb20495eb97aa4a8ec0fdaf7ec6670bab2dbeaa49
residuals,source-intake/mts_residuals/P8_Y5_BRR545_4710_VALIDATION.csv,research-ledger/files/residuals/71/P8_Y5_BRR545_4710_VALIDATION.csv,4054,3d02478a8570a5c8bbfb83f6d9c044a68464e11846c62ba149c69891401e8f86
residuals,source-intake/mts_residuals/P8_Y5_BRR545_4711_VALIDATION.csv,research-ledger/files/residuals/7f/P8_Y5_BRR545_4711_VALIDATION.csv,4390,6273a5c09347ca9e52487b04f167ad7db7c4678743220254591eceb6bcca86f7
residuals,source-intake/mts_residuals/P8_Y5_BRR545_4712_VALIDATION.csv,research-ledger/files/residuals/c5/P8_Y5_BRR545_4712_VALIDATION.csv,4349,1f904a00cdbc3f8200d7f128fc8baad20bb30d86935e5b3d35b0619635f6ef2a
residuals,source-intake/mts_residuals/P8_Y5_BRR545_4713_VALIDATION.csv,research-ledger/files/residuals/c3/P8_Y5_BRR545_4713_VALIDATION.csv,1199,a050ec3d1d4a001650b8b0b81b2f54b8f7e687c4b59e8009ad52c9a35ae5edcf
residuals,source-intake/mts_residuals/P8_Y5_BRR545_4714_VALIDATION.csv,research-ledger/files/residuals/4b/P8_Y5_BRR545_4714_VALIDATION.csv,1240,7024a7626e691c4e7cac889960528196e2899ccff1a650e36a9033101eb709de
residuals,source-intake/mts_residuals/P8_Y5_BRR545_4715_VALIDATION.csv,research-ledger/files/residuals/2e/P8_Y5_BRR545_4715_VALIDATION.csv,1238,860064a91f63ba24c63405f2cdef20e4b06d0587e3994d8a17d0de58f2d5f929
residuals,source-intake/mts_residuals/P8_Y5_BRR545_4716_VALIDATION.csv,research-ledger/files/residuals/78/P8_Y5_BRR545_4716_VALIDATION.csv,1256,d17075ea10902ea2da71b48a43957e72ad0b50387558d9008e44a1edd9c14e24
residuals,source-intake/mts_residuals/P8_Y5_BRR545_4717_VALIDATION.csv,research-ledger/files/residuals/a5/P8_Y5_BRR545_4717_VALIDATION.csv,1336,0c7a7735b78922b8fff9aa75c1439836a050687f5f43bef019694fa32abca470
residuals,source-intake/mts_residuals/P8_Y5_BRR545_4718_VALIDATION.csv,research-ledger/files/residuals/45/P8_Y5_BRR545_4718_VALIDATION.csv,1342,36fd60648c252114d0ec7276c6a5b857d11eabfc7d6e97dffbcbda48621095ea
residuals,source-intake/mts_residuals/P8_Y5_BRR545_4719_VALIDATION.csv,research-ledger/files/residuals/46/P8_Y5_BRR545_4719_VALIDATION.csv,1382,3d15b0bb9b1a4d5e7306e1fa9faa37c35c024bb6b1aac0f6173319db9ba0750b
residuals,source-intake/mts_residuals/P8_Y5_BRR545_4720_VALIDATION.csv,research-ledger/files/residuals/d7/P8_Y5_BRR545_4720_VALIDATION.csv,1257,d0be142d3756e4c0053df95652bd9c3a6ad7ff598377df3ae6109dcbaf777822
residuals,source-intake/mts_residuals/P8_Y5_BRR545_4721_VALIDATION.csv,research-ledger/files/residuals/e7/P8_Y5_BRR545_4721_VALIDATION.csv,1358,982e2c33bd9bb7997d710cea73b253d4c6182183c13461f4a8873b5f4d410619
residuals,source-intake/mts_residuals/P8_Y5_BRR545_4722_VALIDATION.csv,research-ledger/files/residuals/cb/P8_Y5_BRR545_4722_VALIDATION.csv,1286,2497143b24727c1eaa72646a60334e6bd60341846bc60e5aa2c290f004d90565
residuals,source-intake/mts_residuals/P8_Y5_BRR545_4723_VALIDATION.csv,research-ledger/files/residuals/4e/P8_Y5_BRR545_4723_VALIDATION.csv,1456,3b088cc54e77bea6ae5507f04018e51c7fc98846b318be42c6cc277189870ed7
residuals,source-intake/mts_residuals/P8_Y5_BRR545_4724_VALIDATION.csv,research-ledger/files/residuals/c4/P8_Y5_BRR545_4724_VALIDATION.csv,1414,7205f3aae8aec18b9c47a553040220f9052793e7216f7cea0634db563a1bf31c
residuals,source-intake/mts_residuals/P8_Y5_BRR545_4725_VALIDATION.csv,research-ledger/files/residuals/78/P8_Y5_BRR545_4725_VALIDATION.csv,1437,7833d44d4dc4a3c0362e9aa9ca22fbc4db431ad6d9d48c5ff624cb35abc22b21
residuals,source-intake/mts_residuals/P8_Y5_BRR545_4726_VALIDATION.csv,research-ledger/files/residuals/e8/P8_Y5_BRR545_4726_VALIDATION.csv,1559,f3162a24d32f6bbdb6ea7e75f4d5986119bd66eb21ce5f3427d53dff28f5c4a4
residuals,source-intake/mts_residuals/P8_Y5_BRR545_4727_VALIDATION.csv,research-ledger/files/residuals/70/P8_Y5_BRR545_4727_VALIDATION.csv,1642,b986e4f3e9242c483287671af1f0314c8fc445af9e723f64e76c3f1de50d15ae
residuals,source-intake/mts_residuals/P8_Y5_BRR545_4728_VALIDATION.csv,research-ledger/files/residuals/c1/P8_Y5_BRR545_4728_VALIDATION.csv,1552,2259240479fa1db617f1efc45197231f371e4a629a6066f08e41c1ab1191eef3
residuals,source-intake/mts_residuals/P8_Y5_BRR545_4729_VALIDATION.csv,research-ledger/files/residuals/4f/P8_Y5_BRR545_4729_VALIDATION.csv,1572,54004796dcddad268d8644847fb0675ad67327c8c6a65eb6b88c25b586e71e34
residuals,source-intake/mts_residuals/P8_Y5_BRR545_4730_VALIDATION.csv,research-ledger/files/residuals/2b/P8_Y5_BRR545_4730_VALIDATION.csv,1653,c46c8096ccbda36b06557c5691542a583112c636df791e882c3acffb1de7b66b
residuals,source-intake/mts_residuals/P8_Y5_BRR545_4731_VALIDATION.csv,research-ledger/files/residuals/46/P8_Y5_BRR545_4731_VALIDATION.csv,1657,8e891ee1ae3a3a2d6327147410fb0562ca659ffc95cfd4a18429bf7667a49a48
residuals,source-intake/mts_residuals/P8_Y5_BRR545_4732_VALIDATION.csv,research-ledger/files/residuals/6e/P8_Y5_BRR545_4732_VALIDATION.csv,1560,ef7c898b75e46627393821556c2ef6f2cb1efe39be32c7d35ccf39999c1dd33a
residuals,source-intake/mts_residuals/P8_Y5_BRR545_4733_VALIDATION.csv,research-ledger/files/residuals/ba/P8_Y5_BRR545_4733_VALIDATION.csv,1513,9301e1faa426ead1805f4698b44c832822b3c560a49df317ebe08cd48dc4d92f
residuals,source-intake/mts_residuals/P8_Y5_BRR545_4734_VALIDATION.csv,research-ledger/files/residuals/81/P8_Y5_BRR545_4734_VALIDATION.csv,1496,2a89ffd084d53cf3094c739477cf8ad0abc66e23cb32f943e9fb022756fdcef4
residuals,source-intake/mts_residuals/P8_Y5_BRR545_4735_VALIDATION.csv,research-ledger/files/residuals/d7/P8_Y5_BRR545_4735_VALIDATION.csv,1481,2ff103fb75271b22c37d454a8db35370b1e1494c9ffdda2fe2fcb63423f1e098
residuals,source-intake/mts_residuals/P8_Y5_BRR545_4736_VALIDATION.csv,research-ledger/files/residuals/54/P8_Y5_BRR545_4736_VALIDATION.csv,1666,7139dfc9bcd59b73888604c562c2fec22838ae0874a00428751f490d575b2a0a
residuals,source-intake/mts_residuals/P8_Y5_BRR545_4737_VALIDATION.csv,research-ledger/files/residuals/5f/P8_Y5_BRR545_4737_VALIDATION.csv,1621,0a3e14816dc2f586c60aafad902b544ed3abb21cabc73189abddd40d9d4a176e
residuals,source-intake/mts_residuals/P8_Y5_BRR545_4738_VALIDATION.csv,research-ledger/files/residuals/aa/P8_Y5_BRR545_4738_VALIDATION.csv,1830,62fcaaea97576c4cdf6157925f4e1299a8de0420e11486b393406f11c4a11182
residuals,source-intake/mts_residuals/P8_Y5_BRR545_4739_VALIDATION.csv,research-ledger/files/residuals/4e/P8_Y5_BRR545_4739_VALIDATION.csv,1885,a6a63d5042ede8e8c3a578de2970e245854d9a86374cb90cbbfdd11d8df7646a
residuals,source-intake/mts_residuals/P8_Y5_BRR545_4740_VALIDATION.csv,research-ledger/files/residuals/f5/P8_Y5_BRR545_4740_VALIDATION.csv,1935,07c5ad1127852660b2b393ca00b1bddcd56ccbb41c379f9d0f2eb385d9e5a53d
residuals,source-intake/mts_residuals/P8_Y5_BRR545_4741_VALIDATION.csv,research-ledger/files/residuals/7c/P8_Y5_BRR545_4741_VALIDATION.csv,9275,0e40b55770115e65ed37b47632f84d1114952471e23a4c0f0e8cbbc952b5147c
residuals,source-intake/mts_residuals/P8_Y5_BRR545_4742_VALIDATION.csv,research-ledger/files/residuals/b5/P8_Y5_BRR545_4742_VALIDATION.csv,9149,cd57ff4027a009ef57a51f9a67dc2710c8e15b74951171eb89c8c0a1c4b34c8f
residuals,source-intake/mts_residuals/P8_Y5_BRR545_4743_VALIDATION.csv,research-ledger/files/residuals/d3/P8_Y5_BRR545_4743_VALIDATION.csv,8835,210659232f4b4f9e3dbdfc4c6a92909e35c55f84fe7a702257fbc2702e20dcca
residuals,source-intake/mts_residuals/P8_Y5_BRR545_4744_VALIDATION.csv,research-ledger/files/residuals/40/P8_Y5_BRR545_4744_VALIDATION.csv,8504,116aa0a95f8c30d77a7b8b8c1ee8ba66f937cfd9570771f34263132a773132fe
residuals,source-intake/mts_residuals/P8_Y5_BRR545_4745_VALIDATION.csv,research-ledger/files/residuals/26/P8_Y5_BRR545_4745_VALIDATION.csv,8572,20945b39a5281dce1bf7cd42588c28dde49e006b032f6036c1f70da93ab8a782
residuals,source-intake/mts_residuals/P8_Y5_BRR545_4746_VALIDATION.csv,research-ledger/files/residuals/8d/P8_Y5_BRR545_4746_VALIDATION.csv,8874,d2e7744743ab6d3c302dc21ab6851a6559d324143710c928e90a2597283e8c57
residuals,source-intake/mts_residuals/P8_Y5_BRR545_4747_VALIDATION.csv,research-ledger/files/residuals/39/P8_Y5_BRR545_4747_VALIDATION.csv,9279,1b119915912797e5566684053338d35e8c19eb0cfc06b0078bedb3b4d76a08f7
residuals,source-intake/mts_residuals/P8_Y5_BRR545_4748_VALIDATION.csv,research-ledger/files/residuals/82/P8_Y5_BRR545_4748_VALIDATION.csv,8789,19a56d42e984ed99bd780cd9c2d6170a74dde104622ae81aa02708e9a087b5a0
residuals,source-intake/mts_residuals/P8_Y5_BRR545_4749_VALIDATION.csv,research-ledger/files/residuals/d2/P8_Y5_BRR545_4749_VALIDATION.csv,8526,aebf9e3db070a4eab6b3ccb649fd85cb8e25343806c5ab62cfda7cf04e68ece1
residuals,source-intake/mts_residuals/P8_Y5_BRR545_4750_VALIDATION.csv,research-ledger/files/residuals/8e/P8_Y5_BRR545_4750_VALIDATION.csv,8382,1661ee548ee3c599bed635552b2a7131035f0d48576228f853f812d09da0e1f8
residuals,source-intake/mts_residuals/P8_Y5_BRR545_4751_VALIDATION.csv,research-ledger/files/residuals/d3/P8_Y5_BRR545_4751_VALIDATION.csv,7419,de2ad1ce703a5f1c74f4e91f2d87741f45d7d2b0b142c78ac8bab41637e9a107
residuals,source-intake/mts_residuals/P8_Y5_BRR545_4752_VALIDATION.csv,research-ledger/files/residuals/ba/P8_Y5_BRR545_4752_VALIDATION.csv,7728,5c2f7f6783ce8a6809ba002fe7aef9cb9e0f6f826ca6798ffa6e18dd9fdb4f12
residuals,source-intake/mts_residuals/P8_Y5_BRR545_4753_VALIDATION.csv,research-ledger/files/residuals/82/P8_Y5_BRR545_4753_VALIDATION.csv,8384,6ed6e3eb05e128695cece0f14bb5787940e9754a9bbde3e6793fdfc626e7dbee
residuals,source-intake/mts_residuals/P8_Y5_BRR545_4754_VALIDATION.csv,research-ledger/files/residuals/a7/P8_Y5_BRR545_4754_VALIDATION.csv,7883,4ff58761b1862b7f8330ab5a24766fb60be164de557fc9b296927a6c15c67015
residuals,source-intake/mts_residuals/P8_Y5_BRR545_4755_VALIDATION.csv,research-ledger/files/residuals/0d/P8_Y5_BRR545_4755_VALIDATION.csv,7808,7af6ea7fbb1c8009b242cfae7d1250797d14bb3c1c6ebeda5bbc51c74f90d45b
residuals,source-intake/mts_residuals/P8_Y5_BRR545_4756_VALIDATION.csv,research-ledger/files/residuals/ee/P8_Y5_BRR545_4756_VALIDATION.csv,8459,1afdd30d05275ff3a8b93f4e6b34fcff6d4c68bf6237b3944017d0a623395234
residuals,source-intake/mts_residuals/P8_Y5_BRR545_4757_VALIDATION.csv,research-ledger/files/residuals/93/P8_Y5_BRR545_4757_VALIDATION.csv,8229,0ff3c287808f656f13344be9fc7e893f1a9381c36b4d15ce4dab257542e9ff65
residuals,source-intake/mts_residuals/P8_Y5_BRR545_4758_VALIDATION.csv,research-ledger/files/residuals/41/P8_Y5_BRR545_4758_VALIDATION.csv,8339,7f7a48c4b2fcb456b235cd9b9149d6f3c1566ce20a9b3d3716b7778d18f45a9b
residuals,source-intake/mts_residuals/P8_Y5_BRR545_4759_VALIDATION.csv,research-ledger/files/residuals/9f/P8_Y5_BRR545_4759_VALIDATION.csv,8267,cc4215b123ff58ff924a35bdee45e16512b52f8110804dc01eb0ee26249b0390
residuals,source-intake/mts_residuals/P8_Y5_BRR545_4760_VALIDATION.csv,research-ledger/files/residuals/d7/P8_Y5_BRR545_4760_VALIDATION.csv,7874,063da52c96244fc5bf4d8a9e7a63185f1168f8d4ba0945bc4baefe5e04b9db71
residuals,source-intake/mts_residuals/P8_Y5_BRR545_4761_VALIDATION.csv,research-ledger/files/residuals/37/P8_Y5_BRR545_4761_VALIDATION.csv,8286,43b3a4f77ec9eddd1de92fa570ae5f1a4705c7dfc917a197a0f3171c43ebc66d
residuals,source-intake/mts_residuals/P8_Y5_BRR545_4762_VALIDATION.csv,research-ledger/files/residuals/ea/P8_Y5_BRR545_4762_VALIDATION.csv,8166,85f98382fb9c6c318bdb8977f284d20d95b9ed39423f2e7c25cc33495b762d78
residuals,source-intake/mts_residuals/P8_Y5_BRR545_4763_VALIDATION.csv,research-ledger/files/residuals/41/P8_Y5_BRR545_4763_VALIDATION.csv,9289,90b0cd9985cff09f1bbb01f580b0c265bcde9d702b0fc89b6ec7cb716ac31354
residuals,source-intake/mts_residuals/P8_Y5_BRR545_4764_VALIDATION.csv,research-ledger/files/residuals/67/P8_Y5_BRR545_4764_VALIDATION.csv,8139,cf10224d6283ecef9ce6400e7404d20020056672bbb0af86a3a97d9dcdba03a5
residuals,source-intake/mts_residuals/P8_Y5_BRR545_4765_VALIDATION.csv,research-ledger/files/residuals/f1/P8_Y5_BRR545_4765_VALIDATION.csv,8218,58ed243e840394d519038daaf6d39a04e4ada31e4a63d086fb69acd909677670
residuals,source-intake/mts_residuals/P8_Y5_BRR545_4766_VALIDATION.csv,research-ledger/files/residuals/c5/P8_Y5_BRR545_4766_VALIDATION.csv,9324,33e535b0e12684c245b39bb90e1ab83031e6efaa6a0bfd99c5e472d35d23200d
residuals,source-intake/mts_residuals/P8_Y5_BRR545_4767_VALIDATION.csv,research-ledger/files/residuals/a0/P8_Y5_BRR545_4767_VALIDATION.csv,9730,91cc8fcc95b47cfcb1597bbae7ae1a3a003322eba736744e122c798d8a667bbd
residuals,source-intake/mts_residuals/P8_Y5_BRR545_4768_VALIDATION.csv,research-ledger/files/residuals/4a/P8_Y5_BRR545_4768_VALIDATION.csv,9877,ec5421d9630584381fa01a12eb3e94db83235423c0033c06c0d516368b625ca8
residuals,source-intake/mts_residuals/P8_Y5_BRR545_4769_VALIDATION.csv,research-ledger/files/residuals/2a/P8_Y5_BRR545_4769_VALIDATION.csv,9838,c0d93f14b4a8dd29b40269b7b8373219431b0b9b4b0df216336d80ad70f883c6
residuals,source-intake/mts_residuals/P8_Y5_BRR545_4770_VALIDATION.csv,research-ledger/files/residuals/fe/P8_Y5_BRR545_4770_VALIDATION.csv,9069,42d632e69e95b303c2911fdf838b7b27eb917ce87c23d9c45aa9741c895e7b7a
residuals,source-intake/mts_residuals/P8_Y5_BRR545_4771_VALIDATION.csv,research-ledger/files/residuals/bf/P8_Y5_BRR545_4771_VALIDATION.csv,9837,9614421436466223942777d152a58f5002e80d69215560d20995ff80f2153acf
residuals,source-intake/mts_residuals/P8_Y5_BRR545_4772_VALIDATION.csv,research-ledger/files/residuals/e0/P8_Y5_BRR545_4772_VALIDATION.csv,8987,ccbe6004be6be12e71ebb1aaa2a5fdff7dc60a9be013ed46c369b7848e5d8e44
residuals,source-intake/mts_residuals/P8_Y5_BRR545_4773_VALIDATION.csv,research-ledger/files/residuals/87/P8_Y5_BRR545_4773_VALIDATION.csv,8949,e8101b6b3cd155ba51c39dac8ed3507fc68d0a9f74c5d7ebf4e44224740035f0
residuals,source-intake/mts_residuals/P8_Y5_BRR545_4774_VALIDATION.csv,research-ledger/files/residuals/3b/P8_Y5_BRR545_4774_VALIDATION.csv,9565,fecc664a7e6eec3d3b9754f6cb77817b284b414726d400a34e95ce473f05eebd
residuals,source-intake/mts_residuals/P8_Y5_BRR545_4775_VALIDATION.csv,research-ledger/files/residuals/a8/P8_Y5_BRR545_4775_VALIDATION.csv,10221,315babbe0fda27b3c6988957c086e9d1cf0b9606d41e87627d969f7edd7580f7
residuals,source-intake/mts_residuals/P8_Y5_BRR545_4776_VALIDATION.csv,research-ledger/files/residuals/c2/P8_Y5_BRR545_4776_VALIDATION.csv,9791,24b3669d1d31ae768b06a9d2f8864faea97d694aa5395714acb5e56df9e49eb2
residuals,source-intake/mts_residuals/P8_Y5_BRR545_4777_VALIDATION.csv,research-ledger/files/residuals/ba/P8_Y5_BRR545_4777_VALIDATION.csv,10175,f37f5a29306f67fdf747f8f492a9b8361d2983aaac1ce48b7ec71ac0b5a429e6
residuals,source-intake/mts_residuals/P8_Y5_BRR545_4778_VALIDATION.csv,research-ledger/files/residuals/b9/P8_Y5_BRR545_4778_VALIDATION.csv,9794,2607a89a56fcfb2e885f1e3cdd69d90c738a8b8961b33a793b78c5cf71ac3c4f
residuals,source-intake/mts_residuals/P8_Y5_BRR545_4779_VALIDATION.csv,research-ledger/files/residuals/3e/P8_Y5_BRR545_4779_VALIDATION.csv,10110,374fd349be5e719699af68d7008dc04a772e947e3b5969e6c5b41c209d74b993
residuals,source-intake/mts_residuals/P8_Y5_BRR545_4780_VALIDATION.csv,research-ledger/files/residuals/a1/P8_Y5_BRR545_4780_VALIDATION.csv,10909,024470a6153101183fe4abf9424cabfcae8b41f049af38418480d737794a9d5d
residuals,source-intake/mts_residuals/P8_Y5_BRR545_4781_VALIDATION.csv,research-ledger/files/residuals/47/P8_Y5_BRR545_4781_VALIDATION.csv,4072,ad77e7a47edff28f69b9ac8c849ff691d6fe7c7eb663943a86995ebf43d69c93
residuals,source-intake/mts_residuals/P8_Y5_BRR545_4782_VALIDATION.csv,research-ledger/files/residuals/90/P8_Y5_BRR545_4782_VALIDATION.csv,4025,52cb7a13f5c58d78f57dd61b9f265b213bf6d7956edae6d7777535bff7bb9f47
residuals,source-intake/mts_residuals/P8_Y5_BRR545_4783_VALIDATION.csv,research-ledger/files/residuals/13/P8_Y5_BRR545_4783_VALIDATION.csv,3659,45abde57614ff69bfee88b01d539a2559dd6a5eb7ef2303ee546772b37eb6628
residuals,source-intake/mts_residuals/P8_Y5_BRR545_4784_VALIDATION.csv,research-ledger/files/residuals/61/P8_Y5_BRR545_4784_VALIDATION.csv,3725,a94b10c1fcbc874f7d5ba18aa7692847a0320df81a9e48583252d25c5f2a0f21
residuals,source-intake/mts_residuals/P8_Y5_BRR545_4785_VALIDATION.csv,research-ledger/files/residuals/32/P8_Y5_BRR545_4785_VALIDATION.csv,3747,01a1c97245ac0709e37f8e7c85300258cd94b5d3cf9e354029025a7c01282e72
residuals,source-intake/mts_residuals/P8_Y5_BRR545_4786_VALIDATION.csv,research-ledger/files/residuals/64/P8_Y5_BRR545_4786_VALIDATION.csv,3795,67d54703a3b9e9326c61722ee447eeafc3e43d0186f12fdd87ee8875a9e0c7c8
residuals,source-intake/mts_residuals/P8_Y5_BRR545_4787_VALIDATION.csv,research-ledger/files/residuals/88/P8_Y5_BRR545_4787_VALIDATION.csv,3822,3b5fb9782e8348cd7f65637ef2fcb67960321c40324ba157bce540b2c0d57a7f
residuals,source-intake/mts_residuals/P8_Y5_BRR545_4788_VALIDATION.csv,research-ledger/files/residuals/aa/P8_Y5_BRR545_4788_VALIDATION.csv,3825,6ebc0bf3f84e1dee66b3a3940c88555ccea64b25182a8bc31ab026281dde717a
residuals,source-intake/mts_residuals/P8_Y5_BRR545_4789_VALIDATION.csv,research-ledger/files/residuals/7a/P8_Y5_BRR545_4789_VALIDATION.csv,4560,c2ec283d40eaa0b1a2ddc17c35ef8c47da9ef719ab2cfdaf7d80a0d68f91e167
residuals,source-intake/mts_residuals/P8_Y5_BRR545_4790_VALIDATION.csv,research-ledger/files/residuals/de/P8_Y5_BRR545_4790_VALIDATION.csv,4571,78ee8aefe481f62e2a3a4bf544c53580f455d25f89fcf42e990230c6b864975a
residuals,source-intake/mts_residuals/P8_Y5_BRR545_4791_VALIDATION.csv,research-ledger/files/residuals/a4/P8_Y5_BRR545_4791_VALIDATION.csv,4538,9c21d1be62f41a2bd8f06073868140b990b89fe476c556b8142e00e68cd12498
residuals,source-intake/mts_residuals/P8_Y5_BRR545_4792_VALIDATION.csv,research-ledger/files/residuals/43/P8_Y5_BRR545_4792_VALIDATION.csv,4089,e3c9276317650ac08fe7c7d2bd52c3d1e5a0ea0cde9b35b2a32fe7adcded14d4
residuals,source-intake/mts_residuals/P8_Y5_BRR545_4793_VALIDATION.csv,research-ledger/files/residuals/20/P8_Y5_BRR545_4793_VALIDATION.csv,3793,d00d3d7c2948f84d18cac39f04dd07ab65832e1b71ba5f78b864c8fc4b007514
residuals,source-intake/mts_residuals/P8_Y5_BRR545_4794_VALIDATION.csv,research-ledger/files/residuals/82/P8_Y5_BRR545_4794_VALIDATION.csv,4738,0fe99c406a324f98d873cc2d2fc44615a428e5cafbb28fb90e0a912b143096a6
residuals,source-intake/mts_residuals/P8_Y5_BRR545_4795_VALIDATION.csv,research-ledger/files/residuals/ab/P8_Y5_BRR545_4795_VALIDATION.csv,5029,a76fa4a886acb64726a0af71a84eb21a4d9592d42b0a7723db8414ef431cf191
residuals,source-intake/mts_residuals/P8_Y5_BRR545_4796_VALIDATION.csv,research-ledger/files/residuals/64/P8_Y5_BRR545_4796_VALIDATION.csv,4168,fb8adebc659f6d1a433aa9e3444393244e8a93a580fd18e8b388c550149668f6
residuals,source-intake/mts_residuals/P8_Y5_BRR545_4797_VALIDATION.csv,research-ledger/files/residuals/54/P8_Y5_BRR545_4797_VALIDATION.csv,3806,7e6eb37f0ad2f200a4eb8c3c095d1f1bd6272b064e86b10e5078623befb0255f
residuals,source-intake/mts_residuals/P8_Y5_BRR545_4798_VALIDATION.csv,research-ledger/files/residuals/f9/P8_Y5_BRR545_4798_VALIDATION.csv,4973,1a186461fb2dbf1970ac4ac9548639ccb3e5b17a44ec4e10e4f797256de45f1f
residuals,source-intake/mts_residuals/P8_Y5_BRR545_4799_VALIDATION.csv,research-ledger/files/residuals/0d/P8_Y5_BRR545_4799_VALIDATION.csv,4433,34db942e71d2919439bd311340feed0576b96f21fdd9129ba0a708351f8be782
residuals,source-intake/mts_residuals/P8_Y5_BRR545_4800_VALIDATION.csv,research-ledger/files/residuals/9b/P8_Y5_BRR545_4800_VALIDATION.csv,2927,3734c49fde5ee6db64f70158c913117d3210d5c3cd3dabd870004b151d1523a4
residuals,source-intake/mts_residuals/P8_Y5_BRR545_4801_VALIDATION.csv,research-ledger/files/residuals/73/P8_Y5_BRR545_4801_VALIDATION.csv,2974,5970f936003ba5a8e677b422429a131fb6443217f9cc36874a84ef9ff1a2369d
residuals,source-intake/mts_residuals/P8_Y5_BRR545_4802_VALIDATION.csv,research-ledger/files/residuals/29/P8_Y5_BRR545_4802_VALIDATION.csv,2985,8b67ff16332a820236f945b20c5d50a595314687bdceedbb3a8c7279a3d47e15
residuals,source-intake/mts_residuals/P8_Y5_BRR545_4803_VALIDATION.csv,research-ledger/files/residuals/63/P8_Y5_BRR545_4803_VALIDATION.csv,2900,1494526c9887e7cbf1b56e271ae3731d7d90373b0587c8791f2b698cbf747e53
residuals,source-intake/mts_residuals/P8_Y5_BRR545_4804_VALIDATION.csv,research-ledger/files/residuals/c4/P8_Y5_BRR545_4804_VALIDATION.csv,2942,a9305f42553b0a553d51b69cebf290c286ea8422fcf04c8364c83d4989332eb4
residuals,source-intake/mts_residuals/P8_Y5_BRR545_4805_VALIDATION.csv,research-ledger/files/residuals/c0/P8_Y5_BRR545_4805_VALIDATION.csv,2933,98966c58429ad8403304b7f47500ac630bb7313dac699a85a03a44aef9bbf6df
residuals,source-intake/mts_residuals/P8_Y5_BRR545_4806_VALIDATION.csv,research-ledger/files/residuals/1e/P8_Y5_BRR545_4806_VALIDATION.csv,2995,1852b6b19bd8947d2ef4e6f9f378f6a00cc2d5a7be4ab6013ab1da1b0c6a047c
residuals,source-intake/mts_residuals/P8_Y5_BRR545_4807_VALIDATION.csv,research-ledger/files/residuals/4b/P8_Y5_BRR545_4807_VALIDATION.csv,2895,33044d1d42a19e27ee08d9a46ccdc450dfe4bc9e4e4ce2025138d77c50d45199
residuals,source-intake/mts_residuals/P8_Y5_BRR545_4808_VALIDATION.csv,research-ledger/files/residuals/d6/P8_Y5_BRR545_4808_VALIDATION.csv,2891,f8f19985beedc122ffb5e691f88293b6dffa0e4ee671a8675bfe96ea5e01daaa
residuals,source-intake/mts_residuals/P8_Y5_BRR545_4809_VALIDATION.csv,research-ledger/files/residuals/c2/P8_Y5_BRR545_4809_VALIDATION.csv,2962,44e827cefd0fe02f683d4adf9073991153092dfc2957a1b0523a863d12bb8b5f
residuals,source-intake/mts_residuals/P8_Y5_BRR545_4810_VALIDATION.csv,research-ledger/files/residuals/63/P8_Y5_BRR545_4810_VALIDATION.csv,3537,d368d935b323d00dd4dc1d8496951ca5f718bb4993734b08814b0c75c68d06fb
residuals,source-intake/mts_residuals/P8_Y5_BRR545_4811_VALIDATION.csv,research-ledger/files/residuals/49/P8_Y5_BRR545_4811_VALIDATION.csv,3272,bb3501e9385c33222c5afb8f812cf6a7175743c568f8e1ee78a106be02c513d8
residuals,source-intake/mts_residuals/P8_Y5_BRR545_4812_VALIDATION.csv,research-ledger/files/residuals/7c/P8_Y5_BRR545_4812_VALIDATION.csv,3583,bd32a769d9af2481d02d0f437fe18393bf9945c6e636a516732859b942afdbd3
residuals,source-intake/mts_residuals/P8_Y5_BRR545_4813_VALIDATION.csv,research-ledger/files/residuals/6d/P8_Y5_BRR545_4813_VALIDATION.csv,3847,6487e41579de4211aa1f35ef28f80082c350a804a1ef7fa25e5dec6d2505a19e
residuals,source-intake/mts_residuals/P8_Y5_BRR545_4814_VALIDATION.csv,research-ledger/files/residuals/8d/P8_Y5_BRR545_4814_VALIDATION.csv,3892,52496e663a829b1a1550a77f43e158723ca7ef51c8e505e65ff788613c2412de
residuals,source-intake/mts_residuals/P8_Y5_BRR545_4815_VALIDATION.csv,research-ledger/files/residuals/4a/P8_Y5_BRR545_4815_VALIDATION.csv,3693,c171b1339ac8a097735afb116012e44fed055e54373c67e34d55f207f3feb747
residuals,source-intake/mts_residuals/P8_Y5_BRR545_4816_VALIDATION.csv,research-ledger/files/residuals/71/P8_Y5_BRR545_4816_VALIDATION.csv,4053,1123c9bc08c24a33531f3f04ec6a612605d3a29ac4df520560784b074fca0d82
residuals,source-intake/mts_residuals/P8_Y5_BRR545_4817_VALIDATION.csv,research-ledger/files/residuals/ed/P8_Y5_BRR545_4817_VALIDATION.csv,4210,e5e65167814cf53cc0f1224a7842d9bc18bceff6aea50b70eaeb8caccc7e1498
residuals,source-intake/mts_residuals/P8_Y5_BRR545_4818_VALIDATION.csv,research-ledger/files/residuals/cc/P8_Y5_BRR545_4818_VALIDATION.csv,4907,8a7a55f3a598c973b74306806f24c858427c455e3bb30e36c2fc92b8f7cef0fa
residuals,source-intake/mts_residuals/P8_Y5_BRR545_4819_VALIDATION.csv,research-ledger/files/residuals/09/P8_Y5_BRR545_4819_VALIDATION.csv,4886,41e5a55af512f4512118a2b349ac38629858ba1affe8ce20cde51af959301bf7
residuals,source-intake/mts_residuals/P8_Y5_BRR545_4820_VALIDATION.csv,research-ledger/files/residuals/2d/P8_Y5_BRR545_4820_VALIDATION.csv,5119,631d71d1b433ec48073d850ec4c4bf1fc28e6920cc9369fae6708e77c19b2e79
residuals,source-intake/mts_residuals/P8_Y5_BRR545_4821_VALIDATION.csv,research-ledger/files/residuals/56/P8_Y5_BRR545_4821_VALIDATION.csv,5261,d48a30e1aaa70fec41726a413d1fe72eca12ed27c8bc0880131d647dbea6ae0b
residuals,source-intake/mts_residuals/P8_Y5_BRR545_4822_VALIDATION.csv,research-ledger/files/residuals/c0/P8_Y5_BRR545_4822_VALIDATION.csv,1129,a5c9b47adbec3646f4ebe81f29823a3fe654f3d72e0e9b44ede9aad8ed2bfc1d
residuals,source-intake/mts_residuals/P8_Y5_BRR545_4823_VALIDATION.csv,research-ledger/files/residuals/55/P8_Y5_BRR545_4823_VALIDATION.csv,1238,170de93a5fa7b5da86610aec75346460e0bfc44f3425a5217633cb0090096919
residuals,source-intake/mts_residuals/P8_Y5_BRR545_4824_VALIDATION.csv,research-ledger/files/residuals/7c/P8_Y5_BRR545_4824_VALIDATION.csv,1264,d89fe00df64c8a9de7408b85d6ede19d2dbae599761a3c6e97176b7f3f7c8661
residuals,source-intake/mts_residuals/P8_Y5_BRR545_4825_VALIDATION.csv,research-ledger/files/residuals/f5/P8_Y5_BRR545_4825_VALIDATION.csv,1144,ad9608d3359d1fbd508784af5eb910144e45b96bde7f44d61f231989285b1bc9
residuals,source-intake/mts_residuals/P8_Y5_BRR545_4826_VALIDATION.csv,research-ledger/files/residuals/4c/P8_Y5_BRR545_4826_VALIDATION.csv,1167,3bc15f4b66100ae46175c22f4cc0bef88a3190efd39756fb103b2ad4a2233a74
residuals,source-intake/mts_residuals/P8_Y5_BRR545_4827_VALIDATION.csv,research-ledger/files/residuals/37/P8_Y5_BRR545_4827_VALIDATION.csv,1149,b71dedbedd1f1991101b27eb4c0eb488e841def20a1c97422794c36b6a9087db
residuals,source-intake/mts_residuals/P8_Y5_BRR545_4828_VALIDATION.csv,research-ledger/files/residuals/3a/P8_Y5_BRR545_4828_VALIDATION.csv,1172,6634b39f797657b70964e3b1fee5a6d53b9195515fce4f3450e3e552a38af6ce
residuals,source-intake/mts_residuals/P8_Y5_BRR545_4829_VALIDATION.csv,research-ledger/files/residuals/66/P8_Y5_BRR545_4829_VALIDATION.csv,1189,fb326861f08ae7288b4232d9dec6bfd6821cf83724fbf665ec0fd17a9ddb2274
residuals,source-intake/mts_residuals/P8_Y5_BRR545_4830_VALIDATION.csv,research-ledger/files/residuals/63/P8_Y5_BRR545_4830_VALIDATION.csv,1216,46bd961b0b0bab48f092db15fc825af22dd9de242133b570eb2a163753575081
residuals,source-intake/mts_residuals/P8_Y5_BRR545_4831_VALIDATION.csv,research-ledger/files/residuals/7c/P8_Y5_BRR545_4831_VALIDATION.csv,1216,633483d03c684d1bee7fa1edc94de26f0f33ee18fd45551bd8623becf7a90865
residuals,source-intake/mts_residuals/P8_Y5_BRR545_4832_VALIDATION.csv,research-ledger/files/residuals/c5/P8_Y5_BRR545_4832_VALIDATION.csv,1203,7e4e47b7d680aba7a8620543a9a369b62ac52f1b0873133383ed83d78914c225
residuals,source-intake/mts_residuals/P8_Y5_BRR545_4833_VALIDATION.csv,research-ledger/files/residuals/17/P8_Y5_BRR545_4833_VALIDATION.csv,1189,d98b82e2f0613e09bac094a367eb6c490ce41a7e19f082705aa0b81bb9a31c19
residuals,source-intake/mts_residuals/P8_Y5_BRR545_4834_VALIDATION.csv,research-ledger/files/residuals/fd/P8_Y5_BRR545_4834_VALIDATION.csv,1231,6ca593cb1313b5ab1769cac28df5df98384dd195c33d4f367e9f009749a92fd6
residuals,source-intake/mts_residuals/P8_Y5_BRR545_4835_VALIDATION.csv,research-ledger/files/residuals/cb/P8_Y5_BRR545_4835_VALIDATION.csv,1197,d450361c0775a5b16ff63d81739753e5360e1ef7d0a120185bbdc1d498448327
residuals,source-intake/mts_residuals/P8_Y5_BRR545_4836_VALIDATION.csv,research-ledger/files/residuals/a2/P8_Y5_BRR545_4836_VALIDATION.csv,1192,d8b3a276699f7eb1db0b03e4b5173bd6da59c85ff707d106644b27a329df1759
residuals,source-intake/mts_residuals/P8_Y5_BRR545_4837_VALIDATION.csv,research-ledger/files/residuals/68/P8_Y5_BRR545_4837_VALIDATION.csv,1205,672af6871559f2d2cdd1c6de259c99e42b585691331f29b0242f0f842521d5b5
residuals,source-intake/mts_residuals/P8_Y5_BRR545_4838_VALIDATION.csv,research-ledger/files/residuals/63/P8_Y5_BRR545_4838_VALIDATION.csv,2248,d87b8f50084203f3737ed632ed87e4d0e999fd6e1f00d2ad32f8bd8c219537f0
residuals,source-intake/mts_residuals/P8_Y5_BRR545_4839_VALIDATION.csv,research-ledger/files/residuals/f2/P8_Y5_BRR545_4839_VALIDATION.csv,2250,aa151b45b409e711e84d1456b7cb22d1a8af40f39af6baf8dda6dad05db253da
residuals,source-intake/mts_residuals/P8_Y5_BRR545_4840_VALIDATION.csv,research-ledger/files/residuals/d6/P8_Y5_BRR545_4840_VALIDATION.csv,2481,adf3f920b070106c701cee67fba47995943de8f84dfadae16e28047bda290a40
residuals,source-intake/mts_residuals/P8_Y5_BRR545_4841_VALIDATION.csv,research-ledger/files/residuals/e2/P8_Y5_BRR545_4841_VALIDATION.csv,2356,5f6c90a726b9b79edad4b5e5fe4b8c13e8a61359625575c5b3280aea926ea3ff
residuals,source-intake/mts_residuals/P8_Y5_BRR545_4842_VALIDATION.csv,research-ledger/files/residuals/fc/P8_Y5_BRR545_4842_VALIDATION.csv,2578,5d74890adccf92b0896180d2a35934d44ebaed0333c794e14c702555ffd0a003
residuals,source-intake/mts_residuals/P8_Y5_BRR545_4843_VALIDATION.csv,research-ledger/files/residuals/93/P8_Y5_BRR545_4843_VALIDATION.csv,2143,c2aa2fbb2f686ecd87d32fdf4268bf7f1d346371b7a20b952550ecf51505ea69
residuals,source-intake/mts_residuals/P8_Y5_BRR545_4844_VALIDATION.csv,research-ledger/files/residuals/60/P8_Y5_BRR545_4844_VALIDATION.csv,1675,163dcde3a39c9d624c91ef181aecea1758b721f30d6758c7194bfd54fff8c1df
residuals,source-intake/mts_residuals/P8_Y5_BRR545_4845_VALIDATION.csv,research-ledger/files/residuals/9d/P8_Y5_BRR545_4845_VALIDATION.csv,2268,f981abbed02fccb6564d5a4095fd2cd327c49ca936fc42d0415aec814102fcdd
residuals,source-intake/mts_residuals/P8_Y5_BRR545_4846_VALIDATION.csv,research-ledger/files/residuals/53/P8_Y5_BRR545_4846_VALIDATION.csv,1777,9364f49566ccc807fcb09170bc6aadaf804c5c2abafadbe867b437f1c6db5d7d
residuals,source-intake/mts_residuals/P8_Y5_BRR545_4847_VALIDATION.csv,research-ledger/files/residuals/27/P8_Y5_BRR545_4847_VALIDATION.csv,1725,1f9aa1fd9a0a44d378524831056b96e9818aeec31c777dd4d0e61412854dcaba
residuals,source-intake/mts_residuals/P8_Y5_BRR545_4848_VALIDATION.csv,research-ledger/files/residuals/b6/P8_Y5_BRR545_4848_VALIDATION.csv,1701,a3316afbee54ce6eddb3fc0f12bec100c0cde8d308b01781ca81a475b15ad198
residuals,source-intake/mts_residuals/P8_Y5_BRR545_4849_VALIDATION.csv,research-ledger/files/residuals/2e/P8_Y5_BRR545_4849_VALIDATION.csv,1642,1ce3f8e4aca87836c43eb00dd3f81b05ce52660ee004888cf2fafb8e8c77ce7d
residuals,source-intake/mts_residuals/P8_Y5_BRR545_4850_VALIDATION.csv,research-ledger/files/residuals/ae/P8_Y5_BRR545_4850_VALIDATION.csv,1368,764df87e0e9f9c3005c5c6f3994d059b8ad691ca028d8d550f1d6c72937d6334
residuals,source-intake/mts_residuals/P8_Y5_BRR545_4851_VALIDATION.csv,research-ledger/files/residuals/41/P8_Y5_BRR545_4851_VALIDATION.csv,1450,9f372239750528084b38af4c15bfdac0ad719ec1482c5fc9e28afcf0b2fb4553
residuals,source-intake/mts_residuals/P8_Y5_BRR545_4852_VALIDATION.csv,research-ledger/files/residuals/e1/P8_Y5_BRR545_4852_VALIDATION.csv,1226,56a42c8bcf98f1e46139fc674c3b24155ea7e6d1c6121725387618a3ac7be404
residuals,source-intake/mts_residuals/P8_Y5_BRR545_4853_VALIDATION.csv,research-ledger/files/residuals/6c/P8_Y5_BRR545_4853_VALIDATION.csv,1706,a16698aacb8b5dd496a933549101f4501dc6e7ae516cf4c9aa761f3244e4e689
residuals,source-intake/mts_residuals/P8_Y5_BRR545_4854_VALIDATION.csv,research-ledger/files/residuals/35/P8_Y5_BRR545_4854_VALIDATION.csv,1670,1eb85e4393de215a7f4fac46b9fdab838ab32ab92756a5c30e3b8cab2b7be866
residuals,source-intake/mts_residuals/P8_Y5_BRR545_4855_VALIDATION.csv,research-ledger/files/residuals/ab/P8_Y5_BRR545_4855_VALIDATION.csv,1601,4a1c8a18c7c97eb09c8862f46d2bdd1355e4aad51e8145f53f9765562a609a3e
residuals,source-intake/mts_residuals/P8_Y5_BRR545_4856_VALIDATION.csv,research-ledger/files/residuals/a3/P8_Y5_BRR545_4856_VALIDATION.csv,1632,328561556f1038dadb8334b32a9224c00e8969ec3aec385a33876dbb266f4c0c
residuals,source-intake/mts_residuals/P8_Y5_BRR545_4857_VALIDATION.csv,research-ledger/files/residuals/85/P8_Y5_BRR545_4857_VALIDATION.csv,1429,80f022fb117a94deda6fb0532ee23922181568d444392f9f7a078116478e5636
residuals,source-intake/mts_residuals/P8_Y5_BRR545_4858_VALIDATION.csv,research-ledger/files/residuals/45/P8_Y5_BRR545_4858_VALIDATION.csv,1427,fc95a005dd68e22d30f477374cc288eb0e28da74597d40084f3057e3a3bf6a00
residuals,source-intake/mts_residuals/P8_Y5_BRR545_4859_VALIDATION.csv,research-ledger/files/residuals/39/P8_Y5_BRR545_4859_VALIDATION.csv,1672,5ec4a68b83c9a939bb3db942a0d9c02cfff44fc4831979fd8a4da748ca14b6e2
residuals,source-intake/mts_residuals/P8_Y5_BRR545_4860_VALIDATION.csv,research-ledger/files/residuals/0f/P8_Y5_BRR545_4860_VALIDATION.csv,1608,b0862a82eb8cda9f3e4154c882c66cadd2273be126084698eeffe6ae1ad66793
residuals,source-intake/mts_residuals/P8_Y5_BRR545_4861_VALIDATION.csv,research-ledger/files/residuals/36/P8_Y5_BRR545_4861_VALIDATION.csv,1709,3e6360df24a68fdd12f90f1dd2265e2ba08917251bd11c29df65d2ca8e3435b6
residuals,source-intake/mts_residuals/P8_Y5_BRR545_4862_VALIDATION.csv,research-ledger/files/residuals/55/P8_Y5_BRR545_4862_VALIDATION.csv,1766,26a728b2b4775f561dfe55e47d7d7dda642280447ea0dc9caad137addf1d1d23
residuals,source-intake/mts_residuals/P8_Y5_BRR545_4863_VALIDATION.csv,research-ledger/files/residuals/16/P8_Y5_BRR545_4863_VALIDATION.csv,1889,7a46780b6376099410db06282a32a0be1db598a569d5283a5c8a54d24335da26
residuals,source-intake/mts_residuals/P8_Y5_BRR545_4864_VALIDATION.csv,research-ledger/files/residuals/26/P8_Y5_BRR545_4864_VALIDATION.csv,1896,0f4a87d217cc596836e46603a091e3303cf4a0c230006271109dd5bde2b5e366
residuals,source-intake/mts_residuals/P8_Y5_BRR545_4865_VALIDATION.csv,research-ledger/files/residuals/da/P8_Y5_BRR545_4865_VALIDATION.csv,2001,6ff6b5864854fbdad43fc06eaa6c4cf050c498acc39eb9a41a824c638f5c871d
residuals,source-intake/mts_residuals/P8_Y5_BRR545_4866_VALIDATION.csv,research-ledger/files/residuals/c8/P8_Y5_BRR545_4866_VALIDATION.csv,1746,7fec7aba88a229f3ddc4d4d62ede943c5283ad7b82817ec8147f874b1ccd9820
residuals,source-intake/mts_residuals/P8_Y5_BRR545_4867_VALIDATION.csv,research-ledger/files/residuals/75/P8_Y5_BRR545_4867_VALIDATION.csv,1755,0ffde83e6c8e2bb14b61a772c6771378edbf4d2d1d4f576e579f43a1756e2868
residuals,source-intake/mts_residuals/P8_Y5_BRR545_4868_VALIDATION.csv,research-ledger/files/residuals/6b/P8_Y5_BRR545_4868_VALIDATION.csv,2114,64638f877b46f2b3eb56db2bedf6184d81956ae77cafe457c5e5d6fb05b0155f
residuals,source-intake/mts_residuals/P8_Y5_BRR545_4869_VALIDATION.csv,research-ledger/files/residuals/a0/P8_Y5_BRR545_4869_VALIDATION.csv,1912,520008253d482405c9b96f793bf6947ed346037510931cb17ab934619efdbd6d
residuals,source-intake/mts_residuals/P8_Y5_BRR545_4870_VALIDATION.csv,research-ledger/files/residuals/14/P8_Y5_BRR545_4870_VALIDATION.csv,2450,95e860a9a60befa05ce8e25b07618d4138b4c8db2ca647fc37741bf7f965f53b
residuals,source-intake/mts_residuals/P8_Y5_BRR545_4871_VALIDATION.csv,research-ledger/files/residuals/f2/P8_Y5_BRR545_4871_VALIDATION.csv,2266,04651106e8dabdd16f27dc9e9ad8032435409bf6883909229c7c655a0e15bf9d
residuals,source-intake/mts_residuals/P8_Y5_BRR545_4872_VALIDATION.csv,research-ledger/files/residuals/95/P8_Y5_BRR545_4872_VALIDATION.csv,1469,59fd5d2f163cfde830d2bbe4f4277cf6f9d5ee7ea13d68baace1f5e53314ff1d
residuals,source-intake/mts_residuals/P8_Y5_BRR545_4873_VALIDATION.csv,research-ledger/files/residuals/bc/P8_Y5_BRR545_4873_VALIDATION.csv,1598,a200f883cb965bd0c1cce4edca28d1076c6382a0b542508382654a5da3d0226b
residuals,source-intake/mts_residuals/P8_Y5_BRR545_4874_VALIDATION.csv,research-ledger/files/residuals/7b/P8_Y5_BRR545_4874_VALIDATION.csv,1548,bfc95175ec0478e276a4d139d851766f7ab8aa97d70b49e717ee7cfab83a2c53
residuals,source-intake/mts_residuals/P8_Y5_BRR545_4875_VALIDATION.csv,research-ledger/files/residuals/98/P8_Y5_BRR545_4875_VALIDATION.csv,1547,4f014ee35a19911192f7bf41439c6495eb90e222a3e91a761e50d736cdc95b14
residuals,source-intake/mts_residuals/P8_Y5_BRR545_4876_VALIDATION.csv,research-ledger/files/residuals/4d/P8_Y5_BRR545_4876_VALIDATION.csv,1961,77354ddca778b0cbd8c6d7f673da053cd3205e49f1dfb52dfb9c4bd18bad3cd6
residuals,source-intake/mts_residuals/P8_Y5_BRR545_4877_VALIDATION.csv,research-ledger/files/residuals/a5/P8_Y5_BRR545_4877_VALIDATION.csv,2217,1bb197d4a02899b938a7a03c31023428d81b85b4ad60dd563df83d42edca5265
residuals,source-intake/mts_residuals/P8_Y5_BRR545_4878_VALIDATION.csv,research-ledger/files/residuals/fd/P8_Y5_BRR545_4878_VALIDATION.csv,2431,1a715ee6765329fed9d9f5738b0baaa7c7ddb3842cea667b867659aef5b5f87c
residuals,source-intake/mts_residuals/P8_Y5_BRR545_4879_VALIDATION.csv,research-ledger/files/residuals/df/P8_Y5_BRR545_4879_VALIDATION.csv,2394,d52b72c5de47eaf3473ccb757dee07f7cef7186b74d2a4e7c99dcc148be24a73
residuals,source-intake/mts_residuals/P8_Y5_BRR545_4880_VALIDATION.csv,research-ledger/files/residuals/3d/P8_Y5_BRR545_4880_VALIDATION.csv,2950,10b4d2d6776fdbb8a2024ea950bc025ef275197399c191d8569ab4fdb13a8c42
residuals,source-intake/mts_residuals/P8_Y5_BRR545_4881_VALIDATION.csv,research-ledger/files/residuals/ea/P8_Y5_BRR545_4881_VALIDATION.csv,3229,be1aeaaa14c84c9d83042a65bd7b9b9de1fdc657edfffb232bbff62da6828fa5
residuals,source-intake/mts_residuals/P8_Y5_BRR545_4882_VALIDATION.csv,research-ledger/files/residuals/1e/P8_Y5_BRR545_4882_VALIDATION.csv,2812,709402134639504265b15e49fbba70bab255beb04acd0a4ecb8e25db0c939f90
residuals,source-intake/mts_residuals/P8_Y5_BRR545_4883_VALIDATION.csv,research-ledger/files/residuals/c2/P8_Y5_BRR545_4883_VALIDATION.csv,3612,197fa1768ca4b7b13e5a7e1cd72629614f9f713a898ee2eb524513a1efa5f823
residuals,source-intake/mts_residuals/P8_Y5_BRR545_4884_VALIDATION.csv,research-ledger/files/residuals/70/P8_Y5_BRR545_4884_VALIDATION.csv,3070,766887cc3d8ba788b59958de45d1f78e529b031950b16f0acd4568808022005c
residuals,source-intake/mts_residuals/P8_Y5_BRR545_4885_VALIDATION.csv,research-ledger/files/residuals/fe/P8_Y5_BRR545_4885_VALIDATION.csv,2990,5c91f72330de58e9939a6110e1afe782c70ca6a24c5e66d2ab27ce299d8a962d
residuals,source-intake/mts_residuals/P8_Y5_BRR545_4886_VALIDATION.csv,research-ledger/files/residuals/ff/P8_Y5_BRR545_4886_VALIDATION.csv,3682,02d91f3eb94933b55befce5de3bbbed36a44a4b6aab7e63ac128da97abc13437
residuals,source-intake/mts_residuals/P8_Y5_BRR545_4887_VALIDATION.csv,research-ledger/files/residuals/30/P8_Y5_BRR545_4887_VALIDATION.csv,3665,0daccef5d70a888f12ea830f2057b25dabf06ce4baafe9fcad22f9b5f3aa7b80
residuals,source-intake/mts_residuals/P8_Y5_BRR545_4888_VALIDATION.csv,research-ledger/files/residuals/f1/P8_Y5_BRR545_4888_VALIDATION.csv,4359,ec0986f819f59cf4e3e6c401d81f0fb309f619a8980074f9398db6b1db7531bd
residuals,source-intake/mts_residuals/P8_Y5_BRR545_4889_VALIDATION.csv,research-ledger/files/residuals/6e/P8_Y5_BRR545_4889_VALIDATION.csv,4649,b9bbd2b70cece7d285d05cbf3f7822112a7fda9f539ebd3a6eb2e6e5f0482855
residuals,source-intake/mts_residuals/P8_Y5_BRR545_4890_VALIDATION.csv,research-ledger/files/residuals/ee/P8_Y5_BRR545_4890_VALIDATION.csv,4955,387b61d15fd5693e7623899f8668c92f29a1f742b69e31e0ae9df23392e2cc92
residuals,source-intake/mts_residuals/P8_Y5_BRR545_4891_VALIDATION.csv,research-ledger/files/residuals/1e/P8_Y5_BRR545_4891_VALIDATION.csv,5439,93f4038e0530ea901f71b04d71743f40d7cc0eaaf8d3f89dd93f5cb39ee6c7ce
residuals,source-intake/mts_residuals/P8_Y5_BRR545_4892_VALIDATION.csv,research-ledger/files/residuals/5c/P8_Y5_BRR545_4892_VALIDATION.csv,4474,2ebbfb43b2e29c525a07e61e8eff2ccea43c55020dc412789190a9bc43e983bb
residuals,source-intake/mts_residuals/P8_Y5_BRR545_4893_VALIDATION.csv,research-ledger/files/residuals/fb/P8_Y5_BRR545_4893_VALIDATION.csv,4837,f6d0e55ee062ed0e837954febfef3bd44464e7aa58408fcc95ef16b0a409d8d4
residuals,source-intake/mts_residuals/P8_Y5_BRR545_4894_VALIDATION.csv,research-ledger/files/residuals/d9/P8_Y5_BRR545_4894_VALIDATION.csv,4264,1fa74ddfe28034f2dd6002ab368c97c61b7b910d811f800d338d5afc9c6274ae
residuals,source-intake/mts_residuals/P8_Y5_BRR545_4895_VALIDATION.csv,research-ledger/files/residuals/b3/P8_Y5_BRR545_4895_VALIDATION.csv,4976,e12b078c9ecd61f6e5ffd0e13ca368863ff7c2801de28fc1e21f73c39981a9ec
residuals,source-intake/mts_residuals/P8_Y5_BRR545_4896_VALIDATION.csv,research-ledger/files/residuals/c2/P8_Y5_BRR545_4896_VALIDATION.csv,5100,5d76be4de83569ddd0951375e3fa6398505882d0d2230021eee3c493bd801a95
residuals,source-intake/mts_residuals/P8_Y5_BRR545_4897_VALIDATION.csv,research-ledger/files/residuals/3b/P8_Y5_BRR545_4897_VALIDATION.csv,3678,b502fce84b3cedb7936fa60b0a8296953ec7eaa3a3ac83c17549ba42e1a840d5
residuals,source-intake/mts_residuals/P8_Y5_BRR545_4898_VALIDATION.csv,research-ledger/files/residuals/e5/P8_Y5_BRR545_4898_VALIDATION.csv,3691,91aeb49752eca716be735f3417063a04edb01a69b3dbd4b6a1ca691dbb351aac
residuals,source-intake/mts_residuals/P8_Y5_BRR545_4899_VALIDATION.csv,research-ledger/files/residuals/b9/P8_Y5_BRR545_4899_VALIDATION.csv,3895,cb637f2c5c92c16b3d48c806982889a669e77440a3e9947cbac71e85ac974571
residuals,source-intake/mts_residuals/P8_Y5_BRR545_4900_VALIDATION.csv,research-ledger/files/residuals/10/P8_Y5_BRR545_4900_VALIDATION.csv,4063,3dce04a2aadcce79c6e0b7ac2a12fc2467777b26067b2615161e56a7c553c0f4
residuals,source-intake/mts_residuals/P8_Y5_BRR545_4901_VALIDATION.csv,research-ledger/files/residuals/6c/P8_Y5_BRR545_4901_VALIDATION.csv,4025,ebc008c270a519bc5bd5dfebaaafab67313669ab1cff45d75394d805ceb0f5ee
residuals,source-intake/mts_residuals/P8_Y5_BRR545_4902_VALIDATION.csv,research-ledger/files/residuals/72/P8_Y5_BRR545_4902_VALIDATION.csv,3718,a8431c5dc881eef1f18be378283d0638a7c47b452a67c938568c31571b50032f
residuals,source-intake/mts_residuals/P8_Y5_BRR545_4903_VALIDATION.csv,research-ledger/files/residuals/79/P8_Y5_BRR545_4903_VALIDATION.csv,2876,ab9bd5bcf7f93c1d68041aed1c9f98f75a75e8de278fe7b2a79ffdc868c793ef
residuals,source-intake/mts_residuals/P8_Y5_BRR545_4904_VALIDATION.csv,research-ledger/files/residuals/3f/P8_Y5_BRR545_4904_VALIDATION.csv,2998,0cf2eb798f9550de3ff187b0250ec777fb115f278dcc807f84d3783dd696e7dc
residuals,source-intake/mts_residuals/P8_Y5_BRR545_4905_VALIDATION.csv,research-ledger/files/residuals/17/P8_Y5_BRR545_4905_VALIDATION.csv,3893,e88f9978289bd8dd0a23782b78774a5d0e347a250741d326253f24d1e7513d36
residuals,source-intake/mts_residuals/P8_Y5_BRR545_4906_VALIDATION.csv,research-ledger/files/residuals/33/P8_Y5_BRR545_4906_VALIDATION.csv,4196,7812cb0a61c9e7f4acf13fe915ca374b22395e7e79a18150a17520a644ebff32
residuals,source-intake/mts_residuals/P8_Y5_BRR545_4907_VALIDATION.csv,research-ledger/files/residuals/e1/P8_Y5_BRR545_4907_VALIDATION.csv,4013,579eba8d93e13c9b38ae90b00921548add9d42b011297e72ab8f175c7da70655
residuals,source-intake/mts_residuals/P8_Y5_BRR545_4908_VALIDATION.csv,research-ledger/files/residuals/dd/P8_Y5_BRR545_4908_VALIDATION.csv,3906,f1940de197954bdb0a1519e53db93d66fbeb12b00eeb813c2dda2e86caa12f7d
residuals,source-intake/mts_residuals/P8_Y5_BRR545_4909_VALIDATION.csv,research-ledger/files/residuals/21/P8_Y5_BRR545_4909_VALIDATION.csv,4168,3f110ae6b88955946b320702a070b60fda9a43e003ab0a1f6de951c507843382
residuals,source-intake/mts_residuals/P8_Y5_BRR545_4910_VALIDATION.csv,research-ledger/files/residuals/42/P8_Y5_BRR545_4910_VALIDATION.csv,3493,7e416bd3614fb757670eaff4586305600f31c6ff6bb5803fc13eee4c75a75bff
residuals,source-intake/mts_residuals/P8_Y5_BRR545_4911_VALIDATION.csv,research-ledger/files/residuals/98/P8_Y5_BRR545_4911_VALIDATION.csv,4166,aaafc284c742b59f27e3bd0da38f60b11d33e1dabd68156e892f4afa3f1f49cd
residuals,source-intake/mts_residuals/P8_Y5_BRR545_4912_VALIDATION.csv,research-ledger/files/residuals/75/P8_Y5_BRR545_4912_VALIDATION.csv,4305,d04cbc41c68ed95b5d4ec078a333f4fbe2060791f8604279871509515effed75
residuals,source-intake/mts_residuals/P8_Y5_BRR545_4913_VALIDATION.csv,research-ledger/files/residuals/e3/P8_Y5_BRR545_4913_VALIDATION.csv,3517,2153727ea22bd6553945c40abeb1950f0ad9dd7828bc285a8f6e65f0cf9846d0
residuals,source-intake/mts_residuals/P8_Y5_BRR545_4914_VALIDATION.csv,research-ledger/files/residuals/78/P8_Y5_BRR545_4914_VALIDATION.csv,3772,c093d6b40ea1673b692a96c562e347ebfe0ff54aa47e54f9cfde4cd93e2f3f1d
residuals,source-intake/mts_residuals/P8_Y5_BRR545_4915_VALIDATION.csv,research-ledger/files/residuals/65/P8_Y5_BRR545_4915_VALIDATION.csv,3280,1b1ea0cb0d9176f1b2a3a799d71a7acb9454ee861dc6fce3ecafbcb14121cc34
residuals,source-intake/mts_residuals/P8_Y5_BRR545_4916_VALIDATION.csv,research-ledger/files/residuals/bc/P8_Y5_BRR545_4916_VALIDATION.csv,3359,fab321842493782c3e405bc951bc32213002f64c4973949da54a3ee1321e5f19
residuals,source-intake/mts_residuals/P8_Y5_BRR545_4917_VALIDATION.csv,research-ledger/files/residuals/40/P8_Y5_BRR545_4917_VALIDATION.csv,4391,3a8030be2b43af7a0cd49507c17dc7e1138d058b901130f51529ded467a07a27
residuals,source-intake/mts_residuals/P8_Y5_BRR545_4918_VALIDATION.csv,research-ledger/files/residuals/d2/P8_Y5_BRR545_4918_VALIDATION.csv,5646,893c684b150c8127f544057e7e4e660c7d2bbc5f1f82625e53f851657ae69a8f
residuals,source-intake/mts_residuals/P8_Y5_BRR545_4919_VALIDATION.csv,research-ledger/files/residuals/ab/P8_Y5_BRR545_4919_VALIDATION.csv,6383,b7ff2a1d62c8f685e6feda1494ec16af3017287073fc794195d28262650ed455
residuals,source-intake/mts_residuals/P8_Y5_BRR545_4920_VALIDATION.csv,research-ledger/files/residuals/7a/P8_Y5_BRR545_4920_VALIDATION.csv,6785,0a24a8df6050753e4807d5cba2f4b25eb9e6b0651b683cbc9b7e11549d516a2f
residuals,source-intake/mts_residuals/P8_Y5_BRR545_4921_VALIDATION.csv,research-ledger/files/residuals/08/P8_Y5_BRR545_4921_VALIDATION.csv,7852,33814368d089980fcfeb533ff0810fdbfa50b40d3b72c4ddf52dcac35c855cb6
residuals,source-intake/mts_residuals/P8_Y5_BRR545_4922_VALIDATION.csv,research-ledger/files/residuals/8c/P8_Y5_BRR545_4922_VALIDATION.csv,8210,a04ecc74daca6eb2ddf753bbe7fccf0c5a081ae2f29a5f72d30eae624a6150d4
residuals,source-intake/mts_residuals/P8_Y5_BRR545_4923_VALIDATION.csv,research-ledger/files/residuals/c0/P8_Y5_BRR545_4923_VALIDATION.csv,3149,f6e5d8db66615e9c5555b002a486e0a43e4c07b6955bfcb1a384c6fc00471608
residuals,source-intake/mts_residuals/P8_Y5_BRR545_4924_VALIDATION.csv,research-ledger/files/residuals/2b/P8_Y5_BRR545_4924_VALIDATION.csv,2826,73585790fce71c7ca5a757c5cd16dd999268c49081ef2f23f592eaa6ce3410a6
residuals,source-intake/mts_residuals/P8_Y5_BRR545_4925_VALIDATION.csv,research-ledger/files/residuals/ba/P8_Y5_BRR545_4925_VALIDATION.csv,2880,51b03852de306cd651d3d1398ff198142f5b82476f5d368ffbc29a12bec4d7d3
residuals,source-intake/mts_residuals/P8_Y5_BRR545_4926_VALIDATION.csv,research-ledger/files/residuals/1b/P8_Y5_BRR545_4926_VALIDATION.csv,5783,a822899bf38149fa7d13675b8f5eb22c066092d11529f17c5677b5bada465ba1
residuals,source-intake/mts_residuals/P8_Y5_BRR545_4927_VALIDATION.csv,research-ledger/files/residuals/31/P8_Y5_BRR545_4927_VALIDATION.csv,6361,6bfa4deba3c0d8be4bff04efc197fd850ea703ce17575de537b6b4708e9f6ac3
residuals,source-intake/mts_residuals/P8_Y5_BRR545_4928_VALIDATION.csv,research-ledger/files/residuals/db/P8_Y5_BRR545_4928_VALIDATION.csv,6312,811487a9f382afd6037286e1c62416bbe1f67df8cfbf38ed70b1af221cb465cd
residuals,source-intake/mts_residuals/P8_Y5_BRR545_4929_VALIDATION.csv,research-ledger/files/residuals/7a/P8_Y5_BRR545_4929_VALIDATION.csv,5832,11d79f43a11f4919f971cd737225d912b118383d019d575a7084e1237951794a
residuals,source-intake/mts_residuals/P8_Y5_BRR545_4930_VALIDATION.csv,research-ledger/files/residuals/a1/P8_Y5_BRR545_4930_VALIDATION.csv,8148,707f78b9904758ce68e732e98f4c764ffd288a233643b28b87fc18449a04b9c2
residuals,source-intake/mts_residuals/P8_Y5_BRR545_4931_VALIDATION.csv,research-ledger/files/residuals/d2/P8_Y5_BRR545_4931_VALIDATION.csv,8824,fb9dea99b16d04529c4dfb4d40f015784e3b3e01aad163dc69e0a662260b3f7c
residuals,source-intake/mts_residuals/P8_Y5_BRR545_4932_VALIDATION.csv,research-ledger/files/residuals/bf/P8_Y5_BRR545_4932_VALIDATION.csv,6710,a3064141eea8911cfb5332f1fb7f3cc14c22dc520771941dbd8e5784bfc5e9b3
residuals,source-intake/mts_residuals/P8_Y5_BRR545_4933_VALIDATION.csv,research-ledger/files/residuals/43/P8_Y5_BRR545_4933_VALIDATION.csv,6827,e760ff73b6b3dcb355478a6b0b766a71df68d13f8c714be477f854e02a46baa8
residuals,source-intake/mts_residuals/P8_Y5_BRR545_4934_VALIDATION.csv,research-ledger/files/residuals/e7/P8_Y5_BRR545_4934_VALIDATION.csv,10367,90c66ecdbbcaf823d562e834f3058cf0051524be6fd16071fd10a3c38a3d24db
residuals,source-intake/mts_residuals/P8_Y5_BRR545_4935_VALIDATION.csv,research-ledger/files/residuals/3e/P8_Y5_BRR545_4935_VALIDATION.csv,16769,e9f6dabc6f82c80e8e570d285e20f3ebc4e3922810e35152ec3422c244b2f741
residuals,source-intake/mts_residuals/P8_Y5_BRR545_4936_VALIDATION.csv,research-ledger/files/residuals/a1/P8_Y5_BRR545_4936_VALIDATION.csv,22804,d09f5ab16ad41e44e2b26a3901fbe11a57ea8303ebb79a0b6c7dc42b8e9fc51d
residuals,source-intake/mts_residuals/P8_Y5_BRR545_4937_VALIDATION.csv,research-ledger/files/residuals/ac/P8_Y5_BRR545_4937_VALIDATION.csv,20095,c7f2ab01d51d2940f952ff965e7db2bac5cc4ca7c3a0488769ec9833312309e7
residuals,source-intake/mts_residuals/P8_Y5_BRR545_4938_VALIDATION.csv,research-ledger/files/residuals/1f/P8_Y5_BRR545_4938_VALIDATION.csv,20518,bd6e2250a3ef1f41c5fc9facbcce33f5e2b5a40d16ebc935cddd0c01375e8053
residuals,source-intake/mts_residuals/P8_Y5_BRR545_4939_VALIDATION.csv,research-ledger/files/residuals/5c/P8_Y5_BRR545_4939_VALIDATION.csv,13463,2d7d4e46e593f69493e5bdb279f499a806de765c9907ca5060b9cf0d0006df06
residuals,source-intake/mts_residuals/P8_Y5_BRR545_4940_VALIDATION.csv,research-ledger/files/residuals/a9/P8_Y5_BRR545_4940_VALIDATION.csv,10520,95b1c9cd2619a7e4ded8797d71216e6d71ba3c844b372fa905dc774701cbee50
residuals,source-intake/mts_residuals/P8_Y5_BRR545_4941_VALIDATION.csv,research-ledger/files/residuals/96/P8_Y5_BRR545_4941_VALIDATION.csv,13849,11a158981c26e20fbe9298abc6fb380d88a59c927d96e67afa36079b2578e82b
residuals,source-intake/mts_residuals/P8_Y5_BRR545_4942_VALIDATION.csv,research-ledger/files/residuals/18/P8_Y5_BRR545_4942_VALIDATION.csv,9389,5161cab44e3cbb0f03bc27eb7aa722d782100453b54fea84824e5371223d84bd
residuals,source-intake/mts_residuals/P8_Y5_BRR545_4943_VALIDATION.csv,research-ledger/files/residuals/54/P8_Y5_BRR545_4943_VALIDATION.csv,8765,b26e0fc0245568fac40f1f52cd0b12fe9823784cce12702776984dc1bfe529c2
residuals,source-intake/mts_residuals/P8_Y5_BRR545_4944_VALIDATION.csv,research-ledger/files/residuals/c7/P8_Y5_BRR545_4944_VALIDATION.csv,12924,f11ed42afb905af765dd31e1e0fc7db04241777c94170c6ba67605170cba25ef
residuals,source-intake/mts_residuals/P8_Y5_BRR545_4945_VALIDATION.csv,research-ledger/files/residuals/56/P8_Y5_BRR545_4945_VALIDATION.csv,9626,eb0f77561409534f2aeb558ce1b6aab40767fbeda45b7aba5f2e9db21caece93
residuals,source-intake/mts_residuals/P8_Y5_BRR545_4946_VALIDATION.csv,research-ledger/files/residuals/2c/P8_Y5_BRR545_4946_VALIDATION.csv,10156,9e02125c2463cb6e07dccdcd53d5a042bba4295439b980499da572a961bd60be
residuals,source-intake/mts_residuals/P8_Y5_BRR545_4947_VALIDATION.csv,research-ledger/files/residuals/03/P8_Y5_BRR545_4947_VALIDATION.csv,11804,50964fdeeaf2f42d485fbe559e75e3ee5397ad5ae2ee8178c4866c0ac3b0aaa9
residuals,source-intake/mts_residuals/P8_Y5_BRR545_4948_VALIDATION.csv,research-ledger/files/residuals/d5/P8_Y5_BRR545_4948_VALIDATION.csv,11641,023914806109014638bd3c00fc17fd8ec6a251a0875a82de19549e705468e6c1
residuals,source-intake/mts_residuals/P8_Y5_BRR545_4949_VALIDATION.csv,research-ledger/files/residuals/ce/P8_Y5_BRR545_4949_VALIDATION.csv,11128,4a1090c930bd458b79e1bde1a99363bd71c7e1d099ec005141a6dbd7eb66569b
residuals,source-intake/mts_residuals/P8_Y5_BRR545_4950_VALIDATION.csv,research-ledger/files/residuals/1f/P8_Y5_BRR545_4950_VALIDATION.csv,11525,39efe9571bc55c84d9a7c3da296c8d5b0160a10b2cf4def2879b546bba8e907b
residuals,source-intake/mts_residuals/P8_Y5_BRR545_4951_VALIDATION.csv,research-ledger/files/residuals/84/P8_Y5_BRR545_4951_VALIDATION.csv,9426,0c5bf17284fe40b129840e6c94b7db53cf2150b4d701b12361b4f673ab58840d
residuals,source-intake/mts_residuals/P8_Y5_BRR545_4952_VALIDATION.csv,research-ledger/files/residuals/7c/P8_Y5_BRR545_4952_VALIDATION.csv,15014,0c51fa0612540b8c2b87fa16a9b4bcb81a297c41b432243eeca2489bf4a32ffd
residuals,source-intake/mts_residuals/P8_Y5_BRR545_4953_VALIDATION.csv,research-ledger/files/residuals/92/P8_Y5_BRR545_4953_VALIDATION.csv,6037,989f45cb074334c2150f06814be2b30b8c33ebc9d161606f084ea2b3301729eb
residuals,source-intake/mts_residuals/P8_Y5_BRR545_4954_VALIDATION.csv,research-ledger/files/residuals/60/P8_Y5_BRR545_4954_VALIDATION.csv,6577,d5806f097aa952509aa6e2058089c3302393debad8e9925d2ac24a4c42de2ad4
residuals,source-intake/mts_residuals/P8_Y5_BRR545_4955_VALIDATION.csv,research-ledger/files/residuals/29/P8_Y5_BRR545_4955_VALIDATION.csv,7628,665d4a207b306e8b9a1853573386a18241744e55c840b8551fa6c1214cedd0a2
residuals,source-intake/mts_residuals/P8_Y5_BRR545_4956_VALIDATION.csv,research-ledger/files/residuals/ca/P8_Y5_BRR545_4956_VALIDATION.csv,6352,0e6544be00bbd049c85598194dfb3601032d3882d8a3e7d70251e621cd0e9338
residuals,source-intake/mts_residuals/P8_Y5_BRR545_4957_VALIDATION.csv,research-ledger/files/residuals/0d/P8_Y5_BRR545_4957_VALIDATION.csv,5981,702535ac81091a0ba8f59ef0b9a18abcf6982867ba1a04984ad151d8e92b79f8
residuals,source-intake/mts_residuals/P8_Y5_BRR545_4958_VALIDATION.csv,research-ledger/files/residuals/92/P8_Y5_BRR545_4958_VALIDATION.csv,5970,356390c91d72e58c82be6a416f80b77698c123d994f0b63633e14d3dbc384e8f
residuals,source-intake/mts_residuals/P8_Y5_BRR545_4959_VALIDATION.csv,research-ledger/files/residuals/45/P8_Y5_BRR545_4959_VALIDATION.csv,2538,72ef06231be313edf1a00a2f4a87823188965a5250448c4ad90e2a204cb60478
residuals,source-intake/mts_residuals/P8_Y5_BRR545_4960_VALIDATION.csv,research-ledger/files/residuals/29/P8_Y5_BRR545_4960_VALIDATION.csv,7092,4b452ae547dfa6b67f63db25c5eb4e89a5b9e428c4df2a024199e2d197959f63
residuals,source-intake/mts_residuals/P8_Y5_BRR545_4961_VALIDATION.csv,research-ledger/files/residuals/53/P8_Y5_BRR545_4961_VALIDATION.csv,7184,ae4e2c83cc3b33204a287b353fd50d51bb3ce791b27d30910ceead8d789ca063
residuals,source-intake/mts_residuals/P8_Y5_BRR545_4962_VALIDATION.csv,research-ledger/files/residuals/22/P8_Y5_BRR545_4962_VALIDATION.csv,6244,c956df8109d97fe008ef773823a93837a44f88e73b4d0542d94b40b28a8ff884
residuals,source-intake/mts_residuals/P8_Y5_BRR545_4963_VALIDATION.csv,research-ledger/files/residuals/63/P8_Y5_BRR545_4963_VALIDATION.csv,5638,43cb825072d29394ad2e4dd48f8d16c9cedb47270a3d8bf6ffdec4a559d3a853
residuals,source-intake/mts_residuals/P8_Y5_BRR545_4964_VALIDATION.csv,research-ledger/files/residuals/9f/P8_Y5_BRR545_4964_VALIDATION.csv,3546,0c78597411577be4481939faaafc21aa72466d18e2376efe400129d6b70e9441
residuals,source-intake/mts_residuals/P8_Y5_BRR545_4965_VALIDATION.csv,research-ledger/files/residuals/d7/P8_Y5_BRR545_4965_VALIDATION.csv,4751,640128aea7e1e695cd30f8664bd44033051e1e6a45411182387f9db31328605e
residuals,source-intake/mts_residuals/P8_Y5_BRR545_4966_VALIDATION.csv,research-ledger/files/residuals/fb/P8_Y5_BRR545_4966_VALIDATION.csv,8172,a7963f8a10b4ab9d564da5d10d0acd2029fbbef60dcceb4b12e98f4b610cc759
residuals,source-intake/mts_residuals/P8_Y5_BRR545_4967_VALIDATION.csv,research-ledger/files/residuals/87/P8_Y5_BRR545_4967_VALIDATION.csv,7770,5261c9e6d087d6114e012da9b5b6afc677b9226e7272c9edd5e6d5c46745f273
residuals,source-intake/mts_residuals/P8_Y5_BRR545_4968_VALIDATION.csv,research-ledger/files/residuals/73/P8_Y5_BRR545_4968_VALIDATION.csv,12426,80549949db0e5f8263c1e1a3741d04b3dd1a98a1d11fed593ebc53fe69362d44
residuals,source-intake/mts_residuals/P8_Y5_BRR545_4969_VALIDATION.csv,research-ledger/files/residuals/0c/P8_Y5_BRR545_4969_VALIDATION.csv,17946,3fb709b4a3771f1dd6d22fb22d8711c04e59648de1d224d59f0ff907c5ee43bc
residuals,source-intake/mts_residuals/P8_Y5_BRR545_4970_VALIDATION.csv,research-ledger/files/residuals/18/P8_Y5_BRR545_4970_VALIDATION.csv,20603,fc06ce49ae48127ef407638a762aa8944028d15b365da71c5533e426b7d8ba1f
residuals,source-intake/mts_residuals/P8_Y5_BRR545_4971_VALIDATION.csv,research-ledger/files/residuals/ad/P8_Y5_BRR545_4971_VALIDATION.csv,19100,6a16885d61f34c2ea57ee29db096bc22abe68cd9d5cc78e5fa9fe3051e9ebd31
residuals,source-intake/mts_residuals/P8_Y5_BRR545_4972_VALIDATION.csv,research-ledger/files/residuals/b4/P8_Y5_BRR545_4972_VALIDATION.csv,5011,47230465dc6ce29d0806bd6f75144505bd6392dad02d1a06d1c2d3efb1d77f70
residuals,source-intake/mts_residuals/P8_Y5_BRR545_4973_VALIDATION.csv,research-ledger/files/residuals/eb/P8_Y5_BRR545_4973_VALIDATION.csv,4614,174f0a8964f211825da2bf6a78d25d74b85a6f1996deffb3f90373f7e6bf4d3c
residuals,source-intake/mts_residuals/P8_Y5_BRR545_4974_VALIDATION.csv,research-ledger/files/residuals/d1/P8_Y5_BRR545_4974_VALIDATION.csv,5686,7b612b3cbf282c092060cc47f51c42bfcfc6524c6c2e0954ed552c4cd318064f
residuals,source-intake/mts_residuals/P8_Y5_BRR545_4975_VALIDATION.csv,research-ledger/files/residuals/75/P8_Y5_BRR545_4975_VALIDATION.csv,4702,defa054feb409c92caf7157adb070895a32bce12ff848af9afa06be95e10d6e1
residuals,source-intake/mts_residuals/P8_Y5_BRR545_4976_VALIDATION.csv,research-ledger/files/residuals/ca/P8_Y5_BRR545_4976_VALIDATION.csv,4557,3e95b382210b5ef40fa873c193a347ae984f23a5fd40487b888b6205ba61d66a
residuals,source-intake/mts_residuals/P8_Y5_BRR545_4977_VALIDATION.csv,research-ledger/files/residuals/55/P8_Y5_BRR545_4977_VALIDATION.csv,6797,9d9fe23ddce5a18aea107342fbf59ad5df9c3079fff86062e5be1cc9b40c934e
residuals,source-intake/mts_residuals/P8_Y5_BRR545_4978_VALIDATION.csv,research-ledger/files/residuals/e1/P8_Y5_BRR545_4978_VALIDATION.csv,6746,f27e596afa07308c6a09db1a58fc9d6ed40d2497a599a3bebd06af2d31a445b0
residuals,source-intake/mts_residuals/P8_Y5_BRR545_4979_VALIDATION.csv,research-ledger/files/residuals/87/P8_Y5_BRR545_4979_VALIDATION.csv,9340,2c43ee9c2f588ae64fab84b5cfbc0fa9c0f3c701218a88cfca105befb40e3871
residuals,source-intake/mts_residuals/P8_Y5_BRR545_4980_VALIDATION.csv,research-ledger/files/residuals/c7/P8_Y5_BRR545_4980_VALIDATION.csv,8933,abe3356630dac010fb553e7632469547408b1d936c99ccbf32a69fa4063907d0
residuals,source-intake/mts_residuals/P8_Y5_BRR545_4981_VALIDATION.csv,research-ledger/files/residuals/67/P8_Y5_BRR545_4981_VALIDATION.csv,9329,f06040550f238a6e1b06a9aafc7cbb3e9b44ddd022b97d87a57573e2c66a8e40
residuals,source-intake/mts_residuals/P8_Y5_BRR545_4982_VALIDATION.csv,research-ledger/files/residuals/c0/P8_Y5_BRR545_4982_VALIDATION.csv,11411,36a231a83c6c3448a55862f208f1dac24d1e3e3fff0cfb271c885be5419a76d9
residuals,source-intake/mts_residuals/P8_Y5_BRR545_4983_VALIDATION.csv,research-ledger/files/residuals/bc/P8_Y5_BRR545_4983_VALIDATION.csv,15187,45605faaeafe7848f349bf8c55ea5f2370246efb907e84b0be532b8bda604cdb
residuals,source-intake/mts_residuals/P8_Y5_BRR545_4984_VALIDATION.csv,research-ledger/files/residuals/42/P8_Y5_BRR545_4984_VALIDATION.csv,13698,f32ddcd64793a9c2567e39d264ee9386574932a538a63c4fd04711dcce5f9272
residuals,source-intake/mts_residuals/P8_Y5_BRR545_4985_VALIDATION.csv,research-ledger/files/residuals/a8/P8_Y5_BRR545_4985_VALIDATION.csv,17707,40331100067f04c89693d721d4ec14c21f6ab81a9b08603431dbf26f77897609
residuals,source-intake/mts_residuals/P8_Y5_BRR545_4986_VALIDATION.csv,research-ledger/files/residuals/86/P8_Y5_BRR545_4986_VALIDATION.csv,25746,15f059a4cb45b9bd847b053e5822bcacc042d7fede0feff5a338623955658d98
residuals,source-intake/mts_residuals/P8_Y5_BRR545_4987_VALIDATION.csv,research-ledger/files/residuals/db/P8_Y5_BRR545_4987_VALIDATION.csv,31829,78aef986d3b0b981559e8fd990ced698cdbd446acaf486427fbb0f44af065ac1
residuals,source-intake/mts_residuals/P8_Y5_BRR545_4988_VALIDATION.csv,research-ledger/files/residuals/a7/P8_Y5_BRR545_4988_VALIDATION.csv,50234,9d83b373a767d86f1dc38966244e11319fbd8b4c2a315c23e3622e04e12a4943
residuals,source-intake/mts_residuals/P8_Y5_BRR545_4989_VALIDATION.csv,research-ledger/files/residuals/76/P8_Y5_BRR545_4989_VALIDATION.csv,30787,c73b50e316501c8b8a864aa456b16c7f5bdb7bc3fe750bcc9618f3f69bfd5b37
residuals,source-intake/mts_residuals/P8_Y5_BRR545_4990_VALIDATION.csv,research-ledger/files/residuals/a5/P8_Y5_BRR545_4990_VALIDATION.csv,33598,148423cab04b25791121d97dad1fb3462fe8f511065fb592b85c158e9161b7b7
residuals,source-intake/mts_residuals/P8_Y5_BRR545_4991_VALIDATION.csv,research-ledger/files/residuals/0b/P8_Y5_BRR545_4991_VALIDATION.csv,34857,649e9ac94053624dfb29a6d400b77311a9282d1b40b0f6218f0a2946d8c95be5
residuals,source-intake/mts_residuals/P8_Y5_BRR545_4992_VALIDATION.csv,research-ledger/files/residuals/64/P8_Y5_BRR545_4992_VALIDATION.csv,41191,09dd00bdbb147251923bea2a19d9d0320bfc50e6f2ecb44b76b81e1550554d45
residuals,source-intake/mts_residuals/P8_Y5_BRR545_4993_VALIDATION.csv,research-ledger/files/residuals/b1/P8_Y5_BRR545_4993_VALIDATION.csv,46280,13bb8221f953495772f24d3e3cc4cca01bfa487db1274188fa71dbe0ec3da9a4
residuals,source-intake/mts_residuals/P8_Y5_BRR545_4994_VALIDATION.csv,research-ledger/files/residuals/17/P8_Y5_BRR545_4994_VALIDATION.csv,23253,68ae3fccc70a9c1579d2d932715b3322e6419034f083ae4418ffe12879552051
residuals,source-intake/mts_residuals/P8_Y5_BRR545_4995_VALIDATION.csv,research-ledger/files/residuals/d4/P8_Y5_BRR545_4995_VALIDATION.csv,16583,034690dcb29402d764c6309241a52c3f5477e20baa19c0a88371e68f673b58c4
residuals,source-intake/mts_residuals/P8_Y5_BRR545_4996_VALIDATION.csv,research-ledger/files/residuals/86/P8_Y5_BRR545_4996_VALIDATION.csv,14471,68bc55bbcd8f36df45cecacd52c29d83e3513f5d8fab075cfe3b9568d26d0432
residuals,source-intake/mts_residuals/P8_Y5_BRR545_4997_VALIDATION.csv,research-ledger/files/residuals/f4/P8_Y5_BRR545_4997_VALIDATION.csv,14056,df039168955a9855ec9a90887d47d22355e4a642e2033c69a6103cb3db6af119
residuals,source-intake/mts_residuals/P8_Y5_BRR545_4998_VALIDATION.csv,research-ledger/files/residuals/ef/P8_Y5_BRR545_4998_VALIDATION.csv,15048,b0fa47d13cad6dede930217b676851a4b59f7a1504bb42f2b00b4540c79ae7f4
residuals,source-intake/mts_residuals/P8_Y5_BRR545_4999_VALIDATION.csv,research-ledger/files/residuals/2e/P8_Y5_BRR545_4999_VALIDATION.csv,6901,777c1921c01ea6b56cb86ce0d46ac2cbc60d77ef9635dd123c4d11a97820ae74
residuals,source-intake/mts_residuals/P8_Y5_BRR545_5008_VALIDATION.csv,research-ledger/files/residuals/33/P8_Y5_BRR545_5008_VALIDATION.csv,7632,5d8fdbafd13e49a7fe29e946e731429bf3b0633400c244549fefeadd11a10501
residuals,source-intake/mts_residuals/P8_Y5_BRR545_5009_VALIDATION.csv,research-ledger/files/residuals/c1/P8_Y5_BRR545_5009_VALIDATION.csv,5052,c52adf5e24b740492841f58f479e0c03fa986e447e8736346edb2deaab8ea12c
residuals,source-intake/mts_residuals/P8_Y5_BRR545_5010_VALIDATION.csv,research-ledger/files/residuals/11/P8_Y5_BRR545_5010_VALIDATION.csv,2701,33cb41a4cda91852ff728139da1dd589f788b242f289e481d41f88ad04226c87
residuals,source-intake/mts_residuals/P8_Y5_BRR545_5011_VALIDATION.csv,research-ledger/files/residuals/45/P8_Y5_BRR545_5011_VALIDATION.csv,1921,75e4c5fc2c8712a0c7bc2463f50b5f83931f721bc4b6426d1f3e889879aa1286
residuals,source-intake/mts_residuals/P8_Y5_BRR545_5012_VALIDATION.csv,research-ledger/files/residuals/df/P8_Y5_BRR545_5012_VALIDATION.csv,2482,b7db9e1fefb59bedde636bcd00170d779f3806e0b8885e9bff61e0d4a5b2640f
residuals,source-intake/mts_residuals/P8_Y5_BRR545_5013_VALIDATION.csv,research-ledger/files/residuals/77/P8_Y5_BRR545_5013_VALIDATION.csv,1346,de123b2c9e068d86a413deb7508d81b664964ac78e31c0a8e05fd958259e78e5
residuals,source-intake/mts_residuals/P8_Y5_BRR545_5014_VALIDATION.csv,research-ledger/files/residuals/82/P8_Y5_BRR545_5014_VALIDATION.csv,1979,ccca961f62c94be763e6f74d82efd4426f68008f93b8061c99ec2d1aa968140d
residuals,source-intake/mts_residuals/P8_Y5_BRR545_5015_VALIDATION.csv,research-ledger/files/residuals/3b/P8_Y5_BRR545_5015_VALIDATION.csv,1212,88b01f7aaa97ea6272143e00b2c1712d2b15d3e3ca9c1154f955469cba0273cf
residuals,source-intake/mts_residuals/P8_Y5_BRR545_5016_VALIDATION.csv,research-ledger/files/residuals/95/P8_Y5_BRR545_5016_VALIDATION.csv,1336,779653ac5894bfe0de17b8e5b126471bd2d1c16fdcf1a4a31a4954dcea2c164d
residuals,source-intake/mts_residuals/P8_Y5_BRR545_5017_VALIDATION.csv,research-ledger/files/residuals/a4/P8_Y5_BRR545_5017_VALIDATION.csv,1641,3f546377774f4b66f37e5fd9004224a2271cb495f6bb9d2b624a709be8148463
residuals,source-intake/mts_residuals/P8_Y5_BRR545_5018_VALIDATION.csv,research-ledger/files/residuals/63/P8_Y5_BRR545_5018_VALIDATION.csv,1840,f0bf4bf4eee0f01caa5bf1f8f0fcb0d36fbf9c7c28a24bb1d32fd163e1d759c2
residuals,source-intake/mts_residuals/P8_Y5_BRR545_5019_VALIDATION.csv,research-ledger/files/residuals/7a/P8_Y5_BRR545_5019_VALIDATION.csv,2862,27e9b6f38dde59f8378bbe24c543b0991c03246709139e033e878f60f4d59320
residuals,source-intake/mts_residuals/P8_Y5_BRR545_5020_VALIDATION.csv,research-ledger/files/residuals/7f/P8_Y5_BRR545_5020_VALIDATION.csv,925,508f0b39a52e58f964fc361dfd37c678b13b9c78e43b74692efd5aa90479d3c5
residuals,source-intake/mts_residuals/P8_Y5_BRR545_5021_VALIDATION.csv,research-ledger/files/residuals/0c/P8_Y5_BRR545_5021_VALIDATION.csv,955,93e8c15ee2912ff4d09d951c73a6e84d5bb3249eca1654d744691648e2ef8546
residuals,source-intake/mts_residuals/P8_Y5_BRR545_5023_VALIDATION.csv,research-ledger/files/residuals/cd/P8_Y5_BRR545_5023_VALIDATION.csv,874,8dba25a700f911c6be533b49fb60dd7911c2e7ab1ccedb12ff47096f6e0678d7
residuals,source-intake/mts_residuals/P8_Y5_BRR545_5029_VALIDATION.csv,research-ledger/files/residuals/34/P8_Y5_BRR545_5029_VALIDATION.csv,2079,be24e89c151c091c4b6fd8ad084b0c5774bd919427fe12333a7df0318d0704e3
residuals,source-intake/mts_residuals/P8_Y5_BRR545_5031_VALIDATION.csv,research-ledger/files/residuals/f4/P8_Y5_BRR545_5031_VALIDATION.csv,2066,9cdcf041902072cc8bf150cca732448036f787157c412017f65e40aebcb00901
residuals,source-intake/mts_residuals/P8_Y5_BRR545_5032_VALIDATION.csv,research-ledger/files/residuals/cb/P8_Y5_BRR545_5032_VALIDATION.csv,2317,582d34d69511cc39babdc0530763a9e1441db2b248ef1bdc8c446fbf005d5ed5
residuals,source-intake/mts_residuals/P8_Y5_BRR545_5033_VALIDATION.csv,research-ledger/files/residuals/41/P8_Y5_BRR545_5033_VALIDATION.csv,2489,83a88789d41a21dc66e8e536bf9a6e99bd0add7153a333d85cc3e6d08da8717f
residuals,source-intake/mts_residuals/P8_Y5_BRR545_5034_VALIDATION.csv,research-ledger/files/residuals/b5/P8_Y5_BRR545_5034_VALIDATION.csv,3196,ed9e931faf33013e7b819566a9bd57988a9571389495b17feff3cdbe6db05739
residuals,source-intake/mts_residuals/P8_Y5_BRR545_5035_VALIDATION.csv,research-ledger/files/residuals/04/P8_Y5_BRR545_5035_VALIDATION.csv,3275,d3b1b7271d30d1cf5b1f6d5adf8275969eeafa387b65546946e620d6caaa7b33
residuals,source-intake/mts_residuals/P8_Y5_BRR545_5036_PARTIAL_VALIDATION.csv,research-ledger/files/residuals/5b/P8_Y5_BRR545_5036_PARTIAL_VALIDATION.csv,2212,8b3fbd4ca2ca96c8771ab7e21960bc881e4a8096c4b87a4d8e9ec9e49714613e
residuals,source-intake/mts_residuals/P8_Y5_BRR545_5036_VALIDATION.csv,research-ledger/files/residuals/8c/P8_Y5_BRR545_5036_VALIDATION.csv,3330,a32304ff0cc8a0ff9428a15aadd76e766aa4564fbda92724f9aadd0252ecbca5
residuals,source-intake/mts_residuals/P8_Y5_BRR545_5037_PARTIAL_VALIDATION.csv,research-ledger/files/residuals/87/P8_Y5_BRR545_5037_PARTIAL_VALIDATION.csv,2856,d1888b4f2c4c836be94586b29ceb79615cc2ca0ddad8a7a77f778101a74ca295
residuals,source-intake/mts_residuals/P8_Y5_BRR545_5038_VALIDATION.csv,research-ledger/files/residuals/85/P8_Y5_BRR545_5038_VALIDATION.csv,1553,2b1838006e0011a6f6d73461bbf5d0ed14d6eeb416f4a8cfb9703feaa5ec3ace
residuals,source-intake/mts_residuals/P8_Y5_BRR545_5039_VALIDATION.csv,research-ledger/files/residuals/06/P8_Y5_BRR545_5039_VALIDATION.csv,1576,9bb6a15cf80c013e2c7d0433d11165b294657743ac5d46184ff746397c27a99d
residuals,source-intake/mts_residuals/P8_Y5_BRR545_5040_PARTIAL_VALIDATION.csv,research-ledger/files/residuals/6b/P8_Y5_BRR545_5040_PARTIAL_VALIDATION.csv,1566,62343b64bebe6f63897a6ac661f55a02ac9a87211222bc8025fcd13ae4313d2b
residuals,source-intake/mts_residuals/P8_Y5_BRR545_5041_VALIDATION.csv,research-ledger/files/residuals/13/P8_Y5_BRR545_5041_VALIDATION.csv,2186,abb913cb3c897bbc01e9444c23297e62dd1a51c914585026efa191a4814c10a7
residuals,source-intake/mts_residuals/P8_Y5_BRR545_5042_VALIDATION.csv,research-ledger/files/residuals/ad/P8_Y5_BRR545_5042_VALIDATION.csv,663,1a28845d26099b6530ee8dde3b899d5e7ca19dac005927e91e3a40809ed89de6
residuals,source-intake/mts_residuals/P8_Y5_BRR545_5043_VALIDATION.csv,research-ledger/files/residuals/2c/P8_Y5_BRR545_5043_VALIDATION.csv,820,7e4fb1855e626de9eb916f9a46e28f733283a689788ae245dbc55947f471b96e
residuals,source-intake/mts_residuals/P8_Y5_BRR545_5044_VALIDATION.csv,research-ledger/files/residuals/89/P8_Y5_BRR545_5044_VALIDATION.csv,672,19fe812eac004e0fb795a6b452a69e3d83250bd10ae429c951deb3c8b7fb2e85
residuals,source-intake/mts_residuals/P8_Y5_BRR545_5045_SCOPE_VALIDATION.csv,research-ledger/files/residuals/0f/P8_Y5_BRR545_5045_SCOPE_VALIDATION.csv,684,90b32fb73cef84800d9bbfa37f6d213c7e3809499489a788710529b165faba3a
residuals,source-intake/mts_residuals/P8_Y5_BRR545_5046_VALIDATION.csv,research-ledger/files/residuals/fa/P8_Y5_BRR545_5046_VALIDATION.csv,315,34c62b9b5087eb9d28852a2061526bc3ff06301f5566ec04ba0d634e189c4bf6
residuals,source-intake/mts_residuals/P8_Y5_BRR545_5047_VALIDATION.csv,research-ledger/files/residuals/3f/P8_Y5_BRR545_5047_VALIDATION.csv,290,dcc523ba5b6b3562541922a78e661da2b64d3c6a2a21d24010ae3669340e1d5c
residuals,source-intake/mts_residuals/P8_Y5_BRR545_5048_VALIDATION.csv,research-ledger/files/residuals/39/P8_Y5_BRR545_5048_VALIDATION.csv,311,a256b648d0f216d609838b0b6bf80417180a7234a6417b8d03285f7c2d3f0f31
residuals,source-intake/mts_residuals/P8_Y5_BRR545_5049_VALIDATION.csv,research-ledger/files/residuals/95/P8_Y5_BRR545_5049_VALIDATION.csv,820,7e4fb1855e626de9eb916f9a46e28f733283a689788ae245dbc55947f471b96e
residuals,source-intake/mts_residuals/P8_Y5_BRR545_5050_VALIDATION.csv,research-ledger/files/residuals/37/P8_Y5_BRR545_5050_VALIDATION.csv,758,b885b8be7ea04864ca25fbecf4f7c16192cbe2b3457993c546afdee679ec8fbe
residuals,source-intake/mts_residuals/P8_Y5_BRR545_5051_VALIDATION.csv,research-ledger/files/residuals/a0/P8_Y5_BRR545_5051_VALIDATION.csv,1147,479a3ae539dee908d8352dd58b02c8d88fe7e159f8d0ff39ee18ea1b19a3fea4
residuals,source-intake/mts_residuals/P8_Y5_BRR545_5052_VALIDATION.csv,research-ledger/files/residuals/20/P8_Y5_BRR545_5052_VALIDATION.csv,971,7ec8a0a58dcaa3d0e6200ab3b0ab2db305fb37fce8eff350fd0e9265157b91ea
residuals,source-intake/mts_residuals/P8_Y5_BRR545_5053_VALIDATION.csv,research-ledger/files/residuals/6f/P8_Y5_BRR545_5053_VALIDATION.csv,756,586538c803743d48081f011eea27ad73c40b939e2623a6846da563b3b7371610
residuals,source-intake/mts_residuals/P8_Y5_BRR545_5054_VALIDATION.csv,research-ledger/files/residuals/df/P8_Y5_BRR545_5054_VALIDATION.csv,1005,12e17208210a8a00c4315e352beb5bd935bbbb20990f2805f85f40ddeeb8f1f4
residuals,source-intake/mts_residuals/P8_Y5_BRR545_5055_VALIDATION.csv,research-ledger/files/residuals/ad/P8_Y5_BRR545_5055_VALIDATION.csv,871,dfcf1a2b3727a5eb7ab70bc6590c77bd4d7a5ab70ac72cd3fe677f6421783776
residuals,source-intake/mts_residuals/P8_Y5_BRR545_5056_VALIDATION.csv,research-ledger/files/residuals/87/P8_Y5_BRR545_5056_VALIDATION.csv,487,9302b5cc7f7d3052d2aa206fbf7e55d8b859734a571f60331cfe4ee534f884b0
residuals,source-intake/mts_residuals/P8_Y5_BRR545_5057_VALIDATION.csv,research-ledger/files/residuals/e1/P8_Y5_BRR545_5057_VALIDATION.csv,1781,5b34fdc3ed675a42fbc0f86790349ff8b86d53958c8e85b0d5830dbfe8db5a71
residuals,source-intake/mts_residuals/P8_Y5_BRR545_5058_VALIDATION.csv,research-ledger/files/residuals/a4/P8_Y5_BRR545_5058_VALIDATION.csv,1365,e2bfbe75002ac68b97fef3a6f90b1bcc180e9243f0ab8b47a536ddaa0cb74d3b
residuals,source-intake/mts_residuals/P8_Y5_BRR545_5059_VALIDATION.csv,research-ledger/files/residuals/51/P8_Y5_BRR545_5059_VALIDATION.csv,1696,e89c5461f3e76ffc49d6872138e64008d9f4286d928cacf51186c9ac2f5c0977
residuals,source-intake/mts_residuals/P8_Y5_BRR545_5060_VALIDATION.csv,research-ledger/files/residuals/0c/P8_Y5_BRR545_5060_VALIDATION.csv,1481,4862a866a29c166ffabd48e7554762e56262facf8298e4eafbb35df9d44ca872
residuals,source-intake/mts_residuals/P8_Y5_BRR545_5061_VALIDATION.csv,research-ledger/files/residuals/7f/P8_Y5_BRR545_5061_VALIDATION.csv,1853,7ff6e96206c187fe4ef3b60d0bf7f5813d4f6f86a3053898bb534f5f48a70f68
residuals,source-intake/mts_residuals/P8_Y5_BRR545_5062_VALIDATION.csv,research-ledger/files/residuals/54/P8_Y5_BRR545_5062_VALIDATION.csv,1620,5069d0925bcf8242e7586c551708193bc9fb28b24c832ab62bd346171d7b8dd0
residuals,source-intake/mts_residuals/P8_Y5_BRR545_5064_VALIDATION.csv,research-ledger/files/residuals/62/P8_Y5_BRR545_5064_VALIDATION.csv,1538,7f9bfbc9b9664350dbd9b0304fa1977228fba8e9e0dccdec923bf2247c99eb30
residuals,source-intake/mts_residuals/P8_Y5_BRR545_5065_VALIDATION.csv,research-ledger/files/residuals/69/P8_Y5_BRR545_5065_VALIDATION.csv,1736,42deb2b54686a1041e691a52767e238ebb4d77d69650c41312f6c76fcc3592e6
residuals,source-intake/mts_residuals/P8_Y5_BRR545_5066_VALIDATION.csv,research-ledger/files/residuals/d1/P8_Y5_BRR545_5066_VALIDATION.csv,1476,e9534cf4245afff7287b42ed56346a3d69f1ce536651f77c9e786bf12138a4f1
residuals,source-intake/mts_residuals/P8_Y5_BRR545_5067_VALIDATION.csv,research-ledger/files/residuals/03/P8_Y5_BRR545_5067_VALIDATION.csv,1273,d2edafed9348ae63f1f6ae307ee78f8f51b8fb570cca3d9d891b2ae3fbbed58f
residuals,source-intake/mts_residuals/P8_Y5_BRR545_5068_VALIDATION.csv,research-ledger/files/residuals/de/P8_Y5_BRR545_5068_VALIDATION.csv,1411,9ad4306082b0b4d97b434c361db06db16656183233c93d253d1018c50bc8e245
residuals,source-intake/mts_residuals/P8_Y5_BRR545_5069_VALIDATION.csv,research-ledger/files/residuals/d7/P8_Y5_BRR545_5069_VALIDATION.csv,1548,da4e65b769ee35d6704b15c6460fa2388f981d407d8480a17ea0b286948e1d94
residuals,source-intake/mts_residuals/P8_Y5_BRR545_5070_VALIDATION.csv,research-ledger/files/residuals/c3/P8_Y5_BRR545_5070_VALIDATION.csv,1535,a5a0b557c63d5b2c82125f9bba6de4f4ee26e74e0cc0471d807961a21375dd9f
residuals,source-intake/mts_residuals/P8_Y5_BRR545_5071_VALIDATION.csv,research-ledger/files/residuals/91/P8_Y5_BRR545_5071_VALIDATION.csv,1772,dc2c5c1f7de0d020bf3d423b3ed906715ecbe3aee16b62984cd01927f8ab4f12
residuals,source-intake/mts_residuals/P8_Y5_BRR545_5072_VALIDATION.csv,research-ledger/files/residuals/24/P8_Y5_BRR545_5072_VALIDATION.csv,1551,5457d9cef473fd55909167c52ffea5840c57b910c43596b7748351246b18f298
residuals,source-intake/mts_residuals/P8_Y5_BRR545_5073_VALIDATION.csv,research-ledger/files/residuals/af/P8_Y5_BRR545_5073_VALIDATION.csv,1647,dc6da6377af8a8b4f3a4820d5b27d519a767b16225be5715ada4ccb00337f32d
residuals,source-intake/mts_residuals/P8_Y5_BRR545_5074_VALIDATION.csv,research-ledger/files/residuals/b2/P8_Y5_BRR545_5074_VALIDATION.csv,1611,598bd43415f2bec2c81536c4666acd7a0340d36529b5b53b269e18174a2cf7ab
residuals,source-intake/mts_residuals/P8_Y5_BRR545_5075_VALIDATION.csv,research-ledger/files/residuals/65/P8_Y5_BRR545_5075_VALIDATION.csv,1354,5d6a2aead151f8841dea72888623c033a1b009850add129225af3f9244b38059
residuals,source-intake/mts_residuals/P8_Y5_BRR545_5076_VALIDATION.csv,research-ledger/files/residuals/a8/P8_Y5_BRR545_5076_VALIDATION.csv,1603,a0c629ed92c59f25c55bfcb5cca99cf3651e9b3afdbf264937a96a398d78c180
residuals,source-intake/mts_residuals/P8_Y5_BRR545_5077_VALIDATION.csv,research-ledger/files/residuals/b4/P8_Y5_BRR545_5077_VALIDATION.csv,1064,18f6f7e99a2de99e830f73efe952b012132964422494bc1b4e07d0a3f3957970
residuals,source-intake/mts_residuals/P8_Y5_BRR545_5078_VALIDATION.csv,research-ledger/files/residuals/ce/P8_Y5_BRR545_5078_VALIDATION.csv,1417,18ba2aad0b9228112dc6150ceaf895c66300efc173d99337ad79ce1548b98f36
residuals,source-intake/mts_residuals/P8_Y5_BRR545_5079_VALIDATION.csv,research-ledger/files/residuals/8b/P8_Y5_BRR545_5079_VALIDATION.csv,2707,fb044bc3c65868fbba2943d78637888cbc1a6f28206c7a787113e8189257b6af
residuals,source-intake/mts_residuals/P8_Y5_BRR545_5080_V12_VALIDATION.csv,research-ledger/files/residuals/32/P8_Y5_BRR545_5080_V12_VALIDATION.csv,1365,7dd93abebeaaede3383620f712ccd53acb71a5b27e9c1e59422f8c51dd259eb9
residuals,source-intake/mts_residuals/P8_Y5_BRR545_5081_VALIDATION.csv,research-ledger/files/residuals/64/P8_Y5_BRR545_5081_VALIDATION.csv,1310,e7dea006bfcb44073fcc0aab9e3c17212836cd176cca11d28ce17df6ef0a668c
residuals,source-intake/mts_residuals/P8_Y5_BRR545_5082_VALIDATION.csv,research-ledger/files/residuals/fb/P8_Y5_BRR545_5082_VALIDATION.csv,1408,6404aa213e8b93c147f2af73290baf0a6421eade5a5763776f84e6a65e318a19
residuals,source-intake/mts_residuals/P8_Y5_BRR545_5083_VALIDATION.csv,research-ledger/files/residuals/2a/P8_Y5_BRR545_5083_VALIDATION.csv,2172,da1f4ded2d4995bc81501c72e7e481c517b390a0dbcbe76caba83a48d7e89848
residuals,source-intake/mts_residuals/P8_Y5_BRR545_5084_VALIDATION.csv,research-ledger/files/residuals/1d/P8_Y5_BRR545_5084_VALIDATION.csv,1876,08594d152440b40f11c4353e3f8a32368d81c881f5d274fecfbaeed5c543ccb7
residuals,source-intake/mts_residuals/P8_Y5_BRR545_5085_VALIDATION.csv,research-ledger/files/residuals/77/P8_Y5_BRR545_5085_VALIDATION.csv,1533,c7f79ce05a279cdd8264d172e0a84bc598ca8e554cdcb7f3df37b2a18cde57c5
residuals,source-intake/mts_residuals/P8_Y5_BRR545_5086_VALIDATION.csv,research-ledger/files/residuals/db/P8_Y5_BRR545_5086_VALIDATION.csv,1221,8d717379230082379f2c6cbe484519c38c818df656b08ed08c32abfe3b2833ec
residuals,source-intake/mts_residuals/P8_Y5_BRR545_5087_VALIDATION.csv,research-ledger/files/residuals/64/P8_Y5_BRR545_5087_VALIDATION.csv,1397,67af2a346534263b91a436ee0376e739e9c566ed56054fcfd0cec390952c7f02
residuals,source-intake/mts_residuals/P8_Y5_BRR545_5088_VALIDATION.csv,research-ledger/files/residuals/2b/P8_Y5_BRR545_5088_VALIDATION.csv,1851,41213a4244bd9a27867322f8b990fd116a41071c431969cc0dde745ee755d7e6
residuals,source-intake/mts_residuals/P8_Y5_BRR545_5089_VALIDATION.csv,research-ledger/files/residuals/a8/P8_Y5_BRR545_5089_VALIDATION.csv,1603,866ed0589cb00ab1cdcd2810701926d6b838339fda426f8f8141a1c0589190e4
residuals,source-intake/mts_residuals/P8_Y5_BRR545_5090_VALIDATION.csv,research-ledger/files/residuals/a9/P8_Y5_BRR545_5090_VALIDATION.csv,1142,3da835dc23ad772238d7f383c1d718d86b3b7e866887225dc3064988195df2fa
residuals,source-intake/mts_residuals/P8_Y5_BRR545_5091_VALIDATION.csv,research-ledger/files/residuals/ef/P8_Y5_BRR545_5091_VALIDATION.csv,1670,82160ee115493aa207c3fd8faf91c588c9428c84eed9c4a2bfb94144ee83b3c5
residuals,source-intake/mts_residuals/P8_Y5_BRR545_5092_VALIDATION.csv,research-ledger/files/residuals/56/P8_Y5_BRR545_5092_VALIDATION.csv,2347,12f6a6ef0ac58fe93713d1d04c48526b81f30228539f6398d436294f6c52b564
residuals,source-intake/mts_residuals/P8_Y5_BRR545_5093_VALIDATION.csv,research-ledger/files/residuals/52/P8_Y5_BRR545_5093_VALIDATION.csv,1326,2d54d321c269fac875e7c36ff70cc82e74fbc9d217654e2c32d5b72d9a6a7c50
residuals,source-intake/mts_residuals/P8_Y5_BRR545_5094_VALIDATION.csv,research-ledger/files/residuals/1f/P8_Y5_BRR545_5094_VALIDATION.csv,934,a987ab251f930a9ab756b320458ebf51b007954904f7a57f840c391ead0e6f1f
residuals,source-intake/mts_residuals/P8_Y5_BRR545_5095_VALIDATION.csv,research-ledger/files/residuals/bc/P8_Y5_BRR545_5095_VALIDATION.csv,1378,e09838790993f5848a427247a635bc5ed6d8a3f91f3795de517c1b408cc2f47a
residuals,source-intake/mts_residuals/P8_Y5_BRR545_5096_VALIDATION.csv,research-ledger/files/residuals/d3/P8_Y5_BRR545_5096_VALIDATION.csv,2581,be25e57a5be6bc5804c6d505feb43c24cc7d9c0adf48bb6e7fba7e40e02e9e84
residuals,source-intake/mts_residuals/P8_Y5_BRR545_5097_VALIDATION.csv,research-ledger/files/residuals/c3/P8_Y5_BRR545_5097_VALIDATION.csv,1875,0479edc15b599cf8deb9280737a1c7c278eaa9bc52d299abcc82ebe5c0f67d19
residuals,source-intake/mts_residuals/P8_Y5_BRR545_5098_VALIDATION.csv,research-ledger/files/residuals/50/P8_Y5_BRR545_5098_VALIDATION.csv,1809,c8c572160696319a9155176521b31bc1dec6aa16cb2cd73255f03934e84bff39
residuals,source-intake/mts_residuals/P8_Y5_BRR545_5099_VALIDATION.csv,research-ledger/files/residuals/e0/P8_Y5_BRR545_5099_VALIDATION.csv,2784,ccb5350ee1dacfdff5253418708c85b7658a60656c9c7e92b54b26d0b9c34737
residuals,source-intake/mts_residuals/P8_Y5_BRR545_5100_VALIDATION.csv,research-ledger/files/residuals/11/P8_Y5_BRR545_5100_VALIDATION.csv,1654,97961ad53973d5941cf06a9897e7b141faabf5fdd9426d71092e7a5e7802d166
residuals,source-intake/mts_residuals/P8_Y5_BRR545_5101_VALIDATION.csv,research-ledger/files/residuals/7c/P8_Y5_BRR545_5101_VALIDATION.csv,1758,2502424b248058e37a64e94fb2a0936bd7ec7a3ce2c1539195848374a9549677
residuals,source-intake/mts_residuals/P8_Y5_BRR545_5102_VALIDATION.csv,research-ledger/files/residuals/59/P8_Y5_BRR545_5102_VALIDATION.csv,1704,470721de1696a7d4af3d24924d02f2f3cfe87ff8b111a2a496ca1628dc6967fd
residuals,source-intake/mts_residuals/P8_Y5_BRR545_5103_VALIDATION.csv,research-ledger/files/residuals/ae/P8_Y5_BRR545_5103_VALIDATION.csv,2309,dce4af5bdc808c6d0c14fc385ac2f591e861c862ed01ce6ef139a0c865819b31
residuals,source-intake/mts_residuals/P8_Y5_BRR545_5104_VALIDATION.csv,research-ledger/files/residuals/5c/P8_Y5_BRR545_5104_VALIDATION.csv,1528,ad3e65b858531d4e00734f8458efd9dec27c46b89d867b413676456bb5544142
residuals,source-intake/mts_residuals/P8_Y5_BRR545_5106_VALIDATION.csv,research-ledger/files/residuals/89/P8_Y5_BRR545_5106_VALIDATION.csv,1817,9c8d994f872bc7fd77a32b4b8100f11c8b9c1c4d6653c838e44d715f2f1dfadd
residuals,source-intake/mts_residuals/P8_Y5_BRR545_5107_VALIDATION.csv,research-ledger/files/residuals/f6/P8_Y5_BRR545_5107_VALIDATION.csv,1758,dc7ae37a7d4824551705e95b0c8a5a1141da5387cba35a4453179e12a9187596
residuals,source-intake/mts_residuals/P8_Y5_BRR545_5108_VALIDATION.csv,research-ledger/files/residuals/c1/P8_Y5_BRR545_5108_VALIDATION.csv,1556,ab25b08aaa7d02fead56f1d0db07baf24bbbd5f72447dc5799f21b699a7a5c69
residuals,source-intake/mts_residuals/P8_Y5_BRR545_5109_VALIDATION.csv,research-ledger/files/residuals/2d/P8_Y5_BRR545_5109_VALIDATION.csv,1736,3809ed09ed0b1e2f5d48cf71f9e64de28b4f46cca9a3020990d5d70771753186
residuals,source-intake/mts_residuals/P8_Y5_BRR545_5110_VALIDATION.csv,research-ledger/files/residuals/2b/P8_Y5_BRR545_5110_VALIDATION.csv,1525,7947720633b1094d4c3cfd1642e27ba9f7fa448a8a55408ce8cb644dc62afe19
residuals,source-intake/mts_residuals/P8_Y5_BRR545_5111_VALIDATION.csv,research-ledger/files/residuals/89/P8_Y5_BRR545_5111_VALIDATION.csv,1865,5f6fc8d80670ac6be11b2088090cea248983185c61ef00524f7315fcedfec1ab
residuals,source-intake/mts_residuals/P8_Y5_BRR545_5112_VALIDATION.csv,research-ledger/files/residuals/13/P8_Y5_BRR545_5112_VALIDATION.csv,936,6268519326c19b873336164f609e225f7b983cddba443fe43de08585eca93243
residuals,source-intake/mts_residuals/P8_Y5_BRR545_5113_VALIDATION.csv,research-ledger/files/residuals/af/P8_Y5_BRR545_5113_VALIDATION.csv,459,d6b3815e866dd52e83c9d2f3bfd66f9d8d636e2937d9f7cf1467c2b27c685f3b
residuals,source-intake/mts_residuals/P8_Y5_BRR545_5114_VALIDATION.csv,research-ledger/files/residuals/ec/P8_Y5_BRR545_5114_VALIDATION.csv,513,d7e307f59b8ae7ba948ebb4965225ed8bc1fa32e86b7ebd4eaaf94bf37dbd3de
residuals,source-intake/mts_residuals/P8_Y5_BRR545_5115_VALIDATION.csv,research-ledger/files/residuals/44/P8_Y5_BRR545_5115_VALIDATION.csv,430,9a2e0ea1708067b7d70eccba417987db05246c01be14a8653b285a7d6dcf3399
residuals,source-intake/mts_residuals/P8_Y5_BRR545_5116_VALIDATION.csv,research-ledger/files/residuals/58/P8_Y5_BRR545_5116_VALIDATION.csv,462,6684aa44dea5f7e71c31b333e7702b7380c3a655ae68bcbac9bc55cbd13e3d28
residuals,source-intake/mts_residuals/P8_Y5_BRR545_5117_VALIDATION.csv,research-ledger/files/residuals/67/P8_Y5_BRR545_5117_VALIDATION.csv,1644,45db80db94395ad6d0954a716e4bb3eaeb95457e6a1cd142b4b91768fc8017a3
residuals,source-intake/mts_residuals/P8_Y5_BRR545_5118_VALIDATION.csv,research-ledger/files/residuals/af/P8_Y5_BRR545_5118_VALIDATION.csv,624,26c5104cd4eaf2702edbcd84749748ee040956dfe83da11840872e2bd96427a0
residuals,source-intake/mts_residuals/P8_Y5_BRR545_5119_VALIDATION.csv,research-ledger/files/residuals/e5/P8_Y5_BRR545_5119_VALIDATION.csv,2029,c1b41d0c9f31777ba312d8ade8f23145136e7ff9d9537b9d747fc3f4f6fa28b9
residuals,source-intake/mts_residuals/P8_Y5_BRR545_5120_VALIDATION.csv,research-ledger/files/residuals/27/P8_Y5_BRR545_5120_VALIDATION.csv,1815,3484b29d2e8f2ab9aa04aeda5b1758f86c1b66ded4e2bf88d161bc83a8f7511f
residuals,source-intake/mts_residuals/P8_Y5_BRR545_5121_VALIDATION.csv,research-ledger/files/residuals/9e/P8_Y5_BRR545_5121_VALIDATION.csv,1416,f0be1e5b3d86a78e49d0d95e5d215b0101de30cc9d8016a34a71eca8eba99b52
residuals,source-intake/mts_residuals/P8_Y5_BRR545_5122_VALIDATION.csv,research-ledger/files/residuals/a9/P8_Y5_BRR545_5122_VALIDATION.csv,1488,6229ddb1f57991377aba40466c91af10f0580e3e4c72cd63855eed3e9d72c009
residuals,source-intake/mts_residuals/P8_Y5_BRR545_5123_VALIDATION.csv,research-ledger/files/residuals/3c/P8_Y5_BRR545_5123_VALIDATION.csv,4043,b93b2509601a935f2573b1e1a6e1a0096bc2d85a2e5d47abf15ef03d9d264d14
residuals,source-intake/mts_residuals/P8_Y5_BRR545_5124_VALIDATION.csv,research-ledger/files/residuals/57/P8_Y5_BRR545_5124_VALIDATION.csv,3571,006e7cf42950760a883fd7b624350b778943839277ca1c129147beeaa46a1058
residuals,source-intake/mts_residuals/P8_Y5_BRR545_5125_VALIDATION.csv,research-ledger/files/residuals/fa/P8_Y5_BRR545_5125_VALIDATION.csv,2290,ffdd67e1ec5d30dae28a9aae14f242da10599c5d1a3cb166c8543c57d9f11d03
residuals,source-intake/mts_residuals/P8_Y5_BRR545_5126_VALIDATION.csv,research-ledger/files/residuals/ab/P8_Y5_BRR545_5126_VALIDATION.csv,856,b31ff741f31d034dda6d603b21375a7cfa79afc5244ae5d2be63fbe69e34bcd8
residuals,source-intake/mts_residuals/P8_Y5_BRR545_5127_VALIDATION.csv,research-ledger/files/residuals/2c/P8_Y5_BRR545_5127_VALIDATION.csv,2348,9e8fb137fa34114cc890f166290d1240c08bb68696d63338243270723b2869af
residuals,source-intake/mts_residuals/P8_Y5_BRR545_5128_VALIDATION.csv,research-ledger/files/residuals/fa/P8_Y5_BRR545_5128_VALIDATION.csv,1869,73f53e52b5a72453be21f89b44d0e0b1ae2f89deea2dc8b2dad36ba178389cba
residuals,source-intake/mts_residuals/P8_Y5_BRR545_5129_VALIDATION.csv,research-ledger/files/residuals/46/P8_Y5_BRR545_5129_VALIDATION.csv,1798,9d00c1910a031e1245f10bb46440752169ab70c55336a0b450535542730235b9
residuals,source-intake/mts_residuals/P8_Y5_BRR545_5130_VALIDATION.csv,research-ledger/files/residuals/8b/P8_Y5_BRR545_5130_VALIDATION.csv,1793,181aac0845aebbf3a5bd3c2e2876182d52839956dad3a6d0ddcb1bc15a2c518b
residuals,source-intake/mts_residuals/P8_Y5_BRR545_5131_VALIDATION.csv,research-ledger/files/residuals/a8/P8_Y5_BRR545_5131_VALIDATION.csv,1799,612edd5a914e29b85eb93437e8def42cf842cc2fe9d7225177c15679f164b60d
residuals,source-intake/mts_residuals/P8_Y5_BRR545_5132_VALIDATION.csv,research-ledger/files/residuals/75/P8_Y5_BRR545_5132_VALIDATION.csv,1799,f0eda52a85399935bf733cb06af0d0cc2d6d6e1a77d9a83a3ba8693195ed7de8
residuals,source-intake/mts_residuals/P8_Y5_BRR545_5133_VALIDATION.csv,research-ledger/files/residuals/43/P8_Y5_BRR545_5133_VALIDATION.csv,1800,95b28158d4040a2884ada49d88a8ebe948639e0a54272174bcc5f1b256df7350
residuals,source-intake/mts_residuals/P8_Y5_BRR545_5134_VALIDATION.csv,research-ledger/files/residuals/d2/P8_Y5_BRR545_5134_VALIDATION.csv,1803,2d107de75da84e0cc4fadfb71edfb2694865f957fcacb56612dbe45e60e0ab74
residuals,source-intake/mts_residuals/P8_Y5_BRR545_5136_VALIDATION.csv,research-ledger/files/residuals/0d/P8_Y5_BRR545_5136_VALIDATION.csv,1559,6b6a5450de736051e05dfcdddc59e39d7695d67f5eb0224e4cd790afdcf04586
residuals,source-intake/mts_residuals/P8_Y5_BRR545_5137_VALIDATION.csv,research-ledger/files/residuals/7e/P8_Y5_BRR545_5137_VALIDATION.csv,1537,5aaf082f02ff8d33d1aac3e5821946924a37492064e29beb502f4c9bfee146e6
residuals,source-intake/mts_residuals/P8_Y5_BRR545_5138_VALIDATION.csv,research-ledger/files/residuals/65/P8_Y5_BRR545_5138_VALIDATION.csv,1476,5e20a269e4c0fe6f434236bacd0bcde52c08a717043adf30c62106b95dd0f68c
residuals,source-intake/mts_residuals/P8_Y5_BRR545_5140_VALIDATION.csv,research-ledger/files/residuals/07/P8_Y5_BRR545_5140_VALIDATION.csv,2380,3a63dacac346065bec017f80ba4d6e3603ed1448b1edd55b56e227e7495184e8
residuals,source-intake/mts_residuals/P8_Y5_BRR545_5142_VALIDATION.csv,research-ledger/files/residuals/54/P8_Y5_BRR545_5142_VALIDATION.csv,1552,ec97e9b1ba2c47e6f84b52da51dc2f34cc5bbe03a10fb59245b9b10ac0ed5f76
residuals,source-intake/mts_residuals/P8_Y5_BRR545_5143_VALIDATION.csv,research-ledger/files/residuals/b8/P8_Y5_BRR545_5143_VALIDATION.csv,1798,7f7d951204d744dabd945fc6e0ac49894b04f0926fc47f04ad07f82b5bd45cdb
residuals,source-intake/mts_residuals/P8_Y5_BRR545_5144_VALIDATION.csv,research-ledger/files/residuals/a1/P8_Y5_BRR545_5144_VALIDATION.csv,1653,9087bf2c051d1436e195667006e613801132677ee4a19c52781d77d6a551938b
residuals,source-intake/mts_residuals/P8_Y5_BRR545_5145_VALIDATION.csv,research-ledger/files/residuals/52/P8_Y5_BRR545_5145_VALIDATION.csv,1775,17fcce6aa7750f470397de31861dfe4ba998179d745dd10aaaf6b1804aca3cbe
residuals,source-intake/mts_residuals/P8_Y5_BRR545_5146_VALIDATION.csv,research-ledger/files/residuals/94/P8_Y5_BRR545_5146_VALIDATION.csv,2044,018f6b261ec10c22f0c055d15d1856b8f56d85a072b285b3035cef3e7e9448ac
residuals,source-intake/mts_residuals/P8_Y5_BRR545_5147_VALIDATION.csv,research-ledger/files/residuals/40/P8_Y5_BRR545_5147_VALIDATION.csv,6079,6599a3ae096d1f5abd00df8c58e264d2f45f295a74540f06a62ab039f151b2ea
residuals,source-intake/mts_residuals/P8_Y5_BRR545_5148_VALIDATION.csv,research-ledger/files/residuals/e8/P8_Y5_BRR545_5148_VALIDATION.csv,3154,aa2d1b31717fefe8137de05cdc07d88d4bb61708b90b21c58a6525dcdf2496fc
residuals,source-intake/mts_residuals/P8_Y5_BRR545_5149_VALIDATION.csv,research-ledger/files/residuals/e0/P8_Y5_BRR545_5149_VALIDATION.csv,2284,75d75282dce251eaa10e4fe2260aab97eff3786c404276cd341d1b32be3f67fb
residuals,source-intake/mts_residuals/P8_Y5_BRR545_5150_VALIDATION.csv,research-ledger/files/residuals/83/P8_Y5_BRR545_5150_VALIDATION.csv,2482,f7bacf0dcc34fd60e489f649bf892565b5d8e23cd51d6ee9ab69f51d15c72135
residuals,source-intake/mts_residuals/P8_Y5_BRR545_5151_VALIDATION.csv,research-ledger/files/residuals/6b/P8_Y5_BRR545_5151_VALIDATION.csv,6718,d93b153612773bf5ca1c5cb1d5185d09d0cb64f7d18f3f0f98e1614a35b40af3
residuals,source-intake/mts_residuals/P8_Y5_BRR545_5152_VALIDATION.csv,research-ledger/files/residuals/15/P8_Y5_BRR545_5152_VALIDATION.csv,7188,e433721dfa1f60b5a24fbd00b874394d06df787cd614af0de41abaf5126fd2fa
residuals,source-intake/mts_residuals/P8_Y5_BRR545_5153_VALIDATION.csv,research-ledger/files/residuals/5d/P8_Y5_BRR545_5153_VALIDATION.csv,5098,aa978ec7c34b95409ffe5a6c9ab86f8ed3cedec99c23e08fee066fa9e403274b
residuals,source-intake/mts_residuals/P8_Y5_BRR545_5154_VALIDATION.csv,research-ledger/files/residuals/f8/P8_Y5_BRR545_5154_VALIDATION.csv,6396,95bf5178d8ec93cd9e0a36d85e809f7b8d9cffacaa948b8765077d97c7254b3d
residuals,source-intake/mts_residuals/P8_Y5_BRR545_5155_VALIDATION.csv,research-ledger/files/residuals/de/P8_Y5_BRR545_5155_VALIDATION.csv,6386,6bd0f6f75c515dbbcff0a6c192b3eff4784c06c405114a0dadbf189497d43220
residuals,source-intake/mts_residuals/P8_Y5_BRR545_5156_VALIDATION.csv,research-ledger/files/residuals/2d/P8_Y5_BRR545_5156_VALIDATION.csv,6679,f4a83301eca5c5d1d18b5d0dc466ec0e4098fd285af042030025964752b4537c
residuals,source-intake/mts_residuals/P8_Y5_BRR545_5157_VALIDATION.csv,research-ledger/files/residuals/71/P8_Y5_BRR545_5157_VALIDATION.csv,3948,0ed5a6cf675fc0f28b1b448e357dc3a5626921223f89c98a01926437c5bc4a0c
residuals,source-intake/mts_residuals/P8_Y5_BRR545_5158_VALIDATION.csv,research-ledger/files/residuals/19/P8_Y5_BRR545_5158_VALIDATION.csv,3780,7b9566083d09e0ae8ecd59d9432ae00b8f1691fc53ddd5dbd5e3866f68356bd7
residuals,source-intake/mts_residuals/P8_Y5_BRR545_5159_VALIDATION.csv,research-ledger/files/residuals/1e/P8_Y5_BRR545_5159_VALIDATION.csv,5905,61dbfc46a4544ca95681dd8674b41fb8daf7f70b8f0528e270695580e7bc8a7d
residuals,source-intake/mts_residuals/P8_Y5_BRR545_5160_VALIDATION.csv,research-ledger/files/residuals/8c/P8_Y5_BRR545_5160_VALIDATION.csv,5078,dafacdb39d87ab9340922815626e7c991c17a46c03929c52165da0cd588553b5
residuals,source-intake/mts_residuals/P8_Y5_BRR545_5161_VALIDATION.csv,research-ledger/files/residuals/40/P8_Y5_BRR545_5161_VALIDATION.csv,5364,3ab28808491b06c9779f979eecae950c01b0e0eda867ffc2f48a1571e7a3946c
residuals,source-intake/mts_residuals/P8_Y5_BRR545_5162_VALIDATION.csv,research-ledger/files/residuals/88/P8_Y5_BRR545_5162_VALIDATION.csv,5305,02dc80d2b1c0337a0c8a4992bfa67d23ee42fb0b06ec1b62cf63eb5262f27f81
residuals,source-intake/mts_residuals/P8_Y5_BRR545_5163_VALIDATION.csv,research-ledger/files/residuals/87/P8_Y5_BRR545_5163_VALIDATION.csv,3688,f6f9519e2021557e82836b152d9a75fcf3686a5905b89fb5d42644bb2606550a
residuals,source-intake/mts_residuals/P8_Y5_BRR545_5164_VALIDATION.csv,research-ledger/files/residuals/4c/P8_Y5_BRR545_5164_VALIDATION.csv,12432,b5ec2ff0566bd97f2f93fb1a18e1a2796e819e53fadf02fe7c450619acf5ebcb
residuals,source-intake/mts_residuals/P8_Y5_BRR545_5165_VALIDATION.csv,research-ledger/files/residuals/9c/P8_Y5_BRR545_5165_VALIDATION.csv,4408,5f8e965d89ea156038ee501120667006cfe5e023757b47f2d4a49e46152b9a65
residuals,source-intake/mts_residuals/P8_Y5_BRR545_5166_VALIDATION.csv,research-ledger/files/residuals/7d/P8_Y5_BRR545_5166_VALIDATION.csv,10390,e55a816365bf5388ae28ac3cea4b51634e19b1e40abcfe0b2afed4e35e495705
residuals,source-intake/mts_residuals/P8_Y5_BRR545_5167_VALIDATION.csv,research-ledger/files/residuals/aa/P8_Y5_BRR545_5167_VALIDATION.csv,17665,9f295ec0581bc7627c8ea86d5e96c0c3613c0cf19d9166d0481f1328abb50752
residuals,source-intake/mts_residuals/P8_Y5_BRR545_5168_VALIDATION.csv,research-ledger/files/residuals/38/P8_Y5_BRR545_5168_VALIDATION.csv,10251,994e879d86297afdb003a455a9273c01b034339ac0a588a91426fc7452f4facf
residuals,source-intake/mts_residuals/P8_Y5_BRR545_5169_VALIDATION.csv,research-ledger/files/residuals/0f/P8_Y5_BRR545_5169_VALIDATION.csv,4885,b5ac68bad1c5bd3a6dbee23327a92b087a58040f2d9189ac10a63cc67a26fcaf
residuals,source-intake/mts_residuals/P8_Y5_BRR545_5170_VALIDATION.csv,research-ledger/files/residuals/4b/P8_Y5_BRR545_5170_VALIDATION.csv,5228,795808c6da3e10971d32ca7278caff0af149f746326b2505c22556321b2016f4
residuals,source-intake/mts_residuals/P8_Y5_BRR545_5171_VALIDATION.csv,research-ledger/files/residuals/61/P8_Y5_BRR545_5171_VALIDATION.csv,5329,6d67768659365904f322721fd8585d4059190bcc7442c62fd8fd89358eadf940
residuals,source-intake/mts_residuals/P8_Y5_BRR545_5172_VALIDATION.csv,research-ledger/files/residuals/a4/P8_Y5_BRR545_5172_VALIDATION.csv,3217,aa262336fe27abb0228ad84cc62315b786bc6cc2b254c47bbcecd5e581b6b889
residuals,source-intake/mts_residuals/P8_Y5_BRR545_5173_VALIDATION.csv,research-ledger/files/residuals/46/P8_Y5_BRR545_5173_VALIDATION.csv,7117,d723d60e09063b867de2d0973ebc5d2ae685b70b26d532a789d67fb3c3ea2d40
residuals,source-intake/mts_residuals/P8_Y5_BRR545_5174_VALIDATION.csv,research-ledger/files/residuals/bf/P8_Y5_BRR545_5174_VALIDATION.csv,2811,95c1de1ecdac85993f73854a9178bc5c64ddfd07af34c526717d67377eac9f63
residuals,source-intake/mts_residuals/P8_Y5_BRR545_5175_VALIDATION.csv,research-ledger/files/residuals/5b/P8_Y5_BRR545_5175_VALIDATION.csv,6400,0bb8844eaafccdb96c7fe3519d9aaed39f63a6693ddb9b0ebc67d2f250b30f14
