category,source_path,published_path,size_bytes,sha256
residuals,source-intake/mts_residuals/P8_Y5_PARENT_QLOC_1920_DELTA_W_FIRST_ROWS_NONCLAIM.csv,research-ledger/files/residuals/7e/P8_Y5_PARENT_QLOC_1920_DELTA_W_FIRST_ROWS_NONCLAIM.csv,2295,5c8990cc9032cc079f1124d4ca715d40d5e0a5707f7bae99edf019add9c5b8e3
residuals,source-intake/mts_residuals/P8_Y5_PARENT_QLOC_1920_NEXT_TARGET.csv,research-ledger/files/residuals/d2/P8_Y5_PARENT_QLOC_1920_NEXT_TARGET.csv,888,c19e2611802068ce55a7baec625e02a2eb0669bc1a4c8f654e55b3f8d7438478
residuals,source-intake/mts_residuals/P8_Y5_PARENT_QLOC_1920_PROJECT_STATUS_SNAPSHOT.csv,research-ledger/files/residuals/af/P8_Y5_PARENT_QLOC_1920_PROJECT_STATUS_SNAPSHOT.csv,1218,9d67ae82036cf5a29b5d190e4c0470856103d20747f975892315dc3eec13971f
residuals,source-intake/mts_residuals/P8_Y5_PARENT_QLOC_1920_SOURCE_REGISTER.csv,research-ledger/files/residuals/09/P8_Y5_PARENT_QLOC_1920_SOURCE_REGISTER.csv,3910,1c54eb82e733da99f0fb4fb4f7cdcc0ae22cb304e6d5cc8b3840004d10e48bfc
residuals,source-intake/mts_residuals/P8_Y5_PARENT_QLOC_1920_SOURCE_WEIGHT_NO_ABSORPTION_GUARD.csv,research-ledger/files/residuals/25/P8_Y5_PARENT_QLOC_1920_SOURCE_WEIGHT_NO_ABSORPTION_GUARD.csv,1689,16bc43fdddfd41a1fd0e5d03a040eec38a20266020ef7ab44a1a11e842f3e3fb
residuals,source-intake/mts_residuals/P8_Y5_PARENT_QLOC_1920_SOURCE_WEIGHT_PARENT_CURRENT_PROOF_ATTEMPT.csv,research-ledger/files/residuals/83/P8_Y5_PARENT_QLOC_1920_SOURCE_WEIGHT_PARENT_CURRENT_PROOF_ATTEMPT.csv,2809,cb64c779bf0b4919221c90e4f7a7ebfa395a2605d443eb92329f6753acd82e33
residuals,source-intake/mts_residuals/P8_Y5_PARENT_QLOC_1921_ALPHA_MASS_CLOCK_FIRST_ROWS_NONCLAIM.csv,research-ledger/files/residuals/53/P8_Y5_PARENT_QLOC_1921_ALPHA_MASS_CLOCK_FIRST_ROWS_NONCLAIM.csv,3453,635c3b010392c7ad594a8967d760ab888a7269baa4a7df45e8610842f69f849e
residuals,source-intake/mts_residuals/P8_Y5_PARENT_QLOC_1921_CLAIM_GATE.csv,research-ledger/files/residuals/c1/P8_Y5_PARENT_QLOC_1921_CLAIM_GATE.csv,1067,1a1f40dbb1ee0db8cc846bedd15af26584049c1705711d828d1b19f9edeae759
residuals,source-intake/mts_residuals/P8_Y5_PARENT_QLOC_1921_CONSTANT_SUPERSELECTION_PROOF_AUDIT.csv,research-ledger/files/residuals/b5/P8_Y5_PARENT_QLOC_1921_CONSTANT_SUPERSELECTION_PROOF_AUDIT.csv,2765,d5b1401ed3248a5d537821f2723aff159748e3a541af2d1f5e8f1953e7c74227
residuals,source-intake/mts_residuals/P8_Y5_PARENT_QLOC_1921_DECISION_LEDGER.csv,research-ledger/files/residuals/59/P8_Y5_PARENT_QLOC_1921_DECISION_LEDGER.csv,1055,96e52e35516ef924c114d8fc404b35b0a328d317f9510c9c87b79f0333720b44
residuals,source-intake/mts_residuals/P8_Y5_PARENT_QLOC_1921_NEXT_TARGET.csv,research-ledger/files/residuals/ee/P8_Y5_PARENT_QLOC_1921_NEXT_TARGET.csv,844,3e367e319e9270a9c7569de286e62ac2c2d49f085f1de4d1ba127830956e939c
residuals,source-intake/mts_residuals/P8_Y5_PARENT_QLOC_1921_NO_UNIT_RESCALING_GUARD.csv,research-ledger/files/residuals/6d/P8_Y5_PARENT_QLOC_1921_NO_UNIT_RESCALING_GUARD.csv,1576,ef715823c8f4c320c23725d7cfc81d82c14f417f05c74a8993b203c28a2cf9d6
residuals,source-intake/mts_residuals/P8_Y5_PARENT_QLOC_1921_PROJECT_STATUS_SNAPSHOT.csv,research-ledger/files/residuals/22/P8_Y5_PARENT_QLOC_1921_PROJECT_STATUS_SNAPSHOT.csv,1197,b720b9c209982038edf7497fd424c6d49c997b0206700774af796b1f05322818
residuals,source-intake/mts_residuals/P8_Y5_PARENT_QLOC_1921_SOURCE_REGISTER.csv,research-ledger/files/residuals/f1/P8_Y5_PARENT_QLOC_1921_SOURCE_REGISTER.csv,5740,aa09ed32b98151abade7a6f3192b18e6b823f7bf2b44385a55cefba588e50b7f
residuals,source-intake/mts_residuals/P8_Y5_PARENT_QLOC_1922_CLAIM_GATE.csv,research-ledger/files/residuals/2c/P8_Y5_PARENT_QLOC_1922_CLAIM_GATE.csv,1028,9e1e8083a3d14ea11733a0820d2cd2f7de85adf518f33fb921b97b5812091fb9
residuals,source-intake/mts_residuals/P8_Y5_PARENT_QLOC_1922_COVARIANCE_GAUGE_INSUFFICIENCY_GUARD.csv,research-ledger/files/residuals/9c/P8_Y5_PARENT_QLOC_1922_COVARIANCE_GAUGE_INSUFFICIENCY_GUARD.csv,1602,427a78b85e62971e2ababf41b2241b8c735a2dc97cc1a735718dc66ac404d22d
residuals,source-intake/mts_residuals/P8_Y5_PARENT_QLOC_1922_DECISION_LEDGER.csv,research-ledger/files/residuals/81/P8_Y5_PARENT_QLOC_1922_DECISION_LEDGER.csv,1125,4681a7e5cce5eb9fbe01fba688476601c03651ba1a1f157c42b131f7dca909e7
residuals,source-intake/mts_residuals/P8_Y5_PARENT_QLOC_1922_HIDDEN_F2_ALPHA_ROWS_NONCLAIM.csv,research-ledger/files/residuals/54/P8_Y5_PARENT_QLOC_1922_HIDDEN_F2_ALPHA_ROWS_NONCLAIM.csv,3395,df4cba2fdce1daa6015acda74edf9f449f20e4f7e0cee80c55aa65af14ddc381
residuals,source-intake/mts_residuals/P8_Y5_PARENT_QLOC_1922_NEXT_TARGET.csv,research-ledger/files/residuals/a2/P8_Y5_PARENT_QLOC_1922_NEXT_TARGET.csv,913,3b107c439a62089380a6a93f78d49e6a30696009c7e758910bb397004c2dd21d
residuals,source-intake/mts_residuals/P8_Y5_PARENT_QLOC_1922_PROJECT_STATUS_SNAPSHOT.csv,research-ledger/files/residuals/19/P8_Y5_PARENT_QLOC_1922_PROJECT_STATUS_SNAPSHOT.csv,1248,891066ef536929e475bbbf34508d038a07c3d1ad1f7481de282bfe1634a38aa6
residuals,source-intake/mts_residuals/P8_Y5_PARENT_QLOC_1922_SOURCE_REGISTER.csv,research-ledger/files/residuals/4d/P8_Y5_PARENT_QLOC_1922_SOURCE_REGISTER.csv,5850,85eea5a4ec41709aa5b85c7315b15df71414ad3c4d89185f625efaaeece93e9e
residuals,source-intake/mts_residuals/P8_Y5_PARENT_QLOC_1922_UNIQUE_EM_F2_PROOF_AUDIT.csv,research-ledger/files/residuals/5e/P8_Y5_PARENT_QLOC_1922_UNIQUE_EM_F2_PROOF_AUDIT.csv,2454,4b4d003c6b8575704f2729e31aa4510a966e29f78dd40fe49dc5425738d913c8
residuals,source-intake/mts_residuals/P8_Y5_PARENT_QLOC_1923_CLAIM_GATE.csv,research-ledger/files/residuals/ee/P8_Y5_PARENT_QLOC_1923_CLAIM_GATE.csv,979,bd34af997d80277471cb7586b2cecf45ca6a1eff62a00f690d6a1c38630a61f9
residuals,source-intake/mts_residuals/P8_Y5_PARENT_QLOC_1923_DECISION_LEDGER.csv,research-ledger/files/residuals/92/P8_Y5_PARENT_QLOC_1923_DECISION_LEDGER.csv,1034,85a7e593ae68521e07163f643a8bd14d4f4c2fab53c9a4464755ca1e4f435e60
residuals,source-intake/mts_residuals/P8_Y5_PARENT_QLOC_1923_HIDDEN_INVARIANT_OBSTRUCTION_LEDGER.csv,research-ledger/files/residuals/f9/P8_Y5_PARENT_QLOC_1923_HIDDEN_INVARIANT_OBSTRUCTION_LEDGER.csv,1596,2d20bb075a97b4af0b6f25c2030de198fb5914a5567b19ee4555a2289b7f9613
residuals,source-intake/mts_residuals/P8_Y5_PARENT_QLOC_1923_NEXT_TARGET.csv,research-ledger/files/residuals/c0/P8_Y5_PARENT_QLOC_1923_NEXT_TARGET.csv,848,d8cf684c8c31bb7b2fadaf8ff5beee18f8b05a4b703db24f62dc66385c8f76af
residuals,source-intake/mts_residuals/P8_Y5_PARENT_QLOC_1923_NO_SHORTCUT_GUARD.csv,research-ledger/files/residuals/5e/P8_Y5_PARENT_QLOC_1923_NO_SHORTCUT_GUARD.csv,1733,72bb8035e9d70ee6eb9a90c95166771470d3d47989b1665efd6fc0bfad6c6591
residuals,source-intake/mts_residuals/P8_Y5_PARENT_QLOC_1923_OPERATOR_DOMAIN_NO_HIDDEN_VISIBLE_PROOF_AUDIT.csv,research-ledger/files/residuals/fc/P8_Y5_PARENT_QLOC_1923_OPERATOR_DOMAIN_NO_HIDDEN_VISIBLE_PROOF_AUDIT.csv,2868,9c5e05e6b4ea2201b4171fc01e7f047e7488cd53ceb6d12accd2d655faf452ff
residuals,source-intake/mts_residuals/P8_Y5_PARENT_QLOC_1923_PROJECT_STATUS_SNAPSHOT.csv,research-ledger/files/residuals/a9/P8_Y5_PARENT_QLOC_1923_PROJECT_STATUS_SNAPSHOT.csv,1216,5807a433604b07023da09b58beb7e9910d645067eff7e642f7264ff12b85572b
residuals,source-intake/mts_residuals/P8_Y5_PARENT_QLOC_1923_RESIDUAL_PRIOR_PACK_NONCLAIM.csv,research-ledger/files/residuals/95/P8_Y5_PARENT_QLOC_1923_RESIDUAL_PRIOR_PACK_NONCLAIM.csv,3979,a932d91d214e5d61ec54e3c3a2ae80519e6d19f7ef3ddf3f5a017d269daf1f81
residuals,source-intake/mts_residuals/P8_Y5_PARENT_QLOC_1923_SOURCE_REGISTER.csv,research-ledger/files/residuals/3b/P8_Y5_PARENT_QLOC_1923_SOURCE_REGISTER.csv,7692,74da11f841443c4212fe3dcdbf8f015b59b806635d19210b0b633a7d3bf3f89a
residuals,source-intake/mts_residuals/P8_Y5_PARENT_QLOC_1924_CLAIM_GATE.csv,research-ledger/files/residuals/d6/P8_Y5_PARENT_QLOC_1924_CLAIM_GATE.csv,1061,af745c3379a5689b2fd9d70f6fea35795b4f1da5835a5493cb57ffa1b7508468
residuals,source-intake/mts_residuals/P8_Y5_PARENT_QLOC_1924_DECISION_LEDGER.csv,research-ledger/files/residuals/03/P8_Y5_PARENT_QLOC_1924_DECISION_LEDGER.csv,1087,6c90eb7779a44a6efbc37c04ca3f0404723de4c5c9af1ebb59494642fc924164
residuals,source-intake/mts_residuals/P8_Y5_PARENT_QLOC_1924_HIDDEN_INVARIANT_TRIVIALITY_AUDIT.csv,research-ledger/files/residuals/b0/P8_Y5_PARENT_QLOC_1924_HIDDEN_INVARIANT_TRIVIALITY_AUDIT.csv,2742,c8a66c0c5261ed7c4d873aae789be94ec383a8c2a745f7e1f7ef234bdcd5c77e
residuals,source-intake/mts_residuals/P8_Y5_PARENT_QLOC_1924_NEXT_TARGET.csv,research-ledger/files/residuals/28/P8_Y5_PARENT_QLOC_1924_NEXT_TARGET.csv,825,765eafacf6bdf282c43e7595db05bdf06031798cb7c7c0fe67fd1d6dd3c29b61
residuals,source-intake/mts_residuals/P8_Y5_PARENT_QLOC_1924_PROJECT_STATUS_SNAPSHOT.csv,research-ledger/files/residuals/7b/P8_Y5_PARENT_QLOC_1924_PROJECT_STATUS_SNAPSHOT.csv,794,3e5fcabd082fb1f093de2626068d104cb2b1a186fa786240ae78b0e30190ad7c
residuals,source-intake/mts_residuals/P8_Y5_PARENT_QLOC_1924_SCALAR_NOHAIR_INPUT_PACK_NONCLAIM.csv,research-ledger/files/residuals/ef/P8_Y5_PARENT_QLOC_1924_SCALAR_NOHAIR_INPUT_PACK_NONCLAIM.csv,2142,e4703617c685cbde0481f5c69caa8dd7dcc49ce75db24d027444bfc2e6259e46
residuals,source-intake/mts_residuals/P8_Y5_PARENT_QLOC_1924_SOURCE_REGISTER.csv,research-ledger/files/residuals/fc/P8_Y5_PARENT_QLOC_1924_SOURCE_REGISTER.csv,7781,1539163ddd76a8746c76925e6bb1ede2fb6145d0b6a905c4681de339fe3b8e70
residuals,source-intake/mts_residuals/P8_Y5_PARENT_QLOC_1924_SURVIVING_SCALAR_GENERATOR_ROWS_NONCLAIM.csv,research-ledger/files/residuals/81/P8_Y5_PARENT_QLOC_1924_SURVIVING_SCALAR_GENERATOR_ROWS_NONCLAIM.csv,3183,3517ac6622f706601d5178787c44b82d9d9ae2aa595bcd155be418b777ec2e83
residuals,source-intake/mts_residuals/P8_Y5_PARENT_QLOC_1925_CLAIM_GATE.csv,research-ledger/files/residuals/0e/P8_Y5_PARENT_QLOC_1925_CLAIM_GATE.csv,1429,641860b475fff185131110569f4dfbad4adce2a30cf7a6960439f9f9d6edb429
residuals,source-intake/mts_residuals/P8_Y5_PARENT_QLOC_1925_DECISION_LEDGER.csv,research-ledger/files/residuals/a9/P8_Y5_PARENT_QLOC_1925_DECISION_LEDGER.csv,1304,406a6ca768905aceb15ddb31e37331a2e4b86a38853eecd6f0955df5e132a376
residuals,source-intake/mts_residuals/P8_Y5_PARENT_QLOC_1925_FINITE_SCALAR_PROFILE_ROWS_NONCLAIM.csv,research-ledger/files/residuals/0d/P8_Y5_PARENT_QLOC_1925_FINITE_SCALAR_PROFILE_ROWS_NONCLAIM.csv,3622,ab298dc5482add29403d498031d723d51d34272c6f028859cec436ce511330cc
residuals,source-intake/mts_residuals/P8_Y5_PARENT_QLOC_1925_NEXT_TARGET.csv,research-ledger/files/residuals/c1/P8_Y5_PARENT_QLOC_1925_NEXT_TARGET.csv,823,93b7c97edb9831f3d4b28c44c7005169199a07a45a17c258113064e9ea78fac2
residuals,source-intake/mts_residuals/P8_Y5_PARENT_QLOC_1925_PROJECT_STATUS_SNAPSHOT.csv,research-ledger/files/residuals/1c/P8_Y5_PARENT_QLOC_1925_PROJECT_STATUS_SNAPSHOT.csv,1307,186936dc91dcd5d0e91f1a4150f92e9eab5b253769c283fbb1062717404fe574
residuals,source-intake/mts_residuals/P8_Y5_PARENT_QLOC_1925_SCALAR_NOHAIR_INPUT_PROOF_AUDIT.csv,research-ledger/files/residuals/21/P8_Y5_PARENT_QLOC_1925_SCALAR_NOHAIR_INPUT_PROOF_AUDIT.csv,3506,2ed84135ca12b11fa7f9780655d841e901d6ea44fdc4eab4751619aa919507f7
residuals,source-intake/mts_residuals/P8_Y5_PARENT_QLOC_1925_SOURCE_BOUNDARY_ZERO_MODE_LEDGER.csv,research-ledger/files/residuals/b2/P8_Y5_PARENT_QLOC_1925_SOURCE_BOUNDARY_ZERO_MODE_LEDGER.csv,2608,2a317f4043ea1ce7aafd1744ce9d5622eae7f9f6ba959366a7a614c88d3fd248
residuals,source-intake/mts_residuals/P8_Y5_PARENT_QLOC_1925_SOURCE_REGISTER.csv,research-ledger/files/residuals/43/P8_Y5_PARENT_QLOC_1925_SOURCE_REGISTER.csv,9061,cac3b365abd0cd7398dfc94ae1899514b299ec1ebd1d0bd417a7e89a81f95214
residuals,source-intake/mts_residuals/P8_Y5_PARENT_QLOC_1926_CLAIM_GATE.csv,research-ledger/files/residuals/3a/P8_Y5_PARENT_QLOC_1926_CLAIM_GATE.csv,1572,e6d6c7bf46ad0a792fc1f2fae4a642fd07c875bec0636060cb30d87580c4a866
residuals,source-intake/mts_residuals/P8_Y5_PARENT_QLOC_1926_DECISION_LEDGER.csv,research-ledger/files/residuals/17/P8_Y5_PARENT_QLOC_1926_DECISION_LEDGER.csv,1218,6137e84b61c1b5d02b076a84626c9ede06f59bb6afc201cd5ac06c2a47334577
residuals,source-intake/mts_residuals/P8_Y5_PARENT_QLOC_1926_DIRECT_WEP_SOURCE_PACK_NONCLAIM.csv,research-ledger/files/residuals/c2/P8_Y5_PARENT_QLOC_1926_DIRECT_WEP_SOURCE_PACK_NONCLAIM.csv,3411,f2e9cf166160a768a59779882462dad1975c0e56f73fa900b8537f1218a518ef
residuals,source-intake/mts_residuals/P8_Y5_PARENT_QLOC_1926_NEXT_TARGET.csv,research-ledger/files/residuals/7b/P8_Y5_PARENT_QLOC_1926_NEXT_TARGET.csv,848,5c79cb7d2d8057fe455fa0a57d3d9529722edc9d0db3418d8f9aaa69e23c3123
residuals,source-intake/mts_residuals/P8_Y5_PARENT_QLOC_1926_OBSERVED_FRAME_READOUT_CONTRACT.csv,research-ledger/files/residuals/f8/P8_Y5_PARENT_QLOC_1926_OBSERVED_FRAME_READOUT_CONTRACT.csv,1685,051debf1ab33fb1afb136c3da47f2803b86d71ad2200e1c004405cfb308bb30c
residuals,source-intake/mts_residuals/P8_Y5_PARENT_QLOC_1926_PARENT_RESPONSE_AUDIT.csv,research-ledger/files/residuals/aa/P8_Y5_PARENT_QLOC_1926_PARENT_RESPONSE_AUDIT.csv,3080,fbe3842281b5405800850d1d4d19fcc06bdd21d1475d2ad8b69e403e8881adc1
residuals,source-intake/mts_residuals/P8_Y5_PARENT_QLOC_1926_PROJECT_STATUS_SNAPSHOT.csv,research-ledger/files/residuals/79/P8_Y5_PARENT_QLOC_1926_PROJECT_STATUS_SNAPSHOT.csv,876,2897d8db3a08f949d78dd2e785c33f431f5729320105d4634ea612cf792f4b66
residuals,source-intake/mts_residuals/P8_Y5_PARENT_QLOC_1926_SOURCE_REGISTER.csv,research-ledger/files/residuals/2b/P8_Y5_PARENT_QLOC_1926_SOURCE_REGISTER.csv,6946,2a358857945a73941a2dbe70c088acac92ff618dd3d98712af28902251c17355
residuals,source-intake/mts_residuals/P8_Y5_PARENT_QLOC_1927_CLAIM_GATE.csv,research-ledger/files/residuals/d2/P8_Y5_PARENT_QLOC_1927_CLAIM_GATE.csv,1373,502dbbf8f90130a9c34e4a96c7a38bf023c28b5a7b94d06ae8e108f79c32a20e
residuals,source-intake/mts_residuals/P8_Y5_PARENT_QLOC_1927_CONSTANT_CHANNEL_LEDGER.csv,research-ledger/files/residuals/78/P8_Y5_PARENT_QLOC_1927_CONSTANT_CHANNEL_LEDGER.csv,1765,ad50f848816a70869f31979fd36a1bc956905d300a500327c8e986e14b47f787
residuals,source-intake/mts_residuals/P8_Y5_PARENT_QLOC_1927_CONSTANT_SECTOR_UNIVERSALITY_AUDIT.csv,research-ledger/files/residuals/11/P8_Y5_PARENT_QLOC_1927_CONSTANT_SECTOR_UNIVERSALITY_AUDIT.csv,3385,2b029162a60660d28e4b8b3f440636b4d791bcbb5f09a607625ace08e6669303
residuals,source-intake/mts_residuals/P8_Y5_PARENT_QLOC_1927_DECISION_LEDGER.csv,research-ledger/files/residuals/d6/P8_Y5_PARENT_QLOC_1927_DECISION_LEDGER.csv,1256,a8656698c4d619538c3d8d6cb9897588f43bd20c4e5904e2d9bdf521425b9d7e
residuals,source-intake/mts_residuals/P8_Y5_PARENT_QLOC_1927_FINITE_COEFFICIENT_PRIOR_ROWS_NONCLAIM.csv,research-ledger/files/residuals/c7/P8_Y5_PARENT_QLOC_1927_FINITE_COEFFICIENT_PRIOR_ROWS_NONCLAIM.csv,3771,52ad118a5a52d028adeb0a8802a554e6f7cd235a84d5471621ca823dd37a4243
residuals,source-intake/mts_residuals/P8_Y5_PARENT_QLOC_1927_FORBIDDEN_VERTEX_REQUIREMENT_LEDGER.csv,research-ledger/files/residuals/c0/P8_Y5_PARENT_QLOC_1927_FORBIDDEN_VERTEX_REQUIREMENT_LEDGER.csv,1603,0009ff284724d645a657d3d4e13b83d12a772abadd195619d1aed54c868c9eb6
residuals,source-intake/mts_residuals/P8_Y5_PARENT_QLOC_1927_NEXT_TARGET.csv,research-ledger/files/residuals/4a/P8_Y5_PARENT_QLOC_1927_NEXT_TARGET.csv,868,619b1aea2eaa684b500fab62cd83d0d326852f9fb176a343096dd4cba2d6b3ea
residuals,source-intake/mts_residuals/P8_Y5_PARENT_QLOC_1927_PROJECT_STATUS_SNAPSHOT.csv,research-ledger/files/residuals/63/P8_Y5_PARENT_QLOC_1927_PROJECT_STATUS_SNAPSHOT.csv,918,cb9c5a445be46b75eead2a985e01f7bfe095b7756b1d3f854a4f0a0f172f7499
residuals,source-intake/mts_residuals/P8_Y5_PARENT_QLOC_1927_SOURCE_REGISTER.csv,research-ledger/files/residuals/2d/P8_Y5_PARENT_QLOC_1927_SOURCE_REGISTER.csv,7068,6a5b3830b4cd9464cfeca80ad2a7fc2c2c6cc5f348cd71539e2c39021ae64c21
residuals,source-intake/mts_residuals/P8_Y5_PARENT_QLOC_1928_ALPHA_COEFFICIENT_ROWS_NONCLAIM.csv,research-ledger/files/residuals/fc/P8_Y5_PARENT_QLOC_1928_ALPHA_COEFFICIENT_ROWS_NONCLAIM.csv,1833,dc7bd1e62712c809cd09b0cacfa42e1c397fcac9870067407f7196e0abb47f97
residuals,source-intake/mts_residuals/P8_Y5_PARENT_QLOC_1928_CLAIM_GATE.csv,research-ledger/files/residuals/03/P8_Y5_PARENT_QLOC_1928_CLAIM_GATE.csv,1310,9c0e6de7a22fefb60c02aff814fdb78b18f0477271298ee436b9e2d7b90437e0
residuals,source-intake/mts_residuals/P8_Y5_PARENT_QLOC_1928_DECISION_LEDGER.csv,research-ledger/files/residuals/aa/P8_Y5_PARENT_QLOC_1928_DECISION_LEDGER.csv,1221,6035b1428971e90ba7ca568da4064c785e7998d83b6bbb9b1e1d8ad5bde4eeef
residuals,source-intake/mts_residuals/P8_Y5_PARENT_QLOC_1928_EM_OWNER_NO_EXTRA_F2_AUDIT.csv,research-ledger/files/residuals/77/P8_Y5_PARENT_QLOC_1928_EM_OWNER_NO_EXTRA_F2_AUDIT.csv,2883,c85d68e3f734c3a1a8b52d5666a9785af573f4267836e551d59f4c02eab63e04
residuals,source-intake/mts_residuals/P8_Y5_PARENT_QLOC_1928_NEXT_TARGET.csv,research-ledger/files/residuals/31/P8_Y5_PARENT_QLOC_1928_NEXT_TARGET.csv,879,e12c40e06e6f776debb0cb75285e76f0c98232fbf5cb94765b562bede8f1243c
residuals,source-intake/mts_residuals/P8_Y5_PARENT_QLOC_1928_NO_EXTRA_F2_EXCLUSION_LEDGER.csv,research-ledger/files/residuals/b2/P8_Y5_PARENT_QLOC_1928_NO_EXTRA_F2_EXCLUSION_LEDGER.csv,1597,ec76dee39981e998d96c3c76e8090c465c36690a2e12f04d93e6d24ec8e71670
residuals,source-intake/mts_residuals/P8_Y5_PARENT_QLOC_1928_PROJECT_STATUS_SNAPSHOT.csv,research-ledger/files/residuals/91/P8_Y5_PARENT_QLOC_1928_PROJECT_STATUS_SNAPSHOT.csv,904,a0f50106f381507d34678028f15cdbb82f4ec8905e772d4a23242893d9b4f6b7
residuals,source-intake/mts_residuals/P8_Y5_PARENT_QLOC_1928_SOURCE_REGISTER.csv,research-ledger/files/residuals/fc/P8_Y5_PARENT_QLOC_1928_SOURCE_REGISTER.csv,7107,e6dc595177c122598a1df92a8f47967b37fcad8ad3edc9ddd69221bd7fe2262b
residuals,source-intake/mts_residuals/P8_Y5_PARENT_QLOC_1928_TQ_SIGNATURE_INPUT_PACK_NONCLAIM.csv,research-ledger/files/residuals/a7/P8_Y5_PARENT_QLOC_1928_TQ_SIGNATURE_INPUT_PACK_NONCLAIM.csv,1769,b0d432cc386223709412dd6de8bf5db0d337eda4e6c15f5237cc8b5cb681399a
residuals,source-intake/mts_residuals/P8_Y5_PARENT_QLOC_1929_ALPHA_PRODUCT_FALLBACK_ROWS_NONCLAIM.csv,research-ledger/files/residuals/4f/P8_Y5_PARENT_QLOC_1929_ALPHA_PRODUCT_FALLBACK_ROWS_NONCLAIM.csv,1603,3a09f7d4c189684b72e9271b45520aa1f3a643789bb7c9285ad2f514b55edcea
residuals,source-intake/mts_residuals/P8_Y5_PARENT_QLOC_1929_CLAIM_GATE.csv,research-ledger/files/residuals/a4/P8_Y5_PARENT_QLOC_1929_CLAIM_GATE.csv,1353,6819927fe59ace2572be9363e3db5a7c05b81b6feef85eed5982a2c5b54ab3cf
residuals,source-intake/mts_residuals/P8_Y5_PARENT_QLOC_1929_COUPLING_QUANTIZATION_NO_GO_LEDGER.csv,research-ledger/files/residuals/bc/P8_Y5_PARENT_QLOC_1929_COUPLING_QUANTIZATION_NO_GO_LEDGER.csv,1711,4ee7ad9d19380a419aea532f977e8fe5b4b15ace184694296d49dd97ea9b8b7d
residuals,source-intake/mts_residuals/P8_Y5_PARENT_QLOC_1929_DECISION_LEDGER.csv,research-ledger/files/residuals/e2/P8_Y5_PARENT_QLOC_1929_DECISION_LEDGER.csv,1231,34c4ba3e2c4a335158a55652fd0707a0bc0d0ab7b195c1c0455410c4249091ac
residuals,source-intake/mts_residuals/P8_Y5_PARENT_QLOC_1929_GAUGE_OWNER_CANDIDATE_LEDGER.csv,research-ledger/files/residuals/55/P8_Y5_PARENT_QLOC_1929_GAUGE_OWNER_CANDIDATE_LEDGER.csv,2234,d76d5315f60c4f37a276e80c2485fd285ecd4002d56da4404f47a0720697e029
residuals,source-intake/mts_residuals/P8_Y5_PARENT_QLOC_1929_NEXT_TARGET.csv,research-ledger/files/residuals/d2/P8_Y5_PARENT_QLOC_1929_NEXT_TARGET.csv,928,7c64db8b8205ab90a970eec45f08dee147b26a3ec334f3bd42ae99962ec9e1ce
residuals,source-intake/mts_residuals/P8_Y5_PARENT_QLOC_1929_PROJECT_STATUS_SNAPSHOT.csv,research-ledger/files/residuals/27/P8_Y5_PARENT_QLOC_1929_PROJECT_STATUS_SNAPSHOT.csv,923,39dfbb0c0540223c632230c9010924d51488246f73f6c1380e534944c31d8ea1
residuals,source-intake/mts_residuals/P8_Y5_PARENT_QLOC_1929_SOURCE_REGISTER.csv,research-ledger/files/residuals/89/P8_Y5_PARENT_QLOC_1929_SOURCE_REGISTER.csv,7892,c0004238413fdbdfbe24d75decfca2c8dcd0a83f7d1912b6c9b0c4f885ce0388
residuals,source-intake/mts_residuals/P8_Y5_PARENT_QLOC_1929_TQ_GAUGE_NORM_SIGNATURE_AUDIT.csv,research-ledger/files/residuals/67/P8_Y5_PARENT_QLOC_1929_TQ_GAUGE_NORM_SIGNATURE_AUDIT.csv,2902,1a7c8f4f6d51da4629c65308f3b9e3321e348e9eb59c7ec57d3ab3e68a90f7d4
residuals,source-intake/mts_residuals/P8_Y5_PARENT_QLOC_1930_ALPHA_PRODUCT_INPUT_STATUS_AUDIT.csv,research-ledger/files/residuals/6b/P8_Y5_PARENT_QLOC_1930_ALPHA_PRODUCT_INPUT_STATUS_AUDIT.csv,2387,679c45946006802b77af0227ce43a73359f5f57c2c498014340b22b2f2cd657c
residuals,source-intake/mts_residuals/P8_Y5_PARENT_QLOC_1930_ALPHA_PRODUCT_PATH_DECISION.csv,research-ledger/files/residuals/bf/P8_Y5_PARENT_QLOC_1930_ALPHA_PRODUCT_PATH_DECISION.csv,1487,1560741cb305c6e9b369757a2f5424dcb5646eaf855d343f9974ec47761451bd
residuals,source-intake/mts_residuals/P8_Y5_PARENT_QLOC_1930_ALPHA_PRODUCT_PREDICTION_ATTEMPT_NONCLAIM.csv,research-ledger/files/residuals/03/P8_Y5_PARENT_QLOC_1930_ALPHA_PRODUCT_PREDICTION_ATTEMPT_NONCLAIM.csv,1280,3de5fafb0088179d1facf78ae6e55040382de492e8061734391be1c8af1f732d
residuals,source-intake/mts_residuals/P8_Y5_PARENT_QLOC_1930_CLAIM_GATE.csv,research-ledger/files/residuals/b6/P8_Y5_PARENT_QLOC_1930_CLAIM_GATE.csv,1380,afa18c3b86b00b32c9800cd5668e19a98c7353f1f631104204715cbaa2fb48a6
residuals,source-intake/mts_residuals/P8_Y5_PARENT_QLOC_1930_DECISION_LEDGER.csv,research-ledger/files/residuals/e4/P8_Y5_PARENT_QLOC_1930_DECISION_LEDGER.csv,1145,a1ce13352c0e4a5e909ee1ff4704c4d117c12da9397ec06b52201a272edbbed8
residuals,source-intake/mts_residuals/P8_Y5_PARENT_QLOC_1930_LIVE_DEBT_MATRIX.csv,research-ledger/files/residuals/59/P8_Y5_PARENT_QLOC_1930_LIVE_DEBT_MATRIX.csv,2082,43e0b094f8412c3fa05cd25c55315abd761f13fe0936e2dfed094cc8acc6bcdf
residuals,source-intake/mts_residuals/P8_Y5_PARENT_QLOC_1930_NEXT_TARGET.csv,research-ledger/files/residuals/70/P8_Y5_PARENT_QLOC_1930_NEXT_TARGET.csv,973,4810d07a6ae50c1b99b625288beb8bbbd65060d08d3db4bd911fb7820ac3ec7b
residuals,source-intake/mts_residuals/P8_Y5_PARENT_QLOC_1930_NO_LOOP_RECONCILIATION.csv,research-ledger/files/residuals/6f/P8_Y5_PARENT_QLOC_1930_NO_LOOP_RECONCILIATION.csv,1573,7ce00d40b7b2188721be2215ae0c79f5277880cd768a254fc56427146184093b
residuals,source-intake/mts_residuals/P8_Y5_PARENT_QLOC_1930_PROJECT_STATUS_SNAPSHOT.csv,research-ledger/files/residuals/2f/P8_Y5_PARENT_QLOC_1930_PROJECT_STATUS_SNAPSHOT.csv,878,d55cbd7cbb85de7f1a78fdcab575a2fb2209151d348fb4a687a99b51842f7e3b
residuals,source-intake/mts_residuals/P8_Y5_PARENT_QLOC_1930_SOURCE_REGISTER.csv,research-ledger/files/residuals/14/P8_Y5_PARENT_QLOC_1930_SOURCE_REGISTER.csv,7661,86249f138c16eb83c81cc46fd76ee971794cf6b1135ad5ec62da988bc2c89fe0
residuals,source-intake/mts_residuals/P8_Y5_PARENT_QLOC_1931_CLAIM_GATE.csv,research-ledger/files/residuals/06/P8_Y5_PARENT_QLOC_1931_CLAIM_GATE.csv,1712,4e85272a8fcee80289d1d3dccd417c0b1f8d270868fcfcb954f1cd20227c4c2b
residuals,source-intake/mts_residuals/P8_Y5_PARENT_QLOC_1931_CONDITIONAL_THEOREM.csv,research-ledger/files/residuals/bd/P8_Y5_PARENT_QLOC_1931_CONDITIONAL_THEOREM.csv,2114,86348a9c18d8fa3ae704e33926c4451c689b98182c18c3c589abc57e80fc37df
residuals,source-intake/mts_residuals/P8_Y5_PARENT_QLOC_1931_DECISION_LEDGER.csv,research-ledger/files/residuals/fc/P8_Y5_PARENT_QLOC_1931_DECISION_LEDGER.csv,1182,914d38e21ccbcb70916bd4b648109e12794bf9f619279f95c1861695059955a3
residuals,source-intake/mts_residuals/P8_Y5_PARENT_QLOC_1931_EXPLICIT_CLOSURE_LEDGER.csv,research-ledger/files/residuals/d1/P8_Y5_PARENT_QLOC_1931_EXPLICIT_CLOSURE_LEDGER.csv,1893,aeb996957394dd07e1e0f8034ba5a499cda1019edc813eb92c9e5e4694da45db
residuals,source-intake/mts_residuals/P8_Y5_PARENT_QLOC_1931_FINITE_SOURCE_REQUIREMENTS.csv,research-ledger/files/residuals/c2/P8_Y5_PARENT_QLOC_1931_FINITE_SOURCE_REQUIREMENTS.csv,2397,9f6072956a400af2ae3a019b40156ec7ddcb6fcae22ba05a4a76ea340ba95182
residuals,source-intake/mts_residuals/P8_Y5_PARENT_QLOC_1931_NEXT_TARGET.csv,research-ledger/files/residuals/c9/P8_Y5_PARENT_QLOC_1931_NEXT_TARGET.csv,1024,c49fe19ba3101e742a2fd07010096164d6a891e871a2b8dd2d9611b661358e9a
residuals,source-intake/mts_residuals/P8_Y5_PARENT_QLOC_1931_PARENT_SIGNATURE_LEDGER.csv,research-ledger/files/residuals/27/P8_Y5_PARENT_QLOC_1931_PARENT_SIGNATURE_LEDGER.csv,5174,3e6efa824057b0ea5b0ba160cc77108614a5162dadb042fcdabffb4e7a4a4b92
residuals,source-intake/mts_residuals/P8_Y5_PARENT_QLOC_1931_PROJECT_STATUS_SNAPSHOT.csv,research-ledger/files/residuals/6e/P8_Y5_PARENT_QLOC_1931_PROJECT_STATUS_SNAPSHOT.csv,970,2464c16590bd2086c524833ff39b4978d0e5cfbc2ea8a3acda0dafd43ed9dc58
residuals,source-intake/mts_residuals/P8_Y5_PARENT_QLOC_1931_SOURCE_REGISTER.csv,research-ledger/files/residuals/34/P8_Y5_PARENT_QLOC_1931_SOURCE_REGISTER.csv,7442,bc1c031b79d4eedbb846b80f0df2076e3df323f777abcc6988bbc3859874ccae
residuals,source-intake/mts_residuals/P8_Y5_PARENT_QLOC_1932_CLAIM_GATE.csv,research-ledger/files/residuals/ea/P8_Y5_PARENT_QLOC_1932_CLAIM_GATE.csv,1368,a7cbf069cae8d2861e81c46be3ffd2ffdead00c9f646e55ef283181c761a91dc
residuals,source-intake/mts_residuals/P8_Y5_PARENT_QLOC_1932_CONDITIONAL_DESCENT_THEOREM.csv,research-ledger/files/residuals/66/P8_Y5_PARENT_QLOC_1932_CONDITIONAL_DESCENT_THEOREM.csv,2112,cbee3608fc94d46445d68d1f774be5f507d6a9936b90d9884df7a1130fdeef2e
residuals,source-intake/mts_residuals/P8_Y5_PARENT_QLOC_1932_COUNTEREXAMPLE_LEDGER.csv,research-ledger/files/residuals/2b/P8_Y5_PARENT_QLOC_1932_COUNTEREXAMPLE_LEDGER.csv,1825,75644a2aee6b1877ba657622b97f0c0b7eb391755bb202cd109b92bdd6d0a700
residuals,source-intake/mts_residuals/P8_Y5_PARENT_QLOC_1932_DECISION_LEDGER.csv,research-ledger/files/residuals/54/P8_Y5_PARENT_QLOC_1932_DECISION_LEDGER.csv,1095,cbd551577715b0639aeac7be5274d6275d5a6e5511c8928cc3c5a0ee09c2ed73
residuals,source-intake/mts_residuals/P8_Y5_PARENT_QLOC_1932_EXPLICIT_CLOSURE_PACK.csv,research-ledger/files/residuals/2a/P8_Y5_PARENT_QLOC_1932_EXPLICIT_CLOSURE_PACK.csv,2328,3b0d12572ab06bcc86dcd10b2c879e16b60f3dbaad8dfd9cc18c56903c3e61c5
residuals,source-intake/mts_residuals/P8_Y5_PARENT_QLOC_1932_FINITE_SOURCE_REQUIREMENTS.csv,research-ledger/files/residuals/ca/P8_Y5_PARENT_QLOC_1932_FINITE_SOURCE_REQUIREMENTS.csv,1821,ca6a278b0f23a6f3482c75040c3993a3e15a03795b516e3b78285518da257d6b
residuals,source-intake/mts_residuals/P8_Y5_PARENT_QLOC_1932_MASTER_MORPHISM_ATTEMPT.csv,research-ledger/files/residuals/7e/P8_Y5_PARENT_QLOC_1932_MASTER_MORPHISM_ATTEMPT.csv,2298,e4f2e4b0c9651e4c1f37d35e2d1638c878b795b75d2b46be17a70ba6cb32de32
residuals,source-intake/mts_residuals/P8_Y5_PARENT_QLOC_1932_NEXT_TARGET.csv,research-ledger/files/residuals/7f/P8_Y5_PARENT_QLOC_1932_NEXT_TARGET.csv,973,587619ce671efdb0efcd1e4bada9f5b0f187264c23834f90df298a8d83b539d8
residuals,source-intake/mts_residuals/P8_Y5_PARENT_QLOC_1932_PROJECT_STATUS_SNAPSHOT.csv,research-ledger/files/residuals/f4/P8_Y5_PARENT_QLOC_1932_PROJECT_STATUS_SNAPSHOT.csv,561,b1ba5ef19e7e11089c741d90df9fce56e1ebd03455cf888613c0dd95edb1626e
residuals,source-intake/mts_residuals/P8_Y5_PARENT_QLOC_1932_SOURCE_REGISTER.csv,research-ledger/files/residuals/2d/P8_Y5_PARENT_QLOC_1932_SOURCE_REGISTER.csv,5985,aa3007677f08eb255c46cd41b9bf5da42246b66ed7b4a0eb26c729a141e903c4
residuals,source-intake/mts_residuals/P8_Y5_PARENT_QLOC_1933_CLAIM_GATE.csv,research-ledger/files/residuals/f4/P8_Y5_PARENT_QLOC_1933_CLAIM_GATE.csv,1378,69ce3cd39f1bf697a67d50ed5194f2f6ddcd23a0970ade5ce49fb6425d187771
residuals,source-intake/mts_residuals/P8_Y5_PARENT_QLOC_1933_COEFFICIENT_DESCENT_TYPING_AUDIT.csv,research-ledger/files/residuals/b1/P8_Y5_PARENT_QLOC_1933_COEFFICIENT_DESCENT_TYPING_AUDIT.csv,2088,13eb6c3293c1f64552ff9da3d9f976e39d8e43e2bcc3a0497f79658f7b2e8a18
residuals,source-intake/mts_residuals/P8_Y5_PARENT_QLOC_1933_DECISION_LEDGER.csv,research-ledger/files/residuals/e5/P8_Y5_PARENT_QLOC_1933_DECISION_LEDGER.csv,1141,ef8e2e0489915610e09e586f82bd60f0711cff85fd408acee826ff0121c03deb
residuals,source-intake/mts_residuals/P8_Y5_PARENT_QLOC_1933_FIBER_RESIDUAL_LEDGER.csv,research-ledger/files/residuals/c0/P8_Y5_PARENT_QLOC_1933_FIBER_RESIDUAL_LEDGER.csv,1530,ecbf59ecfc696dd21d283ceae4bb0024b497813e41febcdce244c079520f9ee0
residuals,source-intake/mts_residuals/P8_Y5_PARENT_QLOC_1933_FINITE_ROW_SELECTION.csv,research-ledger/files/residuals/79/P8_Y5_PARENT_QLOC_1933_FINITE_ROW_SELECTION.csv,1821,7e8991a038377b435bd8d75c4168ef15e444e2b21b2106388ae09dfda8451f67
residuals,source-intake/mts_residuals/P8_Y5_PARENT_QLOC_1933_MINIMAL_CLOSURE.csv,research-ledger/files/residuals/f3/P8_Y5_PARENT_QLOC_1933_MINIMAL_CLOSURE.csv,1275,07015f76cd298c7271be06ac1af5e93b27d63d8349daa185d47a1d361c8d9f91
residuals,source-intake/mts_residuals/P8_Y5_PARENT_QLOC_1933_NEXT_TARGET.csv,research-ledger/files/residuals/e9/P8_Y5_PARENT_QLOC_1933_NEXT_TARGET.csv,897,8ea4f1125af2385cacc9887e8178b76bf705f53316f6446737dff5dd558bff8e
residuals,source-intake/mts_residuals/P8_Y5_PARENT_QLOC_1933_PROJECT_STATUS_SNAPSHOT.csv,research-ledger/files/residuals/24/P8_Y5_PARENT_QLOC_1933_PROJECT_STATUS_SNAPSHOT.csv,673,df197ffd361261de46b4269b6af84664fc50f743b631733c7de1db7b1fe1c924
residuals,source-intake/mts_residuals/P8_Y5_PARENT_QLOC_1933_QUOTIENT_DESCENT_THEOREM.csv,research-ledger/files/residuals/d9/P8_Y5_PARENT_QLOC_1933_QUOTIENT_DESCENT_THEOREM.csv,1744,fb92a8b01b867d4f23f994e1bc88e85ed2bf8a5a570ec053927365b194cc9652
residuals,source-intake/mts_residuals/P8_Y5_PARENT_QLOC_1933_SOURCE_REGISTER.csv,research-ledger/files/residuals/58/P8_Y5_PARENT_QLOC_1933_SOURCE_REGISTER.csv,5240,5aafd4b659b1294d8ac45f9ef263070a855942822647845d7302a0a32509444e
residuals,source-intake/mts_residuals/P8_Y5_PARENT_QLOC_1934_CLAIM_GATE.csv,research-ledger/files/residuals/12/P8_Y5_PARENT_QLOC_1934_CLAIM_GATE.csv,1285,718f3da717593c76cb2d7f4060dd1344ed36d6b64622c5190f186feab29ed071
residuals,source-intake/mts_residuals/P8_Y5_PARENT_QLOC_1934_DECISION_LEDGER.csv,research-ledger/files/residuals/b9/P8_Y5_PARENT_QLOC_1934_DECISION_LEDGER.csv,693,9a68bbaf8f939b9fa47faad740fe733b39c924619f046b471c7111f7a4370665
residuals,source-intake/mts_residuals/P8_Y5_PARENT_QLOC_1934_LOCAL_SOURCE_REGISTER.csv,research-ledger/files/residuals/63/P8_Y5_PARENT_QLOC_1934_LOCAL_SOURCE_REGISTER.csv,2723,e355515ca5d1ad63c10b70a331e0c74d5ca360b9657bb6bc4d10432b8fcf72ae
residuals,source-intake/mts_residuals/P8_Y5_PARENT_QLOC_1934_MTS_WEP_PROJECTION_REQUIREMENTS.csv,research-ledger/files/residuals/34/P8_Y5_PARENT_QLOC_1934_MTS_WEP_PROJECTION_REQUIREMENTS.csv,1600,65c2d8c0f63d155bba22193f314dcb004471e55133b8a46c3b3580812c3fd3fc
residuals,source-intake/mts_residuals/P8_Y5_PARENT_QLOC_1934_NEXT_TARGET.csv,research-ledger/files/residuals/05/P8_Y5_PARENT_QLOC_1934_NEXT_TARGET.csv,839,df6bf98cb0096090edc5d1c2d558f6beb577fba7f8f45aa88514d1956a74545c
residuals,source-intake/mts_residuals/P8_Y5_PARENT_QLOC_1934_PROJECT_STATUS_SNAPSHOT.csv,research-ledger/files/residuals/4f/P8_Y5_PARENT_QLOC_1934_PROJECT_STATUS_SNAPSHOT.csv,571,6dd58a917de598744fe1d87992fea0bdbc9ca37a941b78f1659ef78c0b5a2867
residuals,source-intake/mts_residuals/P8_Y5_PARENT_QLOC_1934_WEB_SOURCE_REGISTER.csv,research-ledger/files/residuals/d1/P8_Y5_PARENT_QLOC_1934_WEB_SOURCE_REGISTER.csv,975,568fa70a260e772b166f04d8344529239a41c75288577722b7b260755bf02f9e
residuals,source-intake/mts_residuals/P8_Y5_PARENT_QLOC_1934_WEP_SOURCE_WEIGHT_BOUND_ROW.csv,research-ledger/files/residuals/ee/P8_Y5_PARENT_QLOC_1934_WEP_SOURCE_WEIGHT_BOUND_ROW.csv,846,b29505b6d27ea7a32566127846cba0711f631237ebdcdc6082d6b7eb3816e1ca
residuals,source-intake/mts_residuals/P8_Y5_PARENT_QLOC_1934_WEP_SOURCE_WEIGHT_NONCLAIM_SMOKE_ROW.csv,research-ledger/files/residuals/37/P8_Y5_PARENT_QLOC_1934_WEP_SOURCE_WEIGHT_NONCLAIM_SMOKE_ROW.csv,624,bbea4e2071dad884e552f49d102388ae13a40b7d6f665a3f16c705f0e3bb9e86
residuals,source-intake/mts_residuals/P8_Y5_PARENT_QLOC_1935_CLAIM_GATE.csv,research-ledger/files/residuals/8d/P8_Y5_PARENT_QLOC_1935_CLAIM_GATE.csv,1405,3da5c765105dbe555bf61eb6cfa7abedf3c62a7506ccfa2b935c0395653cf7da
residuals,source-intake/mts_residuals/P8_Y5_PARENT_QLOC_1935_DECISION_LEDGER.csv,research-ledger/files/residuals/c2/P8_Y5_PARENT_QLOC_1935_DECISION_LEDGER.csv,815,82a509b7f03cf214bd12903a500ac285772e3de57cf0e0a3372589773a15de47
residuals,source-intake/mts_residuals/P8_Y5_PARENT_QLOC_1935_MATERIAL_CHARGE_LEDGER.csv,research-ledger/files/residuals/7b/P8_Y5_PARENT_QLOC_1935_MATERIAL_CHARGE_LEDGER.csv,1826,2ac60574aceddad05711919adfc45e96a256fbdf90fe48b44d7a922f93f18ec7
residuals,source-intake/mts_residuals/P8_Y5_PARENT_QLOC_1935_MTS_WEP_PROJECTION_CONTRACT.csv,research-ledger/files/residuals/7b/P8_Y5_PARENT_QLOC_1935_MTS_WEP_PROJECTION_CONTRACT.csv,1741,6a40bf5802e81848ad8798c15c09d7df0389334edfa58d6e59088227dbc9af1d
residuals,source-intake/mts_residuals/P8_Y5_PARENT_QLOC_1935_NEXT_TARGET.csv,research-ledger/files/residuals/8a/P8_Y5_PARENT_QLOC_1935_NEXT_TARGET.csv,934,75f45eedb3efcc6d70f3134fbd89ed51e92169857474900d26b873c3852202a7
residuals,source-intake/mts_residuals/P8_Y5_PARENT_QLOC_1935_PROJECT_STATUS_SNAPSHOT.csv,research-ledger/files/residuals/49/P8_Y5_PARENT_QLOC_1935_PROJECT_STATUS_SNAPSHOT.csv,636,70ded709b4ff14f180a53337bfaa0c5485b1dddebf4bf55bf0f4672304dd4abc
residuals,source-intake/mts_residuals/P8_Y5_PARENT_QLOC_1935_SOURCE_REGISTER.csv,research-ledger/files/residuals/b9/P8_Y5_PARENT_QLOC_1935_SOURCE_REGISTER.csv,4185,6a179d86b2c9aec372cdc34556d47b032010ecf8cb8e14e574f166cb358bfd48
residuals,source-intake/mts_residuals/P8_Y5_PARENT_QLOC_1935_WEP_ETA_PROJECTION_THEOREM.csv,research-ledger/files/residuals/5c/P8_Y5_PARENT_QLOC_1935_WEP_ETA_PROJECTION_THEOREM.csv,2098,739cb700066f330f41be6506645f54721063faae2129b0eac753da861a4fcae8
residuals,source-intake/mts_residuals/P8_Y5_PARENT_QLOC_1935_WEP_PRODUCT_BOUND_TARGET.csv,research-ledger/files/residuals/a2/P8_Y5_PARENT_QLOC_1935_WEP_PRODUCT_BOUND_TARGET.csv,942,2d95be5fa4d7377d10a3629de529a44854dc1ff0e9725ffcd706d46b0e1b9de5
residuals,source-intake/mts_residuals/P8_Y5_PARENT_QLOC_1936_CLAIM_GATE.csv,research-ledger/files/residuals/a1/P8_Y5_PARENT_QLOC_1936_CLAIM_GATE.csv,1298,20274dc28840c8d4081faaf3a6dc677b29c87eb860cbb4ae8b15706b00097f1a
residuals,source-intake/mts_residuals/P8_Y5_PARENT_QLOC_1936_DECISION_LEDGER.csv,research-ledger/files/residuals/16/P8_Y5_PARENT_QLOC_1936_DECISION_LEDGER.csv,760,ea61f3c80f92e21e0d6e7b903386dc7e6b6142c82382a2a3e800f13a4cfa0e67
residuals,source-intake/mts_residuals/P8_Y5_PARENT_QLOC_1936_HILBERT_SOURCE_CONTRACT.csv,research-ledger/files/residuals/c7/P8_Y5_PARENT_QLOC_1936_HILBERT_SOURCE_CONTRACT.csv,2092,d8900f17893716d620b02c700e02c135a525193452f8d51213114eaa4a3a9f9a
residuals,source-intake/mts_residuals/P8_Y5_PARENT_QLOC_1936_NEXT_TARGET.csv,research-ledger/files/residuals/40/P8_Y5_PARENT_QLOC_1936_NEXT_TARGET.csv,910,fa12a0692bbed4b921e3ad4e3bcd3a4dfb88383925ef50ed8168cd2f3308f049
residuals,source-intake/mts_residuals/P8_Y5_PARENT_QLOC_1936_PROJECT_STATUS_SNAPSHOT.csv,research-ledger/files/residuals/26/P8_Y5_PARENT_QLOC_1936_PROJECT_STATUS_SNAPSHOT.csv,723,1acf57c30f9676c154e0982585486f3407a41f2aa2f9e90fa72a0d2c1b31245f
residuals,source-intake/mts_residuals/P8_Y5_PARENT_QLOC_1936_SOURCE_REGISTER.csv,research-ledger/files/residuals/a7/P8_Y5_PARENT_QLOC_1936_SOURCE_REGISTER.csv,4363,cee1825cfa995d72f189acc972caa554810272e21d11acca7e46976b156b89d6
residuals,source-intake/mts_residuals/P8_Y5_PARENT_QLOC_1936_SOURCE_WEIGHT_UNIVERSALITY_ATTEMPT.csv,research-ledger/files/residuals/c1/P8_Y5_PARENT_QLOC_1936_SOURCE_WEIGHT_UNIVERSALITY_ATTEMPT.csv,2378,0836a60064bf0be2239f15ef147dc8677156fc4f8d98894953b4238a50bb8864
residuals,source-intake/mts_residuals/P8_Y5_PARENT_QLOC_1936_TIPT_MATERIAL_CHARGE_LEDGER.csv,research-ledger/files/residuals/91/P8_Y5_PARENT_QLOC_1936_TIPT_MATERIAL_CHARGE_LEDGER.csv,1298,d900ca8579fd12f1661eba4741b8ed3a86382d34d69a185954ad5b626282f895
residuals,source-intake/mts_residuals/P8_Y5_PARENT_QLOC_1936_WEP_ETA_IMPLICATION.csv,research-ledger/files/residuals/df/P8_Y5_PARENT_QLOC_1936_WEP_ETA_IMPLICATION.csv,599,32b18300cc1e016f3db051228549732aa8a6937de0009da62ed4edb11ce807b4
residuals,source-intake/mts_residuals/P8_Y5_PARENT_QLOC_1937_ACTION_ADOPTION_GATE.csv,research-ledger/files/residuals/13/P8_Y5_PARENT_QLOC_1937_ACTION_ADOPTION_GATE.csv,1141,a4a6a718e0a44604ba2989331837688470ad2e2f931ca4d2ba962b475d7ee4a4
residuals,source-intake/mts_residuals/P8_Y5_PARENT_QLOC_1937_CLAIM_GATE.csv,research-ledger/files/residuals/90/P8_Y5_PARENT_QLOC_1937_CLAIM_GATE.csv,1352,88ee7757f7d9febbcd903ed86f9bbbd945cc50d5e222e9908316e89a29780981
residuals,source-intake/mts_residuals/P8_Y5_PARENT_QLOC_1937_DECISION_LEDGER.csv,research-ledger/files/residuals/08/P8_Y5_PARENT_QLOC_1937_DECISION_LEDGER.csv,816,820eb3f4cc84e106da1a679a6497587adca205b7f00f308d9727ebe3b1762783
residuals,source-intake/mts_residuals/P8_Y5_PARENT_QLOC_1937_HILBERT_SOURCE_THEOREM.csv,research-ledger/files/residuals/4d/P8_Y5_PARENT_QLOC_1937_HILBERT_SOURCE_THEOREM.csv,2101,d813b96ce724eb695cf4c19488e056573e60b7af7e18c59253da205c274432af
residuals,source-intake/mts_residuals/P8_Y5_PARENT_QLOC_1937_MINIMAL_PARENT_MATTER_ACTION_SIGNATURE.csv,research-ledger/files/residuals/6b/P8_Y5_PARENT_QLOC_1937_MINIMAL_PARENT_MATTER_ACTION_SIGNATURE.csv,2444,63a464ddc88e21902c9fd4377814398f868af16ef2e9d59c553ce1fd9f9e6095
residuals,source-intake/mts_residuals/P8_Y5_PARENT_QLOC_1937_NEXT_TARGET.csv,research-ledger/files/residuals/dc/P8_Y5_PARENT_QLOC_1937_NEXT_TARGET.csv,928,b189aaf14491f8b00e71e296fe6eb46a9b0201a0b54b1871288d34333bf99a3d
residuals,source-intake/mts_residuals/P8_Y5_PARENT_QLOC_1937_NONMETRIC_SOURCE_COEFFICIENT_LEDGER.csv,research-ledger/files/residuals/6f/P8_Y5_PARENT_QLOC_1937_NONMETRIC_SOURCE_COEFFICIENT_LEDGER.csv,1699,50bf914f2388d53b1169eea462bc3995b5db789b40b0746fae5459353483cf0e
residuals,source-intake/mts_residuals/P8_Y5_PARENT_QLOC_1937_PROJECT_STATUS_SNAPSHOT.csv,research-ledger/files/residuals/76/P8_Y5_PARENT_QLOC_1937_PROJECT_STATUS_SNAPSHOT.csv,800,98e5e1ebca80b030c23b4b65d6494f4af809ef3c108bb49dac03a7491ceb3867
residuals,source-intake/mts_residuals/P8_Y5_PARENT_QLOC_1937_SOURCE_REGISTER.csv,research-ledger/files/residuals/87/P8_Y5_PARENT_QLOC_1937_SOURCE_REGISTER.csv,4967,bc48264d160f629c30395642ead930391dff793097cf5a5af0243769f3f89fc1
residuals,source-intake/mts_residuals/P8_Y5_PARENT_QLOC_1938_CANDIDATE_PASS_MATRIX.csv,research-ledger/files/residuals/f4/P8_Y5_PARENT_QLOC_1938_CANDIDATE_PASS_MATRIX.csv,1408,2ba49f75d1aae80ec2ca8d8f3a398cb4197fde36b9a23ad389fad302f88bac7f
residuals,source-intake/mts_residuals/P8_Y5_PARENT_QLOC_1938_CLAIM_GATE.csv,research-ledger/files/residuals/32/P8_Y5_PARENT_QLOC_1938_CLAIM_GATE.csv,1337,0a794afc710b6cd4b21b01cb2863cc717d3b3fb27c919133c9b8ead98b918b3d
residuals,source-intake/mts_residuals/P8_Y5_PARENT_QLOC_1938_DECISION_LEDGER.csv,research-ledger/files/residuals/0a/P8_Y5_PARENT_QLOC_1938_DECISION_LEDGER.csv,779,42bd10dd69993867dab9e33fcdc40635ffe5fe61729441e9b716ec34b8730e7d
residuals,source-intake/mts_residuals/P8_Y5_PARENT_QLOC_1938_GRAVITY_OPERATOR_BLOCKERS.csv,research-ledger/files/residuals/cf/P8_Y5_PARENT_QLOC_1938_GRAVITY_OPERATOR_BLOCKERS.csv,1959,d8430f94f8a0fe6487ff0a4d278a84110bc1d2ed8d62a1e73df5837770c1618f
residuals,source-intake/mts_residuals/P8_Y5_PARENT_QLOC_1938_NEWTONIAN_LIMIT_DERIVATION.csv,research-ledger/files/residuals/84/P8_Y5_PARENT_QLOC_1938_NEWTONIAN_LIMIT_DERIVATION.csv,2253,e55b86683d0a5784aa80cc103a0f2bd07daeb57a61dd54be5642cb16a9e57333
residuals,source-intake/mts_residuals/P8_Y5_PARENT_QLOC_1938_NEXT_TARGET.csv,research-ledger/files/residuals/39/P8_Y5_PARENT_QLOC_1938_NEXT_TARGET.csv,859,fc9b31fd27bea293bb5b58de8bb90a2b7828d20e7139394f54c583024661da1f
residuals,source-intake/mts_residuals/P8_Y5_PARENT_QLOC_1938_PROJECT_STATUS_SNAPSHOT.csv,research-ledger/files/residuals/4e/P8_Y5_PARENT_QLOC_1938_PROJECT_STATUS_SNAPSHOT.csv,764,9bb2cfc2ef79a01bf97c8e2668e1b74fd2750bb384efab44fbe0c600a1064066
residuals,source-intake/mts_residuals/P8_Y5_PARENT_QLOC_1938_SOURCE_REGISTER.csv,research-ledger/files/residuals/7b/P8_Y5_PARENT_QLOC_1938_SOURCE_REGISTER.csv,4231,e0a1295d74d81539ccf113420e2863331a2d641bf23b9aa9f963348eedd78741
residuals,source-intake/mts_residuals/P8_Y5_PARENT_QLOC_1938_WARD_BIANCHI_CONSERVATION_THEOREM.csv,research-ledger/files/residuals/40/P8_Y5_PARENT_QLOC_1938_WARD_BIANCHI_CONSERVATION_THEOREM.csv,2120,fc2d52ddc02bf085e4925f773449701ff20481ed27f494c5c271a526ea0d29fb
residuals,source-intake/mts_residuals/P8_Y5_PARENT_QLOC_1939_CLAIM_GATE.csv,research-ledger/files/residuals/1a/P8_Y5_PARENT_QLOC_1939_CLAIM_GATE.csv,1306,032c28c630d1b3bb1f9ce1c87a9e679ffd31887dfb198308a3d3b50b065d0e44
residuals,source-intake/mts_residuals/P8_Y5_PARENT_QLOC_1939_DECISION_LEDGER.csv,research-ledger/files/residuals/59/P8_Y5_PARENT_QLOC_1939_DECISION_LEDGER.csv,842,3c71640e8be4f6ed02fa2556daaa5fd82bf828628ea86a5344a0841c7802ea5b
residuals,source-intake/mts_residuals/P8_Y5_PARENT_QLOC_1939_EH_NEWTONIAN_THEOREM.csv,research-ledger/files/residuals/57/P8_Y5_PARENT_QLOC_1939_EH_NEWTONIAN_THEOREM.csv,1467,6cd63113144a5af6abd1af2764b3e9da38a57532cacb60a5e5217cec2334e226
residuals,source-intake/mts_residuals/P8_Y5_PARENT_QLOC_1939_GRAVITY_ACTION_CANDIDATE.csv,research-ledger/files/residuals/11/P8_Y5_PARENT_QLOC_1939_GRAVITY_ACTION_CANDIDATE.csv,1255,cc3bc1ba584061d5bc853c95c5461d12670096161232e05544145cbeb488b3df
residuals,source-intake/mts_residuals/P8_Y5_PARENT_QLOC_1939_NEXT_TARGET.csv,research-ledger/files/residuals/dd/P8_Y5_PARENT_QLOC_1939_NEXT_TARGET.csv,870,4793d929bd68da106c1fdb033696db3822abf28ee8794b5bfb4d7f50b6d09c2a
residuals,source-intake/mts_residuals/P8_Y5_PARENT_QLOC_1939_OPERATOR_DECISION_MATRIX.csv,research-ledger/files/residuals/6e/P8_Y5_PARENT_QLOC_1939_OPERATOR_DECISION_MATRIX.csv,1064,220376a6d061dbc7741b1aeb12db0e6f1afcae18b646afc432cf5de8a300edd4
residuals,source-intake/mts_residuals/P8_Y5_PARENT_QLOC_1939_PROJECT_STATUS_SNAPSHOT.csv,research-ledger/files/residuals/10/P8_Y5_PARENT_QLOC_1939_PROJECT_STATUS_SNAPSHOT.csv,671,a302fe6e404ed9ddf487674416594efa9faedda9fced4b230fd6c40e069fbccf
residuals,source-intake/mts_residuals/P8_Y5_PARENT_QLOC_1939_R11_RESIDUAL_NEWTONIAN_LAW.csv,research-ledger/files/residuals/bf/P8_Y5_PARENT_QLOC_1939_R11_RESIDUAL_NEWTONIAN_LAW.csv,1106,ced8932aeeca50fd9cbb99eff1afd19cfba8012f0854d32a32a49007b8cf4828
residuals,source-intake/mts_residuals/P8_Y5_PARENT_QLOC_1939_SOURCE_REGISTER.csv,research-ledger/files/residuals/90/P8_Y5_PARENT_QLOC_1939_SOURCE_REGISTER.csv,3753,7bfbdda6a805efc268cf9d086f696b2fe7b334ce1e04bef90ecbfc052e4f49b9
residuals,source-intake/mts_residuals/P8_Y5_PARENT_QLOC_1940_CLAIM_GATE.csv,research-ledger/files/residuals/6d/P8_Y5_PARENT_QLOC_1940_CLAIM_GATE.csv,1317,4182adeee73c0663fa1896d52a775c07e96a4b372d162aa9538e54bb46b20859
residuals,source-intake/mts_residuals/P8_Y5_PARENT_QLOC_1940_DECISION_LEDGER.csv,research-ledger/files/residuals/4d/P8_Y5_PARENT_QLOC_1940_DECISION_LEDGER.csv,774,778dd00623c8899016946acfc6d633a28a41323213f174c859f9fb16349469c6
residuals,source-intake/mts_residuals/P8_Y5_PARENT_QLOC_1940_EH_UNIQUENESS_THEOREM.csv,research-ledger/files/residuals/43/P8_Y5_PARENT_QLOC_1940_EH_UNIQUENESS_THEOREM.csv,1491,e3ac09a9c3dcfd58ec53e771c49f616ebe56a24289e605af60368ff7b9c5249b
residuals,source-intake/mts_residuals/P8_Y5_PARENT_QLOC_1940_LOCAL_GR_READINESS_MATRIX.csv,research-ledger/files/residuals/99/P8_Y5_PARENT_QLOC_1940_LOCAL_GR_READINESS_MATRIX.csv,1433,79980b63952529f68c29eace86b8c281ea607055f12e494ccdc009d53c6ec657
residuals,source-intake/mts_residuals/P8_Y5_PARENT_QLOC_1940_LOVELOCK_ASSUMPTION_GATE.csv,research-ledger/files/residuals/ce/P8_Y5_PARENT_QLOC_1940_LOVELOCK_ASSUMPTION_GATE.csv,2232,876e38404867d2899711ca5bd965cc4a4b5d872e934d1f2fca6a3edb073f92ce
residuals,source-intake/mts_residuals/P8_Y5_PARENT_QLOC_1940_NEXT_TARGET.csv,research-ledger/files/residuals/3c/P8_Y5_PARENT_QLOC_1940_NEXT_TARGET.csv,808,6d74f2d87006581ee161b64ce812ebc5483c396e8780d1c5c2ea00e88bdc52d3
residuals,source-intake/mts_residuals/P8_Y5_PARENT_QLOC_1940_PROJECT_STATUS_SNAPSHOT.csv,research-ledger/files/residuals/e6/P8_Y5_PARENT_QLOC_1940_PROJECT_STATUS_SNAPSHOT.csv,645,afa8fc74f786910d2026ac75c1d6c77dd02b732003936f3794e3c15c41248c9e
residuals,source-intake/mts_residuals/P8_Y5_PARENT_QLOC_1940_R11_RESIDUAL_OPERATOR_LEDGER.csv,research-ledger/files/residuals/4d/P8_Y5_PARENT_QLOC_1940_R11_RESIDUAL_OPERATOR_LEDGER.csv,1530,3f603ba434994d1e09db36c8eedeb62963acedd74aeb3880d59581afe588ac77
residuals,source-intake/mts_residuals/P8_Y5_PARENT_QLOC_1940_SOURCE_REGISTER.csv,research-ledger/files/residuals/c2/P8_Y5_PARENT_QLOC_1940_SOURCE_REGISTER.csv,4121,02656b7ee1a92973ad8d2903652a8881e9c6e073b303ea21bf08efd3c59efa04
residuals,source-intake/mts_residuals/P8_Y5_PARENT_QLOC_1941_CLAIM_GATE.csv,research-ledger/files/residuals/e1/P8_Y5_PARENT_QLOC_1941_CLAIM_GATE.csv,1295,707b833af3470cad29039994f6541f537b3aca767c9e8421cde4c82d16ffed9b
residuals,source-intake/mts_residuals/P8_Y5_PARENT_QLOC_1941_DECISION_LEDGER.csv,research-ledger/files/residuals/a3/P8_Y5_PARENT_QLOC_1941_DECISION_LEDGER.csv,885,b1d3c04d3a62be9ecd31da6419f1ab74a7b7434fdbd65584f36909911b795f12
residuals,source-intake/mts_residuals/P8_Y5_PARENT_QLOC_1941_LOVELOCK_ASSUMPTION_SIGNATURE_AUDIT.csv,research-ledger/files/residuals/78/P8_Y5_PARENT_QLOC_1941_LOVELOCK_ASSUMPTION_SIGNATURE_AUDIT.csv,2235,1481f061d29cbe49a10f8b0e4201a3e63d7de674b30db87cc624f0f15ef1a588
residuals,source-intake/mts_residuals/P8_Y5_PARENT_QLOC_1941_NEXT_TARGET.csv,research-ledger/files/residuals/19/P8_Y5_PARENT_QLOC_1941_NEXT_TARGET.csv,829,2923b582c16acd2138381085f01b29908badc8c202311e7de88b3a3a32da9c86
residuals,source-intake/mts_residuals/P8_Y5_PARENT_QLOC_1941_PPN_R11_RESIDUAL_VECTOR.csv,research-ledger/files/residuals/30/P8_Y5_PARENT_QLOC_1941_PPN_R11_RESIDUAL_VECTOR.csv,1826,7bbce457d93f55d02a399f4e8c07f0f2ec5ce6460510cf4e6bd683dff3867996
residuals,source-intake/mts_residuals/P8_Y5_PARENT_QLOC_1941_PROJECT_STATUS_SNAPSHOT.csv,research-ledger/files/residuals/bb/P8_Y5_PARENT_QLOC_1941_PROJECT_STATUS_SNAPSHOT.csv,661,dc59479caac6a540bb619ae59c60bba6fffc7e7861e7c94e0cd72990d1c88f84
residuals,source-intake/mts_residuals/P8_Y5_PARENT_QLOC_1941_SIGNED_SUBSET_AND_FAILURES.csv,research-ledger/files/residuals/f7/P8_Y5_PARENT_QLOC_1941_SIGNED_SUBSET_AND_FAILURES.csv,1243,dcc1565afe44adc09f8c6528ed5fd3e042cdc3ae6f7320cbf5d4965405ba7df6
residuals,source-intake/mts_residuals/P8_Y5_PARENT_QLOC_1941_SOLAR_SYSTEM_TEST_GATE.csv,research-ledger/files/residuals/eb/P8_Y5_PARENT_QLOC_1941_SOLAR_SYSTEM_TEST_GATE.csv,1259,dcf90bba011ed36742044a111fd5494367db950b6c38cc09e7b78929634d5161
residuals,source-intake/mts_residuals/P8_Y5_PARENT_QLOC_1941_SOURCE_REGISTER.csv,research-ledger/files/residuals/37/P8_Y5_PARENT_QLOC_1941_SOURCE_REGISTER.csv,4664,a63e3fbc80cdc3799db3dbf54d86d04e87d926bfd76c5029da369da75dcdc544
residuals,source-intake/mts_residuals/P8_Y5_PARENT_QLOC_1942_CLAIM_GATE.csv,research-ledger/files/residuals/64/P8_Y5_PARENT_QLOC_1942_CLAIM_GATE.csv,1316,8f620731871ff8bf547356c3219707d006c82cacad5e2672666b3b53308bf8df
residuals,source-intake/mts_residuals/P8_Y5_PARENT_QLOC_1942_DECISION_LEDGER.csv,research-ledger/files/residuals/19/P8_Y5_PARENT_QLOC_1942_DECISION_LEDGER.csv,797,0a30bea9f8427156161d25c1062e9df071a6342200cd5e1d476508d6025024fd
residuals,source-intake/mts_residuals/P8_Y5_PARENT_QLOC_1942_NEXT_TARGET.csv,research-ledger/files/residuals/0c/P8_Y5_PARENT_QLOC_1942_NEXT_TARGET.csv,834,d900e8d6b3550e1188d188bed6c2ad64f7316ee4c2ac0f7ca6a7235e2c4111e9
residuals,source-intake/mts_residuals/P8_Y5_PARENT_QLOC_1942_PPN_R11_EQUATION_MAP.csv,research-ledger/files/residuals/6a/P8_Y5_PARENT_QLOC_1942_PPN_R11_EQUATION_MAP.csv,1944,d2360d24317804b78360430b82d958061fa056ef462210568d68e76a54919720
residuals,source-intake/mts_residuals/P8_Y5_PARENT_QLOC_1942_PROJECT_STATUS_SNAPSHOT.csv,research-ledger/files/residuals/c5/P8_Y5_PARENT_QLOC_1942_PROJECT_STATUS_SNAPSHOT.csv,628,40d959a24bf01aa19fad6a0785e2ffc11fb392944542b1ec0d366c313e3184a3
residuals,source-intake/mts_residuals/P8_Y5_PARENT_QLOC_1942_RESIDUAL_ACCEPTANCE_GATE.csv,research-ledger/files/residuals/96/P8_Y5_PARENT_QLOC_1942_RESIDUAL_ACCEPTANCE_GATE.csv,1315,bf563e01a7cd672015ec78def437171271bbe956a4f308d225887e6c5a7e6169
residuals,source-intake/mts_residuals/P8_Y5_PARENT_QLOC_1942_SOLAR_SYSTEM_BOUND_LEDGER.csv,research-ledger/files/residuals/54/P8_Y5_PARENT_QLOC_1942_SOLAR_SYSTEM_BOUND_LEDGER.csv,1577,2051e9fda1390aea4f0f608186c181aa510ad196a4b52087e55e383b3b2e63a0
residuals,source-intake/mts_residuals/P8_Y5_PARENT_QLOC_1942_SOURCE_REGISTER.csv,research-ledger/files/residuals/a5/P8_Y5_PARENT_QLOC_1942_SOURCE_REGISTER.csv,3169,011779e8d58cdd6cbbe6ef9f03741602ec0f1013113a7adc8c6488ab28c964e5
residuals,source-intake/mts_residuals/P8_Y5_PARENT_QLOC_1942_WEB_SOURCE_REGISTER.csv,research-ledger/files/residuals/64/P8_Y5_PARENT_QLOC_1942_WEB_SOURCE_REGISTER.csv,971,d4639bd921dabe3f388d29a6e7e428c833efd28c804e8ce89f9b152fb603b693
residuals,source-intake/mts_residuals/P8_Y5_PARENT_QLOC_1943_CASSINI_GAMMA_BOUND_RUNNER.csv,research-ledger/files/residuals/b7/P8_Y5_PARENT_QLOC_1943_CASSINI_GAMMA_BOUND_RUNNER.csv,605,d821def87a76b74421bbac578c0f47825cefdc00a02667b95f7db312b06d3e6e
residuals,source-intake/mts_residuals/P8_Y5_PARENT_QLOC_1943_CLAIM_GATE.csv,research-ledger/files/residuals/46/P8_Y5_PARENT_QLOC_1943_CLAIM_GATE.csv,1279,b889da482ff73da0e7fad9becb713b31c518d255586e0ca472706950705c9e24
residuals,source-intake/mts_residuals/P8_Y5_PARENT_QLOC_1943_DECISION_LEDGER.csv,research-ledger/files/residuals/0e/P8_Y5_PARENT_QLOC_1943_DECISION_LEDGER.csv,758,b60a35d9023dc428550ce971b509d020da06759b58bfa1df51e5a6b0440a2a0f
residuals,source-intake/mts_residuals/P8_Y5_PARENT_QLOC_1943_DELTA_GAMMA_MISSING_INPUT_LEDGER.csv,research-ledger/files/residuals/89/P8_Y5_PARENT_QLOC_1943_DELTA_GAMMA_MISSING_INPUT_LEDGER.csv,1287,32c2f2c323072d5833abdb2b6a825086c0a03bbe2c6d91c0da020fa62db6c331
residuals,source-intake/mts_residuals/P8_Y5_PARENT_QLOC_1943_DELTA_GAMMA_R11_DERIVATION.csv,research-ledger/files/residuals/b9/P8_Y5_PARENT_QLOC_1943_DELTA_GAMMA_R11_DERIVATION.csv,1793,eb579a21fc9729bc932369580ac4217fe524763ca96e8c9e95cbcaa1595b4c3f
residuals,source-intake/mts_residuals/P8_Y5_PARENT_QLOC_1943_NEXT_TARGET.csv,research-ledger/files/residuals/2f/P8_Y5_PARENT_QLOC_1943_NEXT_TARGET.csv,834,a6a5510d8bbb16f1129281b46a2bcd52acef472787b88d9e64781550d19a114b
residuals,source-intake/mts_residuals/P8_Y5_PARENT_QLOC_1943_PROJECT_STATUS_SNAPSHOT.csv,research-ledger/files/residuals/b0/P8_Y5_PARENT_QLOC_1943_PROJECT_STATUS_SNAPSHOT.csv,620,97731b40d9b5d4bea9eb5748fbef068a46017db406c7ec61b5abbc99ed1d8f36
residuals,source-intake/mts_residuals/P8_Y5_PARENT_QLOC_1943_SOURCE_REGISTER.csv,research-ledger/files/residuals/79/P8_Y5_PARENT_QLOC_1943_SOURCE_REGISTER.csv,3665,1a0a4f7145e8662a84651cb2ace975998120563298677401d3383a2f8a3860b7
residuals,source-intake/mts_residuals/P8_Y5_PARENT_QLOC_1944_CASSINI_SLIP_CONTROL_LEDGER.csv,research-ledger/files/residuals/91/P8_Y5_PARENT_QLOC_1944_CASSINI_SLIP_CONTROL_LEDGER.csv,1838,54d263c84cb50590d9d753201ff39b92e273e32c658aa0b1126426763b3deda9
residuals,source-intake/mts_residuals/P8_Y5_PARENT_QLOC_1944_CLAIM_GATE.csv,research-ledger/files/residuals/9a/P8_Y5_PARENT_QLOC_1944_CLAIM_GATE.csv,1868,b1ac078dcc039ba610bba6fa41d2bbf5aee08dabdc774e26546edf5a049d2b45
residuals,source-intake/mts_residuals/P8_Y5_PARENT_QLOC_1944_DECISION_LEDGER.csv,research-ledger/files/residuals/3e/P8_Y5_PARENT_QLOC_1944_DECISION_LEDGER.csv,1151,3bea6c253194a4472f5044b9d96aa9020ef0e558b5796936ed902567e63b1cd3
residuals,source-intake/mts_residuals/P8_Y5_PARENT_QLOC_1944_NEXT_TARGET.csv,research-ledger/files/residuals/cc/P8_Y5_PARENT_QLOC_1944_NEXT_TARGET.csv,805,cdf33c556261d4c7e0bc0d95d33d55e438ccac9553d844147cf81c7e17ce377a
residuals,source-intake/mts_residuals/P8_Y5_PARENT_QLOC_1944_PROJECT_STATUS_SNAPSHOT.csv,research-ledger/files/residuals/16/P8_Y5_PARENT_QLOC_1944_PROJECT_STATUS_SNAPSHOT.csv,635,ed72826a89ff7de46215e2a3857b74aaea508c0ffc45efb089effa6cebd86839
residuals,source-intake/mts_residuals/P8_Y5_PARENT_QLOC_1944_R11_PROJECTION_COEFFICIENT_LEDGER.csv,research-ledger/files/residuals/b1/P8_Y5_PARENT_QLOC_1944_R11_PROJECTION_COEFFICIENT_LEDGER.csv,4096,7c8c1d88217d071724f50fa2501fb8f464f0f506d6b71c5ccaa2f98961d3651e
residuals,source-intake/mts_residuals/P8_Y5_PARENT_QLOC_1944_R11_WEAK_FIELD_POTENTIAL_DERIVATION.csv,research-ledger/files/residuals/b1/P8_Y5_PARENT_QLOC_1944_R11_WEAK_FIELD_POTENTIAL_DERIVATION.csv,3536,a65658da39ed89cff48ec533e685764810f1ab06182d786755b0aaf6c6d7e660
residuals,source-intake/mts_residuals/P8_Y5_PARENT_QLOC_1944_SOURCE_REGISTER.csv,research-ledger/files/residuals/28/P8_Y5_PARENT_QLOC_1944_SOURCE_REGISTER.csv,4153,49d88dfcc18e0f3a70886bfc7ddc7b01b102f660b8f2306e49058ad47a3b4258
residuals,source-intake/mts_residuals/P8_Y5_PARENT_QLOC_1945_CASSINI_SLIP_BOUND_FORM.csv,research-ledger/files/residuals/d9/P8_Y5_PARENT_QLOC_1945_CASSINI_SLIP_BOUND_FORM.csv,975,49973c384332f54ea3a8dee9ceb59e6001e83a4903e79ccc252f912d37dc4f77
residuals,source-intake/mts_residuals/P8_Y5_PARENT_QLOC_1945_CLAIM_GATE.csv,research-ledger/files/residuals/21/P8_Y5_PARENT_QLOC_1945_CLAIM_GATE.csv,1743,f5cd3e6a256ba46f0a44a06572ae1192f509f208a0aff1cea67cca9385a81b2f
residuals,source-intake/mts_residuals/P8_Y5_PARENT_QLOC_1945_DECISION_LEDGER.csv,research-ledger/files/residuals/26/P8_Y5_PARENT_QLOC_1945_DECISION_LEDGER.csv,1058,1f7489f8a38a540ea70b1c8a0ff5272a6607bd54177bb6aae37149c057486b21
residuals,source-intake/mts_residuals/P8_Y5_PARENT_QLOC_1945_NEXT_TARGET.csv,research-ledger/files/residuals/08/P8_Y5_PARENT_QLOC_1945_NEXT_TARGET.csv,775,70b90dcf2da2cc1420fd3ebe14b2abdf8fe7093483e9461285022b80c72b14eb
residuals,source-intake/mts_residuals/P8_Y5_PARENT_QLOC_1945_PARENT_CONFORMAL_DESCENT_CONTRACT.csv,research-ledger/files/residuals/b6/P8_Y5_PARENT_QLOC_1945_PARENT_CONFORMAL_DESCENT_CONTRACT.csv,2343,67722c320c140cf48efcbbe11a676bc0436c884d5fe04540a12f2f69256e7bda
residuals,source-intake/mts_residuals/P8_Y5_PARENT_QLOC_1945_PROJECT_STATUS_SNAPSHOT.csv,research-ledger/files/residuals/6d/P8_Y5_PARENT_QLOC_1945_PROJECT_STATUS_SNAPSHOT.csv,682,311f4c550089cfa482cff23c5bdc333aa4e4384f3da2c49aa9675d385de1ad24
residuals,source-intake/mts_residuals/P8_Y5_PARENT_QLOC_1945_SOURCE_REGISTER.csv,research-ledger/files/residuals/15/P8_Y5_PARENT_QLOC_1945_SOURCE_REGISTER.csv,3752,290e4696380a2adcc84720bb36967add2e7e405cc5e7d23337a2abe2ab2d0daf
residuals,source-intake/mts_residuals/P8_Y5_PARENT_QLOC_1945_SPHERICAL_TENSOR_AUDIT.csv,research-ledger/files/residuals/3c/P8_Y5_PARENT_QLOC_1945_SPHERICAL_TENSOR_AUDIT.csv,1459,adfa490cac24fbbd1505594c7a1ed59bd12c72e9f77dbaf310ade3277aaf5ff8
residuals,source-intake/mts_residuals/P8_Y5_PARENT_QLOC_1945_TF_ZERO_THEOREM_ATTEMPT.csv,research-ledger/files/residuals/aa/P8_Y5_PARENT_QLOC_1945_TF_ZERO_THEOREM_ATTEMPT.csv,2730,d91c83d0e253132506cc950222956db53b8bdf4a055ef1dab545c58fb8f43ceb
residuals,source-intake/mts_residuals/P8_Y5_PARENT_QLOC_1946_BOUNDARY_KERNEL_RISK_LEDGER.csv,research-ledger/files/residuals/9f/P8_Y5_PARENT_QLOC_1946_BOUNDARY_KERNEL_RISK_LEDGER.csv,1382,f04d4b99ee0e743aa3ed8e130e14f519c56c0f809a1d679cea54bb1e3dbc169b
residuals,source-intake/mts_residuals/P8_Y5_PARENT_QLOC_1946_CLAIM_GATE.csv,research-ledger/files/residuals/17/P8_Y5_PARENT_QLOC_1946_CLAIM_GATE.csv,1789,dbe1ea73f4e3b59fd0e9f97139d895ea1d8939f7cf1c0473d8215cf80437fc49
residuals,source-intake/mts_residuals/P8_Y5_PARENT_QLOC_1946_CONFORMAL_DESCENT_CLAUSE_STATUS.csv,research-ledger/files/residuals/4f/P8_Y5_PARENT_QLOC_1946_CONFORMAL_DESCENT_CLAUSE_STATUS.csv,1892,a67b1e0491614bb249eb9d13f247aa5fb37e6be32807166c5dc047942aed4037
residuals,source-intake/mts_residuals/P8_Y5_PARENT_QLOC_1946_DECISION_LEDGER.csv,research-ledger/files/residuals/d3/P8_Y5_PARENT_QLOC_1946_DECISION_LEDGER.csv,1103,eb5b4d82db406c1572549a4afe20e92d2180e04743358ef56cfd3ae972518077
residuals,source-intake/mts_residuals/P8_Y5_PARENT_QLOC_1946_HESSIAN_SLIP_KILL_LEMMA.csv,research-ledger/files/residuals/dc/P8_Y5_PARENT_QLOC_1946_HESSIAN_SLIP_KILL_LEMMA.csv,1869,3cd98b473f6881215c96172101b89a44a9ce6d99b6b33beb8113c5e00c2b2a8d
residuals,source-intake/mts_residuals/P8_Y5_PARENT_QLOC_1946_NEXT_TARGET.csv,research-ledger/files/residuals/6f/P8_Y5_PARENT_QLOC_1946_NEXT_TARGET.csv,815,cd882da98a89e1b2ef2acb8ca1eab2c3e15b5455af10b6008524277164282bcd
residuals,source-intake/mts_residuals/P8_Y5_PARENT_QLOC_1946_PARENT_DESCENT_THEOREM_ATTEMPT.csv,research-ledger/files/residuals/5a/P8_Y5_PARENT_QLOC_1946_PARENT_DESCENT_THEOREM_ATTEMPT.csv,2710,4c72c555278b8a449ecc16e4bbc3be6fcbd99f563784fa795452b17d922db939
residuals,source-intake/mts_residuals/P8_Y5_PARENT_QLOC_1946_PROJECT_STATUS_SNAPSHOT.csv,research-ledger/files/residuals/d3/P8_Y5_PARENT_QLOC_1946_PROJECT_STATUS_SNAPSHOT.csv,697,a6bf8a5da82a73f18f7cf94ae819c2d5c911812301c76cef4c6e1feb3fd1c8a7
residuals,source-intake/mts_residuals/P8_Y5_PARENT_QLOC_1946_SOURCE_REGISTER.csv,research-ledger/files/residuals/9f/P8_Y5_PARENT_QLOC_1946_SOURCE_REGISTER.csv,4690,2e5e2b449557752cfe46438410c2465129aae05a4bc820934f249165e0234dee
residuals,source-intake/mts_residuals/P8_Y5_PARENT_QLOC_1947_BOUNDARY_KERNEL_ISOTROPY_ATTEMPT.csv,research-ledger/files/residuals/e7/P8_Y5_PARENT_QLOC_1947_BOUNDARY_KERNEL_ISOTROPY_ATTEMPT.csv,2141,0f26cc9ce8e4b644ee746b09c116ac7c49e60a54a82d4281b7346dd28b5807a0
residuals,source-intake/mts_residuals/P8_Y5_PARENT_QLOC_1947_CASSINI_BOUND_POLICY_CANDIDATES.csv,research-ledger/files/residuals/2f/P8_Y5_PARENT_QLOC_1947_CASSINI_BOUND_POLICY_CANDIDATES.csv,891,3cf1640f74d14f940aab3fee04df99fb53f0eae47ce2de0f9a44e207668257d4
residuals,source-intake/mts_residuals/P8_Y5_PARENT_QLOC_1947_CASSINI_SLIP_BOUND_INPUT_LEDGER.csv,research-ledger/files/residuals/83/P8_Y5_PARENT_QLOC_1947_CASSINI_SLIP_BOUND_INPUT_LEDGER.csv,1970,284909edb935c5009b752a8c63f42446defa9b1f72d61ace957d44c9e6d1a2db
residuals,source-intake/mts_residuals/P8_Y5_PARENT_QLOC_1947_CASSINI_SLIP_BOUND_RUNNER_SCHEMA.csv,research-ledger/files/residuals/77/P8_Y5_PARENT_QLOC_1947_CASSINI_SLIP_BOUND_RUNNER_SCHEMA.csv,593,0780c91117a9f7495946a35c286556f8e16db9abed46cafb928afdab54cc2003
residuals,source-intake/mts_residuals/P8_Y5_PARENT_QLOC_1947_CLAIM_GATE.csv,research-ledger/files/residuals/10/P8_Y5_PARENT_QLOC_1947_CLAIM_GATE.csv,1681,e62a9d17bdc96d10e9a06c00d679f42b7b5cbfdbfaaeefe4ee038dcabee76a09
residuals,source-intake/mts_residuals/P8_Y5_PARENT_QLOC_1947_DECISION_LEDGER.csv,research-ledger/files/residuals/6a/P8_Y5_PARENT_QLOC_1947_DECISION_LEDGER.csv,760,c1c65eefc2cc9ea27dddab615fa119db2d77e1d40954a7ad11500b398c10cec5
residuals,source-intake/mts_residuals/P8_Y5_PARENT_QLOC_1947_NEXT_TARGET.csv,research-ledger/files/residuals/42/P8_Y5_PARENT_QLOC_1947_NEXT_TARGET.csv,775,28a66606dff622a613aefa5011751d2ebae42b70db6b7d72851388c85ca5945c
residuals,source-intake/mts_residuals/P8_Y5_PARENT_QLOC_1947_PROJECT_STATUS_SNAPSHOT.csv,research-ledger/files/residuals/a4/P8_Y5_PARENT_QLOC_1947_PROJECT_STATUS_SNAPSHOT.csv,652,3b62f88e6e787aefddc7514b75c909c7567366fd1ab4892ce599f062d0685aaf
residuals,source-intake/mts_residuals/P8_Y5_PARENT_QLOC_1947_SOURCE_REGISTER.csv,research-ledger/files/residuals/ad/P8_Y5_PARENT_QLOC_1947_SOURCE_REGISTER.csv,4208,b1ada8b52568190afd29de6e00e1b875d075155c5e5d8e55f46bfa871d1bd0b3
residuals,source-intake/mts_residuals/P8_Y5_PARENT_QLOC_1948_CASSINI_SLIP_FAILURE_MODE_LEDGER.csv,research-ledger/files/residuals/c7/P8_Y5_PARENT_QLOC_1948_CASSINI_SLIP_FAILURE_MODE_LEDGER.csv,1739,f0c49a6f49604e93f3bf9af542a59f8acc7d502748edf61ade6ac4e8e033567b
residuals,source-intake/mts_residuals/P8_Y5_PARENT_QLOC_1948_CASSINI_SLIP_INPUT_AUDIT.csv,research-ledger/files/residuals/d2/P8_Y5_PARENT_QLOC_1948_CASSINI_SLIP_INPUT_AUDIT.csv,1832,87ba2daa38b109b9ea4a251cd171c5c6d01f86fdae25cb7be68115479bf755d9
residuals,source-intake/mts_residuals/P8_Y5_PARENT_QLOC_1948_CASSINI_SLIP_SMOKE_RUNNER.csv,research-ledger/files/residuals/00/P8_Y5_PARENT_QLOC_1948_CASSINI_SLIP_SMOKE_RUNNER.csv,1010,57cf94a769fbbd0357ceda372a59261864f203e454c58898fa13e2243f3abd36
residuals,source-intake/mts_residuals/P8_Y5_PARENT_QLOC_1948_CLAIM_GATE.csv,research-ledger/files/residuals/99/P8_Y5_PARENT_QLOC_1948_CLAIM_GATE.csv,1625,d6c59562383030623c37462e84345099c7fcab490274c75cf342127309a63f80
residuals,source-intake/mts_residuals/P8_Y5_PARENT_QLOC_1948_DECISION_LEDGER.csv,research-ledger/files/residuals/73/P8_Y5_PARENT_QLOC_1948_DECISION_LEDGER.csv,771,bc49eb9a3726aff03d700b44e96b93a7b5dfc8c107a8197fcf1467d3d7a7902d
residuals,source-intake/mts_residuals/P8_Y5_PARENT_QLOC_1948_NEXT_TARGET.csv,research-ledger/files/residuals/9b/P8_Y5_PARENT_QLOC_1948_NEXT_TARGET.csv,747,20749f7a379ea5597eb7310d8b3b53e4071f768af48b72a4f28dab17d8d72ac2
residuals,source-intake/mts_residuals/P8_Y5_PARENT_QLOC_1948_PROJECT_STATUS_SNAPSHOT.csv,research-ledger/files/residuals/9f/P8_Y5_PARENT_QLOC_1948_PROJECT_STATUS_SNAPSHOT.csv,621,d28468b1904dfbcc350b8e4c7c736bfe0784542503d27d2cd5da1e4b2514fffa
residuals,source-intake/mts_residuals/P8_Y5_PARENT_QLOC_1948_SOURCE_REGISTER.csv,research-ledger/files/residuals/0e/P8_Y5_PARENT_QLOC_1948_SOURCE_REGISTER.csv,3573,84f9459094f1a3a06ed0d9b2f2d56147c86a941722e4c44db6ce4599e1c4f42f
residuals,source-intake/mts_residuals/P8_Y5_PARENT_QLOC_1949_CASSINI_PRODUCT_COMPRESSION.csv,research-ledger/files/residuals/d7/P8_Y5_PARENT_QLOC_1949_CASSINI_PRODUCT_COMPRESSION.csv,1743,cad1426d792cfa8ff940608dc2aa24bbe57746dbb54ae26a83bc9753c27ab4c1
residuals,source-intake/mts_residuals/P8_Y5_PARENT_QLOC_1949_CLAIM_GATE.csv,research-ledger/files/residuals/f0/P8_Y5_PARENT_QLOC_1949_CLAIM_GATE.csv,1641,eb12a690b6b269b7c0512d3dcb1869a6cd037c33f76b0fb3d6a4e6481c6ede49
residuals,source-intake/mts_residuals/P8_Y5_PARENT_QLOC_1949_COMPRESSED_RUNNER_UPDATE.csv,research-ledger/files/residuals/9d/P8_Y5_PARENT_QLOC_1949_COMPRESSED_RUNNER_UPDATE.csv,655,04abb2ba0aef117859ebf8c20fc5fdfb9acdca35f1b67844a8caf2e61d3ab8aa
residuals,source-intake/mts_residuals/P8_Y5_PARENT_QLOC_1949_COMPRESSED_SLIP_INPUT_LEDGER.csv,research-ledger/files/residuals/cd/P8_Y5_PARENT_QLOC_1949_COMPRESSED_SLIP_INPUT_LEDGER.csv,970,a6ffc3b8b30fe8a5fab39a94fcead2db5ecda9847505198be2161b76e7030319
residuals,source-intake/mts_residuals/P8_Y5_PARENT_QLOC_1949_DECISION_LEDGER.csv,research-ledger/files/residuals/f9/P8_Y5_PARENT_QLOC_1949_DECISION_LEDGER.csv,768,58c1483ec92088f10e11219ed9fead8433daac93496b5066bcc7e0c5191846f2
residuals,source-intake/mts_residuals/P8_Y5_PARENT_QLOC_1949_KAPPA_CTF_PTF_STATUS.csv,research-ledger/files/residuals/a6/P8_Y5_PARENT_QLOC_1949_KAPPA_CTF_PTF_STATUS.csv,1487,ed33073f8fe064985c2c774245411c0ba7f894b935a1248ce2706a05f938c204
residuals,source-intake/mts_residuals/P8_Y5_PARENT_QLOC_1949_NEXT_TARGET.csv,research-ledger/files/residuals/03/P8_Y5_PARENT_QLOC_1949_NEXT_TARGET.csv,693,1ea47e67cc8e451fcb7d9b48a647f888c9285a56df0d2a43b1cbf30f969c4744
residuals,source-intake/mts_residuals/P8_Y5_PARENT_QLOC_1949_PROJECT_STATUS_SNAPSHOT.csv,research-ledger/files/residuals/26/P8_Y5_PARENT_QLOC_1949_PROJECT_STATUS_SNAPSHOT.csv,621,dec930fcbe03a6e2c1f052e699dd69ec59e9634f8b81100edaf97841b5dd50db
residuals,source-intake/mts_residuals/P8_Y5_PARENT_QLOC_1949_SOURCE_REGISTER.csv,research-ledger/files/residuals/85/P8_Y5_PARENT_QLOC_1949_SOURCE_REGISTER.csv,3733,0241be93509b133dc79bfc6eab0259d8c3957be46f5533c0a990c7f8d1c74bf3
residuals,source-intake/mts_residuals/P8_Y5_PARENT_QLOC_1950_CLAIM_GATE.csv,research-ledger/files/residuals/32/P8_Y5_PARENT_QLOC_1950_CLAIM_GATE.csv,1643,9d4f2bd73ae63aa4eb770eef209d1ba44f0754d6617b2c75b83efd7ec2db582a
residuals,source-intake/mts_residuals/P8_Y5_PARENT_QLOC_1950_DECISION_LEDGER.csv,research-ledger/files/residuals/ac/P8_Y5_PARENT_QLOC_1950_DECISION_LEDGER.csv,834,4d39a611499d707893deb0056afc8add79127076d0e901eb5490a52515cfa1f3
residuals,source-intake/mts_residuals/P8_Y5_PARENT_QLOC_1950_DIMENSIONLESS_STF_SOURCE_LEDGER.csv,research-ledger/files/residuals/c5/P8_Y5_PARENT_QLOC_1950_DIMENSIONLESS_STF_SOURCE_LEDGER.csv,1227,71f7749fdefca3c7d8f325a54fe151f1581aae350625ab81556dec26a642624d
residuals,source-intake/mts_residuals/P8_Y5_PARENT_QLOC_1950_NEXT_TARGET.csv,research-ledger/files/residuals/bf/P8_Y5_PARENT_QLOC_1950_NEXT_TARGET.csv,768,4e108afb44d9d05c4c9a80017d886563d4b832b99cdd5a8c9e227d3bf7da9a52
residuals,source-intake/mts_residuals/P8_Y5_PARENT_QLOC_1950_PROJECT_STATUS_SNAPSHOT.csv,research-ledger/files/residuals/c2/P8_Y5_PARENT_QLOC_1950_PROJECT_STATUS_SNAPSHOT.csv,616,977572baaed42c42ae6583f28d98d0934862dd5a8e7ee00d2a085acdf9b7c19d
residuals,source-intake/mts_residuals/P8_Y5_PARENT_QLOC_1950_SOURCE_REGISTER.csv,research-ledger/files/residuals/f7/P8_Y5_PARENT_QLOC_1950_SOURCE_REGISTER.csv,3779,67fba7d4c96478c095189a16682847f1b21240d7b6072a687b33c8fa7328ddf9
residuals,source-intake/mts_residuals/P8_Y5_PARENT_QLOC_1950_STF_BLOCKER_LEDGER.csv,research-ledger/files/residuals/99/P8_Y5_PARENT_QLOC_1950_STF_BLOCKER_LEDGER.csv,1327,59bf4fc7023a6985600d51e7cebf415861f41f7f095ac7e1104f01053982990f
residuals,source-intake/mts_residuals/P8_Y5_PARENT_QLOC_1950_STF_DECOMPOSITION_AND_ZERO_ROUTE.csv,research-ledger/files/residuals/b6/P8_Y5_PARENT_QLOC_1950_STF_DECOMPOSITION_AND_ZERO_ROUTE.csv,1994,0612b7f1c2054b6a237d40008073cd39ae9a0e336cd34abe54e4b6a31092fb94
residuals,source-intake/mts_residuals/P8_Y5_PARENT_QLOC_1950_STF_RUNNER_UPDATE.csv,research-ledger/files/residuals/a7/P8_Y5_PARENT_QLOC_1950_STF_RUNNER_UPDATE.csv,702,aee301bc56cbc44640b6e4cc23e81e6d46323c112875975bad22ce3b6ec74e27
residuals,source-intake/mts_residuals/P8_Y5_PARENT_QLOC_1951_BLOCKER_LEDGER.csv,research-ledger/files/residuals/f6/P8_Y5_PARENT_QLOC_1951_BLOCKER_LEDGER.csv,1241,c3b1ba46a0cd6a5448c3cc9f707bc86e1df8a8f8baa1b3f37d79c4f27f9b5edd
residuals,source-intake/mts_residuals/P8_Y5_PARENT_QLOC_1951_CLAIM_GATE.csv,research-ledger/files/residuals/76/P8_Y5_PARENT_QLOC_1951_CLAIM_GATE.csv,1694,006d06eb199061c2af6c695b69b0170ee21bc040ecd2df9b223d7c315d41106e
residuals,source-intake/mts_residuals/P8_Y5_PARENT_QLOC_1951_COMMON_MODE_ROUTER.csv,research-ledger/files/residuals/5d/P8_Y5_PARENT_QLOC_1951_COMMON_MODE_ROUTER.csv,1196,1c2d3db135e96d972a86959208dde3bc3a9e669c5d860778d497a8668ddac6c8
residuals,source-intake/mts_residuals/P8_Y5_PARENT_QLOC_1951_DECISION_LEDGER.csv,research-ledger/files/residuals/b9/P8_Y5_PARENT_QLOC_1951_DECISION_LEDGER.csv,759,62e8bb394e72196ba03caa7d83ad368b8b7838a1b8cd41c691f0b183f26d40b9
residuals,source-intake/mts_residuals/P8_Y5_PARENT_QLOC_1951_NEXT_TARGET.csv,research-ledger/files/residuals/b8/P8_Y5_PARENT_QLOC_1951_NEXT_TARGET.csv,692,70fa216500a2c67ad6c445bb432dd965648cb6d0ed068c25a13524a365760df4
residuals,source-intake/mts_residuals/P8_Y5_PARENT_QLOC_1951_PROJECT_STATUS_SNAPSHOT.csv,research-ledger/files/residuals/fa/P8_Y5_PARENT_QLOC_1951_PROJECT_STATUS_SNAPSHOT.csv,599,4775c1a4d19f78a8c1bb38ab6cbace5481867e0269850411dcddd366b8328ae2
residuals,source-intake/mts_residuals/P8_Y5_PARENT_QLOC_1951_SOURCE_REGISTER.csv,research-ledger/files/residuals/09/P8_Y5_PARENT_QLOC_1951_SOURCE_REGISTER.csv,1924,cc260b2127130da5ee09d4040d7c3cb593905afc9dd1c4595be5c72e6e3c7a6c
residuals,source-intake/mts_residuals/P8_Y5_PARENT_QLOC_1951_STF_INPUT_LEDGER.csv,research-ledger/files/residuals/bd/P8_Y5_PARENT_QLOC_1951_STF_INPUT_LEDGER.csv,1829,dfdd95a238e4e64ea69a8c2422a015d26fed6978276c771ee3db512aa0712650
residuals,source-intake/mts_residuals/P8_Y5_PARENT_QLOC_1951_STF_RESPONSE_FUNCTIONAL.csv,research-ledger/files/residuals/7e/P8_Y5_PARENT_QLOC_1951_STF_RESPONSE_FUNCTIONAL.csv,2922,f4a33b63dba0400fe86d5f082de7babe3c5c56a58d6ae3be071b02eaadd58888
residuals,source-intake/mts_residuals/P8_Y5_PARENT_QLOC_1951_STF_RUNNER_UPDATE.csv,research-ledger/files/residuals/77/P8_Y5_PARENT_QLOC_1951_STF_RUNNER_UPDATE.csv,1328,905ce5e8b98a0b0b4419e9e1e32d6919ae0d144b65a3d608315e61ceb9dae7f3
residuals,source-intake/mts_residuals/P8_Y5_PARENT_QLOC_1952_BEFF_ZERO_THEOREM_ATTEMPT.csv,research-ledger/files/residuals/4e/P8_Y5_PARENT_QLOC_1952_BEFF_ZERO_THEOREM_ATTEMPT.csv,2823,ac8cda7ec6da2da027ee67942f4c993c2dde2d5aa1949adde6c24f85d7cd4afc
residuals,source-intake/mts_residuals/P8_Y5_PARENT_QLOC_1952_CLAIM_GATE.csv,research-ledger/files/residuals/72/P8_Y5_PARENT_QLOC_1952_CLAIM_GATE.csv,1113,5276ab6390acae11dc0dcb7fe763cebd8017df76b48d5d4beacfe2f55080009c
residuals,source-intake/mts_residuals/P8_Y5_PARENT_QLOC_1952_DECISION_LEDGER.csv,research-ledger/files/residuals/5a/P8_Y5_PARENT_QLOC_1952_DECISION_LEDGER.csv,750,8d5cf12a8aec6bdeef6266b51005e3e513c8cec7e0ec82b9c4766b8a6e8322b3
residuals,source-intake/mts_residuals/P8_Y5_PARENT_QLOC_1952_NEXT_TARGET.csv,research-ledger/files/residuals/e5/P8_Y5_PARENT_QLOC_1952_NEXT_TARGET.csv,659,e7b49e5db2adbc0eb9c474b84310a5fcb7b0173d8d7c89f6ae42317a4db8014d
residuals,source-intake/mts_residuals/P8_Y5_PARENT_QLOC_1952_PROJECT_STATUS_SNAPSHOT.csv,research-ledger/files/residuals/08/P8_Y5_PARENT_QLOC_1952_PROJECT_STATUS_SNAPSHOT.csv,626,788a7556ad0dd1b760ae82a4a1c7ce56440a17e23943fa5ec0f2e48e455dca8f
residuals,source-intake/mts_residuals/P8_Y5_PARENT_QLOC_1952_RUNNER_UPDATE.csv,research-ledger/files/residuals/ea/P8_Y5_PARENT_QLOC_1952_RUNNER_UPDATE.csv,990,53ddc85c21746429b0876efba01bb8e1a7869ccdfa9fa30077b977f954c7af93
residuals,source-intake/mts_residuals/P8_Y5_PARENT_QLOC_1952_SOURCE_REGISTER.csv,research-ledger/files/residuals/6d/P8_Y5_PARENT_QLOC_1952_SOURCE_REGISTER.csv,1894,ac17aff9db7e9107f1e47d64c3939b97bff78aaf1f885f4214901b6ce5551bf9
residuals,source-intake/mts_residuals/P8_Y5_PARENT_QLOC_1952_STF_BOUND_FACTOR_LEDGER.csv,research-ledger/files/residuals/70/P8_Y5_PARENT_QLOC_1952_STF_BOUND_FACTOR_LEDGER.csv,1712,121d4165065e5e52ccb03a299ee56b254d12c63ea62c8be9b7ff1ddbcb80f944
residuals,source-intake/mts_residuals/P8_Y5_PARENT_QLOC_1953_BEFF_PROFILE_DECOMPOSITION.csv,research-ledger/files/residuals/da/P8_Y5_PARENT_QLOC_1953_BEFF_PROFILE_DECOMPOSITION.csv,2700,5add44d5d43be54478bd161f9a35411ad6a1555a4787d9e6306e847495939620
residuals,source-intake/mts_residuals/P8_Y5_PARENT_QLOC_1953_CLAIM_GATE.csv,research-ledger/files/residuals/12/P8_Y5_PARENT_QLOC_1953_CLAIM_GATE.csv,1420,ba456298cbb458ee6207e252c6f13946cb0056823809c02d5009f2f4a26fc012
residuals,source-intake/mts_residuals/P8_Y5_PARENT_QLOC_1953_DECISION_LEDGER.csv,research-ledger/files/residuals/5f/P8_Y5_PARENT_QLOC_1953_DECISION_LEDGER.csv,786,74b13387736088c613882eac5a3074272fee27f4964131b8b25f440a9813d7f9
residuals,source-intake/mts_residuals/P8_Y5_PARENT_QLOC_1953_L2_ENVELOPE_LEDGER.csv,research-ledger/files/residuals/68/P8_Y5_PARENT_QLOC_1953_L2_ENVELOPE_LEDGER.csv,1838,555e88d0abcaa6eeb27311f79223368898c3e39032d6c8533f02090c2b436d7c
residuals,source-intake/mts_residuals/P8_Y5_PARENT_QLOC_1953_NEXT_TARGET.csv,research-ledger/files/residuals/89/P8_Y5_PARENT_QLOC_1953_NEXT_TARGET.csv,583,272119790f5608b4cb669bcbf6baadc3e10fb30e46f7823ca43d733a083f098d
residuals,source-intake/mts_residuals/P8_Y5_PARENT_QLOC_1953_PROJECT_STATUS_SNAPSHOT.csv,research-ledger/files/residuals/47/P8_Y5_PARENT_QLOC_1953_PROJECT_STATUS_SNAPSHOT.csv,598,378d3ef891f8e4f8791210b27b464e4e9ca0e7cf68707b10e2cdaceccdb8d168
residuals,source-intake/mts_residuals/P8_Y5_PARENT_QLOC_1953_RUNNER_UPDATE.csv,research-ledger/files/residuals/0c/P8_Y5_PARENT_QLOC_1953_RUNNER_UPDATE.csv,1021,fd4eb1cafe8fb88f67585f3dfe0dfddff0b2735bc526f777e911c90ca1bcf339
residuals,source-intake/mts_residuals/P8_Y5_PARENT_QLOC_1953_SOURCE_REGISTER.csv,research-ledger/files/residuals/04/P8_Y5_PARENT_QLOC_1953_SOURCE_REGISTER.csv,1832,b57a25c042605caa2fdc5d6c5a237704f3e705b6d65c2031f52623bb7fa2b478
residuals,source-intake/mts_residuals/P8_Y5_PARENT_QLOC_1954_CLAIM_GATE.csv,research-ledger/files/residuals/19/P8_Y5_PARENT_QLOC_1954_CLAIM_GATE.csv,1388,33fea45ec46f6911ebc64b3b91c87913acc5207fd2811702461be68d6d1662f4
residuals,source-intake/mts_residuals/P8_Y5_PARENT_QLOC_1954_DECISION_LEDGER.csv,research-ledger/files/residuals/15/P8_Y5_PARENT_QLOC_1954_DECISION_LEDGER.csv,698,76a0c8da90e2d144d8a5541cee61c5a023953144a721ce67be798e63861c3e3c
residuals,source-intake/mts_residuals/P8_Y5_PARENT_QLOC_1954_L2_RESIDUAL_SPLIT.csv,research-ledger/files/residuals/8d/P8_Y5_PARENT_QLOC_1954_L2_RESIDUAL_SPLIT.csv,2902,9ce9af3664fa6b40428d4b8e49a8c5770f2309fbb9515570393e160876df3853
residuals,source-intake/mts_residuals/P8_Y5_PARENT_QLOC_1954_NEXT_TARGET.csv,research-ledger/files/residuals/d0/P8_Y5_PARENT_QLOC_1954_NEXT_TARGET.csv,640,5b151dfe042e93cee73fb3ad3c850c0206b4e0d1b7bb5da8ce6dc7f36cbf0a01
residuals,source-intake/mts_residuals/P8_Y5_PARENT_QLOC_1954_PROJECT_STATUS_SNAPSHOT.csv,research-ledger/files/residuals/33/P8_Y5_PARENT_QLOC_1954_PROJECT_STATUS_SNAPSHOT.csv,597,744f8fae63207874c78e89814249ec28a16fdb682e423859739972e4cdddf5a8
residuals,source-intake/mts_residuals/P8_Y5_PARENT_QLOC_1954_RESIDUAL_L2_INPUT_LEDGER.csv,research-ledger/files/residuals/dc/P8_Y5_PARENT_QLOC_1954_RESIDUAL_L2_INPUT_LEDGER.csv,1319,15008bd0511bc2b85ceaba6051ae57e0c054231f0337a97112ef77c3e90339b8
residuals,source-intake/mts_residuals/P8_Y5_PARENT_QLOC_1954_RUNNER_UPDATE.csv,research-ledger/files/residuals/69/P8_Y5_PARENT_QLOC_1954_RUNNER_UPDATE.csv,1014,f1bee507da97c3b9cdf040ea0a6193ff5305a889d9f346106127b8efcf4220bb
residuals,source-intake/mts_residuals/P8_Y5_PARENT_QLOC_1954_SOURCE_REGISTER.csv,research-ledger/files/residuals/57/P8_Y5_PARENT_QLOC_1954_SOURCE_REGISTER.csv,1843,29fc9e4479a148d2f2338b5d6fd53c1cd72311f9e425b9d98e934c95c0738343
residuals,source-intake/mts_residuals/P8_Y5_PARENT_QLOC_1955_CLAIM_GATE.csv,research-ledger/files/residuals/35/P8_Y5_PARENT_QLOC_1955_CLAIM_GATE.csv,1618,a4cf01579e0b9f5f0e47eff226f0f95a23011cef93a6428f832cfcdfbe5ed3b5
residuals,source-intake/mts_residuals/P8_Y5_PARENT_QLOC_1955_DECISION_LEDGER.csv,research-ledger/files/residuals/59/P8_Y5_PARENT_QLOC_1955_DECISION_LEDGER.csv,812,ef3d69f97fbcc17f275bfd94b0e114564d2dc9542d30d5ac62364fe0c8a74a57
residuals,source-intake/mts_residuals/P8_Y5_PARENT_QLOC_1955_EH_SAME_SOURCE_THEOREM_CONTRACT.csv,research-ledger/files/residuals/ae/P8_Y5_PARENT_QLOC_1955_EH_SAME_SOURCE_THEOREM_CONTRACT.csv,3408,5dfac45e91dddf61741eceea15aedefaeb4a40aa5d2a8ccec5a38e83e9a98993
residuals,source-intake/mts_residuals/P8_Y5_PARENT_QLOC_1955_NEXT_TARGET.csv,research-ledger/files/residuals/90/P8_Y5_PARENT_QLOC_1955_NEXT_TARGET.csv,702,723f8058e6ac89739f52e02c2c1edd8072546d21d6c96f46e8e4b49670f4da14
residuals,source-intake/mts_residuals/P8_Y5_PARENT_QLOC_1955_PROJECT_STATUS_SNAPSHOT.csv,research-ledger/files/residuals/6a/P8_Y5_PARENT_QLOC_1955_PROJECT_STATUS_SNAPSHOT.csv,593,4f035aff338e9b4653e57c4d40ae63ad03d9eabfdfd7accaa90dc911b26c4afb
residuals,source-intake/mts_residuals/P8_Y5_PARENT_QLOC_1955_RESIDUAL_L2_BOUND_LEDGER.csv,research-ledger/files/residuals/d9/P8_Y5_PARENT_QLOC_1955_RESIDUAL_L2_BOUND_LEDGER.csv,1523,c596ae1f841a1406f1f186c7cc7e86fc6455a97c7e0ef2b14c2b81a6357628c6
residuals,source-intake/mts_residuals/P8_Y5_PARENT_QLOC_1955_RUNNER_UPDATE.csv,research-ledger/files/residuals/3a/P8_Y5_PARENT_QLOC_1955_RUNNER_UPDATE.csv,1056,de7d95618e48b59eaf64dd70ce5cf1af17a197dc78f266518fdf115b41a86c17
residuals,source-intake/mts_residuals/P8_Y5_PARENT_QLOC_1955_SOURCE_REGISTER.csv,research-ledger/files/residuals/23/P8_Y5_PARENT_QLOC_1955_SOURCE_REGISTER.csv,1885,265f7826c6af18bafc73be2504f55984b7a12afa8bc560d6e2e161a65335657e
residuals,source-intake/mts_residuals/P8_Y5_PARENT_QLOC_1956_ACTION_VARIATION_SIGNATURE_LEDGER.csv,research-ledger/files/residuals/73/P8_Y5_PARENT_QLOC_1956_ACTION_VARIATION_SIGNATURE_LEDGER.csv,3653,5e39cf0c5095a8630dfd1c432081990119217d8e786958abf8a5bfb813ca4b9a
residuals,source-intake/mts_residuals/P8_Y5_PARENT_QLOC_1956_CLAIM_GATE.csv,research-ledger/files/residuals/af/P8_Y5_PARENT_QLOC_1956_CLAIM_GATE.csv,1643,b21e74ad9e4a64a0c29d447e401ce3184dd4d0c8435257ad30236c468e27bfaa
residuals,source-intake/mts_residuals/P8_Y5_PARENT_QLOC_1956_DECISION_LEDGER.csv,research-ledger/files/residuals/16/P8_Y5_PARENT_QLOC_1956_DECISION_LEDGER.csv,1145,eca0b5b118f580244a09138a543647d988664b67f6a02abca1f9afa9cf0d3ec1
residuals,source-intake/mts_residuals/P8_Y5_PARENT_QLOC_1956_NEXT_TARGET.csv,research-ledger/files/residuals/d8/P8_Y5_PARENT_QLOC_1956_NEXT_TARGET.csv,720,5f4fdea16014ec7008795d39ef371eaa5a6f6e3005c58bf72734a3a38a64e3bb
residuals,source-intake/mts_residuals/P8_Y5_PARENT_QLOC_1956_PROJECT_STATUS_SNAPSHOT.csv,research-ledger/files/residuals/2f/P8_Y5_PARENT_QLOC_1956_PROJECT_STATUS_SNAPSHOT.csv,700,2d6311fbdeccede817b2f5190933fd18cbf29279be45735e752ecc37ed8999d8
residuals,source-intake/mts_residuals/P8_Y5_PARENT_QLOC_1956_RESIDUAL_OPERATOR_LEDGER.csv,research-ledger/files/residuals/1d/P8_Y5_PARENT_QLOC_1956_RESIDUAL_OPERATOR_LEDGER.csv,1814,18a88f964a0b0e6f639ba123c389f442e38450ae90fd27b89b67bb885c9d02be
residuals,source-intake/mts_residuals/P8_Y5_PARENT_QLOC_1956_RUNNER_UPDATE.csv,research-ledger/files/residuals/78/P8_Y5_PARENT_QLOC_1956_RUNNER_UPDATE.csv,1212,59069e135653e7f1be96c46c654a2f70c13f4e33c082592e4af57d5b0130996a
residuals,source-intake/mts_residuals/P8_Y5_PARENT_QLOC_1956_SOURCE_REGISTER.csv,research-ledger/files/residuals/90/P8_Y5_PARENT_QLOC_1956_SOURCE_REGISTER.csv,3347,4c82769d17decbcd8561fd2d4643996cd0392cf29b33130e96d7a3f9ef28acc4
residuals,source-intake/mts_residuals/P8_Y5_PARENT_QLOC_1957_CLAIM_GATE.csv,research-ledger/files/residuals/56/P8_Y5_PARENT_QLOC_1957_CLAIM_GATE.csv,1824,9acb07c1870409e3fce86c5649b9a00987a6671d077f1a1780236b8d8d88ba45
residuals,source-intake/mts_residuals/P8_Y5_PARENT_QLOC_1957_DECISION_LEDGER.csv,research-ledger/files/residuals/47/P8_Y5_PARENT_QLOC_1957_DECISION_LEDGER.csv,769,3c1a3a10c71a0ca0325d08df9f051019358f1589d7a86383a9c513b99cc82cf0
residuals,source-intake/mts_residuals/P8_Y5_PARENT_QLOC_1957_NEXT_TARGET.csv,research-ledger/files/residuals/75/P8_Y5_PARENT_QLOC_1957_NEXT_TARGET.csv,690,1149f46fba412ffceb0c4154db5e282a6cf25c2effbbd57cb062ee6c402374cc
residuals,source-intake/mts_residuals/P8_Y5_PARENT_QLOC_1957_PROJECT_STATUS_SNAPSHOT.csv,research-ledger/files/residuals/d6/P8_Y5_PARENT_QLOC_1957_PROJECT_STATUS_SNAPSHOT.csv,684,168945ac73333d03a1ea5a321fc4e6c293a9859942a771d18dfbe69590dfc7b8
residuals,source-intake/mts_residuals/P8_Y5_PARENT_QLOC_1957_RESIDUAL_CURRENT_LEDGER.csv,research-ledger/files/residuals/3e/P8_Y5_PARENT_QLOC_1957_RESIDUAL_CURRENT_LEDGER.csv,1647,049225cfd4d2864e739e0b7033bff49f133bfb39ce12122eca301e81bda326d4
residuals,source-intake/mts_residuals/P8_Y5_PARENT_QLOC_1957_RUNNER_UPDATE.csv,research-ledger/files/residuals/28/P8_Y5_PARENT_QLOC_1957_RUNNER_UPDATE.csv,1211,8a023469897425c6822a4ebb884b90d2ed89162ab411a1daa75820939bc5b14d
residuals,source-intake/mts_residuals/P8_Y5_PARENT_QLOC_1957_SOURCE_MAP_THEOREM_ATTEMPT.csv,research-ledger/files/residuals/0d/P8_Y5_PARENT_QLOC_1957_SOURCE_MAP_THEOREM_ATTEMPT.csv,3078,7179899aa3332b47245c9537284ad05699f5eed2c66c7bcd4492ecaa49e4371b
residuals,source-intake/mts_residuals/P8_Y5_PARENT_QLOC_1957_SOURCE_REGISTER.csv,research-ledger/files/residuals/3e/P8_Y5_PARENT_QLOC_1957_SOURCE_REGISTER.csv,2876,ce7618bdedc7ebb5ca8286263c3c6750d1392d7531bf94a42b8f82b67b8004dd
residuals,source-intake/mts_residuals/P8_Y5_PARENT_QLOC_1958_CLAIM_GATE.csv,research-ledger/files/residuals/84/P8_Y5_PARENT_QLOC_1958_CLAIM_GATE.csv,1772,8c453361f77cb04d6b65eb8b9cc45b09e835629b8551d928b23113f465710d7c
residuals,source-intake/mts_residuals/P8_Y5_PARENT_QLOC_1958_CURRENT_OWNER_NONHILBERT_ATTEMPT.csv,research-ledger/files/residuals/85/P8_Y5_PARENT_QLOC_1958_CURRENT_OWNER_NONHILBERT_ATTEMPT.csv,3307,9fab1f5a284d93ef595f85708c1b9e0d6e084c9dc3e3af11c4dfe1a4c1c5608d
residuals,source-intake/mts_residuals/P8_Y5_PARENT_QLOC_1958_DECISION_LEDGER.csv,research-ledger/files/residuals/df/P8_Y5_PARENT_QLOC_1958_DECISION_LEDGER.csv,791,5e2ca910ddca381b95adee2065c40185af1c9e28cc38311d7bcb45a350631f5c
residuals,source-intake/mts_residuals/P8_Y5_PARENT_QLOC_1958_NEXT_TARGET.csv,research-ledger/files/residuals/b1/P8_Y5_PARENT_QLOC_1958_NEXT_TARGET.csv,641,60eede8d53dca63af23e3cf58e360b0ec28500db112059b865076aaa8152bac7
residuals,source-intake/mts_residuals/P8_Y5_PARENT_QLOC_1958_NONHILBERT_CURRENT_BOUND_LEDGER.csv,research-ledger/files/residuals/94/P8_Y5_PARENT_QLOC_1958_NONHILBERT_CURRENT_BOUND_LEDGER.csv,1549,38a0dfa3e2c0c5c31e8775e6ca0c46c93b216439ce5e8a8faaf55ec63bbe7987
residuals,source-intake/mts_residuals/P8_Y5_PARENT_QLOC_1958_PROJECT_STATUS_SNAPSHOT.csv,research-ledger/files/residuals/71/P8_Y5_PARENT_QLOC_1958_PROJECT_STATUS_SNAPSHOT.csv,643,ec2a97a5eff7f26a99075ddc9fd123c8fd075472067f4d324b953b4f89db5070
residuals,source-intake/mts_residuals/P8_Y5_PARENT_QLOC_1958_RUNNER_UPDATE.csv,research-ledger/files/residuals/88/P8_Y5_PARENT_QLOC_1958_RUNNER_UPDATE.csv,1205,a5178afddb6e8dd8f3b8a1ee9e9d9d0da13e152a6359eb3f8fc1b1ebab04e2ad
residuals,source-intake/mts_residuals/P8_Y5_PARENT_QLOC_1958_SOURCE_REGISTER.csv,research-ledger/files/residuals/81/P8_Y5_PARENT_QLOC_1958_SOURCE_REGISTER.csv,2374,64a35935452363f79baf94c67169477a3d67794fcd9c83adb5588c6a1d617b82
residuals,source-intake/mts_residuals/P8_Y5_PARENT_QLOC_1959_BYPASS_CURRENT_ENVELOPE_LEDGER.csv,research-ledger/files/residuals/f0/P8_Y5_PARENT_QLOC_1959_BYPASS_CURRENT_ENVELOPE_LEDGER.csv,1893,ddb499387fb0cdf0fbcc255ecd77191b2b01c416f307e021aba259f6faf55749
residuals,source-intake/mts_residuals/P8_Y5_PARENT_QLOC_1959_BYPASS_CURRENT_SILENCE_ATTEMPT.csv,research-ledger/files/residuals/9f/P8_Y5_PARENT_QLOC_1959_BYPASS_CURRENT_SILENCE_ATTEMPT.csv,3347,68b426f49b8d9a1f16150b77a1290e318cddd80724e050eb13b5d06c666941ac
residuals,source-intake/mts_residuals/P8_Y5_PARENT_QLOC_1959_CLAIM_GATE.csv,research-ledger/files/residuals/4c/P8_Y5_PARENT_QLOC_1959_CLAIM_GATE.csv,1689,0ffc87523e87e87879491b648d31ba572373c1c501a78d33ce281be09b1c9d08
residuals,source-intake/mts_residuals/P8_Y5_PARENT_QLOC_1959_DECISION_LEDGER.csv,research-ledger/files/residuals/f1/P8_Y5_PARENT_QLOC_1959_DECISION_LEDGER.csv,765,8636309d718aad5147ef405fd60a13f9f7963b42b6d83a4d0662c93d4cbc339d
residuals,source-intake/mts_residuals/P8_Y5_PARENT_QLOC_1959_NEXT_TARGET.csv,research-ledger/files/residuals/fd/P8_Y5_PARENT_QLOC_1959_NEXT_TARGET.csv,697,b930de498eca0c4c9d7e8a5f72805fb3c36274c57449a005b90540e6f68866d5
residuals,source-intake/mts_residuals/P8_Y5_PARENT_QLOC_1959_PROJECT_STATUS_SNAPSHOT.csv,research-ledger/files/residuals/6d/P8_Y5_PARENT_QLOC_1959_PROJECT_STATUS_SNAPSHOT.csv,646,743d08c00e46e296ec633fcf21aecb173d9434dec83ccde7a8ff35fe60d1255f
residuals,source-intake/mts_residuals/P8_Y5_PARENT_QLOC_1959_RUNNER_UPDATE.csv,research-ledger/files/residuals/73/P8_Y5_PARENT_QLOC_1959_RUNNER_UPDATE.csv,1105,5dbfdd935b0faf6d812efc6e0da3a96fbed21a43742c91343541b86289c6bd7a
residuals,source-intake/mts_residuals/P8_Y5_PARENT_QLOC_1959_SOURCE_REGISTER.csv,research-ledger/files/residuals/2f/P8_Y5_PARENT_QLOC_1959_SOURCE_REGISTER.csv,2901,2293cd089dde1a283eb51492805a2436b3db472ef352e22b8228af63f961e06b
residuals,source-intake/mts_residuals/P8_Y5_PARENT_QLOC_1960_CLAIM_GATE.csv,research-ledger/files/residuals/0c/P8_Y5_PARENT_QLOC_1960_CLAIM_GATE.csv,1513,76eef6aebc079022cf0d45736b4ba4c52cc0101e86aac742ad41a102144618b7
residuals,source-intake/mts_residuals/P8_Y5_PARENT_QLOC_1960_DECISION_LEDGER.csv,research-ledger/files/residuals/8a/P8_Y5_PARENT_QLOC_1960_DECISION_LEDGER.csv,748,855c9ff7cbd79f22b4df27dece0b2ebd04ddd2bf45debb018abe1fdff27a6c37
residuals,source-intake/mts_residuals/P8_Y5_PARENT_QLOC_1960_LC_NO_HYPERMOMENTUM_ATTEMPT.csv,research-ledger/files/residuals/77/P8_Y5_PARENT_QLOC_1960_LC_NO_HYPERMOMENTUM_ATTEMPT.csv,3422,d427c8ed59a45ad5a019978566fe8ffd957015058c6202f0e325f8e9b5376972
residuals,source-intake/mts_residuals/P8_Y5_PARENT_QLOC_1960_NEXT_TARGET.csv,research-ledger/files/residuals/35/P8_Y5_PARENT_QLOC_1960_NEXT_TARGET.csv,686,48e7accf8152a63e7c8d04989c8e907388e4f07d36fe68b9eccc38c27c6411fa
residuals,source-intake/mts_residuals/P8_Y5_PARENT_QLOC_1960_P4_CONNECTION_ENVELOPE_LEDGER.csv,research-ledger/files/residuals/b1/P8_Y5_PARENT_QLOC_1960_P4_CONNECTION_ENVELOPE_LEDGER.csv,2088,7333d824270ab39397e1defb9eae4db6a53c8c7c447ee816a93cde0d08f40bed
residuals,source-intake/mts_residuals/P8_Y5_PARENT_QLOC_1960_PROJECT_STATUS_SNAPSHOT.csv,research-ledger/files/residuals/12/P8_Y5_PARENT_QLOC_1960_PROJECT_STATUS_SNAPSHOT.csv,641,87ca75e5a209d8ae49b9326de41e442bdb75216628c8eb7ac2549195b1fdd863
residuals,source-intake/mts_residuals/P8_Y5_PARENT_QLOC_1960_RUNNER_UPDATE.csv,research-ledger/files/residuals/4b/P8_Y5_PARENT_QLOC_1960_RUNNER_UPDATE.csv,1121,68c734531d0e120aba8ae639d0aea95ca27e69fcac93105e7537974ad883c644
residuals,source-intake/mts_residuals/P8_Y5_PARENT_QLOC_1960_SOURCE_REGISTER.csv,research-ledger/files/residuals/7a/P8_Y5_PARENT_QLOC_1960_SOURCE_REGISTER.csv,2481,eb183464e4e76ce44ff5199f6923b305b6c781a9df244ffa07804e1fc172b13b
residuals,source-intake/mts_residuals/P8_Y5_PARENT_QLOC_1961_CLAIM_GATE.csv,research-ledger/files/residuals/a4/P8_Y5_PARENT_QLOC_1961_CLAIM_GATE.csv,1745,0d0c9b1ce41c9798fe6194cd5baca28630d3ef2e8330cf0b595e8bde8f916914
residuals,source-intake/mts_residuals/P8_Y5_PARENT_QLOC_1961_DECISION_LEDGER.csv,research-ledger/files/residuals/96/P8_Y5_PARENT_QLOC_1961_DECISION_LEDGER.csv,775,9a74f04c27d88ac78ca4f8387338690872e4569ed3053f8e58ca32627ef2fa15
residuals,source-intake/mts_residuals/P8_Y5_PARENT_QLOC_1961_METRIC_ONLY_SIGNATURE_ATTEMPT.csv,research-ledger/files/residuals/c7/P8_Y5_PARENT_QLOC_1961_METRIC_ONLY_SIGNATURE_ATTEMPT.csv,3312,4fac103e49e8fd8b45db3c096c1dffbd5d87f176e19f467195bd1cf5b6601784
residuals,source-intake/mts_residuals/P8_Y5_PARENT_QLOC_1961_NEXT_TARGET.csv,research-ledger/files/residuals/72/P8_Y5_PARENT_QLOC_1961_NEXT_TARGET.csv,675,12a72b18e50884e6c675f0a0a46dabfa64804c24ae453f61fefd79f1a7aa2434
residuals,source-intake/mts_residuals/P8_Y5_PARENT_QLOC_1961_P4_FILL_PRIORITY_LEDGER.csv,research-ledger/files/residuals/9a/P8_Y5_PARENT_QLOC_1961_P4_FILL_PRIORITY_LEDGER.csv,1593,6dd982a94f38d6aeb31254cc348a5065bc7e9e9fe6b43f3fdfbe069485265a04
residuals,source-intake/mts_residuals/P8_Y5_PARENT_QLOC_1961_PROJECT_STATUS_SNAPSHOT.csv,research-ledger/files/residuals/a7/P8_Y5_PARENT_QLOC_1961_PROJECT_STATUS_SNAPSHOT.csv,670,f2efd6693e59ea63113377f0a0bcbacf257e10c192879a20d0647c4ec2a7a525
residuals,source-intake/mts_residuals/P8_Y5_PARENT_QLOC_1961_RUNNER_UPDATE.csv,research-ledger/files/residuals/09/P8_Y5_PARENT_QLOC_1961_RUNNER_UPDATE.csv,1181,89be99190920ec8a1ddb9ee6ad0fe5ebc5cf1dad3cdee81b8446f885e7d5dece
residuals,source-intake/mts_residuals/P8_Y5_PARENT_QLOC_1961_SOURCE_REGISTER.csv,research-ledger/files/residuals/b3/P8_Y5_PARENT_QLOC_1961_SOURCE_REGISTER.csv,2953,9602ef1fdafc2696e4da8399449f7f5a41a761e98c198f666908aceb8f877e63
residuals,source-intake/mts_residuals/P8_Y5_PARENT_QLOC_1962_CLAIM_GATE.csv,research-ledger/files/residuals/e7/P8_Y5_PARENT_QLOC_1962_CLAIM_GATE.csv,1484,9ce3f03270b249dd78c266bcf018b15ebf3491958dcafaba621dc5847acae154
residuals,source-intake/mts_residuals/P8_Y5_PARENT_QLOC_1962_DECISION_LEDGER.csv,research-ledger/files/residuals/11/P8_Y5_PARENT_QLOC_1962_DECISION_LEDGER.csv,813,eb766f152700e5dbad4db11b49ae0ff0151d651c651ad5ca2880614f5fc573c8
residuals,source-intake/mts_residuals/P8_Y5_PARENT_QLOC_1962_EH_GATE_IMPACT_LEDGER.csv,research-ledger/files/residuals/ec/P8_Y5_PARENT_QLOC_1962_EH_GATE_IMPACT_LEDGER.csv,1545,c455c7e2f7cb0b5fec93484dc584d0939a93f535789d2f73db1cb0471811b63d
residuals,source-intake/mts_residuals/P8_Y5_PARENT_QLOC_1962_NEXT_TARGET.csv,research-ledger/files/residuals/55/P8_Y5_PARENT_QLOC_1962_NEXT_TARGET.csv,766,ed354f5828b01cfa9edaf16eb3da8798ef0b41940b29dd47e1ce333cbd7a2999
residuals,source-intake/mts_residuals/P8_Y5_PARENT_QLOC_1962_OWNERSHIP_THEOREM_ATTEMPT.csv,research-ledger/files/residuals/35/P8_Y5_PARENT_QLOC_1962_OWNERSHIP_THEOREM_ATTEMPT.csv,3809,ec5ed13971c56c6c1b828d5bfc135c7343471df81ef8e25c2ddd68fbfb2df6d8
residuals,source-intake/mts_residuals/P8_Y5_PARENT_QLOC_1962_P4_HYPERMOMENTUM_FALLBACK.csv,research-ledger/files/residuals/ac/P8_Y5_PARENT_QLOC_1962_P4_HYPERMOMENTUM_FALLBACK.csv,1663,94b456ff723acef1ec2c3c79ef6639ef6c901393003c37001058daff151047f1
residuals,source-intake/mts_residuals/P8_Y5_PARENT_QLOC_1962_PROJECT_STATUS_SNAPSHOT.csv,research-ledger/files/residuals/38/P8_Y5_PARENT_QLOC_1962_PROJECT_STATUS_SNAPSHOT.csv,738,5ea8ccf6eaa1127dafd3cd1e5e44807a50ba1d4dd2d308fbf6b98986b786d869
residuals,source-intake/mts_residuals/P8_Y5_PARENT_QLOC_1962_SOURCE_REGISTER.csv,research-ledger/files/residuals/38/P8_Y5_PARENT_QLOC_1962_SOURCE_REGISTER.csv,4624,971121a6317c250aba4150c6fbc083d95dbfaea9810dca680c3d1d8675b2ab40
residuals,source-intake/mts_residuals/P8_Y5_PARENT_QLOC_1963_CLAIM_GATE.csv,research-ledger/files/residuals/3b/P8_Y5_PARENT_QLOC_1963_CLAIM_GATE.csv,1263,46f09387f52205d5627fb0215f4cdd70863b12e7790b3949fbd03f32ad52e6dc
residuals,source-intake/mts_residuals/P8_Y5_PARENT_QLOC_1963_DECISION_LEDGER.csv,research-ledger/files/residuals/f6/P8_Y5_PARENT_QLOC_1963_DECISION_LEDGER.csv,844,115fb756d3bf3ab08df936d06ac475e8a6a4b09d7312c2f9148bee27116ebb40
residuals,source-intake/mts_residuals/P8_Y5_PARENT_QLOC_1963_EH_REMAINING_GATES.csv,research-ledger/files/residuals/3f/P8_Y5_PARENT_QLOC_1963_EH_REMAINING_GATES.csv,1523,e30bb9720a87a870eee14e781289dcea4b99d5f678e5725df590993d1b4b0447
residuals,source-intake/mts_residuals/P8_Y5_PARENT_QLOC_1963_MINIMAL_PARENT_ACTION_SIGNATURE.csv,research-ledger/files/residuals/4c/P8_Y5_PARENT_QLOC_1963_MINIMAL_PARENT_ACTION_SIGNATURE.csv,3587,a3e5b616a4fa2e5859a1b40e840b69b031f5001a725570eeb1bb94b604bdf33f
residuals,source-intake/mts_residuals/P8_Y5_PARENT_QLOC_1963_NEXT_TARGET.csv,research-ledger/files/residuals/6c/P8_Y5_PARENT_QLOC_1963_NEXT_TARGET.csv,727,5319ed1d9bbe3e80395b23edd952856d5b51c01110ab82f15a511b5fda0063ae
residuals,source-intake/mts_residuals/P8_Y5_PARENT_QLOC_1963_NO_GAMMA_THEOREM.csv,research-ledger/files/residuals/87/P8_Y5_PARENT_QLOC_1963_NO_GAMMA_THEOREM.csv,1908,89952f1b6c76472fad251b7be07054e58e76fee73d29b26de4b9f9fa6d3792d4
residuals,source-intake/mts_residuals/P8_Y5_PARENT_QLOC_1963_P4_HYPERMOMENTUM_ROW_SCHEMA.csv,research-ledger/files/residuals/d8/P8_Y5_PARENT_QLOC_1963_P4_HYPERMOMENTUM_ROW_SCHEMA.csv,1273,2571f992ff9ffea9464fe7e375d1b39627788465facc41144a7e97dfee607beb
residuals,source-intake/mts_residuals/P8_Y5_PARENT_QLOC_1963_PROJECT_STATUS_SNAPSHOT.csv,research-ledger/files/residuals/b4/P8_Y5_PARENT_QLOC_1963_PROJECT_STATUS_SNAPSHOT.csv,696,464cccf0f336bb9b771ea278af0fc31237400052c1415444c64c44af3d3c6d8f
residuals,source-intake/mts_residuals/P8_Y5_PARENT_QLOC_1963_SOURCE_REGISTER.csv,research-ledger/files/residuals/b7/P8_Y5_PARENT_QLOC_1963_SOURCE_REGISTER.csv,3391,c3a98f22ad105c166520658096f7af8fc26ad8b0286d03477ea18ba0cb1896ab
residuals,source-intake/mts_residuals/P8_Y5_PARENT_QLOC_1964_CLAIM_GATE.csv,research-ledger/files/residuals/54/P8_Y5_PARENT_QLOC_1964_CLAIM_GATE.csv,1296,5a324138975dada130b4c0ace8e23957b34221ffe7219cf3661ff5b5b81ce347
residuals,source-intake/mts_residuals/P8_Y5_PARENT_QLOC_1964_COFRAME_LEGITIMACY_GATE.csv,research-ledger/files/residuals/29/P8_Y5_PARENT_QLOC_1964_COFRAME_LEGITIMACY_GATE.csv,2559,e45de960795bc8ad5c9d6d504559e6895848e54c5a7683163d69797df314664f
residuals,source-intake/mts_residuals/P8_Y5_PARENT_QLOC_1964_DECISION_LEDGER.csv,research-ledger/files/residuals/bd/P8_Y5_PARENT_QLOC_1964_DECISION_LEDGER.csv,733,3f2fdcd8d1355eeb97c8c71dcc462401443ceabb4458669136e5c8756cfd8d66
residuals,source-intake/mts_residuals/P8_Y5_PARENT_QLOC_1964_EH_SECOND_ORDER_GATE.csv,research-ledger/files/residuals/0e/P8_Y5_PARENT_QLOC_1964_EH_SECOND_ORDER_GATE.csv,2250,6ef05fc5a19a774572f4fee32014ea4fe9832b7bfc5f3613b9ecead36af0fe52
residuals,source-intake/mts_residuals/P8_Y5_PARENT_QLOC_1964_NEXT_TARGET.csv,research-ledger/files/residuals/57/P8_Y5_PARENT_QLOC_1964_NEXT_TARGET.csv,655,e30f16ecdb13ff371a0ce137939fff0504b688a4068c10d400006889b20a9e4d
residuals,source-intake/mts_residuals/P8_Y5_PARENT_QLOC_1964_PROJECT_STATUS_SNAPSHOT.csv,research-ledger/files/residuals/78/P8_Y5_PARENT_QLOC_1964_PROJECT_STATUS_SNAPSHOT.csv,708,59a275115530b293ffeaba9d5719e4250256f87b5006384244a82038d9a2b14e
residuals,source-intake/mts_residuals/P8_Y5_PARENT_QLOC_1964_R11_EXECUTABLE_INTERFACE.csv,research-ledger/files/residuals/b5/P8_Y5_PARENT_QLOC_1964_R11_EXECUTABLE_INTERFACE.csv,1484,07e0f0f6445d09927548f21ab93c4cd17da4c1291e83856431135170a9cf59b6
residuals,source-intake/mts_residuals/P8_Y5_PARENT_QLOC_1964_SOURCE_REGISTER.csv,research-ledger/files/residuals/f7/P8_Y5_PARENT_QLOC_1964_SOURCE_REGISTER.csv,3294,4bc740774a22c3ec70a879226d5b05c298160bf7d3b71961ab52d98393a75643
residuals,source-intake/mts_residuals/P8_Y5_PARENT_QLOC_1965_CLAIM_GATE.csv,research-ledger/files/residuals/1d/P8_Y5_PARENT_QLOC_1965_CLAIM_GATE.csv,1036,2ddeda6c1a74cf426fa615ed58fd1290ae2fc357a345b0784bdde350862c48e3
residuals,source-intake/mts_residuals/P8_Y5_PARENT_QLOC_1965_DECISION_LEDGER.csv,research-ledger/files/residuals/bf/P8_Y5_PARENT_QLOC_1965_DECISION_LEDGER.csv,924,6bc5fb61dd0060ae3bca6a5e192c72febdbd69a2a4ce0dcc7ff5b9a769ea9410
residuals,source-intake/mts_residuals/P8_Y5_PARENT_QLOC_1965_NEXT_TARGET.csv,research-ledger/files/residuals/bf/P8_Y5_PARENT_QLOC_1965_NEXT_TARGET.csv,737,dd22386d7120bb5862be2a03c3f497d78b47867ef9d98d86c6e681b532dbf8f1
residuals,source-intake/mts_residuals/P8_Y5_PARENT_QLOC_1965_PROJECT_STATUS_SNAPSHOT.csv,research-ledger/files/residuals/ea/P8_Y5_PARENT_QLOC_1965_PROJECT_STATUS_SNAPSHOT.csv,687,f9017a961f98dbec773a814720dcff437d0eee683e13d0e3b9f66b3faac13c85
residuals,source-intake/mts_residuals/P8_Y5_PARENT_QLOC_1965_R2FR_EXECUTABLE_BOUND_SCHEMA.csv,research-ledger/files/residuals/12/P8_Y5_PARENT_QLOC_1965_R2FR_EXECUTABLE_BOUND_SCHEMA.csv,1779,42261c3aedf34f0155a2dbe2c58f2d300e6e225f1885dbbcb15d6714a279d168
residuals,source-intake/mts_residuals/P8_Y5_PARENT_QLOC_1965_R2FR_RUNNER_DRYRUN.csv,research-ledger/files/residuals/f8/P8_Y5_PARENT_QLOC_1965_R2FR_RUNNER_DRYRUN.csv,1264,4fa030a3aa3be0e9941cfb4ede9e14df02082e9b5591e702df633b7718aa5972
residuals,source-intake/mts_residuals/P8_Y5_PARENT_QLOC_1965_R2FR_SCALARON_MAP.csv,research-ledger/files/residuals/34/P8_Y5_PARENT_QLOC_1965_R2FR_SCALARON_MAP.csv,1871,4c9ffc50b868f2527a929a171423c06e84f9958220b7130ca6cd837d6f00e994
residuals,source-intake/mts_residuals/P8_Y5_PARENT_QLOC_1965_R2FR_ZERO_PROOF_ATTEMPT.csv,research-ledger/files/residuals/92/P8_Y5_PARENT_QLOC_1965_R2FR_ZERO_PROOF_ATTEMPT.csv,3275,54416e1a2336ff622ab9b4b1f975eaa41db48d2c5b5f68e22e7b7d732e302a35
residuals,source-intake/mts_residuals/P8_Y5_PARENT_QLOC_1965_SOURCE_REGISTER.csv,research-ledger/files/residuals/ac/P8_Y5_PARENT_QLOC_1965_SOURCE_REGISTER.csv,4506,b11c45284acd91d1127729c672973735216b64f932e5c2bfec786c3ce6d03fd3
residuals,source-intake/mts_residuals/P8_Y5_PARENT_QLOC_1966_CLAIM_GATE.csv,research-ledger/files/residuals/c8/P8_Y5_PARENT_QLOC_1966_CLAIM_GATE.csv,1060,4f9453c952a63c9478a2261ef5902a462d50640b0383e07981dca39130c17606
residuals,source-intake/mts_residuals/P8_Y5_PARENT_QLOC_1966_DECISION_LEDGER.csv,research-ledger/files/residuals/5f/P8_Y5_PARENT_QLOC_1966_DECISION_LEDGER.csv,808,ae2c9491c3a4b73984c253f1f0b88cef72c12515c54d58c6fbbbecb9717aa692
residuals,source-intake/mts_residuals/P8_Y5_PARENT_QLOC_1966_LOCAL_SOURCE_REGISTER.csv,research-ledger/files/residuals/27/P8_Y5_PARENT_QLOC_1966_LOCAL_SOURCE_REGISTER.csv,1876,f03b4f6df60b0801eb93cf8eed8a6f3da482bd7329b9bac0c076eff4fb31c17a
residuals,source-intake/mts_residuals/P8_Y5_PARENT_QLOC_1966_MTS_R2FR_PREDICTION_PLACEHOLDERS.csv,research-ledger/files/residuals/76/P8_Y5_PARENT_QLOC_1966_MTS_R2FR_PREDICTION_PLACEHOLDERS.csv,994,d7e46153403e0a3e99608716d2172b424eba82ee9ab67349a3540a462de9eb64
residuals,source-intake/mts_residuals/P8_Y5_PARENT_QLOC_1966_NEXT_TARGET.csv,research-ledger/files/residuals/00/P8_Y5_PARENT_QLOC_1966_NEXT_TARGET.csv,748,f952e04e8469d36bd3e4550757ebd81c64c47d0f38f81fb18ecf3e95d8b89584
residuals,source-intake/mts_residuals/P8_Y5_PARENT_QLOC_1966_PROJECT_STATUS_SNAPSHOT.csv,research-ledger/files/residuals/c2/P8_Y5_PARENT_QLOC_1966_PROJECT_STATUS_SNAPSHOT.csv,669,2fc279e8b2f7e055f6bf09e1488f0a92dd7b340987978a363a10b70f3e0b2e60
residuals,source-intake/mts_residuals/P8_Y5_PARENT_QLOC_1966_R2FR_SMOKE_RUNNER.csv,research-ledger/files/residuals/76/P8_Y5_PARENT_QLOC_1966_R2FR_SMOKE_RUNNER.csv,1410,fca2c5a39c258b2134cf6df3ff2a47808c47f7352b26f8d5d6c6b76dabfc923c
residuals,source-intake/mts_residuals/P8_Y5_PARENT_QLOC_1967_CLAIM_GATE.csv,research-ledger/files/residuals/7f/P8_Y5_PARENT_QLOC_1967_CLAIM_GATE.csv,1209,4769b5ed8121fb61a8201972d7ace319d01e44bc64d41d9a0f598cc4345fb3ff
residuals,source-intake/mts_residuals/P8_Y5_PARENT_QLOC_1967_COEFFICIENT_ORIGIN_LEDGER.csv,research-ledger/files/residuals/d0/P8_Y5_PARENT_QLOC_1967_COEFFICIENT_ORIGIN_LEDGER.csv,2399,65b9d099e6f273abfa29f82e26d8314d17d40afebbce195fddddf9091680dad3
residuals,source-intake/mts_residuals/P8_Y5_PARENT_QLOC_1967_COEFFICIENT_RUNNER_DRYRUN.csv,research-ledger/files/residuals/e6/P8_Y5_PARENT_QLOC_1967_COEFFICIENT_RUNNER_DRYRUN.csv,1282,1e6f0b5f1e10ec5413eeafb363c10368f2a8b9c0155d47f10ed4949b868cad99
residuals,source-intake/mts_residuals/P8_Y5_PARENT_QLOC_1967_COEFFICIENT_SCHEMA.csv,research-ledger/files/residuals/3b/P8_Y5_PARENT_QLOC_1967_COEFFICIENT_SCHEMA.csv,1283,055359b5b27a36e66aebdd5ff71949b733396275cae600e2219103a3e6a3abb9
residuals,source-intake/mts_residuals/P8_Y5_PARENT_QLOC_1967_DECISION_LEDGER.csv,research-ledger/files/residuals/72/P8_Y5_PARENT_QLOC_1967_DECISION_LEDGER.csv,858,da3ec3736f1325d42caa57d3a04cd39d8e64267b3e10de14709e3e1993f53d76
residuals,source-intake/mts_residuals/P8_Y5_PARENT_QLOC_1967_MINIMALITY_ATTEMPT.csv,research-ledger/files/residuals/35/P8_Y5_PARENT_QLOC_1967_MINIMALITY_ATTEMPT.csv,3485,65132ee6f1a963a6a4359b21b217375a8e4701f8e1e569ecd34d619987c364ec
residuals,source-intake/mts_residuals/P8_Y5_PARENT_QLOC_1967_NEXT_TARGET.csv,research-ledger/files/residuals/03/P8_Y5_PARENT_QLOC_1967_NEXT_TARGET.csv,713,bf84ddbd52a6eada4fc36868662cb2a3235c24be0fe8a74f3e48abaa5c9b2035
residuals,source-intake/mts_residuals/P8_Y5_PARENT_QLOC_1967_PROJECT_STATUS_SNAPSHOT.csv,research-ledger/files/residuals/be/P8_Y5_PARENT_QLOC_1967_PROJECT_STATUS_SNAPSHOT.csv,709,956bf027661fdcbf5a36e1a00a55201161bcefa2c4aa0283a870d152f27083fe
residuals,source-intake/mts_residuals/P8_Y5_PARENT_QLOC_1967_SOURCE_REGISTER.csv,research-ledger/files/residuals/ab/P8_Y5_PARENT_QLOC_1967_SOURCE_REGISTER.csv,3282,1715046b5e46e1f56b4d0d15ec648ee978ed9311089feb68846c4272c33b8fa4
residuals,source-intake/mts_residuals/P8_Y5_PARENT_QLOC_1968_CLAIM_GATE.csv,research-ledger/files/residuals/6a/P8_Y5_PARENT_QLOC_1968_CLAIM_GATE.csv,1220,adad0b82fc853eb1c4eccb381537cc11b0fe16b94d4a4bb00f00b00b4b881f94
residuals,source-intake/mts_residuals/P8_Y5_PARENT_QLOC_1968_DECISION_LEDGER.csv,research-ledger/files/residuals/a4/P8_Y5_PARENT_QLOC_1968_DECISION_LEDGER.csv,770,a288e50f9acf4c5ef03d1331e4b8711815433e112231338aea83c367ae9ebb1b
residuals,source-intake/mts_residuals/P8_Y5_PARENT_QLOC_1968_NEXT_TARGET.csv,research-ledger/files/residuals/10/P8_Y5_PARENT_QLOC_1968_NEXT_TARGET.csv,688,9331850861601b64eec021717c6517b3ca7958a52429f4972482e21d577b439f
residuals,source-intake/mts_residuals/P8_Y5_PARENT_QLOC_1968_NO_TOWER_ATTEMPT.csv,research-ledger/files/residuals/6e/P8_Y5_PARENT_QLOC_1968_NO_TOWER_ATTEMPT.csv,3456,88f3475bae1d1b8378f0a98bbdea929312eca00351d33f78d4b9b696a428ea42
residuals,source-intake/mts_residuals/P8_Y5_PARENT_QLOC_1968_PROJECT_STATUS_SNAPSHOT.csv,research-ledger/files/residuals/6f/P8_Y5_PARENT_QLOC_1968_PROJECT_STATUS_SNAPSHOT.csv,588,99040bfb52c9dee5faa7f3970a357047a81e63006aa2e1bf58ab7752444d50bb
residuals,source-intake/mts_residuals/P8_Y5_PARENT_QLOC_1968_SOURCE_REGISTER.csv,research-ledger/files/residuals/19/P8_Y5_PARENT_QLOC_1968_SOURCE_REGISTER.csv,3383,67d2661f136adf2a17319f64024c77d70e36536bb27b0f655ef50954abb789b3
residuals,source-intake/mts_residuals/P8_Y5_PARENT_QLOC_1968_XI_COEFFICIENT_SCHEMA.csv,research-ledger/files/residuals/35/P8_Y5_PARENT_QLOC_1968_XI_COEFFICIENT_SCHEMA.csv,1354,d418f2ea61f67c9422e716c9ceac867d39a21f5b568beed62bf054d33cce0fe1
residuals,source-intake/mts_residuals/P8_Y5_PARENT_QLOC_1968_XI_MIXING_LEDGER.csv,research-ledger/files/residuals/ba/P8_Y5_PARENT_QLOC_1968_XI_MIXING_LEDGER.csv,1944,2f41ebff4935a95f7d093a829fb8160cb5c1810645a2f1db3f055db1bac2368b
residuals,source-intake/mts_residuals/P8_Y5_PARENT_QLOC_1968_XI_RUNNER_DRYRUN.csv,research-ledger/files/residuals/e6/P8_Y5_PARENT_QLOC_1968_XI_RUNNER_DRYRUN.csv,1209,e9abd3654e4277490fc882fd60133a242016e69e15c097d8c0bfaa2ed888a499
residuals,source-intake/mts_residuals/P8_Y5_PARENT_QLOC_1969_BMR_COMPONENT_LEDGER.csv,research-ledger/files/residuals/cc/P8_Y5_PARENT_QLOC_1969_BMR_COMPONENT_LEDGER.csv,1618,c52f8475650c8941cc93d4ac0784fe36325b2f2063689909815467e1c81eacff
residuals,source-intake/mts_residuals/P8_Y5_PARENT_QLOC_1969_CLAIM_GATE.csv,research-ledger/files/residuals/10/P8_Y5_PARENT_QLOC_1969_CLAIM_GATE.csv,1269,f05340ead6c5cca5b6b5c740bc3fb3c08ff22967171c2846d2f86d789d6122bd
residuals,source-intake/mts_residuals/P8_Y5_PARENT_QLOC_1969_DECISION_LEDGER.csv,research-ledger/files/residuals/a3/P8_Y5_PARENT_QLOC_1969_DECISION_LEDGER.csv,850,5118a361b911c252fdecbeb80a178acc3c03bc22d3b6e6c24e0b1a9c01bdb5c9
residuals,source-intake/mts_residuals/P8_Y5_PARENT_QLOC_1969_MEMORY_COEFFICIENT_SCHEMA.csv,research-ledger/files/residuals/50/P8_Y5_PARENT_QLOC_1969_MEMORY_COEFFICIENT_SCHEMA.csv,1165,559af5379934fa7cc98a68c41d7810c9858150486cdc5cdc7470c5da15ec7ef2
residuals,source-intake/mts_residuals/P8_Y5_PARENT_QLOC_1969_MEMORY_DERIVATION.csv,research-ledger/files/residuals/ef/P8_Y5_PARENT_QLOC_1969_MEMORY_DERIVATION.csv,3646,16d69be9b56604c7edba74c95b3ec8f2b6859e196c8cdc17ac37e049d8206024
residuals,source-intake/mts_residuals/P8_Y5_PARENT_QLOC_1969_MEMORY_RUNNER_DRYRUN.csv,research-ledger/files/residuals/19/P8_Y5_PARENT_QLOC_1969_MEMORY_RUNNER_DRYRUN.csv,1214,dda43e2e02767589baaf9f714c23360b5e56af805b93c1da4fe860fc948306fb
residuals,source-intake/mts_residuals/P8_Y5_PARENT_QLOC_1969_NEXT_TARGET.csv,research-ledger/files/residuals/4e/P8_Y5_PARENT_QLOC_1969_NEXT_TARGET.csv,647,efd58c7a052554b4dd51818dd5254d534f5520ee210e07b1a3277ddd50e6ef70
residuals,source-intake/mts_residuals/P8_Y5_PARENT_QLOC_1969_POSITIVE_OPERATOR_SILENCE.csv,research-ledger/files/residuals/cb/P8_Y5_PARENT_QLOC_1969_POSITIVE_OPERATOR_SILENCE.csv,1910,9bafda69e8af6cafc1f86f8c7573006a2b617be16016ac3cb161aec56d67c5e0
residuals,source-intake/mts_residuals/P8_Y5_PARENT_QLOC_1969_PROJECT_STATUS_SNAPSHOT.csv,research-ledger/files/residuals/1a/P8_Y5_PARENT_QLOC_1969_PROJECT_STATUS_SNAPSHOT.csv,728,d50bf08831d2087910895af50b427c6c9a85e7d9546e48ca67414df3d4fd1253
residuals,source-intake/mts_residuals/P8_Y5_PARENT_QLOC_1969_SOURCE_REGISTER.csv,research-ledger/files/residuals/3f/P8_Y5_PARENT_QLOC_1969_SOURCE_REGISTER.csv,2951,2001c1d6e55afc355cb6755881ea49a684f318f1ff012df1e8e9d6415abf109e
residuals,source-intake/mts_residuals/P8_Y5_PARENT_QLOC_1970_CLAIM_GATE.csv,research-ledger/files/residuals/52/P8_Y5_PARENT_QLOC_1970_CLAIM_GATE.csv,1265,808e8f86d3a6bd0b2125c02eff00616c7df41afd9c0d8319152768d24bc6b882
residuals,source-intake/mts_residuals/P8_Y5_PARENT_QLOC_1970_DECISION_LEDGER.csv,research-ledger/files/residuals/3a/P8_Y5_PARENT_QLOC_1970_DECISION_LEDGER.csv,1148,7c133aca3aeffca44a82093e32bb9872c2a9b80633e807dd6212e255b95a71ee
residuals,source-intake/mts_residuals/P8_Y5_PARENT_QLOC_1970_INDIRECT_BMR_AUDIT.csv,research-ledger/files/residuals/d2/P8_Y5_PARENT_QLOC_1970_INDIRECT_BMR_AUDIT.csv,3260,ceed3252ed6ffadb4aabc49077f14cc31592c1d8b2c884117c68b797482737ff
residuals,source-intake/mts_residuals/P8_Y5_PARENT_QLOC_1970_NEXT_TARGET.csv,research-ledger/files/residuals/43/P8_Y5_PARENT_QLOC_1970_NEXT_TARGET.csv,673,f65e2bc3937639e24742c9f1016e0fae8acd0be0dbbe4f0f45475265a4ebc262
residuals,source-intake/mts_residuals/P8_Y5_PARENT_QLOC_1970_PROJECT_STATUS_SNAPSHOT.csv,research-ledger/files/residuals/f0/P8_Y5_PARENT_QLOC_1970_PROJECT_STATUS_SNAPSHOT.csv,659,ac6df15fa0fefeb6fa1e47aed4b5a25b3b9aad0a55d83d5fd510991a8d127e4e
residuals,source-intake/mts_residuals/P8_Y5_PARENT_QLOC_1970_RUNNER_DRYRUN.csv,research-ledger/files/residuals/5a/P8_Y5_PARENT_QLOC_1970_RUNNER_DRYRUN.csv,1200,42697b4779e89ccaf43bbad1ffdd55da00794ac4f2ae007ec0af94adf4d8c712
residuals,source-intake/mts_residuals/P8_Y5_PARENT_QLOC_1970_SOURCE_BATH_BOUNDARY_SCHEMA.csv,research-ledger/files/residuals/95/P8_Y5_PARENT_QLOC_1970_SOURCE_BATH_BOUNDARY_SCHEMA.csv,1204,ba75b7b72ea35d32a007cf62cac7f9f7ff96e6340c41f8a8523d192c92d1fbfd
residuals,source-intake/mts_residuals/P8_Y5_PARENT_QLOC_1970_SOURCE_REGISTER.csv,research-ledger/files/residuals/1b/P8_Y5_PARENT_QLOC_1970_SOURCE_REGISTER.csv,2810,4874aaca46e0add083048f3ae660b3fe4201bfe8e75aea785001cc0ea4b5fa56
residuals,source-intake/mts_residuals/P8_Y5_PARENT_QLOC_1970_TWO_FIELD_SCHUR_GATE.csv,research-ledger/files/residuals/c6/P8_Y5_PARENT_QLOC_1970_TWO_FIELD_SCHUR_GATE.csv,1797,b13310f02e91636021861a9ee2c1c791c946b96266cc9197ff4a87de5b25b084
residuals,source-intake/mts_residuals/P8_Y5_PARENT_QLOC_1970_ZERO_ROUTE_CERTIFICATE.csv,research-ledger/files/residuals/9d/P8_Y5_PARENT_QLOC_1970_ZERO_ROUTE_CERTIFICATE.csv,1708,3c27c67301f621c266435aa2e31602894e9234267b808004aba1023d55b8b01a
residuals,source-intake/mts_residuals/P8_Y5_PARENT_QLOC_1971_CLAIM_GATE.csv,research-ledger/files/residuals/5d/P8_Y5_PARENT_QLOC_1971_CLAIM_GATE.csv,1260,e07e96ad7e8096700460f911aca393be61af0855a88e3006cd7c27a1daa48189
residuals,source-intake/mts_residuals/P8_Y5_PARENT_QLOC_1971_CXR_CURVATURE_INDEPENDENCE_PROOF.csv,research-ledger/files/residuals/2f/P8_Y5_PARENT_QLOC_1971_CXR_CURVATURE_INDEPENDENCE_PROOF.csv,3010,9bfaba700502cbab42e07fc45555bbc50082160d83a45a7da7d8db7a45f06a74
residuals,source-intake/mts_residuals/P8_Y5_PARENT_QLOC_1971_CXR_PROOF_GATE.csv,research-ledger/files/residuals/43/P8_Y5_PARENT_QLOC_1971_CXR_PROOF_GATE.csv,1662,e7dc11c5acacbd6d0b5c97f7c19a33d6e39046dfbe830d095d33bffcb60d24eb
residuals,source-intake/mts_residuals/P8_Y5_PARENT_QLOC_1971_DECISION_LEDGER.csv,research-ledger/files/residuals/04/P8_Y5_PARENT_QLOC_1971_DECISION_LEDGER.csv,1092,7ae8876ff80e83cfb57298a2d5b1cdd4c5cfe8e041bd6351fdef995360ba3b40
residuals,source-intake/mts_residuals/P8_Y5_PARENT_QLOC_1971_NEXT_TARGET.csv,research-ledger/files/residuals/90/P8_Y5_PARENT_QLOC_1971_NEXT_TARGET.csv,677,37123ddaeacf1c842599f8f1ff00182128e48593efb1c36abdf2f4ebc0512d22
residuals,source-intake/mts_residuals/P8_Y5_PARENT_QLOC_1971_PROJECT_STATUS_SNAPSHOT.csv,research-ledger/files/residuals/3f/P8_Y5_PARENT_QLOC_1971_PROJECT_STATUS_SNAPSHOT.csv,655,6e5c9bed9c8590e1a0d5e0e4bce30edb20e0f0f16c5d5291397901b58bcd6bcc
residuals,source-intake/mts_residuals/P8_Y5_PARENT_QLOC_1971_RUNNER_DRYRUN.csv,research-ledger/files/residuals/6a/P8_Y5_PARENT_QLOC_1971_RUNNER_DRYRUN.csv,1398,7ab41383422affba89f41c7266d766b62bd1465be4c6bf818643cbb5a12f9358
residuals,source-intake/mts_residuals/P8_Y5_PARENT_QLOC_1971_SOURCE_REGISTER.csv,research-ledger/files/residuals/10/P8_Y5_PARENT_QLOC_1971_SOURCE_REGISTER.csv,3147,92099b629b08858b568a7865ba8f9e93e5f141790d1f68354f24b6d901467ccf
residuals,source-intake/mts_residuals/P8_Y5_PARENT_QLOC_1971_TWO_FIELD_SCHUR_INPUTS.csv,research-ledger/files/residuals/2f/P8_Y5_PARENT_QLOC_1971_TWO_FIELD_SCHUR_INPUTS.csv,1666,df1814e7d9606f21aa66393667b6a1f6b309890b7f0d9e6675908aed9150fe58
residuals,source-intake/mts_residuals/P8_Y5_PARENT_QLOC_1972_CLAIM_GATE.csv,research-ledger/files/residuals/e8/P8_Y5_PARENT_QLOC_1972_CLAIM_GATE.csv,1266,f6cee2c60af552dcb140357c2873a230b112e71f283360d9f0fdc11e38dcf87a
residuals,source-intake/mts_residuals/P8_Y5_PARENT_QLOC_1972_CURRENT_XB_COMPATIBILITY_AUDIT.csv,research-ledger/files/residuals/c6/P8_Y5_PARENT_QLOC_1972_CURRENT_XB_COMPATIBILITY_AUDIT.csv,2255,e6031d96ac57f90ae86142ab4bb4c42a5ef2dedec259a3f31eb4f3ffda86f259
residuals,source-intake/mts_residuals/P8_Y5_PARENT_QLOC_1972_DECISION_LEDGER.csv,research-ledger/files/residuals/c6/P8_Y5_PARENT_QLOC_1972_DECISION_LEDGER.csv,1131,45c0c796c625d913cd4964fa1da4242ae9d8f60d1ab991efe9d24ee1260d3bea
residuals,source-intake/mts_residuals/P8_Y5_PARENT_QLOC_1972_MINIMAL_XB_OWNERSHIP_CLAUSE.csv,research-ledger/files/residuals/e0/P8_Y5_PARENT_QLOC_1972_MINIMAL_XB_OWNERSHIP_CLAUSE.csv,2830,2ad28663b9f970e7a391e376420a28fb663082640558b93b657e5cf5d7f86853
residuals,source-intake/mts_residuals/P8_Y5_PARENT_QLOC_1972_NEXT_TARGET.csv,research-ledger/files/residuals/ef/P8_Y5_PARENT_QLOC_1972_NEXT_TARGET.csv,723,b6cc1d8fe150b326098c6b3939a6d5d36ab3f643bf74a920fa4985977cb373b3
residuals,source-intake/mts_residuals/P8_Y5_PARENT_QLOC_1972_PROJECT_STATUS_SNAPSHOT.csv,research-ledger/files/residuals/30/P8_Y5_PARENT_QLOC_1972_PROJECT_STATUS_SNAPSHOT.csv,715,bd2899ed426ffa2347b02f89b8145176cb1d4147c9084e542585a9f4114590a4
residuals,source-intake/mts_residuals/P8_Y5_PARENT_QLOC_1972_ROUTE_SPLIT_DECISION.csv,research-ledger/files/residuals/10/P8_Y5_PARENT_QLOC_1972_ROUTE_SPLIT_DECISION.csv,1801,ea89cb6343be077eeaa6f9f6207c3acbace632bb10039e497c758ea6ec8c8c52
residuals,source-intake/mts_residuals/P8_Y5_PARENT_QLOC_1972_RUNNER_DRYRUN.csv,research-ledger/files/residuals/28/P8_Y5_PARENT_QLOC_1972_RUNNER_DRYRUN.csv,1184,68f98bf2adb243bba94c4952e32cd732a602f6df2d84891255eb22823b096a25
residuals,source-intake/mts_residuals/P8_Y5_PARENT_QLOC_1972_SCHUR_FILL_INPUT_PACK.csv,research-ledger/files/residuals/fd/P8_Y5_PARENT_QLOC_1972_SCHUR_FILL_INPUT_PACK.csv,2012,483cd52ce5b4e597ddf633f6b26bf5792cdfe35eecf5928ecf0a665737fafb7b
residuals,source-intake/mts_residuals/P8_Y5_PARENT_QLOC_1972_SOURCE_REGISTER.csv,research-ledger/files/residuals/a5/P8_Y5_PARENT_QLOC_1972_SOURCE_REGISTER.csv,3318,4d7a6181fd4bf8d2aa2187a3a2a2444c9859ff64cd50883cf87a0f01cf371a01
residuals,source-intake/mts_residuals/P8_Y5_PARENT_QLOC_1973_ACTIVE_COEFFICIENT_DEPENDENCY_MAP.csv,research-ledger/files/residuals/c9/P8_Y5_PARENT_QLOC_1973_ACTIVE_COEFFICIENT_DEPENDENCY_MAP.csv,1733,d9abbb3b26b8efa580ec2b41884431384bfda4a05654eb3d3dfc4d1ed102575a
residuals,source-intake/mts_residuals/P8_Y5_PARENT_QLOC_1973_CLAIM_GATE.csv,research-ledger/files/residuals/3d/P8_Y5_PARENT_QLOC_1973_CLAIM_GATE.csv,1209,661af3d79f62ca145f6f2267939270d92403241635ea8dad45b58a4ea16cfccb
residuals,source-intake/mts_residuals/P8_Y5_PARENT_QLOC_1973_CXR_ACURV_FIRST_ROW.csv,research-ledger/files/residuals/92/P8_Y5_PARENT_QLOC_1973_CXR_ACURV_FIRST_ROW.csv,2451,3e3bb522e1113541840c56812134543ee71a129b2df504b8a90de1ff2d3aab66
residuals,source-intake/mts_residuals/P8_Y5_PARENT_QLOC_1973_DECISION_LEDGER.csv,research-ledger/files/residuals/c0/P8_Y5_PARENT_QLOC_1973_DECISION_LEDGER.csv,1124,9be6ce3d474397ea072f1d73f22c9095ad410bd004c1953c71d0a6dfa51d95b3
residuals,source-intake/mts_residuals/P8_Y5_PARENT_QLOC_1973_NEXT_TARGET.csv,research-ledger/files/residuals/db/P8_Y5_PARENT_QLOC_1973_NEXT_TARGET.csv,722,8f7907d05ee9d1c72cd9ddce0f5fd5cda39be48a2fe15de2ba3a2bc27f70a298
residuals,source-intake/mts_residuals/P8_Y5_PARENT_QLOC_1973_PROJECT_STATUS_SNAPSHOT.csv,research-ledger/files/residuals/19/P8_Y5_PARENT_QLOC_1973_PROJECT_STATUS_SNAPSHOT.csv,663,1d3525946571893c205cff1952b176dcc3d19994d508307deca897ba0566f5ef
residuals,source-intake/mts_residuals/P8_Y5_PARENT_QLOC_1973_RUNNER_DRYRUN.csv,research-ledger/files/residuals/be/P8_Y5_PARENT_QLOC_1973_RUNNER_DRYRUN.csv,1199,810f8bfd9608054ae906dea16ff4657264479100bf18c919aed016c2cd548cc0
residuals,source-intake/mts_residuals/P8_Y5_PARENT_QLOC_1973_SOURCE_REGISTER.csv,research-ledger/files/residuals/9a/P8_Y5_PARENT_QLOC_1973_SOURCE_REGISTER.csv,2737,b662db00dccdac919b043f3110f56e1a9e666592406249e89db7deda7312ce67
residuals,source-intake/mts_residuals/P8_Y5_PARENT_QLOC_1973_XENV_XROUTE_FIREWALL_TEST.csv,research-ledger/files/residuals/be/P8_Y5_PARENT_QLOC_1973_XENV_XROUTE_FIREWALL_TEST.csv,2270,aa453e648d3a48efd72a16ce87c36b27abd2d91719d768b617818e885f93c654
residuals,source-intake/mts_residuals/P8_Y5_PARENT_QLOC_1974_ACTIVE_ACURV_DEPENDENCY_STATUS.csv,research-ledger/files/residuals/ee/P8_Y5_PARENT_QLOC_1974_ACTIVE_ACURV_DEPENDENCY_STATUS.csv,2552,9cc5d62de58d0370819a474eab32803c5c523a89c2fc8b31accf77af6e50399a
residuals,source-intake/mts_residuals/P8_Y5_PARENT_QLOC_1974_CLAIM_GATE.csv,research-ledger/files/residuals/dd/P8_Y5_PARENT_QLOC_1974_CLAIM_GATE.csv,1291,ca0f3e6acf4fa30a49370a96e87a0dea33545972e776da578c007b22fc4f4774
residuals,source-intake/mts_residuals/P8_Y5_PARENT_QLOC_1974_DECISION_LEDGER.csv,research-ledger/files/residuals/05/P8_Y5_PARENT_QLOC_1974_DECISION_LEDGER.csv,1153,3ceba2ab3d15e996087ff6a74ce90caf1a4ef0ab2adb7f299db147b173643472
residuals,source-intake/mts_residuals/P8_Y5_PARENT_QLOC_1974_LOGISTIC_DERIVATIVE_SUPPRESSION.csv,research-ledger/files/residuals/9b/P8_Y5_PARENT_QLOC_1974_LOGISTIC_DERIVATIVE_SUPPRESSION.csv,2718,154835bbb71775e06a65147872b492739fef178ff6551e4eabcf7d7aa24b868b
residuals,source-intake/mts_residuals/P8_Y5_PARENT_QLOC_1974_NEXT_TARGET.csv,research-ledger/files/residuals/5d/P8_Y5_PARENT_QLOC_1974_NEXT_TARGET.csv,762,1df4dca051f185b19e0471cbaffec1da7cfd6cc819db50066d4b90f270753aed
residuals,source-intake/mts_residuals/P8_Y5_PARENT_QLOC_1974_PROJECT_STATUS_SNAPSHOT.csv,research-ledger/files/residuals/ca/P8_Y5_PARENT_QLOC_1974_PROJECT_STATUS_SNAPSHOT.csv,633,8dfd614bd52daa7ced719420dc5ed708baac97db2e9790db69937e2149345ab1
residuals,source-intake/mts_residuals/P8_Y5_PARENT_QLOC_1974_RUNNER_DRYRUN.csv,research-ledger/files/residuals/77/P8_Y5_PARENT_QLOC_1974_RUNNER_DRYRUN.csv,1219,80280cec93aa2c7960aaef8b8100068904b8b7a7f660b38f252456cd524355d2
residuals,source-intake/mts_residuals/P8_Y5_PARENT_QLOC_1974_SOURCE_REGISTER.csv,research-ledger/files/residuals/e5/P8_Y5_PARENT_QLOC_1974_SOURCE_REGISTER.csv,2775,0b2a2e84e2a08ed4214cccea4946136ef4b4c1f48899b2152ce3bd00aac1da7b
residuals,source-intake/mts_residuals/P8_Y5_PARENT_QLOC_1974_ZERO_PROJECTOR_GATE.csv,research-ledger/files/residuals/24/P8_Y5_PARENT_QLOC_1974_ZERO_PROJECTOR_GATE.csv,2011,bfe77275196dcd106036281b61785c42ee5961a65508992ebfef5e24c1a5081b
residuals,source-intake/mts_residuals/P8_Y5_PARENT_QLOC_1975_BOUND_CONSTANT_REQUIREMENTS.csv,research-ledger/files/residuals/99/P8_Y5_PARENT_QLOC_1975_BOUND_CONSTANT_REQUIREMENTS.csv,1869,50dd21f55a923e3317b314b7438e163b783c6cb7604af5fcbfdf87e63acb79b6
residuals,source-intake/mts_residuals/P8_Y5_PARENT_QLOC_1975_CLAIM_GATE.csv,research-ledger/files/residuals/7d/P8_Y5_PARENT_QLOC_1975_CLAIM_GATE.csv,1063,a1e7201658e843e525ddc5b9518fec1c4305c3867fd555f835149913cb4a3020
residuals,source-intake/mts_residuals/P8_Y5_PARENT_QLOC_1975_DECISION_LEDGER.csv,research-ledger/files/residuals/ac/P8_Y5_PARENT_QLOC_1975_DECISION_LEDGER.csv,1015,eb4c887582656a207c979cc039a5fe96504d2e0d5a34cff5e431fa8dbfaa0774
residuals,source-intake/mts_residuals/P8_Y5_PARENT_QLOC_1975_NEXT_TARGET.csv,research-ledger/files/residuals/4d/P8_Y5_PARENT_QLOC_1975_NEXT_TARGET.csv,640,b8bec8970521b3420de908931a80dd736016e9b3dd74b27e0f49adfead3f2971
residuals,source-intake/mts_residuals/P8_Y5_PARENT_QLOC_1975_PROJECT_STATUS_SNAPSHOT.csv,research-ledger/files/residuals/05/P8_Y5_PARENT_QLOC_1975_PROJECT_STATUS_SNAPSHOT.csv,601,7aae1ef7fcf920fc9d98e3fa9454cff44d2d903839cb4aad88ada729ba70cfcb
residuals,source-intake/mts_residuals/P8_Y5_PARENT_QLOC_1975_R11_INTERFACE_ROWS.csv,research-ledger/files/residuals/d8/P8_Y5_PARENT_QLOC_1975_R11_INTERFACE_ROWS.csv,1030,b17374d5450235382c58f2877857bdb7e4c934e5e89aa324a3a7eae3f9651653
residuals,source-intake/mts_residuals/P8_Y5_PARENT_QLOC_1975_RUNNER_DRYRUN.csv,research-ledger/files/residuals/63/P8_Y5_PARENT_QLOC_1975_RUNNER_DRYRUN.csv,1131,f93c934831e0fb7d7b5990b1746e4c3d7f377d286674b0d1dac1c8c713c46077
residuals,source-intake/mts_residuals/P8_Y5_PARENT_QLOC_1975_SOURCE_REGISTER.csv,research-ledger/files/residuals/bf/P8_Y5_PARENT_QLOC_1975_SOURCE_REGISTER.csv,2387,a4a56a769b148d7e0db51a362725e222caf290e22f9f94bfe4e7a62e06eb9b15
residuals,source-intake/mts_residuals/P8_Y5_PARENT_QLOC_1975_UB_SUPPRESSION_BOUND_ENVELOPE.csv,research-ledger/files/residuals/73/P8_Y5_PARENT_QLOC_1975_UB_SUPPRESSION_BOUND_ENVELOPE.csv,2767,0167ea55535c3d94e6395a8cdec99d4f47044ffecf51319f05716e69b2625e6e
residuals,source-intake/mts_residuals/P8_Y5_PARENT_QLOC_1975_UNSUPPRESSED_ACURV_COEFFICIENT_ROWS.csv,research-ledger/files/residuals/0f/P8_Y5_PARENT_QLOC_1975_UNSUPPRESSED_ACURV_COEFFICIENT_ROWS.csv,2046,d99cda34e5332f30e12b5ec9375f9a7dd23156c074c2fce2c12a90785b2bf0bc
residuals,source-intake/mts_residuals/P8_Y5_PARENT_QLOC_1976_CLAIM_GATE.csv,research-ledger/files/residuals/c9/P8_Y5_PARENT_QLOC_1976_CLAIM_GATE.csv,1205,f93a6491739e4638e266f30180d3846c0bcad2486f35ecb503ae5b5644a32387
residuals,source-intake/mts_residuals/P8_Y5_PARENT_QLOC_1976_DECISION_LEDGER.csv,research-ledger/files/residuals/c2/P8_Y5_PARENT_QLOC_1976_DECISION_LEDGER.csv,1057,436cc40facbb03fc42afe38d4a99c7bb177dd3e3edfbc43249b0c2806f92677d
residuals,source-intake/mts_residuals/P8_Y5_PARENT_QLOC_1976_NEXT_TARGET.csv,research-ledger/files/residuals/c1/P8_Y5_PARENT_QLOC_1976_NEXT_TARGET.csv,625,d0ea8dabeddb3da37292680332c240c8876aebe44145133485c00ee246a4fc7d
residuals,source-intake/mts_residuals/P8_Y5_PARENT_QLOC_1976_PROJECT_STATUS_SNAPSHOT.csv,research-ledger/files/residuals/4e/P8_Y5_PARENT_QLOC_1976_PROJECT_STATUS_SNAPSHOT.csv,678,7bf2a6534e21415902590cf8f2782d832eb9cb7dd177ca4ccb0c903c0d0f747a
residuals,source-intake/mts_residuals/P8_Y5_PARENT_QLOC_1976_RUNNER_DRYRUN.csv,research-ledger/files/residuals/a0/P8_Y5_PARENT_QLOC_1976_RUNNER_DRYRUN.csv,1348,d5588a09d34a74a754d657df9a1592f27546931468a64abbed619b6ba17cbf65
residuals,source-intake/mts_residuals/P8_Y5_PARENT_QLOC_1976_SOURCE_REGISTER.csv,research-ledger/files/residuals/2a/P8_Y5_PARENT_QLOC_1976_SOURCE_REGISTER.csv,2786,63b63ac1cc675a64466e656e70e343415824d1926ee06e4a7f61640d755fb853
residuals,source-intake/mts_residuals/P8_Y5_PARENT_QLOC_1976_VR_ACURV_GATE.csv,research-ledger/files/residuals/05/P8_Y5_PARENT_QLOC_1976_VR_ACURV_GATE.csv,2454,f12a8fdc7051f384e53261a5880a6b3069d78218ee839b84439abde772cd548b
residuals,source-intake/mts_residuals/P8_Y5_PARENT_QLOC_1976_ZM_ACURV_GATE.csv,research-ledger/files/residuals/36/P8_Y5_PARENT_QLOC_1976_ZM_ACURV_GATE.csv,2155,680ae187eb59d93096518d03abfae3ea2e0e0c37d7f89b76f823bd6ee2a12fe6
residuals,source-intake/mts_residuals/P8_Y5_PARENT_QLOC_1976_ZM_VR_SCHUR_INTERFACE.csv,research-ledger/files/residuals/79/P8_Y5_PARENT_QLOC_1976_ZM_VR_SCHUR_INTERFACE.csv,1372,97747b5bac08ca5be12e87cf02b0486d22ec557d5a3977eafe03b2bd3b92c3cb
residuals,source-intake/mts_residuals/P8_Y5_PARENT_QLOC_1977_CLAIM_GATE.csv,research-ledger/files/residuals/e5/P8_Y5_PARENT_QLOC_1977_CLAIM_GATE.csv,1189,a7f50296f4ecf6e24ad6ccf13f6a72080b2c20f4c2e5f3dbaefc6557b218702c
residuals,source-intake/mts_residuals/P8_Y5_PARENT_QLOC_1977_DECISION_LEDGER.csv,research-ledger/files/residuals/44/P8_Y5_PARENT_QLOC_1977_DECISION_LEDGER.csv,925,409fcc825a66e8d5a9459def65e661e475f51d4e24171199b89cc3454cbf4c17
residuals,source-intake/mts_residuals/P8_Y5_PARENT_QLOC_1977_MOVING_EXTREMUM_VM_A_IDENTITY.csv,research-ledger/files/residuals/21/P8_Y5_PARENT_QLOC_1977_MOVING_EXTREMUM_VM_A_IDENTITY.csv,1670,94347f9ec0bbf3766dae41b856a6584f8c75c9acf63f3dc96cb38897cd89b765
residuals,source-intake/mts_residuals/P8_Y5_PARENT_QLOC_1977_NEXT_TARGET.csv,research-ledger/files/residuals/a5/P8_Y5_PARENT_QLOC_1977_NEXT_TARGET.csv,657,1231d411ca22185469c1ae38338fd71842da64bbf50e9297e688ebbb8208f5ba
