category,source_path,published_path,size_bytes,sha256
residuals,source-intake/mts_residuals/P8_Y5_R2FR_3310_NEXT_TARGET.csv,research-ledger/files/residuals/4c/P8_Y5_R2FR_3310_NEXT_TARGET.csv,582,3ad5e4b8f4c81b4b19606bd374d4e2e57ae813e8aa1a938adbe761de9939f2b6
residuals,source-intake/mts_residuals/P8_Y5_R2FR_3310_PARENT_RANGE_DERIVATION_AUDIT.csv,research-ledger/files/residuals/3c/P8_Y5_R2FR_3310_PARENT_RANGE_DERIVATION_AUDIT.csv,28406,ad66f143f3ee9f94f96b327386dbb1894df774dfdf20efaf9d84ed02fb1f389e
residuals,source-intake/mts_residuals/P8_Y5_R2FR_3310_PROMOTION_GATES.csv,research-ledger/files/residuals/86/P8_Y5_R2FR_3310_PROMOTION_GATES.csv,631,de4ddbb0c5f7a3dcbc7396177c6893c938547ef95aa89631d0614a98f011443a
residuals,source-intake/mts_residuals/P8_Y5_R2FR_3310_SOURCE_REGISTER.csv,research-ledger/files/residuals/a9/P8_Y5_R2FR_3310_SOURCE_REGISTER.csv,6251,0205e1d501db4eabcdeb14c662c370bdfcab5188c384e9a3d739f74dd73b3163
residuals,source-intake/mts_residuals/P8_Y5_R2FR_3310_WEP_KLAMBDA_ENVELOPE.csv,research-ledger/files/residuals/1b/P8_Y5_R2FR_3310_WEP_KLAMBDA_ENVELOPE.csv,16807,1c8d969e0688a787c354ac128dbdb9d6c087a6812a7d4241ffec3279a1fa8e8e
residuals,source-intake/mts_residuals/P8_Y5_R2FR_3311_ALPHA_XI_ENVELOPE_SUMMARY.csv,research-ledger/files/residuals/95/P8_Y5_R2FR_3311_ALPHA_XI_ENVELOPE_SUMMARY.csv,1132,96aeabf6da607cfcf9a693e670b2356d0595c8d5420338e45b8794f2173e11d1
residuals,source-intake/mts_residuals/P8_Y5_R2FR_3311_ALPHA_XI_FACTOR_LAW.csv,research-ledger/files/residuals/3f/P8_Y5_R2FR_3311_ALPHA_XI_FACTOR_LAW.csv,738,62d959bd240e4d934688f0d32fe79d77bbadb96cd00f0086bd462e1f102b8e83
residuals,source-intake/mts_residuals/P8_Y5_R2FR_3311_ALPHA_XI_RUNNER_NONCLAIM.csv,research-ledger/files/residuals/c2/P8_Y5_R2FR_3311_ALPHA_XI_RUNNER_NONCLAIM.csv,487,7f570f649d0d57b366c0abbb062eff26ef941aa644527df3384ff92ea9f96874
residuals,source-intake/mts_residuals/P8_Y5_R2FR_3311_ALPHA_XI_WEP_ENVELOPE.csv,research-ledger/files/residuals/17/P8_Y5_R2FR_3311_ALPHA_XI_WEP_ENVELOPE.csv,21178,ca71e919b53a2e169a87204a66eddbb1ca858d63b0922ff898eccc9005855078
residuals,source-intake/mts_residuals/P8_Y5_R2FR_3311_DECISION_LEDGER.csv,research-ledger/files/residuals/82/P8_Y5_R2FR_3311_DECISION_LEDGER.csv,483,745f8816777b81f63802b29e85724ab6ea9e7fed2bd2f7bd0cce439821f00fe9
residuals,source-intake/mts_residuals/P8_Y5_R2FR_3311_NEXT_TARGET.csv,research-ledger/files/residuals/16/P8_Y5_R2FR_3311_NEXT_TARGET.csv,493,6fdbcdfd90a04b951adb90670c299191b4eef85b33e12856f2d93c14342fdc78
residuals,source-intake/mts_residuals/P8_Y5_R2FR_3311_PARENT_ALPHA_XI_AUDIT.csv,research-ledger/files/residuals/46/P8_Y5_R2FR_3311_PARENT_ALPHA_XI_AUDIT.csv,2378,d63edd327647c3b20a19e4616cf08e94405b35c570a0601255d096573841b697
residuals,source-intake/mts_residuals/P8_Y5_R2FR_3311_PROMOTION_GATES.csv,research-ledger/files/residuals/41/P8_Y5_R2FR_3311_PROMOTION_GATES.csv,662,4e3fcdcbe0ead0294e4aea3f4847ff3debee4a42dd1298272ced957538f16c88
residuals,source-intake/mts_residuals/P8_Y5_R2FR_3311_SOURCE_REGISTER.csv,research-ledger/files/residuals/3a/P8_Y5_R2FR_3311_SOURCE_REGISTER.csv,8442,003aa02b31d329e403c724ef2887278f561cc0179c1a3aae2cf920c79c17883f
residuals,source-intake/mts_residuals/P8_Y5_R2FR_3312_BOUND_INPUT_UPDATE.csv,research-ledger/files/residuals/33/P8_Y5_R2FR_3312_BOUND_INPUT_UPDATE.csv,709,2381807c038aea50726fdae0742ae6cf1f249bc24f515251dbfafaf5d07ecb5a
residuals,source-intake/mts_residuals/P8_Y5_R2FR_3312_CONFIDENCE_LEDGER.csv,research-ledger/files/residuals/ff/P8_Y5_R2FR_3312_CONFIDENCE_LEDGER.csv,531,a037b72baa51648a00d11aeedaf460f1fcd07df238ed3e11c510e509466c701f
residuals,source-intake/mts_residuals/P8_Y5_R2FR_3312_DECISION_LEDGER.csv,research-ledger/files/residuals/bd/P8_Y5_R2FR_3312_DECISION_LEDGER.csv,586,703a24783d9a34157ee6b8a72ce3b334475535c54b7ee12b863c4fda37a79065
residuals,source-intake/mts_residuals/P8_Y5_R2FR_3312_EXACT_WEP_MATERIAL_LEDGER.csv,research-ledger/files/residuals/0e/P8_Y5_R2FR_3312_EXACT_WEP_MATERIAL_LEDGER.csv,930,7dce919f2b1065971a48962afbe158930a8d5f6eb3fceff1ea5752431453ada3
residuals,source-intake/mts_residuals/P8_Y5_R2FR_3312_EXACT_WEP_RUNNER_NONCLAIM.csv,research-ledger/files/residuals/f9/P8_Y5_R2FR_3312_EXACT_WEP_RUNNER_NONCLAIM.csv,679,4fef9f9e64312b99427446ab4a5e692fbb176f73619463a439f0e480c11a68b8
residuals,source-intake/mts_residuals/P8_Y5_R2FR_3312_NEXT_TARGET.csv,research-ledger/files/residuals/25/P8_Y5_R2FR_3312_NEXT_TARGET.csv,513,d19aa242b99f3036d14981dc50b30eef88e7055bdd5b7dbb1477b821fb2c66f9
residuals,source-intake/mts_residuals/P8_Y5_R2FR_3312_PARENT_Ai_PROOF_AUDIT.csv,research-ledger/files/residuals/8f/P8_Y5_R2FR_3312_PARENT_Ai_PROOF_AUDIT.csv,3656,992b01bf456af2620c1522db382e503a0bafa4a6ad313d61d0f7f2ac064a1c26
residuals,source-intake/mts_residuals/P8_Y5_R2FR_3312_PROMOTION_GATES.csv,research-ledger/files/residuals/39/P8_Y5_R2FR_3312_PROMOTION_GATES.csv,579,9fc4a381f9cfd1f7c08cfdc07f460ce9bb216fb4a5472dac2d2707f18d1a2f9e
residuals,source-intake/mts_residuals/P8_Y5_R2FR_3312_SOURCE_REGISTER.csv,research-ledger/files/residuals/04/P8_Y5_R2FR_3312_SOURCE_REGISTER.csv,4576,b300198fd7cfe98b42935e3ed4ac468a79248c344ebfc0da16685d2d5b7d6005
residuals,source-intake/mts_residuals/P8_Y5_R2FR_3312_UPGRADED_MATERIAL_CHARGES.csv,research-ledger/files/residuals/54/P8_Y5_R2FR_3312_UPGRADED_MATERIAL_CHARGES.csv,693,c78872aa9fcae9a4a460843cb9f613ac7e882e62671512006289a42369a3fe57
residuals,source-intake/mts_residuals/P8_Y5_R2FR_3312_UPGRADED_PAIR_DELTAS.csv,research-ledger/files/residuals/bb/P8_Y5_R2FR_3312_UPGRADED_PAIR_DELTAS.csv,515,0e85cb0b58f61061a3b1dcbf7f6ae4355f19d7bbabe7bb0fd570d89aa9050941
residuals,source-intake/mts_residuals/P8_Y5_R2FR_3313_DECISION_LEDGER.csv,research-ledger/files/residuals/ad/P8_Y5_R2FR_3313_DECISION_LEDGER.csv,572,4cc92dc2cbbc11e6e2d48f8080887e78edd559b1f56e2143cc84bb79fcef61b7
residuals,source-intake/mts_residuals/P8_Y5_R2FR_3313_FINAL_CLAIM_BLOCKERS.csv,research-ledger/files/residuals/4a/P8_Y5_R2FR_3313_FINAL_CLAIM_BLOCKERS.csv,668,81b4054c3fb0eba5fbb8b33aefe746071e06c05715ea72176e0bd1a21418482a
residuals,source-intake/mts_residuals/P8_Y5_R2FR_3313_NEXT_TARGET.csv,research-ledger/files/residuals/a9/P8_Y5_R2FR_3313_NEXT_TARGET.csv,545,ae08b36b3ad9ec1e58f5cf0c2c9ff591e3922a5a89fa65cd8240849d8241c7a9
residuals,source-intake/mts_residuals/P8_Y5_R2FR_3313_PROMOTION_GATES.csv,research-ledger/files/residuals/02/P8_Y5_R2FR_3313_PROMOTION_GATES.csv,639,50221cde06661d1ebe7d83b296efb092d45c7cdd26c9274830cff7dccbaca562
residuals,source-intake/mts_residuals/P8_Y5_R2FR_3313_SOURCE_REGISTER.csv,research-ledger/files/residuals/32/P8_Y5_R2FR_3313_SOURCE_REGISTER.csv,7808,5f040a5eebfd6a9201b9b3be2e337ef41f9275fa2d8cd9d00ad587bfd2e2864c
residuals,source-intake/mts_residuals/P8_Y5_R2FR_3313_UPGRADED_WEP_LINEAR_MATRIX.csv,research-ledger/files/residuals/ea/P8_Y5_R2FR_3313_UPGRADED_WEP_LINEAR_MATRIX.csv,24933,c4bfe54499ef25f20d094f2a2d9a90078ab1407b2206c6af302a46f1a65f04be
residuals,source-intake/mts_residuals/P8_Y5_R2FR_3313_UPGRADED_WEP_RUNNER_NONCLAIM.csv,research-ledger/files/residuals/47/P8_Y5_R2FR_3313_UPGRADED_WEP_RUNNER_NONCLAIM.csv,665,baf87815f8a169e5423136f1b2dd15e46b571e5ac3882fed3fd779f80f0ac4f2
residuals,source-intake/mts_residuals/P8_Y5_R2FR_3313_UPGRADED_WEP_SUMMARY.csv,research-ledger/files/residuals/0d/P8_Y5_R2FR_3313_UPGRADED_WEP_SUMMARY.csv,1355,b0e05bc9718f6a63031b8e0b56f3506a060a30edd534384d3c6f65b26b39f082
residuals,source-intake/mts_residuals/P8_Y5_R2FR_3314_Ai_FACTOR_CLAUSE_AUDIT.csv,research-ledger/files/residuals/06/P8_Y5_R2FR_3314_Ai_FACTOR_CLAUSE_AUDIT.csv,675,08eb49950e813daee0253594ad9e56ad528f56bc8b2d22b74abaf4ea044d057e
residuals,source-intake/mts_residuals/P8_Y5_R2FR_3314_BLOCKER_RANKING.csv,research-ledger/files/residuals/4f/P8_Y5_R2FR_3314_BLOCKER_RANKING.csv,1104,da922bf9ffa1f551a1cf9b0cc021ff7d2aff89c54f84929aa9c57e18d548c427
residuals,source-intake/mts_residuals/P8_Y5_R2FR_3314_BLOCKER_RUNNER_NONCLAIM.csv,research-ledger/files/residuals/1d/P8_Y5_R2FR_3314_BLOCKER_RUNNER_NONCLAIM.csv,653,1d04c9159dcb05d2be612b20c8d16fd9659ed641a2f0786f474bef083c8d9ec1
residuals,source-intake/mts_residuals/P8_Y5_R2FR_3314_DECISION_LEDGER.csv,research-ledger/files/residuals/87/P8_Y5_R2FR_3314_DECISION_LEDGER.csv,535,1b8c40fb8f14af663415ec17c1a4e50c71dc2eee1c462e1bdef0c234cac805d3
residuals,source-intake/mts_residuals/P8_Y5_R2FR_3314_NEXT_TARGET.csv,research-ledger/files/residuals/df/P8_Y5_R2FR_3314_NEXT_TARGET.csv,558,76065f58dd95482b9db1b5bd490fef290e8630226c71c9bda31c368359066e63
residuals,source-intake/mts_residuals/P8_Y5_R2FR_3314_PARENT_Ai_DERIVATION_ATTEMPT.csv,research-ledger/files/residuals/49/P8_Y5_R2FR_3314_PARENT_Ai_DERIVATION_ATTEMPT.csv,1193,40193b0af924e491640daf881ab84404ce46c069d710a076ff78542e937bad23
residuals,source-intake/mts_residuals/P8_Y5_R2FR_3314_PROMOTION_GATES.csv,research-ledger/files/residuals/6f/P8_Y5_R2FR_3314_PROMOTION_GATES.csv,601,76d582a44e5a23f4a1e1e4320eaeeb7ee03c8d04674ac6688fe12549051b9c18
residuals,source-intake/mts_residuals/P8_Y5_R2FR_3314_SOURCE_REGISTER.csv,research-ledger/files/residuals/fa/P8_Y5_R2FR_3314_SOURCE_REGISTER.csv,6975,b7d19bbf6c75e4025168e990020dc35a1be9d3389a8710ec598d249e4a4d2c7c
residuals,source-intake/mts_residuals/P8_Y5_R2FR_3314_STRATEGY_COMPARISON.csv,research-ledger/files/residuals/83/P8_Y5_R2FR_3314_STRATEGY_COMPARISON.csv,624,7c83281e12776aa187d5e521cd52cc8818b9cc648888adfc111b815d798265ab
residuals,source-intake/mts_residuals/P8_Y5_R2FR_3315_DECISION_LEDGER.csv,research-ledger/files/residuals/9f/P8_Y5_R2FR_3315_DECISION_LEDGER.csv,1048,f5be3b7a46a601c92bda60ea2d165de1f639bfa12306e6a6458013c19a83625c
residuals,source-intake/mts_residuals/P8_Y5_R2FR_3315_DUST_LIMIT_PROOF.csv,research-ledger/files/residuals/46/P8_Y5_R2FR_3315_DUST_LIMIT_PROOF.csv,1172,77b8d1e4b414c57f8e8eab107f04c025b197ca13590fff1209fab645993cee1c
residuals,source-intake/mts_residuals/P8_Y5_R2FR_3315_FACTOR_SPLIT_RESULT.csv,research-ledger/files/residuals/2b/P8_Y5_R2FR_3315_FACTOR_SPLIT_RESULT.csv,1504,635c9bd3df4c67bd0a586f0a5975588ec08f32f002c8f6c78edfeb8f9d30490f
residuals,source-intake/mts_residuals/P8_Y5_R2FR_3315_NEXT_TARGET.csv,research-ledger/files/residuals/b2/P8_Y5_R2FR_3315_NEXT_TARGET.csv,710,9ed385e3e655de94d5cb6bb3e76284c50b1e5c11eba40579e4af7aa62d25d937
residuals,source-intake/mts_residuals/P8_Y5_R2FR_3315_PARENT_SOURCE_THEOREM_ATTEMPT.csv,research-ledger/files/residuals/fe/P8_Y5_R2FR_3315_PARENT_SOURCE_THEOREM_ATTEMPT.csv,2828,5f08128e21e4f9ca47967ad1c1099b0da76834ba4439f87be18a3f39e82e260c
residuals,source-intake/mts_residuals/P8_Y5_R2FR_3315_PROMOTION_GATES.csv,research-ledger/files/residuals/a8/P8_Y5_R2FR_3315_PROMOTION_GATES.csv,644,5bc23fdaa6f3ba654b6f32b64668515fa0686709bd8c3bfa27dfec27b15ee41c
residuals,source-intake/mts_residuals/P8_Y5_R2FR_3315_RESIDUAL_SOURCE_ENVELOPE.csv,research-ledger/files/residuals/dc/P8_Y5_R2FR_3315_RESIDUAL_SOURCE_ENVELOPE.csv,1925,ab41a7d60a1cc47662eecb4847a759ff16ff84ed5e998d8d921d82145005714f
residuals,source-intake/mts_residuals/P8_Y5_R2FR_3315_SOURCE_REGISTER.csv,research-ledger/files/residuals/0c/P8_Y5_R2FR_3315_SOURCE_REGISTER.csv,3110,9e695d7ea8ea1659e4d4a0931e59d218ebfed191d9b3f8c0a6eece96f19f8f48
residuals,source-intake/mts_residuals/P8_Y5_R2FR_3315_TEST_PROJECTION_MAP.csv,research-ledger/files/residuals/69/P8_Y5_R2FR_3315_TEST_PROJECTION_MAP.csv,1336,11acfc46d85dad7c0908c56e6302026ebe2e32b20f6d4a1bab95d5cec93c557a
residuals,source-intake/mts_residuals/P8_Y5_R2FR_3316_A_FACTOR_UPDATE.csv,research-ledger/files/residuals/48/P8_Y5_R2FR_3316_A_FACTOR_UPDATE.csv,790,9c102dd1ba57f1dbb6766fb364608314d268c9a6c1c5bb3ba7b456e945b45ec2
residuals,source-intake/mts_residuals/P8_Y5_R2FR_3316_CORPUS_OPERATOR_SCAN.csv,research-ledger/files/residuals/38/P8_Y5_R2FR_3316_CORPUS_OPERATOR_SCAN.csv,7552,184c2d588b643c5ed264412bb001bb218d9cce98c75b660eefadcfe18beff321
residuals,source-intake/mts_residuals/P8_Y5_R2FR_3316_DECISION_LEDGER.csv,research-ledger/files/residuals/01/P8_Y5_R2FR_3316_DECISION_LEDGER.csv,1076,d2694172782e98c3521709d34bc48e46e5510649bf3afd739792cb3e9f05108e
residuals,source-intake/mts_residuals/P8_Y5_R2FR_3316_HESSIAN_READOUT_DERIVATION.csv,research-ledger/files/residuals/c8/P8_Y5_R2FR_3316_HESSIAN_READOUT_DERIVATION.csv,1589,41b1a630c7fd6a65a058b7c46379f73aef8ee488a9e283d4efe1348a6d9540e7
residuals,source-intake/mts_residuals/P8_Y5_R2FR_3316_NEXT_TARGET.csv,research-ledger/files/residuals/6f/P8_Y5_R2FR_3316_NEXT_TARGET.csv,728,293a144c5280d284a1c5d3616fa1ce272c94eb8677dd34b90d7d0978a8299a17
residuals,source-intake/mts_residuals/P8_Y5_R2FR_3316_PROMOTION_GATES.csv,research-ledger/files/residuals/e1/P8_Y5_R2FR_3316_PROMOTION_GATES.csv,652,d69f7093041b059cd6ca6d25adffd5d21711b0574381117264573b145eca0936
residuals,source-intake/mts_residuals/P8_Y5_R2FR_3316_RESIDUE_EXTRACTION_CONTRACT.csv,research-ledger/files/residuals/b9/P8_Y5_R2FR_3316_RESIDUE_EXTRACTION_CONTRACT.csv,1347,942f8bf4529c33a5d1bd0af8fa55bdee26ec4129301b3f20d1255fcc451f1968
residuals,source-intake/mts_residuals/P8_Y5_R2FR_3316_SOURCE_REGISTER.csv,research-ledger/files/residuals/2b/P8_Y5_R2FR_3316_SOURCE_REGISTER.csv,2350,1b43f18185675a6b1a43edb11d4db5252187da6e31be2029979dd7cbd3b6ca64
residuals,source-intake/mts_residuals/P8_Y5_R2FR_3317_ACTION_COMPATIBILITY_TEST.csv,research-ledger/files/residuals/d8/P8_Y5_R2FR_3317_ACTION_COMPATIBILITY_TEST.csv,1140,eef03f941cc2d4799df09ed406b3fe822b678e3268a39428d4d0b5811520b8cf
residuals,source-intake/mts_residuals/P8_Y5_R2FR_3317_BRANCH_DECISION_MATRIX.csv,research-ledger/files/residuals/15/P8_Y5_R2FR_3317_BRANCH_DECISION_MATRIX.csv,801,4d2858a1fa9457ded641ae419ebf1d92bb1d7afa12d7dc1565d95e87014cd59c
residuals,source-intake/mts_residuals/P8_Y5_R2FR_3317_DECISION_LEDGER.csv,research-ledger/files/residuals/d8/P8_Y5_R2FR_3317_DECISION_LEDGER.csv,1006,c70d74c249215ca11b5ffe26cb928207dacfa79f22ee01bd7e4b1985dd49901c
residuals,source-intake/mts_residuals/P8_Y5_R2FR_3317_MINIMAL_HESSIAN_FORMULA.csv,research-ledger/files/residuals/41/P8_Y5_R2FR_3317_MINIMAL_HESSIAN_FORMULA.csv,1183,5d7e9c321bf78e46bc9b8a8717e1fafdc74871ecf14d1466772effdf2d77b83c
residuals,source-intake/mts_residuals/P8_Y5_R2FR_3317_NEXT_TARGET.csv,research-ledger/files/residuals/fa/P8_Y5_R2FR_3317_NEXT_TARGET.csv,690,56ebbcd9aaff7ecba9a6bfe8477b7aad90a2db325dd52736d453042cf17f6a2e
residuals,source-intake/mts_residuals/P8_Y5_R2FR_3317_NO_POLE_CONDITIONS.csv,research-ledger/files/residuals/77/P8_Y5_R2FR_3317_NO_POLE_CONDITIONS.csv,1724,c223735b37813379d093d4f5c63b19c44c5bdc31f9652f95afbe0e4a406fb3fb
residuals,source-intake/mts_residuals/P8_Y5_R2FR_3317_PROMOTION_GATES.csv,research-ledger/files/residuals/b5/P8_Y5_R2FR_3317_PROMOTION_GATES.csv,511,747d3624e05c54748363a1f199abd4e3e1243d00cf48c50f62b77c383030c752
residuals,source-intake/mts_residuals/P8_Y5_R2FR_3317_SOURCE_REGISTER.csv,research-ledger/files/residuals/e0/P8_Y5_R2FR_3317_SOURCE_REGISTER.csv,2006,c3bb2dbd782da944b002072127fd5ac1267d88ea629c24a771740f25feedca20
residuals,source-intake/mts_residuals/P8_Y5_R2FR_3318_ACTION_EVIDENCE_EXTRACT.csv,research-ledger/files/residuals/90/P8_Y5_R2FR_3318_ACTION_EVIDENCE_EXTRACT.csv,4909,e0c76bc89128483c5bee6f977803c4007f56676df1b9ff4974cedc93b52c3b18
residuals,source-intake/mts_residuals/P8_Y5_R2FR_3318_BI_ENVELOPE_FALLBACK.csv,research-ledger/files/residuals/03/P8_Y5_R2FR_3318_BI_ENVELOPE_FALLBACK.csv,771,6be834bf9f6faa120353b66e0fe4547ad479637db3b18787ddce5b7b5fa1e0ef
residuals,source-intake/mts_residuals/P8_Y5_R2FR_3318_DECISION_LEDGER.csv,research-ledger/files/residuals/d6/P8_Y5_R2FR_3318_DECISION_LEDGER.csv,931,aaa661837388b9b7ab9eb95fa5b6794a495f653ef8f1a4326bbde11dddbba1e3
residuals,source-intake/mts_residuals/P8_Y5_R2FR_3318_GAMMA_BRANCH_AUDIT.csv,research-ledger/files/residuals/6d/P8_Y5_R2FR_3318_GAMMA_BRANCH_AUDIT.csv,1782,eb6c709ad1bb46ded142778df40a08d1221831be424fdbff0fa5349c9de721e4
residuals,source-intake/mts_residuals/P8_Y5_R2FR_3318_NEXT_TARGET.csv,research-ledger/files/residuals/76/P8_Y5_R2FR_3318_NEXT_TARGET.csv,717,8da6432682f909b02ef8b6eee6efc2cd0a6c87f878255655e8e3d0c54134d83b
residuals,source-intake/mts_residuals/P8_Y5_R2FR_3318_NONPROPAGATION_THEOREM_ATTEMPT.csv,research-ledger/files/residuals/cc/P8_Y5_R2FR_3318_NONPROPAGATION_THEOREM_ATTEMPT.csv,1782,90f8268aa7b88a0a04ed2100b551b3888a1c9e83cc958ad6898d0711008e6bcb
residuals,source-intake/mts_residuals/P8_Y5_R2FR_3318_PROMOTION_GATES.csv,research-ledger/files/residuals/43/P8_Y5_R2FR_3318_PROMOTION_GATES.csv,738,d4c0d8a6d78bdbfef3459f9e8a853eb44439ee98f1e2bbea92c211987b2691d0
residuals,source-intake/mts_residuals/P8_Y5_R2FR_3318_SOURCE_REGISTER.csv,research-ledger/files/residuals/8d/P8_Y5_R2FR_3318_SOURCE_REGISTER.csv,1930,a89062b27e6e305b0248e1cb71aedf42e60260029f1d5c750b2168ee85fe5eb4
residuals,source-intake/mts_residuals/P8_Y5_R2FR_3319_BI_GRADIENT_ENVELOPE_FALLBACK.csv,research-ledger/files/residuals/43/P8_Y5_R2FR_3319_BI_GRADIENT_ENVELOPE_FALLBACK.csv,865,6986315a178ffe4b0ad6732163d9625017c79d07775caed5bb5dce69c5c13302
residuals,source-intake/mts_residuals/P8_Y5_R2FR_3319_DECISION_LEDGER.csv,research-ledger/files/residuals/59/P8_Y5_R2FR_3319_DECISION_LEDGER.csv,1039,1b5d2e64e6e8e1d57f9f49742595684ca9e8fb65975298bcd01793f40bd4af9d
residuals,source-intake/mts_residuals/P8_Y5_R2FR_3319_NEXT_TARGET.csv,research-ledger/files/residuals/e0/P8_Y5_R2FR_3319_NEXT_TARGET.csv,711,8eece40addb7a8cdf41c69cddc125e1b1b9d5b9df3f089a4aa329f1a309f9dcb
residuals,source-intake/mts_residuals/P8_Y5_R2FR_3319_POLE_CLASSIFICATION.csv,research-ledger/files/residuals/4e/P8_Y5_R2FR_3319_POLE_CLASSIFICATION.csv,952,1083408d8ec725b12a4918ce463978f1c37c4da2c2f53165bd9f310b3870ced8
residuals,source-intake/mts_residuals/P8_Y5_R2FR_3319_PROMOTION_GATES.csv,research-ledger/files/residuals/56/P8_Y5_R2FR_3319_PROMOTION_GATES.csv,785,f7e319479d48e0e8699fa26c689c567ebadaf61d091018c2936689e08822c300
residuals,source-intake/mts_residuals/P8_Y5_R2FR_3319_PSI_EVIDENCE_EXTRACT.csv,research-ledger/files/residuals/93/P8_Y5_R2FR_3319_PSI_EVIDENCE_EXTRACT.csv,4560,219301e725559f301ef42cc1a73edd27e934180fab874490863409c62d2e0f3e
residuals,source-intake/mts_residuals/P8_Y5_R2FR_3319_PSI_READOUT_LINEARIZATION.csv,research-ledger/files/residuals/f6/P8_Y5_R2FR_3319_PSI_READOUT_LINEARIZATION.csv,1970,4486950dce9d043beb9ed0b125af11c0a174218c7560e338f7438c3750de917d
residuals,source-intake/mts_residuals/P8_Y5_R2FR_3319_SOURCE_REGISTER.csv,research-ledger/files/residuals/5b/P8_Y5_R2FR_3319_SOURCE_REGISTER.csv,1917,8d8a5feccee3db3d0c59dfb7481a92c0f06668261877f7a2e733fe4a22bcc61d
residuals,source-intake/mts_residuals/P8_Y5_R2FR_3320_DECISION_LEDGER.csv,research-ledger/files/residuals/a1/P8_Y5_R2FR_3320_DECISION_LEDGER.csv,868,ea0dc58f85d29e146431a64032e810873f382d56646d59d93af863b7aabfb873
residuals,source-intake/mts_residuals/P8_Y5_R2FR_3320_EPSILON_GRAD_ENVELOPE.csv,research-ledger/files/residuals/01/P8_Y5_R2FR_3320_EPSILON_GRAD_ENVELOPE.csv,867,33e22807b71329a7990d6ff29f87e71df234cc8af0eeeacae15d111351a7bd7e
residuals,source-intake/mts_residuals/P8_Y5_R2FR_3320_FIRST_GRADIENT_THEOREM_ATTEMPT.csv,research-ledger/files/residuals/da/P8_Y5_R2FR_3320_FIRST_GRADIENT_THEOREM_ATTEMPT.csv,1906,8f91090cf5202b0752511060ca2e33f74e58bd9e451f5d1ee9854113c2a5c7a4
residuals,source-intake/mts_residuals/P8_Y5_R2FR_3320_LOCAL_GRADIENT_EVIDENCE.csv,research-ledger/files/residuals/a2/P8_Y5_R2FR_3320_LOCAL_GRADIENT_EVIDENCE.csv,4891,c6089989fb1cb534916bbf61d622276651083e2894751d9d54716c09051c9839
residuals,source-intake/mts_residuals/P8_Y5_R2FR_3320_NEXT_TARGET.csv,research-ledger/files/residuals/50/P8_Y5_R2FR_3320_NEXT_TARGET.csv,698,5b39f58182a74b6ec003868784696836b26227e935df0c41f84ff6b765a5b115
residuals,source-intake/mts_residuals/P8_Y5_R2FR_3320_PROMOTION_GATES.csv,research-ledger/files/residuals/89/P8_Y5_R2FR_3320_PROMOTION_GATES.csv,778,51034e2cebd7a191d8ee8a166e5d40358b3b423f4b99fbcf98e929d27b3688c2
residuals,source-intake/mts_residuals/P8_Y5_R2FR_3320_SOURCE_REGISTER.csv,research-ledger/files/residuals/d4/P8_Y5_R2FR_3320_SOURCE_REGISTER.csv,1909,5c6bacf6904d8b02c769ede3b9b5c6e85c20560db2f102a959f44bd52ea6b1f6
residuals,source-intake/mts_residuals/P8_Y5_R2FR_3320_TEST_ROUTING.csv,research-ledger/files/residuals/0b/P8_Y5_R2FR_3320_TEST_ROUTING.csv,916,d30ceb93daa8a4f4101ef8b9967a06e61f96695ec8f57466067fa248e9075d33
residuals,source-intake/mts_residuals/P8_Y5_R2FR_3321_DECISION_LEDGER.csv,research-ledger/files/residuals/c0/P8_Y5_R2FR_3321_DECISION_LEDGER.csv,914,3a5f0b5c21e9107e408e3a7cfe8a80d7ad5154e8c7c23d07532968edf58c54ad
residuals,source-intake/mts_residuals/P8_Y5_R2FR_3321_EPSILON_GRAD_THRESHOLD_ROWS.csv,research-ledger/files/residuals/0d/P8_Y5_R2FR_3321_EPSILON_GRAD_THRESHOLD_ROWS.csv,709,e882bc9f5905cd2f5102815bc1453aabf7c3634f4ddb4f63e5b03928b741fbd7
residuals,source-intake/mts_residuals/P8_Y5_R2FR_3321_KERNEL_TRANSFER_LAW.csv,research-ledger/files/residuals/a1/P8_Y5_R2FR_3321_KERNEL_TRANSFER_LAW.csv,1229,8436661617a54957eb83e823046a858904b356333e14944eee6abc36c884c4ba
residuals,source-intake/mts_residuals/P8_Y5_R2FR_3321_NEXT_TARGET.csv,research-ledger/files/residuals/5d/P8_Y5_R2FR_3321_NEXT_TARGET.csv,679,6daf68d3001c95508b230e6aaa89216d95f6fab69dd316dccb54b5514ff8131d
residuals,source-intake/mts_residuals/P8_Y5_R2FR_3321_PROMOTION_GATES.csv,research-ledger/files/residuals/6a/P8_Y5_R2FR_3321_PROMOTION_GATES.csv,681,28c416e52245679d90546aef672500333e450eb7aef92030fafeaef5b25c05f6
residuals,source-intake/mts_residuals/P8_Y5_R2FR_3321_SCALE_EVIDENCE.csv,research-ledger/files/residuals/6e/P8_Y5_R2FR_3321_SCALE_EVIDENCE.csv,4384,56388da7a07153b749802ff0e7cc36250e7130b89e9896b140cffd1fe1d51255
residuals,source-intake/mts_residuals/P8_Y5_R2FR_3321_SOLAR_PROXY_BOUND.csv,research-ledger/files/residuals/8a/P8_Y5_R2FR_3321_SOLAR_PROXY_BOUND.csv,1262,81b80c09d8eb574846126b09505b0ab6d60ff57640f309b7909e2044c5757069
residuals,source-intake/mts_residuals/P8_Y5_R2FR_3321_SOURCE_REGISTER.csv,research-ledger/files/residuals/00/P8_Y5_R2FR_3321_SOURCE_REGISTER.csv,1973,ba72b4f91ef1308a6f9931745fd13f2cd6222f86e830f5501186fb0ad01500a5
residuals,source-intake/mts_residuals/P8_Y5_R2FR_3321_UPDATED_TEST_ROUTING.csv,research-ledger/files/residuals/28/P8_Y5_R2FR_3321_UPDATED_TEST_ROUTING.csv,1006,1a6d7315915844ac67d8cf81def63d4ddf0d91f1d79c61d14d02999ec76a02f1
residuals,source-intake/mts_residuals/P8_Y5_R2FR_3322_ARENA_THRESHOLD_FORMULAS.csv,research-ledger/files/residuals/fb/P8_Y5_R2FR_3322_ARENA_THRESHOLD_FORMULAS.csv,1237,077963fa10b60f4c2958d5ec3a340e0045ac95e933df2b42bf62eccc4445eba0
residuals,source-intake/mts_residuals/P8_Y5_R2FR_3322_CI_RESPONSE_GATE.csv,research-ledger/files/residuals/e7/P8_Y5_R2FR_3322_CI_RESPONSE_GATE.csv,975,dcb665816ad3da56a84e1ecd2a074a6876fbe6516e48c1bda54045210ec28286
residuals,source-intake/mts_residuals/P8_Y5_R2FR_3322_COMPOSITE_TAIL_GATE.csv,research-ledger/files/residuals/10/P8_Y5_R2FR_3322_COMPOSITE_TAIL_GATE.csv,1668,7ff919808200f54337196b653d399fef05f2c809ffabd55fdd94349bbd0c0575
residuals,source-intake/mts_residuals/P8_Y5_R2FR_3322_DECISION_LEDGER.csv,research-ledger/files/residuals/3f/P8_Y5_R2FR_3322_DECISION_LEDGER.csv,1003,c29d44b0ae7c1bd0bf2a0d64864afd5215418d44c5eed5308cc919f64f38b156
residuals,source-intake/mts_residuals/P8_Y5_R2FR_3322_NEXT_TARGET.csv,research-ledger/files/residuals/7c/P8_Y5_R2FR_3322_NEXT_TARGET.csv,683,510f51a20ede9bc1749234c4eaceb59c402f080f40ca4b42c8a727850ffcff77
residuals,source-intake/mts_residuals/P8_Y5_R2FR_3322_OPERATOR_BOUND.csv,research-ledger/files/residuals/b1/P8_Y5_R2FR_3322_OPERATOR_BOUND.csv,1593,c5a6576a78a74e050e6bc6a92b50215de0a6a22474b5bfb2c6510f8885628f0d
residuals,source-intake/mts_residuals/P8_Y5_R2FR_3322_PROMOTION_GATES.csv,research-ledger/files/residuals/35/P8_Y5_R2FR_3322_PROMOTION_GATES.csv,790,1cb8a4f918406006e923de9a3823467c77151db8670c6e66f78d461102ab06c5
residuals,source-intake/mts_residuals/P8_Y5_R2FR_3322_SOURCE_REGISTER.csv,research-ledger/files/residuals/c9/P8_Y5_R2FR_3322_SOURCE_REGISTER.csv,2348,3619a937515bf071e5e78b8fbb117ac994b27cea104efd6e1638151659bccdbe
residuals,source-intake/mts_residuals/P8_Y5_R2FR_3323_DECISION_LEDGER.csv,research-ledger/files/residuals/64/P8_Y5_R2FR_3323_DECISION_LEDGER.csv,896,a86e9e34bd00327a011520854f5d244c295dae1cb020384727ff54a534058bc3
residuals,source-intake/mts_residuals/P8_Y5_R2FR_3323_EM_POYNTING_SOURCE_GATE.csv,research-ledger/files/residuals/aa/P8_Y5_R2FR_3323_EM_POYNTING_SOURCE_GATE.csv,900,7162eb1d29c0853280807e68893dab8073d6afa7e48a2aca2e2bebab63545bac
residuals,source-intake/mts_residuals/P8_Y5_R2FR_3323_G_CIRCULARITY_AUDIT.csv,research-ledger/files/residuals/22/P8_Y5_R2FR_3323_G_CIRCULARITY_AUDIT.csv,1108,206a20df7820c8cde63f372e58ce18fbaf020db3ad144a58e4cc900871cd7183
residuals,source-intake/mts_residuals/P8_Y5_R2FR_3323_NEWTON_NORMALIZATION_CONTRACT.csv,research-ledger/files/residuals/ed/P8_Y5_R2FR_3323_NEWTON_NORMALIZATION_CONTRACT.csv,1679,2ce56e342829b282f126fdb5bf1bbb2ae1591bf5d618972a75bf735f34baad41
residuals,source-intake/mts_residuals/P8_Y5_R2FR_3323_NEXT_TARGET.csv,research-ledger/files/residuals/a0/P8_Y5_R2FR_3323_NEXT_TARGET.csv,731,48a21e9a02af8efe28b38c419633a5b69a2187590f4a70d0e949621b41c433a2
residuals,source-intake/mts_residuals/P8_Y5_R2FR_3323_NO_TADPOLE_COMPOSITE_GATE.csv,research-ledger/files/residuals/a2/P8_Y5_R2FR_3323_NO_TADPOLE_COMPOSITE_GATE.csv,1669,635b03f393f9e2bceaf274b4d38a5ed999d171135bcef10127e45b9d6f15c13e
residuals,source-intake/mts_residuals/P8_Y5_R2FR_3323_PROMOTION_GATES.csv,research-ledger/files/residuals/27/P8_Y5_R2FR_3323_PROMOTION_GATES.csv,1082,f16c711705a7d265a2b9694dddf74368094b5d8d63c5d1ab830b43b66fb17d35
residuals,source-intake/mts_residuals/P8_Y5_R2FR_3323_SOURCE_REGISTER.csv,research-ledger/files/residuals/ab/P8_Y5_R2FR_3323_SOURCE_REGISTER.csv,2049,342d7a2ba715e80e61cc041f3ec60e30239744a07e2548c4035caecfe4288b79
residuals,source-intake/mts_residuals/P8_Y5_R2FR_3324_CLOSURE_ASSUMPTION_LEDGER.csv,research-ledger/files/residuals/71/P8_Y5_R2FR_3324_CLOSURE_ASSUMPTION_LEDGER.csv,978,f2f45fe6bd06fbbdf5a8a65e5c7d85f59f00af25ffef2244e57109b5209b79a3
residuals,source-intake/mts_residuals/P8_Y5_R2FR_3324_DECISION_LEDGER.csv,research-ledger/files/residuals/b4/P8_Y5_R2FR_3324_DECISION_LEDGER.csv,930,ece3295b67635a111809aca16042bdb75c51da43ab36c6096cbdc1473db20ea7
residuals,source-intake/mts_residuals/P8_Y5_R2FR_3324_INDUCED_EH_ATTEMPT.csv,research-ledger/files/residuals/2d/P8_Y5_R2FR_3324_INDUCED_EH_ATTEMPT.csv,1043,2bfd592d9e1e8e71f052897a2eda92e56e30999c4a1bb4acc8f1b68460e38026
residuals,source-intake/mts_residuals/P8_Y5_R2FR_3324_MAXWELL_EM_STRESS_CLEAN_ROUTE.csv,research-ledger/files/residuals/ed/P8_Y5_R2FR_3324_MAXWELL_EM_STRESS_CLEAN_ROUTE.csv,737,1a390ec876b9768b2347a69075b5c33f77372a09fce017b8ff01cca7d80ca5c6
residuals,source-intake/mts_residuals/P8_Y5_R2FR_3324_MEASURED_G_CLOSURE_THEOREM.csv,research-ledger/files/residuals/5b/P8_Y5_R2FR_3324_MEASURED_G_CLOSURE_THEOREM.csv,1109,250324c20c919ca2355a95dc7d08d7095cbe696506c8df544a7219304838c436
residuals,source-intake/mts_residuals/P8_Y5_R2FR_3324_NEXT_TARGET.csv,research-ledger/files/residuals/1b/P8_Y5_R2FR_3324_NEXT_TARGET.csv,711,3c0b4135375a7bd3ff48dc53726469ecae83c5cf1526c22b9adff5e001ca3f0c
residuals,source-intake/mts_residuals/P8_Y5_R2FR_3324_POISSON_LIMIT_DERIVATION.csv,research-ledger/files/residuals/a1/P8_Y5_R2FR_3324_POISSON_LIMIT_DERIVATION.csv,742,09c49311ec7169c9a7ce124f3bcb7d5019afc38a5c8789652f1d335c379cbf85
residuals,source-intake/mts_residuals/P8_Y5_R2FR_3324_PROMOTION_GATES.csv,research-ledger/files/residuals/15/P8_Y5_R2FR_3324_PROMOTION_GATES.csv,1018,6c567d8224c78293c656f625c939dc0afd4894eabff733e80c3eec14d5663d65
residuals,source-intake/mts_residuals/P8_Y5_R2FR_3324_SOURCE_REGISTER.csv,research-ledger/files/residuals/6d/P8_Y5_R2FR_3324_SOURCE_REGISTER.csv,2639,a0d8c8d469b55074681a29c1b89d481cdc02249c68286fe9763dbbcd9c8710b6
residuals,source-intake/mts_residuals/P8_Y5_R2FR_3325_BRANCH_THEOREM_STATUS.csv,research-ledger/files/residuals/13/P8_Y5_R2FR_3325_BRANCH_THEOREM_STATUS.csv,1134,df6c767bb45a26ccb7bd5adb832f89cede516549460acbe51f496ea664ab92fe
residuals,source-intake/mts_residuals/P8_Y5_R2FR_3325_DECISION_LEDGER.csv,research-ledger/files/residuals/8e/P8_Y5_R2FR_3325_DECISION_LEDGER.csv,998,28f5ea433f36d6d75dc5ee29c620b5c25cdeeaf207e4070cc87e2cb9375f2c25
residuals,source-intake/mts_residuals/P8_Y5_R2FR_3325_DIRECT_VERTEX_AUDIT.csv,research-ledger/files/residuals/3f/P8_Y5_R2FR_3325_DIRECT_VERTEX_AUDIT.csv,877,3c22dea0c345d431409929ef3c0d33db7d231051900b5c06273d7847e76f1c39
residuals,source-intake/mts_residuals/P8_Y5_R2FR_3325_MATTER_SIGNATURE_CONTRACT.csv,research-ledger/files/residuals/30/P8_Y5_R2FR_3325_MATTER_SIGNATURE_CONTRACT.csv,1377,59a3596c053e658a51877996f6a85ce203161056347226dcd7090274a319f228
residuals,source-intake/mts_residuals/P8_Y5_R2FR_3325_NEXT_TARGET.csv,research-ledger/files/residuals/e4/P8_Y5_R2FR_3325_NEXT_TARGET.csv,694,549a915bb48ed1c7b242d7b5dba83ff2768142d9c29ea186e2f8f9069d5324c0
residuals,source-intake/mts_residuals/P8_Y5_R2FR_3325_NO_TADPOLE_SIGNATURE.csv,research-ledger/files/residuals/5c/P8_Y5_R2FR_3325_NO_TADPOLE_SIGNATURE.csv,1445,98934b1a091c1c5366cfe751d1689515d8f5246536c1cb423bfa641c42ebc31b
residuals,source-intake/mts_residuals/P8_Y5_R2FR_3325_PROMOTION_GATES.csv,research-ledger/files/residuals/20/P8_Y5_R2FR_3325_PROMOTION_GATES.csv,1340,1b3e7c807d5e2a69d24b860b0a597956d5e9e15e21851dbc29b5d18bc6efff27
residuals,source-intake/mts_residuals/P8_Y5_R2FR_3325_SOURCE_EVIDENCE.csv,research-ledger/files/residuals/5b/P8_Y5_R2FR_3325_SOURCE_EVIDENCE.csv,4596,e96b41d6379b5b360be50cb7c6694707054a0cc9e79dd7bd6bd9d71a2c0d432f
residuals,source-intake/mts_residuals/P8_Y5_R2FR_3325_SOURCE_REGISTER.csv,research-ledger/files/residuals/84/P8_Y5_R2FR_3325_SOURCE_REGISTER.csv,2704,3a9120cc0c6b066383192ac4c7cfb886bee91e0cb8e0de6c12afa6c7de566db1
residuals,source-intake/mts_residuals/P8_Y5_R2FR_3325_VARIATION_CHAIN.csv,research-ledger/files/residuals/23/P8_Y5_R2FR_3325_VARIATION_CHAIN.csv,1041,5d74cc7b83561c6332379f62e0e5490665a8b9681c37c927146b4c843324ba4d
residuals,source-intake/mts_residuals/P8_Y5_R2FR_3326_AVERAGING_EVIDENCE.csv,research-ledger/files/residuals/6a/P8_Y5_R2FR_3326_AVERAGING_EVIDENCE.csv,4924,8670129ed246e481a65f086f0e30c2a36d5bcac567e19f942f767b6fc64f3841
residuals,source-intake/mts_residuals/P8_Y5_R2FR_3326_CENTERING_DEFECTS.csv,research-ledger/files/residuals/59/P8_Y5_R2FR_3326_CENTERING_DEFECTS.csv,1173,0a4204beaf7a67f3d26fb886a132aba51b1fa497e6e741cc64a8c29071d1fee3
residuals,source-intake/mts_residuals/P8_Y5_R2FR_3326_COMPOSITE_BOUND_FORMULAS.csv,research-ledger/files/residuals/76/P8_Y5_R2FR_3326_COMPOSITE_BOUND_FORMULAS.csv,1218,e56eddf487729dfc5a4165ce7a68a1bfc40b5eef5f345850e77ccf7cabdfe2dc
residuals,source-intake/mts_residuals/P8_Y5_R2FR_3326_CONTACT_AND_GAP_ROUTING.csv,research-ledger/files/residuals/85/P8_Y5_R2FR_3326_CONTACT_AND_GAP_ROUTING.csv,893,76c02ec623b5e2e31e88d1b638c82abbde674bf1328fb28f2badf1468835e104
residuals,source-intake/mts_residuals/P8_Y5_R2FR_3326_DECISION_LEDGER.csv,research-ledger/files/residuals/38/P8_Y5_R2FR_3326_DECISION_LEDGER.csv,886,9e9d2a42bcea1d706176a16049c6443431ec9ee14451294eae8d4edfaccfa474
residuals,source-intake/mts_residuals/P8_Y5_R2FR_3326_NEXT_TARGET.csv,research-ledger/files/residuals/2e/P8_Y5_R2FR_3326_NEXT_TARGET.csv,750,596c13bc758461a52ff51359ade0d9d5de45cac95d31f28e2d49077afcf7bb39
residuals,source-intake/mts_residuals/P8_Y5_R2FR_3326_PROMOTION_GATES.csv,research-ledger/files/residuals/5a/P8_Y5_R2FR_3326_PROMOTION_GATES.csv,1224,3b1112874929b7ac49a71b978966b01112688cc5eac9180208f545ed66f164d0
residuals,source-intake/mts_residuals/P8_Y5_R2FR_3326_SELECTION_RULE_THEOREM.csv,research-ledger/files/residuals/1d/P8_Y5_R2FR_3326_SELECTION_RULE_THEOREM.csv,1588,da7c63fd1ae1d50d0b2ed46aac4f690929696ddb5b4f99e1c4b018d9b42fefde
residuals,source-intake/mts_residuals/P8_Y5_R2FR_3326_SOURCE_REGISTER.csv,research-ledger/files/residuals/5d/P8_Y5_R2FR_3326_SOURCE_REGISTER.csv,2667,f5102c2801b0864f9ebda1816617d86ad7161a4add6ab791cdfd03e4a155a2fb
residuals,source-intake/mts_residuals/P8_Y5_R2FR_3327_CENTERING_SIGNING.csv,research-ledger/files/residuals/80/P8_Y5_R2FR_3327_CENTERING_SIGNING.csv,1171,f766556025a7a890b3b368718a0a052f395d4105fca6f7b85c4263a84468cedf
residuals,source-intake/mts_residuals/P8_Y5_R2FR_3327_CLT_MIXING_CONTRACT.csv,research-ledger/files/residuals/6f/P8_Y5_R2FR_3327_CLT_MIXING_CONTRACT.csv,1251,873cec2ffa8933e3c35a177fc78ba25eda9ae7e1fa874c89968b7d81d22d1857
residuals,source-intake/mts_residuals/P8_Y5_R2FR_3327_COARSE_GRAINING_EVIDENCE.csv,research-ledger/files/residuals/3b/P8_Y5_R2FR_3327_COARSE_GRAINING_EVIDENCE.csv,3966,341d6fd94672d0e548d1bd3bb1e677e63b0227540cb4e0b93d2bed29831b8d78
residuals,source-intake/mts_residuals/P8_Y5_R2FR_3327_COMPOSITE_ENVELOPE.csv,research-ledger/files/residuals/d0/P8_Y5_R2FR_3327_COMPOSITE_ENVELOPE.csv,1024,b2d28a1260f1c87ea67fa53b78e835572b09cd7ea1734de186e07ba611ae82ed
residuals,source-intake/mts_residuals/P8_Y5_R2FR_3327_DECISION_LEDGER.csv,research-ledger/files/residuals/78/P8_Y5_R2FR_3327_DECISION_LEDGER.csv,904,0182f4047a0ab31e33947c90fdac5ea3427b92934d7d8b1885aee6292fdccab6
residuals,source-intake/mts_residuals/P8_Y5_R2FR_3327_NEXT_TARGET.csv,research-ledger/files/residuals/76/P8_Y5_R2FR_3327_NEXT_TARGET.csv,688,f3d6e3bbb5881b7a5b7e00d8e5bfe89d5b79af585c38997a5cb0a8da4691578f
residuals,source-intake/mts_residuals/P8_Y5_R2FR_3327_PROMOTION_GATES.csv,research-ledger/files/residuals/f5/P8_Y5_R2FR_3327_PROMOTION_GATES.csv,1165,5ec1b927732b2de7dd42be3f81b58d219be9cda7f33d29d0592fb4f8c79fd1f0
residuals,source-intake/mts_residuals/P8_Y5_R2FR_3327_REQUIRED_NUMERIC_INPUTS.csv,research-ledger/files/residuals/7f/P8_Y5_R2FR_3327_REQUIRED_NUMERIC_INPUTS.csv,945,59b31f4f1bf3f02ff58ab71da3bfc9407db620557c3f62e56d4e23d20e785a95
residuals,source-intake/mts_residuals/P8_Y5_R2FR_3327_SOURCE_REGISTER.csv,research-ledger/files/residuals/bc/P8_Y5_R2FR_3327_SOURCE_REGISTER.csv,2626,b719b6a3f2854331b13d753ec59548135b37ef67f045f00c6b5201ec9711fe14
residuals,source-intake/mts_residuals/P8_Y5_R2FR_3327_SUPPRESSION_SAMPLES.csv,research-ledger/files/residuals/92/P8_Y5_R2FR_3327_SUPPRESSION_SAMPLES.csv,738,427bbb60dba8edcc3e17510b273f05711fdd9da1ceafbccf53fc097939bad180
residuals,source-intake/mts_residuals/P8_Y5_R2FR_3328_ARENA_PROMOTION_MAP.csv,research-ledger/files/residuals/82/P8_Y5_R2FR_3328_ARENA_PROMOTION_MAP.csv,1475,5ac7b71ec07450cda7e8217fc0eeaa485e0ad0840f681c3077122ade1713b6e0
residuals,source-intake/mts_residuals/P8_Y5_R2FR_3328_CLAIM_STATUS_LEDGER.csv,research-ledger/files/residuals/00/P8_Y5_R2FR_3328_CLAIM_STATUS_LEDGER.csv,952,cef01c724120a5053e5b7b09f5d84f960569705009bb1dacb37a7f2119978232
residuals,source-intake/mts_residuals/P8_Y5_R2FR_3328_LOCAL_BRANCH_COMPONENT_STATUS.csv,research-ledger/files/residuals/9e/P8_Y5_R2FR_3328_LOCAL_BRANCH_COMPONENT_STATUS.csv,2174,8b8f40ffb945e04088b09ab3a9566a7ce565ed54bcf9d93f3a0b61a010a9ba73
residuals,source-intake/mts_residuals/P8_Y5_R2FR_3328_LOCAL_BRANCH_SCORECARD.csv,research-ledger/files/residuals/eb/P8_Y5_R2FR_3328_LOCAL_BRANCH_SCORECARD.csv,968,8167d341cf377bde7233de2ae9ff96512f8469c8d1ccc5bac3f792ed2369538a
residuals,source-intake/mts_residuals/P8_Y5_R2FR_3328_NEXT_TARGET.csv,research-ledger/files/residuals/3b/P8_Y5_R2FR_3328_NEXT_TARGET.csv,707,6c17d5794ce4a6620fef6b6d45d2808877017c543e57e2da985ad69ceb20c3a1
residuals,source-intake/mts_residuals/P8_Y5_R2FR_3328_REQUIRED_INPUT_LEDGER.csv,research-ledger/files/residuals/53/P8_Y5_R2FR_3328_REQUIRED_INPUT_LEDGER.csv,1035,15de902010f6bd7c8fa2916b7b4c6068524d807f42dfb6ec724bf32788253b57
residuals,source-intake/mts_residuals/P8_Y5_R2FR_3328_RESIDUAL_BUDGET_FORMULAS.csv,research-ledger/files/residuals/e2/P8_Y5_R2FR_3328_RESIDUAL_BUDGET_FORMULAS.csv,2000,3ff54e792dccf9679aa7de94aaddbea72917435e3f207da507ecdc20f18b6f4a
residuals,source-intake/mts_residuals/P8_Y5_R2FR_3328_SOURCE_REGISTER.csv,research-ledger/files/residuals/c2/P8_Y5_R2FR_3328_SOURCE_REGISTER.csv,3687,9fbda47f2b84635b29fe5aa54197bddba810c7b6143552746e918df718f17cae
residuals,source-intake/mts_residuals/P8_Y5_R2FR_3329_ARENA_SELECTION.csv,research-ledger/files/residuals/8b/P8_Y5_R2FR_3329_ARENA_SELECTION.csv,1246,c2be671c983a3a77de59c1dd4b1b74ab79c2638d6d650422fa270eeaeefadc6e
residuals,source-intake/mts_residuals/P8_Y5_R2FR_3329_DECISION_LEDGER.csv,research-ledger/files/residuals/f2/P8_Y5_R2FR_3329_DECISION_LEDGER.csv,773,c1973b6b0994e805bb471dee23b018dbde96ced97815501e5f615b7e6e1d39ce
residuals,source-intake/mts_residuals/P8_Y5_R2FR_3329_INPUT_PRIORITY.csv,research-ledger/files/residuals/dd/P8_Y5_R2FR_3329_INPUT_PRIORITY.csv,918,d7198b1baf9272c8351f718806c9b4fae1b622842184f3a45464c87cf264453f
residuals,source-intake/mts_residuals/P8_Y5_R2FR_3329_NEXT_TARGET.csv,research-ledger/files/residuals/c8/P8_Y5_R2FR_3329_NEXT_TARGET.csv,656,e140b2e9db34cf503b3855551c1a30537f0e630333ddd14040a154cf03b08290
residuals,source-intake/mts_residuals/P8_Y5_R2FR_3329_PPN_NUMERIC_SMOKE.csv,research-ledger/files/residuals/4f/P8_Y5_R2FR_3329_PPN_NUMERIC_SMOKE.csv,1286,e940ab0562bdcac710870ce8f3d70517e0ca5d4cfdaac06c014667ac376451e4
residuals,source-intake/mts_residuals/P8_Y5_R2FR_3329_PPN_SENSITIVITY_TABLE.csv,research-ledger/files/residuals/9d/P8_Y5_R2FR_3329_PPN_SENSITIVITY_TABLE.csv,2657,c401a7cb6ad7fed7cf756a7c457517fd5a1f60b0580d0d7a471c38613aa834c8
residuals,source-intake/mts_residuals/P8_Y5_R2FR_3329_SMOKE_PRIORS.csv,research-ledger/files/residuals/8a/P8_Y5_R2FR_3329_SMOKE_PRIORS.csv,800,627ba9528a0600b6cdc6c70a6446f988e7401ab2b236ab1ffe6bc89b9aee4a80
residuals,source-intake/mts_residuals/P8_Y5_R2FR_3329_SOURCE_REGISTER.csv,research-ledger/files/residuals/00/P8_Y5_R2FR_3329_SOURCE_REGISTER.csv,2155,7a32750217f3446a5b84762d181cab3d6e8251e4f9fb575e4985551d06cb2eac
residuals,source-intake/mts_residuals/P8_Y5_R2FR_3330_DECISION_LEDGER.csv,research-ledger/files/residuals/b9/P8_Y5_R2FR_3330_DECISION_LEDGER.csv,790,a35a25477920c061bd0fc5528a4befb228b4856793f9b0abd3f607851189ac99
residuals,source-intake/mts_residuals/P8_Y5_R2FR_3330_LOCAL_FLOOR_BOUNDS.csv,research-ledger/files/residuals/bb/P8_Y5_R2FR_3330_LOCAL_FLOOR_BOUNDS.csv,1379,9ae37619cd2290c2b6d85f7b43f13b9a6394af3c872ba124f3b1757a42d192e8
residuals,source-intake/mts_residuals/P8_Y5_R2FR_3330_NEXT_TARGET.csv,research-ledger/files/residuals/d5/P8_Y5_R2FR_3330_NEXT_TARGET.csv,642,46f7ab79afcdc9cb6f745f83a1e3701b0bd09eb96c97268f07e5bf26ffe93e0d
residuals,source-intake/mts_residuals/P8_Y5_R2FR_3330_PPN_RESPONSE_COEFFICIENT.csv,research-ledger/files/residuals/f3/P8_Y5_R2FR_3330_PPN_RESPONSE_COEFFICIENT.csv,1225,7c525d80952d68e84859ba07a2af14068c5321d168956c5617c1ca2fb18fb17d
residuals,source-intake/mts_residuals/P8_Y5_R2FR_3330_PPN_THRESHOLD_FORMULAS.csv,research-ledger/files/residuals/46/P8_Y5_R2FR_3330_PPN_THRESHOLD_FORMULAS.csv,913,876236ad0c30694c4cbc083f1b602726f1f28b1541c16de777dbb6fcc5a59fb9
residuals,source-intake/mts_residuals/P8_Y5_R2FR_3330_PROMOTION_GATES.csv,research-ledger/files/residuals/24/P8_Y5_R2FR_3330_PROMOTION_GATES.csv,988,051cea84bca0b8dba843531196dda361a9467ecc143a7bcd0f289711381987be
residuals,source-intake/mts_residuals/P8_Y5_R2FR_3330_REQUIRED_INPUTS.csv,research-ledger/files/residuals/bc/P8_Y5_R2FR_3330_REQUIRED_INPUTS.csv,815,e0f22b362fbff6be80bd5a9e64795036e1c9a5c3c5daeb7cd07d383b69776dbc
residuals,source-intake/mts_residuals/P8_Y5_R2FR_3330_SOURCE_REGISTER.csv,research-ledger/files/residuals/49/P8_Y5_R2FR_3330_SOURCE_REGISTER.csv,2806,e32e31d879189bb2ba1a8df1aa513966134462faf55db23941a7f496e68933e7
residuals,source-intake/mts_residuals/P8_Y5_R2FR_3331_APPN_BOUND.csv,research-ledger/files/residuals/9e/P8_Y5_R2FR_3331_APPN_BOUND.csv,1376,75c89d3314a2d3a53461af191a7e898224a8fc71dabe7359bd81fe767c69dc5d
residuals,source-intake/mts_residuals/P8_Y5_R2FR_3331_CMETRIC_BOUND.csv,research-ledger/files/residuals/39/P8_Y5_R2FR_3331_CMETRIC_BOUND.csv,1951,d69bfd08961cb7476658604ca6b664fe940f65cc56f5ffdda615973ad99069ef
residuals,source-intake/mts_residuals/P8_Y5_R2FR_3331_CPPN_COMPOSITION.csv,research-ledger/files/residuals/36/P8_Y5_R2FR_3331_CPPN_COMPOSITION.csv,973,8e4bfc589db8715877f2dcff25475ac27599461ff54bf02d4d78332bf636cb17
residuals,source-intake/mts_residuals/P8_Y5_R2FR_3331_DECISION_LEDGER.csv,research-ledger/files/residuals/3f/P8_Y5_R2FR_3331_DECISION_LEDGER.csv,879,0c54211fcbdeee2130035e7313ac15a1c72e99cbd9be9e6b977f6e60a9ffea17
residuals,source-intake/mts_residuals/P8_Y5_R2FR_3331_NEXT_TARGET.csv,research-ledger/files/residuals/a3/P8_Y5_R2FR_3331_NEXT_TARGET.csv,663,2b3fc881a4bd6ad217269c07b0d88cbf11e0ad64a8e5dcd88ba0ca5d10935cfc
residuals,source-intake/mts_residuals/P8_Y5_R2FR_3331_PROMOTION_GATES.csv,research-ledger/files/residuals/62/P8_Y5_R2FR_3331_PROMOTION_GATES.csv,1085,0c56bd82b234843a281e02b240c9db0179209a7c3ddd7b26b8bf16ee9303e4ec
residuals,source-intake/mts_residuals/P8_Y5_R2FR_3331_REQUIRED_INPUTS.csv,research-ledger/files/residuals/3c/P8_Y5_R2FR_3331_REQUIRED_INPUTS.csv,991,ab07d751fed22ff01ecfa382ab5a3faf2e97b339d4563004ff3243b0f826e8ad
residuals,source-intake/mts_residuals/P8_Y5_R2FR_3331_SOURCE_REGISTER.csv,research-ledger/files/residuals/ce/P8_Y5_R2FR_3331_SOURCE_REGISTER.csv,2601,ea869042faa9618a170b67ef87cef04ba28f4f1f46832d31388db438aa086739
residuals,source-intake/mts_residuals/P8_Y5_R2FR_3331_WEAK_FIELD_NORMALIZATION.csv,research-ledger/files/residuals/09/P8_Y5_R2FR_3331_WEAK_FIELD_NORMALIZATION.csv,2343,6daa6770a86020c463a6c373e51b7788af1d640dda976ce32bbe576136a1880a
residuals,source-intake/mts_residuals/P8_Y5_R2FR_3332_COMPOSITE_PPN_SPECIALIZATION.csv,research-ledger/files/residuals/a9/P8_Y5_R2FR_3332_COMPOSITE_PPN_SPECIALIZATION.csv,1789,f2f40307a922b6a9c2c8db870b53d8f06054e1dd104086608afe6c048cba4009
residuals,source-intake/mts_residuals/P8_Y5_R2FR_3332_DECISION_LEDGER.csv,research-ledger/files/residuals/d9/P8_Y5_R2FR_3332_DECISION_LEDGER.csv,1055,17db76c389fe6a1e89625ebadb9c974331e67a74069f5d27841ed552296eefb4
residuals,source-intake/mts_residuals/P8_Y5_R2FR_3332_DIRECT_AND_G_CLOSURE_FLOORS.csv,research-ledger/files/residuals/b1/P8_Y5_R2FR_3332_DIRECT_AND_G_CLOSURE_FLOORS.csv,1691,9c6ed45d8c654b3f09c2ef276a06c4155e00ccc2fdc8fa4f03fb55070ad4e93a
residuals,source-intake/mts_residuals/P8_Y5_R2FR_3332_EPSILON_EFF_SPECIALIZATION.csv,research-ledger/files/residuals/2e/P8_Y5_R2FR_3332_EPSILON_EFF_SPECIALIZATION.csv,1848,765474b8ef506d751d1dafad306b2806a3eef25d9afcec9b2157745e87dea1a1
residuals,source-intake/mts_residuals/P8_Y5_R2FR_3332_GAMMA_FLOOR_BRANCHES.csv,research-ledger/files/residuals/2b/P8_Y5_R2FR_3332_GAMMA_FLOOR_BRANCHES.csv,1421,1cefb2e51c0aaafea3483d07ac3837820b2ac71f5f707cb2cf5d38be96133d59
residuals,source-intake/mts_residuals/P8_Y5_R2FR_3332_NEXT_TARGET.csv,research-ledger/files/residuals/6c/P8_Y5_R2FR_3332_NEXT_TARGET.csv,744,394b3dade0e2aff1bd7cb040f7c04b1810091d5780a86f58a2630a2204df3541
residuals,source-intake/mts_residuals/P8_Y5_R2FR_3332_NORMALIZED_PPN_BUDGET.csv,research-ledger/files/residuals/f6/P8_Y5_R2FR_3332_NORMALIZED_PPN_BUDGET.csv,1407,5bbdcf5904de690cf65c8d7e8412cd7e461a4ad2757378805d85a053a791c993
residuals,source-intake/mts_residuals/P8_Y5_R2FR_3332_PPN_THRESHOLD_ALLOCATION.csv,research-ledger/files/residuals/db/P8_Y5_R2FR_3332_PPN_THRESHOLD_ALLOCATION.csv,1238,712c69647465d6d30b5302345e4f062acf6c6e506ed698ba387d4d6477aeed03
residuals,source-intake/mts_residuals/P8_Y5_R2FR_3332_PROMOTION_GATES.csv,research-ledger/files/residuals/8b/P8_Y5_R2FR_3332_PROMOTION_GATES.csv,1188,c888c18d66d9c86104f13456da34876a2e41226763d597760371324c373672a1
residuals,source-intake/mts_residuals/P8_Y5_R2FR_3332_SOURCE_REGISTER.csv,research-ledger/files/residuals/7f/P8_Y5_R2FR_3332_SOURCE_REGISTER.csv,3565,e01d93bc169a0c11154c1df406e99b7dc0e3522b78ecb843d5a917988be0e602
residuals,source-intake/mts_residuals/P8_Y5_R2FR_3333_DECISION_LEDGER.csv,research-ledger/files/residuals/48/P8_Y5_R2FR_3333_DECISION_LEDGER.csv,971,52b3e02d7693772a144a77fbb15b12979b31ac7ca573552963983ead238e08de
residuals,source-intake/mts_residuals/P8_Y5_R2FR_3333_DIRECT_VERTEX_CERTIFICATE.csv,research-ledger/files/residuals/6a/P8_Y5_R2FR_3333_DIRECT_VERTEX_CERTIFICATE.csv,1403,7a55abe4fe19c3e598a9d82d93dbce843e0e79d36492fcfdfcf9cfe8b3697704
residuals,source-intake/mts_residuals/P8_Y5_R2FR_3333_GAMMA_BRANCH_CERTIFICATE.csv,research-ledger/files/residuals/37/P8_Y5_R2FR_3333_GAMMA_BRANCH_CERTIFICATE.csv,1746,43460ffe3e1be3cb8931439ffe8541073fa9cd80fda4874ef6577c0815c45dbc
residuals,source-intake/mts_residuals/P8_Y5_R2FR_3333_MEASURED_G_CERTIFICATE.csv,research-ledger/files/residuals/dd/P8_Y5_R2FR_3333_MEASURED_G_CERTIFICATE.csv,1243,719053484ef34158b463f0cd997003524ed0af0b8b4eedec63118e91f580daa0
residuals,source-intake/mts_residuals/P8_Y5_R2FR_3333_NEXT_TARGET.csv,research-ledger/files/residuals/63/P8_Y5_R2FR_3333_NEXT_TARGET.csv,664,f390e35919a1d03a296abb6eb047661a167161d75b2cb9d2f06220887bc0699e
residuals,source-intake/mts_residuals/P8_Y5_R2FR_3333_PROMOTION_GATES.csv,research-ledger/files/residuals/b1/P8_Y5_R2FR_3333_PROMOTION_GATES.csv,1140,8ab115bc6d8767c4e8d7ed21d64631764dae85802115add08f0fa101fc8a490a
residuals,source-intake/mts_residuals/P8_Y5_R2FR_3333_REDUCED_PPN_BUDGET.csv,research-ledger/files/residuals/fc/P8_Y5_R2FR_3333_REDUCED_PPN_BUDGET.csv,1098,4ad708e82a48d82886b52b1fa42f49c15508502b0360a19d1d52c69ee71b40e0
residuals,source-intake/mts_residuals/P8_Y5_R2FR_3333_RESIDUAL_FALLBACKS.csv,research-ledger/files/residuals/1d/P8_Y5_R2FR_3333_RESIDUAL_FALLBACKS.csv,1107,8617647fb91801f8e84cd402d4043be18593241867dca127de00a2db1ff27bec
residuals,source-intake/mts_residuals/P8_Y5_R2FR_3333_SOURCE_REGISTER.csv,research-ledger/files/residuals/fc/P8_Y5_R2FR_3333_SOURCE_REGISTER.csv,3490,1915d0931c106237b4bca5b42c2e0686df009ab5289ed350d15c0581bb4c454f
residuals,source-intake/mts_residuals/P8_Y5_R2FR_3333_ZERO_FLOOR_CERTIFICATE.csv,research-ledger/files/residuals/ba/P8_Y5_R2FR_3333_ZERO_FLOOR_CERTIFICATE.csv,1317,90889966f48c740f9023f3bf65fa65b04bbf8b955329f0a3ed3369c3395f2fec
residuals,source-intake/mts_residuals/P8_Y5_R2FR_3334_CONSTANT_CURVATURE_BOUND.csv,research-ledger/files/residuals/cc/P8_Y5_R2FR_3334_CONSTANT_CURVATURE_BOUND.csv,1933,f3ed96a48dedd74330d3cfddf3bc6395327ef97c71f9782260cf02b0efbdcbe6
residuals,source-intake/mts_residuals/P8_Y5_R2FR_3334_DECISION_LEDGER.csv,research-ledger/files/residuals/94/P8_Y5_R2FR_3334_DECISION_LEDGER.csv,679,4c992736b9f716cc654e3deb15d2bf0d47677cc3b27765c9c32aa43756cba957
residuals,source-intake/mts_residuals/P8_Y5_R2FR_3334_GAMMA_BRANCH_MAP.csv,research-ledger/files/residuals/bb/P8_Y5_R2FR_3334_GAMMA_BRANCH_MAP.csv,1642,fa2e214956142f71c385a68dc9718050a53b1469e0e8616ba37d40b75e9a58e7
residuals,source-intake/mts_residuals/P8_Y5_R2FR_3334_GAMMA_RESIDUAL_DECISION.csv,research-ledger/files/residuals/27/P8_Y5_R2FR_3334_GAMMA_RESIDUAL_DECISION.csv,1124,379401b058169606a3270993098bf8f38ada0cd60a014dceee17e62ac1fd25d4
residuals,source-intake/mts_residuals/P8_Y5_R2FR_3334_KSOLAR_PROXY_MAP_ATTEMPT.csv,research-ledger/files/residuals/bf/P8_Y5_R2FR_3334_KSOLAR_PROXY_MAP_ATTEMPT.csv,1172,d649bd8f8e133761f55d4083d41a899491c421b2b8830f52654cf8db9a3ef613
residuals,source-intake/mts_residuals/P8_Y5_R2FR_3334_NEXT_TARGET.csv,research-ledger/files/residuals/11/P8_Y5_R2FR_3334_NEXT_TARGET.csv,691,a60a866edead6b82a958057cabee706be498402af63dd5172076d654b58eaceb
residuals,source-intake/mts_residuals/P8_Y5_R2FR_3334_PROMOTION_GATES.csv,research-ledger/files/residuals/06/P8_Y5_R2FR_3334_PROMOTION_GATES.csv,888,00c28d85c9fca7bdaf29448e4b227784741c4fd914180ed0ae04a83e1477aee3
residuals,source-intake/mts_residuals/P8_Y5_R2FR_3334_REQUIRED_INPUTS.csv,research-ledger/files/residuals/34/P8_Y5_R2FR_3334_REQUIRED_INPUTS.csv,628,3641e587fc55f79ee34bf549181ec6dc860a2fc5c8a891e644bcf07901f48590
residuals,source-intake/mts_residuals/P8_Y5_R2FR_3334_SOURCE_REGISTER.csv,research-ledger/files/residuals/ca/P8_Y5_R2FR_3334_SOURCE_REGISTER.csv,3470,1629447a90d96e03210e22095a93d5abeef031f3e33c6019b0e5180a8b17288e
residuals,source-intake/mts_residuals/P8_Y5_R2FR_3334_UPDATED_REDUCED_PPN_BUDGET.csv,research-ledger/files/residuals/11/P8_Y5_R2FR_3334_UPDATED_REDUCED_PPN_BUDGET.csv,1039,3ad9f4f50d910f995270b3a3155c6b4718dfdb0587ab762fe015affd338fcccb
residuals,source-intake/mts_residuals/P8_Y5_R2FR_3335_COMPOSITE_SCENARIOS.csv,research-ledger/files/residuals/c3/P8_Y5_R2FR_3335_COMPOSITE_SCENARIOS.csv,1600,d6a8cc0dbb7f8d8ff7695d0c382a35a55ba3e71410be12eff2ef54349f692c8a
residuals,source-intake/mts_residuals/P8_Y5_R2FR_3335_DECISION_LEDGER.csv,research-ledger/files/residuals/7f/P8_Y5_R2FR_3335_DECISION_LEDGER.csv,895,a30259731046eb46895549f32ee8477613373d3fc42b1e87ebe367081e6fcdc6
residuals,source-intake/mts_residuals/P8_Y5_R2FR_3335_GAMMA_FORK_SCENARIOS.csv,research-ledger/files/residuals/ca/P8_Y5_R2FR_3335_GAMMA_FORK_SCENARIOS.csv,607,87d140424c3073131b97f6486e0496b32b6cba003327d9d2455b7f7c3fc4b24b
residuals,source-intake/mts_residuals/P8_Y5_R2FR_3335_NEXT_TARGET.csv,research-ledger/files/residuals/2a/P8_Y5_R2FR_3335_NEXT_TARGET.csv,739,5192af4eb9aedef0e2884e66d0d2e0098181e0f3cd1bd3336637588015dd8e6d
residuals,source-intake/mts_residuals/P8_Y5_R2FR_3335_PROMOTION_GATES.csv,research-ledger/files/residuals/3e/P8_Y5_R2FR_3335_PROMOTION_GATES.csv,691,64deba3aa977baf9e0d2ec7fa2c450f4c632344eda3ac0da168026c2985606a1
residuals,source-intake/mts_residuals/P8_Y5_R2FR_3335_REDUCED_PPN_ENVELOPE_SMOKE.csv,research-ledger/files/residuals/57/P8_Y5_R2FR_3335_REDUCED_PPN_ENVELOPE_SMOKE.csv,2834,69703bf4663614b47b067122b891c6346a91af7f6928e0877c6516e82a406408
residuals,source-intake/mts_residuals/P8_Y5_R2FR_3335_REQUIRED_SOURCE_INPUTS.csv,research-ledger/files/residuals/3f/P8_Y5_R2FR_3335_REQUIRED_SOURCE_INPUTS.csv,649,9f01f3bd99d27b7f3f63c08d8797ce186b4b6d82b3bc1925b64cf0f873b98535
residuals,source-intake/mts_residuals/P8_Y5_R2FR_3335_RESPONSE_PLACEHOLDER_GRID.csv,research-ledger/files/residuals/2f/P8_Y5_R2FR_3335_RESPONSE_PLACEHOLDER_GRID.csv,555,83cbc2cf682adb1a8218e181a5066c1c1587a37a5ebd24ea7809f8d8d5d22be1
residuals,source-intake/mts_residuals/P8_Y5_R2FR_3335_SOURCE_REGISTER.csv,research-ledger/files/residuals/d1/P8_Y5_R2FR_3335_SOURCE_REGISTER.csv,3107,77b2e26aed94985896cf3623aa0905cf01fbb535f2e7e180d82e81a493d1a83f
residuals,source-intake/mts_residuals/P8_Y5_R2FR_3335_THRESHOLD_SENSITIVITY.csv,research-ledger/files/residuals/ab/P8_Y5_R2FR_3335_THRESHOLD_SENSITIVITY.csv,1087,36482f74e9d576b6f672c66beaa9d589e5c508dd05a10ff7b298db4f319ac57d
residuals,source-intake/mts_residuals/P8_Y5_R2FR_3335_TREE_EPSILON_SCENARIOS.csv,research-ledger/files/residuals/cd/P8_Y5_R2FR_3335_TREE_EPSILON_SCENARIOS.csv,1454,1697a8e88b0800e64a70154870556720ac585c2b44927ab7667f1d9b5868ef0c
residuals,source-intake/mts_residuals/P8_Y5_R2FR_3336_COMPOSITE_CONTACT_COMMUTATOR_CONTRACT.csv,research-ledger/files/residuals/63/P8_Y5_R2FR_3336_COMPOSITE_CONTACT_COMMUTATOR_CONTRACT.csv,1383,2080be49d31f2789344661816539be55c6d485801982520026201e61b60f9841
residuals,source-intake/mts_residuals/P8_Y5_R2FR_3336_DECISION_LEDGER.csv,research-ledger/files/residuals/75/P8_Y5_R2FR_3336_DECISION_LEDGER.csv,944,3aae80c6d67324f9c2800f7cf99127f711435838355cdf8756d74eef65081b0e
residuals,source-intake/mts_residuals/P8_Y5_R2FR_3336_DOMINANT_FLOOR_RERANK.csv,research-ledger/files/residuals/8d/P8_Y5_R2FR_3336_DOMINANT_FLOOR_RERANK.csv,1646,a2bee76987a343bf1d855d503de5f1c4622996e3192c35dfa70db45d487618d6
residuals,source-intake/mts_residuals/P8_Y5_R2FR_3336_NEXT_TARGET.csv,research-ledger/files/residuals/54/P8_Y5_R2FR_3336_NEXT_TARGET.csv,578,91176b2e29f498e1bfed6742c8e5d32afe9b4acd63340132db7c3adeb0005e8f
residuals,source-intake/mts_residuals/P8_Y5_R2FR_3336_PPN_THRESHOLD_CANDIDATES.csv,research-ledger/files/residuals/8e/P8_Y5_R2FR_3336_PPN_THRESHOLD_CANDIDATES.csv,709,7c9b3fad21e07438b04b08f277809405c407191b45b713454eabfde1b1dc8528
residuals,source-intake/mts_residuals/P8_Y5_R2FR_3336_PROMOTION_GATES.csv,research-ledger/files/residuals/b8/P8_Y5_R2FR_3336_PROMOTION_GATES.csv,867,19d22269069902ffb6a3e7366ba26af69320ba8188803fe5548a20cb06b0f5e9
residuals,source-intake/mts_residuals/P8_Y5_R2FR_3336_REQUIRED_SOURCE_INPUTS.csv,research-ledger/files/residuals/1a/P8_Y5_R2FR_3336_REQUIRED_SOURCE_INPUTS.csv,909,1cf563eb292ae0ea354e7871ab6a136c6b7ca4c7519458d7424ac3ea61d80ad8
residuals,source-intake/mts_residuals/P8_Y5_R2FR_3336_RESPONSE_PRODUCT_ACQUISITION_CONTRACT.csv,research-ledger/files/residuals/3a/P8_Y5_R2FR_3336_RESPONSE_PRODUCT_ACQUISITION_CONTRACT.csv,1245,c4c84cdfd76e3b01daff50d5c9984aac5cd6bdabda81ff25b0c8202baeb493ff
residuals,source-intake/mts_residuals/P8_Y5_R2FR_3336_SOURCE_REGISTER.csv,research-ledger/files/residuals/e1/P8_Y5_R2FR_3336_SOURCE_REGISTER.csv,2596,f6c9ac80808d9e300aca8bae13056a6fd107f93b9e188ef8488b0595eb919cde
residuals,source-intake/mts_residuals/P8_Y5_R2FR_3336_TREE_EPSILON_BOUND_CONTRACT.csv,research-ledger/files/residuals/3c/P8_Y5_R2FR_3336_TREE_EPSILON_BOUND_CONTRACT.csv,1798,e0c462755cc2b134fdc88cf6a95c6b40115ad2d31969088e22c8a52f267e13bc
residuals,source-intake/mts_residuals/P8_Y5_R2FR_3336_WEB_SOURCE_REGISTER.csv,research-ledger/files/residuals/82/P8_Y5_R2FR_3336_WEB_SOURCE_REGISTER.csv,584,3c44bfeff0f626aeeaa372dfd20194705463e0be3e4616952270f3de903c1cd8
residuals,source-intake/mts_residuals/P8_Y5_R2FR_3337_COMMUTATOR_BOUND_SCENARIOS.csv,research-ledger/files/residuals/a1/P8_Y5_R2FR_3337_COMMUTATOR_BOUND_SCENARIOS.csv,964,21db179b4b627b2a9a7d5ca4fd0f41ba2f5ab5485ff6df3bbdbca8f5a8d74778
residuals,source-intake/mts_residuals/P8_Y5_R2FR_3337_COMMUTATOR_THEOREM.csv,research-ledger/files/residuals/99/P8_Y5_R2FR_3337_COMMUTATOR_THEOREM.csv,1515,838c97b79783585ccdc62379cd42e77f0517d41805d03f0261cc6f8c7a02874c
residuals,source-intake/mts_residuals/P8_Y5_R2FR_3337_COMPOSITE_BUDGET_UPDATE.csv,research-ledger/files/residuals/82/P8_Y5_R2FR_3337_COMPOSITE_BUDGET_UPDATE.csv,1031,909f02e68d4aef473121df7f0db232d05146580098f0172c26854d92d2c99461
residuals,source-intake/mts_residuals/P8_Y5_R2FR_3337_CONTACT_BOUND_SCENARIOS.csv,research-ledger/files/residuals/78/P8_Y5_R2FR_3337_CONTACT_BOUND_SCENARIOS.csv,1829,0c456987b52decd7c4f859140482c998f002378994c19f8b2d5767016d63a928
residuals,source-intake/mts_residuals/P8_Y5_R2FR_3337_CONTACT_THEOREM.csv,research-ledger/files/residuals/c1/P8_Y5_R2FR_3337_CONTACT_THEOREM.csv,1614,b25d64d616bad01e7b732aefc397f2fb782d43fb30aa2afb6dabfa75d1a239bb
residuals,source-intake/mts_residuals/P8_Y5_R2FR_3337_DECISION_LEDGER.csv,research-ledger/files/residuals/7c/P8_Y5_R2FR_3337_DECISION_LEDGER.csv,884,d63b741fe6ee7868121d5774fc8643be1db4431b32586cd20f62b3b211df80e2
residuals,source-intake/mts_residuals/P8_Y5_R2FR_3337_NEXT_TARGET.csv,research-ledger/files/residuals/98/P8_Y5_R2FR_3337_NEXT_TARGET.csv,621,1ed1bf3d708ed9a547c1eab35a7b1cf001baa0c0c336523b4176e6a7f6d5d95a
residuals,source-intake/mts_residuals/P8_Y5_R2FR_3337_PROMOTION_GATES.csv,research-ledger/files/residuals/f0/P8_Y5_R2FR_3337_PROMOTION_GATES.csv,938,42953f1a1436acf929b01903bf2d6eadf6ed9447c3b8e2eaa027d4931164c7e6
residuals,source-intake/mts_residuals/P8_Y5_R2FR_3337_REQUIRED_INPUTS.csv,research-ledger/files/residuals/99/P8_Y5_R2FR_3337_REQUIRED_INPUTS.csv,842,2741312e099b040ad789d6b068717e2e073cb07bf5e50bccf04efce14498a054
residuals,source-intake/mts_residuals/P8_Y5_R2FR_3337_SOURCE_REGISTER.csv,research-ledger/files/residuals/6f/P8_Y5_R2FR_3337_SOURCE_REGISTER.csv,2541,fbe820c7a4fcf03ba5a73726a69d6bc648b4e58b9dd39a2ff673331e2db6e0d3
residuals,source-intake/mts_residuals/P8_Y5_R2FR_3338_CONTACT_UNIVERSALITY_CONTRACT.csv,research-ledger/files/residuals/6c/P8_Y5_R2FR_3338_CONTACT_UNIVERSALITY_CONTRACT.csv,1139,7933f1309cc6a09ea401cf2e0c8df2895c7e64a893cc16e7b1a9a7a9e3b63c86
residuals,source-intake/mts_residuals/P8_Y5_R2FR_3338_DECISION_LEDGER.csv,research-ledger/files/residuals/92/P8_Y5_R2FR_3338_DECISION_LEDGER.csv,1031,e79e11bfda191793b81fed2a13ec01050896ffa569983325c332a27f0045c4bb
residuals,source-intake/mts_residuals/P8_Y5_R2FR_3338_NEXT_TARGET.csv,research-ledger/files/residuals/92/P8_Y5_R2FR_3338_NEXT_TARGET.csv,638,e4b99ad1e98877f5929e607187e1c8087021b6f650077f8f6ca54e16d6e78dd0
residuals,source-intake/mts_residuals/P8_Y5_R2FR_3338_PATCH_GEOMETRY_DERIVATION.csv,research-ledger/files/residuals/f8/P8_Y5_R2FR_3338_PATCH_GEOMETRY_DERIVATION.csv,1485,c8ddc6f036f37f968fee5295ac9a53e606300da59717652ea4686fbbf0312409
residuals,source-intake/mts_residuals/P8_Y5_R2FR_3338_PATCH_SCALE_SOLVER.csv,research-ledger/files/residuals/9b/P8_Y5_R2FR_3338_PATCH_SCALE_SOLVER.csv,2141,fd81b6f588bd7a53f7619c7034807ff0c43b207b705ebb892cb4bcb80006dff1
residuals,source-intake/mts_residuals/P8_Y5_R2FR_3338_PPN_PROJECTOR_CONTRACT.csv,research-ledger/files/residuals/a2/P8_Y5_R2FR_3338_PPN_PROJECTOR_CONTRACT.csv,1982,d26e26824bab37836c6fca2009f687598797bd440228a7984625c3dcc052fff6
residuals,source-intake/mts_residuals/P8_Y5_R2FR_3338_PROMOTION_GATES.csv,research-ledger/files/residuals/75/P8_Y5_R2FR_3338_PROMOTION_GATES.csv,984,0871bf8496e812a179e238a1e613e7ebb718c672219e387d2db6ce9473d00582
residuals,source-intake/mts_residuals/P8_Y5_R2FR_3338_SOURCE_ACQUISITION_ROWS.csv,research-ledger/files/residuals/0d/P8_Y5_R2FR_3338_SOURCE_ACQUISITION_ROWS.csv,1845,b6147dc265b57f9a0f68ea155601014455a3f9c7011b26544c12c5227afc0810
residuals,source-intake/mts_residuals/P8_Y5_R2FR_3338_SOURCE_REGISTER.csv,research-ledger/files/residuals/ac/P8_Y5_R2FR_3338_SOURCE_REGISTER.csv,2599,6eb732bb1373379c46517a060819b06e0efd79ae3d1de24ccb79474a71f83f92
residuals,source-intake/mts_residuals/P8_Y5_R2FR_3339_COUPLING_DECOMPOSITION_THEOREM.csv,research-ledger/files/residuals/47/P8_Y5_R2FR_3339_COUPLING_DECOMPOSITION_THEOREM.csv,2033,4bcd9274e1ca6e99b7044442f36d0b7314edd65d76f76615dccf497409f30544
residuals,source-intake/mts_residuals/P8_Y5_R2FR_3339_DECISION_LEDGER.csv,research-ledger/files/residuals/56/P8_Y5_R2FR_3339_DECISION_LEDGER.csv,1030,55c924706245b43a096c520cdc1424c9bb1014f143b51fd89934cfbbc013420f
residuals,source-intake/mts_residuals/P8_Y5_R2FR_3339_KERNEL_CONTACT_SCALE_OWNER.csv,research-ledger/files/residuals/09/P8_Y5_R2FR_3339_KERNEL_CONTACT_SCALE_OWNER.csv,1512,ae4f601661e02b55590150c472f083b37822c9aa70daaa65e6b7b723fb499adb
residuals,source-intake/mts_residuals/P8_Y5_R2FR_3339_MAXWELL_EM_STRESS_COUPLING_ROUTE.csv,research-ledger/files/residuals/11/P8_Y5_R2FR_3339_MAXWELL_EM_STRESS_COUPLING_ROUTE.csv,1334,09f03122441e3624f9526bf07a2922b7fc3ea0dc1fc95cf0a2fe60dbad3dff8d
residuals,source-intake/mts_residuals/P8_Y5_R2FR_3339_MEASURED_G_ABSORPTION_THEOREM.csv,research-ledger/files/residuals/17/P8_Y5_R2FR_3339_MEASURED_G_ABSORPTION_THEOREM.csv,1887,694bd8a3a5542f0e5dcabd5905466e8dfed4e0ebf76c9378f64a54ae49719bd6
residuals,source-intake/mts_residuals/P8_Y5_R2FR_3339_NEXT_TARGET.csv,research-ledger/files/residuals/30/P8_Y5_R2FR_3339_NEXT_TARGET.csv,718,01f7b361a1208f9c5ce9e367ba1770977e81c8cfa7ae1f0343d2fdb96d6518f3
residuals,source-intake/mts_residuals/P8_Y5_R2FR_3339_PARENT_SIGNATURE_REQUIREMENTS.csv,research-ledger/files/residuals/39/P8_Y5_R2FR_3339_PARENT_SIGNATURE_REQUIREMENTS.csv,1204,87466cf59ce95062b7c197899fec5fd85beb7d5302b32bbced4776115135c1c3
residuals,source-intake/mts_residuals/P8_Y5_R2FR_3339_PROMOTION_GATES.csv,research-ledger/files/residuals/3f/P8_Y5_R2FR_3339_PROMOTION_GATES.csv,1154,b83aed8a4e212b17ae57a6dca3a5fef20143748a2a812a8a9a59416ed1cb9f5f
residuals,source-intake/mts_residuals/P8_Y5_R2FR_3339_RESIDUAL_CHANNEL_VECTOR.csv,research-ledger/files/residuals/e9/P8_Y5_R2FR_3339_RESIDUAL_CHANNEL_VECTOR.csv,2024,591e2105630cd8afcc84fd961fa564ad1f37a7199a7a2acc8d3cb92f5008775d
residuals,source-intake/mts_residuals/P8_Y5_R2FR_3339_SOURCE_REGISTER.csv,research-ledger/files/residuals/18/P8_Y5_R2FR_3339_SOURCE_REGISTER.csv,3110,69e53b7412182d1432f8240b7a1bbf68b075de4fea902e155c5afbeb7677a6e6
residuals,source-intake/mts_residuals/P8_Y5_R2FR_3340_CLAUSE_PROMOTION_REQUIREMENTS.csv,research-ledger/files/residuals/d6/P8_Y5_R2FR_3340_CLAUSE_PROMOTION_REQUIREMENTS.csv,956,7df7b3b42b5e5ef7bc12fad862ad1c8d3d493b330fe6479dfc3913772383cad8
residuals,source-intake/mts_residuals/P8_Y5_R2FR_3340_DECISION_LEDGER.csv,research-ledger/files/residuals/21/P8_Y5_R2FR_3340_DECISION_LEDGER.csv,1022,1a9cd3be95369c8d46fbf5c435c099b6043438df43232ef16db43d31b6376156
residuals,source-intake/mts_residuals/P8_Y5_R2FR_3340_FINITE_RESIDUAL_VECTOR_SCHEMA.csv,research-ledger/files/residuals/51/P8_Y5_R2FR_3340_FINITE_RESIDUAL_VECTOR_SCHEMA.csv,2631,78f84389ab25fd53ca0dee7e11cff708aca92430b3b1bf5cc889346aa4dec87c
residuals,source-intake/mts_residuals/P8_Y5_R2FR_3340_HILBERT_SOURCE_THEOREM_OR_FAIL.csv,research-ledger/files/residuals/46/P8_Y5_R2FR_3340_HILBERT_SOURCE_THEOREM_OR_FAIL.csv,1480,a04ff98660c3ac8f12df5283df606c85b16ed977c44dcaa3b45cb13c907151b8
residuals,source-intake/mts_residuals/P8_Y5_R2FR_3340_NEXT_TARGET.csv,research-ledger/files/residuals/2d/P8_Y5_R2FR_3340_NEXT_TARGET.csv,701,67abccb39f3e07bdc5650892e25c7b37c50740a6fd02e12bb7f0b1c906a09f2c
residuals,source-intake/mts_residuals/P8_Y5_R2FR_3340_PARENT_CLAUSE_EVIDENCE_SCORE.csv,research-ledger/files/residuals/d9/P8_Y5_R2FR_3340_PARENT_CLAUSE_EVIDENCE_SCORE.csv,2270,3ca1fa14a4f085469422997a41487785f114f9925fb403cbe9a6321d709a2907
residuals,source-intake/mts_residuals/P8_Y5_R2FR_3340_PARENT_HILBERT_SOURCE_CLAUSE.csv,research-ledger/files/residuals/c1/P8_Y5_R2FR_3340_PARENT_HILBERT_SOURCE_CLAUSE.csv,3112,b50b80f4fb9931157c92ec93310a5125712829cd47c1a18a1ad83ddf32a3ac88
residuals,source-intake/mts_residuals/P8_Y5_R2FR_3340_PROMOTION_GATES.csv,research-ledger/files/residuals/6b/P8_Y5_R2FR_3340_PROMOTION_GATES.csv,1066,b33c25afa84bfe3c3d0d04bfab8f056cb9197ab3f404574241d4aa633a14a491
residuals,source-intake/mts_residuals/P8_Y5_R2FR_3340_SOURCE_COUPLING_BUDGET_INTERFACE.csv,research-ledger/files/residuals/0f/P8_Y5_R2FR_3340_SOURCE_COUPLING_BUDGET_INTERFACE.csv,1073,63c4a806174ca1fad7217f39e4e7171ee315699eca9de971d842266a86948880
residuals,source-intake/mts_residuals/P8_Y5_R2FR_3340_SOURCE_REGISTER.csv,research-ledger/files/residuals/8d/P8_Y5_R2FR_3340_SOURCE_REGISTER.csv,3523,1534cdb72f3777107cabf6cdd13b36029525ce78a506d67732131b823bc8e376
residuals,source-intake/mts_residuals/P8_Y5_R2FR_3341_AGGREGATE_SOURCE_BUDGET.csv,research-ledger/files/residuals/ed/P8_Y5_R2FR_3341_AGGREGATE_SOURCE_BUDGET.csv,684,569f4d5126334d1cac2a271ae9945e4d2af02fd68462d695c4f9872ee122d32b
residuals,source-intake/mts_residuals/P8_Y5_R2FR_3341_COMPONENT_RUNNER_CONTRACT.csv,research-ledger/files/residuals/57/P8_Y5_R2FR_3341_COMPONENT_RUNNER_CONTRACT.csv,3835,2b06ac7ef4441ce89a4dcbb6065e9dd3ae4f449f6ace5bd43a560f01a50bbe22
residuals,source-intake/mts_residuals/P8_Y5_R2FR_3341_DECISION_LEDGER.csv,research-ledger/files/residuals/2d/P8_Y5_R2FR_3341_DECISION_LEDGER.csv,537,eaae2f5a1ead12beb5b63f02471290d042bc1f8b6bbf395e485d2b544ade9535
residuals,source-intake/mts_residuals/P8_Y5_R2FR_3341_NEXT_SOURCE_REQUIREMENTS.csv,research-ledger/files/residuals/bc/P8_Y5_R2FR_3341_NEXT_SOURCE_REQUIREMENTS.csv,765,173cc8ce8ddcdc24b78bb728da3aedb27649c928b5216d80b8352d94579217a9
residuals,source-intake/mts_residuals/P8_Y5_R2FR_3341_NEXT_TARGET.csv,research-ledger/files/residuals/60/P8_Y5_R2FR_3341_NEXT_TARGET.csv,577,3a4b19c46e78cdde06fe73833146f345cba8e14284a0c7b1ba25806b38769eaa
residuals,source-intake/mts_residuals/P8_Y5_R2FR_3341_PROMOTION_GATES.csv,research-ledger/files/residuals/c1/P8_Y5_R2FR_3341_PROMOTION_GATES.csv,803,aa2741c382bb2a7c686d6f9219f986867ec2ca128091e75c8b674b4ab91b1a8f
residuals,source-intake/mts_residuals/P8_Y5_R2FR_3341_REFUSAL_LEDGER.csv,research-ledger/files/residuals/c1/P8_Y5_R2FR_3341_REFUSAL_LEDGER.csv,11010,b4804dd5afc0836ea5a3ec9e43ec802d786bfb720a4489bba605820d1846e5eb
residuals,source-intake/mts_residuals/P8_Y5_R2FR_3341_RESIDUAL_VECTOR_CANDIDATES.csv,research-ledger/files/residuals/90/P8_Y5_R2FR_3341_RESIDUAL_VECTOR_CANDIDATES.csv,9825,3995c2ceab2a33a3b0d015c89898a2cf1143d6b022fae96945f85ce14839f557
residuals,source-intake/mts_residuals/P8_Y5_R2FR_3341_RESIDUAL_VECTOR_RUNNER_RESULTS.csv,research-ledger/files/residuals/a8/P8_Y5_R2FR_3341_RESIDUAL_VECTOR_RUNNER_RESULTS.csv,7143,347f9249ef6bf973dec755b22e91350397d8e798d585d14e4549e3370109ee2c
residuals,source-intake/mts_residuals/P8_Y5_R2FR_3341_SOURCE_REGISTER.csv,research-ledger/files/residuals/28/P8_Y5_R2FR_3341_SOURCE_REGISTER.csv,1956,4fc632e1a618d33e783306a4b5d2c9e89e861b7ce04a41b49544de45c8e51524
residuals,source-intake/mts_residuals/P8_Y5_R2FR_3342_CURRENT_CORPUS_VERDICT.csv,research-ledger/files/residuals/bb/P8_Y5_R2FR_3342_CURRENT_CORPUS_VERDICT.csv,600,78748bc69f9d4afbbae6c486cd7d9a30e550eb6e21265249cbddf34e76927f8e
residuals,source-intake/mts_residuals/P8_Y5_R2FR_3342_DECISION_LEDGER.csv,research-ledger/files/residuals/fd/P8_Y5_R2FR_3342_DECISION_LEDGER.csv,660,704639fb7289f35d018f4763b6acf3c9cc3623fcd43cf8ef7cd2844765ebf7cd
residuals,source-intake/mts_residuals/P8_Y5_R2FR_3342_FRV3340_ETA_SPECIES_COMPONENT_ROW.csv,research-ledger/files/residuals/f1/P8_Y5_R2FR_3342_FRV3340_ETA_SPECIES_COMPONENT_ROW.csv,1233,affd47410c440742669abfa2255aa5bcd3aa3e0e569258c6487b0adcdbfa35e4
residuals,source-intake/mts_residuals/P8_Y5_R2FR_3342_MATERIAL_RESPONSE_PLACEHOLDERS.csv,research-ledger/files/residuals/bf/P8_Y5_R2FR_3342_MATERIAL_RESPONSE_PLACEHOLDERS.csv,660,dd159b7343992db49d436ee7546362140227342fa16af6fc5a77f5fdaea26afc
residuals,source-intake/mts_residuals/P8_Y5_R2FR_3342_MEASURED_G_COMMON_MODE_AUDIT.csv,research-ledger/files/residuals/4e/P8_Y5_R2FR_3342_MEASURED_G_COMMON_MODE_AUDIT.csv,1024,121937efd324faf83ce29a8dd0f9b16d89a665ff0bb04e7f010f894f01bd240e
residuals,source-intake/mts_residuals/P8_Y5_R2FR_3342_NEXT_TARGET.csv,research-ledger/files/residuals/19/P8_Y5_R2FR_3342_NEXT_TARGET.csv,939,677cdb16ed1110620b7d283c00f105926afaaf142140efad6c9b1ebaff144915
residuals,source-intake/mts_residuals/P8_Y5_R2FR_3342_NO_SPURION_THEOREM_AUDIT.csv,research-ledger/files/residuals/d8/P8_Y5_R2FR_3342_NO_SPURION_THEOREM_AUDIT.csv,2515,87edc60b81425eb187231effc6917019878de85a8f11315f8f653205b4712de2
residuals,source-intake/mts_residuals/P8_Y5_R2FR_3342_PROMOTION_GATES.csv,research-ledger/files/residuals/e5/P8_Y5_R2FR_3342_PROMOTION_GATES.csv,1181,784dbfe8aa44a3d60940620bf2f472cf4fec1cc6ec4845b98ecab4d18c8d51e7
residuals,source-intake/mts_residuals/P8_Y5_R2FR_3342_SOURCE_REGISTER.csv,research-ledger/files/residuals/40/P8_Y5_R2FR_3342_SOURCE_REGISTER.csv,2687,8c790dbb8e48d3efe777cce54b60793f586a6392f86808b76b2d7e699aeae766
residuals,source-intake/mts_residuals/P8_Y5_R2FR_3342_WEB_SOURCE_REGISTER.csv,research-ledger/files/residuals/df/P8_Y5_R2FR_3342_WEB_SOURCE_REGISTER.csv,514,ee1e82332f7f4e7510d5c409b70e155890565d730748eac7b2ba8100d76cf5b0
residuals,source-intake/mts_residuals/P8_Y5_R2FR_3342_WEP_BOUND_ROWS.csv,research-ledger/files/residuals/07/P8_Y5_R2FR_3342_WEP_BOUND_ROWS.csv,1225,f6116e4b853ab4881b377593eb3f0463b652fe9bf1a55729ad53667ab963f14e
residuals,source-intake/mts_residuals/P8_Y5_R2FR_3342_WEP_OBSERVABLE_MAP.csv,research-ledger/files/residuals/f1/P8_Y5_R2FR_3342_WEP_OBSERVABLE_MAP.csv,843,6002b0653b182ed8c5a29408222612f3e29f7d3bbb5c624952761a5a0c8cb7ab
residuals,source-intake/mts_residuals/P8_Y5_R2FR_3343_DECISION_LEDGER.csv,research-ledger/files/residuals/f2/P8_Y5_R2FR_3343_DECISION_LEDGER.csv,755,703f8bfc2ee85e7cd8551765e8c1bd51238bca1f9552971ae0704f745aa4a50f
residuals,source-intake/mts_residuals/P8_Y5_R2FR_3343_EPSILON_EM_RESIDUAL_DECOMPOSITION.csv,research-ledger/files/residuals/e9/P8_Y5_R2FR_3343_EPSILON_EM_RESIDUAL_DECOMPOSITION.csv,1308,cc0708df6a70273873a4393318213aa5fceab488ab4e197d268f9c3201660481
residuals,source-intake/mts_residuals/P8_Y5_R2FR_3343_FRV3340_EPSILON_EM_COMPONENT_ROWS.csv,research-ledger/files/residuals/cc/P8_Y5_R2FR_3343_FRV3340_EPSILON_EM_COMPONENT_ROWS.csv,1568,67dcc5f5c8e07d9c9606ed947e73f8edb51db06af66e40a102900edd0456ea2d
residuals,source-intake/mts_residuals/P8_Y5_R2FR_3343_HODGE_POYNTING_ZERO_AUDIT.csv,research-ledger/files/residuals/a2/P8_Y5_R2FR_3343_HODGE_POYNTING_ZERO_AUDIT.csv,1354,bb32d93b0a12606c0961613a3745d6fba4f53593bd577c815b87c896212173d5
residuals,source-intake/mts_residuals/P8_Y5_R2FR_3343_NEXT_TARGET.csv,research-ledger/files/residuals/8f/P8_Y5_R2FR_3343_NEXT_TARGET.csv,827,b125ff8b2e555b40f82adfb25b85e6fa1114f009db6ed94be51a92eb2533c940
residuals,source-intake/mts_residuals/P8_Y5_R2FR_3343_PARTIAL_ZERO_CERTIFICATE.csv,research-ledger/files/residuals/82/P8_Y5_R2FR_3343_PARTIAL_ZERO_CERTIFICATE.csv,901,9184a036516198457fc136640b42a347ca4501b43dc9f828324b9fdc48532c9c
residuals,source-intake/mts_residuals/P8_Y5_R2FR_3343_POYNTING_DOUBLE_COUNT_GUARD.csv,research-ledger/files/residuals/cb/P8_Y5_R2FR_3343_POYNTING_DOUBLE_COUNT_GUARD.csv,816,dd3bbe26b40542324d77cf396f2555448c305c8905eaf1c76f4016651b402f74
residuals,source-intake/mts_residuals/P8_Y5_R2FR_3343_PROMOTION_GATES.csv,research-ledger/files/residuals/80/P8_Y5_R2FR_3343_PROMOTION_GATES.csv,1054,635165fa73776804166a544c55c57f83d7b450c7bd51c63790eefa1a4e24fab5
residuals,source-intake/mts_residuals/P8_Y5_R2FR_3343_PUBLIC_MAXWELL_ACTION_DERIVATION.csv,research-ledger/files/residuals/8e/P8_Y5_R2FR_3343_PUBLIC_MAXWELL_ACTION_DERIVATION.csv,1759,3a59b83de0e8df56473869645a74a86b6003f2c928069a5d62479ec324a85972
residuals,source-intake/mts_residuals/P8_Y5_R2FR_3343_SOURCE_REGISTER.csv,research-ledger/files/residuals/2c/P8_Y5_R2FR_3343_SOURCE_REGISTER.csv,5234,4485cc229c62a328f28c21863c5a14cc3c3c9d5a28ba6b429d052b33d2c0718a
residuals,source-intake/mts_residuals/P8_Y5_R2FR_3344_ALPHA_READOUT_RELATION.csv,research-ledger/files/residuals/4a/P8_Y5_R2FR_3344_ALPHA_READOUT_RELATION.csv,685,2161d5c3047a02d489d7a4584f10daa428353886cd21cfcacd459543817cdbce
residuals,source-intake/mts_residuals/P8_Y5_R2FR_3344_B_ALPHA_PRODUCT_BOUND_ROWS.csv,research-ledger/files/residuals/9c/P8_Y5_R2FR_3344_B_ALPHA_PRODUCT_BOUND_ROWS.csv,1426,0c37883696a05696ec8b8b660408370bfa18f100455e0752807af6457405a307
residuals,source-intake/mts_residuals/P8_Y5_R2FR_3344_CROSS_ARENA_TRANSFER_GUARD.csv,research-ledger/files/residuals/5f/P8_Y5_R2FR_3344_CROSS_ARENA_TRANSFER_GUARD.csv,706,33bdd0d440247e1ff9220aea82dca14b9b7cd6e5ab64a24a0f43bc25f2ea2639
residuals,source-intake/mts_residuals/P8_Y5_R2FR_3344_DECISION_LEDGER.csv,research-ledger/files/residuals/ff/P8_Y5_R2FR_3344_DECISION_LEDGER.csv,576,25cf17d0bfde39510ec2b0466a5a6f66467c0aba124b8686ad2332f030d49722
residuals,source-intake/mts_residuals/P8_Y5_R2FR_3344_EPSILON_EM_BALPHA_SUBCOMPONENT_UPDATE.csv,research-ledger/files/residuals/0d/P8_Y5_R2FR_3344_EPSILON_EM_BALPHA_SUBCOMPONENT_UPDATE.csv,1174,37d23aeedd5fd960d431df2d3bb2a2deae01365d6127dd1405f8b10904339ff9
residuals,source-intake/mts_residuals/P8_Y5_R2FR_3344_NEXT_TARGET.csv,research-ledger/files/residuals/6d/P8_Y5_R2FR_3344_NEXT_TARGET.csv,883,0327c95b43e4e7e727d2def679010c640f25f15009325e251eaa81f1e2adda11
residuals,source-intake/mts_residuals/P8_Y5_R2FR_3344_NO_HIDDEN_ZQ_THEOREM_OR_COUNTERMODEL.csv,research-ledger/files/residuals/59/P8_Y5_R2FR_3344_NO_HIDDEN_ZQ_THEOREM_OR_COUNTERMODEL.csv,1553,46b7996cf1b754549e91b40884310d569d42bb33bcbec0e534f3d2b958e942ff
residuals,source-intake/mts_residuals/P8_Y5_R2FR_3344_PROMOTION_GATES.csv,research-ledger/files/residuals/88/P8_Y5_R2FR_3344_PROMOTION_GATES.csv,1142,47e1c380f840c5841965bdead44f54ac975cf99099280c58dc80c83130a18f8e
residuals,source-intake/mts_residuals/P8_Y5_R2FR_3344_SOURCE_REGISTER.csv,research-ledger/files/residuals/e8/P8_Y5_R2FR_3344_SOURCE_REGISTER.csv,4652,871f90f39c91db6e9749b48900be1cbe2333da4fbb5f1aaa813bbdceb483299f
residuals,source-intake/mts_residuals/P8_Y5_R2FR_3344_STANDALONE_BALPHA_REFUSAL.csv,research-ledger/files/residuals/43/P8_Y5_R2FR_3344_STANDALONE_BALPHA_REFUSAL.csv,929,e021e2840aaf72dbb9e50f8328f2df8d726aa4df01a22814934d2dd1de3c0e31
residuals,source-intake/mts_residuals/P8_Y5_R2FR_3344_ZQ_DECOMPOSITION_AND_VERTICAL_DERIVATIVE.csv,research-ledger/files/residuals/c4/P8_Y5_R2FR_3344_ZQ_DECOMPOSITION_AND_VERTICAL_DERIVATIVE.csv,1003,c429ae7dd26121871ace68a01699df3c4b686386ae72b1eba3e68b77c6ed0944
residuals,source-intake/mts_residuals/P8_Y5_R2FR_3345_CLOSURE_PAYOFF_MATRIX.csv,research-ledger/files/residuals/4c/P8_Y5_R2FR_3345_CLOSURE_PAYOFF_MATRIX.csv,1520,84980b20ba4386528ac200c30dd8dcfee5023c7d1143f25974476e90061df23d
residuals,source-intake/mts_residuals/P8_Y5_R2FR_3345_DECISION_LEDGER.csv,research-ledger/files/residuals/3f/P8_Y5_R2FR_3345_DECISION_LEDGER.csv,681,e124985658e171ebeae41df79590eb2eb85e9c193715022092155f8d9f541106
residuals,source-intake/mts_residuals/P8_Y5_R2FR_3345_DOMAIN_DERIVATIVE_ZERO_THEOREM.csv,research-ledger/files/residuals/5b/P8_Y5_R2FR_3345_DOMAIN_DERIVATIVE_ZERO_THEOREM.csv,1960,889edbe4dd049ec257eb83013e1377e25921d17ea06c0b4c0a1f34cbc873e3e5
residuals,source-intake/mts_residuals/P8_Y5_R2FR_3345_NEXT_TARGET.csv,research-ledger/files/residuals/2e/P8_Y5_R2FR_3345_NEXT_TARGET.csv,882,30a7c626c76459de48534992abecca57615ab163b5191bf0f82d7778f08df615
residuals,source-intake/mts_residuals/P8_Y5_R2FR_3345_ORDINARY_COEFFICIENT_DOMAIN_SIGNATURE.csv,research-ledger/files/residuals/fb/P8_Y5_R2FR_3345_ORDINARY_COEFFICIENT_DOMAIN_SIGNATURE.csv,4208,2e4529cb714d97dac7dc77ff250e7aa0588f172ddf0d13baeeba56411d0b1f48
residuals,source-intake/mts_residuals/P8_Y5_R2FR_3345_PARENT_SIGNATURE_EVIDENCE_SCORE.csv,research-ledger/files/residuals/f4/P8_Y5_R2FR_3345_PARENT_SIGNATURE_EVIDENCE_SCORE.csv,1665,ba1e92e954ba469a80b58eaf9bdd2783d4efc6f588ebc7c643d8e1429485e42e
residuals,source-intake/mts_residuals/P8_Y5_R2FR_3345_PROMOTION_GATES.csv,research-ledger/files/residuals/2a/P8_Y5_R2FR_3345_PROMOTION_GATES.csv,1063,7f5f5fab5f8377fc8bcdb42f8eefca887260c26952ce03a672a712956afd3a4b
residuals,source-intake/mts_residuals/P8_Y5_R2FR_3345_RESIDUAL_INTERFACE_IF_UNSIGNED.csv,research-ledger/files/residuals/91/P8_Y5_R2FR_3345_RESIDUAL_INTERFACE_IF_UNSIGNED.csv,1209,d725dabb9f0d73d0acf7acab6f638cf2099e8696e01ff1e5454ed6f884ed2c1d
residuals,source-intake/mts_residuals/P8_Y5_R2FR_3345_SOURCE_REGISTER.csv,research-ledger/files/residuals/bf/P8_Y5_R2FR_3345_SOURCE_REGISTER.csv,5444,a86f3e2673974ad61dbdfde1e4fdc21e7df8203a9ada68724c454cb665e403ba
residuals,source-intake/mts_residuals/P8_Y5_R2FR_3345_SOURCE_WEIGHT_COLLAPSE_THEOREM.csv,research-ledger/files/residuals/ea/P8_Y5_R2FR_3345_SOURCE_WEIGHT_COLLAPSE_THEOREM.csv,1091,f5be7229956942049787c2686953f3e9a429d0cd13bf3c8649991530871f338e
residuals,source-intake/mts_residuals/P8_Y5_R2FR_3345_SURVIVING_COUNTERMODEL_MATRIX.csv,research-ledger/files/residuals/ad/P8_Y5_R2FR_3345_SURVIVING_COUNTERMODEL_MATRIX.csv,1283,0727c4769eb2354998023cdc799e460191c425df27dfbb75f1c257bc0c232ae0
residuals,source-intake/mts_residuals/P8_Y5_R2FR_3346_ALLOWED_ARGUMENT_INVENTORY.csv,research-ledger/files/residuals/b6/P8_Y5_R2FR_3346_ALLOWED_ARGUMENT_INVENTORY.csv,3104,ac94246e393a005ecc09ae2c73b2c1a860d7bb8f18c232af29b35b06925f4768
residuals,source-intake/mts_residuals/P8_Y5_R2FR_3346_ARGUMENT_SCORECARD.csv,research-ledger/files/residuals/fe/P8_Y5_R2FR_3346_ARGUMENT_SCORECARD.csv,5250,b048e4aa121e6e7611354782f2256d00625a8c62dcf0142922744e088d9ff4ca
residuals,source-intake/mts_residuals/P8_Y5_R2FR_3346_CLOSURE_CERTIFICATE_ATTEMPT.csv,research-ledger/files/residuals/6e/P8_Y5_R2FR_3346_CLOSURE_CERTIFICATE_ATTEMPT.csv,1278,938ca243c1e625617cb6abc122065e02a22371edcd88e7b5a9b435e853e7b17d
residuals,source-intake/mts_residuals/P8_Y5_R2FR_3346_DECISION_LEDGER.csv,research-ledger/files/residuals/8d/P8_Y5_R2FR_3346_DECISION_LEDGER.csv,569,74fdc3dcf3fac0a011c08543a1720cd3972234fa3e023df660b3ed489df04081
residuals,source-intake/mts_residuals/P8_Y5_R2FR_3346_FORBIDDEN_ARGUMENT_INVENTORY.csv,research-ledger/files/residuals/6c/P8_Y5_R2FR_3346_FORBIDDEN_ARGUMENT_INVENTORY.csv,3051,f37655c35926605f0a18c85b6a8ca5327bcbe39a54ec61e68c2ebc5e24c0f590
residuals,source-intake/mts_residuals/P8_Y5_R2FR_3346_NEXT_TARGET.csv,research-ledger/files/residuals/fe/P8_Y5_R2FR_3346_NEXT_TARGET.csv,898,33bf446c70f16d422dc33114f669295352f04c272a9637cdb03031257c793bfd
residuals,source-intake/mts_residuals/P8_Y5_R2FR_3346_PARENT_ACTION_NORMAL_FORM.csv,research-ledger/files/residuals/51/P8_Y5_R2FR_3346_PARENT_ACTION_NORMAL_FORM.csv,1087,6d897af1585a3885959b41974ff4a3f2bf1212700b36a392dcdc22fc94d3f9f7
residuals,source-intake/mts_residuals/P8_Y5_R2FR_3346_PROMOTION_GATES.csv,research-ledger/files/residuals/28/P8_Y5_R2FR_3346_PROMOTION_GATES.csv,993,73055533f881545eb4ddb8de9b0607cac7c27a5ed25c00a4e27fded5c975d007
residuals,source-intake/mts_residuals/P8_Y5_R2FR_3346_SOURCE_REGISTER.csv,research-ledger/files/residuals/38/P8_Y5_R2FR_3346_SOURCE_REGISTER.csv,4336,3ec4c82b7ee7872b6dcc3e5490675fbd03bc43d73db07b66707c80a5193f0d1a
residuals,source-intake/mts_residuals/P8_Y5_R2FR_3346_SURVIVING_RESIDUALS_IF_UNSIGNED.csv,research-ledger/files/residuals/9f/P8_Y5_R2FR_3346_SURVIVING_RESIDUALS_IF_UNSIGNED.csv,1062,490e09ad395d8723e98dd4898ed7faefcf53cc478258abeb5f6239e030fe52b2
residuals,source-intake/mts_residuals/P8_Y5_R2FR_3347_DECISION_LEDGER.csv,research-ledger/files/residuals/03/P8_Y5_R2FR_3347_DECISION_LEDGER.csv,675,c6bc995d94302af2f49ec8591876533490fd536f88071ee3b94225e65ab9294c
residuals,source-intake/mts_residuals/P8_Y5_R2FR_3347_EPSILON_SOURCE_SHADOW_BOUND_ROWS.csv,research-ledger/files/residuals/7a/P8_Y5_R2FR_3347_EPSILON_SOURCE_SHADOW_BOUND_ROWS.csv,1383,c89237cdc2c30198d23fe0bef6457b0b74597d926a62ed7ce157e8f76ef07cbf
residuals,source-intake/mts_residuals/P8_Y5_R2FR_3347_LOCAL_NEWTONIAN_PROJECTION.csv,research-ledger/files/residuals/c8/P8_Y5_R2FR_3347_LOCAL_NEWTONIAN_PROJECTION.csv,859,ccc4fc49c74f93a7d2807b06d815f459ca518e8bc7a9061dbc313002c347997c
residuals,source-intake/mts_residuals/P8_Y5_R2FR_3347_NEXT_TARGET.csv,research-ledger/files/residuals/f8/P8_Y5_R2FR_3347_NEXT_TARGET.csv,839,75b7c27de2d85988a74b52fdd0acc9bf1734ec99bddb3230656e245483c74f60
residuals,source-intake/mts_residuals/P8_Y5_R2FR_3347_PROMOTION_GATES.csv,research-ledger/files/residuals/3b/P8_Y5_R2FR_3347_PROMOTION_GATES.csv,807,96ffb1ed6dd5605f03a2193a4628f1cf2bcbcb7977650cbc0467f94544cd5e59
residuals,source-intake/mts_residuals/P8_Y5_R2FR_3347_SHADOW_TRICHOTOMY_DECISION.csv,research-ledger/files/residuals/56/P8_Y5_R2FR_3347_SHADOW_TRICHOTOMY_DECISION.csv,1115,f127658ed55dd23343d208f397f207511896d972375582044660fc6ee54691b4
residuals,source-intake/mts_residuals/P8_Y5_R2FR_3347_SOURCE_REGISTER.csv,research-ledger/files/residuals/f5/P8_Y5_R2FR_3347_SOURCE_REGISTER.csv,3326,7e211291941909794c49b06b0176b7e3a143aecba1498a855adf2f2f213bb938
residuals,source-intake/mts_residuals/P8_Y5_R2FR_3347_SOURCE_SHADOW_PROJECTOR_NORMAL_FORM.csv,research-ledger/files/residuals/54/P8_Y5_R2FR_3347_SOURCE_SHADOW_PROJECTOR_NORMAL_FORM.csv,1111,a3cfe0c3b61492983b6542166aa48c82987631ae37f33c715cfdff9857f8cf72
residuals,source-intake/mts_residuals/P8_Y5_R2FR_3347_ZERO_THEOREM_ATTEMPT.csv,research-ledger/files/residuals/e7/P8_Y5_R2FR_3347_ZERO_THEOREM_ATTEMPT.csv,1904,6a48ad3bdc0648a92c21267610c284c663c4003dbfad4bbfcc0d9a89bba4b919
residuals,source-intake/mts_residuals/P8_Y5_R2FR_3348_BOUND_REINTERPRETATION.csv,research-ledger/files/residuals/51/P8_Y5_R2FR_3348_BOUND_REINTERPRETATION.csv,1297,8ae6fb551eed7f23e273cea92d77f5d9a859ef66b1ab79a5359b6af23db83677
residuals,source-intake/mts_residuals/P8_Y5_R2FR_3348_DECISION_LEDGER.csv,research-ledger/files/residuals/db/P8_Y5_R2FR_3348_DECISION_LEDGER.csv,725,e59916a4b80d0e17fbe04ab1ec78f08fa0c32e07ff874d7f57dcea6102f49a85
residuals,source-intake/mts_residuals/P8_Y5_R2FR_3348_HILBERT_GRAPH_COLLAPSE.csv,research-ledger/files/residuals/6e/P8_Y5_R2FR_3348_HILBERT_GRAPH_COLLAPSE.csv,1132,c4d6e468721ccac32e6184145a56586c1f1330cbac2ccadfb74df14e5c74d57e
residuals,source-intake/mts_residuals/P8_Y5_R2FR_3348_MATERIAL_RESPONSE_BASIS.csv,research-ledger/files/residuals/13/P8_Y5_R2FR_3348_MATERIAL_RESPONSE_BASIS.csv,1059,ff787f5d15041b78fd972aa49279f22f2c8c32afe877f0fab919cb3a8a2db0ec
residuals,source-intake/mts_residuals/P8_Y5_R2FR_3348_NEXT_TARGET.csv,research-ledger/files/residuals/17/P8_Y5_R2FR_3348_NEXT_TARGET.csv,859,4a0f2c771825fc261a483131f5f5ddcb4415ca7357488a55de848cd78f976a06
residuals,source-intake/mts_residuals/P8_Y5_R2FR_3348_PROMOTION_GATES.csv,research-ledger/files/residuals/93/P8_Y5_R2FR_3348_PROMOTION_GATES.csv,983,ab0dbba5168bf73e2db2ffaf7a3e6a39ee2171422974383c9ef198bc06a6fb21
residuals,source-intake/mts_residuals/P8_Y5_R2FR_3348_RESPONSE_BASIS_THEOREM.csv,research-ledger/files/residuals/18/P8_Y5_R2FR_3348_RESPONSE_BASIS_THEOREM.csv,1635,8bc3906640db11d98a6dad82211f351b4f33b44af5340aed6135ad04765ced64
residuals,source-intake/mts_residuals/P8_Y5_R2FR_3348_SOURCE_REGISTER.csv,research-ledger/files/residuals/b6/P8_Y5_R2FR_3348_SOURCE_REGISTER.csv,3262,4a5248f35e544debab36eb46fb071685758901d4b4becf6f7bafccbe6e6321ec
residuals,source-intake/mts_residuals/P8_Y5_R2FR_3349_DECISION_LEDGER.csv,research-ledger/files/residuals/5d/P8_Y5_R2FR_3349_DECISION_LEDGER.csv,705,e847f7113fb722cd2b542b21da24f2f3f8084ff5dd056fd543e3d408fba4929c
residuals,source-intake/mts_residuals/P8_Y5_R2FR_3349_FALLBACK_MATERIAL_TABLE_TRIGGER.csv,research-ledger/files/residuals/da/P8_Y5_R2FR_3349_FALLBACK_MATERIAL_TABLE_TRIGGER.csv,730,c683975e303d8bc6fbef661bca29903c5f370f4de667819167ede37405dbb29d
residuals,source-intake/mts_residuals/P8_Y5_R2FR_3349_GRAPH_CLOSURE_THEOREM_STATUS.csv,research-ledger/files/residuals/60/P8_Y5_R2FR_3349_GRAPH_CLOSURE_THEOREM_STATUS.csv,1146,77ef7806393dde6efb9838204b86fb09be9429eff33297991fbad747a9e386a1
residuals,source-intake/mts_residuals/P8_Y5_R2FR_3349_GRAPH_EDGE_CERTIFICATE.csv,research-ledger/files/residuals/32/P8_Y5_R2FR_3349_GRAPH_EDGE_CERTIFICATE.csv,1570,fd25af928ba13d55c5f04db7ec9257d435a1d9c54ce0f050fa54a1136c5f0610
residuals,source-intake/mts_residuals/P8_Y5_R2FR_3349_GRAPH_NODE_BASIS_SOURCE_SIGN.csv,research-ledger/files/residuals/63/P8_Y5_R2FR_3349_GRAPH_NODE_BASIS_SOURCE_SIGN.csv,1415,2475a7bccd119e123fa1b3d67835bb4d0ce160ce6d7036589d0b08da3a59b92f
residuals,source-intake/mts_residuals/P8_Y5_R2FR_3349_LOCAL_SOURCE_REGISTER.csv,research-ledger/files/residuals/02/P8_Y5_R2FR_3349_LOCAL_SOURCE_REGISTER.csv,2267,e6d247a31dac55dc1293e3d0810b6125c6b2d1f71d367f08b1baabf867b49f11
residuals,source-intake/mts_residuals/P8_Y5_R2FR_3349_NEXT_TARGET.csv,research-ledger/files/residuals/35/P8_Y5_R2FR_3349_NEXT_TARGET.csv,765,a28168ee7e1c063567622d9f9a07e78d99986bfddda20e699ecdef08919ff708
residuals,source-intake/mts_residuals/P8_Y5_R2FR_3349_RAB_ZERO_PROMOTION_GATE.csv,research-ledger/files/residuals/dc/P8_Y5_R2FR_3349_RAB_ZERO_PROMOTION_GATE.csv,991,52815613a6063f4febca7f7ebf789a22cc97946f1535790f17083c9b2dfc065e
residuals,source-intake/mts_residuals/P8_Y5_R2FR_3349_WEB_SOURCE_REGISTER.csv,research-ledger/files/residuals/a5/P8_Y5_R2FR_3349_WEB_SOURCE_REGISTER.csv,1753,1a47da516c4bfa664be7fd94ab6d29c76c92f4263626047e13b38bcd3b343b7d
residuals,source-intake/mts_residuals/P8_Y5_R2FR_3350_ARENA_EXCLUSION_THEOREM.csv,research-ledger/files/residuals/75/P8_Y5_R2FR_3350_ARENA_EXCLUSION_THEOREM.csv,1164,85c4d2d34be745d3ff14aa389eb66ea99811e7f35484723cb86228513618d6d3
residuals,source-intake/mts_residuals/P8_Y5_R2FR_3350_DECISION_LEDGER.csv,research-ledger/files/residuals/98/P8_Y5_R2FR_3350_DECISION_LEDGER.csv,702,4ebe6a7b2e25def1356b40f3e1683d2a94f14b3f0d958c8ed03f4934fc9c7ea3
residuals,source-intake/mts_residuals/P8_Y5_R2FR_3350_DECOUPLED_BLOCK_AUDIT.csv,research-ledger/files/residuals/94/P8_Y5_R2FR_3350_DECOUPLED_BLOCK_AUDIT.csv,1575,de53cc6bff7a3d3d4c13a61b0700e28b42aca0145fc9c5c6da401f9d4154e253
residuals,source-intake/mts_residuals/P8_Y5_R2FR_3350_EXPLICIT_RESIDUAL_ROWS.csv,research-ledger/files/residuals/41/P8_Y5_R2FR_3350_EXPLICIT_RESIDUAL_ROWS.csv,1037,6e20b7de463932f668260d87298f4d2a377baef915edaf48324dc9589d036286
residuals,source-intake/mts_residuals/P8_Y5_R2FR_3350_LOCAL_ARENA_DEFINITION.csv,research-ledger/files/residuals/de/P8_Y5_R2FR_3350_LOCAL_ARENA_DEFINITION.csv,970,92125512dc79dcd798977e681da5d6e5956fcd604241e9ff4345e7d606e0a692
residuals,source-intake/mts_residuals/P8_Y5_R2FR_3350_LOCAL_SOURCE_REGISTER.csv,research-ledger/files/residuals/54/P8_Y5_R2FR_3350_LOCAL_SOURCE_REGISTER.csv,2472,fbdda0f30a8344fe6532434e786ad2ee66277221d8b008dc9c9121ac939f5307
residuals,source-intake/mts_residuals/P8_Y5_R2FR_3350_NEXT_TARGET.csv,research-ledger/files/residuals/6d/P8_Y5_R2FR_3350_NEXT_TARGET.csv,778,42764a10f59bc91abe82dc9dd259b26003fecca593f05b6c0f3b200990f8a04b
residuals,source-intake/mts_residuals/P8_Y5_R2FR_3350_ORDINARY_SOURCE_INVENTORY.csv,research-ledger/files/residuals/53/P8_Y5_R2FR_3350_ORDINARY_SOURCE_INVENTORY.csv,1279,79d79151f0756cacbdafa8e7c182f19fec85c9a7a6c887c4040fe38b9db8b688
residuals,source-intake/mts_residuals/P8_Y5_R2FR_3350_RAB_ZERO_ROUTE_UPDATE.csv,research-ledger/files/residuals/cf/P8_Y5_R2FR_3350_RAB_ZERO_ROUTE_UPDATE.csv,1127,5e2930f011bcaffdf1b88c3a8dfc611e39fc4c1d847818decdd7bc12df7d0354
residuals,source-intake/mts_residuals/P8_Y5_R2FR_3350_WEB_SOURCE_REGISTER.csv,research-ledger/files/residuals/48/P8_Y5_R2FR_3350_WEB_SOURCE_REGISTER.csv,1151,688d72232a0e5b60dbedfe17ac6addf208057af997bbb1ec27838ce65797b5de
residuals,source-intake/mts_residuals/P8_Y5_R2FR_3351_DECISION_LEDGER.csv,research-ledger/files/residuals/06/P8_Y5_R2FR_3351_DECISION_LEDGER.csv,639,68d229f7793d968e5fb8a8115983857904dae4c5f8a233a19e06fd6281c7e49e
residuals,source-intake/mts_residuals/P8_Y5_R2FR_3351_DECOUPLED_FIELD_TRICHOTOMY.csv,research-ledger/files/residuals/88/P8_Y5_R2FR_3351_DECOUPLED_FIELD_TRICHOTOMY.csv,1318,3e94d2aac3e5682276e76950e9ab6e5872bb088fd89c9d707eb90953e22a3f31
residuals,source-intake/mts_residuals/P8_Y5_R2FR_3351_DENSITY_ANCHOR_ROWS.csv,research-ledger/files/residuals/fd/P8_Y5_R2FR_3351_DENSITY_ANCHOR_ROWS.csv,642,192159dea462b66b62b02ae7b63363cecb62b9a1a5a51a91f0f18dc99236dff6
residuals,source-intake/mts_residuals/P8_Y5_R2FR_3351_FINITE_RESIDUAL_ROWS.csv,research-ledger/files/residuals/9a/P8_Y5_R2FR_3351_FINITE_RESIDUAL_ROWS.csv,1124,b18abf0a00689b06d50ab5da1018a98b4abddc50f2662b189b733b36bcfef91e
residuals,source-intake/mts_residuals/P8_Y5_R2FR_3351_LOCAL_SOURCE_REGISTER.csv,research-ledger/files/residuals/cd/P8_Y5_R2FR_3351_LOCAL_SOURCE_REGISTER.csv,2478,212ce86798493899e282328fa02e2462effb5b3151899e9442375ef5b9e12a9e
residuals,source-intake/mts_residuals/P8_Y5_R2FR_3351_NEXT_TARGET.csv,research-ledger/files/residuals/31/P8_Y5_R2FR_3351_NEXT_TARGET.csv,770,deee919a47f1fe83014edc38315390502d8762f0410f4f96057b726ec9a759ac
residuals,source-intake/mts_residuals/P8_Y5_R2FR_3351_PROMOTION_GATES.csv,research-ledger/files/residuals/21/P8_Y5_R2FR_3351_PROMOTION_GATES.csv,903,24d49c51f92c5c8be78cdc926c1d591c597e3de3f03f32329d1ef1ecb58a39ec
residuals,source-intake/mts_residuals/P8_Y5_R2FR_3351_SILENCE_THEOREM_ATTEMPT.csv,research-ledger/files/residuals/36/P8_Y5_R2FR_3351_SILENCE_THEOREM_ATTEMPT.csv,1352,9851d9c52efb582c63afe50778b5d048a7d42a075c6ec5405de79445af275bf5
residuals,source-intake/mts_residuals/P8_Y5_R2FR_3351_WEB_SOURCE_REGISTER.csv,research-ledger/files/residuals/42/P8_Y5_R2FR_3351_WEB_SOURCE_REGISTER.csv,641,f1cabd05a07f4f0534f5643edcf99108bab4a8f5f55b7c3e5d5f7f9a7cc50e00
residuals,source-intake/mts_residuals/P8_Y5_R2FR_3352_BRANCH_RESIDUAL_BOUNDS.csv,research-ledger/files/residuals/d5/P8_Y5_R2FR_3352_BRANCH_RESIDUAL_BOUNDS.csv,889,770c5fc053cb55fbc87188b8e4d8395fccba30a3b1fab874621da0148aa55df7
residuals,source-intake/mts_residuals/P8_Y5_R2FR_3352_COUPLING_PROJECTION_FORK.csv,research-ledger/files/residuals/8b/P8_Y5_R2FR_3352_COUPLING_PROJECTION_FORK.csv,1061,feff427d231bb668f3c96b8068b958dec175295ccb311d9e49cb9bd4dd2eb1f0
residuals,source-intake/mts_residuals/P8_Y5_R2FR_3352_DECISION_LEDGER.csv,research-ledger/files/residuals/64/P8_Y5_R2FR_3352_DECISION_LEDGER.csv,648,def66cb394cfdb033e2c9d21acf3124670b13bb05d43e9e9ce1195bb105d8543
residuals,source-intake/mts_residuals/P8_Y5_R2FR_3352_EPSILON_DECOUPLED_COMPONENT_UPDATE.csv,research-ledger/files/residuals/68/P8_Y5_R2FR_3352_EPSILON_DECOUPLED_COMPONENT_UPDATE.csv,1636,9a712db9d0bc6bcfb0227544af1fdf23c2d85be2ebfd9e6a21a1b6803bf1f33b
residuals,source-intake/mts_residuals/P8_Y5_R2FR_3352_GDPD_ZERO_THEOREM_ATTEMPT.csv,research-ledger/files/residuals/ba/P8_Y5_R2FR_3352_GDPD_ZERO_THEOREM_ATTEMPT.csv,1005,e768bd51b27c458591d4f23982c0d43c940f7952a66ca28d2965f29aeb8936bf
residuals,source-intake/mts_residuals/P8_Y5_R2FR_3352_LOCAL_SOURCE_REGISTER.csv,research-ledger/files/residuals/4b/P8_Y5_R2FR_3352_LOCAL_SOURCE_REGISTER.csv,2473,c9411c90fba0f28c20712057bd5f8252c4bfed0e28dbbf9b4492bb1b6e860dcc
residuals,source-intake/mts_residuals/P8_Y5_R2FR_3352_NEXT_TARGET.csv,research-ledger/files/residuals/d9/P8_Y5_R2FR_3352_NEXT_TARGET.csv,795,3c7a351f043b2537a1ce9f16dd2cff6856b723a0726eab719ff27ba081c658e8
residuals,source-intake/mts_residuals/P8_Y5_R2FR_3352_PROMOTION_GATES.csv,research-ledger/files/residuals/ab/P8_Y5_R2FR_3352_PROMOTION_GATES.csv,1084,4d84c26d40e908496bd7cdebcb769179d687345a5c726087a2aa152122a29ffe
residuals,source-intake/mts_residuals/P8_Y5_R2FR_3352_WEB_SOURCE_REGISTER.csv,research-ledger/files/residuals/d1/P8_Y5_R2FR_3352_WEB_SOURCE_REGISTER.csv,474,e8ec04d41b8a10d9be23be7f5f5ea8b28a9ba02894d83c83a13c72f1469f0b66
residuals,source-intake/mts_residuals/P8_Y5_R2FR_3353_DECISION_LEDGER.csv,research-ledger/files/residuals/2f/P8_Y5_R2FR_3353_DECISION_LEDGER.csv,644,faeb451af944034f6cbaf5aabd108c3cbfd4120351b42ef8e391fb0e499d3410
residuals,source-intake/mts_residuals/P8_Y5_R2FR_3353_EPSILON_DECOUPLED_COMPONENT_REPACK.csv,research-ledger/files/residuals/5c/P8_Y5_R2FR_3353_EPSILON_DECOUPLED_COMPONENT_REPACK.csv,493,8c8cada71031700e618092189ea76b1445bca5cadf6c8879a4b154906d5b58fa
residuals,source-intake/mts_residuals/P8_Y5_R2FR_3353_LOCAL_SOURCE_REGISTER.csv,research-ledger/files/residuals/f8/P8_Y5_R2FR_3353_LOCAL_SOURCE_REGISTER.csv,3381,66aa136c314bc6d913ca63904b9c4409f28e10b3265fc7fd044c490568e1035f
residuals,source-intake/mts_residuals/P8_Y5_R2FR_3353_NEXT_TARGET.csv,research-ledger/files/residuals/71/P8_Y5_R2FR_3353_NEXT_TARGET.csv,715,2d4cfd2c646458a01f8169649a371ca34154126299d9c4baf49f35f1b75c38ea
residuals,source-intake/mts_residuals/P8_Y5_R2FR_3353_NO_TD_ZERO_CERTIFICATE_ATTEMPT.csv,research-ledger/files/residuals/9d/P8_Y5_R2FR_3353_NO_TD_ZERO_CERTIFICATE_ATTEMPT.csv,761,82fd3c5cefc534d915003106a8821fd18fa327cc2d136aeac52c7e867fd1fb4f
residuals,source-intake/mts_residuals/P8_Y5_R2FR_3353_NONUNIVERSAL_ALPHA_BOUND_ROWS.csv,research-ledger/files/residuals/e6/P8_Y5_R2FR_3353_NONUNIVERSAL_ALPHA_BOUND_ROWS.csv,1435,d69c63723ee4fe1473045cdd25116bcad07b8d06280037c4a6313a03b080a546
residuals,source-intake/mts_residuals/P8_Y5_R2FR_3353_PARENT_NO_TD_SYNTAX_AUDIT.csv,research-ledger/files/residuals/53/P8_Y5_R2FR_3353_PARENT_NO_TD_SYNTAX_AUDIT.csv,1174,1dc68789d120ce6a42f1f9402399fe16963f435c44d3fb3f189d8437554c98cb
residuals,source-intake/mts_residuals/P8_Y5_R2FR_3353_PROMOTION_GATES.csv,research-ledger/files/residuals/70/P8_Y5_R2FR_3353_PROMOTION_GATES.csv,1008,db1cba3120aa941e8190f611b83bc917d9033bc15a78ad23782362d7d795d8b1
residuals,source-intake/mts_residuals/P8_Y5_R2FR_3353_WEB_SOURCE_REGISTER.csv,research-ledger/files/residuals/84/P8_Y5_R2FR_3353_WEB_SOURCE_REGISTER.csv,500,02c97465d21c9c632b0d5e9d0b8431713c4d2622858fecc0ef97cdd38c0a5145
residuals,source-intake/mts_residuals/P8_Y5_R2FR_3354_ALIAS_FAMILY_INVENTORY.csv,research-ledger/files/residuals/88/P8_Y5_R2FR_3354_ALIAS_FAMILY_INVENTORY.csv,2558,e451e4df571f6ec33cfde5b20f50a5fe30d3189c4442e6ae199263a28921c732
residuals,source-intake/mts_residuals/P8_Y5_R2FR_3354_ALIAS_ZERO_LEMMA_STEPS.csv,research-ledger/files/residuals/75/P8_Y5_R2FR_3354_ALIAS_ZERO_LEMMA_STEPS.csv,1854,0ab18bd082f5bf0589939a0f80492c0557e9503689835306868302c83fd8e89d
residuals,source-intake/mts_residuals/P8_Y5_R2FR_3354_BRANCH_REDUCTION_LEDGER.csv,research-ledger/files/residuals/d3/P8_Y5_R2FR_3354_BRANCH_REDUCTION_LEDGER.csv,733,c3b49e0929eadb625b3328e4ee9e118c61a76480c6dbe50e4a0573cfb5654fbe
residuals,source-intake/mts_residuals/P8_Y5_R2FR_3354_DECISION_LEDGER.csv,research-ledger/files/residuals/d8/P8_Y5_R2FR_3354_DECISION_LEDGER.csv,685,bd88cee27966b6da17a28bb5d028b467df75f4a6999c4982995c810258e05a6a
residuals,source-intake/mts_residuals/P8_Y5_R2FR_3354_LOCAL_SOURCE_REGISTER.csv,research-ledger/files/residuals/78/P8_Y5_R2FR_3354_LOCAL_SOURCE_REGISTER.csv,3014,f87ed16e55c1f8adda42915ae6bd29ccfe7897cb6f239490f38e2892c538fcf7
residuals,source-intake/mts_residuals/P8_Y5_R2FR_3354_NEXT_TARGET.csv,research-ledger/files/residuals/f2/P8_Y5_R2FR_3354_NEXT_TARGET.csv,781,83bc470af0b2bd16fa238ceb4642762c2a917589af3098f733a22f34bb37ad87
residuals,source-intake/mts_residuals/P8_Y5_R2FR_3354_PROMOTION_GATES.csv,research-ledger/files/residuals/0c/P8_Y5_R2FR_3354_PROMOTION_GATES.csv,1367,f729f15739b67f402e3c1ce378ec34e362769311afae58e91f30013f201bb7cd
residuals,source-intake/mts_residuals/P8_Y5_R2FR_3354_RESIDUAL_ROUTE_UPDATE.csv,research-ledger/files/residuals/24/P8_Y5_R2FR_3354_RESIDUAL_ROUTE_UPDATE.csv,1552,0c064d4c8afa1d0162766a5d2a6b3c7ba1ab568f8e57190ee3ef8872b1d2b84c
residuals,source-intake/mts_residuals/P8_Y5_R2FR_3355_BOUNDARY_CONTACT_DECOMPOSITION.csv,research-ledger/files/residuals/81/P8_Y5_R2FR_3355_BOUNDARY_CONTACT_DECOMPOSITION.csv,1472,03d17e603683fd88ff19f7170a535862a67749dc08b7412f3bc3b3681d0d89f2
residuals,source-intake/mts_residuals/P8_Y5_R2FR_3355_CONTACT_BOUND_TEMPLATE.csv,research-ledger/files/residuals/3d/P8_Y5_R2FR_3355_CONTACT_BOUND_TEMPLATE.csv,811,7ef1394b1ff96f7510a07132f44eb94757429147f6f5c71d381777695d25d4bb
residuals,source-intake/mts_residuals/P8_Y5_R2FR_3355_DECISION_LEDGER.csv,research-ledger/files/residuals/6b/P8_Y5_R2FR_3355_DECISION_LEDGER.csv,660,0e0e5ed35f646d5aa28b6d608614be317b6b4ba2b5911753775f7816e3ac611a
residuals,source-intake/mts_residuals/P8_Y5_R2FR_3355_EPSILON_BOUNDARY_CONTACT_SPLIT.csv,research-ledger/files/residuals/28/P8_Y5_R2FR_3355_EPSILON_BOUNDARY_CONTACT_SPLIT.csv,914,92c91aac38188f08d440534853c9d8b8f9cbba5539106ec1b54c1966e9bf051d
residuals,source-intake/mts_residuals/P8_Y5_R2FR_3355_LOCAL_SOURCE_REGISTER.csv,research-ledger/files/residuals/b8/P8_Y5_R2FR_3355_LOCAL_SOURCE_REGISTER.csv,2940,09943eb6dbdec81493c63c9fca227a5a7d83c950cc64f844eae5b734f4d6289e
residuals,source-intake/mts_residuals/P8_Y5_R2FR_3355_NEXT_TARGET.csv,research-ledger/files/residuals/54/P8_Y5_R2FR_3355_NEXT_TARGET.csv,765,bc206692a87f0d8c27a4ae7a8c2d2eecfb8aa3b3978eee0d76e3b890a7bc4288
residuals,source-intake/mts_residuals/P8_Y5_R2FR_3355_PROMOTION_GATES.csv,research-ledger/files/residuals/78/P8_Y5_R2FR_3355_PROMOTION_GATES.csv,1027,0c6304241bf4df0b42a2600b4d8a1eaec654b0875f681bf7e9756eb2f8e55b86
residuals,source-intake/mts_residuals/P8_Y5_R2FR_3355_ZERO_FLUX_LEMMA_ROWS.csv,research-ledger/files/residuals/4c/P8_Y5_R2FR_3355_ZERO_FLUX_LEMMA_ROWS.csv,1685,6bbda97f05b49d60a85a5487f965eaac537a49329f20dcf60f4c1241bb1e218b
residuals,source-intake/mts_residuals/P8_Y5_R2FR_3356_ARENA_CLASSIFICATION.csv,research-ledger/files/residuals/41/P8_Y5_R2FR_3356_ARENA_CLASSIFICATION.csv,1267,4b899480fdbd47e086e90af429068bc733b039f5781b7436458815c3365db687
residuals,source-intake/mts_residuals/P8_Y5_R2FR_3356_DECISION_LEDGER.csv,research-ledger/files/residuals/44/P8_Y5_R2FR_3356_DECISION_LEDGER.csv,754,bd36903e265761235b12e5f047e79e203fe521daea4b118338b6fd5081864935
residuals,source-intake/mts_residuals/P8_Y5_R2FR_3356_EPSILON_CONTACT_UPDATE.csv,research-ledger/files/residuals/33/P8_Y5_R2FR_3356_EPSILON_CONTACT_UPDATE.csv,727,6eb9e4430abf8669976f0a473c68f90f9c394c75e3a9306cb9a67447a51e9259
residuals,source-intake/mts_residuals/P8_Y5_R2FR_3356_LOCAL_COLLAR_SUPPORT_THEOREM.csv,research-ledger/files/residuals/5e/P8_Y5_R2FR_3356_LOCAL_COLLAR_SUPPORT_THEOREM.csv,1563,876c2067114557c382eace8bd845a888205230a44d15f87f8c3cd03bcb1e07ba
residuals,source-intake/mts_residuals/P8_Y5_R2FR_3356_LOCAL_SOURCE_REGISTER.csv,research-ledger/files/residuals/4b/P8_Y5_R2FR_3356_LOCAL_SOURCE_REGISTER.csv,2655,512e9cd24d928b37e3c5d3a29c2710e2fdc2d859217197ce0d0dd8075139d733
residuals,source-intake/mts_residuals/P8_Y5_R2FR_3356_NEWTON_PPN_IMPLICATIONS.csv,research-ledger/files/residuals/2f/P8_Y5_R2FR_3356_NEWTON_PPN_IMPLICATIONS.csv,840,ae5a12a98291fdaca5b0eb213acc9263e51cd102550a42de754f2660f8f191fa
residuals,source-intake/mts_residuals/P8_Y5_R2FR_3356_NEXT_TARGET.csv,research-ledger/files/residuals/39/P8_Y5_R2FR_3356_NEXT_TARGET.csv,885,a3bf37468843e23141532f593232fb8f1ba3580b054cea81bdd05cc0660f6d61
residuals,source-intake/mts_residuals/P8_Y5_R2FR_3356_PROMOTION_GATES.csv,research-ledger/files/residuals/af/P8_Y5_R2FR_3356_PROMOTION_GATES.csv,1089,a78070e075de47ce4da1ca23ae708bfd9fb66ff633c7f3391b91dcc0323a57fe
residuals,source-intake/mts_residuals/P8_Y5_R2FR_3357_CLAIM_SCOPE_SEPARATION.csv,research-ledger/files/residuals/7a/P8_Y5_R2FR_3357_CLAIM_SCOPE_SEPARATION.csv,1007,1b9bbb00024c65ec661e9e2d6f5f6ebb6cca4bb9c783f28b96a275cef162e809
residuals,source-intake/mts_residuals/P8_Y5_R2FR_3357_COLLAPSE_THEOREM_PACKET.csv,research-ledger/files/residuals/5c/P8_Y5_R2FR_3357_COLLAPSE_THEOREM_PACKET.csv,1701,4eedcbc99826fa59784d6926ce1c80e440b03b8dc27be5eb975d1d1f3536e16b
residuals,source-intake/mts_residuals/P8_Y5_R2FR_3357_DECISION_LEDGER.csv,research-ledger/files/residuals/94/P8_Y5_R2FR_3357_DECISION_LEDGER.csv,767,149f1646fc6bfe88f6c5f52f4abdc4391e16c3c0a2976c933496baee62c57a51
residuals,source-intake/mts_residuals/P8_Y5_R2FR_3357_LOCAL_SOURCE_REGISTER.csv,research-ledger/files/residuals/55/P8_Y5_R2FR_3357_LOCAL_SOURCE_REGISTER.csv,2906,f5ae57e1b99586a55e72b59299db727febebd2fbd0bc0424d14dbebc2b885616
residuals,source-intake/mts_residuals/P8_Y5_R2FR_3357_NEXT_TARGET.csv,research-ledger/files/residuals/55/P8_Y5_R2FR_3357_NEXT_TARGET.csv,872,6308b508fae895bdcb31ad4dfd736760774aeba6cb4c8f5ad1c1e6747f4c9bac
residuals,source-intake/mts_residuals/P8_Y5_R2FR_3357_PARENT_DOMAIN_SIGNATURE_CLAUSES.csv,research-ledger/files/residuals/fc/P8_Y5_R2FR_3357_PARENT_DOMAIN_SIGNATURE_CLAUSES.csv,1943,b86d828194cd092a0b373c69f91fe8e712d6c9e7319c1130ea2924a28737e0a6
residuals,source-intake/mts_residuals/P8_Y5_R2FR_3357_PROMOTION_GATES.csv,research-ledger/files/residuals/71/P8_Y5_R2FR_3357_PROMOTION_GATES.csv,1097,5b08dfe7fda726ab2bf1d06b6962744b52edcee195393552c88b6e7d58a92286
residuals,source-intake/mts_residuals/P8_Y5_R2FR_3357_RESIDUAL_COLLAPSE_MATRIX.csv,research-ledger/files/residuals/49/P8_Y5_R2FR_3357_RESIDUAL_COLLAPSE_MATRIX.csv,1219,ef03a821e8fef3a9b223258a1083c5f91839d27e28bf0c21c37dc20a3cc7fde5
residuals,source-intake/mts_residuals/P8_Y5_R2FR_3358_CONTACT_MULTIPOLE_BOUND_SCHEMA.csv,research-ledger/files/residuals/fe/P8_Y5_R2FR_3358_CONTACT_MULTIPOLE_BOUND_SCHEMA.csv,1287,21470fd49f334570fdd6f9a35781d054420b722995eaf44afb45d22744a84a70
residuals,source-intake/mts_residuals/P8_Y5_R2FR_3358_DECISION_LEDGER.csv,research-ledger/files/residuals/24/P8_Y5_R2FR_3358_DECISION_LEDGER.csv,737,6b1ef22f50823dd81691a0e914577ca68dac704ac1b641dc8e3a012d85cc2e38
residuals,source-intake/mts_residuals/P8_Y5_R2FR_3358_EPSILON_SURFACE_SOURCE_UPDATE.csv,research-ledger/files/residuals/4a/P8_Y5_R2FR_3358_EPSILON_SURFACE_SOURCE_UPDATE.csv,656,d8ec6cf717cd8f78dade44bce5ba147bfb3bd7f5b42ee279a275930483515c05
residuals,source-intake/mts_residuals/P8_Y5_R2FR_3358_LOCAL_SOURCE_REGISTER.csv,research-ledger/files/residuals/5e/P8_Y5_R2FR_3358_LOCAL_SOURCE_REGISTER.csv,3005,d21a2b88febb7902f95368f77d18bf1430c01273bc5a3c09b0b17b0e3b499996
residuals,source-intake/mts_residuals/P8_Y5_R2FR_3358_NEXT_TARGET.csv,research-ledger/files/residuals/fe/P8_Y5_R2FR_3358_NEXT_TARGET.csv,790,2d363a02e058449c600e1640475bd4e9dc568760fff3eee1df63f73f30105e20
residuals,source-intake/mts_residuals/P8_Y5_R2FR_3358_PROMOTION_GATES.csv,research-ledger/files/residuals/93/P8_Y5_R2FR_3358_PROMOTION_GATES.csv,1299,62c938dab523cf1f0c7d1d3e0686cca5e2a60f02549d9d6949d0818a96110f29
residuals,source-intake/mts_residuals/P8_Y5_R2FR_3358_SURFACE_CONTACT_TRICHOTOMY.csv,research-ledger/files/residuals/d3/P8_Y5_R2FR_3358_SURFACE_CONTACT_TRICHOTOMY.csv,1317,3f9155c9b4763c85f43440db24fe2e9fb943a745de072a1f5f2302d4b736b85a
residuals,source-intake/mts_residuals/P8_Y5_R2FR_3358_SURFACE_STRESS_OWNER_THEOREM.csv,research-ledger/files/residuals/db/P8_Y5_R2FR_3358_SURFACE_STRESS_OWNER_THEOREM.csv,1535,0667d9c25db02dd82c7e5a1af493f9d1e898d74705e9ec5c7ce2857f21794fe6
residuals,source-intake/mts_residuals/P8_Y5_R2FR_3359_DECISION_LEDGER.csv,research-ledger/files/residuals/5d/P8_Y5_R2FR_3359_DECISION_LEDGER.csv,707,6aec4e42b064eabca92476a9d5a5c428609ee26d188f566b02434dcdb7b20719
residuals,source-intake/mts_residuals/P8_Y5_R2FR_3359_DOUBLE_ZERO_SELECTOR_PACKET.csv,research-ledger/files/residuals/2a/P8_Y5_R2FR_3359_DOUBLE_ZERO_SELECTOR_PACKET.csv,908,8f27181011d77d35db00016d481fbcac58b11a6c4be0ff20387e6979bb5c76e8
residuals,source-intake/mts_residuals/P8_Y5_R2FR_3359_EH_NEWTON_RECOVERY_CONDITIONS.csv,research-ledger/files/residuals/40/P8_Y5_R2FR_3359_EH_NEWTON_RECOVERY_CONDITIONS.csv,1932,6fe231533c6b801ac0f16cace69a7d58cf36f19b8e25ee800e69193d329d4f3f
residuals,source-intake/mts_residuals/P8_Y5_R2FR_3359_LOCAL_SOURCE_REGISTER.csv,research-ledger/files/residuals/78/P8_Y5_R2FR_3359_LOCAL_SOURCE_REGISTER.csv,3213,c6096c13b61a2edd4686e3dd342f03df06e438fd397c4722565f86d646ca228f
residuals,source-intake/mts_residuals/P8_Y5_R2FR_3359_NEXT_TARGET.csv,research-ledger/files/residuals/06/P8_Y5_R2FR_3359_NEXT_TARGET.csv,795,ca5b633b7eb72d740ed0f96430001b945d49e290bc5371e5e433b52fb25a838f
residuals,source-intake/mts_residuals/P8_Y5_R2FR_3359_NON_EH_OPERATOR_FAMILY_MATRIX.csv,research-ledger/files/residuals/8a/P8_Y5_R2FR_3359_NON_EH_OPERATOR_FAMILY_MATRIX.csv,1962,79d1e6b7607ee50acc184b3487317558e44c3231ef993548a7cc2b05df9da063
residuals,source-intake/mts_residuals/P8_Y5_R2FR_3359_OPERATOR_RESIDUAL_BOUND_SCHEMA.csv,research-ledger/files/residuals/58/P8_Y5_R2FR_3359_OPERATOR_RESIDUAL_BOUND_SCHEMA.csv,842,59bbfb941d840e9aa675bbee93921535799393bbb33118516af97b1723fbc97b
residuals,source-intake/mts_residuals/P8_Y5_R2FR_3359_PROMOTION_GATES.csv,research-ledger/files/residuals/69/P8_Y5_R2FR_3359_PROMOTION_GATES.csv,1174,c9baeb86caa73ac43ac926585cd870905a32507e79489fb804a48da45f9895f5
residuals,source-intake/mts_residuals/P8_Y5_R2FR_3359_WEAK_FIELD_NEWTON_MAP.csv,research-ledger/files/residuals/bd/P8_Y5_R2FR_3359_WEAK_FIELD_NEWTON_MAP.csv,808,93b791c5e1432334cea778f6956c6ea551e96407262dadc5cf56cab2a2c51983
residuals,source-intake/mts_residuals/P8_Y5_R2FR_3360_DECISION_LEDGER.csv,research-ledger/files/residuals/c9/P8_Y5_R2FR_3360_DECISION_LEDGER.csv,737,e2d6adf2f3ee7f192c1fb6e03f0f726e07d010362db8fb1a4b76bce080bb4ddc
residuals,source-intake/mts_residuals/P8_Y5_R2FR_3360_FIRST_R11_BOUND_ROW_ATTEMPT.csv,research-ledger/files/residuals/86/P8_Y5_R2FR_3360_FIRST_R11_BOUND_ROW_ATTEMPT.csv,1063,25d39d59d50305ad11f4ad4ef3482a8c901cc60ec2971ed6fdd98917c61bdf22
residuals,source-intake/mts_residuals/P8_Y5_R2FR_3360_LOCAL_SOURCE_REGISTER.csv,research-ledger/files/residuals/72/P8_Y5_R2FR_3360_LOCAL_SOURCE_REGISTER.csv,4366,4e715d0b1723a9592d2c0e62a5874c7836e350480969a2397e214620a2faa406
residuals,source-intake/mts_residuals/P8_Y5_R2FR_3360_NEXT_TARGET.csv,research-ledger/files/residuals/93/P8_Y5_R2FR_3360_NEXT_TARGET.csv,881,1877c7322d118fac24cc4fe90bc3ebc0fbd04574ba7c9d9d45c0e796b5d9116c
residuals,source-intake/mts_residuals/P8_Y5_R2FR_3360_PROMOTION_GATES.csv,research-ledger/files/residuals/78/P8_Y5_R2FR_3360_PROMOTION_GATES.csv,1191,cd902853ddd30cdaba8a3efb8fea80422963983f2f2d74f430c713832f27aac9
residuals,source-intake/mts_residuals/P8_Y5_R2FR_3360_R11_FACTORISATION_LINK_AUDIT.csv,research-ledger/files/residuals/21/P8_Y5_R2FR_3360_R11_FACTORISATION_LINK_AUDIT.csv,1976,c15e822af3a9c264a4e244abe5603f297b768285e70f8f20dea52a3f416b4903
residuals,source-intake/mts_residuals/P8_Y5_R2FR_3360_YLOC_COMPONENT_CLOSURE_AUDIT.csv,research-ledger/files/residuals/06/P8_Y5_R2FR_3360_YLOC_COMPONENT_CLOSURE_AUDIT.csv,2133,e3023dc28df3859dc67c9435919c5af1d3379fa375e33739769d124da1b875f3
residuals,source-intake/mts_residuals/P8_Y5_R2FR_3360_YLOC_EULER_ZERO_PACKET.csv,research-ledger/files/residuals/9a/P8_Y5_R2FR_3360_YLOC_EULER_ZERO_PACKET.csv,1713,9aadb2df243ce76ad0d2f6a2e532dc28c639ffe7182973d73e0f9ad174085f03
residuals,source-intake/mts_residuals/P8_Y5_R2FR_3361_COMPONENT_LOCK_RESULT.csv,research-ledger/files/residuals/ae/P8_Y5_R2FR_3361_COMPONENT_LOCK_RESULT.csv,3332,7c46bb0397da87a288c5828f6a08948aeeda879bc193fdbdade0e15f69c3751f
residuals,source-intake/mts_residuals/P8_Y5_R2FR_3361_DECISION_LEDGER.csv,research-ledger/files/residuals/2c/P8_Y5_R2FR_3361_DECISION_LEDGER.csv,1019,8b4afb6b3fc6cc7afba5e97de2558c2e3ef5ede0a4b80ac698789b63d57a91c6
residuals,source-intake/mts_residuals/P8_Y5_R2FR_3361_LOCAL_SOURCE_REGISTER.csv,research-ledger/files/residuals/58/P8_Y5_R2FR_3361_LOCAL_SOURCE_REGISTER.csv,6180,b4a12c2f21273b96366025ef9f506db44a76ad65088797c3043f0270c467ff9e
residuals,source-intake/mts_residuals/P8_Y5_R2FR_3361_NEXT_TARGET.csv,research-ledger/files/residuals/af/P8_Y5_R2FR_3361_NEXT_TARGET.csv,944,3fc9d8717ef45fd4f47cc1edb5c287243204a27b5a5332fb5da1fe9a51e464ef
residuals,source-intake/mts_residuals/P8_Y5_R2FR_3361_ODD_PARENTIZATION_THEOREM_PACKET.csv,research-ledger/files/residuals/b2/P8_Y5_R2FR_3361_ODD_PARENTIZATION_THEOREM_PACKET.csv,3780,da7c6cdb48d290f760b99661f21ed23aa711d5dc21226baa73317e2e8196b69f
residuals,source-intake/mts_residuals/P8_Y5_R2FR_3361_PHYSICAL_LOCK_JACOBIAN_GATE.csv,research-ledger/files/residuals/6a/P8_Y5_R2FR_3361_PHYSICAL_LOCK_JACOBIAN_GATE.csv,1854,e31092c4659dfeed81bb15e191fe6985a8857b7f214214ce50eaf669ba12f6c2
residuals,source-intake/mts_residuals/P8_Y5_R2FR_3361_PROMOTION_GATES.csv,research-ledger/files/residuals/cd/P8_Y5_R2FR_3361_PROMOTION_GATES.csv,1183,0afc90b0d72602f1dd2a1c32127cc12d1d03a21635daa90fb56afa5f39abc744
residuals,source-intake/mts_residuals/P8_Y5_R2FR_3361_Y5_ZERO_MODE_OBSTRUCTION.csv,research-ledger/files/residuals/0f/P8_Y5_R2FR_3361_Y5_ZERO_MODE_OBSTRUCTION.csv,2354,251c3151a0e65e9da63bb20f9f6062aa22cafe86cf6a7cb10060041570b78651
residuals,source-intake/mts_residuals/P8_Y5_R2FR_3362_COMPENSATOR_AND_UNIVERSALITY_AUDIT.csv,research-ledger/files/residuals/e2/P8_Y5_R2FR_3362_COMPENSATOR_AND_UNIVERSALITY_AUDIT.csv,1280,3246b9b026faaf188be641d425ceae1b3f1a8065794194149ec627f8c26239e1
residuals,source-intake/mts_residuals/P8_Y5_R2FR_3362_CURRENT_GAUGE_THEOREM_PACKET.csv,research-ledger/files/residuals/08/P8_Y5_R2FR_3362_CURRENT_GAUGE_THEOREM_PACKET.csv,3770,a642b8146ca98d2f045327b6242bdf14b36a8bdf497eceea4b22fdd5c02b367b
residuals,source-intake/mts_residuals/P8_Y5_R2FR_3362_DECISION_LEDGER.csv,research-ledger/files/residuals/93/P8_Y5_R2FR_3362_DECISION_LEDGER.csv,1133,ca775f0c2d995c8dfbd04fa4777e503f0ffcc8d36677707018683fcbfbd35fd0
residuals,source-intake/mts_residuals/P8_Y5_R2FR_3362_GRAVITATIONAL_SOURCE_COUPLING_LOCK.csv,research-ledger/files/residuals/93/P8_Y5_R2FR_3362_GRAVITATIONAL_SOURCE_COUPLING_LOCK.csv,1944,5fadf1b42f3f43a137970c88ba6a8fd8df03072c30049071c37ce70433178b9b
residuals,source-intake/mts_residuals/P8_Y5_R2FR_3362_GREF_OWNER_AND_NEWTON_LIMIT.csv,research-ledger/files/residuals/f8/P8_Y5_R2FR_3362_GREF_OWNER_AND_NEWTON_LIMIT.csv,1902,c07e348677cc3d592585b31b8174c55c2805b15c33b9f39f4a635be1914fcac0
residuals,source-intake/mts_residuals/P8_Y5_R2FR_3362_LOCAL_SOURCE_REGISTER.csv,research-ledger/files/residuals/2a/P8_Y5_R2FR_3362_LOCAL_SOURCE_REGISTER.csv,5970,d7bf3c1a77e02b04f4da38b21a7e1bcd9baf8489607739b487212bf4691a8c57
residuals,source-intake/mts_residuals/P8_Y5_R2FR_3362_NEXT_TARGET.csv,research-ledger/files/residuals/60/P8_Y5_R2FR_3362_NEXT_TARGET.csv,972,3176abbad587b4617efa988cbe5a4d4279800cb4c5be38864cab9eb533796824
residuals,source-intake/mts_residuals/P8_Y5_R2FR_3362_PROMOTION_GATES.csv,research-ledger/files/residuals/af/P8_Y5_R2FR_3362_PROMOTION_GATES.csv,1201,66513abfb89f30996e649f42c6e01392d143b0778857ccf2c5a58223bf0362af
residuals,source-intake/mts_residuals/P8_Y5_R2FR_3362_Y5_RESULT_ROWS.csv,research-ledger/files/residuals/9a/P8_Y5_R2FR_3362_Y5_RESULT_ROWS.csv,1297,420c94e5a11684e5f93a5dbde99a6d5b93dff5a5924eada772194dadc94b0d3a
residuals,source-intake/mts_residuals/P8_Y5_R2FR_3363_BOUND_ROW_RUNNER_NONCLAIM.csv,research-ledger/files/residuals/79/P8_Y5_R2FR_3363_BOUND_ROW_RUNNER_NONCLAIM.csv,1132,180bba7144b9f9a160934eead7fd93eb17be3906445f14c1d280b711251c2b54
residuals,source-intake/mts_residuals/P8_Y5_R2FR_3363_BOUND_TO_MTS_PROJECTION_REQUIREMENTS.csv,research-ledger/files/residuals/42/P8_Y5_R2FR_3363_BOUND_TO_MTS_PROJECTION_REQUIREMENTS.csv,1715,addda82123108703514db025c601018f846bd57c3846aec93e068a331d565a9e
residuals,source-intake/mts_residuals/P8_Y5_R2FR_3363_DECISION_LEDGER.csv,research-ledger/files/residuals/fb/P8_Y5_R2FR_3363_DECISION_LEDGER.csv,895,bdf3de040c309ceb3daf34129440fdc1baa3eca0d8c43d15b00f1ff2a87c0b26
residuals,source-intake/mts_residuals/P8_Y5_R2FR_3363_FIRST_SOURCE_NORMALIZATION_BOUND_ROW.csv,research-ledger/files/residuals/18/P8_Y5_R2FR_3363_FIRST_SOURCE_NORMALIZATION_BOUND_ROW.csv,1365,dbf21168654d3a5d13bcf7402d1726b4ed69a8a467941da8be34c26bdd8936a7
residuals,source-intake/mts_residuals/P8_Y5_R2FR_3363_LOCAL_SOURCE_REGISTER.csv,research-ledger/files/residuals/92/P8_Y5_R2FR_3363_LOCAL_SOURCE_REGISTER.csv,5483,d5b9daaa896609e7dfff1341e2840180bad3ff2cb622b24a28b98eadffe4ae5d
residuals,source-intake/mts_residuals/P8_Y5_R2FR_3363_NEXT_TARGET.csv,research-ledger/files/residuals/c2/P8_Y5_R2FR_3363_NEXT_TARGET.csv,944,b7d9997c43c9941f52ceb724ccc40ec64a29403a2e9984531b38bb1b7f0fa177
residuals,source-intake/mts_residuals/P8_Y5_R2FR_3363_PROMOTION_GATES.csv,research-ledger/files/residuals/41/P8_Y5_R2FR_3363_PROMOTION_GATES.csv,1185,69c4cd651618a41069e5a70db6ba2512e972b52a5b36372f484c6c9db3610252
residuals,source-intake/mts_residuals/P8_Y5_R2FR_3363_SOURCE_NORMALIZATION_ARENA_SCORECARD.csv,research-ledger/files/residuals/b1/P8_Y5_R2FR_3363_SOURCE_NORMALIZATION_ARENA_SCORECARD.csv,2026,e9916df46983247e2eb6f5d473fe1ee162ab9d60ac9e84306cc2ec0073bc21e0
residuals,source-intake/mts_residuals/P8_Y5_R2FR_3364_DECISION_LEDGER.csv,research-ledger/files/residuals/e3/P8_Y5_R2FR_3364_DECISION_LEDGER.csv,951,6ec06ca4979816b0463b39ebbfda54721627ee1419360f0a9f96665670e15d94
residuals,source-intake/mts_residuals/P8_Y5_R2FR_3364_LOCAL_SOURCE_REGISTER.csv,research-ledger/files/residuals/a4/P8_Y5_R2FR_3364_LOCAL_SOURCE_REGISTER.csv,5733,b501c40d0f0baa2c6cd9acfc4f8bfd2a1755d6e3ecf791ec2032ff45ffbe70fe
residuals,source-intake/mts_residuals/P8_Y5_R2FR_3364_MICROSCOPE_BOUND_STATUS_UPDATE.csv,research-ledger/files/residuals/82/P8_Y5_R2FR_3364_MICROSCOPE_BOUND_STATUS_UPDATE.csv,936,d4fdec7bf9656374ae66816cf6ef87c58118e8b4b74330908f837b14a4bbed80
residuals,source-intake/mts_residuals/P8_Y5_R2FR_3364_NEXT_TARGET.csv,research-ledger/files/residuals/5a/P8_Y5_R2FR_3364_NEXT_TARGET.csv,904,4207c44acb9a0de9056be734dcb11251c555e8bbe0a682974fc44c9c0b42cc76
residuals,source-intake/mts_residuals/P8_Y5_R2FR_3364_NO_SOURCE_PREFACTOR_THEOREM_ATTEMPT.csv,research-ledger/files/residuals/79/P8_Y5_R2FR_3364_NO_SOURCE_PREFACTOR_THEOREM_ATTEMPT.csv,2477,58cce5a979569887a25ca3c991ea774c825b14f34ea4e4e1ffffe91630b1a979
residuals,source-intake/mts_residuals/P8_Y5_R2FR_3364_PROMOTION_GATES.csv,research-ledger/files/residuals/78/P8_Y5_R2FR_3364_PROMOTION_GATES.csv,911,2c6a512dd6add92729073f68fe539cf5030c4844c8a85118372e7eb818c0ae3a
residuals,source-intake/mts_residuals/P8_Y5_R2FR_3364_WEP_PROJECTION_OWNER_AUDIT.csv,research-ledger/files/residuals/4a/P8_Y5_R2FR_3364_WEP_PROJECTION_OWNER_AUDIT.csv,1485,5061a4d33c4c97d07cbce2ca2cf1d3ce61e86423866e52cbf3b7a3e91a01eedb
residuals,source-intake/mts_residuals/P8_Y5_R2FR_3365_DECISION_LEDGER.csv,research-ledger/files/residuals/1a/P8_Y5_R2FR_3365_DECISION_LEDGER.csv,963,35a002aa6bea2dca004a05dfd3976bb092e7dd3a3508dc6a7d22e055a79bc877
residuals,source-intake/mts_residuals/P8_Y5_R2FR_3365_DELTAGM_BOUND_STATUS.csv,research-ledger/files/residuals/d9/P8_Y5_R2FR_3365_DELTAGM_BOUND_STATUS.csv,1233,3d18f2cafd585c064075628067d0ef45d129cb80b1ef7795fbe61be6810d148d
residuals,source-intake/mts_residuals/P8_Y5_R2FR_3365_DELTAGM_COMPONENT_MATRIX.csv,research-ledger/files/residuals/54/P8_Y5_R2FR_3365_DELTAGM_COMPONENT_MATRIX.csv,2898,ce47075c8adbfff48589dd1385f4126fed2582d3ea4d911bf14f4f4333f46de7
residuals,source-intake/mts_residuals/P8_Y5_R2FR_3365_DELTAGM_RUNNER_NONCLAIM.csv,research-ledger/files/residuals/a0/P8_Y5_R2FR_3365_DELTAGM_RUNNER_NONCLAIM.csv,1290,03f85ffb1283bb9df59e5579489a63e8810b313bc8e317b532d17146857f4361
residuals,source-intake/mts_residuals/P8_Y5_R2FR_3365_DELTAGM_SPLIT_THEOREM.csv,research-ledger/files/residuals/d5/P8_Y5_R2FR_3365_DELTAGM_SPLIT_THEOREM.csv,2185,baf6c1721ceddef784e5e5d6af0be70fa76f562d44d6490abace6b7c812bc473
residuals,source-intake/mts_residuals/P8_Y5_R2FR_3365_LOCAL_SOURCE_REGISTER.csv,research-ledger/files/residuals/53/P8_Y5_R2FR_3365_LOCAL_SOURCE_REGISTER.csv,4390,361f3019ca234c86fc0eef21e881b522fbb8fc53e8531b46bc1d785d975591b2
