category,source_path,published_path,size_bytes,sha256
residuals,source-intake/mts_residuals/P8_Y5_R2FR_4090_PARENT_ADOPTION_GAPS.csv,research-ledger/files/residuals/f1/P8_Y5_R2FR_4090_PARENT_ADOPTION_GAPS.csv,1120,b883eced71c4b1cc8ac258e6a86c35acd2dec7804db4221c30344ab385e9ad8f
residuals,source-intake/mts_residuals/P8_Y5_R2FR_4090_QBASIC_PROJECTOR_OWNERSHIP_LADDER.csv,research-ledger/files/residuals/e5/P8_Y5_R2FR_4090_QBASIC_PROJECTOR_OWNERSHIP_LADDER.csv,1639,352c8e0caf3403d140b2f61752f798e8762cc7fef388de6ac2c889769485ca5b
residuals,source-intake/mts_residuals/P8_Y5_R2FR_4090_R11_VECTOR_UPDATE.csv,research-ledger/files/residuals/7e/P8_Y5_R2FR_4090_R11_VECTOR_UPDATE.csv,409,b0e4babc81b22c8f9f63317cfc460c2f60d7410e6cd019f2002bc11b8fa4f01c
residuals,source-intake/mts_residuals/P8_Y5_R2FR_4090_SOURCE_REGISTER.csv,research-ledger/files/residuals/ba/P8_Y5_R2FR_4090_SOURCE_REGISTER.csv,5414,0e35697f74726d3d5876323e34a2ffbe6e985863b0a5536a8824c0415752dea9
residuals,source-intake/mts_residuals/P8_Y5_R2FR_4090_STATUS.csv,research-ledger/files/residuals/2c/P8_Y5_R2FR_4090_STATUS.csv,303,b6e0f549d4a77be4da0f1169ab55a7f343441c01ba3f84cb2c21f7e84d87858d
residuals,source-intake/mts_residuals/P8_Y5_R2FR_4091_CLAIM_GATE.csv,research-ledger/files/residuals/90/P8_Y5_R2FR_4091_CLAIM_GATE.csv,775,5f0707749ab0c1697736e538f94e840a5f05c7f00cbed434527dff13fe7eadc9
residuals,source-intake/mts_residuals/P8_Y5_R2FR_4091_DECISION_GATE.csv,research-ledger/files/residuals/01/P8_Y5_R2FR_4091_DECISION_GATE.csv,1094,067f5d63b2a37953532dca1bf29c84a55b28e0c87cba2d1ab816da077c00edb8
residuals,source-intake/mts_residuals/P8_Y5_R2FR_4091_FALLBACK_PRODUCT_CONTRACT.csv,research-ledger/files/residuals/9a/P8_Y5_R2FR_4091_FALLBACK_PRODUCT_CONTRACT.csv,1450,509835445531f047bfbee46149d6842d48632fee86a7da6d7d4bb1e350271768
residuals,source-intake/mts_residuals/P8_Y5_R2FR_4091_NEXT_TARGET.csv,research-ledger/files/residuals/cc/P8_Y5_R2FR_4091_NEXT_TARGET.csv,773,5f622b349d86e5487a778e322c9c2dff5f430ef6e755b6418e4c8302f606e63f
residuals,source-intake/mts_residuals/P8_Y5_R2FR_4091_PREFERRED_FRAME_RESIDUAL_VECTOR.csv,research-ledger/files/residuals/4f/P8_Y5_R2FR_4091_PREFERRED_FRAME_RESIDUAL_VECTOR.csv,1210,2307611dea2fabe4737a21f790d23c005e2bc69a49a07c36baa99789ba961b08
residuals,source-intake/mts_residuals/P8_Y5_R2FR_4091_PROJECTOR_ADOPTION_GATE.csv,research-ledger/files/residuals/05/P8_Y5_R2FR_4091_PROJECTOR_ADOPTION_GATE.csv,1424,3d7c7740a5fbb357ba064f8566bfe179e741a6dcbf40e8744733ffe0e20510f7
residuals,source-intake/mts_residuals/P8_Y5_R2FR_4091_SOURCE_REGISTER.csv,research-ledger/files/residuals/1b/P8_Y5_R2FR_4091_SOURCE_REGISTER.csv,5126,6187687e52e58381053afe3566ca2ae74546ae97b6375300264b2defddbf5589
residuals,source-intake/mts_residuals/P8_Y5_R2FR_4091_STATUS.csv,research-ledger/files/residuals/f3/P8_Y5_R2FR_4091_STATUS.csv,379,4ae0d4a7c9ca1ed10fb2d94e69b5fdd86953c6ce9efcf6a7fb4af85e9f821d5e
residuals,source-intake/mts_residuals/P8_Y5_R2FR_4091_VECTOR_ZERO_THEOREM.csv,research-ledger/files/residuals/0a/P8_Y5_R2FR_4091_VECTOR_ZERO_THEOREM.csv,2030,4da7779de5abf0e37e4041630359973ceed45fe1872306c18213e7647dbc06f5
residuals,source-intake/mts_residuals/P8_Y5_R2FR_4092_CLAIM_GATE.csv,research-ledger/files/residuals/09/P8_Y5_R2FR_4092_CLAIM_GATE.csv,1028,6a26eb8108abeb2828ed9eb3da975928d41d7a6d673e0d98bb8b828287b6fa75
residuals,source-intake/mts_residuals/P8_Y5_R2FR_4092_COUNTERMODEL_FIREWALL.csv,research-ledger/files/residuals/06/P8_Y5_R2FR_4092_COUNTERMODEL_FIREWALL.csv,1441,da062efa8d926c3d55e06756043f82d7f6ee0667765572192f69c3e4ec0925d2
residuals,source-intake/mts_residuals/P8_Y5_R2FR_4092_DECISION_GATE.csv,research-ledger/files/residuals/59/P8_Y5_R2FR_4092_DECISION_GATE.csv,1123,c1b8e8b0265a599dc17673460e2c5b0e1e3114093d1d596a0b9564bc01c7bb30
residuals,source-intake/mts_residuals/P8_Y5_R2FR_4092_NEXT_TARGET.csv,research-ledger/files/residuals/1b/P8_Y5_R2FR_4092_NEXT_TARGET.csv,707,30e9ef6a1891818725670dfebd5f9e8c61b85a8238706ef6140bcf236be3303b
residuals,source-intake/mts_residuals/P8_Y5_R2FR_4092_PARENT_NORMAL_FORM.csv,research-ledger/files/residuals/59/P8_Y5_R2FR_4092_PARENT_NORMAL_FORM.csv,3091,a292889f3488d9e16c9507ad027a42703921bd84be78c55b16d8dba80c0bc9b6
residuals,source-intake/mts_residuals/P8_Y5_R2FR_4092_SOURCE_DENOMINATOR_CONSEQUENCES.csv,research-ledger/files/residuals/2b/P8_Y5_R2FR_4092_SOURCE_DENOMINATOR_CONSEQUENCES.csv,1507,963a5e394db7090503474c5dfbb40275d858ac3547263b6d9c8993d611865bda
residuals,source-intake/mts_residuals/P8_Y5_R2FR_4092_SOURCE_REGISTER.csv,research-ledger/files/residuals/9a/P8_Y5_R2FR_4092_SOURCE_REGISTER.csv,5440,e935a91d9e3ecde2adf5dcc2faaf8aeb7216e17511e9a5132567c60ae27046f2
residuals,source-intake/mts_residuals/P8_Y5_R2FR_4092_STATUS.csv,research-ledger/files/residuals/6c/P8_Y5_R2FR_4092_STATUS.csv,423,6d1566c482f7a9dc88a64c4a6b502b4168fe60a6fbf52966691839fa5b31e55f
residuals,source-intake/mts_residuals/P8_Y5_R2FR_4092_SUFFICIENT_THEOREM_CHAIN.csv,research-ledger/files/residuals/3e/P8_Y5_R2FR_4092_SUFFICIENT_THEOREM_CHAIN.csv,2613,b29cf9f4f35e3901bb497c80dd369083e759f6c05d6ce9bc543208dfbd0eb60b
residuals,source-intake/mts_residuals/P8_Y5_R2FR_4093_CLAIM_GATE.csv,research-ledger/files/residuals/2f/P8_Y5_R2FR_4093_CLAIM_GATE.csv,886,d93f252951c29a6a70fd4f4d12e0098b2fef8718142e7639d5a23be1313e91b6
residuals,source-intake/mts_residuals/P8_Y5_R2FR_4093_DECISION_GATE.csv,research-ledger/files/residuals/dd/P8_Y5_R2FR_4093_DECISION_GATE.csv,836,55a903912e9fdf75e0c26f092c46a829e9be4bd21af9004b73ac19bae8831fd3
residuals,source-intake/mts_residuals/P8_Y5_R2FR_4093_FALLBACK_RESIDUAL_CONTRACT.csv,research-ledger/files/residuals/42/P8_Y5_R2FR_4093_FALLBACK_RESIDUAL_CONTRACT.csv,1349,887aaa7df56561f7837db26233135cf6e3a7b5643e8b30666e8d2480409343b4
residuals,source-intake/mts_residuals/P8_Y5_R2FR_4093_GAMMA_BETA_ZETA_THEOREM.csv,research-ledger/files/residuals/24/P8_Y5_R2FR_4093_GAMMA_BETA_ZETA_THEOREM.csv,1677,3838803be1733d50a86811120625b3c288caa7dd539a4697aba231694db61a29
residuals,source-intake/mts_residuals/P8_Y5_R2FR_4093_NEXT_TARGET.csv,research-ledger/files/residuals/b2/P8_Y5_R2FR_4093_NEXT_TARGET.csv,772,fd58e5e86b234cfa61707bff4c9e98afd104f0bb4a5fc73cfb61fc762538acbf
residuals,source-intake/mts_residuals/P8_Y5_R2FR_4093_NORMAL_FORM_ADOPTION_TEST.csv,research-ledger/files/residuals/9b/P8_Y5_R2FR_4093_NORMAL_FORM_ADOPTION_TEST.csv,1576,ce4fb1af3a9854547d2d4a7a6adf17f1756abb7fd2600514cebe8e066eb5b3d6
residuals,source-intake/mts_residuals/P8_Y5_R2FR_4093_PUBLIC_PROMOTION_GATE.csv,research-ledger/files/residuals/6d/P8_Y5_R2FR_4093_PUBLIC_PROMOTION_GATE.csv,950,9277f46aaa08488bc4a3c5d0221ec9610f4b9feef2dbf67b8e490b996da2234c
residuals,source-intake/mts_residuals/P8_Y5_R2FR_4093_R11_RESIDUAL_FAMILY_AUDIT.csv,research-ledger/files/residuals/22/P8_Y5_R2FR_4093_R11_RESIDUAL_FAMILY_AUDIT.csv,3541,9dcf8eb6da5a737509e1f08459e09b6acb0d861d222aff2fe5bc6f7c1bd06835
residuals,source-intake/mts_residuals/P8_Y5_R2FR_4093_SOURCE_REGISTER.csv,research-ledger/files/residuals/8a/P8_Y5_R2FR_4093_SOURCE_REGISTER.csv,6298,e88f6b333aaca6a06d546bac9da03d9ca69a9fc6dac487c772d953c113092d62
residuals,source-intake/mts_residuals/P8_Y5_R2FR_4093_STATUS.csv,research-ledger/files/residuals/27/P8_Y5_R2FR_4093_STATUS.csv,407,da02da6336ca8c0dc1d351e09cd72d179e12eeee57f1491d3c87e33402f25558
residuals,source-intake/mts_residuals/P8_Y5_R2FR_4094_CLAIM_GATE.csv,research-ledger/files/residuals/e7/P8_Y5_R2FR_4094_CLAIM_GATE.csv,818,77a4cff6f48903a1a5327cec39be3d12f0f2f7859991b379fa73159683b5aa8e
residuals,source-intake/mts_residuals/P8_Y5_R2FR_4094_DECISION_GATE.csv,research-ledger/files/residuals/8e/P8_Y5_R2FR_4094_DECISION_GATE.csv,798,62739cb77d221aa56723fdd84afe20021b01597807861a78e058f3c4b2c8c8f6
residuals,source-intake/mts_residuals/P8_Y5_R2FR_4094_DOUBLE_ZERO_THEOREM.csv,research-ledger/files/residuals/40/P8_Y5_R2FR_4094_DOUBLE_ZERO_THEOREM.csv,1626,207f00a5e4a5e581563b52d6d7a005a8eb4b9194410446cd51a9b18ee2f9a383
residuals,source-intake/mts_residuals/P8_Y5_R2FR_4094_GAMMA_BETA_DECISION.csv,research-ledger/files/residuals/91/P8_Y5_R2FR_4094_GAMMA_BETA_DECISION.csv,898,77f3dbdd93ac91e004631e2eea0f9fda0499fb04bd5a57ceff223aaae8e14414
residuals,source-intake/mts_residuals/P8_Y5_R2FR_4094_NEXT_TARGET.csv,research-ledger/files/residuals/65/P8_Y5_R2FR_4094_NEXT_TARGET.csv,700,a9929ea489b647a3088f055d02fa9f607a241a17249d29e026074f908a16a95f
residuals,source-intake/mts_residuals/P8_Y5_R2FR_4094_R11_SELECTOR_MATRIX.csv,research-ledger/files/residuals/66/P8_Y5_R2FR_4094_R11_SELECTOR_MATRIX.csv,3218,f8d1f197918882a2967e49193b5899e59a2212d5b7c563a278677774e759d8c2
residuals,source-intake/mts_residuals/P8_Y5_R2FR_4094_SOURCE_REGISTER.csv,research-ledger/files/residuals/2f/P8_Y5_R2FR_4094_SOURCE_REGISTER.csv,5434,e678f8b7950bf591d1fd549da8094312c858b660da548c3275bc74c1e6d14f9e
residuals,source-intake/mts_residuals/P8_Y5_R2FR_4094_STATUS.csv,research-ledger/files/residuals/ed/P8_Y5_R2FR_4094_STATUS.csv,375,30a513b9a836fab2d8b349fe57e911efd29ef8762c8666416ce98be06fb50a71
residuals,source-intake/mts_residuals/P8_Y5_R2FR_4094_YLOC_SOURCE_GATE.csv,research-ledger/files/residuals/1c/P8_Y5_R2FR_4094_YLOC_SOURCE_GATE.csv,1168,3d46740675031f742f632f76ade4b5d7acb27287edc997573624aba0c930fc5e
residuals,source-intake/mts_residuals/P8_Y5_R2FR_4095_CLAIM_GATE.csv,research-ledger/files/residuals/01/P8_Y5_R2FR_4095_CLAIM_GATE.csv,1221,fb6ddf3a8a59b3b916baa3158027b06d902894d77d17e8a94b410fc38e97a6b7
residuals,source-intake/mts_residuals/P8_Y5_R2FR_4095_DECISION_GATE.csv,research-ledger/files/residuals/49/P8_Y5_R2FR_4095_DECISION_GATE.csv,945,a9813c65f1b80db1ba92d512f8614db87a9a4ba7175133c960d318c08364ff35
residuals,source-intake/mts_residuals/P8_Y5_R2FR_4095_EXCHANGE_DOUBLET_PARENTIZATION.csv,research-ledger/files/residuals/61/P8_Y5_R2FR_4095_EXCHANGE_DOUBLET_PARENTIZATION.csv,1584,da990c486163da800b5eed3c7be5aefdbcbb61e81a1739a64a166a79b6fe1450
residuals,source-intake/mts_residuals/P8_Y5_R2FR_4095_NEXT_TARGET.csv,research-ledger/files/residuals/6f/P8_Y5_R2FR_4095_NEXT_TARGET.csv,692,a1c6c9dfe97b92d29d26ea266be881a3636ffe699166d469182f0011c38c164a
residuals,source-intake/mts_residuals/P8_Y5_R2FR_4095_NO_LINEAR_SOURCE_GATE.csv,research-ledger/files/residuals/68/P8_Y5_R2FR_4095_NO_LINEAR_SOURCE_GATE.csv,3266,64108143cb8274eed653126c0af9b76ac4b286f92ef5693a2315114fae43dcd1
residuals,source-intake/mts_residuals/P8_Y5_R2FR_4095_R11_IMPACT_UPDATE.csv,research-ledger/files/residuals/7e/P8_Y5_R2FR_4095_R11_IMPACT_UPDATE.csv,906,32eb76a0045b77c78ee9427021cf8cc423254be834f98d9124b9047dbd6cbeaf
residuals,source-intake/mts_residuals/P8_Y5_R2FR_4095_SOURCE_CURRENT_BOUND_CONTRACT.csv,research-ledger/files/residuals/1a/P8_Y5_R2FR_4095_SOURCE_CURRENT_BOUND_CONTRACT.csv,2469,d97752c97ac21a5204f44291dfb53eecebe2adf6c92468391dce2fdcf5fdd041
residuals,source-intake/mts_residuals/P8_Y5_R2FR_4095_SOURCE_REGISTER.csv,research-ledger/files/residuals/f8/P8_Y5_R2FR_4095_SOURCE_REGISTER.csv,5812,43be67df1f2722b8da73261e5201cc9fe66e747e780919d99445dd92a545a645
residuals,source-intake/mts_residuals/P8_Y5_R2FR_4095_STATUS.csv,research-ledger/files/residuals/63/P8_Y5_R2FR_4095_STATUS.csv,509,963b20d205f7c5e74c34c1462fbd99cdbb88f1425a512a62227e27453a22f930
residuals,source-intake/mts_residuals/P8_Y5_R2FR_4095_YLOC_COMPONENT_VERDICT.csv,research-ledger/files/residuals/d4/P8_Y5_R2FR_4095_YLOC_COMPONENT_VERDICT.csv,2165,139fb743905fa731c98a493efb831d110ce866c4ef74457828953f2373f76f52
residuals,source-intake/mts_residuals/P8_Y5_R2FR_4096_CLAIM_GATE.csv,research-ledger/files/residuals/7d/P8_Y5_R2FR_4096_CLAIM_GATE.csv,1045,0951fe9ac8d926818c1f7fd362d806c3afcd15839ba1d1256e2a87a4704be55c
residuals,source-intake/mts_residuals/P8_Y5_R2FR_4096_COMPONENT_SPLIT_THEOREM.csv,research-ledger/files/residuals/b3/P8_Y5_R2FR_4096_COMPONENT_SPLIT_THEOREM.csv,1375,6edcd74d1e5377160a2e8e24a7c285dc16850a07643a3d6611c86a1f2cbf24b1
residuals,source-intake/mts_residuals/P8_Y5_R2FR_4096_CONSTANT_G_CALIBRATION.csv,research-ledger/files/residuals/50/P8_Y5_R2FR_4096_CONSTANT_G_CALIBRATION.csv,1173,4a030360fa91234a22b0457dcb2fc7b7b6b0d0d0a984d1d613dfc4ca6860dff6
residuals,source-intake/mts_residuals/P8_Y5_R2FR_4096_DECISION_GATE.csv,research-ledger/files/residuals/c1/P8_Y5_R2FR_4096_DECISION_GATE.csv,1265,b2220e2f9662bc637f031c077abb78f9985cc8d61054b53aaec08d8a5f59e4b9
residuals,source-intake/mts_residuals/P8_Y5_R2FR_4096_EM_POYNTING_INTERFACE.csv,research-ledger/files/residuals/4b/P8_Y5_R2FR_4096_EM_POYNTING_INTERFACE.csv,981,58aa7ae2679a2f63cb0f00569bec4a6df3c686285e9315b359bd5b661e9f8b28
residuals,source-intake/mts_residuals/P8_Y5_R2FR_4096_NEXT_TARGET.csv,research-ledger/files/residuals/41/P8_Y5_R2FR_4096_NEXT_TARGET.csv,632,5806cdb5b2068eeab1be6cf9288489f9295dfcc59a487de3188221e1b035663a
residuals,source-intake/mts_residuals/P8_Y5_R2FR_4096_RETAINED_BOUND_QUEUE.csv,research-ledger/files/residuals/28/P8_Y5_R2FR_4096_RETAINED_BOUND_QUEUE.csv,1239,fb04a0fdb34de727b11183277c1bd128d2320e9efa549dd30d8e59ec3b1847c5
residuals,source-intake/mts_residuals/P8_Y5_R2FR_4096_SOURCE_NORMALIZATION_LAW.csv,research-ledger/files/residuals/fd/P8_Y5_R2FR_4096_SOURCE_NORMALIZATION_LAW.csv,1781,ae07687a9ed39c0d89cf8f8dcf16d4d8139bfd136fd173a491b1c73bf36a13e7
residuals,source-intake/mts_residuals/P8_Y5_R2FR_4096_SOURCE_REGISTER.csv,research-ledger/files/residuals/fc/P8_Y5_R2FR_4096_SOURCE_REGISTER.csv,7115,40db29fec3070db0c21ea9fbaa29a768236ac46c70832d87bcefca06bfafadc0
residuals,source-intake/mts_residuals/P8_Y5_R2FR_4096_STATUS.csv,research-ledger/files/residuals/ad/P8_Y5_R2FR_4096_STATUS.csv,482,a8be6557d2e784a1548e81a0131ebaf74077d7d7ad4a501c7886c20c094e29de
residuals,source-intake/mts_residuals/P8_Y5_R2FR_4096_YLOC_COMPONENT_SPLIT.csv,research-ledger/files/residuals/da/P8_Y5_R2FR_4096_YLOC_COMPONENT_SPLIT.csv,2647,6bdd7576c8429b8eae6b7923939f81c05ca4f7ac1dbc372d1da820a60d37dd50
residuals,source-intake/mts_residuals/P8_Y5_R2FR_4097_CLAIM_GATE.csv,research-ledger/files/residuals/ed/P8_Y5_R2FR_4097_CLAIM_GATE.csv,1181,6f04bb93b74be1db85f3d8e32f8a2d6865b2ff29ea70515b79b40c1fc5bae5c8
residuals,source-intake/mts_residuals/P8_Y5_R2FR_4097_DECISION_GATE.csv,research-ledger/files/residuals/8b/P8_Y5_R2FR_4097_DECISION_GATE.csv,903,6786a89410a20d28eaf94e9cdde8145545d55e24c52abe39bbcc42467aa388f1
residuals,source-intake/mts_residuals/P8_Y5_R2FR_4097_DERIVATIVE_HAIR_BOUND_VECTOR.csv,research-ledger/files/residuals/fe/P8_Y5_R2FR_4097_DERIVATIVE_HAIR_BOUND_VECTOR.csv,3093,edb31a42ea1af1aa31dfd6a0724a082b56d684a3f6d53381a3203a7958c28c9b
residuals,source-intake/mts_residuals/P8_Y5_R2FR_4097_NEWTON_CHAIN_GATE.csv,research-ledger/files/residuals/8c/P8_Y5_R2FR_4097_NEWTON_CHAIN_GATE.csv,1981,9965202d30a22f8598f914bd652d6fc0b87d660714c313a892ef4b7b81f2c33b
residuals,source-intake/mts_residuals/P8_Y5_R2FR_4097_NEWTON_PPN_DECISION.csv,research-ledger/files/residuals/1f/P8_Y5_R2FR_4097_NEWTON_PPN_DECISION.csv,1086,5a6370ba8b006d2b581950308f7bb9965f248955269deb3b02a8dbf3e5a31ad6
residuals,source-intake/mts_residuals/P8_Y5_R2FR_4097_NEXT_TARGET.csv,research-ledger/files/residuals/e9/P8_Y5_R2FR_4097_NEXT_TARGET.csv,721,4cd61b867768ba1bd11de78d231d7fee1334c7ca05072a0a96441d89455f0d4c
residuals,source-intake/mts_residuals/P8_Y5_R2FR_4097_OBSTRUCTION_TO_BOUND.csv,research-ledger/files/residuals/41/P8_Y5_R2FR_4097_OBSTRUCTION_TO_BOUND.csv,2110,58137241719991570a98a7a4218406ff00b9db1ef9bdacb3cbf7ae3bcbf32255
residuals,source-intake/mts_residuals/P8_Y5_R2FR_4097_SAME_FRAME_SOURCE_COUPLING_THEOREM.csv,research-ledger/files/residuals/de/P8_Y5_R2FR_4097_SAME_FRAME_SOURCE_COUPLING_THEOREM.csv,2409,746b0cf815270d84a77583e1e23602a53c776106cbffb1aa209ff03305fc5ee6
residuals,source-intake/mts_residuals/P8_Y5_R2FR_4097_SOURCE_REGISTER.csv,research-ledger/files/residuals/3d/P8_Y5_R2FR_4097_SOURCE_REGISTER.csv,7497,44f7e8df003a1818d55ad0c29ef53c047e7bfbc6faa40f83bd9197f11f1209ef
residuals,source-intake/mts_residuals/P8_Y5_R2FR_4097_STATUS.csv,research-ledger/files/residuals/7b/P8_Y5_R2FR_4097_STATUS.csv,400,8ef002131f9e2a3608734d4a3ef090d07617b86e5bddfc1339dece4c8b88dad9
residuals,source-intake/mts_residuals/P8_Y5_R2FR_4098_BOUND_VECTOR.csv,research-ledger/files/residuals/c9/P8_Y5_R2FR_4098_BOUND_VECTOR.csv,2381,b70ca84e862a1eeb14ba0b8cf7663c00d9dc572afab311e2ecf986314739060b
residuals,source-intake/mts_residuals/P8_Y5_R2FR_4098_CLAIM_GATE.csv,research-ledger/files/residuals/db/P8_Y5_R2FR_4098_CLAIM_GATE.csv,1176,7dfedc7f1da47dbdfec0d8e2d7b8aa468de1ff90da53a2318cf2ca112d915772
residuals,source-intake/mts_residuals/P8_Y5_R2FR_4098_DECISION_GATE.csv,research-ledger/files/residuals/e5/P8_Y5_R2FR_4098_DECISION_GATE.csv,1129,b333614e955720888b9e160d8dbe2de646e222d6a200850674b320e834062aed
residuals,source-intake/mts_residuals/P8_Y5_R2FR_4098_GAUSS_NEWTON_CONSEQUENCE.csv,research-ledger/files/residuals/3d/P8_Y5_R2FR_4098_GAUSS_NEWTON_CONSEQUENCE.csv,1014,9695dfff387ddd9a8877d6fa7b737b03bdd0bdd84062b9ca1eb8aabb06121caf
residuals,source-intake/mts_residuals/P8_Y5_R2FR_4098_IDENTITY_CLAUSE_AUDIT.csv,research-ledger/files/residuals/da/P8_Y5_R2FR_4098_IDENTITY_CLAUSE_AUDIT.csv,2066,f3a6942a36f94cb17fc7055e883522edd669d6c4ed713f1d638986387c542e3c
residuals,source-intake/mts_residuals/P8_Y5_R2FR_4098_NEXT_TARGET.csv,research-ledger/files/residuals/c5/P8_Y5_R2FR_4098_NEXT_TARGET.csv,755,fa4dad052400b924f4cb7b1260e275207ef8507ced74cdff7b2dc07103bfad39
residuals,source-intake/mts_residuals/P8_Y5_R2FR_4098_RADIAL_HAIR_DECOMPOSITION.csv,research-ledger/files/residuals/4e/P8_Y5_R2FR_4098_RADIAL_HAIR_DECOMPOSITION.csv,2122,1ee4d8ce319ad3bc68627bf4077a261e7ffb6e76166d582a6817ecdc7601610f
residuals,source-intake/mts_residuals/P8_Y5_R2FR_4098_SOURCE_MASS_IDENTITY_THEOREM.csv,research-ledger/files/residuals/11/P8_Y5_R2FR_4098_SOURCE_MASS_IDENTITY_THEOREM.csv,2250,a4405c5f5850d37335c7b76de4b1046f7065d5e163ca3152f530c278986bda4f
residuals,source-intake/mts_residuals/P8_Y5_R2FR_4098_SOURCE_REGISTER.csv,research-ledger/files/residuals/70/P8_Y5_R2FR_4098_SOURCE_REGISTER.csv,6564,a588c49a67fa0c575989a9d0620164333cfc05a84a89282c99b682eb54382cde
residuals,source-intake/mts_residuals/P8_Y5_R2FR_4098_STATUS.csv,research-ledger/files/residuals/90/P8_Y5_R2FR_4098_STATUS.csv,418,ed750aa8f28df7d94e93a591009d03cc4e35a63ea7834d798ee33eed5cbe57ba
residuals,source-intake/mts_residuals/P8_Y5_R2FR_4099_BOUND_VECTOR.csv,research-ledger/files/residuals/8d/P8_Y5_R2FR_4099_BOUND_VECTOR.csv,2709,2dc013807e9b182582a52e34a0a79da938e0e67e89aa7b6820ccabbb87c46634
residuals,source-intake/mts_residuals/P8_Y5_R2FR_4099_CLAIM_GATE.csv,research-ledger/files/residuals/33/P8_Y5_R2FR_4099_CLAIM_GATE.csv,1140,b5231c96abd1624c2bf0100cdaf97603da22447726300dc4080e92d873e18c0b
residuals,source-intake/mts_residuals/P8_Y5_R2FR_4099_DECISION_GATE.csv,research-ledger/files/residuals/8b/P8_Y5_R2FR_4099_DECISION_GATE.csv,1156,960065b3cfa4de025c25b7ddb450709d25c82dfc3c4df5b271897870de22c8f7
residuals,source-intake/mts_residuals/P8_Y5_R2FR_4099_DENSITY_IMPACT.csv,research-ledger/files/residuals/2e/P8_Y5_R2FR_4099_DENSITY_IMPACT.csv,1102,c2a791980b82216e1c92519058197fb47437a96a612386693b5ff7b7d1b125d8
residuals,source-intake/mts_residuals/P8_Y5_R2FR_4099_HOM_CLAUSE_AUDIT.csv,research-ledger/files/residuals/c2/P8_Y5_R2FR_4099_HOM_CLAUSE_AUDIT.csv,1899,f731b06aa2557a812682c81b58f762a72c045e2fe82644690ca712476c13025b
residuals,source-intake/mts_residuals/P8_Y5_R2FR_4099_NEXT_TARGET.csv,research-ledger/files/residuals/70/P8_Y5_R2FR_4099_NEXT_TARGET.csv,716,cee81a83852c698a6b3f67c2adf6dfc8bab7b1e867b7a380f71965c30dfc4ca1
residuals,source-intake/mts_residuals/P8_Y5_R2FR_4099_NO_SOURCE_ONLY_HOM_THEOREM.csv,research-ledger/files/residuals/55/P8_Y5_R2FR_4099_NO_SOURCE_ONLY_HOM_THEOREM.csv,2629,ff8dfbb3dc3f1c427bc1bf659457eb54f4eee247ebb82d58ea4a18edcb4f6f7e
residuals,source-intake/mts_residuals/P8_Y5_R2FR_4099_SOURCE_REGISTER.csv,research-ledger/files/residuals/17/P8_Y5_R2FR_4099_SOURCE_REGISTER.csv,6358,0c64ac178e6f6b20ab5aa24b208896cf834fb3178d1fdd93a0af2e381f11dcea
residuals,source-intake/mts_residuals/P8_Y5_R2FR_4099_SOURCE_WEIGHT_RESIDUALS.csv,research-ledger/files/residuals/84/P8_Y5_R2FR_4099_SOURCE_WEIGHT_RESIDUALS.csv,2390,82d803e5b42ef38e856a2edce3e037b17df3a2d98d8f301d7296a3b2d8f22bb2
residuals,source-intake/mts_residuals/P8_Y5_R2FR_4099_STATUS.csv,research-ledger/files/residuals/6f/P8_Y5_R2FR_4099_STATUS.csv,453,16df37c0c5df711c223aed58e13b4123dea3545023c9ab5e5c97e6c7cccea5b7
residuals,source-intake/mts_residuals/P8_Y5_R2FR_4100_CLAIM_GATE.csv,research-ledger/files/residuals/b9/P8_Y5_R2FR_4100_CLAIM_GATE.csv,1156,452499fba31fe36dab392b1beddde1e77ec997c95c705c7abd92f61ded35829f
residuals,source-intake/mts_residuals/P8_Y5_R2FR_4100_COMPONENT_GATES.csv,research-ledger/files/residuals/5c/P8_Y5_R2FR_4100_COMPONENT_GATES.csv,1796,e0b0375e3886e6832a07493469871839912b2929379576c61facd643436f5348
residuals,source-intake/mts_residuals/P8_Y5_R2FR_4100_DECISION_GATE.csv,research-ledger/files/residuals/93/P8_Y5_R2FR_4100_DECISION_GATE.csv,1056,6f985a0633fbc3e52f4d6830159b6853a2b99bd6bae305cc522627d68c50e43a
residuals,source-intake/mts_residuals/P8_Y5_R2FR_4100_DENSITY_IMPACT.csv,research-ledger/files/residuals/cd/P8_Y5_R2FR_4100_DENSITY_IMPACT.csv,1070,b7b95e5ed07c7e4524e82ba755b904fa5b71a63b02e67a6b64c77678279d88b5
residuals,source-intake/mts_residuals/P8_Y5_R2FR_4100_NEXT_TARGET.csv,research-ledger/files/residuals/00/P8_Y5_R2FR_4100_NEXT_TARGET.csv,663,1f0c34f24455774339c0ca16660e592037a161f5c48633fb02609ff2dc0e05af
residuals,source-intake/mts_residuals/P8_Y5_R2FR_4100_NONHILBERT_BYPASS_THEOREM.csv,research-ledger/files/residuals/fb/P8_Y5_R2FR_4100_NONHILBERT_BYPASS_THEOREM.csv,2024,d2ff73dde3180d3058204d3bd9bc0f0fa76bd5da9cadfca328733c049bdd3657
residuals,source-intake/mts_residuals/P8_Y5_R2FR_4100_OFFICIAL_FALLBACK_ROWS.csv,research-ledger/files/residuals/9c/P8_Y5_R2FR_4100_OFFICIAL_FALLBACK_ROWS.csv,1957,9412a9ee3ba9411b9e0b5c63da3e76b74f1144be431b26989f3a6d1eab185557
residuals,source-intake/mts_residuals/P8_Y5_R2FR_4100_SOURCE_REGISTER.csv,research-ledger/files/residuals/92/P8_Y5_R2FR_4100_SOURCE_REGISTER.csv,4775,7bba2195f6472fa3a8912a7147781177af6fc390f655a7643a77533944b6a9a2
residuals,source-intake/mts_residuals/P8_Y5_R2FR_4100_STATUS.csv,research-ledger/files/residuals/fc/P8_Y5_R2FR_4100_STATUS.csv,433,5edd735dcc8edc9838b7e92873291a8a36ac849be0368d8b2f60340d16b3d5ad
residuals,source-intake/mts_residuals/P8_Y5_R2FR_4101_CLAIM_GATE.csv,research-ledger/files/residuals/34/P8_Y5_R2FR_4101_CLAIM_GATE.csv,1309,d7dbd2900e03bc23a05eff2f30dc1ddfe87845cf2c266457d70f9890fac3df2b
residuals,source-intake/mts_residuals/P8_Y5_R2FR_4101_CONNECTION_FORK_THEOREM.csv,research-ledger/files/residuals/ba/P8_Y5_R2FR_4101_CONNECTION_FORK_THEOREM.csv,6555,2a69fa277b11b24eaeb1a1583c6864ab48bb83adea2ccc1bef856e4e85578e8f
residuals,source-intake/mts_residuals/P8_Y5_R2FR_4101_DECISION_GATE.csv,research-ledger/files/residuals/e9/P8_Y5_R2FR_4101_DECISION_GATE.csv,2521,0e0132fc1bd7820c45cf6cbde238a7b28447d84927f9d8622425f6a6f01cead0
residuals,source-intake/mts_residuals/P8_Y5_R2FR_4101_LC_BRANCH_SIGNATURE.csv,research-ledger/files/residuals/1d/P8_Y5_R2FR_4101_LC_BRANCH_SIGNATURE.csv,4428,52ab9617765e8b1da78af768b5945f67cd5c7b629e036884a2b7ccd1648df339
residuals,source-intake/mts_residuals/P8_Y5_R2FR_4101_NEXT_TARGET.csv,research-ledger/files/residuals/ea/P8_Y5_R2FR_4101_NEXT_TARGET.csv,773,fc651720d2afa35a4c3e33c41ac318c89e2fbf7bbe37e02e38e239172694b574
residuals,source-intake/mts_residuals/P8_Y5_R2FR_4101_P4_FALLBACK_QUEUE.csv,research-ledger/files/residuals/d7/P8_Y5_R2FR_4101_P4_FALLBACK_QUEUE.csv,4876,ae54e2b1b091b41492283bdd2925d56618ba92d26fd96b4f9b8f2637b26ea859
residuals,source-intake/mts_residuals/P8_Y5_R2FR_4101_SECTOR_GAMMA_SLOT_VERDICT.csv,research-ledger/files/residuals/ce/P8_Y5_R2FR_4101_SECTOR_GAMMA_SLOT_VERDICT.csv,4997,f912df8e296b857dd655d7bc05cee8932e47bb7a8392cf39e67569509e13bb4c
residuals,source-intake/mts_residuals/P8_Y5_R2FR_4101_SOURCE_REGISTER.csv,research-ledger/files/residuals/a7/P8_Y5_R2FR_4101_SOURCE_REGISTER.csv,6023,79578db7c927d22a15550ee59ff33d093ca1e885d5fe1ce4bd3ecfd98d19a2ab
residuals,source-intake/mts_residuals/P8_Y5_R2FR_4101_STATUS.csv,research-ledger/files/residuals/19/P8_Y5_R2FR_4101_STATUS.csv,468,dd1b0d16f22069e30655868a596c9fbc73feef6172fc8b9f370fc4b945214b50
residuals,source-intake/mts_residuals/P8_Y5_R2FR_4102_CLAIM_GATE.csv,research-ledger/files/residuals/15/P8_Y5_R2FR_4102_CLAIM_GATE.csv,1202,53c1a7dfb5945d70587ece43f4b29e24ece26926d8b741f1c54f2a1cdf3282eb
residuals,source-intake/mts_residuals/P8_Y5_R2FR_4102_DECISION_GATE.csv,research-ledger/files/residuals/a2/P8_Y5_R2FR_4102_DECISION_GATE.csv,3644,ebb406274113ec87633502cfa0b42871e92244e6835cdcac54b7f9562a352b5b
residuals,source-intake/mts_residuals/P8_Y5_R2FR_4102_DISTORTION_FALLBACK_ROWS.csv,research-ledger/files/residuals/5b/P8_Y5_R2FR_4102_DISTORTION_FALLBACK_ROWS.csv,3655,d36ae79c77db8524963b623e03616e6c8d653b6a03cb3adef1589574af0c7fc9
residuals,source-intake/mts_residuals/P8_Y5_R2FR_4102_LIVE_LEAKAGE_LEDGER.csv,research-ledger/files/residuals/15/P8_Y5_R2FR_4102_LIVE_LEAKAGE_LEDGER.csv,4248,6b54fe094dbdcb3cb5c0ee59ed2898fa664eae0736c92052fe365ebf9745fc94
residuals,source-intake/mts_residuals/P8_Y5_R2FR_4102_NEXT_TARGET.csv,research-ledger/files/residuals/92/P8_Y5_R2FR_4102_NEXT_TARGET.csv,931,9d72d8a01422fd8594c58205b83cfd46f9a2a10cda3f30c80bf3a9925d0ccf85
residuals,source-intake/mts_residuals/P8_Y5_R2FR_4102_NO_VERTICAL_AFFINE_SLOT.csv,research-ledger/files/residuals/4b/P8_Y5_R2FR_4102_NO_VERTICAL_AFFINE_SLOT.csv,4180,ab9298fcfe78e81f51672d205e062a0042d7f04a1e01d149ee7f947d8692109a
residuals,source-intake/mts_residuals/P8_Y5_R2FR_4102_SECTOR_INDICATOR_MATRIX.csv,research-ledger/files/residuals/88/P8_Y5_R2FR_4102_SECTOR_INDICATOR_MATRIX.csv,5787,ad70f0c19bbd512f74e64c2aa3a5e3a0f0f359fe01932b1ec7a7d3cdb258dd26
residuals,source-intake/mts_residuals/P8_Y5_R2FR_4102_SELECTOR_THEOREM.csv,research-ledger/files/residuals/67/P8_Y5_R2FR_4102_SELECTOR_THEOREM.csv,5910,ed36984aaee0c53193786025cb87c448e589ad53ea743ffea2ae8b38994047c8
residuals,source-intake/mts_residuals/P8_Y5_R2FR_4102_SOURCE_REGISTER.csv,research-ledger/files/residuals/f6/P8_Y5_R2FR_4102_SOURCE_REGISTER.csv,7001,42c0488dce04d9373673e46926ef6d1d2805d83e6c8867c0ccebc3b50ae97e97
residuals,source-intake/mts_residuals/P8_Y5_R2FR_4102_STATUS.csv,research-ledger/files/residuals/88/P8_Y5_R2FR_4102_STATUS.csv,671,874ec8b0fbc5b48cffbf96a917eefbc7341dbeb0f6d63d435652114bd492de6d
residuals,source-intake/mts_residuals/P8_Y5_R2FR_4103_CLAIM_GATE.csv,research-ledger/files/residuals/7e/P8_Y5_R2FR_4103_CLAIM_GATE.csv,1418,764d60ff0b4f96b21c057b80743ca2d1221a867cb49f35b85691f8f2110daa3b
residuals,source-intake/mts_residuals/P8_Y5_R2FR_4103_DECISION_GATE.csv,research-ledger/files/residuals/cd/P8_Y5_R2FR_4103_DECISION_GATE.csv,3669,b06e0468a9c6fb4bae2a27810540480d10480bb70095f0f73b7c528ffecadf1e
residuals,source-intake/mts_residuals/P8_Y5_R2FR_4103_FLUX_RESIDUAL_STACK.csv,research-ledger/files/residuals/d2/P8_Y5_R2FR_4103_FLUX_RESIDUAL_STACK.csv,3076,d83f47eef503b6f26713d9e758eb85186ea508d82125af75697b7f8e144c6ba3
residuals,source-intake/mts_residuals/P8_Y5_R2FR_4103_HREF_DENOMINATOR_ROWS.csv,research-ledger/files/residuals/2b/P8_Y5_R2FR_4103_HREF_DENOMINATOR_ROWS.csv,3000,6f5b56a39601aa1364e2fecd60a114c2b62d12bf57cb9ecf0bc469743c2d2d34
residuals,source-intake/mts_residuals/P8_Y5_R2FR_4103_LOCAL_EXTERIOR_CERTIFICATE.csv,research-ledger/files/residuals/97/P8_Y5_R2FR_4103_LOCAL_EXTERIOR_CERTIFICATE.csv,5602,f7b933d003ef539a8c85cb58f16945819bfb937b8bcbb899d97c0cdd801c29da
residuals,source-intake/mts_residuals/P8_Y5_R2FR_4103_NEXT_TARGET.csv,research-ledger/files/residuals/8e/P8_Y5_R2FR_4103_NEXT_TARGET.csv,877,ecb85ef3909020609a1546ca0fa782ad7be9d50c554075cde9336e46c6343327
residuals,source-intake/mts_residuals/P8_Y5_R2FR_4103_PACKAGE_ACTIVATION.csv,research-ledger/files/residuals/d7/P8_Y5_R2FR_4103_PACKAGE_ACTIVATION.csv,3914,0444e673df191c4d5e280c2c1f5f112428f934ba09cc40f02ff3d8b1484c2ae5
residuals,source-intake/mts_residuals/P8_Y5_R2FR_4103_SOURCE_REGISTER.csv,research-ledger/files/residuals/8a/P8_Y5_R2FR_4103_SOURCE_REGISTER.csv,7950,cd7a54b57acb2615f5fce560f7d1f94eceb12a49d0ee4425e231ab0399267f69
residuals,source-intake/mts_residuals/P8_Y5_R2FR_4103_STATUS.csv,research-ledger/files/residuals/d0/P8_Y5_R2FR_4103_STATUS.csv,744,519bf04c437c134033d3a5b8b0f73e3dd3024be93190042d970496f9241e2c4b
residuals,source-intake/mts_residuals/P8_Y5_R2FR_4104_ACTIVATION_GATES.csv,research-ledger/files/residuals/74/P8_Y5_R2FR_4104_ACTIVATION_GATES.csv,1619,ab0416e06c58bbcf01103ce3f27813c7fad3a39b7f324497474080baaed24069
residuals,source-intake/mts_residuals/P8_Y5_R2FR_4104_CLAIM_GATE.csv,research-ledger/files/residuals/a6/P8_Y5_R2FR_4104_CLAIM_GATE.csv,1295,a4bb97b9373276985b16797d545a270803926b104e27cfb00d93c36b5091381b
residuals,source-intake/mts_residuals/P8_Y5_R2FR_4104_DECISION_GATE.csv,research-ledger/files/residuals/95/P8_Y5_R2FR_4104_DECISION_GATE.csv,2852,07a00ffc14f9bdc748f14dd9f6ee22e9b26aebe4892b1955bcac57e3071be1df
residuals,source-intake/mts_residuals/P8_Y5_R2FR_4104_EPSILON_HAIR_ROWS.csv,research-ledger/files/residuals/d4/P8_Y5_R2FR_4104_EPSILON_HAIR_ROWS.csv,4073,1a78267e7d085b9678782cfcd850a5d35ccf021b3891115ed43f809acfcd548a
residuals,source-intake/mts_residuals/P8_Y5_R2FR_4104_GK_BOUND_INPUT_ROWS.csv,research-ledger/files/residuals/c3/P8_Y5_R2FR_4104_GK_BOUND_INPUT_ROWS.csv,2811,36831add6af5ce22fa04f70715d9ca5555e336172d8d270d689f6e865bc659fd
residuals,source-intake/mts_residuals/P8_Y5_R2FR_4104_HAIR_CHANNEL_AUDIT.csv,research-ledger/files/residuals/06/P8_Y5_R2FR_4104_HAIR_CHANNEL_AUDIT.csv,3965,a9b08397d59395c17b4e4bcf04d43333a9243fc2fe7af21356c94359e49f49d7
residuals,source-intake/mts_residuals/P8_Y5_R2FR_4104_NEXT_TARGET.csv,research-ledger/files/residuals/ec/P8_Y5_R2FR_4104_NEXT_TARGET.csv,821,7f04d595403da254ec7c0d0aba61a87cf017a21135e23eb2cb1a10eb00064369
residuals,source-intake/mts_residuals/P8_Y5_R2FR_4104_NO_HOMOGENEOUS_MODE_THEOREM.csv,research-ledger/files/residuals/7b/P8_Y5_R2FR_4104_NO_HOMOGENEOUS_MODE_THEOREM.csv,4540,cdd867d199bca8e517bcdbe67f83af3b3cc33808d5785f94ccbd4ec6074b2017
residuals,source-intake/mts_residuals/P8_Y5_R2FR_4104_SOURCE_REGISTER.csv,research-ledger/files/residuals/bd/P8_Y5_R2FR_4104_SOURCE_REGISTER.csv,6023,175cbb8dcdff478115bcb1c89e70b5f1023df7bc3aeee4d676daed4efe758a08
residuals,source-intake/mts_residuals/P8_Y5_R2FR_4104_STATUS.csv,research-ledger/files/residuals/7b/P8_Y5_R2FR_4104_STATUS.csv,693,a70c87d99d71265b815b9d62ccd2bb846f72b181ad4fbba680fa6760ea34419e
residuals,source-intake/mts_residuals/P8_Y5_R2FR_4105_ABSORPTION_RESIDUAL_CONTRACT.csv,research-ledger/files/residuals/81/P8_Y5_R2FR_4105_ABSORPTION_RESIDUAL_CONTRACT.csv,2551,b3f43fc0f1eb13943743b27208332aee8fc7a370a3d03a5f2c5df7bf585b76a5
residuals,source-intake/mts_residuals/P8_Y5_R2FR_4105_CLAIM_GATE.csv,research-ledger/files/residuals/9e/P8_Y5_R2FR_4105_CLAIM_GATE.csv,1158,d6a8d1b5543c9b1e1bab465c9d25d916b26138972a61d02c669f8315585a36c3
residuals,source-intake/mts_residuals/P8_Y5_R2FR_4105_DECISION_GATE.csv,research-ledger/files/residuals/1f/P8_Y5_R2FR_4105_DECISION_GATE.csv,2783,df5f665b31fa33e2e447bf43367e699b5875701b8ece0b4dcb1838dbc612dcfa
residuals,source-intake/mts_residuals/P8_Y5_R2FR_4105_GK_INPUT_OWNER_MATRIX.csv,research-ledger/files/residuals/73/P8_Y5_R2FR_4105_GK_INPUT_OWNER_MATRIX.csv,3740,86992a11f98969ef8ffde3227186fed45f68b4442e25bf9ff33a3d00d12dedf0
residuals,source-intake/mts_residuals/P8_Y5_R2FR_4105_LAMBDA_GK_POSITIVITY_AUDIT.csv,research-ledger/files/residuals/b4/P8_Y5_R2FR_4105_LAMBDA_GK_POSITIVITY_AUDIT.csv,3296,6e14c8f6aa0b1439971f119c56a6a8098f3be89374a6b1a7bfba320d7bfbdce5
residuals,source-intake/mts_residuals/P8_Y5_R2FR_4105_NEXT_TARGET.csv,research-ledger/files/residuals/7c/P8_Y5_R2FR_4105_NEXT_TARGET.csv,792,d2c87285e3aa5dcd6d223b3877d91596ed2395cb5a6c0f9cd9478bfc2c6a7316
residuals,source-intake/mts_residuals/P8_Y5_R2FR_4105_NONCOERCIVE_INPUT_PACK_IMPORT.csv,research-ledger/files/residuals/5d/P8_Y5_R2FR_4105_NONCOERCIVE_INPUT_PACK_IMPORT.csv,2779,ecbc52e04dd0e600763f95dc48896c6a0c0825a6b1e1ca4a0c9bb8003d7f889c
residuals,source-intake/mts_residuals/P8_Y5_R2FR_4105_SOURCE_COUPLING_PIVOT.csv,research-ledger/files/residuals/84/P8_Y5_R2FR_4105_SOURCE_COUPLING_PIVOT.csv,2451,a26ef9a627b6fcf2b3f06b5a209763ca2a1c442157725988f3e8dec7e1f365f8
residuals,source-intake/mts_residuals/P8_Y5_R2FR_4105_SOURCE_REGISTER.csv,research-ledger/files/residuals/94/P8_Y5_R2FR_4105_SOURCE_REGISTER.csv,6796,d9ab60c354feb0a9058f58e253915b64f3ab18942bcfe598bba39494c209ae06
residuals,source-intake/mts_residuals/P8_Y5_R2FR_4105_STATUS.csv,research-ledger/files/residuals/80/P8_Y5_R2FR_4105_STATUS.csv,1081,a341cb54511173dc59630661236a2abd79b5b83c716aedc695ba01c613dbcd4a
residuals,source-intake/mts_residuals/P8_Y5_R2FR_4106_CLAIM_GATE.csv,research-ledger/files/residuals/71/P8_Y5_R2FR_4106_CLAIM_GATE.csv,1258,eb28e421565c0032bd851a5e4526e0f661a66a8627ab5002274c3555324c70ba
residuals,source-intake/mts_residuals/P8_Y5_R2FR_4106_DECISION_GATE.csv,research-ledger/files/residuals/a1/P8_Y5_R2FR_4106_DECISION_GATE.csv,2151,d4e8712a8a70f1babfb16506ac96fcf7dddcc7738ae396a696ca2137721496ef
residuals,source-intake/mts_residuals/P8_Y5_R2FR_4106_EPSILON_MU_STATUS.csv,research-ledger/files/residuals/fb/P8_Y5_R2FR_4106_EPSILON_MU_STATUS.csv,4369,c40d6328d1f84b4d347607b713c424d77251e47ae91c1069e1e8f70964c6eb16
residuals,source-intake/mts_residuals/P8_Y5_R2FR_4106_NEWTON_THEOREM_CONDITIONS.csv,research-ledger/files/residuals/a4/P8_Y5_R2FR_4106_NEWTON_THEOREM_CONDITIONS.csv,3503,9486e76e97258bf54f9befa16ec971e61d115edb75de23efc031ff16318db211
residuals,source-intake/mts_residuals/P8_Y5_R2FR_4106_NEXT_TARGET.csv,research-ledger/files/residuals/ed/P8_Y5_R2FR_4106_NEXT_TARGET.csv,859,2ab2cba0f589aee6fc6cf0c638038d40abf8c9f18f6f72128a57ed711cfc7e8f
residuals,source-intake/mts_residuals/P8_Y5_R2FR_4106_SOURCE_COUPLING_SPINE.csv,research-ledger/files/residuals/5f/P8_Y5_R2FR_4106_SOURCE_COUPLING_SPINE.csv,5148,607e31cdc2adee145b68b67fdbcef53464a16d4f087239b32d22917d7e4cca54
residuals,source-intake/mts_residuals/P8_Y5_R2FR_4106_SOURCE_REGISTER.csv,research-ledger/files/residuals/f0/P8_Y5_R2FR_4106_SOURCE_REGISTER.csv,6587,08922facc2b1fa110eb6eba225821fd01ca5c7c9e1fe68682c2acd785d16da6f
residuals,source-intake/mts_residuals/P8_Y5_R2FR_4106_STATUS.csv,research-ledger/files/residuals/b1/P8_Y5_R2FR_4106_STATUS.csv,1339,48f3d22fa1318a1a3411fc0b08d17603da05a680878f5e688b114de7156316f7
residuals,source-intake/mts_residuals/P8_Y5_R2FR_4107_DECISION_GATE.csv,research-ledger/files/residuals/02/P8_Y5_R2FR_4107_DECISION_GATE.csv,1677,47625d21b197b532cf0813d1c8e0f7a539a2486fbaa51267c9eb990147100392
residuals,source-intake/mts_residuals/P8_Y5_R2FR_4107_DERIVATIVE_HAIR_BOUNDS.csv,research-ledger/files/residuals/f7/P8_Y5_R2FR_4107_DERIVATIVE_HAIR_BOUNDS.csv,3773,f04e51b06e78f02d0d4c9e2ba15021be69e6449412c0922bf0c16ed8c5cb7509
residuals,source-intake/mts_residuals/P8_Y5_R2FR_4107_DERIVATIVE_IDENTITY.csv,research-ledger/files/residuals/33/P8_Y5_R2FR_4107_DERIVATIVE_IDENTITY.csv,2896,7166e2db5a8a10bcd5e449292b04d69b29e4141014a3318f8087f221f40e74b2
residuals,source-intake/mts_residuals/P8_Y5_R2FR_4107_GEFF_PRODUCT_LOCK.csv,research-ledger/files/residuals/4f/P8_Y5_R2FR_4107_GEFF_PRODUCT_LOCK.csv,2799,a969e0a454eef8dac754b47d71a8e08f500d24b792882271b231d78807156762
residuals,source-intake/mts_residuals/P8_Y5_R2FR_4107_NEXT_TARGET.csv,research-ledger/files/residuals/7d/P8_Y5_R2FR_4107_NEXT_TARGET.csv,788,900cbad287eb0a8f37fda7e64ffca35f63941b30ee28d539c20f96bb88be2b73
residuals,source-intake/mts_residuals/P8_Y5_R2FR_4107_PROMOTION_GATES.csv,research-ledger/files/residuals/0d/P8_Y5_R2FR_4107_PROMOTION_GATES.csv,1454,28c97a99da9ef528cb0042e130a5fd2f6d47e3e07d2db0e49e505244624f8f5d
residuals,source-intake/mts_residuals/P8_Y5_R2FR_4107_SOURCE_REGISTER.csv,research-ledger/files/residuals/96/P8_Y5_R2FR_4107_SOURCE_REGISTER.csv,5012,4b163648cb36e34f805e9655b997962bf9d0d52dec2bd27c8e9e8f866d7bcac5
residuals,source-intake/mts_residuals/P8_Y5_R2FR_4107_STATUS.csv,research-ledger/files/residuals/19/P8_Y5_R2FR_4107_STATUS.csv,1178,1dbb582640e77da9e9c711d85f1756fa66409546ecbfffe1e801a6c8a6555eb4
residuals,source-intake/mts_residuals/P8_Y5_R2FR_4108_BOUND_INPUTS.csv,research-ledger/files/residuals/ac/P8_Y5_R2FR_4108_BOUND_INPUTS.csv,4204,430962a210b3f2ffedad607f2ef5af0015b4c1880276b3781ab0a9e6e0a6938d
residuals,source-intake/mts_residuals/P8_Y5_R2FR_4108_DECISION_GATE.csv,research-ledger/files/residuals/74/P8_Y5_R2FR_4108_DECISION_GATE.csv,1671,5cd7ddddce8b0d27ae416886eeb4544dbdb075bde6e9efcf4802be97dbf18f30
residuals,source-intake/mts_residuals/P8_Y5_R2FR_4108_ELLJ_DECOMPOSITION.csv,research-ledger/files/residuals/86/P8_Y5_R2FR_4108_ELLJ_DECOMPOSITION.csv,3262,785e6ca3fb57c56ec89ad1059ddbe28de7370d6cf046c98af8f919aaffb4d80d
residuals,source-intake/mts_residuals/P8_Y5_R2FR_4108_NEXT_TARGET.csv,research-ledger/files/residuals/2e/P8_Y5_R2FR_4108_NEXT_TARGET.csv,814,c9b0bce6221db32ab83078632dc6dd6b7bc3aa7ddead68932abaf4937b4b4d0f
residuals,source-intake/mts_residuals/P8_Y5_R2FR_4108_PIM_HTAU_SUBDENOMINATOR.csv,research-ledger/files/residuals/cc/P8_Y5_R2FR_4108_PIM_HTAU_SUBDENOMINATOR.csv,3254,9ff82afb3575b1952082a0b4ea69d5fb02bd5d48521193b7f1a0ebed6a62ad50
residuals,source-intake/mts_residuals/P8_Y5_R2FR_4108_PROMOTION_GATES.csv,research-ledger/files/residuals/39/P8_Y5_R2FR_4108_PROMOTION_GATES.csv,1605,2754fe5f303c9fe3c053d4d1759a42b009451eb9e1beadc3959c2992e4e8611d
residuals,source-intake/mts_residuals/P8_Y5_R2FR_4108_SOURCE_REGISTER.csv,research-ledger/files/residuals/93/P8_Y5_R2FR_4108_SOURCE_REGISTER.csv,5178,791ce30ed0e2e2638a2216246f6b42edbce10ee5e906bda90a5d27b841d9864a
residuals,source-intake/mts_residuals/P8_Y5_R2FR_4108_STATUS.csv,research-ledger/files/residuals/d7/P8_Y5_R2FR_4108_STATUS.csv,1248,8785149f393c6dc3dbdddf0881bd729b4a54638c2fd4c2eb70b5d2dec2fcd5d8
residuals,source-intake/mts_residuals/P8_Y5_R2FR_4109_BOUND_INPUTS.csv,research-ledger/files/residuals/71/P8_Y5_R2FR_4109_BOUND_INPUTS.csv,3995,1f8609a015e620d8bda1026a48cf87876c20d417126669ea3a74fd9959ed9be0
residuals,source-intake/mts_residuals/P8_Y5_R2FR_4109_DECISION_GATE.csv,research-ledger/files/residuals/23/P8_Y5_R2FR_4109_DECISION_GATE.csv,1657,589c7f1808bb3b67482bf7f2c751d0da08d14b4e7391270397f913abc50d22cc
residuals,source-intake/mts_residuals/P8_Y5_R2FR_4109_DQ_MATRIX_GATE.csv,research-ledger/files/residuals/ad/P8_Y5_R2FR_4109_DQ_MATRIX_GATE.csv,3881,320ea556a3fa317481e25cbd5bc6426f7d52d8f3863fecb354b614f52a03b268
residuals,source-intake/mts_residuals/P8_Y5_R2FR_4109_NEXT_TARGET.csv,research-ledger/files/residuals/fe/P8_Y5_R2FR_4109_NEXT_TARGET.csv,849,62f3ed9793c8f0ec1030c324198712f569a871620ef0b84331f10078566188ed
residuals,source-intake/mts_residuals/P8_Y5_R2FR_4109_PROMOTION_GATES.csv,research-ledger/files/residuals/bb/P8_Y5_R2FR_4109_PROMOTION_GATES.csv,1828,5c42d5cf53168834dd816a76e39b2e3e20eb382093839fb790d99a5d4e3a6ad1
residuals,source-intake/mts_residuals/P8_Y5_R2FR_4109_QBASIC_AX_THEOREM.csv,research-ledger/files/residuals/37/P8_Y5_R2FR_4109_QBASIC_AX_THEOREM.csv,3253,3e36a384d2c129339611efc46d41c022a4df37d0c92cb0553f77a485e074650c
residuals,source-intake/mts_residuals/P8_Y5_R2FR_4109_SOURCE_REGISTER.csv,research-ledger/files/residuals/85/P8_Y5_R2FR_4109_SOURCE_REGISTER.csv,5216,48bfad0bf19e0121c06faffb321313eba2e553c2522ad6a736eebba63f7c52ff
residuals,source-intake/mts_residuals/P8_Y5_R2FR_4109_STATUS.csv,research-ledger/files/residuals/6f/P8_Y5_R2FR_4109_STATUS.csv,1221,3d74d02890007ee81069c42f41b43956aa9151650f951106ccdf05c00007f988
residuals,source-intake/mts_residuals/P8_Y5_R2FR_4110_BQWEYL_ACQUISITION_PACK.csv,research-ledger/files/residuals/1b/P8_Y5_R2FR_4110_BQWEYL_ACQUISITION_PACK.csv,4622,baead2bc186a2356ac2d8c2be397e718531b4eae297c698422a27ae30db190b8
residuals,source-intake/mts_residuals/P8_Y5_R2FR_4110_BQWEYL_INDEX_SIGNATURE_GATE.csv,research-ledger/files/residuals/81/P8_Y5_R2FR_4110_BQWEYL_INDEX_SIGNATURE_GATE.csv,3209,a7baf6f405c3a50d1492f9b15b9b40b07c38b9827340477a280ac24831f29eef
residuals,source-intake/mts_residuals/P8_Y5_R2FR_4110_DECISION_GATE.csv,research-ledger/files/residuals/d1/P8_Y5_R2FR_4110_DECISION_GATE.csv,2072,7de390be8cc5c3e18a0ade577986ad43b4e4059c09d88006ccfe00a80bff74e2
residuals,source-intake/mts_residuals/P8_Y5_R2FR_4110_NEXT_TARGET.csv,research-ledger/files/residuals/ff/P8_Y5_R2FR_4110_NEXT_TARGET.csv,783,38acf8e391d964413555dfdc00df72f1fb32323d5c0ed91d0175f42cb84d251c
residuals,source-intake/mts_residuals/P8_Y5_R2FR_4110_PROMOTION_GATES.csv,research-ledger/files/residuals/70/P8_Y5_R2FR_4110_PROMOTION_GATES.csv,1766,23c6c7dd44e1ba4f854107ff220b03d2a4e0801cf80a9e3ee682eb22544c1b20
residuals,source-intake/mts_residuals/P8_Y5_R2FR_4110_SOURCE_REGISTER.csv,research-ledger/files/residuals/95/P8_Y5_R2FR_4110_SOURCE_REGISTER.csv,5912,505120a8fd9f0bcfcee5416d9b93f58e0a94ac96da80432ce3ab36077793c8e4
residuals,source-intake/mts_residuals/P8_Y5_R2FR_4110_STATUS.csv,research-ledger/files/residuals/a2/P8_Y5_R2FR_4110_STATUS.csv,1241,0795b8ef18ea8ba4519b32b69c9ecc438c24a30533877d1f70ccc8ef4e0886ba
residuals,source-intake/mts_residuals/P8_Y5_R2FR_4110_VQ_SOURCE_GATE.csv,research-ledger/files/residuals/1d/P8_Y5_R2FR_4110_VQ_SOURCE_GATE.csv,3250,8fb987ba5358106afc70a768cc473041a2dd1866a2d372385616f02a9bd7d0fc
residuals,source-intake/mts_residuals/P8_Y5_R2FR_4111_DECISION_GATE.csv,research-ledger/files/residuals/f9/P8_Y5_R2FR_4111_DECISION_GATE.csv,2046,6b8c141d6254430b0ba9d880e7e2e0e8b758e69dcc1e3d7f9248e6e2fb80e33c
residuals,source-intake/mts_residuals/P8_Y5_R2FR_4111_NEXT_TARGET.csv,research-ledger/files/residuals/8c/P8_Y5_R2FR_4111_NEXT_TARGET.csv,778,9b6ece1b8f556e299f69c077cc01349462727ab07d020e6b511869ae8191fd8b
residuals,source-intake/mts_residuals/P8_Y5_R2FR_4111_NO_POLE_HESSIAN_FORK.csv,research-ledger/files/residuals/e0/P8_Y5_R2FR_4111_NO_POLE_HESSIAN_FORK.csv,2194,8ae0738c9210206ad68d9c1377b6cfc5dd45f31f072969c5839d7892c967721a
residuals,source-intake/mts_residuals/P8_Y5_R2FR_4111_PI_MTS_ZQ_JQ_EXTRACTION.csv,research-ledger/files/residuals/c0/P8_Y5_R2FR_4111_PI_MTS_ZQ_JQ_EXTRACTION.csv,3641,081ce38723bee845c496b74bb8421aaf1d445d8c2b101094a248057e3fcd7758
residuals,source-intake/mts_residuals/P8_Y5_R2FR_4111_PROMOTION_GATES.csv,research-ledger/files/residuals/0c/P8_Y5_R2FR_4111_PROMOTION_GATES.csv,1612,7876e1b9d5af9f81bb65cdc4edcbe48609ea86cab59c9bc412e4d52a4a8f3875
residuals,source-intake/mts_residuals/P8_Y5_R2FR_4111_Q_OPERATOR_ROUTE_GATE.csv,research-ledger/files/residuals/f6/P8_Y5_R2FR_4111_Q_OPERATOR_ROUTE_GATE.csv,2654,e3ea04bf29af16d34dc140eabd68b85abaca8075b91f8794ce1b16467eb801f7
residuals,source-intake/mts_residuals/P8_Y5_R2FR_4111_SOURCE_REGISTER.csv,research-ledger/files/residuals/a9/P8_Y5_R2FR_4111_SOURCE_REGISTER.csv,6349,91e47b07a5a3ace1bea2c1c529fd92f1a219ada25a14c3ffd817c0ce1a7b027f
residuals,source-intake/mts_residuals/P8_Y5_R2FR_4111_STATUS.csv,research-ledger/files/residuals/5c/P8_Y5_R2FR_4111_STATUS.csv,1135,2eb37789d3624dc8fbd42f7db55c60a2344b109fb09c792db86892f3b4109b5a
residuals,source-intake/mts_residuals/P8_Y5_R2FR_4112_DECISION_GATE.csv,research-ledger/files/residuals/5c/P8_Y5_R2FR_4112_DECISION_GATE.csv,1253,bab19daa2a7a57e51dc4aba9370b9f64f589f07ad5088312f42000b4f2194752
residuals,source-intake/mts_residuals/P8_Y5_R2FR_4112_EM_POYNTING_HODGE_SCREEN_SPINE.csv,research-ledger/files/residuals/fe/P8_Y5_R2FR_4112_EM_POYNTING_HODGE_SCREEN_SPINE.csv,2077,9238c18d21f4d8c8f8547b00d553e947ff0594203826f6f2434c458df2ca4c99
residuals,source-intake/mts_residuals/P8_Y5_R2FR_4112_IMPORTED_DERIVATION_CHAIN.csv,research-ledger/files/residuals/b3/P8_Y5_R2FR_4112_IMPORTED_DERIVATION_CHAIN.csv,3241,cc600cd2ddad485244dd3009e9c6ce330fb49639151592978eee090e57711411
residuals,source-intake/mts_residuals/P8_Y5_R2FR_4112_LOCAL_GR_CALIBRATED_CONTRACT.csv,research-ledger/files/residuals/d8/P8_Y5_R2FR_4112_LOCAL_GR_CALIBRATED_CONTRACT.csv,2027,cfee75ccbe9707db41188ec787ba2dc8b0266d70e68cfc89d47adcb5883c6a8e
residuals,source-intake/mts_residuals/P8_Y5_R2FR_4112_NEXT_TARGET.csv,research-ledger/files/residuals/5f/P8_Y5_R2FR_4112_NEXT_TARGET.csv,877,920504609daf4baeeff212d7f38d09be671bab5ed98493cd1f7c12d2f62d94e0
residuals,source-intake/mts_residuals/P8_Y5_R2FR_4112_RESIDUAL_VECTOR_NEXT_GATES.csv,research-ledger/files/residuals/b6/P8_Y5_R2FR_4112_RESIDUAL_VECTOR_NEXT_GATES.csv,2507,5215fc4334d6a08cece242e42c3f19bc20be29caad89fcbb485d7f758657f722
residuals,source-intake/mts_residuals/P8_Y5_R2FR_4112_SOURCE_REGISTER.csv,research-ledger/files/residuals/9c/P8_Y5_R2FR_4112_SOURCE_REGISTER.csv,5950,772b5d903662292a58601c692adeab899984d0f1dda7b1b75d9c73780b3a154e
residuals,source-intake/mts_residuals/P8_Y5_R2FR_4112_STATUS.csv,research-ledger/files/residuals/bc/P8_Y5_R2FR_4112_STATUS.csv,1067,1e54d8ef131714bc3de0c0dbeff0597aeea81da38e1449d5540b526743448d34
residuals,source-intake/mts_residuals/P8_Y5_R2FR_4112_XI_Q_JQ_STATUS.csv,research-ledger/files/residuals/7d/P8_Y5_R2FR_4112_XI_Q_JQ_STATUS.csv,1844,0eb630c1a189da9409fb89a51d7489ab9b5a3eb263a10a1e0b1b7e6c1811f847
residuals,source-intake/mts_residuals/P8_Y5_R2FR_4113_BIANCHI_CLOSURE_LAW.csv,research-ledger/files/residuals/54/P8_Y5_R2FR_4113_BIANCHI_CLOSURE_LAW.csv,1925,04cef905bc707c22e0154a9e3a80c3c960a0d7406e8adf7c18e03d23f45da61c
residuals,source-intake/mts_residuals/P8_Y5_R2FR_4113_DECISION_GATE.csv,research-ledger/files/residuals/58/P8_Y5_R2FR_4113_DECISION_GATE.csv,1614,234298ff6340261c03353d8b33f356c655fd834515a4b774a84b79a621d87fb1
residuals,source-intake/mts_residuals/P8_Y5_R2FR_4113_NEXT_TARGET.csv,research-ledger/files/residuals/08/P8_Y5_R2FR_4113_NEXT_TARGET.csv,999,5fcf425533b479d180417366fb608302a1a5b2e8ad047c7930a3148c53247ccd
residuals,source-intake/mts_residuals/P8_Y5_R2FR_4113_ORPHAN_SCORECARD.csv,research-ledger/files/residuals/28/P8_Y5_R2FR_4113_ORPHAN_SCORECARD.csv,1215,27b706a4b9c2cee6e39cfcc14098943cb5614b41c25665272f74bbe1783fa8fb
residuals,source-intake/mts_residuals/P8_Y5_R2FR_4113_PPN_NEWTON_ENVELOPE.csv,research-ledger/files/residuals/3b/P8_Y5_R2FR_4113_PPN_NEWTON_ENVELOPE.csv,2240,732671e5ba8d6d6fb59820e8a1747a842e498203b8bd11d0d039517b479ab9ef
residuals,source-intake/mts_residuals/P8_Y5_R2FR_4113_RESIDUAL_OWNER_INVENTORY.csv,research-ledger/files/residuals/ea/P8_Y5_R2FR_4113_RESIDUAL_OWNER_INVENTORY.csv,2595,cd6f609ec5c536311d4fb1d4293da7aa557093715c4f591be9d4c250907cd65b
residuals,source-intake/mts_residuals/P8_Y5_R2FR_4113_SOURCE_REGISTER.csv,research-ledger/files/residuals/11/P8_Y5_R2FR_4113_SOURCE_REGISTER.csv,6246,52fc36e8014dc6fcb85523cd4a4a0f2e4ab6fe067d15e2c1f36588302bff9fd0
residuals,source-intake/mts_residuals/P8_Y5_R2FR_4113_STATUS.csv,research-ledger/files/residuals/f7/P8_Y5_R2FR_4113_STATUS.csv,1063,d64121a83bed1f0d7abe057bb61d971024bb0a8aa4c33a5272642f605a0326dc
residuals,source-intake/mts_residuals/P8_Y5_R2FR_4114_DECISION_GATE.csv,research-ledger/files/residuals/ba/P8_Y5_R2FR_4114_DECISION_GATE.csv,1616,f826e7de0eb0ea07da620dfe87f6b8ec2fc9dd4a72354e4cca744baa5fd184ff
residuals,source-intake/mts_residuals/P8_Y5_R2FR_4114_DOUBLE_ZERO_BOUNDARY_GATE.csv,research-ledger/files/residuals/d9/P8_Y5_R2FR_4114_DOUBLE_ZERO_BOUNDARY_GATE.csv,1514,9b665ae76ed84a26472ac19eeef4ded5b47d333a95e8befd97beab575335b0ef
residuals,source-intake/mts_residuals/P8_Y5_R2FR_4114_GK_QLOC_STRESS_IDENTITY.csv,research-ledger/files/residuals/fc/P8_Y5_R2FR_4114_GK_QLOC_STRESS_IDENTITY.csv,1288,89207fb267b70bdc745e66eebb150bff4a01b893aeb7ecb156a32bc013ad6e25
residuals,source-intake/mts_residuals/P8_Y5_R2FR_4114_METRIC_RESPONSE_ROUTE.csv,research-ledger/files/residuals/83/P8_Y5_R2FR_4114_METRIC_RESPONSE_ROUTE.csv,1386,b01f75aa36e05d063ffd3ca0ae4ae5a82368ee6f83cfc4a64be0623e65512b75
residuals,source-intake/mts_residuals/P8_Y5_R2FR_4114_NEXT_TARGET.csv,research-ledger/files/residuals/5c/P8_Y5_R2FR_4114_NEXT_TARGET.csv,956,23ff5116ae2c635b6119c197afbbdc1560ed44a92a67bb1abd6728cd26899b1b
residuals,source-intake/mts_residuals/P8_Y5_R2FR_4114_QLOC_TGK_BOUND_BRANCH.csv,research-ledger/files/residuals/1c/P8_Y5_R2FR_4114_QLOC_TGK_BOUND_BRANCH.csv,1743,6fab8dd287bac8f39827691216e126cd5109bd07a696454bcfd8d43e622eb4a0
residuals,source-intake/mts_residuals/P8_Y5_R2FR_4114_SGK_HELMHOLTZ_GATE.csv,research-ledger/files/residuals/df/P8_Y5_R2FR_4114_SGK_HELMHOLTZ_GATE.csv,1913,282d79fa6c90bf005c816dc07a904bb8dcc1304e32af9b83ed0345fbef0af0fa
residuals,source-intake/mts_residuals/P8_Y5_R2FR_4114_SOURCE_REGISTER.csv,research-ledger/files/residuals/18/P8_Y5_R2FR_4114_SOURCE_REGISTER.csv,4519,298ca87ff972c8c894b13d20384bc9267b8bd39c800b06c092447720c90ec2c2
residuals,source-intake/mts_residuals/P8_Y5_R2FR_4114_STATUS.csv,research-ledger/files/residuals/e5/P8_Y5_R2FR_4114_STATUS.csv,1131,b2f1f49ca9af233ffbde39de55a13c51bcdc707804d1b46b2722387899455865
residuals,source-intake/mts_residuals/P8_Y5_R2FR_4115_BOUND_RUNNER_ROWS.csv,research-ledger/files/residuals/0c/P8_Y5_R2FR_4115_BOUND_RUNNER_ROWS.csv,1957,3cf69a0e8ddbe276bd3b9d5887b93aa8cfb35b9376c1adffa04e6d7a0601fc26
residuals,source-intake/mts_residuals/P8_Y5_R2FR_4115_DECISION_GATE.csv,research-ledger/files/residuals/4f/P8_Y5_R2FR_4115_DECISION_GATE.csv,1399,cdf0fad6e22eed66048a991477bce133a5e7671038dc1ea787d46f72923637e9
residuals,source-intake/mts_residuals/P8_Y5_R2FR_4115_DOUBLE_ZERO_MECHANISM.csv,research-ledger/files/residuals/0c/P8_Y5_R2FR_4115_DOUBLE_ZERO_MECHANISM.csv,2412,c5898f77d16e8c8b3ad1e0d818da0d0e2429342c0553a9e46f6505d30e7ce1f5
residuals,source-intake/mts_residuals/P8_Y5_R2FR_4115_KMETRIC_KHAT_COMPARISON.csv,research-ledger/files/residuals/ec/P8_Y5_R2FR_4115_KMETRIC_KHAT_COMPARISON.csv,1992,32c9cd2ba8aec62ffc78ba29df81271ed73437e30a280b64f7956f5caec72896
residuals,source-intake/mts_residuals/P8_Y5_R2FR_4115_NEXT_TARGET.csv,research-ledger/files/residuals/7c/P8_Y5_R2FR_4115_NEXT_TARGET.csv,906,00cfc8229bff451a2b59d4a5c3d802f37892bee6ef26d06cc78cff90b8c07e8d
residuals,source-intake/mts_residuals/P8_Y5_R2FR_4115_SCALAR_DENSITY_CANDIDATES.csv,research-ledger/files/residuals/a9/P8_Y5_R2FR_4115_SCALAR_DENSITY_CANDIDATES.csv,2514,d42ba9051d96b89dc08e9e264a96787051e7b93e1dd86b5d8f977e7d9bedc415
residuals,source-intake/mts_residuals/P8_Y5_R2FR_4115_SOURCE_REGISTER.csv,research-ledger/files/residuals/b6/P8_Y5_R2FR_4115_SOURCE_REGISTER.csv,4603,dc191647dd1b5158cb1f5758a1e3faf66b16d6e38cdb9f1cfb29918a2090a6a9
residuals,source-intake/mts_residuals/P8_Y5_R2FR_4115_STATUS.csv,research-ledger/files/residuals/45/P8_Y5_R2FR_4115_STATUS.csv,1131,d765b7a0dd3497b267603d1e4a6a133af898d69bfab0d2c2eb34a15cd6fc9e1f
residuals,source-intake/mts_residuals/P8_Y5_R2FR_4116_DECISION_GATE.csv,research-ledger/files/residuals/9a/P8_Y5_R2FR_4116_DECISION_GATE.csv,1446,0abe8e3ab0aae31b68be8dda5f12592b2d945fb5b7b684e2a746750273d4040b
residuals,source-intake/mts_residuals/P8_Y5_R2FR_4116_JZ_COEFFICIENT_ROWS.csv,research-ledger/files/residuals/5f/P8_Y5_R2FR_4116_JZ_COEFFICIENT_ROWS.csv,2934,8fa2db8e00d648509bcfc7014297065898aa15affe5b04759e4772313afdcaa1
residuals,source-intake/mts_residuals/P8_Y5_R2FR_4116_JZ_COUPLING_LAW.csv,research-ledger/files/residuals/1e/P8_Y5_R2FR_4116_JZ_COUPLING_LAW.csv,1564,ab231d19c80d4c43d5d002f8ea7b545bd371c3ba94bf1d7909074cf168203dd9
residuals,source-intake/mts_residuals/P8_Y5_R2FR_4116_JZ_ZERO_ROUTE_AUDIT.csv,research-ledger/files/residuals/10/P8_Y5_R2FR_4116_JZ_ZERO_ROUTE_AUDIT.csv,2126,76eaaa62bd37d6f4e93f138a7c89bab2ea1daffd65df4deabc17e8f5ff590bb1
residuals,source-intake/mts_residuals/P8_Y5_R2FR_4116_NEXT_TARGET.csv,research-ledger/files/residuals/25/P8_Y5_R2FR_4116_NEXT_TARGET.csv,994,3f45d0982e375ea33d70f8b110dd626fc2926fbc97694bd523a273de9fd404b5
residuals,source-intake/mts_residuals/P8_Y5_R2FR_4116_SOURCE_REGISTER.csv,research-ledger/files/residuals/b4/P8_Y5_R2FR_4116_SOURCE_REGISTER.csv,4288,c04aa4c34fec29223eef0d8497ef85fc82d11f74d3a5a819cc7de9a5a4bbb700
residuals,source-intake/mts_residuals/P8_Y5_R2FR_4116_STATUS.csv,research-ledger/files/residuals/28/P8_Y5_R2FR_4116_STATUS.csv,1069,9bedbaf3a9a6a6e263325dacc8b55be77101d180acf36a9e47cb77d77091ce94
residuals,source-intake/mts_residuals/P8_Y5_R2FR_4117_DECISION_GATE.csv,research-ledger/files/residuals/2a/P8_Y5_R2FR_4117_DECISION_GATE.csv,1098,fb0bb28b27ffece3d6e062fb1cdea6bba87bd1d7ff5ac0b5324e37619d8335ed
residuals,source-intake/mts_residuals/P8_Y5_R2FR_4117_JZ_BOUND_REQUIREMENTS.csv,research-ledger/files/residuals/29/P8_Y5_R2FR_4117_JZ_BOUND_REQUIREMENTS.csv,2572,24b6b8c685c64184e2424d4fe8cc73f526980c8384f36e48f37764bf43a75177
residuals,source-intake/mts_residuals/P8_Y5_R2FR_4117_JZ_ZERO_THEOREM.csv,research-ledger/files/residuals/13/P8_Y5_R2FR_4117_JZ_ZERO_THEOREM.csv,2309,1f685df7321e0ab0a9f3659882beabff2bf3359d986b62235870100835f523a5
residuals,source-intake/mts_residuals/P8_Y5_R2FR_4117_NEXT_TARGET.csv,research-ledger/files/residuals/d0/P8_Y5_R2FR_4117_NEXT_TARGET.csv,916,f9d8ca4da76edaab7f73f15d2aba5641292ef821c62d9fed9ee1238729938baf
residuals,source-intake/mts_residuals/P8_Y5_R2FR_4117_PARENT_ACTION_CLAUSE.csv,research-ledger/files/residuals/7e/P8_Y5_R2FR_4117_PARENT_ACTION_CLAUSE.csv,2707,5925a04f6e4cdc7a8b264fc38dd8bd23cb51baf83514491755a6a3d31450e843
residuals,source-intake/mts_residuals/P8_Y5_R2FR_4117_PARENT_SIGNATURE_AUDIT.csv,research-ledger/files/residuals/90/P8_Y5_R2FR_4117_PARENT_SIGNATURE_AUDIT.csv,2454,d8851a78fdb385c7af53603d34e53acb49514878d7ee94bfe8f20f853f988951
residuals,source-intake/mts_residuals/P8_Y5_R2FR_4117_SOURCE_REGISTER.csv,research-ledger/files/residuals/8e/P8_Y5_R2FR_4117_SOURCE_REGISTER.csv,4625,f88dca0a15a21c1305ff9111e2adfb5bf0c792693b242299835ead9aad1542c3
residuals,source-intake/mts_residuals/P8_Y5_R2FR_4117_STATUS.csv,research-ledger/files/residuals/1d/P8_Y5_R2FR_4117_STATUS.csv,1010,a61093ff6a438de08289308856db0d639b4e78b03536a9824dcd348bc14a6a21
residuals,source-intake/mts_residuals/P8_Y5_R2FR_4118_DCDAGGER_VERTICAL_GENERATOR_MAP.csv,research-ledger/files/residuals/c4/P8_Y5_R2FR_4118_DCDAGGER_VERTICAL_GENERATOR_MAP.csv,2918,a81112a292ff41feb76c75590ce40e021ab4780f23be68955d8f8cc5c91a1f86
residuals,source-intake/mts_residuals/P8_Y5_R2FR_4118_DECISION_GATES.csv,research-ledger/files/residuals/40/P8_Y5_R2FR_4118_DECISION_GATES.csv,1730,b0ae3a3f16712d3c7b6cf3cada56556894c19eacfdf1519445ba373b33a6635b
residuals,source-intake/mts_residuals/P8_Y5_R2FR_4118_DQ_Z_LEAK_AND_JZ_COEFFICIENTS.csv,research-ledger/files/residuals/66/P8_Y5_R2FR_4118_DQ_Z_LEAK_AND_JZ_COEFFICIENTS.csv,4945,628c9279914297f0380f402c381e3e51e71068d0417b81465729003d0d7b4e26
residuals,source-intake/mts_residuals/P8_Y5_R2FR_4118_NEXT_TARGET.csv,research-ledger/files/residuals/f3/P8_Y5_R2FR_4118_NEXT_TARGET.csv,945,1031dd9f37b451a4e99e8273c215eea7c6b3a44325b3c05ff33f7f9a9a341315
residuals,source-intake/mts_residuals/P8_Y5_R2FR_4118_SOURCE_REGISTER.csv,research-ledger/files/residuals/27/P8_Y5_R2FR_4118_SOURCE_REGISTER.csv,5709,5e1e981792812be0106cac10997242f873eb2304fda99eeeda1583679c46023f
residuals,source-intake/mts_residuals/P8_Y5_R2FR_4118_STATUS.csv,research-ledger/files/residuals/a1/P8_Y5_R2FR_4118_STATUS.csv,1117,96d832aa9c1edcc48b4924cd7511a0352f51b75ef39357641c828613425e4e11
residuals,source-intake/mts_residuals/P8_Y5_R2FR_4118_VERTICAL_GENERATOR_CRITERION.csv,research-ledger/files/residuals/24/P8_Y5_R2FR_4118_VERTICAL_GENERATOR_CRITERION.csv,4030,0b75b3c0cb518d0ac4bef7f026597988c2140c5c7599651357c7427957ec8234
residuals,source-intake/mts_residuals/P8_Y5_R2FR_4118_Z_OBSERVABLE_MAP.csv,research-ledger/files/residuals/83/P8_Y5_R2FR_4118_Z_OBSERVABLE_MAP.csv,2989,2220d10dd61fc15f3e149f43bc54d2f0e9bb422fdd7f52183044cd97fd92cd14
residuals,source-intake/mts_residuals/P8_Y5_R2FR_4119_DECISION_GATES.csv,research-ledger/files/residuals/51/P8_Y5_R2FR_4119_DECISION_GATES.csv,1688,6e3ce8337a2cd08f473155d76b099a977ef3b795a6ba714d2bc6ceb2109db36f
residuals,source-intake/mts_residuals/P8_Y5_R2FR_4119_DQZ_COMPONENT_TARGETS.csv,research-ledger/files/residuals/08/P8_Y5_R2FR_4119_DQZ_COMPONENT_TARGETS.csv,3072,f28d88ca47bb083b2f6f2c37aa80c23f0161d08cb6d2220aeb34086280c845db
residuals,source-intake/mts_residuals/P8_Y5_R2FR_4119_FALLBACK_BOUND_ROWS.csv,research-ledger/files/residuals/94/P8_Y5_R2FR_4119_FALLBACK_BOUND_ROWS.csv,2105,1831ba65f9c4ba4ee9ea02b3bedc2b764d75d48158bb25efe62c59ce327fd72f
residuals,source-intake/mts_residuals/P8_Y5_R2FR_4119_NEXT_TARGET.csv,research-ledger/files/residuals/a4/P8_Y5_R2FR_4119_NEXT_TARGET.csv,982,28e875b9080cd7f4c231bdebc9a790c14a085c0ef26e448465e3ae5d00fcb94f
residuals,source-intake/mts_residuals/P8_Y5_R2FR_4119_PULLBACK_CONTRACT.csv,research-ledger/files/residuals/6f/P8_Y5_R2FR_4119_PULLBACK_CONTRACT.csv,2177,6c3c8ad69b920baf440bbe8546b7596fee915b73d06789452eafd78f507b01a7
residuals,source-intake/mts_residuals/P8_Y5_R2FR_4119_R0_R11_EM_COVERAGE.csv,research-ledger/files/residuals/c4/P8_Y5_R2FR_4119_R0_R11_EM_COVERAGE.csv,2771,1d893d92ac91ea27a246fa9ae79dbc610540e7a75731709c348f7b8a892d8a52
residuals,source-intake/mts_residuals/P8_Y5_R2FR_4119_SOURCE_REGISTER.csv,research-ledger/files/residuals/c2/P8_Y5_R2FR_4119_SOURCE_REGISTER.csv,5064,173c8cf85b384c50652efc707d2a179c8963ba8e69bf3d70761be6e3003d85dc
residuals,source-intake/mts_residuals/P8_Y5_R2FR_4119_STATUS.csv,research-ledger/files/residuals/45/P8_Y5_R2FR_4119_STATUS.csv,1055,88757a259c60ea078baf560530e8fff6b8bcd2f9fa77e5e044bdc904c5b1066b
residuals,source-intake/mts_residuals/P8_Y5_R2FR_4119_STRICT_QUOTIENT_THEOREM.csv,research-ledger/files/residuals/28/P8_Y5_R2FR_4119_STRICT_QUOTIENT_THEOREM.csv,3591,0093dc866ca87db27f0dd0a49017660767fb21946dc6310bb0ff1a4f38814aa2
residuals,source-intake/mts_residuals/P8_Y5_R2FR_4120_DECISION_GATES.csv,research-ledger/files/residuals/b8/P8_Y5_R2FR_4120_DECISION_GATES.csv,1364,ff648f9791e0cc8d9203205d362389eca2a62f774f7c235ce60521f29c30d670
residuals,source-intake/mts_residuals/P8_Y5_R2FR_4120_DQXZ_COMPONENT_EVALUATION.csv,research-ledger/files/residuals/80/P8_Y5_R2FR_4120_DQXZ_COMPONENT_EVALUATION.csv,2876,0d3d6fd94d464f0de183edd28faf24e2f56241da8f677934e1aeae6c38ffb9a5
residuals,source-intake/mts_residuals/P8_Y5_R2FR_4120_DQXZ_NO_CANCELLATION_LEMMA.csv,research-ledger/files/residuals/15/P8_Y5_R2FR_4120_DQXZ_NO_CANCELLATION_LEMMA.csv,1430,2d79d7e5f884f979a77604717cdf3e1e6e3981ee75ba04ee74039ea50be60fac
residuals,source-intake/mts_residuals/P8_Y5_R2FR_4120_FILLED_DQXZ_ROWS.csv,research-ledger/files/residuals/a6/P8_Y5_R2FR_4120_FILLED_DQXZ_ROWS.csv,1352,a41512c4cf8a77f726d60f9bff6d586f4ceebaddd58b10cf191a851e1e3c6140
residuals,source-intake/mts_residuals/P8_Y5_R2FR_4120_NEXT_TARGET.csv,research-ledger/files/residuals/d9/P8_Y5_R2FR_4120_NEXT_TARGET.csv,908,43d81d86ac4cbc2069adee9836864e930b9665551b964511d7889b8797c4816b
residuals,source-intake/mts_residuals/P8_Y5_R2FR_4120_QMAP_COMPONENT_NORM.csv,research-ledger/files/residuals/78/P8_Y5_R2FR_4120_QMAP_COMPONENT_NORM.csv,2836,cf7c0f98f2adb8b374188cdf552b337df9e58baf3cc93a6fae81655eadd61974
residuals,source-intake/mts_residuals/P8_Y5_R2FR_4120_SOURCE_REGISTER.csv,research-ledger/files/residuals/fa/P8_Y5_R2FR_4120_SOURCE_REGISTER.csv,4348,43ec952789d0cd9684ddf8acb0e65fbf538d19b0b668b2c224c6e4989a82b7a2
residuals,source-intake/mts_residuals/P8_Y5_R2FR_4120_STATUS.csv,research-ledger/files/residuals/b4/P8_Y5_R2FR_4120_STATUS.csv,979,4dbe83ecfb0c74ffcfa08c26328804072c2c59c04b980cf272ee788f13de8a65
residuals,source-intake/mts_residuals/P8_Y5_R2FR_4120_STRICT_VS_RESIDUAL_BRANCH_SPLIT.csv,research-ledger/files/residuals/73/P8_Y5_R2FR_4120_STRICT_VS_RESIDUAL_BRANCH_SPLIT.csv,1403,1d4134ac87025d6e0d65393f685b52d24cda1aaef46fbbf23a03e9b599d26277
residuals,source-intake/mts_residuals/P8_Y5_R2FR_4121_DECISION_GATES.csv,research-ledger/files/residuals/8e/P8_Y5_R2FR_4121_DECISION_GATES.csv,1501,8cb80b6c9fadd50626cbc48b60713ffd5ea19f00693a4725a95cce609986301a
residuals,source-intake/mts_residuals/P8_Y5_R2FR_4121_JXZ_NORMALIZATION_REQUIREMENTS.csv,research-ledger/files/residuals/fe/P8_Y5_R2FR_4121_JXZ_NORMALIZATION_REQUIREMENTS.csv,1481,5c9760ce171466ce531afc7ae9afd83b182f1c36e491be5f28fb240375c0a23b
residuals,source-intake/mts_residuals/P8_Y5_R2FR_4121_JXZ_SOURCE_RESIDUAL_ROWS.csv,research-ledger/files/residuals/28/P8_Y5_R2FR_4121_JXZ_SOURCE_RESIDUAL_ROWS.csv,2165,a1cd587c8c0ae61ef4bd6356e84a050d0192c65fd43a1656d5983e78f459df19
residuals,source-intake/mts_residuals/P8_Y5_R2FR_4121_NEXT_TARGET.csv,research-ledger/files/residuals/cc/P8_Y5_R2FR_4121_NEXT_TARGET.csv,990,d7d160594ed6605f8cdf5075c102513596fe3f5fc9932aa7f43c336cb73a6d86
residuals,source-intake/mts_residuals/P8_Y5_R2FR_4121_SOURCE_CURRENT_LAW.csv,research-ledger/files/residuals/0b/P8_Y5_R2FR_4121_SOURCE_CURRENT_LAW.csv,1920,33538116a527487026a770c9ce001b61093adee20694e85cb8f8a69742fd0bcb
residuals,source-intake/mts_residuals/P8_Y5_R2FR_4121_SOURCE_READOUT_COMPONENT_GATE.csv,research-ledger/files/residuals/44/P8_Y5_R2FR_4121_SOURCE_READOUT_COMPONENT_GATE.csv,2444,e63fa22db20b8982c766cfe28933c9fe88018c2418ada340672ecd29e1d0b84e
residuals,source-intake/mts_residuals/P8_Y5_R2FR_4121_SOURCE_READOUT_DESCENT_THEOREM.csv,research-ledger/files/residuals/63/P8_Y5_R2FR_4121_SOURCE_READOUT_DESCENT_THEOREM.csv,2976,38690a51de4a3d2bf8bb5b16ba2c3d4b4b6535863eaeb54208142bc04aa82128
residuals,source-intake/mts_residuals/P8_Y5_R2FR_4121_SOURCE_REGISTER.csv,research-ledger/files/residuals/7a/P8_Y5_R2FR_4121_SOURCE_REGISTER.csv,6529,cc7641b5cc6efb6a504db37d45a58e62a89803d93546b9421f4ec60cb98b2322
residuals,source-intake/mts_residuals/P8_Y5_R2FR_4121_STATUS.csv,research-ledger/files/residuals/bb/P8_Y5_R2FR_4121_STATUS.csv,1017,f41caa9f1fc6124bb3510ad4535229c9a3beac45866b203246070e9ea2b57ad4
residuals,source-intake/mts_residuals/P8_Y5_R2FR_4122_DECISION_GATES.csv,research-ledger/files/residuals/c0/P8_Y5_R2FR_4122_DECISION_GATES.csv,1511,0ad56308f5d35acc80740a7f7734014b378325dc0395d89def7bd5a23153b66c
residuals,source-intake/mts_residuals/P8_Y5_R2FR_4122_FIRST_COMPARATOR_CHANNEL.csv,research-ledger/files/residuals/03/P8_Y5_R2FR_4122_FIRST_COMPARATOR_CHANNEL.csv,2216,a44ad95ddeeaabc0e2fdee4ed972df181d4c3ae0946eeb90b7a4feaa0f518637
residuals,source-intake/mts_residuals/P8_Y5_R2FR_4122_JXZ_NORMALIZATION_GATE.csv,research-ledger/files/residuals/14/P8_Y5_R2FR_4122_JXZ_NORMALIZATION_GATE.csv,2767,788ef013e9a197b848108625b100e938b26b095d81f5b69e3a4af1f8df34ae54
residuals,source-intake/mts_residuals/P8_Y5_R2FR_4122_NEXT_TARGET.csv,research-ledger/files/residuals/a7/P8_Y5_R2FR_4122_NEXT_TARGET.csv,851,d6d44e31c8c589fd74225e3e850dfe757852f6bab3b76e7bf12d0b51531ca049
residuals,source-intake/mts_residuals/P8_Y5_R2FR_4122_PARENT_SIGNATURE_AUDIT.csv,research-ledger/files/residuals/12/P8_Y5_R2FR_4122_PARENT_SIGNATURE_AUDIT.csv,2748,dbe02ce29fcdd47672a21c51685360eb7e09c4686c93d0aafdf3163912fe7ed8
residuals,source-intake/mts_residuals/P8_Y5_R2FR_4122_SOURCE_MASS_QUOTIENT_SIGNATURE.csv,research-ledger/files/residuals/c7/P8_Y5_R2FR_4122_SOURCE_MASS_QUOTIENT_SIGNATURE.csv,2354,5168865bde2f007f844e0c0f7f074c9ffbdb1537efb94e97444fceba29ed7a87
residuals,source-intake/mts_residuals/P8_Y5_R2FR_4122_SOURCE_REGISTER.csv,research-ledger/files/residuals/1d/P8_Y5_R2FR_4122_SOURCE_REGISTER.csv,6740,32946414dac81865ad284a9784ea5070157a177a9a7db95f57f19fe56dbbcc33
residuals,source-intake/mts_residuals/P8_Y5_R2FR_4122_STATUS.csv,research-ledger/files/residuals/50/P8_Y5_R2FR_4122_STATUS.csv,977,395ed88d059587e96ab392f6ee8f43b5812a801d79cec305bc0e977a2a555d65
residuals,source-intake/mts_residuals/P8_Y5_R2FR_4123_BETAXZ_SPECIES_DECOMPOSITION.csv,research-ledger/files/residuals/de/P8_Y5_R2FR_4123_BETAXZ_SPECIES_DECOMPOSITION.csv,2718,2f9adbb869bf81817e42e3dd9882ff4b201f8fd626a066fd67dc9497973dfef8
residuals,source-intake/mts_residuals/P8_Y5_R2FR_4123_COMMON_MODE_GUARD.csv,research-ledger/files/residuals/ec/P8_Y5_R2FR_4123_COMMON_MODE_GUARD.csv,1579,44b7e6266eccd880d559a788dca4e5e438e5bda6d8d294740659ab1e8ac72abf
residuals,source-intake/mts_residuals/P8_Y5_R2FR_4123_DECISION_GATES.csv,research-ledger/files/residuals/f2/P8_Y5_R2FR_4123_DECISION_GATES.csv,1539,f61e75a86fbffef5781bb5f4c4e8b044a2de6acf02fe1b6baaea4c1844c144a9
residuals,source-intake/mts_residuals/P8_Y5_R2FR_4123_ETA_SOURCE_AB_BETAXZ_ROWS.csv,research-ledger/files/residuals/89/P8_Y5_R2FR_4123_ETA_SOURCE_AB_BETAXZ_ROWS.csv,1481,7f1320d97f103d7c84e88f4f4329ae67ffe4244b96c6d1a26992701a06fa5129
residuals,source-intake/mts_residuals/P8_Y5_R2FR_4123_NEXT_TARGET.csv,research-ledger/files/residuals/ee/P8_Y5_R2FR_4123_NEXT_TARGET.csv,950,547c1faec02efee36779f5091cd9ed90934a91c13e9be13e07be3b5abbedfeec
residuals,source-intake/mts_residuals/P8_Y5_R2FR_4123_SOURCE_REGISTER.csv,research-ledger/files/residuals/ac/P8_Y5_R2FR_4123_SOURCE_REGISTER.csv,5378,38623de70560b931de6f3f3584d33d57d9b74428000f7c4d766367647007fe17
residuals,source-intake/mts_residuals/P8_Y5_R2FR_4123_SPECIES_BLIND_THEOREM.csv,research-ledger/files/residuals/0d/P8_Y5_R2FR_4123_SPECIES_BLIND_THEOREM.csv,2581,f93a2bd242d3c80bec0f8a4913fdab50321a7ed6dec0f0e83615dcadbdbea4c6
residuals,source-intake/mts_residuals/P8_Y5_R2FR_4123_STATUS.csv,research-ledger/files/residuals/4b/P8_Y5_R2FR_4123_STATUS.csv,987,e73e16ac7fac5cc0cc6cd4cefb0fb579ccca0f11e915afea1f6870ebe59d200f
residuals,source-intake/mts_residuals/P8_Y5_R2FR_4124_BETAXZ_ABSOLUTE_ENVELOPE.csv,research-ledger/files/residuals/e3/P8_Y5_R2FR_4124_BETAXZ_ABSOLUTE_ENVELOPE.csv,2742,86ec60328d850fbf1bd98a270f8f254bdffcc38edbb8d886276d5eefee04bf38
residuals,source-intake/mts_residuals/P8_Y5_R2FR_4124_BETAXZ_COMPONENT_PACK.csv,research-ledger/files/residuals/95/P8_Y5_R2FR_4124_BETAXZ_COMPONENT_PACK.csv,9172,3f0bf7a90c197bbd23273ab07d78ba6051b74cb383bf03728d3f520c5aec60eb
residuals,source-intake/mts_residuals/P8_Y5_R2FR_4124_DECISION_GATES.csv,research-ledger/files/residuals/b7/P8_Y5_R2FR_4124_DECISION_GATES.csv,1472,8491847cf82fda8c4d80f6e8ac1338635325b5a42893628e9d17c50ea83693f4
residuals,source-intake/mts_residuals/P8_Y5_R2FR_4124_ETA_SOURCE_AB_COMPONENT_UPDATE.csv,research-ledger/files/residuals/43/P8_Y5_R2FR_4124_ETA_SOURCE_AB_COMPONENT_UPDATE.csv,1527,9abc4cb28d4604bfd550db02603f78f1d4e9a56e8aa3cc60fb625c1190bc9968
residuals,source-intake/mts_residuals/P8_Y5_R2FR_4124_NEXT_TARGET.csv,research-ledger/files/residuals/29/P8_Y5_R2FR_4124_NEXT_TARGET.csv,914,7a4839b356020908572783dde81019388871e66d03fcd352f02c1ca26e666dfd
residuals,source-intake/mts_residuals/P8_Y5_R2FR_4124_NO_MARKER_SOURCE_THEOREM_AUDIT.csv,research-ledger/files/residuals/64/P8_Y5_R2FR_4124_NO_MARKER_SOURCE_THEOREM_AUDIT.csv,2794,78ecfe5ee75651d3cd5f8c3e8a08fa290bd5b1a5e6561ae29a0e0e377866d769
residuals,source-intake/mts_residuals/P8_Y5_R2FR_4124_SOURCE_REGISTER.csv,research-ledger/files/residuals/e0/P8_Y5_R2FR_4124_SOURCE_REGISTER.csv,5306,f473630a768e253f034419249f7674d7620d84b4ea3be906edceded84fdf9ad8
residuals,source-intake/mts_residuals/P8_Y5_R2FR_4124_STATUS.csv,research-ledger/files/residuals/d9/P8_Y5_R2FR_4124_STATUS.csv,980,ff180f479c33511026cad24da4975085c4cfc0174412775ab03415a63fa6ae50
residuals,source-intake/mts_residuals/P8_Y5_R2FR_4125_COMMON_BETA_IDENTITY.csv,research-ledger/files/residuals/f3/P8_Y5_R2FR_4125_COMMON_BETA_IDENTITY.csv,2060,f91e98b1a6d613bb830c788057fdcd8510434ce3a92f6e94845126a19555a3c4
residuals,source-intake/mts_residuals/P8_Y5_R2FR_4125_COMMON_BETA_OBSERVABLE_ROWS.csv,research-ledger/files/residuals/d5/P8_Y5_R2FR_4125_COMMON_BETA_OBSERVABLE_ROWS.csv,2585,4e3d591e093b5ca97861e91f4d1c72f1a521e0359d5a04f40808a2f2fc32a7a4
residuals,source-intake/mts_residuals/P8_Y5_R2FR_4125_COMMON_BETA_ZERO_PROOF_AUDIT.csv,research-ledger/files/residuals/56/P8_Y5_R2FR_4125_COMMON_BETA_ZERO_PROOF_AUDIT.csv,2831,44ce2471d868bb0b1bdbe6d7a6c3fd13acbb3bb9b69cad568daf6675b8655fce
residuals,source-intake/mts_residuals/P8_Y5_R2FR_4125_DECISION_GATES.csv,research-ledger/files/residuals/3e/P8_Y5_R2FR_4125_DECISION_GATES.csv,1181,1dd921c498eb24719d7d737ea65c9dc6f121914d9d6ab4f00e2ac41d6e1129e3
residuals,source-intake/mts_residuals/P8_Y5_R2FR_4125_NEXT_TARGET.csv,research-ledger/files/residuals/50/P8_Y5_R2FR_4125_NEXT_TARGET.csv,991,d28294e867f18f82ffd02a563907d5e81aabdbdb80beb66efdfa498bdf06a126
residuals,source-intake/mts_residuals/P8_Y5_R2FR_4125_SOURCE_NORMALIZATION_RUNNER_ROWS.csv,research-ledger/files/residuals/95/P8_Y5_R2FR_4125_SOURCE_NORMALIZATION_RUNNER_ROWS.csv,1725,95b6c1dc612b445e749181f621afa6c39231c09d1c38ae2ee7a915e728e2f163
residuals,source-intake/mts_residuals/P8_Y5_R2FR_4125_SOURCE_REGISTER.csv,research-ledger/files/residuals/e2/P8_Y5_R2FR_4125_SOURCE_REGISTER.csv,4793,2173cb0b74e40259c73413ee4dd1f3d9d0685d980c3c76d342b9bd5e33a03a03
residuals,source-intake/mts_residuals/P8_Y5_R2FR_4125_STATUS.csv,research-ledger/files/residuals/fb/P8_Y5_R2FR_4125_STATUS.csv,861,a941361740e16b258468313f537c324ba0cb5b7ae56ccf1a86a740c7b97ab4e0
residuals,source-intake/mts_residuals/P8_Y5_R2FR_4126_BETA_COMMON_BOUND_ROWS.csv,research-ledger/files/residuals/ab/P8_Y5_R2FR_4126_BETA_COMMON_BOUND_ROWS.csv,4028,d84043b5a25ce1969a4f38e86f5f1e96f6ffe508f55e8f10c688b89d9e0d6196
residuals,source-intake/mts_residuals/P8_Y5_R2FR_4126_DECISION_GATES.csv,research-ledger/files/residuals/46/P8_Y5_R2FR_4126_DECISION_GATES.csv,1989,68d6a73fbe0f77b9190752073669295f6f66e2393c347d647dde0dcfbf71a665
residuals,source-intake/mts_residuals/P8_Y5_R2FR_4126_EM_POYNTING_COUPLING_ROWS.csv,research-ledger/files/residuals/c3/P8_Y5_R2FR_4126_EM_POYNTING_COUPLING_ROWS.csv,1675,71fa5b4e5992e52e30b5dfd20fd02c747dacfe40dcf080b098ee97c649eded29
residuals,source-intake/mts_residuals/P8_Y5_R2FR_4126_NEXT_TARGET.csv,research-ledger/files/residuals/4d/P8_Y5_R2FR_4126_NEXT_TARGET.csv,956,5ee120a2d55fc9de89e2ab16385a7b4e45f6a1fcc637235417d65da62fec36af
residuals,source-intake/mts_residuals/P8_Y5_R2FR_4126_PARENT_ZERO_SIGNATURE_AUDIT.csv,research-ledger/files/residuals/15/P8_Y5_R2FR_4126_PARENT_ZERO_SIGNATURE_AUDIT.csv,2466,f83fa01df1571e6d79d3caecc6bafb40eac3cdd3b6e66a321aa6ebb6e1c9584a
residuals,source-intake/mts_residuals/P8_Y5_R2FR_4126_SOURCE_REGISTER.csv,research-ledger/files/residuals/1e/P8_Y5_R2FR_4126_SOURCE_REGISTER.csv,5747,70aecd5d4499b02c014b7e04a3404b90b39fe9720d003514b11010290ccb78cc
residuals,source-intake/mts_residuals/P8_Y5_R2FR_4126_STATUS.csv,research-ledger/files/residuals/ac/P8_Y5_R2FR_4126_STATUS.csv,957,3a34521ab2927159146d57ffa80d8ef10451262cc986e58ac4e7424e15badba2
residuals,source-intake/mts_residuals/P8_Y5_R2FR_4126_WARD_IDENTITY_DERIVATION.csv,research-ledger/files/residuals/ad/P8_Y5_R2FR_4126_WARD_IDENTITY_DERIVATION.csv,3229,1ed25e8e40e5665ce4f591f5d0d2e0705ce9c34cd9e19440ffc4663e0f82bb96
residuals,source-intake/mts_residuals/P8_Y5_R2FR_4126_WARD_RESIDUAL_DECOMPOSITION.csv,research-ledger/files/residuals/3c/P8_Y5_R2FR_4126_WARD_RESIDUAL_DECOMPOSITION.csv,5887,86d4e8e97a52b7a2dea62f28be66536dd7a6fdb04f97284c8051e6e56cf38cce
residuals,source-intake/mts_residuals/P8_Y5_R2FR_4127_DECISION_GATES.csv,research-ledger/files/residuals/1f/P8_Y5_R2FR_4127_DECISION_GATES.csv,1147,e93ffc0c820b7441ce04616ad033aaea55f1986d65bdf3f4490f0c8e2e2f090a
residuals,source-intake/mts_residuals/P8_Y5_R2FR_4127_EM_BOUND_UPDATE_ROWS.csv,research-ledger/files/residuals/57/P8_Y5_R2FR_4127_EM_BOUND_UPDATE_ROWS.csv,1261,e00d9207edb19287571f9d16ea78a4c72478bace85d30260023f77ec0afc4103
residuals,source-intake/mts_residuals/P8_Y5_R2FR_4127_KILLED_SUBTERM_ROWS.csv,research-ledger/files/residuals/79/P8_Y5_R2FR_4127_KILLED_SUBTERM_ROWS.csv,1366,e29f72d90db1a49347136591d80d4c2160cf5a1a24e43942a890bfec796b7169
residuals,source-intake/mts_residuals/P8_Y5_R2FR_4127_NEXT_TARGET.csv,research-ledger/files/residuals/b0/P8_Y5_R2FR_4127_NEXT_TARGET.csv,825,90d543ffd7fa30f925ea6e09beda2d9f6366e8e7b53a8c0cadb875860b410590
residuals,source-intake/mts_residuals/P8_Y5_R2FR_4127_POYNTING_ONCE_THEOREM.csv,research-ledger/files/residuals/84/P8_Y5_R2FR_4127_POYNTING_ONCE_THEOREM.csv,2134,882ffc114722d5bc911c2eb227673733ffe5fe3b581548f466fa9e7700290030
residuals,source-intake/mts_residuals/P8_Y5_R2FR_4127_REMAINING_EM_RESIDUALS.csv,research-ledger/files/residuals/2c/P8_Y5_R2FR_4127_REMAINING_EM_RESIDUALS.csv,2173,4538b326327533bd724b394c38d98daa1d3e08385ce7e93f2cfc55217c494640
residuals,source-intake/mts_residuals/P8_Y5_R2FR_4127_SOURCE_REGISTER.csv,research-ledger/files/residuals/0a/P8_Y5_R2FR_4127_SOURCE_REGISTER.csv,4849,c8b08f227d026c73e5e43db2e718d67aa17756ce5f467d82cf6de9e2bbd0594d
residuals,source-intake/mts_residuals/P8_Y5_R2FR_4127_STATUS.csv,research-ledger/files/residuals/1e/P8_Y5_R2FR_4127_STATUS.csv,1006,b02127d4f03403cd43324e3927a3ff468c5f964a48158e0b98778285a271ca11
residuals,source-intake/mts_residuals/P8_Y5_R2FR_4128_BRANCH_SELECTOR.csv,research-ledger/files/residuals/0c/P8_Y5_R2FR_4128_BRANCH_SELECTOR.csv,1387,fcb8764eb9bdc23ac12531c945a8aebb0de33e757f9b479ea3c9ec104738921d
residuals,source-intake/mts_residuals/P8_Y5_R2FR_4128_DECISION_GATES.csv,research-ledger/files/residuals/b2/P8_Y5_R2FR_4128_DECISION_GATES.csv,1394,470bec02fc523090ebc00018d12e2bdaca5638fd4fd179576e150855e7af7a3f
residuals,source-intake/mts_residuals/P8_Y5_R2FR_4128_LOCAL_COUPLING_STATUS.csv,research-ledger/files/residuals/72/P8_Y5_R2FR_4128_LOCAL_COUPLING_STATUS.csv,1153,aa617e42008533c6f571f3b4e65fae405359bb5981217ca0b8c37d693bb25e48
residuals,source-intake/mts_residuals/P8_Y5_R2FR_4128_NEXT_TARGET.csv,research-ledger/files/residuals/d9/P8_Y5_R2FR_4128_NEXT_TARGET.csv,827,268157aeea77508620b9575f0b2c8bb5f1c937fa02a4c0c06ccb5796675f09f8
residuals,source-intake/mts_residuals/P8_Y5_R2FR_4128_NO_FLUX_THEOREM.csv,research-ledger/files/residuals/c0/P8_Y5_R2FR_4128_NO_FLUX_THEOREM.csv,1981,98a3fdc14816cab34ec22a731f9059d8c57435f8fbf208f561725e02dd1b44a4
residuals,source-intake/mts_residuals/P8_Y5_R2FR_4128_RESIDUAL_UPDATE.csv,research-ledger/files/residuals/bd/P8_Y5_R2FR_4128_RESIDUAL_UPDATE.csv,1458,752a8d0a16195b4c528554944f94b1a788e1529ad6d3fc60c3b2f38350829ec4
residuals,source-intake/mts_residuals/P8_Y5_R2FR_4128_SOURCE_REGISTER.csv,research-ledger/files/residuals/03/P8_Y5_R2FR_4128_SOURCE_REGISTER.csv,4534,203d2f949a91c8296e16f986ec56a42410db5a2f9be51e037d51633b9be856f6
residuals,source-intake/mts_residuals/P8_Y5_R2FR_4128_STATUS.csv,research-ledger/files/residuals/cd/P8_Y5_R2FR_4128_STATUS.csv,982,9e51ecd232f9e892f0eabfae30dc1770292a8aaec82c63a20d9db8021bb280d2
residuals,source-intake/mts_residuals/P8_Y5_R2FR_4129_BRANCH_CONTRACT.csv,research-ledger/files/residuals/f0/P8_Y5_R2FR_4129_BRANCH_CONTRACT.csv,1617,88b178c0d1d03070498b1f774907770a2a292b9b0a0858ee74be241482015fc3
residuals,source-intake/mts_residuals/P8_Y5_R2FR_4129_DECISION_GATES.csv,research-ledger/files/residuals/4c/P8_Y5_R2FR_4129_DECISION_GATES.csv,1561,d5867390b8f54d6f6bb3e7407c52bd149cafcd6c365cb68fc6f99ceff85167fa
residuals,source-intake/mts_residuals/P8_Y5_R2FR_4129_FINITE_BOUND_SCHEMAS.csv,research-ledger/files/residuals/31/P8_Y5_R2FR_4129_FINITE_BOUND_SCHEMAS.csv,2129,6eae2aa0c6dfc8cd98502725a9fcb4ade37078a50132499e34f642b02a4aec80
residuals,source-intake/mts_residuals/P8_Y5_R2FR_4129_IMPORTED_BASELINE_ZEROS.csv,research-ledger/files/residuals/77/P8_Y5_R2FR_4129_IMPORTED_BASELINE_ZEROS.csv,1449,99be636b1ec1caea59162ff7b116fe9c30ded5b8b151e4986f5a9edb6cc7ec71
residuals,source-intake/mts_residuals/P8_Y5_R2FR_4129_NEXT_TARGET.csv,research-ledger/files/residuals/24/P8_Y5_R2FR_4129_NEXT_TARGET.csv,819,3a6800790250fef180b904e82384d022d9a79301a8a505290138b5d33d087718
residuals,source-intake/mts_residuals/P8_Y5_R2FR_4129_NO_OVERCLAIM_GUARDS.csv,research-ledger/files/residuals/3a/P8_Y5_R2FR_4129_NO_OVERCLAIM_GUARDS.csv,1345,a339197ea630fa9ba123eecea6d2d74543834494e897196f331ef295baa39df3
residuals,source-intake/mts_residuals/P8_Y5_R2FR_4129_OWNER_CLAUSES.csv,research-ledger/files/residuals/07/P8_Y5_R2FR_4129_OWNER_CLAUSES.csv,1812,aa8734210941e51f239c1c4d118c883a463a70ef80368de71d361e69d7671d38
residuals,source-intake/mts_residuals/P8_Y5_R2FR_4129_SOURCE_REGISTER.csv,research-ledger/files/residuals/a6/P8_Y5_R2FR_4129_SOURCE_REGISTER.csv,5375,91515d653fc056bda7ac2ff37dc7d038879c24cf02a54b5b1435ed42048475d3
residuals,source-intake/mts_residuals/P8_Y5_R2FR_4129_STATUS.csv,research-ledger/files/residuals/ad/P8_Y5_R2FR_4129_STATUS.csv,1030,adb171b39cad55f4022a7323aad6c14291bd7c31ed6d07291b4c7cf5cfd5fd27
residuals,source-intake/mts_residuals/P8_Y5_R2FR_4130_BALPHA_BOUND_SCHEMAS.csv,research-ledger/files/residuals/21/P8_Y5_R2FR_4130_BALPHA_BOUND_SCHEMAS.csv,2708,78dfab10ef6c1e1fd08c1e5c1280672b641e3ddfe8ab9ddeb9b6a980f5e707ce
residuals,source-intake/mts_residuals/P8_Y5_R2FR_4130_DECISION_GATES.csv,research-ledger/files/residuals/cf/P8_Y5_R2FR_4130_DECISION_GATES.csv,1434,5df5fd152e7365608e4e5a7ddebfc532459e791c759fcd25dcf55f176008003c
residuals,source-intake/mts_residuals/P8_Y5_R2FR_4130_INVARIANT_IDENTITY.csv,research-ledger/files/residuals/c4/P8_Y5_R2FR_4130_INVARIANT_IDENTITY.csv,1750,71bbf82cf101f22d66612b2adeca2686e7d6c7dfd3276cd1225d52f466be6476
residuals,source-intake/mts_residuals/P8_Y5_R2FR_4130_NEXT_TARGET.csv,research-ledger/files/residuals/ee/P8_Y5_R2FR_4130_NEXT_TARGET.csv,809,21a68e981203040313c1657e0212fca06f2662499ffe3d1453390fce0e4cf28d
residuals,source-intake/mts_residuals/P8_Y5_R2FR_4130_NO_EXTRA_F2_AUDIT.csv,research-ledger/files/residuals/d8/P8_Y5_R2FR_4130_NO_EXTRA_F2_AUDIT.csv,1897,1767bf0ea280f93f00dd571e4861ead844bad56018a07a22fe263ae8b3a362de
residuals,source-intake/mts_residuals/P8_Y5_R2FR_4130_PRODUCT_GATES.csv,research-ledger/files/residuals/3c/P8_Y5_R2FR_4130_PRODUCT_GATES.csv,1143,4e2dff924fc64aacec65c11339d491a843f07a66dfc02bca905f3b56accfa3f8
residuals,source-intake/mts_residuals/P8_Y5_R2FR_4130_SOURCE_REGISTER.csv,research-ledger/files/residuals/2a/P8_Y5_R2FR_4130_SOURCE_REGISTER.csv,4890,e011203b31f992818c9f84b050d1a7773a077a7e916d1bf5627b0c00e4086ee2
residuals,source-intake/mts_residuals/P8_Y5_R2FR_4130_STATUS.csv,research-ledger/files/residuals/f3/P8_Y5_R2FR_4130_STATUS.csv,1073,cad6a27c66e22392331d3ecf6c70423f7557d41edebe18670f67a2c68104b941
residuals,source-intake/mts_residuals/P8_Y5_R2FR_4131_ARENA_BOUND_SCHEMAS.csv,research-ledger/files/residuals/3a/P8_Y5_R2FR_4131_ARENA_BOUND_SCHEMAS.csv,2582,127e1e9ae68bc72830b8af0caf572dc798e5700fe1b0c9bf541844a4c6997d4c
residuals,source-intake/mts_residuals/P8_Y5_R2FR_4131_COMMON_G_PRODUCT_GATE.csv,research-ledger/files/residuals/22/P8_Y5_R2FR_4131_COMMON_G_PRODUCT_GATE.csv,1733,d9e98c8216ca8e35375015b8eebdbbfa13a976175291e1631de8a051f940c559
residuals,source-intake/mts_residuals/P8_Y5_R2FR_4131_DECISION_GATES.csv,research-ledger/files/residuals/27/P8_Y5_R2FR_4131_DECISION_GATES.csv,1379,5fe2e63cae85287ee8e0108359cb413de5127624ae80cc868bf7c4eaf655ef35
residuals,source-intake/mts_residuals/P8_Y5_R2FR_4131_NEXT_TARGET.csv,research-ledger/files/residuals/01/P8_Y5_R2FR_4131_NEXT_TARGET.csv,858,b1d4fe852d03900017804396fecc1a8da5cd8a4f7ce522d49b0a875ed91d2c48
residuals,source-intake/mts_residuals/P8_Y5_R2FR_4131_SOURCE_REGISTER.csv,research-ledger/files/residuals/cc/P8_Y5_R2FR_4131_SOURCE_REGISTER.csv,5238,b95b54f2fbe2e0c15b211ea291ac436dd8df908068ce120c1f58b2ccce7ba70e
residuals,source-intake/mts_residuals/P8_Y5_R2FR_4131_SOURCE_SLOT_TAIL_SPLIT.csv,research-ledger/files/residuals/2a/P8_Y5_R2FR_4131_SOURCE_SLOT_TAIL_SPLIT.csv,2485,9c3434f0de7b45ed175d2bcd9fcb2a7fbc1813afaf11e810fbc6554d819c4bb4
residuals,source-intake/mts_residuals/P8_Y5_R2FR_4131_STATUS.csv,research-ledger/files/residuals/71/P8_Y5_R2FR_4131_STATUS.csv,972,66b30fe5a4d4a6bf42a7a7672c1bce65f92c9c9b72aa1513a72954736be5574b
residuals,source-intake/mts_residuals/P8_Y5_R2FR_4131_ZERO_AUDIT.csv,research-ledger/files/residuals/85/P8_Y5_R2FR_4131_ZERO_AUDIT.csv,1684,d50f2ad77b5f970d7c85654f5ba65fdb9a3b37e24d064c62a89b326c1c20c59d
residuals,source-intake/mts_residuals/P8_Y5_R2FR_4132_BOUND_SCHEMAS.csv,research-ledger/files/residuals/6b/P8_Y5_R2FR_4132_BOUND_SCHEMAS.csv,2317,e96e6ac74fec8d28cc0bc80e32f77596c4a79954853a58305e8ddb489bf6b7c1
residuals,source-intake/mts_residuals/P8_Y5_R2FR_4132_DECISION_GATES.csv,research-ledger/files/residuals/68/P8_Y5_R2FR_4132_DECISION_GATES.csv,1352,f7f645e183fc16362589051f18dd36e588858f36ba0e36f80194fb4bd39b6ecd
residuals,source-intake/mts_residuals/P8_Y5_R2FR_4132_DENOMINATOR_IDENTITY.csv,research-ledger/files/residuals/b6/P8_Y5_R2FR_4132_DENOMINATOR_IDENTITY.csv,1710,4245ee5a3ddb3a1e4d1eb77178f2de2283f2077eee92f55df060a6e6228b853e
residuals,source-intake/mts_residuals/P8_Y5_R2FR_4132_EQUALITY_AUDIT.csv,research-ledger/files/residuals/aa/P8_Y5_R2FR_4132_EQUALITY_AUDIT.csv,2189,c5a37f7aeac6ca708870970b5c3fbaa9b37b2d3367b12f4076b1c3feb1592387
residuals,source-intake/mts_residuals/P8_Y5_R2FR_4132_NEXT_TARGET.csv,research-ledger/files/residuals/70/P8_Y5_R2FR_4132_NEXT_TARGET.csv,853,724014e45e4f08fc1000e3a9a3d657d3630bb2fc8db6bfe9b860008e10368084
residuals,source-intake/mts_residuals/P8_Y5_R2FR_4132_RANK_ONE_REDUCTION.csv,research-ledger/files/residuals/4f/P8_Y5_R2FR_4132_RANK_ONE_REDUCTION.csv,1477,fdad3e4dedf7b499e419ac4d15ca34d28a89605e3bcf00e04dfbb1eccc49a82d
residuals,source-intake/mts_residuals/P8_Y5_R2FR_4132_SOURCE_REGISTER.csv,research-ledger/files/residuals/45/P8_Y5_R2FR_4132_SOURCE_REGISTER.csv,5691,0c1e9f401b0f61b600029de779da5f5edf449fa16f69aed0bad1645c1d287a77
residuals,source-intake/mts_residuals/P8_Y5_R2FR_4132_STATUS.csv,research-ledger/files/residuals/00/P8_Y5_R2FR_4132_STATUS.csv,1087,7e4263f39a0ffddcb3b2aa0dfed29116d3cea67743c6dff6eafc5a92f463c614
residuals,source-intake/mts_residuals/P8_Y5_R2FR_4133_BOUND_SCHEMAS.csv,research-ledger/files/residuals/38/P8_Y5_R2FR_4133_BOUND_SCHEMAS.csv,2611,04d56ef78acce8f7a0a2bbd84dee841f19746e4fcc9801786b404cd0e044c61e
residuals,source-intake/mts_residuals/P8_Y5_R2FR_4133_DECISION_GATES.csv,research-ledger/files/residuals/d2/P8_Y5_R2FR_4133_DECISION_GATES.csv,1766,a3dc6909d1c47bef4c72d74367902837782ec38ea44bd1e1e8cf2d665c616e0c
residuals,source-intake/mts_residuals/P8_Y5_R2FR_4133_NEXT_TARGET.csv,research-ledger/files/residuals/af/P8_Y5_R2FR_4133_NEXT_TARGET.csv,897,0b43db8b6df27ee916fa7a3da85d58005b572f71589c109f449849b71b6ce106
residuals,source-intake/mts_residuals/P8_Y5_R2FR_4133_PARENT_JH_ORIGIN_GATE.csv,research-ledger/files/residuals/6a/P8_Y5_R2FR_4133_PARENT_JH_ORIGIN_GATE.csv,3130,6c2b13561ec52d015ee85761741aae01fc4932e6b9fdd90aac6bbc610a5f0905
residuals,source-intake/mts_residuals/P8_Y5_R2FR_4133_QEXTRA_CHANNEL_VECTOR.csv,research-ledger/files/residuals/dd/P8_Y5_R2FR_4133_QEXTRA_CHANNEL_VECTOR.csv,4142,a53fbefdfe9068cde8fc5b71c8b01d97b3411c8d823bff16192d6948b8a7ce93
residuals,source-intake/mts_residuals/P8_Y5_R2FR_4133_SOURCE_REGISTER.csv,research-ledger/files/residuals/14/P8_Y5_R2FR_4133_SOURCE_REGISTER.csv,7076,c5719fbaaf60d10f2e746d10ebf4e02a9013b004cc43f9db8ea11554ce830f5f
residuals,source-intake/mts_residuals/P8_Y5_R2FR_4133_STATUS.csv,research-ledger/files/residuals/f1/P8_Y5_R2FR_4133_STATUS.csv,949,688a13caf5d62e89c24e4c72b286b50caa2cb86f9b96f58677f88f0376ab18bf
residuals,source-intake/mts_residuals/P8_Y5_R2FR_4134_CANDIDATE_ZERO_LEDGER.csv,research-ledger/files/residuals/c2/P8_Y5_R2FR_4134_CANDIDATE_ZERO_LEDGER.csv,1282,90df56be7f8c6971786dc41361e1f05a4199682df7caa4834e4113176d151afe
residuals,source-intake/mts_residuals/P8_Y5_R2FR_4134_CHANNEL_ZERO_MATRIX.csv,research-ledger/files/residuals/d7/P8_Y5_R2FR_4134_CHANNEL_ZERO_MATRIX.csv,4592,c54e1bd60ba046eb87fabebb377ac98faacb7dd4b9db819a16d32373b34c2497
residuals,source-intake/mts_residuals/P8_Y5_R2FR_4134_DECISION_GATES.csv,research-ledger/files/residuals/c0/P8_Y5_R2FR_4134_DECISION_GATES.csv,1857,b278334d0e6cae6973c6f8ab0e95c364366f82240adf5c67ca99b262c47f52dc
residuals,source-intake/mts_residuals/P8_Y5_R2FR_4134_LIVE_BOUND_ROWS.csv,research-ledger/files/residuals/2a/P8_Y5_R2FR_4134_LIVE_BOUND_ROWS.csv,2861,a9c541544daf1137c5f57621245799c3ae9aacaa212f427bcf3db345b0cc559d
residuals,source-intake/mts_residuals/P8_Y5_R2FR_4134_NEXT_TARGET.csv,research-ledger/files/residuals/b7/P8_Y5_R2FR_4134_NEXT_TARGET.csv,1014,d730deaead0f73db6882f4b6dde3b1902156159ff20c9aad1c12ccdaf10c44b3
residuals,source-intake/mts_residuals/P8_Y5_R2FR_4134_QEXTRA_ZERO_THEOREM.csv,research-ledger/files/residuals/75/P8_Y5_R2FR_4134_QEXTRA_ZERO_THEOREM.csv,1799,2c191fa39b491ff7f798b6ecabeb02478383f967b1fb15c9eb639ac17d4daff6
residuals,source-intake/mts_residuals/P8_Y5_R2FR_4134_SOURCE_REGISTER.csv,research-ledger/files/residuals/11/P8_Y5_R2FR_4134_SOURCE_REGISTER.csv,6798,6fe60ef23a995c5d1cb8f6194756704a3954c5ae325faca5aed4df9fe07b22bc
residuals,source-intake/mts_residuals/P8_Y5_R2FR_4134_STATUS.csv,research-ledger/files/residuals/bb/P8_Y5_R2FR_4134_STATUS.csv,1077,744cff2fbc3f2be3e33fb7e7a238e39162db601f868b8b2df696d3c302ab3c3c
residuals,source-intake/mts_residuals/P8_Y5_R2FR_4135_COEFFICIENT_EXTRACTOR_ROWS.csv,research-ledger/files/residuals/39/P8_Y5_R2FR_4135_COEFFICIENT_EXTRACTOR_ROWS.csv,3354,f6020f77af702b022bda1edcdcb7ae2dd3e6f42d28c2035ce401dc4e8d373bb4
residuals,source-intake/mts_residuals/P8_Y5_R2FR_4135_DECISION_GATES.csv,research-ledger/files/residuals/ea/P8_Y5_R2FR_4135_DECISION_GATES.csv,1950,6b290ddfd1122638b6fd7b66b6c305914c066fb4e6d8c51cc3512bfe4d48a75f
residuals,source-intake/mts_residuals/P8_Y5_R2FR_4135_NEXT_TARGET.csv,research-ledger/files/residuals/02/P8_Y5_R2FR_4135_NEXT_TARGET.csv,1039,5db7b60b31248aee59aeac9adc9bdc896060ec978f18aaaffe0c5f1be9262f77
residuals,source-intake/mts_residuals/P8_Y5_R2FR_4135_NORMAL_FORM_THEOREM.csv,research-ledger/files/residuals/01/P8_Y5_R2FR_4135_NORMAL_FORM_THEOREM.csv,2045,4b11f76c80f5806e8b7a70c6ad0cab9739a4fb0e128a5872151e142b497a772a
residuals,source-intake/mts_residuals/P8_Y5_R2FR_4135_OPERATOR_EXCISION_MAP.csv,research-ledger/files/residuals/94/P8_Y5_R2FR_4135_OPERATOR_EXCISION_MAP.csv,6943,7c5f829fc8bbb85be992f51504487e65814bc3843ad794f5e819a0477b056ea4
residuals,source-intake/mts_residuals/P8_Y5_R2FR_4135_REDUCED_BOUND_ROWS.csv,research-ledger/files/residuals/ea/P8_Y5_R2FR_4135_REDUCED_BOUND_ROWS.csv,1640,fcbfa9b275eaa0cbe1d9899e78e9df595c4d15abaad50611f4a8d053d0316b24
residuals,source-intake/mts_residuals/P8_Y5_R2FR_4135_SOURCE_REGISTER.csv,research-ledger/files/residuals/cc/P8_Y5_R2FR_4135_SOURCE_REGISTER.csv,7253,bba1dc8afa36eebc9da851bc3b9095f33d59e344aebf9612703712639ea2f7df
residuals,source-intake/mts_residuals/P8_Y5_R2FR_4135_STATUS.csv,research-ledger/files/residuals/96/P8_Y5_R2FR_4135_STATUS.csv,1137,492da862efa2fc766aed343bbb80426bac7d76db3175c378cc93c886d9da67a4
residuals,source-intake/mts_residuals/P8_Y5_R2FR_4136_ADOPTION_AUDIT.csv,research-ledger/files/residuals/f9/P8_Y5_R2FR_4136_ADOPTION_AUDIT.csv,3965,db5cb199ef5e41aaccda98193ba10d32447cc178d301dd8c0311ec98aac09603
residuals,source-intake/mts_residuals/P8_Y5_R2FR_4136_COEFFICIENT_FALLBACK_ROWS.csv,research-ledger/files/residuals/87/P8_Y5_R2FR_4136_COEFFICIENT_FALLBACK_ROWS.csv,3982,caa47881e30a56aa4ca29f032dfde3317e0ac2a54e5150eb748aa967eab3ae6e
residuals,source-intake/mts_residuals/P8_Y5_R2FR_4136_DECISION_GATES.csv,research-ledger/files/residuals/ab/P8_Y5_R2FR_4136_DECISION_GATES.csv,1846,af301760e411b281c14ac08980384bb7b1ce7b9c16fc0f1e8ce829d6e6bea734
residuals,source-intake/mts_residuals/P8_Y5_R2FR_4136_NEXT_TARGET.csv,research-ledger/files/residuals/a6/P8_Y5_R2FR_4136_NEXT_TARGET.csv,928,d60bfb440504db86efe714c70535f260961f75dd3fa882f9a4b9906f29337af8
residuals,source-intake/mts_residuals/P8_Y5_R2FR_4136_NORMAL_FORM_TARGET.csv,research-ledger/files/residuals/1b/P8_Y5_R2FR_4136_NORMAL_FORM_TARGET.csv,2220,4b36912a5d74dd9e4cdcd8138671606d844949734cb72f9821cbcd32c177e99c
residuals,source-intake/mts_residuals/P8_Y5_R2FR_4136_REFUSAL_TERMS.csv,research-ledger/files/residuals/64/P8_Y5_R2FR_4136_REFUSAL_TERMS.csv,2044,71c7f3245631d1bfb61c10fc552641f21c9e650ed443bfd4b070d8a8a0d8de40
residuals,source-intake/mts_residuals/P8_Y5_R2FR_4136_SOURCE_REGISTER.csv,research-ledger/files/residuals/ed/P8_Y5_R2FR_4136_SOURCE_REGISTER.csv,7744,cac04ad765c5f9fef5f665b749b2b4ba6829ffc6a7a0a6c1e6ca9043fb0d49ae
residuals,source-intake/mts_residuals/P8_Y5_R2FR_4136_STATUS.csv,research-ledger/files/residuals/b2/P8_Y5_R2FR_4136_STATUS.csv,1085,c0fd8ef3dbb34f2fea32a6b1e3f56af30f2f4be98018748cf7721ca6082deea3
residuals,source-intake/mts_residuals/P8_Y5_R2FR_4137_ACTION_FORK.csv,research-ledger/files/residuals/ca/P8_Y5_R2FR_4137_ACTION_FORK.csv,1901,789bb900dc79e9cc256cc48e0fb784f784a4d8e1ec17ebb9a528482ebf77a452
residuals,source-intake/mts_residuals/P8_Y5_R2FR_4137_DECISION_GATES.csv,research-ledger/files/residuals/fa/P8_Y5_R2FR_4137_DECISION_GATES.csv,1677,723d22f65506a685a03e3038b019ba6b749882e0f0be4e2725173969e57dd26c
residuals,source-intake/mts_residuals/P8_Y5_R2FR_4137_NEXT_TARGET.csv,research-ledger/files/residuals/ea/P8_Y5_R2FR_4137_NEXT_TARGET.csv,910,097f84192bf8393b9d977b88b03174b287db704cd1a1174383b6e2fa9ff29256
residuals,source-intake/mts_residuals/P8_Y5_R2FR_4137_PROJECTION_REQUIREMENTS.csv,research-ledger/files/residuals/e4/P8_Y5_R2FR_4137_PROJECTION_REQUIREMENTS.csv,1924,3a9cecd7b63aafabf22bb58361d85f828f54d582a726d42a7d464877a5b83f2c
residuals,source-intake/mts_residuals/P8_Y5_R2FR_4137_QLOC_PROFILE_BOUND_ROWS.csv,research-ledger/files/residuals/87/P8_Y5_R2FR_4137_QLOC_PROFILE_BOUND_ROWS.csv,3083,8404f630dc1a2daf5e3b4846a3decd64ec63df9e7c6b22430120832c6e42c63a
residuals,source-intake/mts_residuals/P8_Y5_R2FR_4137_SOURCE_REGISTER.csv,research-ledger/files/residuals/6a/P8_Y5_R2FR_4137_SOURCE_REGISTER.csv,8764,e2c6a35cb344dd9a9fc602425b39ce510fe6ae7a7067d2cf778e55ef5fa01499
residuals,source-intake/mts_residuals/P8_Y5_R2FR_4137_STATUS.csv,research-ledger/files/residuals/7c/P8_Y5_R2FR_4137_STATUS.csv,1073,909d420a2c9ac7a369af32e8ec8409e52c0cf7a1a454aa48ffc97be5e8839d8c
residuals,source-intake/mts_residuals/P8_Y5_R2FR_4137_ZERO_GATES.csv,research-ledger/files/residuals/a3/P8_Y5_R2FR_4137_ZERO_GATES.csv,2331,c4f57b2e0d7e436b045953139e9dc68834b0a4cb14f186740c05ababbb6b883c
residuals,source-intake/mts_residuals/P8_Y5_R2FR_4138_DA_GRAD_BETA_BOUND_ROWS.csv,research-ledger/files/residuals/25/P8_Y5_R2FR_4138_DA_GRAD_BETA_BOUND_ROWS.csv,2155,89601307359f145aab1318129c395cc530ded3baaba53ba844301633fc4e7adb
residuals,source-intake/mts_residuals/P8_Y5_R2FR_4138_DECISION_GATES.csv,research-ledger/files/residuals/07/P8_Y5_R2FR_4138_DECISION_GATES.csv,1774,c63a42a107e737b618f62b2938f1d0e17713dc80fdcbb2254aeb01716a45ee1f
residuals,source-intake/mts_residuals/P8_Y5_R2FR_4138_NEXT_TARGET.csv,research-ledger/files/residuals/6b/P8_Y5_R2FR_4138_NEXT_TARGET.csv,941,86534fd357e4d415f2e9f051cba0ac59ad69811093c2aea6538180af370b9b33
residuals,source-intake/mts_residuals/P8_Y5_R2FR_4138_SOURCE_REGISTER.csv,research-ledger/files/residuals/b0/P8_Y5_R2FR_4138_SOURCE_REGISTER.csv,6579,2a9b2e17a47eaaa48aaa6da0e868289384c03d719643c03caa130ae1ba1dd808
residuals,source-intake/mts_residuals/P8_Y5_R2FR_4138_STATUS.csv,research-ledger/files/residuals/81/P8_Y5_R2FR_4138_STATUS.csv,1005,9e2f12e42efd9c9530609002110d791afdd766e3a0e63023f4db447388e7d74f
residuals,source-intake/mts_residuals/P8_Y5_R2FR_4138_TRACEFREE_SIGNING_AUDIT.csv,research-ledger/files/residuals/02/P8_Y5_R2FR_4138_TRACEFREE_SIGNING_AUDIT.csv,3467,beea8b08a611c516b9dfa7915a1deb4be6561fb6b315bdd19f31d34615827698
residuals,source-intake/mts_residuals/P8_Y5_R2FR_4138_TRACEFREE_ZERO_THEOREM_OR_BOUND.csv,research-ledger/files/residuals/6f/P8_Y5_R2FR_4138_TRACEFREE_ZERO_THEOREM_OR_BOUND.csv,2040,2f9dc4a645659bf07ee0b2a5f4328bbfc58fe90bf072d807c7d3ff4253d85546
residuals,source-intake/mts_residuals/P8_Y5_R2FR_4139_CBETA_QLOC_PROJECTOR_DERIVATION.csv,research-ledger/files/residuals/4b/P8_Y5_R2FR_4139_CBETA_QLOC_PROJECTOR_DERIVATION.csv,3190,d436897f49f1a79f9cc2672e6b1f2cad1b786857ebd5df333fff6baf00306438
residuals,source-intake/mts_residuals/P8_Y5_R2FR_4139_DECISION_GATES.csv,research-ledger/files/residuals/3c/P8_Y5_R2FR_4139_DECISION_GATES.csv,1735,95eaecafed8bc17284ed7bd847051d8d713f7101557e54b9033c5b837cc6540a
residuals,source-intake/mts_residuals/P8_Y5_R2FR_4139_FIRST_BETA_BOUND_ROWS.csv,research-ledger/files/residuals/ad/P8_Y5_R2FR_4139_FIRST_BETA_BOUND_ROWS.csv,2120,186fc68ed0ab267aaa38f94fced0b296da33ea5f5e37b573dd92385511285647
residuals,source-intake/mts_residuals/P8_Y5_R2FR_4139_NEXT_TARGET.csv,research-ledger/files/residuals/f5/P8_Y5_R2FR_4139_NEXT_TARGET.csv,862,5414b65eeb5a0989e925a51939f3b75adfaf034444422ed390fdbe7c1c5c353d
residuals,source-intake/mts_residuals/P8_Y5_R2FR_4139_PROJECTOR_GATES.csv,research-ledger/files/residuals/2a/P8_Y5_R2FR_4139_PROJECTOR_GATES.csv,2169,48fce114b4a0d8a6ed5769e0adc2d5b0ce77d14da3593330ee08c62939dfb82a
residuals,source-intake/mts_residuals/P8_Y5_R2FR_4139_SOURCE_ACQUISITION_PACK.csv,research-ledger/files/residuals/3e/P8_Y5_R2FR_4139_SOURCE_ACQUISITION_PACK.csv,2821,2c79ce354fb3853cc225bb83c1c0a4d47f24ba173368854fab92fb993cab8436
residuals,source-intake/mts_residuals/P8_Y5_R2FR_4139_SOURCE_REGISTER.csv,research-ledger/files/residuals/cf/P8_Y5_R2FR_4139_SOURCE_REGISTER.csv,5683,48093f44134e9cd3ba63050e5d3231c486682785deb107336ad2113763e39d25
residuals,source-intake/mts_residuals/P8_Y5_R2FR_4139_STATUS.csv,research-ledger/files/residuals/3c/P8_Y5_R2FR_4139_STATUS.csv,1058,6847fd7fe571021dcaaa01a4e9881e1c5839336f8d1742ab061efe5c91b54bcd
residuals,source-intake/mts_residuals/P8_Y5_R2FR_4140_DECISION_GATES.csv,research-ledger/files/residuals/ae/P8_Y5_R2FR_4140_DECISION_GATES.csv,1704,762bd0d7616b59189ca523cc560f4284274e4dcf815d56b0a6e3cc2ae739bd17
residuals,source-intake/mts_residuals/P8_Y5_R2FR_4140_DIVERGENCE_PROJECTOR_THEOREM.csv,research-ledger/files/residuals/82/P8_Y5_R2FR_4140_DIVERGENCE_PROJECTOR_THEOREM.csv,1647,ce0a46234bead598557b212171c779cd3fd1879bfa4bde4eab142521097acea6
residuals,source-intake/mts_residuals/P8_Y5_R2FR_4140_FIRST_DENSITY_ROWS.csv,research-ledger/files/residuals/47/P8_Y5_R2FR_4140_FIRST_DENSITY_ROWS.csv,2468,cb5f9464bad5bd085a2287b70d5b9b5b2595d24ca6fc9c6a6936077292c99109
residuals,source-intake/mts_residuals/P8_Y5_R2FR_4140_NEXT_TARGET.csv,research-ledger/files/residuals/13/P8_Y5_R2FR_4140_NEXT_TARGET.csv,844,3123e8893fba190fedfa8f8a2798122c8a450d16b41418b339ab1935e92ed4ca
residuals,source-intake/mts_residuals/P8_Y5_R2FR_4140_SOURCE_DENSITY_DERIVATION.csv,research-ledger/files/residuals/7b/P8_Y5_R2FR_4140_SOURCE_DENSITY_DERIVATION.csv,3989,286f1c53824897d89ccdae2f8730989cc79fccb50e2fcb163b9e65b18fe36c7a
residuals,source-intake/mts_residuals/P8_Y5_R2FR_4140_SOURCE_REGISTER.csv,research-ledger/files/residuals/3d/P8_Y5_R2FR_4140_SOURCE_REGISTER.csv,4851,359892508f790dae7545ce4a71b5f9729e62694b0ca44ef1ec9d285a38e80353
residuals,source-intake/mts_residuals/P8_Y5_R2FR_4140_STATUS.csv,research-ledger/files/residuals/ad/P8_Y5_R2FR_4140_STATUS.csv,1168,f74e6e2d3479c2690ed51b6ded321449c697fea4508948548963641fef631ef8
residuals,source-intake/mts_residuals/P8_Y5_R2FR_4140_ZERO_PROOF_AUDIT.csv,research-ledger/files/residuals/4a/P8_Y5_R2FR_4140_ZERO_PROOF_AUDIT.csv,2045,f7d85dd9c6520f3d8fb134d0893d5d583aa3e2738b5580b6f39e8e3c12cb1e93
residuals,source-intake/mts_residuals/P8_Y5_R2FR_4141_ADJOINT_OVERLAP_REDUCTION.csv,research-ledger/files/residuals/de/P8_Y5_R2FR_4141_ADJOINT_OVERLAP_REDUCTION.csv,1897,8c21989f1df4a3bacc9f54c328cc5c712aac7fc40e5b47100bc2df070aa74ab7
residuals,source-intake/mts_residuals/P8_Y5_R2FR_4141_BETA_DENSITY_BOUND_ROWS.csv,research-ledger/files/residuals/ac/P8_Y5_R2FR_4141_BETA_DENSITY_BOUND_ROWS.csv,2424,d16b498afd14c73ae9cf393375af02eacd43a116605b4133162f0ebed06ed776
residuals,source-intake/mts_residuals/P8_Y5_R2FR_4141_DECISION_GATES.csv,research-ledger/files/residuals/e5/P8_Y5_R2FR_4141_DECISION_GATES.csv,1763,913bcd711bbdc182e86af0326cc206084abc36e4fe4a54b7291c7a5a91f2d92d
residuals,source-intake/mts_residuals/P8_Y5_R2FR_4141_NEXT_TARGET.csv,research-ledger/files/residuals/51/P8_Y5_R2FR_4141_NEXT_TARGET.csv,878,69e594af1a7c1a68b2a3c830dfc1a672234e4ac0a4a4f552ec64c2ec441d8356
residuals,source-intake/mts_residuals/P8_Y5_R2FR_4141_SOURCE_REGISTER.csv,research-ledger/files/residuals/2f/P8_Y5_R2FR_4141_SOURCE_REGISTER.csv,5730,7d8d92ff55f414148c6605816d6c57b48c38849b6b4441874667dbd05363e025
residuals,source-intake/mts_residuals/P8_Y5_R2FR_4141_STATUS.csv,research-ledger/files/residuals/0f/P8_Y5_R2FR_4141_STATUS.csv,1061,3b8d073ffc53a1d2d1390a3211e00dde907646cce20783b1a315637180167845
residuals,source-intake/mts_residuals/P8_Y5_R2FR_4141_TRACEFREE_CURRENT_DERIVATION.csv,research-ledger/files/residuals/7e/P8_Y5_R2FR_4141_TRACEFREE_CURRENT_DERIVATION.csv,2982,1ccdfed37444f3b4c52ad77b8669e1d67edc60797d311ca9ffccc5209f4e8d87
residuals,source-intake/mts_residuals/P8_Y5_R2FR_4141_ZERO_OR_BOUND_GATES.csv,research-ledger/files/residuals/61/P8_Y5_R2FR_4141_ZERO_OR_BOUND_GATES.csv,1883,4b566f2b918fc2614405616003f771d8881d4ac43b0eabc26b26c0bb86bd6efa
residuals,source-intake/mts_residuals/P8_Y5_R2FR_4142_DECISION_GATES.csv,research-ledger/files/residuals/ed/P8_Y5_R2FR_4142_DECISION_GATES.csv,1749,ee82bfd5793344ce15f2857af0543a65fc8f0bf1c2a537c8bf3d46f98b998290
residuals,source-intake/mts_residuals/P8_Y5_R2FR_4142_NEXT_TARGET.csv,research-ledger/files/residuals/4d/P8_Y5_R2FR_4142_NEXT_TARGET.csv,976,3dc890b223506da21b0503bca1f1d3eba5fe173a55b9a9d68a87d50aa922f665
residuals,source-intake/mts_residuals/P8_Y5_R2FR_4142_OVERLAP_BOUND_ROWS.csv,research-ledger/files/residuals/ee/P8_Y5_R2FR_4142_OVERLAP_BOUND_ROWS.csv,2246,b86d8c507f91d9386bbb711b59139cc2c47efbf8713d640ef5d8d0a0f8412f2a
residuals,source-intake/mts_residuals/P8_Y5_R2FR_4142_SCALAR_OVERLAP_DERIVATION.csv,research-ledger/files/residuals/53/P8_Y5_R2FR_4142_SCALAR_OVERLAP_DERIVATION.csv,3283,c4d04534f85b1fcc2c31670998a369031cf236dd6d5d36498b97f15e45657eee
residuals,source-intake/mts_residuals/P8_Y5_R2FR_4142_SOURCE_REGISTER.csv,research-ledger/files/residuals/54/P8_Y5_R2FR_4142_SOURCE_REGISTER.csv,5249,39cf11bca7cc3b8c462c088d2cb034795837983fb51d14903e38207025839534
residuals,source-intake/mts_residuals/P8_Y5_R2FR_4142_STATUS.csv,research-ledger/files/residuals/98/P8_Y5_R2FR_4142_STATUS.csv,1093,e9cad08d159c0292795364df7ff2d9df075d61c1099d02b9d07563da404dcfa2
residuals,source-intake/mts_residuals/P8_Y5_R2FR_4142_ZERO_ROUTE_AUDIT.csv,research-ledger/files/residuals/0c/P8_Y5_R2FR_4142_ZERO_ROUTE_AUDIT.csv,1864,4371478f790286a3509aceb1fddff35220d90f0c3bd313939241779277b22f6e
residuals,source-intake/mts_residuals/P8_Y5_R2FR_4143_COEFFICIENT_ADOPTION_CONTRACT.csv,research-ledger/files/residuals/50/P8_Y5_R2FR_4143_COEFFICIENT_ADOPTION_CONTRACT.csv,2542,755f25f8d818606c19fedb754536b007329fd32c2df99656c524762d0768393c
residuals,source-intake/mts_residuals/P8_Y5_R2FR_4143_DECISION_GATES.csv,research-ledger/files/residuals/ae/P8_Y5_R2FR_4143_DECISION_GATES.csv,1737,e6409bcbf5c13ede2301f3209f96d4138466d95e61f45f8cb6c8e2d462f176f6
residuals,source-intake/mts_residuals/P8_Y5_R2FR_4143_NEXT_TARGET.csv,research-ledger/files/residuals/da/P8_Y5_R2FR_4143_NEXT_TARGET.csv,948,d518e0dec5bf06f0fa18d8c9f060ce165a01e5fbc891bbc4a0477126fab9d8f2
residuals,source-intake/mts_residuals/P8_Y5_R2FR_4143_PHI_NOHAIR_AUDIT.csv,research-ledger/files/residuals/47/P8_Y5_R2FR_4143_PHI_NOHAIR_AUDIT.csv,1784,ceaa13594df8e20cc1ec595d6b0ea10c6cbd3d0672197211a4effe49a842e9de
residuals,source-intake/mts_residuals/P8_Y5_R2FR_4143_REJECTED_BRANCH_BOUND_ROWS.csv,research-ledger/files/residuals/03/P8_Y5_R2FR_4143_REJECTED_BRANCH_BOUND_ROWS.csv,1507,49afecdd972cb99ce5e3ea5428e08dd5749950a2fbacb8200b2ba7abf1d237ba
residuals,source-intake/mts_residuals/P8_Y5_R2FR_4143_ROUTE_COMPARISON.csv,research-ledger/files/residuals/9f/P8_Y5_R2FR_4143_ROUTE_COMPARISON.csv,1874,c65558490e78b435cceb03f208c9caf275f8267fe62117080730c0d977f3d4b2
residuals,source-intake/mts_residuals/P8_Y5_R2FR_4143_SOURCE_REGISTER.csv,research-ledger/files/residuals/87/P8_Y5_R2FR_4143_SOURCE_REGISTER.csv,5590,55febefdeb80a009a8bb5a78a672fba051f7c0de94f5165de50580e69bb18715
residuals,source-intake/mts_residuals/P8_Y5_R2FR_4143_STATUS.csv,research-ledger/files/residuals/11/P8_Y5_R2FR_4143_STATUS.csv,1155,f73502ab582dc38a13ac54115fb4d4c2b9c20092f5541ce45bf86f8978d649f7
residuals,source-intake/mts_residuals/P8_Y5_R2FR_4144_BIRTH_CERTIFICATE.csv,research-ledger/files/residuals/b7/P8_Y5_R2FR_4144_BIRTH_CERTIFICATE.csv,2991,d227a88504076126595a0a8b3f79832e34eff16e83dd7ec13f360683534a068b
residuals,source-intake/mts_residuals/P8_Y5_R2FR_4144_DECISION_GATES.csv,research-ledger/files/residuals/d0/P8_Y5_R2FR_4144_DECISION_GATES.csv,1506,2876d19ebd36763e75d5b7168c7a24581ad3d99914b7686be75291e04e827bf1
residuals,source-intake/mts_residuals/P8_Y5_R2FR_4144_EPSILON_BOUND_ROWS.csv,research-ledger/files/residuals/d5/P8_Y5_R2FR_4144_EPSILON_BOUND_ROWS.csv,1886,9703cb11f0ab35d57b623f6e8caec905a0f3787a1db56b26f1c476895b5f55ad
residuals,source-intake/mts_residuals/P8_Y5_R2FR_4144_MINIMAL_PARENT_CLAUSE.csv,research-ledger/files/residuals/a1/P8_Y5_R2FR_4144_MINIMAL_PARENT_CLAUSE.csv,1860,1711a5ed6cf9a72ffd96209f8eae54b5e23f14da25e0e9e54cd64af2c3f7a04f
residuals,source-intake/mts_residuals/P8_Y5_R2FR_4144_NEXT_TARGET.csv,research-ledger/files/residuals/ad/P8_Y5_R2FR_4144_NEXT_TARGET.csv,974,173cfbc6eb46063741eafa96f35be8367df87a1d616e0c803b65425c4e0aa5c0
residuals,source-intake/mts_residuals/P8_Y5_R2FR_4144_SOURCE_REGISTER.csv,research-ledger/files/residuals/65/P8_Y5_R2FR_4144_SOURCE_REGISTER.csv,5820,13583342336cc8bffdcee3419c6fed445e8b6587472907fe57a61e6caa8cfd6d
residuals,source-intake/mts_residuals/P8_Y5_R2FR_4144_STATUS.csv,research-ledger/files/residuals/31/P8_Y5_R2FR_4144_STATUS.csv,1156,6d90e0badc5141a5f1c3db278634a621bb7fa522c2f575a09c41392b2fedbdcc
residuals,source-intake/mts_residuals/P8_Y5_R2FR_4145_BOUNDARY_CLOSURE.csv,research-ledger/files/residuals/85/P8_Y5_R2FR_4145_BOUNDARY_CLOSURE.csv,1767,bf25392e2fb55dd8ff0bbefbd3dc56446706469e44e3d323deca94aea13e67f1
residuals,source-intake/mts_residuals/P8_Y5_R2FR_4145_CURVATURE_ROUTING.csv,research-ledger/files/residuals/23/P8_Y5_R2FR_4145_CURVATURE_ROUTING.csv,2019,5ae7d7db8bc54ed8684c6739d712c4e5748f1779ab1061c9a2662afa6d53ed39
residuals,source-intake/mts_residuals/P8_Y5_R2FR_4145_DECISION_GATES.csv,research-ledger/files/residuals/2c/P8_Y5_R2FR_4145_DECISION_GATES.csv,1335,9830e9af7b170cae64a8972c7b5653aed8d36edacd29190b49b81b16a7575185
residuals,source-intake/mts_residuals/P8_Y5_R2FR_4145_LIVE_ADOPTION_GATE.csv,research-ledger/files/residuals/7c/P8_Y5_R2FR_4145_LIVE_ADOPTION_GATE.csv,1387,6ae7b9ace80731620312b35843fafc0c0093b9514cfaf404bebd6eb863400a59
residuals,source-intake/mts_residuals/P8_Y5_R2FR_4145_NEXT_TARGET.csv,research-ledger/files/residuals/ea/P8_Y5_R2FR_4145_NEXT_TARGET.csv,956,ac69821809054ce3f80ccbfeddd54e6c004d9d37f637121662400418dad693cf
residuals,source-intake/mts_residuals/P8_Y5_R2FR_4145_RESIDUAL_UPDATE.csv,research-ledger/files/residuals/51/P8_Y5_R2FR_4145_RESIDUAL_UPDATE.csv,1537,3039df4a73701047a6d407dbc36faedb62987787a222d91e1f5e4be0f0ed8986
residuals,source-intake/mts_residuals/P8_Y5_R2FR_4145_SOURCE_REGISTER.csv,research-ledger/files/residuals/5e/P8_Y5_R2FR_4145_SOURCE_REGISTER.csv,4677,98a18909e5548fa6265fb64c10c33620d30dae225694fcd7500eedaf3d758fba
residuals,source-intake/mts_residuals/P8_Y5_R2FR_4145_STATUS.csv,research-ledger/files/residuals/eb/P8_Y5_R2FR_4145_STATUS.csv,923,246cf18f5141fa4c3e60dc94a0b707323e53c24cfd36ccd40c618c11633d3b72
residuals,source-intake/mts_residuals/P8_Y5_R2FR_4146_DECISION_GATES.csv,research-ledger/files/residuals/2e/P8_Y5_R2FR_4146_DECISION_GATES.csv,1343,bea076cb9fcd683ce3ed17d4ac36b8181f6c54d14e41c50d91dae7d1b204744b
residuals,source-intake/mts_residuals/P8_Y5_R2FR_4146_FINITE_SOURCE_BOUND_ROWS.csv,research-ledger/files/residuals/ca/P8_Y5_R2FR_4146_FINITE_SOURCE_BOUND_ROWS.csv,1545,55fae1f816386ef92edaa22b2667d03d90509a1ba12548d471f83c187c9aa7c5
residuals,source-intake/mts_residuals/P8_Y5_R2FR_4146_MATTER_ROUTING_CONTRACT.csv,research-ledger/files/residuals/f6/P8_Y5_R2FR_4146_MATTER_ROUTING_CONTRACT.csv,2041,7162ba610e1f9babfaa0a1b4e512a11aa88339dbfc63125b7d8d8f862a1e5f6b
residuals,source-intake/mts_residuals/P8_Y5_R2FR_4146_NEXT_TARGET.csv,research-ledger/files/residuals/b1/P8_Y5_R2FR_4146_NEXT_TARGET.csv,948,00690c1c313c944269bd24c046be67b1311370f1b1a51d684210b92e32b36d3e
residuals,source-intake/mts_residuals/P8_Y5_R2FR_4146_RESIDUAL_UPDATE.csv,research-ledger/files/residuals/e3/P8_Y5_R2FR_4146_RESIDUAL_UPDATE.csv,1150,c7210ed685cd0fd0ab317451f5d5a036b634e7a38a813a32d5085ec20ee4260f
residuals,source-intake/mts_residuals/P8_Y5_R2FR_4146_SOURCE_REGISTER.csv,research-ledger/files/residuals/86/P8_Y5_R2FR_4146_SOURCE_REGISTER.csv,4094,ba8d1a439c65c178038fdc5bb563580d30a5610aae50d6fe0491915e7fe2231a
residuals,source-intake/mts_residuals/P8_Y5_R2FR_4146_STATUS.csv,research-ledger/files/residuals/a6/P8_Y5_R2FR_4146_STATUS.csv,1020,b0513536445fc4de9e09ffec552f3bde617f8b7296d96adc16979e5427a44f8b
residuals,source-intake/mts_residuals/P8_Y5_R2FR_4146_SUPPORT_THEOREM_ATTEMPT.csv,research-ledger/files/residuals/d1/P8_Y5_R2FR_4146_SUPPORT_THEOREM_ATTEMPT.csv,2129,4bcea85b906b48a62ab1e74d2624e9bbf76f3df1c8aa7a431ab99adc94d65676
residuals,source-intake/mts_residuals/P8_Y5_R2FR_4147_CONSTANT_F_AUDIT.csv,research-ledger/files/residuals/05/P8_Y5_R2FR_4147_CONSTANT_F_AUDIT.csv,2247,578b6490198ecae0e17d5d20f488ca3c1adb0362842f8cca544a39da050b18bf
residuals,source-intake/mts_residuals/P8_Y5_R2FR_4147_COUPLING_BOUND_ROWS.csv,research-ledger/files/residuals/50/P8_Y5_R2FR_4147_COUPLING_BOUND_ROWS.csv,1864,084b249e0497a659302680f4649a9c834c47f7bca9136d1b57f6ee46e7356cf1
residuals,source-intake/mts_residuals/P8_Y5_R2FR_4147_DECISION_GATES.csv,research-ledger/files/residuals/d5/P8_Y5_R2FR_4147_DECISION_GATES.csv,1280,5d21a8ab3b1f4b426793052fe465ac728b04bdad62f502c6bb7700d97b4d52cc
residuals,source-intake/mts_residuals/P8_Y5_R2FR_4147_GEFF_CALIBRATION_THEOREM.csv,research-ledger/files/residuals/a3/P8_Y5_R2FR_4147_GEFF_CALIBRATION_THEOREM.csv,1819,25ebaab8a1d8389f4d07136fac22756fdbd6fdf7d1dd9682cff64218118892b0
residuals,source-intake/mts_residuals/P8_Y5_R2FR_4147_NEXT_TARGET.csv,research-ledger/files/residuals/25/P8_Y5_R2FR_4147_NEXT_TARGET.csv,920,07ec7c1c39ea9d4b5e85eb48c491c29e14a7e5de83f3af6b3d6261ac7d2acd66
residuals,source-intake/mts_residuals/P8_Y5_R2FR_4147_SECOND_ORDER_SOURCE_CLOSURE.csv,research-ledger/files/residuals/ea/P8_Y5_R2FR_4147_SECOND_ORDER_SOURCE_CLOSURE.csv,1591,9f8b1b1afacca7883dadffd8ab6fb2b20661811f11b5428d269bb82f17498de5
residuals,source-intake/mts_residuals/P8_Y5_R2FR_4147_SOURCE_REGISTER.csv,research-ledger/files/residuals/be/P8_Y5_R2FR_4147_SOURCE_REGISTER.csv,4575,b2f0b57df3504953999dfedb0573c8643a375591ff7be810af864ac3f595fb38
residuals,source-intake/mts_residuals/P8_Y5_R2FR_4147_STATUS.csv,research-ledger/files/residuals/12/P8_Y5_R2FR_4147_STATUS.csv,1020,69fcb66bf2f45e29c0657bd58ffd4a235b7870ceacda7b62609c4ea67dca69b8
residuals,source-intake/mts_residuals/P8_Y5_R2FR_4148_COUPLING_DRIFT_BOUND.csv,research-ledger/files/residuals/27/P8_Y5_R2FR_4148_COUPLING_DRIFT_BOUND.csv,1842,bdbb7d3628ed3cd73d0b7f4e2444d66f280770534d7782cb77076b03115f73d5
residuals,source-intake/mts_residuals/P8_Y5_R2FR_4148_DECISION_GATES.csv,research-ledger/files/residuals/75/P8_Y5_R2FR_4148_DECISION_GATES.csv,1199,9b594c3770b9835820429e5f00c13274ae522aa82ef2dbc3bd799a4507bcdeb8
residuals,source-intake/mts_residuals/P8_Y5_R2FR_4148_LOCAL_GR_IMPACT.csv,research-ledger/files/residuals/32/P8_Y5_R2FR_4148_LOCAL_GR_IMPACT.csv,1034,5f75abe539c9d3ab0da8218103786922bb440a0732b5284a035702bffb263bbb
residuals,source-intake/mts_residuals/P8_Y5_R2FR_4148_NEXT_TARGET.csv,research-ledger/files/residuals/72/P8_Y5_R2FR_4148_NEXT_TARGET.csv,890,60da16bb140c97b3b66b7feabffaa162909598f853a99957f9615eb4af21d2b8
residuals,source-intake/mts_residuals/P8_Y5_R2FR_4148_PHI_FREEZE_THEOREM_ATTEMPT.csv,research-ledger/files/residuals/f1/P8_Y5_R2FR_4148_PHI_FREEZE_THEOREM_ATTEMPT.csv,1750,eadae0c1755f50952b5f98433a9f57bb82baca1fcf994862323c86565fe4be9e
residuals,source-intake/mts_residuals/P8_Y5_R2FR_4148_PHI_SOURCE_LEDGER.csv,research-ledger/files/residuals/a9/P8_Y5_R2FR_4148_PHI_SOURCE_LEDGER.csv,1785,9daeaddf7c09e039da87ce2a05dea90fa4960e3b886cdf3c9b9e782e70bddd8a
residuals,source-intake/mts_residuals/P8_Y5_R2FR_4148_SOURCE_REGISTER.csv,research-ledger/files/residuals/85/P8_Y5_R2FR_4148_SOURCE_REGISTER.csv,3927,6cc48433a0bc12020c5f6d361da5125bac71261f5d828bcac0fbbda25033d3ac
residuals,source-intake/mts_residuals/P8_Y5_R2FR_4148_STATUS.csv,research-ledger/files/residuals/38/P8_Y5_R2FR_4148_STATUS.csv,939,312e2b944bbbac1ae9d65f6914b70047312671c1957be441ff246727c649c239
residuals,source-intake/mts_residuals/P8_Y5_R2FR_4149_DECISION_GATES.csv,research-ledger/files/residuals/4c/P8_Y5_R2FR_4149_DECISION_GATES.csv,1191,fea2004b9d979295e9bc50bb99a898c3557a0a9e2676ea5789f1079deada0ae9
residuals,source-intake/mts_residuals/P8_Y5_R2FR_4149_GAMMA_EXTREMUM_LAW.csv,research-ledger/files/residuals/7d/P8_Y5_R2FR_4149_GAMMA_EXTREMUM_LAW.csv,1606,6d34ff8b0c1b4755e8dcd2388ab9f1f10f657c7de682254bf2682b42727d16db
residuals,source-intake/mts_residuals/P8_Y5_R2FR_4149_NEXT_TARGET.csv,research-ledger/files/residuals/02/P8_Y5_R2FR_4149_NEXT_TARGET.csv,911,ec5fb4de0f6e003a4cbb86632a0ce4bf5871017bd1cac411e6c0653b6748c2dc
residuals,source-intake/mts_residuals/P8_Y5_R2FR_4149_PHI_CHARGE_BOUND_ROWS.csv,research-ledger/files/residuals/85/P8_Y5_R2FR_4149_PHI_CHARGE_BOUND_ROWS.csv,1661,ee862f5122e58f37fc2cd0c5aa5badeb0458428bd7e4d0ec53a4e64b99a7ba42
