category,source_path,published_path,size_bytes,sha256
residuals,source-intake/mts_residuals/P8_Y5_PARENT_QLOC_2142_SOURCE_ANCHORS.csv,research-ledger/files/residuals/07/P8_Y5_PARENT_QLOC_2142_SOURCE_ANCHORS.csv,2767,114be44d614eae0f32ba25e35b52a1e7537f8f3ab6c65afbff4e9606b6e57b04
residuals,source-intake/mts_residuals/P8_Y5_PARENT_QLOC_2142_SOURCE_REGISTER.csv,research-ledger/files/residuals/14/P8_Y5_PARENT_QLOC_2142_SOURCE_REGISTER.csv,4346,76306852560e716402fefc7cb1ca087c19621fd4550afcb0c28f3627c6020fa8
residuals,source-intake/mts_residuals/P8_Y5_PARENT_QLOC_2143_ARENA_PROJECTIONS.csv,research-ledger/files/residuals/25/P8_Y5_PARENT_QLOC_2143_ARENA_PROJECTIONS.csv,1548,789cd2e158e6d7c5b9d3d6100820eb5811bdbb5705b0b2216ad46808597ea92e
residuals,source-intake/mts_residuals/P8_Y5_PARENT_QLOC_2143_BRANCH_COPIES.csv,research-ledger/files/residuals/0a/P8_Y5_PARENT_QLOC_2143_BRANCH_COPIES.csv,1203,e1a096eef12e363159850747f29d7fe64dbf502aadfee188b29cc42381b6ab43
residuals,source-intake/mts_residuals/P8_Y5_PARENT_QLOC_2143_CLAIM_GATES.csv,research-ledger/files/residuals/2a/P8_Y5_PARENT_QLOC_2143_CLAIM_GATES.csv,1641,a03f1d027ce4f0eb03643e9821c1ece648d0ef13651a0cb834b20680886d5c4a
residuals,source-intake/mts_residuals/P8_Y5_PARENT_QLOC_2143_CURVATURE_OPERATOR_ROWS.csv,research-ledger/files/residuals/f7/P8_Y5_PARENT_QLOC_2143_CURVATURE_OPERATOR_ROWS.csv,2023,7c9e5841de4723a31b7178b154983c83a79d594923ecd3f39469d077ff1e7a2f
residuals,source-intake/mts_residuals/P8_Y5_PARENT_QLOC_2143_DECISION_LEDGER.csv,research-ledger/files/residuals/46/P8_Y5_PARENT_QLOC_2143_DECISION_LEDGER.csv,1077,a354ff33319406778b1cddb1e9778f85d186ed6f38a835efe4e1f44dabd20564
residuals,source-intake/mts_residuals/P8_Y5_PARENT_QLOC_2143_NEXT_TARGET.csv,research-ledger/files/residuals/d9/P8_Y5_PARENT_QLOC_2143_NEXT_TARGET.csv,856,1bd15ec58d36e650d5e68a27444a8bdaf4ce5381366bfeb9da3008052c2c4449
residuals,source-intake/mts_residuals/P8_Y5_PARENT_QLOC_2143_OPERATOR_BOUND_RUNNER.csv,research-ledger/files/residuals/5f/P8_Y5_PARENT_QLOC_2143_OPERATOR_BOUND_RUNNER.csv,1988,e4d9d67df37de44386de9be00edbbaa913c0e8ad97dab74369daca278aa41993
residuals,source-intake/mts_residuals/P8_Y5_PARENT_QLOC_2143_SOURCE_ANCHORS.csv,research-ledger/files/residuals/7e/P8_Y5_PARENT_QLOC_2143_SOURCE_ANCHORS.csv,4279,381256e9ef3e405ee5860514718fefcf1cf90738da972b2b4e8563be65dda695
residuals,source-intake/mts_residuals/P8_Y5_PARENT_QLOC_2143_SOURCE_BRIDGE_ROWS.csv,research-ledger/files/residuals/1d/P8_Y5_PARENT_QLOC_2143_SOURCE_BRIDGE_ROWS.csv,1765,f07a942f650d5ca94edc36881de2619ce26cee63e6ed2083b2039de21fc51fb9
residuals,source-intake/mts_residuals/P8_Y5_PARENT_QLOC_2143_SOURCE_REGISTER.csv,research-ledger/files/residuals/26/P8_Y5_PARENT_QLOC_2143_SOURCE_REGISTER.csv,3693,8e714bd94fcff79b18c0702c29bed99df0255baad8f3338f8a58aae20202db58
residuals,source-intake/mts_residuals/P8_Y5_PARENT_QLOC_2144_BRANCH_COPIES.csv,research-ledger/files/residuals/61/P8_Y5_PARENT_QLOC_2144_BRANCH_COPIES.csv,1202,aa28f8735eccfb27816df6fd38bee757580cb0f77d75d7eccded7a2fb75440f2
residuals,source-intake/mts_residuals/P8_Y5_PARENT_QLOC_2144_BRIDGE_CLAUSE_ROWS.csv,research-ledger/files/residuals/6e/P8_Y5_PARENT_QLOC_2144_BRIDGE_CLAUSE_ROWS.csv,2269,4da5f88dc2ec09a3f231154198175a16aeee252ba040c6a8fb484981413e5563
residuals,source-intake/mts_residuals/P8_Y5_PARENT_QLOC_2144_CLAIM_GATES.csv,research-ledger/files/residuals/87/P8_Y5_PARENT_QLOC_2144_CLAIM_GATES.csv,1659,5f5589dadd05f5504793b27f26f05de415f4614fc169fe06bbbdafe5e03b15ab
residuals,source-intake/mts_residuals/P8_Y5_PARENT_QLOC_2144_DECISION_LEDGER.csv,research-ledger/files/residuals/de/P8_Y5_PARENT_QLOC_2144_DECISION_LEDGER.csv,1154,5ada715e2c97fb377a8d44cf838f900dd554f5960840bcd76eb468566f828c67
residuals,source-intake/mts_residuals/P8_Y5_PARENT_QLOC_2144_DELTA_HSRC_COMPONENT_ROWS.csv,research-ledger/files/residuals/58/P8_Y5_PARENT_QLOC_2144_DELTA_HSRC_COMPONENT_ROWS.csv,2641,3cca37047f81a4590e44777b23c97be3d71c72a512a14bba28c6cec072cffcae
residuals,source-intake/mts_residuals/P8_Y5_PARENT_QLOC_2144_EPSILON_CLOSURE_ROWS.csv,research-ledger/files/residuals/17/P8_Y5_PARENT_QLOC_2144_EPSILON_CLOSURE_ROWS.csv,2173,8440b1659191fadef7d4192c839c393c0694aef296b45502a02f08cab85cde76
residuals,source-intake/mts_residuals/P8_Y5_PARENT_QLOC_2144_NEXT_TARGET.csv,research-ledger/files/residuals/9f/P8_Y5_PARENT_QLOC_2144_NEXT_TARGET.csv,773,488ea886573e96e7f068311a770ae70d45097c6aaf1c82eb99cdc6b07e7a209d
residuals,source-intake/mts_residuals/P8_Y5_PARENT_QLOC_2144_OPERATOR_BOUND_UPDATE.csv,research-ledger/files/residuals/80/P8_Y5_PARENT_QLOC_2144_OPERATOR_BOUND_UPDATE.csv,1520,294f77bfba594c3afa530e7d4f6261ff60f921cad84a09c25f8cd7f260c14c35
residuals,source-intake/mts_residuals/P8_Y5_PARENT_QLOC_2144_SOURCE_ANCHORS.csv,research-ledger/files/residuals/f7/P8_Y5_PARENT_QLOC_2144_SOURCE_ANCHORS.csv,5607,1cdd27b61ab068bc0e634ab0e29f3a933767bfd26f5864bb23183dae64b5a254
residuals,source-intake/mts_residuals/P8_Y5_PARENT_QLOC_2144_SOURCE_REGISTER.csv,research-ledger/files/residuals/44/P8_Y5_PARENT_QLOC_2144_SOURCE_REGISTER.csv,4421,16a5da65c721928ec9c6f606f18123481f816e0b730d5dc513094d04208b3134
residuals,source-intake/mts_residuals/P8_Y5_PARENT_QLOC_2145_BRANCH_COPIES.csv,research-ledger/files/residuals/80/P8_Y5_PARENT_QLOC_2145_BRANCH_COPIES.csv,1212,1f8f21896f85a994fff7ff0df13f6b1f082586476ea30713ed710419e9321bd7
residuals,source-intake/mts_residuals/P8_Y5_PARENT_QLOC_2145_CURRENT_FRONTIER_GATE.csv,research-ledger/files/residuals/79/P8_Y5_PARENT_QLOC_2145_CURRENT_FRONTIER_GATE.csv,2247,61e3a8897ad8a3fd13285463d3d3f739cbe7516ad6f71f302fc227bee3ce6e00
residuals,source-intake/mts_residuals/P8_Y5_PARENT_QLOC_2145_FRONTIER_CHAIN.csv,research-ledger/files/residuals/d5/P8_Y5_PARENT_QLOC_2145_FRONTIER_CHAIN.csv,8820,be312c6abcba97061ba47d63ad2ec7e6ba109aeb5fcdfa090f12322115a87621
residuals,source-intake/mts_residuals/P8_Y5_PARENT_QLOC_2145_NESTED_RESIDUAL_EXPANSION.csv,research-ledger/files/residuals/cb/P8_Y5_PARENT_QLOC_2145_NESTED_RESIDUAL_EXPANSION.csv,3069,6d0971f3016992aecc93315223c59e2d890507f5e3c7df59f7831fc858be80e6
residuals,source-intake/mts_residuals/P8_Y5_PARENT_QLOC_2145_NEXT_TARGET.csv,research-ledger/files/residuals/84/P8_Y5_PARENT_QLOC_2145_NEXT_TARGET.csv,929,448d91a4246e269bd2ad96320cc9f7289f3e1f2e1f97130de3ad48e0f7db6a6e
residuals,source-intake/mts_residuals/P8_Y5_PARENT_QLOC_2145_SOURCE_REGISTER.csv,research-ledger/files/residuals/39/P8_Y5_PARENT_QLOC_2145_SOURCE_REGISTER.csv,9044,ad5a155b53b5a6dd7258aead12535f3aecacc22bf5c466975304e81f1c58d579
residuals,source-intake/mts_residuals/P8_Y5_PARENT_QLOC_2146_BRANCH_COPIES.csv,research-ledger/files/residuals/66/P8_Y5_PARENT_QLOC_2146_BRANCH_COPIES.csv,1194,ddc269556fd21d3d4fda1557b9eb1ec9e9801021be0ae9e4e4a56d046c711c58
residuals,source-intake/mts_residuals/P8_Y5_PARENT_QLOC_2146_DECISION_LEDGER.csv,research-ledger/files/residuals/bc/P8_Y5_PARENT_QLOC_2146_DECISION_LEDGER.csv,1655,365ef26719eaafb92b7c657b615d0e2462fb6a17fb0c5e9015b07b6b1641ff41
residuals,source-intake/mts_residuals/P8_Y5_PARENT_QLOC_2146_FAST_FORWARD_CHAIN.csv,research-ledger/files/residuals/19/P8_Y5_PARENT_QLOC_2146_FAST_FORWARD_CHAIN.csv,4569,fc9a5021e1e0e473c941f79139a579bcdb2ea5df25bddf7fbcaa4be38239c971
residuals,source-intake/mts_residuals/P8_Y5_PARENT_QLOC_2146_LOCAL_GR_STATUS.csv,research-ledger/files/residuals/c5/P8_Y5_PARENT_QLOC_2146_LOCAL_GR_STATUS.csv,2230,531727554ed9b5ef71f070639e1a4b650bd71b992c7d758c89dcd4151a917cc4
residuals,source-intake/mts_residuals/P8_Y5_PARENT_QLOC_2146_NEXT_TARGET.csv,research-ledger/files/residuals/5f/P8_Y5_PARENT_QLOC_2146_NEXT_TARGET.csv,921,6064455d38dc4cc4e67f02469379b4aa959a2366855f46f3fd10fae846567170
residuals,source-intake/mts_residuals/P8_Y5_PARENT_QLOC_2146_NOETHER_CURRENT_GATE.csv,research-ledger/files/residuals/fa/P8_Y5_PARENT_QLOC_2146_NOETHER_CURRENT_GATE.csv,2989,f0636ef8316a24b501ed1538c14dd29ef33d4a82d0310cc6a89ca907d7ba2c91
residuals,source-intake/mts_residuals/P8_Y5_PARENT_QLOC_2146_SOURCE_REGISTER.csv,research-ledger/files/residuals/92/P8_Y5_PARENT_QLOC_2146_SOURCE_REGISTER.csv,7364,04c1648b381f56b2d68207e2431aee0312e78b935e72dd23918ec6197cbbdf65
residuals,source-intake/mts_residuals/P8_Y5_PARENT_QLOC_2147_BRANCH_COPIES.csv,research-ledger/files/residuals/30/P8_Y5_PARENT_QLOC_2147_BRANCH_COPIES.csv,1200,32d17ca8d19d8fc3a5e9b941fe2200c5e75ddfe844b2db07f26e6e4a7450364a
residuals,source-intake/mts_residuals/P8_Y5_PARENT_QLOC_2147_DECISION_LEDGER.csv,research-ledger/files/residuals/4c/P8_Y5_PARENT_QLOC_2147_DECISION_LEDGER.csv,1665,b0c775509bbb68d104dbed1e7489d0280507f341eeaa76460ed3c86f375bc543
residuals,source-intake/mts_residuals/P8_Y5_PARENT_QLOC_2147_JOIN_RESIDUAL_VECTOR.csv,research-ledger/files/residuals/6d/P8_Y5_PARENT_QLOC_2147_JOIN_RESIDUAL_VECTOR.csv,1610,ac9ba1bbd9a0dd9d3ddad0916e0fa133dcd814ae6509ebc2191b8d5ed6ecfc2f
residuals,source-intake/mts_residuals/P8_Y5_PARENT_QLOC_2147_NEXT_TARGET.csv,research-ledger/files/residuals/e6/P8_Y5_PARENT_QLOC_2147_NEXT_TARGET.csv,1386,c6f9765446449e2f729cbe32ba826170a1b41a9a37e70a0fdb983f117f862e9d
residuals,source-intake/mts_residuals/P8_Y5_PARENT_QLOC_2147_OPERATOR_GATE.csv,research-ledger/files/residuals/27/P8_Y5_PARENT_QLOC_2147_OPERATOR_GATE.csv,2554,eef7af98d7950f4c5281c4e8d7b7ce0d7d241e53b30562b7dceceb836bb9cb5b
residuals,source-intake/mts_residuals/P8_Y5_PARENT_QLOC_2147_SOURCE_GATE.csv,research-ledger/files/residuals/d8/P8_Y5_PARENT_QLOC_2147_SOURCE_GATE.csv,2436,e14eacadae0595243d1746c8b6232a79e366bcade47caf772674e6dd66ebbc6d
residuals,source-intake/mts_residuals/P8_Y5_PARENT_QLOC_2147_SOURCE_REGISTER.csv,research-ledger/files/residuals/0a/P8_Y5_PARENT_QLOC_2147_SOURCE_REGISTER.csv,7069,a134cc9da06d69d043c7f797f480319d150811d3dc6d29b436e7971cb3f7c164
residuals,source-intake/mts_residuals/P8_Y5_PARENT_QLOC_2147_TWO_GATE_THEOREM.csv,research-ledger/files/residuals/e1/P8_Y5_PARENT_QLOC_2147_TWO_GATE_THEOREM.csv,2290,98b76db9720b3e1c1388fb45b88b75ae7d0930959a07ad617cc6f86b6ba32098
residuals,source-intake/mts_residuals/P8_Y5_PARENT_QLOC_2148_BRANCH_COPIES.csv,research-ledger/files/residuals/c2/P8_Y5_PARENT_QLOC_2148_BRANCH_COPIES.csv,1203,45387dbd52a07f4e485e7b3cb9c2222e684cb857f22ab5a660fb7872b0041f0f
residuals,source-intake/mts_residuals/P8_Y5_PARENT_QLOC_2148_CURRENT_FRONTIER.csv,research-ledger/files/residuals/6c/P8_Y5_PARENT_QLOC_2148_CURRENT_FRONTIER.csv,1732,52ae92bf0926194dee057820066689235ab21ff7746e6491bbacb111ab29c0c0
residuals,source-intake/mts_residuals/P8_Y5_PARENT_QLOC_2148_DECISION_LEDGER.csv,research-ledger/files/residuals/d4/P8_Y5_PARENT_QLOC_2148_DECISION_LEDGER.csv,1504,7890b4a6e389d3121cc7c6b4ca63078511e0201236f3acc56673b09e3b97d385
residuals,source-intake/mts_residuals/P8_Y5_PARENT_QLOC_2148_NEXT_TARGET.csv,research-ledger/files/residuals/25/P8_Y5_PARENT_QLOC_2148_NEXT_TARGET.csv,766,aaadc97987f51d5f0289077806c1896278e98bcbb8a2a0a5ea8a4d948e074ffd
residuals,source-intake/mts_residuals/P8_Y5_PARENT_QLOC_2148_PHI_C2_FRONTIER_CHAIN.csv,research-ledger/files/residuals/70/P8_Y5_PARENT_QLOC_2148_PHI_C2_FRONTIER_CHAIN.csv,2831,ed1a1c2c60ee3ef8a8d25734cc3c4437084bdc374d4e5403a3c447a6880a0a61
residuals,source-intake/mts_residuals/P8_Y5_PARENT_QLOC_2148_SOURCE_REGISTER.csv,research-ledger/files/residuals/85/P8_Y5_PARENT_QLOC_2148_SOURCE_REGISTER.csv,2757,0586ca5da78c4d7eb3463379be39057c7699b23c73e61afd33e07bb1467e9811
residuals,source-intake/mts_residuals/P8_Y5_PARENT_QLOC_2148_THEOREM_STATUS.csv,research-ledger/files/residuals/dd/P8_Y5_PARENT_QLOC_2148_THEOREM_STATUS.csv,1654,015fc5ac8087aede22f880aee7515e5762e5eb11fd19ba0d823c8f89e801f1d4
residuals,source-intake/mts_residuals/P8_Y5_PARENT_QLOC_2149_BRANCH_COPIES.csv,research-ledger/files/residuals/e6/P8_Y5_PARENT_QLOC_2149_BRANCH_COPIES.csv,1210,86649e265c3f61dacf26a5dc9f582d76540cbb57c7573e3e122c0aecb1eef552
residuals,source-intake/mts_residuals/P8_Y5_PARENT_QLOC_2149_DECISION_LEDGER.csv,research-ledger/files/residuals/df/P8_Y5_PARENT_QLOC_2149_DECISION_LEDGER.csv,1559,fc439f2a528085f6b38a1c147d28e170e76e565944302e117c10d4fb59e6f0bf
residuals,source-intake/mts_residuals/P8_Y5_PARENT_QLOC_2149_DELTAGAMMA_COMPONENTS.csv,research-ledger/files/residuals/94/P8_Y5_PARENT_QLOC_2149_DELTAGAMMA_COMPONENTS.csv,1777,1ad76db6e05cce2d53736de42c44d75e445f4771bfdb6b34abefd08c6d8d1498
residuals,source-intake/mts_residuals/P8_Y5_PARENT_QLOC_2149_FRONTIER_CHAIN.csv,research-ledger/files/residuals/f1/P8_Y5_PARENT_QLOC_2149_FRONTIER_CHAIN.csv,4420,8d295d2685766ea089cb2de26d6fc8eb8180007ec463ae8ee5ce363eb8b6555b
residuals,source-intake/mts_residuals/P8_Y5_PARENT_QLOC_2149_GEOMETRY_TO_PROJECTION_MAP.csv,research-ledger/files/residuals/8d/P8_Y5_PARENT_QLOC_2149_GEOMETRY_TO_PROJECTION_MAP.csv,1812,87f48dd26c3d3fe806db02e481b4f6c746d2534dc54477b38b16e8b22e6693aa
residuals,source-intake/mts_residuals/P8_Y5_PARENT_QLOC_2149_NEXT_TARGET.csv,research-ledger/files/residuals/8d/P8_Y5_PARENT_QLOC_2149_NEXT_TARGET.csv,828,07be7106be2e5cdaa454bfb2b9347ff351e9079aa0458f097252eed64fbe13fe
residuals,source-intake/mts_residuals/P8_Y5_PARENT_QLOC_2149_RESPONSE_OPERATOR_STATUS.csv,research-ledger/files/residuals/41/P8_Y5_PARENT_QLOC_2149_RESPONSE_OPERATOR_STATUS.csv,1738,7678401307fc6efba21e9a64a6f18a2edcadb3c5f64cb6e39d0a032b814104b4
residuals,source-intake/mts_residuals/P8_Y5_PARENT_QLOC_2149_SOURCE_REGISTER.csv,research-ledger/files/residuals/e5/P8_Y5_PARENT_QLOC_2149_SOURCE_REGISTER.csv,4872,4e6b84e1e10763890705723d5c2b54cb0f51c9397a57490f90bb6fae75bf49b3
residuals,source-intake/mts_residuals/P8_Y5_PARENT_QLOC_2150_BRANCH_COPIES.csv,research-ledger/files/residuals/bd/P8_Y5_PARENT_QLOC_2150_BRANCH_COPIES.csv,1187,4b78578f1f122ca608498e8266288d792ee7033d964df6d3fb97fe670a693367
residuals,source-intake/mts_residuals/P8_Y5_PARENT_QLOC_2150_DECISION_LEDGER.csv,research-ledger/files/residuals/9b/P8_Y5_PARENT_QLOC_2150_DECISION_LEDGER.csv,1496,642bc7bf54385a26d5de170a5d16a09243d3a73811eb05a353fb11c9216371ea
residuals,source-intake/mts_residuals/P8_Y5_PARENT_QLOC_2150_EH_HANDOFF.csv,research-ledger/files/residuals/fd/P8_Y5_PARENT_QLOC_2150_EH_HANDOFF.csv,1256,68771c7d0fee182a8360e7a6b6788287cd50e94233a3b08179c916638260f891
residuals,source-intake/mts_residuals/P8_Y5_PARENT_QLOC_2150_FRONTIER_CHAIN.csv,research-ledger/files/residuals/13/P8_Y5_PARENT_QLOC_2150_FRONTIER_CHAIN.csv,3240,e3a98f88f156d51cfbe64ecbda43d90ca857e6bf6711fb6948475bc0fe947959
residuals,source-intake/mts_residuals/P8_Y5_PARENT_QLOC_2150_NEXT_TARGET.csv,research-ledger/files/residuals/82/P8_Y5_PARENT_QLOC_2150_NEXT_TARGET.csv,811,fb43173842e36bdd5dfa5fee0715281c6e08f3110dfba82c6c3e8f4d6d63c5d3
residuals,source-intake/mts_residuals/P8_Y5_PARENT_QLOC_2150_PWEP_STATUS.csv,research-ledger/files/residuals/9e/P8_Y5_PARENT_QLOC_2150_PWEP_STATUS.csv,1651,642baaf1e46f7fc392d359a5922af7f045b80680da9e48e117b36e0b85ab853e
residuals,source-intake/mts_residuals/P8_Y5_PARENT_QLOC_2150_SOURCE_REGISTER.csv,research-ledger/files/residuals/f4/P8_Y5_PARENT_QLOC_2150_SOURCE_REGISTER.csv,3460,8499ece51f85dc5aad6020242630cb0ea69c801e5e5afc602dade66e4e3e7656
residuals,source-intake/mts_residuals/P8_Y5_PARENT_QLOC_2151_BRANCH_COPIES.csv,research-ledger/files/residuals/15/P8_Y5_PARENT_QLOC_2151_BRANCH_COPIES.csv,1199,e6738a6bb7dfc1934bccfcdee75af331e456d9ad3f98ad6637429d003f68657b
residuals,source-intake/mts_residuals/P8_Y5_PARENT_QLOC_2151_DECISION_LEDGER.csv,research-ledger/files/residuals/7f/P8_Y5_PARENT_QLOC_2151_DECISION_LEDGER.csv,1612,7724556c83f365afa7aa7e02883df6f7ca541f99d47945927e1ec6f5310ea8c2
residuals,source-intake/mts_residuals/P8_Y5_PARENT_QLOC_2151_FB5540_SOURCE_ROW_RUNNER.csv,research-ledger/files/residuals/32/P8_Y5_PARENT_QLOC_2151_FB5540_SOURCE_ROW_RUNNER.csv,2127,d6c3367928750ddaff5aacc56453c5158e0846f6553a0aebb5db312ef0cc4ba8
residuals,source-intake/mts_residuals/P8_Y5_PARENT_QLOC_2151_FB5540_SOURCE_ROW_SCHEMA.csv,research-ledger/files/residuals/45/P8_Y5_PARENT_QLOC_2151_FB5540_SOURCE_ROW_SCHEMA.csv,2819,d09b5fa01128a0d866d649e54960185ba2a0f9a6759a28aeffd4c4b63dc77237
residuals,source-intake/mts_residuals/P8_Y5_PARENT_QLOC_2151_GR_BRIDGE_STATUS.csv,research-ledger/files/residuals/24/P8_Y5_PARENT_QLOC_2151_GR_BRIDGE_STATUS.csv,1271,c105fee812d4de140a025776f47483bee830f033778c732b17952084b233af9f
residuals,source-intake/mts_residuals/P8_Y5_PARENT_QLOC_2151_NEXT_TARGET.csv,research-ledger/files/residuals/b6/P8_Y5_PARENT_QLOC_2151_NEXT_TARGET.csv,788,a05dd9ce87f49493725256a727bf93c3137e9ed8c99c6b9c36b48f8c0e27e545
residuals,source-intake/mts_residuals/P8_Y5_PARENT_QLOC_2151_OWNER_CLAUSES.csv,research-ledger/files/residuals/58/P8_Y5_PARENT_QLOC_2151_OWNER_CLAUSES.csv,3222,62f6bbb0cdc8ec6cba7eeeef24119199d684f00961c790438fbce6ed365af73c
residuals,source-intake/mts_residuals/P8_Y5_PARENT_QLOC_2151_ROUTE_TESTS.csv,research-ledger/files/residuals/2e/P8_Y5_PARENT_QLOC_2151_ROUTE_TESTS.csv,2415,a312476ca1e82c9521326ab0bc76b90a8e64f2274cc8c4f6968069e1b585c0e7
residuals,source-intake/mts_residuals/P8_Y5_PARENT_QLOC_2151_SOURCE_REGISTER.csv,research-ledger/files/residuals/1b/P8_Y5_PARENT_QLOC_2151_SOURCE_REGISTER.csv,3356,448ad9e2355db20292ce62140e6677b518ec81d43e1557313a4433fff2375582
residuals,source-intake/mts_residuals/P8_Y5_PARENT_QLOC_2152_BOUNDARY_DOMAIN_CERTIFICATE.csv,research-ledger/files/residuals/74/P8_Y5_PARENT_QLOC_2152_BOUNDARY_DOMAIN_CERTIFICATE.csv,2421,63894d593ba0e9befa56bb52aa3e7ee8400d35ca94c2be8db7d2c941448b4444
residuals,source-intake/mts_residuals/P8_Y5_PARENT_QLOC_2152_BOUNDARY_EXACTNESS_CLAUSES.csv,research-ledger/files/residuals/c6/P8_Y5_PARENT_QLOC_2152_BOUNDARY_EXACTNESS_CLAUSES.csv,2177,7a856a66ec14ba11b9f1f05388bec966598bd5e50c1118a6d0db37a386e80000
residuals,source-intake/mts_residuals/P8_Y5_PARENT_QLOC_2152_BRANCH_COPIES.csv,research-ledger/files/residuals/ed/P8_Y5_PARENT_QLOC_2152_BRANCH_COPIES.csv,1199,b84f6272dfaf7b0a6f3326941730850d68b09bc7515e0a0d6b2efcd2558d772b
residuals,source-intake/mts_residuals/P8_Y5_PARENT_QLOC_2152_DECISION_LEDGER.csv,research-ledger/files/residuals/83/P8_Y5_PARENT_QLOC_2152_DECISION_LEDGER.csv,1627,ae7791dd98527f559830fa220cbcf8b75d0333fee8ba29a1e7b9a3727e4a743d
residuals,source-intake/mts_residuals/P8_Y5_PARENT_QLOC_2152_GR_BRIDGE_STATUS.csv,research-ledger/files/residuals/d4/P8_Y5_PARENT_QLOC_2152_GR_BRIDGE_STATUS.csv,1357,2b8de8b857b3a473df6d6a2db9da919c5ea478b91da1ba5516144491ca24d84d
residuals,source-intake/mts_residuals/P8_Y5_PARENT_QLOC_2152_NEXT_TARGET.csv,research-ledger/files/residuals/f3/P8_Y5_PARENT_QLOC_2152_NEXT_TARGET.csv,712,381f07ece0813de5bcb207838f51fb67d8b1d5d145691eb824ee6eb3f174df8f
residuals,source-intake/mts_residuals/P8_Y5_PARENT_QLOC_2152_PROJECTOR_ORTHOGONALITY_CLAUSES.csv,research-ledger/files/residuals/9c/P8_Y5_PARENT_QLOC_2152_PROJECTOR_ORTHOGONALITY_CLAUSES.csv,2272,fbf9a73dcc8b6c9f1daae84a9d3afb56010d05eab58e5b081e2797de124cc87d
residuals,source-intake/mts_residuals/P8_Y5_PARENT_QLOC_2152_ROUTE_VERDICTS.csv,research-ledger/files/residuals/62/P8_Y5_PARENT_QLOC_2152_ROUTE_VERDICTS.csv,1679,1167fa24ab6884b63db41253c7111c7d3e26db3271b8b523d0fd50ff902fd245
residuals,source-intake/mts_residuals/P8_Y5_PARENT_QLOC_2152_SOURCE_PACK_SCHEMA.csv,research-ledger/files/residuals/9b/P8_Y5_PARENT_QLOC_2152_SOURCE_PACK_SCHEMA.csv,2519,619fb622b65cf15c41e03b6532d931f1f51b24ec2b3b8f03330bac4c1de81b91
residuals,source-intake/mts_residuals/P8_Y5_PARENT_QLOC_2152_SOURCE_REGISTER.csv,research-ledger/files/residuals/47/P8_Y5_PARENT_QLOC_2152_SOURCE_REGISTER.csv,3709,28e25264fd55225a2e504fda251083e7e03edbd0690312b2fbfa989ac8bcdd08
residuals,source-intake/mts_residuals/P8_Y5_PARENT_QLOC_2152_WEIGHTED_STOKES_THEOREM_AND_BOUND.csv,research-ledger/files/residuals/34/P8_Y5_PARENT_QLOC_2152_WEIGHTED_STOKES_THEOREM_AND_BOUND.csv,2501,c96d779f2cd6d03fd473e67bc956c5457639ca087979e9e7be2a7e4eeff08aa0
residuals,source-intake/mts_residuals/P8_Y5_PARENT_QLOC_2153_BRANCH_COPIES.csv,research-ledger/files/residuals/72/P8_Y5_PARENT_QLOC_2153_BRANCH_COPIES.csv,1187,81852dcdeb324f97367959207eca7b8ccfc30456206ce788a1c574ebfefd26cc
residuals,source-intake/mts_residuals/P8_Y5_PARENT_QLOC_2153_BX_PRIMITIVE_GATES.csv,research-ledger/files/residuals/e9/P8_Y5_PARENT_QLOC_2153_BX_PRIMITIVE_GATES.csv,2332,12ce4f9be139b0a72b001aa755fb45d8fc79b0e55e13f387bd3fe9c4d2e0032e
residuals,source-intake/mts_residuals/P8_Y5_PARENT_QLOC_2153_CLAIM_GATE.csv,research-ledger/files/residuals/ed/P8_Y5_PARENT_QLOC_2153_CLAIM_GATE.csv,1361,c89f2a7a48a5ff101c4b43be9ae0ac2a3213e0137b735cc34d6032098685f5a9
residuals,source-intake/mts_residuals/P8_Y5_PARENT_QLOC_2153_DECISION_LEDGER.csv,research-ledger/files/residuals/64/P8_Y5_PARENT_QLOC_2153_DECISION_LEDGER.csv,1538,8c358e48fbee53968d225bb1db30c1aac5741818457f39998f5b36f14045eba9
residuals,source-intake/mts_residuals/P8_Y5_PARENT_QLOC_2153_EDGE_BOUND_FILL_SCHEMA.csv,research-ledger/files/residuals/bb/P8_Y5_PARENT_QLOC_2153_EDGE_BOUND_FILL_SCHEMA.csv,2049,42a588793b9e67943bc64e3dbded943eaa1441a1bd64869a7fffa3938b1784bd
residuals,source-intake/mts_residuals/P8_Y5_PARENT_QLOC_2153_GR_BRIDGE_STATUS.csv,research-ledger/files/residuals/d4/P8_Y5_PARENT_QLOC_2153_GR_BRIDGE_STATUS.csv,1492,b009dcfa92c7ebc3dac7c36160c0ff9c32997deb38173870445c7a0877406d9c
residuals,source-intake/mts_residuals/P8_Y5_PARENT_QLOC_2153_NEXT_TARGET.csv,research-ledger/files/residuals/b3/P8_Y5_PARENT_QLOC_2153_NEXT_TARGET.csv,746,1c23f309fed3692ab9339471519f7d048717eda3c7d1487fdcf1ac8fcaf830ff
residuals,source-intake/mts_residuals/P8_Y5_PARENT_QLOC_2153_PARENT_VARIATION_TEMPLATE.csv,research-ledger/files/residuals/9e/P8_Y5_PARENT_QLOC_2153_PARENT_VARIATION_TEMPLATE.csv,2479,3a768d8b0526c80ac21e29ae083cf59137abbcff65e466074efb2a72cf5af68d
residuals,source-intake/mts_residuals/P8_Y5_PARENT_QLOC_2153_ROUTE_VERDICTS.csv,research-ledger/files/residuals/39/P8_Y5_PARENT_QLOC_2153_ROUTE_VERDICTS.csv,1468,ef32110579eac308cc1e43bb63a0b89ede81ffd9a912cf82b52972408c020903
residuals,source-intake/mts_residuals/P8_Y5_PARENT_QLOC_2153_SCALAR_BRANCH_SEPARATION.csv,research-ledger/files/residuals/14/P8_Y5_PARENT_QLOC_2153_SCALAR_BRANCH_SEPARATION.csv,1453,135702da608c19aa7de7751fac9833774b5828e220ebc0d5a667a66a470ee671
residuals,source-intake/mts_residuals/P8_Y5_PARENT_QLOC_2153_SOURCE_REGISTER.csv,research-ledger/files/residuals/ef/P8_Y5_PARENT_QLOC_2153_SOURCE_REGISTER.csv,3599,611dcbff2d41417b40a3abb14dbece829a3d893834df2018b952e8c346522b0f
residuals,source-intake/mts_residuals/P8_Y5_PARENT_QLOC_2154_BRANCH_COPIES.csv,research-ledger/files/residuals/eb/P8_Y5_PARENT_QLOC_2154_BRANCH_COPIES.csv,1202,afc8be6b6b21aa0781d6d846c048a82b68da03a34ee5ff4e26f87444c33cb36f
residuals,source-intake/mts_residuals/P8_Y5_PARENT_QLOC_2154_BRANCH_DECISION_MATRIX.csv,research-ledger/files/residuals/ef/P8_Y5_PARENT_QLOC_2154_BRANCH_DECISION_MATRIX.csv,1458,8b812d1328ca8745cff1ae5735e77c7b7e50da8cabdcd7e684e8826c0fd02010
residuals,source-intake/mts_residuals/P8_Y5_PARENT_QLOC_2154_CLAIM_GATE.csv,research-ledger/files/residuals/af/P8_Y5_PARENT_QLOC_2154_CLAIM_GATE.csv,1388,b5fb4eced8fb5700965b65a647d55a7c7921a5d4df166b88ec36ee79f5e3af32
residuals,source-intake/mts_residuals/P8_Y5_PARENT_QLOC_2154_COUPLING_DESCENT_AUDIT.csv,research-ledger/files/residuals/86/P8_Y5_PARENT_QLOC_2154_COUPLING_DESCENT_AUDIT.csv,1736,a260e22a2b5dee17099a1fac42f28f10d5b0d65db8a647d178a2bd275bd3d82f
residuals,source-intake/mts_residuals/P8_Y5_PARENT_QLOC_2154_DECISION_LEDGER.csv,research-ledger/files/residuals/95/P8_Y5_PARENT_QLOC_2154_DECISION_LEDGER.csv,1659,3d94812f02c680f7b10514a4a1f69c5d681475db5086974f531668b173aef810
residuals,source-intake/mts_residuals/P8_Y5_PARENT_QLOC_2154_DEMOTION_LEDGER.csv,research-ledger/files/residuals/08/P8_Y5_PARENT_QLOC_2154_DEMOTION_LEDGER.csv,1382,c53123901a40e186e1a362baee08cac90d400a388be5118ab8af852627869ef0
residuals,source-intake/mts_residuals/P8_Y5_PARENT_QLOC_2154_FALLBACK_SOURCE_ROWS.csv,research-ledger/files/residuals/d6/P8_Y5_PARENT_QLOC_2154_FALLBACK_SOURCE_ROWS.csv,1609,02c581443fce6f75760cbc60e3b7daf23095fd584d12668f7dbefabb5c514177
residuals,source-intake/mts_residuals/P8_Y5_PARENT_QLOC_2154_GR_BRIDGE_STATUS.csv,research-ledger/files/residuals/99/P8_Y5_PARENT_QLOC_2154_GR_BRIDGE_STATUS.csv,1481,e8790ee35f6e4d514d71a90c4502c64e3937c5c2a4f7d4deffa011d9d40d6d96
residuals,source-intake/mts_residuals/P8_Y5_PARENT_QLOC_2154_NEXT_TARGET.csv,research-ledger/files/residuals/f8/P8_Y5_PARENT_QLOC_2154_NEXT_TARGET.csv,1133,bff43182a448447514f2392e9a0beae08ea1693b1653e2700ea5d97df663e379
residuals,source-intake/mts_residuals/P8_Y5_PARENT_QLOC_2154_QVX_ACTION_DESCENT_CERTIFICATE.csv,research-ledger/files/residuals/a1/P8_Y5_PARENT_QLOC_2154_QVX_ACTION_DESCENT_CERTIFICATE.csv,4208,47cd8dc1cb81b2424f623a7631e1a12b6bb40feab16871bcb76cdf292dd7940c
residuals,source-intake/mts_residuals/P8_Y5_PARENT_QLOC_2154_SCALAR_NOHAIR_INPUT_PACK.csv,research-ledger/files/residuals/46/P8_Y5_PARENT_QLOC_2154_SCALAR_NOHAIR_INPUT_PACK.csv,1694,fe491c200921f33787c6ea363d63591d982760c86fbf4b8c0121952af3d91836
residuals,source-intake/mts_residuals/P8_Y5_PARENT_QLOC_2154_SOURCE_REGISTER.csv,research-ledger/files/residuals/51/P8_Y5_PARENT_QLOC_2154_SOURCE_REGISTER.csv,3608,9ae83cca29758b404592194c199fcbb68bc6cf5751b80c56e31c2d19e797a689
residuals,source-intake/mts_residuals/P8_Y5_PARENT_QLOC_2155_ALPHA_COEFFICIENT_ROWS.csv,research-ledger/files/residuals/d4/P8_Y5_PARENT_QLOC_2155_ALPHA_COEFFICIENT_ROWS.csv,1957,fcc330d5d63e45b0f1cda084f01d035aa686033bcda438f9a552b4291dc613a9
residuals,source-intake/mts_residuals/P8_Y5_PARENT_QLOC_2155_ALPHA_RUNNER_REFUSAL.csv,research-ledger/files/residuals/ce/P8_Y5_PARENT_QLOC_2155_ALPHA_RUNNER_REFUSAL.csv,1598,ad0c6f442984a6852544f8124ffa14beb1497882cb47e813de31e12d15480bf4
residuals,source-intake/mts_residuals/P8_Y5_PARENT_QLOC_2155_BRANCH_COPIES.csv,research-ledger/files/residuals/ce/P8_Y5_PARENT_QLOC_2155_BRANCH_COPIES.csv,1183,302f62de9ee206cf90b4b444678100291bee4493caeef607ac5de7e6233e06a1
residuals,source-intake/mts_residuals/P8_Y5_PARENT_QLOC_2155_BRANCH_VERDICTS.csv,research-ledger/files/residuals/c2/P8_Y5_PARENT_QLOC_2155_BRANCH_VERDICTS.csv,1596,545de638b775d49b608217a91dad80bfbaf000bf4036e0c891830f9a9709d9bd
residuals,source-intake/mts_residuals/P8_Y5_PARENT_QLOC_2155_CLAIM_GATE.csv,research-ledger/files/residuals/bf/P8_Y5_PARENT_QLOC_2155_CLAIM_GATE.csv,1714,46bd5c40d46e191bbe10a4684fa999fb80469f256681eec4c560d23ed55fb945
residuals,source-intake/mts_residuals/P8_Y5_PARENT_QLOC_2155_DECISION_LEDGER.csv,research-ledger/files/residuals/16/P8_Y5_PARENT_QLOC_2155_DECISION_LEDGER.csv,1435,83adb351d0edde0017bff35e329a09049c73d83fd679bf988e4fab373090cbaf
residuals,source-intake/mts_residuals/P8_Y5_PARENT_QLOC_2155_NEXT_TARGET.csv,research-ledger/files/residuals/ef/P8_Y5_PARENT_QLOC_2155_NEXT_TARGET.csv,708,2bc3c6f965b359d76b6f06cdcb8765ad942c69f81436e3158f2989af9efa96a9
residuals,source-intake/mts_residuals/P8_Y5_PARENT_QLOC_2155_PARENT_SCALAR_OWNER_AUDIT.csv,research-ledger/files/residuals/c3/P8_Y5_PARENT_QLOC_2155_PARENT_SCALAR_OWNER_AUDIT.csv,2057,9548ef050ceba52e8c3e6e50dbcd5665bd2e1342cf03c082ffeffb1b3254dff6
residuals,source-intake/mts_residuals/P8_Y5_PARENT_QLOC_2155_POSITIVE_NOHAIR_CONTRACT.csv,research-ledger/files/residuals/de/P8_Y5_PARENT_QLOC_2155_POSITIVE_NOHAIR_CONTRACT.csv,1754,2f6a80a71cb337398b1e5de8a6314ff15f47e280e3adf3171056a4b4bc1da079
residuals,source-intake/mts_residuals/P8_Y5_PARENT_QLOC_2155_POSITIVE_OPERATOR_PACK.csv,research-ledger/files/residuals/33/P8_Y5_PARENT_QLOC_2155_POSITIVE_OPERATOR_PACK.csv,1519,fb21b1e2ab5f5ab77cfaf96d7a72012f54a0fddc182b8fdfd20b2f093f407ee1
residuals,source-intake/mts_residuals/P8_Y5_PARENT_QLOC_2155_SCALAR_INPUT_ASSESSMENT.csv,research-ledger/files/residuals/92/P8_Y5_PARENT_QLOC_2155_SCALAR_INPUT_ASSESSMENT.csv,3007,282a8b2f4722a0a8a898aa151227f0ae95339aab582d710c5ffc0e2862505b90
residuals,source-intake/mts_residuals/P8_Y5_PARENT_QLOC_2155_SOURCE_REGISTER.csv,research-ledger/files/residuals/24/P8_Y5_PARENT_QLOC_2155_SOURCE_REGISTER.csv,3639,38953b6e585d128034698964b9275d5a5dccb7efa5cb0a7514546d7561779382
residuals,source-intake/mts_residuals/P8_Y5_PARENT_QLOC_2155_SOURCE_SILENCE_AUDIT.csv,research-ledger/files/residuals/8e/P8_Y5_PARENT_QLOC_2155_SOURCE_SILENCE_AUDIT.csv,1628,98d10876740eef30a69b8458f34a88c894f97cebab7871453778e159891d974a
residuals,source-intake/mts_residuals/P8_Y5_PARENT_QLOC_2156_ALPHA_SOURCE_ROW_TEMPLATE.csv,research-ledger/files/residuals/a9/P8_Y5_PARENT_QLOC_2156_ALPHA_SOURCE_ROW_TEMPLATE.csv,2709,e35141502f3653bace90b177aede55c49a46985da4056880a6273df39b146258
residuals,source-intake/mts_residuals/P8_Y5_PARENT_QLOC_2156_BRANCH_COPIES.csv,research-ledger/files/residuals/ea/P8_Y5_PARENT_QLOC_2156_BRANCH_COPIES.csv,1198,71fefc270ac0bc38013b5daf2076830b73abebb2d621f87ea5224da7868308bf
residuals,source-intake/mts_residuals/P8_Y5_PARENT_QLOC_2156_BRANCH_VERDICTS.csv,research-ledger/files/residuals/4a/P8_Y5_PARENT_QLOC_2156_BRANCH_VERDICTS.csv,2330,d4dbc61f4d0007f37771fbe53ad4e534e0fb82caf2541db52fbb17a99f3b2d2e
residuals,source-intake/mts_residuals/P8_Y5_PARENT_QLOC_2156_CLAIM_GATE.csv,research-ledger/files/residuals/5a/P8_Y5_PARENT_QLOC_2156_CLAIM_GATE.csv,1515,cc58b362b97ceb5831fef61d05de68bad863fcfa41229c6eef98f59592a077d8
residuals,source-intake/mts_residuals/P8_Y5_PARENT_QLOC_2156_DECISION_LEDGER.csv,research-ledger/files/residuals/d2/P8_Y5_PARENT_QLOC_2156_DECISION_LEDGER.csv,1613,4e1cd2f3b7f82c6a6f0fcb8374080e28ac908dd2d41a5992b4a25d2b59c7d182
residuals,source-intake/mts_residuals/P8_Y5_PARENT_QLOC_2156_DIRECT_PRODUCT_BRIDGE.csv,research-ledger/files/residuals/81/P8_Y5_PARENT_QLOC_2156_DIRECT_PRODUCT_BRIDGE.csv,913,3b9462dcd705e8ac039cd49994e58f65b3bf9039d79ca37d33a62f4d66a3a2e8
residuals,source-intake/mts_residuals/P8_Y5_PARENT_QLOC_2156_FIELD_NORMALIZATION_LOCKS.csv,research-ledger/files/residuals/6e/P8_Y5_PARENT_QLOC_2156_FIELD_NORMALIZATION_LOCKS.csv,1637,177da3614573db8a7fd42807119a1773fa4538ac6660863efb5e56f2e0da196c
residuals,source-intake/mts_residuals/P8_Y5_PARENT_QLOC_2156_NEXT_TARGET.csv,research-ledger/files/residuals/ea/P8_Y5_PARENT_QLOC_2156_NEXT_TARGET.csv,1115,3ce343b11842a9bbe9950a3708c285893b28d3b91f907d5fc6cf31cde9d11e5e
residuals,source-intake/mts_residuals/P8_Y5_PARENT_QLOC_2156_PARENT_HESSIAN_AUDIT.csv,research-ledger/files/residuals/c7/P8_Y5_PARENT_QLOC_2156_PARENT_HESSIAN_AUDIT.csv,3265,ba8a7471ec14b9bfbb296902055289bbb1776d6b7f9746b00815c40673c6f342
residuals,source-intake/mts_residuals/P8_Y5_PARENT_QLOC_2156_PARENT_XHAT_ACTION_CLAUSE.csv,research-ledger/files/residuals/68/P8_Y5_PARENT_QLOC_2156_PARENT_XHAT_ACTION_CLAUSE.csv,1963,651918f8edcf2aa916462cbd21ac4c76162edfb2b8080dc61a3cc7409cd4b986
residuals,source-intake/mts_residuals/P8_Y5_PARENT_QLOC_2156_SECOND_VARIATION_DERIVATION.csv,research-ledger/files/residuals/ee/P8_Y5_PARENT_QLOC_2156_SECOND_VARIATION_DERIVATION.csv,2936,1a747fbb9fa787cd05f6bb5256f51225461bd47eb6a22eaa33d1922f0e78e178
residuals,source-intake/mts_residuals/P8_Y5_PARENT_QLOC_2156_SOURCE_REGISTER.csv,research-ledger/files/residuals/0d/P8_Y5_PARENT_QLOC_2156_SOURCE_REGISTER.csv,3571,f91923fded2022388fb5927d0db1769e0db359e91990ac48f5e4e02bff44607f
residuals,source-intake/mts_residuals/P8_Y5_PARENT_QLOC_2157_BOUNDED_COUPLING_HANDOFF.csv,research-ledger/files/residuals/c0/P8_Y5_PARENT_QLOC_2157_BOUNDED_COUPLING_HANDOFF.csv,1911,8d94d16f4ad0eeb63cc220d2cbb8c307a4f9eb6cc1786dd7b43b2140ac2a5ef7
residuals,source-intake/mts_residuals/P8_Y5_PARENT_QLOC_2157_BRANCH_COPIES.csv,research-ledger/files/residuals/fd/P8_Y5_PARENT_QLOC_2157_BRANCH_COPIES.csv,1207,b81305421271ab51f6ba456c4688df815e1bb1c0d0651503d1970dddbd3c5f74
residuals,source-intake/mts_residuals/P8_Y5_PARENT_QLOC_2157_CLAIM_GATE.csv,research-ledger/files/residuals/0e/P8_Y5_PARENT_QLOC_2157_CLAIM_GATE.csv,1564,c215f20625bc13a84cf17a4c6f19c1ec9c9952614a907ecfc1a6803ac6b856eb
residuals,source-intake/mts_residuals/P8_Y5_PARENT_QLOC_2157_DECISION_LEDGER.csv,research-ledger/files/residuals/de/P8_Y5_PARENT_QLOC_2157_DECISION_LEDGER.csv,1676,8f72841d6397c7cd75d62ce999b67c510e920a8c99e9ae39fe9db408750093d3
residuals,source-intake/mts_residuals/P8_Y5_PARENT_QLOC_2157_FINITE_ROUTE_DECISION.csv,research-ledger/files/residuals/e0/P8_Y5_PARENT_QLOC_2157_FINITE_ROUTE_DECISION.csv,1825,e0fce2a92ce3d36ebcc47a9215ebf7758c3c8dbb965f2b1b9bba00da99ee6c4f
residuals,source-intake/mts_residuals/P8_Y5_PARENT_QLOC_2157_NEXT_TARGET.csv,research-ledger/files/residuals/ea/P8_Y5_PARENT_QLOC_2157_NEXT_TARGET.csv,1146,afc515c79062db37109b89586c45cbf0ef1bdc6963b7a52468606690c2f1ec7c
residuals,source-intake/mts_residuals/P8_Y5_PARENT_QLOC_2157_PARENT_METRIC_LOCK_ATTEMPT.csv,research-ledger/files/residuals/e8/P8_Y5_PARENT_QLOC_2157_PARENT_METRIC_LOCK_ATTEMPT.csv,2732,56a9c659873e83eecb7eb7b63297e5fff90fe1f0378d6fbbfa02195a39bec0a2
residuals,source-intake/mts_residuals/P8_Y5_PARENT_QLOC_2157_RESCALING_DEGENERACY_AUDIT.csv,research-ledger/files/residuals/37/P8_Y5_PARENT_QLOC_2157_RESCALING_DEGENERACY_AUDIT.csv,1940,f651258d3e52c34bcb71040becf1c052a444bb7962da2094eeedafd446b1f21e
residuals,source-intake/mts_residuals/P8_Y5_PARENT_QLOC_2157_SOURCE_REGISTER.csv,research-ledger/files/residuals/0b/P8_Y5_PARENT_QLOC_2157_SOURCE_REGISTER.csv,4508,c8e02178a95991933cf36eabec94a7af18a22cfa990664d748fddfca9924663d
residuals,source-intake/mts_residuals/P8_Y5_PARENT_QLOC_2157_SOURCE_ZERO_RETURN.csv,research-ledger/files/residuals/70/P8_Y5_PARENT_QLOC_2157_SOURCE_ZERO_RETURN.csv,1894,a49a323645f5984c8efb21067d78e63787be068e75f0f1df05a05022fc28d434
residuals,source-intake/mts_residuals/P8_Y5_PARENT_QLOC_2157_TRACE_EIGENVALUE_THEOREM_ATTEMPT.csv,research-ledger/files/residuals/e2/P8_Y5_PARENT_QLOC_2157_TRACE_EIGENVALUE_THEOREM_ATTEMPT.csv,2537,fd7966dd24879c04f83a18d63a2a71c450cd2404337affcd412d7874c6ee142d
residuals,source-intake/mts_residuals/P8_Y5_PARENT_QLOC_2158_ARENA_PROJECTION_ROWS.csv,research-ledger/files/residuals/44/P8_Y5_PARENT_QLOC_2158_ARENA_PROJECTION_ROWS.csv,2028,0dcf67e17c57adf60f8a26b3b6042a8d4c8e12c79d6539696e452bd063844966
residuals,source-intake/mts_residuals/P8_Y5_PARENT_QLOC_2158_BOUNDED_COUPLING_COMPONENT_PACK.csv,research-ledger/files/residuals/e9/P8_Y5_PARENT_QLOC_2158_BOUNDED_COUPLING_COMPONENT_PACK.csv,6034,0f8a3d046caaa8c03915604251b7b4806c33830f27d5e670729584a11085806c
residuals,source-intake/mts_residuals/P8_Y5_PARENT_QLOC_2158_BRANCH_COPIES.csv,research-ledger/files/residuals/56/P8_Y5_PARENT_QLOC_2158_BRANCH_COPIES.csv,1209,b0f60ae2b7528f75130d559b4a3a8cd359b7d1d9d5e478a30940d456bec9cf3f
residuals,source-intake/mts_residuals/P8_Y5_PARENT_QLOC_2158_CLAIM_GATE.csv,research-ledger/files/residuals/41/P8_Y5_PARENT_QLOC_2158_CLAIM_GATE.csv,1341,25a78709b2c3e47f1327c170f2aaec819e9b53b82e85deac033429dcbec40730
residuals,source-intake/mts_residuals/P8_Y5_PARENT_QLOC_2158_DECISION_LEDGER.csv,research-ledger/files/residuals/2f/P8_Y5_PARENT_QLOC_2158_DECISION_LEDGER.csv,1606,87e64eb17b06e67ba0fa66fe8b1df3828d600a2fb5d9dcacb4c383c17c0418bc
residuals,source-intake/mts_residuals/P8_Y5_PARENT_QLOC_2158_JX_QBARXT_DECOMPOSITION.csv,research-ledger/files/residuals/1a/P8_Y5_PARENT_QLOC_2158_JX_QBARXT_DECOMPOSITION.csv,2802,5cb2a75962f376e7ec012269046f515fe16792ca960e9778d644bfbbf77c203c
residuals,source-intake/mts_residuals/P8_Y5_PARENT_QLOC_2158_LOCAL_GR_SOURCE_SILENCE_GATE.csv,research-ledger/files/residuals/2e/P8_Y5_PARENT_QLOC_2158_LOCAL_GR_SOURCE_SILENCE_GATE.csv,1580,4b63352fec0d186944babba638b881572f461557c1cf8786ee702fb972f69fec
residuals,source-intake/mts_residuals/P8_Y5_PARENT_QLOC_2158_NEXT_TARGET.csv,research-ledger/files/residuals/06/P8_Y5_PARENT_QLOC_2158_NEXT_TARGET.csv,1178,68ccbd2c9b1d5558b7d64f95785fd9a905dd98a47f4aad7027661f630f3c859d
residuals,source-intake/mts_residuals/P8_Y5_PARENT_QLOC_2158_REFUSAL_RUNNER.csv,research-ledger/files/residuals/bf/P8_Y5_PARENT_QLOC_2158_REFUSAL_RUNNER.csv,1311,1e52cac52bb37caa0ce9e28fc6fdc9ea19910e3fc192f6d62b5835de06010253
residuals,source-intake/mts_residuals/P8_Y5_PARENT_QLOC_2158_SOURCE_REGISTER.csv,research-ledger/files/residuals/7a/P8_Y5_PARENT_QLOC_2158_SOURCE_REGISTER.csv,4969,4e2d6eb5d087e028a8c47b7b1107ba06b89edda62cef1a3ef4caa43649114950
residuals,source-intake/mts_residuals/P8_Y5_PARENT_QLOC_2158_SOURCE_ZERO_IDENTITY.csv,research-ledger/files/residuals/0d/P8_Y5_PARENT_QLOC_2158_SOURCE_ZERO_IDENTITY.csv,2426,fa8cc7885a2c4696d9b1b02f1f059c15aa6e1acb3627481857ebf9829f5a50be
residuals,source-intake/mts_residuals/P8_Y5_PARENT_QLOC_2158_SOURCE_ZERO_PREMISE_GATE.csv,research-ledger/files/residuals/8b/P8_Y5_PARENT_QLOC_2158_SOURCE_ZERO_PREMISE_GATE.csv,2521,14fde9a1f474c217ee6521656a09ee2b3035784e050056f1168b8c98416a4733
residuals,source-intake/mts_residuals/P8_Y5_PARENT_QLOC_2159_BRANCH_COPIES.csv,research-ledger/files/residuals/6b/P8_Y5_PARENT_QLOC_2159_BRANCH_COPIES.csv,1192,0bbb2f9959d41fd7395fed88cc0e7be06d9a54c9ddce3b2898d36349fb0286fb
residuals,source-intake/mts_residuals/P8_Y5_PARENT_QLOC_2159_CG_PPN_TRANSLATION_GATE.csv,research-ledger/files/residuals/12/P8_Y5_PARENT_QLOC_2159_CG_PPN_TRANSLATION_GATE.csv,1593,9f19f1a1a216f0fb77d0eccb983e53686ec952386c83936d58b0adadafcb4184
residuals,source-intake/mts_residuals/P8_Y5_PARENT_QLOC_2159_COMPONENT_BOUND_STATUS.csv,research-ledger/files/residuals/79/P8_Y5_PARENT_QLOC_2159_COMPONENT_BOUND_STATUS.csv,1865,c23cfeda8c1c75f2c63d131cc6babb2f915ee95d0b54eceb252abb573b4c48f1
residuals,source-intake/mts_residuals/P8_Y5_PARENT_QLOC_2159_DECISION_LEDGER.csv,research-ledger/files/residuals/05/P8_Y5_PARENT_QLOC_2159_DECISION_LEDGER.csv,1527,e53cd65d68aba60d4c1609d0bc4916396e9eda542273930ab4e9815a5c57b3e7
residuals,source-intake/mts_residuals/P8_Y5_PARENT_QLOC_2159_FIRST_COUPLING_BOUND_SOURCE_ROW.csv,research-ledger/files/residuals/01/P8_Y5_PARENT_QLOC_2159_FIRST_COUPLING_BOUND_SOURCE_ROW.csv,1860,01fcb1185762f792bd51ccd3de6ec54ca25b8d6d8548d33814ce9177a54233b0
residuals,source-intake/mts_residuals/P8_Y5_PARENT_QLOC_2159_LOCAL_CLAIM_GATE.csv,research-ledger/files/residuals/72/P8_Y5_PARENT_QLOC_2159_LOCAL_CLAIM_GATE.csv,1390,35eb258ac9402e62c626253f63a6f2110acb83e329a34f20d07d6635a9967bac
residuals,source-intake/mts_residuals/P8_Y5_PARENT_QLOC_2159_MISSING_AXIOM_REDUCTION.csv,research-ledger/files/residuals/a0/P8_Y5_PARENT_QLOC_2159_MISSING_AXIOM_REDUCTION.csv,2023,6e3da3f9d2db1d4775178cfe56d1f618c1be8c71b42ce1724a88dd12bbf662ea
residuals,source-intake/mts_residuals/P8_Y5_PARENT_QLOC_2159_MOMS_SIGNATURE_ATTEMPT.csv,research-ledger/files/residuals/7f/P8_Y5_PARENT_QLOC_2159_MOMS_SIGNATURE_ATTEMPT.csv,2928,5166bcea63e5b7771ed0ab0ba563cbf06736fd50edfdf53ca2a9c773e1c11b07
residuals,source-intake/mts_residuals/P8_Y5_PARENT_QLOC_2159_NEXT_TARGET.csv,research-ledger/files/residuals/b2/P8_Y5_PARENT_QLOC_2159_NEXT_TARGET.csv,1219,61b2c145e359902a21e5f7064311761a20f01940b8d1da1e558229d0715ed93e
residuals,source-intake/mts_residuals/P8_Y5_PARENT_QLOC_2159_REFUSAL_RUNNER.csv,research-ledger/files/residuals/e8/P8_Y5_PARENT_QLOC_2159_REFUSAL_RUNNER.csv,1358,9e80dcc83af0c6682b86738cc75600e434a952af9adf257c311c58bbfc8e3b85
residuals,source-intake/mts_residuals/P8_Y5_PARENT_QLOC_2159_SOURCE_REGISTER.csv,research-ledger/files/residuals/33/P8_Y5_PARENT_QLOC_2159_SOURCE_REGISTER.csv,4484,b2498618d3eff9b6baecf7c4cf4dd4369d90be339032f042d64c02c3efcd041b
residuals,source-intake/mts_residuals/P8_Y5_PARENT_QLOC_2160_BRANCH_COPIES.csv,research-ledger/files/residuals/cd/P8_Y5_PARENT_QLOC_2160_BRANCH_COPIES.csv,1173,22eff47e9a05bbb38cbb7d124d06e98cbadae605175e1fa908095020c865dd5f
residuals,source-intake/mts_residuals/P8_Y5_PARENT_QLOC_2160_CG_BOUND_STATUS.csv,research-ledger/files/residuals/d0/P8_Y5_PARENT_QLOC_2160_CG_BOUND_STATUS.csv,1434,e486b6c59c1fb914e3dc72eaedc55a398629a37a8ed39e3fc69c1941361cce38
residuals,source-intake/mts_residuals/P8_Y5_PARENT_QLOC_2160_CLAIM_GATE.csv,research-ledger/files/residuals/65/P8_Y5_PARENT_QLOC_2160_CLAIM_GATE.csv,1453,cdc260540d42a69fd7292565ab32dece5ea9740f0f9a33d865f2fea642e69ddc
residuals,source-intake/mts_residuals/P8_Y5_PARENT_QLOC_2160_DECISION_LEDGER.csv,research-ledger/files/residuals/fc/P8_Y5_PARENT_QLOC_2160_DECISION_LEDGER.csv,1367,8aede1722051ef79b04f54eea974453b2d9bed809ee4fc9037c5e58a12d95fb8
residuals,source-intake/mts_residuals/P8_Y5_PARENT_QLOC_2160_NEXT_TARGET.csv,research-ledger/files/residuals/83/P8_Y5_PARENT_QLOC_2160_NEXT_TARGET.csv,1176,c3a659cec451722b60f60179719b55d59708e8096aea6f1e1c1ddb0301093228
residuals,source-intake/mts_residuals/P8_Y5_PARENT_QLOC_2160_NX_NORMALIZATION_GATE.csv,research-ledger/files/residuals/2b/P8_Y5_PARENT_QLOC_2160_NX_NORMALIZATION_GATE.csv,1390,fe954d75fd5e0c1e3880a3068987b9c8232c1ea4c8bdfc6b415843c827378ffc
residuals,source-intake/mts_residuals/P8_Y5_PARENT_QLOC_2160_PPN_BRANCH_CLASSIFIER.csv,research-ledger/files/residuals/55/P8_Y5_PARENT_QLOC_2160_PPN_BRANCH_CLASSIFIER.csv,1663,f3df1dff87abfcf112f92ad4ac3a31619e810388653211635ed99614ff901ff8
residuals,source-intake/mts_residuals/P8_Y5_PARENT_QLOC_2160_PPN_RESIDUAL_VECTOR_ENVELOPE.csv,research-ledger/files/residuals/9a/P8_Y5_PARENT_QLOC_2160_PPN_RESIDUAL_VECTOR_ENVELOPE.csv,1823,dee2039a97e4aba85cff3fd767814850ab7948c751017ffcbdb4779bc6d414b3
residuals,source-intake/mts_residuals/P8_Y5_PARENT_QLOC_2160_RANGE_SCREENING_TRANSFER_GATE.csv,research-ledger/files/residuals/67/P8_Y5_PARENT_QLOC_2160_RANGE_SCREENING_TRANSFER_GATE.csv,1747,c4c115a6a49ab64b49a3e575ffba49db5217ec29a69714c7ae5eb788ea854565
residuals,source-intake/mts_residuals/P8_Y5_PARENT_QLOC_2160_REFUSAL_RUNNER.csv,research-ledger/files/residuals/b0/P8_Y5_PARENT_QLOC_2160_REFUSAL_RUNNER.csv,1270,ee59ca5f30bdf2063a3f25d84548dfcca85afce9e283a29cd670f1ed8d60980a
residuals,source-intake/mts_residuals/P8_Y5_PARENT_QLOC_2160_SCALAR_TENSOR_PPN_MAP.csv,research-ledger/files/residuals/06/P8_Y5_PARENT_QLOC_2160_SCALAR_TENSOR_PPN_MAP.csv,1805,baf7ba8bc8bf1f53bba3abc89a8c2b003225d1f4da960506d8c3a69b6fbedeaf
residuals,source-intake/mts_residuals/P8_Y5_PARENT_QLOC_2160_SOURCE_REGISTER.csv,research-ledger/files/residuals/24/P8_Y5_PARENT_QLOC_2160_SOURCE_REGISTER.csv,4456,4836697ca353a39b298db6a7e071c3eebf336820ba3887afd41b9547fcc09a96
residuals,source-intake/mts_residuals/P8_Y5_PARENT_QLOC_2161_BRANCH_COPIES.csv,research-ledger/files/residuals/12/P8_Y5_PARENT_QLOC_2161_BRANCH_COPIES.csv,1197,93577da0190c5ac81c54c993416929fa403e6860590bc583514c79c4ec2dff18
residuals,source-intake/mts_residuals/P8_Y5_PARENT_QLOC_2161_CLAIM_GATE.csv,research-ledger/files/residuals/50/P8_Y5_PARENT_QLOC_2161_CLAIM_GATE.csv,1490,533668a02d4ca27f23d5ebc2a1657a0f81cfe431f7dabb94a248c07c0b3936ce
residuals,source-intake/mts_residuals/P8_Y5_PARENT_QLOC_2161_DECISION_LEDGER.csv,research-ledger/files/residuals/23/P8_Y5_PARENT_QLOC_2161_DECISION_LEDGER.csv,1479,9e239ed0d6effa9b014609dbee18ed8d88dd5fdf7d62cfa93580aa518012bccf
residuals,source-intake/mts_residuals/P8_Y5_PARENT_QLOC_2161_NEXT_TARGET.csv,research-ledger/files/residuals/30/P8_Y5_PARENT_QLOC_2161_NEXT_TARGET.csv,1136,300f706ccc8695994f496d74f55dda4dca391cfde78d8a23fed246bd0487672b
residuals,source-intake/mts_residuals/P8_Y5_PARENT_QLOC_2161_NX_LAMBDA_EXTRACTION_ATTEMPT.csv,research-ledger/files/residuals/d7/P8_Y5_PARENT_QLOC_2161_NX_LAMBDA_EXTRACTION_ATTEMPT.csv,2018,c1e2aff88a3693732cbf2d75476b2644c6c3daa498075d0a3a7938f02f907bf2
residuals,source-intake/mts_residuals/P8_Y5_PARENT_QLOC_2161_PARENT_HESSIAN_INPUT_AUDIT.csv,research-ledger/files/residuals/e7/P8_Y5_PARENT_QLOC_2161_PARENT_HESSIAN_INPUT_AUDIT.csv,1949,3e71925a3c9a387748bfd7d5a5dbdc446c7b59c5f2a7a936918c52bfc0459c4b
residuals,source-intake/mts_residuals/P8_Y5_PARENT_QLOC_2161_PPN_VECTOR_ENVELOPE.csv,research-ledger/files/residuals/14/P8_Y5_PARENT_QLOC_2161_PPN_VECTOR_ENVELOPE.csv,2435,5c59764a729acf569056c63d7f43ff042c906fcc86380ed0b96f7fff8017cf3d
residuals,source-intake/mts_residuals/P8_Y5_PARENT_QLOC_2161_REFUSAL_RUNNER.csv,research-ledger/files/residuals/c6/P8_Y5_PARENT_QLOC_2161_REFUSAL_RUNNER.csv,1346,decc7f7e7c55c1e70cada998e2d8ef4ca89db75a5f4240bd1c53847648dfd096
residuals,source-intake/mts_residuals/P8_Y5_PARENT_QLOC_2161_REQUIRED_PARENT_ACTION_CLAUSE.csv,research-ledger/files/residuals/e4/P8_Y5_PARENT_QLOC_2161_REQUIRED_PARENT_ACTION_CLAUSE.csv,2026,e4a8a0f72c110b2bfc3898d983bcdb71f807e51d1dd0ba38e75ca8174b31a5b3
residuals,source-intake/mts_residuals/P8_Y5_PARENT_QLOC_2161_SOURCE_REGISTER.csv,research-ledger/files/residuals/43/P8_Y5_PARENT_QLOC_2161_SOURCE_REGISTER.csv,3562,e6ae4cc24182334f0c3b6104c49e8c7fadcedebdc24e9b6b42ccc9502f56aa26
residuals,source-intake/mts_residuals/P8_Y5_PARENT_QLOC_2161_VECTOR_COMPONENT_STATUS.csv,research-ledger/files/residuals/42/P8_Y5_PARENT_QLOC_2161_VECTOR_COMPONENT_STATUS.csv,1690,a2bea68a7c9f39aa5d6a6dbfae4426584ba100d2616f3abf3c7c3fe9755731af
residuals,source-intake/mts_residuals/P8_Y5_PARENT_QLOC_2162_BRANCH_COPIES.csv,research-ledger/files/residuals/30/P8_Y5_PARENT_QLOC_2162_BRANCH_COPIES.csv,1200,3c2b12b7d066c680f113c0ac58d49a89363f56bfd91129a8d37fb4e73e4b9790
residuals,source-intake/mts_residuals/P8_Y5_PARENT_QLOC_2162_CLAIM_GATE.csv,research-ledger/files/residuals/25/P8_Y5_PARENT_QLOC_2162_CLAIM_GATE.csv,1866,d317139532e9c0fde19805575bc1dcbd3b4a76be1f47381e2bae2c3b8e3cd803
residuals,source-intake/mts_residuals/P8_Y5_PARENT_QLOC_2162_COMPONENT_BOUND_QUEUE.csv,research-ledger/files/residuals/82/P8_Y5_PARENT_QLOC_2162_COMPONENT_BOUND_QUEUE.csv,1334,0d46aa647311202cc091f4dfff26f25decfb3249a65f2da0abf599e452ca9742
residuals,source-intake/mts_residuals/P8_Y5_PARENT_QLOC_2162_DECISION_LEDGER.csv,research-ledger/files/residuals/96/P8_Y5_PARENT_QLOC_2162_DECISION_LEDGER.csv,1524,cd138833acb4c5118509314c8c99d654b6125fc658bb6f546cd0bef587e0a2bc
residuals,source-intake/mts_residuals/P8_Y5_PARENT_QLOC_2162_NEXT_TARGET.csv,research-ledger/files/residuals/0b/P8_Y5_PARENT_QLOC_2162_NEXT_TARGET.csv,1145,e13f494ed1e88145d212d296ffe339ff4721e8b77264cfd2a8f011217b79e994
residuals,source-intake/mts_residuals/P8_Y5_PARENT_QLOC_2162_PARENT_X_ACTION_CLAUSE_ATTEMPT.csv,research-ledger/files/residuals/23/P8_Y5_PARENT_QLOC_2162_PARENT_X_ACTION_CLAUSE_ATTEMPT.csv,2401,614e390cf259910f945d27e647699fe5083bea3ee6fa84122f16310da1822f95
residuals,source-intake/mts_residuals/P8_Y5_PARENT_QLOC_2162_PPN_VECTOR_FILL.csv,research-ledger/files/residuals/a4/P8_Y5_PARENT_QLOC_2162_PPN_VECTOR_FILL.csv,2442,0d5b33d130ec365ff566bc1ea17224dbd85c9ed9f5827195b31ce805e348d29e
residuals,source-intake/mts_residuals/P8_Y5_PARENT_QLOC_2162_REFUSAL_RUNNER.csv,research-ledger/files/residuals/09/P8_Y5_PARENT_QLOC_2162_REFUSAL_RUNNER.csv,1303,d7c7997539ee94b925274bec64deb3db6c9cf3002d42283a9b007ed565a0955f
residuals,source-intake/mts_residuals/P8_Y5_PARENT_QLOC_2162_SCALAR_OR_CONSTRAINT_FORK.csv,research-ledger/files/residuals/74/P8_Y5_PARENT_QLOC_2162_SCALAR_OR_CONSTRAINT_FORK.csv,1502,685d4e361cd080bdba0d71df7db94ed1d5341fd091e321c9af7dd3f5d64f676e
residuals,source-intake/mts_residuals/P8_Y5_PARENT_QLOC_2162_SOURCE_REGISTER.csv,research-ledger/files/residuals/f3/P8_Y5_PARENT_QLOC_2162_SOURCE_REGISTER.csv,4098,18391fdb0e69e20cce428b148d59298dc76b558b1f223faa51e40fd120d7ece1
residuals,source-intake/mts_residuals/P8_Y5_PARENT_QLOC_2163_BRANCH_COPIES.csv,research-ledger/files/residuals/cd/P8_Y5_PARENT_QLOC_2163_BRANCH_COPIES.csv,1197,45cf545bf3310ebcb97271a19ffed0874297843ecf227d9e7f95aa22ff178593
residuals,source-intake/mts_residuals/P8_Y5_PARENT_QLOC_2163_CLAIM_GATE.csv,research-ledger/files/residuals/9f/P8_Y5_PARENT_QLOC_2163_CLAIM_GATE.csv,1588,cfbb0753bf7754bf6ee1fab729b2a68ca978db4ab633bf2a5b62dd2c68ef7afe
residuals,source-intake/mts_residuals/P8_Y5_PARENT_QLOC_2163_DECISION_LEDGER.csv,research-ledger/files/residuals/fc/P8_Y5_PARENT_QLOC_2163_DECISION_LEDGER.csv,1502,462af2fbc31c26c61748d74bcf43c0dde23230c1331cc08f37f1b05188713e1c
residuals,source-intake/mts_residuals/P8_Y5_PARENT_QLOC_2163_EULER_DIFFERENCE_ROUTE.csv,research-ledger/files/residuals/26/P8_Y5_PARENT_QLOC_2163_EULER_DIFFERENCE_ROUTE.csv,1890,39aff5229448a325d32b79f5ac92a59aaed886ad28fffcd3ae81999a054bf31e
residuals,source-intake/mts_residuals/P8_Y5_PARENT_QLOC_2163_FINITE_VECTOR_BACKSTOP.csv,research-ledger/files/residuals/5c/P8_Y5_PARENT_QLOC_2163_FINITE_VECTOR_BACKSTOP.csv,1295,8872c01ab50145ffc39918dd74373f2bbbd03d7794f0c8c2345c3971bc96a46a
residuals,source-intake/mts_residuals/P8_Y5_PARENT_QLOC_2163_MOTION_LOAD_ORIGIN_AUDIT.csv,research-ledger/files/residuals/c7/P8_Y5_PARENT_QLOC_2163_MOTION_LOAD_ORIGIN_AUDIT.csv,1877,d1308748475cf7ca0385a7fbfd8fad458f0a56279b1b69d403cbc2b834391b19
residuals,source-intake/mts_residuals/P8_Y5_PARENT_QLOC_2163_NEXT_TARGET.csv,research-ledger/files/residuals/bd/P8_Y5_PARENT_QLOC_2163_NEXT_TARGET.csv,1236,e5ef3ed03b90fa93bbd58e22b46a2933db5da42446d1e3639ccdc9248b2b850b
residuals,source-intake/mts_residuals/P8_Y5_PARENT_QLOC_2163_QLOC_BRIDGE_STATUS.csv,research-ledger/files/residuals/f1/P8_Y5_PARENT_QLOC_2163_QLOC_BRIDGE_STATUS.csv,2247,153203df5634d4a88f73f2c31022bcfad31481a54d5963fc13ec391a58b2fc3b
residuals,source-intake/mts_residuals/P8_Y5_PARENT_QLOC_2163_REFUSAL_RUNNER.csv,research-ledger/files/residuals/de/P8_Y5_PARENT_QLOC_2163_REFUSAL_RUNNER.csv,1288,1ab41f8052dde0a7c5c83b3cec1b889c1cc24765d1866b0657755fc279bf2e00
residuals,source-intake/mts_residuals/P8_Y5_PARENT_QLOC_2163_SOURCE_REGISTER.csv,research-ledger/files/residuals/66/P8_Y5_PARENT_QLOC_2163_SOURCE_REGISTER.csv,3205,08d7305a834b05a52e8d7155099096d481c75bd346632f8174fb31706b635467
residuals,source-intake/mts_residuals/P8_Y5_PARENT_QLOC_2164_BRANCH_COPIES.csv,research-ledger/files/residuals/a7/P8_Y5_PARENT_QLOC_2164_BRANCH_COPIES.csv,1200,853217673b3c02efa8037c024eb176eceaf9630aecbd2c985ee78756f535a8f5
residuals,source-intake/mts_residuals/P8_Y5_PARENT_QLOC_2164_CLAIM_GATE.csv,research-ledger/files/residuals/53/P8_Y5_PARENT_QLOC_2164_CLAIM_GATE.csv,1639,da29d7ee79d2f75acb20f7a96dc7ddf28dbb884e936b7638aec18b3868b38eee
residuals,source-intake/mts_residuals/P8_Y5_PARENT_QLOC_2164_DECISION_LEDGER.csv,research-ledger/files/residuals/15/P8_Y5_PARENT_QLOC_2164_DECISION_LEDGER.csv,1349,8e14ffa3379e46b960722893227c4e084a3f3159451b6dc8c8436d73ece56a7c
residuals,source-intake/mts_residuals/P8_Y5_PARENT_QLOC_2164_EVENNESS_THEOREM_AUDIT.csv,research-ledger/files/residuals/f4/P8_Y5_PARENT_QLOC_2164_EVENNESS_THEOREM_AUDIT.csv,2129,97b6ab49595781fe2063aa4a87254facfb9fd0d3e601507b4641a30d585faf27
residuals,source-intake/mts_residuals/P8_Y5_PARENT_QLOC_2164_FINITE_VECTOR_COEFFICIENTS.csv,research-ledger/files/residuals/db/P8_Y5_PARENT_QLOC_2164_FINITE_VECTOR_COEFFICIENTS.csv,2129,da871d5afada17c7122c592b89bdf67096853e8c46a5087cb232919e3f6f4ae9
residuals,source-intake/mts_residuals/P8_Y5_PARENT_QLOC_2164_JZ_BZ_COUPLING_LOCK_AUDIT.csv,research-ledger/files/residuals/04/P8_Y5_PARENT_QLOC_2164_JZ_BZ_COUPLING_LOCK_AUDIT.csv,1993,e3fda14986dd87ee74226c77f8df5a49701b1efaa76f9dc9a5b3416760248a70
residuals,source-intake/mts_residuals/P8_Y5_PARENT_QLOC_2164_NEXT_TARGET.csv,research-ledger/files/residuals/30/P8_Y5_PARENT_QLOC_2164_NEXT_TARGET.csv,1207,2147441fa2afe451871680aa6a4ed1f4ac2074853b9a1bdde41c1e74aa1f3522
residuals,source-intake/mts_residuals/P8_Y5_PARENT_QLOC_2164_REFUSAL_RUNNER.csv,research-ledger/files/residuals/2b/P8_Y5_PARENT_QLOC_2164_REFUSAL_RUNNER.csv,1306,7db6a3c814190758759763faac46dad9ff3572838d75cf23727be0f84c80c3ce
residuals,source-intake/mts_residuals/P8_Y5_PARENT_QLOC_2164_SOURCE_REGISTER.csv,research-ledger/files/residuals/a2/P8_Y5_PARENT_QLOC_2164_SOURCE_REGISTER.csv,3148,3971037c03232fe2569313b53b53f4d105d74ae56e284de8353a3fa4c12b920b
residuals,source-intake/mts_residuals/P8_Y5_PARENT_QLOC_2164_Y5_PIM_DELTASRC_BRIDGE.csv,research-ledger/files/residuals/cc/P8_Y5_PARENT_QLOC_2164_Y5_PIM_DELTASRC_BRIDGE.csv,1810,494a3e4b0c58cee43e8508329209f905953f8a5ca70dc7bfb3f094e387083124
residuals,source-intake/mts_residuals/P8_Y5_PARENT_QLOC_2165_BRANCH_COPIES.csv,research-ledger/files/residuals/c6/P8_Y5_PARENT_QLOC_2165_BRANCH_COPIES.csv,1210,b6dc70ce7b993943dc593d1036d048e176635174b3e1f1a018d403318eae2cb0
residuals,source-intake/mts_residuals/P8_Y5_PARENT_QLOC_2165_CLAIM_GATE.csv,research-ledger/files/residuals/a6/P8_Y5_PARENT_QLOC_2165_CLAIM_GATE.csv,1116,a48fd751a7a0f5332f5ee4223766facd65cf4c36d6adf677704423a037bc4614
residuals,source-intake/mts_residuals/P8_Y5_PARENT_QLOC_2165_CURRENT_CHAIN_SUBLEMMA_STATUS.csv,research-ledger/files/residuals/44/P8_Y5_PARENT_QLOC_2165_CURRENT_CHAIN_SUBLEMMA_STATUS.csv,1411,fc4a1fe70c20014e238ec0b0eedbbdc82638bfd0b1c3c79c4af0866668c94d40
residuals,source-intake/mts_residuals/P8_Y5_PARENT_QLOC_2165_DECISION_LEDGER.csv,research-ledger/files/residuals/a0/P8_Y5_PARENT_QLOC_2165_DECISION_LEDGER.csv,1015,8f073e7e78eb4d51e5887565cbd7cb31874e614e766d4276c3772172843ed5b1
residuals,source-intake/mts_residuals/P8_Y5_PARENT_QLOC_2165_FINITE_RESIDUAL_REQUIREMENTS.csv,research-ledger/files/residuals/fe/P8_Y5_PARENT_QLOC_2165_FINITE_RESIDUAL_REQUIREMENTS.csv,1481,208b12b8665910823c6433235f206375db3f8bda18d0c3a77a1e4a0d1b7e39cb
residuals,source-intake/mts_residuals/P8_Y5_PARENT_QLOC_2165_IX_JX_DEMOTION_LEDGER.csv,research-ledger/files/residuals/d6/P8_Y5_PARENT_QLOC_2165_IX_JX_DEMOTION_LEDGER.csv,1888,a1aedbbffacb59f1e80bb3940602fe5dd30e52332bb5eab5263b46535453b48a
residuals,source-intake/mts_residuals/P8_Y5_PARENT_QLOC_2165_NEXT_TARGET.csv,research-ledger/files/residuals/65/P8_Y5_PARENT_QLOC_2165_NEXT_TARGET.csv,1283,8539c0493bdc662ecf1fa44c95e0286930798d1e215b742c475b3503d44ae985
residuals,source-intake/mts_residuals/P8_Y5_PARENT_QLOC_2165_PARENT_CURRENT_CONTRACT.csv,research-ledger/files/residuals/b8/P8_Y5_PARENT_QLOC_2165_PARENT_CURRENT_CONTRACT.csv,2242,1cfe8c937cf705be9872e20bdb26ad109674dfd60f6df93c67044dc42ed50b70
residuals,source-intake/mts_residuals/P8_Y5_PARENT_QLOC_2165_REFUSAL_RUNNER.csv,research-ledger/files/residuals/c3/P8_Y5_PARENT_QLOC_2165_REFUSAL_RUNNER.csv,1194,60a92a726abd860c28a3f73006ecc8d067ed64f180623e4030cb42a9db0e0816
residuals,source-intake/mts_residuals/P8_Y5_PARENT_QLOC_2165_SOURCE_REGISTER.csv,research-ledger/files/residuals/f3/P8_Y5_PARENT_QLOC_2165_SOURCE_REGISTER.csv,3098,7fe448dbc46151024473c2ad9dfa86a83c95ae84f693db85491fec818282c250
residuals,source-intake/mts_residuals/P8_Y5_PARENT_QLOC_2166_BRANCH_COPIES.csv,research-ledger/files/residuals/97/P8_Y5_PARENT_QLOC_2166_BRANCH_COPIES.csv,1192,5f429cb8cefa46fa1e930fc3b0b9a4ab4e379ed209c701efbe6626b82cb1611a
residuals,source-intake/mts_residuals/P8_Y5_PARENT_QLOC_2166_CLAIM_GATE.csv,research-ledger/files/residuals/d1/P8_Y5_PARENT_QLOC_2166_CLAIM_GATE.csv,1223,9b4685aaa6a7b711d67d1b3f220402b790e7eea86d658ea080474b4f9ecfa579
residuals,source-intake/mts_residuals/P8_Y5_PARENT_QLOC_2166_DECISION_LEDGER.csv,research-ledger/files/residuals/df/P8_Y5_PARENT_QLOC_2166_DECISION_LEDGER.csv,1254,c447a9dd95d755ee359013680e7f9cee28393161e2b6d9b110ef9e9e8894e9ef
residuals,source-intake/mts_residuals/P8_Y5_PARENT_QLOC_2166_FIRST_ATTACK_STATUS.csv,research-ledger/files/residuals/11/P8_Y5_PARENT_QLOC_2166_FIRST_ATTACK_STATUS.csv,1530,71425708f38aad600c43d0f4c2dc38ced72c8d5b07377f1ad5412610088addde
residuals,source-intake/mts_residuals/P8_Y5_PARENT_QLOC_2166_LOCAL_GR_REDUCTION_THEOREM.csv,research-ledger/files/residuals/07/P8_Y5_PARENT_QLOC_2166_LOCAL_GR_REDUCTION_THEOREM.csv,2286,a75947636e97b0d253a5af2976f418a0fa33ddf9063ac7b44bc87ee165be8f8f
residuals,source-intake/mts_residuals/P8_Y5_PARENT_QLOC_2166_NEXT_TARGET.csv,research-ledger/files/residuals/96/P8_Y5_PARENT_QLOC_2166_NEXT_TARGET.csv,1662,ea570877d932d19af963f190ef1a3532214a814d205a0dce6fbbae31e64ed9f9
residuals,source-intake/mts_residuals/P8_Y5_PARENT_QLOC_2166_PROOF_ATTACK_PRIORITIZER.csv,research-ledger/files/residuals/20/P8_Y5_PARENT_QLOC_2166_PROOF_ATTACK_PRIORITIZER.csv,1452,be8e70133905d1e49593184565f2a3c56fd293cd34ba4a04e4d3bf9ed2cb90e0
residuals,source-intake/mts_residuals/P8_Y5_PARENT_QLOC_2166_REFUSAL_RUNNER.csv,research-ledger/files/residuals/1c/P8_Y5_PARENT_QLOC_2166_REFUSAL_RUNNER.csv,1205,1b7de3db73b26712a03ed96576dc82443919f1ff6380d65752504b672c5afffa
residuals,source-intake/mts_residuals/P8_Y5_PARENT_QLOC_2166_RLOCAL_TO_SR_MAP.csv,research-ledger/files/residuals/e3/P8_Y5_PARENT_QLOC_2166_RLOCAL_TO_SR_MAP.csv,2353,2fa25274247d894382760eafb960ee675d5c94fcb8085fc3a84bf31d5e823d78
residuals,source-intake/mts_residuals/P8_Y5_PARENT_QLOC_2166_SOURCE_REGISTER.csv,research-ledger/files/residuals/77/P8_Y5_PARENT_QLOC_2166_SOURCE_REGISTER.csv,3124,410a23d6dddaeaa0227dbecb2b3d3152dbb300c1215ee076a2c09aa61848146d
residuals,source-intake/mts_residuals/P8_Y5_PARENT_QLOC_2167_BRANCH_COPIES.csv,research-ledger/files/residuals/af/P8_Y5_PARENT_QLOC_2167_BRANCH_COPIES.csv,1190,58d491da2cfa8e331534e8d14f6cf28c46d81d61b0863fb71b375dc2e5776895
residuals,source-intake/mts_residuals/P8_Y5_PARENT_QLOC_2167_CLAIM_GATE.csv,research-ledger/files/residuals/c8/P8_Y5_PARENT_QLOC_2167_CLAIM_GATE.csv,1238,a17178c619fe8cb6d2bec1cc99e22a0367ec071e9dbdac45449569f8aaa9814f
residuals,source-intake/mts_residuals/P8_Y5_PARENT_QLOC_2167_DECISION_LEDGER.csv,research-ledger/files/residuals/de/P8_Y5_PARENT_QLOC_2167_DECISION_LEDGER.csv,1171,eef4111abc0b9303669a0d4cc3ddcef550b826dfc4362cbfeb9f68d157f4596b
residuals,source-intake/mts_residuals/P8_Y5_PARENT_QLOC_2167_FINITE_ZRJR_REQUIREMENTS.csv,research-ledger/files/residuals/48/P8_Y5_PARENT_QLOC_2167_FINITE_ZRJR_REQUIREMENTS.csv,2198,b5f5fd931fd6c8de6bbfccb08b25e0b53b559da3b7b2122658b7291cc4eabb64
residuals,source-intake/mts_residuals/P8_Y5_PARENT_QLOC_2167_HCORE_SOURCE_EQUATION_TEST.csv,research-ledger/files/residuals/59/P8_Y5_PARENT_QLOC_2167_HCORE_SOURCE_EQUATION_TEST.csv,1319,f5559922175d9bcf9ee1a32b18a4c8de32d0fcb865a9427b9e78a2ee3fa6a348
residuals,source-intake/mts_residuals/P8_Y5_PARENT_QLOC_2167_NEXT_TARGET.csv,research-ledger/files/residuals/7a/P8_Y5_PARENT_QLOC_2167_NEXT_TARGET.csv,1076,b3208000a11c6496a4d7f0a050bab27a6d9763bbb878783731260b4ac50102aa
residuals,source-intake/mts_residuals/P8_Y5_PARENT_QLOC_2167_NO_SMUGGLING_GUARDS.csv,research-ledger/files/residuals/d5/P8_Y5_PARENT_QLOC_2167_NO_SMUGGLING_GUARDS.csv,1059,5c4fd1466e6cc19acc62ca2be0b0e5857497bda5a9be6c029eba4b032b881b9b
residuals,source-intake/mts_residuals/P8_Y5_PARENT_QLOC_2167_RECIPROCITY_SELECTOR_AUDIT.csv,research-ledger/files/residuals/95/P8_Y5_PARENT_QLOC_2167_RECIPROCITY_SELECTOR_AUDIT.csv,2050,443e8e17f06f67c46298032d786f1514eafaf8982f2245f3ef290587b9767a85
residuals,source-intake/mts_residuals/P8_Y5_PARENT_QLOC_2167_REFUSAL_RUNNER.csv,research-ledger/files/residuals/66/P8_Y5_PARENT_QLOC_2167_REFUSAL_RUNNER.csv,1234,a28b67f0ede887ade4c51dcc4022227ecfdec4d47d5a7b9c70a4a0fa4c85037d
residuals,source-intake/mts_residuals/P8_Y5_PARENT_QLOC_2167_SOURCE_REGISTER.csv,research-ledger/files/residuals/5a/P8_Y5_PARENT_QLOC_2167_SOURCE_REGISTER.csv,3102,9f4226fb308dc49b51eab8de39cafecb42d50407a4a0ca84723904404843b416
residuals,source-intake/mts_residuals/P8_Y5_PARENT_QLOC_2168_BRANCH_COPIES.csv,research-ledger/files/residuals/1d/P8_Y5_PARENT_QLOC_2168_BRANCH_COPIES.csv,1212,4064d32732bd31c0a70e7fa1d962053ed4330ce9a8617870e0f549b9c1dfc1de
residuals,source-intake/mts_residuals/P8_Y5_PARENT_QLOC_2168_CLAIM_GATE.csv,research-ledger/files/residuals/0e/P8_Y5_PARENT_QLOC_2168_CLAIM_GATE.csv,1072,276026258049f05f3deb8889e19f326ce4523a7ff150c309294bb213e2e89877
residuals,source-intake/mts_residuals/P8_Y5_PARENT_QLOC_2168_COEFFICIENT_BOUND_BRANCH_ROWS.csv,research-ledger/files/residuals/d6/P8_Y5_PARENT_QLOC_2168_COEFFICIENT_BOUND_BRANCH_ROWS.csv,2199,b12d3eaa4eb519d1d2c63bcf145acbaf7bf038983088bb9aa8928490bee27c6c
residuals,source-intake/mts_residuals/P8_Y5_PARENT_QLOC_2168_CONDITIONAL_GRAMMAR_THEOREM.csv,research-ledger/files/residuals/dc/P8_Y5_PARENT_QLOC_2168_CONDITIONAL_GRAMMAR_THEOREM.csv,1599,3cdc24bdbb0a7ee63b85b5d038e48631cac6269da24564acd75e3fd2205740c0
residuals,source-intake/mts_residuals/P8_Y5_PARENT_QLOC_2168_DECISION_LEDGER.csv,research-ledger/files/residuals/33/P8_Y5_PARENT_QLOC_2168_DECISION_LEDGER.csv,1002,b7d0e93ddf26d9b5657a5d26283c6113b043af035f81db9d80d50cdf0bc14b42
residuals,source-intake/mts_residuals/P8_Y5_PARENT_QLOC_2168_NEXT_TARGET.csv,research-ledger/files/residuals/e1/P8_Y5_PARENT_QLOC_2168_NEXT_TARGET.csv,1089,aad58df84b3c3c7f2d3a301a5d049580ee43eef0d1f7180c1e1c5a3cafa65930
residuals,source-intake/mts_residuals/P8_Y5_PARENT_QLOC_2168_RAB_TERM_LEGALITY_MATRIX.csv,research-ledger/files/residuals/c8/P8_Y5_PARENT_QLOC_2168_RAB_TERM_LEGALITY_MATRIX.csv,1748,6ed8f40d8158829c24187f34c935e3735713d7afa2097ba33fceb8a3f2e26bcd
residuals,source-intake/mts_residuals/P8_Y5_PARENT_QLOC_2168_REFUSAL_RUNNER.csv,research-ledger/files/residuals/4f/P8_Y5_PARENT_QLOC_2168_REFUSAL_RUNNER.csv,1234,3d7aeed2e512a8b3e61e65654122c83db4fc23d099275ad124eda5ebbc345ff5
residuals,source-intake/mts_residuals/P8_Y5_PARENT_QLOC_2168_SOURCE_REGISTER.csv,research-ledger/files/residuals/69/P8_Y5_PARENT_QLOC_2168_SOURCE_REGISTER.csv,2266,a1d51eafc803e6d15dcfae6481fbc7c7187953c2e98b80329f6166b0a5aa4089
residuals,source-intake/mts_residuals/P8_Y5_PARENT_QLOC_2168_TYPED_PARENT_GRAMMAR_AUDIT.csv,research-ledger/files/residuals/1d/P8_Y5_PARENT_QLOC_2168_TYPED_PARENT_GRAMMAR_AUDIT.csv,2243,515ed9e2d574229c38291edc5fe1f0ca68acd9d60c4eaa023c07daba082b0174
residuals,source-intake/mts_residuals/P8_Y5_PARENT_QLOC_2169_ARENA_PROJECTION_MAP.csv,research-ledger/files/residuals/89/P8_Y5_PARENT_QLOC_2169_ARENA_PROJECTION_MAP.csv,1690,13fd4bbb8644c2d27e25f54c3c3242ef0bd9cb8e83e84d55fa2f3759313b9c4d
residuals,source-intake/mts_residuals/P8_Y5_PARENT_QLOC_2169_BRANCH_COPIES.csv,research-ledger/files/residuals/4d/P8_Y5_PARENT_QLOC_2169_BRANCH_COPIES.csv,1203,4b5bbb25d79b340697e72b5aa128082386982c2faf62fd8efa6d953cdba67299
residuals,source-intake/mts_residuals/P8_Y5_PARENT_QLOC_2169_CLAIM_GATE.csv,research-ledger/files/residuals/18/P8_Y5_PARENT_QLOC_2169_CLAIM_GATE.csv,1225,ce8914461e0b0ecb8f2e647b6411683e30d1153e1a7fba7fb9a0b7a651691725
residuals,source-intake/mts_residuals/P8_Y5_PARENT_QLOC_2169_DECISION_LEDGER.csv,research-ledger/files/residuals/ed/P8_Y5_PARENT_QLOC_2169_DECISION_LEDGER.csv,991,7117e5e5d56bbc77d358febcfe5a792beda83b1aecd6843e5561384addcca07f
residuals,source-intake/mts_residuals/P8_Y5_PARENT_QLOC_2169_FINITE_LOCAL_COMPONENT_SCHEMA.csv,research-ledger/files/residuals/80/P8_Y5_PARENT_QLOC_2169_FINITE_LOCAL_COMPONENT_SCHEMA.csv,3496,973168da04497100b184a7625cc7dba719e3c220634a61b1a9673dd73cc7d0e9
residuals,source-intake/mts_residuals/P8_Y5_PARENT_QLOC_2169_NEXT_TARGET.csv,research-ledger/files/residuals/82/P8_Y5_PARENT_QLOC_2169_NEXT_TARGET.csv,1111,f1ad2c2fe9958c4946813978b8da98db78e6ab0e051cf0334dce9aaccca1278d
residuals,source-intake/mts_residuals/P8_Y5_PARENT_QLOC_2169_R10_DRYRUN_COMMAND.csv,research-ledger/files/residuals/af/P8_Y5_PARENT_QLOC_2169_R10_DRYRUN_COMMAND.csv,1950,34c5c36d0a108afc8709d86bf7acd768ab21ce4d0e152e10baab4dfd98acbe3c
residuals,source-intake/mts_residuals/P8_Y5_PARENT_QLOC_2169_R10_DRYRUN_STATUS.csv,research-ledger/files/residuals/e3/P8_Y5_PARENT_QLOC_2169_R10_DRYRUN_STATUS.csv,275,d7cb3c1d2050a76656b35cc5d6ac1939853cbc5ba88b08bb6e799352114e0444
residuals,source-intake/mts_residuals/P8_Y5_PARENT_QLOC_2169_R10_MTS_ALPHA_TEMPLATE_NONCLAIM.csv,research-ledger/files/residuals/cc/P8_Y5_PARENT_QLOC_2169_R10_MTS_ALPHA_TEMPLATE_NONCLAIM.csv,940,be1526d61008400deb000dfbd06af61e07f48cf2d19721352d76cdc9a8fdc871
residuals,source-intake/mts_residuals/P8_Y5_PARENT_QLOC_2169_SOURCE_REGISTER.csv,research-ledger/files/residuals/5b/P8_Y5_PARENT_QLOC_2169_SOURCE_REGISTER.csv,3021,b7aedab86eff198f2c49e2a8accc8c569213c0ccf772c5be207052dede225197
residuals,source-intake/mts_residuals/P8_Y5_PARENT_QLOC_2170_ANTI_LOOP_DECISION_LEDGER.csv,research-ledger/files/residuals/2b/P8_Y5_PARENT_QLOC_2170_ANTI_LOOP_DECISION_LEDGER.csv,1648,6eebd1017e6f34e27713bb59dcb48f3e95126d39ddd713874f1ac655c6740649
residuals,source-intake/mts_residuals/P8_Y5_PARENT_QLOC_2170_BRANCH_COPIES.csv,research-ledger/files/residuals/ce/P8_Y5_PARENT_QLOC_2170_BRANCH_COPIES.csv,1812,65653fc294ff2a7e181464ccdefa9211f9dcc323561b5ce3c3fe7a8169f0e8a7
residuals,source-intake/mts_residuals/P8_Y5_PARENT_QLOC_2170_EXISTING_CHAIN_IMPORT_MAP.csv,research-ledger/files/residuals/a5/P8_Y5_PARENT_QLOC_2170_EXISTING_CHAIN_IMPORT_MAP.csv,4500,df84bf83f6d6a385762877b290773796e7308ca8c3241b86bf2e0061e4f3c17a
residuals,source-intake/mts_residuals/P8_Y5_PARENT_QLOC_2170_FRONTIER_REDUCTION_LEDGER.csv,research-ledger/files/residuals/ae/P8_Y5_PARENT_QLOC_2170_FRONTIER_REDUCTION_LEDGER.csv,2014,f3ab377c86687d47654145dfc815a8cceb08bdf43115f006445796a8fe697cc2
residuals,source-intake/mts_residuals/P8_Y5_PARENT_QLOC_2170_NEXT_TARGET.csv,research-ledger/files/residuals/b5/P8_Y5_PARENT_QLOC_2170_NEXT_TARGET.csv,1439,3ff0ac70a2e613970c711180fc258c73743e5536696a4c9dbe2d54a357046225
residuals,source-intake/mts_residuals/P8_Y5_PARENT_QLOC_2170_SOURCE_REGISTER.csv,research-ledger/files/residuals/ae/P8_Y5_PARENT_QLOC_2170_SOURCE_REGISTER.csv,17113,d93bd5fb3686a728a092207420ef70537923575d3307958b3f58ad7f176eabf2
residuals,source-intake/mts_residuals/P8_Y5_PARENT_QLOC_2171_BRANCH_COPIES.csv,research-ledger/files/residuals/d0/P8_Y5_PARENT_QLOC_2171_BRANCH_COPIES.csv,1840,a43523fa2b40ea1aae0ff0ae34de91f83a85ec4c214ee3f794875e407f0fa98d
residuals,source-intake/mts_residuals/P8_Y5_PARENT_QLOC_2171_CATEGORY_PRINCIPLE_AUDIT.csv,research-ledger/files/residuals/68/P8_Y5_PARENT_QLOC_2171_CATEGORY_PRINCIPLE_AUDIT.csv,2693,f920c1e546e529307aade78a6b677d401f936e0a4239c44d4dd87a90710f1be8
residuals,source-intake/mts_residuals/P8_Y5_PARENT_QLOC_2171_COUNTERMODEL_LEDGER.csv,research-ledger/files/residuals/9e/P8_Y5_PARENT_QLOC_2171_COUNTERMODEL_LEDGER.csv,2027,49bb90df654be29ad04359ef9f9e3ba9288da6a990e6ad89b1db51828bf069ac
residuals,source-intake/mts_residuals/P8_Y5_PARENT_QLOC_2171_DECISION_LEDGER.csv,research-ledger/files/residuals/85/P8_Y5_PARENT_QLOC_2171_DECISION_LEDGER.csv,1324,ff1fe7f7d6bc02328978af691ff6c2e52af91e1fe42b36d3a1ef91eaa6d68e39
residuals,source-intake/mts_residuals/P8_Y5_PARENT_QLOC_2171_FINITE_LOCAL_SOURCE_ROW_CONTRACT.csv,research-ledger/files/residuals/29/P8_Y5_PARENT_QLOC_2171_FINITE_LOCAL_SOURCE_ROW_CONTRACT.csv,3343,3075d87d4bf2981c155186e94a880f4e051ce04a10dab28b73055114634b0cbf
residuals,source-intake/mts_residuals/P8_Y5_PARENT_QLOC_2171_NEXT_TARGET.csv,research-ledger/files/residuals/d6/P8_Y5_PARENT_QLOC_2171_NEXT_TARGET.csv,1498,ab6041e203fed6f5cb41e2e45b4ddf67aaa7609b6d74c1284c18772d00400799
residuals,source-intake/mts_residuals/P8_Y5_PARENT_QLOC_2171_NOETHER_GAUGE_CONDITION_LEDGER.csv,research-ledger/files/residuals/66/P8_Y5_PARENT_QLOC_2171_NOETHER_GAUGE_CONDITION_LEDGER.csv,2385,3ca5e1e724c7e46b13e0fc231c126927a0b3a8ddd48df085dbf35b60c374b787
residuals,source-intake/mts_residuals/P8_Y5_PARENT_QLOC_2171_SOURCE_REGISTER.csv,research-ledger/files/residuals/80/P8_Y5_PARENT_QLOC_2171_SOURCE_REGISTER.csv,4219,b1e9800bee8950e3c42bbf4c2479aba200f0dfe54969cb65a9c367ed9cba1ace
residuals,source-intake/mts_residuals/P8_Y5_PARENT_QLOC_2172_BRANCH_COPIES.csv,research-ledger/files/residuals/c4/P8_Y5_PARENT_QLOC_2172_BRANCH_COPIES.csv,1793,598552fe1fa90071d9051cd237d0d65021c7e624a0c3774c673bee5677448672
residuals,source-intake/mts_residuals/P8_Y5_PARENT_QLOC_2172_COEFFICIENT_BASIS_NONCLAIM.csv,research-ledger/files/residuals/b4/P8_Y5_PARENT_QLOC_2172_COEFFICIENT_BASIS_NONCLAIM.csv,3287,af4c82825b306d43241dd0ac0b20117885970c72ab2db02c0de21790ae84d87d
residuals,source-intake/mts_residuals/P8_Y5_PARENT_QLOC_2172_COFRAME_LEAK_BOUND.csv,research-ledger/files/residuals/ce/P8_Y5_PARENT_QLOC_2172_COFRAME_LEAK_BOUND.csv,1968,428b4035e744c870ff829a4a78cdef90a733a15fa7444fd547c6ac8741d950fc
residuals,source-intake/mts_residuals/P8_Y5_PARENT_QLOC_2172_DECISION_LEDGER.csv,research-ledger/files/residuals/66/P8_Y5_PARENT_QLOC_2172_DECISION_LEDGER.csv,1400,14dae33bc626b59ae71d3d66e1da78aa502b04f32923a3bfa0bcd7485c4e319e
residuals,source-intake/mts_residuals/P8_Y5_PARENT_QLOC_2172_GENERATOR_ALGEBRA.csv,research-ledger/files/residuals/0a/P8_Y5_PARENT_QLOC_2172_GENERATOR_ALGEBRA.csv,2254,19497ce5a405ea5d34b06f217147bb3a2203ba9a7b8735840ee1de4a06285142
residuals,source-intake/mts_residuals/P8_Y5_PARENT_QLOC_2172_NEXT_TARGET.csv,research-ledger/files/residuals/24/P8_Y5_PARENT_QLOC_2172_NEXT_TARGET.csv,1553,2dc6aabd8a61ef30aa88b83c484d1a82cf84a35df1af6fea9884454b7e54da17
residuals,source-intake/mts_residuals/P8_Y5_PARENT_QLOC_2172_NOETHER_IDENTITY_ATTEMPT.csv,research-ledger/files/residuals/13/P8_Y5_PARENT_QLOC_2172_NOETHER_IDENTITY_ATTEMPT.csv,1619,a4e55bc26c69767894545714c51d12ce43f32f47c78c7007766e40dcda3d5b69
residuals,source-intake/mts_residuals/P8_Y5_PARENT_QLOC_2172_SOURCE_REGISTER.csv,research-ledger/files/residuals/44/P8_Y5_PARENT_QLOC_2172_SOURCE_REGISTER.csv,2603,120fb6bb1550f1dc197f20161b955a168b8cb5165cd8c8e74b7dbbe921cdc138
residuals,source-intake/mts_residuals/P8_Y5_PARENT_QLOC_2173_AUXILIARY_CONSTRAINT_AUDIT.csv,research-ledger/files/residuals/f1/P8_Y5_PARENT_QLOC_2173_AUXILIARY_CONSTRAINT_AUDIT.csv,2306,b1591c719d7cbd4b293fa926dc8981c568cc4a5bc0a2255646e96eecf9000d6a
residuals,source-intake/mts_residuals/P8_Y5_PARENT_QLOC_2173_BRANCH_COPIES.csv,research-ledger/files/residuals/6e/P8_Y5_PARENT_QLOC_2173_BRANCH_COPIES.csv,1795,bcbb7e2b0053fc432d82dcb3f2c9b8956727f80fb9b9581384bb25b3a838e9e7
residuals,source-intake/mts_residuals/P8_Y5_PARENT_QLOC_2173_DECISION_LEDGER.csv,research-ledger/files/residuals/76/P8_Y5_PARENT_QLOC_2173_DECISION_LEDGER.csv,1364,35b5516c17d93646681eaecf2d8a4322369ad1c8a1650aa7ec1544466ae6dc2b
residuals,source-intake/mts_residuals/P8_Y5_PARENT_QLOC_2173_DIRAC_CHAIN_LEDGER.csv,research-ledger/files/residuals/1a/P8_Y5_PARENT_QLOC_2173_DIRAC_CHAIN_LEDGER.csv,2312,b9183fe90b714c6f766d04d83ceffd3802fa83f533c2bedecf1524968dbaeeb9
residuals,source-intake/mts_residuals/P8_Y5_PARENT_QLOC_2173_HCORE_BRACKET_CONTRACT.csv,research-ledger/files/residuals/9a/P8_Y5_PARENT_QLOC_2173_HCORE_BRACKET_CONTRACT.csv,2321,2d06268b77c98d0bbefeed12f36faff059c533a51a81914acb57bfd01cd7cae7
residuals,source-intake/mts_residuals/P8_Y5_PARENT_QLOC_2173_NEXT_TARGET.csv,research-ledger/files/residuals/6f/P8_Y5_PARENT_QLOC_2173_NEXT_TARGET.csv,1538,1a926677c5bcd60ac34ac99437ae455f452bb80498609d8eea99745c9c890a87
residuals,source-intake/mts_residuals/P8_Y5_PARENT_QLOC_2173_READOUT_REBUILD_OR_CLOSURE.csv,research-ledger/files/residuals/18/P8_Y5_PARENT_QLOC_2173_READOUT_REBUILD_OR_CLOSURE.csv,1386,525b25dc470a43cf3544ab1c69ec1dac956e2321b32f8b629b1e9d3ef89db5fc
residuals,source-intake/mts_residuals/P8_Y5_PARENT_QLOC_2173_SOURCE_REGISTER.csv,research-ledger/files/residuals/59/P8_Y5_PARENT_QLOC_2173_SOURCE_REGISTER.csv,3846,1ce5e60e257afec0dd5875621ae8dffdb6b1ebcc8caf00dd0b73e6b48d353af2
residuals,source-intake/mts_residuals/P8_Y5_PARENT_QLOC_2174_BRANCH_COPIES.csv,research-ledger/files/residuals/fa/P8_Y5_PARENT_QLOC_2174_BRANCH_COPIES.csv,1794,2bd438ddca2f3b9dc1cafc03611d408a20dee48cda9115be7246c82b94ff5e47
residuals,source-intake/mts_residuals/P8_Y5_PARENT_QLOC_2174_CANONICAL_U_SECTOR_SKELETON.csv,research-ledger/files/residuals/7e/P8_Y5_PARENT_QLOC_2174_CANONICAL_U_SECTOR_SKELETON.csv,1449,7ad4ae6a45152a5c173879d7bbd03dcd6a03a3cd755d48721fbb0186bfc9744c
residuals,source-intake/mts_residuals/P8_Y5_PARENT_QLOC_2174_CLOSURE_CONDITIONS.csv,research-ledger/files/residuals/0b/P8_Y5_PARENT_QLOC_2174_CLOSURE_CONDITIONS.csv,1984,6d168cccc21482725cb4eb53136a38e4a1fb4b2f6e69e1279fccb38c6fe61f93
residuals,source-intake/mts_residuals/P8_Y5_PARENT_QLOC_2174_DECISION_LEDGER.csv,research-ledger/files/residuals/2e/P8_Y5_PARENT_QLOC_2174_DECISION_LEDGER.csv,1330,b0396d8672c196af99f70a73d9c4545a2eb09a9acef5af62b11da8776e157ed3
residuals,source-intake/mts_residuals/P8_Y5_PARENT_QLOC_2174_DIRAC_FLOW_CASES.csv,research-ledger/files/residuals/5a/P8_Y5_PARENT_QLOC_2174_DIRAC_FLOW_CASES.csv,1730,7cd3be32accdc60d5a2824245a9e5f8f962b233099902b1a64bb2570208464bc
residuals,source-intake/mts_residuals/P8_Y5_PARENT_QLOC_2174_HCORE_COUNTERMODEL_LEDGER.csv,research-ledger/files/residuals/ca/P8_Y5_PARENT_QLOC_2174_HCORE_COUNTERMODEL_LEDGER.csv,1452,fc0f06ec133b255e91ad31847ff432fed29590764d4928030a5e684c1678c805
residuals,source-intake/mts_residuals/P8_Y5_PARENT_QLOC_2174_NEXT_TARGET.csv,research-ledger/files/residuals/9c/P8_Y5_PARENT_QLOC_2174_NEXT_TARGET.csv,1375,4ef057fad3ad2ed854458ad5ac9a2ee56bc93a2b86f4915607de6a802ca92b0a
residuals,source-intake/mts_residuals/P8_Y5_PARENT_QLOC_2174_SOURCE_REGISTER.csv,research-ledger/files/residuals/a4/P8_Y5_PARENT_QLOC_2174_SOURCE_REGISTER.csv,2721,5bb98e90b4d51b367cc3dd8bd250bbcfab66278dd3f155c3da5f0b887dfec72f
residuals,source-intake/mts_residuals/P8_Y5_PARENT_QLOC_2175_BRANCH_COPIES.csv,research-ledger/files/residuals/40/P8_Y5_PARENT_QLOC_2175_BRANCH_COPIES.csv,1804,a21ca2a293c240a191cea768ea2aa3e488656d8d8a983f8ae843315b5e20ce36
residuals,source-intake/mts_residuals/P8_Y5_PARENT_QLOC_2175_CLAIM_GATE.csv,research-ledger/files/residuals/ce/P8_Y5_PARENT_QLOC_2175_CLAIM_GATE.csv,1256,b82b257db8c2fbe135971391473a2bf9b485784e2d9be292a555273b5ddb929d
residuals,source-intake/mts_residuals/P8_Y5_PARENT_QLOC_2175_DECISION_LEDGER.csv,research-ledger/files/residuals/66/P8_Y5_PARENT_QLOC_2175_DECISION_LEDGER.csv,1337,f678b87b0c9d5e76f02e1d39634109e2f9e066e1858702148804d488e363e35b
residuals,source-intake/mts_residuals/P8_Y5_PARENT_QLOC_2175_EVEN_U_SECTOR_THEOREM_AUDIT.csv,research-ledger/files/residuals/92/P8_Y5_PARENT_QLOC_2175_EVEN_U_SECTOR_THEOREM_AUDIT.csv,2526,25481f6e631dbd689a8a5ce8bd428b829d948d2e5573d094dc41ccd66a9afae9
residuals,source-intake/mts_residuals/P8_Y5_PARENT_QLOC_2175_IU_JU_RESIDUAL_ROW_CONTRACT.csv,research-ledger/files/residuals/0c/P8_Y5_PARENT_QLOC_2175_IU_JU_RESIDUAL_ROW_CONTRACT.csv,2188,bc4ae6afcb2cd8900cc97ccbc1939562d4d46260f1bc2638e02ebde49ddbe123
residuals,source-intake/mts_residuals/P8_Y5_PARENT_QLOC_2175_NEXT_TARGET.csv,research-ledger/files/residuals/6f/P8_Y5_PARENT_QLOC_2175_NEXT_TARGET.csv,1356,9cf50393c54fd5f87600bcf99522058b49708c7cdf2ca2f6b837f4befb1ced32
residuals,source-intake/mts_residuals/P8_Y5_PARENT_QLOC_2175_SOURCE_REGISTER.csv,research-ledger/files/residuals/2f/P8_Y5_PARENT_QLOC_2175_SOURCE_REGISTER.csv,3223,ae4afa5ee3ad0d5b6cb1ce426129b29e4c0bd3bdf3d00e0022048717840dbb14
residuals,source-intake/mts_residuals/P8_Y5_PARENT_QLOC_2175_SYMMETRY_DESCENT_CONDITIONS.csv,research-ledger/files/residuals/a0/P8_Y5_PARENT_QLOC_2175_SYMMETRY_DESCENT_CONDITIONS.csv,2057,ee7694dc89d299c0a0ae2c4c6cabf2130c4d1d534d894ec87c512193150984bf
residuals,source-intake/mts_residuals/P8_Y5_PARENT_QLOC_2176_BRANCH_COPIES.csv,research-ledger/files/residuals/06/P8_Y5_PARENT_QLOC_2176_BRANCH_COPIES.csv,1805,0d29167293f158b81e460837dad858a7f5057180ad1711e1e097edc404c9004c
residuals,source-intake/mts_residuals/P8_Y5_PARENT_QLOC_2176_DECISION_LEDGER.csv,research-ledger/files/residuals/43/P8_Y5_PARENT_QLOC_2176_DECISION_LEDGER.csv,1435,47c12aedf62825206a330d7617b45964655405c781ba98cec98f48bc4765372c
residuals,source-intake/mts_residuals/P8_Y5_PARENT_QLOC_2176_IU_JU_FINITE_ROW_BACKSTOP.csv,research-ledger/files/residuals/bd/P8_Y5_PARENT_QLOC_2176_IU_JU_FINITE_ROW_BACKSTOP.csv,2040,b658b8d61fc8249050ccbfd49d84d1aed93886701fd02a80b2ed8769748079e8
residuals,source-intake/mts_residuals/P8_Y5_PARENT_QLOC_2176_NEXT_TARGET.csv,research-ledger/files/residuals/df/P8_Y5_PARENT_QLOC_2176_NEXT_TARGET.csv,1419,f575ad44ae4487f7d7a602d141b7633d84a5420f9a01911a8d75897f99c3feb0
residuals,source-intake/mts_residuals/P8_Y5_PARENT_QLOC_2176_RU_INVOLUTION_ALGEBRA.csv,research-ledger/files/residuals/27/P8_Y5_PARENT_QLOC_2176_RU_INVOLUTION_ALGEBRA.csv,2477,6dda6b955e4ee626fdae1e100ffcd4d8247f477345e7fbe1f894dafec6691ecd
residuals,source-intake/mts_residuals/P8_Y5_PARENT_QLOC_2176_RU_OWNER_GATE_LEDGER.csv,research-ledger/files/residuals/40/P8_Y5_PARENT_QLOC_2176_RU_OWNER_GATE_LEDGER.csv,2023,179a6dcd69ddf0c7d37db4e2dc8c41a7d6869129dfb025dc37ca653a22197363
residuals,source-intake/mts_residuals/P8_Y5_PARENT_QLOC_2176_SOURCE_REGISTER.csv,research-ledger/files/residuals/1c/P8_Y5_PARENT_QLOC_2176_SOURCE_REGISTER.csv,3109,d6f90109413c008462e093bb4454dc1ca6842836fe62ca91901824e471ae6af2
residuals,source-intake/mts_residuals/P8_Y5_PARENT_QLOC_2177_BRANCH_COPIES.csv,research-ledger/files/residuals/a8/P8_Y5_PARENT_QLOC_2177_BRANCH_COPIES.csv,1794,6f331f2a03e4012f16657b051486d46a586b42683bd0fead56d0d4c7466a98d4
residuals,source-intake/mts_residuals/P8_Y5_PARENT_QLOC_2177_DECISION_LEDGER.csv,research-ledger/files/residuals/a2/P8_Y5_PARENT_QLOC_2177_DECISION_LEDGER.csv,1519,7e897970afbdfaad62e2062f9ef7b94683a4bbd55e1d922a0aded4854a7b6964
residuals,source-intake/mts_residuals/P8_Y5_PARENT_QLOC_2177_NEXT_TARGET.csv,research-ledger/files/residuals/53/P8_Y5_PARENT_QLOC_2177_NEXT_TARGET.csv,1511,e2720f6e61dc25fdb1cdad0c90bc1ecdeefa0a0756e38deb518f0582acaca9d4
residuals,source-intake/mts_residuals/P8_Y5_PARENT_QLOC_2177_OBSERVABLE_READOUT_GATE.csv,research-ledger/files/residuals/1e/P8_Y5_PARENT_QLOC_2177_OBSERVABLE_READOUT_GATE.csv,2701,6ad628610e36d6c942675fd4de7160a87ee0616aee1e86fddd3f7d3993835165
residuals,source-intake/mts_residuals/P8_Y5_PARENT_QLOC_2177_PPN_SOURCE_CONVENTION_GATE.csv,research-ledger/files/residuals/e0/P8_Y5_PARENT_QLOC_2177_PPN_SOURCE_CONVENTION_GATE.csv,2128,482aa5a3d4372de6793c532f48ad5d757dbce1324ee9641a790c62a2e62670d9
residuals,source-intake/mts_residuals/P8_Y5_PARENT_QLOC_2177_READOUT_LOCK_RESIDUAL_ROWS.csv,research-ledger/files/residuals/0b/P8_Y5_PARENT_QLOC_2177_READOUT_LOCK_RESIDUAL_ROWS.csv,2252,febe6998cb87f407c91d84055ab92b99c3bfa19eb3191a1a144aa85fc9666d39
residuals,source-intake/mts_residuals/P8_Y5_PARENT_QLOC_2177_RU_STATUS_LEDGER.csv,research-ledger/files/residuals/1a/P8_Y5_PARENT_QLOC_2177_RU_STATUS_LEDGER.csv,1234,3167119d9824948fdf0fdce33516ba64fbe5d064c2ff79496f52f021f933343b
residuals,source-intake/mts_residuals/P8_Y5_PARENT_QLOC_2177_SOURCE_REGISTER.csv,research-ledger/files/residuals/d9/P8_Y5_PARENT_QLOC_2177_SOURCE_REGISTER.csv,3793,93d1c0a6af469758d95c491a1b00f84983ae07ccee1a05cfc28e0815083f1151
residuals,source-intake/mts_residuals/P8_Y5_PARENT_QLOC_2177_V_ONLY_RECONSTRUCTION.csv,research-ledger/files/residuals/e6/P8_Y5_PARENT_QLOC_2177_V_ONLY_RECONSTRUCTION.csv,2555,46671c4e92a24158fe6135543a4b87e3cd4096eb6f3aac926bc4b01cb2f665ac
residuals,source-intake/mts_residuals/P8_Y5_PARENT_QLOC_2178_BRANCH_COPIES.csv,research-ledger/files/residuals/79/P8_Y5_PARENT_QLOC_2178_BRANCH_COPIES.csv,1853,e7aee31aeef23851326fe07a40e875e1d4758139d5d1cda119c063c86ecfb9b9
residuals,source-intake/mts_residuals/P8_Y5_PARENT_QLOC_2178_CLAIM_GATE.csv,research-ledger/files/residuals/da/P8_Y5_PARENT_QLOC_2178_CLAIM_GATE.csv,1596,914bca47bbe6866a0315b4c5967a3bf3cb3988c3b5493afc184254f4ec0b7ec0
residuals,source-intake/mts_residuals/P8_Y5_PARENT_QLOC_2178_CONSTRAINT_BEFORE_READOUT_ORDER_CONTRACT.csv,research-ledger/files/residuals/09/P8_Y5_PARENT_QLOC_2178_CONSTRAINT_BEFORE_READOUT_ORDER_CONTRACT.csv,2237,4a494c7f79f0183ffe6f74714d091988aa81651308a9420726e9304d682adab9
residuals,source-intake/mts_residuals/P8_Y5_PARENT_QLOC_2178_DECISION_LEDGER.csv,research-ledger/files/residuals/38/P8_Y5_PARENT_QLOC_2178_DECISION_LEDGER.csv,1525,bf07f26282faf1dfc301a7969cd79b7ea8bb3fa67cbf132effe58540babab9ec
residuals,source-intake/mts_residuals/P8_Y5_PARENT_QLOC_2178_NEXT_TARGET.csv,research-ledger/files/residuals/8f/P8_Y5_PARENT_QLOC_2178_NEXT_TARGET.csv,1391,6fa9a9636ffbedfe94efd9a1355121eae292195528756a898af61f59c38c74d2
residuals,source-intake/mts_residuals/P8_Y5_PARENT_QLOC_2178_SOURCE_REGISTER.csv,research-ledger/files/residuals/16/P8_Y5_PARENT_QLOC_2178_SOURCE_REGISTER.csv,3810,7fc9ff3708816dcb3dcf29d3f8aa28eb42c191247bb55d2b7426821336c430a7
residuals,source-intake/mts_residuals/P8_Y5_PARENT_QLOC_2178_V_NEWTON_SOURCE_CONVENTION_DERIVATION.csv,research-ledger/files/residuals/26/P8_Y5_PARENT_QLOC_2178_V_NEWTON_SOURCE_CONVENTION_DERIVATION.csv,2184,eaa4956c87d4b7cbc2d515d97dd7fde595666106c73332fd2f4e6e3d6ed2f035
residuals,source-intake/mts_residuals/P8_Y5_PARENT_QLOC_2178_V_PPN_EXPANSION_GATE.csv,research-ledger/files/residuals/4d/P8_Y5_PARENT_QLOC_2178_V_PPN_EXPANSION_GATE.csv,1789,854bf30fb79235f2ab4ef741593b8955e097a2bebad232d63edffddc6059e1cd
residuals,source-intake/mts_residuals/P8_Y5_PARENT_QLOC_2178_V_SOURCE_ORDER_RESIDUAL_ROWS.csv,research-ledger/files/residuals/70/P8_Y5_PARENT_QLOC_2178_V_SOURCE_ORDER_RESIDUAL_ROWS.csv,2492,497700f4dc2091146c1a465bb28e16f3885546980aa7a4ac23139cc5ee167000
residuals,source-intake/mts_residuals/P8_Y5_PARENT_QLOC_2179_BETA_KAPPA_AUDIT.csv,research-ledger/files/residuals/3d/P8_Y5_PARENT_QLOC_2179_BETA_KAPPA_AUDIT.csv,2465,7be29340c000084a2853bbf10010d0308611f63509525d4eab01ab3f0ef5b531
residuals,source-intake/mts_residuals/P8_Y5_PARENT_QLOC_2179_BRANCH_COPIES.csv,research-ledger/files/residuals/94/P8_Y5_PARENT_QLOC_2179_BRANCH_COPIES.csv,1823,2e7be1d5b1eef3f792ea3fdd5f96361e66dfef2e2e660b502d458ac2c3ea4c5d
residuals,source-intake/mts_residuals/P8_Y5_PARENT_QLOC_2179_CLAIM_GATE.csv,research-ledger/files/residuals/4f/P8_Y5_PARENT_QLOC_2179_CLAIM_GATE.csv,1503,fd739b563b4971681516a6405bbf9918080019276b7f6a67bae73625b528cd40
residuals,source-intake/mts_residuals/P8_Y5_PARENT_QLOC_2179_DECISION_LEDGER.csv,research-ledger/files/residuals/24/P8_Y5_PARENT_QLOC_2179_DECISION_LEDGER.csv,1498,e856c5530dc0f4aef332d46ad6a51d68c5d9029b0e2ef0d15d64c9aad0702c23
residuals,source-intake/mts_residuals/P8_Y5_PARENT_QLOC_2179_DELTA_V_KAPPA_FINITE_ROWS.csv,research-ledger/files/residuals/b3/P8_Y5_PARENT_QLOC_2179_DELTA_V_KAPPA_FINITE_ROWS.csv,2984,e92f7e9c16f5e279d752a02f23b62bdc84b36e669b7df96b7cb18bdda0c29b33
residuals,source-intake/mts_residuals/P8_Y5_PARENT_QLOC_2179_NEXT_TARGET.csv,research-ledger/files/residuals/5c/P8_Y5_PARENT_QLOC_2179_NEXT_TARGET.csv,1552,7cd4a08333627ffa2fe8fa163b27e3fda334fe5f5d658d8533eb514b4b906a94
residuals,source-intake/mts_residuals/P8_Y5_PARENT_QLOC_2179_SOURCE_NORMALIZATION_LAW.csv,research-ledger/files/residuals/82/P8_Y5_PARENT_QLOC_2179_SOURCE_NORMALIZATION_LAW.csv,1427,6f4f37ebed39471f0a667d6ac16852f828d77eee570286d5c0616ed5c47cb720
residuals,source-intake/mts_residuals/P8_Y5_PARENT_QLOC_2179_SOURCE_REGISTER.csv,research-ledger/files/residuals/30/P8_Y5_PARENT_QLOC_2179_SOURCE_REGISTER.csv,3726,1050fef8c38f4eca85ed1455b57ae0ae25157ffbe605f29f7786385ca8aaa935
residuals,source-intake/mts_residuals/P8_Y5_PARENT_QLOC_2179_V_ACTION_COEFFICIENT_AUDIT.csv,research-ledger/files/residuals/12/P8_Y5_PARENT_QLOC_2179_V_ACTION_COEFFICIENT_AUDIT.csv,2101,be8d0a6c5b354185abd985067a6d91186c21af4852b0d7b7930b54c4e482144b
residuals,source-intake/mts_residuals/P8_Y5_PARENT_QLOC_2180_BRANCH_COPIES.csv,research-ledger/files/residuals/33/P8_Y5_PARENT_QLOC_2180_BRANCH_COPIES.csv,1832,c7194b4ebe16f8f407fc52f81bbcd05aeb0fb952cf6ad39b4187082605d9d73c
residuals,source-intake/mts_residuals/P8_Y5_PARENT_QLOC_2180_CLAIM_GATE.csv,research-ledger/files/residuals/e3/P8_Y5_PARENT_QLOC_2180_CLAIM_GATE.csv,1576,afd8c6c65a3d492ff66ce8e21be819dde7d1f7585636e5a9974354d7fd929fd4
residuals,source-intake/mts_residuals/P8_Y5_PARENT_QLOC_2180_DECISION_LEDGER.csv,research-ledger/files/residuals/4d/P8_Y5_PARENT_QLOC_2180_DECISION_LEDGER.csv,1403,6e42caa3519a1d3362fb16e4736f0ab2c20593b9f7ede03e181b747367963814
residuals,source-intake/mts_residuals/P8_Y5_PARENT_QLOC_2180_DELTA_KAPPA_GLUE_FINITE_ROWS.csv,research-ledger/files/residuals/cc/P8_Y5_PARENT_QLOC_2180_DELTA_KAPPA_GLUE_FINITE_ROWS.csv,2700,e1b6ec60226eb7945306e9a02f44e027c4b4c9489ec491971637ed6597a051f5
residuals,source-intake/mts_residuals/P8_Y5_PARENT_QLOC_2180_KAPPA_BETA_GLUE_LEDGER.csv,research-ledger/files/residuals/7b/P8_Y5_PARENT_QLOC_2180_KAPPA_BETA_GLUE_LEDGER.csv,2027,93b363f643458c3af7cd3fc863dc0034b94c838d73c530a17977017540aa0a38
residuals,source-intake/mts_residuals/P8_Y5_PARENT_QLOC_2180_NEWTON_SOURCE_GLUE_RESIDUAL_LAW.csv,research-ledger/files/residuals/a2/P8_Y5_PARENT_QLOC_2180_NEWTON_SOURCE_GLUE_RESIDUAL_LAW.csv,1942,5a42894abd4016a6a2c614ae8eac8dbb6a2a6e1a4f13d54aedbb2e59f31fc760
residuals,source-intake/mts_residuals/P8_Y5_PARENT_QLOC_2180_NEXT_TARGET.csv,research-ledger/files/residuals/6d/P8_Y5_PARENT_QLOC_2180_NEXT_TARGET.csv,1431,cc66518c54408156c122759f9972c6af6509622ee59dec7b8566a5919de28d3b
residuals,source-intake/mts_residuals/P8_Y5_PARENT_QLOC_2180_PIM_JH_MASS_CURRENT_GLUE_AUDIT.csv,research-ledger/files/residuals/e3/P8_Y5_PARENT_QLOC_2180_PIM_JH_MASS_CURRENT_GLUE_AUDIT.csv,2120,4bd8d65ddb31b79bf7a738c78b21b8dc6788fa631513173d57edd16d69eadeac
residuals,source-intake/mts_residuals/P8_Y5_PARENT_QLOC_2180_SOURCE_REGISTER.csv,research-ledger/files/residuals/cf/P8_Y5_PARENT_QLOC_2180_SOURCE_REGISTER.csv,4430,41fb7c3adb5ed9b45dea8170b5dbab7ba2be539c3e251e0c9594c5d001fabfbe
residuals,source-intake/mts_residuals/P8_Y5_PARENT_QLOC_2181_BRANCH_COPIES.csv,research-ledger/files/residuals/1b/P8_Y5_PARENT_QLOC_2181_BRANCH_COPIES.csv,1808,4c10a1f66fabad6d7240f7411a3971e58a9b7b662de07f6730264d626c34c82f
residuals,source-intake/mts_residuals/P8_Y5_PARENT_QLOC_2181_CLAIM_GATE.csv,research-ledger/files/residuals/f9/P8_Y5_PARENT_QLOC_2181_CLAIM_GATE.csv,1509,2cfdc3275cb8f9e302f13bf7ae4d123c46d831b16bb5bac1151b61d94d86bfa6
residuals,source-intake/mts_residuals/P8_Y5_PARENT_QLOC_2181_DECISION_LEDGER.csv,research-ledger/files/residuals/27/P8_Y5_PARENT_QLOC_2181_DECISION_LEDGER.csv,1486,76d4dc06d8bc536dd257b77a0be6135517a474a2d76bc8b89286fad771b7e9cf
residuals,source-intake/mts_residuals/P8_Y5_PARENT_QLOC_2181_EPSILON_M_DECOMPOSITION.csv,research-ledger/files/residuals/a0/P8_Y5_PARENT_QLOC_2181_EPSILON_M_DECOMPOSITION.csv,2281,a349f324d49500ddb6bff2b38a1a4e4375aa273a195a097a7c7567e877de5e85
residuals,source-intake/mts_residuals/P8_Y5_PARENT_QLOC_2181_EPSILON_M_FINITE_ROWS.csv,research-ledger/files/residuals/df/P8_Y5_PARENT_QLOC_2181_EPSILON_M_FINITE_ROWS.csv,3039,75b1dab5e54da6c8554559a1164cbe678d2308f8c43f090bf4d91258737846d1
residuals,source-intake/mts_residuals/P8_Y5_PARENT_QLOC_2181_NEXT_TARGET.csv,research-ledger/files/residuals/9d/P8_Y5_PARENT_QLOC_2181_NEXT_TARGET.csv,1464,90868c6a37f78afba77fd7bcd8b1cdf1ea51f53442d1c0c21f42fc1fe92e763b
residuals,source-intake/mts_residuals/P8_Y5_PARENT_QLOC_2181_PIM_COMMUTATOR_ZERO_AUDIT.csv,research-ledger/files/residuals/67/P8_Y5_PARENT_QLOC_2181_PIM_COMMUTATOR_ZERO_AUDIT.csv,2148,4ad1f63d454942ab09c69aebc8ffc7e66cbcc81bd8c39e348e82c7af8adcf8d0
residuals,source-intake/mts_residuals/P8_Y5_PARENT_QLOC_2181_SOURCE_REGISTER.csv,research-ledger/files/residuals/1c/P8_Y5_PARENT_QLOC_2181_SOURCE_REGISTER.csv,4350,6a6ea3bf2ac438b5d2364422d02193a405789fa0ece7ca225bc3251eeacd2812
residuals,source-intake/mts_residuals/P8_Y5_PARENT_QLOC_2181_WORLDTUBE_SOURCE_GLUE_AUDIT.csv,research-ledger/files/residuals/7f/P8_Y5_PARENT_QLOC_2181_WORLDTUBE_SOURCE_GLUE_AUDIT.csv,2168,fd2f1943f4da56de93b6dba3fd31413d84a1de73049e97987b86693e70380d99
residuals,source-intake/mts_residuals/P8_Y5_PARENT_QLOC_2182_BRANCH_COPIES.csv,research-ledger/files/residuals/b6/P8_Y5_PARENT_QLOC_2182_BRANCH_COPIES.csv,1808,22ff9aa3ffa6ac4aefff93312a2797cb7ad65e6c1fdbbb0b0d7c0f2d7680e11a
residuals,source-intake/mts_residuals/P8_Y5_PARENT_QLOC_2182_CLAIM_GATE.csv,research-ledger/files/residuals/59/P8_Y5_PARENT_QLOC_2182_CLAIM_GATE.csv,1967,576da573490736df8b6a5bb615c57ad637f98929a3816f012cbe3b8b617a8036
residuals,source-intake/mts_residuals/P8_Y5_PARENT_QLOC_2182_DECISION_LEDGER.csv,research-ledger/files/residuals/61/P8_Y5_PARENT_QLOC_2182_DECISION_LEDGER.csv,1336,328c8d79b54efb9a1391f1cb41a23e9fb1e0baf997f59c0bb569eabaed055045
residuals,source-intake/mts_residuals/P8_Y5_PARENT_QLOC_2182_EPSILON_M_BOUND_MAP.csv,research-ledger/files/residuals/c9/P8_Y5_PARENT_QLOC_2182_EPSILON_M_BOUND_MAP.csv,2732,d81f13b7468f9c07e19a0b9b7b38aeb0465dfa5412cc4e377dc7f5de746faf24
residuals,source-intake/mts_residuals/P8_Y5_PARENT_QLOC_2182_FINITE_ROWS.csv,research-ledger/files/residuals/1f/P8_Y5_PARENT_QLOC_2182_FINITE_ROWS.csv,2916,360de5cfe0d680482c3b37de884f4b2d807f6d372df11184c6a33388ade397c7
residuals,source-intake/mts_residuals/P8_Y5_PARENT_QLOC_2182_NEXT_TARGET.csv,research-ledger/files/residuals/8b/P8_Y5_PARENT_QLOC_2182_NEXT_TARGET.csv,1669,5b6eb4eee7563ed5fdb58ed3bec95179705fc594c9020e3461872cff7c9e71ac
residuals,source-intake/mts_residuals/P8_Y5_PARENT_QLOC_2182_REQ_BZERO_ZERO_CONDITIONS.csv,research-ledger/files/residuals/af/P8_Y5_PARENT_QLOC_2182_REQ_BZERO_ZERO_CONDITIONS.csv,2241,c91eac0d7debece295c7571271c58099d1a16acc5ca21bda242610d294849206
residuals,source-intake/mts_residuals/P8_Y5_PARENT_QLOC_2182_SOURCE_REGISTER.csv,research-ledger/files/residuals/97/P8_Y5_PARENT_QLOC_2182_SOURCE_REGISTER.csv,4774,5246d5d26bf651a6261b2c99ad2ab85c73d13b30aa1169c8afeec9f253a06928
residuals,source-intake/mts_residuals/P8_Y5_PARENT_QLOC_2182_TOPOLOGICAL_HILBERT_EQUALITY_AUDIT.csv,research-ledger/files/residuals/0c/P8_Y5_PARENT_QLOC_2182_TOPOLOGICAL_HILBERT_EQUALITY_AUDIT.csv,3107,666e268a73b9319e516028b066ddb5df133a3998416443154236654242fe5544
residuals,source-intake/mts_residuals/P8_Y5_PARENT_QLOC_2183_BRANCH_COPIES.csv,research-ledger/files/residuals/bd/P8_Y5_PARENT_QLOC_2183_BRANCH_COPIES.csv,1835,6fc1d2afacc48746ad0bc56b101665a04023f07982da6045af068ea53e7cc271
residuals,source-intake/mts_residuals/P8_Y5_PARENT_QLOC_2183_CLAIM_GATE.csv,research-ledger/files/residuals/12/P8_Y5_PARENT_QLOC_2183_CLAIM_GATE.csv,1860,3284e3c973f7e1991cc4987b82a7a14d6080f9c78d44bc49dd995b9706f23857
residuals,source-intake/mts_residuals/P8_Y5_PARENT_QLOC_2183_DECISION_LEDGER.csv,research-ledger/files/residuals/e5/P8_Y5_PARENT_QLOC_2183_DECISION_LEDGER.csv,1329,4b6fe74f443eae1aac41b8d46186396c942e34e98aab8a8be8e7ff5a3b9ddca5
residuals,source-intake/mts_residuals/P8_Y5_PARENT_QLOC_2183_NEXT_TARGET.csv,research-ledger/files/residuals/29/P8_Y5_PARENT_QLOC_2183_NEXT_TARGET.csv,1779,1466714be7db1b27a1625f00a554448c37026c9f32043ce6582819221511ecf4
residuals,source-intake/mts_residuals/P8_Y5_PARENT_QLOC_2183_SELECTOR_RESIDUAL_ROWS.csv,research-ledger/files/residuals/61/P8_Y5_PARENT_QLOC_2183_SELECTOR_RESIDUAL_ROWS.csv,3235,c67f42e44be5e20364f4ccc787bb5c3f10905d8755c0f488fbe37aa96f25f36a
residuals,source-intake/mts_residuals/P8_Y5_PARENT_QLOC_2183_SOURCE_MEASURE_CONTRACT_AUDIT.csv,research-ledger/files/residuals/a1/P8_Y5_PARENT_QLOC_2183_SOURCE_MEASURE_CONTRACT_AUDIT.csv,2497,997c628b69ebebb5ab9b006a8ddd2ee87b300399d6531fbb2f92a69206b27d8f
residuals,source-intake/mts_residuals/P8_Y5_PARENT_QLOC_2183_SOURCE_REGISTER.csv,research-ledger/files/residuals/0e/P8_Y5_PARENT_QLOC_2183_SOURCE_REGISTER.csv,5118,b35634198a86635ed43cff494cabff08fe0d23e4912c2c267f54d36d50d39761
residuals,source-intake/mts_residuals/P8_Y5_PARENT_QLOC_2183_WORLDTUBE_HILBERT_SELECTOR_THEOREM.csv,research-ledger/files/residuals/ed/P8_Y5_PARENT_QLOC_2183_WORLDTUBE_HILBERT_SELECTOR_THEOREM.csv,3208,e67b8ba04853b456a7ef5b1cd637765b21dc32d45d7eac016b9f8b6715469142
residuals,source-intake/mts_residuals/P8_Y5_PARENT_QLOC_2183_ZERO_BOUNDARY_FLUX_AUDIT.csv,research-ledger/files/residuals/7e/P8_Y5_PARENT_QLOC_2183_ZERO_BOUNDARY_FLUX_AUDIT.csv,1773,553a9ed61c839e9a2e4573b8f58da9f8638af0e5a01d9a1647e8e77c6c453fb8
residuals,source-intake/mts_residuals/P8_Y5_PARENT_QLOC_2184_BRANCH_COPIES.csv,research-ledger/files/residuals/57/P8_Y5_PARENT_QLOC_2184_BRANCH_COPIES.csv,1839,ef797a1804ba0289ccb13ac90c7fac0b27c8e14d3f96cbbfa97248612105e82d
residuals,source-intake/mts_residuals/P8_Y5_PARENT_QLOC_2184_CLAIM_GATE.csv,research-ledger/files/residuals/78/P8_Y5_PARENT_QLOC_2184_CLAIM_GATE.csv,1778,e5dd554f1a192bbc5f907f56b17e18d5d86ff5dbe4752ee6293ea8e1e7a6ac83
residuals,source-intake/mts_residuals/P8_Y5_PARENT_QLOC_2184_DECISION_LEDGER.csv,research-ledger/files/residuals/47/P8_Y5_PARENT_QLOC_2184_DECISION_LEDGER.csv,1280,b6136b2b0f6052ea7b04a156783e304ed26bf6634d683fcfca2fd87360991504
residuals,source-intake/mts_residuals/P8_Y5_PARENT_QLOC_2184_MINIMAL_PARENT_ACTION_SKELETON.csv,research-ledger/files/residuals/53/P8_Y5_PARENT_QLOC_2184_MINIMAL_PARENT_ACTION_SKELETON.csv,3328,6af2bd63d8b9a9292fcf1584fe1aadd225a8a690f8490e8637bfd985b18d4704
residuals,source-intake/mts_residuals/P8_Y5_PARENT_QLOC_2184_NEXT_TARGET.csv,research-ledger/files/residuals/12/P8_Y5_PARENT_QLOC_2184_NEXT_TARGET.csv,1638,3dc5c28edadeba1cc5fb06ad2d374d6a5f242994b5e205162f779567a287726f
residuals,source-intake/mts_residuals/P8_Y5_PARENT_QLOC_2184_NOETHER_HAMILTONIAN_CHARGE_CHAIN.csv,research-ledger/files/residuals/d5/P8_Y5_PARENT_QLOC_2184_NOETHER_HAMILTONIAN_CHARGE_CHAIN.csv,2768,9192f8bb61c8496b60c5f512445480dba356db2a9ab9cd2a080c9e13e1194456
residuals,source-intake/mts_residuals/P8_Y5_PARENT_QLOC_2184_PARENT_ACTION_RESIDUAL_ROWS.csv,research-ledger/files/residuals/3c/P8_Y5_PARENT_QLOC_2184_PARENT_ACTION_RESIDUAL_ROWS.csv,2985,12e41fd343cc6ea7d26e9de72398a92b5b327827a1edf80d8a784b20506f6de5
residuals,source-intake/mts_residuals/P8_Y5_PARENT_QLOC_2184_SOURCE_REGISTER.csv,research-ledger/files/residuals/3e/P8_Y5_PARENT_QLOC_2184_SOURCE_REGISTER.csv,4847,c9ac7fbf2b3cf68278f1b86f6058a99015f82e96c989df6cd2593cb1cfeb0c58
residuals,source-intake/mts_residuals/P8_Y5_PARENT_QLOC_2184_V_AS_LOCAL_LAPSE_READOUT_BRIDGE.csv,research-ledger/files/residuals/01/P8_Y5_PARENT_QLOC_2184_V_AS_LOCAL_LAPSE_READOUT_BRIDGE.csv,2805,140510c880bc8fca709c2cb4474fe09157540c482918584ea8cb01f19f7c4e61
residuals,source-intake/mts_residuals/P8_Y5_PARENT_QLOC_2185_BRANCH_COPIES.csv,research-ledger/files/residuals/5b/P8_Y5_PARENT_QLOC_2185_BRANCH_COPIES.csv,1821,dccd4f8b4f31072483f20898b59c845c7e1e0db5a2dbb54571b6f71d870d41d4
residuals,source-intake/mts_residuals/P8_Y5_PARENT_QLOC_2185_CLAIM_GATE.csv,research-ledger/files/residuals/d2/P8_Y5_PARENT_QLOC_2185_CLAIM_GATE.csv,1820,583ed32201ac2537d765ccc450f247f9177e265c72ecfe3f81ba155b1dc95ba3
residuals,source-intake/mts_residuals/P8_Y5_PARENT_QLOC_2185_DECISION_LEDGER.csv,research-ledger/files/residuals/58/P8_Y5_PARENT_QLOC_2185_DECISION_LEDGER.csv,1317,372be3575c4f3a26863710758f1d9c20cc32cea77fd0de9de1f669c83173a3cc
residuals,source-intake/mts_residuals/P8_Y5_PARENT_QLOC_2185_EH_TO_V_WEAK_ACTION_EXTRACTION.csv,research-ledger/files/residuals/23/P8_Y5_PARENT_QLOC_2185_EH_TO_V_WEAK_ACTION_EXTRACTION.csv,1954,21f8af0958f45de01c31d1447b1ed0c103acf192e3b57da2281671c7dff58cc8
residuals,source-intake/mts_residuals/P8_Y5_PARENT_QLOC_2185_INHERITANCE_OR_GR_IMPORT_GATE.csv,research-ledger/files/residuals/e5/P8_Y5_PARENT_QLOC_2185_INHERITANCE_OR_GR_IMPORT_GATE.csv,2109,5b8433abe3faa32b5c4e90fa41b3b79de23a68c55d17a6682f84cafb91f343f0
residuals,source-intake/mts_residuals/P8_Y5_PARENT_QLOC_2185_LAPSE_PPN_READOUT_EXTRACTION.csv,research-ledger/files/residuals/fb/P8_Y5_PARENT_QLOC_2185_LAPSE_PPN_READOUT_EXTRACTION.csv,1897,d060573aa5593185c779d846b345c06e69da5da9132c51104df7319f09116cc0
residuals,source-intake/mts_residuals/P8_Y5_PARENT_QLOC_2185_NEXT_TARGET.csv,research-ledger/files/residuals/d0/P8_Y5_PARENT_QLOC_2185_NEXT_TARGET.csv,1594,25e5742978bca9a82cd2e3d8fc6a1e6fafaea9a46589c2c63d23781beee2fd64
residuals,source-intake/mts_residuals/P8_Y5_PARENT_QLOC_2185_RESIDUAL_ROWS.csv,research-ledger/files/residuals/72/P8_Y5_PARENT_QLOC_2185_RESIDUAL_ROWS.csv,4580,cba4830ab38936af80d8c3485d2ad4c6c632e17354fdb364e37f233bddaaa563
residuals,source-intake/mts_residuals/P8_Y5_PARENT_QLOC_2185_SOURCE_REGISTER.csv,research-ledger/files/residuals/3c/P8_Y5_PARENT_QLOC_2185_SOURCE_REGISTER.csv,4730,9a7fa553479d1c7946c97534c58ee7479e6432472f456b1471be030b469378bd
residuals,source-intake/mts_residuals/P8_Y5_PARENT_QLOC_2186_2PN_READOUT_GAUGE_CALCULATION.csv,research-ledger/files/residuals/97/P8_Y5_PARENT_QLOC_2186_2PN_READOUT_GAUGE_CALCULATION.csv,2276,eb94e532ea5080a54ce2739149499bd6900e94e2d668262f6921c7da165bb36d
residuals,source-intake/mts_residuals/P8_Y5_PARENT_QLOC_2186_BRANCH_COPIES.csv,research-ledger/files/residuals/7b/P8_Y5_PARENT_QLOC_2186_BRANCH_COPIES.csv,1808,3ff75c3d8e3061bac5bd2236d5fd450a96ab9e7fdd41e857234c32b424eec5c7
residuals,source-intake/mts_residuals/P8_Y5_PARENT_QLOC_2186_CLAIM_GATE.csv,research-ledger/files/residuals/16/P8_Y5_PARENT_QLOC_2186_CLAIM_GATE.csv,1740,af2e466e6581aeebb57006e0a71858101a3e74ac4498dee8fdd03130160b5184
residuals,source-intake/mts_residuals/P8_Y5_PARENT_QLOC_2186_DECISION_LEDGER.csv,research-ledger/files/residuals/c6/P8_Y5_PARENT_QLOC_2186_DECISION_LEDGER.csv,1210,3559194d47cc0e856cac3085748e65df392cb1b1d302959d87e14b22def21168
residuals,source-intake/mts_residuals/P8_Y5_PARENT_QLOC_2186_MTS_EH_DESCENT_GATE.csv,research-ledger/files/residuals/99/P8_Y5_PARENT_QLOC_2186_MTS_EH_DESCENT_GATE.csv,2709,54b786dc3a7f96ebc52ff31da9d1a7638715d05d2a6f4e87cfc8ac36ed9dda70
residuals,source-intake/mts_residuals/P8_Y5_PARENT_QLOC_2186_NEXT_TARGET.csv,research-ledger/files/residuals/d1/P8_Y5_PARENT_QLOC_2186_NEXT_TARGET.csv,1513,9c6a6da1ea3e15b7a08c9febbdace0562631f749f60607874278ce6b55ee693c
residuals,source-intake/mts_residuals/P8_Y5_PARENT_QLOC_2186_RADIAL_READOUT_OWNER_GATE.csv,research-ledger/files/residuals/96/P8_Y5_PARENT_QLOC_2186_RADIAL_READOUT_OWNER_GATE.csv,1931,cb21e0747e7e33fa699dde31ff839af9d736186acc627de14aa2ac74ff10c31b
residuals,source-intake/mts_residuals/P8_Y5_PARENT_QLOC_2186_RESIDUAL_ROWS.csv,research-ledger/files/residuals/73/P8_Y5_PARENT_QLOC_2186_RESIDUAL_ROWS.csv,4115,7dca38bd282805cb33a0a63ae4d8b94a4d81f0b39ebb9d09c2f14845675a2f7d
residuals,source-intake/mts_residuals/P8_Y5_PARENT_QLOC_2186_SOURCE_REGISTER.csv,research-ledger/files/residuals/2a/P8_Y5_PARENT_QLOC_2186_SOURCE_REGISTER.csv,4561,8f1b0d6cbb3f29243a8fd786755504aab293ea2ca3d64bd89746edbad5a15ac7
residuals,source-intake/mts_residuals/P8_Y5_PARENT_QLOC_2187_AREAL_ISOTROPIC_BRANCH_RULES.csv,research-ledger/files/residuals/c2/P8_Y5_PARENT_QLOC_2187_AREAL_ISOTROPIC_BRANCH_RULES.csv,1830,b88bced0a7698df25ac11e81ed544966c7552ebb8673d5befc0349291c79ec9d
residuals,source-intake/mts_residuals/P8_Y5_PARENT_QLOC_2187_BRANCH_COPIES.csv,research-ledger/files/residuals/01/P8_Y5_PARENT_QLOC_2187_BRANCH_COPIES.csv,1825,b62b28a13e0a2eaa48929c43c11a6e1551052435b191e98449443859bbbc4b70
residuals,source-intake/mts_residuals/P8_Y5_PARENT_QLOC_2187_CLAIM_GATE.csv,research-ledger/files/residuals/2a/P8_Y5_PARENT_QLOC_2187_CLAIM_GATE.csv,1448,45b53e15f0b56bfc37c067a0c98184c83b0505816e664b8355c9ae6a29803e7f
residuals,source-intake/mts_residuals/P8_Y5_PARENT_QLOC_2187_DECISION_LEDGER.csv,research-ledger/files/residuals/8e/P8_Y5_PARENT_QLOC_2187_DECISION_LEDGER.csv,1174,d3e30c3dbddd1064ae060fcbf90291f0e45d3e51b3e831fe5818635ea933848b
residuals,source-intake/mts_residuals/P8_Y5_PARENT_QLOC_2187_EH_DESCENT_SIGNATURE_MATRIX.csv,research-ledger/files/residuals/c2/P8_Y5_PARENT_QLOC_2187_EH_DESCENT_SIGNATURE_MATRIX.csv,2813,c471c2d5e149011ef8ff50f1c84b1f7ecdf07c96fbce05354426198f9e2e4e9b
residuals,source-intake/mts_residuals/P8_Y5_PARENT_QLOC_2187_NEXT_TARGET.csv,research-ledger/files/residuals/2b/P8_Y5_PARENT_QLOC_2187_NEXT_TARGET.csv,1408,0e7eaa2e43b3ce9dd091fea20848c9cd515f81ed3d20f5d6e0dc07be25fa3dd5
residuals,source-intake/mts_residuals/P8_Y5_PARENT_QLOC_2187_PARENT_RADIAL_GAUGE_CONTRACT.csv,research-ledger/files/residuals/0a/P8_Y5_PARENT_QLOC_2187_PARENT_RADIAL_GAUGE_CONTRACT.csv,2781,59b218f4ed8edb10b73e623b39f2684c68f4e4df4ac3ec69583b68be9394976e
residuals,source-intake/mts_residuals/P8_Y5_PARENT_QLOC_2187_RESIDUAL_ROWS.csv,research-ledger/files/residuals/ec/P8_Y5_PARENT_QLOC_2187_RESIDUAL_ROWS.csv,4095,45a7867b6c8807317e6038227b1fe9d9bfd3f350064b7da816f77b612eb53c0e
residuals,source-intake/mts_residuals/P8_Y5_PARENT_QLOC_2187_SOURCE_REGISTER.csv,research-ledger/files/residuals/b4/P8_Y5_PARENT_QLOC_2187_SOURCE_REGISTER.csv,4724,4de1ab7c93388555a79819717bd7c9907443c6403dd6778dce4b4ec7df950751
residuals,source-intake/mts_residuals/P8_Y5_PARENT_QLOC_2188_BRANCH_COPIES.csv,research-ledger/files/residuals/a3/P8_Y5_PARENT_QLOC_2188_BRANCH_COPIES.csv,1817,61c7063cd200191f70253a99b7384518529fa508a30670ef99cc92e45cd13fc0
residuals,source-intake/mts_residuals/P8_Y5_PARENT_QLOC_2188_CLAIM_GATE.csv,research-ledger/files/residuals/89/P8_Y5_PARENT_QLOC_2188_CLAIM_GATE.csv,1985,45f3a1bc44941a46d09358b3ab86e4aa1f8fae8b0b2e66c34a5dadc9154a26c6
residuals,source-intake/mts_residuals/P8_Y5_PARENT_QLOC_2188_DECISION_LEDGER.csv,research-ledger/files/residuals/55/P8_Y5_PARENT_QLOC_2188_DECISION_LEDGER.csv,1314,f7ca92186d0c389453b82a1ae09268a77a2f51772d13ab673b64645d69d4ce9a
residuals,source-intake/mts_residuals/P8_Y5_PARENT_QLOC_2188_DOUBLE_ZERO_THEOREM_CONTRACT.csv,research-ledger/files/residuals/6d/P8_Y5_PARENT_QLOC_2188_DOUBLE_ZERO_THEOREM_CONTRACT.csv,3040,ded74714e137c76f883eba21e2b8a5643e6cbe4a1bf1b81f0f638f77fe1fb507
residuals,source-intake/mts_residuals/P8_Y5_PARENT_QLOC_2188_EXTRA_SECTOR_LEAKAGE_LEDGER.csv,research-ledger/files/residuals/65/P8_Y5_PARENT_QLOC_2188_EXTRA_SECTOR_LEAKAGE_LEDGER.csv,3163,18a1d934dc3b72614dba559b65c46b3d88abe8c2fc1e0b55ff251a0210a8b927
residuals,source-intake/mts_residuals/P8_Y5_PARENT_QLOC_2188_LOCAL_GR_ENVELOPE.csv,research-ledger/files/residuals/a2/P8_Y5_PARENT_QLOC_2188_LOCAL_GR_ENVELOPE.csv,3644,373685abd139dfdfd28f7ed12e1190e31fb82a4b25d0f1b8ec930d8887defc2b
residuals,source-intake/mts_residuals/P8_Y5_PARENT_QLOC_2188_NEXT_TARGET.csv,research-ledger/files/residuals/3c/P8_Y5_PARENT_QLOC_2188_NEXT_TARGET.csv,1638,41cf2014c1ec7928f75397852d815810ce12226c98a06a20d702d56c4fbb4b73
residuals,source-intake/mts_residuals/P8_Y5_PARENT_QLOC_2188_PIM_LOCK_CONTRACT.csv,research-ledger/files/residuals/02/P8_Y5_PARENT_QLOC_2188_PIM_LOCK_CONTRACT.csv,2538,3e3efed95a6dc827c13ac80b6ca3cb2fc29bfd3811c7bbf9117cb388b66d35ef
residuals,source-intake/mts_residuals/P8_Y5_PARENT_QLOC_2188_SOURCE_REGISTER.csv,research-ledger/files/residuals/ed/P8_Y5_PARENT_QLOC_2188_SOURCE_REGISTER.csv,4870,a78658d26542befbf2b59bf622a11f20c2e49b21eea4d64bdb009a90371309f7
residuals,source-intake/mts_residuals/P8_Y5_PARENT_QLOC_2189_BRANCH_COPIES.csv,research-ledger/files/residuals/da/P8_Y5_PARENT_QLOC_2189_BRANCH_COPIES.csv,1823,185f87b9250d1805421669b4f05b9bd958dde723c547c1c90aefe692b3dcddce
residuals,source-intake/mts_residuals/P8_Y5_PARENT_QLOC_2189_CLAIM_GATE.csv,research-ledger/files/residuals/6e/P8_Y5_PARENT_QLOC_2189_CLAIM_GATE.csv,1764,419d579ec762d381c57d0538b93095846788958f0130621310d87789e5ba0414
residuals,source-intake/mts_residuals/P8_Y5_PARENT_QLOC_2189_DECISION_LEDGER.csv,research-ledger/files/residuals/68/P8_Y5_PARENT_QLOC_2189_DECISION_LEDGER.csv,1024,ec0a8dc5e34a843d2a0fc3e00b5dc3e30da5c7b06da3798acae91bb5460dd25b
residuals,source-intake/mts_residuals/P8_Y5_PARENT_QLOC_2189_DOUBLE_ZERO_STATUS_MATRIX.csv,research-ledger/files/residuals/29/P8_Y5_PARENT_QLOC_2189_DOUBLE_ZERO_STATUS_MATRIX.csv,3237,ca2c9650b468fe339e8a962cf51c1b03347331ae0a08cb0a441d0a17225d8fe8
residuals,source-intake/mts_residuals/P8_Y5_PARENT_QLOC_2189_EXTRA_SECTOR_COUPLING_INVENTORY.csv,research-ledger/files/residuals/74/P8_Y5_PARENT_QLOC_2189_EXTRA_SECTOR_COUPLING_INVENTORY.csv,6826,c23200eebb378bf6d3150833eef19355893b900de4b70eba24933c1403d56f24
residuals,source-intake/mts_residuals/P8_Y5_PARENT_QLOC_2189_LEAKAGE_RESIDUAL_ROWS.csv,research-ledger/files/residuals/e5/P8_Y5_PARENT_QLOC_2189_LEAKAGE_RESIDUAL_ROWS.csv,5006,972dc0a4a3f769bdce988bcb4615673bf5401d414308d2210529fb1ef11a1506
residuals,source-intake/mts_residuals/P8_Y5_PARENT_QLOC_2189_NEXT_TARGET.csv,research-ledger/files/residuals/d3/P8_Y5_PARENT_QLOC_2189_NEXT_TARGET.csv,1570,36bfaec23e94efa95c54abda0bc69744a28ddc6c7b91d87fe1b20ed3be8cb8f4
residuals,source-intake/mts_residuals/P8_Y5_PARENT_QLOC_2189_PRIORITY_RANKING.csv,research-ledger/files/residuals/88/P8_Y5_PARENT_QLOC_2189_PRIORITY_RANKING.csv,1447,afe0e65dd96a60ff97876e89a8cf182f72e740039821f4e8ce94c968ed3f0f6e
residuals,source-intake/mts_residuals/P8_Y5_PARENT_QLOC_2189_SOURCE_REGISTER.csv,research-ledger/files/residuals/9a/P8_Y5_PARENT_QLOC_2189_SOURCE_REGISTER.csv,4255,5a073240d73053d3f134c6661419242559862b7acb36c9880b378676b054a123
residuals,source-intake/mts_residuals/P8_Y5_PARENT_QLOC_2190_BRANCH_COPIES.csv,research-ledger/files/residuals/d5/P8_Y5_PARENT_QLOC_2190_BRANCH_COPIES.csv,1826,e80b488a1ca587ed80129b78283de63e88e1a699fe018560c30933cec5f22825
residuals,source-intake/mts_residuals/P8_Y5_PARENT_QLOC_2190_CANDIDATE_ROUTE_AUDIT.csv,research-ledger/files/residuals/f0/P8_Y5_PARENT_QLOC_2190_CANDIDATE_ROUTE_AUDIT.csv,2236,40d4bf3b77c7ba80a3070f84f933c41013a888864be1ab089f0b3222161f1c95
residuals,source-intake/mts_residuals/P8_Y5_PARENT_QLOC_2190_CLAIM_GATE.csv,research-ledger/files/residuals/ec/P8_Y5_PARENT_QLOC_2190_CLAIM_GATE.csv,2162,eb1e30b57edb6ca87a9ae88514e5bfccd29e6f6a3b790f832435c9a2180ad9df
residuals,source-intake/mts_residuals/P8_Y5_PARENT_QLOC_2190_DECISION_LEDGER.csv,research-ledger/files/residuals/24/P8_Y5_PARENT_QLOC_2190_DECISION_LEDGER.csv,1241,b1c5ac3b1173bc9e6bf489b5e75708cff1bd34f0fc1c7a06070ad2fe4651518e
residuals,source-intake/mts_residuals/P8_Y5_PARENT_QLOC_2190_DERIVATION_GATE.csv,research-ledger/files/residuals/99/P8_Y5_PARENT_QLOC_2190_DERIVATION_GATE.csv,3638,70a3ef443257f345440ccecf7b89823c46fbce67f92ed0b113064611dca5ccb3
residuals,source-intake/mts_residuals/P8_Y5_PARENT_QLOC_2190_LOCAL_TEST_PROJECTION_QUEUE.csv,research-ledger/files/residuals/38/P8_Y5_PARENT_QLOC_2190_LOCAL_TEST_PROJECTION_QUEUE.csv,1936,f4df2040789750c6278236761cd8701a276504afc21c3ca512529e6e8d36069b
residuals,source-intake/mts_residuals/P8_Y5_PARENT_QLOC_2190_NEXT_TARGET.csv,research-ledger/files/residuals/72/P8_Y5_PARENT_QLOC_2190_NEXT_TARGET.csv,1545,5864f5379e2007a944142415652531a8ccf0d237b5c48f3ad3b9c84251ae488c
residuals,source-intake/mts_residuals/P8_Y5_PARENT_QLOC_2190_QLOC_RESIDUAL_LOCK_INTERFACE.csv,research-ledger/files/residuals/a2/P8_Y5_PARENT_QLOC_2190_QLOC_RESIDUAL_LOCK_INTERFACE.csv,3849,4d9f90b687455cb0d4468b62eb6e2bee91df35611ea237d9def580b9bd960f06
residuals,source-intake/mts_residuals/P8_Y5_PARENT_QLOC_2190_SOURCE_REGISTER.csv,research-ledger/files/residuals/54/P8_Y5_PARENT_QLOC_2190_SOURCE_REGISTER.csv,5264,0259d7161a0a15a6127f57124c37bd7c011214a328c9fb079a657168572d84bb
residuals,source-intake/mts_residuals/P8_Y5_PARENT_QLOC_2191_BRANCH_COPIES.csv,research-ledger/files/residuals/9d/P8_Y5_PARENT_QLOC_2191_BRANCH_COPIES.csv,1825,7578689af90efca5b351c32b5b20b0bc894f939b9637576bff301d88828f62e3
residuals,source-intake/mts_residuals/P8_Y5_PARENT_QLOC_2191_CLAIM_GATE.csv,research-ledger/files/residuals/db/P8_Y5_PARENT_QLOC_2191_CLAIM_GATE.csv,1631,ec226cf8c9d822e06ad324928a736beafb0dd2f159b4e8cf08d75d68b40b517b
residuals,source-intake/mts_residuals/P8_Y5_PARENT_QLOC_2191_DECISION_LEDGER.csv,research-ledger/files/residuals/ae/P8_Y5_PARENT_QLOC_2191_DECISION_LEDGER.csv,948,f0668c2de9f8b4bd5099101162e9a8f8c067ea6b525f686887d7cddd717e604e
residuals,source-intake/mts_residuals/P8_Y5_PARENT_QLOC_2191_DRY_RUN_RESULTS.csv,research-ledger/files/residuals/5d/P8_Y5_PARENT_QLOC_2191_DRY_RUN_RESULTS.csv,1245,53d085d8be337ddb34fc8e9e601e9d332169462b196051fc7b09261ea6d5b982
residuals,source-intake/mts_residuals/P8_Y5_PARENT_QLOC_2191_NEXT_TARGET.csv,research-ledger/files/residuals/10/P8_Y5_PARENT_QLOC_2191_NEXT_TARGET.csv,1397,07a8019d5f89e4fdb5c04c862a895bec6b93230590a4c99cea01275342d577b7
residuals,source-intake/mts_residuals/P8_Y5_PARENT_QLOC_2191_PROJECTION_RUNNER_SPEC.csv,research-ledger/files/residuals/02/P8_Y5_PARENT_QLOC_2191_PROJECTION_RUNNER_SPEC.csv,2197,7f4f993eedd667316f40b3472bd9cec204bf34ebafe80a3b87ec99249e834420
residuals,source-intake/mts_residuals/P8_Y5_PARENT_QLOC_2191_QLOC_COMPONENT_SCHEMA.csv,research-ledger/files/residuals/d8/P8_Y5_PARENT_QLOC_2191_QLOC_COMPONENT_SCHEMA.csv,2948,31292a9f6d3357ad31550c3732dd84ec01a87cff8a7c71fb8bf00200e2195938
residuals,source-intake/mts_residuals/P8_Y5_PARENT_QLOC_2191_SOURCE_REGISTER.csv,research-ledger/files/residuals/14/P8_Y5_PARENT_QLOC_2191_SOURCE_REGISTER.csv,5092,7f05e6cf1170266a88bd7ac42d68ec148a496149d700f8c7a32a44654894999f
residuals,source-intake/mts_residuals/P8_Y5_PARENT_QLOC_2191_THEOREM_ZERO_CERTIFICATE.csv,research-ledger/files/residuals/eb/P8_Y5_PARENT_QLOC_2191_THEOREM_ZERO_CERTIFICATE.csv,2342,78c325d7c731cd9576d6a5a060d806d25ea53b6b794c8abfece3dca986d8aa41
residuals,source-intake/mts_residuals/P8_Y5_PARENT_QLOC_2192_BOUND_CURVE_PROVENANCE_AUDIT.csv,research-ledger/files/residuals/d4/P8_Y5_PARENT_QLOC_2192_BOUND_CURVE_PROVENANCE_AUDIT.csv,2515,aa79504719309cbf456568e5da7ebc0fb48fb351c3ff745d426d034291a0ccd0
residuals,source-intake/mts_residuals/P8_Y5_PARENT_QLOC_2192_BRANCH_COPIES.csv,research-ledger/files/residuals/79/P8_Y5_PARENT_QLOC_2192_BRANCH_COPIES.csv,1806,8ed0ad80d4bd8d51149580e0fb6ae6fdcd93271c8fe086afb1bd46ea3c8c5085
residuals,source-intake/mts_residuals/P8_Y5_PARENT_QLOC_2192_CLAIM_GATE.csv,research-ledger/files/residuals/9d/P8_Y5_PARENT_QLOC_2192_CLAIM_GATE.csv,1118,258ef7d3e9f5903b7062a4bcd92df9b1716fd7765b98a148ffad50047a8fc534
residuals,source-intake/mts_residuals/P8_Y5_PARENT_QLOC_2192_DECISION_LEDGER.csv,research-ledger/files/residuals/83/P8_Y5_PARENT_QLOC_2192_DECISION_LEDGER.csv,1175,30d5f9fd16fe54afdb017c086d62c3f09bfb338df44c1e5918b2aac5f9eb3c3b
residuals,source-intake/mts_residuals/P8_Y5_PARENT_QLOC_2192_DRY_RUN_RESULTS.csv,research-ledger/files/residuals/c6/P8_Y5_PARENT_QLOC_2192_DRY_RUN_RESULTS.csv,1651,ba0b2f42cce004cc833631fd996cabf9e1f1ae000a70a56d72e586a04c39307a
residuals,source-intake/mts_residuals/P8_Y5_PARENT_QLOC_2192_NEXT_TARGET.csv,research-ledger/files/residuals/fc/P8_Y5_PARENT_QLOC_2192_NEXT_TARGET.csv,1423,f6c92528967feb142a012b0b37d2adb05171cff5faa54fb0d7d803db93861d0c
residuals,source-intake/mts_residuals/P8_Y5_PARENT_QLOC_2192_R10_COMPONENT_INPUT_ROW.csv,research-ledger/files/residuals/21/P8_Y5_PARENT_QLOC_2192_R10_COMPONENT_INPUT_ROW.csv,2050,999b99de2e3a78f3692d97634012f01492e5442183612cdb49e85a3a8aa0163c
residuals,source-intake/mts_residuals/P8_Y5_PARENT_QLOC_2192_R10_RESPONSE_OPERATOR_ROW.csv,research-ledger/files/residuals/99/P8_Y5_PARENT_QLOC_2192_R10_RESPONSE_OPERATOR_ROW.csv,1947,7e2bd9ebd0c353cb9098ab497fa144cc10b03cdbca9d61196c31265de7585ab1
residuals,source-intake/mts_residuals/P8_Y5_PARENT_QLOC_2192_SOURCE_REGISTER.csv,research-ledger/files/residuals/85/P8_Y5_PARENT_QLOC_2192_SOURCE_REGISTER.csv,6484,a0344e26e76f8c9939586184ac51198de9a8c331f94390bc4be524742048ee4a
residuals,source-intake/mts_residuals/P8_Y5_PARENT_QLOC_2193_BRANCH_COPIES.csv,research-ledger/files/residuals/69/P8_Y5_PARENT_QLOC_2193_BRANCH_COPIES.csv,1807,4aa64351c58ab94855a9b199d88394900a30c8557283f7a1ebdd97de8bc071ca
residuals,source-intake/mts_residuals/P8_Y5_PARENT_QLOC_2193_CLAIM_GATE.csv,research-ledger/files/residuals/41/P8_Y5_PARENT_QLOC_2193_CLAIM_GATE.csv,1231,0586defcaea6298dbbffb7f3deabebb0755b457e47baf7826e5407a0c4d90412
residuals,source-intake/mts_residuals/P8_Y5_PARENT_QLOC_2193_DECISION_LEDGER.csv,research-ledger/files/residuals/e5/P8_Y5_PARENT_QLOC_2193_DECISION_LEDGER.csv,1280,389689d2b7c33a1f9a94b8d8c546814b292547c74b4c39d91d33a818da95419d
residuals,source-intake/mts_residuals/P8_Y5_PARENT_QLOC_2193_MISSING_INPUT_REDUCTION.csv,research-ledger/files/residuals/d2/P8_Y5_PARENT_QLOC_2193_MISSING_INPUT_REDUCTION.csv,1554,ac94fe7c8fe283ea11dad856176f61a526518c06d115f13ea469b2823e91545d
residuals,source-intake/mts_residuals/P8_Y5_PARENT_QLOC_2193_NEXT_TARGET.csv,research-ledger/files/residuals/6c/P8_Y5_PARENT_QLOC_2193_NEXT_TARGET.csv,1565,cb09bf85af5464806f8030c647b7e247339c24064d700aee39414a2a48df00ec
residuals,source-intake/mts_residuals/P8_Y5_PARENT_QLOC_2193_R10_CURVE_ADMISSION.csv,research-ledger/files/residuals/1f/P8_Y5_PARENT_QLOC_2193_R10_CURVE_ADMISSION.csv,1425,718181a9cbae2695f20db360feb71f351017f4ed36102f4b6907c6c8e3549f9d
residuals,source-intake/mts_residuals/P8_Y5_PARENT_QLOC_2193_R10_JOIN_PREVIEW.csv,research-ledger/files/residuals/f8/P8_Y5_PARENT_QLOC_2193_R10_JOIN_PREVIEW.csv,1395,c8b8c8a6fae034fb5f75518b32125d1dded536c143bef483947e79921a390a93
residuals,source-intake/mts_residuals/P8_Y5_PARENT_QLOC_2193_SOURCE_REGISTER.csv,research-ledger/files/residuals/a8/P8_Y5_PARENT_QLOC_2193_SOURCE_REGISTER.csv,7515,e74086e18b488b91dd9a863e9e8d33e885e7ebf0c719369ae9466405a5fd08e0
residuals,source-intake/mts_residuals/P8_Y5_PARENT_QLOC_2194_ALPHA_FACTORIZATION_CONTRACT.csv,research-ledger/files/residuals/f1/P8_Y5_PARENT_QLOC_2194_ALPHA_FACTORIZATION_CONTRACT.csv,2494,1244ff2e17468bd44311303011558cf73194b132dc40dd4b0fccc45ec7c1f74a
residuals,source-intake/mts_residuals/P8_Y5_PARENT_QLOC_2194_BRANCH_COPIES.csv,research-ledger/files/residuals/f9/P8_Y5_PARENT_QLOC_2194_BRANCH_COPIES.csv,1828,ada90303f408109a0db5637371e04a9c6c05363fd39040fca6ea3b9446c7d3ca
residuals,source-intake/mts_residuals/P8_Y5_PARENT_QLOC_2194_CLAIM_GATE.csv,research-ledger/files/residuals/9d/P8_Y5_PARENT_QLOC_2194_CLAIM_GATE.csv,1037,8f5aa83da789762fd8550f61eb9449c76ef550375bc8ed1a79bdc7e15ffb0456
residuals,source-intake/mts_residuals/P8_Y5_PARENT_QLOC_2194_DECISION_LEDGER.csv,research-ledger/files/residuals/2c/P8_Y5_PARENT_QLOC_2194_DECISION_LEDGER.csv,962,186d0a3914f66fb460b138282252a25e78e504e4c87c8b3edb6e48738a7f723d
residuals,source-intake/mts_residuals/P8_Y5_PARENT_QLOC_2194_NEXT_TARGET.csv,research-ledger/files/residuals/fa/P8_Y5_PARENT_QLOC_2194_NEXT_TARGET.csv,878,ad36faae13ee41164908cc7c0d2bdff4dac48764ea0a44b48d552a2afdd75dd3
residuals,source-intake/mts_residuals/P8_Y5_PARENT_QLOC_2194_R10_ALPHA_TEMPLATE_ROW.csv,research-ledger/files/residuals/d6/P8_Y5_PARENT_QLOC_2194_R10_ALPHA_TEMPLATE_ROW.csv,1120,7893508a1015e48e08c4735c34573bbf2d3ed43a4bfc6157ab0cb78a5a6132e1
residuals,source-intake/mts_residuals/P8_Y5_PARENT_QLOC_2194_SOURCE_REGISTER.csv,research-ledger/files/residuals/43/P8_Y5_PARENT_QLOC_2194_SOURCE_REGISTER.csv,6845,8af0de5c12fd6dbceb847eff94acaf347f8bb7ec1d3463effcfdfcc2269cb260
residuals,source-intake/mts_residuals/P8_Y5_PARENT_QLOC_2194_THEOREM_ZERO_OR_FINITE_EXCHANGE_GATE.csv,research-ledger/files/residuals/8b/P8_Y5_PARENT_QLOC_2194_THEOREM_ZERO_OR_FINITE_EXCHANGE_GATE.csv,2079,aff0b762099736543491b6adc75d0fcb66f47250ec598b98c48bb98fe8335f6b
residuals,source-intake/mts_residuals/P8_Y5_PARENT_QLOC_2194_THEORY_COMPONENT_STATUS.csv,research-ledger/files/residuals/0e/P8_Y5_PARENT_QLOC_2194_THEORY_COMPONENT_STATUS.csv,2028,2e659e50a9602358ce54c67bb69c6cc5939ebb21cb5f503e2529d4eae4b723a6
residuals,source-intake/mts_residuals/P8_Y5_PARENT_QLOC_2195_BRANCH_COPIES.csv,research-ledger/files/residuals/b3/P8_Y5_PARENT_QLOC_2195_BRANCH_COPIES.csv,1852,1e78129bbf37d05b8fccf264b50bc6750384f68ad47447e18c9ce07f8df2fbdb
residuals,source-intake/mts_residuals/P8_Y5_PARENT_QLOC_2195_CG_SQUARED_GUARD.csv,research-ledger/files/residuals/1e/P8_Y5_PARENT_QLOC_2195_CG_SQUARED_GUARD.csv,1130,f84ce19e6bbe97120688d3f3e09058776b2960d3f421c6d276997293f992c756
residuals,source-intake/mts_residuals/P8_Y5_PARENT_QLOC_2195_CLAIM_GATE.csv,research-ledger/files/residuals/8b/P8_Y5_PARENT_QLOC_2195_CLAIM_GATE.csv,1078,23c54d1070ed8f451794277cd685cf98717245d4fa3092d31b4dc01cebfdbcb3
residuals,source-intake/mts_residuals/P8_Y5_PARENT_QLOC_2195_DECISION_LEDGER.csv,research-ledger/files/residuals/0e/P8_Y5_PARENT_QLOC_2195_DECISION_LEDGER.csv,1000,3890f8a61954d2841eafaa5375bf38e9571f25aebdade029ea4fc2facc2d7e35
residuals,source-intake/mts_residuals/P8_Y5_PARENT_QLOC_2195_FIRST_BETA_PRODUCT_PRESSURE_ROW.csv,research-ledger/files/residuals/54/P8_Y5_PARENT_QLOC_2195_FIRST_BETA_PRODUCT_PRESSURE_ROW.csv,1412,193ed6dc904c74750fc321abd8dbe6ce2af8a85c61109e6cd12495b9a1faeded
residuals,source-intake/mts_residuals/P8_Y5_PARENT_QLOC_2195_NEXT_TARGET.csv,research-ledger/files/residuals/c8/P8_Y5_PARENT_QLOC_2195_NEXT_TARGET.csv,833,db396fc74b47fb4f866093aae1ea0dd74f189eb4a914a4aae1e88da677606f68
residuals,source-intake/mts_residuals/P8_Y5_PARENT_QLOC_2195_NO_POLE_CLAUSE_ATTEMPT.csv,research-ledger/files/residuals/5e/P8_Y5_PARENT_QLOC_2195_NO_POLE_CLAUSE_ATTEMPT.csv,2718,f3cef01ec02bd5b4894f76ca9433ed45d6002bc6dbebb2a352643ca074f18168
residuals,source-intake/mts_residuals/P8_Y5_PARENT_QLOC_2195_NO_POLE_DEMOTION_LEDGER.csv,research-ledger/files/residuals/25/P8_Y5_PARENT_QLOC_2195_NO_POLE_DEMOTION_LEDGER.csv,1039,acf2eb9c4e052dc021c8374e96f8bd90495405a79f151f57db97a126488e27ae
residuals,source-intake/mts_residuals/P8_Y5_PARENT_QLOC_2195_SOURCE_REGISTER.csv,research-ledger/files/residuals/30/P8_Y5_PARENT_QLOC_2195_SOURCE_REGISTER.csv,6496,20b2b69056fb06b7857fb9c06951f9ae1bf4744db2646953dd0ca927c7787ed6
residuals,source-intake/mts_residuals/P8_Y5_PARENT_QLOC_2196_BETA_LEG_FALLBACK_QUEUE.csv,research-ledger/files/residuals/51/P8_Y5_PARENT_QLOC_2196_BETA_LEG_FALLBACK_QUEUE.csv,2355,d3feff127f1d6c68a535065133d6a9da333634a3ac5983a8fe12d26a3c00be2f
residuals,source-intake/mts_residuals/P8_Y5_PARENT_QLOC_2196_BRANCH_COPIES.csv,research-ledger/files/residuals/68/P8_Y5_PARENT_QLOC_2196_BRANCH_COPIES.csv,1823,9f52c4768f30155741a065672d0fec9dcf2a581c4fc94db7a19231e4b8bfc48c
residuals,source-intake/mts_residuals/P8_Y5_PARENT_QLOC_2196_CLAIM_GATE.csv,research-ledger/files/residuals/b2/P8_Y5_PARENT_QLOC_2196_CLAIM_GATE.csv,1103,acbf59567bf6ac54213409e0040770cfaa7579284d974c55ee6a0327292c3334
residuals,source-intake/mts_residuals/P8_Y5_PARENT_QLOC_2196_DECISION_LEDGER.csv,research-ledger/files/residuals/50/P8_Y5_PARENT_QLOC_2196_DECISION_LEDGER.csv,1011,2568f2d3551f415517be2ca1ee64371c9cc26fe22d0044fd451eb06986e1ae6d
residuals,source-intake/mts_residuals/P8_Y5_PARENT_QLOC_2196_KX_FACTOR_STATUS.csv,research-ledger/files/residuals/86/P8_Y5_PARENT_QLOC_2196_KX_FACTOR_STATUS.csv,2055,e4a68bac72ae6567e8cd6f3cfd406e93ba13e030165faba5ab9dfaaab966255c
residuals,source-intake/mts_residuals/P8_Y5_PARENT_QLOC_2196_KX_NORMALIZATION_DERIVATION.csv,research-ledger/files/residuals/2e/P8_Y5_PARENT_QLOC_2196_KX_NORMALIZATION_DERIVATION.csv,3195,7ffbfeb39aa76ae36cf31348b89c2b87ba3ec46ecf08ddd7ffcbad96e0c467d1
residuals,source-intake/mts_residuals/P8_Y5_PARENT_QLOC_2196_KX_SHORTCUT_QUARANTINE.csv,research-ledger/files/residuals/3d/P8_Y5_PARENT_QLOC_2196_KX_SHORTCUT_QUARANTINE.csv,1866,d00db5cb466092402b5cdb9173efdb04cca07a8e197ce32b0e331e0394b85098
