category,source_path,published_path,size_bytes,sha256
residuals,source-intake/mts_residuals/P8_Y5_R2FR_3938_DELTA_CAL_SCORE_RUNNER.csv,research-ledger/files/residuals/8d/P8_Y5_R2FR_3938_DELTA_CAL_SCORE_RUNNER.csv,1943,ef28b166ac15aa2cdd8d72f15dbd3de5744bf1c63b1c83fe9479af76acae0733
residuals,source-intake/mts_residuals/P8_Y5_R2FR_3938_NEXT_TARGET.csv,research-ledger/files/residuals/09/P8_Y5_R2FR_3938_NEXT_TARGET.csv,535,3f864fa79e4f0ec060eb3751aab79d41cf96ae615786563faf7a4a4e9eb8ac38
residuals,source-intake/mts_residuals/P8_Y5_R2FR_3938_ORBITAL_BOUND_IMPORTS.csv,research-ledger/files/residuals/00/P8_Y5_R2FR_3938_ORBITAL_BOUND_IMPORTS.csv,2601,8c1a9f1aea620a934dae33386fffa4808364fc73ae197b3fccb38e783a87cf60
residuals,source-intake/mts_residuals/P8_Y5_R2FR_3938_ORBITAL_SOURCE_ACQUISITION_ROWS.csv,research-ledger/files/residuals/97/P8_Y5_R2FR_3938_ORBITAL_SOURCE_ACQUISITION_ROWS.csv,2255,c9063a291ef2df456e2f0e9b96ce6421756effac6e3c6e9e30344048a949996b
residuals,source-intake/mts_residuals/P8_Y5_R2FR_3938_SOURCE_REGISTER.csv,research-ledger/files/residuals/e0/P8_Y5_R2FR_3938_SOURCE_REGISTER.csv,11177,130674f3e94507f9d26c3b22a359bb5d608f2e4d0fabf5568bc80ed5e7d6b659
residuals,source-intake/mts_residuals/P8_Y5_R2FR_3938_STATUS.csv,research-ledger/files/residuals/be/P8_Y5_R2FR_3938_STATUS.csv,318,11eac530d268b19e33bd5602d31603dd2d47f0e093fbaef2a026575c602195fe
residuals,source-intake/mts_residuals/P8_Y5_R2FR_3939_CLAIM_GATE.csv,research-ledger/files/residuals/3a/P8_Y5_R2FR_3939_CLAIM_GATE.csv,794,421b0eb77e7338e4538148742e0f247ec7756c5108d36d636f75ec09b43272f4
residuals,source-intake/mts_residuals/P8_Y5_R2FR_3939_COMPONENT_BOUND_ROUTE_MATRIX.csv,research-ledger/files/residuals/71/P8_Y5_R2FR_3939_COMPONENT_BOUND_ROUTE_MATRIX.csv,2083,0ba370e8e476dbe60003bfea1033b6fb71d378d55528b4443be70eda4d9d9d50
residuals,source-intake/mts_residuals/P8_Y5_R2FR_3939_DECISION_GATE.csv,research-ledger/files/residuals/16/P8_Y5_R2FR_3939_DECISION_GATE.csv,606,efbc1631e284386d01535a2259129566bfadf6dfb5e3fa6eb75d19aa603eeb17
residuals,source-intake/mts_residuals/P8_Y5_R2FR_3939_DELTA_CAL_CLOSURE_ATTEMPT.csv,research-ledger/files/residuals/7a/P8_Y5_R2FR_3939_DELTA_CAL_CLOSURE_ATTEMPT.csv,1574,d678cfd4da627902845f1b1ce14d6f2d1a87506816a553304b6aacd805c5f115
residuals,source-intake/mts_residuals/P8_Y5_R2FR_3939_DELTA_CAL_COMPONENT_REDUCTION_MAP.csv,research-ledger/files/residuals/4c/P8_Y5_R2FR_3939_DELTA_CAL_COMPONENT_REDUCTION_MAP.csv,2803,592f1ba36864f45c3df80100b9efe14b38687cbd1acc1a8ddd587fe591c6363b
residuals,source-intake/mts_residuals/P8_Y5_R2FR_3939_NEXT_TARGET.csv,research-ledger/files/residuals/08/P8_Y5_R2FR_3939_NEXT_TARGET.csv,549,0179ed06dae40e66219dac58531098c8f63ac39bc74a485a8b8e4380d83e1320
residuals,source-intake/mts_residuals/P8_Y5_R2FR_3939_PARENT_CLAUSE_STACK.csv,research-ledger/files/residuals/0c/P8_Y5_R2FR_3939_PARENT_CLAUSE_STACK.csv,2991,412c656d08607706f1337264aaa52fca5ecbc1fc3b56c6448ee914aced863a4f
residuals,source-intake/mts_residuals/P8_Y5_R2FR_3939_REDUCED_DELTA_CAL_RUNNER.csv,research-ledger/files/residuals/82/P8_Y5_R2FR_3939_REDUCED_DELTA_CAL_RUNNER.csv,979,f1152d915ffbe614ac239eb5bfd36e31231b268b6c3903ff7b71d30dfe8fd6c0
residuals,source-intake/mts_residuals/P8_Y5_R2FR_3939_SOURCE_REGISTER.csv,research-ledger/files/residuals/98/P8_Y5_R2FR_3939_SOURCE_REGISTER.csv,12134,112181a8c2fae5f8e19a4eb1c01e37962c17d5e60103fe0cf71b400355e711e2
residuals,source-intake/mts_residuals/P8_Y5_R2FR_3939_STATUS.csv,research-ledger/files/residuals/90/P8_Y5_R2FR_3939_STATUS.csv,283,12be613eff3b58a10f2a755dbcdf3866466d5d3fbe6b7da463e40a407c494e82
residuals,source-intake/mts_residuals/P8_Y5_R2FR_3940_CLAIM_GATE.csv,research-ledger/files/residuals/4f/P8_Y5_R2FR_3940_CLAIM_GATE.csv,1047,18d339eb009be55a25c731729551974e1eee5bd20c0dc6f372f3aa9f8fa7fc78
residuals,source-intake/mts_residuals/P8_Y5_R2FR_3940_DELTA_CHARGE_RESIDUAL_BOUND_ROWS.csv,research-ledger/files/residuals/a5/P8_Y5_R2FR_3940_DELTA_CHARGE_RESIDUAL_BOUND_ROWS.csv,2749,32f438cf73cca85991aec4ea2d2890e3d670149d7e5525a04a4a6778d4c94fd9
residuals,source-intake/mts_residuals/P8_Y5_R2FR_3940_NEXT_TARGET.csv,research-ledger/files/residuals/40/P8_Y5_R2FR_3940_NEXT_TARGET.csv,544,b13e02a6d6db7723fc2f6a1ba8341b2e3aa7eed145ae63a81a5936c9c434d6b6
residuals,source-intake/mts_residuals/P8_Y5_R2FR_3940_PC0_BOUND_ROUTE_MATRIX.csv,research-ledger/files/residuals/0b/P8_Y5_R2FR_3940_PC0_BOUND_ROUTE_MATRIX.csv,1686,e22c556852b09f44c98168e0bd0a8b28238263fb655c5f3a2b59d145ab12fe97
residuals,source-intake/mts_residuals/P8_Y5_R2FR_3940_PC0_DECISION_GATE.csv,research-ledger/files/residuals/97/P8_Y5_R2FR_3940_PC0_DECISION_GATE.csv,745,b156b162d8b425168fff15ff79bcd0fc927200e4ff4ee5a54de4be4b9370feef
residuals,source-intake/mts_residuals/P8_Y5_R2FR_3940_PC0_SUBCLAUSE_STACK.csv,research-ledger/files/residuals/73/P8_Y5_R2FR_3940_PC0_SUBCLAUSE_STACK.csv,2959,1bdd819f7aee5e996aaa85bef0493f97273f41e86b683c6796188b67a527d8e8
residuals,source-intake/mts_residuals/P8_Y5_R2FR_3940_SOURCE_CHARGE_EQUALITY_ATTEMPT.csv,research-ledger/files/residuals/04/P8_Y5_R2FR_3940_SOURCE_CHARGE_EQUALITY_ATTEMPT.csv,2768,8bcb4838cfd9ec6b7e1ddc7f826ea75b712515772c0fd825892dfccede053438
residuals,source-intake/mts_residuals/P8_Y5_R2FR_3940_SOURCE_REGISTER.csv,research-ledger/files/residuals/47/P8_Y5_R2FR_3940_SOURCE_REGISTER.csv,13684,16b9a62668a90d0fc81c962b7ac903eef8549bff254b2343acf9f46eeb3eb74a
residuals,source-intake/mts_residuals/P8_Y5_R2FR_3940_STATUS.csv,research-ledger/files/residuals/5e/P8_Y5_R2FR_3940_STATUS.csv,318,37bdcb9a66d5dee59167e8dbff179fe09fe3d98011f98f88dc85cf87e2af5f71
residuals,source-intake/mts_residuals/P8_Y5_R2FR_3941_CHAINMAP_PROOF_AUDIT.csv,research-ledger/files/residuals/3b/P8_Y5_R2FR_3941_CHAINMAP_PROOF_AUDIT.csv,2115,f02dec972868de88cbc15ca6c605be0d875490e4febcc41b3c769b0c597d4992
residuals,source-intake/mts_residuals/P8_Y5_R2FR_3941_CLAIM_GATE.csv,research-ledger/files/residuals/aa/P8_Y5_R2FR_3941_CLAIM_GATE.csv,959,78d04915a21332e5ec1c8bcecaba8d8e55882c12cbc5d9adeef2b013bf21b678
residuals,source-intake/mts_residuals/P8_Y5_R2FR_3941_CONSTRAINT_GREEN_PIM_CONSTRUCTION.csv,research-ledger/files/residuals/aa/P8_Y5_R2FR_3941_CONSTRAINT_GREEN_PIM_CONSTRUCTION.csv,2050,da3ddfbce11a05c025daa6ceb17042b2de5b4cb716a4a99b98c54c30ca258f7a
residuals,source-intake/mts_residuals/P8_Y5_R2FR_3941_DECISION_GATE.csv,research-ledger/files/residuals/c7/P8_Y5_R2FR_3941_DECISION_GATE.csv,872,38dd224c1820f95c050abe3cd6e5452343b17ba439c6d516c85e4e2f25ed8bac
residuals,source-intake/mts_residuals/P8_Y5_R2FR_3941_MAXWELL_STRESS_INCLUSION_ROWS.csv,research-ledger/files/residuals/54/P8_Y5_R2FR_3941_MAXWELL_STRESS_INCLUSION_ROWS.csv,936,8f3f0b084bafcc28fc34405ab31b38f6cd239d97f2f9bc41173067e83aabe0df
residuals,source-intake/mts_residuals/P8_Y5_R2FR_3941_NEXT_TARGET.csv,research-ledger/files/residuals/de/P8_Y5_R2FR_3941_NEXT_TARGET.csv,679,c561deca98ef0cecb8ad3d137e37d7e80ffbb2c0a4c5f48b0946108b09e4448d
residuals,source-intake/mts_residuals/P8_Y5_R2FR_3941_PIM_COMMUTATOR_BOUND_ROWS.csv,research-ledger/files/residuals/1c/P8_Y5_R2FR_3941_PIM_COMMUTATOR_BOUND_ROWS.csv,4134,389bb334f5537013090785e75c15b2d748b673c02fc25416e52b5f150630c54d
residuals,source-intake/mts_residuals/P8_Y5_R2FR_3941_PIM_HTAU_MAP_DERIVATION.csv,research-ledger/files/residuals/77/P8_Y5_R2FR_3941_PIM_HTAU_MAP_DERIVATION.csv,2637,989d418f510cc9f51a9c405aed8179e172de8f99257ef03ff13e8e47e1c7cd15
residuals,source-intake/mts_residuals/P8_Y5_R2FR_3941_SOURCE_REGISTER.csv,research-ledger/files/residuals/fa/P8_Y5_R2FR_3941_SOURCE_REGISTER.csv,10374,b542dcce01cef3591107ff46b7db88ff4fa3dd4d3dec03999ca407755dfb1fe8
residuals,source-intake/mts_residuals/P8_Y5_R2FR_3941_STATUS.csv,research-ledger/files/residuals/d2/P8_Y5_R2FR_3941_STATUS.csv,290,d0c7c7f10af4f6d3895dc3fa00d586da83c3d52c7829032fbba98eccaca8d49f
residuals,source-intake/mts_residuals/P8_Y5_R2FR_3942_BOUNDARY_CONDITION_SWITCH.csv,research-ledger/files/residuals/ec/P8_Y5_R2FR_3942_BOUNDARY_CONDITION_SWITCH.csv,1545,f13bb931670ff160a7f5e3ed5bf15c8562a4ce821d0acb77f89bd710860916db
residuals,source-intake/mts_residuals/P8_Y5_R2FR_3942_CLAIM_GATE.csv,research-ledger/files/residuals/e3/P8_Y5_R2FR_3942_CLAIM_GATE.csv,1109,caa5d0b186748f76d29d4f93ca770a8b02d86cf85ca29d8ffdf01ca693ef0d4f
residuals,source-intake/mts_residuals/P8_Y5_R2FR_3942_DECISION_GATE.csv,research-ledger/files/residuals/4f/P8_Y5_R2FR_3942_DECISION_GATE.csv,795,fa9450ff5a16a5bf4b4454da7008879a6be2ae7466a95bc1c10466cb1c411f3c
residuals,source-intake/mts_residuals/P8_Y5_R2FR_3942_GREEN_MAP_KERNEL_THEOREM.csv,research-ledger/files/residuals/25/P8_Y5_R2FR_3942_GREEN_MAP_KERNEL_THEOREM.csv,2412,db2d1906815ea77b3c0e0af079dc5a566607229525c784741f49062e6fc353f3
residuals,source-intake/mts_residuals/P8_Y5_R2FR_3942_HOMOGENEOUS_MODE_AUDIT.csv,research-ledger/files/residuals/a4/P8_Y5_R2FR_3942_HOMOGENEOUS_MODE_AUDIT.csv,1432,6b709e683d63ae912310f65e7798cc52d606e3bb93857b78004ae44bb6e1baec
residuals,source-intake/mts_residuals/P8_Y5_R2FR_3942_NEXT_TARGET.csv,research-ledger/files/residuals/f3/P8_Y5_R2FR_3942_NEXT_TARGET.csv,665,0bf2892d15337f01a07b468dc1a3bb794a9d9661d95da0ff88d8dd2019f7dfb3
residuals,source-intake/mts_residuals/P8_Y5_R2FR_3942_RKERNEL_BOUND_ROWS.csv,research-ledger/files/residuals/4f/P8_Y5_R2FR_3942_RKERNEL_BOUND_ROWS.csv,2248,65f8a2d108665b17bd3127c4ba44f4e24662a03cbb42a3376d5bc9a843f71825
residuals,source-intake/mts_residuals/P8_Y5_R2FR_3942_SOURCE_REGISTER.csv,research-ledger/files/residuals/e3/P8_Y5_R2FR_3942_SOURCE_REGISTER.csv,10320,c5f6358bc1d70e793cbf21533ff85399cfa0c838d7e34bc675f311d4bd96d36f
residuals,source-intake/mts_residuals/P8_Y5_R2FR_3942_STATUS.csv,research-ledger/files/residuals/f8/P8_Y5_R2FR_3942_STATUS.csv,301,c8050e67e46c04b7256522e4640ca69f0243dcc1f099b6ac8f5b4e0c5b946afc
residuals,source-intake/mts_residuals/P8_Y5_R2FR_3943_CLAIM_GATE.csv,research-ledger/files/residuals/44/P8_Y5_R2FR_3943_CLAIM_GATE.csv,955,0624ad73a039ef13492199db874cfc3708414845e3ef8b9cf0576c8186d9e35d
residuals,source-intake/mts_residuals/P8_Y5_R2FR_3943_DECISION_GATE.csv,research-ledger/files/residuals/ba/P8_Y5_R2FR_3943_DECISION_GATE.csv,892,9ba63c7552d09493d7027dbe8615f41af630fb4892e6410bd7b0743e46980edc
residuals,source-intake/mts_residuals/P8_Y5_R2FR_3943_HOMOGENEOUS_REFERENCE_ANCHOR.csv,research-ledger/files/residuals/72/P8_Y5_R2FR_3943_HOMOGENEOUS_REFERENCE_ANCHOR.csv,1073,f5d4ad3bfffd7075d2eb581aec20f5d073456995fa71b4ea263ea080a92625ae
residuals,source-intake/mts_residuals/P8_Y5_R2FR_3943_MHREF_REFERENCE_CHARGE_THEOREM.csv,research-ledger/files/residuals/10/P8_Y5_R2FR_3943_MHREF_REFERENCE_CHARGE_THEOREM.csv,2412,d3d1778a1f1053132004657a9912f4f2f934a11989784e50cb40968dbb6123cb
residuals,source-intake/mts_residuals/P8_Y5_R2FR_3943_MHREF_SOURCE_ROW_TEMPLATE.csv,research-ledger/files/residuals/70/P8_Y5_R2FR_3943_MHREF_SOURCE_ROW_TEMPLATE.csv,1509,c2bef5f751bb399339a03b495184eecfa4e8f3e091600dc06db6364cc186f778
residuals,source-intake/mts_residuals/P8_Y5_R2FR_3943_NEXT_TARGET.csv,research-ledger/files/residuals/ee/P8_Y5_R2FR_3943_NEXT_TARGET.csv,589,5142d2c45cc82b11fd9fb0052670fd77504543a1843cebb0c1131813dc456128
residuals,source-intake/mts_residuals/P8_Y5_R2FR_3943_RKERNEL_FIRST_BOUND_ROW.csv,research-ledger/files/residuals/76/P8_Y5_R2FR_3943_RKERNEL_FIRST_BOUND_ROW.csv,1245,1dc9df836a12c10ef99362d88fc1f53010bcb34bdc8a5d8dfcd08e83590e1d2d
residuals,source-intake/mts_residuals/P8_Y5_R2FR_3943_SOURCE_REGISTER.csv,research-ledger/files/residuals/03/P8_Y5_R2FR_3943_SOURCE_REGISTER.csv,12865,52ef3f4cabf1d70bd0c154a75e6276839304de2e728fd40baf943d7be4240b42
residuals,source-intake/mts_residuals/P8_Y5_R2FR_3943_STATUS.csv,research-ledger/files/residuals/1a/P8_Y5_R2FR_3943_STATUS.csv,337,4d404e2ee474b7ffbdadb2d39a82ffe5b3eebf53b3daf325a69b398624e661ea
residuals,source-intake/mts_residuals/P8_Y5_R2FR_3944_CLAIM_GATE.csv,research-ledger/files/residuals/70/P8_Y5_R2FR_3944_CLAIM_GATE.csv,864,b7ae992c07b2b4ca58c38f170ea2437760bc134b82ae7af199087368c98eb591
residuals,source-intake/mts_residuals/P8_Y5_R2FR_3944_DECISION_GATE.csv,research-ledger/files/residuals/d9/P8_Y5_R2FR_3944_DECISION_GATE.csv,741,9b53ceecc653aa01d5abe54cba9967ac21784aa3f7e7c50be112ab86116b07b4
residuals,source-intake/mts_residuals/P8_Y5_R2FR_3944_MEH_COMPARATOR_THEOREM.csv,research-ledger/files/residuals/1c/P8_Y5_R2FR_3944_MEH_COMPARATOR_THEOREM.csv,2102,b844c2c2b5fb85f8f9408a42ab7ef4f2e6bb8718e4a443ffbe1a862f33bc513d
residuals,source-intake/mts_residuals/P8_Y5_R2FR_3944_MHREF_LOWER_BOUND_CANDIDATE_ROW.csv,research-ledger/files/residuals/d0/P8_Y5_R2FR_3944_MHREF_LOWER_BOUND_CANDIDATE_ROW.csv,599,06154e52d456f9a051eb22fe9126c80c6fa27ad48892381c77071785af779823
residuals,source-intake/mts_residuals/P8_Y5_R2FR_3944_MHREF_LOWER_BOUND_RESIDUAL_ENVELOPE.csv,research-ledger/files/residuals/8e/P8_Y5_R2FR_3944_MHREF_LOWER_BOUND_RESIDUAL_ENVELOPE.csv,3205,d615f58ddee384a01c893fb17c673f6862966677bcfa73918b8690793ad2de50
residuals,source-intake/mts_residuals/P8_Y5_R2FR_3944_NEXT_TARGET.csv,research-ledger/files/residuals/b3/P8_Y5_R2FR_3944_NEXT_TARGET.csv,594,5e9600e22a35d5c9b794586bc828ace1b808e06a6f308a4bc178dfa6a7866d03
residuals,source-intake/mts_residuals/P8_Y5_R2FR_3944_POSITIVITY_GATE.csv,research-ledger/files/residuals/8c/P8_Y5_R2FR_3944_POSITIVITY_GATE.csv,979,52ce2b3ef11b376f031d2b7846742875e368a421fce4f96aace24f399a35da4d
residuals,source-intake/mts_residuals/P8_Y5_R2FR_3944_SOURCE_REGISTER.csv,research-ledger/files/residuals/24/P8_Y5_R2FR_3944_SOURCE_REGISTER.csv,12489,ea31e7cf0eb7371cdc2db7ecbda259ff0be31f51bd6f33e7257d06741bb2fcb7
residuals,source-intake/mts_residuals/P8_Y5_R2FR_3944_STATUS.csv,research-ledger/files/residuals/18/P8_Y5_R2FR_3944_STATUS.csv,286,4ec174191f58396d37af2f77d39976e571904bee267c5311d8b98e4643964a49
residuals,source-intake/mts_residuals/P8_Y5_R2FR_3945_CLAIM_GATE.csv,research-ledger/files/residuals/6b/P8_Y5_R2FR_3945_CLAIM_GATE.csv,1055,3406a74988fafc76e40f9f4250259134aec6ef9970e107814aafd96db6e17229
residuals,source-intake/mts_residuals/P8_Y5_R2FR_3945_DECISION_GATE.csv,research-ledger/files/residuals/84/P8_Y5_R2FR_3945_DECISION_GATE.csv,1092,da7648e02973a6b4d5945aec19ac341c604cf405b593ff6a88a9e1752508d5ea
residuals,source-intake/mts_residuals/P8_Y5_R2FR_3945_MEH_BLOCKER_BOUND_ROWS.csv,research-ledger/files/residuals/0c/P8_Y5_R2FR_3945_MEH_BLOCKER_BOUND_ROWS.csv,2011,24a05fdfe6bc44a221a2c3434b1fa8c714b098d558a786d412cde32783800d5a
residuals,source-intake/mts_residuals/P8_Y5_R2FR_3945_MEH_FIRST_SOURCE_ROW.csv,research-ledger/files/residuals/f6/P8_Y5_R2FR_3945_MEH_FIRST_SOURCE_ROW.csv,1142,204d94e749f34872f44d7aa0d950927099e8d45eeb6b65ceb768c89049bed1af
residuals,source-intake/mts_residuals/P8_Y5_R2FR_3945_MEH_POSITIVE_COMPARATOR_THEOREM.csv,research-ledger/files/residuals/17/P8_Y5_R2FR_3945_MEH_POSITIVE_COMPARATOR_THEOREM.csv,2716,4aeaca11ee839252dcd8d2f1563ee32439812b4e8ca985e871fcdbf57882bc6d
residuals,source-intake/mts_residuals/P8_Y5_R2FR_3945_NEXT_TARGET.csv,research-ledger/files/residuals/5b/P8_Y5_R2FR_3945_NEXT_TARGET.csv,627,e0b6d8db247c43e49536a2715378f76c4d5f139fa3f08329e3c2221cd032cc87
residuals,source-intake/mts_residuals/P8_Y5_R2FR_3945_SOURCE_REGISTER.csv,research-ledger/files/residuals/96/P8_Y5_R2FR_3945_SOURCE_REGISTER.csv,11845,b63423e76402111a03439848deb89886f1526db8dbf23e550f3918c444d9cd12
residuals,source-intake/mts_residuals/P8_Y5_R2FR_3945_STATUS.csv,research-ledger/files/residuals/6f/P8_Y5_R2FR_3945_STATUS.csv,322,2433eacd88392ddc454e11f4edd931a1f2ee1071f6ad9971c2bf52e3f0b06c93
residuals,source-intake/mts_residuals/P8_Y5_R2FR_3945_TOTAL_SOURCE_POSITIVITY_AUDIT.csv,research-ledger/files/residuals/82/P8_Y5_R2FR_3945_TOTAL_SOURCE_POSITIVITY_AUDIT.csv,2193,8eb1fea75288e0a4c7e9966d9c9cbdaa0d745d9481d710e714386a70e1e9c226
residuals,source-intake/mts_residuals/P8_Y5_R2FR_3946_CLAIM_GATE.csv,research-ledger/files/residuals/d1/P8_Y5_R2FR_3946_CLAIM_GATE.csv,1068,35b2c7bd9172cbbe4c2e895a34bb16a99ddc94802add0b736322c9ce1d13414e
residuals,source-intake/mts_residuals/P8_Y5_R2FR_3946_CONSERVATION_CURRENT_THEOREM.csv,research-ledger/files/residuals/20/P8_Y5_R2FR_3946_CONSERVATION_CURRENT_THEOREM.csv,2080,2d7b8a6b680b2e5dd4ee537accbcc9bd07066737fe7403553bce28f0c3702fe5
residuals,source-intake/mts_residuals/P8_Y5_R2FR_3946_DECISION_GATE.csv,research-ledger/files/residuals/7d/P8_Y5_R2FR_3946_DECISION_GATE.csv,871,4e947be530c6b8a23be4809dafc7cef6bca20445febabfd49b9d588422b29eb9
residuals,source-intake/mts_residuals/P8_Y5_R2FR_3946_ENERGY_CONDITION_CERTIFICATE.csv,research-ledger/files/residuals/61/P8_Y5_R2FR_3946_ENERGY_CONDITION_CERTIFICATE.csv,2356,b7565e097620c641ba8ea230008e99224b2c2079dc2179e12d110a794c6fe013
residuals,source-intake/mts_residuals/P8_Y5_R2FR_3946_MEH_POSITIVITY_CERTIFICATE_GATE.csv,research-ledger/files/residuals/1e/P8_Y5_R2FR_3946_MEH_POSITIVITY_CERTIFICATE_GATE.csv,1173,5590637dcc3e6bf2a38471538869b1ebe70cfa7546e9d1017a8a043c510ee2ac
residuals,source-intake/mts_residuals/P8_Y5_R2FR_3946_NEXT_TARGET.csv,research-ledger/files/residuals/1e/P8_Y5_R2FR_3946_NEXT_TARGET.csv,654,c39a1912447b479c38ae19f5fe83dc3178fe782562d3ecb55d1f93377a83f656
residuals,source-intake/mts_residuals/P8_Y5_R2FR_3946_POYNTING_AND_WALL_FLUX_BOUND_LAW.csv,research-ledger/files/residuals/cf/P8_Y5_R2FR_3946_POYNTING_AND_WALL_FLUX_BOUND_LAW.csv,1473,742ce9174b3c5faf314986b6aa528b067a079ff30c230450612537f79aba5cdf
residuals,source-intake/mts_residuals/P8_Y5_R2FR_3946_SOURCE_REGISTER.csv,research-ledger/files/residuals/6b/P8_Y5_R2FR_3946_SOURCE_REGISTER.csv,12147,b3ca16dc7629178b633c64f163c6ed99a16aa36a46e58198d59e26c29647865a
residuals,source-intake/mts_residuals/P8_Y5_R2FR_3946_STATUS.csv,research-ledger/files/residuals/b3/P8_Y5_R2FR_3946_STATUS.csv,357,0449058ad8c3bb0b4687f3e5a262744d4fc43d9fd3fd93a8fbed7e8b492719c5
residuals,source-intake/mts_residuals/P8_Y5_R2FR_3946_TOTAL_SOURCE_DOMAIN_CERTIFICATE.csv,research-ledger/files/residuals/6b/P8_Y5_R2FR_3946_TOTAL_SOURCE_DOMAIN_CERTIFICATE.csv,2078,e1f13abcbc8e64c8f587411b35207cbb04d09bb9ef1e5e8c2fcea8d662fa9674
residuals,source-intake/mts_residuals/P8_Y5_R2FR_3947_CLAIM_GATE.csv,research-ledger/files/residuals/bc/P8_Y5_R2FR_3947_CLAIM_GATE.csv,1122,7352fd28bea722220cad2ebfeaf29dcf4fec1b50c9a929f986c7643e1022dc20
residuals,source-intake/mts_residuals/P8_Y5_R2FR_3947_DECISION_GATE.csv,research-ledger/files/residuals/fa/P8_Y5_R2FR_3947_DECISION_GATE.csv,989,367ced5f8a69fcd1799b016c8d757cad457319b68f39b0530739db606305baea
residuals,source-intake/mts_residuals/P8_Y5_R2FR_3947_EPSILON_NEG_BOUND_VECTOR.csv,research-ledger/files/residuals/27/P8_Y5_R2FR_3947_EPSILON_NEG_BOUND_VECTOR.csv,2303,efad724971ec6b991a548ccc7e3e16f4d424691dc2f6a89e83c85f20e8f94af3
residuals,source-intake/mts_residuals/P8_Y5_R2FR_3947_MEH_SIGN_BOUND_CANDIDATE.csv,research-ledger/files/residuals/c8/P8_Y5_R2FR_3947_MEH_SIGN_BOUND_CANDIDATE.csv,1027,2ae353819e09e04b7538ae43ce16e65fb2ee3e54c67637cd88640797ad4187e1
residuals,source-intake/mts_residuals/P8_Y5_R2FR_3947_NEXT_TARGET.csv,research-ledger/files/residuals/f4/P8_Y5_R2FR_3947_NEXT_TARGET.csv,713,ebe7e33ae227c63bff81285edbd5bb6ff7ec25f69af2791cd80eb0983f917f1b
residuals,source-intake/mts_residuals/P8_Y5_R2FR_3947_SECTOR_SIGN_DECOMPOSITION.csv,research-ledger/files/residuals/c1/P8_Y5_R2FR_3947_SECTOR_SIGN_DECOMPOSITION.csv,2303,98396370380e561710dd8f4ba77b06f71e6846b863592ed2fa74d86e980ed614
residuals,source-intake/mts_residuals/P8_Y5_R2FR_3947_SOURCE_REGISTER.csv,research-ledger/files/residuals/e3/P8_Y5_R2FR_3947_SOURCE_REGISTER.csv,12764,2aa39ee37695f610822bfd39fb933f20074ea6caf38daab2aefeb0c8909359bd
residuals,source-intake/mts_residuals/P8_Y5_R2FR_3947_STATUS.csv,research-ledger/files/residuals/5d/P8_Y5_R2FR_3947_STATUS.csv,305,5425c4c12b798ac7a6bdc9f28703ae26b3f9d0eef801ecfd85839e592085869f
residuals,source-intake/mts_residuals/P8_Y5_R2FR_3947_TOTAL_HILBERT_POSITIVE_ENERGY_THEOREM.csv,research-ledger/files/residuals/86/P8_Y5_R2FR_3947_TOTAL_HILBERT_POSITIVE_ENERGY_THEOREM.csv,2558,2f7ad047ba2db1b81e3aac7bcaeb1ca5875ed01801229f6fc0a942e8af15606b
residuals,source-intake/mts_residuals/P8_Y5_R2FR_3948_CLAIM_GATE.csv,research-ledger/files/residuals/c3/P8_Y5_R2FR_3948_CLAIM_GATE.csv,1023,0b0963142be2e5880b0ac9581044f9ab5d6299397b57a6dce550434c052055ff
residuals,source-intake/mts_residuals/P8_Y5_R2FR_3948_DECISION_GATE.csv,research-ledger/files/residuals/d2/P8_Y5_R2FR_3948_DECISION_GATE.csv,1062,4aba49474dc3956c5e55ee42e4602f1a051256ffd62c6678c13ae331488c4f6a
residuals,source-intake/mts_residuals/P8_Y5_R2FR_3948_EPSILON_NEG_FIRST_INPUT_SCHEMA.csv,research-ledger/files/residuals/78/P8_Y5_R2FR_3948_EPSILON_NEG_FIRST_INPUT_SCHEMA.csv,1967,7e851ab56aa5bbfdf1ed1986f63abcafce140d8e1fe8ff8f6af5f7d606f71f53
residuals,source-intake/mts_residuals/P8_Y5_R2FR_3948_MEH_ENERGY_CONDITION_GATE.csv,research-ledger/files/residuals/a9/P8_Y5_R2FR_3948_MEH_ENERGY_CONDITION_GATE.csv,1000,1aa4f927b5da440b0c588404d8c715a3b1a54d4448f5daf719880667e1aae893
residuals,source-intake/mts_residuals/P8_Y5_R2FR_3948_NEXT_TARGET.csv,research-ledger/files/residuals/be/P8_Y5_R2FR_3948_NEXT_TARGET.csv,654,09e2a7a2e864b600e28d9933338781e2a5716a068da80c4076efb7769f7a9e42
residuals,source-intake/mts_residuals/P8_Y5_R2FR_3948_PARENT_HAMILTONIAN_NO_GHOST_CONTRACT.csv,research-ledger/files/residuals/59/P8_Y5_R2FR_3948_PARENT_HAMILTONIAN_NO_GHOST_CONTRACT.csv,2841,dbfb9bead327cde4b6cdc86b0d5c83dd5e810e92f75d0009defb515fa0b15163
residuals,source-intake/mts_residuals/P8_Y5_R2FR_3948_SECTOR_HAMILTONIAN_SIGN_AUDIT.csv,research-ledger/files/residuals/1d/P8_Y5_R2FR_3948_SECTOR_HAMILTONIAN_SIGN_AUDIT.csv,2565,baf12512799d73d168232e76e9899078da3fa81b430537f5d86943d5cf1e25ba
residuals,source-intake/mts_residuals/P8_Y5_R2FR_3948_SOURCE_REGISTER.csv,research-ledger/files/residuals/54/P8_Y5_R2FR_3948_SOURCE_REGISTER.csv,11448,f147ce43ce5f80816d360675d9b93ca3f04c1315b54e81412762c3c8fb629e9c
residuals,source-intake/mts_residuals/P8_Y5_R2FR_3948_STATUS.csv,research-ledger/files/residuals/21/P8_Y5_R2FR_3948_STATUS.csv,303,0077fbcc6c77307a0e260dc9edb8d3a8fc301d501ddc51d76831d37b83b7c4e9
residuals,source-intake/mts_residuals/P8_Y5_R2FR_3949_CLAIM_GATE.csv,research-ledger/files/residuals/0e/P8_Y5_R2FR_3949_CLAIM_GATE.csv,1049,b20dc182f32877bc05ed6e1aaa81182b0f9a2b84e99aef18bbc440b5f726e3b7
residuals,source-intake/mts_residuals/P8_Y5_R2FR_3949_DECISION_GATE.csv,research-ledger/files/residuals/3d/P8_Y5_R2FR_3949_DECISION_GATE.csv,841,3a30c95029592a00fe84d49338fb4bb9c47af8fd1bc4b4fe7d04e49fbff45820
residuals,source-intake/mts_residuals/P8_Y5_R2FR_3949_EPSILON_NEG_SECTOR_INPUT_ROWS.csv,research-ledger/files/residuals/1f/P8_Y5_R2FR_3949_EPSILON_NEG_SECTOR_INPUT_ROWS.csv,2449,c697422e1130b4c84193b74f04d96aecbdb3a2b8e6fd4463ff2e8823241abe2c
residuals,source-intake/mts_residuals/P8_Y5_R2FR_3949_MTS_HAMILTONIAN_SIGNATURE_MATRIX.csv,research-ledger/files/residuals/a4/P8_Y5_R2FR_3949_MTS_HAMILTONIAN_SIGNATURE_MATRIX.csv,4081,9434bd115d3db1abb28e11f2505d765013b344997f4338e587832c043f10e5cf
residuals,source-intake/mts_residuals/P8_Y5_R2FR_3949_NEXT_TARGET.csv,research-ledger/files/residuals/57/P8_Y5_R2FR_3949_NEXT_TARGET.csv,700,ec55ed933cc71a02bc82fa32330c6a32c40cb34cf9d69498170dc0339d0434d0
residuals,source-intake/mts_residuals/P8_Y5_R2FR_3949_SECTOR_PROMOTION_GATE.csv,research-ledger/files/residuals/4b/P8_Y5_R2FR_3949_SECTOR_PROMOTION_GATE.csv,1117,a5c3ad103cab4c739ee967d00461f436d9cf9714814e79155d1572f854463567
residuals,source-intake/mts_residuals/P8_Y5_R2FR_3949_SOURCE_REGISTER.csv,research-ledger/files/residuals/9c/P8_Y5_R2FR_3949_SOURCE_REGISTER.csv,11067,91796b7ad1b00fea8526c166e5bfa01fd11f527955ec6021567345313a87c45d
residuals,source-intake/mts_residuals/P8_Y5_R2FR_3949_STATUS.csv,research-ledger/files/residuals/d0/P8_Y5_R2FR_3949_STATUS.csv,295,1b62a821b9ea59ee7a79b653c2b8c3aef543626981e19de13b0c70ef91f8b381
residuals,source-intake/mts_residuals/P8_Y5_R2FR_3950_CLAIM_GATE.csv,research-ledger/files/residuals/e0/P8_Y5_R2FR_3950_CLAIM_GATE.csv,984,84a543852b5417913d7bfa71ffe4afe84f7f32bf2413a619e66feb5b66fc1ccd
residuals,source-intake/mts_residuals/P8_Y5_R2FR_3950_DECISION_GATE.csv,research-ledger/files/residuals/d7/P8_Y5_R2FR_3950_DECISION_GATE.csv,1042,9bde1088c791a3ed22df878495de7ad8ea069f1e68a5f970c4ce7292480fcbc8
residuals,source-intake/mts_residuals/P8_Y5_R2FR_3950_EPSILON_NONMINIMAL_GK_BOUND_ROW.csv,research-ledger/files/residuals/8f/P8_Y5_R2FR_3950_EPSILON_NONMINIMAL_GK_BOUND_ROW.csv,2958,39fcd528fa9ef935302f543b53662d7b3af107f4b60e7201644a8a0d4d375be5
residuals,source-intake/mts_residuals/P8_Y5_R2FR_3950_GK_POSITIVE_AUXILIARY_SIGNATURE.csv,research-ledger/files/residuals/55/P8_Y5_R2FR_3950_GK_POSITIVE_AUXILIARY_SIGNATURE.csv,1977,d403f73c44635dacf5841745cfd71d4858853ab1ba59d729933eed7378b7e9a1
residuals,source-intake/mts_residuals/P8_Y5_R2FR_3950_GK_PROMOTION_GATE.csv,research-ledger/files/residuals/8b/P8_Y5_R2FR_3950_GK_PROMOTION_GATE.csv,1021,94ec2ea6098599e68e0cc5a8c668210bcde4b03a129d065929a3280d497c3c9b
residuals,source-intake/mts_residuals/P8_Y5_R2FR_3950_GK_WARD_QLOC_ZERO_THEOREM.csv,research-ledger/files/residuals/e8/P8_Y5_R2FR_3950_GK_WARD_QLOC_ZERO_THEOREM.csv,1345,57ba0d94b51a579f3a5c80e88d5dd5591924d4c5ef0113fecb9a0b119922235c
residuals,source-intake/mts_residuals/P8_Y5_R2FR_3950_NEXT_TARGET.csv,research-ledger/files/residuals/24/P8_Y5_R2FR_3950_NEXT_TARGET.csv,708,9c7f002b64b497acd4450f45665a7937e9ac921a1b06b01316fd8eb662f77aff
residuals,source-intake/mts_residuals/P8_Y5_R2FR_3950_SOURCE_REGISTER.csv,research-ledger/files/residuals/c0/P8_Y5_R2FR_3950_SOURCE_REGISTER.csv,10350,271bc73076177866abc2db8508d146434dba345e81406c03b6fea3406c443d91
residuals,source-intake/mts_residuals/P8_Y5_R2FR_3950_STATUS.csv,research-ledger/files/residuals/08/P8_Y5_R2FR_3950_STATUS.csv,326,c3edeb424cbfc48a17195bdd67941cd8c6b57b69858bab2a1550b6210c42deab
residuals,source-intake/mts_residuals/P8_Y5_R2FR_3951_CLAIM_GATE.csv,research-ledger/files/residuals/b2/P8_Y5_R2FR_3951_CLAIM_GATE.csv,1212,e04cb5770de76b99d5854473b799b9f49b060afdc932eab8f58db289207e72a6
residuals,source-intake/mts_residuals/P8_Y5_R2FR_3951_EPSILON_GK_COMPONENT_INPUTS.csv,research-ledger/files/residuals/cf/P8_Y5_R2FR_3951_EPSILON_GK_COMPONENT_INPUTS.csv,2631,a932c2fd8d363a5be6f48a58c51fe1345b2a6d83fd245370db4be72f4ccab9fb
residuals,source-intake/mts_residuals/P8_Y5_R2FR_3951_GK_COEFFICIENT_EXTRACTION_AUDIT.csv,research-ledger/files/residuals/c1/P8_Y5_R2FR_3951_GK_COEFFICIENT_EXTRACTION_AUDIT.csv,10165,6798367e7f06177cf86f7bec39405b2fb5858177939e9cea410d7845babf974d
residuals,source-intake/mts_residuals/P8_Y5_R2FR_3951_GK_SYMBOL_MATCH_DECISION.csv,research-ledger/files/residuals/e7/P8_Y5_R2FR_3951_GK_SYMBOL_MATCH_DECISION.csv,1263,afabb70cd60a529e8a9da1523a32bdf9c3d0bc8a85319c3b1b9f28e5b1f370c0
residuals,source-intake/mts_residuals/P8_Y5_R2FR_3951_NEXT_TARGET.csv,research-ledger/files/residuals/31/P8_Y5_R2FR_3951_NEXT_TARGET.csv,641,1c5cf48a2012f5a372e4401f062758fa900adc7ef589da038b474b1df2cf9708
residuals,source-intake/mts_residuals/P8_Y5_R2FR_3951_SOURCE_REGISTER.csv,research-ledger/files/residuals/8f/P8_Y5_R2FR_3951_SOURCE_REGISTER.csv,13618,b096cb860de2a7fab1ce82ac4aced083eb009212fe36294bac1156bd90fd61ae
residuals,source-intake/mts_residuals/P8_Y5_R2FR_3951_STATUS.csv,research-ledger/files/residuals/08/P8_Y5_R2FR_3951_STATUS.csv,405,6b011c06d88e176bb195d94ff76ccbcf69637172e30cc128a4af0c1f748d8e7b
residuals,source-intake/mts_residuals/P8_Y5_R2FR_3952_CLAIM_GATE.csv,research-ledger/files/residuals/a0/P8_Y5_R2FR_3952_CLAIM_GATE.csv,1017,0f6909a135d1e94dac11ffd6ba75bdab9db17d33b6d8caf7f5e28eb7d83fd2b2
residuals,source-intake/mts_residuals/P8_Y5_R2FR_3952_DECISION_GATE.csv,research-ledger/files/residuals/07/P8_Y5_R2FR_3952_DECISION_GATE.csv,1187,74e0206f34ce809b326b376a5425625485477ad68ee6f70a8e12f9978b491774
residuals,source-intake/mts_residuals/P8_Y5_R2FR_3952_DELTAK_QLOC_BOUND.csv,research-ledger/files/residuals/15/P8_Y5_R2FR_3952_DELTAK_QLOC_BOUND.csv,2737,68891d55b52848647a56d37f8ed610e11bebad3aaa28ab137e01991beaeceda6
residuals,source-intake/mts_residuals/P8_Y5_R2FR_3952_HELMHOLTZ_KHAT_TEST.csv,research-ledger/files/residuals/42/P8_Y5_R2FR_3952_HELMHOLTZ_KHAT_TEST.csv,2747,371ec86afdeb631a7268f9b43cbb751c4ba4fb8967acf731fdffff123579d0a8
residuals,source-intake/mts_residuals/P8_Y5_R2FR_3952_NEXT_TARGET.csv,research-ledger/files/residuals/50/P8_Y5_R2FR_3952_NEXT_TARGET.csv,683,1f27e8288a3f978933495cc8c28424af3ec813d9f98799dc7bed70e20a9738ad
residuals,source-intake/mts_residuals/P8_Y5_R2FR_3952_SOURCE_REGISTER.csv,research-ledger/files/residuals/79/P8_Y5_R2FR_3952_SOURCE_REGISTER.csv,11445,8e50873f1ac8e8afb36c8e6918f699a4c9310089a35b46e19639a0bf859a5163
residuals,source-intake/mts_residuals/P8_Y5_R2FR_3952_STATUS.csv,research-ledger/files/residuals/49/P8_Y5_R2FR_3952_STATUS.csv,333,55331615a8b88b2b7a2f918f1d9fd24433af810fb0b915f913a42a38cc0aebcb
residuals,source-intake/mts_residuals/P8_Y5_R2FR_3953_CLAIM_GATE.csv,research-ledger/files/residuals/0e/P8_Y5_R2FR_3953_CLAIM_GATE.csv,930,9a83d33f4a830383d214324e3686db63b7904a665d05dce06ff30396c51a66d4
residuals,source-intake/mts_residuals/P8_Y5_R2FR_3953_DECISION_GATE.csv,research-ledger/files/residuals/e7/P8_Y5_R2FR_3953_DECISION_GATE.csv,900,36eced8de18a3d8bc4fb2693ea3a45ae6e69216aaa443649649a9535d86a549c
residuals,source-intake/mts_residuals/P8_Y5_R2FR_3953_DELTAK_COMPONENT_TEMPLATE.csv,research-ledger/files/residuals/e1/P8_Y5_R2FR_3953_DELTAK_COMPONENT_TEMPLATE.csv,1222,a617a1fb7330cea68d359efcd424439beb50a1aae73f6b034bdc13e25004dfcf
residuals,source-intake/mts_residuals/P8_Y5_R2FR_3953_KHAT_COMPARISON_REQUIREMENTS.csv,research-ledger/files/residuals/4f/P8_Y5_R2FR_3953_KHAT_COMPARISON_REQUIREMENTS.csv,1501,02ca02324a1308c76a653fff54ac24893e358d1b0d9096f268f60e6ffcada53a
residuals,source-intake/mts_residuals/P8_Y5_R2FR_3953_MINIMAL_GAMMA_VARIATION.csv,research-ledger/files/residuals/60/P8_Y5_R2FR_3953_MINIMAL_GAMMA_VARIATION.csv,2813,41a12e81984a615bc13e77a8ee8696b1127070dd56d157d099650e7ea517bfbd
residuals,source-intake/mts_residuals/P8_Y5_R2FR_3953_NEXT_TARGET.csv,research-ledger/files/residuals/50/P8_Y5_R2FR_3953_NEXT_TARGET.csv,622,d7147594ec084d281849944d0bd91e649f5884e061c8c73981a7f7442fd2aab7
residuals,source-intake/mts_residuals/P8_Y5_R2FR_3953_SOURCE_REGISTER.csv,research-ledger/files/residuals/28/P8_Y5_R2FR_3953_SOURCE_REGISTER.csv,9113,8af85b03bb9a23dea13562e1b8c0d1b6d3230658e4407ec42a56957af4ffe1c2
residuals,source-intake/mts_residuals/P8_Y5_R2FR_3953_STATUS.csv,research-ledger/files/residuals/10/P8_Y5_R2FR_3953_STATUS.csv,362,4517246735fbfd0743427bc9473e29df014d4d4660ad92ea9fd40a6c51e0bfa1
residuals,source-intake/mts_residuals/P8_Y5_R2FR_3954_CLAIM_GATE.csv,research-ledger/files/residuals/d4/P8_Y5_R2FR_3954_CLAIM_GATE.csv,1023,a01235d000cbe67cfcf1f7250f7dcb2a1e64697a0f66cdcd24015e74c4c23d0f
residuals,source-intake/mts_residuals/P8_Y5_R2FR_3954_DECISION_GATE.csv,research-ledger/files/residuals/ab/P8_Y5_R2FR_3954_DECISION_GATE.csv,901,71554c9e722acfd1791e745c7913e009de0b43d7130e9026553cca6cda0fb322
residuals,source-intake/mts_residuals/P8_Y5_R2FR_3954_LOCAL_COUPLING_PRODUCT_GATE.csv,research-ledger/files/residuals/40/P8_Y5_R2FR_3954_LOCAL_COUPLING_PRODUCT_GATE.csv,1471,a4ad2528fb117540021b316747dae5850e1e2d66f8876d72c82086685ce1abd0
residuals,source-intake/mts_residuals/P8_Y5_R2FR_3954_NEXT_TARGET.csv,research-ledger/files/residuals/67/P8_Y5_R2FR_3954_NEXT_TARGET.csv,656,cdd18d32c82a3dddac220491a0c09ad6f620c4e0e8ac2a7b0e769cf41ad4071f
residuals,source-intake/mts_residuals/P8_Y5_R2FR_3954_PPN_SOURCE_NORMALIZATION_RESIDUAL_MAP.csv,research-ledger/files/residuals/71/P8_Y5_R2FR_3954_PPN_SOURCE_NORMALIZATION_RESIDUAL_MAP.csv,2496,91e935f4b2db98f373fa0c8b3b80986a4b67391a401a12f0e5edfc94f040a3ad
residuals,source-intake/mts_residuals/P8_Y5_R2FR_3954_SOURCE_REGISTER.csv,research-ledger/files/residuals/07/P8_Y5_R2FR_3954_SOURCE_REGISTER.csv,12626,c362fb440150d4dc470936be7b9e706fd3233485f2d50c6f1de81897fc1bc7d6
residuals,source-intake/mts_residuals/P8_Y5_R2FR_3954_STATUS.csv,research-ledger/files/residuals/89/P8_Y5_R2FR_3954_STATUS.csv,319,9a363cb9fb8b09102ee17488f50eec14c44029172aba256af771ed9fefc4a252
residuals,source-intake/mts_residuals/P8_Y5_R2FR_3954_Z_SOURCE_CURRENT_THEOREM.csv,research-ledger/files/residuals/3b/P8_Y5_R2FR_3954_Z_SOURCE_CURRENT_THEOREM.csv,2892,02bbe7951d81e19637b97bd324668cdc8c732df0e24cc144e13abde608d9d9f4
residuals,source-intake/mts_residuals/P8_Y5_R2FR_3955_CA_ZERO_THEOREM_OR_BOUND.csv,research-ledger/files/residuals/62/P8_Y5_R2FR_3955_CA_ZERO_THEOREM_OR_BOUND.csv,2808,a4cd7270483c4c518d7658fd9bb2796980a86c2df3d2c72e66fb45af79e04540
residuals,source-intake/mts_residuals/P8_Y5_R2FR_3955_CLAIM_GATE.csv,research-ledger/files/residuals/1a/P8_Y5_R2FR_3955_CLAIM_GATE.csv,1001,55eccfbd6fd70a7c25d760b906d1013f9bf495cc918a59d252eafd2f7a93aca3
residuals,source-intake/mts_residuals/P8_Y5_R2FR_3955_DECISION_GATE.csv,research-ledger/files/residuals/81/P8_Y5_R2FR_3955_DECISION_GATE.csv,814,5e5ad84049e0f431b97dc64e784c12362b3b81b2d28c1ea456982493367bbfbf
residuals,source-intake/mts_residuals/P8_Y5_R2FR_3955_NEXT_TARGET.csv,research-ledger/files/residuals/f3/P8_Y5_R2FR_3955_NEXT_TARGET.csv,621,d8f04778f5485fdef2da915e848fc6e59a259f3f8012550af1d2e2b9dba619e1
residuals,source-intake/mts_residuals/P8_Y5_R2FR_3955_OBSERVABLE_METRIC_COEFFICIENT_LEDGER.csv,research-ledger/files/residuals/4b/P8_Y5_R2FR_3955_OBSERVABLE_METRIC_COEFFICIENT_LEDGER.csv,2258,aad8b1657389be44e83f372f04db6902e4e1c8edb10e3c00a25474d220687228
residuals,source-intake/mts_residuals/P8_Y5_R2FR_3955_SOURCE_CURRENT_BOUND_ROWS.csv,research-ledger/files/residuals/7b/P8_Y5_R2FR_3955_SOURCE_CURRENT_BOUND_ROWS.csv,1506,902933f18261493898c12012593526d6e9f248331f00b725839151f48eb6b767
residuals,source-intake/mts_residuals/P8_Y5_R2FR_3955_SOURCE_REGISTER.csv,research-ledger/files/residuals/f5/P8_Y5_R2FR_3955_SOURCE_REGISTER.csv,14169,18b4e4c421a1abfdcb4cd52438a730d16ab005516de234a57b11734887e713fe
residuals,source-intake/mts_residuals/P8_Y5_R2FR_3955_STATUS.csv,research-ledger/files/residuals/fa/P8_Y5_R2FR_3955_STATUS.csv,296,d4a4451d451c8bb7c70853627e2ce8c5aab446fd51e23d8e98ea2c66d24ac4e6
residuals,source-intake/mts_residuals/P8_Y5_R2FR_3956_CA_COMPONENT_VALUES.csv,research-ledger/files/residuals/79/P8_Y5_R2FR_3956_CA_COMPONENT_VALUES.csv,1211,d3adcc0b37fa574a5b76b44d9c009ae981ac0cc7defb7f2c985a8b835614b1f7
residuals,source-intake/mts_residuals/P8_Y5_R2FR_3956_CLAIM_GATE.csv,research-ledger/files/residuals/48/P8_Y5_R2FR_3956_CLAIM_GATE.csv,1010,14db629883e0a9ef6269b4805c42f582da6e15a3b2bc6c8c241ff373964d61fc
residuals,source-intake/mts_residuals/P8_Y5_R2FR_3956_DECISION_GATE.csv,research-ledger/files/residuals/74/P8_Y5_R2FR_3956_DECISION_GATE.csv,894,dee14c63f1d97a8066822f138c708ffeef894fc9f111790004c2ef3b204087e6
residuals,source-intake/mts_residuals/P8_Y5_R2FR_3956_NEXT_TARGET.csv,research-ledger/files/residuals/45/P8_Y5_R2FR_3956_NEXT_TARGET.csv,685,941ca03160a142fa3dcf7a1d0c5ccfb10b4f5b03d6f727a8cf544d96c01bc8b6
residuals,source-intake/mts_residuals/P8_Y5_R2FR_3956_RESPONSE_DOUBLET_VERTICALITY_COMPUTATION.csv,research-ledger/files/residuals/06/P8_Y5_R2FR_3956_RESPONSE_DOUBLET_VERTICALITY_COMPUTATION.csv,1704,df693ad3d89a3f88044910c34b07f0dccb1882b5767aacceaea93d59ca6aef79
residuals,source-intake/mts_residuals/P8_Y5_R2FR_3956_SOURCE_CURRENT_UPDATE.csv,research-ledger/files/residuals/22/P8_Y5_R2FR_3956_SOURCE_CURRENT_UPDATE.csv,579,9849075b567b41fb7ce5eb6db0dd8c84de7d735af9bdfbe503c772491dd567e4
residuals,source-intake/mts_residuals/P8_Y5_R2FR_3956_SOURCE_REGISTER.csv,research-ledger/files/residuals/76/P8_Y5_R2FR_3956_SOURCE_REGISTER.csv,8070,dd635959088b071a8cafaffb7a256b737113dacf909675de10ba73b7179c4cf7
residuals,source-intake/mts_residuals/P8_Y5_R2FR_3956_STATUS.csv,research-ledger/files/residuals/ea/P8_Y5_R2FR_3956_STATUS.csv,310,ee9dd7d98824c72c06af666a9540c269704c1adec3a26eb2c10184fd8dc85ba5
residuals,source-intake/mts_residuals/P8_Y5_R2FR_3957_CLAIM_GATE.csv,research-ledger/files/residuals/b3/P8_Y5_R2FR_3957_CLAIM_GATE.csv,1004,3925791632d1db2e997283b610bbdc9499d370cf580696a14a2401f9e4eb2073
residuals,source-intake/mts_residuals/P8_Y5_R2FR_3957_CURRENT_Z_MAP_REQUIREMENTS.csv,research-ledger/files/residuals/ad/P8_Y5_R2FR_3957_CURRENT_Z_MAP_REQUIREMENTS.csv,1412,65efaa40383d55d21aff43870cf083ca2a9dc983ae410f9666a729dbe3dbe909
residuals,source-intake/mts_residuals/P8_Y5_R2FR_3957_DECISION_GATE.csv,research-ledger/files/residuals/44/P8_Y5_R2FR_3957_DECISION_GATE.csv,810,2f159e655d4eaaea3d9d3645db71529c1bdeb47136a3b2aaabeb4deb6e381237
residuals,source-intake/mts_residuals/P8_Y5_R2FR_3957_NEXT_TARGET.csv,research-ledger/files/residuals/6c/P8_Y5_R2FR_3957_NEXT_TARGET.csv,655,424843ede0980d5608b422cc64bc9195deb736efc3e987b4662df474f9905aa7
residuals,source-intake/mts_residuals/P8_Y5_R2FR_3957_RESPONSE_DOUBLET_ADOPTION_GATE.csv,research-ledger/files/residuals/5b/P8_Y5_R2FR_3957_RESPONSE_DOUBLET_ADOPTION_GATE.csv,1956,796ebe535ff5bc13f83ca2420015ff30152f2e2f0d995a736d5804a8f5466602
residuals,source-intake/mts_residuals/P8_Y5_R2FR_3957_SOURCE_REGISTER.csv,research-ledger/files/residuals/fd/P8_Y5_R2FR_3957_SOURCE_REGISTER.csv,7798,7e6eda72bb76a1067b93246737df19092d90690ac6653ab1e6bbc95c630a128b
residuals,source-intake/mts_residuals/P8_Y5_R2FR_3957_STATUS.csv,research-ledger/files/residuals/06/P8_Y5_R2FR_3957_STATUS.csv,314,24fe7b6512fe4eea69dc163dae4c5c82b70fce2526a6f0aaa605cf32ea22f487
residuals,source-intake/mts_residuals/P8_Y5_R2FR_3958_CLAIM_GATE.csv,research-ledger/files/residuals/5d/P8_Y5_R2FR_3958_CLAIM_GATE.csv,886,08a28badcdeb8949feb0a40fb87f72a6790a9563d9ca29720af80991637291bd
residuals,source-intake/mts_residuals/P8_Y5_R2FR_3958_CURRENT_TO_RESPONSE_DOUBLET_MAP.csv,research-ledger/files/residuals/db/P8_Y5_R2FR_3958_CURRENT_TO_RESPONSE_DOUBLET_MAP.csv,2200,0e013b4106d2c3f2a4d0152e80f6735e233c51be0dfca84956fa388330869329
residuals,source-intake/mts_residuals/P8_Y5_R2FR_3958_DECISION_GATE.csv,research-ledger/files/residuals/58/P8_Y5_R2FR_3958_DECISION_GATE.csv,882,055293717a20fd6b3799fa8d11d91930d7f04259a0fe5df1c8663681232f18ee
residuals,source-intake/mts_residuals/P8_Y5_R2FR_3958_LIVE_CURRENT_ROUTE_REBASE.csv,research-ledger/files/residuals/45/P8_Y5_R2FR_3958_LIVE_CURRENT_ROUTE_REBASE.csv,1531,e8db9247d1b3eaff6c39ab4b1dd594fa42aef85cc7548d1365bf54e5528fce80
residuals,source-intake/mts_residuals/P8_Y5_R2FR_3958_NEXT_TARGET.csv,research-ledger/files/residuals/3f/P8_Y5_R2FR_3958_NEXT_TARGET.csv,632,9661f7eb25e84f7fa867898e40dee1d64c73d4613fc66b629bd5f45b84c59270
residuals,source-intake/mts_residuals/P8_Y5_R2FR_3958_RESPONSE_DOUBLET_DEMOTION_OR_ADOPTION.csv,research-ledger/files/residuals/90/P8_Y5_R2FR_3958_RESPONSE_DOUBLET_DEMOTION_OR_ADOPTION.csv,885,955adee1097d8a9e9ced48b9a52e88bb2cc479cf26d94804c0c1ade4b8334597
residuals,source-intake/mts_residuals/P8_Y5_R2FR_3958_SOURCE_REGISTER.csv,research-ledger/files/residuals/30/P8_Y5_R2FR_3958_SOURCE_REGISTER.csv,13585,174649b1471e29fdd53e6bf20ed302e4ddae30683b347d34359466f57cfa6a42
residuals,source-intake/mts_residuals/P8_Y5_R2FR_3958_STATUS.csv,research-ledger/files/residuals/59/P8_Y5_R2FR_3958_STATUS.csv,334,6ac658246e8ea95e305d9e14c3df4df062b5b014b2b0da56304aa270dd5700a8
residuals,source-intake/mts_residuals/P8_Y5_R2FR_3959_CA_TOTAL_CURRENT_BOUND_LAW.csv,research-ledger/files/residuals/d9/P8_Y5_R2FR_3959_CA_TOTAL_CURRENT_BOUND_LAW.csv,2679,abd461a03f69c1737c60663a73a80ca8050cff55b73579aa111943909f621b8b
residuals,source-intake/mts_residuals/P8_Y5_R2FR_3959_CLAIM_GATE.csv,research-ledger/files/residuals/80/P8_Y5_R2FR_3959_CLAIM_GATE.csv,792,1ff2f8e27a69e19cffaf36132cba7126aba8b982db7db16bafd864471f69c874
residuals,source-intake/mts_residuals/P8_Y5_R2FR_3959_COMPONENT_SOURCE_BOUND_ROWS.csv,research-ledger/files/residuals/da/P8_Y5_R2FR_3959_COMPONENT_SOURCE_BOUND_ROWS.csv,3831,05f1b67bcd22dbbd2334ebc2448d85b3e562788aa5439915d4c2dbef42c9b776
residuals,source-intake/mts_residuals/P8_Y5_R2FR_3959_DECISION_GATE.csv,research-ledger/files/residuals/b1/P8_Y5_R2FR_3959_DECISION_GATE.csv,1172,91dbd97791c5001cd2d0e7599495c37953e2f9c4b8b40a3ed3f9a1a4f8e2a7e7
residuals,source-intake/mts_residuals/P8_Y5_R2FR_3959_NEXT_TARGET.csv,research-ledger/files/residuals/42/P8_Y5_R2FR_3959_NEXT_TARGET.csv,622,2d26d3251839a5167264b4be3608284b637522d219094e772886e137a1356cb6
residuals,source-intake/mts_residuals/P8_Y5_R2FR_3959_SOURCE_REGISTER.csv,research-ledger/files/residuals/5e/P8_Y5_R2FR_3959_SOURCE_REGISTER.csv,18933,fe55a4d2c4e930adbeb6ac4f4fc95941533d576407158d195f5ebf6533192ebc
residuals,source-intake/mts_residuals/P8_Y5_R2FR_3959_STATUS.csv,research-ledger/files/residuals/da/P8_Y5_R2FR_3959_STATUS.csv,415,030ca1e6472a46cd738c87072ba3e90eaa03aa6c796aac6bb3a30e64b404ea95
residuals,source-intake/mts_residuals/P8_Y5_R2FR_3959_YLOC_SIGMA_PARENT_ACTION_GATE.csv,research-ledger/files/residuals/04/P8_Y5_R2FR_3959_YLOC_SIGMA_PARENT_ACTION_GATE.csv,1961,1345a2c1da87ac3904eccd6941bcfab77e827b55aa031ea3779723bb891e6213
residuals,source-intake/mts_residuals/P8_Y5_R2FR_3959_YLOC_ZERO_THEOREM_OR_BOUND.csv,research-ledger/files/residuals/f1/P8_Y5_R2FR_3959_YLOC_ZERO_THEOREM_OR_BOUND.csv,2301,68ce7fcac5f4591ed38065cc7730bdce535114e4829db90cd43c72ab2f8066b3
residuals,source-intake/mts_residuals/P8_Y5_R2FR_3960_CLAIM_GATE.csv,research-ledger/files/residuals/4b/P8_Y5_R2FR_3960_CLAIM_GATE.csv,839,be295e7bbb756814386d357f9b39f4e0fb4db177d2b4b53e2edd5ef16ab14090
residuals,source-intake/mts_residuals/P8_Y5_R2FR_3960_COMPONENT_ZERO_OR_BOUND_DECISIONS.csv,research-ledger/files/residuals/8c/P8_Y5_R2FR_3960_COMPONENT_ZERO_OR_BOUND_DECISIONS.csv,2919,3a8a76514bef811c76eb17e33493ac3962aa83d7ccaa19f1efec56ab61f4a58e
residuals,source-intake/mts_residuals/P8_Y5_R2FR_3960_DECISION_GATE.csv,research-ledger/files/residuals/78/P8_Y5_R2FR_3960_DECISION_GATE.csv,974,f167fa5c5db26f44448c35d60ad408034b40873004780751479ae655144b71c4
residuals,source-intake/mts_residuals/P8_Y5_R2FR_3960_EM_POYNTING_F2_GATE.csv,research-ledger/files/residuals/c3/P8_Y5_R2FR_3960_EM_POYNTING_F2_GATE.csv,932,58b301d63a37cf7140d49b0518450e2d324b2aea2d1c4b057c59e7efff82705b
residuals,source-intake/mts_residuals/P8_Y5_R2FR_3960_FIRST_CONDITIONAL_ZERO_VALUES.csv,research-ledger/files/residuals/25/P8_Y5_R2FR_3960_FIRST_CONDITIONAL_ZERO_VALUES.csv,2660,722e44b31d1a834170a8f63592b39e3bcf231cf3a20f9a3660640343874584d3
residuals,source-intake/mts_residuals/P8_Y5_R2FR_3960_NEXT_TARGET.csv,research-ledger/files/residuals/f5/P8_Y5_R2FR_3960_NEXT_TARGET.csv,614,46b97a663a7d12605d7c8d675276a9c8744abb9609774b391c9f50aa494d6d36
residuals,source-intake/mts_residuals/P8_Y5_R2FR_3960_RETAINED_RESIDUAL_VALUE_QUEUE.csv,research-ledger/files/residuals/68/P8_Y5_R2FR_3960_RETAINED_RESIDUAL_VALUE_QUEUE.csv,1697,748b7c1d2bb51ba5a4f251cf9373f56e60465f35818b672ae9b9b7af9e176b21
residuals,source-intake/mts_residuals/P8_Y5_R2FR_3960_SOURCE_CURRENT_ZERO_GRAMMAR.csv,research-ledger/files/residuals/57/P8_Y5_R2FR_3960_SOURCE_CURRENT_ZERO_GRAMMAR.csv,2642,e37795b5f39b3d9b467c40884b5d2cc724926874a24df87958f160ee24f79737
residuals,source-intake/mts_residuals/P8_Y5_R2FR_3960_SOURCE_REGISTER.csv,research-ledger/files/residuals/0f/P8_Y5_R2FR_3960_SOURCE_REGISTER.csv,20574,d491f27f951b0c6b7921389b04ba9a0544b022ae24245dea0a112436419c0a44
residuals,source-intake/mts_residuals/P8_Y5_R2FR_3960_STATUS.csv,research-ledger/files/residuals/43/P8_Y5_R2FR_3960_STATUS.csv,430,69ab53433c91c4f8145c4fe621fdf39b562694c4fb59a50776780e94944ab4c9
residuals,source-intake/mts_residuals/P8_Y5_R2FR_3961_CLAIM_GATE.csv,research-ledger/files/residuals/f4/P8_Y5_R2FR_3961_CLAIM_GATE.csv,844,02761427df6f9d3ab07d8397a633dd2fc4c7b9bf1c19a8b1e02ea1adaf809919
residuals,source-intake/mts_residuals/P8_Y5_R2FR_3961_DECISION_GATE.csv,research-ledger/files/residuals/6e/P8_Y5_R2FR_3961_DECISION_GATE.csv,1229,8814085e3f4d473aebb0b0f7186862b3a4f7d9ee1f1e8e2dc36fc0b8eaee67f6
residuals,source-intake/mts_residuals/P8_Y5_R2FR_3961_EM_BOUND_VALUE_TEMPLATES.csv,research-ledger/files/residuals/a3/P8_Y5_R2FR_3961_EM_BOUND_VALUE_TEMPLATES.csv,836,4d76a1cd557ed90aaa348f490282a7785f6b294277e1baf66dd5c6286b9fdc63
residuals,source-intake/mts_residuals/P8_Y5_R2FR_3961_EM_FIRST_CONDITIONAL_ZERO_VALUES.csv,research-ledger/files/residuals/97/P8_Y5_R2FR_3961_EM_FIRST_CONDITIONAL_ZERO_VALUES.csv,1160,4474731cd7285cb05c67f30a624a8df45dd912120e0df96a24cc73505492e102
residuals,source-intake/mts_residuals/P8_Y5_R2FR_3961_HIDDEN_EM_VARIATION_LAW.csv,research-ledger/files/residuals/7d/P8_Y5_R2FR_3961_HIDDEN_EM_VARIATION_LAW.csv,940,29e23f21849101d687561dc7694fd6050313c0595be6bc63f527400352a90a75
residuals,source-intake/mts_residuals/P8_Y5_R2FR_3961_NEXT_TARGET.csv,research-ledger/files/residuals/14/P8_Y5_R2FR_3961_NEXT_TARGET.csv,626,483655ebf80f0de64c312558107d5e12791899f927729b9ffdd98221af8f43ae
residuals,source-intake/mts_residuals/P8_Y5_R2FR_3961_POYNTING_NO_FLUX_THEOREM_OR_BOUND.csv,research-ledger/files/residuals/44/P8_Y5_R2FR_3961_POYNTING_NO_FLUX_THEOREM_OR_BOUND.csv,1167,abd0ee847e3250b389ecad95b516444a1daac19bbc6d4495d3bdb5053bfd0482
residuals,source-intake/mts_residuals/P8_Y5_R2FR_3961_SIGMA_FACTOR_EM_EXCLUSION_GATE.csv,research-ledger/files/residuals/04/P8_Y5_R2FR_3961_SIGMA_FACTOR_EM_EXCLUSION_GATE.csv,1096,f7156649699783c53a6d0e7ee831cfc0e8e5542a2753005a7433805f904f2768
residuals,source-intake/mts_residuals/P8_Y5_R2FR_3961_SOURCE_REGISTER.csv,research-ledger/files/residuals/de/P8_Y5_R2FR_3961_SOURCE_REGISTER.csv,14314,b69259cd61c6719c40bfe46bf12e8b8dbf3cd08758a1e32238d3d155f27c5e52
residuals,source-intake/mts_residuals/P8_Y5_R2FR_3961_STATUS.csv,research-ledger/files/residuals/52/P8_Y5_R2FR_3961_STATUS.csv,418,8e5367a52dd76b3ba3edeb2acbb20118cc32b119d6352f3fc5596b132146b83f
residuals,source-intake/mts_residuals/P8_Y5_R2FR_3962_CA_TOTAL_EM_FEED_UPDATE.csv,research-ledger/files/residuals/52/P8_Y5_R2FR_3962_CA_TOTAL_EM_FEED_UPDATE.csv,781,92f687613ba3224c24e0ae4d7fd2bacd128de97608efa79e71311d2e77c49fc0
residuals,source-intake/mts_residuals/P8_Y5_R2FR_3962_CLAIM_GATE.csv,research-ledger/files/residuals/a2/P8_Y5_R2FR_3962_CLAIM_GATE.csv,784,03c905bf20c6f2c315572fa2fce2c170cb743d2e43ca520b871cdafbeb2ead4d
residuals,source-intake/mts_residuals/P8_Y5_R2FR_3962_DECISION_GATE.csv,research-ledger/files/residuals/50/P8_Y5_R2FR_3962_DECISION_GATE.csv,939,29e9e6db98a719a6fc6166e0cfead57a1fcaa9f4465092886490fa4c9a6d2f05
residuals,source-intake/mts_residuals/P8_Y5_R2FR_3962_EM_FIRST_NONCLAIM_SCORE_ROW.csv,research-ledger/files/residuals/6a/P8_Y5_R2FR_3962_EM_FIRST_NONCLAIM_SCORE_ROW.csv,1025,7889b600109ff26f9fc754e42550e99d4c1fe4863a6a36d3d288e02a51f3a2da
residuals,source-intake/mts_residuals/P8_Y5_R2FR_3962_EM_RESIDUAL_VECTOR.csv,research-ledger/files/residuals/dd/P8_Y5_R2FR_3962_EM_RESIDUAL_VECTOR.csv,1853,20f24ed77c48189ce4b8aa266510c5248ec02043efee5b29280e41f7d47ed3dd
residuals,source-intake/mts_residuals/P8_Y5_R2FR_3962_HODGE_OWNER_LOCK_OR_BOUND.csv,research-ledger/files/residuals/2c/P8_Y5_R2FR_3962_HODGE_OWNER_LOCK_OR_BOUND.csv,1163,baec19bb7b6cc1cb83755ed5280d9ff6e09e0f3ac47b2073ceac6ce19f5f3bc5
residuals,source-intake/mts_residuals/P8_Y5_R2FR_3962_NEXT_TARGET.csv,research-ledger/files/residuals/b1/P8_Y5_R2FR_3962_NEXT_TARGET.csv,602,c55e03ce13b216c1334986fa539957947bc5d7eb00764cca0e4e55870ca4b4cf
residuals,source-intake/mts_residuals/P8_Y5_R2FR_3962_SOURCE_REGISTER.csv,research-ledger/files/residuals/88/P8_Y5_R2FR_3962_SOURCE_REGISTER.csv,14166,c29dce651639761d768f0e4f1d72ce9b624275c31441a0428d304b12b6e652c9
residuals,source-intake/mts_residuals/P8_Y5_R2FR_3962_STATUS.csv,research-ledger/files/residuals/97/P8_Y5_R2FR_3962_STATUS.csv,431,894dee0c99a35076ba10ac59b69b7198c769423978db47809376adccc716010a
residuals,source-intake/mts_residuals/P8_Y5_R2FR_3963_CLAIM_GATE.csv,research-ledger/files/residuals/92/P8_Y5_R2FR_3963_CLAIM_GATE.csv,839,886d24a9d4989f2e1fdb532b116b9864c9a74f8e174a5f148e908b7362358f77
residuals,source-intake/mts_residuals/P8_Y5_R2FR_3963_CONSTANT_UNIVERSAL_G_CONDITIONS.csv,research-ledger/files/residuals/02/P8_Y5_R2FR_3963_CONSTANT_UNIVERSAL_G_CONDITIONS.csv,1347,82af27be3ae2a3395c56f950827e88eb5c3d0fdbe7529ea03a8fbbae546e2fbe
residuals,source-intake/mts_residuals/P8_Y5_R2FR_3963_DECISION_GATE.csv,research-ledger/files/residuals/3d/P8_Y5_R2FR_3963_DECISION_GATE.csv,940,189a1c3f034f89784edb892f5ac611d14928a042812baad7017e2fda56c02842
residuals,source-intake/mts_residuals/P8_Y5_R2FR_3963_NEWTON_FIRST_NONCLAIM_SCORE_ROW.csv,research-ledger/files/residuals/93/P8_Y5_R2FR_3963_NEWTON_FIRST_NONCLAIM_SCORE_ROW.csv,877,d5ae287fc311852f4295b8a7f56a25af358a33850daeff4d9c35e85cfb7abe10
residuals,source-intake/mts_residuals/P8_Y5_R2FR_3963_NEWTON_G_PRODUCT_IDENTITY.csv,research-ledger/files/residuals/79/P8_Y5_R2FR_3963_NEWTON_G_PRODUCT_IDENTITY.csv,1216,92e4adad7d1c7e80104a70b8c0b87a937ccb162c99cf523118d9ec2f6e7f7fbc
residuals,source-intake/mts_residuals/P8_Y5_R2FR_3963_NEWTON_SOURCE_RESIDUAL_VECTOR.csv,research-ledger/files/residuals/50/P8_Y5_R2FR_3963_NEWTON_SOURCE_RESIDUAL_VECTOR.csv,1792,13c44db3946402dfa56cac2b41a6115899a842decb39c7f298c4b32796d0feef
residuals,source-intake/mts_residuals/P8_Y5_R2FR_3963_NEXT_TARGET.csv,research-ledger/files/residuals/6d/P8_Y5_R2FR_3963_NEXT_TARGET.csv,616,0ec13e74ed5b664a1a311df4d390aaab3b075da49000fbce0ea9d7a24d31ebac
residuals,source-intake/mts_residuals/P8_Y5_R2FR_3963_SOURCE_REGISTER.csv,research-ledger/files/residuals/e6/P8_Y5_R2FR_3963_SOURCE_REGISTER.csv,13065,b5c16ee6d6c8306e66cbaf35fc3972d9554bc83a5da4d162c17b2fcc47b1200f
residuals,source-intake/mts_residuals/P8_Y5_R2FR_3963_STATUS.csv,research-ledger/files/residuals/41/P8_Y5_R2FR_3963_STATUS.csv,389,ff201fde1ae6ccf60c65f0e86e022e28fa1a7f065f29b513fa30a5d31005097f
residuals,source-intake/mts_residuals/P8_Y5_R2FR_3964_CLAIM_GATE.csv,research-ledger/files/residuals/71/P8_Y5_R2FR_3964_CLAIM_GATE.csv,872,318a148bb99213b4153896ebad52e5782364626bf3385370d5f518cb6cc0512f
residuals,source-intake/mts_residuals/P8_Y5_R2FR_3964_DECISION_GATE.csv,research-ledger/files/residuals/ed/P8_Y5_R2FR_3964_DECISION_GATE.csv,901,7657f7037dbc91de56f2ddd5c2804d0f665d4d60aef5ff029ac020777cc07fd2
residuals,source-intake/mts_residuals/P8_Y5_R2FR_3964_HILBERT_SOURCE_DENOMINATOR_IDENTITY.csv,research-ledger/files/residuals/11/P8_Y5_R2FR_3964_HILBERT_SOURCE_DENOMINATOR_IDENTITY.csv,1083,c7b068274bcaeba511b88383f544072e4ad876fd80f23fc2bfdb5befca7efafd
residuals,source-intake/mts_residuals/P8_Y5_R2FR_3964_MEFF_FLUX_RESIDUAL_VECTOR.csv,research-ledger/files/residuals/cd/P8_Y5_R2FR_3964_MEFF_FLUX_RESIDUAL_VECTOR.csv,2030,66275f1f471b15c02072c89c53f605896b8641c1e781cf446bea9ff79de577b3
residuals,source-intake/mts_residuals/P8_Y5_R2FR_3964_NEWTON_SOURCE_SCORE_FEED_UPDATE.csv,research-ledger/files/residuals/5a/P8_Y5_R2FR_3964_NEWTON_SOURCE_SCORE_FEED_UPDATE.csv,806,f31c97fb353c5b3c39dde755035f4183d86f307b0bc781189c8e1405052a5489
residuals,source-intake/mts_residuals/P8_Y5_R2FR_3964_NEXT_TARGET.csv,research-ledger/files/residuals/84/P8_Y5_R2FR_3964_NEXT_TARGET.csv,623,92687c0588176cb11460b2ac185b883f657944a45b78b81822397d9b0d489255
residuals,source-intake/mts_residuals/P8_Y5_R2FR_3964_PIM_FLUX_CLOSURE_THEOREM_OR_BOUND.csv,research-ledger/files/residuals/a3/P8_Y5_R2FR_3964_PIM_FLUX_CLOSURE_THEOREM_OR_BOUND.csv,1245,90583d1ab43f6214b96cd7bc1f5bea75d42691638dc9627c368a33f47eefb75e
residuals,source-intake/mts_residuals/P8_Y5_R2FR_3964_SOURCE_REGISTER.csv,research-ledger/files/residuals/fe/P8_Y5_R2FR_3964_SOURCE_REGISTER.csv,15469,65b45e3159359f06ae4dae13f82f60713260b582054459b5712b71acb6b29ee9
residuals,source-intake/mts_residuals/P8_Y5_R2FR_3964_STATUS.csv,research-ledger/files/residuals/c2/P8_Y5_R2FR_3964_STATUS.csv,347,071c289c36348d4ec4546511f4dbfd3f76bdfb972894ee4e4d996c889f1a880a
residuals,source-intake/mts_residuals/P8_Y5_R2FR_3965_CLAIM_GATE.csv,research-ledger/files/residuals/67/P8_Y5_R2FR_3965_CLAIM_GATE.csv,819,997a9559b8922c7f7e006ae122e5d0f35f18e5811dd5ba246a64d0bfd7b6cf92
residuals,source-intake/mts_residuals/P8_Y5_R2FR_3965_DECISION_GATE.csv,research-ledger/files/residuals/b7/P8_Y5_R2FR_3965_DECISION_GATE.csv,967,fe94f7b64ace0af92f3cb90a044e2ad6ed42b894050b6f6c0133079360ed37f1
residuals,source-intake/mts_residuals/P8_Y5_R2FR_3965_DELTAPIM_RESIDUAL_VECTOR.csv,research-ledger/files/residuals/d5/P8_Y5_R2FR_3965_DELTAPIM_RESIDUAL_VECTOR.csv,2351,d5dbdc17bcf639a194233a6d258536211b5a0b88853293a01f4cc2cab7493aa2
residuals,source-intake/mts_residuals/P8_Y5_R2FR_3965_MEFF_FLUX_DELTAPIM_FEED_UPDATE.csv,research-ledger/files/residuals/ce/P8_Y5_R2FR_3965_MEFF_FLUX_DELTAPIM_FEED_UPDATE.csv,759,438e4f985ee1569bc1f53e8c3fde91524a9944c0422abcc961124e9048b29630
residuals,source-intake/mts_residuals/P8_Y5_R2FR_3965_NEXT_TARGET.csv,research-ledger/files/residuals/7a/P8_Y5_R2FR_3965_NEXT_TARGET.csv,629,bf8eb71f4193539ccdb11970e1bd931d535865b14c10746bdc038126639b4578
residuals,source-intake/mts_residuals/P8_Y5_R2FR_3965_PIM_COMMUTATOR_ZERO_THEOREM_OR_BOUND.csv,research-ledger/files/residuals/93/P8_Y5_R2FR_3965_PIM_COMMUTATOR_ZERO_THEOREM_OR_BOUND.csv,1434,5a0b919a973b109157646e13e7e9a568889a4864271ceaf14c6d9e6e0c39a3ea
residuals,source-intake/mts_residuals/P8_Y5_R2FR_3965_PROJECTOR_STRESS_SPLIT.csv,research-ledger/files/residuals/86/P8_Y5_R2FR_3965_PROJECTOR_STRESS_SPLIT.csv,1237,3ca8a210d1eb0b4c4c4cca661889ba8cd5dda8faa4bd9dd65b98c364f306cce6
residuals,source-intake/mts_residuals/P8_Y5_R2FR_3965_SOURCE_REGISTER.csv,research-ledger/files/residuals/2e/P8_Y5_R2FR_3965_SOURCE_REGISTER.csv,15226,50b6e48f596f0fd69c020262d8c46b72ad8342b3a562a6f53ec5f0b29a5be4dc
residuals,source-intake/mts_residuals/P8_Y5_R2FR_3965_STATUS.csv,research-ledger/files/residuals/34/P8_Y5_R2FR_3965_STATUS.csv,426,bf569ce9797490eb07bdd2259079550b837314d9b655ccb9ec443ac9c3e4dd02
residuals,source-intake/mts_residuals/P8_Y5_R2FR_3966_CLAIM_GATE.csv,research-ledger/files/residuals/19/P8_Y5_R2FR_3966_CLAIM_GATE.csv,849,e37d61f1d75ef11cd7eb24e30923bf01335553baf90ca34f857b4de16e071b04
residuals,source-intake/mts_residuals/P8_Y5_R2FR_3966_DECISION_GATE.csv,research-ledger/files/residuals/b3/P8_Y5_R2FR_3966_DECISION_GATE.csv,949,9daf646a1d3fadefe5097de2953f2b7c68edaa7c307ea70a5ef616e8f093d3fc
residuals,source-intake/mts_residuals/P8_Y5_R2FR_3966_DELTA_CAL_RESIDUAL_VECTOR.csv,research-ledger/files/residuals/a9/P8_Y5_R2FR_3966_DELTA_CAL_RESIDUAL_VECTOR.csv,1969,682d114465dabdd1ec37e5ecb7f86a59da4fcc108a4219fb2be318f1d8b5534a
residuals,source-intake/mts_residuals/P8_Y5_R2FR_3966_GAUSS_ORBITAL_BRIDGE_THEOREM_OR_BOUND.csv,research-ledger/files/residuals/92/P8_Y5_R2FR_3966_GAUSS_ORBITAL_BRIDGE_THEOREM_OR_BOUND.csv,1441,c54c832fe9b25353f725548856f0279b3de207b517bc3b93f063ff5d189f1917
residuals,source-intake/mts_residuals/P8_Y5_R2FR_3966_INVERSE_SQUARE_READOUT_GATE.csv,research-ledger/files/residuals/c0/P8_Y5_R2FR_3966_INVERSE_SQUARE_READOUT_GATE.csv,1007,8c33c0984dfed10512ec32765e1f61880542346d4e99a4bc5ccc7c4c01c253e6
residuals,source-intake/mts_residuals/P8_Y5_R2FR_3966_NEWTON_SCORE_DELTA_CAL_FEED_UPDATE.csv,research-ledger/files/residuals/f8/P8_Y5_R2FR_3966_NEWTON_SCORE_DELTA_CAL_FEED_UPDATE.csv,1088,5b68b0c640d83c5244122b050ba03ad0cc9ab3af8f864fd6cd0e68dded05ccee
residuals,source-intake/mts_residuals/P8_Y5_R2FR_3966_NEXT_TARGET.csv,research-ledger/files/residuals/33/P8_Y5_R2FR_3966_NEXT_TARGET.csv,564,0bef55479cb3eb3b2a922c5c7dccc55ab42a56d003d23e24a94edbe5952fd2f7
residuals,source-intake/mts_residuals/P8_Y5_R2FR_3966_SOURCE_REGISTER.csv,research-ledger/files/residuals/9e/P8_Y5_R2FR_3966_SOURCE_REGISTER.csv,15604,7d664f8df63708051c3818a5241d6068e013a52c58eb1ed4be770725700befca
residuals,source-intake/mts_residuals/P8_Y5_R2FR_3966_STATUS.csv,research-ledger/files/residuals/8d/P8_Y5_R2FR_3966_STATUS.csv,385,3ddda1aa4673e342d8899286a15bc1b6562acf1b82fc7299d6f91f924a81543a
residuals,source-intake/mts_residuals/P8_Y5_R2FR_3967_BETA_AB_LAW_ROLLED_FORWARD.csv,research-ledger/files/residuals/2a/P8_Y5_R2FR_3967_BETA_AB_LAW_ROLLED_FORWARD.csv,1489,b1b0a3ecb044566f28e0146e39a2a97f730859440ff4c5e64327a544eeca70dd
residuals,source-intake/mts_residuals/P8_Y5_R2FR_3967_CLAIM_GATE.csv,research-ledger/files/residuals/09/P8_Y5_R2FR_3967_CLAIM_GATE.csv,1067,8f077b9fa663a3b078997a7142979f1c96ec7aa0f8ea2e5ef2ef64a8e46c26b7
residuals,source-intake/mts_residuals/P8_Y5_R2FR_3967_DECISION_GATE.csv,research-ledger/files/residuals/e6/P8_Y5_R2FR_3967_DECISION_GATE.csv,1316,af45822c15aff42183a16017b6fe78db74dd88dfddd208500bff46d495c41423
residuals,source-intake/mts_residuals/P8_Y5_R2FR_3967_EMPIRICAL_BOUND_INTERFACE.csv,research-ledger/files/residuals/93/P8_Y5_R2FR_3967_EMPIRICAL_BOUND_INTERFACE.csv,2917,750ff8cdf9e1b1a95886de5564de16452e8845922b12577d2588917c6ead8c59
residuals,source-intake/mts_residuals/P8_Y5_R2FR_3967_LOCAL_GR_GATE_FEED_UPDATE.csv,research-ledger/files/residuals/e9/P8_Y5_R2FR_3967_LOCAL_GR_GATE_FEED_UPDATE.csv,1584,53298138ef49848fa08cd32482b7fef7e4bf59ba0f753ed615a2bb0e6769091d
residuals,source-intake/mts_residuals/P8_Y5_R2FR_3967_NEXT_TARGET.csv,research-ledger/files/residuals/32/P8_Y5_R2FR_3967_NEXT_TARGET.csv,619,70b2b5dfbe279c38f2dc36775221a7830efb77e3e14affaeb64459faf3148d1e
residuals,source-intake/mts_residuals/P8_Y5_R2FR_3967_PPN_RESIDUAL_VECTOR.csv,research-ledger/files/residuals/79/P8_Y5_R2FR_3967_PPN_RESIDUAL_VECTOR.csv,4054,299501e2340b997f0d9dbf6afabd98a88d3047bd629bd82dadb192e9d524a38e
residuals,source-intake/mts_residuals/P8_Y5_R2FR_3967_PPN_STABILITY_THEOREM_OR_BOUND.csv,research-ledger/files/residuals/17/P8_Y5_R2FR_3967_PPN_STABILITY_THEOREM_OR_BOUND.csv,2438,864db6b62ee27cdcfd2c0959f60c11f9492e98c806eab3f181bd2842bc43576f
residuals,source-intake/mts_residuals/P8_Y5_R2FR_3967_SOURCE_REGISTER.csv,research-ledger/files/residuals/c5/P8_Y5_R2FR_3967_SOURCE_REGISTER.csv,9001,e92d2e03b35657d4dc56174e638c75cb7f62e08508a1b11b3c6641dbf0b6a628
residuals,source-intake/mts_residuals/P8_Y5_R2FR_3967_STATUS.csv,research-ledger/files/residuals/1a/P8_Y5_R2FR_3967_STATUS.csv,368,e37e72abd5609e5ff0a747b29f3358714adf9e84018e1a873a6d6c0da3893ea4
residuals,source-intake/mts_residuals/P8_Y5_R2FR_3968_BETA_SQUARE_LAW_OBSTRUCTION_VECTOR.csv,research-ledger/files/residuals/dd/P8_Y5_R2FR_3968_BETA_SQUARE_LAW_OBSTRUCTION_VECTOR.csv,3128,33bb79464c6184fedabdbcbe438b1a8fbe0d396e076003d66316180216016605
residuals,source-intake/mts_residuals/P8_Y5_R2FR_3968_BETA_VECTOR_FEED_UPDATE.csv,research-ledger/files/residuals/b5/P8_Y5_R2FR_3968_BETA_VECTOR_FEED_UPDATE.csv,1245,8d9b2d47d14cf2c958aec371201e68a9992f68499d7d1d6bee62cde43a6a28ff
residuals,source-intake/mts_residuals/P8_Y5_R2FR_3968_CLAIM_GATE.csv,research-ledger/files/residuals/54/P8_Y5_R2FR_3968_CLAIM_GATE.csv,922,b7da2b9ad24b79338479358898ac4becc6ea73aaab9cd8a9ce24be29a7c688d0
residuals,source-intake/mts_residuals/P8_Y5_R2FR_3968_DECISION_GATE.csv,research-ledger/files/residuals/b4/P8_Y5_R2FR_3968_DECISION_GATE.csv,1037,530fad661ba8eb844068db03a86b40ee372d90719ada73e4e3afd90d82d1dd5c
residuals,source-intake/mts_residuals/P8_Y5_R2FR_3968_NEXT_TARGET.csv,research-ledger/files/residuals/6a/P8_Y5_R2FR_3968_NEXT_TARGET.csv,597,47c78182e2ba4697ad7b0a29b22fd64048a802bd313c87f854ceb1a4f63b005c
residuals,source-intake/mts_residuals/P8_Y5_R2FR_3968_PARENT_PREMISE_TESTS.csv,research-ledger/files/residuals/6b/P8_Y5_R2FR_3968_PARENT_PREMISE_TESTS.csv,2241,24785b54d200667db07db72efa745d6458b953f39ff71e019c7531bd2bbefb98
residuals,source-intake/mts_residuals/P8_Y5_R2FR_3968_SINGLE_MASS_SQUARE_LAW_THEOREM.csv,research-ledger/files/residuals/30/P8_Y5_R2FR_3968_SINGLE_MASS_SQUARE_LAW_THEOREM.csv,1628,347b981cc18396c3a44e8101f5314e1ffbba09c04378b4e335e6043527ae7688
residuals,source-intake/mts_residuals/P8_Y5_R2FR_3968_SOURCE_REGISTER.csv,research-ledger/files/residuals/f5/P8_Y5_R2FR_3968_SOURCE_REGISTER.csv,5787,41f01ae0ee73cddbf6785ac0d9c9c5539ef552cf2ebc652ef41ed1be4becc682
residuals,source-intake/mts_residuals/P8_Y5_R2FR_3968_STATUS.csv,research-ledger/files/residuals/30/P8_Y5_R2FR_3968_STATUS.csv,439,1ec6ce8e70d041d653f75e5f87ebdca9900cd0f0a8e70509157b5452fe4302ad
residuals,source-intake/mts_residuals/P8_Y5_R2FR_3969_BETA_OBSTRUCTION_BOUND_ROWS.csv,research-ledger/files/residuals/79/P8_Y5_R2FR_3969_BETA_OBSTRUCTION_BOUND_ROWS.csv,2383,4b61f1cf8e4494ab97cbf9eff2794f3358ab34c4eec336c6eb6f14301cd030b2
residuals,source-intake/mts_residuals/P8_Y5_R2FR_3969_CLAIM_GATE.csv,research-ledger/files/residuals/e9/P8_Y5_R2FR_3969_CLAIM_GATE.csv,976,8d442e5286df137e9d390425937e25a6f4802573956360c20da33716e9abe7cc
residuals,source-intake/mts_residuals/P8_Y5_R2FR_3969_DECISION_GATE.csv,research-ledger/files/residuals/fc/P8_Y5_R2FR_3969_DECISION_GATE.csv,952,85d18bcc7c5e3179beda04a580251af9040bed2b730c677f4384da7edb132281
residuals,source-intake/mts_residuals/P8_Y5_R2FR_3969_DELTA_B_SQUARE_FEED_UPDATE.csv,research-ledger/files/residuals/ba/P8_Y5_R2FR_3969_DELTA_B_SQUARE_FEED_UPDATE.csv,1325,c0813101024eb1216022f33824336dfd3a65e9ddf33ba272b208eb3a48ab81ef
residuals,source-intake/mts_residuals/P8_Y5_R2FR_3969_NEXT_TARGET.csv,research-ledger/files/residuals/72/P8_Y5_R2FR_3969_NEXT_TARGET.csv,606,bcd9196302bc3f877e53921eb844000f388c4881925d822847f29f4ac7629e53
residuals,source-intake/mts_residuals/P8_Y5_R2FR_3969_SINGLE_EXTERIOR_MASS_UNIQUENESS_THEOREM.csv,research-ledger/files/residuals/a6/P8_Y5_R2FR_3969_SINGLE_EXTERIOR_MASS_UNIQUENESS_THEOREM.csv,1839,1747e408b6d1b7d4078e1b253ffc5ad777029032011f39417f1d6e77568bd499
residuals,source-intake/mts_residuals/P8_Y5_R2FR_3969_SOURCE_REGISTER.csv,research-ledger/files/residuals/0f/P8_Y5_R2FR_3969_SOURCE_REGISTER.csv,6814,5804c35bf0eae095b039459dbd9130687a2abd4283f96a869f8e18370b74b19f
residuals,source-intake/mts_residuals/P8_Y5_R2FR_3969_STATUS.csv,research-ledger/files/residuals/62/P8_Y5_R2FR_3969_STATUS.csv,447,6ece23443a02b449c55ebc72fbbbcf2bea8c37bb1aae67bd964e53c0d1c5b45b
residuals,source-intake/mts_residuals/P8_Y5_R2FR_3969_UNIQUENESS_HYPOTHESIS_GATE.csv,research-ledger/files/residuals/72/P8_Y5_R2FR_3969_UNIQUENESS_HYPOTHESIS_GATE.csv,2308,2c4e53f258431f48943121335b41fd158da3816291a066dce5684340443d9c6f
residuals,source-intake/mts_residuals/P8_Y5_R2FR_3970_CLAIM_GATE.csv,research-ledger/files/residuals/cb/P8_Y5_R2FR_3970_CLAIM_GATE.csv,917,c14d07ebcf3825def7568d40bf89475b44b382a0230ad15b27d956703b4bf9f3
residuals,source-intake/mts_residuals/P8_Y5_R2FR_3970_DECISION_GATE.csv,research-ledger/files/residuals/21/P8_Y5_R2FR_3970_DECISION_GATE.csv,1020,f8abed6ad59e495d8ac3f3e4e6ddc14c8bc3f7c144a423efdfbe787cffe396ca
residuals,source-intake/mts_residuals/P8_Y5_R2FR_3970_DELTA_MU_EXTRA_BOUND_VECTOR.csv,research-ledger/files/residuals/94/P8_Y5_R2FR_3970_DELTA_MU_EXTRA_BOUND_VECTOR.csv,1018,ff36815c814f6ddac4400eff03ada1061b6a1a045ac3e8c9c64a28f480ffec14
residuals,source-intake/mts_residuals/P8_Y5_R2FR_3970_EXTRA_MONOPOLE_CHANNEL_VECTOR.csv,research-ledger/files/residuals/17/P8_Y5_R2FR_3970_EXTRA_MONOPOLE_CHANNEL_VECTOR.csv,3362,d7b3f153f79c0094d837bf257e64fa7a2e5d530a4f63307b70aa61c523a3a375
residuals,source-intake/mts_residuals/P8_Y5_R2FR_3970_NEXT_TARGET.csv,research-ledger/files/residuals/b6/P8_Y5_R2FR_3970_NEXT_TARGET.csv,604,214e12ac59be0e6b794f8a5959c1f6973a4ed94fafc562125c4c394de9237548
residuals,source-intake/mts_residuals/P8_Y5_R2FR_3970_NO_EXTRA_MONOPOLE_THEOREM_OR_BOUND.csv,research-ledger/files/residuals/de/P8_Y5_R2FR_3970_NO_EXTRA_MONOPOLE_THEOREM_OR_BOUND.csv,1691,b354d5fb804cb1dd100b1140b76baab4bd5d2d551a182e8372866c8493ea6f49
residuals,source-intake/mts_residuals/P8_Y5_R2FR_3970_SINGLE_MASS_FEED_UPDATE.csv,research-ledger/files/residuals/b6/P8_Y5_R2FR_3970_SINGLE_MASS_FEED_UPDATE.csv,1217,ceeec52c5a4f85cbc71a721fe911d7b7b8318a15c1088c1d94441fb4999dc6e4
residuals,source-intake/mts_residuals/P8_Y5_R2FR_3970_SOURCE_REGISTER.csv,research-ledger/files/residuals/fc/P8_Y5_R2FR_3970_SOURCE_REGISTER.csv,6147,e5549f8925cd13328e95114ffc443d35d98c6c9ec8ea3461985f11b55f4bd16b
residuals,source-intake/mts_residuals/P8_Y5_R2FR_3970_STATUS.csv,research-ledger/files/residuals/0a/P8_Y5_R2FR_3970_STATUS.csv,413,b57ad088de09f3c4798d24b44b2f4fa297ce9fd76d22e8d403d600db7cd47bf3
residuals,source-intake/mts_residuals/P8_Y5_R2FR_3971_BOUNDARY_PIM_DOMAIN_TRIAD_THEOREM_OR_BOUND.csv,research-ledger/files/residuals/0d/P8_Y5_R2FR_3971_BOUNDARY_PIM_DOMAIN_TRIAD_THEOREM_OR_BOUND.csv,1952,9fc16455d6e682480c2b80153327151351b3a284da1fe2a0bd722ecc79a375d4
residuals,source-intake/mts_residuals/P8_Y5_R2FR_3971_CLAIM_GATE.csv,research-ledger/files/residuals/2f/P8_Y5_R2FR_3971_CLAIM_GATE.csv,885,a3ad8bc14e1dde8d8f1cdb698f550b8316469e035ca03fcb75325e769ec79ded
residuals,source-intake/mts_residuals/P8_Y5_R2FR_3971_DECISION_GATE.csv,research-ledger/files/residuals/ac/P8_Y5_R2FR_3971_DECISION_GATE.csv,954,520dbf6ccd38a75342033e8a3a87df32bc5eea3c6831ceb3ff6165e608408ed1
residuals,source-intake/mts_residuals/P8_Y5_R2FR_3971_EXTRA_MONOPOLE_FEED_UPDATE.csv,research-ledger/files/residuals/e7/P8_Y5_R2FR_3971_EXTRA_MONOPOLE_FEED_UPDATE.csv,1203,db270cb51ff0e9a325b10b6fa6656846205a4d285a80f254b50c275f4cb79391
residuals,source-intake/mts_residuals/P8_Y5_R2FR_3971_NEXT_TARGET.csv,research-ledger/files/residuals/c1/P8_Y5_R2FR_3971_NEXT_TARGET.csv,624,76880f4311d61f61aea675da3b55be05832f79c96cd79ffba812b3faea0e27c3
residuals,source-intake/mts_residuals/P8_Y5_R2FR_3971_SOURCE_REGISTER.csv,research-ledger/files/residuals/e4/P8_Y5_R2FR_3971_SOURCE_REGISTER.csv,8467,6dcd6e02cc7b7cc9eaab99bd8e9a30f6035626f93a4ef49844a102639f82b283
residuals,source-intake/mts_residuals/P8_Y5_R2FR_3971_STATUS.csv,research-ledger/files/residuals/b1/P8_Y5_R2FR_3971_STATUS.csv,425,b19a5b4068fc81875bdbba9adba8958c4ccb33bab4e32c4b0646b2af0778d1cc
residuals,source-intake/mts_residuals/P8_Y5_R2FR_3971_TRIAD_FINITE_INPUT_ROWS.csv,research-ledger/files/residuals/59/P8_Y5_R2FR_3971_TRIAD_FINITE_INPUT_ROWS.csv,1541,f292e724f8641d3eb25867901f158787bcc4819c6cf876f5844794a4973a1541
residuals,source-intake/mts_residuals/P8_Y5_R2FR_3971_TRIAD_ZERO_TESTS.csv,research-ledger/files/residuals/8e/P8_Y5_R2FR_3971_TRIAD_ZERO_TESTS.csv,2135,9e85e7bf3f26f2c1b292529902c313cd35e5c17f5f3813e92f440cf135e7015b
residuals,source-intake/mts_residuals/P8_Y5_R2FR_3972_BOUNDARY_FEED_UPDATE.csv,research-ledger/files/residuals/04/P8_Y5_R2FR_3972_BOUNDARY_FEED_UPDATE.csv,1815,9ebf177f16001a7c5e9bab25ad92918fd3faada3688bfdc13dee91893c720f5c
residuals,source-intake/mts_residuals/P8_Y5_R2FR_3972_BOUNDARY_FIRST_FINITE_ROW.csv,research-ledger/files/residuals/00/P8_Y5_R2FR_3972_BOUNDARY_FIRST_FINITE_ROW.csv,2054,df0eebcf7b5d51eca7472c14194b5dba4bb7728d26590e8cef314e1766bea56e
residuals,source-intake/mts_residuals/P8_Y5_R2FR_3972_BOUNDARY_REFERENCE_ZERO_ATTEMPT.csv,research-ledger/files/residuals/b0/P8_Y5_R2FR_3972_BOUNDARY_REFERENCE_ZERO_ATTEMPT.csv,2064,40d81dd260e6f231b66b18d55a3e11cad30e77ee598cf8b5a8675f006f539116
residuals,source-intake/mts_residuals/P8_Y5_R2FR_3972_CLAIM_GATE.csv,research-ledger/files/residuals/62/P8_Y5_R2FR_3972_CLAIM_GATE.csv,1013,78863d0a9424dc610eafacd189567854d09aecabb56a8953512b64443a3a9f27
residuals,source-intake/mts_residuals/P8_Y5_R2FR_3972_DECISION_GATE.csv,research-ledger/files/residuals/1e/P8_Y5_R2FR_3972_DECISION_GATE.csv,1031,3231d17706e3a250c14dab47c10c3356c47328d1f346cabcfae7286f0d836b96
residuals,source-intake/mts_residuals/P8_Y5_R2FR_3972_NEXT_TARGET.csv,research-ledger/files/residuals/cc/P8_Y5_R2FR_3972_NEXT_TARGET.csv,626,1da613d7de39a4393deb255d75f0878530f8cd95236f27f7f7aac0cc1b498eef
residuals,source-intake/mts_residuals/P8_Y5_R2FR_3972_SOURCE_REGISTER.csv,research-ledger/files/residuals/38/P8_Y5_R2FR_3972_SOURCE_REGISTER.csv,7911,9ebda8028b6a91f05622d76a03a2434f6d9e134e766ca0ad994ea862031dc241
residuals,source-intake/mts_residuals/P8_Y5_R2FR_3972_STATUS.csv,research-ledger/files/residuals/47/P8_Y5_R2FR_3972_STATUS.csv,453,c8c629a83f8fb6183a95b5cd76596ba4043bed8b6546981e029d81ef2468dbc1
residuals,source-intake/mts_residuals/P8_Y5_R2FR_3973_BOUNDARY_HAIR_COEFFICIENT_ROWS.csv,research-ledger/files/residuals/a5/P8_Y5_R2FR_3973_BOUNDARY_HAIR_COEFFICIENT_ROWS.csv,2638,0e29c83a3e3dcc28358b868a5b496716115c947f3590e4b17a06eac2dcda56af
residuals,source-intake/mts_residuals/P8_Y5_R2FR_3973_BOUNDARY_HAIR_DECOMPOSITION.csv,research-ledger/files/residuals/1e/P8_Y5_R2FR_3973_BOUNDARY_HAIR_DECOMPOSITION.csv,1647,dc4b6d1fcad98eaff44ead7065d07935ed81b54a8c9a0e2dfc131c3497679305
residuals,source-intake/mts_residuals/P8_Y5_R2FR_3973_BOUNDARY_HAIR_FEED_UPDATE.csv,research-ledger/files/residuals/78/P8_Y5_R2FR_3973_BOUNDARY_HAIR_FEED_UPDATE.csv,1917,32952769b3ed8d574dc958019fa80cb8562cfe3df00ae79f3fa42809ea7a4931
residuals,source-intake/mts_residuals/P8_Y5_R2FR_3973_BOUNDARY_HAIR_ZERO_ATTEMPT.csv,research-ledger/files/residuals/02/P8_Y5_R2FR_3973_BOUNDARY_HAIR_ZERO_ATTEMPT.csv,1812,d7bafd4679c5de328feeaedea93c6773e4fba2a57eb8223e236700d3fc148603
residuals,source-intake/mts_residuals/P8_Y5_R2FR_3973_CLAIM_GATE.csv,research-ledger/files/residuals/f0/P8_Y5_R2FR_3973_CLAIM_GATE.csv,1071,53f5720fde208fb4b10d7362145ebec8993191ce2852f1b23f12334c50e7696b
residuals,source-intake/mts_residuals/P8_Y5_R2FR_3973_DECISION_GATE.csv,research-ledger/files/residuals/a5/P8_Y5_R2FR_3973_DECISION_GATE.csv,1055,f9023b75e63e7320032990d68e74eae61325ba3850e24573c5439fbc801ef101
residuals,source-intake/mts_residuals/P8_Y5_R2FR_3973_NEXT_TARGET.csv,research-ledger/files/residuals/10/P8_Y5_R2FR_3973_NEXT_TARGET.csv,729,85d90184851e3d6fc3cf4d4342f9e8b9294594979a055e1473b74c9c8599ec3a
residuals,source-intake/mts_residuals/P8_Y5_R2FR_3973_SOURCE_REGISTER.csv,research-ledger/files/residuals/86/P8_Y5_R2FR_3973_SOURCE_REGISTER.csv,9389,2c408bfa169f26c43423aac6dec3c2508f5896b70153215644c12619983d29e8
residuals,source-intake/mts_residuals/P8_Y5_R2FR_3973_STATUS.csv,research-ledger/files/residuals/15/P8_Y5_R2FR_3973_STATUS.csv,469,34a60b00256f0128001292d7a2c921e8c0ea9908d3643d754276ce52b765e348
residuals,source-intake/mts_residuals/P8_Y5_R2FR_3974_BOUNDARY_ACTION_FEED_UPDATE.csv,research-ledger/files/residuals/20/P8_Y5_R2FR_3974_BOUNDARY_ACTION_FEED_UPDATE.csv,1327,ecacc409761170c1cf5d83cbfd47920ee495fc65409c85d2ed5a96f0b9c0495a
residuals,source-intake/mts_residuals/P8_Y5_R2FR_3974_BOUNDARY_COEFFICIENT_VALUE_REQUIREMENTS.csv,research-ledger/files/residuals/46/P8_Y5_R2FR_3974_BOUNDARY_COEFFICIENT_VALUE_REQUIREMENTS.csv,1330,e800d728bb6b431466b6a7365fc7746f506b58bfc1271153c9203cd667935711
residuals,source-intake/mts_residuals/P8_Y5_R2FR_3974_BOUNDARY_PREMISE_OWNERSHIP_AUDIT.csv,research-ledger/files/residuals/11/P8_Y5_R2FR_3974_BOUNDARY_PREMISE_OWNERSHIP_AUDIT.csv,1655,c6da5482f47d1bc5d33ec8f9b11063841b37674317dc1d5e7668547894699faf
residuals,source-intake/mts_residuals/P8_Y5_R2FR_3974_BOUNDARY_VARIATION_ZERO_PROOF.csv,research-ledger/files/residuals/44/P8_Y5_R2FR_3974_BOUNDARY_VARIATION_ZERO_PROOF.csv,1372,874b2c7cf4cb509f6d51de2ba4d0b22a19f7b7a6a3fdcfbab8419e1f8ffba28a
residuals,source-intake/mts_residuals/P8_Y5_R2FR_3974_CLAIM_GATE.csv,research-ledger/files/residuals/5e/P8_Y5_R2FR_3974_CLAIM_GATE.csv,761,418a638e474f8054b107beb0b9ccabc12c87e42dd54078bc9082dd6695a9f9ee
residuals,source-intake/mts_residuals/P8_Y5_R2FR_3974_DECISION_GATE.csv,research-ledger/files/residuals/bc/P8_Y5_R2FR_3974_DECISION_GATE.csv,983,3234bc7aa1334e4f8194c356ed94cd4f1c5e1f00282812bba18f6667bb999b46
residuals,source-intake/mts_residuals/P8_Y5_R2FR_3974_NEXT_TARGET.csv,research-ledger/files/residuals/87/P8_Y5_R2FR_3974_NEXT_TARGET.csv,598,ce20539b01e48a04b58ea2de4efbe8abe72d29168943948f51a508d5b7556e26
residuals,source-intake/mts_residuals/P8_Y5_R2FR_3974_PARENT_BOUNDARY_ACTION_CONTRACT.csv,research-ledger/files/residuals/f7/P8_Y5_R2FR_3974_PARENT_BOUNDARY_ACTION_CONTRACT.csv,2333,5c8738e2138fcafa824b415d3b17112ce574d483f4afd3b2ff22d201953c62ae
residuals,source-intake/mts_residuals/P8_Y5_R2FR_3974_SOURCE_REGISTER.csv,research-ledger/files/residuals/f8/P8_Y5_R2FR_3974_SOURCE_REGISTER.csv,8956,3435986e98787c1bd944863fce3bc26ab3c5a474b0be60a6c1171149f4471e7f
residuals,source-intake/mts_residuals/P8_Y5_R2FR_3974_STATUS.csv,research-ledger/files/residuals/bc/P8_Y5_R2FR_3974_STATUS.csv,491,32ecd8044afb7c04a11aad5d4218900faf061d46e7cf44b8876c0ea87e18e229
residuals,source-intake/mts_residuals/P8_Y5_R2FR_3975_BOUNDARY_MULTIPOLE_COEFFICIENT_REQUIREMENTS.csv,research-ledger/files/residuals/23/P8_Y5_R2FR_3975_BOUNDARY_MULTIPOLE_COEFFICIENT_REQUIREMENTS.csv,1626,995f1dd9114fcc59951b77e79fb81c4a7ae8a4d3cac1467272dfa7727cf949a9
residuals,source-intake/mts_residuals/P8_Y5_R2FR_3975_BOUNDARY_SCALAR_SINGLET_SELECTION_THEOREM.csv,research-ledger/files/residuals/aa/P8_Y5_R2FR_3975_BOUNDARY_SCALAR_SINGLET_SELECTION_THEOREM.csv,2266,6122b52bbed91ad9e56ad1571f4eb016545deadc566a0dbd4a2b0a4d2f1e8811
residuals,source-intake/mts_residuals/P8_Y5_R2FR_3975_CLAIM_GATE.csv,research-ledger/files/residuals/a1/P8_Y5_R2FR_3975_CLAIM_GATE.csv,777,c3a2ef76bed1b74685a92e7bdd7cf2adaba8127e2838a1247420c23c0b3034a8
residuals,source-intake/mts_residuals/P8_Y5_R2FR_3975_DECISION_GATE.csv,research-ledger/files/residuals/33/P8_Y5_R2FR_3975_DECISION_GATE.csv,966,e453dfc59435b46456048f06493650050c3a07843f4d0cb2cce0e88a31dd3410
residuals,source-intake/mts_residuals/P8_Y5_R2FR_3975_FEED_UPDATE.csv,research-ledger/files/residuals/e2/P8_Y5_R2FR_3975_FEED_UPDATE.csv,1686,5b28ace887b015a56a22a0771fcdf27291ff6b3c5130139e6c274f722b2029c9
residuals,source-intake/mts_residuals/P8_Y5_R2FR_3975_NEXT_TARGET.csv,research-ledger/files/residuals/15/P8_Y5_R2FR_3975_NEXT_TARGET.csv,589,9546228d36b95c143f4a004a14ffcfebacc1d8959922e057f3025cd1a66250ff
residuals,source-intake/mts_residuals/P8_Y5_R2FR_3975_SO3_PREMISE_AUDIT.csv,research-ledger/files/residuals/39/P8_Y5_R2FR_3975_SO3_PREMISE_AUDIT.csv,1820,87a0d1e669db02347dcf06894a9dfbe1a9a2fda9b3b919b1c8d6e5261cf1575f
residuals,source-intake/mts_residuals/P8_Y5_R2FR_3975_SOURCE_REGISTER.csv,research-ledger/files/residuals/6f/P8_Y5_R2FR_3975_SOURCE_REGISTER.csv,8132,f762c40c7ae4b74bd84d42e2661bdb73353917302764dc625049a4393aed9dd2
residuals,source-intake/mts_residuals/P8_Y5_R2FR_3975_STATUS.csv,research-ledger/files/residuals/15/P8_Y5_R2FR_3975_STATUS.csv,489,2ae55d46f2fe18181fe63567178c2a0d0a8609289128c01e6e0da25650453181
residuals,source-intake/mts_residuals/P8_Y5_R2FR_3975_ZB_CERTIFICATE_UPDATE.csv,research-ledger/files/residuals/57/P8_Y5_R2FR_3975_ZB_CERTIFICATE_UPDATE.csv,1194,b2afbc26f69476dc60af3c42d00f1cdbc7e3b6260255ef6d58e5a962fe18cd6a
residuals,source-intake/mts_residuals/P8_Y5_R2FR_3976_CLAIM_GATE.csv,research-ledger/files/residuals/52/P8_Y5_R2FR_3976_CLAIM_GATE.csv,800,f8e44a2015de47328312704a705f9877f588839afba9e7f31f278b7eec39f334
residuals,source-intake/mts_residuals/P8_Y5_R2FR_3976_DECISION_GATE.csv,research-ledger/files/residuals/54/P8_Y5_R2FR_3976_DECISION_GATE.csv,1049,75b05b0f1402257eda14e4f69aa1583bf07c3428d0064b7675c7f179b332b89d
residuals,source-intake/mts_residuals/P8_Y5_R2FR_3976_FEED_UPDATE.csv,research-ledger/files/residuals/f5/P8_Y5_R2FR_3976_FEED_UPDATE.csv,1251,3a24991d8912ad6f83dcce09dcbe55732821162ba9f6102ad2e7e88e2afc8fe6
residuals,source-intake/mts_residuals/P8_Y5_R2FR_3976_MULTIPOLE_HAIR_BOUND_ROWS.csv,research-ledger/files/residuals/d1/P8_Y5_R2FR_3976_MULTIPOLE_HAIR_BOUND_ROWS.csv,2124,f9c84c54e444536def6584319795b9f0465e714135e7ffff193d5a62217b88d2
residuals,source-intake/mts_residuals/P8_Y5_R2FR_3976_NEXT_TARGET.csv,research-ledger/files/residuals/f0/P8_Y5_R2FR_3976_NEXT_TARGET.csv,609,9a6c56da11b37d4c19a3dd78f166eb9ae6ca79143ae9d61c2ec173df7816b8d5
residuals,source-intake/mts_residuals/P8_Y5_R2FR_3976_PARENT_SO3_BOUNDARY_SYMMETRY_THEOREM.csv,research-ledger/files/residuals/2b/P8_Y5_R2FR_3976_PARENT_SO3_BOUNDARY_SYMMETRY_THEOREM.csv,2043,f41fb506f6ace2fafc1fcb8c06811860fc9532fbd34dfdd683f2d1222c61ede6
residuals,source-intake/mts_residuals/P8_Y5_R2FR_3976_SO3_PARENT_SIGNATURE_AUDIT.csv,research-ledger/files/residuals/04/P8_Y5_R2FR_3976_SO3_PARENT_SIGNATURE_AUDIT.csv,1958,ac2c78fa2a3ae93e8ee41c088d1b704e8fa7d90a201427e7a2678a4fefd9a7ee
residuals,source-intake/mts_residuals/P8_Y5_R2FR_3976_SOURCE_REGISTER.csv,research-ledger/files/residuals/26/P8_Y5_R2FR_3976_SOURCE_REGISTER.csv,8144,da6be527eccf97588f0ee5b51bf6264f215d1d7b58e28f44f07b50fb37a3594b
residuals,source-intake/mts_residuals/P8_Y5_R2FR_3976_STATUS.csv,research-ledger/files/residuals/3e/P8_Y5_R2FR_3976_STATUS.csv,491,0872c09a6141f6e354ebb738d03cff9f990c978729c56495848beea29af878f1
residuals,source-intake/mts_residuals/P8_Y5_R2FR_3976_Z_SO3_CERTIFICATE_UPDATE.csv,research-ledger/files/residuals/f8/P8_Y5_R2FR_3976_Z_SO3_CERTIFICATE_UPDATE.csv,1150,3472e4140a8e2544c46848d81fe930ec78d3c6c7eaded969896e15fc2d0ac5c0
residuals,source-intake/mts_residuals/P8_Y5_R2FR_3977_ANGULAR_MOMENT_SILENCE_THEOREM.csv,research-ledger/files/residuals/bb/P8_Y5_R2FR_3977_ANGULAR_MOMENT_SILENCE_THEOREM.csv,3269,7da1903449e8c1585904fa53defb7ee17d14c680073c790e130487f42aac9e44
residuals,source-intake/mts_residuals/P8_Y5_R2FR_3977_CLAIM_GATE.csv,research-ledger/files/residuals/88/P8_Y5_R2FR_3977_CLAIM_GATE.csv,682,0816c94eebdc35ae8373bc2ddb7ed90a7ebef2ba042b37c2be97abe42bffa56f
residuals,source-intake/mts_residuals/P8_Y5_R2FR_3977_DECISION_GATE.csv,research-ledger/files/residuals/34/P8_Y5_R2FR_3977_DECISION_GATE.csv,1403,06846e88bc87151a929d2ab716d4d7a36ad03f7aeda598f8cc7861445151c3c9
residuals,source-intake/mts_residuals/P8_Y5_R2FR_3977_FEED_UPDATE.csv,research-ledger/files/residuals/fe/P8_Y5_R2FR_3977_FEED_UPDATE.csv,1465,d567ffd5a7838a1f75f117f6d29013c1c177afec6621858ac430641aa59dc004
residuals,source-intake/mts_residuals/P8_Y5_R2FR_3977_MULTIPOLE_PROFILE_BOUND_ROWS.csv,research-ledger/files/residuals/a4/P8_Y5_R2FR_3977_MULTIPOLE_PROFILE_BOUND_ROWS.csv,2163,5430ea32df2c0d0148e3fb90a1a885a543afdb01f894a0a672fd1e5557d3ffaf
residuals,source-intake/mts_residuals/P8_Y5_R2FR_3977_MULTIPOLE_PROFILE_DECOMPOSITION.csv,research-ledger/files/residuals/75/P8_Y5_R2FR_3977_MULTIPOLE_PROFILE_DECOMPOSITION.csv,2542,55ff991e027b2862b92abce3063e80faba291244db5b2dfa9d4b63897af02034
residuals,source-intake/mts_residuals/P8_Y5_R2FR_3977_NEXT_TARGET.csv,research-ledger/files/residuals/94/P8_Y5_R2FR_3977_NEXT_TARGET.csv,646,1d2658cb589c73a843cc53fc0413cca83838aaf6deadb6ed74678edd227818f4
residuals,source-intake/mts_residuals/P8_Y5_R2FR_3977_SOURCE_REGISTER.csv,research-ledger/files/residuals/d4/P8_Y5_R2FR_3977_SOURCE_REGISTER.csv,9010,5103015fdf1caf75bb739d923ebe2bedcee82e7501fcd1fc2fdf6d59772e9c52
residuals,source-intake/mts_residuals/P8_Y5_R2FR_3977_STATUS.csv,research-ledger/files/residuals/52/P8_Y5_R2FR_3977_STATUS.csv,601,576b5f0f8ded55f98852100e0394f6f08a70fd291ce1223e8febb8388cf6fd85
residuals,source-intake/mts_residuals/P8_Y5_R2FR_3977_Z_ANGULAR_MOMENT_SILENCE_UPDATE.csv,research-ledger/files/residuals/ec/P8_Y5_R2FR_3977_Z_ANGULAR_MOMENT_SILENCE_UPDATE.csv,1656,7bd9eacd091ebb8c2d801858c756a60f667cce9a46ad51f2afafb18a0f12e632
residuals,source-intake/mts_residuals/P8_Y5_R2FR_3978_CLAIM_GATE.csv,research-ledger/files/residuals/22/P8_Y5_R2FR_3978_CLAIM_GATE.csv,805,6621583d97f80867630b0e51b834b1e4a21a6261d1b597499ea096ec1fb447a2
residuals,source-intake/mts_residuals/P8_Y5_R2FR_3978_CLOSED_SOURCE_TENSOR_VIRIAL_THEOREM.csv,research-ledger/files/residuals/91/P8_Y5_R2FR_3978_CLOSED_SOURCE_TENSOR_VIRIAL_THEOREM.csv,2840,3cfcd87e2562f1fdaad80fd285d28f78c7d5a2b22c36b0dcd685c7ce94a48237
residuals,source-intake/mts_residuals/P8_Y5_R2FR_3978_DECISION_GATE.csv,research-ledger/files/residuals/08/P8_Y5_R2FR_3978_DECISION_GATE.csv,1304,8659690980132a204854645a7a982db985824ca8086a93d3ae74be8b5caf9c82
residuals,source-intake/mts_residuals/P8_Y5_R2FR_3978_FEED_UPDATE.csv,research-ledger/files/residuals/9a/P8_Y5_R2FR_3978_FEED_UPDATE.csv,1443,ccbeb52a32dbfd45f7b3f88666f43b4a2d79ed480a32acf1c664bad08f3021da
residuals,source-intake/mts_residuals/P8_Y5_R2FR_3978_NEXT_TARGET.csv,research-ledger/files/residuals/6f/P8_Y5_R2FR_3978_NEXT_TARGET.csv,558,f948db36b494e233e2144a93e3ed545fd3e7150103ecc814ffe13f5f4a89c80b
residuals,source-intake/mts_residuals/P8_Y5_R2FR_3978_POYNTING_INCLUSION_CONTRACT.csv,research-ledger/files/residuals/9c/P8_Y5_R2FR_3978_POYNTING_INCLUSION_CONTRACT.csv,1591,1cc13e58567b1b3097ebc0b398eda53fa2e93455c367e0500714d30b3627317d
residuals,source-intake/mts_residuals/P8_Y5_R2FR_3978_SOURCE_PROFILE_ACQUISITION_SCHEMA.csv,research-ledger/files/residuals/d7/P8_Y5_R2FR_3978_SOURCE_PROFILE_ACQUISITION_SCHEMA.csv,3268,358eaec20417221713bae6f5cb2ac79909a603a3526a7a6d8224b24d0d08bda2
residuals,source-intake/mts_residuals/P8_Y5_R2FR_3978_SOURCE_REGISTER.csv,research-ledger/files/residuals/1e/P8_Y5_R2FR_3978_SOURCE_REGISTER.csv,9656,748084849e1f76812fab2286a75b857b2c97a9bbc4f3d5b42175f0817b338638
residuals,source-intake/mts_residuals/P8_Y5_R2FR_3978_SOURCE_RESIDUAL_BOUND_ROWS.csv,research-ledger/files/residuals/c5/P8_Y5_R2FR_3978_SOURCE_RESIDUAL_BOUND_ROWS.csv,2200,c4c87b78c52d688a9a7356a7d13d9cda889130afa62b41f4a6e245ccbe8c2377
residuals,source-intake/mts_residuals/P8_Y5_R2FR_3978_STATUS.csv,research-ledger/files/residuals/f4/P8_Y5_R2FR_3978_STATUS.csv,560,355ebca0e85e71ae220bae41982aadfb60adec39cbec6a1a3791e5dda632ccb1
residuals,source-intake/mts_residuals/P8_Y5_R2FR_3978_Z_SOURCE_ZERO_UPDATE.csv,research-ledger/files/residuals/44/P8_Y5_R2FR_3978_Z_SOURCE_ZERO_UPDATE.csv,1813,93ffe669441607edab97d8859324adfeda1248db05eeab395982f9929930cd3d
residuals,source-intake/mts_residuals/P8_Y5_R2FR_3979_CLAIM_GATE.csv,research-ledger/files/residuals/a0/P8_Y5_R2FR_3979_CLAIM_GATE.csv,840,20a736ead705d8beb9e21efc59614c3a23050a4106896fa5b20ca694820593ff
residuals,source-intake/mts_residuals/P8_Y5_R2FR_3979_DECISION_GATE.csv,research-ledger/files/residuals/2c/P8_Y5_R2FR_3979_DECISION_GATE.csv,1172,0233f6b632cfdb90470c3d2dd1dc4d49369a295d2e7b14451f83a7061ae4df24
residuals,source-intake/mts_residuals/P8_Y5_R2FR_3979_FEED_UPDATE.csv,research-ledger/files/residuals/2a/P8_Y5_R2FR_3979_FEED_UPDATE.csv,1145,37cd4c9e5bfe4598479ce87efd0bea036d66e997d4cb0fa47ef5feb4eb633450
residuals,source-intake/mts_residuals/P8_Y5_R2FR_3979_GR_BASELINE_RESIDUAL_PROJECTOR_CONTRACT.csv,research-ledger/files/residuals/d1/P8_Y5_R2FR_3979_GR_BASELINE_RESIDUAL_PROJECTOR_CONTRACT.csv,1966,63f5a5dd380e9235e5c9df0abe8808b7a52cb3bdf4d276e7f19c1749df4f69b5
residuals,source-intake/mts_residuals/P8_Y5_R2FR_3979_NEXT_TARGET.csv,research-ledger/files/residuals/b4/P8_Y5_R2FR_3979_NEXT_TARGET.csv,552,5edbd3fa858a9b5311f2e411e579f59be3497d0c3823ff3247adf9bca979c450
residuals,source-intake/mts_residuals/P8_Y5_R2FR_3979_PROJECTOR_BOUND_FEED_ROWS.csv,research-ledger/files/residuals/66/P8_Y5_R2FR_3979_PROJECTOR_BOUND_FEED_ROWS.csv,1106,ae3b63336954b4aabbe329b1062d1e4f718162babe67678d0499475122aa7531
residuals,source-intake/mts_residuals/P8_Y5_R2FR_3979_PROJECTOR_DRYRUN_RESULTS.csv,research-ledger/files/residuals/bd/P8_Y5_R2FR_3979_PROJECTOR_DRYRUN_RESULTS.csv,954,dfce3b6bdb6ff9f0aaa0abfec9040103ce56774b6695cfc79dec5e3ddc737a1e
residuals,source-intake/mts_residuals/P8_Y5_R2FR_3979_PROJECTOR_READY_SCHEMA.csv,research-ledger/files/residuals/3d/P8_Y5_R2FR_3979_PROJECTOR_READY_SCHEMA.csv,1267,8913c49bf6711721edf9b76daf885d943bf79357810c35e3030ef6fe985ba9a5
residuals,source-intake/mts_residuals/P8_Y5_R2FR_3979_SOURCE_PROFILE_SMOKE_INPUTS.csv,research-ledger/files/residuals/80/P8_Y5_R2FR_3979_SOURCE_PROFILE_SMOKE_INPUTS.csv,3622,0e25b882941b27810e2b4984cb4185bb37b09c64abebe260178f9e74b1a12690
residuals,source-intake/mts_residuals/P8_Y5_R2FR_3979_SOURCE_REGISTER.csv,research-ledger/files/residuals/3f/P8_Y5_R2FR_3979_SOURCE_REGISTER.csv,6451,e48753f6d5c049006fa3f14867b190c2e09eae33158783888efb46d7bdb4d733
residuals,source-intake/mts_residuals/P8_Y5_R2FR_3979_STATUS.csv,research-ledger/files/residuals/c6/P8_Y5_R2FR_3979_STATUS.csv,571,2107d421a93ce09783dc9a99cce3113d05ade525570be37d1210927ea6114ee7
residuals,source-intake/mts_residuals/P8_Y5_R2FR_3980_BOUND_FEED_ROWS.csv,research-ledger/files/residuals/5a/P8_Y5_R2FR_3980_BOUND_FEED_ROWS.csv,1054,9f187649a6d11c34bff99bbb915b57484e9b26425d69be3cde50dcabe5406939
residuals,source-intake/mts_residuals/P8_Y5_R2FR_3980_CLAIM_GATE.csv,research-ledger/files/residuals/95/P8_Y5_R2FR_3980_CLAIM_GATE.csv,847,b2bb776c092971f8273996f19216da7a85d3f473cf16ce2e89f5400b2c6f6637
residuals,source-intake/mts_residuals/P8_Y5_R2FR_3980_DECISION_GATE.csv,research-ledger/files/residuals/72/P8_Y5_R2FR_3980_DECISION_GATE.csv,1291,121d0265dcb063094a48c2ef862c85b6197c2206578754bd994ebea7726c4274
residuals,source-intake/mts_residuals/P8_Y5_R2FR_3980_FEED_UPDATE.csv,research-ledger/files/residuals/4f/P8_Y5_R2FR_3980_FEED_UPDATE.csv,1454,f56cb17cc399d3d596eb32236cc9f370124fac4cd6cde981de5780bd00df2cd0
residuals,source-intake/mts_residuals/P8_Y5_R2FR_3980_NEXT_TARGET.csv,research-ledger/files/residuals/23/P8_Y5_R2FR_3980_NEXT_TARGET.csv,628,3f559e9eae8043125565c880403dad7e382b068e583489b17524dedb0763a237
residuals,source-intake/mts_residuals/P8_Y5_R2FR_3980_PARENT_ZERO_CERTIFICATE_AUDIT.csv,research-ledger/files/residuals/0e/P8_Y5_R2FR_3980_PARENT_ZERO_CERTIFICATE_AUDIT.csv,2065,4405f56afbba203a6cc6cb23de706147f38fdd654e93a5efe3973ca3d73c7e0b
residuals,source-intake/mts_residuals/P8_Y5_R2FR_3980_PROJECTOR_RESULTS.csv,research-ledger/files/residuals/a0/P8_Y5_R2FR_3980_PROJECTOR_RESULTS.csv,1319,ceb9732fac67ee35ab0a4f1f33f1d94c9dd13a9e4ffe73a6ab2bca91cc6b857d
residuals,source-intake/mts_residuals/P8_Y5_R2FR_3980_SOURCE_PROFILE_CANDIDATE_ROWS.csv,research-ledger/files/residuals/a3/P8_Y5_R2FR_3980_SOURCE_PROFILE_CANDIDATE_ROWS.csv,2653,1c8f73ac79fa043adc11d1477ca0cdcf3ea2c7cc7919f0d464d96b89297e79e1
residuals,source-intake/mts_residuals/P8_Y5_R2FR_3980_SOURCE_REGISTER.csv,research-ledger/files/residuals/66/P8_Y5_R2FR_3980_SOURCE_REGISTER.csv,6851,672e1d8629601127bacbe26b3acbd22e9ef36d5d117585bbed6c3d7cc2e88756
residuals,source-intake/mts_residuals/P8_Y5_R2FR_3980_STATUS.csv,research-ledger/files/residuals/c3/P8_Y5_R2FR_3980_STATUS.csv,620,c44dbdd1416a0a2024a7296a3657157d44db5723915c41cd2534345cf5270489
residuals,source-intake/mts_residuals/P8_Y5_R2FR_3981_BOUND_FEED_ROWS.csv,research-ledger/files/residuals/36/P8_Y5_R2FR_3981_BOUND_FEED_ROWS.csv,919,5def30944bdcdd555fb712d0266df0804ca0330a2549b7f6d5071ca9ecaa7fe2
residuals,source-intake/mts_residuals/P8_Y5_R2FR_3981_CLAIM_GATE.csv,research-ledger/files/residuals/d8/P8_Y5_R2FR_3981_CLAIM_GATE.csv,670,56faf045c0c1547b34d8f36ff0a2d449b463b76a31be2eae37ffc7fc14b8c1f3
residuals,source-intake/mts_residuals/P8_Y5_R2FR_3981_CONTROLLED_POYNTING_SILENCE_THEOREM.csv,research-ledger/files/residuals/ab/P8_Y5_R2FR_3981_CONTROLLED_POYNTING_SILENCE_THEOREM.csv,1405,d8022040651ea7e33af7a3af895ef042b4aba8e13ce81bc6169f12a2032c292f
residuals,source-intake/mts_residuals/P8_Y5_R2FR_3981_DECISION_GATE.csv,research-ledger/files/residuals/e9/P8_Y5_R2FR_3981_DECISION_GATE.csv,919,8401ea80875e0e368ff5e56027923c031fc80bab60a286f23a89572edf40a53f
residuals,source-intake/mts_residuals/P8_Y5_R2FR_3981_FEED_UPDATE.csv,research-ledger/files/residuals/0e/P8_Y5_R2FR_3981_FEED_UPDATE.csv,995,95a7619493325b5acbbba8c7191e138e23de7a08555f17c8344de5afb6cfb0ee
residuals,source-intake/mts_residuals/P8_Y5_R2FR_3981_NEXT_TARGET.csv,research-ledger/files/residuals/b4/P8_Y5_R2FR_3981_NEXT_TARGET.csv,593,bc1b4a882c0abf1034e47e02f09e9fa7d56c0198ee2193826c57f7e3af4f79a2
residuals,source-intake/mts_residuals/P8_Y5_R2FR_3981_PARENT_ZERO_CERTIFICATE_UPDATE.csv,research-ledger/files/residuals/9d/P8_Y5_R2FR_3981_PARENT_ZERO_CERTIFICATE_UPDATE.csv,1992,86ce344b0eac6aaa7350583bc9f5d1e478854b5ea7de71d921388fd7ffc0d416
residuals,source-intake/mts_residuals/P8_Y5_R2FR_3981_PROJECTOR_RESULTS.csv,research-ledger/files/residuals/d6/P8_Y5_R2FR_3981_PROJECTOR_RESULTS.csv,1410,75dfc8e6f986d0703e4e76bcc0933cb22d54421365ee92cb4ec31e4496076463
residuals,source-intake/mts_residuals/P8_Y5_R2FR_3981_SOURCE_PROFILE_CANDIDATE_ROWS.csv,research-ledger/files/residuals/20/P8_Y5_R2FR_3981_SOURCE_PROFILE_CANDIDATE_ROWS.csv,2611,04804a017503e2d857f53fed481efee55f5d91ff363d93fa729bd1754af2dbc1
residuals,source-intake/mts_residuals/P8_Y5_R2FR_3981_SOURCE_REGISTER.csv,research-ledger/files/residuals/b7/P8_Y5_R2FR_3981_SOURCE_REGISTER.csv,6091,ac4fa1897985a4f66c66f534caccd64eaaf85d0aa065092064b5486e29b7e3a5
residuals,source-intake/mts_residuals/P8_Y5_R2FR_3981_STATUS.csv,research-ledger/files/residuals/dc/P8_Y5_R2FR_3981_STATUS.csv,561,c60e4b0ba6257fd5ceeb61a3678b2e6d693734a1470144fb786fce1bfe1082cd
residuals,source-intake/mts_residuals/P8_Y5_R2FR_3982_BOUND_FEED_ROWS.csv,research-ledger/files/residuals/62/P8_Y5_R2FR_3982_BOUND_FEED_ROWS.csv,869,aa92f2255eaeea4069e7c414366a9db62d4728e263b6ce61145e8577cc6939c5
residuals,source-intake/mts_residuals/P8_Y5_R2FR_3982_CLAIM_GATE.csv,research-ledger/files/residuals/0b/P8_Y5_R2FR_3982_CLAIM_GATE.csv,673,81d48b83413380db1b5c8fb239592eb51839c021fc1b5b3849f76236b9cd4a24
residuals,source-intake/mts_residuals/P8_Y5_R2FR_3982_CONTROLLED_SURFACE_EXCHANGE_ZERO_THEOREM.csv,research-ledger/files/residuals/37/P8_Y5_R2FR_3982_CONTROLLED_SURFACE_EXCHANGE_ZERO_THEOREM.csv,1402,de91eef71e2640c5ece019d86db9dba054b2e55694f052560c9b31148840edad
residuals,source-intake/mts_residuals/P8_Y5_R2FR_3982_DECISION_GATE.csv,research-ledger/files/residuals/3f/P8_Y5_R2FR_3982_DECISION_GATE.csv,1012,6cfffea24fe273b61c1c51f2656b6ed606546c1b4df0e06bc787b76aa15fcb49
residuals,source-intake/mts_residuals/P8_Y5_R2FR_3982_FEED_UPDATE.csv,research-ledger/files/residuals/2c/P8_Y5_R2FR_3982_FEED_UPDATE.csv,754,a17d85d9620b345ab9e13dedc55c63ea9485893e6a5615c07fa6b0444c624929
residuals,source-intake/mts_residuals/P8_Y5_R2FR_3982_NEXT_TARGET.csv,research-ledger/files/residuals/1a/P8_Y5_R2FR_3982_NEXT_TARGET.csv,563,c7f777565a126cf4308165010a37927b819ce4833d0b8b517532b178e1595654
residuals,source-intake/mts_residuals/P8_Y5_R2FR_3982_PARENT_ZERO_CERTIFICATE_UPDATE.csv,research-ledger/files/residuals/12/P8_Y5_R2FR_3982_PARENT_ZERO_CERTIFICATE_UPDATE.csv,2065,1cf4ab6fd15fa2ac9ef3ce5e7c168b8d3a0556b2ed794a98dd424e1c47540196
residuals,source-intake/mts_residuals/P8_Y5_R2FR_3982_PROJECTOR_RESULTS.csv,research-ledger/files/residuals/15/P8_Y5_R2FR_3982_PROJECTOR_RESULTS.csv,1433,9cc33e689b97e7d22d6b8be7ee80943f958762f343a49b5100c8fc3d82a87c07
residuals,source-intake/mts_residuals/P8_Y5_R2FR_3982_SOURCE_PROFILE_CANDIDATE_ROWS.csv,research-ledger/files/residuals/a6/P8_Y5_R2FR_3982_SOURCE_PROFILE_CANDIDATE_ROWS.csv,2557,2232b726009312703104357131acada5488a0b3569d38bf509798dcdc0c6df97
residuals,source-intake/mts_residuals/P8_Y5_R2FR_3982_SOURCE_REGISTER.csv,research-ledger/files/residuals/33/P8_Y5_R2FR_3982_SOURCE_REGISTER.csv,5377,424b197be60cf0e43dff1eff757d1ad2d32239a7fa7c53a84b8c3e4dbb6692b9
residuals,source-intake/mts_residuals/P8_Y5_R2FR_3982_STATUS.csv,research-ledger/files/residuals/3c/P8_Y5_R2FR_3982_STATUS.csv,553,a932af0dca0b259be5fa15a731c76b55185d282118774f1f656b8379c9b91bfa
residuals,source-intake/mts_residuals/P8_Y5_R2FR_3983_BOUND_FEED_ROWS.csv,research-ledger/files/residuals/0a/P8_Y5_R2FR_3983_BOUND_FEED_ROWS.csv,894,535f46c2d7da4c77fdf2d53da1c8509fc45248383048229dd17d43486019b5e3
residuals,source-intake/mts_residuals/P8_Y5_R2FR_3983_CLAIM_GATE.csv,research-ledger/files/residuals/12/P8_Y5_R2FR_3983_CLAIM_GATE.csv,667,66d293284991d8912f7186548aeba28a2e1c7a11523dda623c0413d9a056dcde
residuals,source-intake/mts_residuals/P8_Y5_R2FR_3983_CONTROLLED_NO_EXTRA_LGE1_HAIR_THEOREM.csv,research-ledger/files/residuals/67/P8_Y5_R2FR_3983_CONTROLLED_NO_EXTRA_LGE1_HAIR_THEOREM.csv,1454,496a7e7789774dba5f105c1ae4b3ff99e7938077ab17dbf589bae34cfc393385
residuals,source-intake/mts_residuals/P8_Y5_R2FR_3983_DECISION_GATE.csv,research-ledger/files/residuals/17/P8_Y5_R2FR_3983_DECISION_GATE.csv,1010,0843ba15cd89b19e29cba8976bf27e8284b7314534f2d89c39f12b89fcd63ab5
residuals,source-intake/mts_residuals/P8_Y5_R2FR_3983_FEED_UPDATE.csv,research-ledger/files/residuals/e9/P8_Y5_R2FR_3983_FEED_UPDATE.csv,749,a0df621a9301d029c57900827e8c0cfb88778feb08900e44b46a9384153803ea
residuals,source-intake/mts_residuals/P8_Y5_R2FR_3983_NEXT_TARGET.csv,research-ledger/files/residuals/05/P8_Y5_R2FR_3983_NEXT_TARGET.csv,616,4b7eba2359ce1d9b04e0f1d971ba562b68239e5303ffbc4dce2c769c98d27e08
residuals,source-intake/mts_residuals/P8_Y5_R2FR_3983_PARENT_ZERO_CERTIFICATE_UPDATE.csv,research-ledger/files/residuals/fb/P8_Y5_R2FR_3983_PARENT_ZERO_CERTIFICATE_UPDATE.csv,2166,2b5111fc817dbc954d87af9c91028b3be4fbe16742dcf727b54d7885d45d87bf
residuals,source-intake/mts_residuals/P8_Y5_R2FR_3983_PROJECTOR_RESULTS.csv,research-ledger/files/residuals/cd/P8_Y5_R2FR_3983_PROJECTOR_RESULTS.csv,1425,0d75ae9e3f15df80084e71ed5004ef191048d16ca7676a7dc3686bc6cd824fe4
residuals,source-intake/mts_residuals/P8_Y5_R2FR_3983_SOURCE_PROFILE_CANDIDATE_ROWS.csv,research-ledger/files/residuals/47/P8_Y5_R2FR_3983_SOURCE_PROFILE_CANDIDATE_ROWS.csv,2517,cb85f3e420d49a4a80e491f9e808d649fb970d5f96fdddf6a0b7af8c1222837f
residuals,source-intake/mts_residuals/P8_Y5_R2FR_3983_SOURCE_REGISTER.csv,research-ledger/files/residuals/76/P8_Y5_R2FR_3983_SOURCE_REGISTER.csv,4514,208ce502a8b384a5107ff3c56d40d333f184d7099ebbd5d0236bdf23455883a8
residuals,source-intake/mts_residuals/P8_Y5_R2FR_3983_STATUS.csv,research-ledger/files/residuals/b4/P8_Y5_R2FR_3983_STATUS.csv,521,9ca17940c9e45a44cabb3c9af8bb4735f0ad4a0483f2a80543afdd2e24d09d2d
residuals,source-intake/mts_residuals/P8_Y5_R2FR_3984_BOUND_FEED_ROWS.csv,research-ledger/files/residuals/41/P8_Y5_R2FR_3984_BOUND_FEED_ROWS.csv,5784,a0f0ed80575e94dfd18e5299e42ee5293f996f993103a86c8d6ea429172c52c6
residuals,source-intake/mts_residuals/P8_Y5_R2FR_3984_CLAIM_GATE.csv,research-ledger/files/residuals/08/P8_Y5_R2FR_3984_CLAIM_GATE.csv,910,7daf7be33b607a94ed5912c9459f114059df4bffb35ba0ade119ec3f7873d013
residuals,source-intake/mts_residuals/P8_Y5_R2FR_3984_CLOSED_SOURCE_OWNERSHIP_CERTIFICATE.csv,research-ledger/files/residuals/a8/P8_Y5_R2FR_3984_CLOSED_SOURCE_OWNERSHIP_CERTIFICATE.csv,4436,1fd1e44dd3e62ff2887a7a60c7d5b0ce0479dea069c94fede87841e9c12e3bac
residuals,source-intake/mts_residuals/P8_Y5_R2FR_3984_DECISION_GATE.csv,research-ledger/files/residuals/d2/P8_Y5_R2FR_3984_DECISION_GATE.csv,858,9f4c794b14a23aa5cc3bdeaed41e1e431bfa36128fad6220ab0bea04738da3f1
residuals,source-intake/mts_residuals/P8_Y5_R2FR_3984_FEED_UPDATE.csv,research-ledger/files/residuals/0c/P8_Y5_R2FR_3984_FEED_UPDATE.csv,743,116c8564909673eabc8f3686c4974993dc6a20de921ae0069d6ef98543885d33
residuals,source-intake/mts_residuals/P8_Y5_R2FR_3984_NEXT_TARGET.csv,research-ledger/files/residuals/4b/P8_Y5_R2FR_3984_NEXT_TARGET.csv,638,12d130c7dcb3b4fbd0e44584b035e9ad06923a6578165e74c240214b8e3cf2c7
residuals,source-intake/mts_residuals/P8_Y5_R2FR_3984_PROJECTOR_RESULTS.csv,research-ledger/files/residuals/46/P8_Y5_R2FR_3984_PROJECTOR_RESULTS.csv,1369,7a875985bcafdbe54d588c07f7c9b5a0f32604b72aa23c69367d4ba484daa6cc
residuals,source-intake/mts_residuals/P8_Y5_R2FR_3984_SOURCE_CHARGE_RESIDUAL_ROWS.csv,research-ledger/files/residuals/e6/P8_Y5_R2FR_3984_SOURCE_CHARGE_RESIDUAL_ROWS.csv,5280,b836150e6fde946cbc77368421ff1827854414e06b29edb916ee7155a53f9ac2
residuals,source-intake/mts_residuals/P8_Y5_R2FR_3984_SOURCE_REGISTER.csv,research-ledger/files/residuals/3d/P8_Y5_R2FR_3984_SOURCE_REGISTER.csv,9108,5997d081364713a5e94b47ff61e20e5f4d8d8a050450d270d3eba5f265a0ff9a
residuals,source-intake/mts_residuals/P8_Y5_R2FR_3984_STATUS.csv,research-ledger/files/residuals/10/P8_Y5_R2FR_3984_STATUS.csv,504,5d77f69c2f7227ba98bce4d85cc4cfc51c61813736f07bf67953e7ce6318787d
residuals,source-intake/mts_residuals/P8_Y5_R2FR_3984_WORLDTUBE_OWNERSHIP_THEOREM_ATTEMPT.csv,research-ledger/files/residuals/cb/P8_Y5_R2FR_3984_WORLDTUBE_OWNERSHIP_THEOREM_ATTEMPT.csv,2291,65498516759f7c376127e72d6cd1e6cfb75d372cb58ba48a98794cf0ee4f2be0
residuals,source-intake/mts_residuals/P8_Y5_R2FR_3985_CLAIM_GATE.csv,research-ledger/files/residuals/9c/P8_Y5_R2FR_3985_CLAIM_GATE.csv,652,2c6ab4ddd34c5b880912c6bb04d3e8ff7782ed2d677fed052cee3393e3f8eedb
residuals,source-intake/mts_residuals/P8_Y5_R2FR_3985_CLOSED_SOURCE_CERTIFICATE_UPDATE.csv,research-ledger/files/residuals/4a/P8_Y5_R2FR_3985_CLOSED_SOURCE_CERTIFICATE_UPDATE.csv,4670,a371361c481eb386ac766b36df5d2d882491e74ec675b2bf1cdfc7371309ba64
residuals,source-intake/mts_residuals/P8_Y5_R2FR_3985_DECISION_GATE.csv,research-ledger/files/residuals/0a/P8_Y5_R2FR_3985_DECISION_GATE.csv,754,4dd08574e77f97270b2a46e39035b5a719b4fca982e59684171b49c011147f57
residuals,source-intake/mts_residuals/P8_Y5_R2FR_3985_FEED_UPDATE.csv,research-ledger/files/residuals/df/P8_Y5_R2FR_3985_FEED_UPDATE.csv,794,e31adae59de32a69fcdd7d60ea2912f6fc18960518ee6c7b62af090dedc6dbfa
residuals,source-intake/mts_residuals/P8_Y5_R2FR_3985_NEWTONIAN_GM_BOUND_RUNNER_SCHEMA.csv,research-ledger/files/residuals/ec/P8_Y5_R2FR_3985_NEWTONIAN_GM_BOUND_RUNNER_SCHEMA.csv,1071,f4775c50664cf542df739894b0c58df8cc1a1e67aa380430fa15366d472a67cd
residuals,source-intake/mts_residuals/P8_Y5_R2FR_3985_NEWTONIAN_GM_BOUND_SMOKE_RESULTS.csv,research-ledger/files/residuals/df/P8_Y5_R2FR_3985_NEWTONIAN_GM_BOUND_SMOKE_RESULTS.csv,880,dd9cec7c18b163d71717f7f6ecdf9b4c67f653c5d3089a75da2b0a11cf442f83
residuals,source-intake/mts_residuals/P8_Y5_R2FR_3985_NEXT_TARGET.csv,research-ledger/files/residuals/fc/P8_Y5_R2FR_3985_NEXT_TARGET.csv,569,0df910cbc8d40b00569f9f792e048d78903172e8a4095c87059ba4969a852268
residuals,source-intake/mts_residuals/P8_Y5_R2FR_3985_PROJECTOR_RESULTS.csv,research-ledger/files/residuals/b4/P8_Y5_R2FR_3985_PROJECTOR_RESULTS.csv,1097,abaa00c2f94b87309323f08a855099588e4bc951e0b844a03a3fb291254f01d1
residuals,source-intake/mts_residuals/P8_Y5_R2FR_3985_RESIDUAL_REDUCTION_ROWS.csv,research-ledger/files/residuals/6a/P8_Y5_R2FR_3985_RESIDUAL_REDUCTION_ROWS.csv,3466,42897829f4814fd18e8a0ec49dab62b1ec39bcdc5c8f7fc4bf4bf0d89b45a541
residuals,source-intake/mts_residuals/P8_Y5_R2FR_3985_SOURCE_REGISTER.csv,research-ledger/files/residuals/db/P8_Y5_R2FR_3985_SOURCE_REGISTER.csv,8575,e6889da2430ff9484791a91a8d0043c73eddf428ec82040bca1d137a7135801e
residuals,source-intake/mts_residuals/P8_Y5_R2FR_3985_STATUS.csv,research-ledger/files/residuals/91/P8_Y5_R2FR_3985_STATUS.csv,522,6af8ed73dd0de92044ebc6b7cdc832dc83ff3b08e59591d347b76c083be90ae0
residuals,source-intake/mts_residuals/P8_Y5_R2FR_3985_SUBFACTOR_CLOSURE_THEOREM.csv,research-ledger/files/residuals/52/P8_Y5_R2FR_3985_SUBFACTOR_CLOSURE_THEOREM.csv,3062,89d69251f62abcf8ff52503c5eb0ad5ec7fae852f4cdbdf4e4ac3f1037423977
residuals,source-intake/mts_residuals/P8_Y5_R2FR_3986_CLAIM_GATE.csv,research-ledger/files/residuals/47/P8_Y5_R2FR_3986_CLAIM_GATE.csv,587,c8880018cb47d627d7f0e989613a44bb1f859ddac07ff713341a881028cd667a
residuals,source-intake/mts_residuals/P8_Y5_R2FR_3986_DECISION_GATE.csv,research-ledger/files/residuals/75/P8_Y5_R2FR_3986_DECISION_GATE.csv,849,f21123d4d82b1cfa00fa92303813d86a58667568925ea0becde71281ea4495e5
residuals,source-intake/mts_residuals/P8_Y5_R2FR_3986_FEED_UPDATE.csv,research-ledger/files/residuals/53/P8_Y5_R2FR_3986_FEED_UPDATE.csv,878,866f3022d550b92792cbc285e57285a4f49859b3f767868a13aa834587901e1d
residuals,source-intake/mts_residuals/P8_Y5_R2FR_3986_GM_AMPLITUDE_RUNNER_SCHEMA.csv,research-ledger/files/residuals/31/P8_Y5_R2FR_3986_GM_AMPLITUDE_RUNNER_SCHEMA.csv,912,6931a65e25af5bdbc854d7328b4a13df4bee20e9d20f39d940a5f272a67569c8
residuals,source-intake/mts_residuals/P8_Y5_R2FR_3986_GM_AMPLITUDE_SMOKE_RESULTS.csv,research-ledger/files/residuals/b8/P8_Y5_R2FR_3986_GM_AMPLITUDE_SMOKE_RESULTS.csv,808,ec8a9f1524cc83ae79d06b5abb992d3332b5940c0dfc9cbc65097c2424dd13df
residuals,source-intake/mts_residuals/P8_Y5_R2FR_3986_GM_SOURCE_AMPLITUDE_BOUND_ROWS.csv,research-ledger/files/residuals/8f/P8_Y5_R2FR_3986_GM_SOURCE_AMPLITUDE_BOUND_ROWS.csv,3170,67cd047874d435c7c4528fdd8e96a01a17efa7229dc226bd0602ec0bef6a10ad
residuals,source-intake/mts_residuals/P8_Y5_R2FR_3986_NEXT_TARGET.csv,research-ledger/files/residuals/bb/P8_Y5_R2FR_3986_NEXT_TARGET.csv,591,71217ce13ed93d48e42763410af1068c7474840159326c1e383da71cd321232b
residuals,source-intake/mts_residuals/P8_Y5_R2FR_3986_PIM_HILBERT_CERTIFICATE_UPDATE.csv,research-ledger/files/residuals/9a/P8_Y5_R2FR_3986_PIM_HILBERT_CERTIFICATE_UPDATE.csv,4103,dea02de975d297ac808b9dfb97e2d176364883007d12cb270a81b151ea466533
residuals,source-intake/mts_residuals/P8_Y5_R2FR_3986_PIM_HILBERT_EQUALITY_REDUCTION_THEOREM.csv,research-ledger/files/residuals/69/P8_Y5_R2FR_3986_PIM_HILBERT_EQUALITY_REDUCTION_THEOREM.csv,2227,69b2af58e2be4be20a33f96b9f9c52f062c44042a1794ae97e4df1faf8786a69
residuals,source-intake/mts_residuals/P8_Y5_R2FR_3986_PROJECTOR_RESULTS.csv,research-ledger/files/residuals/b2/P8_Y5_R2FR_3986_PROJECTOR_RESULTS.csv,628,fc2458cd45fc52a68e6f9d8b110065785319ae9aabd526b3ee85ba6bf512871e
residuals,source-intake/mts_residuals/P8_Y5_R2FR_3986_SOURCE_REGISTER.csv,research-ledger/files/residuals/11/P8_Y5_R2FR_3986_SOURCE_REGISTER.csv,7821,0731e0e6d0682675c8d66c0ae10bab04ad53084ead582e47966397a9acceb8e0
residuals,source-intake/mts_residuals/P8_Y5_R2FR_3986_STATUS.csv,research-ledger/files/residuals/ea/P8_Y5_R2FR_3986_STATUS.csv,534,941445a9b571ab0561352b85294053f12d1f65da1d82a62a9b7f3708e3ea1801
residuals,source-intake/mts_residuals/P8_Y5_R2FR_3987_CLAIM_GATE.csv,research-ledger/files/residuals/36/P8_Y5_R2FR_3987_CLAIM_GATE.csv,608,ba7855ed40a0aa83bd6b1cebb1225eafbf34bceee80df75d4b61c9b238fe273f
residuals,source-intake/mts_residuals/P8_Y5_R2FR_3987_COUPLING_EXTRA_MONOPOLE_BOUND_ROWS.csv,research-ledger/files/residuals/b5/P8_Y5_R2FR_3987_COUPLING_EXTRA_MONOPOLE_BOUND_ROWS.csv,7559,e30e5d960b9d6d2545c813eef89559483a53d63a8cdb33eaffa5ead8c9b6efe8
residuals,source-intake/mts_residuals/P8_Y5_R2FR_3987_COUPLING_EXTRA_MONOPOLE_CERTIFICATE.csv,research-ledger/files/residuals/20/P8_Y5_R2FR_3987_COUPLING_EXTRA_MONOPOLE_CERTIFICATE.csv,2980,9f516131c7505c13d3b64e4edd83d9cfacf63b6274cf7fd9d058d844ca557cab
residuals,source-intake/mts_residuals/P8_Y5_R2FR_3987_COUPLING_EXTRA_MONOPOLE_RUNNER_SCHEMA.csv,research-ledger/files/residuals/84/P8_Y5_R2FR_3987_COUPLING_EXTRA_MONOPOLE_RUNNER_SCHEMA.csv,2771,01310c5439dcba540aec0b9baa80f2483bc4f5217512c1ff1e5b998dabb0e51f
residuals,source-intake/mts_residuals/P8_Y5_R2FR_3987_COUPLING_EXTRA_MONOPOLE_SMOKE_RESULTS.csv,research-ledger/files/residuals/e3/P8_Y5_R2FR_3987_COUPLING_EXTRA_MONOPOLE_SMOKE_RESULTS.csv,1352,055927641c364887c618f896aead49c90be012239c6b17ae169b3a03b80a6676
residuals,source-intake/mts_residuals/P8_Y5_R2FR_3987_DECISION_GATE.csv,research-ledger/files/residuals/33/P8_Y5_R2FR_3987_DECISION_GATE.csv,821,fc439f7c530e7fc7c0e561301816b63b0d8290fe0ee9995f34a32c5e3b3a9e08
residuals,source-intake/mts_residuals/P8_Y5_R2FR_3987_FEED_UPDATE.csv,research-ledger/files/residuals/e7/P8_Y5_R2FR_3987_FEED_UPDATE.csv,607,5bd574124ecbdc77c6c860f62618cc37890f3fee362bce028084d662e13249cc
residuals,source-intake/mts_residuals/P8_Y5_R2FR_3987_NEXT_TARGET.csv,research-ledger/files/residuals/3a/P8_Y5_R2FR_3987_NEXT_TARGET.csv,529,3f90340cbf8a4ef1f267ee9a7ebfa2676c0860b0d221c0fa79c100da0ff323fb
residuals,source-intake/mts_residuals/P8_Y5_R2FR_3987_PROJECTOR_RESULTS.csv,research-ledger/files/residuals/0f/P8_Y5_R2FR_3987_PROJECTOR_RESULTS.csv,617,3c0ab3551df086c6fb62d398b98b8df68a323a65d87839e06960f36cf875842b
residuals,source-intake/mts_residuals/P8_Y5_R2FR_3987_SOURCE_REGISTER.csv,research-ledger/files/residuals/bf/P8_Y5_R2FR_3987_SOURCE_REGISTER.csv,8599,01cec696faca79c937c0cf18b7c387af578b65c206338ded470cfa1e6e381d7b
residuals,source-intake/mts_residuals/P8_Y5_R2FR_3987_STATUS.csv,research-ledger/files/residuals/54/P8_Y5_R2FR_3987_STATUS.csv,546,687642aec35aaf96658859a46b06e99f4b6fea0149a4544cce74541344f90ea1
residuals,source-intake/mts_residuals/P8_Y5_R2FR_3987_UNIVERSAL_COUPLING_AND_EXTRA_MONOPOLE_THEOREM.csv,research-ledger/files/residuals/41/P8_Y5_R2FR_3987_UNIVERSAL_COUPLING_AND_EXTRA_MONOPOLE_THEOREM.csv,2179,4410cb7037959e15e61c988f23afbedfa71356603fa204cf1b0eceaf89636cf4
residuals,source-intake/mts_residuals/P8_Y5_R2FR_3988_CLAIM_GATE.csv,research-ledger/files/residuals/2d/P8_Y5_R2FR_3988_CLAIM_GATE.csv,624,3594fdd7f5e7c7be4016be0113559ed308381d5e591904f0fab8987a08bb4ef5
residuals,source-intake/mts_residuals/P8_Y5_R2FR_3988_DECISION_GATE.csv,research-ledger/files/residuals/21/P8_Y5_R2FR_3988_DECISION_GATE.csv,844,ddc520edbdad761345d74db83986e6800c80dc93bf8d534948a11cb232704aba
residuals,source-intake/mts_residuals/P8_Y5_R2FR_3988_FEED_UPDATE.csv,research-ledger/files/residuals/c8/P8_Y5_R2FR_3988_FEED_UPDATE.csv,589,82147c2706a886a48b75950fba2dd846e2b60deea566415c4cdccfe21133144f
residuals,source-intake/mts_residuals/P8_Y5_R2FR_3988_NEXT_TARGET.csv,research-ledger/files/residuals/09/P8_Y5_R2FR_3988_NEXT_TARGET.csv,529,f99375ec140c65deb0370623a965801e3991295cc88c224407fa182a9859fc57
residuals,source-intake/mts_residuals/P8_Y5_R2FR_3988_PROJECTOR_RESULTS.csv,research-ledger/files/residuals/a1/P8_Y5_R2FR_3988_PROJECTOR_RESULTS.csv,611,67a9017b8ed6ed3dc5d5fdd8f8e1a2cdde5c37951d690e5906d6c5c4cfe491e3
residuals,source-intake/mts_residuals/P8_Y5_R2FR_3988_SOURCE_CURRENT_ORIGIN_AND_PPN_THEOREM.csv,research-ledger/files/residuals/38/P8_Y5_R2FR_3988_SOURCE_CURRENT_ORIGIN_AND_PPN_THEOREM.csv,2070,83739cf47861565498c5847d68de4f248271e0bfcf201076816fd5c751c632fa
residuals,source-intake/mts_residuals/P8_Y5_R2FR_3988_SOURCE_CURRENT_PPN_BOUND_ROWS.csv,research-ledger/files/residuals/8f/P8_Y5_R2FR_3988_SOURCE_CURRENT_PPN_BOUND_ROWS.csv,7146,7477246d02b4757f53cf65ba77e1752b43b5f79f9fc2b27d5ffb916c2780a7d2
residuals,source-intake/mts_residuals/P8_Y5_R2FR_3988_SOURCE_CURRENT_PPN_CERTIFICATE.csv,research-ledger/files/residuals/e6/P8_Y5_R2FR_3988_SOURCE_CURRENT_PPN_CERTIFICATE.csv,3032,9b25e6c6d7ed4b4b0ffe340299a4857e5e21e8af681fd62b9cc08afad9e6c33a
residuals,source-intake/mts_residuals/P8_Y5_R2FR_3988_SOURCE_CURRENT_PPN_RUNNER_SCHEMA.csv,research-ledger/files/residuals/8d/P8_Y5_R2FR_3988_SOURCE_CURRENT_PPN_RUNNER_SCHEMA.csv,2480,31a865330557c874883960d42699cdd7e79913412f630301fcfe0ae7e6fd12b4
residuals,source-intake/mts_residuals/P8_Y5_R2FR_3988_SOURCE_CURRENT_PPN_SMOKE_RESULTS.csv,research-ledger/files/residuals/4d/P8_Y5_R2FR_3988_SOURCE_CURRENT_PPN_SMOKE_RESULTS.csv,1338,131c15483b39c5fc30e5e19e16305db04bfb0ce2237dfa1a750b426fad32f8b9
residuals,source-intake/mts_residuals/P8_Y5_R2FR_3988_SOURCE_REGISTER.csv,research-ledger/files/residuals/b2/P8_Y5_R2FR_3988_SOURCE_REGISTER.csv,8583,7a494adecbc417a0df1a6056006372f7a53ac969451a450e9dc31c0d18530973
residuals,source-intake/mts_residuals/P8_Y5_R2FR_3988_STATUS.csv,research-ledger/files/residuals/ce/P8_Y5_R2FR_3988_STATUS.csv,529,57cdd99456c2fa0a552d08edce329056a125faf61124311724db914434bf9cc3
residuals,source-intake/mts_residuals/P8_Y5_R2FR_3989_CLAIM_GATE.csv,research-ledger/files/residuals/c2/P8_Y5_R2FR_3989_CLAIM_GATE.csv,607,78d215fcbd7c7189da4254c5f0299bb2cddfa2d9accc91c27894dd64ec34041c
residuals,source-intake/mts_residuals/P8_Y5_R2FR_3989_DECISION_GATE.csv,research-ledger/files/residuals/1e/P8_Y5_R2FR_3989_DECISION_GATE.csv,837,8541c29c03080ec54ce2d95bf904a9812db5df7a4cac71f97adad7e8f7182495
residuals,source-intake/mts_residuals/P8_Y5_R2FR_3989_DESCENT_PREFAC_PPN_BOUND_ROWS.csv,research-ledger/files/residuals/d9/P8_Y5_R2FR_3989_DESCENT_PREFAC_PPN_BOUND_ROWS.csv,4415,19338c9c839ee3b001339592adbc8cb6086c7b2fb0457583ac60ac5079ffa022
residuals,source-intake/mts_residuals/P8_Y5_R2FR_3989_DESCENT_PREFAC_PPN_RUNNER_SCHEMA.csv,research-ledger/files/residuals/22/P8_Y5_R2FR_3989_DESCENT_PREFAC_PPN_RUNNER_SCHEMA.csv,1556,922388a2e487aa082eafb84ea715e46b5c49297b1b1aaa345653b04b439e292f
residuals,source-intake/mts_residuals/P8_Y5_R2FR_3989_DESCENT_PREFAC_PPN_SMOKE_RESULTS.csv,research-ledger/files/residuals/e6/P8_Y5_R2FR_3989_DESCENT_PREFAC_PPN_SMOKE_RESULTS.csv,1121,5be86d22f8d672ad8f9a92f44e0a705033b6233e8f4414942957c3d6b353d4b9
residuals,source-intake/mts_residuals/P8_Y5_R2FR_3989_FEED_UPDATE.csv,research-ledger/files/residuals/6c/P8_Y5_R2FR_3989_FEED_UPDATE.csv,615,c241dbeba9b4fa071a072a2126223bf8500de678b414842270efb89553a6497f
residuals,source-intake/mts_residuals/P8_Y5_R2FR_3989_FIRST_PPN_SOURCE_WEIGHT_FILL.csv,research-ledger/files/residuals/f7/P8_Y5_R2FR_3989_FIRST_PPN_SOURCE_WEIGHT_FILL.csv,1558,e11f99cbaec423a76aef1ea62fe6a15734eb102e37e79c2631bcc55d68a7d077
residuals,source-intake/mts_residuals/P8_Y5_R2FR_3989_MATTER_DESCENT_NO_SOURCE_PREFACTOR_THEOREM.csv,research-ledger/files/residuals/4e/P8_Y5_R2FR_3989_MATTER_DESCENT_NO_SOURCE_PREFACTOR_THEOREM.csv,2108,5b8de6947773e98b615f5d4edf83223a57a8f3923a5d94c41e12971df4bdeab9
residuals,source-intake/mts_residuals/P8_Y5_R2FR_3989_NEXT_TARGET.csv,research-ledger/files/residuals/d8/P8_Y5_R2FR_3989_NEXT_TARGET.csv,534,fc0c69c239c984277c9e8e9062cd4a56f6e96fbae77269d473bbd634344cd370
residuals,source-intake/mts_residuals/P8_Y5_R2FR_3989_NO_SOURCE_PREFACTOR_CERTIFICATE.csv,research-ledger/files/residuals/6b/P8_Y5_R2FR_3989_NO_SOURCE_PREFACTOR_CERTIFICATE.csv,2941,6c23f7eb23f9675058c20a96923716a5d740b6cc9f3acef31a5798241168674f
residuals,source-intake/mts_residuals/P8_Y5_R2FR_3989_PROJECTOR_RESULTS.csv,research-ledger/files/residuals/9c/P8_Y5_R2FR_3989_PROJECTOR_RESULTS.csv,609,77b93799585d0ad16e2cd917a00877ba8c6d116e9f62d1e36bccead4d14aaf94
residuals,source-intake/mts_residuals/P8_Y5_R2FR_3989_SOURCE_REGISTER.csv,research-ledger/files/residuals/72/P8_Y5_R2FR_3989_SOURCE_REGISTER.csv,7858,2b2ae97d4dbcf94ec848580c6068f7c2ba8a87146a28afb48ef6ce4124f1511d
residuals,source-intake/mts_residuals/P8_Y5_R2FR_3989_STATUS.csv,research-ledger/files/residuals/b2/P8_Y5_R2FR_3989_STATUS.csv,515,467cf829c21842477acfda1767e17c1bd724b15ea95e0ce78554a04d65c38b33
residuals,source-intake/mts_residuals/P8_Y5_R2FR_3990_CLAIM_GATE.csv,research-ledger/files/residuals/0f/P8_Y5_R2FR_3990_CLAIM_GATE.csv,606,12a04b660de94293e74015dd300715dd211097bbf3e11b23ec28c75d52121edd
residuals,source-intake/mts_residuals/P8_Y5_R2FR_3990_DECISION_GATE.csv,research-ledger/files/residuals/d0/P8_Y5_R2FR_3990_DECISION_GATE.csv,686,321441bf600a0d2bc8600c7f43b6dd6a10bdd86df41ba4b57b123e1146f7adbf
residuals,source-intake/mts_residuals/P8_Y5_R2FR_3990_FIRST_REAL_SOURCE_WEIGHT_BOUND_SCHEMA.csv,research-ledger/files/residuals/18/P8_Y5_R2FR_3990_FIRST_REAL_SOURCE_WEIGHT_BOUND_SCHEMA.csv,1939,245141c44c4666ba2be6974e333175297f12f296c580fbaa4d5603be9d911524
residuals,source-intake/mts_residuals/P8_Y5_R2FR_3990_NEXT_TARGET.csv,research-ledger/files/residuals/5e/P8_Y5_R2FR_3990_NEXT_TARGET.csv,497,45dd804bf352284a8e89a2579d14822cae69ce39650abcc0dfce4abc6fe8ded4
residuals,source-intake/mts_residuals/P8_Y5_R2FR_3990_NO_HOM_GRAMMAR_THEOREM.csv,research-ledger/files/residuals/da/P8_Y5_R2FR_3990_NO_HOM_GRAMMAR_THEOREM.csv,2442,0028077d3ae417fa18d003c6150d35591f9556d84b0ea7a5f2ee42d7fb75dd96
residuals,source-intake/mts_residuals/P8_Y5_R2FR_3990_PPN_FEED_UPDATE.csv,research-ledger/files/residuals/d4/P8_Y5_R2FR_3990_PPN_FEED_UPDATE.csv,1048,9016aaf723a495a3698392e09588503abe36d9809a7fe4786d2a89476dbb3e4f
residuals,source-intake/mts_residuals/P8_Y5_R2FR_3990_SOURCE_REGISTER.csv,research-ledger/files/residuals/2b/P8_Y5_R2FR_3990_SOURCE_REGISTER.csv,5590,42f6f8d80f56a967be6d0f9dfa0e688cd07651fc05e13c9ba2f5795cb6659f8c
residuals,source-intake/mts_residuals/P8_Y5_R2FR_3990_SOURCE_WEIGHT_BOUND_ROWS.csv,research-ledger/files/residuals/f5/P8_Y5_R2FR_3990_SOURCE_WEIGHT_BOUND_ROWS.csv,4156,8733e496fa5e94138527c382f79197776f581ea9fb74495e08aa6d0787a9630b
residuals,source-intake/mts_residuals/P8_Y5_R2FR_3990_SOURCE_WEIGHT_SMOKE_RESULTS.csv,research-ledger/files/residuals/af/P8_Y5_R2FR_3990_SOURCE_WEIGHT_SMOKE_RESULTS.csv,555,1692f924bf23f2a2086d613c5348742611d6494054fc4a667666cbfa7fe9a6c9
