role,source_relative_path,capsule_relative_path,size_bytes,declared_sha256,observed_source_sha256,observed_capsule_sha256,status
input,source-intake/navier-stokes/20260909/annular-released-Hermite-final-integrity.json,research-programme/reproducibility/20260909/source-intake/navier-stokes/20260909/annular-released-Hermite-final-integrity.json,172737,f404d27a527d02d4141759a3dc5cab02f2b652e926fd0635314ece0cf68a772c,f404d27a527d02d4141759a3dc5cab02f2b652e926fd0635314ece0cf68a772c,f404d27a527d02d4141759a3dc5cab02f2b652e926fd0635314ece0cf68a772c,verified
input,source-intake/navier-stokes/20260909/annular-metric-dynamics-final-integrity.json,research-programme/reproducibility/20260909/source-intake/navier-stokes/20260909/annular-metric-dynamics-final-integrity.json,159362,efa5a90cc6cb911cef4129fed66a2ecc6ada8fa3ab0337473221c44da83fd7dc,efa5a90cc6cb911cef4129fed66a2ecc6ada8fa3ab0337473221c44da83fd7dc,efa5a90cc6cb911cef4129fed66a2ecc6ada8fa3ab0337473221c44da83fd7dc,verified
input,source-intake/navier-stokes/20260909/annular-metric-time-links-derived/status.json,research-programme/reproducibility/20260909/source-intake/navier-stokes/20260909/annular-metric-time-links-derived/status.json,141008,753d12cff3b193fbd75c1ac625f97813e0f290edfa4087d0a8617fdc987ee925,753d12cff3b193fbd75c1ac625f97813e0f290edfa4087d0a8617fdc987ee925,753d12cff3b193fbd75c1ac625f97813e0f290edfa4087d0a8617fdc987ee925,verified
input,source-intake/navier-stokes/20260909/annular-local-Ward-identity-derived-validated/status.json,research-programme/reproducibility/20260909/source-intake/navier-stokes/20260909/annular-local-Ward-identity-derived-validated/status.json,159214,c86212c6cd424df86119604d6abde5143f3f436425c9df03d01f28426d980fd1,c86212c6cd424df86119604d6abde5143f3f436425c9df03d01f28426d980fd1,c86212c6cd424df86119604d6abde5143f3f436425c9df03d01f28426d980fd1,verified
input,source-intake/navier-stokes/20260909/annular-constraint-routhian-final-integrity.json,research-programme/reproducibility/20260909/source-intake/navier-stokes/20260909/annular-constraint-routhian-final-integrity.json,127810,f2bfd74c4fc0d979011b3dbd046830d8df79941dc083277043115962c0b50084,f2bfd74c4fc0d979011b3dbd046830d8df79941dc083277043115962c0b50084,f2bfd74c4fc0d979011b3dbd046830d8df79941dc083277043115962c0b50084,verified
input,source-intake/navier-stokes/20260909/annular-adm-quadratic-final-integrity.json,research-programme/reproducibility/20260909/source-intake/navier-stokes/20260909/annular-adm-quadratic-final-integrity.json,989512,8f635e821f9c96693506f7b35777cb808f94e1d8ffed5e252a757849370e8c8c,8f635e821f9c96693506f7b35777cb808f94e1d8ffed5e252a757849370e8c8c,8f635e821f9c96693506f7b35777cb808f94e1d8ffed5e252a757849370e8c8c,verified
input,source-intake/navier-stokes/20260909/annular-covariant-time-links-final-integrity.json,research-programme/reproducibility/20260909/source-intake/navier-stokes/20260909/annular-covariant-time-links-final-integrity.json,986608,b03efa1299488527879ec246bf439f834209b995d5c5ee08c57d89f32f5139cf,b03efa1299488527879ec246bf439f834209b995d5c5ee08c57d89f32f5139cf,b03efa1299488527879ec246bf439f834209b995d5c5ee08c57d89f32f5139cf,verified
input,source-intake/navier-stokes/20260909/annular-clock-coframe-final-integrity.json,research-programme/reproducibility/20260909/source-intake/navier-stokes/20260909/annular-clock-coframe-final-integrity.json,116429,92aba1454413b67eec2ecb503d7b2a5d771393b2cbe87d2ff22b070d641149e4,92aba1454413b67eec2ecb503d7b2a5d771393b2cbe87d2ff22b070d641149e4,92aba1454413b67eec2ecb503d7b2a5d771393b2cbe87d2ff22b070d641149e4,verified
input,scripts/derive_annular_clock_coframe_current_20260909.py,research-programme/reproducibility/20260909/scripts/derive_annular_clock_coframe_current_20260909.py,18253,f7493d106a93f3f363de98f1701b46d77f1e29afb03401dbbb6efd3999ecc0e5,f7493d106a93f3f363de98f1701b46d77f1e29afb03401dbbb6efd3999ecc0e5,f7493d106a93f3f363de98f1701b46d77f1e29afb03401dbbb6efd3999ecc0e5,verified
input,scripts/annular_clock_connection_20260909.py,research-programme/reproducibility/20260909/scripts/annular_clock_connection_20260909.py,6758,8459cf750c5f68ae906eeb02f8210b9b79ce4c352a3343552ab403711fe34cfd,8459cf750c5f68ae906eeb02f8210b9b79ce4c352a3343552ab403711fe34cfd,8459cf750c5f68ae906eeb02f8210b9b79ce4c352a3343552ab403711fe34cfd,verified
input,source-intake/navier-stokes/20260909/annular-joint-action-transport-final-integrity.json,research-programme/reproducibility/20260909/source-intake/navier-stokes/20260909/annular-joint-action-transport-final-integrity.json,99992,2c6bc6e78187f5beb2a2e112dd69d8e9fcf68836332342a62bff77b91a176dcd,2c6bc6e78187f5beb2a2e112dd69d8e9fcf68836332342a62bff77b91a176dcd,2c6bc6e78187f5beb2a2e112dd69d8e9fcf68836332342a62bff77b91a176dcd,verified
input,scripts/derive_annular_gram_joint_action_20260909.py,research-programme/reproducibility/20260909/scripts/derive_annular_gram_joint_action_20260909.py,17937,600f909057be01fc1ad31723548662946edf6d6dec2e63b8b89705835b134092,600f909057be01fc1ad31723548662946edf6d6dec2e63b8b89705835b134092,600f909057be01fc1ad31723548662946edf6d6dec2e63b8b89705835b134092,verified
input,source-intake/navier-stokes/20260909/annular-compatible-current-final-integrity.json,research-programme/reproducibility/20260909/source-intake/navier-stokes/20260909/annular-compatible-current-final-integrity.json,111501,ac930bc2fb0af40a07c363fd2b606cd3169a070783a90bd6b95c1dcfa75979f8,ac930bc2fb0af40a07c363fd2b606cd3169a070783a90bd6b95c1dcfa75979f8,ac930bc2fb0af40a07c363fd2b606cd3169a070783a90bd6b95c1dcfa75979f8,verified
input,source-intake/navier-stokes/20260909/annular-compatible-current-restoring-source-derived/status.json,research-programme/reproducibility/20260909/source-intake/navier-stokes/20260909/annular-compatible-current-restoring-source-derived/status.json,74063,6bcacc2d786abf343a09a9a00e9e20d8842d959f52c77dc85766eb59ece483fb,6bcacc2d786abf343a09a9a00e9e20d8842d959f52c77dc85766eb59ece483fb,6bcacc2d786abf343a09a9a00e9e20d8842d959f52c77dc85766eb59ece483fb,verified
input,scripts/derive_annular_compatible_current_restoring_source_20260909.py,research-programme/reproducibility/20260909/scripts/derive_annular_compatible_current_restoring_source_20260909.py,10144,4a69dac57a708c85443008761f50ab41ca9cea5b0936382c4ad58d9408b85559,4a69dac57a708c85443008761f50ab41ca9cea5b0936382c4ad58d9408b85559,4a69dac57a708c85443008761f50ab41ca9cea5b0936382c4ad58d9408b85559,verified
input,scripts/sbp4_compatible_second_operator_20260909.py,research-programme/reproducibility/20260909/scripts/sbp4_compatible_second_operator_20260909.py,4797,86c6f05f7cf0a07abe9d4caa5ca1038b9f64641085a1a4a4f03aeae3ac918a3c,86c6f05f7cf0a07abe9d4caa5ca1038b9f64641085a1a4a4f03aeae3ac918a3c,86c6f05f7cf0a07abe9d4caa5ca1038b9f64641085a1a4a4f03aeae3ac918a3c,verified
input,scripts/sbp4_derived_operator_20260909.py,research-programme/reproducibility/20260909/scripts/sbp4_derived_operator_20260909.py,1211,065ea0be52b651d742082230fe8322a367e11fc5e20150c8f3d506d1f87e77d3,065ea0be52b651d742082230fe8322a367e11fc5e20150c8f3d506d1f87e77d3,065ea0be52b651d742082230fe8322a367e11fc5e20150c8f3d506d1f87e77d3,verified
input,scripts/annular_volterra_source_completion_20260909.py,research-programme/reproducibility/20260909/scripts/annular_volterra_source_completion_20260909.py,4048,158ec29d76d4b9de73065697ebc3a91b04377f718c8aa85e57e6a84bac818106,158ec29d76d4b9de73065697ebc3a91b04377f718c8aa85e57e6a84bac818106,158ec29d76d4b9de73065697ebc3a91b04377f718c8aa85e57e6a84bac818106,verified
input,scripts/annular_coupled_current_time_jets_20260909.py,research-programme/reproducibility/20260909/scripts/annular_coupled_current_time_jets_20260909.py,7681,0622610d2da611e066aff45e42e03675eb57b2099eda7bfff1ac711c3d67a95b,0622610d2da611e066aff45e42e03675eb57b2099eda7bfff1ac711c3d67a95b,0622610d2da611e066aff45e42e03675eb57b2099eda7bfff1ac711c3d67a95b,verified
input,source-intake/navier-stokes/20260909/sbp4-second-derivative-derived/status.json,research-programme/reproducibility/20260909/source-intake/navier-stokes/20260909/sbp4-second-derivative-derived/status.json,2563,7bceb95a043ac8055789a785b8906177c5b912768c32a3007aea94d3f7cb8fe5,7bceb95a043ac8055789a785b8906177c5b912768c32a3007aea94d3f7cb8fe5,7bceb95a043ac8055789a785b8906177c5b912768c32a3007aea94d3f7cb8fe5,verified
input,source-intake/navier-stokes/20260909/sbp4-operator-derived/coefficients.json,research-programme/reproducibility/20260909/source-intake/navier-stokes/20260909/sbp4-operator-derived/coefficients.json,703,973a0cee5f2006c9d0bfb6c4f9e14af9e4c5a83a708005257ab1095091314ae1,973a0cee5f2006c9d0bfb6c4f9e14af9e4c5a83a708005257ab1095091314ae1,973a0cee5f2006c9d0bfb6c4f9e14af9e4c5a83a708005257ab1095091314ae1,verified
input,source-intake/navier-stokes/20260909/annular-current-driving-and-passivity-qualified/status.json,research-programme/reproducibility/20260909/source-intake/navier-stokes/20260909/annular-current-driving-and-passivity-qualified/status.json,143889,07671f8494d3642079643de1264a24cd8fa8ddcedbe89425f99344e4b7042f88,07671f8494d3642079643de1264a24cd8fa8ddcedbe89425f99344e4b7042f88,07671f8494d3642079643de1264a24cd8fa8ddcedbe89425f99344e4b7042f88,verified
input,scripts/derive_annular_current_driving_and_passivity_qualified_20260909.py,research-programme/reproducibility/20260909/scripts/derive_annular_current_driving_and_passivity_qualified_20260909.py,19110,3935fec80ac47b1edb95c9ffb7221e85147a4d4a70c316d0282b127f241918c9,3935fec80ac47b1edb95c9ffb7221e85147a4d4a70c316d0282b127f241918c9,3935fec80ac47b1edb95c9ffb7221e85147a4d4a70c316d0282b127f241918c9,verified
input,source-intake/navier-stokes/20260909/annular-current-driving-and-passivity-obstruction/status.json,research-programme/reproducibility/20260909/source-intake/navier-stokes/20260909/annular-current-driving-and-passivity-obstruction/status.json,139193,eee7e1659813b4b13c1dcf8a84c133949d1f7756202a6172b2f572fd9182c6b7,eee7e1659813b4b13c1dcf8a84c133949d1f7756202a6172b2f572fd9182c6b7,eee7e1659813b4b13c1dcf8a84c133949d1f7756202a6172b2f572fd9182c6b7,verified
input,source-intake/navier-stokes/20260909/annular-current-driving-and-passivity-obstruction/executed-script.py,research-programme/reproducibility/20260909/source-intake/navier-stokes/20260909/annular-current-driving-and-passivity-obstruction/executed-script.py,17123,ce71bc8e9581d7ac09b3c88dd44949a667a5d36b42b0269700fe9b3b64d33b88,ce71bc8e9581d7ac09b3c88dd44949a667a5d36b42b0269700fe9b3b64d33b88,ce71bc8e9581d7ac09b3c88dd44949a667a5d36b42b0269700fe9b3b64d33b88,verified
input,scripts/derive_annular_current_driving_and_passivity_20260909.py,research-programme/reproducibility/20260909/scripts/derive_annular_current_driving_and_passivity_20260909.py,17123,ce71bc8e9581d7ac09b3c88dd44949a667a5d36b42b0269700fe9b3b64d33b88,ce71bc8e9581d7ac09b3c88dd44949a667a5d36b42b0269700fe9b3b64d33b88,ce71bc8e9581d7ac09b3c88dd44949a667a5d36b42b0269700fe9b3b64d33b88,verified
input,source-intake/navier-stokes/20260909/annular-mass-bulk-parity-channels/status.json,research-programme/reproducibility/20260909/source-intake/navier-stokes/20260909/annular-mass-bulk-parity-channels/status.json,74335,288b2488f8985c36d9c1f64416111211ce0e8639949f2839f695c7cbf3ca22bb,288b2488f8985c36d9c1f64416111211ce0e8639949f2839f695c7cbf3ca22bb,288b2488f8985c36d9c1f64416111211ce0e8639949f2839f695c7cbf3ca22bb,verified
input,scripts/diagnose_annular_mass_bulk_parity_channels_20260909.py,research-programme/reproducibility/20260909/scripts/diagnose_annular_mass_bulk_parity_channels_20260909.py,6787,8ec215a4a800ec4537b4397db08cf9c721fcafdfcc5020ef63bd4572e344d49e,8ec215a4a800ec4537b4397db08cf9c721fcafdfcc5020ef63bd4572e344d49e,8ec215a4a800ec4537b4397db08cf9c721fcafdfcc5020ef63bd4572e344d49e,verified
input,source-intake/navier-stokes/20260909/annular-projected-volterra-matched-comparison-portable/status.json,research-programme/reproducibility/20260909/source-intake/navier-stokes/20260909/annular-projected-volterra-matched-comparison-portable/status.json,230285,b3b1d9738c09f21bdc6a18f06dfba16d56f980bafa43334630c9fa846266b3f8,b3b1d9738c09f21bdc6a18f06dfba16d56f980bafa43334630c9fa846266b3f8,b3b1d9738c09f21bdc6a18f06dfba16d56f980bafa43334630c9fa846266b3f8,verified
input,scripts/compare_annular_projected_volterra_mass_repair_portable_20260909.py,research-programme/reproducibility/20260909/scripts/compare_annular_projected_volterra_mass_repair_portable_20260909.py,17109,2bd1201dbfc807563d32ab19af0c1d59eadf7900475877e2ed939605bba66244,2bd1201dbfc807563d32ab19af0c1d59eadf7900475877e2ed939605bba66244,2bd1201dbfc807563d32ab19af0c1d59eadf7900475877e2ed939605bba66244,verified
input,source-intake/navier-stokes/20260909/annular-projected-volterra-matched-comparison/status.json,research-programme/reproducibility/20260909/source-intake/navier-stokes/20260909/annular-projected-volterra-matched-comparison/status.json,229262,0dd435776338e73486f6dffb0052703d98399bd220dacce5546a392a213c7c82,0dd435776338e73486f6dffb0052703d98399bd220dacce5546a392a213c7c82,0dd435776338e73486f6dffb0052703d98399bd220dacce5546a392a213c7c82,verified
input,source-intake/navier-stokes/20260909/annular-projected-volterra-matched-comparison/executed-script.py,research-programme/reproducibility/20260909/source-intake/navier-stokes/20260909/annular-projected-volterra-matched-comparison/executed-script.py,16198,bc1b2b5d4e913e0ff2da8b571b56f806fd8e2a19c86e9fdd4e323f648712f084,bc1b2b5d4e913e0ff2da8b571b56f806fd8e2a19c86e9fdd4e323f648712f084,bc1b2b5d4e913e0ff2da8b571b56f806fd8e2a19c86e9fdd4e323f648712f084,verified
input,scripts/compare_annular_projected_volterra_mass_repair_20260909.py,research-programme/reproducibility/20260909/scripts/compare_annular_projected_volterra_mass_repair_20260909.py,16198,bc1b2b5d4e913e0ff2da8b571b56f806fd8e2a19c86e9fdd4e323f648712f084,bc1b2b5d4e913e0ff2da8b571b56f806fd8e2a19c86e9fdd4e323f648712f084,bc1b2b5d4e913e0ff2da8b571b56f806fd8e2a19c86e9fdd4e323f648712f084,verified
input,source-intake/navier-stokes/20260909/annular-trace-regularity-lower-bounds/status.json,research-programme/reproducibility/20260909/source-intake/navier-stokes/20260909/annular-trace-regularity-lower-bounds/status.json,47133,3bb731b77039a4f1a39908f882f93bf01e05b36efc236fff76e5d9f59b4637da,3bb731b77039a4f1a39908f882f93bf01e05b36efc236fff76e5d9f59b4637da,3bb731b77039a4f1a39908f882f93bf01e05b36efc236fff76e5d9f59b4637da,verified
input,source-intake/navier-stokes/20260909/annular-trace-regularity-lower-bounds/executed-script.py,research-programme/reproducibility/20260909/source-intake/navier-stokes/20260909/annular-trace-regularity-lower-bounds/executed-script.py,7365,3a330b59b854c2615c0c0e0128ed5a79d2c9e781b532b2df9088f3757ae4daa8,3a330b59b854c2615c0c0e0128ed5a79d2c9e781b532b2df9088f3757ae4daa8,3a330b59b854c2615c0c0e0128ed5a79d2c9e781b532b2df9088f3757ae4daa8,verified
input,source-intake/navier-stokes/20260909/annular-current-normal-reconstruction/status.json,research-programme/reproducibility/20260909/source-intake/navier-stokes/20260909/annular-current-normal-reconstruction/status.json,152611,30f1537a71b1a0375cb2422956f4e4005aea547e99aeacb0dbe27cc94db7d120,30f1537a71b1a0375cb2422956f4e4005aea547e99aeacb0dbe27cc94db7d120,30f1537a71b1a0375cb2422956f4e4005aea547e99aeacb0dbe27cc94db7d120,verified
input,source-intake/navier-stokes/20260909/annular-normal-constraint-H4-diagnosis/status.json,research-programme/reproducibility/20260909/source-intake/navier-stokes/20260909/annular-normal-constraint-H4-diagnosis/status.json,88391,1a0a972c3c32c12fba8b9b5aecc916945cc97cf47369aac53c15bef540f8edc8,1a0a972c3c32c12fba8b9b5aecc916945cc97cf47369aac53c15bef540f8edc8,1a0a972c3c32c12fba8b9b5aecc916945cc97cf47369aac53c15bef540f8edc8,verified
input,source-intake/navier-stokes/20260909/annular-current-normal-reconstruction/executed-script.py,research-programme/reproducibility/20260909/source-intake/navier-stokes/20260909/annular-current-normal-reconstruction/executed-script.py,15742,980b74839be27757678ecd26d1e64ce91d22a390863248f6819b172a6c4685f9,980b74839be27757678ecd26d1e64ce91d22a390863248f6819b172a6c4685f9,980b74839be27757678ecd26d1e64ce91d22a390863248f6819b172a6c4685f9,verified
input,source-intake/navier-stokes/20260909/annular-coupled-current-time-jets/status.json,research-programme/reproducibility/20260909/source-intake/navier-stokes/20260909/annular-coupled-current-time-jets/status.json,117877,80ecaa81956bdb745a88b0dfc2f556f416027232ce15d11081c7b1c423054d30,80ecaa81956bdb745a88b0dfc2f556f416027232ce15d11081c7b1c423054d30,80ecaa81956bdb745a88b0dfc2f556f416027232ce15d11081c7b1c423054d30,verified
input,source-intake/navier-stokes/20260909/annular-coupled-current-time-jets/executed-script.py,research-programme/reproducibility/20260909/source-intake/navier-stokes/20260909/annular-coupled-current-time-jets/executed-script.py,10396,272b666fec41e8882d6db8198200537928851c5e36e961c89fc35cc7ae37a726,272b666fec41e8882d6db8198200537928851c5e36e961c89fc35cc7ae37a726,272b666fec41e8882d6db8198200537928851c5e36e961c89fc35cc7ae37a726,verified
input,source-intake/navier-stokes/20260909/annular-coupled-current-analytic-third-corner/status.json,research-programme/reproducibility/20260909/source-intake/navier-stokes/20260909/annular-coupled-current-analytic-third-corner/status.json,65286,21f1d122fbeb933d31af3b5168fba9fe905f31a73e55483968e9af4b58822020,21f1d122fbeb933d31af3b5168fba9fe905f31a73e55483968e9af4b58822020,21f1d122fbeb933d31af3b5168fba9fe905f31a73e55483968e9af4b58822020,verified
input,source-intake/navier-stokes/20260909/annular-coupled-current-analytic-third-corner/executed-script.py,research-programme/reproducibility/20260909/source-intake/navier-stokes/20260909/annular-coupled-current-analytic-third-corner/executed-script.py,29458,cc70564b11d4481839b436d07703cdcba8956ae90cf2bddb821bff2bd33c6662,cc70564b11d4481839b436d07703cdcba8956ae90cf2bddb821bff2bd33c6662,cc70564b11d4481839b436d07703cdcba8956ae90cf2bddb821bff2bd33c6662,verified
input,source-intake/navier-stokes/20260909/annular-coupled-current-reduction-broadcast/status.json,research-programme/reproducibility/20260909/source-intake/navier-stokes/20260909/annular-coupled-current-reduction-broadcast/status.json,8470,881da914115e43662e8ed9c6d367b79c0ee83644e64f7386b974abc90fd2a949,881da914115e43662e8ed9c6d367b79c0ee83644e64f7386b974abc90fd2a949,881da914115e43662e8ed9c6d367b79c0ee83644e64f7386b974abc90fd2a949,verified
input,scripts/annular_coupled_current_operator_20260909.py,research-programme/reproducibility/20260909/scripts/annular_coupled_current_operator_20260909.py,5721,20e5c31f4bce2b401b11ad5e55e2cf8f9e75519b2c84557e9378ddc0bd8504ba,20e5c31f4bce2b401b11ad5e55e2cf8f9e75519b2c84557e9378ddc0bd8504ba,20e5c31f4bce2b401b11ad5e55e2cf8f9e75519b2c84557e9378ddc0bd8504ba,verified
input,scripts/derive_annular_coupled_current_reduction_20260909.py,research-programme/reproducibility/20260909/scripts/derive_annular_coupled_current_reduction_20260909.py,8086,180b742c6daca65d523cec1ea7cf134a4c8a5c54a25687b8fc7f9f0deefd05d1,180b742c6daca65d523cec1ea7cf134a4c8a5c54a25687b8fc7f9f0deefd05d1,180b742c6daca65d523cec1ea7cf134a4c8a5c54a25687b8fc7f9f0deefd05d1,verified
input,scripts/annular_coordinate_evolution_operator_20260909.py,research-programme/reproducibility/20260909/scripts/annular_coordinate_evolution_operator_20260909.py,3405,cf884d6a6df0e0c9c578248bbff7ebf16011aad051a018350d9ab31c40bccbd2,cf884d6a6df0e0c9c578248bbff7ebf16011aad051a018350d9ab31c40bccbd2,cf884d6a6df0e0c9c578248bbff7ebf16011aad051a018350d9ab31c40bccbd2,verified
input,scripts/annular_evolution_operator_20260909.py,research-programme/reproducibility/20260909/scripts/annular_evolution_operator_20260909.py,12124,3955c8fdf7eda801ced7d0eeefa21be6e3267f6056178664b3015c047933aed8,3955c8fdf7eda801ced7d0eeefa21be6e3267f6056178664b3015c047933aed8,3955c8fdf7eda801ced7d0eeefa21be6e3267f6056178664b3015c047933aed8,verified
input,scripts/annular_conservative_scalar_evolution_20260909.py,research-programme/reproducibility/20260909/scripts/annular_conservative_scalar_evolution_20260909.py,13780,9ed4c615b2a144ed461808747f6c80512baae6c0bac25163fbdbfe1e15198c2b,9ed4c615b2a144ed461808747f6c80512baae6c0bac25163fbdbfe1e15198c2b,9ed4c615b2a144ed461808747f6c80512baae6c0bac25163fbdbfe1e15198c2b,verified
input,scripts/annular_noether_completion_20260909.py,research-programme/reproducibility/20260909/scripts/annular_noether_completion_20260909.py,5076,1bcc72f03e3bd99859c8bdcb4ed55f064775d71673f68d7bb92601da61c4cb6f,1bcc72f03e3bd99859c8bdcb4ed55f064775d71673f68d7bb92601da61c4cb6f,1bcc72f03e3bd99859c8bdcb4ed55f064775d71673f68d7bb92601da61c4cb6f,verified
input,source-intake/navier-stokes/20260909/annular-constraint-correction-initial/canonical.json,research-programme/reproducibility/20260909/source-intake/navier-stokes/20260909/annular-constraint-correction-initial/canonical.json,10063,6e24704a5834702cbbd1b8379dcb621cc074948a9dc81c9c80709df30425644a,6e24704a5834702cbbd1b8379dcb621cc074948a9dc81c9c80709df30425644a,6e24704a5834702cbbd1b8379dcb621cc074948a9dc81c9c80709df30425644a,verified
input,source-intake/navier-stokes/20260909/annular-constraint-correction-initial/nonlinear_modulated.json,research-programme/reproducibility/20260909/source-intake/navier-stokes/20260909/annular-constraint-correction-initial/nonlinear_modulated.json,58630,39a36d33cabf877b4574692e5a15a5245af834eefce3cffd68cffe5296c4c222,39a36d33cabf877b4574692e5a15a5245af834eefce3cffd68cffe5296c4c222,39a36d33cabf877b4574692e5a15a5245af834eefce3cffd68cffe5296c4c222,verified
input,scripts/run_annular_coupled_current_correction_20260909.py,research-programme/reproducibility/20260909/scripts/run_annular_coupled_current_correction_20260909.py,29458,cc70564b11d4481839b436d07703cdcba8956ae90cf2bddb821bff2bd33c6662,cc70564b11d4481839b436d07703cdcba8956ae90cf2bddb821bff2bd33c6662,cc70564b11d4481839b436d07703cdcba8956ae90cf2bddb821bff2bd33c6662,verified
input,scripts/annular_continuum_initial_data_20260909.py,research-programme/reproducibility/20260909/scripts/annular_continuum_initial_data_20260909.py,6481,7ae2b3489dd715780daf17d652fecc45c50165f638c46cf825d1d1f0cac0491b,7ae2b3489dd715780daf17d652fecc45c50165f638c46cf825d1d1f0cac0491b,7ae2b3489dd715780daf17d652fecc45c50165f638c46cf825d1d1f0cac0491b,verified
input,scripts/annular_boundary_preserving_completion_20260909.py,research-programme/reproducibility/20260909/scripts/annular_boundary_preserving_completion_20260909.py,1282,88532e07986f620a1211b568c7a7d28dcc7f3961e47b5123bcacfe4d8c8e63dc,88532e07986f620a1211b568c7a7d28dcc7f3961e47b5123bcacfe4d8c8e63dc,88532e07986f620a1211b568c7a7d28dcc7f3961e47b5123bcacfe4d8c8e63dc,verified
input,scripts/annular_noether_source_projection_20260909.py,research-programme/reproducibility/20260909/scripts/annular_noether_source_projection_20260909.py,1492,ce89734bac822e9d507d013ff30c987e97c5d75d27ecd321322b5175a100b076,ce89734bac822e9d507d013ff30c987e97c5d75d27ecd321322b5175a100b076,ce89734bac822e9d507d013ff30c987e97c5d75d27ecd321322b5175a100b076,verified
input,source-intake/navier-stokes/20260909/annular-analytic-third-corner-initial-data/status.json,research-programme/reproducibility/20260909/source-intake/navier-stokes/20260909/annular-analytic-third-corner-initial-data/status.json,18888,9c22536e38bf8479419a1ec526c0f7a3b688bc65d050f56e905c1b57b763a79a,9c22536e38bf8479419a1ec526c0f7a3b688bc65d050f56e905c1b57b763a79a,9c22536e38bf8479419a1ec526c0f7a3b688bc65d050f56e905c1b57b763a79a,verified
input,scripts/annular_third_corner_initial_data_20260909.py,research-programme/reproducibility/20260909/scripts/annular_third_corner_initial_data_20260909.py,3572,ac6f3ef627a88496a7639bc8dacfc08583052f8c2e22ba5c80ca21845a8ad480,ac6f3ef627a88496a7639bc8dacfc08583052f8c2e22ba5c80ca21845a8ad480,ac6f3ef627a88496a7639bc8dacfc08583052f8c2e22ba5c80ca21845a8ad480,verified
input,scripts/annular_analytic_corner_jets_20260909.py,research-programme/reproducibility/20260909/scripts/annular_analytic_corner_jets_20260909.py,8900,fdb1b59a03d37cce85de443cfae9c2a246d829e9716251b6d942fded15bf40ea,fdb1b59a03d37cce85de443cfae9c2a246d829e9716251b6d942fded15bf40ea,fdb1b59a03d37cce85de443cfae9c2a246d829e9716251b6d942fded15bf40ea,verified
input,scripts/derive_annular_analytic_third_corner_data_20260909.py,research-programme/reproducibility/20260909/scripts/derive_annular_analytic_third_corner_data_20260909.py,10526,819278bc5dd3b6f0781413a6cc2042c3055a65dede06d5a1106e3a53bf7ae5b4,819278bc5dd3b6f0781413a6cc2042c3055a65dede06d5a1106e3a53bf7ae5b4,819278bc5dd3b6f0781413a6cc2042c3055a65dede06d5a1106e3a53bf7ae5b4,verified
input,scripts/annular_fifth_order_jet_20260909.py,research-programme/reproducibility/20260909/scripts/annular_fifth_order_jet_20260909.py,4783,02db75655f95f3d64fba5246b7d7eca9ab4cdba35cc5b3aa0cb8be53072814ef,02db75655f95f3d64fba5246b7d7eca9ab4cdba35cc5b3aa0cb8be53072814ef,02db75655f95f3d64fba5246b7d7eca9ab4cdba35cc5b3aa0cb8be53072814ef,verified
input,scripts/annular_second_corner_initial_data_20260909.py,research-programme/reproducibility/20260909/scripts/annular_second_corner_initial_data_20260909.py,3346,ec895bc2d29b5191d684d11ab4373d91feca7acdfaf8b97b715b30b117eef807,ec895bc2d29b5191d684d11ab4373d91feca7acdfaf8b97b715b30b117eef807,ec895bc2d29b5191d684d11ab4373d91feca7acdfaf8b97b715b30b117eef807,verified
input,scripts/annular_current_corner_compatibility_20260909.py,research-programme/reproducibility/20260909/scripts/annular_current_corner_compatibility_20260909.py,6676,bd7515936a8bc0f062519ac38881c66ea9f40cc93acee56eb5afa2b607528d07,bd7515936a8bc0f062519ac38881c66ea9f40cc93acee56eb5afa2b607528d07,bd7515936a8bc0f062519ac38881c66ea9f40cc93acee56eb5afa2b607528d07,verified
input,source-intake/navier-stokes/20260909/annular-second-corner-truncation-diagnosis/status.json,research-programme/reproducibility/20260909/source-intake/navier-stokes/20260909/annular-second-corner-truncation-diagnosis/status.json,17560,ec2d7da1e7c6c04687189362b91bce41305af20816c5e37562e87e6e6d1c10cf,ec2d7da1e7c6c04687189362b91bce41305af20816c5e37562e87e6e6d1c10cf,ec2d7da1e7c6c04687189362b91bce41305af20816c5e37562e87e6e6d1c10cf,verified
input,source-intake/navier-stokes/20260909/annular-second-corner-initial-data/canonical-degree64.json,research-programme/reproducibility/20260909/source-intake/navier-stokes/20260909/annular-second-corner-initial-data/canonical-degree64.json,60018,c6403afcede88ccdf08664072f5a3dcc4f4ac609f9fbecfb5dcb2144d1e8cbb4,c6403afcede88ccdf08664072f5a3dcc4f4ac609f9fbecfb5dcb2144d1e8cbb4,c6403afcede88ccdf08664072f5a3dcc4f4ac609f9fbecfb5dcb2144d1e8cbb4,verified
input,source-intake/navier-stokes/20260909/annular-second-corner-initial-data/nonlinear_modulated-degree64.json,research-programme/reproducibility/20260909/source-intake/navier-stokes/20260909/annular-second-corner-initial-data/nonlinear_modulated-degree64.json,61255,c0897535cd59a37b3ad69f03b7db1d1d0f8b2407b77e573c0ff6754b80e71998,c0897535cd59a37b3ad69f03b7db1d1d0f8b2407b77e573c0ff6754b80e71998,c0897535cd59a37b3ad69f03b7db1d1d0f8b2407b77e573c0ff6754b80e71998,verified
input,source-intake/navier-stokes/20260909/annular-analytic-third-corner-initial-data/canonical-degree64.json,research-programme/reproducibility/20260909/source-intake/navier-stokes/20260909/annular-analytic-third-corner-initial-data/canonical-degree64.json,86822,fe232378a70a9ac9d328c750fffcc8bfbd16ddfe8e4062c321bcc05b7ef662cf,fe232378a70a9ac9d328c750fffcc8bfbd16ddfe8e4062c321bcc05b7ef662cf,fe232378a70a9ac9d328c750fffcc8bfbd16ddfe8e4062c321bcc05b7ef662cf,verified
input,source-intake/navier-stokes/20260909/annular-analytic-third-corner-initial-data/nonlinear_modulated-degree64.json,research-programme/reproducibility/20260909/source-intake/navier-stokes/20260909/annular-analytic-third-corner-initial-data/nonlinear_modulated-degree64.json,88126,9772d01c0514176c10ee762220acbcaa95f4341f4d63dd0073c9d214a39696e5,9772d01c0514176c10ee762220acbcaa95f4341f4d63dd0073c9d214a39696e5,9772d01c0514176c10ee762220acbcaa95f4341f4d63dd0073c9d214a39696e5,verified
input,scripts/derive_annular_coupled_current_time_jets_20260909.py,research-programme/reproducibility/20260909/scripts/derive_annular_coupled_current_time_jets_20260909.py,10396,272b666fec41e8882d6db8198200537928851c5e36e961c89fc35cc7ae37a726,272b666fec41e8882d6db8198200537928851c5e36e961c89fc35cc7ae37a726,272b666fec41e8882d6db8198200537928851c5e36e961c89fc35cc7ae37a726,verified
input,scripts/annular_correction_time_jets_20260909.py,research-programme/reproducibility/20260909/scripts/annular_correction_time_jets_20260909.py,11137,ec5decfa95ad31a42908801d3e98002ac70d04b1e1b19636ce699f4a6cff5e9a,ec5decfa95ad31a42908801d3e98002ac70d04b1e1b19636ce699f4a6cff5e9a,ec5decfa95ad31a42908801d3e98002ac70d04b1e1b19636ce699f4a6cff5e9a,verified
input,scripts/navier_stokes_source_audit_20260908.py,research-programme/reproducibility/20260909/scripts/navier_stokes_source_audit_20260908.py,8841,817c4cdff5bf22a88deea7771b4bbc960690397512bc07cdb639ee9ab33e4f0b,817c4cdff5bf22a88deea7771b4bbc960690397512bc07cdb639ee9ab33e4f0b,817c4cdff5bf22a88deea7771b4bbc960690397512bc07cdb639ee9ab33e4f0b,verified
input,source-intake/navier-stokes/20260909/annular-coupled-current-analytic-third-corner/canonical_N128_dt1_T0.1.npz,research-programme/reproducibility/20260909/source-intake/navier-stokes/20260909/annular-coupled-current-analytic-third-corner/canonical_N128_dt1_T0.1.npz,40378,c1256753a985a3acd464ec9698d949ead2aea8656b5e781be621bb2b580107b1,c1256753a985a3acd464ec9698d949ead2aea8656b5e781be621bb2b580107b1,c1256753a985a3acd464ec9698d949ead2aea8656b5e781be621bb2b580107b1,verified
input,source-intake/navier-stokes/20260909/annular-coupled-current-analytic-third-corner/canonical_N128_dt1_T0.3.npz,research-programme/reproducibility/20260909/source-intake/navier-stokes/20260909/annular-coupled-current-analytic-third-corner/canonical_N128_dt1_T0.3.npz,40378,e9fb136c2fffbb4b8e368ff8f035f8184e035e540f3fca2eb7b01f785e080fc7,e9fb136c2fffbb4b8e368ff8f035f8184e035e540f3fca2eb7b01f785e080fc7,e9fb136c2fffbb4b8e368ff8f035f8184e035e540f3fca2eb7b01f785e080fc7,verified
input,source-intake/navier-stokes/20260909/annular-coupled-current-analytic-third-corner/canonical_N256_dt1_T0.1.npz,research-programme/reproducibility/20260909/source-intake/navier-stokes/20260909/annular-coupled-current-analytic-third-corner/canonical_N256_dt1_T0.1.npz,77242,1e84fd16a7ac0f290610aae32a1fa5ad9be568949e28ad5f5d674cc635cd13a7,1e84fd16a7ac0f290610aae32a1fa5ad9be568949e28ad5f5d674cc635cd13a7,1e84fd16a7ac0f290610aae32a1fa5ad9be568949e28ad5f5d674cc635cd13a7,verified
input,source-intake/navier-stokes/20260909/annular-coupled-current-analytic-third-corner/canonical_N256_dt1_T0.3.npz,research-programme/reproducibility/20260909/source-intake/navier-stokes/20260909/annular-coupled-current-analytic-third-corner/canonical_N256_dt1_T0.3.npz,77242,5db7cda772ec2d61917c400da8cd7e86bb1ce4f242a7dc7dc4f33da03c840d95,5db7cda772ec2d61917c400da8cd7e86bb1ce4f242a7dc7dc4f33da03c840d95,5db7cda772ec2d61917c400da8cd7e86bb1ce4f242a7dc7dc4f33da03c840d95,verified
input,source-intake/navier-stokes/20260909/annular-coupled-current-analytic-third-corner/canonical_N512_dt2_T0.1.npz,research-programme/reproducibility/20260909/source-intake/navier-stokes/20260909/annular-coupled-current-analytic-third-corner/canonical_N512_dt2_T0.1.npz,150970,cbfafb567aa71dc6bba30f8e5f03952509bee3ec1867da0a5c1f880f1e5519fa,cbfafb567aa71dc6bba30f8e5f03952509bee3ec1867da0a5c1f880f1e5519fa,cbfafb567aa71dc6bba30f8e5f03952509bee3ec1867da0a5c1f880f1e5519fa,verified
input,source-intake/navier-stokes/20260909/annular-coupled-current-analytic-third-corner/canonical_N512_dt2_T0.3.npz,research-programme/reproducibility/20260909/source-intake/navier-stokes/20260909/annular-coupled-current-analytic-third-corner/canonical_N512_dt2_T0.3.npz,150970,8c927efc64a7f7e2d7034b58e627fb29bd27d3230610272ba3ac511ce2030d78,8c927efc64a7f7e2d7034b58e627fb29bd27d3230610272ba3ac511ce2030d78,8c927efc64a7f7e2d7034b58e627fb29bd27d3230610272ba3ac511ce2030d78,verified
input,source-intake/navier-stokes/20260909/annular-coupled-current-analytic-third-corner/nonlinear_modulated_N128_dt1_T0.1.npz,research-programme/reproducibility/20260909/source-intake/navier-stokes/20260909/annular-coupled-current-analytic-third-corner/nonlinear_modulated_N128_dt1_T0.1.npz,40378,614f9586a008541b86147f8ece40c2ac80033fff24f7c33d8dcd383b22abec3e,614f9586a008541b86147f8ece40c2ac80033fff24f7c33d8dcd383b22abec3e,614f9586a008541b86147f8ece40c2ac80033fff24f7c33d8dcd383b22abec3e,verified
input,source-intake/navier-stokes/20260909/annular-coupled-current-analytic-third-corner/nonlinear_modulated_N128_dt1_T0.3.npz,research-programme/reproducibility/20260909/source-intake/navier-stokes/20260909/annular-coupled-current-analytic-third-corner/nonlinear_modulated_N128_dt1_T0.3.npz,40378,13a11854d8b8414d9bd42e6137f3de867d3670428bb673090b00523c2aa86e85,13a11854d8b8414d9bd42e6137f3de867d3670428bb673090b00523c2aa86e85,13a11854d8b8414d9bd42e6137f3de867d3670428bb673090b00523c2aa86e85,verified
input,source-intake/navier-stokes/20260909/annular-coupled-current-analytic-third-corner/nonlinear_modulated_N256_dt1_T0.1.npz,research-programme/reproducibility/20260909/source-intake/navier-stokes/20260909/annular-coupled-current-analytic-third-corner/nonlinear_modulated_N256_dt1_T0.1.npz,77242,59bb2e53fc99dce96580fd1276199edbf5d3dc59d79edb7c67f3ee51ecb0a524,59bb2e53fc99dce96580fd1276199edbf5d3dc59d79edb7c67f3ee51ecb0a524,59bb2e53fc99dce96580fd1276199edbf5d3dc59d79edb7c67f3ee51ecb0a524,verified
input,source-intake/navier-stokes/20260909/annular-coupled-current-analytic-third-corner/nonlinear_modulated_N256_dt1_T0.3.npz,research-programme/reproducibility/20260909/source-intake/navier-stokes/20260909/annular-coupled-current-analytic-third-corner/nonlinear_modulated_N256_dt1_T0.3.npz,77242,54376c906efebb1eb3667d2984e7ef6977078e93cda97b54862a4fc4c1a3da3d,54376c906efebb1eb3667d2984e7ef6977078e93cda97b54862a4fc4c1a3da3d,54376c906efebb1eb3667d2984e7ef6977078e93cda97b54862a4fc4c1a3da3d,verified
input,source-intake/navier-stokes/20260909/annular-coupled-current-analytic-third-corner/nonlinear_modulated_N512_dt2_T0.1.npz,research-programme/reproducibility/20260909/source-intake/navier-stokes/20260909/annular-coupled-current-analytic-third-corner/nonlinear_modulated_N512_dt2_T0.1.npz,150970,d83270ac8f8186dc1dc41890fe5169ea62d9e9e2d476b3328c5911e3d6c68d55,d83270ac8f8186dc1dc41890fe5169ea62d9e9e2d476b3328c5911e3d6c68d55,d83270ac8f8186dc1dc41890fe5169ea62d9e9e2d476b3328c5911e3d6c68d55,verified
input,source-intake/navier-stokes/20260909/annular-coupled-current-analytic-third-corner/nonlinear_modulated_N512_dt2_T0.3.npz,research-programme/reproducibility/20260909/source-intake/navier-stokes/20260909/annular-coupled-current-analytic-third-corner/nonlinear_modulated_N512_dt2_T0.3.npz,150970,229e310052f3eb45ea8c2b89ff33b8a4537a0d1f0f0e2443b20fdf31914e00f5,229e310052f3eb45ea8c2b89ff33b8a4537a0d1f0f0e2443b20fdf31914e00f5,229e310052f3eb45ea8c2b89ff33b8a4537a0d1f0f0e2443b20fdf31914e00f5,verified
input,source-intake/navier-stokes/20260909/annular-coupled-current-curvature-transfer/status.json,research-programme/reproducibility/20260909/source-intake/navier-stokes/20260909/annular-coupled-current-curvature-transfer/status.json,256889,3c6716ac3cc3025c14c411f03c61dc3717b6e2e1551ee042d3e4b60dd08c8ae8,3c6716ac3cc3025c14c411f03c61dc3717b6e2e1551ee042d3e4b60dd08c8ae8,3c6716ac3cc3025c14c411f03c61dc3717b6e2e1551ee042d3e4b60dd08c8ae8,verified
input,scripts/annular_current_normal_reconstruction_20260909.py,research-programme/reproducibility/20260909/scripts/annular_current_normal_reconstruction_20260909.py,8280,a99bf58d7267416f74b8b95f7ec1b5c691fd7074683bb1616cfb81676563e9af,a99bf58d7267416f74b8b95f7ec1b5c691fd7074683bb1616cfb81676563e9af,a99bf58d7267416f74b8b95f7ec1b5c691fd7074683bb1616cfb81676563e9af,verified
input,scripts/derive_annular_current_normal_reconstruction_20260909.py,research-programme/reproducibility/20260909/scripts/derive_annular_current_normal_reconstruction_20260909.py,15742,980b74839be27757678ecd26d1e64ce91d22a390863248f6819b172a6c4685f9,980b74839be27757678ecd26d1e64ce91d22a390863248f6819b172a6c4685f9,980b74839be27757678ecd26d1e64ce91d22a390863248f6819b172a6c4685f9,verified
input,scripts/annular_coupled_curvature_transfer_20260909.py,research-programme/reproducibility/20260909/scripts/annular_coupled_curvature_transfer_20260909.py,1641,271ced21b5857d8a87229d16af768d3d14ee071b76905c82607c41c7c93b262a,271ced21b5857d8a87229d16af768d3d14ee071b76905c82607c41c7c93b262a,271ced21b5857d8a87229d16af768d3d14ee071b76905c82607c41c7c93b262a,verified
input,scripts/annular_curvature_timejet_transfer_20260909.py,research-programme/reproducibility/20260909/scripts/annular_curvature_timejet_transfer_20260909.py,14552,5b07d93df2021227f3b04a471d7cdf3ebe616fc5abd65731f8ec58bff8315b74,5b07d93df2021227f3b04a471d7cdf3ebe616fc5abd65731f8ec58bff8315b74,5b07d93df2021227f3b04a471d7cdf3ebe616fc5abd65731f8ec58bff8315b74,verified
input,source-intake/navier-stokes/20260909/annular-coupled-current-time-jets/canonical_N128_dt1_T0.1_time_jets.npz,research-programme/reproducibility/20260909/source-intake/navier-stokes/20260909/annular-coupled-current-time-jets/canonical_N128_dt1_T0.1_time_jets.npz,54062,b4fb8237f6b9610ab203d829ad1a066f6932cae9ed7a723d646b3a30590f4a1e,b4fb8237f6b9610ab203d829ad1a066f6932cae9ed7a723d646b3a30590f4a1e,b4fb8237f6b9610ab203d829ad1a066f6932cae9ed7a723d646b3a30590f4a1e,verified
input,source-intake/navier-stokes/20260909/annular-coupled-current-time-jets/canonical_N128_dt1_T0.3_time_jets.npz,research-programme/reproducibility/20260909/source-intake/navier-stokes/20260909/annular-coupled-current-time-jets/canonical_N128_dt1_T0.3_time_jets.npz,54062,abcd7c59e78516a554d67d2d10a766812dc92a1f562400ffb0737c2587f448fd,abcd7c59e78516a554d67d2d10a766812dc92a1f562400ffb0737c2587f448fd,abcd7c59e78516a554d67d2d10a766812dc92a1f562400ffb0737c2587f448fd,verified
input,source-intake/navier-stokes/20260909/annular-coupled-current-time-jets/canonical_N256_dt1_T0.1_time_jets.npz,research-programme/reproducibility/20260909/source-intake/navier-stokes/20260909/annular-coupled-current-time-jets/canonical_N256_dt1_T0.1_time_jets.npz,106286,a58f9065dbfc39438049250b6823ce20fea3d5d5129b76a1e5d988a401976f14,a58f9065dbfc39438049250b6823ce20fea3d5d5129b76a1e5d988a401976f14,a58f9065dbfc39438049250b6823ce20fea3d5d5129b76a1e5d988a401976f14,verified
input,source-intake/navier-stokes/20260909/annular-coupled-current-time-jets/canonical_N256_dt1_T0.3_time_jets.npz,research-programme/reproducibility/20260909/source-intake/navier-stokes/20260909/annular-coupled-current-time-jets/canonical_N256_dt1_T0.3_time_jets.npz,106286,1c4e8307973e74840ef2914057a6bb3cbff813f5c7f1bc15a5f8b33b48e2b9f6,1c4e8307973e74840ef2914057a6bb3cbff813f5c7f1bc15a5f8b33b48e2b9f6,1c4e8307973e74840ef2914057a6bb3cbff813f5c7f1bc15a5f8b33b48e2b9f6,verified
input,source-intake/navier-stokes/20260909/annular-coupled-current-time-jets/canonical_N512_dt2_T0.1_time_jets.npz,research-programme/reproducibility/20260909/source-intake/navier-stokes/20260909/annular-coupled-current-time-jets/canonical_N512_dt2_T0.1_time_jets.npz,210734,f78b2fb09e0a16d06ab4d6eadf64d7077440e75d11d0be643aaaa772ee28da8f,f78b2fb09e0a16d06ab4d6eadf64d7077440e75d11d0be643aaaa772ee28da8f,f78b2fb09e0a16d06ab4d6eadf64d7077440e75d11d0be643aaaa772ee28da8f,verified
input,source-intake/navier-stokes/20260909/annular-coupled-current-time-jets/canonical_N512_dt2_T0.3_time_jets.npz,research-programme/reproducibility/20260909/source-intake/navier-stokes/20260909/annular-coupled-current-time-jets/canonical_N512_dt2_T0.3_time_jets.npz,210734,e0862ebeb9dc348f6e9a40e358ae8bdf18bac9d47b730ef13299a1ca503b7606,e0862ebeb9dc348f6e9a40e358ae8bdf18bac9d47b730ef13299a1ca503b7606,e0862ebeb9dc348f6e9a40e358ae8bdf18bac9d47b730ef13299a1ca503b7606,verified
input,source-intake/navier-stokes/20260909/annular-coupled-current-time-jets/nonlinear_modulated_N128_dt1_T0.1_time_jets.npz,research-programme/reproducibility/20260909/source-intake/navier-stokes/20260909/annular-coupled-current-time-jets/nonlinear_modulated_N128_dt1_T0.1_time_jets.npz,54062,424142e1657ec5a90432bcd2a8836198f8e95f8fb6389b2777422b7169862894,424142e1657ec5a90432bcd2a8836198f8e95f8fb6389b2777422b7169862894,424142e1657ec5a90432bcd2a8836198f8e95f8fb6389b2777422b7169862894,verified
input,source-intake/navier-stokes/20260909/annular-coupled-current-time-jets/nonlinear_modulated_N128_dt1_T0.3_time_jets.npz,research-programme/reproducibility/20260909/source-intake/navier-stokes/20260909/annular-coupled-current-time-jets/nonlinear_modulated_N128_dt1_T0.3_time_jets.npz,54062,2a4c9b48f8685800feeee0b8e991445d481f0d090c6d56d3007e36d1d3406e26,2a4c9b48f8685800feeee0b8e991445d481f0d090c6d56d3007e36d1d3406e26,2a4c9b48f8685800feeee0b8e991445d481f0d090c6d56d3007e36d1d3406e26,verified
input,source-intake/navier-stokes/20260909/annular-coupled-current-time-jets/nonlinear_modulated_N256_dt1_T0.1_time_jets.npz,research-programme/reproducibility/20260909/source-intake/navier-stokes/20260909/annular-coupled-current-time-jets/nonlinear_modulated_N256_dt1_T0.1_time_jets.npz,106286,30e2c8dfdd7a9c5a735450c62c9a46759de58fd12cc192a2b3d75a3624dc4f69,30e2c8dfdd7a9c5a735450c62c9a46759de58fd12cc192a2b3d75a3624dc4f69,30e2c8dfdd7a9c5a735450c62c9a46759de58fd12cc192a2b3d75a3624dc4f69,verified
input,source-intake/navier-stokes/20260909/annular-coupled-current-time-jets/nonlinear_modulated_N256_dt1_T0.3_time_jets.npz,research-programme/reproducibility/20260909/source-intake/navier-stokes/20260909/annular-coupled-current-time-jets/nonlinear_modulated_N256_dt1_T0.3_time_jets.npz,106286,49c079750552b3350e1cc33e47ba584b755c7e239c2f27ab3f0853359737783e,49c079750552b3350e1cc33e47ba584b755c7e239c2f27ab3f0853359737783e,49c079750552b3350e1cc33e47ba584b755c7e239c2f27ab3f0853359737783e,verified
input,source-intake/navier-stokes/20260909/annular-coupled-current-time-jets/nonlinear_modulated_N512_dt2_T0.1_time_jets.npz,research-programme/reproducibility/20260909/source-intake/navier-stokes/20260909/annular-coupled-current-time-jets/nonlinear_modulated_N512_dt2_T0.1_time_jets.npz,210734,942f760b3df11f54998f2419d624414acf8ebe6609e4fbe4b48ebf2cc0c295f0,942f760b3df11f54998f2419d624414acf8ebe6609e4fbe4b48ebf2cc0c295f0,942f760b3df11f54998f2419d624414acf8ebe6609e4fbe4b48ebf2cc0c295f0,verified
input,source-intake/navier-stokes/20260909/annular-coupled-current-time-jets/nonlinear_modulated_N512_dt2_T0.3_time_jets.npz,research-programme/reproducibility/20260909/source-intake/navier-stokes/20260909/annular-coupled-current-time-jets/nonlinear_modulated_N512_dt2_T0.3_time_jets.npz,210734,bdc45988cbebdca8cf69e5c3ab1250abb439c9b7871bc6967ec23072c82aea22,bdc45988cbebdca8cf69e5c3ab1250abb439c9b7871bc6967ec23072c82aea22,bdc45988cbebdca8cf69e5c3ab1250abb439c9b7871bc6967ec23072c82aea22,verified
input,scripts/diagnose_annular_normal_constraint_and_H4_20260909.py,research-programme/reproducibility/20260909/scripts/diagnose_annular_normal_constraint_and_H4_20260909.py,11238,4ae9434f2d3990bbb4f14303ce52e3d29ff00f9bb28f3e2c933180f6f644a650,4ae9434f2d3990bbb4f14303ce52e3d29ff00f9bb28f3e2c933180f6f644a650,4ae9434f2d3990bbb4f14303ce52e3d29ff00f9bb28f3e2c933180f6f644a650,verified
input,source-intake/navier-stokes/20260909/annular-current-normal-reconstruction/canonical_N128_dt1_T0.1_time_jets_poly7_normal_curvature.npz,research-programme/reproducibility/20260909/source-intake/navier-stokes/20260909/annular-current-normal-reconstruction/canonical_N128_dt1_T0.1_time_jets_poly7_normal_curvature.npz,323200,adf288606b787bd05e51fd3dc66c49b67cd28ff489781b8a55227a570e99e02c,adf288606b787bd05e51fd3dc66c49b67cd28ff489781b8a55227a570e99e02c,adf288606b787bd05e51fd3dc66c49b67cd28ff489781b8a55227a570e99e02c,verified
input,source-intake/navier-stokes/20260909/annular-current-normal-reconstruction/canonical_N128_dt1_T0.1_time_jets_poly9_normal_curvature.npz,research-programme/reproducibility/20260909/source-intake/navier-stokes/20260909/annular-current-normal-reconstruction/canonical_N128_dt1_T0.1_time_jets_poly9_normal_curvature.npz,323200,cb2de5e6196e70de2d5a50593476d29f7033a19a87acb3a7ebdc272c769b3fb4,cb2de5e6196e70de2d5a50593476d29f7033a19a87acb3a7ebdc272c769b3fb4,cb2de5e6196e70de2d5a50593476d29f7033a19a87acb3a7ebdc272c769b3fb4,verified
input,source-intake/navier-stokes/20260909/annular-current-normal-reconstruction/canonical_N128_dt1_T0.3_time_jets_poly7_normal_curvature.npz,research-programme/reproducibility/20260909/source-intake/navier-stokes/20260909/annular-current-normal-reconstruction/canonical_N128_dt1_T0.3_time_jets_poly7_normal_curvature.npz,323200,cc07cf182f8ea85e552397fb9835f6e4fbddd5ee2e044a520f34643891ddd227,cc07cf182f8ea85e552397fb9835f6e4fbddd5ee2e044a520f34643891ddd227,cc07cf182f8ea85e552397fb9835f6e4fbddd5ee2e044a520f34643891ddd227,verified
input,source-intake/navier-stokes/20260909/annular-current-normal-reconstruction/canonical_N128_dt1_T0.3_time_jets_poly9_normal_curvature.npz,research-programme/reproducibility/20260909/source-intake/navier-stokes/20260909/annular-current-normal-reconstruction/canonical_N128_dt1_T0.3_time_jets_poly9_normal_curvature.npz,323200,d672e4649d7433fe8c4eff9392ecbd1ddb28a27b648f4be06876f166a78370ed,d672e4649d7433fe8c4eff9392ecbd1ddb28a27b648f4be06876f166a78370ed,d672e4649d7433fe8c4eff9392ecbd1ddb28a27b648f4be06876f166a78370ed,verified
input,source-intake/navier-stokes/20260909/annular-current-normal-reconstruction/canonical_N256_dt1_T0.1_time_jets_poly7_normal_curvature.npz,research-programme/reproducibility/20260909/source-intake/navier-stokes/20260909/annular-current-normal-reconstruction/canonical_N256_dt1_T0.1_time_jets_poly7_normal_curvature.npz,636544,5b9f3ebb98e46edb6f719aa0b31b1a8cac88caf2256672ac619dbbeaa50573f4,5b9f3ebb98e46edb6f719aa0b31b1a8cac88caf2256672ac619dbbeaa50573f4,5b9f3ebb98e46edb6f719aa0b31b1a8cac88caf2256672ac619dbbeaa50573f4,verified
input,source-intake/navier-stokes/20260909/annular-current-normal-reconstruction/canonical_N256_dt1_T0.1_time_jets_poly9_normal_curvature.npz,research-programme/reproducibility/20260909/source-intake/navier-stokes/20260909/annular-current-normal-reconstruction/canonical_N256_dt1_T0.1_time_jets_poly9_normal_curvature.npz,636544,cad0ffcae50a21c86d77a01780a9a8e353c01249f1881e4b2ac323c222afabc6,cad0ffcae50a21c86d77a01780a9a8e353c01249f1881e4b2ac323c222afabc6,cad0ffcae50a21c86d77a01780a9a8e353c01249f1881e4b2ac323c222afabc6,verified
input,source-intake/navier-stokes/20260909/annular-current-normal-reconstruction/canonical_N256_dt1_T0.3_time_jets_poly7_normal_curvature.npz,research-programme/reproducibility/20260909/source-intake/navier-stokes/20260909/annular-current-normal-reconstruction/canonical_N256_dt1_T0.3_time_jets_poly7_normal_curvature.npz,636544,ca062239f32ab24506c7c704827f509e72688425a5b4efe242a7ddf42ac214e5,ca062239f32ab24506c7c704827f509e72688425a5b4efe242a7ddf42ac214e5,ca062239f32ab24506c7c704827f509e72688425a5b4efe242a7ddf42ac214e5,verified
input,source-intake/navier-stokes/20260909/annular-current-normal-reconstruction/canonical_N256_dt1_T0.3_time_jets_poly9_normal_curvature.npz,research-programme/reproducibility/20260909/source-intake/navier-stokes/20260909/annular-current-normal-reconstruction/canonical_N256_dt1_T0.3_time_jets_poly9_normal_curvature.npz,636544,48315d5af1c371b7c27022608b5ff8b1fba5635df63801c5149b9864c4023d7c,48315d5af1c371b7c27022608b5ff8b1fba5635df63801c5149b9864c4023d7c,48315d5af1c371b7c27022608b5ff8b1fba5635df63801c5149b9864c4023d7c,verified
input,source-intake/navier-stokes/20260909/annular-current-normal-reconstruction/canonical_N512_dt2_T0.1_time_jets_poly7_normal_curvature.npz,research-programme/reproducibility/20260909/source-intake/navier-stokes/20260909/annular-current-normal-reconstruction/canonical_N512_dt2_T0.1_time_jets_poly7_normal_curvature.npz,1263232,5b0c1df82558dcf90ef5dfcf97eb5e1ced56e0ba1ec5b82c31d1ad657234f155,5b0c1df82558dcf90ef5dfcf97eb5e1ced56e0ba1ec5b82c31d1ad657234f155,5b0c1df82558dcf90ef5dfcf97eb5e1ced56e0ba1ec5b82c31d1ad657234f155,verified
input,source-intake/navier-stokes/20260909/annular-current-normal-reconstruction/canonical_N512_dt2_T0.1_time_jets_poly9_normal_curvature.npz,research-programme/reproducibility/20260909/source-intake/navier-stokes/20260909/annular-current-normal-reconstruction/canonical_N512_dt2_T0.1_time_jets_poly9_normal_curvature.npz,1263232,6b49bf445dd60c254c9ab61a19b27fc3450e27c3cad67b878fde2fc002356a8d,6b49bf445dd60c254c9ab61a19b27fc3450e27c3cad67b878fde2fc002356a8d,6b49bf445dd60c254c9ab61a19b27fc3450e27c3cad67b878fde2fc002356a8d,verified
input,source-intake/navier-stokes/20260909/annular-current-normal-reconstruction/canonical_N512_dt2_T0.3_time_jets_poly7_normal_curvature.npz,research-programme/reproducibility/20260909/source-intake/navier-stokes/20260909/annular-current-normal-reconstruction/canonical_N512_dt2_T0.3_time_jets_poly7_normal_curvature.npz,1263232,4468e7c05099dd2b6c6717030b5c1dfc6b7045cd30591fdd8b6c6c1488f3b7d8,4468e7c05099dd2b6c6717030b5c1dfc6b7045cd30591fdd8b6c6c1488f3b7d8,4468e7c05099dd2b6c6717030b5c1dfc6b7045cd30591fdd8b6c6c1488f3b7d8,verified
input,source-intake/navier-stokes/20260909/annular-current-normal-reconstruction/canonical_N512_dt2_T0.3_time_jets_poly9_normal_curvature.npz,research-programme/reproducibility/20260909/source-intake/navier-stokes/20260909/annular-current-normal-reconstruction/canonical_N512_dt2_T0.3_time_jets_poly9_normal_curvature.npz,1263232,6935c9f311daa480bdc48a509d8c0ee39264721a277299f5f72ab7ecfa457eaa,6935c9f311daa480bdc48a509d8c0ee39264721a277299f5f72ab7ecfa457eaa,6935c9f311daa480bdc48a509d8c0ee39264721a277299f5f72ab7ecfa457eaa,verified
input,source-intake/navier-stokes/20260909/annular-current-normal-reconstruction/nonlinear_modulated_N128_dt1_T0.1_time_jets_poly7_normal_curvature.npz,research-programme/reproducibility/20260909/source-intake/navier-stokes/20260909/annular-current-normal-reconstruction/nonlinear_modulated_N128_dt1_T0.1_time_jets_poly7_normal_curvature.npz,323200,085cc504ca09b4fc010b65a328db86fd1a9835ef3568bf12d87e6cbd4eb07230,085cc504ca09b4fc010b65a328db86fd1a9835ef3568bf12d87e6cbd4eb07230,085cc504ca09b4fc010b65a328db86fd1a9835ef3568bf12d87e6cbd4eb07230,verified
input,source-intake/navier-stokes/20260909/annular-current-normal-reconstruction/nonlinear_modulated_N128_dt1_T0.1_time_jets_poly9_normal_curvature.npz,research-programme/reproducibility/20260909/source-intake/navier-stokes/20260909/annular-current-normal-reconstruction/nonlinear_modulated_N128_dt1_T0.1_time_jets_poly9_normal_curvature.npz,323200,bec4f0c01453a16caf408935d6c5ad9f6c761561443491baf9dc6a87a36958ea,bec4f0c01453a16caf408935d6c5ad9f6c761561443491baf9dc6a87a36958ea,bec4f0c01453a16caf408935d6c5ad9f6c761561443491baf9dc6a87a36958ea,verified
input,source-intake/navier-stokes/20260909/annular-current-normal-reconstruction/nonlinear_modulated_N128_dt1_T0.3_time_jets_poly7_normal_curvature.npz,research-programme/reproducibility/20260909/source-intake/navier-stokes/20260909/annular-current-normal-reconstruction/nonlinear_modulated_N128_dt1_T0.3_time_jets_poly7_normal_curvature.npz,323200,6dc4d9e2e6f01a3d08ae97e5b2d27f9d842d5b15a247b1e18e8542080b023104,6dc4d9e2e6f01a3d08ae97e5b2d27f9d842d5b15a247b1e18e8542080b023104,6dc4d9e2e6f01a3d08ae97e5b2d27f9d842d5b15a247b1e18e8542080b023104,verified
input,source-intake/navier-stokes/20260909/annular-current-normal-reconstruction/nonlinear_modulated_N128_dt1_T0.3_time_jets_poly9_normal_curvature.npz,research-programme/reproducibility/20260909/source-intake/navier-stokes/20260909/annular-current-normal-reconstruction/nonlinear_modulated_N128_dt1_T0.3_time_jets_poly9_normal_curvature.npz,323200,6a29cf4eab9422cc04c4f2bb693ddadb95e49dfd9ba5d876f81acc826b16c7d0,6a29cf4eab9422cc04c4f2bb693ddadb95e49dfd9ba5d876f81acc826b16c7d0,6a29cf4eab9422cc04c4f2bb693ddadb95e49dfd9ba5d876f81acc826b16c7d0,verified
input,source-intake/navier-stokes/20260909/annular-current-normal-reconstruction/nonlinear_modulated_N256_dt1_T0.1_time_jets_poly7_normal_curvature.npz,research-programme/reproducibility/20260909/source-intake/navier-stokes/20260909/annular-current-normal-reconstruction/nonlinear_modulated_N256_dt1_T0.1_time_jets_poly7_normal_curvature.npz,636544,4b376aa628d80cedfbf5e2777c842ecdb27de5216110caf7984113e8cc767432,4b376aa628d80cedfbf5e2777c842ecdb27de5216110caf7984113e8cc767432,4b376aa628d80cedfbf5e2777c842ecdb27de5216110caf7984113e8cc767432,verified
input,source-intake/navier-stokes/20260909/annular-current-normal-reconstruction/nonlinear_modulated_N256_dt1_T0.1_time_jets_poly9_normal_curvature.npz,research-programme/reproducibility/20260909/source-intake/navier-stokes/20260909/annular-current-normal-reconstruction/nonlinear_modulated_N256_dt1_T0.1_time_jets_poly9_normal_curvature.npz,636544,d0de7b843b001869a49561d36176d8d07016f7c38b5b0dccb61208475fe002f5,d0de7b843b001869a49561d36176d8d07016f7c38b5b0dccb61208475fe002f5,d0de7b843b001869a49561d36176d8d07016f7c38b5b0dccb61208475fe002f5,verified
input,source-intake/navier-stokes/20260909/annular-current-normal-reconstruction/nonlinear_modulated_N256_dt1_T0.3_time_jets_poly7_normal_curvature.npz,research-programme/reproducibility/20260909/source-intake/navier-stokes/20260909/annular-current-normal-reconstruction/nonlinear_modulated_N256_dt1_T0.3_time_jets_poly7_normal_curvature.npz,636544,18cb4b1aafed9c2dc137b3c2b98628105efcf3e26e03287b8364a04b98dc6c57,18cb4b1aafed9c2dc137b3c2b98628105efcf3e26e03287b8364a04b98dc6c57,18cb4b1aafed9c2dc137b3c2b98628105efcf3e26e03287b8364a04b98dc6c57,verified
input,source-intake/navier-stokes/20260909/annular-current-normal-reconstruction/nonlinear_modulated_N256_dt1_T0.3_time_jets_poly9_normal_curvature.npz,research-programme/reproducibility/20260909/source-intake/navier-stokes/20260909/annular-current-normal-reconstruction/nonlinear_modulated_N256_dt1_T0.3_time_jets_poly9_normal_curvature.npz,636544,9ff60c328cf3631a83c9c839e596d3de301644710d615f57dc03c5b83c6985fc,9ff60c328cf3631a83c9c839e596d3de301644710d615f57dc03c5b83c6985fc,9ff60c328cf3631a83c9c839e596d3de301644710d615f57dc03c5b83c6985fc,verified
input,source-intake/navier-stokes/20260909/annular-current-normal-reconstruction/nonlinear_modulated_N512_dt2_T0.1_time_jets_poly7_normal_curvature.npz,research-programme/reproducibility/20260909/source-intake/navier-stokes/20260909/annular-current-normal-reconstruction/nonlinear_modulated_N512_dt2_T0.1_time_jets_poly7_normal_curvature.npz,1263232,6f7d13f51c1e5acc6168565b674b594e144905918eec21c5bcb008d9da914b67,6f7d13f51c1e5acc6168565b674b594e144905918eec21c5bcb008d9da914b67,6f7d13f51c1e5acc6168565b674b594e144905918eec21c5bcb008d9da914b67,verified
input,source-intake/navier-stokes/20260909/annular-current-normal-reconstruction/nonlinear_modulated_N512_dt2_T0.1_time_jets_poly9_normal_curvature.npz,research-programme/reproducibility/20260909/source-intake/navier-stokes/20260909/annular-current-normal-reconstruction/nonlinear_modulated_N512_dt2_T0.1_time_jets_poly9_normal_curvature.npz,1263232,eee90f3aeb0c6a9e810dfb8fe45ddbb9acc5745edb407d65e204e3596566f733,eee90f3aeb0c6a9e810dfb8fe45ddbb9acc5745edb407d65e204e3596566f733,eee90f3aeb0c6a9e810dfb8fe45ddbb9acc5745edb407d65e204e3596566f733,verified
input,source-intake/navier-stokes/20260909/annular-current-normal-reconstruction/nonlinear_modulated_N512_dt2_T0.3_time_jets_poly7_normal_curvature.npz,research-programme/reproducibility/20260909/source-intake/navier-stokes/20260909/annular-current-normal-reconstruction/nonlinear_modulated_N512_dt2_T0.3_time_jets_poly7_normal_curvature.npz,1263232,6a4bcb7e23d3d667080500318d33a74131dc8c37c54dd9b7b224682b352e1641,6a4bcb7e23d3d667080500318d33a74131dc8c37c54dd9b7b224682b352e1641,6a4bcb7e23d3d667080500318d33a74131dc8c37c54dd9b7b224682b352e1641,verified
input,source-intake/navier-stokes/20260909/annular-current-normal-reconstruction/nonlinear_modulated_N512_dt2_T0.3_time_jets_poly9_normal_curvature.npz,research-programme/reproducibility/20260909/source-intake/navier-stokes/20260909/annular-current-normal-reconstruction/nonlinear_modulated_N512_dt2_T0.3_time_jets_poly9_normal_curvature.npz,1263232,85f46952ada2adeb39f942880f1d19e89c62d4af99fde5deadff044f4e0b9096,85f46952ada2adeb39f942880f1d19e89c62d4af99fde5deadff044f4e0b9096,85f46952ada2adeb39f942880f1d19e89c62d4af99fde5deadff044f4e0b9096,verified
input,scripts/derive_annular_trace_regularity_lower_bounds_20260909.py,research-programme/reproducibility/20260909/scripts/derive_annular_trace_regularity_lower_bounds_20260909.py,7365,3a330b59b854c2615c0c0e0128ed5a79d2c9e781b532b2df9088f3757ae4daa8,3a330b59b854c2615c0c0e0128ed5a79d2c9e781b532b2df9088f3757ae4daa8,3a330b59b854c2615c0c0e0128ed5a79d2c9e781b532b2df9088f3757ae4daa8,verified
input,source-intake/navier-stokes/20260909/annular-centered-constraint-mode-diagnosis/status.json,research-programme/reproducibility/20260909/source-intake/navier-stokes/20260909/annular-centered-constraint-mode-diagnosis/status.json,17040,2632a60dd6fd39c2d1b9fdd9a81d82dfd4a571197440a256f44b9c8c76777229,2632a60dd6fd39c2d1b9fdd9a81d82dfd4a571197440a256f44b9c8c76777229,2632a60dd6fd39c2d1b9fdd9a81d82dfd4a571197440a256f44b9c8c76777229,verified
input,source-intake/navier-stokes/20260909/annular-centered-constraint-mode-diagnosis/executed-script.py,research-programme/reproducibility/20260909/source-intake/navier-stokes/20260909/annular-centered-constraint-mode-diagnosis/executed-script.py,7046,512c6a5d1ae1b80a62bbb7c80b861e9d9ecdb5b030a29ca928af24562707f72e,512c6a5d1ae1b80a62bbb7c80b861e9d9ecdb5b030a29ca928af24562707f72e,512c6a5d1ae1b80a62bbb7c80b861e9d9ecdb5b030a29ca928af24562707f72e,verified
input,scripts/diagnose_annular_centered_constraint_mode_20260909.py,research-programme/reproducibility/20260909/scripts/diagnose_annular_centered_constraint_mode_20260909.py,7046,512c6a5d1ae1b80a62bbb7c80b861e9d9ecdb5b030a29ca928af24562707f72e,512c6a5d1ae1b80a62bbb7c80b861e9d9ecdb5b030a29ca928af24562707f72e,512c6a5d1ae1b80a62bbb7c80b861e9d9ecdb5b030a29ca928af24562707f72e,verified
input,source-intake/navier-stokes/20260909/annular-normal-spatial-refinement-validation/status.json,research-programme/reproducibility/20260909/source-intake/navier-stokes/20260909/annular-normal-spatial-refinement-validation/status.json,46572,0dca9b34cebfb94e44c0972d49e96f6f804b8bd713788a9fbd592686b6d6d690,0dca9b34cebfb94e44c0972d49e96f6f804b8bd713788a9fbd592686b6d6d690,0dca9b34cebfb94e44c0972d49e96f6f804b8bd713788a9fbd592686b6d6d690,verified
input,source-intake/navier-stokes/20260909/annular-normal-spatial-refinement-validation/canonical_N1024_dt2_T0.1_poly7_normal_refined.npz,research-programme/reproducibility/20260909/source-intake/navier-stokes/20260909/annular-normal-spatial-refinement-validation/canonical_N1024_dt2_T0.1_poly7_normal_refined.npz,1706906,1bcfe53684cfec44e40c61bca04c5a0c03e345a25fc7fee797bc37ebb003ea84,1bcfe53684cfec44e40c61bca04c5a0c03e345a25fc7fee797bc37ebb003ea84,1bcfe53684cfec44e40c61bca04c5a0c03e345a25fc7fee797bc37ebb003ea84,verified
input,source-intake/navier-stokes/20260909/annular-normal-spatial-refinement-validation/canonical_N1024_dt2_T0.3_poly7_normal_refined.npz,research-programme/reproducibility/20260909/source-intake/navier-stokes/20260909/annular-normal-spatial-refinement-validation/canonical_N1024_dt2_T0.3_poly7_normal_refined.npz,1706906,3ceb193bed707a2a4754f3447964e57540c51cac46ea41474444be3dedbf2058,3ceb193bed707a2a4754f3447964e57540c51cac46ea41474444be3dedbf2058,3ceb193bed707a2a4754f3447964e57540c51cac46ea41474444be3dedbf2058,verified
input,source-intake/navier-stokes/20260909/annular-normal-spatial-refinement-validation/nonlinear_modulated_N1024_dt2_T0.1_poly7_normal_refined.npz,research-programme/reproducibility/20260909/source-intake/navier-stokes/20260909/annular-normal-spatial-refinement-validation/nonlinear_modulated_N1024_dt2_T0.1_poly7_normal_refined.npz,1706906,a0da611982d5d0025524cca01a48fb80d42b3b8e03b26957acc99e11a8388df1,a0da611982d5d0025524cca01a48fb80d42b3b8e03b26957acc99e11a8388df1,a0da611982d5d0025524cca01a48fb80d42b3b8e03b26957acc99e11a8388df1,verified
input,source-intake/navier-stokes/20260909/annular-normal-spatial-refinement-validation/nonlinear_modulated_N1024_dt2_T0.3_poly7_normal_refined.npz,research-programme/reproducibility/20260909/source-intake/navier-stokes/20260909/annular-normal-spatial-refinement-validation/nonlinear_modulated_N1024_dt2_T0.3_poly7_normal_refined.npz,1706906,488afd9b9caa68e8d98043539f5f907eae5b92b055f8ab81527befd0294394d3,488afd9b9caa68e8d98043539f5f907eae5b92b055f8ab81527befd0294394d3,488afd9b9caa68e8d98043539f5f907eae5b92b055f8ab81527befd0294394d3,verified
input,source-intake/navier-stokes/20260909/annular-projected-volterra-normal-reconstruction/status.json,research-programme/reproducibility/20260909/source-intake/navier-stokes/20260909/annular-projected-volterra-normal-reconstruction/status.json,157597,dc70c8d9a043a8c5dd2cf0a70324c794fbb6db418e7287f3f7d75a679cee6aa7,dc70c8d9a043a8c5dd2cf0a70324c794fbb6db418e7287f3f7d75a679cee6aa7,dc70c8d9a043a8c5dd2cf0a70324c794fbb6db418e7287f3f7d75a679cee6aa7,verified
input,source-intake/navier-stokes/20260909/annular-projected-volterra-normal-reconstruction/executed-script.py,research-programme/reproducibility/20260909/source-intake/navier-stokes/20260909/annular-projected-volterra-normal-reconstruction/executed-script.py,15920,f8a26c38188546032e37c99ec899a4502253ff448d723912db29e2749e0c693e,f8a26c38188546032e37c99ec899a4502253ff448d723912db29e2749e0c693e,f8a26c38188546032e37c99ec899a4502253ff448d723912db29e2749e0c693e,verified
input,source-intake/navier-stokes/20260909/annular-projected-volterra-time-jets-trajectory/status.json,research-programme/reproducibility/20260909/source-intake/navier-stokes/20260909/annular-projected-volterra-time-jets-trajectory/status.json,128573,2bac6c0b21f82084f2ad1c1795746d22a75978ca2fd25e53ed51e68c60c6fc63,2bac6c0b21f82084f2ad1c1795746d22a75978ca2fd25e53ed51e68c60c6fc63,2bac6c0b21f82084f2ad1c1795746d22a75978ca2fd25e53ed51e68c60c6fc63,verified
input,source-intake/navier-stokes/20260909/annular-projected-volterra-time-jets-trajectory/executed-script.py,research-programme/reproducibility/20260909/source-intake/navier-stokes/20260909/annular-projected-volterra-time-jets-trajectory/executed-script.py,17226,a5237a143fd49f074e9f2241f1eb4323ed11d8399b5be646b4c416ed85ba9d1c,a5237a143fd49f074e9f2241f1eb4323ed11d8399b5be646b4c416ed85ba9d1c,a5237a143fd49f074e9f2241f1eb4323ed11d8399b5be646b4c416ed85ba9d1c,verified
input,source-intake/navier-stokes/20260909/annular-volterra-source-completion-derived/status.json,research-programme/reproducibility/20260909/source-intake/navier-stokes/20260909/annular-volterra-source-completion-derived/status.json,13016,b558693445fea0bdb35b7911861e492421ded53881e13e6d110577bc0754b86e,b558693445fea0bdb35b7911861e492421ded53881e13e6d110577bc0754b86e,b558693445fea0bdb35b7911861e492421ded53881e13e6d110577bc0754b86e,verified
input,source-intake/navier-stokes/20260909/annular-coupled-current-correction-refined/status.json,research-programme/reproducibility/20260909/source-intake/navier-stokes/20260909/annular-coupled-current-correction-refined/status.json,57776,d6d0c133d38b9a1d8b41f288156e95a0522b6d84cd83d3e628cfb4e48330184f,d6d0c133d38b9a1d8b41f288156e95a0522b6d84cd83d3e628cfb4e48330184f,d6d0c133d38b9a1d8b41f288156e95a0522b6d84cd83d3e628cfb4e48330184f,verified
input,source-intake/navier-stokes/20260909/annular-coupled-current-correction-refined/canonical_N512_dt2_T0.1.npz,research-programme/reproducibility/20260909/source-intake/navier-stokes/20260909/annular-coupled-current-correction-refined/canonical_N512_dt2_T0.1.npz,150970,9f636588c1f462c67a294034eeceac2c908a0d3ef1c62ab5943901908cfa8fc2,9f636588c1f462c67a294034eeceac2c908a0d3ef1c62ab5943901908cfa8fc2,9f636588c1f462c67a294034eeceac2c908a0d3ef1c62ab5943901908cfa8fc2,verified
input,source-intake/navier-stokes/20260909/annular-coupled-current-correction-refined/canonical_N512_dt2_T0.3.npz,research-programme/reproducibility/20260909/source-intake/navier-stokes/20260909/annular-coupled-current-correction-refined/canonical_N512_dt2_T0.3.npz,150970,d57503c78ef5945e3f33717cf18a0534af34d1f59625615097154706b63ec129,d57503c78ef5945e3f33717cf18a0534af34d1f59625615097154706b63ec129,d57503c78ef5945e3f33717cf18a0534af34d1f59625615097154706b63ec129,verified
input,source-intake/navier-stokes/20260909/annular-coupled-current-correction-refined/nonlinear_modulated_N512_dt2_T0.1.npz,research-programme/reproducibility/20260909/source-intake/navier-stokes/20260909/annular-coupled-current-correction-refined/nonlinear_modulated_N512_dt2_T0.1.npz,150970,e96d5a18cef4df13d225d1b200e21819dc2b0e4af6167346258d0ac599bf4c93,e96d5a18cef4df13d225d1b200e21819dc2b0e4af6167346258d0ac599bf4c93,e96d5a18cef4df13d225d1b200e21819dc2b0e4af6167346258d0ac599bf4c93,verified
input,source-intake/navier-stokes/20260909/annular-coupled-current-correction-refined/nonlinear_modulated_N512_dt2_T0.3.npz,research-programme/reproducibility/20260909/source-intake/navier-stokes/20260909/annular-coupled-current-correction-refined/nonlinear_modulated_N512_dt2_T0.3.npz,150970,9809dbe43f01c4c6bdcb47ec05ffc95fd4b1c1c43996fc96c1ae7402f2ccb033,9809dbe43f01c4c6bdcb47ec05ffc95fd4b1c1c43996fc96c1ae7402f2ccb033,9809dbe43f01c4c6bdcb47ec05ffc95fd4b1c1c43996fc96c1ae7402f2ccb033,verified
input,scripts/derive_annular_volterra_source_completion_20260909.py,research-programme/reproducibility/20260909/scripts/derive_annular_volterra_source_completion_20260909.py,8117,b55b7ca628218d373a475f581ef46deb2b8c25f6478e37f2898d86e819e5cc76,b55b7ca628218d373a475f581ef46deb2b8c25f6478e37f2898d86e819e5cc76,b55b7ca628218d373a475f581ef46deb2b8c25f6478e37f2898d86e819e5cc76,verified
input,source-intake/navier-stokes/20260909/annular-projected-volterra-third-corner/status.json,research-programme/reproducibility/20260909/source-intake/navier-stokes/20260909/annular-projected-volterra-third-corner/status.json,74948,fe41ae8828d19d43f0ca42c00182b579912196c1dde232a29dfd73733d97fe91,fe41ae8828d19d43f0ca42c00182b579912196c1dde232a29dfd73733d97fe91,fe41ae8828d19d43f0ca42c00182b579912196c1dde232a29dfd73733d97fe91,verified
input,source-intake/navier-stokes/20260909/annular-projected-volterra-third-corner/executed-script.py,research-programme/reproducibility/20260909/source-intake/navier-stokes/20260909/annular-projected-volterra-third-corner/executed-script.py,30492,d15ecdfe6cde56fee0a21f5203d79e14126c3a6738b57e0124fdc372059115b1,d15ecdfe6cde56fee0a21f5203d79e14126c3a6738b57e0124fdc372059115b1,d15ecdfe6cde56fee0a21f5203d79e14126c3a6738b57e0124fdc372059115b1,verified
input,source-intake/navier-stokes/20260909/annular-projected-volterra-time-jets-preflight/status.json,research-programme/reproducibility/20260909/source-intake/navier-stokes/20260909/annular-projected-volterra-time-jets-preflight/status.json,123236,f8d6d0d1c5553b26a433ddb5e29c300c819843bed5622df717fd044460ce1aa6,f8d6d0d1c5553b26a433ddb5e29c300c819843bed5622df717fd044460ce1aa6,f8d6d0d1c5553b26a433ddb5e29c300c819843bed5622df717fd044460ce1aa6,verified
input,scripts/annular_projected_volterra_source_20260909.py,research-programme/reproducibility/20260909/scripts/annular_projected_volterra_source_20260909.py,914,2fa54d4cbd5814d5efcf3faa2c00e13f21bf0f935de0528afff8be7b9cb36fd5,2fa54d4cbd5814d5efcf3faa2c00e13f21bf0f935de0528afff8be7b9cb36fd5,2fa54d4cbd5814d5efcf3faa2c00e13f21bf0f935de0528afff8be7b9cb36fd5,verified
input,scripts/annular_projected_volterra_time_jets_20260909.py,research-programme/reproducibility/20260909/scripts/annular_projected_volterra_time_jets_20260909.py,2496,781cf3dacb4031df3c75806a301a16dc5e7b954f18363be9310965a0ce2362d0,781cf3dacb4031df3c75806a301a16dc5e7b954f18363be9310965a0ce2362d0,781cf3dacb4031df3c75806a301a16dc5e7b954f18363be9310965a0ce2362d0,verified
input,scripts/derive_annular_projected_volterra_time_jets_20260909.py,research-programme/reproducibility/20260909/scripts/derive_annular_projected_volterra_time_jets_20260909.py,16631,5cd889f58f60387dbc354075920756c9cb56db45efd31109c895fd4be530899e,5cd889f58f60387dbc354075920756c9cb56db45efd31109c895fd4be530899e,5cd889f58f60387dbc354075920756c9cb56db45efd31109c895fd4be530899e,verified
input,scripts/replay_annular_projected_volterra_time_jets_20260909.py,research-programme/reproducibility/20260909/scripts/replay_annular_projected_volterra_time_jets_20260909.py,17226,a5237a143fd49f074e9f2241f1eb4323ed11d8399b5be646b4c416ed85ba9d1c,a5237a143fd49f074e9f2241f1eb4323ed11d8399b5be646b4c416ed85ba9d1c,a5237a143fd49f074e9f2241f1eb4323ed11d8399b5be646b4c416ed85ba9d1c,verified
input,source-intake/navier-stokes/20260909/annular-projected-volterra-third-corner/canonical_N128_dt1_T0.1.npz,research-programme/reproducibility/20260909/source-intake/navier-stokes/20260909/annular-projected-volterra-third-corner/canonical_N128_dt1_T0.1.npz,40378,4d507cb0f3acb2995d04a6fd4478688010e39f87ae3a02dd1c37fa3816e23bfb,4d507cb0f3acb2995d04a6fd4478688010e39f87ae3a02dd1c37fa3816e23bfb,4d507cb0f3acb2995d04a6fd4478688010e39f87ae3a02dd1c37fa3816e23bfb,verified
input,source-intake/navier-stokes/20260909/annular-projected-volterra-third-corner/canonical_N128_dt1_T0.3.npz,research-programme/reproducibility/20260909/source-intake/navier-stokes/20260909/annular-projected-volterra-third-corner/canonical_N128_dt1_T0.3.npz,40378,cfe81a36d9d4f0cb3ea56fac5552b1c78faffa9050d74cadf38b99f47f3c519e,cfe81a36d9d4f0cb3ea56fac5552b1c78faffa9050d74cadf38b99f47f3c519e,cfe81a36d9d4f0cb3ea56fac5552b1c78faffa9050d74cadf38b99f47f3c519e,verified
input,source-intake/navier-stokes/20260909/annular-projected-volterra-third-corner/canonical_N256_dt1_T0.1.npz,research-programme/reproducibility/20260909/source-intake/navier-stokes/20260909/annular-projected-volterra-third-corner/canonical_N256_dt1_T0.1.npz,77242,6d75f47f3cf9ce2e02a78fd3f1b4c5a6d5f81a421b4e1ed5c004e8c9fe5cee88,6d75f47f3cf9ce2e02a78fd3f1b4c5a6d5f81a421b4e1ed5c004e8c9fe5cee88,6d75f47f3cf9ce2e02a78fd3f1b4c5a6d5f81a421b4e1ed5c004e8c9fe5cee88,verified
input,source-intake/navier-stokes/20260909/annular-projected-volterra-third-corner/canonical_N256_dt1_T0.3.npz,research-programme/reproducibility/20260909/source-intake/navier-stokes/20260909/annular-projected-volterra-third-corner/canonical_N256_dt1_T0.3.npz,77242,3c4183c051018f204fd101b159fdfc874a08a0225ae9c6170418aea4400999aa,3c4183c051018f204fd101b159fdfc874a08a0225ae9c6170418aea4400999aa,3c4183c051018f204fd101b159fdfc874a08a0225ae9c6170418aea4400999aa,verified
input,source-intake/navier-stokes/20260909/annular-projected-volterra-third-corner/canonical_N512_dt2_T0.1.npz,research-programme/reproducibility/20260909/source-intake/navier-stokes/20260909/annular-projected-volterra-third-corner/canonical_N512_dt2_T0.1.npz,150970,8b21a9c6cd9ef524fb925d9f32e7ce73c1b59030dd90e12ff32b290323905270,8b21a9c6cd9ef524fb925d9f32e7ce73c1b59030dd90e12ff32b290323905270,8b21a9c6cd9ef524fb925d9f32e7ce73c1b59030dd90e12ff32b290323905270,verified
input,source-intake/navier-stokes/20260909/annular-projected-volterra-third-corner/canonical_N512_dt2_T0.3.npz,research-programme/reproducibility/20260909/source-intake/navier-stokes/20260909/annular-projected-volterra-third-corner/canonical_N512_dt2_T0.3.npz,150970,9307691c46cefd91f6246b6821f803feea2b40f4d0dfda375f5168db7be11b6c,9307691c46cefd91f6246b6821f803feea2b40f4d0dfda375f5168db7be11b6c,9307691c46cefd91f6246b6821f803feea2b40f4d0dfda375f5168db7be11b6c,verified
input,source-intake/navier-stokes/20260909/annular-projected-volterra-third-corner/nonlinear_modulated_N128_dt1_T0.1.npz,research-programme/reproducibility/20260909/source-intake/navier-stokes/20260909/annular-projected-volterra-third-corner/nonlinear_modulated_N128_dt1_T0.1.npz,40378,81bdb4c617281b57efa571ef57eff12028da0200db91a2df9bd3f3b5f8bb11f6,81bdb4c617281b57efa571ef57eff12028da0200db91a2df9bd3f3b5f8bb11f6,81bdb4c617281b57efa571ef57eff12028da0200db91a2df9bd3f3b5f8bb11f6,verified
input,source-intake/navier-stokes/20260909/annular-projected-volterra-third-corner/nonlinear_modulated_N128_dt1_T0.3.npz,research-programme/reproducibility/20260909/source-intake/navier-stokes/20260909/annular-projected-volterra-third-corner/nonlinear_modulated_N128_dt1_T0.3.npz,40378,0d5750fa0cb564b1fd457c32cc069cdef5f6578d4cfe891610afa2372b0cbf9d,0d5750fa0cb564b1fd457c32cc069cdef5f6578d4cfe891610afa2372b0cbf9d,0d5750fa0cb564b1fd457c32cc069cdef5f6578d4cfe891610afa2372b0cbf9d,verified
input,source-intake/navier-stokes/20260909/annular-projected-volterra-third-corner/nonlinear_modulated_N256_dt1_T0.1.npz,research-programme/reproducibility/20260909/source-intake/navier-stokes/20260909/annular-projected-volterra-third-corner/nonlinear_modulated_N256_dt1_T0.1.npz,77242,2c2e6afe648423e01a7edf55cb20af4d345f4809c8699471bab21e2d14ce47e4,2c2e6afe648423e01a7edf55cb20af4d345f4809c8699471bab21e2d14ce47e4,2c2e6afe648423e01a7edf55cb20af4d345f4809c8699471bab21e2d14ce47e4,verified
input,source-intake/navier-stokes/20260909/annular-projected-volterra-third-corner/nonlinear_modulated_N256_dt1_T0.3.npz,research-programme/reproducibility/20260909/source-intake/navier-stokes/20260909/annular-projected-volterra-third-corner/nonlinear_modulated_N256_dt1_T0.3.npz,77242,bd1cd8cb7ab26c228d9c3de59845d96e0f66820d42eefec40a53709664d21e0e,bd1cd8cb7ab26c228d9c3de59845d96e0f66820d42eefec40a53709664d21e0e,bd1cd8cb7ab26c228d9c3de59845d96e0f66820d42eefec40a53709664d21e0e,verified
input,source-intake/navier-stokes/20260909/annular-projected-volterra-third-corner/nonlinear_modulated_N512_dt2_T0.1.npz,research-programme/reproducibility/20260909/source-intake/navier-stokes/20260909/annular-projected-volterra-third-corner/nonlinear_modulated_N512_dt2_T0.1.npz,150970,9d76e7bcb40faf9c5d136f6018c7056930d8eeb6e9edfe12e78b287d975a9784,9d76e7bcb40faf9c5d136f6018c7056930d8eeb6e9edfe12e78b287d975a9784,9d76e7bcb40faf9c5d136f6018c7056930d8eeb6e9edfe12e78b287d975a9784,verified
input,source-intake/navier-stokes/20260909/annular-projected-volterra-third-corner/nonlinear_modulated_N512_dt2_T0.3.npz,research-programme/reproducibility/20260909/source-intake/navier-stokes/20260909/annular-projected-volterra-third-corner/nonlinear_modulated_N512_dt2_T0.3.npz,150970,21663f7a8e670e584f69084f6d296062048d2772575533b1b370a366877d98e9,21663f7a8e670e584f69084f6d296062048d2772575533b1b370a366877d98e9,21663f7a8e670e584f69084f6d296062048d2772575533b1b370a366877d98e9,verified
input,scripts/derive_annular_projected_volterra_normal_reconstruction_20260909.py,research-programme/reproducibility/20260909/scripts/derive_annular_projected_volterra_normal_reconstruction_20260909.py,15920,f8a26c38188546032e37c99ec899a4502253ff448d723912db29e2749e0c693e,f8a26c38188546032e37c99ec899a4502253ff448d723912db29e2749e0c693e,f8a26c38188546032e37c99ec899a4502253ff448d723912db29e2749e0c693e,verified
input,source-intake/navier-stokes/20260909/annular-projected-volterra-time-jets-trajectory/canonical_N128_dt1_T0.1_time_jets.npz,research-programme/reproducibility/20260909/source-intake/navier-stokes/20260909/annular-projected-volterra-time-jets-trajectory/canonical_N128_dt1_T0.1_time_jets.npz,54062,ed6d9ad1a303d531268f88889781b98d00086f14e0b3090f329580ff9793924a,ed6d9ad1a303d531268f88889781b98d00086f14e0b3090f329580ff9793924a,ed6d9ad1a303d531268f88889781b98d00086f14e0b3090f329580ff9793924a,verified
input,source-intake/navier-stokes/20260909/annular-projected-volterra-time-jets-trajectory/canonical_N128_dt1_T0.3_time_jets.npz,research-programme/reproducibility/20260909/source-intake/navier-stokes/20260909/annular-projected-volterra-time-jets-trajectory/canonical_N128_dt1_T0.3_time_jets.npz,54062,665e45d5f0b1bab0fc216dbed148f0a901cd72b491208ccc9a0108b7f355e0a0,665e45d5f0b1bab0fc216dbed148f0a901cd72b491208ccc9a0108b7f355e0a0,665e45d5f0b1bab0fc216dbed148f0a901cd72b491208ccc9a0108b7f355e0a0,verified
input,source-intake/navier-stokes/20260909/annular-projected-volterra-time-jets-trajectory/canonical_N256_dt1_T0.1_time_jets.npz,research-programme/reproducibility/20260909/source-intake/navier-stokes/20260909/annular-projected-volterra-time-jets-trajectory/canonical_N256_dt1_T0.1_time_jets.npz,106286,d7f4fdab0aa9408b59ba6a42bd1000a6035b160923e3eadd65318ff94004443f,d7f4fdab0aa9408b59ba6a42bd1000a6035b160923e3eadd65318ff94004443f,d7f4fdab0aa9408b59ba6a42bd1000a6035b160923e3eadd65318ff94004443f,verified
input,source-intake/navier-stokes/20260909/annular-projected-volterra-time-jets-trajectory/canonical_N256_dt1_T0.3_time_jets.npz,research-programme/reproducibility/20260909/source-intake/navier-stokes/20260909/annular-projected-volterra-time-jets-trajectory/canonical_N256_dt1_T0.3_time_jets.npz,106286,f00abcd2802c61f7324098fabe5400a086a4e13b27626e9535f1af5c640c451a,f00abcd2802c61f7324098fabe5400a086a4e13b27626e9535f1af5c640c451a,f00abcd2802c61f7324098fabe5400a086a4e13b27626e9535f1af5c640c451a,verified
input,source-intake/navier-stokes/20260909/annular-projected-volterra-time-jets-trajectory/canonical_N512_dt2_T0.1_time_jets.npz,research-programme/reproducibility/20260909/source-intake/navier-stokes/20260909/annular-projected-volterra-time-jets-trajectory/canonical_N512_dt2_T0.1_time_jets.npz,210734,9d3e2592b313d8f719aa2c0bfa1ab56d71f386bb1fbfe2ad4824cae4c07b0bff,9d3e2592b313d8f719aa2c0bfa1ab56d71f386bb1fbfe2ad4824cae4c07b0bff,9d3e2592b313d8f719aa2c0bfa1ab56d71f386bb1fbfe2ad4824cae4c07b0bff,verified
input,source-intake/navier-stokes/20260909/annular-projected-volterra-time-jets-trajectory/canonical_N512_dt2_T0.3_time_jets.npz,research-programme/reproducibility/20260909/source-intake/navier-stokes/20260909/annular-projected-volterra-time-jets-trajectory/canonical_N512_dt2_T0.3_time_jets.npz,210734,52607914a9adc4ddda003f3d34577a58d824cbe509c8e3778d895c643c77e5f4,52607914a9adc4ddda003f3d34577a58d824cbe509c8e3778d895c643c77e5f4,52607914a9adc4ddda003f3d34577a58d824cbe509c8e3778d895c643c77e5f4,verified
input,source-intake/navier-stokes/20260909/annular-projected-volterra-time-jets-trajectory/nonlinear_modulated_N128_dt1_T0.1_time_jets.npz,research-programme/reproducibility/20260909/source-intake/navier-stokes/20260909/annular-projected-volterra-time-jets-trajectory/nonlinear_modulated_N128_dt1_T0.1_time_jets.npz,54062,03daebff11a678fe406c5f4b7517e88aca621f3b2e68af94c2697beefd7f3a4c,03daebff11a678fe406c5f4b7517e88aca621f3b2e68af94c2697beefd7f3a4c,03daebff11a678fe406c5f4b7517e88aca621f3b2e68af94c2697beefd7f3a4c,verified
input,source-intake/navier-stokes/20260909/annular-projected-volterra-time-jets-trajectory/nonlinear_modulated_N128_dt1_T0.3_time_jets.npz,research-programme/reproducibility/20260909/source-intake/navier-stokes/20260909/annular-projected-volterra-time-jets-trajectory/nonlinear_modulated_N128_dt1_T0.3_time_jets.npz,54062,eb6f2cb6eee3fe443d00b87b0fcca9e5110a43ff2a81b856b7021fec5475d7a4,eb6f2cb6eee3fe443d00b87b0fcca9e5110a43ff2a81b856b7021fec5475d7a4,eb6f2cb6eee3fe443d00b87b0fcca9e5110a43ff2a81b856b7021fec5475d7a4,verified
input,source-intake/navier-stokes/20260909/annular-projected-volterra-time-jets-trajectory/nonlinear_modulated_N256_dt1_T0.1_time_jets.npz,research-programme/reproducibility/20260909/source-intake/navier-stokes/20260909/annular-projected-volterra-time-jets-trajectory/nonlinear_modulated_N256_dt1_T0.1_time_jets.npz,106286,a1ff1950f9837993349e8800c4c5427146cd196cebb1fd7b790a03d78372eb11,a1ff1950f9837993349e8800c4c5427146cd196cebb1fd7b790a03d78372eb11,a1ff1950f9837993349e8800c4c5427146cd196cebb1fd7b790a03d78372eb11,verified
input,source-intake/navier-stokes/20260909/annular-projected-volterra-time-jets-trajectory/nonlinear_modulated_N256_dt1_T0.3_time_jets.npz,research-programme/reproducibility/20260909/source-intake/navier-stokes/20260909/annular-projected-volterra-time-jets-trajectory/nonlinear_modulated_N256_dt1_T0.3_time_jets.npz,106286,63a8e76a3f6618bbd41a28c5e34780790fed1b7e2bf1b2fac9f163429eb02026,63a8e76a3f6618bbd41a28c5e34780790fed1b7e2bf1b2fac9f163429eb02026,63a8e76a3f6618bbd41a28c5e34780790fed1b7e2bf1b2fac9f163429eb02026,verified
input,source-intake/navier-stokes/20260909/annular-projected-volterra-time-jets-trajectory/nonlinear_modulated_N512_dt2_T0.1_time_jets.npz,research-programme/reproducibility/20260909/source-intake/navier-stokes/20260909/annular-projected-volterra-time-jets-trajectory/nonlinear_modulated_N512_dt2_T0.1_time_jets.npz,210734,05d1d525b7a49dc94203d083899d23e29eed7cd42680df52aeb2005dcf154d9b,05d1d525b7a49dc94203d083899d23e29eed7cd42680df52aeb2005dcf154d9b,05d1d525b7a49dc94203d083899d23e29eed7cd42680df52aeb2005dcf154d9b,verified
input,source-intake/navier-stokes/20260909/annular-projected-volterra-time-jets-trajectory/nonlinear_modulated_N512_dt2_T0.3_time_jets.npz,research-programme/reproducibility/20260909/source-intake/navier-stokes/20260909/annular-projected-volterra-time-jets-trajectory/nonlinear_modulated_N512_dt2_T0.3_time_jets.npz,210734,498413568f7cb94e9b74436bfb1c08ea89d2ba07ffd679138a38821a9614da4e,498413568f7cb94e9b74436bfb1c08ea89d2ba07ffd679138a38821a9614da4e,498413568f7cb94e9b74436bfb1c08ea89d2ba07ffd679138a38821a9614da4e,verified
input,source-intake/navier-stokes/20260909/annular-projected-volterra-time-jets-preflight/executed-script.py,research-programme/reproducibility/20260909/source-intake/navier-stokes/20260909/annular-projected-volterra-time-jets-preflight/executed-script.py,16631,5cd889f58f60387dbc354075920756c9cb56db45efd31109c895fd4be530899e,5cd889f58f60387dbc354075920756c9cb56db45efd31109c895fd4be530899e,5cd889f58f60387dbc354075920756c9cb56db45efd31109c895fd4be530899e,verified
input,source-intake/navier-stokes/20260909/annular-projected-volterra-normal-reconstruction/canonical_N128_dt1_T0.1_time_jets_poly7_normal_curvature.npz,research-programme/reproducibility/20260909/source-intake/navier-stokes/20260909/annular-projected-volterra-normal-reconstruction/canonical_N128_dt1_T0.1_time_jets_poly7_normal_curvature.npz,323200,39949779060816129d1fb2e9a8f68bc1bc07eed07d5160b4632bc4bac439a55e,39949779060816129d1fb2e9a8f68bc1bc07eed07d5160b4632bc4bac439a55e,39949779060816129d1fb2e9a8f68bc1bc07eed07d5160b4632bc4bac439a55e,verified
input,source-intake/navier-stokes/20260909/annular-projected-volterra-normal-reconstruction/canonical_N128_dt1_T0.1_time_jets_poly9_normal_curvature.npz,research-programme/reproducibility/20260909/source-intake/navier-stokes/20260909/annular-projected-volterra-normal-reconstruction/canonical_N128_dt1_T0.1_time_jets_poly9_normal_curvature.npz,323200,520f028c85d071977f4099815566cd6eef50149f262e6ccc3b22c6e0f26e051e,520f028c85d071977f4099815566cd6eef50149f262e6ccc3b22c6e0f26e051e,520f028c85d071977f4099815566cd6eef50149f262e6ccc3b22c6e0f26e051e,verified
input,source-intake/navier-stokes/20260909/annular-projected-volterra-normal-reconstruction/canonical_N128_dt1_T0.3_time_jets_poly7_normal_curvature.npz,research-programme/reproducibility/20260909/source-intake/navier-stokes/20260909/annular-projected-volterra-normal-reconstruction/canonical_N128_dt1_T0.3_time_jets_poly7_normal_curvature.npz,323200,ba7ec95f70de81707f3a6558cd590af151dcd447a0a377f509096615aca0a4fd,ba7ec95f70de81707f3a6558cd590af151dcd447a0a377f509096615aca0a4fd,ba7ec95f70de81707f3a6558cd590af151dcd447a0a377f509096615aca0a4fd,verified
input,source-intake/navier-stokes/20260909/annular-projected-volterra-normal-reconstruction/canonical_N128_dt1_T0.3_time_jets_poly9_normal_curvature.npz,research-programme/reproducibility/20260909/source-intake/navier-stokes/20260909/annular-projected-volterra-normal-reconstruction/canonical_N128_dt1_T0.3_time_jets_poly9_normal_curvature.npz,323200,78a5abe543affcac4b7cc303c62ca4d8740460e060de7e767a41b501364bbb66,78a5abe543affcac4b7cc303c62ca4d8740460e060de7e767a41b501364bbb66,78a5abe543affcac4b7cc303c62ca4d8740460e060de7e767a41b501364bbb66,verified
input,source-intake/navier-stokes/20260909/annular-projected-volterra-normal-reconstruction/canonical_N256_dt1_T0.1_time_jets_poly7_normal_curvature.npz,research-programme/reproducibility/20260909/source-intake/navier-stokes/20260909/annular-projected-volterra-normal-reconstruction/canonical_N256_dt1_T0.1_time_jets_poly7_normal_curvature.npz,636544,006cee6ad6980c2a2780d5cf3f8a2d7c371f4274bfc9a0ad96f64fdc2dd7f3db,006cee6ad6980c2a2780d5cf3f8a2d7c371f4274bfc9a0ad96f64fdc2dd7f3db,006cee6ad6980c2a2780d5cf3f8a2d7c371f4274bfc9a0ad96f64fdc2dd7f3db,verified
input,source-intake/navier-stokes/20260909/annular-projected-volterra-normal-reconstruction/canonical_N256_dt1_T0.1_time_jets_poly9_normal_curvature.npz,research-programme/reproducibility/20260909/source-intake/navier-stokes/20260909/annular-projected-volterra-normal-reconstruction/canonical_N256_dt1_T0.1_time_jets_poly9_normal_curvature.npz,636544,a5178f8a36cb68e00be33153b1de31f9221bcd6545ed018fbf79b288e0b24bc9,a5178f8a36cb68e00be33153b1de31f9221bcd6545ed018fbf79b288e0b24bc9,a5178f8a36cb68e00be33153b1de31f9221bcd6545ed018fbf79b288e0b24bc9,verified
input,source-intake/navier-stokes/20260909/annular-projected-volterra-normal-reconstruction/canonical_N256_dt1_T0.3_time_jets_poly7_normal_curvature.npz,research-programme/reproducibility/20260909/source-intake/navier-stokes/20260909/annular-projected-volterra-normal-reconstruction/canonical_N256_dt1_T0.3_time_jets_poly7_normal_curvature.npz,636544,a06b3ee71d8adbbb47f0a9d1d8eaf332b942fe1bab112786114b731c12cf3ee5,a06b3ee71d8adbbb47f0a9d1d8eaf332b942fe1bab112786114b731c12cf3ee5,a06b3ee71d8adbbb47f0a9d1d8eaf332b942fe1bab112786114b731c12cf3ee5,verified
input,source-intake/navier-stokes/20260909/annular-projected-volterra-normal-reconstruction/canonical_N256_dt1_T0.3_time_jets_poly9_normal_curvature.npz,research-programme/reproducibility/20260909/source-intake/navier-stokes/20260909/annular-projected-volterra-normal-reconstruction/canonical_N256_dt1_T0.3_time_jets_poly9_normal_curvature.npz,636544,69f4806a00ee124861b9ed3c5fe9a0486c523287cbabac57d38f429b75cb6637,69f4806a00ee124861b9ed3c5fe9a0486c523287cbabac57d38f429b75cb6637,69f4806a00ee124861b9ed3c5fe9a0486c523287cbabac57d38f429b75cb6637,verified
input,source-intake/navier-stokes/20260909/annular-projected-volterra-normal-reconstruction/canonical_N512_dt2_T0.1_time_jets_poly7_normal_curvature.npz,research-programme/reproducibility/20260909/source-intake/navier-stokes/20260909/annular-projected-volterra-normal-reconstruction/canonical_N512_dt2_T0.1_time_jets_poly7_normal_curvature.npz,1263232,50ab9ce3f302e69129f8b63c1f8bcb8c51df728b6de81a8c8bee63a63531931f,50ab9ce3f302e69129f8b63c1f8bcb8c51df728b6de81a8c8bee63a63531931f,50ab9ce3f302e69129f8b63c1f8bcb8c51df728b6de81a8c8bee63a63531931f,verified
input,source-intake/navier-stokes/20260909/annular-projected-volterra-normal-reconstruction/canonical_N512_dt2_T0.1_time_jets_poly9_normal_curvature.npz,research-programme/reproducibility/20260909/source-intake/navier-stokes/20260909/annular-projected-volterra-normal-reconstruction/canonical_N512_dt2_T0.1_time_jets_poly9_normal_curvature.npz,1263232,2b756a56b6d30dbc394d20dbd952680df6eac33fbf2745a70476712e379a5055,2b756a56b6d30dbc394d20dbd952680df6eac33fbf2745a70476712e379a5055,2b756a56b6d30dbc394d20dbd952680df6eac33fbf2745a70476712e379a5055,verified
input,source-intake/navier-stokes/20260909/annular-projected-volterra-normal-reconstruction/canonical_N512_dt2_T0.3_time_jets_poly7_normal_curvature.npz,research-programme/reproducibility/20260909/source-intake/navier-stokes/20260909/annular-projected-volterra-normal-reconstruction/canonical_N512_dt2_T0.3_time_jets_poly7_normal_curvature.npz,1263232,0c1fcebe01303eb2de661f7ef43852ea7f219cc385a55a2911cf03051fd46de1,0c1fcebe01303eb2de661f7ef43852ea7f219cc385a55a2911cf03051fd46de1,0c1fcebe01303eb2de661f7ef43852ea7f219cc385a55a2911cf03051fd46de1,verified
input,source-intake/navier-stokes/20260909/annular-projected-volterra-normal-reconstruction/canonical_N512_dt2_T0.3_time_jets_poly9_normal_curvature.npz,research-programme/reproducibility/20260909/source-intake/navier-stokes/20260909/annular-projected-volterra-normal-reconstruction/canonical_N512_dt2_T0.3_time_jets_poly9_normal_curvature.npz,1263232,afea3f63a838c92ea7ddc184a470c494667462fabc6d227e910fb39d04adb027,afea3f63a838c92ea7ddc184a470c494667462fabc6d227e910fb39d04adb027,afea3f63a838c92ea7ddc184a470c494667462fabc6d227e910fb39d04adb027,verified
input,source-intake/navier-stokes/20260909/annular-projected-volterra-normal-reconstruction/nonlinear_modulated_N128_dt1_T0.1_time_jets_poly7_normal_curvature.npz,research-programme/reproducibility/20260909/source-intake/navier-stokes/20260909/annular-projected-volterra-normal-reconstruction/nonlinear_modulated_N128_dt1_T0.1_time_jets_poly7_normal_curvature.npz,323200,9ca90b324becd79116e5c65d37fa61c4123779b20cefff158409438ab3cf47ec,9ca90b324becd79116e5c65d37fa61c4123779b20cefff158409438ab3cf47ec,9ca90b324becd79116e5c65d37fa61c4123779b20cefff158409438ab3cf47ec,verified
input,source-intake/navier-stokes/20260909/annular-projected-volterra-normal-reconstruction/nonlinear_modulated_N128_dt1_T0.1_time_jets_poly9_normal_curvature.npz,research-programme/reproducibility/20260909/source-intake/navier-stokes/20260909/annular-projected-volterra-normal-reconstruction/nonlinear_modulated_N128_dt1_T0.1_time_jets_poly9_normal_curvature.npz,323200,05736f717208da5dbfe3b2dac5b96eaeff9d45322fb039c972953f95197d93ea,05736f717208da5dbfe3b2dac5b96eaeff9d45322fb039c972953f95197d93ea,05736f717208da5dbfe3b2dac5b96eaeff9d45322fb039c972953f95197d93ea,verified
input,source-intake/navier-stokes/20260909/annular-projected-volterra-normal-reconstruction/nonlinear_modulated_N128_dt1_T0.3_time_jets_poly7_normal_curvature.npz,research-programme/reproducibility/20260909/source-intake/navier-stokes/20260909/annular-projected-volterra-normal-reconstruction/nonlinear_modulated_N128_dt1_T0.3_time_jets_poly7_normal_curvature.npz,323200,a889b52bd7b2c4a41b57f6841c76a65961583311899f4ef2cdf20261686c5247,a889b52bd7b2c4a41b57f6841c76a65961583311899f4ef2cdf20261686c5247,a889b52bd7b2c4a41b57f6841c76a65961583311899f4ef2cdf20261686c5247,verified
input,source-intake/navier-stokes/20260909/annular-projected-volterra-normal-reconstruction/nonlinear_modulated_N128_dt1_T0.3_time_jets_poly9_normal_curvature.npz,research-programme/reproducibility/20260909/source-intake/navier-stokes/20260909/annular-projected-volterra-normal-reconstruction/nonlinear_modulated_N128_dt1_T0.3_time_jets_poly9_normal_curvature.npz,323200,f41bbd65adbc03a7764163d26889aabe9e760ce88485e00b1835aecf9213f56c,f41bbd65adbc03a7764163d26889aabe9e760ce88485e00b1835aecf9213f56c,f41bbd65adbc03a7764163d26889aabe9e760ce88485e00b1835aecf9213f56c,verified
input,source-intake/navier-stokes/20260909/annular-projected-volterra-normal-reconstruction/nonlinear_modulated_N256_dt1_T0.1_time_jets_poly7_normal_curvature.npz,research-programme/reproducibility/20260909/source-intake/navier-stokes/20260909/annular-projected-volterra-normal-reconstruction/nonlinear_modulated_N256_dt1_T0.1_time_jets_poly7_normal_curvature.npz,636544,31a6620501d373c9f6dbe8bb620a262f46e7355b844a7e59a8bd6b94d6ef2d29,31a6620501d373c9f6dbe8bb620a262f46e7355b844a7e59a8bd6b94d6ef2d29,31a6620501d373c9f6dbe8bb620a262f46e7355b844a7e59a8bd6b94d6ef2d29,verified
input,source-intake/navier-stokes/20260909/annular-projected-volterra-normal-reconstruction/nonlinear_modulated_N256_dt1_T0.1_time_jets_poly9_normal_curvature.npz,research-programme/reproducibility/20260909/source-intake/navier-stokes/20260909/annular-projected-volterra-normal-reconstruction/nonlinear_modulated_N256_dt1_T0.1_time_jets_poly9_normal_curvature.npz,636544,7cc9c3c0449f0f3ce249e8beadd92c18a459a5947a2437ab7702b01089316604,7cc9c3c0449f0f3ce249e8beadd92c18a459a5947a2437ab7702b01089316604,7cc9c3c0449f0f3ce249e8beadd92c18a459a5947a2437ab7702b01089316604,verified
input,source-intake/navier-stokes/20260909/annular-projected-volterra-normal-reconstruction/nonlinear_modulated_N256_dt1_T0.3_time_jets_poly7_normal_curvature.npz,research-programme/reproducibility/20260909/source-intake/navier-stokes/20260909/annular-projected-volterra-normal-reconstruction/nonlinear_modulated_N256_dt1_T0.3_time_jets_poly7_normal_curvature.npz,636544,384d8601dc7f6cd16a65a45489002bcf6ceea6bda4ff79ef9397b677ed156d97,384d8601dc7f6cd16a65a45489002bcf6ceea6bda4ff79ef9397b677ed156d97,384d8601dc7f6cd16a65a45489002bcf6ceea6bda4ff79ef9397b677ed156d97,verified
input,source-intake/navier-stokes/20260909/annular-projected-volterra-normal-reconstruction/nonlinear_modulated_N256_dt1_T0.3_time_jets_poly9_normal_curvature.npz,research-programme/reproducibility/20260909/source-intake/navier-stokes/20260909/annular-projected-volterra-normal-reconstruction/nonlinear_modulated_N256_dt1_T0.3_time_jets_poly9_normal_curvature.npz,636544,51ce05335b58337a116d9c8cfc0d1af99500f1cd0d7a4c815254e002facd5d7e,51ce05335b58337a116d9c8cfc0d1af99500f1cd0d7a4c815254e002facd5d7e,51ce05335b58337a116d9c8cfc0d1af99500f1cd0d7a4c815254e002facd5d7e,verified
input,source-intake/navier-stokes/20260909/annular-projected-volterra-normal-reconstruction/nonlinear_modulated_N512_dt2_T0.1_time_jets_poly7_normal_curvature.npz,research-programme/reproducibility/20260909/source-intake/navier-stokes/20260909/annular-projected-volterra-normal-reconstruction/nonlinear_modulated_N512_dt2_T0.1_time_jets_poly7_normal_curvature.npz,1263232,13d868a9b531010587e515f19b279078ce5e60469f4fc5fecf245214f53b1ea0,13d868a9b531010587e515f19b279078ce5e60469f4fc5fecf245214f53b1ea0,13d868a9b531010587e515f19b279078ce5e60469f4fc5fecf245214f53b1ea0,verified
input,source-intake/navier-stokes/20260909/annular-projected-volterra-normal-reconstruction/nonlinear_modulated_N512_dt2_T0.1_time_jets_poly9_normal_curvature.npz,research-programme/reproducibility/20260909/source-intake/navier-stokes/20260909/annular-projected-volterra-normal-reconstruction/nonlinear_modulated_N512_dt2_T0.1_time_jets_poly9_normal_curvature.npz,1263232,9c8fb12bca5df80e8f787b248b5e5dc1b7c2fbc565762ab089a8a94ba2f59dcd,9c8fb12bca5df80e8f787b248b5e5dc1b7c2fbc565762ab089a8a94ba2f59dcd,9c8fb12bca5df80e8f787b248b5e5dc1b7c2fbc565762ab089a8a94ba2f59dcd,verified
input,source-intake/navier-stokes/20260909/annular-projected-volterra-normal-reconstruction/nonlinear_modulated_N512_dt2_T0.3_time_jets_poly7_normal_curvature.npz,research-programme/reproducibility/20260909/source-intake/navier-stokes/20260909/annular-projected-volterra-normal-reconstruction/nonlinear_modulated_N512_dt2_T0.3_time_jets_poly7_normal_curvature.npz,1263232,5b49a968d54a5407aa07ec2b0663be5c65d102e86c51bd32d41ae5ab6ecb4bf5,5b49a968d54a5407aa07ec2b0663be5c65d102e86c51bd32d41ae5ab6ecb4bf5,5b49a968d54a5407aa07ec2b0663be5c65d102e86c51bd32d41ae5ab6ecb4bf5,verified
input,source-intake/navier-stokes/20260909/annular-projected-volterra-normal-reconstruction/nonlinear_modulated_N512_dt2_T0.3_time_jets_poly9_normal_curvature.npz,research-programme/reproducibility/20260909/source-intake/navier-stokes/20260909/annular-projected-volterra-normal-reconstruction/nonlinear_modulated_N512_dt2_T0.3_time_jets_poly9_normal_curvature.npz,1263232,c7fdc25f0e1f4a30f05221e1b1af2e3beae6e6bb1e4368cc658a32809644938e,c7fdc25f0e1f4a30f05221e1b1af2e3beae6e6bb1e4368cc658a32809644938e,c7fdc25f0e1f4a30f05221e1b1af2e3beae6e6bb1e4368cc658a32809644938e,verified
input,source-intake/navier-stokes/20260909/annular-projected-volterra-time-jets-preflight/canonical_N128_dt1_T0.1_time_jets.npz,research-programme/reproducibility/20260909/source-intake/navier-stokes/20260909/annular-projected-volterra-time-jets-preflight/canonical_N128_dt1_T0.1_time_jets.npz,54062,a756d0014992f4919356cf01fcb1e3c133df2acf2ff6ee044576308daee9b7d8,a756d0014992f4919356cf01fcb1e3c133df2acf2ff6ee044576308daee9b7d8,a756d0014992f4919356cf01fcb1e3c133df2acf2ff6ee044576308daee9b7d8,verified
input,source-intake/navier-stokes/20260909/annular-projected-volterra-time-jets-preflight/canonical_N128_dt1_T0.3_time_jets.npz,research-programme/reproducibility/20260909/source-intake/navier-stokes/20260909/annular-projected-volterra-time-jets-preflight/canonical_N128_dt1_T0.3_time_jets.npz,54062,93e3fbff32a14bf2065555d4adf7ab066b4e75ad745f4867ce47e226ef583fa0,93e3fbff32a14bf2065555d4adf7ab066b4e75ad745f4867ce47e226ef583fa0,93e3fbff32a14bf2065555d4adf7ab066b4e75ad745f4867ce47e226ef583fa0,verified
input,source-intake/navier-stokes/20260909/annular-projected-volterra-time-jets-preflight/canonical_N256_dt1_T0.1_time_jets.npz,research-programme/reproducibility/20260909/source-intake/navier-stokes/20260909/annular-projected-volterra-time-jets-preflight/canonical_N256_dt1_T0.1_time_jets.npz,106286,5687ceb43970cdff5a9ab5f875f4fc0726b267870c67bae2c18efef7eb4431f2,5687ceb43970cdff5a9ab5f875f4fc0726b267870c67bae2c18efef7eb4431f2,5687ceb43970cdff5a9ab5f875f4fc0726b267870c67bae2c18efef7eb4431f2,verified
input,source-intake/navier-stokes/20260909/annular-projected-volterra-time-jets-preflight/canonical_N256_dt1_T0.3_time_jets.npz,research-programme/reproducibility/20260909/source-intake/navier-stokes/20260909/annular-projected-volterra-time-jets-preflight/canonical_N256_dt1_T0.3_time_jets.npz,106286,bcec3786ce865a2a246a97980e5c3b758e48a9782aab5dbf29bf52d753f69394,bcec3786ce865a2a246a97980e5c3b758e48a9782aab5dbf29bf52d753f69394,bcec3786ce865a2a246a97980e5c3b758e48a9782aab5dbf29bf52d753f69394,verified
input,source-intake/navier-stokes/20260909/annular-projected-volterra-time-jets-preflight/canonical_N512_dt2_T0.1_time_jets.npz,research-programme/reproducibility/20260909/source-intake/navier-stokes/20260909/annular-projected-volterra-time-jets-preflight/canonical_N512_dt2_T0.1_time_jets.npz,210734,f52e41bdc2e2ef049f7c417f17339bbed86c2cd3b87783f1388e38df62e26547,f52e41bdc2e2ef049f7c417f17339bbed86c2cd3b87783f1388e38df62e26547,f52e41bdc2e2ef049f7c417f17339bbed86c2cd3b87783f1388e38df62e26547,verified
input,source-intake/navier-stokes/20260909/annular-projected-volterra-time-jets-preflight/canonical_N512_dt2_T0.3_time_jets.npz,research-programme/reproducibility/20260909/source-intake/navier-stokes/20260909/annular-projected-volterra-time-jets-preflight/canonical_N512_dt2_T0.3_time_jets.npz,210734,0b36dcea63ecd18ebb53383ce1d7d32fa0c6cf11521f767a3a408300c2d9d6fa,0b36dcea63ecd18ebb53383ce1d7d32fa0c6cf11521f767a3a408300c2d9d6fa,0b36dcea63ecd18ebb53383ce1d7d32fa0c6cf11521f767a3a408300c2d9d6fa,verified
input,source-intake/navier-stokes/20260909/annular-projected-volterra-time-jets-preflight/nonlinear_modulated_N128_dt1_T0.1_time_jets.npz,research-programme/reproducibility/20260909/source-intake/navier-stokes/20260909/annular-projected-volterra-time-jets-preflight/nonlinear_modulated_N128_dt1_T0.1_time_jets.npz,54062,104555d27e619b2162594d1261afd4e02e5e1167c8490556ee0a9278f0c4c82f,104555d27e619b2162594d1261afd4e02e5e1167c8490556ee0a9278f0c4c82f,104555d27e619b2162594d1261afd4e02e5e1167c8490556ee0a9278f0c4c82f,verified
input,source-intake/navier-stokes/20260909/annular-projected-volterra-time-jets-preflight/nonlinear_modulated_N128_dt1_T0.3_time_jets.npz,research-programme/reproducibility/20260909/source-intake/navier-stokes/20260909/annular-projected-volterra-time-jets-preflight/nonlinear_modulated_N128_dt1_T0.3_time_jets.npz,54062,8c31a9e1f38327e68f452bf93bb767831fc1a39034905fe006ec50aabe4dd4f8,8c31a9e1f38327e68f452bf93bb767831fc1a39034905fe006ec50aabe4dd4f8,8c31a9e1f38327e68f452bf93bb767831fc1a39034905fe006ec50aabe4dd4f8,verified
input,source-intake/navier-stokes/20260909/annular-projected-volterra-time-jets-preflight/nonlinear_modulated_N256_dt1_T0.1_time_jets.npz,research-programme/reproducibility/20260909/source-intake/navier-stokes/20260909/annular-projected-volterra-time-jets-preflight/nonlinear_modulated_N256_dt1_T0.1_time_jets.npz,106286,985e451b5dcf9494190d1608c2d67d896d739875aa9fb58bdcc06886c7c96f4c,985e451b5dcf9494190d1608c2d67d896d739875aa9fb58bdcc06886c7c96f4c,985e451b5dcf9494190d1608c2d67d896d739875aa9fb58bdcc06886c7c96f4c,verified
input,source-intake/navier-stokes/20260909/annular-projected-volterra-time-jets-preflight/nonlinear_modulated_N256_dt1_T0.3_time_jets.npz,research-programme/reproducibility/20260909/source-intake/navier-stokes/20260909/annular-projected-volterra-time-jets-preflight/nonlinear_modulated_N256_dt1_T0.3_time_jets.npz,106286,5e742d42ee2052d7997d41e13c9498699cff3a538d3bb34ea8cadc0ee48769b1,5e742d42ee2052d7997d41e13c9498699cff3a538d3bb34ea8cadc0ee48769b1,5e742d42ee2052d7997d41e13c9498699cff3a538d3bb34ea8cadc0ee48769b1,verified
input,source-intake/navier-stokes/20260909/annular-projected-volterra-time-jets-preflight/nonlinear_modulated_N512_dt2_T0.1_time_jets.npz,research-programme/reproducibility/20260909/source-intake/navier-stokes/20260909/annular-projected-volterra-time-jets-preflight/nonlinear_modulated_N512_dt2_T0.1_time_jets.npz,210734,76506398076a7070644e8bb051df4a78ee355a900d40954009193d3d214f6b11,76506398076a7070644e8bb051df4a78ee355a900d40954009193d3d214f6b11,76506398076a7070644e8bb051df4a78ee355a900d40954009193d3d214f6b11,verified
input,source-intake/navier-stokes/20260909/annular-projected-volterra-time-jets-preflight/nonlinear_modulated_N512_dt2_T0.3_time_jets.npz,research-programme/reproducibility/20260909/source-intake/navier-stokes/20260909/annular-projected-volterra-time-jets-preflight/nonlinear_modulated_N512_dt2_T0.3_time_jets.npz,210734,223f4ae9d91fa3ee7a3423d23f8dd04a147701e4882973f945606319187481b7,223f4ae9d91fa3ee7a3423d23f8dd04a147701e4882973f945606319187481b7,223f4ae9d91fa3ee7a3423d23f8dd04a147701e4882973f945606319187481b7,verified
input,DERIVATION-20260909-compatible-boundary-energy-and-Noether-coupling.md,research-programme/reproducibility/20260909/DERIVATION-20260909-compatible-boundary-energy-and-Noether-coupling.md,15765,cb678609bcca09b8c843f0f931ff7e0add55d2095b6d9856e330a1af3479fd3b,cb678609bcca09b8c843f0f931ff7e0add55d2095b6d9856e330a1af3479fd3b,cb678609bcca09b8c843f0f931ff7e0add55d2095b6d9856e330a1af3479fd3b,verified
input,source-intake/navier-stokes/20260909/annular-raw-volterra-C3-matched-comparison/status.json,research-programme/reproducibility/20260909/source-intake/navier-stokes/20260909/annular-raw-volterra-C3-matched-comparison/status.json,253177,ef04d1cd200d9f8679d8dedf78b5640cbfb05fce11dd72f0fd5e436965025080,ef04d1cd200d9f8679d8dedf78b5640cbfb05fce11dd72f0fd5e436965025080,ef04d1cd200d9f8679d8dedf78b5640cbfb05fce11dd72f0fd5e436965025080,verified
input,scripts/compare_annular_raw_volterra_C3_20260909.py,research-programme/reproducibility/20260909/scripts/compare_annular_raw_volterra_C3_20260909.py,18718,3b7a3d7f5a244dc9e1cd1593f6e0f003c1248659fd5769e3dee63d0721963f2d,3b7a3d7f5a244dc9e1cd1593f6e0f003c1248659fd5769e3dee63d0721963f2d,3b7a3d7f5a244dc9e1cd1593f6e0f003c1248659fd5769e3dee63d0721963f2d,verified
input,source-intake/navier-stokes/20260909/annular-raw-volterra-C3-normal-reconstruction/status.json,research-programme/reproducibility/20260909/source-intake/navier-stokes/20260909/annular-raw-volterra-C3-normal-reconstruction/status.json,155229,62aebd63d119525dd2c02a9f096699206a8a3dbcfed3d5b7a05e63e63b9cf137,62aebd63d119525dd2c02a9f096699206a8a3dbcfed3d5b7a05e63e63b9cf137,62aebd63d119525dd2c02a9f096699206a8a3dbcfed3d5b7a05e63e63b9cf137,verified
input,source-intake/navier-stokes/20260909/annular-raw-volterra-C3-normal-reconstruction/executed-script.py,research-programme/reproducibility/20260909/source-intake/navier-stokes/20260909/annular-raw-volterra-C3-normal-reconstruction/executed-script.py,16011,18d4e7e5b5ae746b9231d02e68675434c417acb77a340934a7512ade31a7ec7b,18d4e7e5b5ae746b9231d02e68675434c417acb77a340934a7512ade31a7ec7b,18d4e7e5b5ae746b9231d02e68675434c417acb77a340934a7512ade31a7ec7b,verified
input,source-intake/navier-stokes/20260909/annular-raw-volterra-C3-time-jets-trajectory/status.json,research-programme/reproducibility/20260909/source-intake/navier-stokes/20260909/annular-raw-volterra-C3-time-jets-trajectory/status.json,125456,a792ca0a5b6f73c29f534c723c997e0c95a6fb0fe8d23a9c2ac75577152446ce,a792ca0a5b6f73c29f534c723c997e0c95a6fb0fe8d23a9c2ac75577152446ce,a792ca0a5b6f73c29f534c723c997e0c95a6fb0fe8d23a9c2ac75577152446ce,verified
input,source-intake/navier-stokes/20260909/annular-raw-volterra-C3-time-jets-trajectory/executed-script.py,research-programme/reproducibility/20260909/source-intake/navier-stokes/20260909/annular-raw-volterra-C3-time-jets-trajectory/executed-script.py,17162,bd8adf83bbf621f71331b5f4536287db5a176656ba445e5032a7e7691e75a0de,bd8adf83bbf621f71331b5f4536287db5a176656ba445e5032a7e7691e75a0de,bd8adf83bbf621f71331b5f4536287db5a176656ba445e5032a7e7691e75a0de,verified
input,source-intake/navier-stokes/20260909/annular-coupled-current-third-corner-raw-volterra/status.json,research-programme/reproducibility/20260909/source-intake/navier-stokes/20260909/annular-coupled-current-third-corner-raw-volterra/status.json,70776,bbd731406298e17e2c1ff6966f6273a9d4dabb6d874e439e44453e4cc30911a5,bbd731406298e17e2c1ff6966f6273a9d4dabb6d874e439e44453e4cc30911a5,bbd731406298e17e2c1ff6966f6273a9d4dabb6d874e439e44453e4cc30911a5,verified
input,source-intake/navier-stokes/20260909/annular-coupled-current-third-corner-raw-volterra/executed-script.py,research-programme/reproducibility/20260909/source-intake/navier-stokes/20260909/annular-coupled-current-third-corner-raw-volterra/executed-script.py,29458,cc70564b11d4481839b436d07703cdcba8956ae90cf2bddb821bff2bd33c6662,cc70564b11d4481839b436d07703cdcba8956ae90cf2bddb821bff2bd33c6662,cc70564b11d4481839b436d07703cdcba8956ae90cf2bddb821bff2bd33c6662,verified
input,scripts/derive_annular_raw_volterra_C3_time_jets_20260909.py,research-programme/reproducibility/20260909/scripts/derive_annular_raw_volterra_C3_time_jets_20260909.py,17162,bd8adf83bbf621f71331b5f4536287db5a176656ba445e5032a7e7691e75a0de,bd8adf83bbf621f71331b5f4536287db5a176656ba445e5032a7e7691e75a0de,bd8adf83bbf621f71331b5f4536287db5a176656ba445e5032a7e7691e75a0de,verified
input,scripts/annular_raw_volterra_time_jets_20260909.py,research-programme/reproducibility/20260909/scripts/annular_raw_volterra_time_jets_20260909.py,1678,a4c90536db052483d9f3c6120e60d4072ea9e6331b4117be1f1910edfe2eafe0,a4c90536db052483d9f3c6120e60d4072ea9e6331b4117be1f1910edfe2eafe0,a4c90536db052483d9f3c6120e60d4072ea9e6331b4117be1f1910edfe2eafe0,verified
input,source-intake/navier-stokes/20260909/annular-coupled-current-third-corner-raw-volterra/canonical_N128_dt1_T0.1.npz,research-programme/reproducibility/20260909/source-intake/navier-stokes/20260909/annular-coupled-current-third-corner-raw-volterra/canonical_N128_dt1_T0.1.npz,40378,aa1acb8dadc9cb384f1b4186e485c7942d59b628ee3bd9f12a66b93446d8b254,aa1acb8dadc9cb384f1b4186e485c7942d59b628ee3bd9f12a66b93446d8b254,aa1acb8dadc9cb384f1b4186e485c7942d59b628ee3bd9f12a66b93446d8b254,verified
input,source-intake/navier-stokes/20260909/annular-coupled-current-third-corner-raw-volterra/canonical_N128_dt1_T0.3.npz,research-programme/reproducibility/20260909/source-intake/navier-stokes/20260909/annular-coupled-current-third-corner-raw-volterra/canonical_N128_dt1_T0.3.npz,40378,ea9ed6d2f56014228195a50faf8fc58c34af001c2d53991e5d7ad93a69eb6c2f,ea9ed6d2f56014228195a50faf8fc58c34af001c2d53991e5d7ad93a69eb6c2f,ea9ed6d2f56014228195a50faf8fc58c34af001c2d53991e5d7ad93a69eb6c2f,verified
input,source-intake/navier-stokes/20260909/annular-coupled-current-third-corner-raw-volterra/canonical_N256_dt1_T0.1.npz,research-programme/reproducibility/20260909/source-intake/navier-stokes/20260909/annular-coupled-current-third-corner-raw-volterra/canonical_N256_dt1_T0.1.npz,77242,dc130965d967bd650ef8691031fd1f28ed05ca149feb29cbd4ed6541fb407111,dc130965d967bd650ef8691031fd1f28ed05ca149feb29cbd4ed6541fb407111,dc130965d967bd650ef8691031fd1f28ed05ca149feb29cbd4ed6541fb407111,verified
input,source-intake/navier-stokes/20260909/annular-coupled-current-third-corner-raw-volterra/canonical_N256_dt1_T0.3.npz,research-programme/reproducibility/20260909/source-intake/navier-stokes/20260909/annular-coupled-current-third-corner-raw-volterra/canonical_N256_dt1_T0.3.npz,77242,74ed4a9087a9fbf0e8262b0c72be2525f9de14e8707fc94332cd1fd6ce7cfecc,74ed4a9087a9fbf0e8262b0c72be2525f9de14e8707fc94332cd1fd6ce7cfecc,74ed4a9087a9fbf0e8262b0c72be2525f9de14e8707fc94332cd1fd6ce7cfecc,verified
input,source-intake/navier-stokes/20260909/annular-coupled-current-third-corner-raw-volterra/canonical_N512_dt2_T0.1.npz,research-programme/reproducibility/20260909/source-intake/navier-stokes/20260909/annular-coupled-current-third-corner-raw-volterra/canonical_N512_dt2_T0.1.npz,150970,7232b495d5d896d6daae4537835b5a8e75f7c039f8865303417c024f71890ee7,7232b495d5d896d6daae4537835b5a8e75f7c039f8865303417c024f71890ee7,7232b495d5d896d6daae4537835b5a8e75f7c039f8865303417c024f71890ee7,verified
input,source-intake/navier-stokes/20260909/annular-coupled-current-third-corner-raw-volterra/canonical_N512_dt2_T0.3.npz,research-programme/reproducibility/20260909/source-intake/navier-stokes/20260909/annular-coupled-current-third-corner-raw-volterra/canonical_N512_dt2_T0.3.npz,150970,a53dc89d33c6cc8131ff58f2d88929ad1ab7432615d5a617e6e34a58b40a0a5d,a53dc89d33c6cc8131ff58f2d88929ad1ab7432615d5a617e6e34a58b40a0a5d,a53dc89d33c6cc8131ff58f2d88929ad1ab7432615d5a617e6e34a58b40a0a5d,verified
input,source-intake/navier-stokes/20260909/annular-coupled-current-third-corner-raw-volterra/nonlinear_modulated_N128_dt1_T0.1.npz,research-programme/reproducibility/20260909/source-intake/navier-stokes/20260909/annular-coupled-current-third-corner-raw-volterra/nonlinear_modulated_N128_dt1_T0.1.npz,40378,d50ce0fdaf6694331c45a93f2c2a1337ca22b5340656a3141f4086cd215efddf,d50ce0fdaf6694331c45a93f2c2a1337ca22b5340656a3141f4086cd215efddf,d50ce0fdaf6694331c45a93f2c2a1337ca22b5340656a3141f4086cd215efddf,verified
input,source-intake/navier-stokes/20260909/annular-coupled-current-third-corner-raw-volterra/nonlinear_modulated_N128_dt1_T0.3.npz,research-programme/reproducibility/20260909/source-intake/navier-stokes/20260909/annular-coupled-current-third-corner-raw-volterra/nonlinear_modulated_N128_dt1_T0.3.npz,40378,526e76eeb18368c627cc71e9161f5871b1c53b6ef354865bde4d27122c0db8de,526e76eeb18368c627cc71e9161f5871b1c53b6ef354865bde4d27122c0db8de,526e76eeb18368c627cc71e9161f5871b1c53b6ef354865bde4d27122c0db8de,verified
input,source-intake/navier-stokes/20260909/annular-coupled-current-third-corner-raw-volterra/nonlinear_modulated_N256_dt1_T0.1.npz,research-programme/reproducibility/20260909/source-intake/navier-stokes/20260909/annular-coupled-current-third-corner-raw-volterra/nonlinear_modulated_N256_dt1_T0.1.npz,77242,f04b1836fe88db1171cf184e78891e9684f2ce1f2a5bc1f33383d2280330b45f,f04b1836fe88db1171cf184e78891e9684f2ce1f2a5bc1f33383d2280330b45f,f04b1836fe88db1171cf184e78891e9684f2ce1f2a5bc1f33383d2280330b45f,verified
input,source-intake/navier-stokes/20260909/annular-coupled-current-third-corner-raw-volterra/nonlinear_modulated_N256_dt1_T0.3.npz,research-programme/reproducibility/20260909/source-intake/navier-stokes/20260909/annular-coupled-current-third-corner-raw-volterra/nonlinear_modulated_N256_dt1_T0.3.npz,77242,813c7fd838d67344d91f9d18ab32b02ed54b6803aa14820da2da70c18498110c,813c7fd838d67344d91f9d18ab32b02ed54b6803aa14820da2da70c18498110c,813c7fd838d67344d91f9d18ab32b02ed54b6803aa14820da2da70c18498110c,verified
input,source-intake/navier-stokes/20260909/annular-coupled-current-third-corner-raw-volterra/nonlinear_modulated_N512_dt2_T0.1.npz,research-programme/reproducibility/20260909/source-intake/navier-stokes/20260909/annular-coupled-current-third-corner-raw-volterra/nonlinear_modulated_N512_dt2_T0.1.npz,150970,b45101bfb0761249875a380094ad1656205b2eb913b4a52ddb672b827cb38843,b45101bfb0761249875a380094ad1656205b2eb913b4a52ddb672b827cb38843,b45101bfb0761249875a380094ad1656205b2eb913b4a52ddb672b827cb38843,verified
input,source-intake/navier-stokes/20260909/annular-coupled-current-third-corner-raw-volterra/nonlinear_modulated_N512_dt2_T0.3.npz,research-programme/reproducibility/20260909/source-intake/navier-stokes/20260909/annular-coupled-current-third-corner-raw-volterra/nonlinear_modulated_N512_dt2_T0.3.npz,150970,1f9d9378135814fa0d66c74974c878fdf81dfacfa5a45e7f1d2e94f1db43afce,1f9d9378135814fa0d66c74974c878fdf81dfacfa5a45e7f1d2e94f1db43afce,1f9d9378135814fa0d66c74974c878fdf81dfacfa5a45e7f1d2e94f1db43afce,verified
input,scripts/derive_annular_raw_volterra_C3_normal_reconstruction_20260909.py,research-programme/reproducibility/20260909/scripts/derive_annular_raw_volterra_C3_normal_reconstruction_20260909.py,16011,18d4e7e5b5ae746b9231d02e68675434c417acb77a340934a7512ade31a7ec7b,18d4e7e5b5ae746b9231d02e68675434c417acb77a340934a7512ade31a7ec7b,18d4e7e5b5ae746b9231d02e68675434c417acb77a340934a7512ade31a7ec7b,verified
input,source-intake/navier-stokes/20260909/annular-raw-volterra-C3-time-jets-trajectory/canonical_N128_dt1_T0.1_time_jets.npz,research-programme/reproducibility/20260909/source-intake/navier-stokes/20260909/annular-raw-volterra-C3-time-jets-trajectory/canonical_N128_dt1_T0.1_time_jets.npz,54062,ef50a73ba83fd575459a6773443edba6cb189fe95e0e97b59941ab820f14733c,ef50a73ba83fd575459a6773443edba6cb189fe95e0e97b59941ab820f14733c,ef50a73ba83fd575459a6773443edba6cb189fe95e0e97b59941ab820f14733c,verified
input,source-intake/navier-stokes/20260909/annular-raw-volterra-C3-time-jets-trajectory/canonical_N128_dt1_T0.3_time_jets.npz,research-programme/reproducibility/20260909/source-intake/navier-stokes/20260909/annular-raw-volterra-C3-time-jets-trajectory/canonical_N128_dt1_T0.3_time_jets.npz,54062,a42c8cfa86975dbbe4d66f0aa2ff09a6b9c0feb96af1d3971071fd07661b8ed5,a42c8cfa86975dbbe4d66f0aa2ff09a6b9c0feb96af1d3971071fd07661b8ed5,a42c8cfa86975dbbe4d66f0aa2ff09a6b9c0feb96af1d3971071fd07661b8ed5,verified
input,source-intake/navier-stokes/20260909/annular-raw-volterra-C3-time-jets-trajectory/canonical_N256_dt1_T0.1_time_jets.npz,research-programme/reproducibility/20260909/source-intake/navier-stokes/20260909/annular-raw-volterra-C3-time-jets-trajectory/canonical_N256_dt1_T0.1_time_jets.npz,106286,7bcb95018a54da68525765621c94bc9f64ca419091e8b950bbc8dd3162ce0358,7bcb95018a54da68525765621c94bc9f64ca419091e8b950bbc8dd3162ce0358,7bcb95018a54da68525765621c94bc9f64ca419091e8b950bbc8dd3162ce0358,verified
input,source-intake/navier-stokes/20260909/annular-raw-volterra-C3-time-jets-trajectory/canonical_N256_dt1_T0.3_time_jets.npz,research-programme/reproducibility/20260909/source-intake/navier-stokes/20260909/annular-raw-volterra-C3-time-jets-trajectory/canonical_N256_dt1_T0.3_time_jets.npz,106286,0917ba16db61c63e316da10df46bcd4d7b6d586d4c9c1770093a0c96922718ec,0917ba16db61c63e316da10df46bcd4d7b6d586d4c9c1770093a0c96922718ec,0917ba16db61c63e316da10df46bcd4d7b6d586d4c9c1770093a0c96922718ec,verified
input,source-intake/navier-stokes/20260909/annular-raw-volterra-C3-time-jets-trajectory/canonical_N512_dt2_T0.1_time_jets.npz,research-programme/reproducibility/20260909/source-intake/navier-stokes/20260909/annular-raw-volterra-C3-time-jets-trajectory/canonical_N512_dt2_T0.1_time_jets.npz,210734,af2e8ba102d5f2ac8259e10019247271cb928e484aeb416e0a01c0bef22cce24,af2e8ba102d5f2ac8259e10019247271cb928e484aeb416e0a01c0bef22cce24,af2e8ba102d5f2ac8259e10019247271cb928e484aeb416e0a01c0bef22cce24,verified
input,source-intake/navier-stokes/20260909/annular-raw-volterra-C3-time-jets-trajectory/canonical_N512_dt2_T0.3_time_jets.npz,research-programme/reproducibility/20260909/source-intake/navier-stokes/20260909/annular-raw-volterra-C3-time-jets-trajectory/canonical_N512_dt2_T0.3_time_jets.npz,210734,38ddb08053a1db907b89be0c23670c4ea0ba94d411b94c79f84706484f852a4e,38ddb08053a1db907b89be0c23670c4ea0ba94d411b94c79f84706484f852a4e,38ddb08053a1db907b89be0c23670c4ea0ba94d411b94c79f84706484f852a4e,verified
input,source-intake/navier-stokes/20260909/annular-raw-volterra-C3-time-jets-trajectory/nonlinear_modulated_N128_dt1_T0.1_time_jets.npz,research-programme/reproducibility/20260909/source-intake/navier-stokes/20260909/annular-raw-volterra-C3-time-jets-trajectory/nonlinear_modulated_N128_dt1_T0.1_time_jets.npz,54062,83a4c159a77282c55f37c4eea18bde4b56b1e626ac7926a14ef85b59c3ee3ac2,83a4c159a77282c55f37c4eea18bde4b56b1e626ac7926a14ef85b59c3ee3ac2,83a4c159a77282c55f37c4eea18bde4b56b1e626ac7926a14ef85b59c3ee3ac2,verified
input,source-intake/navier-stokes/20260909/annular-raw-volterra-C3-time-jets-trajectory/nonlinear_modulated_N128_dt1_T0.3_time_jets.npz,research-programme/reproducibility/20260909/source-intake/navier-stokes/20260909/annular-raw-volterra-C3-time-jets-trajectory/nonlinear_modulated_N128_dt1_T0.3_time_jets.npz,54062,b29eb7ab575fed053a37b791facccb410a630c8fcbf514e0098b16267bc1f2f9,b29eb7ab575fed053a37b791facccb410a630c8fcbf514e0098b16267bc1f2f9,b29eb7ab575fed053a37b791facccb410a630c8fcbf514e0098b16267bc1f2f9,verified
input,source-intake/navier-stokes/20260909/annular-raw-volterra-C3-time-jets-trajectory/nonlinear_modulated_N256_dt1_T0.1_time_jets.npz,research-programme/reproducibility/20260909/source-intake/navier-stokes/20260909/annular-raw-volterra-C3-time-jets-trajectory/nonlinear_modulated_N256_dt1_T0.1_time_jets.npz,106286,ccc7d727395cd06206b4d9fe8b5da7f5e8e045da02d937c6c7b778a55bc8bd58,ccc7d727395cd06206b4d9fe8b5da7f5e8e045da02d937c6c7b778a55bc8bd58,ccc7d727395cd06206b4d9fe8b5da7f5e8e045da02d937c6c7b778a55bc8bd58,verified
input,source-intake/navier-stokes/20260909/annular-raw-volterra-C3-time-jets-trajectory/nonlinear_modulated_N256_dt1_T0.3_time_jets.npz,research-programme/reproducibility/20260909/source-intake/navier-stokes/20260909/annular-raw-volterra-C3-time-jets-trajectory/nonlinear_modulated_N256_dt1_T0.3_time_jets.npz,106286,dbb39b0819c92afbb0a51a7bd500d1dce33ac497a636f1026023c4c1024b6beb,dbb39b0819c92afbb0a51a7bd500d1dce33ac497a636f1026023c4c1024b6beb,dbb39b0819c92afbb0a51a7bd500d1dce33ac497a636f1026023c4c1024b6beb,verified
input,source-intake/navier-stokes/20260909/annular-raw-volterra-C3-time-jets-trajectory/nonlinear_modulated_N512_dt2_T0.1_time_jets.npz,research-programme/reproducibility/20260909/source-intake/navier-stokes/20260909/annular-raw-volterra-C3-time-jets-trajectory/nonlinear_modulated_N512_dt2_T0.1_time_jets.npz,210734,a544f10644c260adf2348dd8bc1095b6c622cc267b9f6994ff34ccd4181f10e7,a544f10644c260adf2348dd8bc1095b6c622cc267b9f6994ff34ccd4181f10e7,a544f10644c260adf2348dd8bc1095b6c622cc267b9f6994ff34ccd4181f10e7,verified
input,source-intake/navier-stokes/20260909/annular-raw-volterra-C3-time-jets-trajectory/nonlinear_modulated_N512_dt2_T0.3_time_jets.npz,research-programme/reproducibility/20260909/source-intake/navier-stokes/20260909/annular-raw-volterra-C3-time-jets-trajectory/nonlinear_modulated_N512_dt2_T0.3_time_jets.npz,210734,0bbc7eef40284f38fbe05f6261f0b9bd5432923472354e77d4abab3977fe9124,0bbc7eef40284f38fbe05f6261f0b9bd5432923472354e77d4abab3977fe9124,0bbc7eef40284f38fbe05f6261f0b9bd5432923472354e77d4abab3977fe9124,verified
input,source-intake/navier-stokes/20260909/annular-raw-volterra-C3-time-jets-preflight/status.json,research-programme/reproducibility/20260909/source-intake/navier-stokes/20260909/annular-raw-volterra-C3-time-jets-preflight/status.json,123807,01f4ffac140e829d3e3b13bc423c1e8283a35bf3a1405d10a9a05ac4ab0bc671,01f4ffac140e829d3e3b13bc423c1e8283a35bf3a1405d10a9a05ac4ab0bc671,01f4ffac140e829d3e3b13bc423c1e8283a35bf3a1405d10a9a05ac4ab0bc671,verified
input,source-intake/navier-stokes/20260909/annular-raw-volterra-C3-time-jets-preflight/executed-script.py,research-programme/reproducibility/20260909/source-intake/navier-stokes/20260909/annular-raw-volterra-C3-time-jets-preflight/executed-script.py,17162,bd8adf83bbf621f71331b5f4536287db5a176656ba445e5032a7e7691e75a0de,bd8adf83bbf621f71331b5f4536287db5a176656ba445e5032a7e7691e75a0de,bd8adf83bbf621f71331b5f4536287db5a176656ba445e5032a7e7691e75a0de,verified
input,source-intake/navier-stokes/20260909/annular-raw-volterra-C3-normal-reconstruction/canonical_N128_dt1_T0.1_time_jets_poly7_normal_curvature.npz,research-programme/reproducibility/20260909/source-intake/navier-stokes/20260909/annular-raw-volterra-C3-normal-reconstruction/canonical_N128_dt1_T0.1_time_jets_poly7_normal_curvature.npz,323200,71af23882b37b7732efb4f08fe4a8c5c8f5059aa89f213868c99e7af55f07971,71af23882b37b7732efb4f08fe4a8c5c8f5059aa89f213868c99e7af55f07971,71af23882b37b7732efb4f08fe4a8c5c8f5059aa89f213868c99e7af55f07971,verified
input,source-intake/navier-stokes/20260909/annular-raw-volterra-C3-normal-reconstruction/canonical_N128_dt1_T0.1_time_jets_poly9_normal_curvature.npz,research-programme/reproducibility/20260909/source-intake/navier-stokes/20260909/annular-raw-volterra-C3-normal-reconstruction/canonical_N128_dt1_T0.1_time_jets_poly9_normal_curvature.npz,323200,3f7c527af4f75da28d70dc3e8c38c37d90b69e032b0c515edb8bdb102b22e16b,3f7c527af4f75da28d70dc3e8c38c37d90b69e032b0c515edb8bdb102b22e16b,3f7c527af4f75da28d70dc3e8c38c37d90b69e032b0c515edb8bdb102b22e16b,verified
input,source-intake/navier-stokes/20260909/annular-raw-volterra-C3-normal-reconstruction/canonical_N128_dt1_T0.3_time_jets_poly7_normal_curvature.npz,research-programme/reproducibility/20260909/source-intake/navier-stokes/20260909/annular-raw-volterra-C3-normal-reconstruction/canonical_N128_dt1_T0.3_time_jets_poly7_normal_curvature.npz,323200,2187e2f6a9aea81caedbc1367c8a3d1b2205fd08b476799ccf6d12381ad36100,2187e2f6a9aea81caedbc1367c8a3d1b2205fd08b476799ccf6d12381ad36100,2187e2f6a9aea81caedbc1367c8a3d1b2205fd08b476799ccf6d12381ad36100,verified
input,source-intake/navier-stokes/20260909/annular-raw-volterra-C3-normal-reconstruction/canonical_N128_dt1_T0.3_time_jets_poly9_normal_curvature.npz,research-programme/reproducibility/20260909/source-intake/navier-stokes/20260909/annular-raw-volterra-C3-normal-reconstruction/canonical_N128_dt1_T0.3_time_jets_poly9_normal_curvature.npz,323200,bd5f9cd1649c0125a08ca59a794eddb478c54c211cfb4c388466dcbf11bcc8be,bd5f9cd1649c0125a08ca59a794eddb478c54c211cfb4c388466dcbf11bcc8be,bd5f9cd1649c0125a08ca59a794eddb478c54c211cfb4c388466dcbf11bcc8be,verified
input,source-intake/navier-stokes/20260909/annular-raw-volterra-C3-normal-reconstruction/canonical_N256_dt1_T0.1_time_jets_poly7_normal_curvature.npz,research-programme/reproducibility/20260909/source-intake/navier-stokes/20260909/annular-raw-volterra-C3-normal-reconstruction/canonical_N256_dt1_T0.1_time_jets_poly7_normal_curvature.npz,636544,037745e3deb9b5c0cc52118186bdc0e5a174a082827776857007eb2258e5be65,037745e3deb9b5c0cc52118186bdc0e5a174a082827776857007eb2258e5be65,037745e3deb9b5c0cc52118186bdc0e5a174a082827776857007eb2258e5be65,verified
input,source-intake/navier-stokes/20260909/annular-raw-volterra-C3-normal-reconstruction/canonical_N256_dt1_T0.1_time_jets_poly9_normal_curvature.npz,research-programme/reproducibility/20260909/source-intake/navier-stokes/20260909/annular-raw-volterra-C3-normal-reconstruction/canonical_N256_dt1_T0.1_time_jets_poly9_normal_curvature.npz,636544,a941881869becfeed4261cec04f49a051960491be3a91bea71bc9cdedfa06b29,a941881869becfeed4261cec04f49a051960491be3a91bea71bc9cdedfa06b29,a941881869becfeed4261cec04f49a051960491be3a91bea71bc9cdedfa06b29,verified
input,source-intake/navier-stokes/20260909/annular-raw-volterra-C3-normal-reconstruction/canonical_N256_dt1_T0.3_time_jets_poly7_normal_curvature.npz,research-programme/reproducibility/20260909/source-intake/navier-stokes/20260909/annular-raw-volterra-C3-normal-reconstruction/canonical_N256_dt1_T0.3_time_jets_poly7_normal_curvature.npz,636544,ad312b98bc064e61e7e7e89c9744f8e82142d5a9ffc3f9112104fe17c2dee3f4,ad312b98bc064e61e7e7e89c9744f8e82142d5a9ffc3f9112104fe17c2dee3f4,ad312b98bc064e61e7e7e89c9744f8e82142d5a9ffc3f9112104fe17c2dee3f4,verified
input,source-intake/navier-stokes/20260909/annular-raw-volterra-C3-normal-reconstruction/canonical_N256_dt1_T0.3_time_jets_poly9_normal_curvature.npz,research-programme/reproducibility/20260909/source-intake/navier-stokes/20260909/annular-raw-volterra-C3-normal-reconstruction/canonical_N256_dt1_T0.3_time_jets_poly9_normal_curvature.npz,636544,7f3a9e9c21c39a95fcc94200390d46f69aecb6b983657ea7e69cb1c8c5d97c06,7f3a9e9c21c39a95fcc94200390d46f69aecb6b983657ea7e69cb1c8c5d97c06,7f3a9e9c21c39a95fcc94200390d46f69aecb6b983657ea7e69cb1c8c5d97c06,verified
input,source-intake/navier-stokes/20260909/annular-raw-volterra-C3-normal-reconstruction/canonical_N512_dt2_T0.1_time_jets_poly7_normal_curvature.npz,research-programme/reproducibility/20260909/source-intake/navier-stokes/20260909/annular-raw-volterra-C3-normal-reconstruction/canonical_N512_dt2_T0.1_time_jets_poly7_normal_curvature.npz,1263232,cd4056558475c91addd589c2cf9bcec1e58c5500914ce22e029fdcdb19ac8ddb,cd4056558475c91addd589c2cf9bcec1e58c5500914ce22e029fdcdb19ac8ddb,cd4056558475c91addd589c2cf9bcec1e58c5500914ce22e029fdcdb19ac8ddb,verified
input,source-intake/navier-stokes/20260909/annular-raw-volterra-C3-normal-reconstruction/canonical_N512_dt2_T0.1_time_jets_poly9_normal_curvature.npz,research-programme/reproducibility/20260909/source-intake/navier-stokes/20260909/annular-raw-volterra-C3-normal-reconstruction/canonical_N512_dt2_T0.1_time_jets_poly9_normal_curvature.npz,1263232,d8fc024b2ef3fe027775d597761bfb1d05128ed422fbe1eabf33fc20b3ea0194,d8fc024b2ef3fe027775d597761bfb1d05128ed422fbe1eabf33fc20b3ea0194,d8fc024b2ef3fe027775d597761bfb1d05128ed422fbe1eabf33fc20b3ea0194,verified
input,source-intake/navier-stokes/20260909/annular-raw-volterra-C3-normal-reconstruction/canonical_N512_dt2_T0.3_time_jets_poly7_normal_curvature.npz,research-programme/reproducibility/20260909/source-intake/navier-stokes/20260909/annular-raw-volterra-C3-normal-reconstruction/canonical_N512_dt2_T0.3_time_jets_poly7_normal_curvature.npz,1263232,dd4582b878108c712539788211952ee2cdb455a662cac48d6a7c9fc0113d1177,dd4582b878108c712539788211952ee2cdb455a662cac48d6a7c9fc0113d1177,dd4582b878108c712539788211952ee2cdb455a662cac48d6a7c9fc0113d1177,verified
input,source-intake/navier-stokes/20260909/annular-raw-volterra-C3-normal-reconstruction/canonical_N512_dt2_T0.3_time_jets_poly9_normal_curvature.npz,research-programme/reproducibility/20260909/source-intake/navier-stokes/20260909/annular-raw-volterra-C3-normal-reconstruction/canonical_N512_dt2_T0.3_time_jets_poly9_normal_curvature.npz,1263232,ee95aa5793214fe4217cf3db29a8c335e120b1442514920c0a78231e721f8833,ee95aa5793214fe4217cf3db29a8c335e120b1442514920c0a78231e721f8833,ee95aa5793214fe4217cf3db29a8c335e120b1442514920c0a78231e721f8833,verified
input,source-intake/navier-stokes/20260909/annular-raw-volterra-C3-normal-reconstruction/nonlinear_modulated_N128_dt1_T0.1_time_jets_poly7_normal_curvature.npz,research-programme/reproducibility/20260909/source-intake/navier-stokes/20260909/annular-raw-volterra-C3-normal-reconstruction/nonlinear_modulated_N128_dt1_T0.1_time_jets_poly7_normal_curvature.npz,323200,eb632fc8c455709b90483eceaf16add00a017db4020f9adf8cda87a104ead810,eb632fc8c455709b90483eceaf16add00a017db4020f9adf8cda87a104ead810,eb632fc8c455709b90483eceaf16add00a017db4020f9adf8cda87a104ead810,verified
input,source-intake/navier-stokes/20260909/annular-raw-volterra-C3-normal-reconstruction/nonlinear_modulated_N128_dt1_T0.1_time_jets_poly9_normal_curvature.npz,research-programme/reproducibility/20260909/source-intake/navier-stokes/20260909/annular-raw-volterra-C3-normal-reconstruction/nonlinear_modulated_N128_dt1_T0.1_time_jets_poly9_normal_curvature.npz,323200,2ac76f0c9f905059da9b35a6beef5587126796dc2f08b82e004e21d854c478c0,2ac76f0c9f905059da9b35a6beef5587126796dc2f08b82e004e21d854c478c0,2ac76f0c9f905059da9b35a6beef5587126796dc2f08b82e004e21d854c478c0,verified
input,source-intake/navier-stokes/20260909/annular-raw-volterra-C3-normal-reconstruction/nonlinear_modulated_N128_dt1_T0.3_time_jets_poly7_normal_curvature.npz,research-programme/reproducibility/20260909/source-intake/navier-stokes/20260909/annular-raw-volterra-C3-normal-reconstruction/nonlinear_modulated_N128_dt1_T0.3_time_jets_poly7_normal_curvature.npz,323200,35760bf38c76ae953214e30bb3749a3e237b094ca18372363259fc93f9e3fa30,35760bf38c76ae953214e30bb3749a3e237b094ca18372363259fc93f9e3fa30,35760bf38c76ae953214e30bb3749a3e237b094ca18372363259fc93f9e3fa30,verified
input,source-intake/navier-stokes/20260909/annular-raw-volterra-C3-normal-reconstruction/nonlinear_modulated_N128_dt1_T0.3_time_jets_poly9_normal_curvature.npz,research-programme/reproducibility/20260909/source-intake/navier-stokes/20260909/annular-raw-volterra-C3-normal-reconstruction/nonlinear_modulated_N128_dt1_T0.3_time_jets_poly9_normal_curvature.npz,323200,3847103a33895040206da57ee04072bf54d260b615d2569015124b9c97cffc1d,3847103a33895040206da57ee04072bf54d260b615d2569015124b9c97cffc1d,3847103a33895040206da57ee04072bf54d260b615d2569015124b9c97cffc1d,verified
input,source-intake/navier-stokes/20260909/annular-raw-volterra-C3-normal-reconstruction/nonlinear_modulated_N256_dt1_T0.1_time_jets_poly7_normal_curvature.npz,research-programme/reproducibility/20260909/source-intake/navier-stokes/20260909/annular-raw-volterra-C3-normal-reconstruction/nonlinear_modulated_N256_dt1_T0.1_time_jets_poly7_normal_curvature.npz,636544,138e7fe72e12a226a21f97d3536da820eac98d4374a988371b6a50d2d3f2cdc7,138e7fe72e12a226a21f97d3536da820eac98d4374a988371b6a50d2d3f2cdc7,138e7fe72e12a226a21f97d3536da820eac98d4374a988371b6a50d2d3f2cdc7,verified
input,source-intake/navier-stokes/20260909/annular-raw-volterra-C3-normal-reconstruction/nonlinear_modulated_N256_dt1_T0.1_time_jets_poly9_normal_curvature.npz,research-programme/reproducibility/20260909/source-intake/navier-stokes/20260909/annular-raw-volterra-C3-normal-reconstruction/nonlinear_modulated_N256_dt1_T0.1_time_jets_poly9_normal_curvature.npz,636544,f775d9ece98c2db7b7e9b393a3558fee9dabeea29875aaa850c158b0651553de,f775d9ece98c2db7b7e9b393a3558fee9dabeea29875aaa850c158b0651553de,f775d9ece98c2db7b7e9b393a3558fee9dabeea29875aaa850c158b0651553de,verified
input,source-intake/navier-stokes/20260909/annular-raw-volterra-C3-normal-reconstruction/nonlinear_modulated_N256_dt1_T0.3_time_jets_poly7_normal_curvature.npz,research-programme/reproducibility/20260909/source-intake/navier-stokes/20260909/annular-raw-volterra-C3-normal-reconstruction/nonlinear_modulated_N256_dt1_T0.3_time_jets_poly7_normal_curvature.npz,636544,73ad355dbb16fa59ddb76e32c1d0b63357f505aa6be77cabeb55fd70c29f8e34,73ad355dbb16fa59ddb76e32c1d0b63357f505aa6be77cabeb55fd70c29f8e34,73ad355dbb16fa59ddb76e32c1d0b63357f505aa6be77cabeb55fd70c29f8e34,verified
input,source-intake/navier-stokes/20260909/annular-raw-volterra-C3-normal-reconstruction/nonlinear_modulated_N256_dt1_T0.3_time_jets_poly9_normal_curvature.npz,research-programme/reproducibility/20260909/source-intake/navier-stokes/20260909/annular-raw-volterra-C3-normal-reconstruction/nonlinear_modulated_N256_dt1_T0.3_time_jets_poly9_normal_curvature.npz,636544,a0c57eefed54dddff84166f0bf08b141976ea639aeccd1e3aa6469d274c9bbc6,a0c57eefed54dddff84166f0bf08b141976ea639aeccd1e3aa6469d274c9bbc6,a0c57eefed54dddff84166f0bf08b141976ea639aeccd1e3aa6469d274c9bbc6,verified
input,source-intake/navier-stokes/20260909/annular-raw-volterra-C3-normal-reconstruction/nonlinear_modulated_N512_dt2_T0.1_time_jets_poly7_normal_curvature.npz,research-programme/reproducibility/20260909/source-intake/navier-stokes/20260909/annular-raw-volterra-C3-normal-reconstruction/nonlinear_modulated_N512_dt2_T0.1_time_jets_poly7_normal_curvature.npz,1263232,ed2ddf319f1faf94cf7c60a7e98fea9de0cb3617abbb45bd29dedb5cdb25921e,ed2ddf319f1faf94cf7c60a7e98fea9de0cb3617abbb45bd29dedb5cdb25921e,ed2ddf319f1faf94cf7c60a7e98fea9de0cb3617abbb45bd29dedb5cdb25921e,verified
input,source-intake/navier-stokes/20260909/annular-raw-volterra-C3-normal-reconstruction/nonlinear_modulated_N512_dt2_T0.1_time_jets_poly9_normal_curvature.npz,research-programme/reproducibility/20260909/source-intake/navier-stokes/20260909/annular-raw-volterra-C3-normal-reconstruction/nonlinear_modulated_N512_dt2_T0.1_time_jets_poly9_normal_curvature.npz,1263232,00571390778c401fb195f8c046e45d80d3e8bc1351cca77c7536560c30229259,00571390778c401fb195f8c046e45d80d3e8bc1351cca77c7536560c30229259,00571390778c401fb195f8c046e45d80d3e8bc1351cca77c7536560c30229259,verified
input,source-intake/navier-stokes/20260909/annular-raw-volterra-C3-normal-reconstruction/nonlinear_modulated_N512_dt2_T0.3_time_jets_poly7_normal_curvature.npz,research-programme/reproducibility/20260909/source-intake/navier-stokes/20260909/annular-raw-volterra-C3-normal-reconstruction/nonlinear_modulated_N512_dt2_T0.3_time_jets_poly7_normal_curvature.npz,1263232,3d2d8a977eb31937da2a27003e30fa474b62288db985e0294104ed68e1fdd5a4,3d2d8a977eb31937da2a27003e30fa474b62288db985e0294104ed68e1fdd5a4,3d2d8a977eb31937da2a27003e30fa474b62288db985e0294104ed68e1fdd5a4,verified
input,source-intake/navier-stokes/20260909/annular-raw-volterra-C3-normal-reconstruction/nonlinear_modulated_N512_dt2_T0.3_time_jets_poly9_normal_curvature.npz,research-programme/reproducibility/20260909/source-intake/navier-stokes/20260909/annular-raw-volterra-C3-normal-reconstruction/nonlinear_modulated_N512_dt2_T0.3_time_jets_poly9_normal_curvature.npz,1263232,5257957adf8ddf444f8c28793fd8493792f44f42966532bddae7e89a100e0e87,5257957adf8ddf444f8c28793fd8493792f44f42966532bddae7e89a100e0e87,5257957adf8ddf444f8c28793fd8493792f44f42966532bddae7e89a100e0e87,verified
input,source-intake/navier-stokes/20260909/annular-raw-volterra-C3-time-jets-preflight/canonical_N128_dt1_T0.1_time_jets.npz,research-programme/reproducibility/20260909/source-intake/navier-stokes/20260909/annular-raw-volterra-C3-time-jets-preflight/canonical_N128_dt1_T0.1_time_jets.npz,54062,700b2b756090d339d648fc771babb822c1d3e9613318ab87226387aa9796c534,700b2b756090d339d648fc771babb822c1d3e9613318ab87226387aa9796c534,700b2b756090d339d648fc771babb822c1d3e9613318ab87226387aa9796c534,verified
input,source-intake/navier-stokes/20260909/annular-raw-volterra-C3-time-jets-preflight/canonical_N128_dt1_T0.3_time_jets.npz,research-programme/reproducibility/20260909/source-intake/navier-stokes/20260909/annular-raw-volterra-C3-time-jets-preflight/canonical_N128_dt1_T0.3_time_jets.npz,54062,c3471d54095128615b71ae1122816a06862f46878f5f4449b3bb249961a1222b,c3471d54095128615b71ae1122816a06862f46878f5f4449b3bb249961a1222b,c3471d54095128615b71ae1122816a06862f46878f5f4449b3bb249961a1222b,verified
input,source-intake/navier-stokes/20260909/annular-raw-volterra-C3-time-jets-preflight/canonical_N256_dt1_T0.1_time_jets.npz,research-programme/reproducibility/20260909/source-intake/navier-stokes/20260909/annular-raw-volterra-C3-time-jets-preflight/canonical_N256_dt1_T0.1_time_jets.npz,106286,759b40cecb1b3bcf351b1cab58296e9f50d7173d5dca3262de596facb4fa7670,759b40cecb1b3bcf351b1cab58296e9f50d7173d5dca3262de596facb4fa7670,759b40cecb1b3bcf351b1cab58296e9f50d7173d5dca3262de596facb4fa7670,verified
input,source-intake/navier-stokes/20260909/annular-raw-volterra-C3-time-jets-preflight/canonical_N256_dt1_T0.3_time_jets.npz,research-programme/reproducibility/20260909/source-intake/navier-stokes/20260909/annular-raw-volterra-C3-time-jets-preflight/canonical_N256_dt1_T0.3_time_jets.npz,106286,4a3c8bffcf69425ac3f03e5f285f842012700c0c3e26fd51b89309d72a515e1c,4a3c8bffcf69425ac3f03e5f285f842012700c0c3e26fd51b89309d72a515e1c,4a3c8bffcf69425ac3f03e5f285f842012700c0c3e26fd51b89309d72a515e1c,verified
input,source-intake/navier-stokes/20260909/annular-raw-volterra-C3-time-jets-preflight/canonical_N512_dt2_T0.1_time_jets.npz,research-programme/reproducibility/20260909/source-intake/navier-stokes/20260909/annular-raw-volterra-C3-time-jets-preflight/canonical_N512_dt2_T0.1_time_jets.npz,210734,402233cc71aafac8794ec90efadc634cac5d3ed5f933af438d91e70299f8dfb7,402233cc71aafac8794ec90efadc634cac5d3ed5f933af438d91e70299f8dfb7,402233cc71aafac8794ec90efadc634cac5d3ed5f933af438d91e70299f8dfb7,verified
input,source-intake/navier-stokes/20260909/annular-raw-volterra-C3-time-jets-preflight/canonical_N512_dt2_T0.3_time_jets.npz,research-programme/reproducibility/20260909/source-intake/navier-stokes/20260909/annular-raw-volterra-C3-time-jets-preflight/canonical_N512_dt2_T0.3_time_jets.npz,210734,7a06d1e199a32f7621344f40c5563d8e44d85c5923872378e2693362cd8de0e2,7a06d1e199a32f7621344f40c5563d8e44d85c5923872378e2693362cd8de0e2,7a06d1e199a32f7621344f40c5563d8e44d85c5923872378e2693362cd8de0e2,verified
input,source-intake/navier-stokes/20260909/annular-raw-volterra-C3-time-jets-preflight/nonlinear_modulated_N128_dt1_T0.1_time_jets.npz,research-programme/reproducibility/20260909/source-intake/navier-stokes/20260909/annular-raw-volterra-C3-time-jets-preflight/nonlinear_modulated_N128_dt1_T0.1_time_jets.npz,54062,fd198b7b2471687ccb2abc964d786a00c545a9b9b6986e27b84ddffdaf48d708,fd198b7b2471687ccb2abc964d786a00c545a9b9b6986e27b84ddffdaf48d708,fd198b7b2471687ccb2abc964d786a00c545a9b9b6986e27b84ddffdaf48d708,verified
input,source-intake/navier-stokes/20260909/annular-raw-volterra-C3-time-jets-preflight/nonlinear_modulated_N128_dt1_T0.3_time_jets.npz,research-programme/reproducibility/20260909/source-intake/navier-stokes/20260909/annular-raw-volterra-C3-time-jets-preflight/nonlinear_modulated_N128_dt1_T0.3_time_jets.npz,54062,6e570f8acd1ae53891ee8ac46268e4762d0b69206793e671be493e1eb18a4761,6e570f8acd1ae53891ee8ac46268e4762d0b69206793e671be493e1eb18a4761,6e570f8acd1ae53891ee8ac46268e4762d0b69206793e671be493e1eb18a4761,verified
input,source-intake/navier-stokes/20260909/annular-raw-volterra-C3-time-jets-preflight/nonlinear_modulated_N256_dt1_T0.1_time_jets.npz,research-programme/reproducibility/20260909/source-intake/navier-stokes/20260909/annular-raw-volterra-C3-time-jets-preflight/nonlinear_modulated_N256_dt1_T0.1_time_jets.npz,106286,0eb5be20920f2c96776d362f6727e053f8a39c8a7ef2fbec8e5f78709508d6c2,0eb5be20920f2c96776d362f6727e053f8a39c8a7ef2fbec8e5f78709508d6c2,0eb5be20920f2c96776d362f6727e053f8a39c8a7ef2fbec8e5f78709508d6c2,verified
input,source-intake/navier-stokes/20260909/annular-raw-volterra-C3-time-jets-preflight/nonlinear_modulated_N256_dt1_T0.3_time_jets.npz,research-programme/reproducibility/20260909/source-intake/navier-stokes/20260909/annular-raw-volterra-C3-time-jets-preflight/nonlinear_modulated_N256_dt1_T0.3_time_jets.npz,106286,afd72a3d1b5c5eba1e3b5831f6de258c8c4ba3a5f346b9358e20e357c01bc03e,afd72a3d1b5c5eba1e3b5831f6de258c8c4ba3a5f346b9358e20e357c01bc03e,afd72a3d1b5c5eba1e3b5831f6de258c8c4ba3a5f346b9358e20e357c01bc03e,verified
input,source-intake/navier-stokes/20260909/annular-raw-volterra-C3-time-jets-preflight/nonlinear_modulated_N512_dt2_T0.1_time_jets.npz,research-programme/reproducibility/20260909/source-intake/navier-stokes/20260909/annular-raw-volterra-C3-time-jets-preflight/nonlinear_modulated_N512_dt2_T0.1_time_jets.npz,210734,61c7ae7b854e54d51dcd89f14907ff632691069706916a06a2c5104f5bf91bb9,61c7ae7b854e54d51dcd89f14907ff632691069706916a06a2c5104f5bf91bb9,61c7ae7b854e54d51dcd89f14907ff632691069706916a06a2c5104f5bf91bb9,verified
input,source-intake/navier-stokes/20260909/annular-raw-volterra-C3-time-jets-preflight/nonlinear_modulated_N512_dt2_T0.3_time_jets.npz,research-programme/reproducibility/20260909/source-intake/navier-stokes/20260909/annular-raw-volterra-C3-time-jets-preflight/nonlinear_modulated_N512_dt2_T0.3_time_jets.npz,210734,38730a6c30210bee4881d2b4eda7f06168304225bc7aef56d5857182e8a6b24d,38730a6c30210bee4881d2b4eda7f06168304225bc7aef56d5857182e8a6b24d,38730a6c30210bee4881d2b4eda7f06168304225bc7aef56d5857182e8a6b24d,verified
input,scripts/derive_annular_compatible_current_time_jets_20260909.py,research-programme/reproducibility/20260909/scripts/derive_annular_compatible_current_time_jets_20260909.py,18200,240903791d5541f3ac39087e51c27a164e965289fe56872d75a4b7c027301e7a,240903791d5541f3ac39087e51c27a164e965289fe56872d75a4b7c027301e7a,240903791d5541f3ac39087e51c27a164e965289fe56872d75a4b7c027301e7a,verified
input,scripts/annular_compatible_current_restoring_20260909.py,research-programme/reproducibility/20260909/scripts/annular_compatible_current_restoring_20260909.py,2806,c2e15990fb70e4e0587e63f8f0182831b0a4185003cdcd295db97af9027d4051,c2e15990fb70e4e0587e63f8f0182831b0a4185003cdcd295db97af9027d4051,c2e15990fb70e4e0587e63f8f0182831b0a4185003cdcd295db97af9027d4051,verified
input,scripts/annular_compatible_current_time_jets_20260909.py,research-programme/reproducibility/20260909/scripts/annular_compatible_current_time_jets_20260909.py,1323,7196c06480d61c3c05acb00dff5795a61e284d0b7f7414d98c6298830a984ed9,7196c06480d61c3c05acb00dff5795a61e284d0b7f7414d98c6298830a984ed9,7196c06480d61c3c05acb00dff5795a61e284d0b7f7414d98c6298830a984ed9,verified
input,scripts/annular_compatible_current_rhs_20260909.py,research-programme/reproducibility/20260909/scripts/annular_compatible_current_rhs_20260909.py,2156,48cdf585d23f7d4b9f83d71cf91f2e09bfe93d76da362cdbc15fc104d7718a41,48cdf585d23f7d4b9f83d71cf91f2e09bfe93d76da362cdbc15fc104d7718a41,48cdf585d23f7d4b9f83d71cf91f2e09bfe93d76da362cdbc15fc104d7718a41,verified
input,scripts/derive_annular_compatible_current_timestep_20260909.py,research-programme/reproducibility/20260909/scripts/derive_annular_compatible_current_timestep_20260909.py,9344,245dad181bf8926ab5fc2270a1741eef3197f02256b40d721bb2665bbda6ce5c,245dad181bf8926ab5fc2270a1741eef3197f02256b40d721bb2665bbda6ce5c,245dad181bf8926ab5fc2270a1741eef3197f02256b40d721bb2665bbda6ce5c,verified
input,source-intake/navier-stokes/20260909/annular-compatible-current-time-jets-preflight/status.json,research-programme/reproducibility/20260909/source-intake/navier-stokes/20260909/annular-compatible-current-time-jets-preflight/status.json,168310,39726b79032cf4e621cdd623a4f38e5da8e55addcc0a54788572f3e842bda83d,39726b79032cf4e621cdd623a4f38e5da8e55addcc0a54788572f3e842bda83d,39726b79032cf4e621cdd623a4f38e5da8e55addcc0a54788572f3e842bda83d,verified
input,source-intake/navier-stokes/20260909/annular-compatible-current-timestep-qualified/status.json,research-programme/reproducibility/20260909/source-intake/navier-stokes/20260909/annular-compatible-current-timestep-qualified/status.json,81450,20651f3a3f5fb973ed5cbe8e46b570c172648aea0f3e0632103ea3fdd59bcce1,20651f3a3f5fb973ed5cbe8e46b570c172648aea0f3e0632103ea3fdd59bcce1,20651f3a3f5fb973ed5cbe8e46b570c172648aea0f3e0632103ea3fdd59bcce1,verified
input,source-intake/navier-stokes/20260909/annular-compatible-current-restoring-smoke/status.json,research-programme/reproducibility/20260909/source-intake/navier-stokes/20260909/annular-compatible-current-restoring-smoke/status.json,121908,bbc54e848bd202b37f6b6b840f63a43294b94dc67ee6c523046b3e1cde8ba8b3,bbc54e848bd202b37f6b6b840f63a43294b94dc67ee6c523046b3e1cde8ba8b3,bbc54e848bd202b37f6b6b840f63a43294b94dc67ee6c523046b3e1cde8ba8b3,verified
input,source-intake/navier-stokes/20260909/annular-compatible-current-restoring-smoke/executed-script.py,research-programme/reproducibility/20260909/source-intake/navier-stokes/20260909/annular-compatible-current-restoring-smoke/executed-script.py,31455,edf0046dd6073b176185490cdd377debfa5f24d3270fff36a0f8e1584a5d87f0,edf0046dd6073b176185490cdd377debfa5f24d3270fff36a0f8e1584a5d87f0,edf0046dd6073b176185490cdd377debfa5f24d3270fff36a0f8e1584a5d87f0,verified
input,source-intake/navier-stokes/20260909/annular-compatible-current-restoring-smoke/canonical_N32_dt1_T0.1.npz,research-programme/reproducibility/20260909/source-intake/navier-stokes/20260909/annular-compatible-current-restoring-smoke/canonical_N32_dt1_T0.1.npz,12730,abd7d8683ec89bba1b1f1285d36af8c26ea866d2d4cac215716ce539d499f9bb,abd7d8683ec89bba1b1f1285d36af8c26ea866d2d4cac215716ce539d499f9bb,abd7d8683ec89bba1b1f1285d36af8c26ea866d2d4cac215716ce539d499f9bb,verified
input,source-intake/navier-stokes/20260909/annular-compatible-current-restoring-smoke/canonical_N32_dt1_T0.3.npz,research-programme/reproducibility/20260909/source-intake/navier-stokes/20260909/annular-compatible-current-restoring-smoke/canonical_N32_dt1_T0.3.npz,12730,952683734d213a4cbe8492a4f29fd65a3804e9fa5d42f0de9737d706214eb7e6,952683734d213a4cbe8492a4f29fd65a3804e9fa5d42f0de9737d706214eb7e6,952683734d213a4cbe8492a4f29fd65a3804e9fa5d42f0de9737d706214eb7e6,verified
input,source-intake/navier-stokes/20260909/annular-compatible-current-restoring-smoke/canonical_N64_dt1_T0.1.npz,research-programme/reproducibility/20260909/source-intake/navier-stokes/20260909/annular-compatible-current-restoring-smoke/canonical_N64_dt1_T0.1.npz,21946,92216ebb1c0fd9c4599b4e2631d33bca36dcadbe3980b6585c65e6e927f59fc3,92216ebb1c0fd9c4599b4e2631d33bca36dcadbe3980b6585c65e6e927f59fc3,92216ebb1c0fd9c4599b4e2631d33bca36dcadbe3980b6585c65e6e927f59fc3,verified
input,source-intake/navier-stokes/20260909/annular-compatible-current-restoring-smoke/canonical_N64_dt1_T0.3.npz,research-programme/reproducibility/20260909/source-intake/navier-stokes/20260909/annular-compatible-current-restoring-smoke/canonical_N64_dt1_T0.3.npz,21946,a8e320d7fa32f0860886ef9ed29bdb406dce2b6e4f94a61faf871b0a5d892023,a8e320d7fa32f0860886ef9ed29bdb406dce2b6e4f94a61faf871b0a5d892023,a8e320d7fa32f0860886ef9ed29bdb406dce2b6e4f94a61faf871b0a5d892023,verified
input,source-intake/navier-stokes/20260909/annular-compatible-current-restoring-smoke/canonical_N128_dt2_T0.1.npz,research-programme/reproducibility/20260909/source-intake/navier-stokes/20260909/annular-compatible-current-restoring-smoke/canonical_N128_dt2_T0.1.npz,40378,f1a32355780d7032a1312860df15ec92d9647cf08b3d64706c4ae4a6ff24db29,f1a32355780d7032a1312860df15ec92d9647cf08b3d64706c4ae4a6ff24db29,f1a32355780d7032a1312860df15ec92d9647cf08b3d64706c4ae4a6ff24db29,verified
input,source-intake/navier-stokes/20260909/annular-compatible-current-restoring-smoke/canonical_N128_dt2_T0.3.npz,research-programme/reproducibility/20260909/source-intake/navier-stokes/20260909/annular-compatible-current-restoring-smoke/canonical_N128_dt2_T0.3.npz,40378,902b1a630444d3f397e32bdb84bbd6881b6bc4d845be3a55591ce0536c9992f2,902b1a630444d3f397e32bdb84bbd6881b6bc4d845be3a55591ce0536c9992f2,902b1a630444d3f397e32bdb84bbd6881b6bc4d845be3a55591ce0536c9992f2,verified
input,source-intake/navier-stokes/20260909/annular-compatible-current-restoring-smoke/nonlinear_modulated_N32_dt1_T0.1.npz,research-programme/reproducibility/20260909/source-intake/navier-stokes/20260909/annular-compatible-current-restoring-smoke/nonlinear_modulated_N32_dt1_T0.1.npz,12730,a74a116daf917487f08e7294f2679d3bd1a1cbea5d937cf885e311a7b45a6c8f,a74a116daf917487f08e7294f2679d3bd1a1cbea5d937cf885e311a7b45a6c8f,a74a116daf917487f08e7294f2679d3bd1a1cbea5d937cf885e311a7b45a6c8f,verified
input,source-intake/navier-stokes/20260909/annular-compatible-current-restoring-smoke/nonlinear_modulated_N32_dt1_T0.3.npz,research-programme/reproducibility/20260909/source-intake/navier-stokes/20260909/annular-compatible-current-restoring-smoke/nonlinear_modulated_N32_dt1_T0.3.npz,12730,6a2628a973b1889e228d7aa079ced679cfa21e77a818961ed54d6a1af2967feb,6a2628a973b1889e228d7aa079ced679cfa21e77a818961ed54d6a1af2967feb,6a2628a973b1889e228d7aa079ced679cfa21e77a818961ed54d6a1af2967feb,verified
input,source-intake/navier-stokes/20260909/annular-compatible-current-restoring-smoke/nonlinear_modulated_N64_dt1_T0.1.npz,research-programme/reproducibility/20260909/source-intake/navier-stokes/20260909/annular-compatible-current-restoring-smoke/nonlinear_modulated_N64_dt1_T0.1.npz,21946,8e8ae6f335de7bb4882ff9a7c65efd0bc6d1ede19e01f75ee270c26debee9b61,8e8ae6f335de7bb4882ff9a7c65efd0bc6d1ede19e01f75ee270c26debee9b61,8e8ae6f335de7bb4882ff9a7c65efd0bc6d1ede19e01f75ee270c26debee9b61,verified
input,source-intake/navier-stokes/20260909/annular-compatible-current-restoring-smoke/nonlinear_modulated_N64_dt1_T0.3.npz,research-programme/reproducibility/20260909/source-intake/navier-stokes/20260909/annular-compatible-current-restoring-smoke/nonlinear_modulated_N64_dt1_T0.3.npz,21946,bcd9264824952fba8e08212f90c9bac7e09121f197b3c186ca75493ab91453d5,bcd9264824952fba8e08212f90c9bac7e09121f197b3c186ca75493ab91453d5,bcd9264824952fba8e08212f90c9bac7e09121f197b3c186ca75493ab91453d5,verified
input,source-intake/navier-stokes/20260909/annular-compatible-current-restoring-smoke/nonlinear_modulated_N128_dt2_T0.1.npz,research-programme/reproducibility/20260909/source-intake/navier-stokes/20260909/annular-compatible-current-restoring-smoke/nonlinear_modulated_N128_dt2_T0.1.npz,40378,2b49e0520f8f67e8ed902935052d85affaf657ea241cbe4e03adb0c667b0f0c1,2b49e0520f8f67e8ed902935052d85affaf657ea241cbe4e03adb0c667b0f0c1,2b49e0520f8f67e8ed902935052d85affaf657ea241cbe4e03adb0c667b0f0c1,verified
input,source-intake/navier-stokes/20260909/annular-compatible-current-restoring-smoke/nonlinear_modulated_N128_dt2_T0.3.npz,research-programme/reproducibility/20260909/source-intake/navier-stokes/20260909/annular-compatible-current-restoring-smoke/nonlinear_modulated_N128_dt2_T0.3.npz,40378,b463fde85ed83d7ccd0bac37916f62912ebb14671250ff603203c3380a2df8f3,b463fde85ed83d7ccd0bac37916f62912ebb14671250ff603203c3380a2df8f3,b463fde85ed83d7ccd0bac37916f62912ebb14671250ff603203c3380a2df8f3,verified
input,source-intake/navier-stokes/20260909/annular-compatible-current-matched-baseline/status.json,research-programme/reproducibility/20260909/source-intake/navier-stokes/20260909/annular-compatible-current-matched-baseline/status.json,116887,607ed5c37a059495dc64ba481c57b573ead72efbf249ac8f02a68dac11495746,607ed5c37a059495dc64ba481c57b573ead72efbf249ac8f02a68dac11495746,607ed5c37a059495dc64ba481c57b573ead72efbf249ac8f02a68dac11495746,verified
input,source-intake/navier-stokes/20260909/annular-compatible-current-matched-baseline/executed-script.py,research-programme/reproducibility/20260909/source-intake/navier-stokes/20260909/annular-compatible-current-matched-baseline/executed-script.py,31455,edf0046dd6073b176185490cdd377debfa5f24d3270fff36a0f8e1584a5d87f0,edf0046dd6073b176185490cdd377debfa5f24d3270fff36a0f8e1584a5d87f0,edf0046dd6073b176185490cdd377debfa5f24d3270fff36a0f8e1584a5d87f0,verified
input,scripts/derive_annular_compatible_baseline_time_jets_20260909.py,research-programme/reproducibility/20260909/scripts/derive_annular_compatible_baseline_time_jets_20260909.py,10800,f74bc5b5570b13264c7852e0e92fc84786daf5773ecc7e60461a5ada6cba4908,f74bc5b5570b13264c7852e0e92fc84786daf5773ecc7e60461a5ada6cba4908,f74bc5b5570b13264c7852e0e92fc84786daf5773ecc7e60461a5ada6cba4908,verified
input,source-intake/navier-stokes/20260909/annular-compatible-current-matched-baseline/canonical_N32_dt1_T0.1.npz,research-programme/reproducibility/20260909/source-intake/navier-stokes/20260909/annular-compatible-current-matched-baseline/canonical_N32_dt1_T0.1.npz,12730,53841e1f2b29a5f29cad85c94e7dd2dc32ed95eaf99e6c4fe603154b21d815e5,53841e1f2b29a5f29cad85c94e7dd2dc32ed95eaf99e6c4fe603154b21d815e5,53841e1f2b29a5f29cad85c94e7dd2dc32ed95eaf99e6c4fe603154b21d815e5,verified
input,source-intake/navier-stokes/20260909/annular-compatible-current-matched-baseline/canonical_N32_dt1_T0.3.npz,research-programme/reproducibility/20260909/source-intake/navier-stokes/20260909/annular-compatible-current-matched-baseline/canonical_N32_dt1_T0.3.npz,12730,392207698da0c62beabe22d6e79e8f90e96596710cc4bdb1c907c4d5be0672ae,392207698da0c62beabe22d6e79e8f90e96596710cc4bdb1c907c4d5be0672ae,392207698da0c62beabe22d6e79e8f90e96596710cc4bdb1c907c4d5be0672ae,verified
input,source-intake/navier-stokes/20260909/annular-compatible-current-matched-baseline/canonical_N64_dt1_T0.1.npz,research-programme/reproducibility/20260909/source-intake/navier-stokes/20260909/annular-compatible-current-matched-baseline/canonical_N64_dt1_T0.1.npz,21946,eb5e1961bf890ea0f7d19d079194e65b93b3e5f9ddea366bf2a905b09ea53c65,eb5e1961bf890ea0f7d19d079194e65b93b3e5f9ddea366bf2a905b09ea53c65,eb5e1961bf890ea0f7d19d079194e65b93b3e5f9ddea366bf2a905b09ea53c65,verified
input,source-intake/navier-stokes/20260909/annular-compatible-current-matched-baseline/canonical_N64_dt1_T0.3.npz,research-programme/reproducibility/20260909/source-intake/navier-stokes/20260909/annular-compatible-current-matched-baseline/canonical_N64_dt1_T0.3.npz,21946,fa4033c4392f1ccb98e00a6d3ff985b2356ceefc41e5c95401c666f5b741c038,fa4033c4392f1ccb98e00a6d3ff985b2356ceefc41e5c95401c666f5b741c038,fa4033c4392f1ccb98e00a6d3ff985b2356ceefc41e5c95401c666f5b741c038,verified
input,source-intake/navier-stokes/20260909/annular-compatible-current-matched-baseline/canonical_N128_dt2_T0.1.npz,research-programme/reproducibility/20260909/source-intake/navier-stokes/20260909/annular-compatible-current-matched-baseline/canonical_N128_dt2_T0.1.npz,40378,2df094da4b87ee511105c75aeb73f3c359f009576f0f495935319cea38329d79,2df094da4b87ee511105c75aeb73f3c359f009576f0f495935319cea38329d79,2df094da4b87ee511105c75aeb73f3c359f009576f0f495935319cea38329d79,verified
input,source-intake/navier-stokes/20260909/annular-compatible-current-matched-baseline/canonical_N128_dt2_T0.3.npz,research-programme/reproducibility/20260909/source-intake/navier-stokes/20260909/annular-compatible-current-matched-baseline/canonical_N128_dt2_T0.3.npz,40378,e97405c6be53d530cab45ae80f2e0da81986fdfb785ead1a399c3ced5c670197,e97405c6be53d530cab45ae80f2e0da81986fdfb785ead1a399c3ced5c670197,e97405c6be53d530cab45ae80f2e0da81986fdfb785ead1a399c3ced5c670197,verified
input,source-intake/navier-stokes/20260909/annular-compatible-current-matched-baseline/nonlinear_modulated_N32_dt1_T0.1.npz,research-programme/reproducibility/20260909/source-intake/navier-stokes/20260909/annular-compatible-current-matched-baseline/nonlinear_modulated_N32_dt1_T0.1.npz,12730,9ae8cee9d0a629a377f74fec3ccac153ae505f0dae6d965df8e22cf479ff25df,9ae8cee9d0a629a377f74fec3ccac153ae505f0dae6d965df8e22cf479ff25df,9ae8cee9d0a629a377f74fec3ccac153ae505f0dae6d965df8e22cf479ff25df,verified
input,source-intake/navier-stokes/20260909/annular-compatible-current-matched-baseline/nonlinear_modulated_N32_dt1_T0.3.npz,research-programme/reproducibility/20260909/source-intake/navier-stokes/20260909/annular-compatible-current-matched-baseline/nonlinear_modulated_N32_dt1_T0.3.npz,12730,517b07356ffc161005e83078fd5def3e537018568e6d95056c00f27363cfd197,517b07356ffc161005e83078fd5def3e537018568e6d95056c00f27363cfd197,517b07356ffc161005e83078fd5def3e537018568e6d95056c00f27363cfd197,verified
input,source-intake/navier-stokes/20260909/annular-compatible-current-matched-baseline/nonlinear_modulated_N64_dt1_T0.1.npz,research-programme/reproducibility/20260909/source-intake/navier-stokes/20260909/annular-compatible-current-matched-baseline/nonlinear_modulated_N64_dt1_T0.1.npz,21946,d32d1d6e0bf9f686c202b3cbc5e549a3221d2703c976e794ddd44669dae6eef9,d32d1d6e0bf9f686c202b3cbc5e549a3221d2703c976e794ddd44669dae6eef9,d32d1d6e0bf9f686c202b3cbc5e549a3221d2703c976e794ddd44669dae6eef9,verified
input,source-intake/navier-stokes/20260909/annular-compatible-current-matched-baseline/nonlinear_modulated_N64_dt1_T0.3.npz,research-programme/reproducibility/20260909/source-intake/navier-stokes/20260909/annular-compatible-current-matched-baseline/nonlinear_modulated_N64_dt1_T0.3.npz,21946,213e851503495a91ea2869a5f9213d36300c52a272ace6172be3872304e0d64e,213e851503495a91ea2869a5f9213d36300c52a272ace6172be3872304e0d64e,213e851503495a91ea2869a5f9213d36300c52a272ace6172be3872304e0d64e,verified
input,source-intake/navier-stokes/20260909/annular-compatible-current-matched-baseline/nonlinear_modulated_N128_dt2_T0.1.npz,research-programme/reproducibility/20260909/source-intake/navier-stokes/20260909/annular-compatible-current-matched-baseline/nonlinear_modulated_N128_dt2_T0.1.npz,40378,db974f2b4c366df7bf09a23f3a52388dab7b1070f2d60e1281ae45d63c57bf98,db974f2b4c366df7bf09a23f3a52388dab7b1070f2d60e1281ae45d63c57bf98,db974f2b4c366df7bf09a23f3a52388dab7b1070f2d60e1281ae45d63c57bf98,verified
input,source-intake/navier-stokes/20260909/annular-compatible-current-matched-baseline/nonlinear_modulated_N128_dt2_T0.3.npz,research-programme/reproducibility/20260909/source-intake/navier-stokes/20260909/annular-compatible-current-matched-baseline/nonlinear_modulated_N128_dt2_T0.3.npz,40378,50b3c0786bc6a16546d3c26631e4ab10b7fbd312a8da0f3377ffaa1ab4e2bd91,50b3c0786bc6a16546d3c26631e4ab10b7fbd312a8da0f3377ffaa1ab4e2bd91,50b3c0786bc6a16546d3c26631e4ab10b7fbd312a8da0f3377ffaa1ab4e2bd91,verified
input,source-intake/navier-stokes/20260909/annular-compatible-current-time-jets-trajectory/status.json,research-programme/reproducibility/20260909/source-intake/navier-stokes/20260909/annular-compatible-current-time-jets-trajectory/status.json,174740,717a56af94b111e0d3969bd7748e8857a55647c9c3514681f4f779500a4e0f1a,717a56af94b111e0d3969bd7748e8857a55647c9c3514681f4f779500a4e0f1a,717a56af94b111e0d3969bd7748e8857a55647c9c3514681f4f779500a4e0f1a,verified
input,source-intake/navier-stokes/20260909/annular-compatible-current-time-jets-trajectory/executed-script.py,research-programme/reproducibility/20260909/source-intake/navier-stokes/20260909/annular-compatible-current-time-jets-trajectory/executed-script.py,18200,240903791d5541f3ac39087e51c27a164e965289fe56872d75a4b7c027301e7a,240903791d5541f3ac39087e51c27a164e965289fe56872d75a4b7c027301e7a,240903791d5541f3ac39087e51c27a164e965289fe56872d75a4b7c027301e7a,verified
input,scripts/derive_annular_compatible_smoke_normal_reconstruction_20260909.py,research-programme/reproducibility/20260909/scripts/derive_annular_compatible_smoke_normal_reconstruction_20260909.py,16683,7bbc11cd295f551ffc88a6bb420b24b39d8ace571035293fc3c510fa1536539c,7bbc11cd295f551ffc88a6bb420b24b39d8ace571035293fc3c510fa1536539c,7bbc11cd295f551ffc88a6bb420b24b39d8ace571035293fc3c510fa1536539c,verified
input,source-intake/navier-stokes/20260909/annular-compatible-current-time-jets-trajectory/canonical_N32_dt1_T0.1_time_jets.npz,research-programme/reproducibility/20260909/source-intake/navier-stokes/20260909/annular-compatible-current-time-jets-trajectory/canonical_N32_dt1_T0.1_time_jets.npz,14894,d48ee99a95f0ab0a4f34c1ba383aaa1500e759ec4617dd43978fc4abbbed966e,d48ee99a95f0ab0a4f34c1ba383aaa1500e759ec4617dd43978fc4abbbed966e,d48ee99a95f0ab0a4f34c1ba383aaa1500e759ec4617dd43978fc4abbbed966e,verified
input,source-intake/navier-stokes/20260909/annular-compatible-current-time-jets-trajectory/canonical_N32_dt1_T0.3_time_jets.npz,research-programme/reproducibility/20260909/source-intake/navier-stokes/20260909/annular-compatible-current-time-jets-trajectory/canonical_N32_dt1_T0.3_time_jets.npz,14894,d7e088780039b00340aca2a293e94f393019a2f2a8219bb8c0a25ea3420a31f6,d7e088780039b00340aca2a293e94f393019a2f2a8219bb8c0a25ea3420a31f6,d7e088780039b00340aca2a293e94f393019a2f2a8219bb8c0a25ea3420a31f6,verified
input,source-intake/navier-stokes/20260909/annular-compatible-current-time-jets-trajectory/canonical_N64_dt1_T0.1_time_jets.npz,research-programme/reproducibility/20260909/source-intake/navier-stokes/20260909/annular-compatible-current-time-jets-trajectory/canonical_N64_dt1_T0.1_time_jets.npz,27950,dd6c7696c57b0bdd5719284db6bfa8525e81ab69761228707ff264c725628098,dd6c7696c57b0bdd5719284db6bfa8525e81ab69761228707ff264c725628098,dd6c7696c57b0bdd5719284db6bfa8525e81ab69761228707ff264c725628098,verified
input,source-intake/navier-stokes/20260909/annular-compatible-current-time-jets-trajectory/canonical_N64_dt1_T0.3_time_jets.npz,research-programme/reproducibility/20260909/source-intake/navier-stokes/20260909/annular-compatible-current-time-jets-trajectory/canonical_N64_dt1_T0.3_time_jets.npz,27950,336c67bea2cbd64487063e16c64b722e0feecf483832f59bf8837daecc67c917,336c67bea2cbd64487063e16c64b722e0feecf483832f59bf8837daecc67c917,336c67bea2cbd64487063e16c64b722e0feecf483832f59bf8837daecc67c917,verified
input,source-intake/navier-stokes/20260909/annular-compatible-current-time-jets-trajectory/canonical_N128_dt2_T0.1_time_jets.npz,research-programme/reproducibility/20260909/source-intake/navier-stokes/20260909/annular-compatible-current-time-jets-trajectory/canonical_N128_dt2_T0.1_time_jets.npz,54062,52b550802381931e0c2dcefb2040dd34f9dcfae6d544ea259cb1fe3e1ed30242,52b550802381931e0c2dcefb2040dd34f9dcfae6d544ea259cb1fe3e1ed30242,52b550802381931e0c2dcefb2040dd34f9dcfae6d544ea259cb1fe3e1ed30242,verified
input,source-intake/navier-stokes/20260909/annular-compatible-current-time-jets-trajectory/canonical_N128_dt2_T0.3_time_jets.npz,research-programme/reproducibility/20260909/source-intake/navier-stokes/20260909/annular-compatible-current-time-jets-trajectory/canonical_N128_dt2_T0.3_time_jets.npz,54062,3a6d80e71155943508d4536fcb717306cd617e968e40e081333585dd94e8ef4a,3a6d80e71155943508d4536fcb717306cd617e968e40e081333585dd94e8ef4a,3a6d80e71155943508d4536fcb717306cd617e968e40e081333585dd94e8ef4a,verified
input,source-intake/navier-stokes/20260909/annular-compatible-current-time-jets-trajectory/nonlinear_modulated_N32_dt1_T0.1_time_jets.npz,research-programme/reproducibility/20260909/source-intake/navier-stokes/20260909/annular-compatible-current-time-jets-trajectory/nonlinear_modulated_N32_dt1_T0.1_time_jets.npz,14894,b03b3b40a6a0a60a717021d09d3198fb4cb68266ff9d49463cc28bf9f7f95fb1,b03b3b40a6a0a60a717021d09d3198fb4cb68266ff9d49463cc28bf9f7f95fb1,b03b3b40a6a0a60a717021d09d3198fb4cb68266ff9d49463cc28bf9f7f95fb1,verified
input,source-intake/navier-stokes/20260909/annular-compatible-current-time-jets-trajectory/nonlinear_modulated_N32_dt1_T0.3_time_jets.npz,research-programme/reproducibility/20260909/source-intake/navier-stokes/20260909/annular-compatible-current-time-jets-trajectory/nonlinear_modulated_N32_dt1_T0.3_time_jets.npz,14894,3ac595b90526ce899653aa17c7303a5d5655138b78c622facd97d586cd30e37f,3ac595b90526ce899653aa17c7303a5d5655138b78c622facd97d586cd30e37f,3ac595b90526ce899653aa17c7303a5d5655138b78c622facd97d586cd30e37f,verified
input,source-intake/navier-stokes/20260909/annular-compatible-current-time-jets-trajectory/nonlinear_modulated_N64_dt1_T0.1_time_jets.npz,research-programme/reproducibility/20260909/source-intake/navier-stokes/20260909/annular-compatible-current-time-jets-trajectory/nonlinear_modulated_N64_dt1_T0.1_time_jets.npz,27950,94ed052c1fdd7d80e50f81f614845595f24ca231bbf6128050f2dbd04dde3587,94ed052c1fdd7d80e50f81f614845595f24ca231bbf6128050f2dbd04dde3587,94ed052c1fdd7d80e50f81f614845595f24ca231bbf6128050f2dbd04dde3587,verified
input,source-intake/navier-stokes/20260909/annular-compatible-current-time-jets-trajectory/nonlinear_modulated_N64_dt1_T0.3_time_jets.npz,research-programme/reproducibility/20260909/source-intake/navier-stokes/20260909/annular-compatible-current-time-jets-trajectory/nonlinear_modulated_N64_dt1_T0.3_time_jets.npz,27950,c4b6a9c991caf6bd47c67fd30ef193b545d7552d3bb8f614a7f1493735b19e1c,c4b6a9c991caf6bd47c67fd30ef193b545d7552d3bb8f614a7f1493735b19e1c,c4b6a9c991caf6bd47c67fd30ef193b545d7552d3bb8f614a7f1493735b19e1c,verified
input,source-intake/navier-stokes/20260909/annular-compatible-current-time-jets-trajectory/nonlinear_modulated_N128_dt2_T0.1_time_jets.npz,research-programme/reproducibility/20260909/source-intake/navier-stokes/20260909/annular-compatible-current-time-jets-trajectory/nonlinear_modulated_N128_dt2_T0.1_time_jets.npz,54062,a583c4a2a5bcaf0943426d99a48a8cac007a7f74a8893288199c9479facd857f,a583c4a2a5bcaf0943426d99a48a8cac007a7f74a8893288199c9479facd857f,a583c4a2a5bcaf0943426d99a48a8cac007a7f74a8893288199c9479facd857f,verified
input,source-intake/navier-stokes/20260909/annular-compatible-current-time-jets-trajectory/nonlinear_modulated_N128_dt2_T0.3_time_jets.npz,research-programme/reproducibility/20260909/source-intake/navier-stokes/20260909/annular-compatible-current-time-jets-trajectory/nonlinear_modulated_N128_dt2_T0.3_time_jets.npz,54062,b1a898095821f54808927cc91ea7716fbae959bb19d38e755ab5781ca7180467,b1a898095821f54808927cc91ea7716fbae959bb19d38e755ab5781ca7180467,b1a898095821f54808927cc91ea7716fbae959bb19d38e755ab5781ca7180467,verified
input,source-intake/navier-stokes/20260909/annular-compatible-baseline-time-jets/status.json,research-programme/reproducibility/20260909/source-intake/navier-stokes/20260909/annular-compatible-baseline-time-jets/status.json,166624,9e1e80de6f14e5b3ca3541195aced2da9c259bc69fb194038ae97c12844c4e2d,9e1e80de6f14e5b3ca3541195aced2da9c259bc69fb194038ae97c12844c4e2d,9e1e80de6f14e5b3ca3541195aced2da9c259bc69fb194038ae97c12844c4e2d,verified
input,source-intake/navier-stokes/20260909/annular-compatible-baseline-time-jets/executed-script.py,research-programme/reproducibility/20260909/source-intake/navier-stokes/20260909/annular-compatible-baseline-time-jets/executed-script.py,10800,f74bc5b5570b13264c7852e0e92fc84786daf5773ecc7e60461a5ada6cba4908,f74bc5b5570b13264c7852e0e92fc84786daf5773ecc7e60461a5ada6cba4908,f74bc5b5570b13264c7852e0e92fc84786daf5773ecc7e60461a5ada6cba4908,verified
input,source-intake/navier-stokes/20260909/annular-compatible-baseline-time-jets/canonical_N32_dt1_T0.1_time_jets.npz,research-programme/reproducibility/20260909/source-intake/navier-stokes/20260909/annular-compatible-baseline-time-jets/canonical_N32_dt1_T0.1_time_jets.npz,14894,8be944cd3ad3c31547fa5ef428dff48a1bc80f32809781baf8a5cd365df0e0a6,8be944cd3ad3c31547fa5ef428dff48a1bc80f32809781baf8a5cd365df0e0a6,8be944cd3ad3c31547fa5ef428dff48a1bc80f32809781baf8a5cd365df0e0a6,verified
input,source-intake/navier-stokes/20260909/annular-compatible-baseline-time-jets/canonical_N32_dt1_T0.3_time_jets.npz,research-programme/reproducibility/20260909/source-intake/navier-stokes/20260909/annular-compatible-baseline-time-jets/canonical_N32_dt1_T0.3_time_jets.npz,14894,50458adc986b6d337c8fd5cc0f33a7fb2e795521dc5432f25ec4fd3b5bf7c71c,50458adc986b6d337c8fd5cc0f33a7fb2e795521dc5432f25ec4fd3b5bf7c71c,50458adc986b6d337c8fd5cc0f33a7fb2e795521dc5432f25ec4fd3b5bf7c71c,verified
input,source-intake/navier-stokes/20260909/annular-compatible-baseline-time-jets/canonical_N64_dt1_T0.1_time_jets.npz,research-programme/reproducibility/20260909/source-intake/navier-stokes/20260909/annular-compatible-baseline-time-jets/canonical_N64_dt1_T0.1_time_jets.npz,27950,1589251e1a664ed8268ecca59a1bc6bcad6522b59abf281e0b18f55ab29dbfaf,1589251e1a664ed8268ecca59a1bc6bcad6522b59abf281e0b18f55ab29dbfaf,1589251e1a664ed8268ecca59a1bc6bcad6522b59abf281e0b18f55ab29dbfaf,verified
input,source-intake/navier-stokes/20260909/annular-compatible-baseline-time-jets/canonical_N64_dt1_T0.3_time_jets.npz,research-programme/reproducibility/20260909/source-intake/navier-stokes/20260909/annular-compatible-baseline-time-jets/canonical_N64_dt1_T0.3_time_jets.npz,27950,e2699ef9304e8435c47cb2e7a7e29f108c20ba7ff1bb81cde0e1bc98dd65a7d1,e2699ef9304e8435c47cb2e7a7e29f108c20ba7ff1bb81cde0e1bc98dd65a7d1,e2699ef9304e8435c47cb2e7a7e29f108c20ba7ff1bb81cde0e1bc98dd65a7d1,verified
input,source-intake/navier-stokes/20260909/annular-compatible-baseline-time-jets/canonical_N128_dt2_T0.1_time_jets.npz,research-programme/reproducibility/20260909/source-intake/navier-stokes/20260909/annular-compatible-baseline-time-jets/canonical_N128_dt2_T0.1_time_jets.npz,54062,1463f74fa3632f393635fe1007af649d7c77fa33de191e1f96500cffdf644875,1463f74fa3632f393635fe1007af649d7c77fa33de191e1f96500cffdf644875,1463f74fa3632f393635fe1007af649d7c77fa33de191e1f96500cffdf644875,verified
input,source-intake/navier-stokes/20260909/annular-compatible-baseline-time-jets/canonical_N128_dt2_T0.3_time_jets.npz,research-programme/reproducibility/20260909/source-intake/navier-stokes/20260909/annular-compatible-baseline-time-jets/canonical_N128_dt2_T0.3_time_jets.npz,54062,facabab56a50e8fb33fa957471f66edec4599b5fb4edf3ee65cfd2fd81854ab5,facabab56a50e8fb33fa957471f66edec4599b5fb4edf3ee65cfd2fd81854ab5,facabab56a50e8fb33fa957471f66edec4599b5fb4edf3ee65cfd2fd81854ab5,verified
input,source-intake/navier-stokes/20260909/annular-compatible-baseline-time-jets/nonlinear_modulated_N32_dt1_T0.1_time_jets.npz,research-programme/reproducibility/20260909/source-intake/navier-stokes/20260909/annular-compatible-baseline-time-jets/nonlinear_modulated_N32_dt1_T0.1_time_jets.npz,14894,3ec2c71ca07eecc260dd0b4bebefcdae7cd8cacc7b4e73e46b5a7261aac62fb7,3ec2c71ca07eecc260dd0b4bebefcdae7cd8cacc7b4e73e46b5a7261aac62fb7,3ec2c71ca07eecc260dd0b4bebefcdae7cd8cacc7b4e73e46b5a7261aac62fb7,verified
input,source-intake/navier-stokes/20260909/annular-compatible-baseline-time-jets/nonlinear_modulated_N32_dt1_T0.3_time_jets.npz,research-programme/reproducibility/20260909/source-intake/navier-stokes/20260909/annular-compatible-baseline-time-jets/nonlinear_modulated_N32_dt1_T0.3_time_jets.npz,14894,d3495bc66d621fde9eb1ba592071baf83e0b6ace110ac65594c6f7a8cc02cb81,d3495bc66d621fde9eb1ba592071baf83e0b6ace110ac65594c6f7a8cc02cb81,d3495bc66d621fde9eb1ba592071baf83e0b6ace110ac65594c6f7a8cc02cb81,verified
input,source-intake/navier-stokes/20260909/annular-compatible-baseline-time-jets/nonlinear_modulated_N64_dt1_T0.1_time_jets.npz,research-programme/reproducibility/20260909/source-intake/navier-stokes/20260909/annular-compatible-baseline-time-jets/nonlinear_modulated_N64_dt1_T0.1_time_jets.npz,27950,eaf1f9352824809cd83d8bf1f75890351ade42390cf8762c09ef8aabf8588478,eaf1f9352824809cd83d8bf1f75890351ade42390cf8762c09ef8aabf8588478,eaf1f9352824809cd83d8bf1f75890351ade42390cf8762c09ef8aabf8588478,verified
input,source-intake/navier-stokes/20260909/annular-compatible-baseline-time-jets/nonlinear_modulated_N64_dt1_T0.3_time_jets.npz,research-programme/reproducibility/20260909/source-intake/navier-stokes/20260909/annular-compatible-baseline-time-jets/nonlinear_modulated_N64_dt1_T0.3_time_jets.npz,27950,e3779e8cf1f454aa5ae0e07f28cdc4ffe75347b11bdb1cde2108e3f9e4e0fe4f,e3779e8cf1f454aa5ae0e07f28cdc4ffe75347b11bdb1cde2108e3f9e4e0fe4f,e3779e8cf1f454aa5ae0e07f28cdc4ffe75347b11bdb1cde2108e3f9e4e0fe4f,verified
input,source-intake/navier-stokes/20260909/annular-compatible-baseline-time-jets/nonlinear_modulated_N128_dt2_T0.1_time_jets.npz,research-programme/reproducibility/20260909/source-intake/navier-stokes/20260909/annular-compatible-baseline-time-jets/nonlinear_modulated_N128_dt2_T0.1_time_jets.npz,54062,323e2f6cfe7f9751450e9b48b6e996f6b400842b33633d59eaf0aa78101670eb,323e2f6cfe7f9751450e9b48b6e996f6b400842b33633d59eaf0aa78101670eb,323e2f6cfe7f9751450e9b48b6e996f6b400842b33633d59eaf0aa78101670eb,verified
input,source-intake/navier-stokes/20260909/annular-compatible-baseline-time-jets/nonlinear_modulated_N128_dt2_T0.3_time_jets.npz,research-programme/reproducibility/20260909/source-intake/navier-stokes/20260909/annular-compatible-baseline-time-jets/nonlinear_modulated_N128_dt2_T0.3_time_jets.npz,54062,53c01b182c7910550dbecdf9e350c923ee5f0131ff6c01c95700621fda514e5d,53c01b182c7910550dbecdf9e350c923ee5f0131ff6c01c95700621fda514e5d,53c01b182c7910550dbecdf9e350c923ee5f0131ff6c01c95700621fda514e5d,verified
input,scripts/compare_annular_compatible_current_smoke_20260909.py,research-programme/reproducibility/20260909/scripts/compare_annular_compatible_current_smoke_20260909.py,20109,acbdcf32890f81d61bf577cb89300669041432a3d4ee621c0942f160fd7d311e,acbdcf32890f81d61bf577cb89300669041432a3d4ee621c0942f160fd7d311e,acbdcf32890f81d61bf577cb89300669041432a3d4ee621c0942f160fd7d311e,verified
input,source-intake/navier-stokes/20260909/annular-compatible-smoke-normal-baseline/status.json,research-programme/reproducibility/20260909/source-intake/navier-stokes/20260909/annular-compatible-smoke-normal-baseline/status.json,200917,71d7263e7c621795f649a4dc49ae19c81d0316af9832dd4f19cd8b3ae166a19f,71d7263e7c621795f649a4dc49ae19c81d0316af9832dd4f19cd8b3ae166a19f,71d7263e7c621795f649a4dc49ae19c81d0316af9832dd4f19cd8b3ae166a19f,verified
input,source-intake/navier-stokes/20260909/annular-compatible-smoke-normal-baseline/executed-script.py,research-programme/reproducibility/20260909/source-intake/navier-stokes/20260909/annular-compatible-smoke-normal-baseline/executed-script.py,16683,7bbc11cd295f551ffc88a6bb420b24b39d8ace571035293fc3c510fa1536539c,7bbc11cd295f551ffc88a6bb420b24b39d8ace571035293fc3c510fa1536539c,7bbc11cd295f551ffc88a6bb420b24b39d8ace571035293fc3c510fa1536539c,verified
input,source-intake/navier-stokes/20260909/annular-compatible-smoke-normal-candidate/status.json,research-programme/reproducibility/20260909/source-intake/navier-stokes/20260909/annular-compatible-smoke-normal-candidate/status.json,200910,aa826097b3e6cd4207a6032505640828a969b33e3c7243c3569fb93055ae3a14,aa826097b3e6cd4207a6032505640828a969b33e3c7243c3569fb93055ae3a14,aa826097b3e6cd4207a6032505640828a969b33e3c7243c3569fb93055ae3a14,verified
input,source-intake/navier-stokes/20260909/annular-compatible-smoke-normal-candidate/executed-script.py,research-programme/reproducibility/20260909/source-intake/navier-stokes/20260909/annular-compatible-smoke-normal-candidate/executed-script.py,16683,7bbc11cd295f551ffc88a6bb420b24b39d8ace571035293fc3c510fa1536539c,7bbc11cd295f551ffc88a6bb420b24b39d8ace571035293fc3c510fa1536539c,7bbc11cd295f551ffc88a6bb420b24b39d8ace571035293fc3c510fa1536539c,verified
input,source-intake/navier-stokes/20260909/annular-compatible-smoke-normal-baseline/canonical_N32_dt1_T0.1_time_jets_poly7_normal_curvature.npz,research-programme/reproducibility/20260909/source-intake/navier-stokes/20260909/annular-compatible-smoke-normal-baseline/canonical_N32_dt1_T0.1_time_jets_poly7_normal_curvature.npz,88192,e05b3ffdcd17f87c06a1a4a8757689f4b201fd7f31319e354d91327b60ceceba,e05b3ffdcd17f87c06a1a4a8757689f4b201fd7f31319e354d91327b60ceceba,e05b3ffdcd17f87c06a1a4a8757689f4b201fd7f31319e354d91327b60ceceba,verified
input,source-intake/navier-stokes/20260909/annular-compatible-smoke-normal-baseline/canonical_N32_dt1_T0.1_time_jets_poly9_normal_curvature.npz,research-programme/reproducibility/20260909/source-intake/navier-stokes/20260909/annular-compatible-smoke-normal-baseline/canonical_N32_dt1_T0.1_time_jets_poly9_normal_curvature.npz,88192,64ec2f08c2cc8edf7c98c5a98c93b2dc2e8192f06c908faac0f5fe5de0243bdb,64ec2f08c2cc8edf7c98c5a98c93b2dc2e8192f06c908faac0f5fe5de0243bdb,64ec2f08c2cc8edf7c98c5a98c93b2dc2e8192f06c908faac0f5fe5de0243bdb,verified
input,source-intake/navier-stokes/20260909/annular-compatible-smoke-normal-baseline/canonical_N32_dt1_T0.3_time_jets_poly7_normal_curvature.npz,research-programme/reproducibility/20260909/source-intake/navier-stokes/20260909/annular-compatible-smoke-normal-baseline/canonical_N32_dt1_T0.3_time_jets_poly7_normal_curvature.npz,88192,1ddfa8a2ecdaab4db7a10d70b8b6438adf883acc70bda359e34f86980120f3ac,1ddfa8a2ecdaab4db7a10d70b8b6438adf883acc70bda359e34f86980120f3ac,1ddfa8a2ecdaab4db7a10d70b8b6438adf883acc70bda359e34f86980120f3ac,verified
input,source-intake/navier-stokes/20260909/annular-compatible-smoke-normal-baseline/canonical_N32_dt1_T0.3_time_jets_poly9_normal_curvature.npz,research-programme/reproducibility/20260909/source-intake/navier-stokes/20260909/annular-compatible-smoke-normal-baseline/canonical_N32_dt1_T0.3_time_jets_poly9_normal_curvature.npz,88192,406233f1cb1ea818cdc5bbbdfdb612d21590e51d23243fda2e550c1490e6fd0a,406233f1cb1ea818cdc5bbbdfdb612d21590e51d23243fda2e550c1490e6fd0a,406233f1cb1ea818cdc5bbbdfdb612d21590e51d23243fda2e550c1490e6fd0a,verified
input,source-intake/navier-stokes/20260909/annular-compatible-smoke-normal-baseline/canonical_N64_dt1_T0.1_time_jets_poly7_normal_curvature.npz,research-programme/reproducibility/20260909/source-intake/navier-stokes/20260909/annular-compatible-smoke-normal-baseline/canonical_N64_dt1_T0.1_time_jets_poly7_normal_curvature.npz,166528,c170af5e7d7b5a39037086513f3acc2f8ce8126f6ff0fa1b1c72f3c926e09c78,c170af5e7d7b5a39037086513f3acc2f8ce8126f6ff0fa1b1c72f3c926e09c78,c170af5e7d7b5a39037086513f3acc2f8ce8126f6ff0fa1b1c72f3c926e09c78,verified
input,source-intake/navier-stokes/20260909/annular-compatible-smoke-normal-baseline/canonical_N64_dt1_T0.1_time_jets_poly9_normal_curvature.npz,research-programme/reproducibility/20260909/source-intake/navier-stokes/20260909/annular-compatible-smoke-normal-baseline/canonical_N64_dt1_T0.1_time_jets_poly9_normal_curvature.npz,166528,131e9c08ebc48c7e22a164efe9f02ba6564fd2fc48db429e5332e0a238f90d22,131e9c08ebc48c7e22a164efe9f02ba6564fd2fc48db429e5332e0a238f90d22,131e9c08ebc48c7e22a164efe9f02ba6564fd2fc48db429e5332e0a238f90d22,verified
input,source-intake/navier-stokes/20260909/annular-compatible-smoke-normal-baseline/canonical_N64_dt1_T0.3_time_jets_poly7_normal_curvature.npz,research-programme/reproducibility/20260909/source-intake/navier-stokes/20260909/annular-compatible-smoke-normal-baseline/canonical_N64_dt1_T0.3_time_jets_poly7_normal_curvature.npz,166528,abb51422e8ebd9a0228d96fe3115b2cc41a1e5805142b47d90fd8bb0313cfbd6,abb51422e8ebd9a0228d96fe3115b2cc41a1e5805142b47d90fd8bb0313cfbd6,abb51422e8ebd9a0228d96fe3115b2cc41a1e5805142b47d90fd8bb0313cfbd6,verified
input,source-intake/navier-stokes/20260909/annular-compatible-smoke-normal-baseline/canonical_N64_dt1_T0.3_time_jets_poly9_normal_curvature.npz,research-programme/reproducibility/20260909/source-intake/navier-stokes/20260909/annular-compatible-smoke-normal-baseline/canonical_N64_dt1_T0.3_time_jets_poly9_normal_curvature.npz,166528,13057b8416d39f0784816cb2ad4874f46271ac3d9ea1463047d0c7f9fb8bfcac,13057b8416d39f0784816cb2ad4874f46271ac3d9ea1463047d0c7f9fb8bfcac,13057b8416d39f0784816cb2ad4874f46271ac3d9ea1463047d0c7f9fb8bfcac,verified
input,source-intake/navier-stokes/20260909/annular-compatible-smoke-normal-baseline/canonical_N128_dt2_T0.1_time_jets_poly7_normal_curvature.npz,research-programme/reproducibility/20260909/source-intake/navier-stokes/20260909/annular-compatible-smoke-normal-baseline/canonical_N128_dt2_T0.1_time_jets_poly7_normal_curvature.npz,323200,2fa671eb682f8d956db888078dac8eba91dd742092d1240891ba230f4d9ce6aa,2fa671eb682f8d956db888078dac8eba91dd742092d1240891ba230f4d9ce6aa,2fa671eb682f8d956db888078dac8eba91dd742092d1240891ba230f4d9ce6aa,verified
input,source-intake/navier-stokes/20260909/annular-compatible-smoke-normal-baseline/canonical_N128_dt2_T0.1_time_jets_poly9_normal_curvature.npz,research-programme/reproducibility/20260909/source-intake/navier-stokes/20260909/annular-compatible-smoke-normal-baseline/canonical_N128_dt2_T0.1_time_jets_poly9_normal_curvature.npz,323200,6a58fb2e8ed5383808320c5fc5442f41ad464dcdf3ad78fe7cb62f632732fc83,6a58fb2e8ed5383808320c5fc5442f41ad464dcdf3ad78fe7cb62f632732fc83,6a58fb2e8ed5383808320c5fc5442f41ad464dcdf3ad78fe7cb62f632732fc83,verified
input,source-intake/navier-stokes/20260909/annular-compatible-smoke-normal-baseline/canonical_N128_dt2_T0.3_time_jets_poly7_normal_curvature.npz,research-programme/reproducibility/20260909/source-intake/navier-stokes/20260909/annular-compatible-smoke-normal-baseline/canonical_N128_dt2_T0.3_time_jets_poly7_normal_curvature.npz,323200,e87f0d1187d3c5aa85162f2e511c60534bd61aa2f1e592e3f93b96d2432d723d,e87f0d1187d3c5aa85162f2e511c60534bd61aa2f1e592e3f93b96d2432d723d,e87f0d1187d3c5aa85162f2e511c60534bd61aa2f1e592e3f93b96d2432d723d,verified
input,source-intake/navier-stokes/20260909/annular-compatible-smoke-normal-baseline/canonical_N128_dt2_T0.3_time_jets_poly9_normal_curvature.npz,research-programme/reproducibility/20260909/source-intake/navier-stokes/20260909/annular-compatible-smoke-normal-baseline/canonical_N128_dt2_T0.3_time_jets_poly9_normal_curvature.npz,323200,ed1e32024d0df203b25681922cd1df8ddc2be7a30248ba836afc6b00ee3762bd,ed1e32024d0df203b25681922cd1df8ddc2be7a30248ba836afc6b00ee3762bd,ed1e32024d0df203b25681922cd1df8ddc2be7a30248ba836afc6b00ee3762bd,verified
input,source-intake/navier-stokes/20260909/annular-compatible-smoke-normal-baseline/nonlinear_modulated_N32_dt1_T0.1_time_jets_poly7_normal_curvature.npz,research-programme/reproducibility/20260909/source-intake/navier-stokes/20260909/annular-compatible-smoke-normal-baseline/nonlinear_modulated_N32_dt1_T0.1_time_jets_poly7_normal_curvature.npz,88192,7dd12e506bd7edb2760fbb6ea9126f43b972eefbbac5bfbbff36d9774b567b67,7dd12e506bd7edb2760fbb6ea9126f43b972eefbbac5bfbbff36d9774b567b67,7dd12e506bd7edb2760fbb6ea9126f43b972eefbbac5bfbbff36d9774b567b67,verified
input,source-intake/navier-stokes/20260909/annular-compatible-smoke-normal-baseline/nonlinear_modulated_N32_dt1_T0.1_time_jets_poly9_normal_curvature.npz,research-programme/reproducibility/20260909/source-intake/navier-stokes/20260909/annular-compatible-smoke-normal-baseline/nonlinear_modulated_N32_dt1_T0.1_time_jets_poly9_normal_curvature.npz,88192,4f26507f174c163ff87e43be1c446ea1c73534b2805166d8cd27631a9a1bf2b4,4f26507f174c163ff87e43be1c446ea1c73534b2805166d8cd27631a9a1bf2b4,4f26507f174c163ff87e43be1c446ea1c73534b2805166d8cd27631a9a1bf2b4,verified
input,source-intake/navier-stokes/20260909/annular-compatible-smoke-normal-baseline/nonlinear_modulated_N32_dt1_T0.3_time_jets_poly7_normal_curvature.npz,research-programme/reproducibility/20260909/source-intake/navier-stokes/20260909/annular-compatible-smoke-normal-baseline/nonlinear_modulated_N32_dt1_T0.3_time_jets_poly7_normal_curvature.npz,88192,a403397a2076414279ff1fcdf97c0ba8ccd5dd7cb03cd9859f7f0da421c2e9fc,a403397a2076414279ff1fcdf97c0ba8ccd5dd7cb03cd9859f7f0da421c2e9fc,a403397a2076414279ff1fcdf97c0ba8ccd5dd7cb03cd9859f7f0da421c2e9fc,verified
input,source-intake/navier-stokes/20260909/annular-compatible-smoke-normal-baseline/nonlinear_modulated_N32_dt1_T0.3_time_jets_poly9_normal_curvature.npz,research-programme/reproducibility/20260909/source-intake/navier-stokes/20260909/annular-compatible-smoke-normal-baseline/nonlinear_modulated_N32_dt1_T0.3_time_jets_poly9_normal_curvature.npz,88192,e69a9bedc58eea03c841d9762c400196f0b59e7452aa7f3f9c74d96e01f5044e,e69a9bedc58eea03c841d9762c400196f0b59e7452aa7f3f9c74d96e01f5044e,e69a9bedc58eea03c841d9762c400196f0b59e7452aa7f3f9c74d96e01f5044e,verified
input,source-intake/navier-stokes/20260909/annular-compatible-smoke-normal-baseline/nonlinear_modulated_N64_dt1_T0.1_time_jets_poly7_normal_curvature.npz,research-programme/reproducibility/20260909/source-intake/navier-stokes/20260909/annular-compatible-smoke-normal-baseline/nonlinear_modulated_N64_dt1_T0.1_time_jets_poly7_normal_curvature.npz,166528,16a77a0d77e20829d6b2d2bc66116a9a392a31576adf2347f3fd7157d0c7396e,16a77a0d77e20829d6b2d2bc66116a9a392a31576adf2347f3fd7157d0c7396e,16a77a0d77e20829d6b2d2bc66116a9a392a31576adf2347f3fd7157d0c7396e,verified
input,source-intake/navier-stokes/20260909/annular-compatible-smoke-normal-baseline/nonlinear_modulated_N64_dt1_T0.1_time_jets_poly9_normal_curvature.npz,research-programme/reproducibility/20260909/source-intake/navier-stokes/20260909/annular-compatible-smoke-normal-baseline/nonlinear_modulated_N64_dt1_T0.1_time_jets_poly9_normal_curvature.npz,166528,da316dfbb2017d937b006aaeee89a5e59ce1f81840f4551a63408a0a6b42d8f8,da316dfbb2017d937b006aaeee89a5e59ce1f81840f4551a63408a0a6b42d8f8,da316dfbb2017d937b006aaeee89a5e59ce1f81840f4551a63408a0a6b42d8f8,verified
input,source-intake/navier-stokes/20260909/annular-compatible-smoke-normal-baseline/nonlinear_modulated_N64_dt1_T0.3_time_jets_poly7_normal_curvature.npz,research-programme/reproducibility/20260909/source-intake/navier-stokes/20260909/annular-compatible-smoke-normal-baseline/nonlinear_modulated_N64_dt1_T0.3_time_jets_poly7_normal_curvature.npz,166528,bdb5d399a821ab2fdef520c65633b85b421fe3dc4aab83c197c3e1bfcbf13f1a,bdb5d399a821ab2fdef520c65633b85b421fe3dc4aab83c197c3e1bfcbf13f1a,bdb5d399a821ab2fdef520c65633b85b421fe3dc4aab83c197c3e1bfcbf13f1a,verified
input,source-intake/navier-stokes/20260909/annular-compatible-smoke-normal-baseline/nonlinear_modulated_N64_dt1_T0.3_time_jets_poly9_normal_curvature.npz,research-programme/reproducibility/20260909/source-intake/navier-stokes/20260909/annular-compatible-smoke-normal-baseline/nonlinear_modulated_N64_dt1_T0.3_time_jets_poly9_normal_curvature.npz,166528,aabd2a831b62a2a6d5529db996d47a7b87510286ec29cbae65965ba0291efa69,aabd2a831b62a2a6d5529db996d47a7b87510286ec29cbae65965ba0291efa69,aabd2a831b62a2a6d5529db996d47a7b87510286ec29cbae65965ba0291efa69,verified
input,source-intake/navier-stokes/20260909/annular-compatible-smoke-normal-baseline/nonlinear_modulated_N128_dt2_T0.1_time_jets_poly7_normal_curvature.npz,research-programme/reproducibility/20260909/source-intake/navier-stokes/20260909/annular-compatible-smoke-normal-baseline/nonlinear_modulated_N128_dt2_T0.1_time_jets_poly7_normal_curvature.npz,323200,4c8a68b7e6a88797d52f03783f4745e658fb5f86c8347a7df37b6fa9b2b2d125,4c8a68b7e6a88797d52f03783f4745e658fb5f86c8347a7df37b6fa9b2b2d125,4c8a68b7e6a88797d52f03783f4745e658fb5f86c8347a7df37b6fa9b2b2d125,verified
input,source-intake/navier-stokes/20260909/annular-compatible-smoke-normal-baseline/nonlinear_modulated_N128_dt2_T0.1_time_jets_poly9_normal_curvature.npz,research-programme/reproducibility/20260909/source-intake/navier-stokes/20260909/annular-compatible-smoke-normal-baseline/nonlinear_modulated_N128_dt2_T0.1_time_jets_poly9_normal_curvature.npz,323200,d94d5ef49e5bd48bc6510729be52fca94affd76a3a4a2987045372c7ecf610b7,d94d5ef49e5bd48bc6510729be52fca94affd76a3a4a2987045372c7ecf610b7,d94d5ef49e5bd48bc6510729be52fca94affd76a3a4a2987045372c7ecf610b7,verified
input,source-intake/navier-stokes/20260909/annular-compatible-smoke-normal-baseline/nonlinear_modulated_N128_dt2_T0.3_time_jets_poly7_normal_curvature.npz,research-programme/reproducibility/20260909/source-intake/navier-stokes/20260909/annular-compatible-smoke-normal-baseline/nonlinear_modulated_N128_dt2_T0.3_time_jets_poly7_normal_curvature.npz,323200,d92ba3229f7140c90ea327e0d2b583ecbc95d019cda8e7ee77bab21a6c3035ba,d92ba3229f7140c90ea327e0d2b583ecbc95d019cda8e7ee77bab21a6c3035ba,d92ba3229f7140c90ea327e0d2b583ecbc95d019cda8e7ee77bab21a6c3035ba,verified
input,source-intake/navier-stokes/20260909/annular-compatible-smoke-normal-baseline/nonlinear_modulated_N128_dt2_T0.3_time_jets_poly9_normal_curvature.npz,research-programme/reproducibility/20260909/source-intake/navier-stokes/20260909/annular-compatible-smoke-normal-baseline/nonlinear_modulated_N128_dt2_T0.3_time_jets_poly9_normal_curvature.npz,323200,d70fcd11f67707d05ac7812df63446e45d24ca95c0833bae40a338dfbbca2fad,d70fcd11f67707d05ac7812df63446e45d24ca95c0833bae40a338dfbbca2fad,d70fcd11f67707d05ac7812df63446e45d24ca95c0833bae40a338dfbbca2fad,verified
input,source-intake/navier-stokes/20260909/annular-compatible-smoke-normal-candidate/canonical_N32_dt1_T0.1_time_jets_poly7_normal_curvature.npz,research-programme/reproducibility/20260909/source-intake/navier-stokes/20260909/annular-compatible-smoke-normal-candidate/canonical_N32_dt1_T0.1_time_jets_poly7_normal_curvature.npz,88192,1399fe6083c6a1bc2ab2ab2f2d02590ced043d0cf4fabcbb10e61111b7826e6e,1399fe6083c6a1bc2ab2ab2f2d02590ced043d0cf4fabcbb10e61111b7826e6e,1399fe6083c6a1bc2ab2ab2f2d02590ced043d0cf4fabcbb10e61111b7826e6e,verified
input,source-intake/navier-stokes/20260909/annular-compatible-smoke-normal-candidate/canonical_N32_dt1_T0.1_time_jets_poly9_normal_curvature.npz,research-programme/reproducibility/20260909/source-intake/navier-stokes/20260909/annular-compatible-smoke-normal-candidate/canonical_N32_dt1_T0.1_time_jets_poly9_normal_curvature.npz,88192,72b9bc78cf38fb2d05fd24cf343c7ec480f5d5175483b7ae8598fddadcf0b0b3,72b9bc78cf38fb2d05fd24cf343c7ec480f5d5175483b7ae8598fddadcf0b0b3,72b9bc78cf38fb2d05fd24cf343c7ec480f5d5175483b7ae8598fddadcf0b0b3,verified
input,source-intake/navier-stokes/20260909/annular-compatible-smoke-normal-candidate/canonical_N32_dt1_T0.3_time_jets_poly7_normal_curvature.npz,research-programme/reproducibility/20260909/source-intake/navier-stokes/20260909/annular-compatible-smoke-normal-candidate/canonical_N32_dt1_T0.3_time_jets_poly7_normal_curvature.npz,88192,fa7fa21ca33cf9e13067668bdff0a48e47efdb9e0842ba1f3a399627f424317f,fa7fa21ca33cf9e13067668bdff0a48e47efdb9e0842ba1f3a399627f424317f,fa7fa21ca33cf9e13067668bdff0a48e47efdb9e0842ba1f3a399627f424317f,verified
input,source-intake/navier-stokes/20260909/annular-compatible-smoke-normal-candidate/canonical_N32_dt1_T0.3_time_jets_poly9_normal_curvature.npz,research-programme/reproducibility/20260909/source-intake/navier-stokes/20260909/annular-compatible-smoke-normal-candidate/canonical_N32_dt1_T0.3_time_jets_poly9_normal_curvature.npz,88192,34c7ae0ee702cd51c5642bd2f56ec4016f26a63bce283a294439115a1f04adc2,34c7ae0ee702cd51c5642bd2f56ec4016f26a63bce283a294439115a1f04adc2,34c7ae0ee702cd51c5642bd2f56ec4016f26a63bce283a294439115a1f04adc2,verified
input,source-intake/navier-stokes/20260909/annular-compatible-smoke-normal-candidate/canonical_N64_dt1_T0.1_time_jets_poly7_normal_curvature.npz,research-programme/reproducibility/20260909/source-intake/navier-stokes/20260909/annular-compatible-smoke-normal-candidate/canonical_N64_dt1_T0.1_time_jets_poly7_normal_curvature.npz,166528,ad96887f7e132e1b05e9a99c5769e59262afdfa884131189ec71ccf089d87bfd,ad96887f7e132e1b05e9a99c5769e59262afdfa884131189ec71ccf089d87bfd,ad96887f7e132e1b05e9a99c5769e59262afdfa884131189ec71ccf089d87bfd,verified
input,source-intake/navier-stokes/20260909/annular-compatible-smoke-normal-candidate/canonical_N64_dt1_T0.1_time_jets_poly9_normal_curvature.npz,research-programme/reproducibility/20260909/source-intake/navier-stokes/20260909/annular-compatible-smoke-normal-candidate/canonical_N64_dt1_T0.1_time_jets_poly9_normal_curvature.npz,166528,62859f81f85178670f08119b710f366c0b801fc30577b11c342c12f6483133e6,62859f81f85178670f08119b710f366c0b801fc30577b11c342c12f6483133e6,62859f81f85178670f08119b710f366c0b801fc30577b11c342c12f6483133e6,verified
input,source-intake/navier-stokes/20260909/annular-compatible-smoke-normal-candidate/canonical_N64_dt1_T0.3_time_jets_poly7_normal_curvature.npz,research-programme/reproducibility/20260909/source-intake/navier-stokes/20260909/annular-compatible-smoke-normal-candidate/canonical_N64_dt1_T0.3_time_jets_poly7_normal_curvature.npz,166528,4d7b4d7590ab96c6a5c4844f7ef65e10bbb551f3ffcec1e3dfe9180914a4defd,4d7b4d7590ab96c6a5c4844f7ef65e10bbb551f3ffcec1e3dfe9180914a4defd,4d7b4d7590ab96c6a5c4844f7ef65e10bbb551f3ffcec1e3dfe9180914a4defd,verified
input,source-intake/navier-stokes/20260909/annular-compatible-smoke-normal-candidate/canonical_N64_dt1_T0.3_time_jets_poly9_normal_curvature.npz,research-programme/reproducibility/20260909/source-intake/navier-stokes/20260909/annular-compatible-smoke-normal-candidate/canonical_N64_dt1_T0.3_time_jets_poly9_normal_curvature.npz,166528,03917d894f85b681491d7879a3dc2f3cf9b833eed686b89488797e524920e528,03917d894f85b681491d7879a3dc2f3cf9b833eed686b89488797e524920e528,03917d894f85b681491d7879a3dc2f3cf9b833eed686b89488797e524920e528,verified
input,source-intake/navier-stokes/20260909/annular-compatible-smoke-normal-candidate/canonical_N128_dt2_T0.1_time_jets_poly7_normal_curvature.npz,research-programme/reproducibility/20260909/source-intake/navier-stokes/20260909/annular-compatible-smoke-normal-candidate/canonical_N128_dt2_T0.1_time_jets_poly7_normal_curvature.npz,323200,72a8ab64b20b62433063bcd1c987c3789bac57c2f678505e6741e6bf72f4e527,72a8ab64b20b62433063bcd1c987c3789bac57c2f678505e6741e6bf72f4e527,72a8ab64b20b62433063bcd1c987c3789bac57c2f678505e6741e6bf72f4e527,verified
input,source-intake/navier-stokes/20260909/annular-compatible-smoke-normal-candidate/canonical_N128_dt2_T0.1_time_jets_poly9_normal_curvature.npz,research-programme/reproducibility/20260909/source-intake/navier-stokes/20260909/annular-compatible-smoke-normal-candidate/canonical_N128_dt2_T0.1_time_jets_poly9_normal_curvature.npz,323200,083d16c08b2693054afcc8d20a8f1612b2b1b02ceba46894ddf7d5bc716fdc1a,083d16c08b2693054afcc8d20a8f1612b2b1b02ceba46894ddf7d5bc716fdc1a,083d16c08b2693054afcc8d20a8f1612b2b1b02ceba46894ddf7d5bc716fdc1a,verified
input,source-intake/navier-stokes/20260909/annular-compatible-smoke-normal-candidate/canonical_N128_dt2_T0.3_time_jets_poly7_normal_curvature.npz,research-programme/reproducibility/20260909/source-intake/navier-stokes/20260909/annular-compatible-smoke-normal-candidate/canonical_N128_dt2_T0.3_time_jets_poly7_normal_curvature.npz,323200,0dea1137133aea9d74829df0efe8ae8874fdffe301e86636593cce28ee82d010,0dea1137133aea9d74829df0efe8ae8874fdffe301e86636593cce28ee82d010,0dea1137133aea9d74829df0efe8ae8874fdffe301e86636593cce28ee82d010,verified
input,source-intake/navier-stokes/20260909/annular-compatible-smoke-normal-candidate/canonical_N128_dt2_T0.3_time_jets_poly9_normal_curvature.npz,research-programme/reproducibility/20260909/source-intake/navier-stokes/20260909/annular-compatible-smoke-normal-candidate/canonical_N128_dt2_T0.3_time_jets_poly9_normal_curvature.npz,323200,6c2d104e21f84fb19296072590901b946042d31c46e4b819cf9e6ecf71c0df79,6c2d104e21f84fb19296072590901b946042d31c46e4b819cf9e6ecf71c0df79,6c2d104e21f84fb19296072590901b946042d31c46e4b819cf9e6ecf71c0df79,verified
input,source-intake/navier-stokes/20260909/annular-compatible-smoke-normal-candidate/nonlinear_modulated_N32_dt1_T0.1_time_jets_poly7_normal_curvature.npz,research-programme/reproducibility/20260909/source-intake/navier-stokes/20260909/annular-compatible-smoke-normal-candidate/nonlinear_modulated_N32_dt1_T0.1_time_jets_poly7_normal_curvature.npz,88192,a01c08cac565890a5314e1193ff5be1bdec407d8b0a648600b8bde06073b1475,a01c08cac565890a5314e1193ff5be1bdec407d8b0a648600b8bde06073b1475,a01c08cac565890a5314e1193ff5be1bdec407d8b0a648600b8bde06073b1475,verified
input,source-intake/navier-stokes/20260909/annular-compatible-smoke-normal-candidate/nonlinear_modulated_N32_dt1_T0.1_time_jets_poly9_normal_curvature.npz,research-programme/reproducibility/20260909/source-intake/navier-stokes/20260909/annular-compatible-smoke-normal-candidate/nonlinear_modulated_N32_dt1_T0.1_time_jets_poly9_normal_curvature.npz,88192,a02ec854eb3635cfbd959856ea30d158aff07a568b5873ebfae572a03dff9719,a02ec854eb3635cfbd959856ea30d158aff07a568b5873ebfae572a03dff9719,a02ec854eb3635cfbd959856ea30d158aff07a568b5873ebfae572a03dff9719,verified
input,source-intake/navier-stokes/20260909/annular-compatible-smoke-normal-candidate/nonlinear_modulated_N32_dt1_T0.3_time_jets_poly7_normal_curvature.npz,research-programme/reproducibility/20260909/source-intake/navier-stokes/20260909/annular-compatible-smoke-normal-candidate/nonlinear_modulated_N32_dt1_T0.3_time_jets_poly7_normal_curvature.npz,88192,24f64ed29fb4cdf6013483bfb9538c4baa1bf95106da3105d5f47c02c45f4440,24f64ed29fb4cdf6013483bfb9538c4baa1bf95106da3105d5f47c02c45f4440,24f64ed29fb4cdf6013483bfb9538c4baa1bf95106da3105d5f47c02c45f4440,verified
input,source-intake/navier-stokes/20260909/annular-compatible-smoke-normal-candidate/nonlinear_modulated_N32_dt1_T0.3_time_jets_poly9_normal_curvature.npz,research-programme/reproducibility/20260909/source-intake/navier-stokes/20260909/annular-compatible-smoke-normal-candidate/nonlinear_modulated_N32_dt1_T0.3_time_jets_poly9_normal_curvature.npz,88192,fe9e3573eea6853c27beb7c588adb8173d845cb22f61f9c767fd44fb0f119096,fe9e3573eea6853c27beb7c588adb8173d845cb22f61f9c767fd44fb0f119096,fe9e3573eea6853c27beb7c588adb8173d845cb22f61f9c767fd44fb0f119096,verified
input,source-intake/navier-stokes/20260909/annular-compatible-smoke-normal-candidate/nonlinear_modulated_N64_dt1_T0.1_time_jets_poly7_normal_curvature.npz,research-programme/reproducibility/20260909/source-intake/navier-stokes/20260909/annular-compatible-smoke-normal-candidate/nonlinear_modulated_N64_dt1_T0.1_time_jets_poly7_normal_curvature.npz,166528,41e74b4c1e4481fb788a521bb18066a2b6abeb2595909efd8612a307a57a5a26,41e74b4c1e4481fb788a521bb18066a2b6abeb2595909efd8612a307a57a5a26,41e74b4c1e4481fb788a521bb18066a2b6abeb2595909efd8612a307a57a5a26,verified
input,source-intake/navier-stokes/20260909/annular-compatible-smoke-normal-candidate/nonlinear_modulated_N64_dt1_T0.1_time_jets_poly9_normal_curvature.npz,research-programme/reproducibility/20260909/source-intake/navier-stokes/20260909/annular-compatible-smoke-normal-candidate/nonlinear_modulated_N64_dt1_T0.1_time_jets_poly9_normal_curvature.npz,166528,dd9e741cd67bd4a807d4893a749631af48f9e777c077c7e77f2b9c8e4ab13022,dd9e741cd67bd4a807d4893a749631af48f9e777c077c7e77f2b9c8e4ab13022,dd9e741cd67bd4a807d4893a749631af48f9e777c077c7e77f2b9c8e4ab13022,verified
input,source-intake/navier-stokes/20260909/annular-compatible-smoke-normal-candidate/nonlinear_modulated_N64_dt1_T0.3_time_jets_poly7_normal_curvature.npz,research-programme/reproducibility/20260909/source-intake/navier-stokes/20260909/annular-compatible-smoke-normal-candidate/nonlinear_modulated_N64_dt1_T0.3_time_jets_poly7_normal_curvature.npz,166528,7d30559347c63a96a8a2f3422399a64a89d115d4dd809c0d85a53dca50f27c5b,7d30559347c63a96a8a2f3422399a64a89d115d4dd809c0d85a53dca50f27c5b,7d30559347c63a96a8a2f3422399a64a89d115d4dd809c0d85a53dca50f27c5b,verified
input,source-intake/navier-stokes/20260909/annular-compatible-smoke-normal-candidate/nonlinear_modulated_N64_dt1_T0.3_time_jets_poly9_normal_curvature.npz,research-programme/reproducibility/20260909/source-intake/navier-stokes/20260909/annular-compatible-smoke-normal-candidate/nonlinear_modulated_N64_dt1_T0.3_time_jets_poly9_normal_curvature.npz,166528,731aed5200f1128f1b6b335e9ef76f885fbbc834deeeffc7781064bd1e9a6ffc,731aed5200f1128f1b6b335e9ef76f885fbbc834deeeffc7781064bd1e9a6ffc,731aed5200f1128f1b6b335e9ef76f885fbbc834deeeffc7781064bd1e9a6ffc,verified
input,source-intake/navier-stokes/20260909/annular-compatible-smoke-normal-candidate/nonlinear_modulated_N128_dt2_T0.1_time_jets_poly7_normal_curvature.npz,research-programme/reproducibility/20260909/source-intake/navier-stokes/20260909/annular-compatible-smoke-normal-candidate/nonlinear_modulated_N128_dt2_T0.1_time_jets_poly7_normal_curvature.npz,323200,e233973fa8fc88410b4c8ad75b2e5997615289b2440af0f55fba5163dcb8a7c5,e233973fa8fc88410b4c8ad75b2e5997615289b2440af0f55fba5163dcb8a7c5,e233973fa8fc88410b4c8ad75b2e5997615289b2440af0f55fba5163dcb8a7c5,verified
input,source-intake/navier-stokes/20260909/annular-compatible-smoke-normal-candidate/nonlinear_modulated_N128_dt2_T0.1_time_jets_poly9_normal_curvature.npz,research-programme/reproducibility/20260909/source-intake/navier-stokes/20260909/annular-compatible-smoke-normal-candidate/nonlinear_modulated_N128_dt2_T0.1_time_jets_poly9_normal_curvature.npz,323200,da90edd4f79a367cb2314fd9559c336d6fed5f27da9a35fc48f5a813bcc3f7b4,da90edd4f79a367cb2314fd9559c336d6fed5f27da9a35fc48f5a813bcc3f7b4,da90edd4f79a367cb2314fd9559c336d6fed5f27da9a35fc48f5a813bcc3f7b4,verified
input,source-intake/navier-stokes/20260909/annular-compatible-smoke-normal-candidate/nonlinear_modulated_N128_dt2_T0.3_time_jets_poly7_normal_curvature.npz,research-programme/reproducibility/20260909/source-intake/navier-stokes/20260909/annular-compatible-smoke-normal-candidate/nonlinear_modulated_N128_dt2_T0.3_time_jets_poly7_normal_curvature.npz,323200,5ad15c1433dc0eb853de2bc1a40e9229f815cb3e340b74b03138df8fe5625090,5ad15c1433dc0eb853de2bc1a40e9229f815cb3e340b74b03138df8fe5625090,5ad15c1433dc0eb853de2bc1a40e9229f815cb3e340b74b03138df8fe5625090,verified
input,source-intake/navier-stokes/20260909/annular-compatible-smoke-normal-candidate/nonlinear_modulated_N128_dt2_T0.3_time_jets_poly9_normal_curvature.npz,research-programme/reproducibility/20260909/source-intake/navier-stokes/20260909/annular-compatible-smoke-normal-candidate/nonlinear_modulated_N128_dt2_T0.3_time_jets_poly9_normal_curvature.npz,323200,727a6e47e270a9bcf9ee24348b891635af6a2ffb9962003712c42b9d07a4186f,727a6e47e270a9bcf9ee24348b891635af6a2ffb9962003712c42b9d07a4186f,727a6e47e270a9bcf9ee24348b891635af6a2ffb9962003712c42b9d07a4186f,verified
input,scripts/derive_annular_source_nodal_defect_floor_20260909.py,research-programme/reproducibility/20260909/scripts/derive_annular_source_nodal_defect_floor_20260909.py,10018,194ed8e91ad3dcbe9b64a8eaf140661ed5deedb8a7e8f21c2612389c7129b91e,194ed8e91ad3dcbe9b64a8eaf140661ed5deedb8a7e8f21c2612389c7129b91e,194ed8e91ad3dcbe9b64a8eaf140661ed5deedb8a7e8f21c2612389c7129b91e,verified
input,source-intake/navier-stokes/20260909/annular-compatible-current-smoke-comparison/status.json,research-programme/reproducibility/20260909/source-intake/navier-stokes/20260909/annular-compatible-current-smoke-comparison/status.json,287093,a28853047a756b5e4e7cf20d366c0d07960a9651744bf9b1fa6069993896796d,a28853047a756b5e4e7cf20d366c0d07960a9651744bf9b1fa6069993896796d,a28853047a756b5e4e7cf20d366c0d07960a9651744bf9b1fa6069993896796d,verified
input,scripts/run_annular_compatible_current_smoke_20260909.py,research-programme/reproducibility/20260909/scripts/run_annular_compatible_current_smoke_20260909.py,31455,edf0046dd6073b176185490cdd377debfa5f24d3270fff36a0f8e1584a5d87f0,edf0046dd6073b176185490cdd377debfa5f24d3270fff36a0f8e1584a5d87f0,edf0046dd6073b176185490cdd377debfa5f24d3270fff36a0f8e1584a5d87f0,verified
input,DERIVATION-20260909-scalar-current-passivity-and-unprojected-C3-test.md,research-programme/reproducibility/20260909/DERIVATION-20260909-scalar-current-passivity-and-unprojected-C3-test.md,15916,723621919ecdaa9a064f3128d74abad015cf2d2700fab235f7302a4c66d8538d,723621919ecdaa9a064f3128d74abad015cf2d2700fab235f7302a4c66d8538d,723621919ecdaa9a064f3128d74abad015cf2d2700fab235f7302a4c66d8538d,verified
input,DERIVATION-20260909-compatible-current-smoke-and-coupled-variation.md,research-programme/reproducibility/20260909/DERIVATION-20260909-compatible-current-smoke-and-coupled-variation.md,12390,94f45bfd713c0a7c2debe6145d846a22de9b0fb66a5878f056470287121a2b06,94f45bfd713c0a7c2debe6145d846a22de9b0fb66a5878f056470287121a2b06,94f45bfd713c0a7c2debe6145d846a22de9b0fb66a5878f056470287121a2b06,verified
input,source-intake/navier-stokes/20260909/annular-compatible-current-time-jets-preflight/canonical_N128_dt1_T0.1_time_jets.npz,research-programme/reproducibility/20260909/source-intake/navier-stokes/20260909/annular-compatible-current-time-jets-preflight/canonical_N128_dt1_T0.1_time_jets.npz,54062,706ecd28d33522e95fa305b266bc6cc5cd41370923c60abf6bfe4792f37b640f,706ecd28d33522e95fa305b266bc6cc5cd41370923c60abf6bfe4792f37b640f,706ecd28d33522e95fa305b266bc6cc5cd41370923c60abf6bfe4792f37b640f,verified
input,source-intake/navier-stokes/20260909/annular-compatible-current-time-jets-preflight/canonical_N128_dt1_T0.3_time_jets.npz,research-programme/reproducibility/20260909/source-intake/navier-stokes/20260909/annular-compatible-current-time-jets-preflight/canonical_N128_dt1_T0.3_time_jets.npz,54062,40765daa473c5f4c345ccb198703d326798201cb48cc9fb2918f80378a8d3e6e,40765daa473c5f4c345ccb198703d326798201cb48cc9fb2918f80378a8d3e6e,40765daa473c5f4c345ccb198703d326798201cb48cc9fb2918f80378a8d3e6e,verified
input,source-intake/navier-stokes/20260909/annular-compatible-current-time-jets-preflight/canonical_N256_dt1_T0.1_time_jets.npz,research-programme/reproducibility/20260909/source-intake/navier-stokes/20260909/annular-compatible-current-time-jets-preflight/canonical_N256_dt1_T0.1_time_jets.npz,106286,e2516c154558c9ef0eb6dd930d340b62e27c9515c1a2faed1c951df6807bd173,e2516c154558c9ef0eb6dd930d340b62e27c9515c1a2faed1c951df6807bd173,e2516c154558c9ef0eb6dd930d340b62e27c9515c1a2faed1c951df6807bd173,verified
input,source-intake/navier-stokes/20260909/annular-compatible-current-time-jets-preflight/canonical_N256_dt1_T0.3_time_jets.npz,research-programme/reproducibility/20260909/source-intake/navier-stokes/20260909/annular-compatible-current-time-jets-preflight/canonical_N256_dt1_T0.3_time_jets.npz,106286,53c7ab796973356984543c3eebd7cfe91b1a1adbf2847d67309547287b808db6,53c7ab796973356984543c3eebd7cfe91b1a1adbf2847d67309547287b808db6,53c7ab796973356984543c3eebd7cfe91b1a1adbf2847d67309547287b808db6,verified
input,source-intake/navier-stokes/20260909/annular-compatible-current-time-jets-preflight/canonical_N512_dt2_T0.1_time_jets.npz,research-programme/reproducibility/20260909/source-intake/navier-stokes/20260909/annular-compatible-current-time-jets-preflight/canonical_N512_dt2_T0.1_time_jets.npz,210734,b82532dfec58aac633a1b40d87904dd87685fdf7e091c27e6b4b3d4244f74f35,b82532dfec58aac633a1b40d87904dd87685fdf7e091c27e6b4b3d4244f74f35,b82532dfec58aac633a1b40d87904dd87685fdf7e091c27e6b4b3d4244f74f35,verified
input,source-intake/navier-stokes/20260909/annular-compatible-current-time-jets-preflight/canonical_N512_dt2_T0.3_time_jets.npz,research-programme/reproducibility/20260909/source-intake/navier-stokes/20260909/annular-compatible-current-time-jets-preflight/canonical_N512_dt2_T0.3_time_jets.npz,210734,0dbeb080e11bf054e514da241decfa5bec4aa47a4a8f2a90d43cb451da70f8c9,0dbeb080e11bf054e514da241decfa5bec4aa47a4a8f2a90d43cb451da70f8c9,0dbeb080e11bf054e514da241decfa5bec4aa47a4a8f2a90d43cb451da70f8c9,verified
input,source-intake/navier-stokes/20260909/annular-compatible-current-time-jets-preflight/nonlinear_modulated_N128_dt1_T0.1_time_jets.npz,research-programme/reproducibility/20260909/source-intake/navier-stokes/20260909/annular-compatible-current-time-jets-preflight/nonlinear_modulated_N128_dt1_T0.1_time_jets.npz,54062,56aee04990082383da84a2d277eb075d327b1a36531b107111092bf1312912b7,56aee04990082383da84a2d277eb075d327b1a36531b107111092bf1312912b7,56aee04990082383da84a2d277eb075d327b1a36531b107111092bf1312912b7,verified
input,source-intake/navier-stokes/20260909/annular-compatible-current-time-jets-preflight/nonlinear_modulated_N128_dt1_T0.3_time_jets.npz,research-programme/reproducibility/20260909/source-intake/navier-stokes/20260909/annular-compatible-current-time-jets-preflight/nonlinear_modulated_N128_dt1_T0.3_time_jets.npz,54062,4f86e938b5668be6d5f729291cf91d3cb6811a2d302232257a95cda5f49f2880,4f86e938b5668be6d5f729291cf91d3cb6811a2d302232257a95cda5f49f2880,4f86e938b5668be6d5f729291cf91d3cb6811a2d302232257a95cda5f49f2880,verified
input,source-intake/navier-stokes/20260909/annular-compatible-current-time-jets-preflight/nonlinear_modulated_N256_dt1_T0.1_time_jets.npz,research-programme/reproducibility/20260909/source-intake/navier-stokes/20260909/annular-compatible-current-time-jets-preflight/nonlinear_modulated_N256_dt1_T0.1_time_jets.npz,106286,5498a8a1a7d6c23fe34bccc20f95386e28496d8b3caf3f4775a5cee7d35fdb3b,5498a8a1a7d6c23fe34bccc20f95386e28496d8b3caf3f4775a5cee7d35fdb3b,5498a8a1a7d6c23fe34bccc20f95386e28496d8b3caf3f4775a5cee7d35fdb3b,verified
input,source-intake/navier-stokes/20260909/annular-compatible-current-time-jets-preflight/nonlinear_modulated_N256_dt1_T0.3_time_jets.npz,research-programme/reproducibility/20260909/source-intake/navier-stokes/20260909/annular-compatible-current-time-jets-preflight/nonlinear_modulated_N256_dt1_T0.3_time_jets.npz,106286,362df1817a963bf1d230e767ee88efe705f2a395aaf24f8e7063f9e0c750a741,362df1817a963bf1d230e767ee88efe705f2a395aaf24f8e7063f9e0c750a741,362df1817a963bf1d230e767ee88efe705f2a395aaf24f8e7063f9e0c750a741,verified
input,source-intake/navier-stokes/20260909/annular-compatible-current-time-jets-preflight/nonlinear_modulated_N512_dt2_T0.1_time_jets.npz,research-programme/reproducibility/20260909/source-intake/navier-stokes/20260909/annular-compatible-current-time-jets-preflight/nonlinear_modulated_N512_dt2_T0.1_time_jets.npz,210734,ba7598ec869a6277b7fc82213a6c2220cedd632f6ec1981d8c221fa5335fe7c5,ba7598ec869a6277b7fc82213a6c2220cedd632f6ec1981d8c221fa5335fe7c5,ba7598ec869a6277b7fc82213a6c2220cedd632f6ec1981d8c221fa5335fe7c5,verified
input,source-intake/navier-stokes/20260909/annular-compatible-current-time-jets-preflight/nonlinear_modulated_N512_dt2_T0.3_time_jets.npz,research-programme/reproducibility/20260909/source-intake/navier-stokes/20260909/annular-compatible-current-time-jets-preflight/nonlinear_modulated_N512_dt2_T0.3_time_jets.npz,210734,e62c3decedff0b44215ab44bfd496c0877d56cd0e7163339a5a1522696315734,e62c3decedff0b44215ab44bfd496c0877d56cd0e7163339a5a1522696315734,e62c3decedff0b44215ab44bfd496c0877d56cd0e7163339a5a1522696315734,verified
input,source-intake/navier-stokes/20260909/annular-compatible-current-restoring-smoke/canonical_N32_dt1_T0.1_source_residual.npz,research-programme/reproducibility/20260909/source-intake/navier-stokes/20260909/annular-compatible-current-restoring-smoke/canonical_N32_dt1_T0.1_source_residual.npz,2680,df6138857d571552b3752ff42d5b3e2193f86f864de746820ce3e17c3424c4bf,df6138857d571552b3752ff42d5b3e2193f86f864de746820ce3e17c3424c4bf,df6138857d571552b3752ff42d5b3e2193f86f864de746820ce3e17c3424c4bf,verified
input,source-intake/navier-stokes/20260909/annular-compatible-current-restoring-smoke/canonical_N32_dt1_T0.3_source_residual.npz,research-programme/reproducibility/20260909/source-intake/navier-stokes/20260909/annular-compatible-current-restoring-smoke/canonical_N32_dt1_T0.3_source_residual.npz,2680,b5581968eda5373080b459773e19faafeb513db39289438f9da520546cebfe6d,b5581968eda5373080b459773e19faafeb513db39289438f9da520546cebfe6d,b5581968eda5373080b459773e19faafeb513db39289438f9da520546cebfe6d,verified
input,source-intake/navier-stokes/20260909/annular-compatible-current-restoring-smoke/canonical_N64_dt1_T0.1_source_residual.npz,research-programme/reproducibility/20260909/source-intake/navier-stokes/20260909/annular-compatible-current-restoring-smoke/canonical_N64_dt1_T0.1_source_residual.npz,3960,380c343a2a30f6dddfc04df879aa384908715f4e8591014b410e66007d276096,380c343a2a30f6dddfc04df879aa384908715f4e8591014b410e66007d276096,380c343a2a30f6dddfc04df879aa384908715f4e8591014b410e66007d276096,verified
input,source-intake/navier-stokes/20260909/annular-compatible-current-restoring-smoke/canonical_N64_dt1_T0.3_source_residual.npz,research-programme/reproducibility/20260909/source-intake/navier-stokes/20260909/annular-compatible-current-restoring-smoke/canonical_N64_dt1_T0.3_source_residual.npz,3960,8f99d84c10f6acf612372e033622404a9b6b56898821576968df48449ce84f3e,8f99d84c10f6acf612372e033622404a9b6b56898821576968df48449ce84f3e,8f99d84c10f6acf612372e033622404a9b6b56898821576968df48449ce84f3e,verified
input,source-intake/navier-stokes/20260909/annular-compatible-current-restoring-smoke/canonical_N128_dt1_T0.1.npz,research-programme/reproducibility/20260909/source-intake/navier-stokes/20260909/annular-compatible-current-restoring-smoke/canonical_N128_dt1_T0.1.npz,40378,ab875bbb3aa67618a9f459318eb11e958c4fb99953437d4d0cf6fe12bb362b4a,ab875bbb3aa67618a9f459318eb11e958c4fb99953437d4d0cf6fe12bb362b4a,ab875bbb3aa67618a9f459318eb11e958c4fb99953437d4d0cf6fe12bb362b4a,verified
input,source-intake/navier-stokes/20260909/annular-compatible-current-restoring-smoke/canonical_N128_dt1_T0.1_source_residual.npz,research-programme/reproducibility/20260909/source-intake/navier-stokes/20260909/annular-compatible-current-restoring-smoke/canonical_N128_dt1_T0.1_source_residual.npz,6520,30c2a7a6627042ca3cfa1c51d835465d288c4f2c25bf86160ffa5d686aa849da,30c2a7a6627042ca3cfa1c51d835465d288c4f2c25bf86160ffa5d686aa849da,30c2a7a6627042ca3cfa1c51d835465d288c4f2c25bf86160ffa5d686aa849da,verified
input,source-intake/navier-stokes/20260909/annular-compatible-current-restoring-smoke/canonical_N128_dt1_T0.3.npz,research-programme/reproducibility/20260909/source-intake/navier-stokes/20260909/annular-compatible-current-restoring-smoke/canonical_N128_dt1_T0.3.npz,40378,8c97639f1e482178e1dfe1c3c6cdb5ec3d30ac7477002033a11e068601fce81d,8c97639f1e482178e1dfe1c3c6cdb5ec3d30ac7477002033a11e068601fce81d,8c97639f1e482178e1dfe1c3c6cdb5ec3d30ac7477002033a11e068601fce81d,verified
input,source-intake/navier-stokes/20260909/annular-compatible-current-restoring-smoke/canonical_N128_dt1_T0.3_source_residual.npz,research-programme/reproducibility/20260909/source-intake/navier-stokes/20260909/annular-compatible-current-restoring-smoke/canonical_N128_dt1_T0.3_source_residual.npz,6520,94e2c01dfe547f40794d6d84db57fd5ab042f4dabb5e9242637e4cd64fed5cfd,94e2c01dfe547f40794d6d84db57fd5ab042f4dabb5e9242637e4cd64fed5cfd,94e2c01dfe547f40794d6d84db57fd5ab042f4dabb5e9242637e4cd64fed5cfd,verified
input,source-intake/navier-stokes/20260909/annular-compatible-current-restoring-smoke/canonical_N128_dt2_T0.1_source_residual.npz,research-programme/reproducibility/20260909/source-intake/navier-stokes/20260909/annular-compatible-current-restoring-smoke/canonical_N128_dt2_T0.1_source_residual.npz,6520,33cf5d155cabbfd0f224bf5c066f0e61a23752f5184862541473a87a4dde29b4,33cf5d155cabbfd0f224bf5c066f0e61a23752f5184862541473a87a4dde29b4,33cf5d155cabbfd0f224bf5c066f0e61a23752f5184862541473a87a4dde29b4,verified
input,source-intake/navier-stokes/20260909/annular-compatible-current-restoring-smoke/canonical_N128_dt2_T0.3_source_residual.npz,research-programme/reproducibility/20260909/source-intake/navier-stokes/20260909/annular-compatible-current-restoring-smoke/canonical_N128_dt2_T0.3_source_residual.npz,6520,17894ad9af69c911d832e92adfdbd7bf21d5699ca4c6f2c75c2825df22bd217a,17894ad9af69c911d832e92adfdbd7bf21d5699ca4c6f2c75c2825df22bd217a,17894ad9af69c911d832e92adfdbd7bf21d5699ca4c6f2c75c2825df22bd217a,verified
input,source-intake/navier-stokes/20260909/annular-compatible-current-restoring-smoke/nonlinear_modulated_N32_dt1_T0.1_source_residual.npz,research-programme/reproducibility/20260909/source-intake/navier-stokes/20260909/annular-compatible-current-restoring-smoke/nonlinear_modulated_N32_dt1_T0.1_source_residual.npz,2680,c1561c4e3e16f1323ca8f8d90d38aa75911bae79f33bf94fadb1ac4bc3acecca,c1561c4e3e16f1323ca8f8d90d38aa75911bae79f33bf94fadb1ac4bc3acecca,c1561c4e3e16f1323ca8f8d90d38aa75911bae79f33bf94fadb1ac4bc3acecca,verified
input,source-intake/navier-stokes/20260909/annular-compatible-current-restoring-smoke/nonlinear_modulated_N32_dt1_T0.3_source_residual.npz,research-programme/reproducibility/20260909/source-intake/navier-stokes/20260909/annular-compatible-current-restoring-smoke/nonlinear_modulated_N32_dt1_T0.3_source_residual.npz,2680,ed6a2ec6e9d2214dace579d70f6ab960145c08728f2408d2cff8dda6c7bccebc,ed6a2ec6e9d2214dace579d70f6ab960145c08728f2408d2cff8dda6c7bccebc,ed6a2ec6e9d2214dace579d70f6ab960145c08728f2408d2cff8dda6c7bccebc,verified
input,source-intake/navier-stokes/20260909/annular-compatible-current-restoring-smoke/nonlinear_modulated_N64_dt1_T0.1_source_residual.npz,research-programme/reproducibility/20260909/source-intake/navier-stokes/20260909/annular-compatible-current-restoring-smoke/nonlinear_modulated_N64_dt1_T0.1_source_residual.npz,3960,2587c52852d5185faff5adb48b507a7093adcb0f4ceae53acb9fea00f92ec139,2587c52852d5185faff5adb48b507a7093adcb0f4ceae53acb9fea00f92ec139,2587c52852d5185faff5adb48b507a7093adcb0f4ceae53acb9fea00f92ec139,verified
input,source-intake/navier-stokes/20260909/annular-compatible-current-restoring-smoke/nonlinear_modulated_N64_dt1_T0.3_source_residual.npz,research-programme/reproducibility/20260909/source-intake/navier-stokes/20260909/annular-compatible-current-restoring-smoke/nonlinear_modulated_N64_dt1_T0.3_source_residual.npz,3960,37582b1a63ff81170982600aa0855db8b343b80e4d1a552a01c2da98b3ec4926,37582b1a63ff81170982600aa0855db8b343b80e4d1a552a01c2da98b3ec4926,37582b1a63ff81170982600aa0855db8b343b80e4d1a552a01c2da98b3ec4926,verified
input,source-intake/navier-stokes/20260909/annular-compatible-current-restoring-smoke/nonlinear_modulated_N128_dt1_T0.1.npz,research-programme/reproducibility/20260909/source-intake/navier-stokes/20260909/annular-compatible-current-restoring-smoke/nonlinear_modulated_N128_dt1_T0.1.npz,40378,f6b497e1caa0cfc1b3d891b57a8d484f798d7fdccde502637e6e32c6f55eb40d,f6b497e1caa0cfc1b3d891b57a8d484f798d7fdccde502637e6e32c6f55eb40d,f6b497e1caa0cfc1b3d891b57a8d484f798d7fdccde502637e6e32c6f55eb40d,verified
input,source-intake/navier-stokes/20260909/annular-compatible-current-restoring-smoke/nonlinear_modulated_N128_dt1_T0.1_source_residual.npz,research-programme/reproducibility/20260909/source-intake/navier-stokes/20260909/annular-compatible-current-restoring-smoke/nonlinear_modulated_N128_dt1_T0.1_source_residual.npz,6520,bd49eb5c25a39c53c59fd72e9f95b549d67173981c997f958156a37c118926ed,bd49eb5c25a39c53c59fd72e9f95b549d67173981c997f958156a37c118926ed,bd49eb5c25a39c53c59fd72e9f95b549d67173981c997f958156a37c118926ed,verified
input,source-intake/navier-stokes/20260909/annular-compatible-current-restoring-smoke/nonlinear_modulated_N128_dt1_T0.3.npz,research-programme/reproducibility/20260909/source-intake/navier-stokes/20260909/annular-compatible-current-restoring-smoke/nonlinear_modulated_N128_dt1_T0.3.npz,40378,0ef9e8a4cc0d9c92c1fe40a7bd3d8ea3d2dfb49ad89626a946ab9f41e592e4bc,0ef9e8a4cc0d9c92c1fe40a7bd3d8ea3d2dfb49ad89626a946ab9f41e592e4bc,0ef9e8a4cc0d9c92c1fe40a7bd3d8ea3d2dfb49ad89626a946ab9f41e592e4bc,verified
input,source-intake/navier-stokes/20260909/annular-compatible-current-restoring-smoke/nonlinear_modulated_N128_dt1_T0.3_source_residual.npz,research-programme/reproducibility/20260909/source-intake/navier-stokes/20260909/annular-compatible-current-restoring-smoke/nonlinear_modulated_N128_dt1_T0.3_source_residual.npz,6520,1caf3a18aaed6da2c10ce53b9a68e56bf08ab211e88514c82fc66190686eafd5,1caf3a18aaed6da2c10ce53b9a68e56bf08ab211e88514c82fc66190686eafd5,1caf3a18aaed6da2c10ce53b9a68e56bf08ab211e88514c82fc66190686eafd5,verified
input,source-intake/navier-stokes/20260909/annular-compatible-current-restoring-smoke/nonlinear_modulated_N128_dt2_T0.1_source_residual.npz,research-programme/reproducibility/20260909/source-intake/navier-stokes/20260909/annular-compatible-current-restoring-smoke/nonlinear_modulated_N128_dt2_T0.1_source_residual.npz,6520,f361cca94a7f6c165ce948b3177092be3cae3af3bc38d999fd812776899ba022,f361cca94a7f6c165ce948b3177092be3cae3af3bc38d999fd812776899ba022,f361cca94a7f6c165ce948b3177092be3cae3af3bc38d999fd812776899ba022,verified
input,source-intake/navier-stokes/20260909/annular-compatible-current-restoring-smoke/nonlinear_modulated_N128_dt2_T0.3_source_residual.npz,research-programme/reproducibility/20260909/source-intake/navier-stokes/20260909/annular-compatible-current-restoring-smoke/nonlinear_modulated_N128_dt2_T0.3_source_residual.npz,6520,59ef35734b5c534714eb75b21f426cbceb2c9e4fc19957344d005c10c4bfa873,59ef35734b5c534714eb75b21f426cbceb2c9e4fc19957344d005c10c4bfa873,59ef35734b5c534714eb75b21f426cbceb2c9e4fc19957344d005c10c4bfa873,verified
input,source-intake/navier-stokes/20260909/annular-compatible-current-matched-baseline/canonical_N32_dt1_T0.1_source_residual.npz,research-programme/reproducibility/20260909/source-intake/navier-stokes/20260909/annular-compatible-current-matched-baseline/canonical_N32_dt1_T0.1_source_residual.npz,2680,df36bc4d210f844dc9fcde25ac9128c65aeb2c9bf79aca44e0eaf3dc874684ba,df36bc4d210f844dc9fcde25ac9128c65aeb2c9bf79aca44e0eaf3dc874684ba,df36bc4d210f844dc9fcde25ac9128c65aeb2c9bf79aca44e0eaf3dc874684ba,verified
input,source-intake/navier-stokes/20260909/annular-compatible-current-matched-baseline/canonical_N32_dt1_T0.3_source_residual.npz,research-programme/reproducibility/20260909/source-intake/navier-stokes/20260909/annular-compatible-current-matched-baseline/canonical_N32_dt1_T0.3_source_residual.npz,2680,fd1f3e4e417c36a5c596246cc97fd236d2dc9083b1c95514bf27abdbe5c0640b,fd1f3e4e417c36a5c596246cc97fd236d2dc9083b1c95514bf27abdbe5c0640b,fd1f3e4e417c36a5c596246cc97fd236d2dc9083b1c95514bf27abdbe5c0640b,verified
input,source-intake/navier-stokes/20260909/annular-compatible-current-matched-baseline/canonical_N64_dt1_T0.1_source_residual.npz,research-programme/reproducibility/20260909/source-intake/navier-stokes/20260909/annular-compatible-current-matched-baseline/canonical_N64_dt1_T0.1_source_residual.npz,3960,102038534a74800f41613d4adcc1ec3a0cd9a4dbebf109f0c1856b7fbc0862f8,102038534a74800f41613d4adcc1ec3a0cd9a4dbebf109f0c1856b7fbc0862f8,102038534a74800f41613d4adcc1ec3a0cd9a4dbebf109f0c1856b7fbc0862f8,verified
input,source-intake/navier-stokes/20260909/annular-compatible-current-matched-baseline/canonical_N64_dt1_T0.3_source_residual.npz,research-programme/reproducibility/20260909/source-intake/navier-stokes/20260909/annular-compatible-current-matched-baseline/canonical_N64_dt1_T0.3_source_residual.npz,3960,166349fa562b805a4066d34b2fcbb8c085982a33e07476aefd6033c745c1e782,166349fa562b805a4066d34b2fcbb8c085982a33e07476aefd6033c745c1e782,166349fa562b805a4066d34b2fcbb8c085982a33e07476aefd6033c745c1e782,verified
input,source-intake/navier-stokes/20260909/annular-compatible-current-matched-baseline/canonical_N128_dt1_T0.1.npz,research-programme/reproducibility/20260909/source-intake/navier-stokes/20260909/annular-compatible-current-matched-baseline/canonical_N128_dt1_T0.1.npz,40378,72e2e822f4e10eedba60c2416577fc0985fe519b488a2fe7300f11f92684e369,72e2e822f4e10eedba60c2416577fc0985fe519b488a2fe7300f11f92684e369,72e2e822f4e10eedba60c2416577fc0985fe519b488a2fe7300f11f92684e369,verified
input,source-intake/navier-stokes/20260909/annular-compatible-current-matched-baseline/canonical_N128_dt1_T0.1_source_residual.npz,research-programme/reproducibility/20260909/source-intake/navier-stokes/20260909/annular-compatible-current-matched-baseline/canonical_N128_dt1_T0.1_source_residual.npz,6520,142c22cd8dd112de3451c50edea5eb0eab2626a9003abc5c2307132cd8ac74f5,142c22cd8dd112de3451c50edea5eb0eab2626a9003abc5c2307132cd8ac74f5,142c22cd8dd112de3451c50edea5eb0eab2626a9003abc5c2307132cd8ac74f5,verified
input,source-intake/navier-stokes/20260909/annular-compatible-current-matched-baseline/canonical_N128_dt1_T0.3.npz,research-programme/reproducibility/20260909/source-intake/navier-stokes/20260909/annular-compatible-current-matched-baseline/canonical_N128_dt1_T0.3.npz,40378,c73f6bbc8c22e76df828dde90fe5d099d7373b08035d6b931c04c0e534d75590,c73f6bbc8c22e76df828dde90fe5d099d7373b08035d6b931c04c0e534d75590,c73f6bbc8c22e76df828dde90fe5d099d7373b08035d6b931c04c0e534d75590,verified
input,source-intake/navier-stokes/20260909/annular-compatible-current-matched-baseline/canonical_N128_dt1_T0.3_source_residual.npz,research-programme/reproducibility/20260909/source-intake/navier-stokes/20260909/annular-compatible-current-matched-baseline/canonical_N128_dt1_T0.3_source_residual.npz,6520,dfe9fa21e3b97455a13b228bf68fad3ebce2825a04fd92b83bb80cf16557debd,dfe9fa21e3b97455a13b228bf68fad3ebce2825a04fd92b83bb80cf16557debd,dfe9fa21e3b97455a13b228bf68fad3ebce2825a04fd92b83bb80cf16557debd,verified
input,source-intake/navier-stokes/20260909/annular-compatible-current-matched-baseline/canonical_N128_dt2_T0.1_source_residual.npz,research-programme/reproducibility/20260909/source-intake/navier-stokes/20260909/annular-compatible-current-matched-baseline/canonical_N128_dt2_T0.1_source_residual.npz,6520,aa6d02d14d222923b6f951ea2464bc4b0878fec62878bb61c5c3a2936f218784,aa6d02d14d222923b6f951ea2464bc4b0878fec62878bb61c5c3a2936f218784,aa6d02d14d222923b6f951ea2464bc4b0878fec62878bb61c5c3a2936f218784,verified
input,source-intake/navier-stokes/20260909/annular-compatible-current-matched-baseline/canonical_N128_dt2_T0.3_source_residual.npz,research-programme/reproducibility/20260909/source-intake/navier-stokes/20260909/annular-compatible-current-matched-baseline/canonical_N128_dt2_T0.3_source_residual.npz,6520,bac8504b4b00817630c9d3ba1e3227651d4fc0a832ecb8dea6a51cff54b7b1fb,bac8504b4b00817630c9d3ba1e3227651d4fc0a832ecb8dea6a51cff54b7b1fb,bac8504b4b00817630c9d3ba1e3227651d4fc0a832ecb8dea6a51cff54b7b1fb,verified
input,source-intake/navier-stokes/20260909/annular-compatible-current-matched-baseline/nonlinear_modulated_N32_dt1_T0.1_source_residual.npz,research-programme/reproducibility/20260909/source-intake/navier-stokes/20260909/annular-compatible-current-matched-baseline/nonlinear_modulated_N32_dt1_T0.1_source_residual.npz,2680,6d0de0b96e9b519aac6b540f2df94b6544bc1ffacc16bd63d81f2c4d8bbddf58,6d0de0b96e9b519aac6b540f2df94b6544bc1ffacc16bd63d81f2c4d8bbddf58,6d0de0b96e9b519aac6b540f2df94b6544bc1ffacc16bd63d81f2c4d8bbddf58,verified
input,source-intake/navier-stokes/20260909/annular-compatible-current-matched-baseline/nonlinear_modulated_N32_dt1_T0.3_source_residual.npz,research-programme/reproducibility/20260909/source-intake/navier-stokes/20260909/annular-compatible-current-matched-baseline/nonlinear_modulated_N32_dt1_T0.3_source_residual.npz,2680,dd9d1cb2a7b27383e5cac24517e9bb86909b3899f0ed3f93ff6dc7870c0dc135,dd9d1cb2a7b27383e5cac24517e9bb86909b3899f0ed3f93ff6dc7870c0dc135,dd9d1cb2a7b27383e5cac24517e9bb86909b3899f0ed3f93ff6dc7870c0dc135,verified
input,source-intake/navier-stokes/20260909/annular-compatible-current-matched-baseline/nonlinear_modulated_N64_dt1_T0.1_source_residual.npz,research-programme/reproducibility/20260909/source-intake/navier-stokes/20260909/annular-compatible-current-matched-baseline/nonlinear_modulated_N64_dt1_T0.1_source_residual.npz,3960,78f6c9c7abf3613b1b2a2a24333bc7df8f5272084cff458bed340cb27716b7b8,78f6c9c7abf3613b1b2a2a24333bc7df8f5272084cff458bed340cb27716b7b8,78f6c9c7abf3613b1b2a2a24333bc7df8f5272084cff458bed340cb27716b7b8,verified
input,source-intake/navier-stokes/20260909/annular-compatible-current-matched-baseline/nonlinear_modulated_N64_dt1_T0.3_source_residual.npz,research-programme/reproducibility/20260909/source-intake/navier-stokes/20260909/annular-compatible-current-matched-baseline/nonlinear_modulated_N64_dt1_T0.3_source_residual.npz,3960,facee4667fd7ff6e25094f40f883e62e33b09425c153e828d4b1512bc012c863,facee4667fd7ff6e25094f40f883e62e33b09425c153e828d4b1512bc012c863,facee4667fd7ff6e25094f40f883e62e33b09425c153e828d4b1512bc012c863,verified
input,source-intake/navier-stokes/20260909/annular-compatible-current-matched-baseline/nonlinear_modulated_N128_dt1_T0.1.npz,research-programme/reproducibility/20260909/source-intake/navier-stokes/20260909/annular-compatible-current-matched-baseline/nonlinear_modulated_N128_dt1_T0.1.npz,40378,f22b3a4f5ea79157179824d1b8f479f628800810a941012f4e7f34264ca3aaf4,f22b3a4f5ea79157179824d1b8f479f628800810a941012f4e7f34264ca3aaf4,f22b3a4f5ea79157179824d1b8f479f628800810a941012f4e7f34264ca3aaf4,verified
input,source-intake/navier-stokes/20260909/annular-compatible-current-matched-baseline/nonlinear_modulated_N128_dt1_T0.1_source_residual.npz,research-programme/reproducibility/20260909/source-intake/navier-stokes/20260909/annular-compatible-current-matched-baseline/nonlinear_modulated_N128_dt1_T0.1_source_residual.npz,6520,576f0bf95e4fde8bcf086987ca57229a83669a3f91e849dda617f642fd4e2e0b,576f0bf95e4fde8bcf086987ca57229a83669a3f91e849dda617f642fd4e2e0b,576f0bf95e4fde8bcf086987ca57229a83669a3f91e849dda617f642fd4e2e0b,verified
input,source-intake/navier-stokes/20260909/annular-compatible-current-matched-baseline/nonlinear_modulated_N128_dt1_T0.3.npz,research-programme/reproducibility/20260909/source-intake/navier-stokes/20260909/annular-compatible-current-matched-baseline/nonlinear_modulated_N128_dt1_T0.3.npz,40378,d6ac8fd6e34b65225244eb7a94660471ccc2f04a810e5b921a3bbb4fe504f466,d6ac8fd6e34b65225244eb7a94660471ccc2f04a810e5b921a3bbb4fe504f466,d6ac8fd6e34b65225244eb7a94660471ccc2f04a810e5b921a3bbb4fe504f466,verified
input,source-intake/navier-stokes/20260909/annular-compatible-current-matched-baseline/nonlinear_modulated_N128_dt1_T0.3_source_residual.npz,research-programme/reproducibility/20260909/source-intake/navier-stokes/20260909/annular-compatible-current-matched-baseline/nonlinear_modulated_N128_dt1_T0.3_source_residual.npz,6520,aaf533dfae0dff32bee7cf9965af22b76bf45677776896b1f863a4b63fdfbf63,aaf533dfae0dff32bee7cf9965af22b76bf45677776896b1f863a4b63fdfbf63,aaf533dfae0dff32bee7cf9965af22b76bf45677776896b1f863a4b63fdfbf63,verified
input,source-intake/navier-stokes/20260909/annular-compatible-current-matched-baseline/nonlinear_modulated_N128_dt2_T0.1_source_residual.npz,research-programme/reproducibility/20260909/source-intake/navier-stokes/20260909/annular-compatible-current-matched-baseline/nonlinear_modulated_N128_dt2_T0.1_source_residual.npz,6520,b10ebb9c2942fbded170c40635d3952cb12915cefd9c4a0b5dd467e75f0f3a4e,b10ebb9c2942fbded170c40635d3952cb12915cefd9c4a0b5dd467e75f0f3a4e,b10ebb9c2942fbded170c40635d3952cb12915cefd9c4a0b5dd467e75f0f3a4e,verified
input,source-intake/navier-stokes/20260909/annular-compatible-current-matched-baseline/nonlinear_modulated_N128_dt2_T0.3_source_residual.npz,research-programme/reproducibility/20260909/source-intake/navier-stokes/20260909/annular-compatible-current-matched-baseline/nonlinear_modulated_N128_dt2_T0.3_source_residual.npz,6520,e383b3c1b6e6ef6827f2e160e87e250d070b1cfbba62885d300ab6b825371cd7,e383b3c1b6e6ef6827f2e160e87e250d070b1cfbba62885d300ab6b825371cd7,e383b3c1b6e6ef6827f2e160e87e250d070b1cfbba62885d300ab6b825371cd7,verified
input,scripts/annular_gram_joint_action_20260909.py,research-programme/reproducibility/20260909/scripts/annular_gram_joint_action_20260909.py,7689,c45de66a16a3c44a1ebb5a68874c47a10ceb24815bda5ecc88d5bfad3d049591,c45de66a16a3c44a1ebb5a68874c47a10ceb24815bda5ecc88d5bfad3d049591,c45de66a16a3c44a1ebb5a68874c47a10ceb24815bda5ecc88d5bfad3d049591,verified
input,source-intake/navier-stokes/20260909/annular-Gram-joint-action-derived/status.json,research-programme/reproducibility/20260909/source-intake/navier-stokes/20260909/annular-Gram-joint-action-derived/status.json,226257,c80d3789d2c0204901b98787d8f1657f345e1918d544b140e3b4cd77961d11fe,c80d3789d2c0204901b98787d8f1657f345e1918d544b140e3b4cd77961d11fe,c80d3789d2c0204901b98787d8f1657f345e1918d544b140e3b4cd77961d11fe,verified
input,scripts/derive_annular_gram_joint_action_stable_20260909.py,research-programme/reproducibility/20260909/scripts/derive_annular_gram_joint_action_stable_20260909.py,18516,7fd15f9c6935148694f6e667347246cc41fd5d6ab030e16f69ea8132935bc480,7fd15f9c6935148694f6e667347246cc41fd5d6ab030e16f69ea8132935bc480,7fd15f9c6935148694f6e667347246cc41fd5d6ab030e16f69ea8132935bc480,verified
input,scripts/annular_gram_stable_hessian_20260909.py,research-programme/reproducibility/20260909/scripts/annular_gram_stable_hessian_20260909.py,1068,ea2613ce827e7f6c402fab9b80c1981c28487e213779f8b7c8dd074ea922f923,ea2613ce827e7f6c402fab9b80c1981c28487e213779f8b7c8dd074ea922f923,ea2613ce827e7f6c402fab9b80c1981c28487e213779f8b7c8dd074ea922f923,verified
input,source-intake/navier-stokes/20260909/annular-Gram-joint-action-stable/status.json,research-programme/reproducibility/20260909/source-intake/navier-stokes/20260909/annular-Gram-joint-action-stable/status.json,226661,f609b7982e3d079e1e517776a298f0534fd68ae87cfe3e07daa026e886d81283,f609b7982e3d079e1e517776a298f0534fd68ae87cfe3e07daa026e886d81283,f609b7982e3d079e1e517776a298f0534fd68ae87cfe3e07daa026e886d81283,verified
input,scripts/derive_annular_gram_energy_transport_20260909.py,research-programme/reproducibility/20260909/scripts/derive_annular_gram_energy_transport_20260909.py,12096,ee3a9d233306d1bb1863a6b22dc9ed0597f1a24d0e16aa2ef88b250e014535c5,ee3a9d233306d1bb1863a6b22dc9ed0597f1a24d0e16aa2ef88b250e014535c5,ee3a9d233306d1bb1863a6b22dc9ed0597f1a24d0e16aa2ef88b250e014535c5,verified
input,source-intake/navier-stokes/20260909/annular-Gram-energy-transport-derived/status.json,research-programme/reproducibility/20260909/source-intake/navier-stokes/20260909/annular-Gram-energy-transport-derived/status.json,120774,5b8538a7c14559dd4001a6a414ecabc4a1ec92d3bf5ca553a274196fe1e3a82b,5b8538a7c14559dd4001a6a414ecabc4a1ec92d3bf5ca553a274196fe1e3a82b,5b8538a7c14559dd4001a6a414ecabc4a1ec92d3bf5ca553a274196fe1e3a82b,verified
input,scripts/derive_annular_canonical_face_mass_transport_20260909.py,research-programme/reproducibility/20260909/scripts/derive_annular_canonical_face_mass_transport_20260909.py,10623,116342dfdc2a33f2f0aa78ed347c104ef9ced4f223feb26c98b97f0e6a31ca45,116342dfdc2a33f2f0aa78ed347c104ef9ced4f223feb26c98b97f0e6a31ca45,116342dfdc2a33f2f0aa78ed347c104ef9ced4f223feb26c98b97f0e6a31ca45,verified
input,source-intake/navier-stokes/20260909/annular-canonical-face-mass-transport-derived/status.json,research-programme/reproducibility/20260909/source-intake/navier-stokes/20260909/annular-canonical-face-mass-transport-derived/status.json,108023,9c99c1b880d177cbddafad0e5861e592c57e9f3d7bd7beb33f6b59224b66e93a,9c99c1b880d177cbddafad0e5861e592c57e9f3d7bd7beb33f6b59224b66e93a,9c99c1b880d177cbddafad0e5861e592c57e9f3d7bd7beb33f6b59224b66e93a,verified
input,DERIVATION-20260909-joint-Gram-action-and-conservative-mass-transport.md,research-programme/reproducibility/20260909/DERIVATION-20260909-joint-Gram-action-and-conservative-mass-transport.md,14123,f3871fba0e2f6c71c3e0e62141f9a2d92d4975e54af5846c291a18820cdeeb77,f3871fba0e2f6c71c3e0e62141f9a2d92d4975e54af5846c291a18820cdeeb77,f3871fba0e2f6c71c3e0e62141f9a2d92d4975e54af5846c291a18820cdeeb77,verified
input,source-intake/navier-stokes/20260909/annular-Gram-energy-transport-derived/canonical_N32_T0_transport.npz,research-programme/reproducibility/20260909/source-intake/navier-stokes/20260909/annular-Gram-energy-transport-derived/canonical_N32_T0_transport.npz,4763,9bc2f5640f0f1c6ce2111ec5f70a6003b79e9911dccf25ae7dc12654a2d158c4,9bc2f5640f0f1c6ce2111ec5f70a6003b79e9911dccf25ae7dc12654a2d158c4,9bc2f5640f0f1c6ce2111ec5f70a6003b79e9911dccf25ae7dc12654a2d158c4,verified
input,source-intake/navier-stokes/20260909/annular-Gram-energy-transport-derived/canonical_N32_T0.1_transport.npz,research-programme/reproducibility/20260909/source-intake/navier-stokes/20260909/annular-Gram-energy-transport-derived/canonical_N32_T0.1_transport.npz,4646,5ddef909565b9ead963a040409c1eb777b74eb918e07247eb2a8cb13d5dd14cb,5ddef909565b9ead963a040409c1eb777b74eb918e07247eb2a8cb13d5dd14cb,5ddef909565b9ead963a040409c1eb777b74eb918e07247eb2a8cb13d5dd14cb,verified
input,source-intake/navier-stokes/20260909/annular-Gram-energy-transport-derived/canonical_N32_T0.3_transport.npz,research-programme/reproducibility/20260909/source-intake/navier-stokes/20260909/annular-Gram-energy-transport-derived/canonical_N32_T0.3_transport.npz,4635,666f5c5e02d07a1aa6338541d6d9d577bb2db7ce95b6e8ea0662853d06666cdb,666f5c5e02d07a1aa6338541d6d9d577bb2db7ce95b6e8ea0662853d06666cdb,666f5c5e02d07a1aa6338541d6d9d577bb2db7ce95b6e8ea0662853d06666cdb,verified
input,source-intake/navier-stokes/20260909/annular-Gram-energy-transport-derived/canonical_N64_T0_transport.npz,research-programme/reproducibility/20260909/source-intake/navier-stokes/20260909/annular-Gram-energy-transport-derived/canonical_N64_T0_transport.npz,7569,0f788772cc38decaaa7922a5574cfb62664ce4edcae394e193f75f7f68ba6042,0f788772cc38decaaa7922a5574cfb62664ce4edcae394e193f75f7f68ba6042,0f788772cc38decaaa7922a5574cfb62664ce4edcae394e193f75f7f68ba6042,verified
input,source-intake/navier-stokes/20260909/annular-Gram-energy-transport-derived/canonical_N64_T0.1_transport.npz,research-programme/reproducibility/20260909/source-intake/navier-stokes/20260909/annular-Gram-energy-transport-derived/canonical_N64_T0.1_transport.npz,7367,e7b883fcfb9462762a64948aed486e733fd6ac18de0512232e454c13e4ff4004,e7b883fcfb9462762a64948aed486e733fd6ac18de0512232e454c13e4ff4004,e7b883fcfb9462762a64948aed486e733fd6ac18de0512232e454c13e4ff4004,verified
input,source-intake/navier-stokes/20260909/annular-Gram-energy-transport-derived/canonical_N64_T0.3_transport.npz,research-programme/reproducibility/20260909/source-intake/navier-stokes/20260909/annular-Gram-energy-transport-derived/canonical_N64_T0.3_transport.npz,7326,27de709c99967cd9b9b1f35b958ad0147d82433d571686478c620436b0952423,27de709c99967cd9b9b1f35b958ad0147d82433d571686478c620436b0952423,27de709c99967cd9b9b1f35b958ad0147d82433d571686478c620436b0952423,verified
input,source-intake/navier-stokes/20260909/annular-Gram-energy-transport-derived/canonical_N128_T0_transport.npz,research-programme/reproducibility/20260909/source-intake/navier-stokes/20260909/annular-Gram-energy-transport-derived/canonical_N128_T0_transport.npz,13033,a4a9773757c925eafcdf6f737115c1023535e4433179965e02b705f1e1e3bb40,a4a9773757c925eafcdf6f737115c1023535e4433179965e02b705f1e1e3bb40,a4a9773757c925eafcdf6f737115c1023535e4433179965e02b705f1e1e3bb40,verified
input,source-intake/navier-stokes/20260909/annular-Gram-energy-transport-derived/canonical_N128_T0.1_transport.npz,research-programme/reproducibility/20260909/source-intake/navier-stokes/20260909/annular-Gram-energy-transport-derived/canonical_N128_T0.1_transport.npz,12587,f472756edf4c250cbc800eb6c98e60e37bbd35365ab83d8a030b043df6892275,f472756edf4c250cbc800eb6c98e60e37bbd35365ab83d8a030b043df6892275,f472756edf4c250cbc800eb6c98e60e37bbd35365ab83d8a030b043df6892275,verified
input,source-intake/navier-stokes/20260909/annular-Gram-energy-transport-derived/canonical_N128_T0.3_transport.npz,research-programme/reproducibility/20260909/source-intake/navier-stokes/20260909/annular-Gram-energy-transport-derived/canonical_N128_T0.3_transport.npz,12568,498b3a8017db0f141895949a83cfec4cf1ea1c3d3160ee3cc90d3d0bac3135bc,498b3a8017db0f141895949a83cfec4cf1ea1c3d3160ee3cc90d3d0bac3135bc,498b3a8017db0f141895949a83cfec4cf1ea1c3d3160ee3cc90d3d0bac3135bc,verified
input,source-intake/navier-stokes/20260909/annular-Gram-energy-transport-derived/nonlinear_modulated_N32_T0_transport.npz,research-programme/reproducibility/20260909/source-intake/navier-stokes/20260909/annular-Gram-energy-transport-derived/nonlinear_modulated_N32_T0_transport.npz,4756,ff0f40562cee5f5d328085434f3c1024ff5ad79a3f25dea82198ba8d6f1bc007,ff0f40562cee5f5d328085434f3c1024ff5ad79a3f25dea82198ba8d6f1bc007,ff0f40562cee5f5d328085434f3c1024ff5ad79a3f25dea82198ba8d6f1bc007,verified
input,source-intake/navier-stokes/20260909/annular-Gram-energy-transport-derived/nonlinear_modulated_N32_T0.1_transport.npz,research-programme/reproducibility/20260909/source-intake/navier-stokes/20260909/annular-Gram-energy-transport-derived/nonlinear_modulated_N32_T0.1_transport.npz,4645,25d21ccaf544ae9c2da38bad3e712ac0599d62ff884a222da6cc233813487fae,25d21ccaf544ae9c2da38bad3e712ac0599d62ff884a222da6cc233813487fae,25d21ccaf544ae9c2da38bad3e712ac0599d62ff884a222da6cc233813487fae,verified
input,source-intake/navier-stokes/20260909/annular-Gram-energy-transport-derived/nonlinear_modulated_N32_T0.3_transport.npz,research-programme/reproducibility/20260909/source-intake/navier-stokes/20260909/annular-Gram-energy-transport-derived/nonlinear_modulated_N32_T0.3_transport.npz,4635,969e465d4d5a77b672956c8f25f59cf76136f7dc7ea2eb49c936bfb9f2c84ef8,969e465d4d5a77b672956c8f25f59cf76136f7dc7ea2eb49c936bfb9f2c84ef8,969e465d4d5a77b672956c8f25f59cf76136f7dc7ea2eb49c936bfb9f2c84ef8,verified
input,source-intake/navier-stokes/20260909/annular-Gram-energy-transport-derived/nonlinear_modulated_N64_T0_transport.npz,research-programme/reproducibility/20260909/source-intake/navier-stokes/20260909/annular-Gram-energy-transport-derived/nonlinear_modulated_N64_T0_transport.npz,7598,8aebcfce8a4ac45394ce1fc926a74833647df44a2350ed0e14686e4644bc6791,8aebcfce8a4ac45394ce1fc926a74833647df44a2350ed0e14686e4644bc6791,8aebcfce8a4ac45394ce1fc926a74833647df44a2350ed0e14686e4644bc6791,verified
input,source-intake/navier-stokes/20260909/annular-Gram-energy-transport-derived/nonlinear_modulated_N64_T0.1_transport.npz,research-programme/reproducibility/20260909/source-intake/navier-stokes/20260909/annular-Gram-energy-transport-derived/nonlinear_modulated_N64_T0.1_transport.npz,7370,cb7c6a228f89be6a5adab4e3bd40bc3c0cd7a67dc0153f657c5f4b3811f7b132,cb7c6a228f89be6a5adab4e3bd40bc3c0cd7a67dc0153f657c5f4b3811f7b132,cb7c6a228f89be6a5adab4e3bd40bc3c0cd7a67dc0153f657c5f4b3811f7b132,verified
input,source-intake/navier-stokes/20260909/annular-Gram-energy-transport-derived/nonlinear_modulated_N64_T0.3_transport.npz,research-programme/reproducibility/20260909/source-intake/navier-stokes/20260909/annular-Gram-energy-transport-derived/nonlinear_modulated_N64_T0.3_transport.npz,7337,3b2bf96cb08f2c209fb8626437c88469bac19d580d5d48d5779a33b588d4790a,3b2bf96cb08f2c209fb8626437c88469bac19d580d5d48d5779a33b588d4790a,3b2bf96cb08f2c209fb8626437c88469bac19d580d5d48d5779a33b588d4790a,verified
input,source-intake/navier-stokes/20260909/annular-Gram-energy-transport-derived/nonlinear_modulated_N128_T0_transport.npz,research-programme/reproducibility/20260909/source-intake/navier-stokes/20260909/annular-Gram-energy-transport-derived/nonlinear_modulated_N128_T0_transport.npz,13067,deceb34a11e411a69988558474acf83ffd0716ecc5b977076c57828c93397fe0,deceb34a11e411a69988558474acf83ffd0716ecc5b977076c57828c93397fe0,deceb34a11e411a69988558474acf83ffd0716ecc5b977076c57828c93397fe0,verified
input,source-intake/navier-stokes/20260909/annular-Gram-energy-transport-derived/nonlinear_modulated_N128_T0.1_transport.npz,research-programme/reproducibility/20260909/source-intake/navier-stokes/20260909/annular-Gram-energy-transport-derived/nonlinear_modulated_N128_T0.1_transport.npz,12618,d9ac107d6fc11617b199a89322657e87d613ab80ea5b3a27b91a80f7cee5863a,d9ac107d6fc11617b199a89322657e87d613ab80ea5b3a27b91a80f7cee5863a,d9ac107d6fc11617b199a89322657e87d613ab80ea5b3a27b91a80f7cee5863a,verified
input,source-intake/navier-stokes/20260909/annular-Gram-energy-transport-derived/nonlinear_modulated_N128_T0.3_transport.npz,research-programme/reproducibility/20260909/source-intake/navier-stokes/20260909/annular-Gram-energy-transport-derived/nonlinear_modulated_N128_T0.3_transport.npz,12606,0a84810f55ad90bcfaef203f9f7928519cbfce450fbcd91e356986aad9f19e9d,0a84810f55ad90bcfaef203f9f7928519cbfce450fbcd91e356986aad9f19e9d,0a84810f55ad90bcfaef203f9f7928519cbfce450fbcd91e356986aad9f19e9d,verified
input,source-intake/navier-stokes/20260909/annular-canonical-face-mass-transport-derived/symmetric_N32_baseline_face_transport.npz,research-programme/reproducibility/20260909/source-intake/navier-stokes/20260909/annular-canonical-face-mass-transport-derived/symmetric_N32_baseline_face_transport.npz,6297,5b2f2e5eb4cee275f1270240f114b937653ca98f70fbb46b8fdc3c6ba450afc1,5b2f2e5eb4cee275f1270240f114b937653ca98f70fbb46b8fdc3c6ba450afc1,5b2f2e5eb4cee275f1270240f114b937653ca98f70fbb46b8fdc3c6ba450afc1,verified
input,source-intake/navier-stokes/20260909/annular-canonical-face-mass-transport-derived/symmetric_N32_Gram_face_transport.npz,research-programme/reproducibility/20260909/source-intake/navier-stokes/20260909/annular-canonical-face-mass-transport-derived/symmetric_N32_Gram_face_transport.npz,6349,234ba1e119dd4c51e555ecefcbff1b64109d6bb88a33b6f28772b5415aac682f,234ba1e119dd4c51e555ecefcbff1b64109d6bb88a33b6f28772b5415aac682f,234ba1e119dd4c51e555ecefcbff1b64109d6bb88a33b6f28772b5415aac682f,verified
input,source-intake/navier-stokes/20260909/annular-canonical-face-mass-transport-derived/symmetric_N64_baseline_face_transport.npz,research-programme/reproducibility/20260909/source-intake/navier-stokes/20260909/annular-canonical-face-mass-transport-derived/symmetric_N64_baseline_face_transport.npz,9649,e60ea3e9a4de31b0cf0b029571049055bb389958b1b4c1fae870e530902dd6fc,e60ea3e9a4de31b0cf0b029571049055bb389958b1b4c1fae870e530902dd6fc,e60ea3e9a4de31b0cf0b029571049055bb389958b1b4c1fae870e530902dd6fc,verified
input,source-intake/navier-stokes/20260909/annular-canonical-face-mass-transport-derived/symmetric_N64_Gram_face_transport.npz,research-programme/reproducibility/20260909/source-intake/navier-stokes/20260909/annular-canonical-face-mass-transport-derived/symmetric_N64_Gram_face_transport.npz,9697,6432c18186c2b44a3826c3b90b6a08df42cda9756e42c27e7b11ef8964b63e21,6432c18186c2b44a3826c3b90b6a08df42cda9756e42c27e7b11ef8964b63e21,6432c18186c2b44a3826c3b90b6a08df42cda9756e42c27e7b11ef8964b63e21,verified
input,source-intake/navier-stokes/20260909/annular-canonical-face-mass-transport-derived/symmetric_N128_baseline_face_transport.npz,research-programme/reproducibility/20260909/source-intake/navier-stokes/20260909/annular-canonical-face-mass-transport-derived/symmetric_N128_baseline_face_transport.npz,16217,c1da785f6870608a2e6f19571229bb8e33c6be5ce2dca836c83b484633c2ead6,c1da785f6870608a2e6f19571229bb8e33c6be5ce2dca836c83b484633c2ead6,c1da785f6870608a2e6f19571229bb8e33c6be5ce2dca836c83b484633c2ead6,verified
input,source-intake/navier-stokes/20260909/annular-canonical-face-mass-transport-derived/symmetric_N128_Gram_face_transport.npz,research-programme/reproducibility/20260909/source-intake/navier-stokes/20260909/annular-canonical-face-mass-transport-derived/symmetric_N128_Gram_face_transport.npz,16290,474226d6c459e3d44b7330017f6101f7fc56761866fd985e128e36af025d59aa,474226d6c459e3d44b7330017f6101f7fc56761866fd985e128e36af025d59aa,474226d6c459e3d44b7330017f6101f7fc56761866fd985e128e36af025d59aa,verified
input,source-intake/navier-stokes/20260909/annular-canonical-face-mass-transport-derived/asymmetric_N32_baseline_face_transport.npz,research-programme/reproducibility/20260909/source-intake/navier-stokes/20260909/annular-canonical-face-mass-transport-derived/asymmetric_N32_baseline_face_transport.npz,6400,bacb48ce1cad8ebb9556e32f1352d4ac2a0c8a517db87920096ea9ffc01a913b,bacb48ce1cad8ebb9556e32f1352d4ac2a0c8a517db87920096ea9ffc01a913b,bacb48ce1cad8ebb9556e32f1352d4ac2a0c8a517db87920096ea9ffc01a913b,verified
input,source-intake/navier-stokes/20260909/annular-canonical-face-mass-transport-derived/asymmetric_N32_Gram_face_transport.npz,research-programme/reproducibility/20260909/source-intake/navier-stokes/20260909/annular-canonical-face-mass-transport-derived/asymmetric_N32_Gram_face_transport.npz,6447,3b30dc814d61d98317d141b99bb7b689ac84a9736ee4de967dfc95d77f48a30f,3b30dc814d61d98317d141b99bb7b689ac84a9736ee4de967dfc95d77f48a30f,3b30dc814d61d98317d141b99bb7b689ac84a9736ee4de967dfc95d77f48a30f,verified
input,source-intake/navier-stokes/20260909/annular-canonical-face-mass-transport-derived/asymmetric_N64_baseline_face_transport.npz,research-programme/reproducibility/20260909/source-intake/navier-stokes/20260909/annular-canonical-face-mass-transport-derived/asymmetric_N64_baseline_face_transport.npz,9852,414da7fcd7937c5a8c8e62b13cf4a0bd153770fa328d088ffedcb22d2e038f53,414da7fcd7937c5a8c8e62b13cf4a0bd153770fa328d088ffedcb22d2e038f53,414da7fcd7937c5a8c8e62b13cf4a0bd153770fa328d088ffedcb22d2e038f53,verified
input,source-intake/navier-stokes/20260909/annular-canonical-face-mass-transport-derived/asymmetric_N64_Gram_face_transport.npz,research-programme/reproducibility/20260909/source-intake/navier-stokes/20260909/annular-canonical-face-mass-transport-derived/asymmetric_N64_Gram_face_transport.npz,9894,07b3605c6511f4d11067d42c7e818fd3ad566aba9dd479d3f3723a0c4a497414,07b3605c6511f4d11067d42c7e818fd3ad566aba9dd479d3f3723a0c4a497414,07b3605c6511f4d11067d42c7e818fd3ad566aba9dd479d3f3723a0c4a497414,verified
input,source-intake/navier-stokes/20260909/annular-canonical-face-mass-transport-derived/asymmetric_N128_baseline_face_transport.npz,research-programme/reproducibility/20260909/source-intake/navier-stokes/20260909/annular-canonical-face-mass-transport-derived/asymmetric_N128_baseline_face_transport.npz,16576,37dcbd2c6d2a3b16ab1d51de34ebff3a858bad8943323168a2b6421c2c623e12,37dcbd2c6d2a3b16ab1d51de34ebff3a858bad8943323168a2b6421c2c623e12,37dcbd2c6d2a3b16ab1d51de34ebff3a858bad8943323168a2b6421c2c623e12,verified
input,source-intake/navier-stokes/20260909/annular-canonical-face-mass-transport-derived/asymmetric_N128_Gram_face_transport.npz,research-programme/reproducibility/20260909/source-intake/navier-stokes/20260909/annular-canonical-face-mass-transport-derived/asymmetric_N128_Gram_face_transport.npz,16630,e30eeec1cc67f22187fc491a53fd22f8e2026c45ec1fde1f6112300968015cc7,e30eeec1cc67f22187fc491a53fd22f8e2026c45ec1fde1f6112300968015cc7,e30eeec1cc67f22187fc491a53fd22f8e2026c45ec1fde1f6112300968015cc7,verified
input,source-intake/navier-stokes/20260909/annular-clock-coframe-current-derived/status.json,research-programme/reproducibility/20260909/source-intake/navier-stokes/20260909/annular-clock-coframe-current-derived/status.json,165543,5687844b5af7831bc25bbb12e1f89229807e313188701cbbf0ec3562fd2ac9a4,5687844b5af7831bc25bbb12e1f89229807e313188701cbbf0ec3562fd2ac9a4,5687844b5af7831bc25bbb12e1f89229807e313188701cbbf0ec3562fd2ac9a4,verified
input,scripts/derive_annular_clock_linearization_20260909.py,research-programme/reproducibility/20260909/scripts/derive_annular_clock_linearization_20260909.py,17230,05df1dd42267935cf082c0ffe93b0755c65c858832aafdf60852e6d7bc472e03,05df1dd42267935cf082c0ffe93b0755c65c858832aafdf60852e6d7bc472e03,05df1dd42267935cf082c0ffe93b0755c65c858832aafdf60852e6d7bc472e03,verified
input,scripts/annular_clock_linearization_20260909.py,research-programme/reproducibility/20260909/scripts/annular_clock_linearization_20260909.py,2436,d503c1686b98a60c04471f92b29bdc84a647baf17b0aca10df8964225489c85a,d503c1686b98a60c04471f92b29bdc84a647baf17b0aca10df8964225489c85a,d503c1686b98a60c04471f92b29bdc84a647baf17b0aca10df8964225489c85a,verified
input,source-intake/navier-stokes/20260909/annular-clock-coframe-current-derived/canonical_N32_T0.1_clock_coframe.npz,research-programme/reproducibility/20260909/source-intake/navier-stokes/20260909/annular-clock-coframe-current-derived/canonical_N32_T0.1_clock_coframe.npz,6755,a6535e2522afcd8a78950b0f784abf4a6e361c940056ec3fc509f233c284ae9d,a6535e2522afcd8a78950b0f784abf4a6e361c940056ec3fc509f233c284ae9d,a6535e2522afcd8a78950b0f784abf4a6e361c940056ec3fc509f233c284ae9d,verified
input,source-intake/navier-stokes/20260909/annular-clock-coframe-current-derived/canonical_N32_T0.15_clock_coframe.npz,research-programme/reproducibility/20260909/source-intake/navier-stokes/20260909/annular-clock-coframe-current-derived/canonical_N32_T0.15_clock_coframe.npz,6853,a0ab950b89d16630a12b321de522c0a3090b8d611b27ddc0d25a7a8dab349e92,a0ab950b89d16630a12b321de522c0a3090b8d611b27ddc0d25a7a8dab349e92,a0ab950b89d16630a12b321de522c0a3090b8d611b27ddc0d25a7a8dab349e92,verified
input,source-intake/navier-stokes/20260909/annular-clock-coframe-current-derived/canonical_N32_T0.2_clock_coframe.npz,research-programme/reproducibility/20260909/source-intake/navier-stokes/20260909/annular-clock-coframe-current-derived/canonical_N32_T0.2_clock_coframe.npz,6866,73038de34452c104a815d703e7f04c1ccf1dc564e9208e65842e78d39af7ab5f,73038de34452c104a815d703e7f04c1ccf1dc564e9208e65842e78d39af7ab5f,73038de34452c104a815d703e7f04c1ccf1dc564e9208e65842e78d39af7ab5f,verified
input,source-intake/navier-stokes/20260909/annular-clock-coframe-current-derived/canonical_N64_T0.1_clock_coframe.npz,research-programme/reproducibility/20260909/source-intake/navier-stokes/20260909/annular-clock-coframe-current-derived/canonical_N64_T0.1_clock_coframe.npz,10424,67d05a222b47a6e255e6cf72287d714917167753b8f65d817f8f6cd1662c0a40,67d05a222b47a6e255e6cf72287d714917167753b8f65d817f8f6cd1662c0a40,67d05a222b47a6e255e6cf72287d714917167753b8f65d817f8f6cd1662c0a40,verified
input,source-intake/navier-stokes/20260909/annular-clock-coframe-current-derived/canonical_N64_T0.15_clock_coframe.npz,research-programme/reproducibility/20260909/source-intake/navier-stokes/20260909/annular-clock-coframe-current-derived/canonical_N64_T0.15_clock_coframe.npz,10629,c3addd7aefbfea717d6716795af0208b0f50f8825db6cc80eeda74e1008e2e4f,c3addd7aefbfea717d6716795af0208b0f50f8825db6cc80eeda74e1008e2e4f,c3addd7aefbfea717d6716795af0208b0f50f8825db6cc80eeda74e1008e2e4f,verified
input,source-intake/navier-stokes/20260909/annular-clock-coframe-current-derived/canonical_N64_T0.2_clock_coframe.npz,research-programme/reproducibility/20260909/source-intake/navier-stokes/20260909/annular-clock-coframe-current-derived/canonical_N64_T0.2_clock_coframe.npz,10602,2769e59427103fa46055984ec48db7fe246d79e7ee1cb108d0f1a4474c6f9d30,2769e59427103fa46055984ec48db7fe246d79e7ee1cb108d0f1a4474c6f9d30,2769e59427103fa46055984ec48db7fe246d79e7ee1cb108d0f1a4474c6f9d30,verified
input,source-intake/navier-stokes/20260909/annular-clock-coframe-current-derived/canonical_N128_T0.1_clock_coframe.npz,research-programme/reproducibility/20260909/source-intake/navier-stokes/20260909/annular-clock-coframe-current-derived/canonical_N128_T0.1_clock_coframe.npz,17431,ef7928a215fd7f6387b02613da6e58ee3ee8e53093461d2b2c0f4198121ef10f,ef7928a215fd7f6387b02613da6e58ee3ee8e53093461d2b2c0f4198121ef10f,ef7928a215fd7f6387b02613da6e58ee3ee8e53093461d2b2c0f4198121ef10f,verified
input,source-intake/navier-stokes/20260909/annular-clock-coframe-current-derived/canonical_N128_T0.15_clock_coframe.npz,research-programme/reproducibility/20260909/source-intake/navier-stokes/20260909/annular-clock-coframe-current-derived/canonical_N128_T0.15_clock_coframe.npz,17826,ba301aa1349b287a405a40f9df41657e9c5b36dc055061a54d3b0319d918ad13,ba301aa1349b287a405a40f9df41657e9c5b36dc055061a54d3b0319d918ad13,ba301aa1349b287a405a40f9df41657e9c5b36dc055061a54d3b0319d918ad13,verified
input,source-intake/navier-stokes/20260909/annular-clock-coframe-current-derived/canonical_N128_T0.2_clock_coframe.npz,research-programme/reproducibility/20260909/source-intake/navier-stokes/20260909/annular-clock-coframe-current-derived/canonical_N128_T0.2_clock_coframe.npz,17789,cf69c13ce87a6ed5283d213cf8c0de0ac943d1b49d7c89c95bdc5c736b0413d9,cf69c13ce87a6ed5283d213cf8c0de0ac943d1b49d7c89c95bdc5c736b0413d9,cf69c13ce87a6ed5283d213cf8c0de0ac943d1b49d7c89c95bdc5c736b0413d9,verified
input,source-intake/navier-stokes/20260909/annular-clock-coframe-current-derived/nonlinear_modulated_N32_T0.1_clock_coframe.npz,research-programme/reproducibility/20260909/source-intake/navier-stokes/20260909/annular-clock-coframe-current-derived/nonlinear_modulated_N32_T0.1_clock_coframe.npz,6744,6ae86e25984528d65cf835ab3a66a042bcd752480201182af7f922d68ad1129e,6ae86e25984528d65cf835ab3a66a042bcd752480201182af7f922d68ad1129e,6ae86e25984528d65cf835ab3a66a042bcd752480201182af7f922d68ad1129e,verified
input,source-intake/navier-stokes/20260909/annular-clock-coframe-current-derived/nonlinear_modulated_N32_T0.15_clock_coframe.npz,research-programme/reproducibility/20260909/source-intake/navier-stokes/20260909/annular-clock-coframe-current-derived/nonlinear_modulated_N32_T0.15_clock_coframe.npz,6861,2860a34148639dfbdfbcf5342515a5cb9a312e9bb86230b355d76f9b6e56bbf5,2860a34148639dfbdfbcf5342515a5cb9a312e9bb86230b355d76f9b6e56bbf5,2860a34148639dfbdfbcf5342515a5cb9a312e9bb86230b355d76f9b6e56bbf5,verified
input,source-intake/navier-stokes/20260909/annular-clock-coframe-current-derived/nonlinear_modulated_N32_T0.2_clock_coframe.npz,research-programme/reproducibility/20260909/source-intake/navier-stokes/20260909/annular-clock-coframe-current-derived/nonlinear_modulated_N32_T0.2_clock_coframe.npz,6865,a34ff64d8bfda9d19cd5b3c5b16706c105371d92670ebd2eaebd6aca39ac3740,a34ff64d8bfda9d19cd5b3c5b16706c105371d92670ebd2eaebd6aca39ac3740,a34ff64d8bfda9d19cd5b3c5b16706c105371d92670ebd2eaebd6aca39ac3740,verified
input,source-intake/navier-stokes/20260909/annular-clock-coframe-current-derived/nonlinear_modulated_N64_T0.1_clock_coframe.npz,research-programme/reproducibility/20260909/source-intake/navier-stokes/20260909/annular-clock-coframe-current-derived/nonlinear_modulated_N64_T0.1_clock_coframe.npz,10466,df44a70eec89d07292d135547cc560047d59b10ed3ab428ead18494518b3eed6,df44a70eec89d07292d135547cc560047d59b10ed3ab428ead18494518b3eed6,df44a70eec89d07292d135547cc560047d59b10ed3ab428ead18494518b3eed6,verified
input,source-intake/navier-stokes/20260909/annular-clock-coframe-current-derived/nonlinear_modulated_N64_T0.15_clock_coframe.npz,research-programme/reproducibility/20260909/source-intake/navier-stokes/20260909/annular-clock-coframe-current-derived/nonlinear_modulated_N64_T0.15_clock_coframe.npz,10635,ea2c36b150324e76a94348d7cf8d86cfce271acda93eaf4ea35feee1f36f8d4e,ea2c36b150324e76a94348d7cf8d86cfce271acda93eaf4ea35feee1f36f8d4e,ea2c36b150324e76a94348d7cf8d86cfce271acda93eaf4ea35feee1f36f8d4e,verified
input,source-intake/navier-stokes/20260909/annular-clock-coframe-current-derived/nonlinear_modulated_N64_T0.2_clock_coframe.npz,research-programme/reproducibility/20260909/source-intake/navier-stokes/20260909/annular-clock-coframe-current-derived/nonlinear_modulated_N64_T0.2_clock_coframe.npz,10603,4ced31198178f58d84877cc38a4024dd9c7dc13b8580ab5e3b4681727c499167,4ced31198178f58d84877cc38a4024dd9c7dc13b8580ab5e3b4681727c499167,4ced31198178f58d84877cc38a4024dd9c7dc13b8580ab5e3b4681727c499167,verified
input,source-intake/navier-stokes/20260909/annular-clock-coframe-current-derived/nonlinear_modulated_N128_T0.1_clock_coframe.npz,research-programme/reproducibility/20260909/source-intake/navier-stokes/20260909/annular-clock-coframe-current-derived/nonlinear_modulated_N128_T0.1_clock_coframe.npz,17454,c22dfc58b8a2b73baed7c27453defc48498dbbdd0d84532da8fb949e43b97d1b,c22dfc58b8a2b73baed7c27453defc48498dbbdd0d84532da8fb949e43b97d1b,c22dfc58b8a2b73baed7c27453defc48498dbbdd0d84532da8fb949e43b97d1b,verified
input,source-intake/navier-stokes/20260909/annular-clock-coframe-current-derived/nonlinear_modulated_N128_T0.15_clock_coframe.npz,research-programme/reproducibility/20260909/source-intake/navier-stokes/20260909/annular-clock-coframe-current-derived/nonlinear_modulated_N128_T0.15_clock_coframe.npz,17827,b0a699a276359441a8c111320811f0c75b2989d0e6e2f0fa4bbb521d41226f99,b0a699a276359441a8c111320811f0c75b2989d0e6e2f0fa4bbb521d41226f99,b0a699a276359441a8c111320811f0c75b2989d0e6e2f0fa4bbb521d41226f99,verified
input,source-intake/navier-stokes/20260909/annular-clock-coframe-current-derived/nonlinear_modulated_N128_T0.2_clock_coframe.npz,research-programme/reproducibility/20260909/source-intake/navier-stokes/20260909/annular-clock-coframe-current-derived/nonlinear_modulated_N128_T0.2_clock_coframe.npz,17820,e8e1758fdfcc0231f48dd9f65b1690674c692014512880dfed41eefa02a032d8,e8e1758fdfcc0231f48dd9f65b1690674c692014512880dfed41eefa02a032d8,e8e1758fdfcc0231f48dd9f65b1690674c692014512880dfed41eefa02a032d8,verified
input,source-intake/navier-stokes/20260909/annular-clock-linearized-coupling-derived/status.json,research-programme/reproducibility/20260909/source-intake/navier-stokes/20260909/annular-clock-linearized-coupling-derived/status.json,152090,3991192f83b2c4474dae29bdc97b9d1158839f9d752f469a6674eadb1bc1feaf,3991192f83b2c4474dae29bdc97b9d1158839f9d752f469a6674eadb1bc1feaf,3991192f83b2c4474dae29bdc97b9d1158839f9d752f469a6674eadb1bc1feaf,verified
input,scripts/derive_annular_clock_linearization_qualified_20260909.py,research-programme/reproducibility/20260909/scripts/derive_annular_clock_linearization_qualified_20260909.py,17882,f8e6420ef1e8e20dce3af0a61789f3568bd4a622e97ffc1aa20708b078f9b130,f8e6420ef1e8e20dce3af0a61789f3568bd4a622e97ffc1aa20708b078f9b130,f8e6420ef1e8e20dce3af0a61789f3568bd4a622e97ffc1aa20708b078f9b130,verified
input,scripts/annular_clock_complex_control_20260909.py,research-programme/reproducibility/20260909/scripts/annular_clock_complex_control_20260909.py,797,421082cab3576db4cc86ac17765425b9d43e868cf5c7b5e035b6c3d9267bf7bf,421082cab3576db4cc86ac17765425b9d43e868cf5c7b5e035b6c3d9267bf7bf,421082cab3576db4cc86ac17765425b9d43e868cf5c7b5e035b6c3d9267bf7bf,verified
input,source-intake/navier-stokes/20260909/annular-clock-linearized-coupling-qualified/status.json,research-programme/reproducibility/20260909/source-intake/navier-stokes/20260909/annular-clock-linearized-coupling-qualified/status.json,152527,557b3548eaba2020e89e0a61d0ad288f87601fff2a9701acfd51fb20e179446e,557b3548eaba2020e89e0a61d0ad288f87601fff2a9701acfd51fb20e179446e,557b3548eaba2020e89e0a61d0ad288f87601fff2a9701acfd51fb20e179446e,verified
input,DERIVATION-20260909-clock-coframe-current-and-linearized-coupling.md,research-programme/reproducibility/20260909/DERIVATION-20260909-clock-coframe-current-and-linearized-coupling.md,14066,5ec8e4b75b1cf0812a363ee0f4a4095fa8c23b7aa226117e2694af21cfd26d03,5ec8e4b75b1cf0812a363ee0f4a4095fa8c23b7aa226117e2694af21cfd26d03,5ec8e4b75b1cf0812a363ee0f4a4095fa8c23b7aa226117e2694af21cfd26d03,verified
input,source-intake/navier-stokes/20260909/annular-clock-linearized-coupling-derived/canonical_N32_T0.1_clock_coframe_linearization.npz,research-programme/reproducibility/20260909/source-intake/navier-stokes/20260909/annular-clock-linearized-coupling-derived/canonical_N32_T0.1_clock_coframe_linearization.npz,5907,437efd9bb090f54053c7b2752867fa46b119e9c88e0b4278b26746b0642f23e2,437efd9bb090f54053c7b2752867fa46b119e9c88e0b4278b26746b0642f23e2,437efd9bb090f54053c7b2752867fa46b119e9c88e0b4278b26746b0642f23e2,verified
input,source-intake/navier-stokes/20260909/annular-clock-linearized-coupling-derived/canonical_N32_T0.15_clock_coframe_linearization.npz,research-programme/reproducibility/20260909/source-intake/navier-stokes/20260909/annular-clock-linearized-coupling-derived/canonical_N32_T0.15_clock_coframe_linearization.npz,5909,aadc78007a132d54fbe2f30b0b18ebf318acee3ba02ecf4151d6462df0d7a941,aadc78007a132d54fbe2f30b0b18ebf318acee3ba02ecf4151d6462df0d7a941,aadc78007a132d54fbe2f30b0b18ebf318acee3ba02ecf4151d6462df0d7a941,verified
input,source-intake/navier-stokes/20260909/annular-clock-linearized-coupling-derived/canonical_N32_T0.2_clock_coframe_linearization.npz,research-programme/reproducibility/20260909/source-intake/navier-stokes/20260909/annular-clock-linearized-coupling-derived/canonical_N32_T0.2_clock_coframe_linearization.npz,5928,5400ec1d4f65ce379c3f35eedd15a1adc78c485bd93dcb1ef1d6a0971ee67c09,5400ec1d4f65ce379c3f35eedd15a1adc78c485bd93dcb1ef1d6a0971ee67c09,5400ec1d4f65ce379c3f35eedd15a1adc78c485bd93dcb1ef1d6a0971ee67c09,verified
input,source-intake/navier-stokes/20260909/annular-clock-linearized-coupling-derived/canonical_N64_T0.1_clock_coframe_linearization.npz,research-programme/reproducibility/20260909/source-intake/navier-stokes/20260909/annular-clock-linearized-coupling-derived/canonical_N64_T0.1_clock_coframe_linearization.npz,10277,48f4eded8a157558516aff07a2d094380cc4f0e2b1c8db144a1d63866186cbb6,48f4eded8a157558516aff07a2d094380cc4f0e2b1c8db144a1d63866186cbb6,48f4eded8a157558516aff07a2d094380cc4f0e2b1c8db144a1d63866186cbb6,verified
input,source-intake/navier-stokes/20260909/annular-clock-linearized-coupling-derived/canonical_N64_T0.15_clock_coframe_linearization.npz,research-programme/reproducibility/20260909/source-intake/navier-stokes/20260909/annular-clock-linearized-coupling-derived/canonical_N64_T0.15_clock_coframe_linearization.npz,10322,7eb6c42d328d07f8b5ef6c6dc16035719a686c340df6d26c9d42945a93a00d0e,7eb6c42d328d07f8b5ef6c6dc16035719a686c340df6d26c9d42945a93a00d0e,7eb6c42d328d07f8b5ef6c6dc16035719a686c340df6d26c9d42945a93a00d0e,verified
input,source-intake/navier-stokes/20260909/annular-clock-linearized-coupling-derived/canonical_N64_T0.2_clock_coframe_linearization.npz,research-programme/reproducibility/20260909/source-intake/navier-stokes/20260909/annular-clock-linearized-coupling-derived/canonical_N64_T0.2_clock_coframe_linearization.npz,10330,606dcca3223e1f9e4ad28e1b60aecc5cc0e812d24b6ee531dcd1845f4f1f7997,606dcca3223e1f9e4ad28e1b60aecc5cc0e812d24b6ee531dcd1845f4f1f7997,606dcca3223e1f9e4ad28e1b60aecc5cc0e812d24b6ee531dcd1845f4f1f7997,verified
input,source-intake/navier-stokes/20260909/annular-clock-linearized-coupling-derived/canonical_N128_T0.1_clock_coframe_linearization.npz,research-programme/reproducibility/20260909/source-intake/navier-stokes/20260909/annular-clock-linearized-coupling-derived/canonical_N128_T0.1_clock_coframe_linearization.npz,19245,0449fff430697d249a6f632ace161d79826c4ded0ead3b4834ea01a0fb266229,0449fff430697d249a6f632ace161d79826c4ded0ead3b4834ea01a0fb266229,0449fff430697d249a6f632ace161d79826c4ded0ead3b4834ea01a0fb266229,verified
input,source-intake/navier-stokes/20260909/annular-clock-linearized-coupling-derived/canonical_N128_T0.15_clock_coframe_linearization.npz,research-programme/reproducibility/20260909/source-intake/navier-stokes/20260909/annular-clock-linearized-coupling-derived/canonical_N128_T0.15_clock_coframe_linearization.npz,19270,136e501c155b16ad9d7951c7a547def0158561ff13e346fbc0db195dc457afbd,136e501c155b16ad9d7951c7a547def0158561ff13e346fbc0db195dc457afbd,136e501c155b16ad9d7951c7a547def0158561ff13e346fbc0db195dc457afbd,verified
input,source-intake/navier-stokes/20260909/annular-clock-linearized-coupling-derived/canonical_N128_T0.2_clock_coframe_linearization.npz,research-programme/reproducibility/20260909/source-intake/navier-stokes/20260909/annular-clock-linearized-coupling-derived/canonical_N128_T0.2_clock_coframe_linearization.npz,19320,b8821a0336e0d11f1e477b9d00b2f23a2c650b9220e1f226a93a49cf248b846e,b8821a0336e0d11f1e477b9d00b2f23a2c650b9220e1f226a93a49cf248b846e,b8821a0336e0d11f1e477b9d00b2f23a2c650b9220e1f226a93a49cf248b846e,verified
input,source-intake/navier-stokes/20260909/annular-clock-linearized-coupling-derived/nonlinear_modulated_N32_T0.1_clock_coframe_linearization.npz,research-programme/reproducibility/20260909/source-intake/navier-stokes/20260909/annular-clock-linearized-coupling-derived/nonlinear_modulated_N32_T0.1_clock_coframe_linearization.npz,6149,acbf46fa0c394830dd284954b6e61f09e55156598572c54f1abfbf7c08701ba2,acbf46fa0c394830dd284954b6e61f09e55156598572c54f1abfbf7c08701ba2,acbf46fa0c394830dd284954b6e61f09e55156598572c54f1abfbf7c08701ba2,verified
input,source-intake/navier-stokes/20260909/annular-clock-linearized-coupling-derived/nonlinear_modulated_N32_T0.15_clock_coframe_linearization.npz,research-programme/reproducibility/20260909/source-intake/navier-stokes/20260909/annular-clock-linearized-coupling-derived/nonlinear_modulated_N32_T0.15_clock_coframe_linearization.npz,6164,a06b2d67eae91f94e203d1810267649fc82ac62d88224e3ba7fedb618333d0e1,a06b2d67eae91f94e203d1810267649fc82ac62d88224e3ba7fedb618333d0e1,a06b2d67eae91f94e203d1810267649fc82ac62d88224e3ba7fedb618333d0e1,verified
input,source-intake/navier-stokes/20260909/annular-clock-linearized-coupling-derived/nonlinear_modulated_N32_T0.2_clock_coframe_linearization.npz,research-programme/reproducibility/20260909/source-intake/navier-stokes/20260909/annular-clock-linearized-coupling-derived/nonlinear_modulated_N32_T0.2_clock_coframe_linearization.npz,6159,01b10642cc9d6c05c0ef100a68abe544c5305d37d9ff986bec286c3e77d3d650,01b10642cc9d6c05c0ef100a68abe544c5305d37d9ff986bec286c3e77d3d650,01b10642cc9d6c05c0ef100a68abe544c5305d37d9ff986bec286c3e77d3d650,verified
input,source-intake/navier-stokes/20260909/annular-clock-linearized-coupling-derived/nonlinear_modulated_N64_T0.1_clock_coframe_linearization.npz,research-programme/reproducibility/20260909/source-intake/navier-stokes/20260909/annular-clock-linearized-coupling-derived/nonlinear_modulated_N64_T0.1_clock_coframe_linearization.npz,10768,0cc44918d31e8869dfaa3f960c7199e5b73e4481e9508edbb8df0726945ffbf8,0cc44918d31e8869dfaa3f960c7199e5b73e4481e9508edbb8df0726945ffbf8,0cc44918d31e8869dfaa3f960c7199e5b73e4481e9508edbb8df0726945ffbf8,verified
input,source-intake/navier-stokes/20260909/annular-clock-linearized-coupling-derived/nonlinear_modulated_N64_T0.15_clock_coframe_linearization.npz,research-programme/reproducibility/20260909/source-intake/navier-stokes/20260909/annular-clock-linearized-coupling-derived/nonlinear_modulated_N64_T0.15_clock_coframe_linearization.npz,10817,adeee3d32843c791f965f39d38dd9992c4cc8e9dc7173d450a743ea245f6acac,adeee3d32843c791f965f39d38dd9992c4cc8e9dc7173d450a743ea245f6acac,adeee3d32843c791f965f39d38dd9992c4cc8e9dc7173d450a743ea245f6acac,verified
input,source-intake/navier-stokes/20260909/annular-clock-linearized-coupling-derived/nonlinear_modulated_N64_T0.2_clock_coframe_linearization.npz,research-programme/reproducibility/20260909/source-intake/navier-stokes/20260909/annular-clock-linearized-coupling-derived/nonlinear_modulated_N64_T0.2_clock_coframe_linearization.npz,10840,174dd6d5518de8d55e762127ac99b049df0153cfab6aad0eb74248c9d2d42b62,174dd6d5518de8d55e762127ac99b049df0153cfab6aad0eb74248c9d2d42b62,174dd6d5518de8d55e762127ac99b049df0153cfab6aad0eb74248c9d2d42b62,verified
input,source-intake/navier-stokes/20260909/annular-clock-linearized-coupling-derived/nonlinear_modulated_N128_T0.1_clock_coframe_linearization.npz,research-programme/reproducibility/20260909/source-intake/navier-stokes/20260909/annular-clock-linearized-coupling-derived/nonlinear_modulated_N128_T0.1_clock_coframe_linearization.npz,20244,5ce75c81d38923e85c1f533e7dfe71f176d84a446e900d58db37791bea633257,5ce75c81d38923e85c1f533e7dfe71f176d84a446e900d58db37791bea633257,5ce75c81d38923e85c1f533e7dfe71f176d84a446e900d58db37791bea633257,verified
input,source-intake/navier-stokes/20260909/annular-clock-linearized-coupling-derived/nonlinear_modulated_N128_T0.15_clock_coframe_linearization.npz,research-programme/reproducibility/20260909/source-intake/navier-stokes/20260909/annular-clock-linearized-coupling-derived/nonlinear_modulated_N128_T0.15_clock_coframe_linearization.npz,20308,0241d2e548cf087937a838534b59574326ab5ae666b1d517011b26b52c626cc7,0241d2e548cf087937a838534b59574326ab5ae666b1d517011b26b52c626cc7,0241d2e548cf087937a838534b59574326ab5ae666b1d517011b26b52c626cc7,verified
input,source-intake/navier-stokes/20260909/annular-clock-linearized-coupling-derived/nonlinear_modulated_N128_T0.2_clock_coframe_linearization.npz,research-programme/reproducibility/20260909/source-intake/navier-stokes/20260909/annular-clock-linearized-coupling-derived/nonlinear_modulated_N128_T0.2_clock_coframe_linearization.npz,20350,50ac97efac0d4e64af8776ebbd67f6484e186b43e696a1f6aa0d1b1e3a3fd9df,50ac97efac0d4e64af8776ebbd67f6484e186b43e696a1f6aa0d1b1e3a3fd9df,50ac97efac0d4e64af8776ebbd67f6484e186b43e696a1f6aa0d1b1e3a3fd9df,verified
input,source-intake/navier-stokes/20260909/annular-clock-linearized-coupling-qualified/canonical_N32_T0.1_clock_coframe_linearization.npz,research-programme/reproducibility/20260909/source-intake/navier-stokes/20260909/annular-clock-linearized-coupling-qualified/canonical_N32_T0.1_clock_coframe_linearization.npz,5907,437efd9bb090f54053c7b2752867fa46b119e9c88e0b4278b26746b0642f23e2,437efd9bb090f54053c7b2752867fa46b119e9c88e0b4278b26746b0642f23e2,437efd9bb090f54053c7b2752867fa46b119e9c88e0b4278b26746b0642f23e2,verified
input,source-intake/navier-stokes/20260909/annular-clock-linearized-coupling-qualified/canonical_N32_T0.15_clock_coframe_linearization.npz,research-programme/reproducibility/20260909/source-intake/navier-stokes/20260909/annular-clock-linearized-coupling-qualified/canonical_N32_T0.15_clock_coframe_linearization.npz,5909,aadc78007a132d54fbe2f30b0b18ebf318acee3ba02ecf4151d6462df0d7a941,aadc78007a132d54fbe2f30b0b18ebf318acee3ba02ecf4151d6462df0d7a941,aadc78007a132d54fbe2f30b0b18ebf318acee3ba02ecf4151d6462df0d7a941,verified
input,source-intake/navier-stokes/20260909/annular-clock-linearized-coupling-qualified/canonical_N32_T0.2_clock_coframe_linearization.npz,research-programme/reproducibility/20260909/source-intake/navier-stokes/20260909/annular-clock-linearized-coupling-qualified/canonical_N32_T0.2_clock_coframe_linearization.npz,5928,5400ec1d4f65ce379c3f35eedd15a1adc78c485bd93dcb1ef1d6a0971ee67c09,5400ec1d4f65ce379c3f35eedd15a1adc78c485bd93dcb1ef1d6a0971ee67c09,5400ec1d4f65ce379c3f35eedd15a1adc78c485bd93dcb1ef1d6a0971ee67c09,verified
input,source-intake/navier-stokes/20260909/annular-clock-linearized-coupling-qualified/canonical_N64_T0.1_clock_coframe_linearization.npz,research-programme/reproducibility/20260909/source-intake/navier-stokes/20260909/annular-clock-linearized-coupling-qualified/canonical_N64_T0.1_clock_coframe_linearization.npz,10277,48f4eded8a157558516aff07a2d094380cc4f0e2b1c8db144a1d63866186cbb6,48f4eded8a157558516aff07a2d094380cc4f0e2b1c8db144a1d63866186cbb6,48f4eded8a157558516aff07a2d094380cc4f0e2b1c8db144a1d63866186cbb6,verified
input,source-intake/navier-stokes/20260909/annular-clock-linearized-coupling-qualified/canonical_N64_T0.15_clock_coframe_linearization.npz,research-programme/reproducibility/20260909/source-intake/navier-stokes/20260909/annular-clock-linearized-coupling-qualified/canonical_N64_T0.15_clock_coframe_linearization.npz,10322,7eb6c42d328d07f8b5ef6c6dc16035719a686c340df6d26c9d42945a93a00d0e,7eb6c42d328d07f8b5ef6c6dc16035719a686c340df6d26c9d42945a93a00d0e,7eb6c42d328d07f8b5ef6c6dc16035719a686c340df6d26c9d42945a93a00d0e,verified
input,source-intake/navier-stokes/20260909/annular-clock-linearized-coupling-qualified/canonical_N64_T0.2_clock_coframe_linearization.npz,research-programme/reproducibility/20260909/source-intake/navier-stokes/20260909/annular-clock-linearized-coupling-qualified/canonical_N64_T0.2_clock_coframe_linearization.npz,10330,606dcca3223e1f9e4ad28e1b60aecc5cc0e812d24b6ee531dcd1845f4f1f7997,606dcca3223e1f9e4ad28e1b60aecc5cc0e812d24b6ee531dcd1845f4f1f7997,606dcca3223e1f9e4ad28e1b60aecc5cc0e812d24b6ee531dcd1845f4f1f7997,verified
input,source-intake/navier-stokes/20260909/annular-clock-linearized-coupling-qualified/canonical_N128_T0.1_clock_coframe_linearization.npz,research-programme/reproducibility/20260909/source-intake/navier-stokes/20260909/annular-clock-linearized-coupling-qualified/canonical_N128_T0.1_clock_coframe_linearization.npz,19245,0449fff430697d249a6f632ace161d79826c4ded0ead3b4834ea01a0fb266229,0449fff430697d249a6f632ace161d79826c4ded0ead3b4834ea01a0fb266229,0449fff430697d249a6f632ace161d79826c4ded0ead3b4834ea01a0fb266229,verified
input,source-intake/navier-stokes/20260909/annular-clock-linearized-coupling-qualified/canonical_N128_T0.15_clock_coframe_linearization.npz,research-programme/reproducibility/20260909/source-intake/navier-stokes/20260909/annular-clock-linearized-coupling-qualified/canonical_N128_T0.15_clock_coframe_linearization.npz,19270,136e501c155b16ad9d7951c7a547def0158561ff13e346fbc0db195dc457afbd,136e501c155b16ad9d7951c7a547def0158561ff13e346fbc0db195dc457afbd,136e501c155b16ad9d7951c7a547def0158561ff13e346fbc0db195dc457afbd,verified
input,source-intake/navier-stokes/20260909/annular-clock-linearized-coupling-qualified/canonical_N128_T0.2_clock_coframe_linearization.npz,research-programme/reproducibility/20260909/source-intake/navier-stokes/20260909/annular-clock-linearized-coupling-qualified/canonical_N128_T0.2_clock_coframe_linearization.npz,19320,b8821a0336e0d11f1e477b9d00b2f23a2c650b9220e1f226a93a49cf248b846e,b8821a0336e0d11f1e477b9d00b2f23a2c650b9220e1f226a93a49cf248b846e,b8821a0336e0d11f1e477b9d00b2f23a2c650b9220e1f226a93a49cf248b846e,verified
input,source-intake/navier-stokes/20260909/annular-clock-linearized-coupling-qualified/nonlinear_modulated_N32_T0.1_clock_coframe_linearization.npz,research-programme/reproducibility/20260909/source-intake/navier-stokes/20260909/annular-clock-linearized-coupling-qualified/nonlinear_modulated_N32_T0.1_clock_coframe_linearization.npz,6149,acbf46fa0c394830dd284954b6e61f09e55156598572c54f1abfbf7c08701ba2,acbf46fa0c394830dd284954b6e61f09e55156598572c54f1abfbf7c08701ba2,acbf46fa0c394830dd284954b6e61f09e55156598572c54f1abfbf7c08701ba2,verified
input,source-intake/navier-stokes/20260909/annular-clock-linearized-coupling-qualified/nonlinear_modulated_N32_T0.15_clock_coframe_linearization.npz,research-programme/reproducibility/20260909/source-intake/navier-stokes/20260909/annular-clock-linearized-coupling-qualified/nonlinear_modulated_N32_T0.15_clock_coframe_linearization.npz,6164,a06b2d67eae91f94e203d1810267649fc82ac62d88224e3ba7fedb618333d0e1,a06b2d67eae91f94e203d1810267649fc82ac62d88224e3ba7fedb618333d0e1,a06b2d67eae91f94e203d1810267649fc82ac62d88224e3ba7fedb618333d0e1,verified
input,source-intake/navier-stokes/20260909/annular-clock-linearized-coupling-qualified/nonlinear_modulated_N32_T0.2_clock_coframe_linearization.npz,research-programme/reproducibility/20260909/source-intake/navier-stokes/20260909/annular-clock-linearized-coupling-qualified/nonlinear_modulated_N32_T0.2_clock_coframe_linearization.npz,6159,01b10642cc9d6c05c0ef100a68abe544c5305d37d9ff986bec286c3e77d3d650,01b10642cc9d6c05c0ef100a68abe544c5305d37d9ff986bec286c3e77d3d650,01b10642cc9d6c05c0ef100a68abe544c5305d37d9ff986bec286c3e77d3d650,verified
input,source-intake/navier-stokes/20260909/annular-clock-linearized-coupling-qualified/nonlinear_modulated_N64_T0.1_clock_coframe_linearization.npz,research-programme/reproducibility/20260909/source-intake/navier-stokes/20260909/annular-clock-linearized-coupling-qualified/nonlinear_modulated_N64_T0.1_clock_coframe_linearization.npz,10768,0cc44918d31e8869dfaa3f960c7199e5b73e4481e9508edbb8df0726945ffbf8,0cc44918d31e8869dfaa3f960c7199e5b73e4481e9508edbb8df0726945ffbf8,0cc44918d31e8869dfaa3f960c7199e5b73e4481e9508edbb8df0726945ffbf8,verified
input,source-intake/navier-stokes/20260909/annular-clock-linearized-coupling-qualified/nonlinear_modulated_N64_T0.15_clock_coframe_linearization.npz,research-programme/reproducibility/20260909/source-intake/navier-stokes/20260909/annular-clock-linearized-coupling-qualified/nonlinear_modulated_N64_T0.15_clock_coframe_linearization.npz,10817,adeee3d32843c791f965f39d38dd9992c4cc8e9dc7173d450a743ea245f6acac,adeee3d32843c791f965f39d38dd9992c4cc8e9dc7173d450a743ea245f6acac,adeee3d32843c791f965f39d38dd9992c4cc8e9dc7173d450a743ea245f6acac,verified
input,source-intake/navier-stokes/20260909/annular-clock-linearized-coupling-qualified/nonlinear_modulated_N64_T0.2_clock_coframe_linearization.npz,research-programme/reproducibility/20260909/source-intake/navier-stokes/20260909/annular-clock-linearized-coupling-qualified/nonlinear_modulated_N64_T0.2_clock_coframe_linearization.npz,10840,174dd6d5518de8d55e762127ac99b049df0153cfab6aad0eb74248c9d2d42b62,174dd6d5518de8d55e762127ac99b049df0153cfab6aad0eb74248c9d2d42b62,174dd6d5518de8d55e762127ac99b049df0153cfab6aad0eb74248c9d2d42b62,verified
input,source-intake/navier-stokes/20260909/annular-clock-linearized-coupling-qualified/nonlinear_modulated_N128_T0.1_clock_coframe_linearization.npz,research-programme/reproducibility/20260909/source-intake/navier-stokes/20260909/annular-clock-linearized-coupling-qualified/nonlinear_modulated_N128_T0.1_clock_coframe_linearization.npz,20244,5ce75c81d38923e85c1f533e7dfe71f176d84a446e900d58db37791bea633257,5ce75c81d38923e85c1f533e7dfe71f176d84a446e900d58db37791bea633257,5ce75c81d38923e85c1f533e7dfe71f176d84a446e900d58db37791bea633257,verified
input,source-intake/navier-stokes/20260909/annular-clock-linearized-coupling-qualified/nonlinear_modulated_N128_T0.15_clock_coframe_linearization.npz,research-programme/reproducibility/20260909/source-intake/navier-stokes/20260909/annular-clock-linearized-coupling-qualified/nonlinear_modulated_N128_T0.15_clock_coframe_linearization.npz,20308,0241d2e548cf087937a838534b59574326ab5ae666b1d517011b26b52c626cc7,0241d2e548cf087937a838534b59574326ab5ae666b1d517011b26b52c626cc7,0241d2e548cf087937a838534b59574326ab5ae666b1d517011b26b52c626cc7,verified
input,source-intake/navier-stokes/20260909/annular-clock-linearized-coupling-qualified/nonlinear_modulated_N128_T0.2_clock_coframe_linearization.npz,research-programme/reproducibility/20260909/source-intake/navier-stokes/20260909/annular-clock-linearized-coupling-qualified/nonlinear_modulated_N128_T0.2_clock_coframe_linearization.npz,20350,50ac97efac0d4e64af8776ebbd67f6484e186b43e696a1f6aa0d1b1e3a3fd9df,50ac97efac0d4e64af8776ebbd67f6484e186b43e696a1f6aa0d1b1e3a3fd9df,50ac97efac0d4e64af8776ebbd67f6484e186b43e696a1f6aa0d1b1e3a3fd9df,verified
input,scripts/derive_annular_covariant_transport_and_mixed_basis_20260909.py,research-programme/reproducibility/20260909/scripts/derive_annular_covariant_transport_and_mixed_basis_20260909.py,18852,37751a8fe8c35ef149d5b4fe3cb3f755d7e109a28318c41842b5ebc400357616,37751a8fe8c35ef149d5b4fe3cb3f755d7e109a28318c41842b5ebc400357616,37751a8fe8c35ef149d5b4fe3cb3f755d7e109a28318c41842b5ebc400357616,verified
input,scripts/annular_covariant_time_transport_20260909.py,research-programme/reproducibility/20260909/scripts/annular_covariant_time_transport_20260909.py,9407,d6a55d99b9f9de06e30ab7a6f090ae12b97b273a23930315740490324ab679a9,d6a55d99b9f9de06e30ab7a6f090ae12b97b273a23930315740490324ab679a9,d6a55d99b9f9de06e30ab7a6f090ae12b97b273a23930315740490324ab679a9,verified
input,scripts/annular_mixed_grid_basis_20260909.py,research-programme/reproducibility/20260909/scripts/annular_mixed_grid_basis_20260909.py,2224,5a9ceef39b681f376a7e6468a104dc6a4139365248ec64ea95fa8809993f147c,5a9ceef39b681f376a7e6468a104dc6a4139365248ec64ea95fa8809993f147c,5a9ceef39b681f376a7e6468a104dc6a4139365248ec64ea95fa8809993f147c,verified
input,scripts/derive_annular_transport_anchor_and_resolution_controls_20260909.py,research-programme/reproducibility/20260909/scripts/derive_annular_transport_anchor_and_resolution_controls_20260909.py,7532,f125ae060443af733d16a9708de25f349ca6109a30003167c502bbe1e0e9fc65,f125ae060443af733d16a9708de25f349ca6109a30003167c502bbe1e0e9fc65,f125ae060443af733d16a9708de25f349ca6109a30003167c502bbe1e0e9fc65,verified
input,source-intake/navier-stokes/20260909/annular-covariant-transport-and-mixed-basis-derived/status.json,research-programme/reproducibility/20260909/source-intake/navier-stokes/20260909/annular-covariant-transport-and-mixed-basis-derived/status.json,132333,df1d4bf75609f24dcbd72524f3db40b0ed1e460caab0d67c05fe5ce8b0eb2013,df1d4bf75609f24dcbd72524f3db40b0ed1e460caab0d67c05fe5ce8b0eb2013,df1d4bf75609f24dcbd72524f3db40b0ed1e460caab0d67c05fe5ce8b0eb2013,verified
input,source-intake/navier-stokes/20260909/annular-covariant-transport-and-mixed-basis-derived/canonical_basis_N32.npz,research-programme/reproducibility/20260909/source-intake/navier-stokes/20260909/annular-covariant-transport-and-mixed-basis-derived/canonical_basis_N32.npz,2816,5c639d00b7695422e2b9fb93e89912256505646f0631144e45ddeb5c465f4405,5c639d00b7695422e2b9fb93e89912256505646f0631144e45ddeb5c465f4405,5c639d00b7695422e2b9fb93e89912256505646f0631144e45ddeb5c465f4405,verified
input,source-intake/navier-stokes/20260909/annular-covariant-transport-and-mixed-basis-derived/canonical_basis_N64.npz,research-programme/reproducibility/20260909/source-intake/navier-stokes/20260909/annular-covariant-transport-and-mixed-basis-derived/canonical_basis_N64.npz,3699,74d4df9eafe647f6d89309b2ba9c02f0b831c484d430675cee3c14c676e22ddb,74d4df9eafe647f6d89309b2ba9c02f0b831c484d430675cee3c14c676e22ddb,74d4df9eafe647f6d89309b2ba9c02f0b831c484d430675cee3c14c676e22ddb,verified
input,source-intake/navier-stokes/20260909/annular-covariant-transport-and-mixed-basis-derived/canonical_basis_N128.npz,research-programme/reproducibility/20260909/source-intake/navier-stokes/20260909/annular-covariant-transport-and-mixed-basis-derived/canonical_basis_N128.npz,5401,a513fb134a7164c6c48ead096b0da745d78d93ec5ec6b4ff11eeb645124f85e0,a513fb134a7164c6c48ead096b0da745d78d93ec5ec6b4ff11eeb645124f85e0,a513fb134a7164c6c48ead096b0da745d78d93ec5ec6b4ff11eeb645124f85e0,verified
input,source-intake/navier-stokes/20260909/annular-covariant-transport-and-mixed-basis-derived/canonical_actual_N128_covariance.npz,research-programme/reproducibility/20260909/source-intake/navier-stokes/20260909/annular-covariant-transport-and-mixed-basis-derived/canonical_actual_N128_covariance.npz,31536,6999f3f0415d56951b92fba35ba4c68c119b4c1b369c575cc9bcbc0b616780f9,6999f3f0415d56951b92fba35ba4c68c119b4c1b369c575cc9bcbc0b616780f9,6999f3f0415d56951b92fba35ba4c68c119b4c1b369c575cc9bcbc0b616780f9,verified
input,source-intake/navier-stokes/20260909/annular-covariant-transport-and-mixed-basis-derived/nonlinear_modulated_basis_N32.npz,research-programme/reproducibility/20260909/source-intake/navier-stokes/20260909/annular-covariant-transport-and-mixed-basis-derived/nonlinear_modulated_basis_N32.npz,2815,22bf943d811289a25fff699ea4e7ba2c21d48a78901e0a765e314a71ba3545e8,22bf943d811289a25fff699ea4e7ba2c21d48a78901e0a765e314a71ba3545e8,22bf943d811289a25fff699ea4e7ba2c21d48a78901e0a765e314a71ba3545e8,verified
input,source-intake/navier-stokes/20260909/annular-covariant-transport-and-mixed-basis-derived/nonlinear_modulated_basis_N64.npz,research-programme/reproducibility/20260909/source-intake/navier-stokes/20260909/annular-covariant-transport-and-mixed-basis-derived/nonlinear_modulated_basis_N64.npz,3703,273eb93c8105472932a2aa5f315c8198c163acb86d1d115e37a50bb6a59f5ea8,273eb93c8105472932a2aa5f315c8198c163acb86d1d115e37a50bb6a59f5ea8,273eb93c8105472932a2aa5f315c8198c163acb86d1d115e37a50bb6a59f5ea8,verified
input,source-intake/navier-stokes/20260909/annular-covariant-transport-and-mixed-basis-derived/nonlinear_modulated_basis_N128.npz,research-programme/reproducibility/20260909/source-intake/navier-stokes/20260909/annular-covariant-transport-and-mixed-basis-derived/nonlinear_modulated_basis_N128.npz,5396,6c856e0f576451471889b989de9e6d4e16bf75ddd23302abf9ff439d04bd4536,6c856e0f576451471889b989de9e6d4e16bf75ddd23302abf9ff439d04bd4536,6c856e0f576451471889b989de9e6d4e16bf75ddd23302abf9ff439d04bd4536,verified
input,source-intake/navier-stokes/20260909/annular-covariant-transport-and-mixed-basis-derived/nonlinear_modulated_actual_N128_covariance.npz,research-programme/reproducibility/20260909/source-intake/navier-stokes/20260909/annular-covariant-transport-and-mixed-basis-derived/nonlinear_modulated_actual_N128_covariance.npz,31568,7da4fa20df9fe26b4e56e910c24bed09ddf41198a449919b88b5e0dbfb3ab57a,7da4fa20df9fe26b4e56e910c24bed09ddf41198a449919b88b5e0dbfb3ab57a,7da4fa20df9fe26b4e56e910c24bed09ddf41198a449919b88b5e0dbfb3ab57a,verified
input,scripts/derive_annular_covariant_transport_scale_20260909.py,research-programme/reproducibility/20260909/scripts/derive_annular_covariant_transport_scale_20260909.py,5480,a01d748951f01ef7dd2d521c4afb04605bacb90d3493e47b7214d6ae12e5ee66,a01d748951f01ef7dd2d521c4afb04605bacb90d3493e47b7214d6ae12e5ee66,a01d748951f01ef7dd2d521c4afb04605bacb90d3493e47b7214d6ae12e5ee66,verified
input,source-intake/navier-stokes/20260909/annular-transport-anchor-and-resolution-controls/status.json,research-programme/reproducibility/20260909/source-intake/navier-stokes/20260909/annular-transport-anchor-and-resolution-controls/status.json,115141,e3c7f96a36c3bef122559a750391cfdac568fc1cf224c526f10abef31cf801dc,e3c7f96a36c3bef122559a750391cfdac568fc1cf224c526f10abef31cf801dc,e3c7f96a36c3bef122559a750391cfdac568fc1cf224c526f10abef31cf801dc,verified
input,scripts/verify_annular_finite_metric_pullback_20260909.py,research-programme/reproducibility/20260909/scripts/verify_annular_finite_metric_pullback_20260909.py,6477,b2fc588efd170114f46399f1f6a575324da92287ab6d571da23f95ace2881b4b,b2fc588efd170114f46399f1f6a575324da92287ab6d571da23f95ace2881b4b,b2fc588efd170114f46399f1f6a575324da92287ab6d571da23f95ace2881b4b,verified
input,source-intake/navier-stokes/20260909/annular-covariant-transport-scale-control/status.json,research-programme/reproducibility/20260909/source-intake/navier-stokes/20260909/annular-covariant-transport-scale-control/status.json,116207,44f6b00e7cd818b408179ae53bff5c7413fa5a12e874f500c17dcb7ef3107f35,44f6b00e7cd818b408179ae53bff5c7413fa5a12e874f500c17dcb7ef3107f35,44f6b00e7cd818b408179ae53bff5c7413fa5a12e874f500c17dcb7ef3107f35,verified
input,DERIVATION-20260909-covariant-time-links-and-mixed-gravity-basis.md,research-programme/reproducibility/20260909/DERIVATION-20260909-covariant-time-links-and-mixed-gravity-basis.md,13555,2acda4c747b4a84f59351347ab76bb7e9a7c46406eabc56ae8c236bee4687967,2acda4c747b4a84f59351347ab76bb7e9a7c46406eabc56ae8c236bee4687967,2acda4c747b4a84f59351347ab76bb7e9a7c46406eabc56ae8c236bee4687967,verified
input,source-intake/navier-stokes/20260909/annular-covariant-transport-and-mixed-basis-derived/COMPLETE,research-programme/reproducibility/20260909/source-intake/navier-stokes/20260909/annular-covariant-transport-and-mixed-basis-derived/COMPLETE,34,cb0929cc6f7d09906d33b2ad7e1ef389c35bd203fea8a24fb9d6ca21bf88f312,cb0929cc6f7d09906d33b2ad7e1ef389c35bd203fea8a24fb9d6ca21bf88f312,cb0929cc6f7d09906d33b2ad7e1ef389c35bd203fea8a24fb9d6ca21bf88f312,verified
input,source-intake/navier-stokes/20260909/annular-covariant-transport-and-mixed-basis-derived/executed-script.py,research-programme/reproducibility/20260909/source-intake/navier-stokes/20260909/annular-covariant-transport-and-mixed-basis-derived/executed-script.py,18852,37751a8fe8c35ef149d5b4fe3cb3f755d7e109a28318c41842b5ebc400357616,37751a8fe8c35ef149d5b4fe3cb3f755d7e109a28318c41842b5ebc400357616,37751a8fe8c35ef149d5b4fe3cb3f755d7e109a28318c41842b5ebc400357616,verified
input,source-intake/navier-stokes/20260909/annular-transport-anchor-and-resolution-controls/COMPLETE,research-programme/reproducibility/20260909/source-intake/navier-stokes/20260909/annular-transport-anchor-and-resolution-controls/COMPLETE,34,3a16ec13c74a8b2d575145bfba5dc24ddfde679ef241b686bffb0b08d55ef78e,3a16ec13c74a8b2d575145bfba5dc24ddfde679ef241b686bffb0b08d55ef78e,3a16ec13c74a8b2d575145bfba5dc24ddfde679ef241b686bffb0b08d55ef78e,verified
input,source-intake/navier-stokes/20260909/annular-transport-anchor-and-resolution-controls/executed-script.py,research-programme/reproducibility/20260909/source-intake/navier-stokes/20260909/annular-transport-anchor-and-resolution-controls/executed-script.py,7532,f125ae060443af733d16a9708de25f349ca6109a30003167c502bbe1e0e9fc65,f125ae060443af733d16a9708de25f349ca6109a30003167c502bbe1e0e9fc65,f125ae060443af733d16a9708de25f349ca6109a30003167c502bbe1e0e9fc65,verified
input,source-intake/navier-stokes/20260909/annular-covariant-transport-scale-control/COMPLETE,research-programme/reproducibility/20260909/source-intake/navier-stokes/20260909/annular-covariant-transport-scale-control/COMPLETE,34,cad53a10232f769beef80196ae526663611c29130439befde7c6464a481d7ce7,cad53a10232f769beef80196ae526663611c29130439befde7c6464a481d7ce7,cad53a10232f769beef80196ae526663611c29130439befde7c6464a481d7ce7,verified
input,source-intake/navier-stokes/20260909/annular-covariant-transport-scale-control/executed-script.py,research-programme/reproducibility/20260909/source-intake/navier-stokes/20260909/annular-covariant-transport-scale-control/executed-script.py,5480,a01d748951f01ef7dd2d521c4afb04605bacb90d3493e47b7214d6ae12e5ee66,a01d748951f01ef7dd2d521c4afb04605bacb90d3493e47b7214d6ae12e5ee66,a01d748951f01ef7dd2d521c4afb04605bacb90d3493e47b7214d6ae12e5ee66,verified
input,source-intake/navier-stokes/20260909/annular-finite-metric-pullback-control/COMPLETE,research-programme/reproducibility/20260909/source-intake/navier-stokes/20260909/annular-finite-metric-pullback-control/COMPLETE,34,8ab1e8f86aa878f83ebd4d448f88611ba14d12c960d1d210fd25408ba632b4a7,8ab1e8f86aa878f83ebd4d448f88611ba14d12c960d1d210fd25408ba632b4a7,8ab1e8f86aa878f83ebd4d448f88611ba14d12c960d1d210fd25408ba632b4a7,verified
input,source-intake/navier-stokes/20260909/annular-finite-metric-pullback-control/executed-script.py,research-programme/reproducibility/20260909/source-intake/navier-stokes/20260909/annular-finite-metric-pullback-control/executed-script.py,6477,b2fc588efd170114f46399f1f6a575324da92287ab6d571da23f95ace2881b4b,b2fc588efd170114f46399f1f6a575324da92287ab6d571da23f95ace2881b4b,b2fc588efd170114f46399f1f6a575324da92287ab6d571da23f95ace2881b4b,verified
input,source-intake/navier-stokes/20260909/annular-finite-metric-pullback-control/status.json,research-programme/reproducibility/20260909/source-intake/navier-stokes/20260909/annular-finite-metric-pullback-control/status.json,114773,6eeb31cbd438222020cdd8c3110bd09ba7836490e6c50289ef5c4f3893757af3,6eeb31cbd438222020cdd8c3110bd09ba7836490e6c50289ef5c4f3893757af3,6eeb31cbd438222020cdd8c3110bd09ba7836490e6c50289ef5c4f3893757af3,verified
input,scripts/annular_adm_mixed_action_20260909.py,research-programme/reproducibility/20260909/scripts/annular_adm_mixed_action_20260909.py,11015,c5681003a7a495196428407f25e00babc525a35d953618e1911540f4b096fe05,c5681003a7a495196428407f25e00babc525a35d953618e1911540f4b096fe05,c5681003a7a495196428407f25e00babc525a35d953618e1911540f4b096fe05,verified
input,scripts/annular_adm_clock_quadratic_20260909.py,research-programme/reproducibility/20260909/scripts/annular_adm_clock_quadratic_20260909.py,13026,e5ccec725f88125169ccf6f533d5f613343a7259fabad0c0bcf992e600d024be,e5ccec725f88125169ccf6f533d5f613343a7259fabad0c0bcf992e600d024be,e5ccec725f88125169ccf6f533d5f613343a7259fabad0c0bcf992e600d024be,verified
input,scripts/derive_annular_adm_clock_quadratic_20260909.py,research-programme/reproducibility/20260909/scripts/derive_annular_adm_clock_quadratic_20260909.py,21718,49ab7ebf17eb8c3bd988850306e9fa4a967831a104455390f05a13811d5a0a16,49ab7ebf17eb8c3bd988850306e9fa4a967831a104455390f05a13811d5a0a16,49ab7ebf17eb8c3bd988850306e9fa4a967831a104455390f05a13811d5a0a16,verified
input,source-intake/navier-stokes/20260909/annular-adm-clock-quadratic-derived/status.json,research-programme/reproducibility/20260909/source-intake/navier-stokes/20260909/annular-adm-clock-quadratic-derived/status.json,132846,1d13394fe9c1a44f0364f02dab29ca46667ed199bbea62d94d4762d40689a171,1d13394fe9c1a44f0364f02dab29ca46667ed199bbea62d94d4762d40689a171,1d13394fe9c1a44f0364f02dab29ca46667ed199bbea62d94d4762d40689a171,verified
input,source-intake/navier-stokes/20260909/annular-adm-clock-quadratic-derived/canonical_local_N16_quadratic_blocks.npz,research-programme/reproducibility/20260909/source-intake/navier-stokes/20260909/annular-adm-clock-quadratic-derived/canonical_local_N16_quadratic_blocks.npz,8313,15d65a90e73d9babfdfa9866c65b9a515141c0900f2a5d5cdfc01e8fcc6b4ade,15d65a90e73d9babfdfa9866c65b9a515141c0900f2a5d5cdfc01e8fcc6b4ade,15d65a90e73d9babfdfa9866c65b9a515141c0900f2a5d5cdfc01e8fcc6b4ade,verified
input,source-intake/navier-stokes/20260909/annular-adm-clock-quadratic-derived/nonlinear_modulated_local_N16_quadratic_blocks.npz,research-programme/reproducibility/20260909/source-intake/navier-stokes/20260909/annular-adm-clock-quadratic-derived/nonlinear_modulated_local_N16_quadratic_blocks.npz,10444,6b22b6f2bee8c0a5d4f053cc8974d1d0f09ab44935d55784fe494074341cc08a,6b22b6f2bee8c0a5d4f053cc8974d1d0f09ab44935d55784fe494074341cc08a,6b22b6f2bee8c0a5d4f053cc8974d1d0f09ab44935d55784fe494074341cc08a,verified
input,scripts/derive_annular_adm_affine_and_boundary_20260909.py,research-programme/reproducibility/20260909/scripts/derive_annular_adm_affine_and_boundary_20260909.py,17093,809ed7ba1830f6cfd029117395b0542c9085b4bbff0b564f2e57fde27812d0f3,809ed7ba1830f6cfd029117395b0542c9085b4bbff0b564f2e57fde27812d0f3,809ed7ba1830f6cfd029117395b0542c9085b4bbff0b564f2e57fde27812d0f3,verified
input,DERIVATION-20260909-shift-unfixed-GR-and-local-quadratic-clock-action.md,research-programme/reproducibility/20260909/DERIVATION-20260909-shift-unfixed-GR-and-local-quadratic-clock-action.md,15150,1d5fc4b4bbe62d2714be54517bcf7ec47c3af7ee47cadd3193f473d61eba3daf,1d5fc4b4bbe62d2714be54517bcf7ec47c3af7ee47cadd3193f473d61eba3daf,1d5fc4b4bbe62d2714be54517bcf7ec47c3af7ee47cadd3193f473d61eba3daf,verified
input,source-intake/navier-stokes/20260909/annular-adm-clock-quadratic-derived/COMPLETE,research-programme/reproducibility/20260909/source-intake/navier-stokes/20260909/annular-adm-clock-quadratic-derived/COMPLETE,34,e568bcfa61e72f30cc048c0a2897ae26fcdc9651cb97ca95b747c538c0bc456e,e568bcfa61e72f30cc048c0a2897ae26fcdc9651cb97ca95b747c538c0bc456e,e568bcfa61e72f30cc048c0a2897ae26fcdc9651cb97ca95b747c538c0bc456e,verified
input,source-intake/navier-stokes/20260909/annular-adm-clock-quadratic-derived/executed-script.py,research-programme/reproducibility/20260909/source-intake/navier-stokes/20260909/annular-adm-clock-quadratic-derived/executed-script.py,21718,49ab7ebf17eb8c3bd988850306e9fa4a967831a104455390f05a13811d5a0a16,49ab7ebf17eb8c3bd988850306e9fa4a967831a104455390f05a13811d5a0a16,49ab7ebf17eb8c3bd988850306e9fa4a967831a104455390f05a13811d5a0a16,verified
input,source-intake/navier-stokes/20260909/annular-adm-affine-and-boundary-derived/canonical_affine_covectors.npz,research-programme/reproducibility/20260909/source-intake/navier-stokes/20260909/annular-adm-affine-and-boundary-derived/canonical_affine_covectors.npz,4975,1dbdc869ce2e45cddfbe85ccdb079b8cf10c5698a8b135ca2c0700f15e426e8b,1dbdc869ce2e45cddfbe85ccdb079b8cf10c5698a8b135ca2c0700f15e426e8b,1dbdc869ce2e45cddfbe85ccdb079b8cf10c5698a8b135ca2c0700f15e426e8b,verified
input,source-intake/navier-stokes/20260909/annular-adm-affine-and-boundary-derived/nonlinear_modulated_affine_covectors.npz,research-programme/reproducibility/20260909/source-intake/navier-stokes/20260909/annular-adm-affine-and-boundary-derived/nonlinear_modulated_affine_covectors.npz,4976,db561efa5fd066f7ff87e088492efd5aac168155ee6be88f6771ca641ba9e7aa,db561efa5fd066f7ff87e088492efd5aac168155ee6be88f6771ca641ba9e7aa,db561efa5fd066f7ff87e088492efd5aac168155ee6be88f6771ca641ba9e7aa,verified
input,source-intake/navier-stokes/20260909/annular-adm-affine-and-boundary-derived/COMPLETE,research-programme/reproducibility/20260909/source-intake/navier-stokes/20260909/annular-adm-affine-and-boundary-derived/COMPLETE,34,5820cdcdadd0618eba08b9dd26bd0e91c5a1cb4e32a8f73d9065ffbb1ceafcdd,5820cdcdadd0618eba08b9dd26bd0e91c5a1cb4e32a8f73d9065ffbb1ceafcdd,5820cdcdadd0618eba08b9dd26bd0e91c5a1cb4e32a8f73d9065ffbb1ceafcdd,verified
input,source-intake/navier-stokes/20260909/annular-adm-affine-and-boundary-derived/executed-script.py,research-programme/reproducibility/20260909/source-intake/navier-stokes/20260909/annular-adm-affine-and-boundary-derived/executed-script.py,17093,809ed7ba1830f6cfd029117395b0542c9085b4bbff0b564f2e57fde27812d0f3,809ed7ba1830f6cfd029117395b0542c9085b4bbff0b564f2e57fde27812d0f3,809ed7ba1830f6cfd029117395b0542c9085b4bbff0b564f2e57fde27812d0f3,verified
input,source-intake/navier-stokes/20260909/annular-adm-affine-and-boundary-derived/status.json,research-programme/reproducibility/20260909/source-intake/navier-stokes/20260909/annular-adm-affine-and-boundary-derived/status.json,123786,47326b02e85e144c79b88ad1283acb597773141a9bab79fc5b821c76077dea94,47326b02e85e144c79b88ad1283acb597773141a9bab79fc5b821c76077dea94,47326b02e85e144c79b88ad1283acb597773141a9bab79fc5b821c76077dea94,verified
input,scripts/annular_constraint_routhian_20260909.py,research-programme/reproducibility/20260909/scripts/annular_constraint_routhian_20260909.py,16644,62a5cf9ac8f8e73ee56bc0c46f29e5ed560692cb19a1125ba848f15c72b1dfd8,62a5cf9ac8f8e73ee56bc0c46f29e5ed560692cb19a1125ba848f15c72b1dfd8,62a5cf9ac8f8e73ee56bc0c46f29e5ed560692cb19a1125ba848f15c72b1dfd8,verified
input,scripts/derive_annular_constraint_routhian_20260909.py,research-programme/reproducibility/20260909/scripts/derive_annular_constraint_routhian_20260909.py,16381,e7fd78a514cf74102455f8f679b64c8b58fd6889cacbe4b16b1d6f18eb86a3d5,e7fd78a514cf74102455f8f679b64c8b58fd6889cacbe4b16b1d6f18eb86a3d5,e7fd78a514cf74102455f8f679b64c8b58fd6889cacbe4b16b1d6f18eb86a3d5,verified
input,source-intake/navier-stokes/20260909/annular-constraint-routhian-derived/status.json,research-programme/reproducibility/20260909/source-intake/navier-stokes/20260909/annular-constraint-routhian-derived/status.json,196872,d3ea3195c38298a3c3d62ac5aead64bb36d73cecceb00f86b937f70d87101d7d,d3ea3195c38298a3c3d62ac5aead64bb36d73cecceb00f86b937f70d87101d7d,d3ea3195c38298a3c3d62ac5aead64bb36d73cecceb00f86b937f70d87101d7d,verified
input,source-intake/navier-stokes/20260909/annular-constraint-routhian-derived/COMPLETE,research-programme/reproducibility/20260909/source-intake/navier-stokes/20260909/annular-constraint-routhian-derived/COMPLETE,34,99a413345d9ee3264f0db5e7f014f012a644ea3750e0d82ad27ab097ce5bc815,99a413345d9ee3264f0db5e7f014f012a644ea3750e0d82ad27ab097ce5bc815,99a413345d9ee3264f0db5e7f014f012a644ea3750e0d82ad27ab097ce5bc815,verified
input,source-intake/navier-stokes/20260909/annular-constraint-routhian-derived/executed-script.py,research-programme/reproducibility/20260909/source-intake/navier-stokes/20260909/annular-constraint-routhian-derived/executed-script.py,16381,e7fd78a514cf74102455f8f679b64c8b58fd6889cacbe4b16b1d6f18eb86a3d5,e7fd78a514cf74102455f8f679b64c8b58fd6889cacbe4b16b1d6f18eb86a3d5,e7fd78a514cf74102455f8f679b64c8b58fd6889cacbe4b16b1d6f18eb86a3d5,verified
input,source-intake/navier-stokes/20260909/annular-constraint-routhian-derived/canonical_N16_GR.npz,research-programme/reproducibility/20260909/source-intake/navier-stokes/20260909/annular-constraint-routhian-derived/canonical_N16_GR.npz,15043,04b32e6fd82d3118a0d38c53a09e41f46bb5fc8e7cea5737ed76da2b98aa3181,04b32e6fd82d3118a0d38c53a09e41f46bb5fc8e7cea5737ed76da2b98aa3181,04b32e6fd82d3118a0d38c53a09e41f46bb5fc8e7cea5737ed76da2b98aa3181,verified
input,source-intake/navier-stokes/20260909/annular-constraint-routhian-derived/canonical_N16_Gram.npz,research-programme/reproducibility/20260909/source-intake/navier-stokes/20260909/annular-constraint-routhian-derived/canonical_N16_Gram.npz,15250,dec78fe169383ac4cbf213901b3016ca00d50ab67b3747b9f1a861b83019ef50,dec78fe169383ac4cbf213901b3016ca00d50ab67b3747b9f1a861b83019ef50,dec78fe169383ac4cbf213901b3016ca00d50ab67b3747b9f1a861b83019ef50,verified
input,source-intake/navier-stokes/20260909/annular-constraint-routhian-derived/canonical_N32_GR.npz,research-programme/reproducibility/20260909/source-intake/navier-stokes/20260909/annular-constraint-routhian-derived/canonical_N32_GR.npz,25504,4b867accca8171fa5a9339af916d369bf792638699ef854268df61f7501cf3ec,4b867accca8171fa5a9339af916d369bf792638699ef854268df61f7501cf3ec,4b867accca8171fa5a9339af916d369bf792638699ef854268df61f7501cf3ec,verified
input,source-intake/navier-stokes/20260909/annular-constraint-routhian-derived/canonical_N32_Gram.npz,research-programme/reproducibility/20260909/source-intake/navier-stokes/20260909/annular-constraint-routhian-derived/canonical_N32_Gram.npz,25952,96e19f1804513aa2f9935324d7bf28cee270e9066c6c77a4b5489cb0d7c1484c,96e19f1804513aa2f9935324d7bf28cee270e9066c6c77a4b5489cb0d7c1484c,96e19f1804513aa2f9935324d7bf28cee270e9066c6c77a4b5489cb0d7c1484c,verified
input,source-intake/navier-stokes/20260909/annular-constraint-routhian-derived/canonical_N64_GR.npz,research-programme/reproducibility/20260909/source-intake/navier-stokes/20260909/annular-constraint-routhian-derived/canonical_N64_GR.npz,48065,a41e95617b42b688d036ff7234b265acac86e217f78c8c7620d270e843238452,a41e95617b42b688d036ff7234b265acac86e217f78c8c7620d270e843238452,a41e95617b42b688d036ff7234b265acac86e217f78c8c7620d270e843238452,verified
input,source-intake/navier-stokes/20260909/annular-constraint-routhian-derived/canonical_N64_Gram.npz,research-programme/reproducibility/20260909/source-intake/navier-stokes/20260909/annular-constraint-routhian-derived/canonical_N64_Gram.npz,49089,e2c446c68ee82904161cc3673213b7a6e13408465195ab73f828a7f03cb87d58,e2c446c68ee82904161cc3673213b7a6e13408465195ab73f828a7f03cb87d58,e2c446c68ee82904161cc3673213b7a6e13408465195ab73f828a7f03cb87d58,verified
input,source-intake/navier-stokes/20260909/annular-constraint-routhian-derived/nonlinear_modulated_N16_GR.npz,research-programme/reproducibility/20260909/source-intake/navier-stokes/20260909/annular-constraint-routhian-derived/nonlinear_modulated_N16_GR.npz,15067,468c7b28ab72dfd5c71e417cb5183c72783371afa22dacd76530dbfb9f5694bf,468c7b28ab72dfd5c71e417cb5183c72783371afa22dacd76530dbfb9f5694bf,468c7b28ab72dfd5c71e417cb5183c72783371afa22dacd76530dbfb9f5694bf,verified
input,source-intake/navier-stokes/20260909/annular-constraint-routhian-derived/nonlinear_modulated_N16_Gram.npz,research-programme/reproducibility/20260909/source-intake/navier-stokes/20260909/annular-constraint-routhian-derived/nonlinear_modulated_N16_Gram.npz,15352,d455d94ca0f015e674f00239f30d98fb7a736da01b8a431238f07d64ee017ba0,d455d94ca0f015e674f00239f30d98fb7a736da01b8a431238f07d64ee017ba0,d455d94ca0f015e674f00239f30d98fb7a736da01b8a431238f07d64ee017ba0,verified
input,source-intake/navier-stokes/20260909/annular-constraint-routhian-derived/nonlinear_modulated_N32_GR.npz,research-programme/reproducibility/20260909/source-intake/navier-stokes/20260909/annular-constraint-routhian-derived/nonlinear_modulated_N32_GR.npz,25495,22bc42044778854976ce0d2eaf5ef2f65982f33a8efe5d816ec4fe488bf2a9ff,22bc42044778854976ce0d2eaf5ef2f65982f33a8efe5d816ec4fe488bf2a9ff,22bc42044778854976ce0d2eaf5ef2f65982f33a8efe5d816ec4fe488bf2a9ff,verified
input,source-intake/navier-stokes/20260909/annular-constraint-routhian-derived/nonlinear_modulated_N32_Gram.npz,research-programme/reproducibility/20260909/source-intake/navier-stokes/20260909/annular-constraint-routhian-derived/nonlinear_modulated_N32_Gram.npz,26121,a108b2370b83be25124fd0242f8de64956b0f397443394c8d96aed3e54de058a,a108b2370b83be25124fd0242f8de64956b0f397443394c8d96aed3e54de058a,a108b2370b83be25124fd0242f8de64956b0f397443394c8d96aed3e54de058a,verified
input,source-intake/navier-stokes/20260909/annular-constraint-routhian-derived/nonlinear_modulated_N64_GR.npz,research-programme/reproducibility/20260909/source-intake/navier-stokes/20260909/annular-constraint-routhian-derived/nonlinear_modulated_N64_GR.npz,48083,16fa56aea2633260e96ed38940eb9bd80f4c101874b091b830f1fd2e1661ae56,16fa56aea2633260e96ed38940eb9bd80f4c101874b091b830f1fd2e1661ae56,16fa56aea2633260e96ed38940eb9bd80f4c101874b091b830f1fd2e1661ae56,verified
input,source-intake/navier-stokes/20260909/annular-constraint-routhian-derived/nonlinear_modulated_N64_Gram.npz,research-programme/reproducibility/20260909/source-intake/navier-stokes/20260909/annular-constraint-routhian-derived/nonlinear_modulated_N64_Gram.npz,49351,fde546daac8e0449dd4da48dc9108bf7649512d16dfcdb11b13dc96002f4c52a,fde546daac8e0449dd4da48dc9108bf7649512d16dfcdb11b13dc96002f4c52a,fde546daac8e0449dd4da48dc9108bf7649512d16dfcdb11b13dc96002f4c52a,verified
input,source-intake/navier-stokes/20260909/annular-constraint-tangent-verified/status.json,research-programme/reproducibility/20260909/source-intake/navier-stokes/20260909/annular-constraint-tangent-verified/status.json,156912,d05f3b5e746c3b6a1aeccda561c77d53ab610e624588a651ebcf2b028c2cde0a,d05f3b5e746c3b6a1aeccda561c77d53ab610e624588a651ebcf2b028c2cde0a,d05f3b5e746c3b6a1aeccda561c77d53ab610e624588a651ebcf2b028c2cde0a,verified
input,source-intake/navier-stokes/20260909/annular-constraint-tangent-verified/executed-script.py,research-programme/reproducibility/20260909/source-intake/navier-stokes/20260909/annular-constraint-tangent-verified/executed-script.py,11326,9c3050a7e9f85e907068ca40120642ea1961afe5a128f9fd028ea924203f26f6,9c3050a7e9f85e907068ca40120642ea1961afe5a128f9fd028ea924203f26f6,9c3050a7e9f85e907068ca40120642ea1961afe5a128f9fd028ea924203f26f6,verified
input,scripts/verify_annular_constraint_tangent_20260909.py,research-programme/reproducibility/20260909/scripts/verify_annular_constraint_tangent_20260909.py,11941,4d9cfd1cc0d80aa9f4ec44e31dd507f0af747219a27306cc9804723f092b311e,4d9cfd1cc0d80aa9f4ec44e31dd507f0af747219a27306cc9804723f092b311e,4d9cfd1cc0d80aa9f4ec44e31dd507f0af747219a27306cc9804723f092b311e,verified
input,source-intake/navier-stokes/20260909/annular-constraint-tangent-verified-full-fixture/status.json,research-programme/reproducibility/20260909/source-intake/navier-stokes/20260909/annular-constraint-tangent-verified-full-fixture/status.json,157502,e01eed559a0109e3daa38733e9c5675c529aab9ac0451682685efa2c47ed9ed9,e01eed559a0109e3daa38733e9c5675c529aab9ac0451682685efa2c47ed9ed9,e01eed559a0109e3daa38733e9c5675c529aab9ac0451682685efa2c47ed9ed9,verified
input,source-intake/navier-stokes/20260909/annular-constraint-tangent-verified-full-fixture/COMPLETE,research-programme/reproducibility/20260909/source-intake/navier-stokes/20260909/annular-constraint-tangent-verified-full-fixture/COMPLETE,34,d469d6d49c33995a3ba1820332cdbb26614bd6ba27af011759f8f383373dbc8a,d469d6d49c33995a3ba1820332cdbb26614bd6ba27af011759f8f383373dbc8a,d469d6d49c33995a3ba1820332cdbb26614bd6ba27af011759f8f383373dbc8a,verified
input,source-intake/navier-stokes/20260909/annular-constraint-tangent-verified-full-fixture/executed-script.py,research-programme/reproducibility/20260909/source-intake/navier-stokes/20260909/annular-constraint-tangent-verified-full-fixture/executed-script.py,11941,4d9cfd1cc0d80aa9f4ec44e31dd507f0af747219a27306cc9804723f092b311e,4d9cfd1cc0d80aa9f4ec44e31dd507f0af747219a27306cc9804723f092b311e,4d9cfd1cc0d80aa9f4ec44e31dd507f0af747219a27306cc9804723f092b311e,verified
input,scripts/derive_annular_constraint_work_split_20260909.py,research-programme/reproducibility/20260909/scripts/derive_annular_constraint_work_split_20260909.py,7549,e63af5b109ce71c834745d63c381428fb1c894e8ae54cd1bcc344b5996ae0aae,e63af5b109ce71c834745d63c381428fb1c894e8ae54cd1bcc344b5996ae0aae,e63af5b109ce71c834745d63c381428fb1c894e8ae54cd1bcc344b5996ae0aae,verified
input,source-intake/navier-stokes/20260909/annular-constraint-work-split-derived/status.json,research-programme/reproducibility/20260909/source-intake/navier-stokes/20260909/annular-constraint-work-split-derived/status.json,135824,777c166adbd4a874abbf90e1248650ff1ac475caf972a3c15d16e32c9bff652a,777c166adbd4a874abbf90e1248650ff1ac475caf972a3c15d16e32c9bff652a,777c166adbd4a874abbf90e1248650ff1ac475caf972a3c15d16e32c9bff652a,verified
input,source-intake/navier-stokes/20260909/annular-constraint-work-split-derived/COMPLETE,research-programme/reproducibility/20260909/source-intake/navier-stokes/20260909/annular-constraint-work-split-derived/COMPLETE,34,2e004667524ba985437703285eef9e094011d6d2c4428d7b18287cfbb8f92e44,2e004667524ba985437703285eef9e094011d6d2c4428d7b18287cfbb8f92e44,2e004667524ba985437703285eef9e094011d6d2c4428d7b18287cfbb8f92e44,verified
input,source-intake/navier-stokes/20260909/annular-constraint-work-split-derived/executed-script.py,research-programme/reproducibility/20260909/source-intake/navier-stokes/20260909/annular-constraint-work-split-derived/executed-script.py,7549,e63af5b109ce71c834745d63c381428fb1c894e8ae54cd1bcc344b5996ae0aae,e63af5b109ce71c834745d63c381428fb1c894e8ae54cd1bcc344b5996ae0aae,e63af5b109ce71c834745d63c381428fb1c894e8ae54cd1bcc344b5996ae0aae,verified
input,scripts/finalize_annular_constraint_routhian_20260909.py,research-programme/reproducibility/20260909/scripts/finalize_annular_constraint_routhian_20260909.py,4860,299a00375de4903986f40393dd994acb76288486cc721514b6a5727bcb6b90f9,299a00375de4903986f40393dd994acb76288486cc721514b6a5727bcb6b90f9,299a00375de4903986f40393dd994acb76288486cc721514b6a5727bcb6b90f9,verified
input,DERIVATION-20260909-constrained-initial-slice-solve-and-mass-flux-tangent.md,research-programme/reproducibility/20260909/DERIVATION-20260909-constrained-initial-slice-solve-and-mass-flux-tangent.md,11678,e1a9f75ab161c25ee231596471390258dc88282d88f8622e4f22d73db1b39e53,e1a9f75ab161c25ee231596471390258dc88282d88f8622e4f22d73db1b39e53,e1a9f75ab161c25ee231596471390258dc88282d88f8622e4f22d73db1b39e53,verified
input,source-intake/navier-stokes/20260909/annular-constraint-work-split-derived/canonical_N16_GR.npz,research-programme/reproducibility/20260909/source-intake/navier-stokes/20260909/annular-constraint-work-split-derived/canonical_N16_GR.npz,6393,9ae2f0a0b9d70a3d2d04c224b00eee9b7d0c5363d81e0435942529808f817c74,9ae2f0a0b9d70a3d2d04c224b00eee9b7d0c5363d81e0435942529808f817c74,9ae2f0a0b9d70a3d2d04c224b00eee9b7d0c5363d81e0435942529808f817c74,verified
input,source-intake/navier-stokes/20260909/annular-constraint-work-split-derived/canonical_N16_Gram.npz,research-programme/reproducibility/20260909/source-intake/navier-stokes/20260909/annular-constraint-work-split-derived/canonical_N16_Gram.npz,6394,e3b14e61ac790032fa57c53f9182cbc82a56bbad4745e66720e2441ddd4db550,e3b14e61ac790032fa57c53f9182cbc82a56bbad4745e66720e2441ddd4db550,e3b14e61ac790032fa57c53f9182cbc82a56bbad4745e66720e2441ddd4db550,verified
input,source-intake/navier-stokes/20260909/annular-constraint-work-split-derived/canonical_N32_GR.npz,research-programme/reproducibility/20260909/source-intake/navier-stokes/20260909/annular-constraint-work-split-derived/canonical_N32_GR.npz,9359,aa88b6c3aef49ca05c726448a4968c507bcc8c58b61fbc23d8e1051bd8584af6,aa88b6c3aef49ca05c726448a4968c507bcc8c58b61fbc23d8e1051bd8584af6,aa88b6c3aef49ca05c726448a4968c507bcc8c58b61fbc23d8e1051bd8584af6,verified
input,source-intake/navier-stokes/20260909/annular-constraint-work-split-derived/canonical_N32_Gram.npz,research-programme/reproducibility/20260909/source-intake/navier-stokes/20260909/annular-constraint-work-split-derived/canonical_N32_Gram.npz,9376,33f285a5885ec64417dc0d1338df7eafd32ca80cd167f8e9745fcf896e51d73b,33f285a5885ec64417dc0d1338df7eafd32ca80cd167f8e9745fcf896e51d73b,33f285a5885ec64417dc0d1338df7eafd32ca80cd167f8e9745fcf896e51d73b,verified
input,source-intake/navier-stokes/20260909/annular-constraint-work-split-derived/canonical_N64_GR.npz,research-programme/reproducibility/20260909/source-intake/navier-stokes/20260909/annular-constraint-work-split-derived/canonical_N64_GR.npz,14710,25290b5ab4572dc5f6f56569162e9d463ec764600ed2716a86af92409f411911,25290b5ab4572dc5f6f56569162e9d463ec764600ed2716a86af92409f411911,25290b5ab4572dc5f6f56569162e9d463ec764600ed2716a86af92409f411911,verified
input,source-intake/navier-stokes/20260909/annular-constraint-work-split-derived/canonical_N64_Gram.npz,research-programme/reproducibility/20260909/source-intake/navier-stokes/20260909/annular-constraint-work-split-derived/canonical_N64_Gram.npz,14702,75c2e946f1a7d5ed33f0a96718b6ae7963ea56339beb328e3c3c4cd3684e3f72,75c2e946f1a7d5ed33f0a96718b6ae7963ea56339beb328e3c3c4cd3684e3f72,75c2e946f1a7d5ed33f0a96718b6ae7963ea56339beb328e3c3c4cd3684e3f72,verified
input,source-intake/navier-stokes/20260909/annular-constraint-work-split-derived/nonlinear_modulated_N16_GR.npz,research-programme/reproducibility/20260909/source-intake/navier-stokes/20260909/annular-constraint-work-split-derived/nonlinear_modulated_N16_GR.npz,6408,d9f62182c8c2bb126980fc8305e42e7a29e9e62e2d88ba19c4adb186abc5ac41,d9f62182c8c2bb126980fc8305e42e7a29e9e62e2d88ba19c4adb186abc5ac41,d9f62182c8c2bb126980fc8305e42e7a29e9e62e2d88ba19c4adb186abc5ac41,verified
input,source-intake/navier-stokes/20260909/annular-constraint-work-split-derived/nonlinear_modulated_N16_Gram.npz,research-programme/reproducibility/20260909/source-intake/navier-stokes/20260909/annular-constraint-work-split-derived/nonlinear_modulated_N16_Gram.npz,6408,430aed871764c7323c7d1ddff89705700a1b32da92e4532363318b16577e8990,430aed871764c7323c7d1ddff89705700a1b32da92e4532363318b16577e8990,430aed871764c7323c7d1ddff89705700a1b32da92e4532363318b16577e8990,verified
input,source-intake/navier-stokes/20260909/annular-constraint-work-split-derived/nonlinear_modulated_N32_GR.npz,research-programme/reproducibility/20260909/source-intake/navier-stokes/20260909/annular-constraint-work-split-derived/nonlinear_modulated_N32_GR.npz,9367,f59bf57a308d52e0917819639a27043c1682e6275141d35d1d0f871f99d99aa4,f59bf57a308d52e0917819639a27043c1682e6275141d35d1d0f871f99d99aa4,f59bf57a308d52e0917819639a27043c1682e6275141d35d1d0f871f99d99aa4,verified
input,source-intake/navier-stokes/20260909/annular-constraint-work-split-derived/nonlinear_modulated_N32_Gram.npz,research-programme/reproducibility/20260909/source-intake/navier-stokes/20260909/annular-constraint-work-split-derived/nonlinear_modulated_N32_Gram.npz,9369,5426444f586975e27a6783c7655cea5e4430e2433c8b5c6058271bd480ca0d3c,5426444f586975e27a6783c7655cea5e4430e2433c8b5c6058271bd480ca0d3c,5426444f586975e27a6783c7655cea5e4430e2433c8b5c6058271bd480ca0d3c,verified
input,source-intake/navier-stokes/20260909/annular-constraint-work-split-derived/nonlinear_modulated_N64_GR.npz,research-programme/reproducibility/20260909/source-intake/navier-stokes/20260909/annular-constraint-work-split-derived/nonlinear_modulated_N64_GR.npz,14719,8321ea97c20d77b546102d925f4e2f6da143d467c35e00bf2ffa954bd384b975,8321ea97c20d77b546102d925f4e2f6da143d467c35e00bf2ffa954bd384b975,8321ea97c20d77b546102d925f4e2f6da143d467c35e00bf2ffa954bd384b975,verified
input,source-intake/navier-stokes/20260909/annular-constraint-work-split-derived/nonlinear_modulated_N64_Gram.npz,research-programme/reproducibility/20260909/source-intake/navier-stokes/20260909/annular-constraint-work-split-derived/nonlinear_modulated_N64_Gram.npz,14721,560b5a7209c7a28326cf7ef6aba561d581e185b8d9efd881671f2bf4d79aa0dc,560b5a7209c7a28326cf7ef6aba561d581e185b8d9efd881671f2bf4d79aa0dc,560b5a7209c7a28326cf7ef6aba561d581e185b8d9efd881671f2bf4d79aa0dc,verified
input,source-intake/navier-stokes/20260909/annular-constraint-routhian-resume-snapshot.md,research-programme/reproducibility/20260909/source-intake/navier-stokes/20260909/annular-constraint-routhian-resume-snapshot.md,852018,601908fec14ea392e74590d3d4b617f0c7c1e96fa8a57a1f3d357c5414170350,601908fec14ea392e74590d3d4b617f0c7c1e96fa8a57a1f3d357c5414170350,601908fec14ea392e74590d3d4b617f0c7c1e96fa8a57a1f3d357c5414170350,verified
input,source-intake/navier-stokes/20260909/annular-local-Ward-identity-derived/status.json,research-programme/reproducibility/20260909/source-intake/navier-stokes/20260909/annular-local-Ward-identity-derived/status.json,124762,b93ca8b021be7a43f7547256f7f05077566ce8314579e19f6fdb8ec14275cd6b,b93ca8b021be7a43f7547256f7f05077566ce8314579e19f6fdb8ec14275cd6b,b93ca8b021be7a43f7547256f7f05077566ce8314579e19f6fdb8ec14275cd6b,verified
input,source-intake/navier-stokes/20260909/annular-local-Ward-identity-derived/executed-script.py,research-programme/reproducibility/20260909/source-intake/navier-stokes/20260909/annular-local-Ward-identity-derived/executed-script.py,15357,9ce3e6b35eac9ca1c5c7605e3342f5da46e8ef2988cb0761fe94d93282ec541a,9ce3e6b35eac9ca1c5c7605e3342f5da46e8ef2988cb0761fe94d93282ec541a,9ce3e6b35eac9ca1c5c7605e3342f5da46e8ef2988cb0761fe94d93282ec541a,verified
input,source-intake/navier-stokes/20260909/annular-local-Ward-identity-derived-factored/status.json,research-programme/reproducibility/20260909/source-intake/navier-stokes/20260909/annular-local-Ward-identity-derived-factored/status.json,124905,0e1d93f57fce07851e9437095e175a01fa877a79cf6feecb269ef2d45d4c9cf9,0e1d93f57fce07851e9437095e175a01fa877a79cf6feecb269ef2d45d4c9cf9,0e1d93f57fce07851e9437095e175a01fa877a79cf6feecb269ef2d45d4c9cf9,verified
input,source-intake/navier-stokes/20260909/annular-local-Ward-identity-derived-factored/executed-script.py,research-programme/reproducibility/20260909/source-intake/navier-stokes/20260909/annular-local-Ward-identity-derived-factored/executed-script.py,16094,76a474ec6d195d8f85b0644bf4e2b7a407c56a728653289c791a44e369869f63,76a474ec6d195d8f85b0644bf4e2b7a407c56a728653289c791a44e369869f63,76a474ec6d195d8f85b0644bf4e2b7a407c56a728653289c791a44e369869f63,verified
input,scripts/annular_local_ward_identity_20260909.py,research-programme/reproducibility/20260909/scripts/annular_local_ward_identity_20260909.py,12574,463b2f51ee787ebd811d0c6dc5377f36d8d4e14aa50a756f4bb3e74d3c684675,463b2f51ee787ebd811d0c6dc5377f36d8d4e14aa50a756f4bb3e74d3c684675,463b2f51ee787ebd811d0c6dc5377f36d8d4e14aa50a756f4bb3e74d3c684675,verified
input,scripts/derive_annular_local_ward_identity_20260909.py,research-programme/reproducibility/20260909/scripts/derive_annular_local_ward_identity_20260909.py,16624,670da25e3cb10f2b9f25facc795f20e65134c4540360668f06f375bfecaa1534,670da25e3cb10f2b9f25facc795f20e65134c4540360668f06f375bfecaa1534,670da25e3cb10f2b9f25facc795f20e65134c4540360668f06f375bfecaa1534,verified
input,source-intake/navier-stokes/20260909/annular-local-Ward-identity-derived-validated/canonical_N16_GR.npz,research-programme/reproducibility/20260909/source-intake/navier-stokes/20260909/annular-local-Ward-identity-derived-validated/canonical_N16_GR.npz,11128,ca595194d448409d7d640b8764261de61dd32afa087d1194fbda3998cec6bdfb,ca595194d448409d7d640b8764261de61dd32afa087d1194fbda3998cec6bdfb,ca595194d448409d7d640b8764261de61dd32afa087d1194fbda3998cec6bdfb,verified
input,source-intake/navier-stokes/20260909/annular-local-Ward-identity-derived-validated/canonical_N16_Gram.npz,research-programme/reproducibility/20260909/source-intake/navier-stokes/20260909/annular-local-Ward-identity-derived-validated/canonical_N16_Gram.npz,11973,136baae7ac39b04276e76f8b1e10b582247d1c33214cb5105ea48399597b4b1a,136baae7ac39b04276e76f8b1e10b582247d1c33214cb5105ea48399597b4b1a,136baae7ac39b04276e76f8b1e10b582247d1c33214cb5105ea48399597b4b1a,verified
input,source-intake/navier-stokes/20260909/annular-local-Ward-identity-derived-validated/canonical_N32_GR.npz,research-programme/reproducibility/20260909/source-intake/navier-stokes/20260909/annular-local-Ward-identity-derived-validated/canonical_N32_GR.npz,15833,8da3ed3480464de915accfae15223cd0a05fd379430a5a0a0207e20b71d0c84b,8da3ed3480464de915accfae15223cd0a05fd379430a5a0a0207e20b71d0c84b,8da3ed3480464de915accfae15223cd0a05fd379430a5a0a0207e20b71d0c84b,verified
input,source-intake/navier-stokes/20260909/annular-local-Ward-identity-derived-validated/canonical_N32_Gram.npz,research-programme/reproducibility/20260909/source-intake/navier-stokes/20260909/annular-local-Ward-identity-derived-validated/canonical_N32_Gram.npz,17507,411fef3163c7f145963d680a49135094577aecdaa5fb825259195b739d188a91,411fef3163c7f145963d680a49135094577aecdaa5fb825259195b739d188a91,411fef3163c7f145963d680a49135094577aecdaa5fb825259195b739d188a91,verified
input,source-intake/navier-stokes/20260909/annular-local-Ward-identity-derived-validated/canonical_N64_GR.npz,research-programme/reproducibility/20260909/source-intake/navier-stokes/20260909/annular-local-Ward-identity-derived-validated/canonical_N64_GR.npz,24722,3cde2cebdef5ae30add153571991bf6c19c37e4179d306596ce32680bbd5c0e4,3cde2cebdef5ae30add153571991bf6c19c37e4179d306596ce32680bbd5c0e4,3cde2cebdef5ae30add153571991bf6c19c37e4179d306596ce32680bbd5c0e4,verified
input,source-intake/navier-stokes/20260909/annular-local-Ward-identity-derived-validated/canonical_N64_Gram.npz,research-programme/reproducibility/20260909/source-intake/navier-stokes/20260909/annular-local-Ward-identity-derived-validated/canonical_N64_Gram.npz,27779,fbd0a71f81f4ed72c0362686165b6a3ac3076fc51b5ab8a7c5efa8522356a8f6,fbd0a71f81f4ed72c0362686165b6a3ac3076fc51b5ab8a7c5efa8522356a8f6,fbd0a71f81f4ed72c0362686165b6a3ac3076fc51b5ab8a7c5efa8522356a8f6,verified
input,source-intake/navier-stokes/20260909/annular-local-Ward-identity-derived-validated/nonlinear_modulated_N16_GR.npz,research-programme/reproducibility/20260909/source-intake/navier-stokes/20260909/annular-local-Ward-identity-derived-validated/nonlinear_modulated_N16_GR.npz,11404,0a86fde8ead52f8648d95dbc90e36880a9db6060574b0f321799f5eb676b566b,0a86fde8ead52f8648d95dbc90e36880a9db6060574b0f321799f5eb676b566b,0a86fde8ead52f8648d95dbc90e36880a9db6060574b0f321799f5eb676b566b,verified
input,source-intake/navier-stokes/20260909/annular-local-Ward-identity-derived-validated/nonlinear_modulated_N16_Gram.npz,research-programme/reproducibility/20260909/source-intake/navier-stokes/20260909/annular-local-Ward-identity-derived-validated/nonlinear_modulated_N16_Gram.npz,12214,195984e04888009672619ae6a65bae9b1153650b6e27d494880f1691a45b79dd,195984e04888009672619ae6a65bae9b1153650b6e27d494880f1691a45b79dd,195984e04888009672619ae6a65bae9b1153650b6e27d494880f1691a45b79dd,verified
input,source-intake/navier-stokes/20260909/annular-local-Ward-identity-derived-validated/nonlinear_modulated_N32_GR.npz,research-programme/reproducibility/20260909/source-intake/navier-stokes/20260909/annular-local-Ward-identity-derived-validated/nonlinear_modulated_N32_GR.npz,16370,7b56340c2b5aa7dcf10700331262a0c633c25d8ea14a62b0a249644ab9e4205b,7b56340c2b5aa7dcf10700331262a0c633c25d8ea14a62b0a249644ab9e4205b,7b56340c2b5aa7dcf10700331262a0c633c25d8ea14a62b0a249644ab9e4205b,verified
input,source-intake/navier-stokes/20260909/annular-local-Ward-identity-derived-validated/nonlinear_modulated_N32_Gram.npz,research-programme/reproducibility/20260909/source-intake/navier-stokes/20260909/annular-local-Ward-identity-derived-validated/nonlinear_modulated_N32_Gram.npz,18060,30d6f455ba9298d91aa93cd6c79645f4c73da0038ec28b3926a620bf787196bb,30d6f455ba9298d91aa93cd6c79645f4c73da0038ec28b3926a620bf787196bb,30d6f455ba9298d91aa93cd6c79645f4c73da0038ec28b3926a620bf787196bb,verified
input,source-intake/navier-stokes/20260909/annular-local-Ward-identity-derived-validated/nonlinear_modulated_N64_GR.npz,research-programme/reproducibility/20260909/source-intake/navier-stokes/20260909/annular-local-Ward-identity-derived-validated/nonlinear_modulated_N64_GR.npz,25731,de610149b97b9c765ff32639cff0bd2a28d34e104d169a7150f232e00ad43775,de610149b97b9c765ff32639cff0bd2a28d34e104d169a7150f232e00ad43775,de610149b97b9c765ff32639cff0bd2a28d34e104d169a7150f232e00ad43775,verified
input,source-intake/navier-stokes/20260909/annular-local-Ward-identity-derived-validated/nonlinear_modulated_N64_Gram.npz,research-programme/reproducibility/20260909/source-intake/navier-stokes/20260909/annular-local-Ward-identity-derived-validated/nonlinear_modulated_N64_Gram.npz,28809,f737ea365c75527139883c2d09dcb7acc5c0fb78b51e9e2bed6594a9a508fe4f,f737ea365c75527139883c2d09dcb7acc5c0fb78b51e9e2bed6594a9a508fe4f,f737ea365c75527139883c2d09dcb7acc5c0fb78b51e9e2bed6594a9a508fe4f,verified
input,scripts/annular_metric_time_links_20260909.py,research-programme/reproducibility/20260909/scripts/annular_metric_time_links_20260909.py,6891,67b7395fd396a136a0bdaa4cb9ab1cecd6deef81caad594a2e21f2ebc3e00628,67b7395fd396a136a0bdaa4cb9ab1cecd6deef81caad594a2e21f2ebc3e00628,67b7395fd396a136a0bdaa4cb9ab1cecd6deef81caad594a2e21f2ebc3e00628,verified
input,scripts/derive_annular_metric_time_links_20260909.py,research-programme/reproducibility/20260909/scripts/derive_annular_metric_time_links_20260909.py,9854,5dc6b73c452b8ca0a8582744c41503e12e064c25991e7766fc60528a68e71fa4,5dc6b73c452b8ca0a8582744c41503e12e064c25991e7766fc60528a68e71fa4,5dc6b73c452b8ca0a8582744c41503e12e064c25991e7766fc60528a68e71fa4,verified
input,source-intake/navier-stokes/20260909/annular-metric-time-links-derived/canonical_N16.npz,research-programme/reproducibility/20260909/source-intake/navier-stokes/20260909/annular-metric-time-links-derived/canonical_N16.npz,17340,c098a3cbd79b0d66e8b320993c4ef5eeff56ba4a3b227ca7853d2412232bd031,c098a3cbd79b0d66e8b320993c4ef5eeff56ba4a3b227ca7853d2412232bd031,c098a3cbd79b0d66e8b320993c4ef5eeff56ba4a3b227ca7853d2412232bd031,verified
input,source-intake/navier-stokes/20260909/annular-metric-time-links-derived/canonical_N32.npz,research-programme/reproducibility/20260909/source-intake/navier-stokes/20260909/annular-metric-time-links-derived/canonical_N32.npz,27117,6ac928ecff56aae890c2cd899e70804df5334c7a8904b0d67f1fd26dcd8efda7,6ac928ecff56aae890c2cd899e70804df5334c7a8904b0d67f1fd26dcd8efda7,6ac928ecff56aae890c2cd899e70804df5334c7a8904b0d67f1fd26dcd8efda7,verified
input,source-intake/navier-stokes/20260909/annular-metric-time-links-derived/canonical_N64.npz,research-programme/reproducibility/20260909/source-intake/navier-stokes/20260909/annular-metric-time-links-derived/canonical_N64.npz,45430,a62eecac2bf6368616c1d989416ff17bfec0ff894a06070eb974e6b875d148c7,a62eecac2bf6368616c1d989416ff17bfec0ff894a06070eb974e6b875d148c7,a62eecac2bf6368616c1d989416ff17bfec0ff894a06070eb974e6b875d148c7,verified
input,source-intake/navier-stokes/20260909/annular-metric-time-links-derived/nonlinear_modulated_N16.npz,research-programme/reproducibility/20260909/source-intake/navier-stokes/20260909/annular-metric-time-links-derived/nonlinear_modulated_N16.npz,17651,fbaa4cc53c3b1020538eb13a6b25bc546513874b085ee9b7d41c6d85b6c44859,fbaa4cc53c3b1020538eb13a6b25bc546513874b085ee9b7d41c6d85b6c44859,fbaa4cc53c3b1020538eb13a6b25bc546513874b085ee9b7d41c6d85b6c44859,verified
input,source-intake/navier-stokes/20260909/annular-metric-time-links-derived/nonlinear_modulated_N32.npz,research-programme/reproducibility/20260909/source-intake/navier-stokes/20260909/annular-metric-time-links-derived/nonlinear_modulated_N32.npz,27682,08336ac4291fb134deb8d941c407a56957fd2e0673bf8d5c43c4e6f4c9430467,08336ac4291fb134deb8d941c407a56957fd2e0673bf8d5c43c4e6f4c9430467,08336ac4291fb134deb8d941c407a56957fd2e0673bf8d5c43c4e6f4c9430467,verified
input,source-intake/navier-stokes/20260909/annular-metric-time-links-derived/nonlinear_modulated_N64.npz,research-programme/reproducibility/20260909/source-intake/navier-stokes/20260909/annular-metric-time-links-derived/nonlinear_modulated_N64.npz,46515,c780fc2f2ea0d101c8472a2ae83ed6606bd3d1c2807c4e4202a53db360ce88bc,c780fc2f2ea0d101c8472a2ae83ed6606bd3d1c2807c4e4202a53db360ce88bc,c780fc2f2ea0d101c8472a2ae83ed6606bd3d1c2807c4e4202a53db360ce88bc,verified
input,scripts/annular_metric_link_quadratic_20260909.py,research-programme/reproducibility/20260909/scripts/annular_metric_link_quadratic_20260909.py,15441,9555ff3da29cf2522ac67cb8f3a2e3b44420464392e1029cc31410542d96e63b,9555ff3da29cf2522ac67cb8f3a2e3b44420464392e1029cc31410542d96e63b,9555ff3da29cf2522ac67cb8f3a2e3b44420464392e1029cc31410542d96e63b,verified
input,scripts/derive_annular_metric_dynamics_20260909.py,research-programme/reproducibility/20260909/scripts/derive_annular_metric_dynamics_20260909.py,24613,f3bea1f2636af8fec35f89a7102e92ca725743342616f9f89b07042dcb63d653,f3bea1f2636af8fec35f89a7102e92ca725743342616f9f89b07042dcb63d653,f3bea1f2636af8fec35f89a7102e92ca725743342616f9f89b07042dcb63d653,verified
input,source-intake/navier-stokes/20260909/annular-metric-quadratic-derived/status.json,research-programme/reproducibility/20260909/source-intake/navier-stokes/20260909/annular-metric-quadratic-derived/status.json,153038,6832fe5460fdcd868b3fe8082fedbe155cba10957295a29d8b606fba04adb674,6832fe5460fdcd868b3fe8082fedbe155cba10957295a29d8b606fba04adb674,6832fe5460fdcd868b3fe8082fedbe155cba10957295a29d8b606fba04adb674,verified
input,source-intake/navier-stokes/20260909/annular-metric-quadratic-derived/COMPLETE,research-programme/reproducibility/20260909/source-intake/navier-stokes/20260909/annular-metric-quadratic-derived/COMPLETE,34,e0b235518fe20002a832a5ca9d669654c49a3fb214eed2937f57dbdded85f282,e0b235518fe20002a832a5ca9d669654c49a3fb214eed2937f57dbdded85f282,e0b235518fe20002a832a5ca9d669654c49a3fb214eed2937f57dbdded85f282,verified
input,source-intake/navier-stokes/20260909/annular-metric-quadratic-derived/executed-script.py,research-programme/reproducibility/20260909/source-intake/navier-stokes/20260909/annular-metric-quadratic-derived/executed-script.py,24613,f3bea1f2636af8fec35f89a7102e92ca725743342616f9f89b07042dcb63d653,f3bea1f2636af8fec35f89a7102e92ca725743342616f9f89b07042dcb63d653,f3bea1f2636af8fec35f89a7102e92ca725743342616f9f89b07042dcb63d653,verified
input,source-intake/navier-stokes/20260909/annular-metric-quadratic-derived/canonical_N16.npz,research-programme/reproducibility/20260909/source-intake/navier-stokes/20260909/annular-metric-quadratic-derived/canonical_N16.npz,10509,c144e33d6c233f1e37cfe5a56d3abe38b50a98bf2645fb215384d96fce966d72,c144e33d6c233f1e37cfe5a56d3abe38b50a98bf2645fb215384d96fce966d72,c144e33d6c233f1e37cfe5a56d3abe38b50a98bf2645fb215384d96fce966d72,verified
input,source-intake/navier-stokes/20260909/annular-metric-quadratic-derived/canonical_N32.npz,research-programme/reproducibility/20260909/source-intake/navier-stokes/20260909/annular-metric-quadratic-derived/canonical_N32.npz,18518,05eeddcf5736a7bb1e9181ac921602c901821601a1c68b5f3d7d104f88b8ad8a,05eeddcf5736a7bb1e9181ac921602c901821601a1c68b5f3d7d104f88b8ad8a,05eeddcf5736a7bb1e9181ac921602c901821601a1c68b5f3d7d104f88b8ad8a,verified
input,source-intake/navier-stokes/20260909/annular-metric-quadratic-derived/nonlinear_modulated_N16.npz,research-programme/reproducibility/20260909/source-intake/navier-stokes/20260909/annular-metric-quadratic-derived/nonlinear_modulated_N16.npz,10642,aa518051e92e082b1dc8117e9b0cc6e7e91b0b0e4b30b111d89bae6e0eb9d224,aa518051e92e082b1dc8117e9b0cc6e7e91b0b0e4b30b111d89bae6e0eb9d224,aa518051e92e082b1dc8117e9b0cc6e7e91b0b0e4b30b111d89bae6e0eb9d224,verified
input,source-intake/navier-stokes/20260909/annular-metric-quadratic-derived/nonlinear_modulated_N32.npz,research-programme/reproducibility/20260909/source-intake/navier-stokes/20260909/annular-metric-quadratic-derived/nonlinear_modulated_N32.npz,18854,6b279b3f2d1ae0f01758a7c5ce3fb60a75fd6ab3825c6cb1fe8ef86f5c305c5d,6b279b3f2d1ae0f01758a7c5ce3fb60a75fd6ab3825c6cb1fe8ef86f5c305c5d,6b279b3f2d1ae0f01758a7c5ce3fb60a75fd6ab3825c6cb1fe8ef86f5c305c5d,verified
input,source-intake/navier-stokes/20260909/annular-metric-evolution-smoke/status.json,research-programme/reproducibility/20260909/source-intake/navier-stokes/20260909/annular-metric-evolution-smoke/status.json,176833,ec6cc32319c4c27feae1c95aa0f4ce17df34ab421670d2995c55129afed1fb62,ec6cc32319c4c27feae1c95aa0f4ce17df34ab421670d2995c55129afed1fb62,ec6cc32319c4c27feae1c95aa0f4ce17df34ab421670d2995c55129afed1fb62,verified
input,source-intake/navier-stokes/20260909/annular-metric-evolution-smoke/COMPLETE,research-programme/reproducibility/20260909/source-intake/navier-stokes/20260909/annular-metric-evolution-smoke/COMPLETE,34,0bf6e66251c7de769b1f1e1e68db50d450429270ef45ccdfd9b047870e9709df,0bf6e66251c7de769b1f1e1e68db50d450429270ef45ccdfd9b047870e9709df,0bf6e66251c7de769b1f1e1e68db50d450429270ef45ccdfd9b047870e9709df,verified
input,source-intake/navier-stokes/20260909/annular-metric-evolution-smoke/executed-script.py,research-programme/reproducibility/20260909/source-intake/navier-stokes/20260909/annular-metric-evolution-smoke/executed-script.py,24613,f3bea1f2636af8fec35f89a7102e92ca725743342616f9f89b07042dcb63d653,f3bea1f2636af8fec35f89a7102e92ca725743342616f9f89b07042dcb63d653,f3bea1f2636af8fec35f89a7102e92ca725743342616f9f89b07042dcb63d653,verified
input,scripts/verify_annular_metric_evolution_20260909.py,research-programme/reproducibility/20260909/scripts/verify_annular_metric_evolution_20260909.py,10974,bc32536c37f20d01818ae298977fca2a0efe9364fcff75669a2dd86c0f343337,bc32536c37f20d01818ae298977fca2a0efe9364fcff75669a2dd86c0f343337,bc32536c37f20d01818ae298977fca2a0efe9364fcff75669a2dd86c0f343337,verified
input,source-intake/navier-stokes/20260909/annular-metric-evolution-smoke/canonical_N16_GR_steps4.npz,research-programme/reproducibility/20260909/source-intake/navier-stokes/20260909/annular-metric-evolution-smoke/canonical_N16_GR_steps4.npz,7437,348d68a880ae9294db04a3dd9da6f6d0f1ddc31af90519f367c3703e30a75b94,348d68a880ae9294db04a3dd9da6f6d0f1ddc31af90519f367c3703e30a75b94,348d68a880ae9294db04a3dd9da6f6d0f1ddc31af90519f367c3703e30a75b94,verified
input,source-intake/navier-stokes/20260909/annular-metric-evolution-smoke/canonical_N16_GR_steps4.json,research-programme/reproducibility/20260909/source-intake/navier-stokes/20260909/annular-metric-evolution-smoke/canonical_N16_GR_steps4.json,2388,12bb1c04747d92af76828ff2489d9e277c03fbce55bb1f52968556d1e97fc160,12bb1c04747d92af76828ff2489d9e277c03fbce55bb1f52968556d1e97fc160,12bb1c04747d92af76828ff2489d9e277c03fbce55bb1f52968556d1e97fc160,verified
input,source-intake/navier-stokes/20260909/annular-metric-evolution-smoke/canonical_N16_GR_steps8.npz,research-programme/reproducibility/20260909/source-intake/navier-stokes/20260909/annular-metric-evolution-smoke/canonical_N16_GR_steps8.npz,11587,c7adbf7c54b9b57062eab8ac004013404a335ad01959a20998a27e4a699dc972,c7adbf7c54b9b57062eab8ac004013404a335ad01959a20998a27e4a699dc972,c7adbf7c54b9b57062eab8ac004013404a335ad01959a20998a27e4a699dc972,verified
input,source-intake/navier-stokes/20260909/annular-metric-evolution-smoke/canonical_N16_GR_steps8.json,research-programme/reproducibility/20260909/source-intake/navier-stokes/20260909/annular-metric-evolution-smoke/canonical_N16_GR_steps8.json,4300,cb5a4555e4b978881e6e33393f449bbec1fba100358d4d7a87441dc2249bd4e2,cb5a4555e4b978881e6e33393f449bbec1fba100358d4d7a87441dc2249bd4e2,cb5a4555e4b978881e6e33393f449bbec1fba100358d4d7a87441dc2249bd4e2,verified
input,source-intake/navier-stokes/20260909/annular-metric-evolution-smoke/canonical_N16_GR_steps16.npz,research-programme/reproducibility/20260909/source-intake/navier-stokes/20260909/annular-metric-evolution-smoke/canonical_N16_GR_steps16.npz,19706,61537ab66ec85ae9d0f124c76b93343a1314aae770401b8133f9b45cd768d8f1,61537ab66ec85ae9d0f124c76b93343a1314aae770401b8133f9b45cd768d8f1,61537ab66ec85ae9d0f124c76b93343a1314aae770401b8133f9b45cd768d8f1,verified
input,source-intake/navier-stokes/20260909/annular-metric-evolution-smoke/canonical_N16_GR_steps16.json,research-programme/reproducibility/20260909/source-intake/navier-stokes/20260909/annular-metric-evolution-smoke/canonical_N16_GR_steps16.json,8135,fffcef7c08480549db60f0d8282f7d4a84d3a1ff69a2ee6327641ecd749ac4f4,fffcef7c08480549db60f0d8282f7d4a84d3a1ff69a2ee6327641ecd749ac4f4,fffcef7c08480549db60f0d8282f7d4a84d3a1ff69a2ee6327641ecd749ac4f4,verified
input,source-intake/navier-stokes/20260909/annular-metric-evolution-smoke/canonical_N16_metric_Gram_steps4.npz,research-programme/reproducibility/20260909/source-intake/navier-stokes/20260909/annular-metric-evolution-smoke/canonical_N16_metric_Gram_steps4.npz,7718,b323c6af4fa2cfd56d38170687dc1ac5ac7e4999435deacdd1acce75e133ca46,b323c6af4fa2cfd56d38170687dc1ac5ac7e4999435deacdd1acce75e133ca46,b323c6af4fa2cfd56d38170687dc1ac5ac7e4999435deacdd1acce75e133ca46,verified
input,source-intake/navier-stokes/20260909/annular-metric-evolution-smoke/canonical_N16_metric_Gram_steps4.json,research-programme/reproducibility/20260909/source-intake/navier-stokes/20260909/annular-metric-evolution-smoke/canonical_N16_metric_Gram_steps4.json,2389,924ca448152f9710c17ed8b7784bfe99201684d27f4b80d6ac49f77d72272952,924ca448152f9710c17ed8b7784bfe99201684d27f4b80d6ac49f77d72272952,924ca448152f9710c17ed8b7784bfe99201684d27f4b80d6ac49f77d72272952,verified
input,source-intake/navier-stokes/20260909/annular-metric-evolution-smoke/canonical_N16_metric_Gram_steps8.npz,research-programme/reproducibility/20260909/source-intake/navier-stokes/20260909/annular-metric-evolution-smoke/canonical_N16_metric_Gram_steps8.npz,12095,d2bafe73a5277360967f88e88dd6d74500c0168e9e343612990c4fe884f70adc,d2bafe73a5277360967f88e88dd6d74500c0168e9e343612990c4fe884f70adc,d2bafe73a5277360967f88e88dd6d74500c0168e9e343612990c4fe884f70adc,verified
input,source-intake/navier-stokes/20260909/annular-metric-evolution-smoke/canonical_N16_metric_Gram_steps8.json,research-programme/reproducibility/20260909/source-intake/navier-stokes/20260909/annular-metric-evolution-smoke/canonical_N16_metric_Gram_steps8.json,4313,6ac0195b507c8b162a845fcdbde884cb4218096b546fa12e1357045c4b9e2739,6ac0195b507c8b162a845fcdbde884cb4218096b546fa12e1357045c4b9e2739,6ac0195b507c8b162a845fcdbde884cb4218096b546fa12e1357045c4b9e2739,verified
input,source-intake/navier-stokes/20260909/annular-metric-evolution-smoke/canonical_N16_metric_Gram_steps16.npz,research-programme/reproducibility/20260909/source-intake/navier-stokes/20260909/annular-metric-evolution-smoke/canonical_N16_metric_Gram_steps16.npz,20623,f158a6c219763f8efd455681ce650d3f0751e48867294417d39cab9ba42ed339,f158a6c219763f8efd455681ce650d3f0751e48867294417d39cab9ba42ed339,f158a6c219763f8efd455681ce650d3f0751e48867294417d39cab9ba42ed339,verified
input,source-intake/navier-stokes/20260909/annular-metric-evolution-smoke/canonical_N16_metric_Gram_steps16.json,research-programme/reproducibility/20260909/source-intake/navier-stokes/20260909/annular-metric-evolution-smoke/canonical_N16_metric_Gram_steps16.json,8142,aaa0ba5bbebfc39ceabb07e1a1878fc6ee76f5a608394b296ae323883d2b2e11,aaa0ba5bbebfc39ceabb07e1a1878fc6ee76f5a608394b296ae323883d2b2e11,aaa0ba5bbebfc39ceabb07e1a1878fc6ee76f5a608394b296ae323883d2b2e11,verified
input,source-intake/navier-stokes/20260909/annular-metric-evolution-smoke/canonical_N32_GR_steps4.npz,research-programme/reproducibility/20260909/source-intake/navier-stokes/20260909/annular-metric-evolution-smoke/canonical_N32_GR_steps4.npz,12282,6f2eb475d3f64bfb7816b615471b6471b2b47be38a759774afe65a524a243ebe,6f2eb475d3f64bfb7816b615471b6471b2b47be38a759774afe65a524a243ebe,6f2eb475d3f64bfb7816b615471b6471b2b47be38a759774afe65a524a243ebe,verified
input,source-intake/navier-stokes/20260909/annular-metric-evolution-smoke/canonical_N32_GR_steps4.json,research-programme/reproducibility/20260909/source-intake/navier-stokes/20260909/annular-metric-evolution-smoke/canonical_N32_GR_steps4.json,2393,caf81f5f58004d1400c9147ceec9533c574c76a1874fb214d3bd88496563b6b2,caf81f5f58004d1400c9147ceec9533c574c76a1874fb214d3bd88496563b6b2,caf81f5f58004d1400c9147ceec9533c574c76a1874fb214d3bd88496563b6b2,verified
input,source-intake/navier-stokes/20260909/annular-metric-evolution-smoke/canonical_N32_GR_steps8.npz,research-programme/reproducibility/20260909/source-intake/navier-stokes/20260909/annular-metric-evolution-smoke/canonical_N32_GR_steps8.npz,19996,d0a4f18a0dccadbf38bb49d602f4a3f833fdba35dafcd1d15cdd26cdd7a8da65,d0a4f18a0dccadbf38bb49d602f4a3f833fdba35dafcd1d15cdd26cdd7a8da65,d0a4f18a0dccadbf38bb49d602f4a3f833fdba35dafcd1d15cdd26cdd7a8da65,verified
input,source-intake/navier-stokes/20260909/annular-metric-evolution-smoke/canonical_N32_GR_steps8.json,research-programme/reproducibility/20260909/source-intake/navier-stokes/20260909/annular-metric-evolution-smoke/canonical_N32_GR_steps8.json,4304,f99bdc5698007ec5578ac0730bab389582440fd57c43fec7ed4423fded4428b9,f99bdc5698007ec5578ac0730bab389582440fd57c43fec7ed4423fded4428b9,f99bdc5698007ec5578ac0730bab389582440fd57c43fec7ed4423fded4428b9,verified
input,source-intake/navier-stokes/20260909/annular-metric-evolution-smoke/canonical_N32_GR_steps16.npz,research-programme/reproducibility/20260909/source-intake/navier-stokes/20260909/annular-metric-evolution-smoke/canonical_N32_GR_steps16.npz,35679,4012e841e7e616935e00db120feb75f05c3d647833d3699047280b2e6d71c666,4012e841e7e616935e00db120feb75f05c3d647833d3699047280b2e6d71c666,4012e841e7e616935e00db120feb75f05c3d647833d3699047280b2e6d71c666,verified
input,source-intake/navier-stokes/20260909/annular-metric-evolution-smoke/canonical_N32_GR_steps16.json,research-programme/reproducibility/20260909/source-intake/navier-stokes/20260909/annular-metric-evolution-smoke/canonical_N32_GR_steps16.json,8148,c6d7c88864723ee19a2642c17e87cfd7e302fe19bbe0f11b6718aece60a8147b,c6d7c88864723ee19a2642c17e87cfd7e302fe19bbe0f11b6718aece60a8147b,c6d7c88864723ee19a2642c17e87cfd7e302fe19bbe0f11b6718aece60a8147b,verified
input,source-intake/navier-stokes/20260909/annular-metric-evolution-smoke/canonical_N32_metric_Gram_steps4.npz,research-programme/reproducibility/20260909/source-intake/navier-stokes/20260909/annular-metric-evolution-smoke/canonical_N32_metric_Gram_steps4.npz,13101,4969ebd539113f3fa5db06f7959c24e1710190a8330308d2c8f1712332b8985c,4969ebd539113f3fa5db06f7959c24e1710190a8330308d2c8f1712332b8985c,4969ebd539113f3fa5db06f7959c24e1710190a8330308d2c8f1712332b8985c,verified
input,source-intake/navier-stokes/20260909/annular-metric-evolution-smoke/canonical_N32_metric_Gram_steps4.json,research-programme/reproducibility/20260909/source-intake/navier-stokes/20260909/annular-metric-evolution-smoke/canonical_N32_metric_Gram_steps4.json,2390,40a839d33fd21f257ecc4c224b84273901c31ca0acfd22b5746c20ff7147895e,40a839d33fd21f257ecc4c224b84273901c31ca0acfd22b5746c20ff7147895e,40a839d33fd21f257ecc4c224b84273901c31ca0acfd22b5746c20ff7147895e,verified
input,source-intake/navier-stokes/20260909/annular-metric-evolution-smoke/canonical_N32_metric_Gram_steps8.npz,research-programme/reproducibility/20260909/source-intake/navier-stokes/20260909/annular-metric-evolution-smoke/canonical_N32_metric_Gram_steps8.npz,21444,e51fb6014b00d1ac635e4274bba5cb545e6dc032c43d7d34e2ea4604fe165803,e51fb6014b00d1ac635e4274bba5cb545e6dc032c43d7d34e2ea4604fe165803,e51fb6014b00d1ac635e4274bba5cb545e6dc032c43d7d34e2ea4604fe165803,verified
input,source-intake/navier-stokes/20260909/annular-metric-evolution-smoke/canonical_N32_metric_Gram_steps8.json,research-programme/reproducibility/20260909/source-intake/navier-stokes/20260909/annular-metric-evolution-smoke/canonical_N32_metric_Gram_steps8.json,4299,819213bc604de5059378162a4c56a3bd55b576b86665f92ef50e7fec8854f17e,819213bc604de5059378162a4c56a3bd55b576b86665f92ef50e7fec8854f17e,819213bc604de5059378162a4c56a3bd55b576b86665f92ef50e7fec8854f17e,verified
input,source-intake/navier-stokes/20260909/annular-metric-evolution-smoke/canonical_N32_metric_Gram_steps16.npz,research-programme/reproducibility/20260909/source-intake/navier-stokes/20260909/annular-metric-evolution-smoke/canonical_N32_metric_Gram_steps16.npz,38229,ac8a28b9a7159aafe1c01e375e61276f6bdbff65e9e36a8efbea038efa37fe3a,ac8a28b9a7159aafe1c01e375e61276f6bdbff65e9e36a8efbea038efa37fe3a,ac8a28b9a7159aafe1c01e375e61276f6bdbff65e9e36a8efbea038efa37fe3a,verified
input,source-intake/navier-stokes/20260909/annular-metric-evolution-smoke/canonical_N32_metric_Gram_steps16.json,research-programme/reproducibility/20260909/source-intake/navier-stokes/20260909/annular-metric-evolution-smoke/canonical_N32_metric_Gram_steps16.json,8164,fc080b88c622dfdfa9f2854719a92a3e6f89e7655eb1a979115bcbc4d96ce8d6,fc080b88c622dfdfa9f2854719a92a3e6f89e7655eb1a979115bcbc4d96ce8d6,fc080b88c622dfdfa9f2854719a92a3e6f89e7655eb1a979115bcbc4d96ce8d6,verified
input,source-intake/navier-stokes/20260909/annular-metric-evolution-smoke/nonlinear_modulated_N16_GR_steps4.npz,research-programme/reproducibility/20260909/source-intake/navier-stokes/20260909/annular-metric-evolution-smoke/nonlinear_modulated_N16_GR_steps4.npz,7435,800fcb32a1177af41816de7919f92a7363451e92222eea84d6e6b36034ebf58e,800fcb32a1177af41816de7919f92a7363451e92222eea84d6e6b36034ebf58e,800fcb32a1177af41816de7919f92a7363451e92222eea84d6e6b36034ebf58e,verified
input,source-intake/navier-stokes/20260909/annular-metric-evolution-smoke/nonlinear_modulated_N16_GR_steps4.json,research-programme/reproducibility/20260909/source-intake/navier-stokes/20260909/annular-metric-evolution-smoke/nonlinear_modulated_N16_GR_steps4.json,2464,d7a85c8cb7eb36bbe43e50101c351bbda47d8f760877917f73cac038df8f4a29,d7a85c8cb7eb36bbe43e50101c351bbda47d8f760877917f73cac038df8f4a29,d7a85c8cb7eb36bbe43e50101c351bbda47d8f760877917f73cac038df8f4a29,verified
input,source-intake/navier-stokes/20260909/annular-metric-evolution-smoke/nonlinear_modulated_N16_GR_steps8.npz,research-programme/reproducibility/20260909/source-intake/navier-stokes/20260909/annular-metric-evolution-smoke/nonlinear_modulated_N16_GR_steps8.npz,11625,e13842c1afea3e66d0589f70c880335c7421a8f41f370e8e4b7baa3837046ff9,e13842c1afea3e66d0589f70c880335c7421a8f41f370e8e4b7baa3837046ff9,e13842c1afea3e66d0589f70c880335c7421a8f41f370e8e4b7baa3837046ff9,verified
input,source-intake/navier-stokes/20260909/annular-metric-evolution-smoke/nonlinear_modulated_N16_GR_steps8.json,research-programme/reproducibility/20260909/source-intake/navier-stokes/20260909/annular-metric-evolution-smoke/nonlinear_modulated_N16_GR_steps8.json,4427,a397a2b0d00502fe65737441df28cedd2de38ae7d1bf59574263f05eeae0265d,a397a2b0d00502fe65737441df28cedd2de38ae7d1bf59574263f05eeae0265d,a397a2b0d00502fe65737441df28cedd2de38ae7d1bf59574263f05eeae0265d,verified
input,source-intake/navier-stokes/20260909/annular-metric-evolution-smoke/nonlinear_modulated_N16_GR_steps16.npz,research-programme/reproducibility/20260909/source-intake/navier-stokes/20260909/annular-metric-evolution-smoke/nonlinear_modulated_N16_GR_steps16.npz,19710,d30b2f8f6daf6d79db9facefcfa2f7b079e944052e84df58568b4333fce3f2f9,d30b2f8f6daf6d79db9facefcfa2f7b079e944052e84df58568b4333fce3f2f9,d30b2f8f6daf6d79db9facefcfa2f7b079e944052e84df58568b4333fce3f2f9,verified
input,source-intake/navier-stokes/20260909/annular-metric-evolution-smoke/nonlinear_modulated_N16_GR_steps16.json,research-programme/reproducibility/20260909/source-intake/navier-stokes/20260909/annular-metric-evolution-smoke/nonlinear_modulated_N16_GR_steps16.json,8383,69b7c741efecd49831e5ce40b7d573666f74dbe4951003a566ca7d243a0d4d1a,69b7c741efecd49831e5ce40b7d573666f74dbe4951003a566ca7d243a0d4d1a,69b7c741efecd49831e5ce40b7d573666f74dbe4951003a566ca7d243a0d4d1a,verified
input,source-intake/navier-stokes/20260909/annular-metric-evolution-smoke/nonlinear_modulated_N16_metric_Gram_steps4.npz,research-programme/reproducibility/20260909/source-intake/navier-stokes/20260909/annular-metric-evolution-smoke/nonlinear_modulated_N16_metric_Gram_steps4.npz,7716,7f6660af2ac3da7dcf58cfa101fb8582984a47bc4983b71246c9ea0ad1b04b94,7f6660af2ac3da7dcf58cfa101fb8582984a47bc4983b71246c9ea0ad1b04b94,7f6660af2ac3da7dcf58cfa101fb8582984a47bc4983b71246c9ea0ad1b04b94,verified
input,source-intake/navier-stokes/20260909/annular-metric-evolution-smoke/nonlinear_modulated_N16_metric_Gram_steps4.json,research-programme/reproducibility/20260909/source-intake/navier-stokes/20260909/annular-metric-evolution-smoke/nonlinear_modulated_N16_metric_Gram_steps4.json,2465,517098a601e39b4691be496c7a93b2c82e149288e8df4546e2e635414cd4cf1c,517098a601e39b4691be496c7a93b2c82e149288e8df4546e2e635414cd4cf1c,517098a601e39b4691be496c7a93b2c82e149288e8df4546e2e635414cd4cf1c,verified
input,source-intake/navier-stokes/20260909/annular-metric-evolution-smoke/nonlinear_modulated_N16_metric_Gram_steps8.npz,research-programme/reproducibility/20260909/source-intake/navier-stokes/20260909/annular-metric-evolution-smoke/nonlinear_modulated_N16_metric_Gram_steps8.npz,12093,2fc30f42340d0347f6b25e26635ad9dbd9079f4b9f8fa30a5ce1c424759f2ffc,2fc30f42340d0347f6b25e26635ad9dbd9079f4b9f8fa30a5ce1c424759f2ffc,2fc30f42340d0347f6b25e26635ad9dbd9079f4b9f8fa30a5ce1c424759f2ffc,verified
input,source-intake/navier-stokes/20260909/annular-metric-evolution-smoke/nonlinear_modulated_N16_metric_Gram_steps8.json,research-programme/reproducibility/20260909/source-intake/navier-stokes/20260909/annular-metric-evolution-smoke/nonlinear_modulated_N16_metric_Gram_steps8.json,4434,cf739fad9698644c06ad9074880f8447d971212a41d1cd5b9252998dfbc9bad2,cf739fad9698644c06ad9074880f8447d971212a41d1cd5b9252998dfbc9bad2,cf739fad9698644c06ad9074880f8447d971212a41d1cd5b9252998dfbc9bad2,verified
input,source-intake/navier-stokes/20260909/annular-metric-evolution-smoke/nonlinear_modulated_N16_metric_Gram_steps16.npz,research-programme/reproducibility/20260909/source-intake/navier-stokes/20260909/annular-metric-evolution-smoke/nonlinear_modulated_N16_metric_Gram_steps16.npz,20739,c153aa5dc43962ba989a8c78b35015f55900cabdb325d97de376dc12fe010544,c153aa5dc43962ba989a8c78b35015f55900cabdb325d97de376dc12fe010544,c153aa5dc43962ba989a8c78b35015f55900cabdb325d97de376dc12fe010544,verified
input,source-intake/navier-stokes/20260909/annular-metric-evolution-smoke/nonlinear_modulated_N16_metric_Gram_steps16.json,research-programme/reproducibility/20260909/source-intake/navier-stokes/20260909/annular-metric-evolution-smoke/nonlinear_modulated_N16_metric_Gram_steps16.json,8381,db905138c68be6e66862512e33fdbac912f9a92609818d0cbab98ae4ddfe3cc0,db905138c68be6e66862512e33fdbac912f9a92609818d0cbab98ae4ddfe3cc0,db905138c68be6e66862512e33fdbac912f9a92609818d0cbab98ae4ddfe3cc0,verified
input,source-intake/navier-stokes/20260909/annular-metric-evolution-smoke/nonlinear_modulated_N32_GR_steps4.npz,research-programme/reproducibility/20260909/source-intake/navier-stokes/20260909/annular-metric-evolution-smoke/nonlinear_modulated_N32_GR_steps4.npz,12273,a5f3fc1946bd7c9c1645066722f99add26b87a226f2b13fa214c2ca3d5e96e25,a5f3fc1946bd7c9c1645066722f99add26b87a226f2b13fa214c2ca3d5e96e25,a5f3fc1946bd7c9c1645066722f99add26b87a226f2b13fa214c2ca3d5e96e25,verified
input,source-intake/navier-stokes/20260909/annular-metric-evolution-smoke/nonlinear_modulated_N32_GR_steps4.json,research-programme/reproducibility/20260909/source-intake/navier-stokes/20260909/annular-metric-evolution-smoke/nonlinear_modulated_N32_GR_steps4.json,2463,fd043c3c45c9b0370a9631bad1a149563a445b7183f94872cf975e2e3031c1a1,fd043c3c45c9b0370a9631bad1a149563a445b7183f94872cf975e2e3031c1a1,fd043c3c45c9b0370a9631bad1a149563a445b7183f94872cf975e2e3031c1a1,verified
input,source-intake/navier-stokes/20260909/annular-metric-evolution-smoke/nonlinear_modulated_N32_GR_steps8.npz,research-programme/reproducibility/20260909/source-intake/navier-stokes/20260909/annular-metric-evolution-smoke/nonlinear_modulated_N32_GR_steps8.npz,20071,906dc992163858b950a7f0575401050dd76efc11dc124426058d28653cedafc7,906dc992163858b950a7f0575401050dd76efc11dc124426058d28653cedafc7,906dc992163858b950a7f0575401050dd76efc11dc124426058d28653cedafc7,verified
input,source-intake/navier-stokes/20260909/annular-metric-evolution-smoke/nonlinear_modulated_N32_GR_steps8.json,research-programme/reproducibility/20260909/source-intake/navier-stokes/20260909/annular-metric-evolution-smoke/nonlinear_modulated_N32_GR_steps8.json,4438,efb8678a000448a0ff4e064e0cd5c54f5efd893f8e4e454b1fcdd74065f68bee,efb8678a000448a0ff4e064e0cd5c54f5efd893f8e4e454b1fcdd74065f68bee,efb8678a000448a0ff4e064e0cd5c54f5efd893f8e4e454b1fcdd74065f68bee,verified
input,source-intake/navier-stokes/20260909/annular-metric-evolution-smoke/nonlinear_modulated_N32_GR_steps16.npz,research-programme/reproducibility/20260909/source-intake/navier-stokes/20260909/annular-metric-evolution-smoke/nonlinear_modulated_N32_GR_steps16.npz,35697,7a897251d20cfc316839513a1a4cbc1eb6e88876b6177234aaa9a020082d1d09,7a897251d20cfc316839513a1a4cbc1eb6e88876b6177234aaa9a020082d1d09,7a897251d20cfc316839513a1a4cbc1eb6e88876b6177234aaa9a020082d1d09,verified
input,source-intake/navier-stokes/20260909/annular-metric-evolution-smoke/nonlinear_modulated_N32_GR_steps16.json,research-programme/reproducibility/20260909/source-intake/navier-stokes/20260909/annular-metric-evolution-smoke/nonlinear_modulated_N32_GR_steps16.json,8389,b68357395c0cdb8cec3e0daf3c196b8513df5d198d4bffe79fd8591e989caf01,b68357395c0cdb8cec3e0daf3c196b8513df5d198d4bffe79fd8591e989caf01,b68357395c0cdb8cec3e0daf3c196b8513df5d198d4bffe79fd8591e989caf01,verified
input,source-intake/navier-stokes/20260909/annular-metric-evolution-smoke/nonlinear_modulated_N32_metric_Gram_steps4.npz,research-programme/reproducibility/20260909/source-intake/navier-stokes/20260909/annular-metric-evolution-smoke/nonlinear_modulated_N32_metric_Gram_steps4.npz,13124,71a1a30fd670a1468ebd3106b16076fbb34079bd2ce6a01980fb3b64cb32d106,71a1a30fd670a1468ebd3106b16076fbb34079bd2ce6a01980fb3b64cb32d106,71a1a30fd670a1468ebd3106b16076fbb34079bd2ce6a01980fb3b64cb32d106,verified
input,source-intake/navier-stokes/20260909/annular-metric-evolution-smoke/nonlinear_modulated_N32_metric_Gram_steps4.json,research-programme/reproducibility/20260909/source-intake/navier-stokes/20260909/annular-metric-evolution-smoke/nonlinear_modulated_N32_metric_Gram_steps4.json,2464,b268e78771290effa3e8f36dba6e3ef5bb6231fb58c8af6d58dda557ffd6779f,b268e78771290effa3e8f36dba6e3ef5bb6231fb58c8af6d58dda557ffd6779f,b268e78771290effa3e8f36dba6e3ef5bb6231fb58c8af6d58dda557ffd6779f,verified
input,source-intake/navier-stokes/20260909/annular-metric-evolution-smoke/nonlinear_modulated_N32_metric_Gram_steps8.npz,research-programme/reproducibility/20260909/source-intake/navier-stokes/20260909/annular-metric-evolution-smoke/nonlinear_modulated_N32_metric_Gram_steps8.npz,21528,18dafa04156e359c5d627716d68749109a116d96266c2c16123ebaccb30b9d4c,18dafa04156e359c5d627716d68749109a116d96266c2c16123ebaccb30b9d4c,18dafa04156e359c5d627716d68749109a116d96266c2c16123ebaccb30b9d4c,verified
input,source-intake/navier-stokes/20260909/annular-metric-evolution-smoke/nonlinear_modulated_N32_metric_Gram_steps8.json,research-programme/reproducibility/20260909/source-intake/navier-stokes/20260909/annular-metric-evolution-smoke/nonlinear_modulated_N32_metric_Gram_steps8.json,4440,90bf8cf2a1ee8b4d8fb3c33653d76248b1a8462f3ea4d4ad0de6e34fb14111f6,90bf8cf2a1ee8b4d8fb3c33653d76248b1a8462f3ea4d4ad0de6e34fb14111f6,90bf8cf2a1ee8b4d8fb3c33653d76248b1a8462f3ea4d4ad0de6e34fb14111f6,verified
input,source-intake/navier-stokes/20260909/annular-metric-evolution-smoke/nonlinear_modulated_N32_metric_Gram_steps16.npz,research-programme/reproducibility/20260909/source-intake/navier-stokes/20260909/annular-metric-evolution-smoke/nonlinear_modulated_N32_metric_Gram_steps16.npz,38342,282046c044be3caeed23992d01d1150a488055e7639d99a2783ddde41802ac4d,282046c044be3caeed23992d01d1150a488055e7639d99a2783ddde41802ac4d,282046c044be3caeed23992d01d1150a488055e7639d99a2783ddde41802ac4d,verified
input,source-intake/navier-stokes/20260909/annular-metric-evolution-smoke/nonlinear_modulated_N32_metric_Gram_steps16.json,research-programme/reproducibility/20260909/source-intake/navier-stokes/20260909/annular-metric-evolution-smoke/nonlinear_modulated_N32_metric_Gram_steps16.json,8393,fd54dbd99c451aaddd23aa65f9c60a304bdb5655317cefcf87b4a955342b705a,fd54dbd99c451aaddd23aa65f9c60a304bdb5655317cefcf87b4a955342b705a,fd54dbd99c451aaddd23aa65f9c60a304bdb5655317cefcf87b4a955342b705a,verified
input,source-intake/navier-stokes/20260909/annular-metric-evolution-independent-controls/status.json,research-programme/reproducibility/20260909/source-intake/navier-stokes/20260909/annular-metric-evolution-independent-controls/status.json,187274,165ad1f0186f323c0b2139dd08b81ae51f7bd324052adda26eb0e9b33a2f8311,165ad1f0186f323c0b2139dd08b81ae51f7bd324052adda26eb0e9b33a2f8311,165ad1f0186f323c0b2139dd08b81ae51f7bd324052adda26eb0e9b33a2f8311,verified
input,source-intake/navier-stokes/20260909/annular-metric-evolution-independent-controls/COMPLETE,research-programme/reproducibility/20260909/source-intake/navier-stokes/20260909/annular-metric-evolution-independent-controls/COMPLETE,34,58cab8539cc984722650815e5c98ab665494d9e4184536610ac09f2e61dea00f,58cab8539cc984722650815e5c98ab665494d9e4184536610ac09f2e61dea00f,58cab8539cc984722650815e5c98ab665494d9e4184536610ac09f2e61dea00f,verified
input,source-intake/navier-stokes/20260909/annular-metric-evolution-independent-controls/executed-script.py,research-programme/reproducibility/20260909/source-intake/navier-stokes/20260909/annular-metric-evolution-independent-controls/executed-script.py,10974,bc32536c37f20d01818ae298977fca2a0efe9364fcff75669a2dd86c0f343337,bc32536c37f20d01818ae298977fca2a0efe9364fcff75669a2dd86c0f343337,bc32536c37f20d01818ae298977fca2a0efe9364fcff75669a2dd86c0f343337,verified
input,scripts/finalize_annular_metric_dynamics_20260909.py,research-programme/reproducibility/20260909/scripts/finalize_annular_metric_dynamics_20260909.py,5543,40fa0b5a953e269f57b8e1d2d761979bb06eb6c56353f10f779510c2182d623d,40fa0b5a953e269f57b8e1d2d761979bb06eb6c56353f10f779510c2182d623d,40fa0b5a953e269f57b8e1d2d761979bb06eb6c56353f10f779510c2182d623d,verified
input,DERIVATION-20260909-metric-link-quadratic-action-and-short-evolution.md,research-programme/reproducibility/20260909/DERIVATION-20260909-metric-link-quadratic-action-and-short-evolution.md,13566,0236e4389a08162e891b24e6d05b9878f26cb18c14164d45474386b85c14ebd4,0236e4389a08162e891b24e6d05b9878f26cb18c14164d45474386b85c14ebd4,0236e4389a08162e891b24e6d05b9878f26cb18c14164d45474386b85c14ebd4,verified
input,source-intake/navier-stokes/20260909/annular-metric-evolution-independent-controls/canonical_N16_GR_sample0.npz,research-programme/reproducibility/20260909/source-intake/navier-stokes/20260909/annular-metric-evolution-independent-controls/canonical_N16_GR_sample0.npz,14238,dd712bd564803d90a90a7e6fa217d19f16af7b208bdb1c41902cf344398afc06,dd712bd564803d90a90a7e6fa217d19f16af7b208bdb1c41902cf344398afc06,dd712bd564803d90a90a7e6fa217d19f16af7b208bdb1c41902cf344398afc06,verified
input,source-intake/navier-stokes/20260909/annular-metric-evolution-independent-controls/canonical_N16_GR_sample8.npz,research-programme/reproducibility/20260909/source-intake/navier-stokes/20260909/annular-metric-evolution-independent-controls/canonical_N16_GR_sample8.npz,14229,4fec8cdd5fcea2fed5b29db6485d4eecb17e9cbb102e8e14aa3b1f3e6099ff5d,4fec8cdd5fcea2fed5b29db6485d4eecb17e9cbb102e8e14aa3b1f3e6099ff5d,4fec8cdd5fcea2fed5b29db6485d4eecb17e9cbb102e8e14aa3b1f3e6099ff5d,verified
input,source-intake/navier-stokes/20260909/annular-metric-evolution-independent-controls/canonical_N16_GR_sample16.npz,research-programme/reproducibility/20260909/source-intake/navier-stokes/20260909/annular-metric-evolution-independent-controls/canonical_N16_GR_sample16.npz,14211,b70a7dd34cebc097bffa08e2c4352937d5a04409413a722b835527f39e02bb4d,b70a7dd34cebc097bffa08e2c4352937d5a04409413a722b835527f39e02bb4d,b70a7dd34cebc097bffa08e2c4352937d5a04409413a722b835527f39e02bb4d,verified
input,source-intake/navier-stokes/20260909/annular-metric-evolution-independent-controls/canonical_N16_metric_Gram_sample0.npz,research-programme/reproducibility/20260909/source-intake/navier-stokes/20260909/annular-metric-evolution-independent-controls/canonical_N16_metric_Gram_sample0.npz,15394,d135167efa80d22dc2c16b3a7dfa4c7374222310c73d35ced1f492d99080fb72,d135167efa80d22dc2c16b3a7dfa4c7374222310c73d35ced1f492d99080fb72,d135167efa80d22dc2c16b3a7dfa4c7374222310c73d35ced1f492d99080fb72,verified
input,source-intake/navier-stokes/20260909/annular-metric-evolution-independent-controls/canonical_N16_metric_Gram_sample8.npz,research-programme/reproducibility/20260909/source-intake/navier-stokes/20260909/annular-metric-evolution-independent-controls/canonical_N16_metric_Gram_sample8.npz,15399,576a29ce0a594c321dbf5d9d1fe1b7adfee2927a7e9b65b38c9b463367d623ce,576a29ce0a594c321dbf5d9d1fe1b7adfee2927a7e9b65b38c9b463367d623ce,576a29ce0a594c321dbf5d9d1fe1b7adfee2927a7e9b65b38c9b463367d623ce,verified
input,source-intake/navier-stokes/20260909/annular-metric-evolution-independent-controls/canonical_N16_metric_Gram_sample16.npz,research-programme/reproducibility/20260909/source-intake/navier-stokes/20260909/annular-metric-evolution-independent-controls/canonical_N16_metric_Gram_sample16.npz,15378,ab08aa075c184afff7039a81fa87b9a431da84637b09105764b20daf19559541,ab08aa075c184afff7039a81fa87b9a431da84637b09105764b20daf19559541,ab08aa075c184afff7039a81fa87b9a431da84637b09105764b20daf19559541,verified
input,source-intake/navier-stokes/20260909/annular-metric-evolution-independent-controls/canonical_N32_GR_sample0.npz,research-programme/reproducibility/20260909/source-intake/navier-stokes/20260909/annular-metric-evolution-independent-controls/canonical_N32_GR_sample0.npz,19945,215e5f128534f456c8b713630cdca26e27edd6890fad34e99a7e513dde0e7c71,215e5f128534f456c8b713630cdca26e27edd6890fad34e99a7e513dde0e7c71,215e5f128534f456c8b713630cdca26e27edd6890fad34e99a7e513dde0e7c71,verified
input,source-intake/navier-stokes/20260909/annular-metric-evolution-independent-controls/canonical_N32_GR_sample8.npz,research-programme/reproducibility/20260909/source-intake/navier-stokes/20260909/annular-metric-evolution-independent-controls/canonical_N32_GR_sample8.npz,19919,e0d2f8857827fb851af9401bf0aa5f9e7b35fffb563458bc7beb60ba91a80fe7,e0d2f8857827fb851af9401bf0aa5f9e7b35fffb563458bc7beb60ba91a80fe7,e0d2f8857827fb851af9401bf0aa5f9e7b35fffb563458bc7beb60ba91a80fe7,verified
input,source-intake/navier-stokes/20260909/annular-metric-evolution-independent-controls/canonical_N32_GR_sample16.npz,research-programme/reproducibility/20260909/source-intake/navier-stokes/20260909/annular-metric-evolution-independent-controls/canonical_N32_GR_sample16.npz,19953,d969929fa286eb3fb735a0ab79ba0537e0617712d6dacd29f4aad43a4ed90708,d969929fa286eb3fb735a0ab79ba0537e0617712d6dacd29f4aad43a4ed90708,d969929fa286eb3fb735a0ab79ba0537e0617712d6dacd29f4aad43a4ed90708,verified
input,source-intake/navier-stokes/20260909/annular-metric-evolution-independent-controls/canonical_N32_metric_Gram_sample0.npz,research-programme/reproducibility/20260909/source-intake/navier-stokes/20260909/annular-metric-evolution-independent-controls/canonical_N32_metric_Gram_sample0.npz,22301,b4a4d01dba45d551f81f9d7eb7da5955bfa8033da6848dde9c5109e75132fed2,b4a4d01dba45d551f81f9d7eb7da5955bfa8033da6848dde9c5109e75132fed2,b4a4d01dba45d551f81f9d7eb7da5955bfa8033da6848dde9c5109e75132fed2,verified
input,source-intake/navier-stokes/20260909/annular-metric-evolution-independent-controls/canonical_N32_metric_Gram_sample8.npz,research-programme/reproducibility/20260909/source-intake/navier-stokes/20260909/annular-metric-evolution-independent-controls/canonical_N32_metric_Gram_sample8.npz,22267,bd5d39356e0c67e940424373d080a275ed839ea1dffd99e833e554ac44a9fa49,bd5d39356e0c67e940424373d080a275ed839ea1dffd99e833e554ac44a9fa49,bd5d39356e0c67e940424373d080a275ed839ea1dffd99e833e554ac44a9fa49,verified
input,source-intake/navier-stokes/20260909/annular-metric-evolution-independent-controls/canonical_N32_metric_Gram_sample16.npz,research-programme/reproducibility/20260909/source-intake/navier-stokes/20260909/annular-metric-evolution-independent-controls/canonical_N32_metric_Gram_sample16.npz,22273,791ce67bf6ccc3594b62ebed69079de2158d946b17536eacc71ca1455c425dde,791ce67bf6ccc3594b62ebed69079de2158d946b17536eacc71ca1455c425dde,791ce67bf6ccc3594b62ebed69079de2158d946b17536eacc71ca1455c425dde,verified
input,source-intake/navier-stokes/20260909/annular-metric-evolution-independent-controls/nonlinear_modulated_N16_GR_sample0.npz,research-programme/reproducibility/20260909/source-intake/navier-stokes/20260909/annular-metric-evolution-independent-controls/nonlinear_modulated_N16_GR_sample0.npz,14519,35b0afd7b8236af8a0f0cc572963df4ee959333b75cbbc9a2189a4f6d37ea4e1,35b0afd7b8236af8a0f0cc572963df4ee959333b75cbbc9a2189a4f6d37ea4e1,35b0afd7b8236af8a0f0cc572963df4ee959333b75cbbc9a2189a4f6d37ea4e1,verified
input,source-intake/navier-stokes/20260909/annular-metric-evolution-independent-controls/nonlinear_modulated_N16_GR_sample8.npz,research-programme/reproducibility/20260909/source-intake/navier-stokes/20260909/annular-metric-evolution-independent-controls/nonlinear_modulated_N16_GR_sample8.npz,14488,e85bef8b9ed1ab88085a31b76f16b144ee1ebcb250f9dbcecb8ad388cfc9b371,e85bef8b9ed1ab88085a31b76f16b144ee1ebcb250f9dbcecb8ad388cfc9b371,e85bef8b9ed1ab88085a31b76f16b144ee1ebcb250f9dbcecb8ad388cfc9b371,verified
input,source-intake/navier-stokes/20260909/annular-metric-evolution-independent-controls/nonlinear_modulated_N16_GR_sample16.npz,research-programme/reproducibility/20260909/source-intake/navier-stokes/20260909/annular-metric-evolution-independent-controls/nonlinear_modulated_N16_GR_sample16.npz,14498,917b5205ba56cd65a16c33873572dd1fa88431af35da0ef0081d5b7a1264ff6c,917b5205ba56cd65a16c33873572dd1fa88431af35da0ef0081d5b7a1264ff6c,917b5205ba56cd65a16c33873572dd1fa88431af35da0ef0081d5b7a1264ff6c,verified
input,source-intake/navier-stokes/20260909/annular-metric-evolution-independent-controls/nonlinear_modulated_N16_metric_Gram_sample0.npz,research-programme/reproducibility/20260909/source-intake/navier-stokes/20260909/annular-metric-evolution-independent-controls/nonlinear_modulated_N16_metric_Gram_sample0.npz,15701,9901a95cb75113dede0b19fa03e322c2afdfb8901916a6ffff820d13cc7d192a,9901a95cb75113dede0b19fa03e322c2afdfb8901916a6ffff820d13cc7d192a,9901a95cb75113dede0b19fa03e322c2afdfb8901916a6ffff820d13cc7d192a,verified
input,source-intake/navier-stokes/20260909/annular-metric-evolution-independent-controls/nonlinear_modulated_N16_metric_Gram_sample8.npz,research-programme/reproducibility/20260909/source-intake/navier-stokes/20260909/annular-metric-evolution-independent-controls/nonlinear_modulated_N16_metric_Gram_sample8.npz,15708,d16ef4a99e2e22b7ee0fdefc46867da8abd67495f55325985666e27657e9db55,d16ef4a99e2e22b7ee0fdefc46867da8abd67495f55325985666e27657e9db55,d16ef4a99e2e22b7ee0fdefc46867da8abd67495f55325985666e27657e9db55,verified
input,source-intake/navier-stokes/20260909/annular-metric-evolution-independent-controls/nonlinear_modulated_N16_metric_Gram_sample16.npz,research-programme/reproducibility/20260909/source-intake/navier-stokes/20260909/annular-metric-evolution-independent-controls/nonlinear_modulated_N16_metric_Gram_sample16.npz,15641,d9023f25a9a8e8c7cd81662d6a9016a6708edd1896e32be83c5c7f605e088240,d9023f25a9a8e8c7cd81662d6a9016a6708edd1896e32be83c5c7f605e088240,d9023f25a9a8e8c7cd81662d6a9016a6708edd1896e32be83c5c7f605e088240,verified
input,source-intake/navier-stokes/20260909/annular-metric-evolution-independent-controls/nonlinear_modulated_N32_GR_sample0.npz,research-programme/reproducibility/20260909/source-intake/navier-stokes/20260909/annular-metric-evolution-independent-controls/nonlinear_modulated_N32_GR_sample0.npz,20485,692f17cc9837e9fd8caef639af3513c3c438169e95fe05d618f0506b4234a27d,692f17cc9837e9fd8caef639af3513c3c438169e95fe05d618f0506b4234a27d,692f17cc9837e9fd8caef639af3513c3c438169e95fe05d618f0506b4234a27d,verified
input,source-intake/navier-stokes/20260909/annular-metric-evolution-independent-controls/nonlinear_modulated_N32_GR_sample8.npz,research-programme/reproducibility/20260909/source-intake/navier-stokes/20260909/annular-metric-evolution-independent-controls/nonlinear_modulated_N32_GR_sample8.npz,20502,1f74f64aa3c5353136ce9e5c72aac130b1cedd2402b5d6e4f0dc2e0f07ed8a5e,1f74f64aa3c5353136ce9e5c72aac130b1cedd2402b5d6e4f0dc2e0f07ed8a5e,1f74f64aa3c5353136ce9e5c72aac130b1cedd2402b5d6e4f0dc2e0f07ed8a5e,verified
input,source-intake/navier-stokes/20260909/annular-metric-evolution-independent-controls/nonlinear_modulated_N32_GR_sample16.npz,research-programme/reproducibility/20260909/source-intake/navier-stokes/20260909/annular-metric-evolution-independent-controls/nonlinear_modulated_N32_GR_sample16.npz,20497,ec258afda5ea5b7bb4b0031e392ef1defc21f4ad10e9a66c34db551d380a51f3,ec258afda5ea5b7bb4b0031e392ef1defc21f4ad10e9a66c34db551d380a51f3,ec258afda5ea5b7bb4b0031e392ef1defc21f4ad10e9a66c34db551d380a51f3,verified
input,source-intake/navier-stokes/20260909/annular-metric-evolution-independent-controls/nonlinear_modulated_N32_metric_Gram_sample0.npz,research-programme/reproducibility/20260909/source-intake/navier-stokes/20260909/annular-metric-evolution-independent-controls/nonlinear_modulated_N32_metric_Gram_sample0.npz,22835,268694a637cf0e64f318072e254f5e8a1586a2b2996b9ba26fad1f298b20632d,268694a637cf0e64f318072e254f5e8a1586a2b2996b9ba26fad1f298b20632d,268694a637cf0e64f318072e254f5e8a1586a2b2996b9ba26fad1f298b20632d,verified
input,source-intake/navier-stokes/20260909/annular-metric-evolution-independent-controls/nonlinear_modulated_N32_metric_Gram_sample8.npz,research-programme/reproducibility/20260909/source-intake/navier-stokes/20260909/annular-metric-evolution-independent-controls/nonlinear_modulated_N32_metric_Gram_sample8.npz,22859,ad05a918f4b36d43d4eaeeeeb96dba2fdac46f53187d2b7759bfabc5422dd246,ad05a918f4b36d43d4eaeeeeb96dba2fdac46f53187d2b7759bfabc5422dd246,ad05a918f4b36d43d4eaeeeeb96dba2fdac46f53187d2b7759bfabc5422dd246,verified
input,source-intake/navier-stokes/20260909/annular-metric-evolution-independent-controls/nonlinear_modulated_N32_metric_Gram_sample16.npz,research-programme/reproducibility/20260909/source-intake/navier-stokes/20260909/annular-metric-evolution-independent-controls/nonlinear_modulated_N32_metric_Gram_sample16.npz,22880,309ee1236acf5400824c921064778b1265c47c1f6fbd5edcb20a9c26c174c564,309ee1236acf5400824c921064778b1265c47c1f6fbd5edcb20a9c26c174c564,309ee1236acf5400824c921064778b1265c47c1f6fbd5edcb20a9c26c174c564,verified
input,source-intake/navier-stokes/20260909/annular-metric-dynamics-resume-snapshot.md,research-programme/reproducibility/20260909/source-intake/navier-stokes/20260909/annular-metric-dynamics-resume-snapshot.md,854872,f3f74425809939978a8ce3be412a12eb1b9475cd07822503b754a4008daf7d84,f3f74425809939978a8ce3be412a12eb1b9475cd07822503b754a4008daf7d84,f3f74425809939978a8ce3be412a12eb1b9475cd07822503b754a4008daf7d84,verified
input,scripts/annular_released_hermite_action_20260909.py,research-programme/reproducibility/20260909/scripts/annular_released_hermite_action_20260909.py,9867,360d565ed558fd83121d11d59f9096d1ebf7fc49f288ca5d8bf7e4f062cac145,360d565ed558fd83121d11d59f9096d1ebf7fc49f288ca5d8bf7e4f062cac145,360d565ed558fd83121d11d59f9096d1ebf7fc49f288ca5d8bf7e4f062cac145,verified
input,scripts/derive_annular_released_hermite_20260909.py,research-programme/reproducibility/20260909/scripts/derive_annular_released_hermite_20260909.py,16615,d2f3934d38bac8a2edaf213b5dfd5da214cfc0096e27fad8fc0bfd04208e437a,d2f3934d38bac8a2edaf213b5dfd5da214cfc0096e27fad8fc0bfd04208e437a,d2f3934d38bac8a2edaf213b5dfd5da214cfc0096e27fad8fc0bfd04208e437a,verified
input,source-intake/navier-stokes/20260909/annular-released-Hermite-initial-derived/status.json,research-programme/reproducibility/20260909/source-intake/navier-stokes/20260909/annular-released-Hermite-initial-derived/status.json,203938,d2f355a17a4bc86265685e254ed1d0e3c6ce942588293bc5d12a02e07348ae32,d2f355a17a4bc86265685e254ed1d0e3c6ce942588293bc5d12a02e07348ae32,d2f355a17a4bc86265685e254ed1d0e3c6ce942588293bc5d12a02e07348ae32,verified
input,source-intake/navier-stokes/20260909/annular-released-Hermite-initial-derived/COMPLETE,research-programme/reproducibility/20260909/source-intake/navier-stokes/20260909/annular-released-Hermite-initial-derived/COMPLETE,34,c10173e3b5722616865b9710e98588eef2b635dc9d2e73ffd2b8ec90caef90dc,c10173e3b5722616865b9710e98588eef2b635dc9d2e73ffd2b8ec90caef90dc,c10173e3b5722616865b9710e98588eef2b635dc9d2e73ffd2b8ec90caef90dc,verified
input,source-intake/navier-stokes/20260909/annular-released-Hermite-initial-derived/executed-script.py,research-programme/reproducibility/20260909/source-intake/navier-stokes/20260909/annular-released-Hermite-initial-derived/executed-script.py,16615,d2f3934d38bac8a2edaf213b5dfd5da214cfc0096e27fad8fc0bfd04208e437a,d2f3934d38bac8a2edaf213b5dfd5da214cfc0096e27fad8fc0bfd04208e437a,d2f3934d38bac8a2edaf213b5dfd5da214cfc0096e27fad8fc0bfd04208e437a,verified
input,scripts/evolve_annular_released_hermite_20260909.py,research-programme/reproducibility/20260909/scripts/evolve_annular_released_hermite_20260909.py,16714,3373a9c670d39d94316b228da22e53c563800321bafd4c5353a75e74fea130fc,3373a9c670d39d94316b228da22e53c563800321bafd4c5353a75e74fea130fc,3373a9c670d39d94316b228da22e53c563800321bafd4c5353a75e74fea130fc,verified
input,source-intake/navier-stokes/20260909/annular-released-Hermite-initial-derived/canonical_N16_GR.npz,research-programme/reproducibility/20260909/source-intake/navier-stokes/20260909/annular-released-Hermite-initial-derived/canonical_N16_GR.npz,32037,bd5ab6981821bbf6a9f69abd02ea8e40fd0a448c5318f18dc6ad41a6fbedb7e6,bd5ab6981821bbf6a9f69abd02ea8e40fd0a448c5318f18dc6ad41a6fbedb7e6,bd5ab6981821bbf6a9f69abd02ea8e40fd0a448c5318f18dc6ad41a6fbedb7e6,verified
input,source-intake/navier-stokes/20260909/annular-released-Hermite-initial-derived/canonical_N16_metric_Gram.npz,research-programme/reproducibility/20260909/source-intake/navier-stokes/20260909/annular-released-Hermite-initial-derived/canonical_N16_metric_Gram.npz,33091,17fddd4c0e23cdbbef70b342f0de1347efbadf4934c783df9e289815f35ef207,17fddd4c0e23cdbbef70b342f0de1347efbadf4934c783df9e289815f35ef207,17fddd4c0e23cdbbef70b342f0de1347efbadf4934c783df9e289815f35ef207,verified
input,source-intake/navier-stokes/20260909/annular-released-Hermite-initial-derived/canonical_N32_GR.npz,research-programme/reproducibility/20260909/source-intake/navier-stokes/20260909/annular-released-Hermite-initial-derived/canonical_N32_GR.npz,56387,2a4e7c5783e2b0924c6b59f5cca2421146dc30d308377ef884a0a4ab216ef2c5,2a4e7c5783e2b0924c6b59f5cca2421146dc30d308377ef884a0a4ab216ef2c5,2a4e7c5783e2b0924c6b59f5cca2421146dc30d308377ef884a0a4ab216ef2c5,verified
input,source-intake/navier-stokes/20260909/annular-released-Hermite-initial-derived/canonical_N32_metric_Gram.npz,research-programme/reproducibility/20260909/source-intake/navier-stokes/20260909/annular-released-Hermite-initial-derived/canonical_N32_metric_Gram.npz,58533,98e36609070d8b85332170af98ffc94d638b4acc98072d85f27ee479b93d49d0,98e36609070d8b85332170af98ffc94d638b4acc98072d85f27ee479b93d49d0,98e36609070d8b85332170af98ffc94d638b4acc98072d85f27ee479b93d49d0,verified
input,source-intake/navier-stokes/20260909/annular-released-Hermite-initial-derived/canonical_N64_GR.npz,research-programme/reproducibility/20260909/source-intake/navier-stokes/20260909/annular-released-Hermite-initial-derived/canonical_N64_GR.npz,102356,f1f721cfd93bf08e0eb1b4e8e2148b773e80a5ce50c644045e34d0daac87b3d6,f1f721cfd93bf08e0eb1b4e8e2148b773e80a5ce50c644045e34d0daac87b3d6,f1f721cfd93bf08e0eb1b4e8e2148b773e80a5ce50c644045e34d0daac87b3d6,verified
input,source-intake/navier-stokes/20260909/annular-released-Hermite-initial-derived/canonical_N64_metric_Gram.npz,research-programme/reproducibility/20260909/source-intake/navier-stokes/20260909/annular-released-Hermite-initial-derived/canonical_N64_metric_Gram.npz,106616,f4c5817e7b3fb05c8afade56702ce6b0cd5e6365ba28c1433308dfa81cf206ea,f4c5817e7b3fb05c8afade56702ce6b0cd5e6365ba28c1433308dfa81cf206ea,f4c5817e7b3fb05c8afade56702ce6b0cd5e6365ba28c1433308dfa81cf206ea,verified
input,source-intake/navier-stokes/20260909/annular-released-Hermite-initial-derived/nonlinear_modulated_N16_GR.npz,research-programme/reproducibility/20260909/source-intake/navier-stokes/20260909/annular-released-Hermite-initial-derived/nonlinear_modulated_N16_GR.npz,32388,1f8f226028fad8c7c185dfe0af9c15428b3cb5f67e255759a6cfd287aa09a25f,1f8f226028fad8c7c185dfe0af9c15428b3cb5f67e255759a6cfd287aa09a25f,1f8f226028fad8c7c185dfe0af9c15428b3cb5f67e255759a6cfd287aa09a25f,verified
input,source-intake/navier-stokes/20260909/annular-released-Hermite-initial-derived/nonlinear_modulated_N16_metric_Gram.npz,research-programme/reproducibility/20260909/source-intake/navier-stokes/20260909/annular-released-Hermite-initial-derived/nonlinear_modulated_N16_metric_Gram.npz,33428,f428494949cc9f630220eae53acaf5a301b4b5a0b263d36bbde5b161f746cd23,f428494949cc9f630220eae53acaf5a301b4b5a0b263d36bbde5b161f746cd23,f428494949cc9f630220eae53acaf5a301b4b5a0b263d36bbde5b161f746cd23,verified
input,source-intake/navier-stokes/20260909/annular-released-Hermite-initial-derived/nonlinear_modulated_N32_GR.npz,research-programme/reproducibility/20260909/source-intake/navier-stokes/20260909/annular-released-Hermite-initial-derived/nonlinear_modulated_N32_GR.npz,57006,0c106730218e28f2412390ba8b3b047b6b8addeab76c389f7640421741463932,0c106730218e28f2412390ba8b3b047b6b8addeab76c389f7640421741463932,0c106730218e28f2412390ba8b3b047b6b8addeab76c389f7640421741463932,verified
input,source-intake/navier-stokes/20260909/annular-released-Hermite-initial-derived/nonlinear_modulated_N32_metric_Gram.npz,research-programme/reproducibility/20260909/source-intake/navier-stokes/20260909/annular-released-Hermite-initial-derived/nonlinear_modulated_N32_metric_Gram.npz,59112,76261ce098c987aadbefbb06080ed9969c863f486a83aee63c37721ffb0975fd,76261ce098c987aadbefbb06080ed9969c863f486a83aee63c37721ffb0975fd,76261ce098c987aadbefbb06080ed9969c863f486a83aee63c37721ffb0975fd,verified
input,source-intake/navier-stokes/20260909/annular-released-Hermite-initial-derived/nonlinear_modulated_N64_GR.npz,research-programme/reproducibility/20260909/source-intake/navier-stokes/20260909/annular-released-Hermite-initial-derived/nonlinear_modulated_N64_GR.npz,103367,4ef953dc1f98ed90d0382f53c8e12bc271be1ad56ae55937d8e6867224a4b7c5,4ef953dc1f98ed90d0382f53c8e12bc271be1ad56ae55937d8e6867224a4b7c5,4ef953dc1f98ed90d0382f53c8e12bc271be1ad56ae55937d8e6867224a4b7c5,verified
input,source-intake/navier-stokes/20260909/annular-released-Hermite-initial-derived/nonlinear_modulated_N64_metric_Gram.npz,research-programme/reproducibility/20260909/source-intake/navier-stokes/20260909/annular-released-Hermite-initial-derived/nonlinear_modulated_N64_metric_Gram.npz,107832,7283907d16265053bfe46b094402fa4d1bed6715821fc30b8cd7d11d215adf30,7283907d16265053bfe46b094402fa4d1bed6715821fc30b8cd7d11d215adf30,7283907d16265053bfe46b094402fa4d1bed6715821fc30b8cd7d11d215adf30,verified
input,source-intake/navier-stokes/20260909/annular-released-Hermite-evolution-smoke/status.json,research-programme/reproducibility/20260909/source-intake/navier-stokes/20260909/annular-released-Hermite-evolution-smoke/status.json,211304,3f9eb5f13b5e6cb50ae78d28aec38c3496e3c3cd6ae84856622abfa685b832ec,3f9eb5f13b5e6cb50ae78d28aec38c3496e3c3cd6ae84856622abfa685b832ec,3f9eb5f13b5e6cb50ae78d28aec38c3496e3c3cd6ae84856622abfa685b832ec,verified
input,source-intake/navier-stokes/20260909/annular-released-Hermite-evolution-smoke/COMPLETE,research-programme/reproducibility/20260909/source-intake/navier-stokes/20260909/annular-released-Hermite-evolution-smoke/COMPLETE,34,0787113e5c825a3f0dbd546242a2a3ad7fff78eebe7066eea1195c376264e8eb,0787113e5c825a3f0dbd546242a2a3ad7fff78eebe7066eea1195c376264e8eb,0787113e5c825a3f0dbd546242a2a3ad7fff78eebe7066eea1195c376264e8eb,verified
input,source-intake/navier-stokes/20260909/annular-released-Hermite-evolution-smoke/executed-script.py,research-programme/reproducibility/20260909/source-intake/navier-stokes/20260909/annular-released-Hermite-evolution-smoke/executed-script.py,16714,3373a9c670d39d94316b228da22e53c563800321bafd4c5353a75e74fea130fc,3373a9c670d39d94316b228da22e53c563800321bafd4c5353a75e74fea130fc,3373a9c670d39d94316b228da22e53c563800321bafd4c5353a75e74fea130fc,verified
input,scripts/finalize_annular_released_hermite_20260909.py,research-programme/reproducibility/20260909/scripts/finalize_annular_released_hermite_20260909.py,10743,35c41c404002229ea7e22e0c5561f7f18049b19e7953df2ea419d6eef984b0da,35c41c404002229ea7e22e0c5561f7f18049b19e7953df2ea419d6eef984b0da,35c41c404002229ea7e22e0c5561f7f18049b19e7953df2ea419d6eef984b0da,verified
input,source-intake/navier-stokes/20260909/annular-released-Hermite-all-face-analysis.json,research-programme/reproducibility/20260909/source-intake/navier-stokes/20260909/annular-released-Hermite-all-face-analysis.json,192033,fc12e105cf40a0cd5974226d083d6ec50c0954e47c902607dd5d3af0dda63187,fc12e105cf40a0cd5974226d083d6ec50c0954e47c902607dd5d3af0dda63187,fc12e105cf40a0cd5974226d083d6ec50c0954e47c902607dd5d3af0dda63187,verified
input,DERIVATION-20260909-released-Hermite-slope-dynamics.md,research-programme/reproducibility/20260909/DERIVATION-20260909-released-Hermite-slope-dynamics.md,14294,f5a67dceac758cd9519e3ae247cd2e69be1a5fa2626a26a02feaa20cbf71fce4,f5a67dceac758cd9519e3ae247cd2e69be1a5fa2626a26a02feaa20cbf71fce4,f5a67dceac758cd9519e3ae247cd2e69be1a5fa2626a26a02feaa20cbf71fce4,verified
input,source-intake/navier-stokes/20260909/annular-released-Hermite-evolution-smoke/canonical_N16_GR_steps8.npz,research-programme/reproducibility/20260909/source-intake/navier-stokes/20260909/annular-released-Hermite-evolution-smoke/canonical_N16_GR_steps8.npz,16043,a0c24ef06dbed97a5b780747d05d3390f72a73d311f0cdb5b46cdeb5c9ca2d59,a0c24ef06dbed97a5b780747d05d3390f72a73d311f0cdb5b46cdeb5c9ca2d59,a0c24ef06dbed97a5b780747d05d3390f72a73d311f0cdb5b46cdeb5c9ca2d59,verified
input,source-intake/navier-stokes/20260909/annular-released-Hermite-evolution-smoke/canonical_N16_GR_steps8.json,research-programme/reproducibility/20260909/source-intake/navier-stokes/20260909/annular-released-Hermite-evolution-smoke/canonical_N16_GR_steps8.json,6008,ac136397215d0c8e1ac23a167355e6940b14a7a90000f6f0528b3d74c4159c86,ac136397215d0c8e1ac23a167355e6940b14a7a90000f6f0528b3d74c4159c86,ac136397215d0c8e1ac23a167355e6940b14a7a90000f6f0528b3d74c4159c86,verified
input,source-intake/navier-stokes/20260909/annular-released-Hermite-evolution-smoke/canonical_N16_GR_steps16.npz,research-programme/reproducibility/20260909/source-intake/navier-stokes/20260909/annular-released-Hermite-evolution-smoke/canonical_N16_GR_steps16.npz,27911,b671a7cd1b58038aa6300d9d3cf6eb3cee640aca83d61356064cc3d3ab2f1bb8,b671a7cd1b58038aa6300d9d3cf6eb3cee640aca83d61356064cc3d3ab2f1bb8,b671a7cd1b58038aa6300d9d3cf6eb3cee640aca83d61356064cc3d3ab2f1bb8,verified
input,source-intake/navier-stokes/20260909/annular-released-Hermite-evolution-smoke/canonical_N16_GR_steps16.json,research-programme/reproducibility/20260909/source-intake/navier-stokes/20260909/annular-released-Hermite-evolution-smoke/canonical_N16_GR_steps16.json,11321,e3d7a4406de9f8ebd01f854cdfd79c047116e53690fa1c8093ed01fb9eea57c1,e3d7a4406de9f8ebd01f854cdfd79c047116e53690fa1c8093ed01fb9eea57c1,e3d7a4406de9f8ebd01f854cdfd79c047116e53690fa1c8093ed01fb9eea57c1,verified
input,source-intake/navier-stokes/20260909/annular-released-Hermite-evolution-smoke/canonical_N16_GR_Ward0.npz,research-programme/reproducibility/20260909/source-intake/navier-stokes/20260909/annular-released-Hermite-evolution-smoke/canonical_N16_GR_Ward0.npz,9778,3debf5a11c8756f27e7cf3117fcc8883e105684f13ae3889aa1120e88517026b,3debf5a11c8756f27e7cf3117fcc8883e105684f13ae3889aa1120e88517026b,3debf5a11c8756f27e7cf3117fcc8883e105684f13ae3889aa1120e88517026b,verified
input,source-intake/navier-stokes/20260909/annular-released-Hermite-evolution-smoke/canonical_N16_GR_Ward16.npz,research-programme/reproducibility/20260909/source-intake/navier-stokes/20260909/annular-released-Hermite-evolution-smoke/canonical_N16_GR_Ward16.npz,9823,2f596a000fd905a2e1f580b1647dfbea8b4d44573d5dbe8f87a60c3b63830799,2f596a000fd905a2e1f580b1647dfbea8b4d44573d5dbe8f87a60c3b63830799,2f596a000fd905a2e1f580b1647dfbea8b4d44573d5dbe8f87a60c3b63830799,verified
input,source-intake/navier-stokes/20260909/annular-released-Hermite-evolution-smoke/canonical_N16_GR_Ward32.npz,research-programme/reproducibility/20260909/source-intake/navier-stokes/20260909/annular-released-Hermite-evolution-smoke/canonical_N16_GR_Ward32.npz,9819,c42d6c7750268d94617bee73571b3edf4b8e48d2e4cfd61de40632c76aff6cb6,c42d6c7750268d94617bee73571b3edf4b8e48d2e4cfd61de40632c76aff6cb6,c42d6c7750268d94617bee73571b3edf4b8e48d2e4cfd61de40632c76aff6cb6,verified
input,source-intake/navier-stokes/20260909/annular-released-Hermite-evolution-smoke/canonical_N16_GR_steps32.npz,research-programme/reproducibility/20260909/source-intake/navier-stokes/20260909/annular-released-Hermite-evolution-smoke/canonical_N16_GR_steps32.npz,51540,78ba131b8cf45dbd44837da7e73953c2daa339bdf28fe3ad72ac666fac13f9d6,78ba131b8cf45dbd44837da7e73953c2daa339bdf28fe3ad72ac666fac13f9d6,78ba131b8cf45dbd44837da7e73953c2daa339bdf28fe3ad72ac666fac13f9d6,verified
input,source-intake/navier-stokes/20260909/annular-released-Hermite-evolution-smoke/canonical_N16_GR_steps32.json,research-programme/reproducibility/20260909/source-intake/navier-stokes/20260909/annular-released-Hermite-evolution-smoke/canonical_N16_GR_steps32.json,21971,639fbb07c6a15d3f656ed75171d884d074c2322568b4be4484c6c1d88d17f68f,639fbb07c6a15d3f656ed75171d884d074c2322568b4be4484c6c1d88d17f68f,639fbb07c6a15d3f656ed75171d884d074c2322568b4be4484c6c1d88d17f68f,verified
input,source-intake/navier-stokes/20260909/annular-released-Hermite-evolution-smoke/canonical_N16_metric_Gram_steps8.npz,research-programme/reproducibility/20260909/source-intake/navier-stokes/20260909/annular-released-Hermite-evolution-smoke/canonical_N16_metric_Gram_steps8.npz,16509,874d1c65935dc897b29a113602f768ba80bf4a0bb685bb603bc73257c871e638,874d1c65935dc897b29a113602f768ba80bf4a0bb685bb603bc73257c871e638,874d1c65935dc897b29a113602f768ba80bf4a0bb685bb603bc73257c871e638,verified
input,source-intake/navier-stokes/20260909/annular-released-Hermite-evolution-smoke/canonical_N16_metric_Gram_steps8.json,research-programme/reproducibility/20260909/source-intake/navier-stokes/20260909/annular-released-Hermite-evolution-smoke/canonical_N16_metric_Gram_steps8.json,6006,2b848868b629feaed1611a45343894ec481f49b1ae5ed4f9b567ac18f1749b0e,2b848868b629feaed1611a45343894ec481f49b1ae5ed4f9b567ac18f1749b0e,2b848868b629feaed1611a45343894ec481f49b1ae5ed4f9b567ac18f1749b0e,verified
input,source-intake/navier-stokes/20260909/annular-released-Hermite-evolution-smoke/canonical_N16_metric_Gram_steps16.npz,research-programme/reproducibility/20260909/source-intake/navier-stokes/20260909/annular-released-Hermite-evolution-smoke/canonical_N16_metric_Gram_steps16.npz,28673,2db3aebd63d9b61a82f1e0bc3fb7edf06b60da04d5590be077819a4612687f67,2db3aebd63d9b61a82f1e0bc3fb7edf06b60da04d5590be077819a4612687f67,2db3aebd63d9b61a82f1e0bc3fb7edf06b60da04d5590be077819a4612687f67,verified
input,source-intake/navier-stokes/20260909/annular-released-Hermite-evolution-smoke/canonical_N16_metric_Gram_steps16.json,research-programme/reproducibility/20260909/source-intake/navier-stokes/20260909/annular-released-Hermite-evolution-smoke/canonical_N16_metric_Gram_steps16.json,11331,c6b81fe1bbadeafa5a38ac2f584fa77c8ce17d5820043103c68a7c29392689aa,c6b81fe1bbadeafa5a38ac2f584fa77c8ce17d5820043103c68a7c29392689aa,c6b81fe1bbadeafa5a38ac2f584fa77c8ce17d5820043103c68a7c29392689aa,verified
input,source-intake/navier-stokes/20260909/annular-released-Hermite-evolution-smoke/canonical_N16_metric_Gram_Ward0.npz,research-programme/reproducibility/20260909/source-intake/navier-stokes/20260909/annular-released-Hermite-evolution-smoke/canonical_N16_metric_Gram_Ward0.npz,10681,1fecde24fc049cfabdfd0c46713c7e0ca40f6e1a95d62785d6cbbb6c7851c2d5,1fecde24fc049cfabdfd0c46713c7e0ca40f6e1a95d62785d6cbbb6c7851c2d5,1fecde24fc049cfabdfd0c46713c7e0ca40f6e1a95d62785d6cbbb6c7851c2d5,verified
input,source-intake/navier-stokes/20260909/annular-released-Hermite-evolution-smoke/canonical_N16_metric_Gram_Ward16.npz,research-programme/reproducibility/20260909/source-intake/navier-stokes/20260909/annular-released-Hermite-evolution-smoke/canonical_N16_metric_Gram_Ward16.npz,10650,6112972678f1c35ca92b1aabc4357882a94706869d5611b07785db128c1cebd9,6112972678f1c35ca92b1aabc4357882a94706869d5611b07785db128c1cebd9,6112972678f1c35ca92b1aabc4357882a94706869d5611b07785db128c1cebd9,verified
input,source-intake/navier-stokes/20260909/annular-released-Hermite-evolution-smoke/canonical_N16_metric_Gram_Ward32.npz,research-programme/reproducibility/20260909/source-intake/navier-stokes/20260909/annular-released-Hermite-evolution-smoke/canonical_N16_metric_Gram_Ward32.npz,10674,5c02b8c2a9f65890f908cc7a200b20d9a880b58f95ab47dbf46f5b2842262617,5c02b8c2a9f65890f908cc7a200b20d9a880b58f95ab47dbf46f5b2842262617,5c02b8c2a9f65890f908cc7a200b20d9a880b58f95ab47dbf46f5b2842262617,verified
input,source-intake/navier-stokes/20260909/annular-released-Hermite-evolution-smoke/canonical_N16_metric_Gram_steps32.npz,research-programme/reproducibility/20260909/source-intake/navier-stokes/20260909/annular-released-Hermite-evolution-smoke/canonical_N16_metric_Gram_steps32.npz,53230,a8f687a9f503cf373b8b030563b2c163bd5ff60d06ef72ba21b774254cccc069,a8f687a9f503cf373b8b030563b2c163bd5ff60d06ef72ba21b774254cccc069,a8f687a9f503cf373b8b030563b2c163bd5ff60d06ef72ba21b774254cccc069,verified
input,source-intake/navier-stokes/20260909/annular-released-Hermite-evolution-smoke/canonical_N16_metric_Gram_steps32.json,research-programme/reproducibility/20260909/source-intake/navier-stokes/20260909/annular-released-Hermite-evolution-smoke/canonical_N16_metric_Gram_steps32.json,21973,40302b673d79305f16ad3cfc3f1f20f0cbaf9e5ae6aca33fe7f9853935225bac,40302b673d79305f16ad3cfc3f1f20f0cbaf9e5ae6aca33fe7f9853935225bac,40302b673d79305f16ad3cfc3f1f20f0cbaf9e5ae6aca33fe7f9853935225bac,verified
input,source-intake/navier-stokes/20260909/annular-released-Hermite-evolution-smoke/canonical_N32_GR_steps8.npz,research-programme/reproducibility/20260909/source-intake/navier-stokes/20260909/annular-released-Hermite-evolution-smoke/canonical_N32_GR_steps8.npz,28495,640933527aa4bacd9edca5aff596cb4e32c5064a0d67f467a68be2e9fd0545c2,640933527aa4bacd9edca5aff596cb4e32c5064a0d67f467a68be2e9fd0545c2,640933527aa4bacd9edca5aff596cb4e32c5064a0d67f467a68be2e9fd0545c2,verified
input,source-intake/navier-stokes/20260909/annular-released-Hermite-evolution-smoke/canonical_N32_GR_steps8.json,research-programme/reproducibility/20260909/source-intake/navier-stokes/20260909/annular-released-Hermite-evolution-smoke/canonical_N32_GR_steps8.json,6008,77f1d5e4b03c9d3dbf876a53758b265e811d2b1f9c3f96fe3e1377e14c99534b,77f1d5e4b03c9d3dbf876a53758b265e811d2b1f9c3f96fe3e1377e14c99534b,77f1d5e4b03c9d3dbf876a53758b265e811d2b1f9c3f96fe3e1377e14c99534b,verified
input,source-intake/navier-stokes/20260909/annular-released-Hermite-evolution-smoke/canonical_N32_GR_steps16.npz,research-programme/reproducibility/20260909/source-intake/navier-stokes/20260909/annular-released-Hermite-evolution-smoke/canonical_N32_GR_steps16.npz,51345,6c549c498c64e0640a17fc598c6e0d1d3e104273bda4dac35a6710b5967990dd,6c549c498c64e0640a17fc598c6e0d1d3e104273bda4dac35a6710b5967990dd,6c549c498c64e0640a17fc598c6e0d1d3e104273bda4dac35a6710b5967990dd,verified
input,source-intake/navier-stokes/20260909/annular-released-Hermite-evolution-smoke/canonical_N32_GR_steps16.json,research-programme/reproducibility/20260909/source-intake/navier-stokes/20260909/annular-released-Hermite-evolution-smoke/canonical_N32_GR_steps16.json,11336,1c8a1720090cbbde833e6bede2ba1d7c5a47eace446ce71048b6c7ecfc0daae0,1c8a1720090cbbde833e6bede2ba1d7c5a47eace446ce71048b6c7ecfc0daae0,1c8a1720090cbbde833e6bede2ba1d7c5a47eace446ce71048b6c7ecfc0daae0,verified
input,source-intake/navier-stokes/20260909/annular-released-Hermite-evolution-smoke/canonical_N32_GR_Ward0.npz,research-programme/reproducibility/20260909/source-intake/navier-stokes/20260909/annular-released-Hermite-evolution-smoke/canonical_N32_GR_Ward0.npz,14158,5d4945f7c2c6db6b7055cf50c82ffb36f66aab765036bd06d5bb4e87421032ec,5d4945f7c2c6db6b7055cf50c82ffb36f66aab765036bd06d5bb4e87421032ec,5d4945f7c2c6db6b7055cf50c82ffb36f66aab765036bd06d5bb4e87421032ec,verified
input,source-intake/navier-stokes/20260909/annular-released-Hermite-evolution-smoke/canonical_N32_GR_Ward16.npz,research-programme/reproducibility/20260909/source-intake/navier-stokes/20260909/annular-released-Hermite-evolution-smoke/canonical_N32_GR_Ward16.npz,14158,274cea0532953823712b8a4f856cf69331c865ebe108640787f305b87f02f09d,274cea0532953823712b8a4f856cf69331c865ebe108640787f305b87f02f09d,274cea0532953823712b8a4f856cf69331c865ebe108640787f305b87f02f09d,verified
input,source-intake/navier-stokes/20260909/annular-released-Hermite-evolution-smoke/canonical_N32_GR_Ward32.npz,research-programme/reproducibility/20260909/source-intake/navier-stokes/20260909/annular-released-Hermite-evolution-smoke/canonical_N32_GR_Ward32.npz,14174,a820f94baa0f88ae461c0714feb49594eee1639335c9d086961236a2d5c69161,a820f94baa0f88ae461c0714feb49594eee1639335c9d086961236a2d5c69161,a820f94baa0f88ae461c0714feb49594eee1639335c9d086961236a2d5c69161,verified
input,source-intake/navier-stokes/20260909/annular-released-Hermite-evolution-smoke/canonical_N32_GR_steps32.npz,research-programme/reproducibility/20260909/source-intake/navier-stokes/20260909/annular-released-Hermite-evolution-smoke/canonical_N32_GR_steps32.npz,97258,d3f70d4a6d12bf36d76f85260e7f83fe9c2c93f9a229d7c604fb2ffc5b65202a,d3f70d4a6d12bf36d76f85260e7f83fe9c2c93f9a229d7c604fb2ffc5b65202a,d3f70d4a6d12bf36d76f85260e7f83fe9c2c93f9a229d7c604fb2ffc5b65202a,verified
input,source-intake/navier-stokes/20260909/annular-released-Hermite-evolution-smoke/canonical_N32_GR_steps32.json,research-programme/reproducibility/20260909/source-intake/navier-stokes/20260909/annular-released-Hermite-evolution-smoke/canonical_N32_GR_steps32.json,21985,d9d7b3702dc1d9a249f0eb664342750da26501d1e2ca758daeea1f68721b5a40,d9d7b3702dc1d9a249f0eb664342750da26501d1e2ca758daeea1f68721b5a40,d9d7b3702dc1d9a249f0eb664342750da26501d1e2ca758daeea1f68721b5a40,verified
input,source-intake/navier-stokes/20260909/annular-released-Hermite-evolution-smoke/canonical_N32_metric_Gram_steps8.npz,research-programme/reproducibility/20260909/source-intake/navier-stokes/20260909/annular-released-Hermite-evolution-smoke/canonical_N32_metric_Gram_steps8.npz,30058,ff6ffc368bf0181e6005798a25bb5bb0f94423fdc93bd3d8bb77d37391c18232,ff6ffc368bf0181e6005798a25bb5bb0f94423fdc93bd3d8bb77d37391c18232,ff6ffc368bf0181e6005798a25bb5bb0f94423fdc93bd3d8bb77d37391c18232,verified
input,source-intake/navier-stokes/20260909/annular-released-Hermite-evolution-smoke/canonical_N32_metric_Gram_steps8.json,research-programme/reproducibility/20260909/source-intake/navier-stokes/20260909/annular-released-Hermite-evolution-smoke/canonical_N32_metric_Gram_steps8.json,5996,8dc7e3eff0a9191bffa334bfd524b81f0f85f65b7f0cf02884c0cb53bbdcd446,8dc7e3eff0a9191bffa334bfd524b81f0f85f65b7f0cf02884c0cb53bbdcd446,8dc7e3eff0a9191bffa334bfd524b81f0f85f65b7f0cf02884c0cb53bbdcd446,verified
input,source-intake/navier-stokes/20260909/annular-released-Hermite-evolution-smoke/canonical_N32_metric_Gram_steps16.npz,research-programme/reproducibility/20260909/source-intake/navier-stokes/20260909/annular-released-Hermite-evolution-smoke/canonical_N32_metric_Gram_steps16.npz,54024,5ff9827d4e606bfe540788040ff36c2e03a453b4b3b92aea6f29fcb2d3f8d7a5,5ff9827d4e606bfe540788040ff36c2e03a453b4b3b92aea6f29fcb2d3f8d7a5,5ff9827d4e606bfe540788040ff36c2e03a453b4b3b92aea6f29fcb2d3f8d7a5,verified
input,source-intake/navier-stokes/20260909/annular-released-Hermite-evolution-smoke/canonical_N32_metric_Gram_steps16.json,research-programme/reproducibility/20260909/source-intake/navier-stokes/20260909/annular-released-Hermite-evolution-smoke/canonical_N32_metric_Gram_steps16.json,11321,4ded24bbb1d56db609b5f7d68d4f9b47034ba55b0d41dbb21e718c9b6501519c,4ded24bbb1d56db609b5f7d68d4f9b47034ba55b0d41dbb21e718c9b6501519c,4ded24bbb1d56db609b5f7d68d4f9b47034ba55b0d41dbb21e718c9b6501519c,verified
input,source-intake/navier-stokes/20260909/annular-released-Hermite-evolution-smoke/canonical_N32_metric_Gram_Ward0.npz,research-programme/reproducibility/20260909/source-intake/navier-stokes/20260909/annular-released-Hermite-evolution-smoke/canonical_N32_metric_Gram_Ward0.npz,15825,3507fd0818e4594dbc04de7dcc0b4b065e54703dd51e8ce058a593c0edabe04d,3507fd0818e4594dbc04de7dcc0b4b065e54703dd51e8ce058a593c0edabe04d,3507fd0818e4594dbc04de7dcc0b4b065e54703dd51e8ce058a593c0edabe04d,verified
input,source-intake/navier-stokes/20260909/annular-released-Hermite-evolution-smoke/canonical_N32_metric_Gram_Ward16.npz,research-programme/reproducibility/20260909/source-intake/navier-stokes/20260909/annular-released-Hermite-evolution-smoke/canonical_N32_metric_Gram_Ward16.npz,15774,467dd68efb974f7e8c984de2f5522b5616cd4bf95d0e73df4d14f15d6c23bfc2,467dd68efb974f7e8c984de2f5522b5616cd4bf95d0e73df4d14f15d6c23bfc2,467dd68efb974f7e8c984de2f5522b5616cd4bf95d0e73df4d14f15d6c23bfc2,verified
input,source-intake/navier-stokes/20260909/annular-released-Hermite-evolution-smoke/canonical_N32_metric_Gram_Ward32.npz,research-programme/reproducibility/20260909/source-intake/navier-stokes/20260909/annular-released-Hermite-evolution-smoke/canonical_N32_metric_Gram_Ward32.npz,15842,365bbae9dbff9a5ab4d5c3c1a42a5a404e0b3bf2edc2f405f748d47de2f82c6c,365bbae9dbff9a5ab4d5c3c1a42a5a404e0b3bf2edc2f405f748d47de2f82c6c,365bbae9dbff9a5ab4d5c3c1a42a5a404e0b3bf2edc2f405f748d47de2f82c6c,verified
input,source-intake/navier-stokes/20260909/annular-released-Hermite-evolution-smoke/canonical_N32_metric_Gram_steps32.npz,research-programme/reproducibility/20260909/source-intake/navier-stokes/20260909/annular-released-Hermite-evolution-smoke/canonical_N32_metric_Gram_steps32.npz,102496,a06095a5b71e038526938e2524e5a84922c101600ea90b07d5e7f6d2cd81e9a0,a06095a5b71e038526938e2524e5a84922c101600ea90b07d5e7f6d2cd81e9a0,a06095a5b71e038526938e2524e5a84922c101600ea90b07d5e7f6d2cd81e9a0,verified
input,source-intake/navier-stokes/20260909/annular-released-Hermite-evolution-smoke/canonical_N32_metric_Gram_steps32.json,research-programme/reproducibility/20260909/source-intake/navier-stokes/20260909/annular-released-Hermite-evolution-smoke/canonical_N32_metric_Gram_steps32.json,21985,9d498ab6848b5e17945999bc7d57a34d4669fc72b20ec82b2ae01ccb5289ecc3,9d498ab6848b5e17945999bc7d57a34d4669fc72b20ec82b2ae01ccb5289ecc3,9d498ab6848b5e17945999bc7d57a34d4669fc72b20ec82b2ae01ccb5289ecc3,verified
input,source-intake/navier-stokes/20260909/annular-released-Hermite-evolution-smoke/nonlinear_modulated_N16_GR_steps8.npz,research-programme/reproducibility/20260909/source-intake/navier-stokes/20260909/annular-released-Hermite-evolution-smoke/nonlinear_modulated_N16_GR_steps8.npz,16061,603e1795803454d328e50647a6f2bdc5e5fb68ff02824ca572753dbfaccf5108,603e1795803454d328e50647a6f2bdc5e5fb68ff02824ca572753dbfaccf5108,603e1795803454d328e50647a6f2bdc5e5fb68ff02824ca572753dbfaccf5108,verified
input,source-intake/navier-stokes/20260909/annular-released-Hermite-evolution-smoke/nonlinear_modulated_N16_GR_steps8.json,research-programme/reproducibility/20260909/source-intake/navier-stokes/20260909/annular-released-Hermite-evolution-smoke/nonlinear_modulated_N16_GR_steps8.json,6138,ef92e70e8b0e5a32ddada70f096711b77873cbef6bcd8b82810f783369d8c4df,ef92e70e8b0e5a32ddada70f096711b77873cbef6bcd8b82810f783369d8c4df,ef92e70e8b0e5a32ddada70f096711b77873cbef6bcd8b82810f783369d8c4df,verified
input,source-intake/navier-stokes/20260909/annular-released-Hermite-evolution-smoke/nonlinear_modulated_N16_GR_steps16.npz,research-programme/reproducibility/20260909/source-intake/navier-stokes/20260909/annular-released-Hermite-evolution-smoke/nonlinear_modulated_N16_GR_steps16.npz,27910,87432571ce7a8ae330006c032d2f47c940785fea1e4ebc55c968d2f88ec4c8e4,87432571ce7a8ae330006c032d2f47c940785fea1e4ebc55c968d2f88ec4c8e4,87432571ce7a8ae330006c032d2f47c940785fea1e4ebc55c968d2f88ec4c8e4,verified
input,source-intake/navier-stokes/20260909/annular-released-Hermite-evolution-smoke/nonlinear_modulated_N16_GR_steps16.json,research-programme/reproducibility/20260909/source-intake/navier-stokes/20260909/annular-released-Hermite-evolution-smoke/nonlinear_modulated_N16_GR_steps16.json,11557,98538906c94a7fd2d2d175959319d6ce12a11c4e72010a763283ecefea238c1f,98538906c94a7fd2d2d175959319d6ce12a11c4e72010a763283ecefea238c1f,98538906c94a7fd2d2d175959319d6ce12a11c4e72010a763283ecefea238c1f,verified
input,source-intake/navier-stokes/20260909/annular-released-Hermite-evolution-smoke/nonlinear_modulated_N16_GR_Ward0.npz,research-programme/reproducibility/20260909/source-intake/navier-stokes/20260909/annular-released-Hermite-evolution-smoke/nonlinear_modulated_N16_GR_Ward0.npz,10110,7862c40bdefff77670dff5b51b5fe2170ed17506c02e03f9197ca9bb9941d00d,7862c40bdefff77670dff5b51b5fe2170ed17506c02e03f9197ca9bb9941d00d,7862c40bdefff77670dff5b51b5fe2170ed17506c02e03f9197ca9bb9941d00d,verified
input,source-intake/navier-stokes/20260909/annular-released-Hermite-evolution-smoke/nonlinear_modulated_N16_GR_Ward16.npz,research-programme/reproducibility/20260909/source-intake/navier-stokes/20260909/annular-released-Hermite-evolution-smoke/nonlinear_modulated_N16_GR_Ward16.npz,10086,bc9c827f41bd36d4c9aebadabd9fc688a9c699888565530d1177d5f8298836df,bc9c827f41bd36d4c9aebadabd9fc688a9c699888565530d1177d5f8298836df,bc9c827f41bd36d4c9aebadabd9fc688a9c699888565530d1177d5f8298836df,verified
input,source-intake/navier-stokes/20260909/annular-released-Hermite-evolution-smoke/nonlinear_modulated_N16_GR_Ward32.npz,research-programme/reproducibility/20260909/source-intake/navier-stokes/20260909/annular-released-Hermite-evolution-smoke/nonlinear_modulated_N16_GR_Ward32.npz,10105,bcabcfcdcb86729f0d0700578eedd9613249370c20ff1f6b74abc47d7def82d2,bcabcfcdcb86729f0d0700578eedd9613249370c20ff1f6b74abc47d7def82d2,bcabcfcdcb86729f0d0700578eedd9613249370c20ff1f6b74abc47d7def82d2,verified
input,source-intake/navier-stokes/20260909/annular-released-Hermite-evolution-smoke/nonlinear_modulated_N16_GR_steps32.npz,research-programme/reproducibility/20260909/source-intake/navier-stokes/20260909/annular-released-Hermite-evolution-smoke/nonlinear_modulated_N16_GR_steps32.npz,51653,b47131d44ddcad40d8653c6e7cbb500738552930391620646405f5e0bcd1f421,b47131d44ddcad40d8653c6e7cbb500738552930391620646405f5e0bcd1f421,b47131d44ddcad40d8653c6e7cbb500738552930391620646405f5e0bcd1f421,verified
input,source-intake/navier-stokes/20260909/annular-released-Hermite-evolution-smoke/nonlinear_modulated_N16_GR_steps32.json,research-programme/reproducibility/20260909/source-intake/navier-stokes/20260909/annular-released-Hermite-evolution-smoke/nonlinear_modulated_N16_GR_steps32.json,22441,f3b4dc015cec106bee30001d2b1bdee34f247ecb3cdfe84f1d627c1c5d819329,f3b4dc015cec106bee30001d2b1bdee34f247ecb3cdfe84f1d627c1c5d819329,f3b4dc015cec106bee30001d2b1bdee34f247ecb3cdfe84f1d627c1c5d819329,verified
input,source-intake/navier-stokes/20260909/annular-released-Hermite-evolution-smoke/nonlinear_modulated_N16_metric_Gram_steps8.npz,research-programme/reproducibility/20260909/source-intake/navier-stokes/20260909/annular-released-Hermite-evolution-smoke/nonlinear_modulated_N16_metric_Gram_steps8.npz,16604,8f098b1b9c69842bc2190e5b40c35e65c441ad50daa1c8b6cc4566a8ca3d34da,8f098b1b9c69842bc2190e5b40c35e65c441ad50daa1c8b6cc4566a8ca3d34da,8f098b1b9c69842bc2190e5b40c35e65c441ad50daa1c8b6cc4566a8ca3d34da,verified
input,source-intake/navier-stokes/20260909/annular-released-Hermite-evolution-smoke/nonlinear_modulated_N16_metric_Gram_steps8.json,research-programme/reproducibility/20260909/source-intake/navier-stokes/20260909/annular-released-Hermite-evolution-smoke/nonlinear_modulated_N16_metric_Gram_steps8.json,6140,2e3575bf5de2eb078d99356679da454262a4aa7fce45587a6b50394d08123d04,2e3575bf5de2eb078d99356679da454262a4aa7fce45587a6b50394d08123d04,2e3575bf5de2eb078d99356679da454262a4aa7fce45587a6b50394d08123d04,verified
input,source-intake/navier-stokes/20260909/annular-released-Hermite-evolution-smoke/nonlinear_modulated_N16_metric_Gram_steps16.npz,research-programme/reproducibility/20260909/source-intake/navier-stokes/20260909/annular-released-Hermite-evolution-smoke/nonlinear_modulated_N16_metric_Gram_steps16.npz,28839,4d38390f7cee80781bfcbeba43db66e52e916ec870cf17b8d17a7d819f109611,4d38390f7cee80781bfcbeba43db66e52e916ec870cf17b8d17a7d819f109611,4d38390f7cee80781bfcbeba43db66e52e916ec870cf17b8d17a7d819f109611,verified
input,source-intake/navier-stokes/20260909/annular-released-Hermite-evolution-smoke/nonlinear_modulated_N16_metric_Gram_steps16.json,research-programme/reproducibility/20260909/source-intake/navier-stokes/20260909/annular-released-Hermite-evolution-smoke/nonlinear_modulated_N16_metric_Gram_steps16.json,11578,e5607a0f4c29ecb23d23c13409701198cd7da85cbb9a5cc619655e78590a1dbf,e5607a0f4c29ecb23d23c13409701198cd7da85cbb9a5cc619655e78590a1dbf,e5607a0f4c29ecb23d23c13409701198cd7da85cbb9a5cc619655e78590a1dbf,verified
input,source-intake/navier-stokes/20260909/annular-released-Hermite-evolution-smoke/nonlinear_modulated_N16_metric_Gram_Ward0.npz,research-programme/reproducibility/20260909/source-intake/navier-stokes/20260909/annular-released-Hermite-evolution-smoke/nonlinear_modulated_N16_metric_Gram_Ward0.npz,10980,67e057dfef05d007e9a8ed9f480b35510567933c4a9b0445fd8baae6bc987c11,67e057dfef05d007e9a8ed9f480b35510567933c4a9b0445fd8baae6bc987c11,67e057dfef05d007e9a8ed9f480b35510567933c4a9b0445fd8baae6bc987c11,verified
input,source-intake/navier-stokes/20260909/annular-released-Hermite-evolution-smoke/nonlinear_modulated_N16_metric_Gram_Ward16.npz,research-programme/reproducibility/20260909/source-intake/navier-stokes/20260909/annular-released-Hermite-evolution-smoke/nonlinear_modulated_N16_metric_Gram_Ward16.npz,10987,b0f77999af1de2cb0b9466e628ee4a0aad83b10e118901b02435488f082db279,b0f77999af1de2cb0b9466e628ee4a0aad83b10e118901b02435488f082db279,b0f77999af1de2cb0b9466e628ee4a0aad83b10e118901b02435488f082db279,verified
input,source-intake/navier-stokes/20260909/annular-released-Hermite-evolution-smoke/nonlinear_modulated_N16_metric_Gram_Ward32.npz,research-programme/reproducibility/20260909/source-intake/navier-stokes/20260909/annular-released-Hermite-evolution-smoke/nonlinear_modulated_N16_metric_Gram_Ward32.npz,10990,883be995c40a09768184d3c5d878d12515e23de801702046314c446ee722b9cc,883be995c40a09768184d3c5d878d12515e23de801702046314c446ee722b9cc,883be995c40a09768184d3c5d878d12515e23de801702046314c446ee722b9cc,verified
input,source-intake/navier-stokes/20260909/annular-released-Hermite-evolution-smoke/nonlinear_modulated_N16_metric_Gram_steps32.npz,research-programme/reproducibility/20260909/source-intake/navier-stokes/20260909/annular-released-Hermite-evolution-smoke/nonlinear_modulated_N16_metric_Gram_steps32.npz,53332,77c8419d8e6f7908a8115ed52f24c16cc0d123adcaf2be221617618649bb45b8,77c8419d8e6f7908a8115ed52f24c16cc0d123adcaf2be221617618649bb45b8,77c8419d8e6f7908a8115ed52f24c16cc0d123adcaf2be221617618649bb45b8,verified
input,source-intake/navier-stokes/20260909/annular-released-Hermite-evolution-smoke/nonlinear_modulated_N16_metric_Gram_steps32.json,research-programme/reproducibility/20260909/source-intake/navier-stokes/20260909/annular-released-Hermite-evolution-smoke/nonlinear_modulated_N16_metric_Gram_steps32.json,22449,4d1a44ffcaa630944f680eecf84b05227b6bbf9613afd42b2aacb0e07cf7dcad,4d1a44ffcaa630944f680eecf84b05227b6bbf9613afd42b2aacb0e07cf7dcad,4d1a44ffcaa630944f680eecf84b05227b6bbf9613afd42b2aacb0e07cf7dcad,verified
input,source-intake/navier-stokes/20260909/annular-released-Hermite-evolution-smoke/nonlinear_modulated_N32_GR_steps8.npz,research-programme/reproducibility/20260909/source-intake/navier-stokes/20260909/annular-released-Hermite-evolution-smoke/nonlinear_modulated_N32_GR_steps8.npz,28573,9bb629580e2d15f8a848edb981dcf30ebb7e62564d5af870d7db768eb6139f90,9bb629580e2d15f8a848edb981dcf30ebb7e62564d5af870d7db768eb6139f90,9bb629580e2d15f8a848edb981dcf30ebb7e62564d5af870d7db768eb6139f90,verified
input,source-intake/navier-stokes/20260909/annular-released-Hermite-evolution-smoke/nonlinear_modulated_N32_GR_steps8.json,research-programme/reproducibility/20260909/source-intake/navier-stokes/20260909/annular-released-Hermite-evolution-smoke/nonlinear_modulated_N32_GR_steps8.json,6135,053e03ac01b32f296958b87dc45288df01eeecf891bf2a1400c4cb009d322627,053e03ac01b32f296958b87dc45288df01eeecf891bf2a1400c4cb009d322627,053e03ac01b32f296958b87dc45288df01eeecf891bf2a1400c4cb009d322627,verified
input,source-intake/navier-stokes/20260909/annular-released-Hermite-evolution-smoke/nonlinear_modulated_N32_GR_steps16.npz,research-programme/reproducibility/20260909/source-intake/navier-stokes/20260909/annular-released-Hermite-evolution-smoke/nonlinear_modulated_N32_GR_steps16.npz,51426,7556d2c5207fb1290458c6ccaf428c04140e761b14a0cd69fa5812bdfd76783b,7556d2c5207fb1290458c6ccaf428c04140e761b14a0cd69fa5812bdfd76783b,7556d2c5207fb1290458c6ccaf428c04140e761b14a0cd69fa5812bdfd76783b,verified
input,source-intake/navier-stokes/20260909/annular-released-Hermite-evolution-smoke/nonlinear_modulated_N32_GR_steps16.json,research-programme/reproducibility/20260909/source-intake/navier-stokes/20260909/annular-released-Hermite-evolution-smoke/nonlinear_modulated_N32_GR_steps16.json,11575,11d21bb3f1e580ece6550c67cc00301a66c6fc4d388f0fe924c9a61d38f9d24a,11d21bb3f1e580ece6550c67cc00301a66c6fc4d388f0fe924c9a61d38f9d24a,11d21bb3f1e580ece6550c67cc00301a66c6fc4d388f0fe924c9a61d38f9d24a,verified
input,source-intake/navier-stokes/20260909/annular-released-Hermite-evolution-smoke/nonlinear_modulated_N32_GR_Ward0.npz,research-programme/reproducibility/20260909/source-intake/navier-stokes/20260909/annular-released-Hermite-evolution-smoke/nonlinear_modulated_N32_GR_Ward0.npz,14717,60713d6ae0964264fb7f4d35977e517e6b43340748b27b9fc28c153c2b571187,60713d6ae0964264fb7f4d35977e517e6b43340748b27b9fc28c153c2b571187,60713d6ae0964264fb7f4d35977e517e6b43340748b27b9fc28c153c2b571187,verified
input,source-intake/navier-stokes/20260909/annular-released-Hermite-evolution-smoke/nonlinear_modulated_N32_GR_Ward16.npz,research-programme/reproducibility/20260909/source-intake/navier-stokes/20260909/annular-released-Hermite-evolution-smoke/nonlinear_modulated_N32_GR_Ward16.npz,14702,16a320941771ff57449afe009a721a736be4226839d4223dbce3a95748c58f9c,16a320941771ff57449afe009a721a736be4226839d4223dbce3a95748c58f9c,16a320941771ff57449afe009a721a736be4226839d4223dbce3a95748c58f9c,verified
input,source-intake/navier-stokes/20260909/annular-released-Hermite-evolution-smoke/nonlinear_modulated_N32_GR_Ward32.npz,research-programme/reproducibility/20260909/source-intake/navier-stokes/20260909/annular-released-Hermite-evolution-smoke/nonlinear_modulated_N32_GR_Ward32.npz,14720,93cabcb28eb59e336359df141aac6d85a3d1d794c5ee9608fc99a75e619fdac1,93cabcb28eb59e336359df141aac6d85a3d1d794c5ee9608fc99a75e619fdac1,93cabcb28eb59e336359df141aac6d85a3d1d794c5ee9608fc99a75e619fdac1,verified
input,source-intake/navier-stokes/20260909/annular-released-Hermite-evolution-smoke/nonlinear_modulated_N32_GR_steps32.npz,research-programme/reproducibility/20260909/source-intake/navier-stokes/20260909/annular-released-Hermite-evolution-smoke/nonlinear_modulated_N32_GR_steps32.npz,97401,19b92951297acc4a2aa5287e4d1f64f4cb72dfc87254bbe2a29da50875de1105,19b92951297acc4a2aa5287e4d1f64f4cb72dfc87254bbe2a29da50875de1105,19b92951297acc4a2aa5287e4d1f64f4cb72dfc87254bbe2a29da50875de1105,verified
input,source-intake/navier-stokes/20260909/annular-released-Hermite-evolution-smoke/nonlinear_modulated_N32_GR_steps32.json,research-programme/reproducibility/20260909/source-intake/navier-stokes/20260909/annular-released-Hermite-evolution-smoke/nonlinear_modulated_N32_GR_steps32.json,22460,0a47402e6c7cf842e29d74e0ebb4e23547b9979e1a7772422311cf0d9b7e407a,0a47402e6c7cf842e29d74e0ebb4e23547b9979e1a7772422311cf0d9b7e407a,0a47402e6c7cf842e29d74e0ebb4e23547b9979e1a7772422311cf0d9b7e407a,verified
input,source-intake/navier-stokes/20260909/annular-released-Hermite-evolution-smoke/nonlinear_modulated_N32_metric_Gram_steps8.npz,research-programme/reproducibility/20260909/source-intake/navier-stokes/20260909/annular-released-Hermite-evolution-smoke/nonlinear_modulated_N32_metric_Gram_steps8.npz,30156,22a306c1796a13080dee1efff08431f2bb08fe0f440899f8763316e14107196b,22a306c1796a13080dee1efff08431f2bb08fe0f440899f8763316e14107196b,22a306c1796a13080dee1efff08431f2bb08fe0f440899f8763316e14107196b,verified
input,source-intake/navier-stokes/20260909/annular-released-Hermite-evolution-smoke/nonlinear_modulated_N32_metric_Gram_steps8.json,research-programme/reproducibility/20260909/source-intake/navier-stokes/20260909/annular-released-Hermite-evolution-smoke/nonlinear_modulated_N32_metric_Gram_steps8.json,6133,1c9004899b6e5086cd67e12f821a92d6f154864e7fadb941b88fd9c297948ff8,1c9004899b6e5086cd67e12f821a92d6f154864e7fadb941b88fd9c297948ff8,1c9004899b6e5086cd67e12f821a92d6f154864e7fadb941b88fd9c297948ff8,verified
input,source-intake/navier-stokes/20260909/annular-released-Hermite-evolution-smoke/nonlinear_modulated_N32_metric_Gram_steps16.npz,research-programme/reproducibility/20260909/source-intake/navier-stokes/20260909/annular-released-Hermite-evolution-smoke/nonlinear_modulated_N32_metric_Gram_steps16.npz,54181,e7f9c08a7254789e8b6f2b3757cbd7d5636b24d4d4b60a2b7099e5882295e73b,e7f9c08a7254789e8b6f2b3757cbd7d5636b24d4d4b60a2b7099e5882295e73b,e7f9c08a7254789e8b6f2b3757cbd7d5636b24d4d4b60a2b7099e5882295e73b,verified
input,source-intake/navier-stokes/20260909/annular-released-Hermite-evolution-smoke/nonlinear_modulated_N32_metric_Gram_steps16.json,research-programme/reproducibility/20260909/source-intake/navier-stokes/20260909/annular-released-Hermite-evolution-smoke/nonlinear_modulated_N32_metric_Gram_steps16.json,11572,cbdbfc2935ecc274083152214a4bd88d0df9215f44e63ec95db1e543fb4b32df,cbdbfc2935ecc274083152214a4bd88d0df9215f44e63ec95db1e543fb4b32df,cbdbfc2935ecc274083152214a4bd88d0df9215f44e63ec95db1e543fb4b32df,verified
input,source-intake/navier-stokes/20260909/annular-released-Hermite-evolution-smoke/nonlinear_modulated_N32_metric_Gram_Ward0.npz,research-programme/reproducibility/20260909/source-intake/navier-stokes/20260909/annular-released-Hermite-evolution-smoke/nonlinear_modulated_N32_metric_Gram_Ward0.npz,16439,e7e5148853a31aecfef2539bd0885b1e3a902a83a1df7e81f576b060c40a4671,e7e5148853a31aecfef2539bd0885b1e3a902a83a1df7e81f576b060c40a4671,e7e5148853a31aecfef2539bd0885b1e3a902a83a1df7e81f576b060c40a4671,verified
input,source-intake/navier-stokes/20260909/annular-released-Hermite-evolution-smoke/nonlinear_modulated_N32_metric_Gram_Ward16.npz,research-programme/reproducibility/20260909/source-intake/navier-stokes/20260909/annular-released-Hermite-evolution-smoke/nonlinear_modulated_N32_metric_Gram_Ward16.npz,16412,e4ebcd9c45082a368c4d89e1792e0e1bf0699662146fe04bfba4d3e8334435b9,e4ebcd9c45082a368c4d89e1792e0e1bf0699662146fe04bfba4d3e8334435b9,e4ebcd9c45082a368c4d89e1792e0e1bf0699662146fe04bfba4d3e8334435b9,verified
input,source-intake/navier-stokes/20260909/annular-released-Hermite-evolution-smoke/nonlinear_modulated_N32_metric_Gram_Ward32.npz,research-programme/reproducibility/20260909/source-intake/navier-stokes/20260909/annular-released-Hermite-evolution-smoke/nonlinear_modulated_N32_metric_Gram_Ward32.npz,16474,d0290913705c14766241baf54b73661de69cb04e17a5ea5176e1f5e8fe71d824,d0290913705c14766241baf54b73661de69cb04e17a5ea5176e1f5e8fe71d824,d0290913705c14766241baf54b73661de69cb04e17a5ea5176e1f5e8fe71d824,verified
input,source-intake/navier-stokes/20260909/annular-released-Hermite-evolution-smoke/nonlinear_modulated_N32_metric_Gram_steps32.npz,research-programme/reproducibility/20260909/source-intake/navier-stokes/20260909/annular-released-Hermite-evolution-smoke/nonlinear_modulated_N32_metric_Gram_steps32.npz,102465,ac12aec4f63d52234362e7672075b8088707ee90816780a6f46abc3a8914ddda,ac12aec4f63d52234362e7672075b8088707ee90816780a6f46abc3a8914ddda,ac12aec4f63d52234362e7672075b8088707ee90816780a6f46abc3a8914ddda,verified
input,source-intake/navier-stokes/20260909/annular-released-Hermite-evolution-smoke/nonlinear_modulated_N32_metric_Gram_steps32.json,research-programme/reproducibility/20260909/source-intake/navier-stokes/20260909/annular-released-Hermite-evolution-smoke/nonlinear_modulated_N32_metric_Gram_steps32.json,22460,fe774b41bc8d716fb0d6fb8e50b9eb2627a2e255e1d8feca2f1c84e2003bbff6,fe774b41bc8d716fb0d6fb8e50b9eb2627a2e255e1d8feca2f1c84e2003bbff6,fe774b41bc8d716fb0d6fb8e50b9eb2627a2e255e1d8feca2f1c84e2003bbff6,verified
input,source-intake/navier-stokes/20260909/annular-released-Hermite-all-face-controls/canonical_N16_GR_sample0.npz,research-programme/reproducibility/20260909/source-intake/navier-stokes/20260909/annular-released-Hermite-all-face-controls/canonical_N16_GR_sample0.npz,3871,56baf57882521659537c1197065f191f654a7253e0e3e6b440d9b1f741c1c79d,56baf57882521659537c1197065f191f654a7253e0e3e6b440d9b1f741c1c79d,56baf57882521659537c1197065f191f654a7253e0e3e6b440d9b1f741c1c79d,verified
input,source-intake/navier-stokes/20260909/annular-released-Hermite-all-face-controls/canonical_N16_GR_sample16.npz,research-programme/reproducibility/20260909/source-intake/navier-stokes/20260909/annular-released-Hermite-all-face-controls/canonical_N16_GR_sample16.npz,3880,1ff0ff86e08d1e1bde63859a7782ea9f17bf126b8bade48398d7d0892a9d8fe7,1ff0ff86e08d1e1bde63859a7782ea9f17bf126b8bade48398d7d0892a9d8fe7,1ff0ff86e08d1e1bde63859a7782ea9f17bf126b8bade48398d7d0892a9d8fe7,verified
input,source-intake/navier-stokes/20260909/annular-released-Hermite-all-face-controls/canonical_N16_GR_sample32.npz,research-programme/reproducibility/20260909/source-intake/navier-stokes/20260909/annular-released-Hermite-all-face-controls/canonical_N16_GR_sample32.npz,3877,fc0f16f7ede5a48c0beac4f8dd259d5e483b7dcf0b381b85fa9f77b255f367bd,fc0f16f7ede5a48c0beac4f8dd259d5e483b7dcf0b381b85fa9f77b255f367bd,fc0f16f7ede5a48c0beac4f8dd259d5e483b7dcf0b381b85fa9f77b255f367bd,verified
input,source-intake/navier-stokes/20260909/annular-released-Hermite-all-face-controls/canonical_N16_metric_Gram_sample0.npz,research-programme/reproducibility/20260909/source-intake/navier-stokes/20260909/annular-released-Hermite-all-face-controls/canonical_N16_metric_Gram_sample0.npz,4185,34b96c1a582168149532a3e9130cf2e6fd50e1c17917e6f2f639c9737c37152c,34b96c1a582168149532a3e9130cf2e6fd50e1c17917e6f2f639c9737c37152c,34b96c1a582168149532a3e9130cf2e6fd50e1c17917e6f2f639c9737c37152c,verified
input,source-intake/navier-stokes/20260909/annular-released-Hermite-all-face-controls/canonical_N16_metric_Gram_sample16.npz,research-programme/reproducibility/20260909/source-intake/navier-stokes/20260909/annular-released-Hermite-all-face-controls/canonical_N16_metric_Gram_sample16.npz,4187,a30a2947d146ef87ab12e38a24e0e4068f10cfe2d5bef1d3585966456c96aa15,a30a2947d146ef87ab12e38a24e0e4068f10cfe2d5bef1d3585966456c96aa15,a30a2947d146ef87ab12e38a24e0e4068f10cfe2d5bef1d3585966456c96aa15,verified
input,source-intake/navier-stokes/20260909/annular-released-Hermite-all-face-controls/canonical_N16_metric_Gram_sample32.npz,research-programme/reproducibility/20260909/source-intake/navier-stokes/20260909/annular-released-Hermite-all-face-controls/canonical_N16_metric_Gram_sample32.npz,4193,43eab9e6ca40b89b9a6ebbc4e7454831d2d3ac13de38dfdd686b982a7de2cea3,43eab9e6ca40b89b9a6ebbc4e7454831d2d3ac13de38dfdd686b982a7de2cea3,43eab9e6ca40b89b9a6ebbc4e7454831d2d3ac13de38dfdd686b982a7de2cea3,verified
input,source-intake/navier-stokes/20260909/annular-released-Hermite-all-face-controls/canonical_N32_GR_sample0.npz,research-programme/reproducibility/20260909/source-intake/navier-stokes/20260909/annular-released-Hermite-all-face-controls/canonical_N32_GR_sample0.npz,5120,f91a90d21652f6ac1e2f2a6d91677b07b25ea977e4d292e5e19ca6b7d729ab24,f91a90d21652f6ac1e2f2a6d91677b07b25ea977e4d292e5e19ca6b7d729ab24,f91a90d21652f6ac1e2f2a6d91677b07b25ea977e4d292e5e19ca6b7d729ab24,verified
input,source-intake/navier-stokes/20260909/annular-released-Hermite-all-face-controls/canonical_N32_GR_sample16.npz,research-programme/reproducibility/20260909/source-intake/navier-stokes/20260909/annular-released-Hermite-all-face-controls/canonical_N32_GR_sample16.npz,5118,e9f8aecacc01814df667e6f9a11bcca6e06d00fc7ee95b33cedc76cdcef569a6,e9f8aecacc01814df667e6f9a11bcca6e06d00fc7ee95b33cedc76cdcef569a6,e9f8aecacc01814df667e6f9a11bcca6e06d00fc7ee95b33cedc76cdcef569a6,verified
input,source-intake/navier-stokes/20260909/annular-released-Hermite-all-face-controls/canonical_N32_GR_sample32.npz,research-programme/reproducibility/20260909/source-intake/navier-stokes/20260909/annular-released-Hermite-all-face-controls/canonical_N32_GR_sample32.npz,5135,3d504f5fa67aa9cc000243ce493768a3dbc14cbf60e19105513c81093db23432,3d504f5fa67aa9cc000243ce493768a3dbc14cbf60e19105513c81093db23432,3d504f5fa67aa9cc000243ce493768a3dbc14cbf60e19105513c81093db23432,verified
input,source-intake/navier-stokes/20260909/annular-released-Hermite-all-face-controls/canonical_N32_metric_Gram_sample0.npz,research-programme/reproducibility/20260909/source-intake/navier-stokes/20260909/annular-released-Hermite-all-face-controls/canonical_N32_metric_Gram_sample0.npz,5715,946f3b5b180c28c2015a5da1864e28a0ba13fc2e6ac1c2b57e99c21d35a4f5e2,946f3b5b180c28c2015a5da1864e28a0ba13fc2e6ac1c2b57e99c21d35a4f5e2,946f3b5b180c28c2015a5da1864e28a0ba13fc2e6ac1c2b57e99c21d35a4f5e2,verified
input,source-intake/navier-stokes/20260909/annular-released-Hermite-all-face-controls/canonical_N32_metric_Gram_sample16.npz,research-programme/reproducibility/20260909/source-intake/navier-stokes/20260909/annular-released-Hermite-all-face-controls/canonical_N32_metric_Gram_sample16.npz,5740,789228f2c1f79420153ed4f6ccd5b959d144ad4786d71f05b43f804a84a3f3fa,789228f2c1f79420153ed4f6ccd5b959d144ad4786d71f05b43f804a84a3f3fa,789228f2c1f79420153ed4f6ccd5b959d144ad4786d71f05b43f804a84a3f3fa,verified
input,source-intake/navier-stokes/20260909/annular-released-Hermite-all-face-controls/canonical_N32_metric_Gram_sample32.npz,research-programme/reproducibility/20260909/source-intake/navier-stokes/20260909/annular-released-Hermite-all-face-controls/canonical_N32_metric_Gram_sample32.npz,5741,d0a244d733af18026ed5ac15d62435be1b6e637fe08a4c540bfd35f4af29dd3a,d0a244d733af18026ed5ac15d62435be1b6e637fe08a4c540bfd35f4af29dd3a,d0a244d733af18026ed5ac15d62435be1b6e637fe08a4c540bfd35f4af29dd3a,verified
input,source-intake/navier-stokes/20260909/annular-released-Hermite-all-face-controls/nonlinear_modulated_N16_GR_sample0.npz,research-programme/reproducibility/20260909/source-intake/navier-stokes/20260909/annular-released-Hermite-all-face-controls/nonlinear_modulated_N16_GR_sample0.npz,3877,fefca8a6bd85f36f9efb65f17956cc4829d01da6c4d78d27db6e8081bfb1c05f,fefca8a6bd85f36f9efb65f17956cc4829d01da6c4d78d27db6e8081bfb1c05f,fefca8a6bd85f36f9efb65f17956cc4829d01da6c4d78d27db6e8081bfb1c05f,verified
input,source-intake/navier-stokes/20260909/annular-released-Hermite-all-face-controls/nonlinear_modulated_N16_GR_sample16.npz,research-programme/reproducibility/20260909/source-intake/navier-stokes/20260909/annular-released-Hermite-all-face-controls/nonlinear_modulated_N16_GR_sample16.npz,3878,204bf7ebda57541fb49f1ed4431921a18277dfe36cadb7aaf08b9aa07acbff2f,204bf7ebda57541fb49f1ed4431921a18277dfe36cadb7aaf08b9aa07acbff2f,204bf7ebda57541fb49f1ed4431921a18277dfe36cadb7aaf08b9aa07acbff2f,verified
input,source-intake/navier-stokes/20260909/annular-released-Hermite-all-face-controls/nonlinear_modulated_N16_GR_sample32.npz,research-programme/reproducibility/20260909/source-intake/navier-stokes/20260909/annular-released-Hermite-all-face-controls/nonlinear_modulated_N16_GR_sample32.npz,3874,e83cb2e151b0b503e29883629151de743ec77b78ad268878da1dd1f14445a5c2,e83cb2e151b0b503e29883629151de743ec77b78ad268878da1dd1f14445a5c2,e83cb2e151b0b503e29883629151de743ec77b78ad268878da1dd1f14445a5c2,verified
input,source-intake/navier-stokes/20260909/annular-released-Hermite-all-face-controls/nonlinear_modulated_N16_metric_Gram_sample0.npz,research-programme/reproducibility/20260909/source-intake/navier-stokes/20260909/annular-released-Hermite-all-face-controls/nonlinear_modulated_N16_metric_Gram_sample0.npz,4166,8a957f3470f9a55210da5ba770d65b0d3b3caf794d29d188790f1c9948555d04,8a957f3470f9a55210da5ba770d65b0d3b3caf794d29d188790f1c9948555d04,8a957f3470f9a55210da5ba770d65b0d3b3caf794d29d188790f1c9948555d04,verified
input,source-intake/navier-stokes/20260909/annular-released-Hermite-all-face-controls/nonlinear_modulated_N16_metric_Gram_sample16.npz,research-programme/reproducibility/20260909/source-intake/navier-stokes/20260909/annular-released-Hermite-all-face-controls/nonlinear_modulated_N16_metric_Gram_sample16.npz,4189,6fee27b2385900caeced4448484d00d3d0de7f4ba3ca074377e42384535c1489,6fee27b2385900caeced4448484d00d3d0de7f4ba3ca074377e42384535c1489,6fee27b2385900caeced4448484d00d3d0de7f4ba3ca074377e42384535c1489,verified
input,source-intake/navier-stokes/20260909/annular-released-Hermite-all-face-controls/nonlinear_modulated_N16_metric_Gram_sample32.npz,research-programme/reproducibility/20260909/source-intake/navier-stokes/20260909/annular-released-Hermite-all-face-controls/nonlinear_modulated_N16_metric_Gram_sample32.npz,4183,21e42495f76b0564c5b1e17899adedfe49a6bb2fa0e36820823986725e9ba2b9,21e42495f76b0564c5b1e17899adedfe49a6bb2fa0e36820823986725e9ba2b9,21e42495f76b0564c5b1e17899adedfe49a6bb2fa0e36820823986725e9ba2b9,verified
input,source-intake/navier-stokes/20260909/annular-released-Hermite-all-face-controls/nonlinear_modulated_N32_GR_sample0.npz,research-programme/reproducibility/20260909/source-intake/navier-stokes/20260909/annular-released-Hermite-all-face-controls/nonlinear_modulated_N32_GR_sample0.npz,5133,12dc4b17c30b1d4030283a2e01226140bce7b72b634af93948d5eaf134853887,12dc4b17c30b1d4030283a2e01226140bce7b72b634af93948d5eaf134853887,12dc4b17c30b1d4030283a2e01226140bce7b72b634af93948d5eaf134853887,verified
input,source-intake/navier-stokes/20260909/annular-released-Hermite-all-face-controls/nonlinear_modulated_N32_GR_sample16.npz,research-programme/reproducibility/20260909/source-intake/navier-stokes/20260909/annular-released-Hermite-all-face-controls/nonlinear_modulated_N32_GR_sample16.npz,5119,d4e72b1e9ded924830ad4622b018dfb2c0d90d3ac261ec2a0f277bd568a71b1d,d4e72b1e9ded924830ad4622b018dfb2c0d90d3ac261ec2a0f277bd568a71b1d,d4e72b1e9ded924830ad4622b018dfb2c0d90d3ac261ec2a0f277bd568a71b1d,verified
input,source-intake/navier-stokes/20260909/annular-released-Hermite-all-face-controls/nonlinear_modulated_N32_GR_sample32.npz,research-programme/reproducibility/20260909/source-intake/navier-stokes/20260909/annular-released-Hermite-all-face-controls/nonlinear_modulated_N32_GR_sample32.npz,5110,b41764fa98d4c82776e7d7b1d1f16be060036023a9a4f08dc11c15f2f733243e,b41764fa98d4c82776e7d7b1d1f16be060036023a9a4f08dc11c15f2f733243e,b41764fa98d4c82776e7d7b1d1f16be060036023a9a4f08dc11c15f2f733243e,verified
input,source-intake/navier-stokes/20260909/annular-released-Hermite-all-face-controls/nonlinear_modulated_N32_metric_Gram_sample0.npz,research-programme/reproducibility/20260909/source-intake/navier-stokes/20260909/annular-released-Hermite-all-face-controls/nonlinear_modulated_N32_metric_Gram_sample0.npz,5709,663581e5d05074833959257613379befd189669b5f60045547ba1e3a6648bcc1,663581e5d05074833959257613379befd189669b5f60045547ba1e3a6648bcc1,663581e5d05074833959257613379befd189669b5f60045547ba1e3a6648bcc1,verified
input,source-intake/navier-stokes/20260909/annular-released-Hermite-all-face-controls/nonlinear_modulated_N32_metric_Gram_sample16.npz,research-programme/reproducibility/20260909/source-intake/navier-stokes/20260909/annular-released-Hermite-all-face-controls/nonlinear_modulated_N32_metric_Gram_sample16.npz,5738,87de8c23caf1a1de1bc642dd7f908f5b065c614573965af2c930158126a931dd,87de8c23caf1a1de1bc642dd7f908f5b065c614573965af2c930158126a931dd,87de8c23caf1a1de1bc642dd7f908f5b065c614573965af2c930158126a931dd,verified
input,source-intake/navier-stokes/20260909/annular-released-Hermite-all-face-controls/nonlinear_modulated_N32_metric_Gram_sample32.npz,research-programme/reproducibility/20260909/source-intake/navier-stokes/20260909/annular-released-Hermite-all-face-controls/nonlinear_modulated_N32_metric_Gram_sample32.npz,5732,dfcb6f0d498187a436477b44c830785846a22888be0f2cf3203fbaf7a08e01f3,dfcb6f0d498187a436477b44c830785846a22888be0f2cf3203fbaf7a08e01f3,dfcb6f0d498187a436477b44c830785846a22888be0f2cf3203fbaf7a08e01f3,verified
input,source-intake/navier-stokes/20260909/annular-released-Hermite-resume-snapshot.md,research-programme/reproducibility/20260909/source-intake/navier-stokes/20260909/annular-released-Hermite-resume-snapshot.md,856232,74e7880ec2b4ff23306efd30f0c15516793259102d0c4436ce0b3f3731bf041f,74e7880ec2b4ff23306efd30f0c15516793259102d0c4436ce0b3f3731bf041f,74e7880ec2b4ff23306efd30f0c15516793259102d0c4436ce0b3f3731bf041f,verified
input,scripts/annular_action_boundary_current_20260909.py,research-programme/reproducibility/20260909/scripts/annular_action_boundary_current_20260909.py,10834,8b702d8f7610d686bebed3ea1af73d94b0d33fe5cc7dbe3e0faee4adbd98ce98,8b702d8f7610d686bebed3ea1af73d94b0d33fe5cc7dbe3e0faee4adbd98ce98,8b702d8f7610d686bebed3ea1af73d94b0d33fe5cc7dbe3e0faee4adbd98ce98,verified
input,scripts/derive_annular_action_boundary_current_20260909.py,research-programme/reproducibility/20260909/scripts/derive_annular_action_boundary_current_20260909.py,12229,d97a431a7d710429e551af76e3f76e9faf10d2577e3fcb360fab6bf3a54d4fc2,d97a431a7d710429e551af76e3f76e9faf10d2577e3fcb360fab6bf3a54d4fc2,d97a431a7d710429e551af76e3f76e9faf10d2577e3fcb360fab6bf3a54d4fc2,verified
input,source-intake/navier-stokes/20260909/annular-action-boundary-current-derived/status.json,research-programme/reproducibility/20260909/source-intake/navier-stokes/20260909/annular-action-boundary-current-derived/status.json,205602,00e0ec013c2e480c4ad0a8c8676d8ad75696ed86b1642c0d2f299ae6839f46f0,00e0ec013c2e480c4ad0a8c8676d8ad75696ed86b1642c0d2f299ae6839f46f0,00e0ec013c2e480c4ad0a8c8676d8ad75696ed86b1642c0d2f299ae6839f46f0,verified
input,source-intake/navier-stokes/20260909/annular-action-boundary-current-derived/COMPLETE,research-programme/reproducibility/20260909/source-intake/navier-stokes/20260909/annular-action-boundary-current-derived/COMPLETE,34,489e9540e56f3ad5cade1134cac6042a45fe39e83d8e9618ed61159e76825f1d,489e9540e56f3ad5cade1134cac6042a45fe39e83d8e9618ed61159e76825f1d,489e9540e56f3ad5cade1134cac6042a45fe39e83d8e9618ed61159e76825f1d,verified
input,source-intake/navier-stokes/20260909/annular-action-boundary-current-derived/executed-script.py,research-programme/reproducibility/20260909/source-intake/navier-stokes/20260909/annular-action-boundary-current-derived/executed-script.py,12229,d97a431a7d710429e551af76e3f76e9faf10d2577e3fcb360fab6bf3a54d4fc2,d97a431a7d710429e551af76e3f76e9faf10d2577e3fcb360fab6bf3a54d4fc2,d97a431a7d710429e551af76e3f76e9faf10d2577e3fcb360fab6bf3a54d4fc2,verified
input,scripts/evolve_annular_boundary_N64_20260909.py,research-programme/reproducibility/20260909/scripts/evolve_annular_boundary_N64_20260909.py,16673,8c4f230678c3384df18904963f2f4e8e0b2547176d14b749fa9012684689e3cd,8c4f230678c3384df18904963f2f4e8e0b2547176d14b749fa9012684689e3cd,8c4f230678c3384df18904963f2f4e8e0b2547176d14b749fa9012684689e3cd,verified
input,source-intake/navier-stokes/20260909/annular-action-boundary-current-derived/canonical_N16_GR.npz,research-programme/reproducibility/20260909/source-intake/navier-stokes/20260909/annular-action-boundary-current-derived/canonical_N16_GR.npz,10515,77d70a8aee9df3799afa896201e055242ebc7c9b099c297f3c83dc4e4e3dd1b0,77d70a8aee9df3799afa896201e055242ebc7c9b099c297f3c83dc4e4e3dd1b0,77d70a8aee9df3799afa896201e055242ebc7c9b099c297f3c83dc4e4e3dd1b0,verified
input,source-intake/navier-stokes/20260909/annular-action-boundary-current-derived/canonical_N16_metric_Gram.npz,research-programme/reproducibility/20260909/source-intake/navier-stokes/20260909/annular-action-boundary-current-derived/canonical_N16_metric_Gram.npz,16815,85aa95186ac9ec8f7efaaa8f5787a14801cd451fdd47407dccfa6cf000cd259a,85aa95186ac9ec8f7efaaa8f5787a14801cd451fdd47407dccfa6cf000cd259a,85aa95186ac9ec8f7efaaa8f5787a14801cd451fdd47407dccfa6cf000cd259a,verified
input,source-intake/navier-stokes/20260909/annular-action-boundary-current-derived/canonical_N32_GR.npz,research-programme/reproducibility/20260909/source-intake/navier-stokes/20260909/annular-action-boundary-current-derived/canonical_N32_GR.npz,11782,25268cb75867ebdab1fdd5bf4ada0f550f1719dc71c15dbe57d64c6dc2fbaea6,25268cb75867ebdab1fdd5bf4ada0f550f1719dc71c15dbe57d64c6dc2fbaea6,25268cb75867ebdab1fdd5bf4ada0f550f1719dc71c15dbe57d64c6dc2fbaea6,verified
input,source-intake/navier-stokes/20260909/annular-action-boundary-current-derived/canonical_N32_metric_Gram.npz,research-programme/reproducibility/20260909/source-intake/navier-stokes/20260909/annular-action-boundary-current-derived/canonical_N32_metric_Gram.npz,20665,4f8e151962540372371b5d4bcc973e580eac9ad76cef994f39e89ee4df1ffd46,4f8e151962540372371b5d4bcc973e580eac9ad76cef994f39e89ee4df1ffd46,4f8e151962540372371b5d4bcc973e580eac9ad76cef994f39e89ee4df1ffd46,verified
input,source-intake/navier-stokes/20260909/annular-action-boundary-current-derived/canonical_N64_GR.npz,research-programme/reproducibility/20260909/source-intake/navier-stokes/20260909/annular-action-boundary-current-derived/canonical_N64_GR.npz,14222,0e765c63a6f561ef61dac648903c148bd1cdc3b1760e807d854a8a6493e82d8c,0e765c63a6f561ef61dac648903c148bd1cdc3b1760e807d854a8a6493e82d8c,0e765c63a6f561ef61dac648903c148bd1cdc3b1760e807d854a8a6493e82d8c,verified
input,source-intake/navier-stokes/20260909/annular-action-boundary-current-derived/canonical_N64_metric_Gram.npz,research-programme/reproducibility/20260909/source-intake/navier-stokes/20260909/annular-action-boundary-current-derived/canonical_N64_metric_Gram.npz,28196,6a542732e15fb373e9308f22dea04b69799e21441b8be313f8bee1370d720e7b,6a542732e15fb373e9308f22dea04b69799e21441b8be313f8bee1370d720e7b,6a542732e15fb373e9308f22dea04b69799e21441b8be313f8bee1370d720e7b,verified
input,source-intake/navier-stokes/20260909/annular-action-boundary-current-derived/nonlinear_modulated_N16_GR.npz,research-programme/reproducibility/20260909/source-intake/navier-stokes/20260909/annular-action-boundary-current-derived/nonlinear_modulated_N16_GR.npz,10502,8d07f8c3ca44af49eebf49bc27c1371c511bb4f679b04f0d5a1cd431f9eeb6cd,8d07f8c3ca44af49eebf49bc27c1371c511bb4f679b04f0d5a1cd431f9eeb6cd,8d07f8c3ca44af49eebf49bc27c1371c511bb4f679b04f0d5a1cd431f9eeb6cd,verified
input,source-intake/navier-stokes/20260909/annular-action-boundary-current-derived/nonlinear_modulated_N16_metric_Gram.npz,research-programme/reproducibility/20260909/source-intake/navier-stokes/20260909/annular-action-boundary-current-derived/nonlinear_modulated_N16_metric_Gram.npz,17097,c4e5cb11c00b00275f56f914fc32e1e435641de6f7b94beef7702a890e80ceb9,c4e5cb11c00b00275f56f914fc32e1e435641de6f7b94beef7702a890e80ceb9,c4e5cb11c00b00275f56f914fc32e1e435641de6f7b94beef7702a890e80ceb9,verified
input,source-intake/navier-stokes/20260909/annular-action-boundary-current-derived/nonlinear_modulated_N32_GR.npz,research-programme/reproducibility/20260909/source-intake/navier-stokes/20260909/annular-action-boundary-current-derived/nonlinear_modulated_N32_GR.npz,11838,6c253dff8d2f4c93fedafe64083613f838b5ce7d2be6dc8c9bc3875b751d6853,6c253dff8d2f4c93fedafe64083613f838b5ce7d2be6dc8c9bc3875b751d6853,6c253dff8d2f4c93fedafe64083613f838b5ce7d2be6dc8c9bc3875b751d6853,verified
input,source-intake/navier-stokes/20260909/annular-action-boundary-current-derived/nonlinear_modulated_N32_metric_Gram.npz,research-programme/reproducibility/20260909/source-intake/navier-stokes/20260909/annular-action-boundary-current-derived/nonlinear_modulated_N32_metric_Gram.npz,21186,11541572afb32f4d8d8d55ddb270eb2ed77d5b4f6032175c9a0480c936ad31e2,11541572afb32f4d8d8d55ddb270eb2ed77d5b4f6032175c9a0480c936ad31e2,11541572afb32f4d8d8d55ddb270eb2ed77d5b4f6032175c9a0480c936ad31e2,verified
input,source-intake/navier-stokes/20260909/annular-action-boundary-current-derived/nonlinear_modulated_N64_GR.npz,research-programme/reproducibility/20260909/source-intake/navier-stokes/20260909/annular-action-boundary-current-derived/nonlinear_modulated_N64_GR.npz,14237,26e495ed1c102368f3cdfc427b43b5be7d58837ed43aeb9eae32a684ac73f161,26e495ed1c102368f3cdfc427b43b5be7d58837ed43aeb9eae32a684ac73f161,26e495ed1c102368f3cdfc427b43b5be7d58837ed43aeb9eae32a684ac73f161,verified
input,source-intake/navier-stokes/20260909/annular-action-boundary-current-derived/nonlinear_modulated_N64_metric_Gram.npz,research-programme/reproducibility/20260909/source-intake/navier-stokes/20260909/annular-action-boundary-current-derived/nonlinear_modulated_N64_metric_Gram.npz,29287,2e1e650fb90a50d85d15b44b3f30c135ac5be8b2acb67633860bf5353e0af22e,2e1e650fb90a50d85d15b44b3f30c135ac5be8b2acb67633860bf5353e0af22e,2e1e650fb90a50d85d15b44b3f30c135ac5be8b2acb67633860bf5353e0af22e,verified
input,source-intake/navier-stokes/20260909/annular-boundary-N64-evolution-smoke/status.json,research-programme/reproducibility/20260909/source-intake/navier-stokes/20260909/annular-boundary-N64-evolution-smoke/status.json,204922,27d2a397bc09b6af12ccbb2a1606dad74eebe224c3f7cc62bfc448b04944ba4c,27d2a397bc09b6af12ccbb2a1606dad74eebe224c3f7cc62bfc448b04944ba4c,27d2a397bc09b6af12ccbb2a1606dad74eebe224c3f7cc62bfc448b04944ba4c,verified
input,source-intake/navier-stokes/20260909/annular-boundary-N64-evolution-smoke/COMPLETE,research-programme/reproducibility/20260909/source-intake/navier-stokes/20260909/annular-boundary-N64-evolution-smoke/COMPLETE,34,c6c15c72f40256877897e6dfd2ec77a1bc04ad190fd184cb94f81b87bcf34758,c6c15c72f40256877897e6dfd2ec77a1bc04ad190fd184cb94f81b87bcf34758,c6c15c72f40256877897e6dfd2ec77a1bc04ad190fd184cb94f81b87bcf34758,verified
input,source-intake/navier-stokes/20260909/annular-boundary-N64-evolution-smoke/executed-script.py,research-programme/reproducibility/20260909/source-intake/navier-stokes/20260909/annular-boundary-N64-evolution-smoke/executed-script.py,16673,8c4f230678c3384df18904963f2f4e8e0b2547176d14b749fa9012684689e3cd,8c4f230678c3384df18904963f2f4e8e0b2547176d14b749fa9012684689e3cd,8c4f230678c3384df18904963f2f4e8e0b2547176d14b749fa9012684689e3cd,verified
input,scripts/annular_boundary_ramp_bound_20260909.py,research-programme/reproducibility/20260909/scripts/annular_boundary_ramp_bound_20260909.py,3947,8af4d9081cfd35a2953ec713c807ccb15854a8679cd194c40a97aff9b6186b2f,8af4d9081cfd35a2953ec713c807ccb15854a8679cd194c40a97aff9b6186b2f,8af4d9081cfd35a2953ec713c807ccb15854a8679cd194c40a97aff9b6186b2f,verified
input,scripts/finalize_annular_boundary_flux_20260909.py,research-programme/reproducibility/20260909/scripts/finalize_annular_boundary_flux_20260909.py,21036,4512ff350dc7f2a382ecd1dbac713fa2bb813a0bb3f599bccca699e2bfcd96da,4512ff350dc7f2a382ecd1dbac713fa2bb813a0bb3f599bccca699e2bfcd96da,4512ff350dc7f2a382ecd1dbac713fa2bb813a0bb3f599bccca699e2bfcd96da,verified
input,source-intake/navier-stokes/20260909/annular-boundary-N64-evolution-smoke/canonical_N64_GR_steps64.npz,research-programme/reproducibility/20260909/source-intake/navier-stokes/20260909/annular-boundary-N64-evolution-smoke/canonical_N64_GR_steps64.npz,369593,251eec4d49386f00815597807df7baf1ef7a5bfcb075013d54da004b882edbce,251eec4d49386f00815597807df7baf1ef7a5bfcb075013d54da004b882edbce,251eec4d49386f00815597807df7baf1ef7a5bfcb075013d54da004b882edbce,verified
input,source-intake/navier-stokes/20260909/annular-boundary-N64-evolution-smoke/canonical_N64_GR_sample0.npz,research-programme/reproducibility/20260909/source-intake/navier-stokes/20260909/annular-boundary-N64-evolution-smoke/canonical_N64_GR_sample0.npz,28840,d65c5d5193cae7e99180032b0f4932524cd8d6f0b7f66225b3e5ba92a814cbc5,d65c5d5193cae7e99180032b0f4932524cd8d6f0b7f66225b3e5ba92a814cbc5,d65c5d5193cae7e99180032b0f4932524cd8d6f0b7f66225b3e5ba92a814cbc5,verified
input,source-intake/navier-stokes/20260909/annular-boundary-N64-evolution-smoke/canonical_N64_GR_sample32.npz,research-programme/reproducibility/20260909/source-intake/navier-stokes/20260909/annular-boundary-N64-evolution-smoke/canonical_N64_GR_sample32.npz,28937,ebc06586f3f6763d63ec2eaac0426eba7f9f5c975062e4d503bfc198a33b7b8b,ebc06586f3f6763d63ec2eaac0426eba7f9f5c975062e4d503bfc198a33b7b8b,ebc06586f3f6763d63ec2eaac0426eba7f9f5c975062e4d503bfc198a33b7b8b,verified
input,source-intake/navier-stokes/20260909/annular-boundary-N64-evolution-smoke/canonical_N64_GR_sample64.npz,research-programme/reproducibility/20260909/source-intake/navier-stokes/20260909/annular-boundary-N64-evolution-smoke/canonical_N64_GR_sample64.npz,29072,3fd8b119e39da991c347f15703cf77115708b507786ec362f54b04d1a8b82bde,3fd8b119e39da991c347f15703cf77115708b507786ec362f54b04d1a8b82bde,3fd8b119e39da991c347f15703cf77115708b507786ec362f54b04d1a8b82bde,verified
input,source-intake/navier-stokes/20260909/annular-boundary-N64-evolution-smoke/canonical_N64_metric_Gram_steps64.npz,research-programme/reproducibility/20260909/source-intake/navier-stokes/20260909/annular-boundary-N64-evolution-smoke/canonical_N64_metric_Gram_steps64.npz,397386,2dbd139127aacdb3cc5514a52832cfffbc07cc72fee073ff82fbb1b5287b5969,2dbd139127aacdb3cc5514a52832cfffbc07cc72fee073ff82fbb1b5287b5969,2dbd139127aacdb3cc5514a52832cfffbc07cc72fee073ff82fbb1b5287b5969,verified
input,source-intake/navier-stokes/20260909/annular-boundary-N64-evolution-smoke/canonical_N64_metric_Gram_sample0.npz,research-programme/reproducibility/20260909/source-intake/navier-stokes/20260909/annular-boundary-N64-evolution-smoke/canonical_N64_metric_Gram_sample0.npz,45657,20f522ae734ab15c06c2ac48962b30df434b2827015816ab6da5954d5bf0b1bc,20f522ae734ab15c06c2ac48962b30df434b2827015816ab6da5954d5bf0b1bc,20f522ae734ab15c06c2ac48962b30df434b2827015816ab6da5954d5bf0b1bc,verified
input,source-intake/navier-stokes/20260909/annular-boundary-N64-evolution-smoke/canonical_N64_metric_Gram_sample32.npz,research-programme/reproducibility/20260909/source-intake/navier-stokes/20260909/annular-boundary-N64-evolution-smoke/canonical_N64_metric_Gram_sample32.npz,45939,0bb08938f2c2d120d32a0d647e175d203faf146c6852048c487095f4ecc0fdf5,0bb08938f2c2d120d32a0d647e175d203faf146c6852048c487095f4ecc0fdf5,0bb08938f2c2d120d32a0d647e175d203faf146c6852048c487095f4ecc0fdf5,verified
input,source-intake/navier-stokes/20260909/annular-boundary-N64-evolution-smoke/canonical_N64_metric_Gram_sample64.npz,research-programme/reproducibility/20260909/source-intake/navier-stokes/20260909/annular-boundary-N64-evolution-smoke/canonical_N64_metric_Gram_sample64.npz,45750,7e13b07590b37853c8fa3cf73fbf26a00f2094aa6049976cf2e0ac1ad0dca7a5,7e13b07590b37853c8fa3cf73fbf26a00f2094aa6049976cf2e0ac1ad0dca7a5,7e13b07590b37853c8fa3cf73fbf26a00f2094aa6049976cf2e0ac1ad0dca7a5,verified
input,source-intake/navier-stokes/20260909/annular-boundary-N64-evolution-smoke/nonlinear_modulated_N64_GR_steps64.npz,research-programme/reproducibility/20260909/source-intake/navier-stokes/20260909/annular-boundary-N64-evolution-smoke/nonlinear_modulated_N64_GR_steps64.npz,370748,28cb45a648d2c5ad1a5821dba284a2f9c3f6af174d9c2c74f05b63dbd24f4571,28cb45a648d2c5ad1a5821dba284a2f9c3f6af174d9c2c74f05b63dbd24f4571,28cb45a648d2c5ad1a5821dba284a2f9c3f6af174d9c2c74f05b63dbd24f4571,verified
input,source-intake/navier-stokes/20260909/annular-boundary-N64-evolution-smoke/nonlinear_modulated_N64_GR_sample0.npz,research-programme/reproducibility/20260909/source-intake/navier-stokes/20260909/annular-boundary-N64-evolution-smoke/nonlinear_modulated_N64_GR_sample0.npz,29820,755d3d21c3eab5430213b26d2dbaf038313030c983746a4b2770311eeac847bd,755d3d21c3eab5430213b26d2dbaf038313030c983746a4b2770311eeac847bd,755d3d21c3eab5430213b26d2dbaf038313030c983746a4b2770311eeac847bd,verified
input,source-intake/navier-stokes/20260909/annular-boundary-N64-evolution-smoke/nonlinear_modulated_N64_GR_sample32.npz,research-programme/reproducibility/20260909/source-intake/navier-stokes/20260909/annular-boundary-N64-evolution-smoke/nonlinear_modulated_N64_GR_sample32.npz,30012,ab118d47f17622ee71a88d128a08e94bec705259d74658c50db22ba3f65e4ce6,ab118d47f17622ee71a88d128a08e94bec705259d74658c50db22ba3f65e4ce6,ab118d47f17622ee71a88d128a08e94bec705259d74658c50db22ba3f65e4ce6,verified
input,source-intake/navier-stokes/20260909/annular-boundary-N64-evolution-smoke/nonlinear_modulated_N64_GR_sample64.npz,research-programme/reproducibility/20260909/source-intake/navier-stokes/20260909/annular-boundary-N64-evolution-smoke/nonlinear_modulated_N64_GR_sample64.npz,30002,ad0dc9775e621a375ca12f7cb6cfff41a8bcb35baa6669088fe87070935b0a0d,ad0dc9775e621a375ca12f7cb6cfff41a8bcb35baa6669088fe87070935b0a0d,ad0dc9775e621a375ca12f7cb6cfff41a8bcb35baa6669088fe87070935b0a0d,verified
input,source-intake/navier-stokes/20260909/annular-boundary-N64-evolution-smoke/nonlinear_modulated_N64_metric_Gram_steps64.npz,research-programme/reproducibility/20260909/source-intake/navier-stokes/20260909/annular-boundary-N64-evolution-smoke/nonlinear_modulated_N64_metric_Gram_steps64.npz,397838,081463cab2288be536b5a2728e1aee92c457b913c42f174f3f373648b7d2fd80,081463cab2288be536b5a2728e1aee92c457b913c42f174f3f373648b7d2fd80,081463cab2288be536b5a2728e1aee92c457b913c42f174f3f373648b7d2fd80,verified
input,source-intake/navier-stokes/20260909/annular-boundary-N64-evolution-smoke/nonlinear_modulated_N64_metric_Gram_sample0.npz,research-programme/reproducibility/20260909/source-intake/navier-stokes/20260909/annular-boundary-N64-evolution-smoke/nonlinear_modulated_N64_metric_Gram_sample0.npz,47991,9a45619bc0fbd50a531400e4d7ddf2bb18e49ec734f3aae4ed7d2542e2b61081,9a45619bc0fbd50a531400e4d7ddf2bb18e49ec734f3aae4ed7d2542e2b61081,9a45619bc0fbd50a531400e4d7ddf2bb18e49ec734f3aae4ed7d2542e2b61081,verified
input,source-intake/navier-stokes/20260909/annular-boundary-N64-evolution-smoke/nonlinear_modulated_N64_metric_Gram_sample32.npz,research-programme/reproducibility/20260909/source-intake/navier-stokes/20260909/annular-boundary-N64-evolution-smoke/nonlinear_modulated_N64_metric_Gram_sample32.npz,48154,2d75171ea184562721b7b7d3fb8c6dbd9330886bdc01f4b6befa86d52b5f7d14,2d75171ea184562721b7b7d3fb8c6dbd9330886bdc01f4b6befa86d52b5f7d14,2d75171ea184562721b7b7d3fb8c6dbd9330886bdc01f4b6befa86d52b5f7d14,verified
input,source-intake/navier-stokes/20260909/annular-boundary-N64-evolution-smoke/nonlinear_modulated_N64_metric_Gram_sample64.npz,research-programme/reproducibility/20260909/source-intake/navier-stokes/20260909/annular-boundary-N64-evolution-smoke/nonlinear_modulated_N64_metric_Gram_sample64.npz,48177,1172fc99daafbbea0072945f55746662dbf04a7a3fea15b31a2848f828c52eca,1172fc99daafbbea0072945f55746662dbf04a7a3fea15b31a2848f828c52eca,1172fc99daafbbea0072945f55746662dbf04a7a3fea15b31a2848f828c52eca,verified
input,source-intake/navier-stokes/20260909/annular-boundary-affine-ramp-analysis/status.json,research-programme/reproducibility/20260909/source-intake/navier-stokes/20260909/annular-boundary-affine-ramp-analysis/status.json,347848,8f554eff4b31e8c4570b9d826364a5400362791dac07e09aa37f6e947c79b649,8f554eff4b31e8c4570b9d826364a5400362791dac07e09aa37f6e947c79b649,8f554eff4b31e8c4570b9d826364a5400362791dac07e09aa37f6e947c79b649,verified
input,source-intake/navier-stokes/20260909/annular-boundary-affine-ramp-analysis/COMPLETE,research-programme/reproducibility/20260909/source-intake/navier-stokes/20260909/annular-boundary-affine-ramp-analysis/COMPLETE,34,825fe0a91ad87a2970cdbb98c51dce143a52b2c9841981fa049e2949df392a18,825fe0a91ad87a2970cdbb98c51dce143a52b2c9841981fa049e2949df392a18,825fe0a91ad87a2970cdbb98c51dce143a52b2c9841981fa049e2949df392a18,verified
input,source-intake/navier-stokes/20260909/annular-boundary-affine-ramp-analysis/executed-script.py,research-programme/reproducibility/20260909/source-intake/navier-stokes/20260909/annular-boundary-affine-ramp-analysis/executed-script.py,21036,4512ff350dc7f2a382ecd1dbac713fa2bb813a0bb3f599bccca699e2bfcd96da,4512ff350dc7f2a382ecd1dbac713fa2bb813a0bb3f599bccca699e2bfcd96da,4512ff350dc7f2a382ecd1dbac713fa2bb813a0bb3f599bccca699e2bfcd96da,verified
input,DERIVATION-20260909-boundary-current-and-N64-spatial-control.md,research-programme/reproducibility/20260909/DERIVATION-20260909-boundary-current-and-N64-spatial-control.md,16894,608a87f46a9d827ea523b43cd4942acdd21e9427470fe8cdbd9a66fbb2f8fbcb,608a87f46a9d827ea523b43cd4942acdd21e9427470fe8cdbd9a66fbb2f8fbcb,608a87f46a9d827ea523b43cd4942acdd21e9427470fe8cdbd9a66fbb2f8fbcb,verified
input,source-intake/navier-stokes/20260909/annular-boundary-current-final-integrity.json,research-programme/reproducibility/20260909/source-intake/navier-stokes/20260909/annular-boundary-current-final-integrity.json,197494,3212215bb14fd177e30b7d8fca108e18361aa345b8505dcd29581c60463cf620,3212215bb14fd177e30b7d8fca108e18361aa345b8505dcd29581c60463cf620,3212215bb14fd177e30b7d8fca108e18361aa345b8505dcd29581c60463cf620,verified
input,scripts/annular_mass_trace_remainder_bound_20260909.py,research-programme/reproducibility/20260909/scripts/annular_mass_trace_remainder_bound_20260909.py,12850,97046e0292eb544ff24699cf852c3aa4ad02115673b4868a5a935d4e388b6e65,97046e0292eb544ff24699cf852c3aa4ad02115673b4868a5a935d4e388b6e65,97046e0292eb544ff24699cf852c3aa4ad02115673b4868a5a935d4e388b6e65,verified
input,scripts/derive_annular_mass_trace_bound_20260909.py,research-programme/reproducibility/20260909/scripts/derive_annular_mass_trace_bound_20260909.py,22972,f8141812ec5f49ba7c77f6a4091d996ba5d47a953ba767352c8788f0a7a1760f,f8141812ec5f49ba7c77f6a4091d996ba5d47a953ba767352c8788f0a7a1760f,f8141812ec5f49ba7c77f6a4091d996ba5d47a953ba767352c8788f0a7a1760f,verified
input,source-intake/navier-stokes/20260909/annular-boundary-affine-ramp-analysis/canonical_N16_GR_sample0.npz,research-programme/reproducibility/20260909/source-intake/navier-stokes/20260909/annular-boundary-affine-ramp-analysis/canonical_N16_GR_sample0.npz,2903,a70e9fe37935d1fbf3f597e31f6e973faeff72a270a4fd8953ebafed868c32a1,a70e9fe37935d1fbf3f597e31f6e973faeff72a270a4fd8953ebafed868c32a1,a70e9fe37935d1fbf3f597e31f6e973faeff72a270a4fd8953ebafed868c32a1,verified
input,source-intake/navier-stokes/20260909/annular-boundary-affine-ramp-analysis/canonical_N16_GR_sample16.npz,research-programme/reproducibility/20260909/source-intake/navier-stokes/20260909/annular-boundary-affine-ramp-analysis/canonical_N16_GR_sample16.npz,2903,f6dbea394b76b8aaf02584e5a920e0f3d73542e5db5503f8f07d856801340d0d,f6dbea394b76b8aaf02584e5a920e0f3d73542e5db5503f8f07d856801340d0d,f6dbea394b76b8aaf02584e5a920e0f3d73542e5db5503f8f07d856801340d0d,verified
input,source-intake/navier-stokes/20260909/annular-boundary-affine-ramp-analysis/canonical_N16_GR_sample32.npz,research-programme/reproducibility/20260909/source-intake/navier-stokes/20260909/annular-boundary-affine-ramp-analysis/canonical_N16_GR_sample32.npz,2898,461a09bbe1ada4d71a1bb700f6a90ff4b2fbb5f3b8fe5b1019e35f5a3f11ae48,461a09bbe1ada4d71a1bb700f6a90ff4b2fbb5f3b8fe5b1019e35f5a3f11ae48,461a09bbe1ada4d71a1bb700f6a90ff4b2fbb5f3b8fe5b1019e35f5a3f11ae48,verified
input,source-intake/navier-stokes/20260909/annular-boundary-affine-ramp-analysis/canonical_N16_metric_Gram_sample0.npz,research-programme/reproducibility/20260909/source-intake/navier-stokes/20260909/annular-boundary-affine-ramp-analysis/canonical_N16_metric_Gram_sample0.npz,6742,e8c6ad3cabe10a0ed9f4b86b27e0be44312e5746ba9c47a459c172a0c70deea7,e8c6ad3cabe10a0ed9f4b86b27e0be44312e5746ba9c47a459c172a0c70deea7,e8c6ad3cabe10a0ed9f4b86b27e0be44312e5746ba9c47a459c172a0c70deea7,verified
input,source-intake/navier-stokes/20260909/annular-boundary-affine-ramp-analysis/canonical_N16_metric_Gram_sample16.npz,research-programme/reproducibility/20260909/source-intake/navier-stokes/20260909/annular-boundary-affine-ramp-analysis/canonical_N16_metric_Gram_sample16.npz,6757,c278ec804b38175a91f2e93a18cefb96c3501c43059cb9e1b0fcbc37657fe8e7,c278ec804b38175a91f2e93a18cefb96c3501c43059cb9e1b0fcbc37657fe8e7,c278ec804b38175a91f2e93a18cefb96c3501c43059cb9e1b0fcbc37657fe8e7,verified
input,source-intake/navier-stokes/20260909/annular-boundary-affine-ramp-analysis/canonical_N16_metric_Gram_sample32.npz,research-programme/reproducibility/20260909/source-intake/navier-stokes/20260909/annular-boundary-affine-ramp-analysis/canonical_N16_metric_Gram_sample32.npz,6754,23306ce63d37392dc7ed6000d2fea25ffe4492d4134b9b1b34b0c8a0dd60161b,23306ce63d37392dc7ed6000d2fea25ffe4492d4134b9b1b34b0c8a0dd60161b,23306ce63d37392dc7ed6000d2fea25ffe4492d4134b9b1b34b0c8a0dd60161b,verified
input,source-intake/navier-stokes/20260909/annular-boundary-affine-ramp-analysis/canonical_N32_GR_sample0.npz,research-programme/reproducibility/20260909/source-intake/navier-stokes/20260909/annular-boundary-affine-ramp-analysis/canonical_N32_GR_sample0.npz,3063,832f22b03df5c823497ee20267b9ddd88eb9ad4de35481f1f51971e74858df26,832f22b03df5c823497ee20267b9ddd88eb9ad4de35481f1f51971e74858df26,832f22b03df5c823497ee20267b9ddd88eb9ad4de35481f1f51971e74858df26,verified
input,source-intake/navier-stokes/20260909/annular-boundary-affine-ramp-analysis/canonical_N32_GR_sample16.npz,research-programme/reproducibility/20260909/source-intake/navier-stokes/20260909/annular-boundary-affine-ramp-analysis/canonical_N32_GR_sample16.npz,3063,6b09a5aa403167c25709ea650855c7a745f4413549c63d2f82abcf63cd6033db,6b09a5aa403167c25709ea650855c7a745f4413549c63d2f82abcf63cd6033db,6b09a5aa403167c25709ea650855c7a745f4413549c63d2f82abcf63cd6033db,verified
input,source-intake/navier-stokes/20260909/annular-boundary-affine-ramp-analysis/canonical_N32_GR_sample32.npz,research-programme/reproducibility/20260909/source-intake/navier-stokes/20260909/annular-boundary-affine-ramp-analysis/canonical_N32_GR_sample32.npz,3064,8f421c457ec7f1820114fedd11d1eee9049a3f5da047528ad70ea166460fb68b,8f421c457ec7f1820114fedd11d1eee9049a3f5da047528ad70ea166460fb68b,8f421c457ec7f1820114fedd11d1eee9049a3f5da047528ad70ea166460fb68b,verified
input,source-intake/navier-stokes/20260909/annular-boundary-affine-ramp-analysis/canonical_N32_metric_Gram_sample0.npz,research-programme/reproducibility/20260909/source-intake/navier-stokes/20260909/annular-boundary-affine-ramp-analysis/canonical_N32_metric_Gram_sample0.npz,8743,dfdc78563a0a928cdad41ff136aa992abcb20118737f450fc6b7c48b24197d55,dfdc78563a0a928cdad41ff136aa992abcb20118737f450fc6b7c48b24197d55,dfdc78563a0a928cdad41ff136aa992abcb20118737f450fc6b7c48b24197d55,verified
input,source-intake/navier-stokes/20260909/annular-boundary-affine-ramp-analysis/canonical_N32_metric_Gram_sample16.npz,research-programme/reproducibility/20260909/source-intake/navier-stokes/20260909/annular-boundary-affine-ramp-analysis/canonical_N32_metric_Gram_sample16.npz,8736,972b5c196e24bbde05c54b732dcc8b69f2c9488dc863347ac09f91aece1084e7,972b5c196e24bbde05c54b732dcc8b69f2c9488dc863347ac09f91aece1084e7,972b5c196e24bbde05c54b732dcc8b69f2c9488dc863347ac09f91aece1084e7,verified
input,source-intake/navier-stokes/20260909/annular-boundary-affine-ramp-analysis/canonical_N32_metric_Gram_sample32.npz,research-programme/reproducibility/20260909/source-intake/navier-stokes/20260909/annular-boundary-affine-ramp-analysis/canonical_N32_metric_Gram_sample32.npz,8739,9f8c0d4b14312a94a68c52351cc4fa4c7c32492a26fd4c08be2be7c0859da013,9f8c0d4b14312a94a68c52351cc4fa4c7c32492a26fd4c08be2be7c0859da013,9f8c0d4b14312a94a68c52351cc4fa4c7c32492a26fd4c08be2be7c0859da013,verified
input,source-intake/navier-stokes/20260909/annular-boundary-affine-ramp-analysis/canonical_N64_GR_sample0.npz,research-programme/reproducibility/20260909/source-intake/navier-stokes/20260909/annular-boundary-affine-ramp-analysis/canonical_N64_GR_sample0.npz,3357,114284605ea6baa95900a5fdcb9628619d39a89925a71e3ee0674f551592d672,114284605ea6baa95900a5fdcb9628619d39a89925a71e3ee0674f551592d672,114284605ea6baa95900a5fdcb9628619d39a89925a71e3ee0674f551592d672,verified
input,source-intake/navier-stokes/20260909/annular-boundary-affine-ramp-analysis/canonical_N64_GR_sample32.npz,research-programme/reproducibility/20260909/source-intake/navier-stokes/20260909/annular-boundary-affine-ramp-analysis/canonical_N64_GR_sample32.npz,3350,53773386fc01cc6ca029974e0ff5fdc323ea90a00c2f9011fe69a6d8feffb5e4,53773386fc01cc6ca029974e0ff5fdc323ea90a00c2f9011fe69a6d8feffb5e4,53773386fc01cc6ca029974e0ff5fdc323ea90a00c2f9011fe69a6d8feffb5e4,verified
input,source-intake/navier-stokes/20260909/annular-boundary-affine-ramp-analysis/canonical_N64_GR_sample64.npz,research-programme/reproducibility/20260909/source-intake/navier-stokes/20260909/annular-boundary-affine-ramp-analysis/canonical_N64_GR_sample64.npz,3351,a5dc6789d4d482a671f8f12bc4ee842b7f64c8897074d371930430b8f5f774b8,a5dc6789d4d482a671f8f12bc4ee842b7f64c8897074d371930430b8f5f774b8,a5dc6789d4d482a671f8f12bc4ee842b7f64c8897074d371930430b8f5f774b8,verified
input,source-intake/navier-stokes/20260909/annular-boundary-affine-ramp-analysis/canonical_N64_metric_Gram_sample0.npz,research-programme/reproducibility/20260909/source-intake/navier-stokes/20260909/annular-boundary-affine-ramp-analysis/canonical_N64_metric_Gram_sample0.npz,12455,726e7d6d6fe2ec5f2da255e3033cdbe22db2a7fdc89f586b95d704e27b00483d,726e7d6d6fe2ec5f2da255e3033cdbe22db2a7fdc89f586b95d704e27b00483d,726e7d6d6fe2ec5f2da255e3033cdbe22db2a7fdc89f586b95d704e27b00483d,verified
input,source-intake/navier-stokes/20260909/annular-boundary-affine-ramp-analysis/canonical_N64_metric_Gram_sample32.npz,research-programme/reproducibility/20260909/source-intake/navier-stokes/20260909/annular-boundary-affine-ramp-analysis/canonical_N64_metric_Gram_sample32.npz,12441,f82bdab9a36e36a80344d6bceaebc4e0862c9c97b7ed4a96b1bd232ec3177b5b,f82bdab9a36e36a80344d6bceaebc4e0862c9c97b7ed4a96b1bd232ec3177b5b,f82bdab9a36e36a80344d6bceaebc4e0862c9c97b7ed4a96b1bd232ec3177b5b,verified
input,source-intake/navier-stokes/20260909/annular-boundary-affine-ramp-analysis/canonical_N64_metric_Gram_sample64.npz,research-programme/reproducibility/20260909/source-intake/navier-stokes/20260909/annular-boundary-affine-ramp-analysis/canonical_N64_metric_Gram_sample64.npz,12463,05966c2fd77ef9e54ecb9d6c1031e19c8f146f7899e71297ba5b522a093d0ac6,05966c2fd77ef9e54ecb9d6c1031e19c8f146f7899e71297ba5b522a093d0ac6,05966c2fd77ef9e54ecb9d6c1031e19c8f146f7899e71297ba5b522a093d0ac6,verified
input,source-intake/navier-stokes/20260909/annular-boundary-affine-ramp-analysis/nonlinear_modulated_N16_GR_sample0.npz,research-programme/reproducibility/20260909/source-intake/navier-stokes/20260909/annular-boundary-affine-ramp-analysis/nonlinear_modulated_N16_GR_sample0.npz,2898,96dd178b5fc060fabc5a050b23fd259ced75af8d2aa568178a21d4efe24186b2,96dd178b5fc060fabc5a050b23fd259ced75af8d2aa568178a21d4efe24186b2,96dd178b5fc060fabc5a050b23fd259ced75af8d2aa568178a21d4efe24186b2,verified
input,source-intake/navier-stokes/20260909/annular-boundary-affine-ramp-analysis/nonlinear_modulated_N16_GR_sample16.npz,research-programme/reproducibility/20260909/source-intake/navier-stokes/20260909/annular-boundary-affine-ramp-analysis/nonlinear_modulated_N16_GR_sample16.npz,2900,2ae1c78fc7341d1358555bf7ddf5b9f942de69a27a7c5dcd9ee1befbbafc4bbb,2ae1c78fc7341d1358555bf7ddf5b9f942de69a27a7c5dcd9ee1befbbafc4bbb,2ae1c78fc7341d1358555bf7ddf5b9f942de69a27a7c5dcd9ee1befbbafc4bbb,verified
input,source-intake/navier-stokes/20260909/annular-boundary-affine-ramp-analysis/nonlinear_modulated_N16_GR_sample32.npz,research-programme/reproducibility/20260909/source-intake/navier-stokes/20260909/annular-boundary-affine-ramp-analysis/nonlinear_modulated_N16_GR_sample32.npz,2899,32743ff5bc32dd71583c0283db68fcdbda283a79db33bca38fba9f8a52447daf,32743ff5bc32dd71583c0283db68fcdbda283a79db33bca38fba9f8a52447daf,32743ff5bc32dd71583c0283db68fcdbda283a79db33bca38fba9f8a52447daf,verified
input,source-intake/navier-stokes/20260909/annular-boundary-affine-ramp-analysis/nonlinear_modulated_N16_metric_Gram_sample0.npz,research-programme/reproducibility/20260909/source-intake/navier-stokes/20260909/annular-boundary-affine-ramp-analysis/nonlinear_modulated_N16_metric_Gram_sample0.npz,6770,1a09c630482f5d2d888d97ead08a9ff722163366d82e4a083a30d0a47f89ec61,1a09c630482f5d2d888d97ead08a9ff722163366d82e4a083a30d0a47f89ec61,1a09c630482f5d2d888d97ead08a9ff722163366d82e4a083a30d0a47f89ec61,verified
input,source-intake/navier-stokes/20260909/annular-boundary-affine-ramp-analysis/nonlinear_modulated_N16_metric_Gram_sample16.npz,research-programme/reproducibility/20260909/source-intake/navier-stokes/20260909/annular-boundary-affine-ramp-analysis/nonlinear_modulated_N16_metric_Gram_sample16.npz,6765,91310ceb0ca5d23a90d77cd092b94af2590d4602989edb86489c0af2920ceb9b,91310ceb0ca5d23a90d77cd092b94af2590d4602989edb86489c0af2920ceb9b,91310ceb0ca5d23a90d77cd092b94af2590d4602989edb86489c0af2920ceb9b,verified
input,source-intake/navier-stokes/20260909/annular-boundary-affine-ramp-analysis/nonlinear_modulated_N16_metric_Gram_sample32.npz,research-programme/reproducibility/20260909/source-intake/navier-stokes/20260909/annular-boundary-affine-ramp-analysis/nonlinear_modulated_N16_metric_Gram_sample32.npz,6757,645d4a8371da47e6b3babcbdccae1b0de199cd047fd4606f92e1d95c55b3960e,645d4a8371da47e6b3babcbdccae1b0de199cd047fd4606f92e1d95c55b3960e,645d4a8371da47e6b3babcbdccae1b0de199cd047fd4606f92e1d95c55b3960e,verified
input,source-intake/navier-stokes/20260909/annular-boundary-affine-ramp-analysis/nonlinear_modulated_N32_GR_sample0.npz,research-programme/reproducibility/20260909/source-intake/navier-stokes/20260909/annular-boundary-affine-ramp-analysis/nonlinear_modulated_N32_GR_sample0.npz,3065,2613b1b8d3a88d02369f11ef78d25b89339a543e8053555d67ad67b76559ed0f,2613b1b8d3a88d02369f11ef78d25b89339a543e8053555d67ad67b76559ed0f,2613b1b8d3a88d02369f11ef78d25b89339a543e8053555d67ad67b76559ed0f,verified
input,source-intake/navier-stokes/20260909/annular-boundary-affine-ramp-analysis/nonlinear_modulated_N32_GR_sample16.npz,research-programme/reproducibility/20260909/source-intake/navier-stokes/20260909/annular-boundary-affine-ramp-analysis/nonlinear_modulated_N32_GR_sample16.npz,3062,f63e5790ed468e437efd56a55533d68d1e38a46c2da849e349cdf32834ac1c1d,f63e5790ed468e437efd56a55533d68d1e38a46c2da849e349cdf32834ac1c1d,f63e5790ed468e437efd56a55533d68d1e38a46c2da849e349cdf32834ac1c1d,verified
input,source-intake/navier-stokes/20260909/annular-boundary-affine-ramp-analysis/nonlinear_modulated_N32_GR_sample32.npz,research-programme/reproducibility/20260909/source-intake/navier-stokes/20260909/annular-boundary-affine-ramp-analysis/nonlinear_modulated_N32_GR_sample32.npz,3067,5f0921d3ddfb360161022641f71e5b71885444b1d474d85ddc268734d262dd60,5f0921d3ddfb360161022641f71e5b71885444b1d474d85ddc268734d262dd60,5f0921d3ddfb360161022641f71e5b71885444b1d474d85ddc268734d262dd60,verified
input,source-intake/navier-stokes/20260909/annular-boundary-affine-ramp-analysis/nonlinear_modulated_N32_metric_Gram_sample0.npz,research-programme/reproducibility/20260909/source-intake/navier-stokes/20260909/annular-boundary-affine-ramp-analysis/nonlinear_modulated_N32_metric_Gram_sample0.npz,8738,eb3faf4117999e9fdbbbbbe883009643accfd24c04ed028772554c6c70b8f3b6,eb3faf4117999e9fdbbbbbe883009643accfd24c04ed028772554c6c70b8f3b6,eb3faf4117999e9fdbbbbbe883009643accfd24c04ed028772554c6c70b8f3b6,verified
input,source-intake/navier-stokes/20260909/annular-boundary-affine-ramp-analysis/nonlinear_modulated_N32_metric_Gram_sample16.npz,research-programme/reproducibility/20260909/source-intake/navier-stokes/20260909/annular-boundary-affine-ramp-analysis/nonlinear_modulated_N32_metric_Gram_sample16.npz,8746,afa1fdfb7d84257de52e87f7f56ec08e9aff67d3f6650dcb8368651859b06c47,afa1fdfb7d84257de52e87f7f56ec08e9aff67d3f6650dcb8368651859b06c47,afa1fdfb7d84257de52e87f7f56ec08e9aff67d3f6650dcb8368651859b06c47,verified
input,source-intake/navier-stokes/20260909/annular-boundary-affine-ramp-analysis/nonlinear_modulated_N32_metric_Gram_sample32.npz,research-programme/reproducibility/20260909/source-intake/navier-stokes/20260909/annular-boundary-affine-ramp-analysis/nonlinear_modulated_N32_metric_Gram_sample32.npz,8744,26da8acaf4d2f43e1c2d242b743e375f259c9e7541f711a3ae1274ccc2cee502,26da8acaf4d2f43e1c2d242b743e375f259c9e7541f711a3ae1274ccc2cee502,26da8acaf4d2f43e1c2d242b743e375f259c9e7541f711a3ae1274ccc2cee502,verified
input,source-intake/navier-stokes/20260909/annular-boundary-affine-ramp-analysis/nonlinear_modulated_N64_GR_sample0.npz,research-programme/reproducibility/20260909/source-intake/navier-stokes/20260909/annular-boundary-affine-ramp-analysis/nonlinear_modulated_N64_GR_sample0.npz,3355,ca8a1cd4f6a115586b997a8d6ce63f3ce7fa4f5771c76176c1aac47db4b271c8,ca8a1cd4f6a115586b997a8d6ce63f3ce7fa4f5771c76176c1aac47db4b271c8,ca8a1cd4f6a115586b997a8d6ce63f3ce7fa4f5771c76176c1aac47db4b271c8,verified
input,source-intake/navier-stokes/20260909/annular-boundary-affine-ramp-analysis/nonlinear_modulated_N64_GR_sample32.npz,research-programme/reproducibility/20260909/source-intake/navier-stokes/20260909/annular-boundary-affine-ramp-analysis/nonlinear_modulated_N64_GR_sample32.npz,3353,f22cc24d78a9c9d35b434c9f0cd8701a385693604cc14c4b6034b4a9f0a92c3f,f22cc24d78a9c9d35b434c9f0cd8701a385693604cc14c4b6034b4a9f0a92c3f,f22cc24d78a9c9d35b434c9f0cd8701a385693604cc14c4b6034b4a9f0a92c3f,verified
input,source-intake/navier-stokes/20260909/annular-boundary-affine-ramp-analysis/nonlinear_modulated_N64_GR_sample64.npz,research-programme/reproducibility/20260909/source-intake/navier-stokes/20260909/annular-boundary-affine-ramp-analysis/nonlinear_modulated_N64_GR_sample64.npz,3348,89e11214ce1ecd831db23e78d33493af9cbaa875997f9b024d9d5c9d8ada0382,89e11214ce1ecd831db23e78d33493af9cbaa875997f9b024d9d5c9d8ada0382,89e11214ce1ecd831db23e78d33493af9cbaa875997f9b024d9d5c9d8ada0382,verified
input,source-intake/navier-stokes/20260909/annular-boundary-affine-ramp-analysis/nonlinear_modulated_N64_metric_Gram_sample0.npz,research-programme/reproducibility/20260909/source-intake/navier-stokes/20260909/annular-boundary-affine-ramp-analysis/nonlinear_modulated_N64_metric_Gram_sample0.npz,12459,77a913f80bb2e0ac2e603dde1212b99e89c819ae2657df755a78889542a25893,77a913f80bb2e0ac2e603dde1212b99e89c819ae2657df755a78889542a25893,77a913f80bb2e0ac2e603dde1212b99e89c819ae2657df755a78889542a25893,verified
input,source-intake/navier-stokes/20260909/annular-boundary-affine-ramp-analysis/nonlinear_modulated_N64_metric_Gram_sample32.npz,research-programme/reproducibility/20260909/source-intake/navier-stokes/20260909/annular-boundary-affine-ramp-analysis/nonlinear_modulated_N64_metric_Gram_sample32.npz,12468,b384f2f9bb4b2ff37a33ed6145d329ff1047a21010e247b5a01bb859ee849ae6,b384f2f9bb4b2ff37a33ed6145d329ff1047a21010e247b5a01bb859ee849ae6,b384f2f9bb4b2ff37a33ed6145d329ff1047a21010e247b5a01bb859ee849ae6,verified
input,source-intake/navier-stokes/20260909/annular-boundary-affine-ramp-analysis/nonlinear_modulated_N64_metric_Gram_sample64.npz,research-programme/reproducibility/20260909/source-intake/navier-stokes/20260909/annular-boundary-affine-ramp-analysis/nonlinear_modulated_N64_metric_Gram_sample64.npz,12471,ba236e418e7b8283cd983ca820e789152cdf38106673e9ef594980e3c54c5b11,ba236e418e7b8283cd983ca820e789152cdf38106673e9ef594980e3c54c5b11,ba236e418e7b8283cd983ca820e789152cdf38106673e9ef594980e3c54c5b11,verified
input,source-intake/navier-stokes/20260909/annular-mass-trace-remainder-bound-derived/status.json,research-programme/reproducibility/20260909/source-intake/navier-stokes/20260909/annular-mass-trace-remainder-bound-derived/status.json,427210,65f89b63c288a4f7594357e0f535c32a8ef050a2f099fbb98612cc048aa5a0d4,65f89b63c288a4f7594357e0f535c32a8ef050a2f099fbb98612cc048aa5a0d4,65f89b63c288a4f7594357e0f535c32a8ef050a2f099fbb98612cc048aa5a0d4,verified
input,source-intake/navier-stokes/20260909/annular-mass-trace-remainder-bound-derived/COMPLETE,research-programme/reproducibility/20260909/source-intake/navier-stokes/20260909/annular-mass-trace-remainder-bound-derived/COMPLETE,34,deed6473cb00ca8703f4ec0c18d88a8d9713df9baabeade7ccf1f69d07fcfa25,deed6473cb00ca8703f4ec0c18d88a8d9713df9baabeade7ccf1f69d07fcfa25,deed6473cb00ca8703f4ec0c18d88a8d9713df9baabeade7ccf1f69d07fcfa25,verified
input,source-intake/navier-stokes/20260909/annular-mass-trace-remainder-bound-derived/executed-script.py,research-programme/reproducibility/20260909/source-intake/navier-stokes/20260909/annular-mass-trace-remainder-bound-derived/executed-script.py,22972,f8141812ec5f49ba7c77f6a4091d996ba5d47a953ba767352c8788f0a7a1760f,f8141812ec5f49ba7c77f6a4091d996ba5d47a953ba767352c8788f0a7a1760f,f8141812ec5f49ba7c77f6a4091d996ba5d47a953ba767352c8788f0a7a1760f,verified
input,scripts/derive_annular_commutator_energy_control_20260909.py,research-programme/reproducibility/20260909/scripts/derive_annular_commutator_energy_control_20260909.py,14001,c423bf345dedb9ea9737e6f2b75b3ef97ccf2d5aed9a96ac9fb724c0d07ea35a,c423bf345dedb9ea9737e6f2b75b3ef97ccf2d5aed9a96ac9fb724c0d07ea35a,c423bf345dedb9ea9737e6f2b75b3ef97ccf2d5aed9a96ac9fb724c0d07ea35a,verified
input,source-intake/navier-stokes/20260909/annular-mass-trace-remainder-bound-derived/canonical_N16_GR_sample0.npz,research-programme/reproducibility/20260909/source-intake/navier-stokes/20260909/annular-mass-trace-remainder-bound-derived/canonical_N16_GR_sample0.npz,29980,6c84ec8da8cdf2679577ef43bee5655e6cc3c6a7c828585d4b7fc5db195a505b,6c84ec8da8cdf2679577ef43bee5655e6cc3c6a7c828585d4b7fc5db195a505b,6c84ec8da8cdf2679577ef43bee5655e6cc3c6a7c828585d4b7fc5db195a505b,verified
input,source-intake/navier-stokes/20260909/annular-mass-trace-remainder-bound-derived/canonical_N16_GR_sample16.npz,research-programme/reproducibility/20260909/source-intake/navier-stokes/20260909/annular-mass-trace-remainder-bound-derived/canonical_N16_GR_sample16.npz,30017,4580bfdbb3740a292a10331b424edc40ab6e4e398696c3960a18b17b764bc288,4580bfdbb3740a292a10331b424edc40ab6e4e398696c3960a18b17b764bc288,4580bfdbb3740a292a10331b424edc40ab6e4e398696c3960a18b17b764bc288,verified
input,source-intake/navier-stokes/20260909/annular-mass-trace-remainder-bound-derived/canonical_N16_GR_sample32.npz,research-programme/reproducibility/20260909/source-intake/navier-stokes/20260909/annular-mass-trace-remainder-bound-derived/canonical_N16_GR_sample32.npz,30021,ebdd0828f21c1c8d7076534654e0e8c181aa0cb7cb5f74c2815ac9c42973e72a,ebdd0828f21c1c8d7076534654e0e8c181aa0cb7cb5f74c2815ac9c42973e72a,ebdd0828f21c1c8d7076534654e0e8c181aa0cb7cb5f74c2815ac9c42973e72a,verified
input,source-intake/navier-stokes/20260909/annular-mass-trace-remainder-bound-derived/canonical_N16_metric_Gram_sample0.npz,research-programme/reproducibility/20260909/source-intake/navier-stokes/20260909/annular-mass-trace-remainder-bound-derived/canonical_N16_metric_Gram_sample0.npz,30025,5a8b08a29d98da2600196c19ed6db8006f5361861ab41cbe6e3fd10fbd2fef24,5a8b08a29d98da2600196c19ed6db8006f5361861ab41cbe6e3fd10fbd2fef24,5a8b08a29d98da2600196c19ed6db8006f5361861ab41cbe6e3fd10fbd2fef24,verified
input,source-intake/navier-stokes/20260909/annular-mass-trace-remainder-bound-derived/canonical_N16_metric_Gram_sample16.npz,research-programme/reproducibility/20260909/source-intake/navier-stokes/20260909/annular-mass-trace-remainder-bound-derived/canonical_N16_metric_Gram_sample16.npz,30066,6d0527e21525ce5f1c2a47e417878d797dea99ae65295b5d7c20e40980e80d66,6d0527e21525ce5f1c2a47e417878d797dea99ae65295b5d7c20e40980e80d66,6d0527e21525ce5f1c2a47e417878d797dea99ae65295b5d7c20e40980e80d66,verified
input,source-intake/navier-stokes/20260909/annular-mass-trace-remainder-bound-derived/canonical_N16_metric_Gram_sample32.npz,research-programme/reproducibility/20260909/source-intake/navier-stokes/20260909/annular-mass-trace-remainder-bound-derived/canonical_N16_metric_Gram_sample32.npz,30064,ac965794fd51c040c8fcaa20d5c4fd1e0b10d8494b0a57af47f5ee85485452e5,ac965794fd51c040c8fcaa20d5c4fd1e0b10d8494b0a57af47f5ee85485452e5,ac965794fd51c040c8fcaa20d5c4fd1e0b10d8494b0a57af47f5ee85485452e5,verified
input,source-intake/navier-stokes/20260909/annular-mass-trace-remainder-bound-derived/canonical_N32_GR_sample0.npz,research-programme/reproducibility/20260909/source-intake/navier-stokes/20260909/annular-mass-trace-remainder-bound-derived/canonical_N32_GR_sample0.npz,43505,7d80762e1440a420f873eb474f094174e271767a23a3ed61c2de2d6a7fe5bfeb,7d80762e1440a420f873eb474f094174e271767a23a3ed61c2de2d6a7fe5bfeb,7d80762e1440a420f873eb474f094174e271767a23a3ed61c2de2d6a7fe5bfeb,verified
input,source-intake/navier-stokes/20260909/annular-mass-trace-remainder-bound-derived/canonical_N32_GR_sample16.npz,research-programme/reproducibility/20260909/source-intake/navier-stokes/20260909/annular-mass-trace-remainder-bound-derived/canonical_N32_GR_sample16.npz,43532,454dca5a2916e1252b33050dae3240130435d352e06d70d794b6235b12b8c6d6,454dca5a2916e1252b33050dae3240130435d352e06d70d794b6235b12b8c6d6,454dca5a2916e1252b33050dae3240130435d352e06d70d794b6235b12b8c6d6,verified
input,source-intake/navier-stokes/20260909/annular-mass-trace-remainder-bound-derived/canonical_N32_GR_sample32.npz,research-programme/reproducibility/20260909/source-intake/navier-stokes/20260909/annular-mass-trace-remainder-bound-derived/canonical_N32_GR_sample32.npz,43504,00f7fa24b59196913688adf7affadfc3f0c2e75b378a7c25df7c216fc2f78c72,00f7fa24b59196913688adf7affadfc3f0c2e75b378a7c25df7c216fc2f78c72,00f7fa24b59196913688adf7affadfc3f0c2e75b378a7c25df7c216fc2f78c72,verified
input,source-intake/navier-stokes/20260909/annular-mass-trace-remainder-bound-derived/canonical_N32_metric_Gram_sample0.npz,research-programme/reproducibility/20260909/source-intake/navier-stokes/20260909/annular-mass-trace-remainder-bound-derived/canonical_N32_metric_Gram_sample0.npz,43555,56f5ef1d0a1c109661cd094311866bf7808756f101b27a4f4ecab71f535cf0e4,56f5ef1d0a1c109661cd094311866bf7808756f101b27a4f4ecab71f535cf0e4,56f5ef1d0a1c109661cd094311866bf7808756f101b27a4f4ecab71f535cf0e4,verified
input,source-intake/navier-stokes/20260909/annular-mass-trace-remainder-bound-derived/canonical_N32_metric_Gram_sample16.npz,research-programme/reproducibility/20260909/source-intake/navier-stokes/20260909/annular-mass-trace-remainder-bound-derived/canonical_N32_metric_Gram_sample16.npz,43551,e3dfa16f64c8a0a7bb4ed8fbf9162d32d547851b0dd5ce97678ff23128105c67,e3dfa16f64c8a0a7bb4ed8fbf9162d32d547851b0dd5ce97678ff23128105c67,e3dfa16f64c8a0a7bb4ed8fbf9162d32d547851b0dd5ce97678ff23128105c67,verified
input,source-intake/navier-stokes/20260909/annular-mass-trace-remainder-bound-derived/canonical_N32_metric_Gram_sample32.npz,research-programme/reproducibility/20260909/source-intake/navier-stokes/20260909/annular-mass-trace-remainder-bound-derived/canonical_N32_metric_Gram_sample32.npz,43537,4b4d3fe82912a5d114534699bb25bb728bdfff36f7c8d57c60f57b1ec5409f26,4b4d3fe82912a5d114534699bb25bb728bdfff36f7c8d57c60f57b1ec5409f26,4b4d3fe82912a5d114534699bb25bb728bdfff36f7c8d57c60f57b1ec5409f26,verified
input,source-intake/navier-stokes/20260909/annular-mass-trace-remainder-bound-derived/canonical_N64_GR_sample0.npz,research-programme/reproducibility/20260909/source-intake/navier-stokes/20260909/annular-mass-trace-remainder-bound-derived/canonical_N64_GR_sample0.npz,69579,05548da1895a8b09baceedb51de387c7fc8bd5c540cbfba2f4abd66d4478d232,05548da1895a8b09baceedb51de387c7fc8bd5c540cbfba2f4abd66d4478d232,05548da1895a8b09baceedb51de387c7fc8bd5c540cbfba2f4abd66d4478d232,verified
input,source-intake/navier-stokes/20260909/annular-mass-trace-remainder-bound-derived/canonical_N64_GR_sample32.npz,research-programme/reproducibility/20260909/source-intake/navier-stokes/20260909/annular-mass-trace-remainder-bound-derived/canonical_N64_GR_sample32.npz,69618,800ec8db26d86818c4faee6569fa5a0f2cbff8014174f8fc590610004b8dc184,800ec8db26d86818c4faee6569fa5a0f2cbff8014174f8fc590610004b8dc184,800ec8db26d86818c4faee6569fa5a0f2cbff8014174f8fc590610004b8dc184,verified
input,source-intake/navier-stokes/20260909/annular-mass-trace-remainder-bound-derived/canonical_N64_GR_sample64.npz,research-programme/reproducibility/20260909/source-intake/navier-stokes/20260909/annular-mass-trace-remainder-bound-derived/canonical_N64_GR_sample64.npz,69629,cb1c95c1dedcc4ec565bca6bfb76fc1e14f9afb88d1c18debd4b472397f43c99,cb1c95c1dedcc4ec565bca6bfb76fc1e14f9afb88d1c18debd4b472397f43c99,cb1c95c1dedcc4ec565bca6bfb76fc1e14f9afb88d1c18debd4b472397f43c99,verified
input,source-intake/navier-stokes/20260909/annular-mass-trace-remainder-bound-derived/canonical_N64_metric_Gram_sample0.npz,research-programme/reproducibility/20260909/source-intake/navier-stokes/20260909/annular-mass-trace-remainder-bound-derived/canonical_N64_metric_Gram_sample0.npz,69597,ef59324f2821ac365f5ed2bba07a0981fd760d00c0592fbd5857a4358b0b2316,ef59324f2821ac365f5ed2bba07a0981fd760d00c0592fbd5857a4358b0b2316,ef59324f2821ac365f5ed2bba07a0981fd760d00c0592fbd5857a4358b0b2316,verified
input,source-intake/navier-stokes/20260909/annular-mass-trace-remainder-bound-derived/canonical_N64_metric_Gram_sample32.npz,research-programme/reproducibility/20260909/source-intake/navier-stokes/20260909/annular-mass-trace-remainder-bound-derived/canonical_N64_metric_Gram_sample32.npz,69646,aa7b470cf285933c40bfb5b76ac9f2549ee0cab2cea7830fc6cbf10242b3aea2,aa7b470cf285933c40bfb5b76ac9f2549ee0cab2cea7830fc6cbf10242b3aea2,aa7b470cf285933c40bfb5b76ac9f2549ee0cab2cea7830fc6cbf10242b3aea2,verified
input,source-intake/navier-stokes/20260909/annular-mass-trace-remainder-bound-derived/canonical_N64_metric_Gram_sample64.npz,research-programme/reproducibility/20260909/source-intake/navier-stokes/20260909/annular-mass-trace-remainder-bound-derived/canonical_N64_metric_Gram_sample64.npz,69645,2947752d8d9ed49f8ccf7dba292292cfdf69ec5aa2557e5567703ec3556ced10,2947752d8d9ed49f8ccf7dba292292cfdf69ec5aa2557e5567703ec3556ced10,2947752d8d9ed49f8ccf7dba292292cfdf69ec5aa2557e5567703ec3556ced10,verified
input,source-intake/navier-stokes/20260909/annular-mass-trace-remainder-bound-derived/nonlinear_modulated_N16_GR_sample0.npz,research-programme/reproducibility/20260909/source-intake/navier-stokes/20260909/annular-mass-trace-remainder-bound-derived/nonlinear_modulated_N16_GR_sample0.npz,30029,226cbd85d6ffcc5d9e6d61e57a839b94953a8ef4f5882bf59b0bdb34eb5b3559,226cbd85d6ffcc5d9e6d61e57a839b94953a8ef4f5882bf59b0bdb34eb5b3559,226cbd85d6ffcc5d9e6d61e57a839b94953a8ef4f5882bf59b0bdb34eb5b3559,verified
input,source-intake/navier-stokes/20260909/annular-mass-trace-remainder-bound-derived/nonlinear_modulated_N16_GR_sample16.npz,research-programme/reproducibility/20260909/source-intake/navier-stokes/20260909/annular-mass-trace-remainder-bound-derived/nonlinear_modulated_N16_GR_sample16.npz,30023,6bf919df335dde039e49187e439f36f515b5ea5b9133410206f47cfd5c2ddfe0,6bf919df335dde039e49187e439f36f515b5ea5b9133410206f47cfd5c2ddfe0,6bf919df335dde039e49187e439f36f515b5ea5b9133410206f47cfd5c2ddfe0,verified
input,source-intake/navier-stokes/20260909/annular-mass-trace-remainder-bound-derived/nonlinear_modulated_N16_GR_sample32.npz,research-programme/reproducibility/20260909/source-intake/navier-stokes/20260909/annular-mass-trace-remainder-bound-derived/nonlinear_modulated_N16_GR_sample32.npz,30041,19505d412c90ad474e2e72249edeb5bcd708ebcd39d12c3098e9637adfcae57d,19505d412c90ad474e2e72249edeb5bcd708ebcd39d12c3098e9637adfcae57d,19505d412c90ad474e2e72249edeb5bcd708ebcd39d12c3098e9637adfcae57d,verified
input,source-intake/navier-stokes/20260909/annular-mass-trace-remainder-bound-derived/nonlinear_modulated_N16_metric_Gram_sample0.npz,research-programme/reproducibility/20260909/source-intake/navier-stokes/20260909/annular-mass-trace-remainder-bound-derived/nonlinear_modulated_N16_metric_Gram_sample0.npz,30064,08faa66b3627c7b1989c8aae77fc3eb5a99194ec17869078cce0c72838eb9df7,08faa66b3627c7b1989c8aae77fc3eb5a99194ec17869078cce0c72838eb9df7,08faa66b3627c7b1989c8aae77fc3eb5a99194ec17869078cce0c72838eb9df7,verified
input,source-intake/navier-stokes/20260909/annular-mass-trace-remainder-bound-derived/nonlinear_modulated_N16_metric_Gram_sample16.npz,research-programme/reproducibility/20260909/source-intake/navier-stokes/20260909/annular-mass-trace-remainder-bound-derived/nonlinear_modulated_N16_metric_Gram_sample16.npz,30067,fd0c4721236785bf1d289abb29b99d2c6e255145c211eb136697ba7662ca58a6,fd0c4721236785bf1d289abb29b99d2c6e255145c211eb136697ba7662ca58a6,fd0c4721236785bf1d289abb29b99d2c6e255145c211eb136697ba7662ca58a6,verified
input,source-intake/navier-stokes/20260909/annular-mass-trace-remainder-bound-derived/nonlinear_modulated_N16_metric_Gram_sample32.npz,research-programme/reproducibility/20260909/source-intake/navier-stokes/20260909/annular-mass-trace-remainder-bound-derived/nonlinear_modulated_N16_metric_Gram_sample32.npz,30073,724ed19943a62a51e94a05ed87ad94b0853826b4c4b6d6d0af53e0d5be954fd6,724ed19943a62a51e94a05ed87ad94b0853826b4c4b6d6d0af53e0d5be954fd6,724ed19943a62a51e94a05ed87ad94b0853826b4c4b6d6d0af53e0d5be954fd6,verified
input,source-intake/navier-stokes/20260909/annular-mass-trace-remainder-bound-derived/nonlinear_modulated_N32_GR_sample0.npz,research-programme/reproducibility/20260909/source-intake/navier-stokes/20260909/annular-mass-trace-remainder-bound-derived/nonlinear_modulated_N32_GR_sample0.npz,43522,17a721e81928120ce466665016b359bae68a17269f53dbab277e483adf47b67c,17a721e81928120ce466665016b359bae68a17269f53dbab277e483adf47b67c,17a721e81928120ce466665016b359bae68a17269f53dbab277e483adf47b67c,verified
input,source-intake/navier-stokes/20260909/annular-mass-trace-remainder-bound-derived/nonlinear_modulated_N32_GR_sample16.npz,research-programme/reproducibility/20260909/source-intake/navier-stokes/20260909/annular-mass-trace-remainder-bound-derived/nonlinear_modulated_N32_GR_sample16.npz,43522,7db125258392a93690568e7bb9bcc16a68d08701df54098541b826fcf06816ba,7db125258392a93690568e7bb9bcc16a68d08701df54098541b826fcf06816ba,7db125258392a93690568e7bb9bcc16a68d08701df54098541b826fcf06816ba,verified
input,source-intake/navier-stokes/20260909/annular-mass-trace-remainder-bound-derived/nonlinear_modulated_N32_GR_sample32.npz,research-programme/reproducibility/20260909/source-intake/navier-stokes/20260909/annular-mass-trace-remainder-bound-derived/nonlinear_modulated_N32_GR_sample32.npz,43532,3dee06c87671c37d1f2adb30b60d7e2b9f97676838614e5aa4631596885c5e65,3dee06c87671c37d1f2adb30b60d7e2b9f97676838614e5aa4631596885c5e65,3dee06c87671c37d1f2adb30b60d7e2b9f97676838614e5aa4631596885c5e65,verified
input,source-intake/navier-stokes/20260909/annular-mass-trace-remainder-bound-derived/nonlinear_modulated_N32_metric_Gram_sample0.npz,research-programme/reproducibility/20260909/source-intake/navier-stokes/20260909/annular-mass-trace-remainder-bound-derived/nonlinear_modulated_N32_metric_Gram_sample0.npz,43556,f9516b689eefcd8e9283ec8db74d0de9892bc24003f20bd99a37f0cbf2e25e0d,f9516b689eefcd8e9283ec8db74d0de9892bc24003f20bd99a37f0cbf2e25e0d,f9516b689eefcd8e9283ec8db74d0de9892bc24003f20bd99a37f0cbf2e25e0d,verified
input,source-intake/navier-stokes/20260909/annular-mass-trace-remainder-bound-derived/nonlinear_modulated_N32_metric_Gram_sample16.npz,research-programme/reproducibility/20260909/source-intake/navier-stokes/20260909/annular-mass-trace-remainder-bound-derived/nonlinear_modulated_N32_metric_Gram_sample16.npz,43566,21184116af9d83e34731fd21e1c8f2f52624bca6b99b722027a043beab45eae2,21184116af9d83e34731fd21e1c8f2f52624bca6b99b722027a043beab45eae2,21184116af9d83e34731fd21e1c8f2f52624bca6b99b722027a043beab45eae2,verified
input,source-intake/navier-stokes/20260909/annular-mass-trace-remainder-bound-derived/nonlinear_modulated_N32_metric_Gram_sample32.npz,research-programme/reproducibility/20260909/source-intake/navier-stokes/20260909/annular-mass-trace-remainder-bound-derived/nonlinear_modulated_N32_metric_Gram_sample32.npz,43567,9f3a9eb5eed517811534bdbc48e05468945cc474affe23c5ad668777c700c517,9f3a9eb5eed517811534bdbc48e05468945cc474affe23c5ad668777c700c517,9f3a9eb5eed517811534bdbc48e05468945cc474affe23c5ad668777c700c517,verified
input,source-intake/navier-stokes/20260909/annular-mass-trace-remainder-bound-derived/nonlinear_modulated_N64_GR_sample0.npz,research-programme/reproducibility/20260909/source-intake/navier-stokes/20260909/annular-mass-trace-remainder-bound-derived/nonlinear_modulated_N64_GR_sample0.npz,69654,e04091e17550db26ff757b30ddf675b1e7fcbc1e8b90fc92a51df2a40f512f05,e04091e17550db26ff757b30ddf675b1e7fcbc1e8b90fc92a51df2a40f512f05,e04091e17550db26ff757b30ddf675b1e7fcbc1e8b90fc92a51df2a40f512f05,verified
input,source-intake/navier-stokes/20260909/annular-mass-trace-remainder-bound-derived/nonlinear_modulated_N64_GR_sample32.npz,research-programme/reproducibility/20260909/source-intake/navier-stokes/20260909/annular-mass-trace-remainder-bound-derived/nonlinear_modulated_N64_GR_sample32.npz,69721,7c50c8f6327995131611bef4b3f7c6fbfa9698080c5f75db24a262d1aefbc7b8,7c50c8f6327995131611bef4b3f7c6fbfa9698080c5f75db24a262d1aefbc7b8,7c50c8f6327995131611bef4b3f7c6fbfa9698080c5f75db24a262d1aefbc7b8,verified
input,source-intake/navier-stokes/20260909/annular-mass-trace-remainder-bound-derived/nonlinear_modulated_N64_GR_sample64.npz,research-programme/reproducibility/20260909/source-intake/navier-stokes/20260909/annular-mass-trace-remainder-bound-derived/nonlinear_modulated_N64_GR_sample64.npz,69644,192f0497dd3d14b3a51961d0606aadce65ad3e8a9824bd44e4a95f4f79971f70,192f0497dd3d14b3a51961d0606aadce65ad3e8a9824bd44e4a95f4f79971f70,192f0497dd3d14b3a51961d0606aadce65ad3e8a9824bd44e4a95f4f79971f70,verified
input,source-intake/navier-stokes/20260909/annular-mass-trace-remainder-bound-derived/nonlinear_modulated_N64_metric_Gram_sample0.npz,research-programme/reproducibility/20260909/source-intake/navier-stokes/20260909/annular-mass-trace-remainder-bound-derived/nonlinear_modulated_N64_metric_Gram_sample0.npz,69624,6ad7ecb5e7949a8cfc717cc2d6c0a616b555645798f2b2a695d8661e396dc06b,6ad7ecb5e7949a8cfc717cc2d6c0a616b555645798f2b2a695d8661e396dc06b,6ad7ecb5e7949a8cfc717cc2d6c0a616b555645798f2b2a695d8661e396dc06b,verified
input,source-intake/navier-stokes/20260909/annular-mass-trace-remainder-bound-derived/nonlinear_modulated_N64_metric_Gram_sample32.npz,research-programme/reproducibility/20260909/source-intake/navier-stokes/20260909/annular-mass-trace-remainder-bound-derived/nonlinear_modulated_N64_metric_Gram_sample32.npz,69717,53cab20d3a658cb77f29c471044c7854d1b6f333cbdaf8dd5b0ca29bcf616e43,53cab20d3a658cb77f29c471044c7854d1b6f333cbdaf8dd5b0ca29bcf616e43,53cab20d3a658cb77f29c471044c7854d1b6f333cbdaf8dd5b0ca29bcf616e43,verified
input,source-intake/navier-stokes/20260909/annular-mass-trace-remainder-bound-derived/nonlinear_modulated_N64_metric_Gram_sample64.npz,research-programme/reproducibility/20260909/source-intake/navier-stokes/20260909/annular-mass-trace-remainder-bound-derived/nonlinear_modulated_N64_metric_Gram_sample64.npz,69719,260688f791d3968687758168bcbbd209c7dc5609a6f72d53b2be1d00ffa32c51,260688f791d3968687758168bcbbd209c7dc5609a6f72d53b2be1d00ffa32c51,260688f791d3968687758168bcbbd209c7dc5609a6f72d53b2be1d00ffa32c51,verified
input,source-intake/navier-stokes/20260909/annular-affine-commutator-energy-control/status.json,research-programme/reproducibility/20260909/source-intake/navier-stokes/20260909/annular-affine-commutator-energy-control/status.json,285870,e2908c1c512f0ddc1776fea640302ccc2fbcdf6b2b7ff6e74ec3769822f96acc,e2908c1c512f0ddc1776fea640302ccc2fbcdf6b2b7ff6e74ec3769822f96acc,e2908c1c512f0ddc1776fea640302ccc2fbcdf6b2b7ff6e74ec3769822f96acc,verified
input,source-intake/navier-stokes/20260909/annular-affine-commutator-energy-control/COMPLETE,research-programme/reproducibility/20260909/source-intake/navier-stokes/20260909/annular-affine-commutator-energy-control/COMPLETE,34,5dd8998c4c182242d3f088bb767b75f0fc7854ae63011c5e0de83e6ed5865e30,5dd8998c4c182242d3f088bb767b75f0fc7854ae63011c5e0de83e6ed5865e30,5dd8998c4c182242d3f088bb767b75f0fc7854ae63011c5e0de83e6ed5865e30,verified
input,source-intake/navier-stokes/20260909/annular-affine-commutator-energy-control/executed-script.py,research-programme/reproducibility/20260909/source-intake/navier-stokes/20260909/annular-affine-commutator-energy-control/executed-script.py,14001,c423bf345dedb9ea9737e6f2b75b3ef97ccf2d5aed9a96ac9fb724c0d07ea35a,c423bf345dedb9ea9737e6f2b75b3ef97ccf2d5aed9a96ac9fb724c0d07ea35a,c423bf345dedb9ea9737e6f2b75b3ef97ccf2d5aed9a96ac9fb724c0d07ea35a,verified
input,DERIVATION-20260909-mass-trace-control-and-bulk-commutator-bound.md,research-programme/reproducibility/20260909/DERIVATION-20260909-mass-trace-control-and-bulk-commutator-bound.md,14898,7ba8c8007c0e52f11e5dabe7b168a01187b6523e68220f08f6944ba008deddd5,7ba8c8007c0e52f11e5dabe7b168a01187b6523e68220f08f6944ba008deddd5,7ba8c8007c0e52f11e5dabe7b168a01187b6523e68220f08f6944ba008deddd5,verified
input,source-intake/navier-stokes/20260909/annular-mass-trace-final-integrity.json,research-programme/reproducibility/20260909/source-intake/navier-stokes/20260909/annular-mass-trace-final-integrity.json,227788,83374988d7d6357aff5ebb4893daf2b2f1d82ee635df8ab50ef78bfccb094df1,83374988d7d6357aff5ebb4893daf2b2f1d82ee635df8ab50ef78bfccb094df1,83374988d7d6357aff5ebb4893daf2b2f1d82ee635df8ab50ef78bfccb094df1,verified
input,scripts/annular_first_derivative_energy_20260909.py,research-programme/reproducibility/20260909/scripts/annular_first_derivative_energy_20260909.py,13477,6df5a2b6b31e5bcab221f6686c1c49df6e07984384a4d272c95ecf9e0aa57ab6,6df5a2b6b31e5bcab221f6686c1c49df6e07984384a4d272c95ecf9e0aa57ab6,6df5a2b6b31e5bcab221f6686c1c49df6e07984384a4d272c95ecf9e0aa57ab6,verified
input,scripts/derive_annular_first_derivative_energy_20260909.py,research-programme/reproducibility/20260909/scripts/derive_annular_first_derivative_energy_20260909.py,15703,949cece8eafe9c1b5f7e51992f232efbee26e033d2da81bab1a3dd6dbf9ef25f,949cece8eafe9c1b5f7e51992f232efbee26e033d2da81bab1a3dd6dbf9ef25f,949cece8eafe9c1b5f7e51992f232efbee26e033d2da81bab1a3dd6dbf9ef25f,verified
input,source-intake/navier-stokes/20260909/annular-first-derivative-energy-derived/status.json,research-programme/reproducibility/20260909/source-intake/navier-stokes/20260909/annular-first-derivative-energy-derived/status.json,353596,c14a49d2816e5f5402831fb99b1c578f871e4e359f9df2fbbf194d083bbd7c50,c14a49d2816e5f5402831fb99b1c578f871e4e359f9df2fbbf194d083bbd7c50,c14a49d2816e5f5402831fb99b1c578f871e4e359f9df2fbbf194d083bbd7c50,verified
input,source-intake/navier-stokes/20260909/annular-first-derivative-energy-derived/COMPLETE,research-programme/reproducibility/20260909/source-intake/navier-stokes/20260909/annular-first-derivative-energy-derived/COMPLETE,34,ed660138c498d08f7e628fef8401b434c865dc053b94152e591948b5da0e139e,ed660138c498d08f7e628fef8401b434c865dc053b94152e591948b5da0e139e,ed660138c498d08f7e628fef8401b434c865dc053b94152e591948b5da0e139e,verified
input,source-intake/navier-stokes/20260909/annular-first-derivative-energy-derived/executed-script.py,research-programme/reproducibility/20260909/source-intake/navier-stokes/20260909/annular-first-derivative-energy-derived/executed-script.py,15703,949cece8eafe9c1b5f7e51992f232efbee26e033d2da81bab1a3dd6dbf9ef25f,949cece8eafe9c1b5f7e51992f232efbee26e033d2da81bab1a3dd6dbf9ef25f,949cece8eafe9c1b5f7e51992f232efbee26e033d2da81bab1a3dd6dbf9ef25f,verified
input,scripts/annular_boundary_adapted_energy_20260909.py,research-programme/reproducibility/20260909/scripts/annular_boundary_adapted_energy_20260909.py,7354,9618897787b7e3500146eea091ca1bd758c6f8a608bb9bba5983596c552883d7,9618897787b7e3500146eea091ca1bd758c6f8a608bb9bba5983596c552883d7,9618897787b7e3500146eea091ca1bd758c6f8a608bb9bba5983596c552883d7,verified
input,scripts/derive_annular_boundary_adapted_energy_20260909.py,research-programme/reproducibility/20260909/scripts/derive_annular_boundary_adapted_energy_20260909.py,14577,d1e574dc95b425bdd078baac02acf71ec8e0b4044d5dc5955409277d31efb055,d1e574dc95b425bdd078baac02acf71ec8e0b4044d5dc5955409277d31efb055,d1e574dc95b425bdd078baac02acf71ec8e0b4044d5dc5955409277d31efb055,verified
input,source-intake/navier-stokes/20260909/annular-first-derivative-energy-derived/canonical_N16_GR_sample0.npz,research-programme/reproducibility/20260909/source-intake/navier-stokes/20260909/annular-first-derivative-energy-derived/canonical_N16_GR_sample0.npz,27166,c1c6484c6f5caa6caf0bde0c61f232bc807d21012c7860f79f36ce842845ba31,c1c6484c6f5caa6caf0bde0c61f232bc807d21012c7860f79f36ce842845ba31,c1c6484c6f5caa6caf0bde0c61f232bc807d21012c7860f79f36ce842845ba31,verified
input,source-intake/navier-stokes/20260909/annular-first-derivative-energy-derived/canonical_N16_GR_sample16.npz,research-programme/reproducibility/20260909/source-intake/navier-stokes/20260909/annular-first-derivative-energy-derived/canonical_N16_GR_sample16.npz,27175,81bda8cb541508f7f83aadc023174e44797ed06ca18b6e1ce9cec8b505539e7a,81bda8cb541508f7f83aadc023174e44797ed06ca18b6e1ce9cec8b505539e7a,81bda8cb541508f7f83aadc023174e44797ed06ca18b6e1ce9cec8b505539e7a,verified
input,source-intake/navier-stokes/20260909/annular-first-derivative-energy-derived/canonical_N16_GR_sample32.npz,research-programme/reproducibility/20260909/source-intake/navier-stokes/20260909/annular-first-derivative-energy-derived/canonical_N16_GR_sample32.npz,27124,c57faff6fcb32cb0df3d2e1794f96514bd1df5be7033b59fdf75326820b3c32e,c57faff6fcb32cb0df3d2e1794f96514bd1df5be7033b59fdf75326820b3c32e,c57faff6fcb32cb0df3d2e1794f96514bd1df5be7033b59fdf75326820b3c32e,verified
input,source-intake/navier-stokes/20260909/annular-first-derivative-energy-derived/canonical_N16_metric_Gram_sample0.npz,research-programme/reproducibility/20260909/source-intake/navier-stokes/20260909/annular-first-derivative-energy-derived/canonical_N16_metric_Gram_sample0.npz,27135,4fb55693fefa6e1c79e6a8175dad861b2d0c9e7694be102002c9b69127390b9e,4fb55693fefa6e1c79e6a8175dad861b2d0c9e7694be102002c9b69127390b9e,4fb55693fefa6e1c79e6a8175dad861b2d0c9e7694be102002c9b69127390b9e,verified
input,source-intake/navier-stokes/20260909/annular-first-derivative-energy-derived/canonical_N16_metric_Gram_sample16.npz,research-programme/reproducibility/20260909/source-intake/navier-stokes/20260909/annular-first-derivative-energy-derived/canonical_N16_metric_Gram_sample16.npz,27055,1ccd6d3fba290f7a27a59f218a52023379bdd0da8fd9904094417416892f1cd5,1ccd6d3fba290f7a27a59f218a52023379bdd0da8fd9904094417416892f1cd5,1ccd6d3fba290f7a27a59f218a52023379bdd0da8fd9904094417416892f1cd5,verified
input,source-intake/navier-stokes/20260909/annular-first-derivative-energy-derived/canonical_N16_metric_Gram_sample32.npz,research-programme/reproducibility/20260909/source-intake/navier-stokes/20260909/annular-first-derivative-energy-derived/canonical_N16_metric_Gram_sample32.npz,27105,4216d1c0a4956f14df3ba287da17e42577dcd6b50c1908dab7b0b9b6ac40616c,4216d1c0a4956f14df3ba287da17e42577dcd6b50c1908dab7b0b9b6ac40616c,4216d1c0a4956f14df3ba287da17e42577dcd6b50c1908dab7b0b9b6ac40616c,verified
input,source-intake/navier-stokes/20260909/annular-first-derivative-energy-derived/canonical_N32_GR_sample0.npz,research-programme/reproducibility/20260909/source-intake/navier-stokes/20260909/annular-first-derivative-energy-derived/canonical_N32_GR_sample0.npz,46408,e9d2d03927830a36545041b1a6296b11047f4af3b8248a2c6eb399565ff9a16e,e9d2d03927830a36545041b1a6296b11047f4af3b8248a2c6eb399565ff9a16e,e9d2d03927830a36545041b1a6296b11047f4af3b8248a2c6eb399565ff9a16e,verified
input,source-intake/navier-stokes/20260909/annular-first-derivative-energy-derived/canonical_N32_GR_sample16.npz,research-programme/reproducibility/20260909/source-intake/navier-stokes/20260909/annular-first-derivative-energy-derived/canonical_N32_GR_sample16.npz,46471,1b8598152e652492a382089b6ca5350bd139ef391c5fcffffe18bf5969499572,1b8598152e652492a382089b6ca5350bd139ef391c5fcffffe18bf5969499572,1b8598152e652492a382089b6ca5350bd139ef391c5fcffffe18bf5969499572,verified
input,source-intake/navier-stokes/20260909/annular-first-derivative-energy-derived/canonical_N32_GR_sample32.npz,research-programme/reproducibility/20260909/source-intake/navier-stokes/20260909/annular-first-derivative-energy-derived/canonical_N32_GR_sample32.npz,46437,8d44186ea2d7a8f5361c7a4881b8c2c33a1a2f4fbc72a101d1932232c4b935c6,8d44186ea2d7a8f5361c7a4881b8c2c33a1a2f4fbc72a101d1932232c4b935c6,8d44186ea2d7a8f5361c7a4881b8c2c33a1a2f4fbc72a101d1932232c4b935c6,verified
input,source-intake/navier-stokes/20260909/annular-first-derivative-energy-derived/canonical_N32_metric_Gram_sample0.npz,research-programme/reproducibility/20260909/source-intake/navier-stokes/20260909/annular-first-derivative-energy-derived/canonical_N32_metric_Gram_sample0.npz,46315,2b9ed4018bf4415b47ecac1c3978537557519430c81208b2571b223a5fde1037,2b9ed4018bf4415b47ecac1c3978537557519430c81208b2571b223a5fde1037,2b9ed4018bf4415b47ecac1c3978537557519430c81208b2571b223a5fde1037,verified
input,source-intake/navier-stokes/20260909/annular-first-derivative-energy-derived/canonical_N32_metric_Gram_sample16.npz,research-programme/reproducibility/20260909/source-intake/navier-stokes/20260909/annular-first-derivative-energy-derived/canonical_N32_metric_Gram_sample16.npz,46419,f5dbd9960cf9d1e94278ccfeaf4ad01a9a5ce92d98d68d403eaa1190dd4ac499,f5dbd9960cf9d1e94278ccfeaf4ad01a9a5ce92d98d68d403eaa1190dd4ac499,f5dbd9960cf9d1e94278ccfeaf4ad01a9a5ce92d98d68d403eaa1190dd4ac499,verified
input,source-intake/navier-stokes/20260909/annular-first-derivative-energy-derived/canonical_N32_metric_Gram_sample32.npz,research-programme/reproducibility/20260909/source-intake/navier-stokes/20260909/annular-first-derivative-energy-derived/canonical_N32_metric_Gram_sample32.npz,46361,6699c08e67f73a4d44f0b6624ca0ae0fc1791ad31e268ab96af330b40f04bca0,6699c08e67f73a4d44f0b6624ca0ae0fc1791ad31e268ab96af330b40f04bca0,6699c08e67f73a4d44f0b6624ca0ae0fc1791ad31e268ab96af330b40f04bca0,verified
input,source-intake/navier-stokes/20260909/annular-first-derivative-energy-derived/canonical_N64_GR_sample0.npz,research-programme/reproducibility/20260909/source-intake/navier-stokes/20260909/annular-first-derivative-energy-derived/canonical_N64_GR_sample0.npz,95472,9da0c7e164013fa7acbaf836fee28820b4ec8ce54ffa0367047a9268b5958b8a,9da0c7e164013fa7acbaf836fee28820b4ec8ce54ffa0367047a9268b5958b8a,9da0c7e164013fa7acbaf836fee28820b4ec8ce54ffa0367047a9268b5958b8a,verified
input,source-intake/navier-stokes/20260909/annular-first-derivative-energy-derived/canonical_N64_GR_sample32.npz,research-programme/reproducibility/20260909/source-intake/navier-stokes/20260909/annular-first-derivative-energy-derived/canonical_N64_GR_sample32.npz,95180,5b24053544aa3bac6def353635c82f9183e3cbaefd42d3d532016e005ae2cefa,5b24053544aa3bac6def353635c82f9183e3cbaefd42d3d532016e005ae2cefa,5b24053544aa3bac6def353635c82f9183e3cbaefd42d3d532016e005ae2cefa,verified
input,source-intake/navier-stokes/20260909/annular-first-derivative-energy-derived/canonical_N64_GR_sample64.npz,research-programme/reproducibility/20260909/source-intake/navier-stokes/20260909/annular-first-derivative-energy-derived/canonical_N64_GR_sample64.npz,95496,54757c288416d452d8b749449d82b2586c9f2c9da16772427d6743ab4f484476,54757c288416d452d8b749449d82b2586c9f2c9da16772427d6743ab4f484476,54757c288416d452d8b749449d82b2586c9f2c9da16772427d6743ab4f484476,verified
input,source-intake/navier-stokes/20260909/annular-first-derivative-energy-derived/canonical_N64_metric_Gram_sample0.npz,research-programme/reproducibility/20260909/source-intake/navier-stokes/20260909/annular-first-derivative-energy-derived/canonical_N64_metric_Gram_sample0.npz,95211,1e55fed4dbec3538e99c12fa9fe1f90f6cb78c12ad775db58d7c33a1d9b06099,1e55fed4dbec3538e99c12fa9fe1f90f6cb78c12ad775db58d7c33a1d9b06099,1e55fed4dbec3538e99c12fa9fe1f90f6cb78c12ad775db58d7c33a1d9b06099,verified
input,source-intake/navier-stokes/20260909/annular-first-derivative-energy-derived/canonical_N64_metric_Gram_sample32.npz,research-programme/reproducibility/20260909/source-intake/navier-stokes/20260909/annular-first-derivative-energy-derived/canonical_N64_metric_Gram_sample32.npz,95262,c381ad42cdd79879f2824b881f94ab6948b684b6c04ad86ab00f83e56f93db52,c381ad42cdd79879f2824b881f94ab6948b684b6c04ad86ab00f83e56f93db52,c381ad42cdd79879f2824b881f94ab6948b684b6c04ad86ab00f83e56f93db52,verified
input,source-intake/navier-stokes/20260909/annular-first-derivative-energy-derived/canonical_N64_metric_Gram_sample64.npz,research-programme/reproducibility/20260909/source-intake/navier-stokes/20260909/annular-first-derivative-energy-derived/canonical_N64_metric_Gram_sample64.npz,95208,3ca6ce87437f464d3ebcd9e25ce8f9dd4dda5be28dc66832de43f0059087aeb4,3ca6ce87437f464d3ebcd9e25ce8f9dd4dda5be28dc66832de43f0059087aeb4,3ca6ce87437f464d3ebcd9e25ce8f9dd4dda5be28dc66832de43f0059087aeb4,verified
input,source-intake/navier-stokes/20260909/annular-first-derivative-energy-derived/nonlinear_modulated_N16_GR_sample0.npz,research-programme/reproducibility/20260909/source-intake/navier-stokes/20260909/annular-first-derivative-energy-derived/nonlinear_modulated_N16_GR_sample0.npz,27970,173aaeccf18ff4d4fc0fe6bc5002103dc0b5a4484a82a2be86a521cb88b408ad,173aaeccf18ff4d4fc0fe6bc5002103dc0b5a4484a82a2be86a521cb88b408ad,173aaeccf18ff4d4fc0fe6bc5002103dc0b5a4484a82a2be86a521cb88b408ad,verified
input,source-intake/navier-stokes/20260909/annular-first-derivative-energy-derived/nonlinear_modulated_N16_GR_sample16.npz,research-programme/reproducibility/20260909/source-intake/navier-stokes/20260909/annular-first-derivative-energy-derived/nonlinear_modulated_N16_GR_sample16.npz,28001,6a18a3a9b7bed8553fe759c25a90d434963f2cad5fb46ade0fd6ad6161e9db11,6a18a3a9b7bed8553fe759c25a90d434963f2cad5fb46ade0fd6ad6161e9db11,6a18a3a9b7bed8553fe759c25a90d434963f2cad5fb46ade0fd6ad6161e9db11,verified
input,source-intake/navier-stokes/20260909/annular-first-derivative-energy-derived/nonlinear_modulated_N16_GR_sample32.npz,research-programme/reproducibility/20260909/source-intake/navier-stokes/20260909/annular-first-derivative-energy-derived/nonlinear_modulated_N16_GR_sample32.npz,28040,a7a10f10c3bd85548c2289b4a206717642c1f513b63ccf3a34bcf4bc631fdfd9,a7a10f10c3bd85548c2289b4a206717642c1f513b63ccf3a34bcf4bc631fdfd9,a7a10f10c3bd85548c2289b4a206717642c1f513b63ccf3a34bcf4bc631fdfd9,verified
input,source-intake/navier-stokes/20260909/annular-first-derivative-energy-derived/nonlinear_modulated_N16_metric_Gram_sample0.npz,research-programme/reproducibility/20260909/source-intake/navier-stokes/20260909/annular-first-derivative-energy-derived/nonlinear_modulated_N16_metric_Gram_sample0.npz,27989,f19f37ef1afc0e1297d3672646b256573443f13cecd2e8981efb9f91080fd63f,f19f37ef1afc0e1297d3672646b256573443f13cecd2e8981efb9f91080fd63f,f19f37ef1afc0e1297d3672646b256573443f13cecd2e8981efb9f91080fd63f,verified
input,source-intake/navier-stokes/20260909/annular-first-derivative-energy-derived/nonlinear_modulated_N16_metric_Gram_sample16.npz,research-programme/reproducibility/20260909/source-intake/navier-stokes/20260909/annular-first-derivative-energy-derived/nonlinear_modulated_N16_metric_Gram_sample16.npz,28020,53d7accd9bc57c4cfe57072fde050183aacd4063efef883738919f3d912e1098,53d7accd9bc57c4cfe57072fde050183aacd4063efef883738919f3d912e1098,53d7accd9bc57c4cfe57072fde050183aacd4063efef883738919f3d912e1098,verified
input,source-intake/navier-stokes/20260909/annular-first-derivative-energy-derived/nonlinear_modulated_N16_metric_Gram_sample32.npz,research-programme/reproducibility/20260909/source-intake/navier-stokes/20260909/annular-first-derivative-energy-derived/nonlinear_modulated_N16_metric_Gram_sample32.npz,27990,8530ce69f7daad26ae36bdafbd81f71b78d06ca0792f8144ad683e6de2e987e9,8530ce69f7daad26ae36bdafbd81f71b78d06ca0792f8144ad683e6de2e987e9,8530ce69f7daad26ae36bdafbd81f71b78d06ca0792f8144ad683e6de2e987e9,verified
input,source-intake/navier-stokes/20260909/annular-first-derivative-energy-derived/nonlinear_modulated_N32_GR_sample0.npz,research-programme/reproducibility/20260909/source-intake/navier-stokes/20260909/annular-first-derivative-energy-derived/nonlinear_modulated_N32_GR_sample0.npz,48047,823e3984030941bce1560853ad3b69a3b78900c8adef0a7aacfafc14fc85495b,823e3984030941bce1560853ad3b69a3b78900c8adef0a7aacfafc14fc85495b,823e3984030941bce1560853ad3b69a3b78900c8adef0a7aacfafc14fc85495b,verified
input,source-intake/navier-stokes/20260909/annular-first-derivative-energy-derived/nonlinear_modulated_N32_GR_sample16.npz,research-programme/reproducibility/20260909/source-intake/navier-stokes/20260909/annular-first-derivative-energy-derived/nonlinear_modulated_N32_GR_sample16.npz,48050,ee2b729ce26caed518472e6743db16bf718ebc74276fd1770bb0da6bb08cff35,ee2b729ce26caed518472e6743db16bf718ebc74276fd1770bb0da6bb08cff35,ee2b729ce26caed518472e6743db16bf718ebc74276fd1770bb0da6bb08cff35,verified
input,source-intake/navier-stokes/20260909/annular-first-derivative-energy-derived/nonlinear_modulated_N32_GR_sample32.npz,research-programme/reproducibility/20260909/source-intake/navier-stokes/20260909/annular-first-derivative-energy-derived/nonlinear_modulated_N32_GR_sample32.npz,48213,f2e2365df86e60e3046e8014876db9cfd1663a9ac342b66621b775510c6c9a03,f2e2365df86e60e3046e8014876db9cfd1663a9ac342b66621b775510c6c9a03,f2e2365df86e60e3046e8014876db9cfd1663a9ac342b66621b775510c6c9a03,verified
input,source-intake/navier-stokes/20260909/annular-first-derivative-energy-derived/nonlinear_modulated_N32_metric_Gram_sample0.npz,research-programme/reproducibility/20260909/source-intake/navier-stokes/20260909/annular-first-derivative-energy-derived/nonlinear_modulated_N32_metric_Gram_sample0.npz,48062,baba92102775710237e81cb27aa18769cc6adce99bc7b68f913bf1a21a2e388d,baba92102775710237e81cb27aa18769cc6adce99bc7b68f913bf1a21a2e388d,baba92102775710237e81cb27aa18769cc6adce99bc7b68f913bf1a21a2e388d,verified
input,source-intake/navier-stokes/20260909/annular-first-derivative-energy-derived/nonlinear_modulated_N32_metric_Gram_sample16.npz,research-programme/reproducibility/20260909/source-intake/navier-stokes/20260909/annular-first-derivative-energy-derived/nonlinear_modulated_N32_metric_Gram_sample16.npz,48094,08d8dbf3713cff4661f09a8a0d6bfc2c5c7c6c05fbb0ee7b01b69ccbe70a0ef6,08d8dbf3713cff4661f09a8a0d6bfc2c5c7c6c05fbb0ee7b01b69ccbe70a0ef6,08d8dbf3713cff4661f09a8a0d6bfc2c5c7c6c05fbb0ee7b01b69ccbe70a0ef6,verified
input,source-intake/navier-stokes/20260909/annular-first-derivative-energy-derived/nonlinear_modulated_N32_metric_Gram_sample32.npz,research-programme/reproducibility/20260909/source-intake/navier-stokes/20260909/annular-first-derivative-energy-derived/nonlinear_modulated_N32_metric_Gram_sample32.npz,47962,a6ebfe1912b5b9e0f4d48aeadc4fe00bd8efa5a253af4e40530eab56f23980b2,a6ebfe1912b5b9e0f4d48aeadc4fe00bd8efa5a253af4e40530eab56f23980b2,a6ebfe1912b5b9e0f4d48aeadc4fe00bd8efa5a253af4e40530eab56f23980b2,verified
input,source-intake/navier-stokes/20260909/annular-first-derivative-energy-derived/nonlinear_modulated_N64_GR_sample0.npz,research-programme/reproducibility/20260909/source-intake/navier-stokes/20260909/annular-first-derivative-energy-derived/nonlinear_modulated_N64_GR_sample0.npz,98703,13503e81a81a4e129fb53f7a376cdd88c1bd2509be84012b87aa815c46abae7d,13503e81a81a4e129fb53f7a376cdd88c1bd2509be84012b87aa815c46abae7d,13503e81a81a4e129fb53f7a376cdd88c1bd2509be84012b87aa815c46abae7d,verified
input,source-intake/navier-stokes/20260909/annular-first-derivative-energy-derived/nonlinear_modulated_N64_GR_sample32.npz,research-programme/reproducibility/20260909/source-intake/navier-stokes/20260909/annular-first-derivative-energy-derived/nonlinear_modulated_N64_GR_sample32.npz,98545,2cb0ec269cdaf105556207e3f751442b4373db605945be87cea5656ad473e11a,2cb0ec269cdaf105556207e3f751442b4373db605945be87cea5656ad473e11a,2cb0ec269cdaf105556207e3f751442b4373db605945be87cea5656ad473e11a,verified
input,source-intake/navier-stokes/20260909/annular-first-derivative-energy-derived/nonlinear_modulated_N64_GR_sample64.npz,research-programme/reproducibility/20260909/source-intake/navier-stokes/20260909/annular-first-derivative-energy-derived/nonlinear_modulated_N64_GR_sample64.npz,98650,775105b4020ad12b53db371294ef9546b2be179aa4b0c9ca414e427bb7305f77,775105b4020ad12b53db371294ef9546b2be179aa4b0c9ca414e427bb7305f77,775105b4020ad12b53db371294ef9546b2be179aa4b0c9ca414e427bb7305f77,verified
input,source-intake/navier-stokes/20260909/annular-first-derivative-energy-derived/nonlinear_modulated_N64_metric_Gram_sample0.npz,research-programme/reproducibility/20260909/source-intake/navier-stokes/20260909/annular-first-derivative-energy-derived/nonlinear_modulated_N64_metric_Gram_sample0.npz,98660,e6f12387981337c69404a57b2b2ca6b49944ad78672f8f4e11149ea648f4c0be,e6f12387981337c69404a57b2b2ca6b49944ad78672f8f4e11149ea648f4c0be,e6f12387981337c69404a57b2b2ca6b49944ad78672f8f4e11149ea648f4c0be,verified
input,source-intake/navier-stokes/20260909/annular-first-derivative-energy-derived/nonlinear_modulated_N64_metric_Gram_sample32.npz,research-programme/reproducibility/20260909/source-intake/navier-stokes/20260909/annular-first-derivative-energy-derived/nonlinear_modulated_N64_metric_Gram_sample32.npz,98491,ddbf43ffec6a2090b67ceb8b82238eb82d0a01a5d1bbc26c0087082ff616c6c0,ddbf43ffec6a2090b67ceb8b82238eb82d0a01a5d1bbc26c0087082ff616c6c0,ddbf43ffec6a2090b67ceb8b82238eb82d0a01a5d1bbc26c0087082ff616c6c0,verified
input,source-intake/navier-stokes/20260909/annular-first-derivative-energy-derived/nonlinear_modulated_N64_metric_Gram_sample64.npz,research-programme/reproducibility/20260909/source-intake/navier-stokes/20260909/annular-first-derivative-energy-derived/nonlinear_modulated_N64_metric_Gram_sample64.npz,98448,071edd88abd29da4a6d4f1a6cb3187bcf8da61c62e4e9fc4d20465efd2a6bf55,071edd88abd29da4a6d4f1a6cb3187bcf8da61c62e4e9fc4d20465efd2a6bf55,071edd88abd29da4a6d4f1a6cb3187bcf8da61c62e4e9fc4d20465efd2a6bf55,verified
input,source-intake/navier-stokes/20260909/annular-boundary-adapted-energy-derived/status.json,research-programme/reproducibility/20260909/source-intake/navier-stokes/20260909/annular-boundary-adapted-energy-derived/status.json,345406,9b76aa0a4f6d7e1a329bce4e57980105e59a0d0610c35a5c4649062852f3212d,9b76aa0a4f6d7e1a329bce4e57980105e59a0d0610c35a5c4649062852f3212d,9b76aa0a4f6d7e1a329bce4e57980105e59a0d0610c35a5c4649062852f3212d,verified
input,source-intake/navier-stokes/20260909/annular-boundary-adapted-energy-derived/COMPLETE,research-programme/reproducibility/20260909/source-intake/navier-stokes/20260909/annular-boundary-adapted-energy-derived/COMPLETE,34,64cad91aae79f44876ecc765c03a26efa340f0bf6187368c504f84065306cc6c,64cad91aae79f44876ecc765c03a26efa340f0bf6187368c504f84065306cc6c,64cad91aae79f44876ecc765c03a26efa340f0bf6187368c504f84065306cc6c,verified
input,source-intake/navier-stokes/20260909/annular-boundary-adapted-energy-derived/executed-script.py,research-programme/reproducibility/20260909/source-intake/navier-stokes/20260909/annular-boundary-adapted-energy-derived/executed-script.py,14577,d1e574dc95b425bdd078baac02acf71ec8e0b4044d5dc5955409277d31efb055,d1e574dc95b425bdd078baac02acf71ec8e0b4044d5dc5955409277d31efb055,d1e574dc95b425bdd078baac02acf71ec8e0b4044d5dc5955409277d31efb055,verified
input,DERIVATION-20260909-first-derivative-graph-energy-and-boundary-forcing.md,research-programme/reproducibility/20260909/DERIVATION-20260909-first-derivative-graph-energy-and-boundary-forcing.md,14482,9aaf114553f60dfef42abc0bcab750b7211cdb189bde364c425c2b0f4675373a,9aaf114553f60dfef42abc0bcab750b7211cdb189bde364c425c2b0f4675373a,9aaf114553f60dfef42abc0bcab750b7211cdb189bde364c425c2b0f4675373a,verified
input,source-intake/navier-stokes/20260909/annular-first-derivative-energy-final-integrity.json,research-programme/reproducibility/20260909/source-intake/navier-stokes/20260909/annular-first-derivative-energy-final-integrity.json,251037,7a679abf94d74915f5f14601071d322b988aaf8c48cf59fb6d04f751b0bd4ed4,7a679abf94d74915f5f14601071d322b988aaf8c48cf59fb6d04f751b0bd4ed4,7a679abf94d74915f5f14601071d322b988aaf8c48cf59fb6d04f751b0bd4ed4,verified
input,scripts/annular_uniform_energy_bounds_20260909.py,research-programme/reproducibility/20260909/scripts/annular_uniform_energy_bounds_20260909.py,10779,1e0bf51f8aee8712533ff80e2c5ef6d0d4b18fc2dd6bb078909109e47b5af7e9,1e0bf51f8aee8712533ff80e2c5ef6d0d4b18fc2dd6bb078909109e47b5af7e9,1e0bf51f8aee8712533ff80e2c5ef6d0d4b18fc2dd6bb078909109e47b5af7e9,verified
input,scripts/derive_annular_uniform_energy_bounds_20260909.py,research-programme/reproducibility/20260909/scripts/derive_annular_uniform_energy_bounds_20260909.py,21741,1f6732be7ab3d05b704fc4695d52a928c45bd7db936a44f6e498a4a6fbd6cc22,1f6732be7ab3d05b704fc4695d52a928c45bd7db936a44f6e498a4a6fbd6cc22,1f6732be7ab3d05b704fc4695d52a928c45bd7db936a44f6e498a4a6fbd6cc22,verified
input,source-intake/navier-stokes/20260909/annular-boundary-adapted-energy-derived/canonical_N16_GR_sample0.npz,research-programme/reproducibility/20260909/source-intake/navier-stokes/20260909/annular-boundary-adapted-energy-derived/canonical_N16_GR_sample0.npz,10990,f4549a943a07ce26b5b14ab48ed1ed775285a8034c60020d5a2443162fa342ca,f4549a943a07ce26b5b14ab48ed1ed775285a8034c60020d5a2443162fa342ca,f4549a943a07ce26b5b14ab48ed1ed775285a8034c60020d5a2443162fa342ca,verified
input,source-intake/navier-stokes/20260909/annular-boundary-adapted-energy-derived/canonical_N16_GR_sample16.npz,research-programme/reproducibility/20260909/source-intake/navier-stokes/20260909/annular-boundary-adapted-energy-derived/canonical_N16_GR_sample16.npz,10997,9e36ce10bc8d1116dfa8cc5e374a691f59baea9707e940b3497e23188df63d4b,9e36ce10bc8d1116dfa8cc5e374a691f59baea9707e940b3497e23188df63d4b,9e36ce10bc8d1116dfa8cc5e374a691f59baea9707e940b3497e23188df63d4b,verified
input,source-intake/navier-stokes/20260909/annular-boundary-adapted-energy-derived/canonical_N16_GR_sample32.npz,research-programme/reproducibility/20260909/source-intake/navier-stokes/20260909/annular-boundary-adapted-energy-derived/canonical_N16_GR_sample32.npz,10980,0c969e500f70327f141b8524ceb937815b13bd579755b763b8b1b969aba3e83a,0c969e500f70327f141b8524ceb937815b13bd579755b763b8b1b969aba3e83a,0c969e500f70327f141b8524ceb937815b13bd579755b763b8b1b969aba3e83a,verified
input,source-intake/navier-stokes/20260909/annular-boundary-adapted-energy-derived/canonical_N16_metric_Gram_sample0.npz,research-programme/reproducibility/20260909/source-intake/navier-stokes/20260909/annular-boundary-adapted-energy-derived/canonical_N16_metric_Gram_sample0.npz,10943,e4a89759b5a3ca64a946d1672ad00ab847e0d2eefa27a0d75b88322c549db0ce,e4a89759b5a3ca64a946d1672ad00ab847e0d2eefa27a0d75b88322c549db0ce,e4a89759b5a3ca64a946d1672ad00ab847e0d2eefa27a0d75b88322c549db0ce,verified
input,source-intake/navier-stokes/20260909/annular-boundary-adapted-energy-derived/canonical_N16_metric_Gram_sample16.npz,research-programme/reproducibility/20260909/source-intake/navier-stokes/20260909/annular-boundary-adapted-energy-derived/canonical_N16_metric_Gram_sample16.npz,10965,9c29a0ceb5a5c49ffbcb2d774c365d6f5e6468b90987e3aad32dde42e7da10ee,9c29a0ceb5a5c49ffbcb2d774c365d6f5e6468b90987e3aad32dde42e7da10ee,9c29a0ceb5a5c49ffbcb2d774c365d6f5e6468b90987e3aad32dde42e7da10ee,verified
input,source-intake/navier-stokes/20260909/annular-boundary-adapted-energy-derived/canonical_N16_metric_Gram_sample32.npz,research-programme/reproducibility/20260909/source-intake/navier-stokes/20260909/annular-boundary-adapted-energy-derived/canonical_N16_metric_Gram_sample32.npz,10932,e7ac578d91df5e09f798f779053008a6faec50ef22677c2d7c211e642535d053,e7ac578d91df5e09f798f779053008a6faec50ef22677c2d7c211e642535d053,e7ac578d91df5e09f798f779053008a6faec50ef22677c2d7c211e642535d053,verified
input,source-intake/navier-stokes/20260909/annular-boundary-adapted-energy-derived/canonical_N32_GR_sample0.npz,research-programme/reproducibility/20260909/source-intake/navier-stokes/20260909/annular-boundary-adapted-energy-derived/canonical_N32_GR_sample0.npz,16481,943407e4a6ef8f8f5f6e58e2d0080e7646402c58d9cfc3d862759921501bde13,943407e4a6ef8f8f5f6e58e2d0080e7646402c58d9cfc3d862759921501bde13,943407e4a6ef8f8f5f6e58e2d0080e7646402c58d9cfc3d862759921501bde13,verified
input,source-intake/navier-stokes/20260909/annular-boundary-adapted-energy-derived/canonical_N32_GR_sample16.npz,research-programme/reproducibility/20260909/source-intake/navier-stokes/20260909/annular-boundary-adapted-energy-derived/canonical_N32_GR_sample16.npz,16454,973fba4135224196b746aa18b18a851050c1aac3b241720a2aace64cee37e14f,973fba4135224196b746aa18b18a851050c1aac3b241720a2aace64cee37e14f,973fba4135224196b746aa18b18a851050c1aac3b241720a2aace64cee37e14f,verified
input,source-intake/navier-stokes/20260909/annular-boundary-adapted-energy-derived/canonical_N32_GR_sample32.npz,research-programme/reproducibility/20260909/source-intake/navier-stokes/20260909/annular-boundary-adapted-energy-derived/canonical_N32_GR_sample32.npz,16532,4667d0af35ee735328c74eb1045c8e0ec637a9ab6d7bd2a7314ee6e77a229470,4667d0af35ee735328c74eb1045c8e0ec637a9ab6d7bd2a7314ee6e77a229470,4667d0af35ee735328c74eb1045c8e0ec637a9ab6d7bd2a7314ee6e77a229470,verified
input,source-intake/navier-stokes/20260909/annular-boundary-adapted-energy-derived/canonical_N32_metric_Gram_sample0.npz,research-programme/reproducibility/20260909/source-intake/navier-stokes/20260909/annular-boundary-adapted-energy-derived/canonical_N32_metric_Gram_sample0.npz,16568,50d91712fb54aff09b8c8f97fabd2a88a00d56ee407af93fe3ef1c3a2a39966c,50d91712fb54aff09b8c8f97fabd2a88a00d56ee407af93fe3ef1c3a2a39966c,50d91712fb54aff09b8c8f97fabd2a88a00d56ee407af93fe3ef1c3a2a39966c,verified
input,source-intake/navier-stokes/20260909/annular-boundary-adapted-energy-derived/canonical_N32_metric_Gram_sample16.npz,research-programme/reproducibility/20260909/source-intake/navier-stokes/20260909/annular-boundary-adapted-energy-derived/canonical_N32_metric_Gram_sample16.npz,16591,e62a5281fb260c6c69e428f02ec3506d61a42c9bcd0ac5c6f053a14dcf085d16,e62a5281fb260c6c69e428f02ec3506d61a42c9bcd0ac5c6f053a14dcf085d16,e62a5281fb260c6c69e428f02ec3506d61a42c9bcd0ac5c6f053a14dcf085d16,verified
input,source-intake/navier-stokes/20260909/annular-boundary-adapted-energy-derived/canonical_N32_metric_Gram_sample32.npz,research-programme/reproducibility/20260909/source-intake/navier-stokes/20260909/annular-boundary-adapted-energy-derived/canonical_N32_metric_Gram_sample32.npz,16560,1680dd8a643f8a5828a9721099826fa5a0627b36f9798ee782c6f1f1655c881e,1680dd8a643f8a5828a9721099826fa5a0627b36f9798ee782c6f1f1655c881e,1680dd8a643f8a5828a9721099826fa5a0627b36f9798ee782c6f1f1655c881e,verified
input,source-intake/navier-stokes/20260909/annular-boundary-adapted-energy-derived/canonical_N64_GR_sample0.npz,research-programme/reproducibility/20260909/source-intake/navier-stokes/20260909/annular-boundary-adapted-energy-derived/canonical_N64_GR_sample0.npz,29350,b527b13833e482d610b929ba0dbd51aeafa6090f32a5d72f070cb2489efc7ff5,b527b13833e482d610b929ba0dbd51aeafa6090f32a5d72f070cb2489efc7ff5,b527b13833e482d610b929ba0dbd51aeafa6090f32a5d72f070cb2489efc7ff5,verified
input,source-intake/navier-stokes/20260909/annular-boundary-adapted-energy-derived/canonical_N64_GR_sample32.npz,research-programme/reproducibility/20260909/source-intake/navier-stokes/20260909/annular-boundary-adapted-energy-derived/canonical_N64_GR_sample32.npz,29275,a4e5767e8602c71bfbaa57461cdf0de55306ccd4ef3e51eae34e5ed33be6a265,a4e5767e8602c71bfbaa57461cdf0de55306ccd4ef3e51eae34e5ed33be6a265,a4e5767e8602c71bfbaa57461cdf0de55306ccd4ef3e51eae34e5ed33be6a265,verified
input,source-intake/navier-stokes/20260909/annular-boundary-adapted-energy-derived/canonical_N64_GR_sample64.npz,research-programme/reproducibility/20260909/source-intake/navier-stokes/20260909/annular-boundary-adapted-energy-derived/canonical_N64_GR_sample64.npz,29297,12a64cd12adf8b92ab99d8668a15ce5e99c504972c3132953fad31bab04ebd7d,12a64cd12adf8b92ab99d8668a15ce5e99c504972c3132953fad31bab04ebd7d,12a64cd12adf8b92ab99d8668a15ce5e99c504972c3132953fad31bab04ebd7d,verified
input,source-intake/navier-stokes/20260909/annular-boundary-adapted-energy-derived/canonical_N64_metric_Gram_sample0.npz,research-programme/reproducibility/20260909/source-intake/navier-stokes/20260909/annular-boundary-adapted-energy-derived/canonical_N64_metric_Gram_sample0.npz,29445,54fa2a0fe31805816b2f0a318f19439093ef85739a26bc65b0088fc1aa7d613a,54fa2a0fe31805816b2f0a318f19439093ef85739a26bc65b0088fc1aa7d613a,54fa2a0fe31805816b2f0a318f19439093ef85739a26bc65b0088fc1aa7d613a,verified
input,source-intake/navier-stokes/20260909/annular-boundary-adapted-energy-derived/canonical_N64_metric_Gram_sample32.npz,research-programme/reproducibility/20260909/source-intake/navier-stokes/20260909/annular-boundary-adapted-energy-derived/canonical_N64_metric_Gram_sample32.npz,29375,1202f94e66f06409ec2a17982c78d5f6d0d44cd0e7d5c77f4d6e71cfefbd8e61,1202f94e66f06409ec2a17982c78d5f6d0d44cd0e7d5c77f4d6e71cfefbd8e61,1202f94e66f06409ec2a17982c78d5f6d0d44cd0e7d5c77f4d6e71cfefbd8e61,verified
input,source-intake/navier-stokes/20260909/annular-boundary-adapted-energy-derived/canonical_N64_metric_Gram_sample64.npz,research-programme/reproducibility/20260909/source-intake/navier-stokes/20260909/annular-boundary-adapted-energy-derived/canonical_N64_metric_Gram_sample64.npz,29333,43f56841b5eb123dd2e2d88a4070a44c01a55891a0c97e5b24bd9a8d910ec7c4,43f56841b5eb123dd2e2d88a4070a44c01a55891a0c97e5b24bd9a8d910ec7c4,43f56841b5eb123dd2e2d88a4070a44c01a55891a0c97e5b24bd9a8d910ec7c4,verified
input,source-intake/navier-stokes/20260909/annular-uniform-energy-bounds-derived/status.json,research-programme/reproducibility/20260909/source-intake/navier-stokes/20260909/annular-uniform-energy-bounds-derived/status.json,443437,698e358292f638db234840390ab332fcd281b8c4c756d2c6f7a00cb77206eab5,698e358292f638db234840390ab332fcd281b8c4c756d2c6f7a00cb77206eab5,698e358292f638db234840390ab332fcd281b8c4c756d2c6f7a00cb77206eab5,verified
input,source-intake/navier-stokes/20260909/annular-uniform-energy-bounds-derived/COMPLETE,research-programme/reproducibility/20260909/source-intake/navier-stokes/20260909/annular-uniform-energy-bounds-derived/COMPLETE,34,23896687496af2398845aa65baf4fa70afe3a459671476a7a6b1db6b3bb21dea,23896687496af2398845aa65baf4fa70afe3a459671476a7a6b1db6b3bb21dea,23896687496af2398845aa65baf4fa70afe3a459671476a7a6b1db6b3bb21dea,verified
input,source-intake/navier-stokes/20260909/annular-uniform-energy-bounds-derived/executed-script.py,research-programme/reproducibility/20260909/source-intake/navier-stokes/20260909/annular-uniform-energy-bounds-derived/executed-script.py,21741,1f6732be7ab3d05b704fc4695d52a928c45bd7db936a44f6e498a4a6fbd6cc22,1f6732be7ab3d05b704fc4695d52a928c45bd7db936a44f6e498a4a6fbd6cc22,1f6732be7ab3d05b704fc4695d52a928c45bd7db936a44f6e498a4a6fbd6cc22,verified
input,DERIVATION-20260909-mesh-uniform-coefficient-and-boundary-source-bounds.md,research-programme/reproducibility/20260909/DERIVATION-20260909-mesh-uniform-coefficient-and-boundary-source-bounds.md,17867,01d9f7efd8b0ecb14e91706ad683bc0eefd3dca27d683c72923d99d15f5a7652,01d9f7efd8b0ecb14e91706ad683bc0eefd3dca27d683c72923d99d15f5a7652,01d9f7efd8b0ecb14e91706ad683bc0eefd3dca27d683c72923d99d15f5a7652,verified
input,source-intake/navier-stokes/20260909/annular-uniform-energy-bounds-final-integrity.json,research-programme/reproducibility/20260909/source-intake/navier-stokes/20260909/annular-uniform-energy-bounds-final-integrity.json,259225,6b821dfeaff9a319797ff4ba1f4f412e459dcebb52692fae6d52db814e25347e,6b821dfeaff9a319797ff4ba1f4f412e459dcebb52692fae6d52db814e25347e,6b821dfeaff9a319797ff4ba1f4f412e459dcebb52692fae6d52db814e25347e,verified
input,scripts/annular_metric_flux_jets_20260909.py,research-programme/reproducibility/20260909/scripts/annular_metric_flux_jets_20260909.py,13746,a1c5e3db71e68ebdd69259d47e50bd1d9cecbba51034a55d5c791ad09bada3a0,a1c5e3db71e68ebdd69259d47e50bd1d9cecbba51034a55d5c791ad09bada3a0,a1c5e3db71e68ebdd69259d47e50bd1d9cecbba51034a55d5c791ad09bada3a0,verified
input,scripts/derive_annular_metric_flux_jets_20260909.py,research-programme/reproducibility/20260909/scripts/derive_annular_metric_flux_jets_20260909.py,20419,e9ab55ddee41175b8674ddcd8a437d57f003be8559061b966c91cf053fc3e854,e9ab55ddee41175b8674ddcd8a437d57f003be8559061b966c91cf053fc3e854,e9ab55ddee41175b8674ddcd8a437d57f003be8559061b966c91cf053fc3e854,verified
input,source-intake/navier-stokes/20260909/annular-uniform-energy-bounds-derived/canonical_N16_GR_sample0.npz,research-programme/reproducibility/20260909/source-intake/navier-stokes/20260909/annular-uniform-energy-bounds-derived/canonical_N16_GR_sample0.npz,3009,b0a24dccfe250635ee23a20b5a49b2ed2a160a1dd9aeb93e06053b7b1bf73f1d,b0a24dccfe250635ee23a20b5a49b2ed2a160a1dd9aeb93e06053b7b1bf73f1d,b0a24dccfe250635ee23a20b5a49b2ed2a160a1dd9aeb93e06053b7b1bf73f1d,verified
input,source-intake/navier-stokes/20260909/annular-uniform-energy-bounds-derived/canonical_N16_GR_sample16.npz,research-programme/reproducibility/20260909/source-intake/navier-stokes/20260909/annular-uniform-energy-bounds-derived/canonical_N16_GR_sample16.npz,3028,3acbf0ca2173876e21160eeb169c5c5fcb17d83a19d819b83f3b1b0e69ab6c4a,3acbf0ca2173876e21160eeb169c5c5fcb17d83a19d819b83f3b1b0e69ab6c4a,3acbf0ca2173876e21160eeb169c5c5fcb17d83a19d819b83f3b1b0e69ab6c4a,verified
input,source-intake/navier-stokes/20260909/annular-uniform-energy-bounds-derived/canonical_N16_GR_sample32.npz,research-programme/reproducibility/20260909/source-intake/navier-stokes/20260909/annular-uniform-energy-bounds-derived/canonical_N16_GR_sample32.npz,3021,76017ac3a0a44b26e8406833e575bea538885293139e2d7cef60aa0e80633d4b,76017ac3a0a44b26e8406833e575bea538885293139e2d7cef60aa0e80633d4b,76017ac3a0a44b26e8406833e575bea538885293139e2d7cef60aa0e80633d4b,verified
input,source-intake/navier-stokes/20260909/annular-uniform-energy-bounds-derived/canonical_N16_metric_Gram_sample0.npz,research-programme/reproducibility/20260909/source-intake/navier-stokes/20260909/annular-uniform-energy-bounds-derived/canonical_N16_metric_Gram_sample0.npz,3029,eeffe21c117922897a89071614d7f402e8aae9dd0bbbd5940a9645f4eab2c18e,eeffe21c117922897a89071614d7f402e8aae9dd0bbbd5940a9645f4eab2c18e,eeffe21c117922897a89071614d7f402e8aae9dd0bbbd5940a9645f4eab2c18e,verified
input,source-intake/navier-stokes/20260909/annular-uniform-energy-bounds-derived/canonical_N16_metric_Gram_sample16.npz,research-programme/reproducibility/20260909/source-intake/navier-stokes/20260909/annular-uniform-energy-bounds-derived/canonical_N16_metric_Gram_sample16.npz,3026,1f990aaf905ac21eb0101a01e31ecb36d2b6f294914f0844dab5d28d91740e74,1f990aaf905ac21eb0101a01e31ecb36d2b6f294914f0844dab5d28d91740e74,1f990aaf905ac21eb0101a01e31ecb36d2b6f294914f0844dab5d28d91740e74,verified
input,source-intake/navier-stokes/20260909/annular-uniform-energy-bounds-derived/canonical_N16_metric_Gram_sample32.npz,research-programme/reproducibility/20260909/source-intake/navier-stokes/20260909/annular-uniform-energy-bounds-derived/canonical_N16_metric_Gram_sample32.npz,3040,afff3b6b8ca88ad677aa336b11ac454f5b43a366a0ed347a98f8e672ec13de2d,afff3b6b8ca88ad677aa336b11ac454f5b43a366a0ed347a98f8e672ec13de2d,afff3b6b8ca88ad677aa336b11ac454f5b43a366a0ed347a98f8e672ec13de2d,verified
input,source-intake/navier-stokes/20260909/annular-uniform-energy-bounds-derived/canonical_N32_GR_sample0.npz,research-programme/reproducibility/20260909/source-intake/navier-stokes/20260909/annular-uniform-energy-bounds-derived/canonical_N32_GR_sample0.npz,4663,c6551a347632bb7d9e6dd906e8799a5390a2ef4109e19335e08e823fe3b7e983,c6551a347632bb7d9e6dd906e8799a5390a2ef4109e19335e08e823fe3b7e983,c6551a347632bb7d9e6dd906e8799a5390a2ef4109e19335e08e823fe3b7e983,verified
input,source-intake/navier-stokes/20260909/annular-uniform-energy-bounds-derived/canonical_N32_GR_sample16.npz,research-programme/reproducibility/20260909/source-intake/navier-stokes/20260909/annular-uniform-energy-bounds-derived/canonical_N32_GR_sample16.npz,4716,2f67011e471fcd59edf1bb9744a5d282946c857dbfccfc4842906e87c92f30fb,2f67011e471fcd59edf1bb9744a5d282946c857dbfccfc4842906e87c92f30fb,2f67011e471fcd59edf1bb9744a5d282946c857dbfccfc4842906e87c92f30fb,verified
input,source-intake/navier-stokes/20260909/annular-uniform-energy-bounds-derived/canonical_N32_GR_sample32.npz,research-programme/reproducibility/20260909/source-intake/navier-stokes/20260909/annular-uniform-energy-bounds-derived/canonical_N32_GR_sample32.npz,4722,ab4711928a17e67af6b31f4af4da8c39b36a3c9fdbe02153694ad3202da92994,ab4711928a17e67af6b31f4af4da8c39b36a3c9fdbe02153694ad3202da92994,ab4711928a17e67af6b31f4af4da8c39b36a3c9fdbe02153694ad3202da92994,verified
input,source-intake/navier-stokes/20260909/annular-uniform-energy-bounds-derived/canonical_N32_metric_Gram_sample0.npz,research-programme/reproducibility/20260909/source-intake/navier-stokes/20260909/annular-uniform-energy-bounds-derived/canonical_N32_metric_Gram_sample0.npz,4752,ebdb0e68670ce778a6b2a9180eec04b9757a5f5e38cb91f871e5a08690d658e3,ebdb0e68670ce778a6b2a9180eec04b9757a5f5e38cb91f871e5a08690d658e3,ebdb0e68670ce778a6b2a9180eec04b9757a5f5e38cb91f871e5a08690d658e3,verified
input,source-intake/navier-stokes/20260909/annular-uniform-energy-bounds-derived/canonical_N32_metric_Gram_sample16.npz,research-programme/reproducibility/20260909/source-intake/navier-stokes/20260909/annular-uniform-energy-bounds-derived/canonical_N32_metric_Gram_sample16.npz,4765,c7943fe13494dc653a2010a4907a5b5c29003550d03735f33529ed8e68347497,c7943fe13494dc653a2010a4907a5b5c29003550d03735f33529ed8e68347497,c7943fe13494dc653a2010a4907a5b5c29003550d03735f33529ed8e68347497,verified
input,source-intake/navier-stokes/20260909/annular-uniform-energy-bounds-derived/canonical_N32_metric_Gram_sample32.npz,research-programme/reproducibility/20260909/source-intake/navier-stokes/20260909/annular-uniform-energy-bounds-derived/canonical_N32_metric_Gram_sample32.npz,4757,6945e775e09885ad1c32483b942ef5389d3ad11685a8966ab405247519869c23,6945e775e09885ad1c32483b942ef5389d3ad11685a8966ab405247519869c23,6945e775e09885ad1c32483b942ef5389d3ad11685a8966ab405247519869c23,verified
input,source-intake/navier-stokes/20260909/annular-uniform-energy-bounds-derived/canonical_N64_GR_sample0.npz,research-programme/reproducibility/20260909/source-intake/navier-stokes/20260909/annular-uniform-energy-bounds-derived/canonical_N64_GR_sample0.npz,7839,66f434fe4eaf8c9e3e48008fd64ba8e64745f00ca9d3320dfaa8fd456ac5da41,66f434fe4eaf8c9e3e48008fd64ba8e64745f00ca9d3320dfaa8fd456ac5da41,66f434fe4eaf8c9e3e48008fd64ba8e64745f00ca9d3320dfaa8fd456ac5da41,verified
input,source-intake/navier-stokes/20260909/annular-uniform-energy-bounds-derived/canonical_N64_GR_sample32.npz,research-programme/reproducibility/20260909/source-intake/navier-stokes/20260909/annular-uniform-energy-bounds-derived/canonical_N64_GR_sample32.npz,7967,76069f89b15dcdb4204e48ab44334647abb0d832cadbffbb6dbabf882f87c6ab,76069f89b15dcdb4204e48ab44334647abb0d832cadbffbb6dbabf882f87c6ab,76069f89b15dcdb4204e48ab44334647abb0d832cadbffbb6dbabf882f87c6ab,verified
input,source-intake/navier-stokes/20260909/annular-uniform-energy-bounds-derived/canonical_N64_GR_sample64.npz,research-programme/reproducibility/20260909/source-intake/navier-stokes/20260909/annular-uniform-energy-bounds-derived/canonical_N64_GR_sample64.npz,7942,19081455e0fce9d7c315eed0137550c6dfae92bd31b349a654b921e214cfa948,19081455e0fce9d7c315eed0137550c6dfae92bd31b349a654b921e214cfa948,19081455e0fce9d7c315eed0137550c6dfae92bd31b349a654b921e214cfa948,verified
input,source-intake/navier-stokes/20260909/annular-uniform-energy-bounds-derived/canonical_N64_metric_Gram_sample0.npz,research-programme/reproducibility/20260909/source-intake/navier-stokes/20260909/annular-uniform-energy-bounds-derived/canonical_N64_metric_Gram_sample0.npz,8066,560fefb312141a037c374297a36dbc88b8d1c96d70b6d68aa496f84b2c6aab6f,560fefb312141a037c374297a36dbc88b8d1c96d70b6d68aa496f84b2c6aab6f,560fefb312141a037c374297a36dbc88b8d1c96d70b6d68aa496f84b2c6aab6f,verified
input,source-intake/navier-stokes/20260909/annular-uniform-energy-bounds-derived/canonical_N64_metric_Gram_sample32.npz,research-programme/reproducibility/20260909/source-intake/navier-stokes/20260909/annular-uniform-energy-bounds-derived/canonical_N64_metric_Gram_sample32.npz,8073,b0882507ebf161995857e47f4b9afe2fa8f217f5dd52c4bc2978534eb58f29eb,b0882507ebf161995857e47f4b9afe2fa8f217f5dd52c4bc2978534eb58f29eb,b0882507ebf161995857e47f4b9afe2fa8f217f5dd52c4bc2978534eb58f29eb,verified
input,source-intake/navier-stokes/20260909/annular-uniform-energy-bounds-derived/canonical_N64_metric_Gram_sample64.npz,research-programme/reproducibility/20260909/source-intake/navier-stokes/20260909/annular-uniform-energy-bounds-derived/canonical_N64_metric_Gram_sample64.npz,8086,d36867db279e928595d66ec759a8cfe5508327b303e7820dd8b4ea1c341ab304,d36867db279e928595d66ec759a8cfe5508327b303e7820dd8b4ea1c341ab304,d36867db279e928595d66ec759a8cfe5508327b303e7820dd8b4ea1c341ab304,verified
input,source-intake/navier-stokes/20260909/annular-metric-flux-jets-derived/status.json,research-programme/reproducibility/20260909/source-intake/navier-stokes/20260909/annular-metric-flux-jets-derived/status.json,340084,ad480a5f2e7c2bbfaad2f480fd2e6457e281ab1ac172235013bfde96058cbfe8,ad480a5f2e7c2bbfaad2f480fd2e6457e281ab1ac172235013bfde96058cbfe8,ad480a5f2e7c2bbfaad2f480fd2e6457e281ab1ac172235013bfde96058cbfe8,verified
input,source-intake/navier-stokes/20260909/annular-metric-flux-jets-derived/COMPLETE,research-programme/reproducibility/20260909/source-intake/navier-stokes/20260909/annular-metric-flux-jets-derived/COMPLETE,34,d6989a198e31c1d0f18298d52ce9251c17f43c1005d87ac38f94dac64c4a0de5,d6989a198e31c1d0f18298d52ce9251c17f43c1005d87ac38f94dac64c4a0de5,d6989a198e31c1d0f18298d52ce9251c17f43c1005d87ac38f94dac64c4a0de5,verified
input,source-intake/navier-stokes/20260909/annular-metric-flux-jets-derived/executed-script.py,research-programme/reproducibility/20260909/source-intake/navier-stokes/20260909/annular-metric-flux-jets-derived/executed-script.py,20419,e9ab55ddee41175b8674ddcd8a437d57f003be8559061b966c91cf053fc3e854,e9ab55ddee41175b8674ddcd8a437d57f003be8559061b966c91cf053fc3e854,e9ab55ddee41175b8674ddcd8a437d57f003be8559061b966c91cf053fc3e854,verified
input,scripts/derive_annular_radial_metric_bootstrap_20260909.py,research-programme/reproducibility/20260909/scripts/derive_annular_radial_metric_bootstrap_20260909.py,13814,32150ac135db0ba3b3873dc79801cc4c6e91a91e7f8f025c1f8f665952cd4d0a,32150ac135db0ba3b3873dc79801cc4c6e91a91e7f8f025c1f8f665952cd4d0a,32150ac135db0ba3b3873dc79801cc4c6e91a91e7f8f025c1f8f665952cd4d0a,verified
input,source-intake/navier-stokes/20260909/annular-radial-metric-bootstrap-derived/executed-script.py,research-programme/reproducibility/20260909/source-intake/navier-stokes/20260909/annular-radial-metric-bootstrap-derived/executed-script.py,13680,54796e70df877c4353b396423723820bec43bd86d54dd67a7f77c944579e5e5c,54796e70df877c4353b396423723820bec43bd86d54dd67a7f77c944579e5e5c,54796e70df877c4353b396423723820bec43bd86d54dd67a7f77c944579e5e5c,verified
input,source-intake/navier-stokes/20260909/annular-radial-metric-bootstrap-derived/FAILED.txt,research-programme/reproducibility/20260909/source-intake/navier-stokes/20260909/annular-radial-metric-bootstrap-derived/FAILED.txt,451,c8c646675fb59393e23c928130a38d2559e31413bc510e4ad9b16c3108ada846,c8c646675fb59393e23c928130a38d2559e31413bc510e4ad9b16c3108ada846,c8c646675fb59393e23c928130a38d2559e31413bc510e4ad9b16c3108ada846,verified
input,source-intake/navier-stokes/20260909/annular-radial-metric-bootstrap-derived-v2/status.json,research-programme/reproducibility/20260909/source-intake/navier-stokes/20260909/annular-radial-metric-bootstrap-derived-v2/status.json,309200,a330c32333299480cc1959ca47e39fad6e24988decd25b249370ab301602d30f,a330c32333299480cc1959ca47e39fad6e24988decd25b249370ab301602d30f,a330c32333299480cc1959ca47e39fad6e24988decd25b249370ab301602d30f,verified
input,source-intake/navier-stokes/20260909/annular-radial-metric-bootstrap-derived-v2/COMPLETE,research-programme/reproducibility/20260909/source-intake/navier-stokes/20260909/annular-radial-metric-bootstrap-derived-v2/COMPLETE,34,1911a258d263b5a1c42543539db410dbf2ccde8ae90bb091c439b669e4918b16,1911a258d263b5a1c42543539db410dbf2ccde8ae90bb091c439b669e4918b16,1911a258d263b5a1c42543539db410dbf2ccde8ae90bb091c439b669e4918b16,verified
input,source-intake/navier-stokes/20260909/annular-radial-metric-bootstrap-derived-v2/executed-script.py,research-programme/reproducibility/20260909/source-intake/navier-stokes/20260909/annular-radial-metric-bootstrap-derived-v2/executed-script.py,13814,32150ac135db0ba3b3873dc79801cc4c6e91a91e7f8f025c1f8f665952cd4d0a,32150ac135db0ba3b3873dc79801cc4c6e91a91e7f8f025c1f8f665952cd4d0a,32150ac135db0ba3b3873dc79801cc4c6e91a91e7f8f025c1f8f665952cd4d0a,verified
input,DERIVATION-20260909-metric-flux-cancellation-and-exact-constraint-jets.md,research-programme/reproducibility/20260909/DERIVATION-20260909-metric-flux-cancellation-and-exact-constraint-jets.md,17538,b11d289a2cf0f44df6bd76aa8155716267ed4f7631d1f4c6c7bd8a5a49eada13,b11d289a2cf0f44df6bd76aa8155716267ed4f7631d1f4c6c7bd8a5a49eada13,b11d289a2cf0f44df6bd76aa8155716267ed4f7631d1f4c6c7bd8a5a49eada13,verified
input,source-intake/navier-stokes/20260909/annular-coupled-metric-bootstrap-final-integrity.json,research-programme/reproducibility/20260909/source-intake/navier-stokes/20260909/annular-coupled-metric-bootstrap-final-integrity.json,268021,ab200f099b9ece4c64db1d4b1cba8307a9227f5e16cd85e39a8605e6fbfd539c,ab200f099b9ece4c64db1d4b1cba8307a9227f5e16cd85e39a8605e6fbfd539c,ab200f099b9ece4c64db1d4b1cba8307a9227f5e16cd85e39a8605e6fbfd539c,verified
input,scripts/annular_metric_schur_bound_20260909.py,research-programme/reproducibility/20260909/scripts/annular_metric_schur_bound_20260909.py,13794,396eb940bdd01bfeaa1ff49827705f68d17847240d2e9e2d6b835c89d1d6c07a,396eb940bdd01bfeaa1ff49827705f68d17847240d2e9e2d6b835c89d1d6c07a,396eb940bdd01bfeaa1ff49827705f68d17847240d2e9e2d6b835c89d1d6c07a,verified
input,scripts/derive_annular_metric_schur_bound_20260909.py,research-programme/reproducibility/20260909/scripts/derive_annular_metric_schur_bound_20260909.py,19788,69e2e212f2c4ef7176b4fbfac340d823b8635db64cee4f31a15ea1383d24096b,69e2e212f2c4ef7176b4fbfac340d823b8635db64cee4f31a15ea1383d24096b,69e2e212f2c4ef7176b4fbfac340d823b8635db64cee4f31a15ea1383d24096b,verified
input,source-intake/navier-stokes/20260909/annular-metric-flux-jets-derived/canonical_N16_GR_sample0.npz,research-programme/reproducibility/20260909/source-intake/navier-stokes/20260909/annular-metric-flux-jets-derived/canonical_N16_GR_sample0.npz,40589,67ef4014f70b979b0d91caba8f6668a7c41bafa7f82545564bcc07a0206229e5,67ef4014f70b979b0d91caba8f6668a7c41bafa7f82545564bcc07a0206229e5,67ef4014f70b979b0d91caba8f6668a7c41bafa7f82545564bcc07a0206229e5,verified
input,source-intake/navier-stokes/20260909/annular-metric-flux-jets-derived/canonical_N16_GR_sample16.npz,research-programme/reproducibility/20260909/source-intake/navier-stokes/20260909/annular-metric-flux-jets-derived/canonical_N16_GR_sample16.npz,40638,41592e29f82ae78a914906c491c22b4a810c7a7bee607494ffff5ea58cbe1620,41592e29f82ae78a914906c491c22b4a810c7a7bee607494ffff5ea58cbe1620,41592e29f82ae78a914906c491c22b4a810c7a7bee607494ffff5ea58cbe1620,verified
input,source-intake/navier-stokes/20260909/annular-metric-flux-jets-derived/canonical_N16_GR_sample32.npz,research-programme/reproducibility/20260909/source-intake/navier-stokes/20260909/annular-metric-flux-jets-derived/canonical_N16_GR_sample32.npz,40636,d5995fe94fcbd42149b67bb6568ac8abfaf3d4f7437daf5e7695513a85bb39c9,d5995fe94fcbd42149b67bb6568ac8abfaf3d4f7437daf5e7695513a85bb39c9,d5995fe94fcbd42149b67bb6568ac8abfaf3d4f7437daf5e7695513a85bb39c9,verified
input,source-intake/navier-stokes/20260909/annular-metric-flux-jets-derived/canonical_N16_metric_Gram_sample0.npz,research-programme/reproducibility/20260909/source-intake/navier-stokes/20260909/annular-metric-flux-jets-derived/canonical_N16_metric_Gram_sample0.npz,40999,cdc32899a2ce8925b392395e0dc01a8cab718d177678e34a0c94b2320c546877,cdc32899a2ce8925b392395e0dc01a8cab718d177678e34a0c94b2320c546877,cdc32899a2ce8925b392395e0dc01a8cab718d177678e34a0c94b2320c546877,verified
input,source-intake/navier-stokes/20260909/annular-metric-flux-jets-derived/canonical_N16_metric_Gram_sample16.npz,research-programme/reproducibility/20260909/source-intake/navier-stokes/20260909/annular-metric-flux-jets-derived/canonical_N16_metric_Gram_sample16.npz,41094,c24268c59adcf854a180e6b03c2def73bc950d715ee28e139350cf783d1020d7,c24268c59adcf854a180e6b03c2def73bc950d715ee28e139350cf783d1020d7,c24268c59adcf854a180e6b03c2def73bc950d715ee28e139350cf783d1020d7,verified
input,source-intake/navier-stokes/20260909/annular-metric-flux-jets-derived/canonical_N16_metric_Gram_sample32.npz,research-programme/reproducibility/20260909/source-intake/navier-stokes/20260909/annular-metric-flux-jets-derived/canonical_N16_metric_Gram_sample32.npz,41105,6c710c9a5b0cf17af4e62fa17f725ddb393f49cdf01dbb3297f890dc0357fbec,6c710c9a5b0cf17af4e62fa17f725ddb393f49cdf01dbb3297f890dc0357fbec,6c710c9a5b0cf17af4e62fa17f725ddb393f49cdf01dbb3297f890dc0357fbec,verified
input,source-intake/navier-stokes/20260909/annular-metric-flux-jets-derived/canonical_N32_GR_sample0.npz,research-programme/reproducibility/20260909/source-intake/navier-stokes/20260909/annular-metric-flux-jets-derived/canonical_N32_GR_sample0.npz,68324,c82848f352e5dd0b669fcf1cc6be79deb88876858d2f50a07c644fe73517a973,c82848f352e5dd0b669fcf1cc6be79deb88876858d2f50a07c644fe73517a973,c82848f352e5dd0b669fcf1cc6be79deb88876858d2f50a07c644fe73517a973,verified
input,source-intake/navier-stokes/20260909/annular-metric-flux-jets-derived/canonical_N32_GR_sample16.npz,research-programme/reproducibility/20260909/source-intake/navier-stokes/20260909/annular-metric-flux-jets-derived/canonical_N32_GR_sample16.npz,68431,593832defc0ca1f6f2fb6a563cb2d0640d175e35958cff883e8eaaf761d68cb9,593832defc0ca1f6f2fb6a563cb2d0640d175e35958cff883e8eaaf761d68cb9,593832defc0ca1f6f2fb6a563cb2d0640d175e35958cff883e8eaaf761d68cb9,verified
input,source-intake/navier-stokes/20260909/annular-metric-flux-jets-derived/canonical_N32_GR_sample32.npz,research-programme/reproducibility/20260909/source-intake/navier-stokes/20260909/annular-metric-flux-jets-derived/canonical_N32_GR_sample32.npz,68396,4643e2378dc2ba089dad9f9e04a06c015104dcb2b3db88c7a5c3f780b9e333e5,4643e2378dc2ba089dad9f9e04a06c015104dcb2b3db88c7a5c3f780b9e333e5,4643e2378dc2ba089dad9f9e04a06c015104dcb2b3db88c7a5c3f780b9e333e5,verified
input,source-intake/navier-stokes/20260909/annular-metric-flux-jets-derived/canonical_N32_metric_Gram_sample0.npz,research-programme/reproducibility/20260909/source-intake/navier-stokes/20260909/annular-metric-flux-jets-derived/canonical_N32_metric_Gram_sample0.npz,69490,62fc7a47c27558622060c41fdffc9b37628e617586fb043a5c49155b602764c7,62fc7a47c27558622060c41fdffc9b37628e617586fb043a5c49155b602764c7,62fc7a47c27558622060c41fdffc9b37628e617586fb043a5c49155b602764c7,verified
input,source-intake/navier-stokes/20260909/annular-metric-flux-jets-derived/canonical_N32_metric_Gram_sample16.npz,research-programme/reproducibility/20260909/source-intake/navier-stokes/20260909/annular-metric-flux-jets-derived/canonical_N32_metric_Gram_sample16.npz,69542,56a05ff31fa310f6235924a986910941585fe428a52ba6c8dd86a12711feb79b,56a05ff31fa310f6235924a986910941585fe428a52ba6c8dd86a12711feb79b,56a05ff31fa310f6235924a986910941585fe428a52ba6c8dd86a12711feb79b,verified
input,source-intake/navier-stokes/20260909/annular-metric-flux-jets-derived/canonical_N32_metric_Gram_sample32.npz,research-programme/reproducibility/20260909/source-intake/navier-stokes/20260909/annular-metric-flux-jets-derived/canonical_N32_metric_Gram_sample32.npz,69543,653ad4a436c62edac7830d20c25c28b991d9e512cb24781d337313b62ac69f19,653ad4a436c62edac7830d20c25c28b991d9e512cb24781d337313b62ac69f19,653ad4a436c62edac7830d20c25c28b991d9e512cb24781d337313b62ac69f19,verified
input,source-intake/navier-stokes/20260909/annular-metric-flux-jets-derived/canonical_N64_GR_sample0.npz,research-programme/reproducibility/20260909/source-intake/navier-stokes/20260909/annular-metric-flux-jets-derived/canonical_N64_GR_sample0.npz,122679,b5f559816bfad752867c294b678db761508ab2f4d92bb8f53627456901f013dc,b5f559816bfad752867c294b678db761508ab2f4d92bb8f53627456901f013dc,b5f559816bfad752867c294b678db761508ab2f4d92bb8f53627456901f013dc,verified
input,source-intake/navier-stokes/20260909/annular-metric-flux-jets-derived/canonical_N64_GR_sample32.npz,research-programme/reproducibility/20260909/source-intake/navier-stokes/20260909/annular-metric-flux-jets-derived/canonical_N64_GR_sample32.npz,122808,45b130589edf04a213d97184b6864199548c1166d7bc2943cddf784c61cab0a6,45b130589edf04a213d97184b6864199548c1166d7bc2943cddf784c61cab0a6,45b130589edf04a213d97184b6864199548c1166d7bc2943cddf784c61cab0a6,verified
input,source-intake/navier-stokes/20260909/annular-metric-flux-jets-derived/canonical_N64_GR_sample64.npz,research-programme/reproducibility/20260909/source-intake/navier-stokes/20260909/annular-metric-flux-jets-derived/canonical_N64_GR_sample64.npz,122866,bb0d1358962cd7edc508b05acbf11a12048f35e4c1fce4c053dc086e531fdfd5,bb0d1358962cd7edc508b05acbf11a12048f35e4c1fce4c053dc086e531fdfd5,bb0d1358962cd7edc508b05acbf11a12048f35e4c1fce4c053dc086e531fdfd5,verified
input,source-intake/navier-stokes/20260909/annular-metric-flux-jets-derived/canonical_N64_metric_Gram_sample0.npz,research-programme/reproducibility/20260909/source-intake/navier-stokes/20260909/annular-metric-flux-jets-derived/canonical_N64_metric_Gram_sample0.npz,125180,3b93a5e42f41252ab5c2b7bd3a1b4710f79a50aea852c91e3ff3413d4b665548,3b93a5e42f41252ab5c2b7bd3a1b4710f79a50aea852c91e3ff3413d4b665548,3b93a5e42f41252ab5c2b7bd3a1b4710f79a50aea852c91e3ff3413d4b665548,verified
input,source-intake/navier-stokes/20260909/annular-metric-flux-jets-derived/canonical_N64_metric_Gram_sample32.npz,research-programme/reproducibility/20260909/source-intake/navier-stokes/20260909/annular-metric-flux-jets-derived/canonical_N64_metric_Gram_sample32.npz,125339,7131d947a8cc57a8fe7bb86e07e54dc3df500f7eea19a914e40987c633009de6,7131d947a8cc57a8fe7bb86e07e54dc3df500f7eea19a914e40987c633009de6,7131d947a8cc57a8fe7bb86e07e54dc3df500f7eea19a914e40987c633009de6,verified
input,source-intake/navier-stokes/20260909/annular-metric-flux-jets-derived/canonical_N64_metric_Gram_sample64.npz,research-programme/reproducibility/20260909/source-intake/navier-stokes/20260909/annular-metric-flux-jets-derived/canonical_N64_metric_Gram_sample64.npz,125378,cbad37d9b85d98679b4e8eda8dc30a38e8c4679bc3c02656f4bf6581bd121140,cbad37d9b85d98679b4e8eda8dc30a38e8c4679bc3c02656f4bf6581bd121140,cbad37d9b85d98679b4e8eda8dc30a38e8c4679bc3c02656f4bf6581bd121140,verified
input,source-intake/navier-stokes/20260909/annular-metric-Schur-bound-derived/status.json,research-programme/reproducibility/20260909/source-intake/navier-stokes/20260909/annular-metric-Schur-bound-derived/status.json,451320,f1412eb9039d28c097dde77d06c2790f2f7c4981b6545ffc4976284621b724ac,f1412eb9039d28c097dde77d06c2790f2f7c4981b6545ffc4976284621b724ac,f1412eb9039d28c097dde77d06c2790f2f7c4981b6545ffc4976284621b724ac,verified
input,source-intake/navier-stokes/20260909/annular-metric-Schur-bound-derived/COMPLETE,research-programme/reproducibility/20260909/source-intake/navier-stokes/20260909/annular-metric-Schur-bound-derived/COMPLETE,34,330a4652be65eaf46d553d7c9ffc77561d3420879ab3e2a31b2df749fac10933,330a4652be65eaf46d553d7c9ffc77561d3420879ab3e2a31b2df749fac10933,330a4652be65eaf46d553d7c9ffc77561d3420879ab3e2a31b2df749fac10933,verified
input,source-intake/navier-stokes/20260909/annular-metric-Schur-bound-derived/executed-script.py,research-programme/reproducibility/20260909/source-intake/navier-stokes/20260909/annular-metric-Schur-bound-derived/executed-script.py,19788,69e2e212f2c4ef7176b4fbfac340d823b8635db64cee4f31a15ea1383d24096b,69e2e212f2c4ef7176b4fbfac340d823b8635db64cee4f31a15ea1383d24096b,69e2e212f2c4ef7176b4fbfac340d823b8635db64cee4f31a15ea1383d24096b,verified
input,scripts/certify_annular_metric_schur_box_20260909.py,research-programme/reproducibility/20260909/scripts/certify_annular_metric_schur_box_20260909.py,9755,a5781068499fbe4657db6b8186987577137c82941b6166d4d0c7c70a285e2085,a5781068499fbe4657db6b8186987577137c82941b6166d4d0c7c70a285e2085,a5781068499fbe4657db6b8186987577137c82941b6166d4d0c7c70a285e2085,verified
input,source-intake/navier-stokes/20260909/annular-metric-Schur-box-certified/status.json,research-programme/reproducibility/20260909/source-intake/navier-stokes/20260909/annular-metric-Schur-box-certified/status.json,280252,feeb6049271ff43420ae0328ccfa8735c4f0e43f3267c1bba7b0e825f0fa2c08,feeb6049271ff43420ae0328ccfa8735c4f0e43f3267c1bba7b0e825f0fa2c08,feeb6049271ff43420ae0328ccfa8735c4f0e43f3267c1bba7b0e825f0fa2c08,verified
input,source-intake/navier-stokes/20260909/annular-metric-Schur-box-certified/COMPLETE,research-programme/reproducibility/20260909/source-intake/navier-stokes/20260909/annular-metric-Schur-box-certified/COMPLETE,34,c72b5f2ae472cc38d084abd43fa8ca628dfda1313c5f80b6864335e4847a083f,c72b5f2ae472cc38d084abd43fa8ca628dfda1313c5f80b6864335e4847a083f,c72b5f2ae472cc38d084abd43fa8ca628dfda1313c5f80b6864335e4847a083f,verified
input,source-intake/navier-stokes/20260909/annular-metric-Schur-box-certified/executed-script.py,research-programme/reproducibility/20260909/source-intake/navier-stokes/20260909/annular-metric-Schur-box-certified/executed-script.py,9755,a5781068499fbe4657db6b8186987577137c82941b6166d4d0c7c70a285e2085,a5781068499fbe4657db6b8186987577137c82941b6166d4d0c7c70a285e2085,a5781068499fbe4657db6b8186987577137c82941b6166d4d0c7c70a285e2085,verified
input,DERIVATION-20260909-metric-Schur-inverse-and-projection-remainder.md,research-programme/reproducibility/20260909/DERIVATION-20260909-metric-Schur-inverse-and-projection-remainder.md,15711,7094d87c279e5c5edbdb059aecc81fad418e167b869baec709f25560f23ac4c0,7094d87c279e5c5edbdb059aecc81fad418e167b869baec709f25560f23ac4c0,7094d87c279e5c5edbdb059aecc81fad418e167b869baec709f25560f23ac4c0,verified
input,source-intake/navier-stokes/20260909/annular-metric-Schur-box-final-integrity.json,research-programme/reproducibility/20260909/source-intake/navier-stokes/20260909/annular-metric-Schur-box-final-integrity.json,276538,93c3a5738f68abd5164e6f36252dfa384c31c9df964f521ee0883d3b05afcbd8,93c3a5738f68abd5164e6f36252dfa384c31c9df964f521ee0883d3b05afcbd8,93c3a5738f68abd5164e6f36252dfa384c31c9df964f521ee0883d3b05afcbd8,verified
input,scripts/annular_metric_source_bound_20260909.py,research-programme/reproducibility/20260909/scripts/annular_metric_source_bound_20260909.py,10791,15c1cb0a21fca23ea03502b1c2f8b47d05c6be9099b82a03d468f764f595a4b6,15c1cb0a21fca23ea03502b1c2f8b47d05c6be9099b82a03d468f764f595a4b6,15c1cb0a21fca23ea03502b1c2f8b47d05c6be9099b82a03d468f764f595a4b6,verified
input,scripts/derive_annular_metric_source_bound_20260909.py,research-programme/reproducibility/20260909/scripts/derive_annular_metric_source_bound_20260909.py,20503,38559ca78a308fc4996e3862587f3806dd6a265abfa236a09612018d8c338007,38559ca78a308fc4996e3862587f3806dd6a265abfa236a09612018d8c338007,38559ca78a308fc4996e3862587f3806dd6a265abfa236a09612018d8c338007,verified
input,source-intake/navier-stokes/20260909/annular-metric-Schur-bound-derived/canonical_N16_GR_sample0.npz,research-programme/reproducibility/20260909/source-intake/navier-stokes/20260909/annular-metric-Schur-bound-derived/canonical_N16_GR_sample0.npz,47241,4cdf668e5ec928e53631731ce236f20da39f9197f4b2630723575ea368a28c1a,4cdf668e5ec928e53631731ce236f20da39f9197f4b2630723575ea368a28c1a,4cdf668e5ec928e53631731ce236f20da39f9197f4b2630723575ea368a28c1a,verified
input,source-intake/navier-stokes/20260909/annular-metric-Schur-bound-derived/canonical_N16_GR_sample16.npz,research-programme/reproducibility/20260909/source-intake/navier-stokes/20260909/annular-metric-Schur-bound-derived/canonical_N16_GR_sample16.npz,47244,b4e609e4d02fb7a33a3478875380fc6c7c1c8c5a3f28ecfb656b56d8e7f74190,b4e609e4d02fb7a33a3478875380fc6c7c1c8c5a3f28ecfb656b56d8e7f74190,b4e609e4d02fb7a33a3478875380fc6c7c1c8c5a3f28ecfb656b56d8e7f74190,verified
input,source-intake/navier-stokes/20260909/annular-metric-Schur-bound-derived/canonical_N16_GR_sample32.npz,research-programme/reproducibility/20260909/source-intake/navier-stokes/20260909/annular-metric-Schur-bound-derived/canonical_N16_GR_sample32.npz,47243,d038a141c89661c427de15348f67e48306596c2dde96c2743823aef57fa697e1,d038a141c89661c427de15348f67e48306596c2dde96c2743823aef57fa697e1,d038a141c89661c427de15348f67e48306596c2dde96c2743823aef57fa697e1,verified
input,source-intake/navier-stokes/20260909/annular-metric-Schur-bound-derived/canonical_N16_metric_Gram_sample0.npz,research-programme/reproducibility/20260909/source-intake/navier-stokes/20260909/annular-metric-Schur-bound-derived/canonical_N16_metric_Gram_sample0.npz,47804,f1afedfb9f7478f643ba7ec47f9314d70bc13ec72ee5b3165bc1fde6b1d498d2,f1afedfb9f7478f643ba7ec47f9314d70bc13ec72ee5b3165bc1fde6b1d498d2,f1afedfb9f7478f643ba7ec47f9314d70bc13ec72ee5b3165bc1fde6b1d498d2,verified
input,source-intake/navier-stokes/20260909/annular-metric-Schur-bound-derived/canonical_N16_metric_Gram_sample16.npz,research-programme/reproducibility/20260909/source-intake/navier-stokes/20260909/annular-metric-Schur-bound-derived/canonical_N16_metric_Gram_sample16.npz,47743,fa64ada59030b5d7776249ab592b486be79769dca9e82a6483bb30ad9221b7f7,fa64ada59030b5d7776249ab592b486be79769dca9e82a6483bb30ad9221b7f7,fa64ada59030b5d7776249ab592b486be79769dca9e82a6483bb30ad9221b7f7,verified
input,source-intake/navier-stokes/20260909/annular-metric-Schur-bound-derived/canonical_N16_metric_Gram_sample32.npz,research-programme/reproducibility/20260909/source-intake/navier-stokes/20260909/annular-metric-Schur-bound-derived/canonical_N16_metric_Gram_sample32.npz,47817,2bf3593a62013337971fa757aced9bd967aad303b4cf9994d5c7646ebac0ef3f,2bf3593a62013337971fa757aced9bd967aad303b4cf9994d5c7646ebac0ef3f,2bf3593a62013337971fa757aced9bd967aad303b4cf9994d5c7646ebac0ef3f,verified
input,source-intake/navier-stokes/20260909/annular-metric-Schur-bound-derived/canonical_N32_GR_sample0.npz,research-programme/reproducibility/20260909/source-intake/navier-stokes/20260909/annular-metric-Schur-bound-derived/canonical_N32_GR_sample0.npz,132895,2c19332b5b08ea0bf962d65ca13dbed18ff72fed8ddf9e9e1e400920ccdae4be,2c19332b5b08ea0bf962d65ca13dbed18ff72fed8ddf9e9e1e400920ccdae4be,2c19332b5b08ea0bf962d65ca13dbed18ff72fed8ddf9e9e1e400920ccdae4be,verified
input,source-intake/navier-stokes/20260909/annular-metric-Schur-bound-derived/canonical_N32_GR_sample16.npz,research-programme/reproducibility/20260909/source-intake/navier-stokes/20260909/annular-metric-Schur-bound-derived/canonical_N32_GR_sample16.npz,132845,d7c7920255b57372cc93a41726c2018725713653bd7f99726b70c1b5b745efc2,d7c7920255b57372cc93a41726c2018725713653bd7f99726b70c1b5b745efc2,d7c7920255b57372cc93a41726c2018725713653bd7f99726b70c1b5b745efc2,verified
input,source-intake/navier-stokes/20260909/annular-metric-Schur-bound-derived/canonical_N32_GR_sample32.npz,research-programme/reproducibility/20260909/source-intake/navier-stokes/20260909/annular-metric-Schur-bound-derived/canonical_N32_GR_sample32.npz,132871,8ec040785fb277d4f594c3fdffc92b13cccc47b6840f951eda57280c9f17d850,8ec040785fb277d4f594c3fdffc92b13cccc47b6840f951eda57280c9f17d850,8ec040785fb277d4f594c3fdffc92b13cccc47b6840f951eda57280c9f17d850,verified
input,source-intake/navier-stokes/20260909/annular-metric-Schur-bound-derived/canonical_N32_metric_Gram_sample0.npz,research-programme/reproducibility/20260909/source-intake/navier-stokes/20260909/annular-metric-Schur-bound-derived/canonical_N32_metric_Gram_sample0.npz,134009,705698da62dc1648922b4988c8082326d79dca53a1c2808b7a3f4825f24dd331,705698da62dc1648922b4988c8082326d79dca53a1c2808b7a3f4825f24dd331,705698da62dc1648922b4988c8082326d79dca53a1c2808b7a3f4825f24dd331,verified
input,source-intake/navier-stokes/20260909/annular-metric-Schur-bound-derived/canonical_N32_metric_Gram_sample16.npz,research-programme/reproducibility/20260909/source-intake/navier-stokes/20260909/annular-metric-Schur-bound-derived/canonical_N32_metric_Gram_sample16.npz,134023,48afb75a8d3e9bc2cfa0e164fad6c02332b617e07c8a6246e9d07ba6bc036b93,48afb75a8d3e9bc2cfa0e164fad6c02332b617e07c8a6246e9d07ba6bc036b93,48afb75a8d3e9bc2cfa0e164fad6c02332b617e07c8a6246e9d07ba6bc036b93,verified
input,source-intake/navier-stokes/20260909/annular-metric-Schur-bound-derived/canonical_N32_metric_Gram_sample32.npz,research-programme/reproducibility/20260909/source-intake/navier-stokes/20260909/annular-metric-Schur-bound-derived/canonical_N32_metric_Gram_sample32.npz,134182,3b2b2f79977539c3de960cc948641db9342562480478d39220bb3abd532df5d8,3b2b2f79977539c3de960cc948641db9342562480478d39220bb3abd532df5d8,3b2b2f79977539c3de960cc948641db9342562480478d39220bb3abd532df5d8,verified
input,source-intake/navier-stokes/20260909/annular-metric-Schur-bound-derived/canonical_N64_GR_sample0.npz,research-programme/reproducibility/20260909/source-intake/navier-stokes/20260909/annular-metric-Schur-bound-derived/canonical_N64_GR_sample0.npz,445799,d4e5e400155a018fed3a53496284aba9a5b1726bd70e74b0c8ef0a3fa3ede9f7,d4e5e400155a018fed3a53496284aba9a5b1726bd70e74b0c8ef0a3fa3ede9f7,d4e5e400155a018fed3a53496284aba9a5b1726bd70e74b0c8ef0a3fa3ede9f7,verified
input,source-intake/navier-stokes/20260909/annular-metric-Schur-bound-derived/canonical_N64_GR_sample32.npz,research-programme/reproducibility/20260909/source-intake/navier-stokes/20260909/annular-metric-Schur-bound-derived/canonical_N64_GR_sample32.npz,445885,b0f1f250011ba57d277e3eb8b4b94ebfbe356c76886ca851fa8c496f455f07ac,b0f1f250011ba57d277e3eb8b4b94ebfbe356c76886ca851fa8c496f455f07ac,b0f1f250011ba57d277e3eb8b4b94ebfbe356c76886ca851fa8c496f455f07ac,verified
input,source-intake/navier-stokes/20260909/annular-metric-Schur-bound-derived/canonical_N64_GR_sample64.npz,research-programme/reproducibility/20260909/source-intake/navier-stokes/20260909/annular-metric-Schur-bound-derived/canonical_N64_GR_sample64.npz,445823,97c965395da35d6dc5111b5c1fdfab1b80153c66cb777e283b0dd21b11da6495,97c965395da35d6dc5111b5c1fdfab1b80153c66cb777e283b0dd21b11da6495,97c965395da35d6dc5111b5c1fdfab1b80153c66cb777e283b0dd21b11da6495,verified
input,source-intake/navier-stokes/20260909/annular-metric-Schur-bound-derived/canonical_N64_metric_Gram_sample0.npz,research-programme/reproducibility/20260909/source-intake/navier-stokes/20260909/annular-metric-Schur-bound-derived/canonical_N64_metric_Gram_sample0.npz,448264,f8c19da0576f572000384230715567eaf7881456473efb252cfb057a19f2e3c9,f8c19da0576f572000384230715567eaf7881456473efb252cfb057a19f2e3c9,f8c19da0576f572000384230715567eaf7881456473efb252cfb057a19f2e3c9,verified
input,source-intake/navier-stokes/20260909/annular-metric-Schur-bound-derived/canonical_N64_metric_Gram_sample32.npz,research-programme/reproducibility/20260909/source-intake/navier-stokes/20260909/annular-metric-Schur-bound-derived/canonical_N64_metric_Gram_sample32.npz,448030,bb5683a28f97bc07879682845254b853f0a61795df6055779e29c6d5686409d9,bb5683a28f97bc07879682845254b853f0a61795df6055779e29c6d5686409d9,bb5683a28f97bc07879682845254b853f0a61795df6055779e29c6d5686409d9,verified
input,source-intake/navier-stokes/20260909/annular-metric-Schur-bound-derived/canonical_N64_metric_Gram_sample64.npz,research-programme/reproducibility/20260909/source-intake/navier-stokes/20260909/annular-metric-Schur-bound-derived/canonical_N64_metric_Gram_sample64.npz,448109,5d3f92c326925cc842503268e318f1d7a434875e0ff20288d50cc46b667021ef,5d3f92c326925cc842503268e318f1d7a434875e0ff20288d50cc46b667021ef,5d3f92c326925cc842503268e318f1d7a434875e0ff20288d50cc46b667021ef,verified
input,source-intake/navier-stokes/20260909/annular-metric-first-source-and-lapse-trace-derived/status.json,research-programme/reproducibility/20260909/source-intake/navier-stokes/20260909/annular-metric-first-source-and-lapse-trace-derived/status.json,443397,16f31586b64a737de751ecb896b471ad7eaa9f89d115eb846285d39e976b3d89,16f31586b64a737de751ecb896b471ad7eaa9f89d115eb846285d39e976b3d89,16f31586b64a737de751ecb896b471ad7eaa9f89d115eb846285d39e976b3d89,verified
input,source-intake/navier-stokes/20260909/annular-metric-first-source-and-lapse-trace-derived/COMPLETE,research-programme/reproducibility/20260909/source-intake/navier-stokes/20260909/annular-metric-first-source-and-lapse-trace-derived/COMPLETE,34,924d99263c97b39c6182695784b3c097157337a4887d8b57a9ec3c76ad64d74e,924d99263c97b39c6182695784b3c097157337a4887d8b57a9ec3c76ad64d74e,924d99263c97b39c6182695784b3c097157337a4887d8b57a9ec3c76ad64d74e,verified
input,source-intake/navier-stokes/20260909/annular-metric-first-source-and-lapse-trace-derived/executed-script.py,research-programme/reproducibility/20260909/source-intake/navier-stokes/20260909/annular-metric-first-source-and-lapse-trace-derived/executed-script.py,20503,38559ca78a308fc4996e3862587f3806dd6a265abfa236a09612018d8c338007,38559ca78a308fc4996e3862587f3806dd6a265abfa236a09612018d8c338007,38559ca78a308fc4996e3862587f3806dd6a265abfa236a09612018d8c338007,verified
input,DERIVATION-20260909-first-metric-source-and-pointwise-lapse-bound.md,research-programme/reproducibility/20260909/DERIVATION-20260909-first-metric-source-and-pointwise-lapse-bound.md,13684,fb948aacf1e85d44d8e8d039a13f41687a9270ec86d04c04679d4a6b8332c2b9,fb948aacf1e85d44d8e8d039a13f41687a9270ec86d04c04679d4a6b8332c2b9,fb948aacf1e85d44d8e8d039a13f41687a9270ec86d04c04679d4a6b8332c2b9,verified
input,source-intake/navier-stokes/20260909/annular-metric-first-source-and-lapse-trace-final-integrity.json,research-programme/reproducibility/20260909/source-intake/navier-stokes/20260909/annular-metric-first-source-and-lapse-trace-final-integrity.json,286452,8abbe9c8e5ec154ab74e31e71a73b5efe5facac4c9ba9114d3f52ba398ad4ed9,8abbe9c8e5ec154ab74e31e71a73b5efe5facac4c9ba9114d3f52ba398ad4ed9,8abbe9c8e5ec154ab74e31e71a73b5efe5facac4c9ba9114d3f52ba398ad4ed9,verified
input,scripts/annular_clock_spatial_bound_20260909.py,research-programme/reproducibility/20260909/scripts/annular_clock_spatial_bound_20260909.py,12484,211d8c70c60ef3500f19753f4fe04fbc2008cb982c9cbcfa5426723c354483eb,211d8c70c60ef3500f19753f4fe04fbc2008cb982c9cbcfa5426723c354483eb,211d8c70c60ef3500f19753f4fe04fbc2008cb982c9cbcfa5426723c354483eb,verified
input,scripts/derive_annular_clock_spatial_bound_20260909.py,research-programme/reproducibility/20260909/scripts/derive_annular_clock_spatial_bound_20260909.py,20462,1a0f484f0b9e83f64d171dd8eb73be6f430364f766245db49c25e000e906e65e,1a0f484f0b9e83f64d171dd8eb73be6f430364f766245db49c25e000e906e65e,1a0f484f0b9e83f64d171dd8eb73be6f430364f766245db49c25e000e906e65e,verified
input,source-intake/navier-stokes/20260909/annular-metric-first-source-and-lapse-trace-derived/canonical_N16_GR_sample0.npz,research-programme/reproducibility/20260909/source-intake/navier-stokes/20260909/annular-metric-first-source-and-lapse-trace-derived/canonical_N16_GR_sample0.npz,3483,862408eacb7556695e0ca76843187a7dce242bc4637037bc20da973bb2d93109,862408eacb7556695e0ca76843187a7dce242bc4637037bc20da973bb2d93109,862408eacb7556695e0ca76843187a7dce242bc4637037bc20da973bb2d93109,verified
input,source-intake/navier-stokes/20260909/annular-metric-first-source-and-lapse-trace-derived/canonical_N16_GR_sample16.npz,research-programme/reproducibility/20260909/source-intake/navier-stokes/20260909/annular-metric-first-source-and-lapse-trace-derived/canonical_N16_GR_sample16.npz,3501,f9af316fc59b1d2646b294d2d977aad8475fce69c93f36fc1ba852bcc0c3d30a,f9af316fc59b1d2646b294d2d977aad8475fce69c93f36fc1ba852bcc0c3d30a,f9af316fc59b1d2646b294d2d977aad8475fce69c93f36fc1ba852bcc0c3d30a,verified
input,source-intake/navier-stokes/20260909/annular-metric-first-source-and-lapse-trace-derived/canonical_N16_GR_sample32.npz,research-programme/reproducibility/20260909/source-intake/navier-stokes/20260909/annular-metric-first-source-and-lapse-trace-derived/canonical_N16_GR_sample32.npz,3493,42e00a703d75938d9d45ce21ec8f73b0e06acc4bfc46727008b7696a08fa578e,42e00a703d75938d9d45ce21ec8f73b0e06acc4bfc46727008b7696a08fa578e,42e00a703d75938d9d45ce21ec8f73b0e06acc4bfc46727008b7696a08fa578e,verified
input,source-intake/navier-stokes/20260909/annular-metric-first-source-and-lapse-trace-derived/canonical_N16_metric_Gram_sample0.npz,research-programme/reproducibility/20260909/source-intake/navier-stokes/20260909/annular-metric-first-source-and-lapse-trace-derived/canonical_N16_metric_Gram_sample0.npz,3509,969ceb8261b7d85097f52aebad1da0c3d4cf9cc04d2d93967d40cd089ff56216,969ceb8261b7d85097f52aebad1da0c3d4cf9cc04d2d93967d40cd089ff56216,969ceb8261b7d85097f52aebad1da0c3d4cf9cc04d2d93967d40cd089ff56216,verified
input,source-intake/navier-stokes/20260909/annular-metric-first-source-and-lapse-trace-derived/canonical_N16_metric_Gram_sample16.npz,research-programme/reproducibility/20260909/source-intake/navier-stokes/20260909/annular-metric-first-source-and-lapse-trace-derived/canonical_N16_metric_Gram_sample16.npz,3505,16b517b9106791605ae109970b95498569344061659df4bce89a5814c05de42b,16b517b9106791605ae109970b95498569344061659df4bce89a5814c05de42b,16b517b9106791605ae109970b95498569344061659df4bce89a5814c05de42b,verified
input,source-intake/navier-stokes/20260909/annular-metric-first-source-and-lapse-trace-derived/canonical_N16_metric_Gram_sample32.npz,research-programme/reproducibility/20260909/source-intake/navier-stokes/20260909/annular-metric-first-source-and-lapse-trace-derived/canonical_N16_metric_Gram_sample32.npz,3510,a15da8da7f822a66027ce86fb55895ece682d7f65eea0887feaae8f8b03545f2,a15da8da7f822a66027ce86fb55895ece682d7f65eea0887feaae8f8b03545f2,a15da8da7f822a66027ce86fb55895ece682d7f65eea0887feaae8f8b03545f2,verified
input,source-intake/navier-stokes/20260909/annular-metric-first-source-and-lapse-trace-derived/canonical_N32_GR_sample0.npz,research-programme/reproducibility/20260909/source-intake/navier-stokes/20260909/annular-metric-first-source-and-lapse-trace-derived/canonical_N32_GR_sample0.npz,5112,e6de8dd585a7a416d41719a504a059be70f998857dec8f241e7ef0cabf590b92,e6de8dd585a7a416d41719a504a059be70f998857dec8f241e7ef0cabf590b92,e6de8dd585a7a416d41719a504a059be70f998857dec8f241e7ef0cabf590b92,verified
input,source-intake/navier-stokes/20260909/annular-metric-first-source-and-lapse-trace-derived/canonical_N32_GR_sample16.npz,research-programme/reproducibility/20260909/source-intake/navier-stokes/20260909/annular-metric-first-source-and-lapse-trace-derived/canonical_N32_GR_sample16.npz,5124,00b0c385a801095f0a99841f64679bb756a123c23cc159ba3fdd4bab180bad6a,00b0c385a801095f0a99841f64679bb756a123c23cc159ba3fdd4bab180bad6a,00b0c385a801095f0a99841f64679bb756a123c23cc159ba3fdd4bab180bad6a,verified
input,source-intake/navier-stokes/20260909/annular-metric-first-source-and-lapse-trace-derived/canonical_N32_GR_sample32.npz,research-programme/reproducibility/20260909/source-intake/navier-stokes/20260909/annular-metric-first-source-and-lapse-trace-derived/canonical_N32_GR_sample32.npz,5131,556ae1ab8a818a75f3d91b485ec336a70bb9ad7ad195b705d5309d29a36c9aa2,556ae1ab8a818a75f3d91b485ec336a70bb9ad7ad195b705d5309d29a36c9aa2,556ae1ab8a818a75f3d91b485ec336a70bb9ad7ad195b705d5309d29a36c9aa2,verified
input,source-intake/navier-stokes/20260909/annular-metric-first-source-and-lapse-trace-derived/canonical_N32_metric_Gram_sample0.npz,research-programme/reproducibility/20260909/source-intake/navier-stokes/20260909/annular-metric-first-source-and-lapse-trace-derived/canonical_N32_metric_Gram_sample0.npz,5168,78c2c42cf17f8e1352115d1ff874b7d6d110ca2167a348325346aa5c01d12059,78c2c42cf17f8e1352115d1ff874b7d6d110ca2167a348325346aa5c01d12059,78c2c42cf17f8e1352115d1ff874b7d6d110ca2167a348325346aa5c01d12059,verified
input,source-intake/navier-stokes/20260909/annular-metric-first-source-and-lapse-trace-derived/canonical_N32_metric_Gram_sample16.npz,research-programme/reproducibility/20260909/source-intake/navier-stokes/20260909/annular-metric-first-source-and-lapse-trace-derived/canonical_N32_metric_Gram_sample16.npz,5178,6984f161c4d6982e60bdc69efc5ebd6177ba680cb4888946840c4a63d7e38580,6984f161c4d6982e60bdc69efc5ebd6177ba680cb4888946840c4a63d7e38580,6984f161c4d6982e60bdc69efc5ebd6177ba680cb4888946840c4a63d7e38580,verified
input,source-intake/navier-stokes/20260909/annular-metric-first-source-and-lapse-trace-derived/canonical_N32_metric_Gram_sample32.npz,research-programme/reproducibility/20260909/source-intake/navier-stokes/20260909/annular-metric-first-source-and-lapse-trace-derived/canonical_N32_metric_Gram_sample32.npz,5166,80335c097784c6438ea21e0ff583ce5c9c8b19d332b07f58d4a3efc8796fa7dc,80335c097784c6438ea21e0ff583ce5c9c8b19d332b07f58d4a3efc8796fa7dc,80335c097784c6438ea21e0ff583ce5c9c8b19d332b07f58d4a3efc8796fa7dc,verified
input,source-intake/navier-stokes/20260909/annular-metric-first-source-and-lapse-trace-derived/canonical_N64_GR_sample0.npz,research-programme/reproducibility/20260909/source-intake/navier-stokes/20260909/annular-metric-first-source-and-lapse-trace-derived/canonical_N64_GR_sample0.npz,8207,34d3d7b296805d1d72fec1b36d83cbd71e4ac573339ec97a85fcb16d5821a4f6,34d3d7b296805d1d72fec1b36d83cbd71e4ac573339ec97a85fcb16d5821a4f6,34d3d7b296805d1d72fec1b36d83cbd71e4ac573339ec97a85fcb16d5821a4f6,verified
input,source-intake/navier-stokes/20260909/annular-metric-first-source-and-lapse-trace-derived/canonical_N64_GR_sample32.npz,research-programme/reproducibility/20260909/source-intake/navier-stokes/20260909/annular-metric-first-source-and-lapse-trace-derived/canonical_N64_GR_sample32.npz,8233,8b26df436142da0655e9f4d82feee26db32f8df4c4f5ba3e11e32d448236b04b,8b26df436142da0655e9f4d82feee26db32f8df4c4f5ba3e11e32d448236b04b,8b26df436142da0655e9f4d82feee26db32f8df4c4f5ba3e11e32d448236b04b,verified
input,source-intake/navier-stokes/20260909/annular-metric-first-source-and-lapse-trace-derived/canonical_N64_GR_sample64.npz,research-programme/reproducibility/20260909/source-intake/navier-stokes/20260909/annular-metric-first-source-and-lapse-trace-derived/canonical_N64_GR_sample64.npz,8195,9ad582d6cf80f15fcc7c994f0f4afa1082acbc6cc6318959a9de41909c130c15,9ad582d6cf80f15fcc7c994f0f4afa1082acbc6cc6318959a9de41909c130c15,9ad582d6cf80f15fcc7c994f0f4afa1082acbc6cc6318959a9de41909c130c15,verified
input,source-intake/navier-stokes/20260909/annular-metric-first-source-and-lapse-trace-derived/canonical_N64_metric_Gram_sample0.npz,research-programme/reproducibility/20260909/source-intake/navier-stokes/20260909/annular-metric-first-source-and-lapse-trace-derived/canonical_N64_metric_Gram_sample0.npz,8318,99193a15700b38192d57ebb2088667f2b7c64bcb224601f5facaa3c8a20d1be6,99193a15700b38192d57ebb2088667f2b7c64bcb224601f5facaa3c8a20d1be6,99193a15700b38192d57ebb2088667f2b7c64bcb224601f5facaa3c8a20d1be6,verified
input,source-intake/navier-stokes/20260909/annular-metric-first-source-and-lapse-trace-derived/canonical_N64_metric_Gram_sample32.npz,research-programme/reproducibility/20260909/source-intake/navier-stokes/20260909/annular-metric-first-source-and-lapse-trace-derived/canonical_N64_metric_Gram_sample32.npz,8323,a941a51e7aad7929d1ff1d130691171438d267bea3338c3d60043393f6be708b,a941a51e7aad7929d1ff1d130691171438d267bea3338c3d60043393f6be708b,a941a51e7aad7929d1ff1d130691171438d267bea3338c3d60043393f6be708b,verified
input,source-intake/navier-stokes/20260909/annular-metric-first-source-and-lapse-trace-derived/canonical_N64_metric_Gram_sample64.npz,research-programme/reproducibility/20260909/source-intake/navier-stokes/20260909/annular-metric-first-source-and-lapse-trace-derived/canonical_N64_metric_Gram_sample64.npz,8342,00be593ef5d3394b99aa4fac76280b0ef4eebaf5934bbfc8288798decebb0726,00be593ef5d3394b99aa4fac76280b0ef4eebaf5934bbfc8288798decebb0726,00be593ef5d3394b99aa4fac76280b0ef4eebaf5934bbfc8288798decebb0726,verified
input,source-intake/navier-stokes/20260909/annular-clock-spatial-gradient-derived/status.json,research-programme/reproducibility/20260909/source-intake/navier-stokes/20260909/annular-clock-spatial-gradient-derived/status.json,423425,c605eb79e35f5d801d52df43a9de6555ae28ca181b57dc557d6ebf27200865f0,c605eb79e35f5d801d52df43a9de6555ae28ca181b57dc557d6ebf27200865f0,c605eb79e35f5d801d52df43a9de6555ae28ca181b57dc557d6ebf27200865f0,verified
input,source-intake/navier-stokes/20260909/annular-clock-spatial-gradient-derived/COMPLETE,research-programme/reproducibility/20260909/source-intake/navier-stokes/20260909/annular-clock-spatial-gradient-derived/COMPLETE,34,eb70b9e9234c8f9d259dc5c0dd75147b505b20e26b9e1753c65379f1929dd6c9,eb70b9e9234c8f9d259dc5c0dd75147b505b20e26b9e1753c65379f1929dd6c9,eb70b9e9234c8f9d259dc5c0dd75147b505b20e26b9e1753c65379f1929dd6c9,verified
input,source-intake/navier-stokes/20260909/annular-clock-spatial-gradient-derived/executed-script.py,research-programme/reproducibility/20260909/source-intake/navier-stokes/20260909/annular-clock-spatial-gradient-derived/executed-script.py,20462,1a0f484f0b9e83f64d171dd8eb73be6f430364f766245db49c25e000e906e65e,1a0f484f0b9e83f64d171dd8eb73be6f430364f766245db49c25e000e906e65e,1a0f484f0b9e83f64d171dd8eb73be6f430364f766245db49c25e000e906e65e,verified
input,scripts/certify_annular_inner_shift_trace_20260909.py,research-programme/reproducibility/20260909/scripts/certify_annular_inner_shift_trace_20260909.py,15781,80b59fb28f612d216a74099ea191eda82095202b1939007bc93e4ec2a354454c,80b59fb28f612d216a74099ea191eda82095202b1939007bc93e4ec2a354454c,80b59fb28f612d216a74099ea191eda82095202b1939007bc93e4ec2a354454c,verified
input,source-intake/navier-stokes/20260909/annular-clock-spatial-gradient-derived/canonical_N16_GR_sample0.npz,research-programme/reproducibility/20260909/source-intake/navier-stokes/20260909/annular-clock-spatial-gradient-derived/canonical_N16_GR_sample0.npz,10046,fa3cf8838ca24c168f1a03ec71fa07cee279e2024df82a3e5da41eddbcc482a1,fa3cf8838ca24c168f1a03ec71fa07cee279e2024df82a3e5da41eddbcc482a1,fa3cf8838ca24c168f1a03ec71fa07cee279e2024df82a3e5da41eddbcc482a1,verified
input,source-intake/navier-stokes/20260909/annular-clock-spatial-gradient-derived/canonical_N16_GR_sample16.npz,research-programme/reproducibility/20260909/source-intake/navier-stokes/20260909/annular-clock-spatial-gradient-derived/canonical_N16_GR_sample16.npz,10065,4b36d61e6b8f2be4f374151cf39443bec1a861d12f8179b37bc411b13162cb4c,4b36d61e6b8f2be4f374151cf39443bec1a861d12f8179b37bc411b13162cb4c,4b36d61e6b8f2be4f374151cf39443bec1a861d12f8179b37bc411b13162cb4c,verified
input,source-intake/navier-stokes/20260909/annular-clock-spatial-gradient-derived/canonical_N16_GR_sample32.npz,research-programme/reproducibility/20260909/source-intake/navier-stokes/20260909/annular-clock-spatial-gradient-derived/canonical_N16_GR_sample32.npz,10049,d01bbcc963a7ac8048eebff285935f67758109792feb28de3d3671098ee02a31,d01bbcc963a7ac8048eebff285935f67758109792feb28de3d3671098ee02a31,d01bbcc963a7ac8048eebff285935f67758109792feb28de3d3671098ee02a31,verified
input,source-intake/navier-stokes/20260909/annular-clock-spatial-gradient-derived/canonical_N16_metric_Gram_sample0.npz,research-programme/reproducibility/20260909/source-intake/navier-stokes/20260909/annular-clock-spatial-gradient-derived/canonical_N16_metric_Gram_sample0.npz,10191,d6eb2218166d50cca2f31e72611977aebb78254be80e3346095172860a6e72fc,d6eb2218166d50cca2f31e72611977aebb78254be80e3346095172860a6e72fc,d6eb2218166d50cca2f31e72611977aebb78254be80e3346095172860a6e72fc,verified
input,source-intake/navier-stokes/20260909/annular-clock-spatial-gradient-derived/canonical_N16_metric_Gram_sample16.npz,research-programme/reproducibility/20260909/source-intake/navier-stokes/20260909/annular-clock-spatial-gradient-derived/canonical_N16_metric_Gram_sample16.npz,10214,c54e39574a04716a68c4f0f915192d94770818d79f773677defbb09a077c3c8d,c54e39574a04716a68c4f0f915192d94770818d79f773677defbb09a077c3c8d,c54e39574a04716a68c4f0f915192d94770818d79f773677defbb09a077c3c8d,verified
input,source-intake/navier-stokes/20260909/annular-clock-spatial-gradient-derived/canonical_N16_metric_Gram_sample32.npz,research-programme/reproducibility/20260909/source-intake/navier-stokes/20260909/annular-clock-spatial-gradient-derived/canonical_N16_metric_Gram_sample32.npz,10198,d603b3c5d6dbf30b150b33ae6d18c33a7afa9b469c26e997a761d4e5b3e8fd7d,d603b3c5d6dbf30b150b33ae6d18c33a7afa9b469c26e997a761d4e5b3e8fd7d,d603b3c5d6dbf30b150b33ae6d18c33a7afa9b469c26e997a761d4e5b3e8fd7d,verified
input,source-intake/navier-stokes/20260909/annular-clock-spatial-gradient-derived/canonical_N32_GR_sample0.npz,research-programme/reproducibility/20260909/source-intake/navier-stokes/20260909/annular-clock-spatial-gradient-derived/canonical_N32_GR_sample0.npz,16771,2f7fc97f6b64b06a4faa1d64bc5ffee31c05a4069fc981d9e94260237419673d,2f7fc97f6b64b06a4faa1d64bc5ffee31c05a4069fc981d9e94260237419673d,2f7fc97f6b64b06a4faa1d64bc5ffee31c05a4069fc981d9e94260237419673d,verified
input,source-intake/navier-stokes/20260909/annular-clock-spatial-gradient-derived/canonical_N32_GR_sample16.npz,research-programme/reproducibility/20260909/source-intake/navier-stokes/20260909/annular-clock-spatial-gradient-derived/canonical_N32_GR_sample16.npz,16780,1ddb1d94104da4ab56a78db74e9714ff8cc233110d337cca0d0e01aa61318216,1ddb1d94104da4ab56a78db74e9714ff8cc233110d337cca0d0e01aa61318216,1ddb1d94104da4ab56a78db74e9714ff8cc233110d337cca0d0e01aa61318216,verified
input,source-intake/navier-stokes/20260909/annular-clock-spatial-gradient-derived/canonical_N32_GR_sample32.npz,research-programme/reproducibility/20260909/source-intake/navier-stokes/20260909/annular-clock-spatial-gradient-derived/canonical_N32_GR_sample32.npz,16779,a5cd5468551176b939b9de10cb45a246e742fa0d380ab6594738678dd1f022a9,a5cd5468551176b939b9de10cb45a246e742fa0d380ab6594738678dd1f022a9,a5cd5468551176b939b9de10cb45a246e742fa0d380ab6594738678dd1f022a9,verified
input,source-intake/navier-stokes/20260909/annular-clock-spatial-gradient-derived/canonical_N32_metric_Gram_sample0.npz,research-programme/reproducibility/20260909/source-intake/navier-stokes/20260909/annular-clock-spatial-gradient-derived/canonical_N32_metric_Gram_sample0.npz,17156,38427237ec740a7d886002ac6e1f0c2a72844c1aeeced276e3c3fcfa3e93a086,38427237ec740a7d886002ac6e1f0c2a72844c1aeeced276e3c3fcfa3e93a086,38427237ec740a7d886002ac6e1f0c2a72844c1aeeced276e3c3fcfa3e93a086,verified
input,source-intake/navier-stokes/20260909/annular-clock-spatial-gradient-derived/canonical_N32_metric_Gram_sample16.npz,research-programme/reproducibility/20260909/source-intake/navier-stokes/20260909/annular-clock-spatial-gradient-derived/canonical_N32_metric_Gram_sample16.npz,17147,ac624bdfe84038cc11e88f3973d75bef5af2d4771affd9b1395ad337cc0654a7,ac624bdfe84038cc11e88f3973d75bef5af2d4771affd9b1395ad337cc0654a7,ac624bdfe84038cc11e88f3973d75bef5af2d4771affd9b1395ad337cc0654a7,verified
input,source-intake/navier-stokes/20260909/annular-clock-spatial-gradient-derived/canonical_N32_metric_Gram_sample32.npz,research-programme/reproducibility/20260909/source-intake/navier-stokes/20260909/annular-clock-spatial-gradient-derived/canonical_N32_metric_Gram_sample32.npz,17158,2a2ab477ea58405a12c9a853184e9f4926c98d90ca23964313a1ffca47fc8b28,2a2ab477ea58405a12c9a853184e9f4926c98d90ca23964313a1ffca47fc8b28,2a2ab477ea58405a12c9a853184e9f4926c98d90ca23964313a1ffca47fc8b28,verified
input,source-intake/navier-stokes/20260909/annular-clock-spatial-gradient-derived/canonical_N64_GR_sample0.npz,research-programme/reproducibility/20260909/source-intake/navier-stokes/20260909/annular-clock-spatial-gradient-derived/canonical_N64_GR_sample0.npz,30131,f5b73b9ecc8cda1730b547b4ffb804c1e7563602824478c69dce3b3a53259120,f5b73b9ecc8cda1730b547b4ffb804c1e7563602824478c69dce3b3a53259120,f5b73b9ecc8cda1730b547b4ffb804c1e7563602824478c69dce3b3a53259120,verified
input,source-intake/navier-stokes/20260909/annular-clock-spatial-gradient-derived/canonical_N64_GR_sample32.npz,research-programme/reproducibility/20260909/source-intake/navier-stokes/20260909/annular-clock-spatial-gradient-derived/canonical_N64_GR_sample32.npz,30179,0d68ba04532a2c73a33cf4d4471dfb1bb5381b9e9cbdddfe91b6bed378da3be6,0d68ba04532a2c73a33cf4d4471dfb1bb5381b9e9cbdddfe91b6bed378da3be6,0d68ba04532a2c73a33cf4d4471dfb1bb5381b9e9cbdddfe91b6bed378da3be6,verified
input,source-intake/navier-stokes/20260909/annular-clock-spatial-gradient-derived/canonical_N64_GR_sample64.npz,research-programme/reproducibility/20260909/source-intake/navier-stokes/20260909/annular-clock-spatial-gradient-derived/canonical_N64_GR_sample64.npz,30152,cf4fd9b9e5e7d444579fc9db383bad1774ebb03c25cde8b89a5c8f7dafe34f3a,cf4fd9b9e5e7d444579fc9db383bad1774ebb03c25cde8b89a5c8f7dafe34f3a,cf4fd9b9e5e7d444579fc9db383bad1774ebb03c25cde8b89a5c8f7dafe34f3a,verified
input,source-intake/navier-stokes/20260909/annular-clock-spatial-gradient-derived/canonical_N64_metric_Gram_sample0.npz,research-programme/reproducibility/20260909/source-intake/navier-stokes/20260909/annular-clock-spatial-gradient-derived/canonical_N64_metric_Gram_sample0.npz,30988,c433793d2319faf077db4e4d5021182d9d14d919eedc9021b4e520587c82640e,c433793d2319faf077db4e4d5021182d9d14d919eedc9021b4e520587c82640e,c433793d2319faf077db4e4d5021182d9d14d919eedc9021b4e520587c82640e,verified
input,source-intake/navier-stokes/20260909/annular-clock-spatial-gradient-derived/canonical_N64_metric_Gram_sample32.npz,research-programme/reproducibility/20260909/source-intake/navier-stokes/20260909/annular-clock-spatial-gradient-derived/canonical_N64_metric_Gram_sample32.npz,31009,c2e16b748b4f0dd32a1a38f015e1e61bcde1aff6e5e4f35d802faf0110479b26,c2e16b748b4f0dd32a1a38f015e1e61bcde1aff6e5e4f35d802faf0110479b26,c2e16b748b4f0dd32a1a38f015e1e61bcde1aff6e5e4f35d802faf0110479b26,verified
input,source-intake/navier-stokes/20260909/annular-clock-spatial-gradient-derived/canonical_N64_metric_Gram_sample64.npz,research-programme/reproducibility/20260909/source-intake/navier-stokes/20260909/annular-clock-spatial-gradient-derived/canonical_N64_metric_Gram_sample64.npz,30995,c6910cfc61693b95830c6ed2e7f662694843c85cc4d660e4f2f0fb0fb1f60d5f,c6910cfc61693b95830c6ed2e7f662694843c85cc4d660e4f2f0fb0fb1f60d5f,c6910cfc61693b95830c6ed2e7f662694843c85cc4d660e4f2f0fb0fb1f60d5f,verified
input,source-intake/navier-stokes/20260909/annular-inner-shift-trace-certified/status.json,research-programme/reproducibility/20260909/source-intake/navier-stokes/20260909/annular-inner-shift-trace-certified/status.json,354081,d941a6161acfd1e14dd611808ddd4c4a30692a88a0f1317198aaeaca1ba13eaa,d941a6161acfd1e14dd611808ddd4c4a30692a88a0f1317198aaeaca1ba13eaa,d941a6161acfd1e14dd611808ddd4c4a30692a88a0f1317198aaeaca1ba13eaa,verified
input,source-intake/navier-stokes/20260909/annular-inner-shift-trace-certified/COMPLETE,research-programme/reproducibility/20260909/source-intake/navier-stokes/20260909/annular-inner-shift-trace-certified/COMPLETE,34,2fc020851ebb095a34af1995ed94de7bfb2fe9ab4eb7d69d10c8ac3f93108f1a,2fc020851ebb095a34af1995ed94de7bfb2fe9ab4eb7d69d10c8ac3f93108f1a,2fc020851ebb095a34af1995ed94de7bfb2fe9ab4eb7d69d10c8ac3f93108f1a,verified
input,source-intake/navier-stokes/20260909/annular-inner-shift-trace-certified/executed-script.py,research-programme/reproducibility/20260909/source-intake/navier-stokes/20260909/annular-inner-shift-trace-certified/executed-script.py,15781,80b59fb28f612d216a74099ea191eda82095202b1939007bc93e4ec2a354454c,80b59fb28f612d216a74099ea191eda82095202b1939007bc93e4ec2a354454c,80b59fb28f612d216a74099ea191eda82095202b1939007bc93e4ec2a354454c,verified
input,DERIVATION-20260909-clock-spatial-gradient-and-derived-coefficient-input.md,research-programme/reproducibility/20260909/DERIVATION-20260909-clock-spatial-gradient-and-derived-coefficient-input.md,14995,97d4b4f7142a6dad30102ca151d3027bb5b172aa4c0fc5e5211516c3eb62d5a0,97d4b4f7142a6dad30102ca151d3027bb5b172aa4c0fc5e5211516c3eb62d5a0,97d4b4f7142a6dad30102ca151d3027bb5b172aa4c0fc5e5211516c3eb62d5a0,verified
input,source-intake/navier-stokes/20260909/annular-clock-spatial-and-inner-shift-final-integrity.json,research-programme/reproducibility/20260909/source-intake/navier-stokes/20260909/annular-clock-spatial-and-inner-shift-final-integrity.json,300578,986da777a2635dd9b354452df94b89314b1eabd96e0e36b755915e00425814b6,986da777a2635dd9b354452df94b89314b1eabd96e0e36b755915e00425814b6,986da777a2635dd9b354452df94b89314b1eabd96e0e36b755915e00425814b6,verified
input,scripts/annular_H1_clock_energy_20260909.py,research-programme/reproducibility/20260909/scripts/annular_H1_clock_energy_20260909.py,6463,884bc77fcabf336c9bd4c375dfddb09bd5dff46a632a67fb61becb3c7e7e358a,884bc77fcabf336c9bd4c375dfddb09bd5dff46a632a67fb61becb3c7e7e358a,884bc77fcabf336c9bd4c375dfddb09bd5dff46a632a67fb61becb3c7e7e358a,verified
input,scripts/derive_annular_H1_clock_energy_20260909.py,research-programme/reproducibility/20260909/scripts/derive_annular_H1_clock_energy_20260909.py,23227,3cd746e69a66f0644ee4da7808d73622d68f8e3a29d9b20681d550804ff6acd0,3cd746e69a66f0644ee4da7808d73622d68f8e3a29d9b20681d550804ff6acd0,3cd746e69a66f0644ee4da7808d73622d68f8e3a29d9b20681d550804ff6acd0,verified
input,source-intake/navier-stokes/20260909/annular-H1-clock-energy-derived/status.json,research-programme/reproducibility/20260909/source-intake/navier-stokes/20260909/annular-H1-clock-energy-derived/status.json,415967,7f123c4520628a11e20837f9a354f8a65284872bc9410b35f2b6a214830db2f3,7f123c4520628a11e20837f9a354f8a65284872bc9410b35f2b6a214830db2f3,7f123c4520628a11e20837f9a354f8a65284872bc9410b35f2b6a214830db2f3,verified
input,source-intake/navier-stokes/20260909/annular-H1-clock-energy-derived/COMPLETE,research-programme/reproducibility/20260909/source-intake/navier-stokes/20260909/annular-H1-clock-energy-derived/COMPLETE,34,cb0182e187f87c2bd69e79cd05955d8924a6ed11e85e365e44f7a061fb87b420,cb0182e187f87c2bd69e79cd05955d8924a6ed11e85e365e44f7a061fb87b420,cb0182e187f87c2bd69e79cd05955d8924a6ed11e85e365e44f7a061fb87b420,verified
input,source-intake/navier-stokes/20260909/annular-H1-clock-energy-derived/executed-script.py,research-programme/reproducibility/20260909/source-intake/navier-stokes/20260909/annular-H1-clock-energy-derived/executed-script.py,23227,3cd746e69a66f0644ee4da7808d73622d68f8e3a29d9b20681d550804ff6acd0,3cd746e69a66f0644ee4da7808d73622d68f8e3a29d9b20681d550804ff6acd0,3cd746e69a66f0644ee4da7808d73622d68f8e3a29d9b20681d550804ff6acd0,verified
input,DERIVATION-20260909-H1-clock-energy-transport-and-boundary-feedback.md,research-programme/reproducibility/20260909/DERIVATION-20260909-H1-clock-energy-transport-and-boundary-feedback.md,12701,ae9783ca0ed3d80b76c4b5a7466400499f5d475700960f6582958bafa5fb7638,ae9783ca0ed3d80b76c4b5a7466400499f5d475700960f6582958bafa5fb7638,ae9783ca0ed3d80b76c4b5a7466400499f5d475700960f6582958bafa5fb7638,verified
input,source-intake/navier-stokes/20260909/annular-H1-clock-energy-final-integrity.json,research-programme/reproducibility/20260909/source-intake/navier-stokes/20260909/annular-H1-clock-energy-final-integrity.json,304990,c2a6f5bafa2a9d8a7efb161a476ab35ebf772e6a31a17079c2f0b6b62a59d057,c2a6f5bafa2a9d8a7efb161a476ab35ebf772e6a31a17079c2f0b6b62a59d057,c2a6f5bafa2a9d8a7efb161a476ab35ebf772e6a31a17079c2f0b6b62a59d057,verified
input,scripts/annular_second_metric_source_20260909.py,research-programme/reproducibility/20260909/scripts/annular_second_metric_source_20260909.py,12536,07a50f110c586d7a267961b9cd91153fd5f3af8887f2f77382ba0fec7cc33f13,07a50f110c586d7a267961b9cd91153fd5f3af8887f2f77382ba0fec7cc33f13,07a50f110c586d7a267961b9cd91153fd5f3af8887f2f77382ba0fec7cc33f13,verified
input,scripts/derive_annular_second_metric_source_20260909.py,research-programme/reproducibility/20260909/scripts/derive_annular_second_metric_source_20260909.py,23373,2647b8cd76b2697ffaa1d8f9adc9f56856de37ad8813ad1b9e060b27e6dfa272,2647b8cd76b2697ffaa1d8f9adc9f56856de37ad8813ad1b9e060b27e6dfa272,2647b8cd76b2697ffaa1d8f9adc9f56856de37ad8813ad1b9e060b27e6dfa272,verified
input,source-intake/navier-stokes/20260909/annular-H1-clock-energy-derived/canonical_N16_GR_sample0.npz,research-programme/reproducibility/20260909/source-intake/navier-stokes/20260909/annular-H1-clock-energy-derived/canonical_N16_GR_sample0.npz,10939,e8c3cea082bc82b16d084bf1f9303ff8a2417e4f097f5e2e77f7671499888379,e8c3cea082bc82b16d084bf1f9303ff8a2417e4f097f5e2e77f7671499888379,e8c3cea082bc82b16d084bf1f9303ff8a2417e4f097f5e2e77f7671499888379,verified
input,source-intake/navier-stokes/20260909/annular-H1-clock-energy-derived/canonical_N16_GR_sample16.npz,research-programme/reproducibility/20260909/source-intake/navier-stokes/20260909/annular-H1-clock-energy-derived/canonical_N16_GR_sample16.npz,10927,1d50bd1897e46ee29a77249ea9e8bc62c5fd01ac663fbbea346f7a8687310c52,1d50bd1897e46ee29a77249ea9e8bc62c5fd01ac663fbbea346f7a8687310c52,1d50bd1897e46ee29a77249ea9e8bc62c5fd01ac663fbbea346f7a8687310c52,verified
input,source-intake/navier-stokes/20260909/annular-H1-clock-energy-derived/canonical_N16_GR_sample32.npz,research-programme/reproducibility/20260909/source-intake/navier-stokes/20260909/annular-H1-clock-energy-derived/canonical_N16_GR_sample32.npz,10948,b7d083cfccf7ecfc19219d7d6b1280b4b3ad4c7ad19eb1d53aaf527f90217cd1,b7d083cfccf7ecfc19219d7d6b1280b4b3ad4c7ad19eb1d53aaf527f90217cd1,b7d083cfccf7ecfc19219d7d6b1280b4b3ad4c7ad19eb1d53aaf527f90217cd1,verified
input,source-intake/navier-stokes/20260909/annular-H1-clock-energy-derived/canonical_N16_metric_Gram_sample0.npz,research-programme/reproducibility/20260909/source-intake/navier-stokes/20260909/annular-H1-clock-energy-derived/canonical_N16_metric_Gram_sample0.npz,10931,d890fefbe4e43881f1ee99e2f2afd9f89fb584d39748e7b5f690bcd6db71dc5e,d890fefbe4e43881f1ee99e2f2afd9f89fb584d39748e7b5f690bcd6db71dc5e,d890fefbe4e43881f1ee99e2f2afd9f89fb584d39748e7b5f690bcd6db71dc5e,verified
input,source-intake/navier-stokes/20260909/annular-H1-clock-energy-derived/canonical_N16_metric_Gram_sample16.npz,research-programme/reproducibility/20260909/source-intake/navier-stokes/20260909/annular-H1-clock-energy-derived/canonical_N16_metric_Gram_sample16.npz,10964,c8a81001d4f4ad25fb29dad3eea5070ebabe4ee6bb536aa0221e46c69a35bd44,c8a81001d4f4ad25fb29dad3eea5070ebabe4ee6bb536aa0221e46c69a35bd44,c8a81001d4f4ad25fb29dad3eea5070ebabe4ee6bb536aa0221e46c69a35bd44,verified
input,source-intake/navier-stokes/20260909/annular-H1-clock-energy-derived/canonical_N16_metric_Gram_sample32.npz,research-programme/reproducibility/20260909/source-intake/navier-stokes/20260909/annular-H1-clock-energy-derived/canonical_N16_metric_Gram_sample32.npz,10924,4e8f8cd43dc27299d7c8b02e9017c8099ec53630b6e16a5e85e7bf1352ed6632,4e8f8cd43dc27299d7c8b02e9017c8099ec53630b6e16a5e85e7bf1352ed6632,4e8f8cd43dc27299d7c8b02e9017c8099ec53630b6e16a5e85e7bf1352ed6632,verified
input,source-intake/navier-stokes/20260909/annular-H1-clock-energy-derived/canonical_N32_GR_sample0.npz,research-programme/reproducibility/20260909/source-intake/navier-stokes/20260909/annular-H1-clock-energy-derived/canonical_N32_GR_sample0.npz,16427,c267c5cca40f07969cb8f04aa2be5bfd21653fa8d2193621c580bddc15c44c99,c267c5cca40f07969cb8f04aa2be5bfd21653fa8d2193621c580bddc15c44c99,c267c5cca40f07969cb8f04aa2be5bfd21653fa8d2193621c580bddc15c44c99,verified
input,source-intake/navier-stokes/20260909/annular-H1-clock-energy-derived/canonical_N32_GR_sample16.npz,research-programme/reproducibility/20260909/source-intake/navier-stokes/20260909/annular-H1-clock-energy-derived/canonical_N32_GR_sample16.npz,16556,98a224418b2e2cfdb97babd4c70962e47fbe0dcb1fd65bb23ec38f2593078d19,98a224418b2e2cfdb97babd4c70962e47fbe0dcb1fd65bb23ec38f2593078d19,98a224418b2e2cfdb97babd4c70962e47fbe0dcb1fd65bb23ec38f2593078d19,verified
input,source-intake/navier-stokes/20260909/annular-H1-clock-energy-derived/canonical_N32_GR_sample32.npz,research-programme/reproducibility/20260909/source-intake/navier-stokes/20260909/annular-H1-clock-energy-derived/canonical_N32_GR_sample32.npz,16458,c9cc8018f8510e4031d374d4138b92389ec989617d8541f791d0d7f3e17e33b1,c9cc8018f8510e4031d374d4138b92389ec989617d8541f791d0d7f3e17e33b1,c9cc8018f8510e4031d374d4138b92389ec989617d8541f791d0d7f3e17e33b1,verified
input,source-intake/navier-stokes/20260909/annular-H1-clock-energy-derived/canonical_N32_metric_Gram_sample0.npz,research-programme/reproducibility/20260909/source-intake/navier-stokes/20260909/annular-H1-clock-energy-derived/canonical_N32_metric_Gram_sample0.npz,16545,6ccbccabc87b982fc456454ace1630cb779e31f26dd265f6db9cdeee6de84b54,6ccbccabc87b982fc456454ace1630cb779e31f26dd265f6db9cdeee6de84b54,6ccbccabc87b982fc456454ace1630cb779e31f26dd265f6db9cdeee6de84b54,verified
input,source-intake/navier-stokes/20260909/annular-H1-clock-energy-derived/canonical_N32_metric_Gram_sample16.npz,research-programme/reproducibility/20260909/source-intake/navier-stokes/20260909/annular-H1-clock-energy-derived/canonical_N32_metric_Gram_sample16.npz,16519,13efb221674b0fd89ed2e163a028c466f52f6f198bca756d1fb69814d5bac438,13efb221674b0fd89ed2e163a028c466f52f6f198bca756d1fb69814d5bac438,13efb221674b0fd89ed2e163a028c466f52f6f198bca756d1fb69814d5bac438,verified
input,source-intake/navier-stokes/20260909/annular-H1-clock-energy-derived/canonical_N32_metric_Gram_sample32.npz,research-programme/reproducibility/20260909/source-intake/navier-stokes/20260909/annular-H1-clock-energy-derived/canonical_N32_metric_Gram_sample32.npz,16488,bd858d151589b75d157aca299a7793db4f0944082aa6779540469fee10957632,bd858d151589b75d157aca299a7793db4f0944082aa6779540469fee10957632,bd858d151589b75d157aca299a7793db4f0944082aa6779540469fee10957632,verified
input,source-intake/navier-stokes/20260909/annular-H1-clock-energy-derived/canonical_N64_GR_sample0.npz,research-programme/reproducibility/20260909/source-intake/navier-stokes/20260909/annular-H1-clock-energy-derived/canonical_N64_GR_sample0.npz,29208,c715e4e376803c92e41a2cc2930c4f26aec5f8850e1ab5d63ec06f1c59c89d02,c715e4e376803c92e41a2cc2930c4f26aec5f8850e1ab5d63ec06f1c59c89d02,c715e4e376803c92e41a2cc2930c4f26aec5f8850e1ab5d63ec06f1c59c89d02,verified
input,source-intake/navier-stokes/20260909/annular-H1-clock-energy-derived/canonical_N64_GR_sample32.npz,research-programme/reproducibility/20260909/source-intake/navier-stokes/20260909/annular-H1-clock-energy-derived/canonical_N64_GR_sample32.npz,29228,cbdf69d54b602bf7a8ed6d2a2975e80cc7efa34936814f0918244fef91872a9c,cbdf69d54b602bf7a8ed6d2a2975e80cc7efa34936814f0918244fef91872a9c,cbdf69d54b602bf7a8ed6d2a2975e80cc7efa34936814f0918244fef91872a9c,verified
input,source-intake/navier-stokes/20260909/annular-H1-clock-energy-derived/canonical_N64_GR_sample64.npz,research-programme/reproducibility/20260909/source-intake/navier-stokes/20260909/annular-H1-clock-energy-derived/canonical_N64_GR_sample64.npz,29109,726d1fcdb1eb78993cd3a37fca7dab9f4454904d410baf920c6ac3dfb4f529ee,726d1fcdb1eb78993cd3a37fca7dab9f4454904d410baf920c6ac3dfb4f529ee,726d1fcdb1eb78993cd3a37fca7dab9f4454904d410baf920c6ac3dfb4f529ee,verified
input,source-intake/navier-stokes/20260909/annular-H1-clock-energy-derived/canonical_N64_metric_Gram_sample0.npz,research-programme/reproducibility/20260909/source-intake/navier-stokes/20260909/annular-H1-clock-energy-derived/canonical_N64_metric_Gram_sample0.npz,29341,c32ce21c166c67a0850aa948990f5e8b02efa823a36efceede158a71e74bb262,c32ce21c166c67a0850aa948990f5e8b02efa823a36efceede158a71e74bb262,c32ce21c166c67a0850aa948990f5e8b02efa823a36efceede158a71e74bb262,verified
input,source-intake/navier-stokes/20260909/annular-H1-clock-energy-derived/canonical_N64_metric_Gram_sample32.npz,research-programme/reproducibility/20260909/source-intake/navier-stokes/20260909/annular-H1-clock-energy-derived/canonical_N64_metric_Gram_sample32.npz,29251,864c25a2abef163dd02a8529b02bb28698bb5e31095d867a5e7a086a737e747f,864c25a2abef163dd02a8529b02bb28698bb5e31095d867a5e7a086a737e747f,864c25a2abef163dd02a8529b02bb28698bb5e31095d867a5e7a086a737e747f,verified
input,source-intake/navier-stokes/20260909/annular-H1-clock-energy-derived/canonical_N64_metric_Gram_sample64.npz,research-programme/reproducibility/20260909/source-intake/navier-stokes/20260909/annular-H1-clock-energy-derived/canonical_N64_metric_Gram_sample64.npz,29433,e721217cec1833135d221b575290a265d6167bb061d8be7127dc4bedd68c8387,e721217cec1833135d221b575290a265d6167bb061d8be7127dc4bedd68c8387,e721217cec1833135d221b575290a265d6167bb061d8be7127dc4bedd68c8387,verified
input,source-intake/navier-stokes/20260909/annular-second-metric-source-derived/status.json,research-programme/reproducibility/20260909/source-intake/navier-stokes/20260909/annular-second-metric-source-derived/status.json,475433,597cfd08e86e757270b65975429f3d7147e792cf11735364c407e2a9e2ffa071,597cfd08e86e757270b65975429f3d7147e792cf11735364c407e2a9e2ffa071,597cfd08e86e757270b65975429f3d7147e792cf11735364c407e2a9e2ffa071,verified
input,source-intake/navier-stokes/20260909/annular-second-metric-source-derived/COMPLETE,research-programme/reproducibility/20260909/source-intake/navier-stokes/20260909/annular-second-metric-source-derived/COMPLETE,34,65ab068bac49ba65ee36c9262680a2bdeff11b8c92de0cfa72a800e494b4d786,65ab068bac49ba65ee36c9262680a2bdeff11b8c92de0cfa72a800e494b4d786,65ab068bac49ba65ee36c9262680a2bdeff11b8c92de0cfa72a800e494b4d786,verified
input,source-intake/navier-stokes/20260909/annular-second-metric-source-derived/executed-script.py,research-programme/reproducibility/20260909/source-intake/navier-stokes/20260909/annular-second-metric-source-derived/executed-script.py,23373,2647b8cd76b2697ffaa1d8f9adc9f56856de37ad8813ad1b9e060b27e6dfa272,2647b8cd76b2697ffaa1d8f9adc9f56856de37ad8813ad1b9e060b27e6dfa272,2647b8cd76b2697ffaa1d8f9adc9f56856de37ad8813ad1b9e060b27e6dfa272,verified
input,DERIVATION-20260909-second-metric-source-and-clock-acceleration-bound.md,research-programme/reproducibility/20260909/DERIVATION-20260909-second-metric-source-and-clock-acceleration-bound.md,16369,1e054745f9f5542551147e40c3eff27a69c06c36855083df53a277e8029ab3f1,1e054745f9f5542551147e40c3eff27a69c06c36855083df53a277e8029ab3f1,1e054745f9f5542551147e40c3eff27a69c06c36855083df53a277e8029ab3f1,verified
input,source-intake/navier-stokes/20260909/annular-second-metric-source-final-integrity.json,research-programme/reproducibility/20260909/source-intake/navier-stokes/20260909/annular-second-metric-source-final-integrity.json,312858,2861f11de11ce5f880f9665f1fc38254478d7fb60b4af1181bf6ded9a00c52e3,2861f11de11ce5f880f9665f1fc38254478d7fb60b4af1181bf6ded9a00c52e3,2861f11de11ce5f880f9665f1fc38254478d7fb60b4af1181bf6ded9a00c52e3,verified
input,scripts/annular_spatial_clock_energy_20260909.py,research-programme/reproducibility/20260909/scripts/annular_spatial_clock_energy_20260909.py,9225,3be680c0f4565fb491aa04e46718b8c34485a5fba5a7a22eb82ac0a8ec00ccf2,3be680c0f4565fb491aa04e46718b8c34485a5fba5a7a22eb82ac0a8ec00ccf2,3be680c0f4565fb491aa04e46718b8c34485a5fba5a7a22eb82ac0a8ec00ccf2,verified
input,scripts/derive_annular_spatial_clock_energy_20260909.py,research-programme/reproducibility/20260909/scripts/derive_annular_spatial_clock_energy_20260909.py,17848,56a0a831d5b9da28cfb5775537c702ab132c25e4b73e748c2b154ed7a0badbea,56a0a831d5b9da28cfb5775537c702ab132c25e4b73e748c2b154ed7a0badbea,56a0a831d5b9da28cfb5775537c702ab132c25e4b73e748c2b154ed7a0badbea,verified
input,source-intake/navier-stokes/20260909/annular-spatial-clock-energy-derived/status.json,research-programme/reproducibility/20260909/source-intake/navier-stokes/20260909/annular-spatial-clock-energy-derived/status.json,417183,60a8e8ab5b337ab24f4bead4254042a3620c7df1557e012c43a77eac22263e25,60a8e8ab5b337ab24f4bead4254042a3620c7df1557e012c43a77eac22263e25,60a8e8ab5b337ab24f4bead4254042a3620c7df1557e012c43a77eac22263e25,verified
input,source-intake/navier-stokes/20260909/annular-spatial-clock-energy-derived/COMPLETE,research-programme/reproducibility/20260909/source-intake/navier-stokes/20260909/annular-spatial-clock-energy-derived/COMPLETE,34,caaae21757d2ec6ca35f3dab067935038a631aac33e0f57693e007b51fafeb43,caaae21757d2ec6ca35f3dab067935038a631aac33e0f57693e007b51fafeb43,caaae21757d2ec6ca35f3dab067935038a631aac33e0f57693e007b51fafeb43,verified
input,source-intake/navier-stokes/20260909/annular-spatial-clock-energy-derived/executed-script.py,research-programme/reproducibility/20260909/source-intake/navier-stokes/20260909/annular-spatial-clock-energy-derived/executed-script.py,17848,56a0a831d5b9da28cfb5775537c702ab132c25e4b73e748c2b154ed7a0badbea,56a0a831d5b9da28cfb5775537c702ab132c25e4b73e748c2b154ed7a0badbea,56a0a831d5b9da28cfb5775537c702ab132c25e4b73e748c2b154ed7a0badbea,verified
input,DERIVATION-20260909-spatial-clock-energy-with-retained-interfaces.md,research-programme/reproducibility/20260909/DERIVATION-20260909-spatial-clock-energy-with-retained-interfaces.md,10116,e18c193f23ef689ca41ebcac55225a2db7d027eb2f0cba4e70ec04f96dc8ae3c,e18c193f23ef689ca41ebcac55225a2db7d027eb2f0cba4e70ec04f96dc8ae3c,e18c193f23ef689ca41ebcac55225a2db7d027eb2f0cba4e70ec04f96dc8ae3c,verified
output,source-intake/navier-stokes/20260909/annular-action-boundary-current-derived/canonical_N16_GR.npz,research-programme/reproducibility/20260909/source-intake/navier-stokes/20260909/annular-action-boundary-current-derived/canonical_N16_GR.npz,10515,77d70a8aee9df3799afa896201e055242ebc7c9b099c297f3c83dc4e4e3dd1b0,77d70a8aee9df3799afa896201e055242ebc7c9b099c297f3c83dc4e4e3dd1b0,77d70a8aee9df3799afa896201e055242ebc7c9b099c297f3c83dc4e4e3dd1b0,verified
output,source-intake/navier-stokes/20260909/annular-action-boundary-current-derived/canonical_N16_metric_Gram.npz,research-programme/reproducibility/20260909/source-intake/navier-stokes/20260909/annular-action-boundary-current-derived/canonical_N16_metric_Gram.npz,16815,85aa95186ac9ec8f7efaaa8f5787a14801cd451fdd47407dccfa6cf000cd259a,85aa95186ac9ec8f7efaaa8f5787a14801cd451fdd47407dccfa6cf000cd259a,85aa95186ac9ec8f7efaaa8f5787a14801cd451fdd47407dccfa6cf000cd259a,verified
output,source-intake/navier-stokes/20260909/annular-action-boundary-current-derived/canonical_N32_GR.npz,research-programme/reproducibility/20260909/source-intake/navier-stokes/20260909/annular-action-boundary-current-derived/canonical_N32_GR.npz,11782,25268cb75867ebdab1fdd5bf4ada0f550f1719dc71c15dbe57d64c6dc2fbaea6,25268cb75867ebdab1fdd5bf4ada0f550f1719dc71c15dbe57d64c6dc2fbaea6,25268cb75867ebdab1fdd5bf4ada0f550f1719dc71c15dbe57d64c6dc2fbaea6,verified
output,source-intake/navier-stokes/20260909/annular-action-boundary-current-derived/canonical_N32_metric_Gram.npz,research-programme/reproducibility/20260909/source-intake/navier-stokes/20260909/annular-action-boundary-current-derived/canonical_N32_metric_Gram.npz,20665,4f8e151962540372371b5d4bcc973e580eac9ad76cef994f39e89ee4df1ffd46,4f8e151962540372371b5d4bcc973e580eac9ad76cef994f39e89ee4df1ffd46,4f8e151962540372371b5d4bcc973e580eac9ad76cef994f39e89ee4df1ffd46,verified
output,source-intake/navier-stokes/20260909/annular-action-boundary-current-derived/canonical_N64_GR.npz,research-programme/reproducibility/20260909/source-intake/navier-stokes/20260909/annular-action-boundary-current-derived/canonical_N64_GR.npz,14222,0e765c63a6f561ef61dac648903c148bd1cdc3b1760e807d854a8a6493e82d8c,0e765c63a6f561ef61dac648903c148bd1cdc3b1760e807d854a8a6493e82d8c,0e765c63a6f561ef61dac648903c148bd1cdc3b1760e807d854a8a6493e82d8c,verified
output,source-intake/navier-stokes/20260909/annular-action-boundary-current-derived/canonical_N64_metric_Gram.npz,research-programme/reproducibility/20260909/source-intake/navier-stokes/20260909/annular-action-boundary-current-derived/canonical_N64_metric_Gram.npz,28196,6a542732e15fb373e9308f22dea04b69799e21441b8be313f8bee1370d720e7b,6a542732e15fb373e9308f22dea04b69799e21441b8be313f8bee1370d720e7b,6a542732e15fb373e9308f22dea04b69799e21441b8be313f8bee1370d720e7b,verified
output,source-intake/navier-stokes/20260909/annular-action-boundary-current-derived/nonlinear_modulated_N16_GR.npz,research-programme/reproducibility/20260909/source-intake/navier-stokes/20260909/annular-action-boundary-current-derived/nonlinear_modulated_N16_GR.npz,10502,8d07f8c3ca44af49eebf49bc27c1371c511bb4f679b04f0d5a1cd431f9eeb6cd,8d07f8c3ca44af49eebf49bc27c1371c511bb4f679b04f0d5a1cd431f9eeb6cd,8d07f8c3ca44af49eebf49bc27c1371c511bb4f679b04f0d5a1cd431f9eeb6cd,verified
output,source-intake/navier-stokes/20260909/annular-action-boundary-current-derived/nonlinear_modulated_N16_metric_Gram.npz,research-programme/reproducibility/20260909/source-intake/navier-stokes/20260909/annular-action-boundary-current-derived/nonlinear_modulated_N16_metric_Gram.npz,17097,c4e5cb11c00b00275f56f914fc32e1e435641de6f7b94beef7702a890e80ceb9,c4e5cb11c00b00275f56f914fc32e1e435641de6f7b94beef7702a890e80ceb9,c4e5cb11c00b00275f56f914fc32e1e435641de6f7b94beef7702a890e80ceb9,verified
output,source-intake/navier-stokes/20260909/annular-action-boundary-current-derived/nonlinear_modulated_N32_GR.npz,research-programme/reproducibility/20260909/source-intake/navier-stokes/20260909/annular-action-boundary-current-derived/nonlinear_modulated_N32_GR.npz,11838,6c253dff8d2f4c93fedafe64083613f838b5ce7d2be6dc8c9bc3875b751d6853,6c253dff8d2f4c93fedafe64083613f838b5ce7d2be6dc8c9bc3875b751d6853,6c253dff8d2f4c93fedafe64083613f838b5ce7d2be6dc8c9bc3875b751d6853,verified
output,source-intake/navier-stokes/20260909/annular-action-boundary-current-derived/nonlinear_modulated_N32_metric_Gram.npz,research-programme/reproducibility/20260909/source-intake/navier-stokes/20260909/annular-action-boundary-current-derived/nonlinear_modulated_N32_metric_Gram.npz,21186,11541572afb32f4d8d8d55ddb270eb2ed77d5b4f6032175c9a0480c936ad31e2,11541572afb32f4d8d8d55ddb270eb2ed77d5b4f6032175c9a0480c936ad31e2,11541572afb32f4d8d8d55ddb270eb2ed77d5b4f6032175c9a0480c936ad31e2,verified
output,source-intake/navier-stokes/20260909/annular-action-boundary-current-derived/nonlinear_modulated_N64_GR.npz,research-programme/reproducibility/20260909/source-intake/navier-stokes/20260909/annular-action-boundary-current-derived/nonlinear_modulated_N64_GR.npz,14237,26e495ed1c102368f3cdfc427b43b5be7d58837ed43aeb9eae32a684ac73f161,26e495ed1c102368f3cdfc427b43b5be7d58837ed43aeb9eae32a684ac73f161,26e495ed1c102368f3cdfc427b43b5be7d58837ed43aeb9eae32a684ac73f161,verified
output,source-intake/navier-stokes/20260909/annular-action-boundary-current-derived/nonlinear_modulated_N64_metric_Gram.npz,research-programme/reproducibility/20260909/source-intake/navier-stokes/20260909/annular-action-boundary-current-derived/nonlinear_modulated_N64_metric_Gram.npz,29287,2e1e650fb90a50d85d15b44b3f30c135ac5be8b2acb67633860bf5353e0af22e,2e1e650fb90a50d85d15b44b3f30c135ac5be8b2acb67633860bf5353e0af22e,2e1e650fb90a50d85d15b44b3f30c135ac5be8b2acb67633860bf5353e0af22e,verified
output,source-intake/navier-stokes/20260909/annular-boundary-N64-evolution-smoke/canonical_N64_GR_steps16.npz,research-programme/reproducibility/20260909/source-intake/navier-stokes/20260909/annular-boundary-N64-evolution-smoke/canonical_N64_GR_steps16.npz,98794,72e0f2e028b947389b7595380dfced18548a800b9c492f3e1a8e1227ed235bf9,72e0f2e028b947389b7595380dfced18548a800b9c492f3e1a8e1227ed235bf9,72e0f2e028b947389b7595380dfced18548a800b9c492f3e1a8e1227ed235bf9,verified
output,source-intake/navier-stokes/20260909/annular-boundary-N64-evolution-smoke/canonical_N64_GR_steps16.json,research-programme/reproducibility/20260909/source-intake/navier-stokes/20260909/annular-boundary-N64-evolution-smoke/canonical_N64_GR_steps16.json,12368,e659da4fbbe2790ba0dc9a322a8212cbe7ac6675b5a4d4f4167e345037258f31,e659da4fbbe2790ba0dc9a322a8212cbe7ac6675b5a4d4f4167e345037258f31,e659da4fbbe2790ba0dc9a322a8212cbe7ac6675b5a4d4f4167e345037258f31,verified
output,source-intake/navier-stokes/20260909/annular-boundary-N64-evolution-smoke/canonical_N64_GR_steps32.npz,research-programme/reproducibility/20260909/source-intake/navier-stokes/20260909/annular-boundary-N64-evolution-smoke/canonical_N64_GR_steps32.npz,189122,0f1870a61cd71f06bee323583b28d7e07344a63461efcd78d936c3e7130de5ec,0f1870a61cd71f06bee323583b28d7e07344a63461efcd78d936c3e7130de5ec,0f1870a61cd71f06bee323583b28d7e07344a63461efcd78d936c3e7130de5ec,verified
output,source-intake/navier-stokes/20260909/annular-boundary-N64-evolution-smoke/canonical_N64_GR_steps32.json,research-programme/reproducibility/20260909/source-intake/navier-stokes/20260909/annular-boundary-N64-evolution-smoke/canonical_N64_GR_steps32.json,24008,31c7a3ff5a0488f267619c24eb13f2df5f89831540ff71ac9288453714d61e17,31c7a3ff5a0488f267619c24eb13f2df5f89831540ff71ac9288453714d61e17,31c7a3ff5a0488f267619c24eb13f2df5f89831540ff71ac9288453714d61e17,verified
output,source-intake/navier-stokes/20260909/annular-boundary-N64-evolution-smoke/canonical_N64_GR_sample0.npz,research-programme/reproducibility/20260909/source-intake/navier-stokes/20260909/annular-boundary-N64-evolution-smoke/canonical_N64_GR_sample0.npz,28840,d65c5d5193cae7e99180032b0f4932524cd8d6f0b7f66225b3e5ba92a814cbc5,d65c5d5193cae7e99180032b0f4932524cd8d6f0b7f66225b3e5ba92a814cbc5,d65c5d5193cae7e99180032b0f4932524cd8d6f0b7f66225b3e5ba92a814cbc5,verified
output,source-intake/navier-stokes/20260909/annular-boundary-N64-evolution-smoke/canonical_N64_GR_sample32.npz,research-programme/reproducibility/20260909/source-intake/navier-stokes/20260909/annular-boundary-N64-evolution-smoke/canonical_N64_GR_sample32.npz,28937,ebc06586f3f6763d63ec2eaac0426eba7f9f5c975062e4d503bfc198a33b7b8b,ebc06586f3f6763d63ec2eaac0426eba7f9f5c975062e4d503bfc198a33b7b8b,ebc06586f3f6763d63ec2eaac0426eba7f9f5c975062e4d503bfc198a33b7b8b,verified
output,source-intake/navier-stokes/20260909/annular-boundary-N64-evolution-smoke/canonical_N64_GR_sample64.npz,research-programme/reproducibility/20260909/source-intake/navier-stokes/20260909/annular-boundary-N64-evolution-smoke/canonical_N64_GR_sample64.npz,29072,3fd8b119e39da991c347f15703cf77115708b507786ec362f54b04d1a8b82bde,3fd8b119e39da991c347f15703cf77115708b507786ec362f54b04d1a8b82bde,3fd8b119e39da991c347f15703cf77115708b507786ec362f54b04d1a8b82bde,verified
output,source-intake/navier-stokes/20260909/annular-boundary-N64-evolution-smoke/canonical_N64_GR_steps64.npz,research-programme/reproducibility/20260909/source-intake/navier-stokes/20260909/annular-boundary-N64-evolution-smoke/canonical_N64_GR_steps64.npz,369593,251eec4d49386f00815597807df7baf1ef7a5bfcb075013d54da004b882edbce,251eec4d49386f00815597807df7baf1ef7a5bfcb075013d54da004b882edbce,251eec4d49386f00815597807df7baf1ef7a5bfcb075013d54da004b882edbce,verified
output,source-intake/navier-stokes/20260909/annular-boundary-N64-evolution-smoke/canonical_N64_GR_steps64.json,research-programme/reproducibility/20260909/source-intake/navier-stokes/20260909/annular-boundary-N64-evolution-smoke/canonical_N64_GR_steps64.json,47339,08572f59a7d46901d0263b0984a634eeb39cb8edb0be46a54e209c6547bdd426,08572f59a7d46901d0263b0984a634eeb39cb8edb0be46a54e209c6547bdd426,08572f59a7d46901d0263b0984a634eeb39cb8edb0be46a54e209c6547bdd426,verified
output,source-intake/navier-stokes/20260909/annular-boundary-N64-evolution-smoke/canonical_N64_metric_Gram_steps16.npz,research-programme/reproducibility/20260909/source-intake/navier-stokes/20260909/annular-boundary-N64-evolution-smoke/canonical_N64_metric_Gram_steps16.npz,106357,de984e331b845b4df031d1b810545f65394e775d3acce4056625b4234d1deaf2,de984e331b845b4df031d1b810545f65394e775d3acce4056625b4234d1deaf2,de984e331b845b4df031d1b810545f65394e775d3acce4056625b4234d1deaf2,verified
output,source-intake/navier-stokes/20260909/annular-boundary-N64-evolution-smoke/canonical_N64_metric_Gram_steps16.json,research-programme/reproducibility/20260909/source-intake/navier-stokes/20260909/annular-boundary-N64-evolution-smoke/canonical_N64_metric_Gram_steps16.json,12365,78d1af2f48b36e5d59d62e5d9f565254b1b35507e7853dc468282df4b8a68ee2,78d1af2f48b36e5d59d62e5d9f565254b1b35507e7853dc468282df4b8a68ee2,78d1af2f48b36e5d59d62e5d9f565254b1b35507e7853dc468282df4b8a68ee2,verified
output,source-intake/navier-stokes/20260909/annular-boundary-N64-evolution-smoke/canonical_N64_metric_Gram_steps32.npz,research-programme/reproducibility/20260909/source-intake/navier-stokes/20260909/annular-boundary-N64-evolution-smoke/canonical_N64_metric_Gram_steps32.npz,203312,d5cfd307877a431246410920aca8ad224822e2d931ee02f1c7e9402035b63bef,d5cfd307877a431246410920aca8ad224822e2d931ee02f1c7e9402035b63bef,d5cfd307877a431246410920aca8ad224822e2d931ee02f1c7e9402035b63bef,verified
output,source-intake/navier-stokes/20260909/annular-boundary-N64-evolution-smoke/canonical_N64_metric_Gram_steps32.json,research-programme/reproducibility/20260909/source-intake/navier-stokes/20260909/annular-boundary-N64-evolution-smoke/canonical_N64_metric_Gram_steps32.json,24012,a9791cec66851b6a6d5c0ecacb3749a1b69e2647c450bc6beb8be5aaa824c46b,a9791cec66851b6a6d5c0ecacb3749a1b69e2647c450bc6beb8be5aaa824c46b,a9791cec66851b6a6d5c0ecacb3749a1b69e2647c450bc6beb8be5aaa824c46b,verified
output,source-intake/navier-stokes/20260909/annular-boundary-N64-evolution-smoke/canonical_N64_metric_Gram_sample0.npz,research-programme/reproducibility/20260909/source-intake/navier-stokes/20260909/annular-boundary-N64-evolution-smoke/canonical_N64_metric_Gram_sample0.npz,45657,20f522ae734ab15c06c2ac48962b30df434b2827015816ab6da5954d5bf0b1bc,20f522ae734ab15c06c2ac48962b30df434b2827015816ab6da5954d5bf0b1bc,20f522ae734ab15c06c2ac48962b30df434b2827015816ab6da5954d5bf0b1bc,verified
output,source-intake/navier-stokes/20260909/annular-boundary-N64-evolution-smoke/canonical_N64_metric_Gram_sample32.npz,research-programme/reproducibility/20260909/source-intake/navier-stokes/20260909/annular-boundary-N64-evolution-smoke/canonical_N64_metric_Gram_sample32.npz,45939,0bb08938f2c2d120d32a0d647e175d203faf146c6852048c487095f4ecc0fdf5,0bb08938f2c2d120d32a0d647e175d203faf146c6852048c487095f4ecc0fdf5,0bb08938f2c2d120d32a0d647e175d203faf146c6852048c487095f4ecc0fdf5,verified
output,source-intake/navier-stokes/20260909/annular-boundary-N64-evolution-smoke/canonical_N64_metric_Gram_sample64.npz,research-programme/reproducibility/20260909/source-intake/navier-stokes/20260909/annular-boundary-N64-evolution-smoke/canonical_N64_metric_Gram_sample64.npz,45750,7e13b07590b37853c8fa3cf73fbf26a00f2094aa6049976cf2e0ac1ad0dca7a5,7e13b07590b37853c8fa3cf73fbf26a00f2094aa6049976cf2e0ac1ad0dca7a5,7e13b07590b37853c8fa3cf73fbf26a00f2094aa6049976cf2e0ac1ad0dca7a5,verified
output,source-intake/navier-stokes/20260909/annular-boundary-N64-evolution-smoke/canonical_N64_metric_Gram_steps64.npz,research-programme/reproducibility/20260909/source-intake/navier-stokes/20260909/annular-boundary-N64-evolution-smoke/canonical_N64_metric_Gram_steps64.npz,397386,2dbd139127aacdb3cc5514a52832cfffbc07cc72fee073ff82fbb1b5287b5969,2dbd139127aacdb3cc5514a52832cfffbc07cc72fee073ff82fbb1b5287b5969,2dbd139127aacdb3cc5514a52832cfffbc07cc72fee073ff82fbb1b5287b5969,verified
output,source-intake/navier-stokes/20260909/annular-boundary-N64-evolution-smoke/canonical_N64_metric_Gram_steps64.json,research-programme/reproducibility/20260909/source-intake/navier-stokes/20260909/annular-boundary-N64-evolution-smoke/canonical_N64_metric_Gram_steps64.json,47340,f7d7a6e757478f9ea540e65091fcb9cea30177e8333726d11aa6fd3312daf3dd,f7d7a6e757478f9ea540e65091fcb9cea30177e8333726d11aa6fd3312daf3dd,f7d7a6e757478f9ea540e65091fcb9cea30177e8333726d11aa6fd3312daf3dd,verified
output,source-intake/navier-stokes/20260909/annular-boundary-N64-evolution-smoke/nonlinear_modulated_N64_GR_steps16.npz,research-programme/reproducibility/20260909/source-intake/navier-stokes/20260909/annular-boundary-N64-evolution-smoke/nonlinear_modulated_N64_GR_steps16.npz,99286,730cb90815e953e7edcdcec3a6534497b62635d63c413b96ea1b8c47973aa3fc,730cb90815e953e7edcdcec3a6534497b62635d63c413b96ea1b8c47973aa3fc,730cb90815e953e7edcdcec3a6534497b62635d63c413b96ea1b8c47973aa3fc,verified
output,source-intake/navier-stokes/20260909/annular-boundary-N64-evolution-smoke/nonlinear_modulated_N64_GR_steps16.json,research-programme/reproducibility/20260909/source-intake/navier-stokes/20260909/annular-boundary-N64-evolution-smoke/nonlinear_modulated_N64_GR_steps16.json,12616,ae3675f0bf93c1b5ea31fc98314ee75a9bec4be64ba10245a3eccf767c011a7e,ae3675f0bf93c1b5ea31fc98314ee75a9bec4be64ba10245a3eccf767c011a7e,ae3675f0bf93c1b5ea31fc98314ee75a9bec4be64ba10245a3eccf767c011a7e,verified
output,source-intake/navier-stokes/20260909/annular-boundary-N64-evolution-smoke/nonlinear_modulated_N64_GR_steps32.npz,research-programme/reproducibility/20260909/source-intake/navier-stokes/20260909/annular-boundary-N64-evolution-smoke/nonlinear_modulated_N64_GR_steps32.npz,189660,9ec4fced4969f13f13ed9a47df48fe5ac8951fdc71a84285769a955f2d4af869,9ec4fced4969f13f13ed9a47df48fe5ac8951fdc71a84285769a955f2d4af869,9ec4fced4969f13f13ed9a47df48fe5ac8951fdc71a84285769a955f2d4af869,verified
output,source-intake/navier-stokes/20260909/annular-boundary-N64-evolution-smoke/nonlinear_modulated_N64_GR_steps32.json,research-programme/reproducibility/20260909/source-intake/navier-stokes/20260909/annular-boundary-N64-evolution-smoke/nonlinear_modulated_N64_GR_steps32.json,24433,73c4d8dddb6b2dc19b2e28c39375156bb85cc7ac1284aa0c508f4b3ac3c505e6,73c4d8dddb6b2dc19b2e28c39375156bb85cc7ac1284aa0c508f4b3ac3c505e6,73c4d8dddb6b2dc19b2e28c39375156bb85cc7ac1284aa0c508f4b3ac3c505e6,verified
output,source-intake/navier-stokes/20260909/annular-boundary-N64-evolution-smoke/nonlinear_modulated_N64_GR_sample0.npz,research-programme/reproducibility/20260909/source-intake/navier-stokes/20260909/annular-boundary-N64-evolution-smoke/nonlinear_modulated_N64_GR_sample0.npz,29820,755d3d21c3eab5430213b26d2dbaf038313030c983746a4b2770311eeac847bd,755d3d21c3eab5430213b26d2dbaf038313030c983746a4b2770311eeac847bd,755d3d21c3eab5430213b26d2dbaf038313030c983746a4b2770311eeac847bd,verified
output,source-intake/navier-stokes/20260909/annular-boundary-N64-evolution-smoke/nonlinear_modulated_N64_GR_sample32.npz,research-programme/reproducibility/20260909/source-intake/navier-stokes/20260909/annular-boundary-N64-evolution-smoke/nonlinear_modulated_N64_GR_sample32.npz,30012,ab118d47f17622ee71a88d128a08e94bec705259d74658c50db22ba3f65e4ce6,ab118d47f17622ee71a88d128a08e94bec705259d74658c50db22ba3f65e4ce6,ab118d47f17622ee71a88d128a08e94bec705259d74658c50db22ba3f65e4ce6,verified
output,source-intake/navier-stokes/20260909/annular-boundary-N64-evolution-smoke/nonlinear_modulated_N64_GR_sample64.npz,research-programme/reproducibility/20260909/source-intake/navier-stokes/20260909/annular-boundary-N64-evolution-smoke/nonlinear_modulated_N64_GR_sample64.npz,30002,ad0dc9775e621a375ca12f7cb6cfff41a8bcb35baa6669088fe87070935b0a0d,ad0dc9775e621a375ca12f7cb6cfff41a8bcb35baa6669088fe87070935b0a0d,ad0dc9775e621a375ca12f7cb6cfff41a8bcb35baa6669088fe87070935b0a0d,verified
output,source-intake/navier-stokes/20260909/annular-boundary-N64-evolution-smoke/nonlinear_modulated_N64_GR_steps64.npz,research-programme/reproducibility/20260909/source-intake/navier-stokes/20260909/annular-boundary-N64-evolution-smoke/nonlinear_modulated_N64_GR_steps64.npz,370748,28cb45a648d2c5ad1a5821dba284a2f9c3f6af174d9c2c74f05b63dbd24f4571,28cb45a648d2c5ad1a5821dba284a2f9c3f6af174d9c2c74f05b63dbd24f4571,28cb45a648d2c5ad1a5821dba284a2f9c3f6af174d9c2c74f05b63dbd24f4571,verified
output,source-intake/navier-stokes/20260909/annular-boundary-N64-evolution-smoke/nonlinear_modulated_N64_GR_steps64.json,research-programme/reproducibility/20260909/source-intake/navier-stokes/20260909/annular-boundary-N64-evolution-smoke/nonlinear_modulated_N64_GR_steps64.json,48277,6165d7e7bd577a0786ccebd62360cf7924a5891fc81a8c7a72a90b6375e11b5f,6165d7e7bd577a0786ccebd62360cf7924a5891fc81a8c7a72a90b6375e11b5f,6165d7e7bd577a0786ccebd62360cf7924a5891fc81a8c7a72a90b6375e11b5f,verified
output,source-intake/navier-stokes/20260909/annular-boundary-N64-evolution-smoke/nonlinear_modulated_N64_metric_Gram_steps16.npz,research-programme/reproducibility/20260909/source-intake/navier-stokes/20260909/annular-boundary-N64-evolution-smoke/nonlinear_modulated_N64_metric_Gram_steps16.npz,106748,55ba657be282ab3a5fe9df5eaa472f96dea2be64cecae87bf1d8204dfc555edc,55ba657be282ab3a5fe9df5eaa472f96dea2be64cecae87bf1d8204dfc555edc,55ba657be282ab3a5fe9df5eaa472f96dea2be64cecae87bf1d8204dfc555edc,verified
output,source-intake/navier-stokes/20260909/annular-boundary-N64-evolution-smoke/nonlinear_modulated_N64_metric_Gram_steps16.json,research-programme/reproducibility/20260909/source-intake/navier-stokes/20260909/annular-boundary-N64-evolution-smoke/nonlinear_modulated_N64_metric_Gram_steps16.json,12633,5d24b97842647c092c85ee0ad6a17e3c82e755016601b5979044d659351f86b0,5d24b97842647c092c85ee0ad6a17e3c82e755016601b5979044d659351f86b0,5d24b97842647c092c85ee0ad6a17e3c82e755016601b5979044d659351f86b0,verified
output,source-intake/navier-stokes/20260909/annular-boundary-N64-evolution-smoke/nonlinear_modulated_N64_metric_Gram_steps32.npz,research-programme/reproducibility/20260909/source-intake/navier-stokes/20260909/annular-boundary-N64-evolution-smoke/nonlinear_modulated_N64_metric_Gram_steps32.npz,203491,651b8b30213e56ec01b827011e6910593e75a2c7ebf3e3a994881b144fe469d8,651b8b30213e56ec01b827011e6910593e75a2c7ebf3e3a994881b144fe469d8,651b8b30213e56ec01b827011e6910593e75a2c7ebf3e3a994881b144fe469d8,verified
output,source-intake/navier-stokes/20260909/annular-boundary-N64-evolution-smoke/nonlinear_modulated_N64_metric_Gram_steps32.json,research-programme/reproducibility/20260909/source-intake/navier-stokes/20260909/annular-boundary-N64-evolution-smoke/nonlinear_modulated_N64_metric_Gram_steps32.json,24485,31cfcec4e04a6ad4a6b9ec3ec23907d8c14087b5a782c67b5dc200edd17c0a6a,31cfcec4e04a6ad4a6b9ec3ec23907d8c14087b5a782c67b5dc200edd17c0a6a,31cfcec4e04a6ad4a6b9ec3ec23907d8c14087b5a782c67b5dc200edd17c0a6a,verified
output,source-intake/navier-stokes/20260909/annular-boundary-N64-evolution-smoke/nonlinear_modulated_N64_metric_Gram_sample0.npz,research-programme/reproducibility/20260909/source-intake/navier-stokes/20260909/annular-boundary-N64-evolution-smoke/nonlinear_modulated_N64_metric_Gram_sample0.npz,47991,9a45619bc0fbd50a531400e4d7ddf2bb18e49ec734f3aae4ed7d2542e2b61081,9a45619bc0fbd50a531400e4d7ddf2bb18e49ec734f3aae4ed7d2542e2b61081,9a45619bc0fbd50a531400e4d7ddf2bb18e49ec734f3aae4ed7d2542e2b61081,verified
output,source-intake/navier-stokes/20260909/annular-boundary-N64-evolution-smoke/nonlinear_modulated_N64_metric_Gram_sample32.npz,research-programme/reproducibility/20260909/source-intake/navier-stokes/20260909/annular-boundary-N64-evolution-smoke/nonlinear_modulated_N64_metric_Gram_sample32.npz,48154,2d75171ea184562721b7b7d3fb8c6dbd9330886bdc01f4b6befa86d52b5f7d14,2d75171ea184562721b7b7d3fb8c6dbd9330886bdc01f4b6befa86d52b5f7d14,2d75171ea184562721b7b7d3fb8c6dbd9330886bdc01f4b6befa86d52b5f7d14,verified
output,source-intake/navier-stokes/20260909/annular-boundary-N64-evolution-smoke/nonlinear_modulated_N64_metric_Gram_sample64.npz,research-programme/reproducibility/20260909/source-intake/navier-stokes/20260909/annular-boundary-N64-evolution-smoke/nonlinear_modulated_N64_metric_Gram_sample64.npz,48177,1172fc99daafbbea0072945f55746662dbf04a7a3fea15b31a2848f828c52eca,1172fc99daafbbea0072945f55746662dbf04a7a3fea15b31a2848f828c52eca,1172fc99daafbbea0072945f55746662dbf04a7a3fea15b31a2848f828c52eca,verified
output,source-intake/navier-stokes/20260909/annular-boundary-N64-evolution-smoke/nonlinear_modulated_N64_metric_Gram_steps64.npz,research-programme/reproducibility/20260909/source-intake/navier-stokes/20260909/annular-boundary-N64-evolution-smoke/nonlinear_modulated_N64_metric_Gram_steps64.npz,397838,081463cab2288be536b5a2728e1aee92c457b913c42f174f3f373648b7d2fd80,081463cab2288be536b5a2728e1aee92c457b913c42f174f3f373648b7d2fd80,081463cab2288be536b5a2728e1aee92c457b913c42f174f3f373648b7d2fd80,verified
output,source-intake/navier-stokes/20260909/annular-boundary-N64-evolution-smoke/nonlinear_modulated_N64_metric_Gram_steps64.json,research-programme/reproducibility/20260909/source-intake/navier-stokes/20260909/annular-boundary-N64-evolution-smoke/nonlinear_modulated_N64_metric_Gram_steps64.json,48300,7b9d0f9eb11176da2c094b3985a004ab8fecb07e9fae6fbef1cbd54aa2cc8b34,7b9d0f9eb11176da2c094b3985a004ab8fecb07e9fae6fbef1cbd54aa2cc8b34,7b9d0f9eb11176da2c094b3985a004ab8fecb07e9fae6fbef1cbd54aa2cc8b34,verified
output,source-intake/navier-stokes/20260909/annular-boundary-affine-ramp-analysis/canonical_N16_GR_sample0.npz,research-programme/reproducibility/20260909/source-intake/navier-stokes/20260909/annular-boundary-affine-ramp-analysis/canonical_N16_GR_sample0.npz,2903,a70e9fe37935d1fbf3f597e31f6e973faeff72a270a4fd8953ebafed868c32a1,a70e9fe37935d1fbf3f597e31f6e973faeff72a270a4fd8953ebafed868c32a1,a70e9fe37935d1fbf3f597e31f6e973faeff72a270a4fd8953ebafed868c32a1,verified
output,source-intake/navier-stokes/20260909/annular-boundary-affine-ramp-analysis/canonical_N16_GR_sample16.npz,research-programme/reproducibility/20260909/source-intake/navier-stokes/20260909/annular-boundary-affine-ramp-analysis/canonical_N16_GR_sample16.npz,2903,f6dbea394b76b8aaf02584e5a920e0f3d73542e5db5503f8f07d856801340d0d,f6dbea394b76b8aaf02584e5a920e0f3d73542e5db5503f8f07d856801340d0d,f6dbea394b76b8aaf02584e5a920e0f3d73542e5db5503f8f07d856801340d0d,verified
output,source-intake/navier-stokes/20260909/annular-boundary-affine-ramp-analysis/canonical_N16_GR_sample32.npz,research-programme/reproducibility/20260909/source-intake/navier-stokes/20260909/annular-boundary-affine-ramp-analysis/canonical_N16_GR_sample32.npz,2898,461a09bbe1ada4d71a1bb700f6a90ff4b2fbb5f3b8fe5b1019e35f5a3f11ae48,461a09bbe1ada4d71a1bb700f6a90ff4b2fbb5f3b8fe5b1019e35f5a3f11ae48,461a09bbe1ada4d71a1bb700f6a90ff4b2fbb5f3b8fe5b1019e35f5a3f11ae48,verified
output,source-intake/navier-stokes/20260909/annular-boundary-affine-ramp-analysis/canonical_N16_GR_boundary_timeseries.npz,research-programme/reproducibility/20260909/source-intake/navier-stokes/20260909/annular-boundary-affine-ramp-analysis/canonical_N16_GR_boundary_timeseries.npz,2657,227880d959f54ba567d8b8f1517433c24a4717af1adfcc14bd20a7e9cf303843,227880d959f54ba567d8b8f1517433c24a4717af1adfcc14bd20a7e9cf303843,227880d959f54ba567d8b8f1517433c24a4717af1adfcc14bd20a7e9cf303843,verified
output,source-intake/navier-stokes/20260909/annular-boundary-affine-ramp-analysis/canonical_N16_metric_Gram_sample0.npz,research-programme/reproducibility/20260909/source-intake/navier-stokes/20260909/annular-boundary-affine-ramp-analysis/canonical_N16_metric_Gram_sample0.npz,6742,e8c6ad3cabe10a0ed9f4b86b27e0be44312e5746ba9c47a459c172a0c70deea7,e8c6ad3cabe10a0ed9f4b86b27e0be44312e5746ba9c47a459c172a0c70deea7,e8c6ad3cabe10a0ed9f4b86b27e0be44312e5746ba9c47a459c172a0c70deea7,verified
output,source-intake/navier-stokes/20260909/annular-boundary-affine-ramp-analysis/manufactured-positive-lapse-kink.npz,research-programme/reproducibility/20260909/source-intake/navier-stokes/20260909/annular-boundary-affine-ramp-analysis/manufactured-positive-lapse-kink.npz,3601,95b17f29bf93ebf6488467e79d1a034e5bedafab274116e7efcec44e35620bd2,95b17f29bf93ebf6488467e79d1a034e5bedafab274116e7efcec44e35620bd2,95b17f29bf93ebf6488467e79d1a034e5bedafab274116e7efcec44e35620bd2,verified
output,source-intake/navier-stokes/20260909/annular-boundary-affine-ramp-analysis/canonical_N16_metric_Gram_sample16.npz,research-programme/reproducibility/20260909/source-intake/navier-stokes/20260909/annular-boundary-affine-ramp-analysis/canonical_N16_metric_Gram_sample16.npz,6757,c278ec804b38175a91f2e93a18cefb96c3501c43059cb9e1b0fcbc37657fe8e7,c278ec804b38175a91f2e93a18cefb96c3501c43059cb9e1b0fcbc37657fe8e7,c278ec804b38175a91f2e93a18cefb96c3501c43059cb9e1b0fcbc37657fe8e7,verified
output,source-intake/navier-stokes/20260909/annular-boundary-affine-ramp-analysis/canonical_N16_metric_Gram_sample32.npz,research-programme/reproducibility/20260909/source-intake/navier-stokes/20260909/annular-boundary-affine-ramp-analysis/canonical_N16_metric_Gram_sample32.npz,6754,23306ce63d37392dc7ed6000d2fea25ffe4492d4134b9b1b34b0c8a0dd60161b,23306ce63d37392dc7ed6000d2fea25ffe4492d4134b9b1b34b0c8a0dd60161b,23306ce63d37392dc7ed6000d2fea25ffe4492d4134b9b1b34b0c8a0dd60161b,verified
output,source-intake/navier-stokes/20260909/annular-boundary-affine-ramp-analysis/canonical_N16_metric_Gram_boundary_timeseries.npz,research-programme/reproducibility/20260909/source-intake/navier-stokes/20260909/annular-boundary-affine-ramp-analysis/canonical_N16_metric_Gram_boundary_timeseries.npz,2679,d3dcb50221f19669a9206557b4d961edb901cca3f321dcff2499db6b5ffc4dd0,d3dcb50221f19669a9206557b4d961edb901cca3f321dcff2499db6b5ffc4dd0,d3dcb50221f19669a9206557b4d961edb901cca3f321dcff2499db6b5ffc4dd0,verified
output,source-intake/navier-stokes/20260909/annular-boundary-affine-ramp-analysis/canonical_N32_GR_sample0.npz,research-programme/reproducibility/20260909/source-intake/navier-stokes/20260909/annular-boundary-affine-ramp-analysis/canonical_N32_GR_sample0.npz,3063,832f22b03df5c823497ee20267b9ddd88eb9ad4de35481f1f51971e74858df26,832f22b03df5c823497ee20267b9ddd88eb9ad4de35481f1f51971e74858df26,832f22b03df5c823497ee20267b9ddd88eb9ad4de35481f1f51971e74858df26,verified
output,source-intake/navier-stokes/20260909/annular-boundary-affine-ramp-analysis/canonical_N32_GR_sample16.npz,research-programme/reproducibility/20260909/source-intake/navier-stokes/20260909/annular-boundary-affine-ramp-analysis/canonical_N32_GR_sample16.npz,3063,6b09a5aa403167c25709ea650855c7a745f4413549c63d2f82abcf63cd6033db,6b09a5aa403167c25709ea650855c7a745f4413549c63d2f82abcf63cd6033db,6b09a5aa403167c25709ea650855c7a745f4413549c63d2f82abcf63cd6033db,verified
output,source-intake/navier-stokes/20260909/annular-boundary-affine-ramp-analysis/canonical_N32_GR_sample32.npz,research-programme/reproducibility/20260909/source-intake/navier-stokes/20260909/annular-boundary-affine-ramp-analysis/canonical_N32_GR_sample32.npz,3064,8f421c457ec7f1820114fedd11d1eee9049a3f5da047528ad70ea166460fb68b,8f421c457ec7f1820114fedd11d1eee9049a3f5da047528ad70ea166460fb68b,8f421c457ec7f1820114fedd11d1eee9049a3f5da047528ad70ea166460fb68b,verified
output,source-intake/navier-stokes/20260909/annular-boundary-affine-ramp-analysis/canonical_N32_GR_boundary_timeseries.npz,research-programme/reproducibility/20260909/source-intake/navier-stokes/20260909/annular-boundary-affine-ramp-analysis/canonical_N32_GR_boundary_timeseries.npz,2663,798782e704faf50eed71d29b7f201e97765b8171fec52d442edd8ab0f906b0f8,798782e704faf50eed71d29b7f201e97765b8171fec52d442edd8ab0f906b0f8,798782e704faf50eed71d29b7f201e97765b8171fec52d442edd8ab0f906b0f8,verified
output,source-intake/navier-stokes/20260909/annular-boundary-affine-ramp-analysis/canonical_N32_metric_Gram_sample0.npz,research-programme/reproducibility/20260909/source-intake/navier-stokes/20260909/annular-boundary-affine-ramp-analysis/canonical_N32_metric_Gram_sample0.npz,8743,dfdc78563a0a928cdad41ff136aa992abcb20118737f450fc6b7c48b24197d55,dfdc78563a0a928cdad41ff136aa992abcb20118737f450fc6b7c48b24197d55,dfdc78563a0a928cdad41ff136aa992abcb20118737f450fc6b7c48b24197d55,verified
output,source-intake/navier-stokes/20260909/annular-boundary-affine-ramp-analysis/canonical_N32_metric_Gram_sample16.npz,research-programme/reproducibility/20260909/source-intake/navier-stokes/20260909/annular-boundary-affine-ramp-analysis/canonical_N32_metric_Gram_sample16.npz,8736,972b5c196e24bbde05c54b732dcc8b69f2c9488dc863347ac09f91aece1084e7,972b5c196e24bbde05c54b732dcc8b69f2c9488dc863347ac09f91aece1084e7,972b5c196e24bbde05c54b732dcc8b69f2c9488dc863347ac09f91aece1084e7,verified
output,source-intake/navier-stokes/20260909/annular-boundary-affine-ramp-analysis/canonical_N32_metric_Gram_sample32.npz,research-programme/reproducibility/20260909/source-intake/navier-stokes/20260909/annular-boundary-affine-ramp-analysis/canonical_N32_metric_Gram_sample32.npz,8739,9f8c0d4b14312a94a68c52351cc4fa4c7c32492a26fd4c08be2be7c0859da013,9f8c0d4b14312a94a68c52351cc4fa4c7c32492a26fd4c08be2be7c0859da013,9f8c0d4b14312a94a68c52351cc4fa4c7c32492a26fd4c08be2be7c0859da013,verified
output,source-intake/navier-stokes/20260909/annular-boundary-affine-ramp-analysis/canonical_N32_metric_Gram_boundary_timeseries.npz,research-programme/reproducibility/20260909/source-intake/navier-stokes/20260909/annular-boundary-affine-ramp-analysis/canonical_N32_metric_Gram_boundary_timeseries.npz,2664,1608392a46afc7cf463d61a75c670b2b0fb041c3f6c8491cb60bb890092fe4b8,1608392a46afc7cf463d61a75c670b2b0fb041c3f6c8491cb60bb890092fe4b8,1608392a46afc7cf463d61a75c670b2b0fb041c3f6c8491cb60bb890092fe4b8,verified
output,source-intake/navier-stokes/20260909/annular-boundary-affine-ramp-analysis/canonical_N64_GR_sample0.npz,research-programme/reproducibility/20260909/source-intake/navier-stokes/20260909/annular-boundary-affine-ramp-analysis/canonical_N64_GR_sample0.npz,3357,114284605ea6baa95900a5fdcb9628619d39a89925a71e3ee0674f551592d672,114284605ea6baa95900a5fdcb9628619d39a89925a71e3ee0674f551592d672,114284605ea6baa95900a5fdcb9628619d39a89925a71e3ee0674f551592d672,verified
output,source-intake/navier-stokes/20260909/annular-boundary-affine-ramp-analysis/canonical_N64_GR_sample32.npz,research-programme/reproducibility/20260909/source-intake/navier-stokes/20260909/annular-boundary-affine-ramp-analysis/canonical_N64_GR_sample32.npz,3350,53773386fc01cc6ca029974e0ff5fdc323ea90a00c2f9011fe69a6d8feffb5e4,53773386fc01cc6ca029974e0ff5fdc323ea90a00c2f9011fe69a6d8feffb5e4,53773386fc01cc6ca029974e0ff5fdc323ea90a00c2f9011fe69a6d8feffb5e4,verified
output,source-intake/navier-stokes/20260909/annular-boundary-affine-ramp-analysis/canonical_N64_GR_sample64.npz,research-programme/reproducibility/20260909/source-intake/navier-stokes/20260909/annular-boundary-affine-ramp-analysis/canonical_N64_GR_sample64.npz,3351,a5dc6789d4d482a671f8f12bc4ee842b7f64c8897074d371930430b8f5f774b8,a5dc6789d4d482a671f8f12bc4ee842b7f64c8897074d371930430b8f5f774b8,a5dc6789d4d482a671f8f12bc4ee842b7f64c8897074d371930430b8f5f774b8,verified
output,source-intake/navier-stokes/20260909/annular-boundary-affine-ramp-analysis/canonical_N64_GR_boundary_timeseries.npz,research-programme/reproducibility/20260909/source-intake/navier-stokes/20260909/annular-boundary-affine-ramp-analysis/canonical_N64_GR_boundary_timeseries.npz,2653,b84630806f2a4f53c579084336e41be1245b20926996b85c8d09e2f781c46bd6,b84630806f2a4f53c579084336e41be1245b20926996b85c8d09e2f781c46bd6,b84630806f2a4f53c579084336e41be1245b20926996b85c8d09e2f781c46bd6,verified
output,source-intake/navier-stokes/20260909/annular-boundary-affine-ramp-analysis/canonical_N64_metric_Gram_sample0.npz,research-programme/reproducibility/20260909/source-intake/navier-stokes/20260909/annular-boundary-affine-ramp-analysis/canonical_N64_metric_Gram_sample0.npz,12455,726e7d6d6fe2ec5f2da255e3033cdbe22db2a7fdc89f586b95d704e27b00483d,726e7d6d6fe2ec5f2da255e3033cdbe22db2a7fdc89f586b95d704e27b00483d,726e7d6d6fe2ec5f2da255e3033cdbe22db2a7fdc89f586b95d704e27b00483d,verified
output,source-intake/navier-stokes/20260909/annular-boundary-affine-ramp-analysis/canonical_N64_metric_Gram_sample32.npz,research-programme/reproducibility/20260909/source-intake/navier-stokes/20260909/annular-boundary-affine-ramp-analysis/canonical_N64_metric_Gram_sample32.npz,12441,f82bdab9a36e36a80344d6bceaebc4e0862c9c97b7ed4a96b1bd232ec3177b5b,f82bdab9a36e36a80344d6bceaebc4e0862c9c97b7ed4a96b1bd232ec3177b5b,f82bdab9a36e36a80344d6bceaebc4e0862c9c97b7ed4a96b1bd232ec3177b5b,verified
output,source-intake/navier-stokes/20260909/annular-boundary-affine-ramp-analysis/canonical_N64_metric_Gram_sample64.npz,research-programme/reproducibility/20260909/source-intake/navier-stokes/20260909/annular-boundary-affine-ramp-analysis/canonical_N64_metric_Gram_sample64.npz,12463,05966c2fd77ef9e54ecb9d6c1031e19c8f146f7899e71297ba5b522a093d0ac6,05966c2fd77ef9e54ecb9d6c1031e19c8f146f7899e71297ba5b522a093d0ac6,05966c2fd77ef9e54ecb9d6c1031e19c8f146f7899e71297ba5b522a093d0ac6,verified
output,source-intake/navier-stokes/20260909/annular-boundary-affine-ramp-analysis/canonical_N64_metric_Gram_boundary_timeseries.npz,research-programme/reproducibility/20260909/source-intake/navier-stokes/20260909/annular-boundary-affine-ramp-analysis/canonical_N64_metric_Gram_boundary_timeseries.npz,2678,77c26a6153aaae111a3b3de285a59e00540be73c1443c4189d5060922e53a214,77c26a6153aaae111a3b3de285a59e00540be73c1443c4189d5060922e53a214,77c26a6153aaae111a3b3de285a59e00540be73c1443c4189d5060922e53a214,verified
output,source-intake/navier-stokes/20260909/annular-boundary-affine-ramp-analysis/nonlinear_modulated_N16_GR_sample0.npz,research-programme/reproducibility/20260909/source-intake/navier-stokes/20260909/annular-boundary-affine-ramp-analysis/nonlinear_modulated_N16_GR_sample0.npz,2898,96dd178b5fc060fabc5a050b23fd259ced75af8d2aa568178a21d4efe24186b2,96dd178b5fc060fabc5a050b23fd259ced75af8d2aa568178a21d4efe24186b2,96dd178b5fc060fabc5a050b23fd259ced75af8d2aa568178a21d4efe24186b2,verified
output,source-intake/navier-stokes/20260909/annular-boundary-affine-ramp-analysis/nonlinear_modulated_N16_GR_sample16.npz,research-programme/reproducibility/20260909/source-intake/navier-stokes/20260909/annular-boundary-affine-ramp-analysis/nonlinear_modulated_N16_GR_sample16.npz,2900,2ae1c78fc7341d1358555bf7ddf5b9f942de69a27a7c5dcd9ee1befbbafc4bbb,2ae1c78fc7341d1358555bf7ddf5b9f942de69a27a7c5dcd9ee1befbbafc4bbb,2ae1c78fc7341d1358555bf7ddf5b9f942de69a27a7c5dcd9ee1befbbafc4bbb,verified
output,source-intake/navier-stokes/20260909/annular-boundary-affine-ramp-analysis/nonlinear_modulated_N16_GR_sample32.npz,research-programme/reproducibility/20260909/source-intake/navier-stokes/20260909/annular-boundary-affine-ramp-analysis/nonlinear_modulated_N16_GR_sample32.npz,2899,32743ff5bc32dd71583c0283db68fcdbda283a79db33bca38fba9f8a52447daf,32743ff5bc32dd71583c0283db68fcdbda283a79db33bca38fba9f8a52447daf,32743ff5bc32dd71583c0283db68fcdbda283a79db33bca38fba9f8a52447daf,verified
output,source-intake/navier-stokes/20260909/annular-boundary-affine-ramp-analysis/nonlinear_modulated_N16_GR_boundary_timeseries.npz,research-programme/reproducibility/20260909/source-intake/navier-stokes/20260909/annular-boundary-affine-ramp-analysis/nonlinear_modulated_N16_GR_boundary_timeseries.npz,2679,c1d495cf10a016c5270d8a044c7aabdcde9177545f7b503ee8947edf65061f70,c1d495cf10a016c5270d8a044c7aabdcde9177545f7b503ee8947edf65061f70,c1d495cf10a016c5270d8a044c7aabdcde9177545f7b503ee8947edf65061f70,verified
output,source-intake/navier-stokes/20260909/annular-boundary-affine-ramp-analysis/nonlinear_modulated_N16_metric_Gram_sample0.npz,research-programme/reproducibility/20260909/source-intake/navier-stokes/20260909/annular-boundary-affine-ramp-analysis/nonlinear_modulated_N16_metric_Gram_sample0.npz,6770,1a09c630482f5d2d888d97ead08a9ff722163366d82e4a083a30d0a47f89ec61,1a09c630482f5d2d888d97ead08a9ff722163366d82e4a083a30d0a47f89ec61,1a09c630482f5d2d888d97ead08a9ff722163366d82e4a083a30d0a47f89ec61,verified
output,source-intake/navier-stokes/20260909/annular-boundary-affine-ramp-analysis/nonlinear_modulated_N16_metric_Gram_sample16.npz,research-programme/reproducibility/20260909/source-intake/navier-stokes/20260909/annular-boundary-affine-ramp-analysis/nonlinear_modulated_N16_metric_Gram_sample16.npz,6765,91310ceb0ca5d23a90d77cd092b94af2590d4602989edb86489c0af2920ceb9b,91310ceb0ca5d23a90d77cd092b94af2590d4602989edb86489c0af2920ceb9b,91310ceb0ca5d23a90d77cd092b94af2590d4602989edb86489c0af2920ceb9b,verified
output,source-intake/navier-stokes/20260909/annular-boundary-affine-ramp-analysis/nonlinear_modulated_N16_metric_Gram_sample32.npz,research-programme/reproducibility/20260909/source-intake/navier-stokes/20260909/annular-boundary-affine-ramp-analysis/nonlinear_modulated_N16_metric_Gram_sample32.npz,6757,645d4a8371da47e6b3babcbdccae1b0de199cd047fd4606f92e1d95c55b3960e,645d4a8371da47e6b3babcbdccae1b0de199cd047fd4606f92e1d95c55b3960e,645d4a8371da47e6b3babcbdccae1b0de199cd047fd4606f92e1d95c55b3960e,verified
output,source-intake/navier-stokes/20260909/annular-boundary-affine-ramp-analysis/nonlinear_modulated_N16_metric_Gram_boundary_timeseries.npz,research-programme/reproducibility/20260909/source-intake/navier-stokes/20260909/annular-boundary-affine-ramp-analysis/nonlinear_modulated_N16_metric_Gram_boundary_timeseries.npz,2701,cf433aa338de69fcabb6e8dce6826e94677af7405ae1158414c372ee0a888044,cf433aa338de69fcabb6e8dce6826e94677af7405ae1158414c372ee0a888044,cf433aa338de69fcabb6e8dce6826e94677af7405ae1158414c372ee0a888044,verified
output,source-intake/navier-stokes/20260909/annular-boundary-affine-ramp-analysis/nonlinear_modulated_N32_GR_sample0.npz,research-programme/reproducibility/20260909/source-intake/navier-stokes/20260909/annular-boundary-affine-ramp-analysis/nonlinear_modulated_N32_GR_sample0.npz,3065,2613b1b8d3a88d02369f11ef78d25b89339a543e8053555d67ad67b76559ed0f,2613b1b8d3a88d02369f11ef78d25b89339a543e8053555d67ad67b76559ed0f,2613b1b8d3a88d02369f11ef78d25b89339a543e8053555d67ad67b76559ed0f,verified
output,source-intake/navier-stokes/20260909/annular-boundary-affine-ramp-analysis/nonlinear_modulated_N32_GR_sample16.npz,research-programme/reproducibility/20260909/source-intake/navier-stokes/20260909/annular-boundary-affine-ramp-analysis/nonlinear_modulated_N32_GR_sample16.npz,3062,f63e5790ed468e437efd56a55533d68d1e38a46c2da849e349cdf32834ac1c1d,f63e5790ed468e437efd56a55533d68d1e38a46c2da849e349cdf32834ac1c1d,f63e5790ed468e437efd56a55533d68d1e38a46c2da849e349cdf32834ac1c1d,verified
output,source-intake/navier-stokes/20260909/annular-boundary-affine-ramp-analysis/nonlinear_modulated_N32_GR_sample32.npz,research-programme/reproducibility/20260909/source-intake/navier-stokes/20260909/annular-boundary-affine-ramp-analysis/nonlinear_modulated_N32_GR_sample32.npz,3067,5f0921d3ddfb360161022641f71e5b71885444b1d474d85ddc268734d262dd60,5f0921d3ddfb360161022641f71e5b71885444b1d474d85ddc268734d262dd60,5f0921d3ddfb360161022641f71e5b71885444b1d474d85ddc268734d262dd60,verified
output,source-intake/navier-stokes/20260909/annular-boundary-affine-ramp-analysis/nonlinear_modulated_N32_GR_boundary_timeseries.npz,research-programme/reproducibility/20260909/source-intake/navier-stokes/20260909/annular-boundary-affine-ramp-analysis/nonlinear_modulated_N32_GR_boundary_timeseries.npz,2674,97bfe661fdc63a80793f79710450df98d718a10f07432937ccac6ec8894dcd31,97bfe661fdc63a80793f79710450df98d718a10f07432937ccac6ec8894dcd31,97bfe661fdc63a80793f79710450df98d718a10f07432937ccac6ec8894dcd31,verified
output,source-intake/navier-stokes/20260909/annular-boundary-affine-ramp-analysis/nonlinear_modulated_N32_metric_Gram_sample0.npz,research-programme/reproducibility/20260909/source-intake/navier-stokes/20260909/annular-boundary-affine-ramp-analysis/nonlinear_modulated_N32_metric_Gram_sample0.npz,8738,eb3faf4117999e9fdbbbbbe883009643accfd24c04ed028772554c6c70b8f3b6,eb3faf4117999e9fdbbbbbe883009643accfd24c04ed028772554c6c70b8f3b6,eb3faf4117999e9fdbbbbbe883009643accfd24c04ed028772554c6c70b8f3b6,verified
output,source-intake/navier-stokes/20260909/annular-boundary-affine-ramp-analysis/nonlinear_modulated_N32_metric_Gram_sample16.npz,research-programme/reproducibility/20260909/source-intake/navier-stokes/20260909/annular-boundary-affine-ramp-analysis/nonlinear_modulated_N32_metric_Gram_sample16.npz,8746,afa1fdfb7d84257de52e87f7f56ec08e9aff67d3f6650dcb8368651859b06c47,afa1fdfb7d84257de52e87f7f56ec08e9aff67d3f6650dcb8368651859b06c47,afa1fdfb7d84257de52e87f7f56ec08e9aff67d3f6650dcb8368651859b06c47,verified
output,source-intake/navier-stokes/20260909/annular-boundary-affine-ramp-analysis/nonlinear_modulated_N32_metric_Gram_sample32.npz,research-programme/reproducibility/20260909/source-intake/navier-stokes/20260909/annular-boundary-affine-ramp-analysis/nonlinear_modulated_N32_metric_Gram_sample32.npz,8744,26da8acaf4d2f43e1c2d242b743e375f259c9e7541f711a3ae1274ccc2cee502,26da8acaf4d2f43e1c2d242b743e375f259c9e7541f711a3ae1274ccc2cee502,26da8acaf4d2f43e1c2d242b743e375f259c9e7541f711a3ae1274ccc2cee502,verified
output,source-intake/navier-stokes/20260909/annular-boundary-affine-ramp-analysis/nonlinear_modulated_N32_metric_Gram_boundary_timeseries.npz,research-programme/reproducibility/20260909/source-intake/navier-stokes/20260909/annular-boundary-affine-ramp-analysis/nonlinear_modulated_N32_metric_Gram_boundary_timeseries.npz,2674,d43d1edb18abf631b966fc11b6992fb7140ebbe764de78e4464a19af6f05e42b,d43d1edb18abf631b966fc11b6992fb7140ebbe764de78e4464a19af6f05e42b,d43d1edb18abf631b966fc11b6992fb7140ebbe764de78e4464a19af6f05e42b,verified
output,source-intake/navier-stokes/20260909/annular-boundary-affine-ramp-analysis/nonlinear_modulated_N64_GR_sample0.npz,research-programme/reproducibility/20260909/source-intake/navier-stokes/20260909/annular-boundary-affine-ramp-analysis/nonlinear_modulated_N64_GR_sample0.npz,3355,ca8a1cd4f6a115586b997a8d6ce63f3ce7fa4f5771c76176c1aac47db4b271c8,ca8a1cd4f6a115586b997a8d6ce63f3ce7fa4f5771c76176c1aac47db4b271c8,ca8a1cd4f6a115586b997a8d6ce63f3ce7fa4f5771c76176c1aac47db4b271c8,verified
output,source-intake/navier-stokes/20260909/annular-boundary-affine-ramp-analysis/nonlinear_modulated_N64_GR_sample32.npz,research-programme/reproducibility/20260909/source-intake/navier-stokes/20260909/annular-boundary-affine-ramp-analysis/nonlinear_modulated_N64_GR_sample32.npz,3353,f22cc24d78a9c9d35b434c9f0cd8701a385693604cc14c4b6034b4a9f0a92c3f,f22cc24d78a9c9d35b434c9f0cd8701a385693604cc14c4b6034b4a9f0a92c3f,f22cc24d78a9c9d35b434c9f0cd8701a385693604cc14c4b6034b4a9f0a92c3f,verified
output,source-intake/navier-stokes/20260909/annular-boundary-affine-ramp-analysis/nonlinear_modulated_N64_GR_sample64.npz,research-programme/reproducibility/20260909/source-intake/navier-stokes/20260909/annular-boundary-affine-ramp-analysis/nonlinear_modulated_N64_GR_sample64.npz,3348,89e11214ce1ecd831db23e78d33493af9cbaa875997f9b024d9d5c9d8ada0382,89e11214ce1ecd831db23e78d33493af9cbaa875997f9b024d9d5c9d8ada0382,89e11214ce1ecd831db23e78d33493af9cbaa875997f9b024d9d5c9d8ada0382,verified
output,source-intake/navier-stokes/20260909/annular-boundary-affine-ramp-analysis/nonlinear_modulated_N64_GR_boundary_timeseries.npz,research-programme/reproducibility/20260909/source-intake/navier-stokes/20260909/annular-boundary-affine-ramp-analysis/nonlinear_modulated_N64_GR_boundary_timeseries.npz,2680,87d097cd751f9cc5bc839abb0532f127b0ba1535120ca6edefb10712a1a67293,87d097cd751f9cc5bc839abb0532f127b0ba1535120ca6edefb10712a1a67293,87d097cd751f9cc5bc839abb0532f127b0ba1535120ca6edefb10712a1a67293,verified
output,source-intake/navier-stokes/20260909/annular-boundary-affine-ramp-analysis/nonlinear_modulated_N64_metric_Gram_sample0.npz,research-programme/reproducibility/20260909/source-intake/navier-stokes/20260909/annular-boundary-affine-ramp-analysis/nonlinear_modulated_N64_metric_Gram_sample0.npz,12459,77a913f80bb2e0ac2e603dde1212b99e89c819ae2657df755a78889542a25893,77a913f80bb2e0ac2e603dde1212b99e89c819ae2657df755a78889542a25893,77a913f80bb2e0ac2e603dde1212b99e89c819ae2657df755a78889542a25893,verified
output,source-intake/navier-stokes/20260909/annular-boundary-affine-ramp-analysis/nonlinear_modulated_N64_metric_Gram_sample32.npz,research-programme/reproducibility/20260909/source-intake/navier-stokes/20260909/annular-boundary-affine-ramp-analysis/nonlinear_modulated_N64_metric_Gram_sample32.npz,12468,b384f2f9bb4b2ff37a33ed6145d329ff1047a21010e247b5a01bb859ee849ae6,b384f2f9bb4b2ff37a33ed6145d329ff1047a21010e247b5a01bb859ee849ae6,b384f2f9bb4b2ff37a33ed6145d329ff1047a21010e247b5a01bb859ee849ae6,verified
output,source-intake/navier-stokes/20260909/annular-boundary-affine-ramp-analysis/nonlinear_modulated_N64_metric_Gram_sample64.npz,research-programme/reproducibility/20260909/source-intake/navier-stokes/20260909/annular-boundary-affine-ramp-analysis/nonlinear_modulated_N64_metric_Gram_sample64.npz,12471,ba236e418e7b8283cd983ca820e789152cdf38106673e9ef594980e3c54c5b11,ba236e418e7b8283cd983ca820e789152cdf38106673e9ef594980e3c54c5b11,ba236e418e7b8283cd983ca820e789152cdf38106673e9ef594980e3c54c5b11,verified
output,source-intake/navier-stokes/20260909/annular-boundary-affine-ramp-analysis/nonlinear_modulated_N64_metric_Gram_boundary_timeseries.npz,research-programme/reproducibility/20260909/source-intake/navier-stokes/20260909/annular-boundary-affine-ramp-analysis/nonlinear_modulated_N64_metric_Gram_boundary_timeseries.npz,2678,7ae40eb37da17c14825506f16ec2ddc3daf240fc53074d9d40719a4647cae6fb,7ae40eb37da17c14825506f16ec2ddc3daf240fc53074d9d40719a4647cae6fb,7ae40eb37da17c14825506f16ec2ddc3daf240fc53074d9d40719a4647cae6fb,verified
output,source-intake/navier-stokes/20260909/annular-boundary-current-resume-snapshot.md,research-programme/reproducibility/20260909/source-intake/navier-stokes/20260909/annular-boundary-current-resume-snapshot.md,857687,ffec7609e3b8233acb15bddfbf7094ed0a141191e7b0866a9fce0808bc9d9d1c,ffec7609e3b8233acb15bddfbf7094ed0a141191e7b0866a9fce0808bc9d9d1c,ffec7609e3b8233acb15bddfbf7094ed0a141191e7b0866a9fce0808bc9d9d1c,verified
output,source-intake/navier-stokes/20260909/annular-mass-trace-remainder-bound-derived/canonical_N16_GR_sample0.npz,research-programme/reproducibility/20260909/source-intake/navier-stokes/20260909/annular-mass-trace-remainder-bound-derived/canonical_N16_GR_sample0.npz,29980,6c84ec8da8cdf2679577ef43bee5655e6cc3c6a7c828585d4b7fc5db195a505b,6c84ec8da8cdf2679577ef43bee5655e6cc3c6a7c828585d4b7fc5db195a505b,6c84ec8da8cdf2679577ef43bee5655e6cc3c6a7c828585d4b7fc5db195a505b,verified
output,source-intake/navier-stokes/20260909/annular-mass-trace-remainder-bound-derived/energy_only_counterexample_N16.npz,research-programme/reproducibility/20260909/source-intake/navier-stokes/20260909/annular-mass-trace-remainder-bound-derived/energy_only_counterexample_N16.npz,3295,9092d748a12f9bf47a483b1bf059d09225c6688caa7058c9d46543491444347d,9092d748a12f9bf47a483b1bf059d09225c6688caa7058c9d46543491444347d,9092d748a12f9bf47a483b1bf059d09225c6688caa7058c9d46543491444347d,verified
output,source-intake/navier-stokes/20260909/annular-mass-trace-remainder-bound-derived/canonical_N16_GR_sample16.npz,research-programme/reproducibility/20260909/source-intake/navier-stokes/20260909/annular-mass-trace-remainder-bound-derived/canonical_N16_GR_sample16.npz,30017,4580bfdbb3740a292a10331b424edc40ab6e4e398696c3960a18b17b764bc288,4580bfdbb3740a292a10331b424edc40ab6e4e398696c3960a18b17b764bc288,4580bfdbb3740a292a10331b424edc40ab6e4e398696c3960a18b17b764bc288,verified
output,source-intake/navier-stokes/20260909/annular-mass-trace-remainder-bound-derived/canonical_N16_GR_sample32.npz,research-programme/reproducibility/20260909/source-intake/navier-stokes/20260909/annular-mass-trace-remainder-bound-derived/canonical_N16_GR_sample32.npz,30021,ebdd0828f21c1c8d7076534654e0e8c181aa0cb7cb5f74c2815ac9c42973e72a,ebdd0828f21c1c8d7076534654e0e8c181aa0cb7cb5f74c2815ac9c42973e72a,ebdd0828f21c1c8d7076534654e0e8c181aa0cb7cb5f74c2815ac9c42973e72a,verified
output,source-intake/navier-stokes/20260909/annular-mass-trace-remainder-bound-derived/canonical_N16_metric_Gram_sample0.npz,research-programme/reproducibility/20260909/source-intake/navier-stokes/20260909/annular-mass-trace-remainder-bound-derived/canonical_N16_metric_Gram_sample0.npz,30025,5a8b08a29d98da2600196c19ed6db8006f5361861ab41cbe6e3fd10fbd2fef24,5a8b08a29d98da2600196c19ed6db8006f5361861ab41cbe6e3fd10fbd2fef24,5a8b08a29d98da2600196c19ed6db8006f5361861ab41cbe6e3fd10fbd2fef24,verified
output,source-intake/navier-stokes/20260909/annular-mass-trace-remainder-bound-derived/canonical_N16_metric_Gram_sample16.npz,research-programme/reproducibility/20260909/source-intake/navier-stokes/20260909/annular-mass-trace-remainder-bound-derived/canonical_N16_metric_Gram_sample16.npz,30066,6d0527e21525ce5f1c2a47e417878d797dea99ae65295b5d7c20e40980e80d66,6d0527e21525ce5f1c2a47e417878d797dea99ae65295b5d7c20e40980e80d66,6d0527e21525ce5f1c2a47e417878d797dea99ae65295b5d7c20e40980e80d66,verified
output,source-intake/navier-stokes/20260909/annular-mass-trace-remainder-bound-derived/canonical_N16_metric_Gram_sample32.npz,research-programme/reproducibility/20260909/source-intake/navier-stokes/20260909/annular-mass-trace-remainder-bound-derived/canonical_N16_metric_Gram_sample32.npz,30064,ac965794fd51c040c8fcaa20d5c4fd1e0b10d8494b0a57af47f5ee85485452e5,ac965794fd51c040c8fcaa20d5c4fd1e0b10d8494b0a57af47f5ee85485452e5,ac965794fd51c040c8fcaa20d5c4fd1e0b10d8494b0a57af47f5ee85485452e5,verified
output,source-intake/navier-stokes/20260909/annular-mass-trace-remainder-bound-derived/canonical_N32_GR_sample0.npz,research-programme/reproducibility/20260909/source-intake/navier-stokes/20260909/annular-mass-trace-remainder-bound-derived/canonical_N32_GR_sample0.npz,43505,7d80762e1440a420f873eb474f094174e271767a23a3ed61c2de2d6a7fe5bfeb,7d80762e1440a420f873eb474f094174e271767a23a3ed61c2de2d6a7fe5bfeb,7d80762e1440a420f873eb474f094174e271767a23a3ed61c2de2d6a7fe5bfeb,verified
output,source-intake/navier-stokes/20260909/annular-mass-trace-remainder-bound-derived/energy_only_counterexample_N32.npz,research-programme/reproducibility/20260909/source-intake/navier-stokes/20260909/annular-mass-trace-remainder-bound-derived/energy_only_counterexample_N32.npz,5844,77906f8685a748924d90587cabe590f47e7890dcac0184f6a3925028d2b6cc56,77906f8685a748924d90587cabe590f47e7890dcac0184f6a3925028d2b6cc56,77906f8685a748924d90587cabe590f47e7890dcac0184f6a3925028d2b6cc56,verified
output,source-intake/navier-stokes/20260909/annular-mass-trace-remainder-bound-derived/canonical_N32_GR_sample16.npz,research-programme/reproducibility/20260909/source-intake/navier-stokes/20260909/annular-mass-trace-remainder-bound-derived/canonical_N32_GR_sample16.npz,43532,454dca5a2916e1252b33050dae3240130435d352e06d70d794b6235b12b8c6d6,454dca5a2916e1252b33050dae3240130435d352e06d70d794b6235b12b8c6d6,454dca5a2916e1252b33050dae3240130435d352e06d70d794b6235b12b8c6d6,verified
output,source-intake/navier-stokes/20260909/annular-mass-trace-remainder-bound-derived/canonical_N32_GR_sample32.npz,research-programme/reproducibility/20260909/source-intake/navier-stokes/20260909/annular-mass-trace-remainder-bound-derived/canonical_N32_GR_sample32.npz,43504,00f7fa24b59196913688adf7affadfc3f0c2e75b378a7c25df7c216fc2f78c72,00f7fa24b59196913688adf7affadfc3f0c2e75b378a7c25df7c216fc2f78c72,00f7fa24b59196913688adf7affadfc3f0c2e75b378a7c25df7c216fc2f78c72,verified
output,source-intake/navier-stokes/20260909/annular-mass-trace-remainder-bound-derived/canonical_N32_metric_Gram_sample0.npz,research-programme/reproducibility/20260909/source-intake/navier-stokes/20260909/annular-mass-trace-remainder-bound-derived/canonical_N32_metric_Gram_sample0.npz,43555,56f5ef1d0a1c109661cd094311866bf7808756f101b27a4f4ecab71f535cf0e4,56f5ef1d0a1c109661cd094311866bf7808756f101b27a4f4ecab71f535cf0e4,56f5ef1d0a1c109661cd094311866bf7808756f101b27a4f4ecab71f535cf0e4,verified
output,source-intake/navier-stokes/20260909/annular-mass-trace-remainder-bound-derived/canonical_N32_metric_Gram_sample16.npz,research-programme/reproducibility/20260909/source-intake/navier-stokes/20260909/annular-mass-trace-remainder-bound-derived/canonical_N32_metric_Gram_sample16.npz,43551,e3dfa16f64c8a0a7bb4ed8fbf9162d32d547851b0dd5ce97678ff23128105c67,e3dfa16f64c8a0a7bb4ed8fbf9162d32d547851b0dd5ce97678ff23128105c67,e3dfa16f64c8a0a7bb4ed8fbf9162d32d547851b0dd5ce97678ff23128105c67,verified
output,source-intake/navier-stokes/20260909/annular-mass-trace-remainder-bound-derived/canonical_N32_metric_Gram_sample32.npz,research-programme/reproducibility/20260909/source-intake/navier-stokes/20260909/annular-mass-trace-remainder-bound-derived/canonical_N32_metric_Gram_sample32.npz,43537,4b4d3fe82912a5d114534699bb25bb728bdfff36f7c8d57c60f57b1ec5409f26,4b4d3fe82912a5d114534699bb25bb728bdfff36f7c8d57c60f57b1ec5409f26,4b4d3fe82912a5d114534699bb25bb728bdfff36f7c8d57c60f57b1ec5409f26,verified
output,source-intake/navier-stokes/20260909/annular-mass-trace-remainder-bound-derived/canonical_N64_GR_sample0.npz,research-programme/reproducibility/20260909/source-intake/navier-stokes/20260909/annular-mass-trace-remainder-bound-derived/canonical_N64_GR_sample0.npz,69579,05548da1895a8b09baceedb51de387c7fc8bd5c540cbfba2f4abd66d4478d232,05548da1895a8b09baceedb51de387c7fc8bd5c540cbfba2f4abd66d4478d232,05548da1895a8b09baceedb51de387c7fc8bd5c540cbfba2f4abd66d4478d232,verified
output,source-intake/navier-stokes/20260909/annular-mass-trace-remainder-bound-derived/energy_only_counterexample_N64.npz,research-programme/reproducibility/20260909/source-intake/navier-stokes/20260909/annular-mass-trace-remainder-bound-derived/energy_only_counterexample_N64.npz,12472,1f4bfcc1d52b732d8b9fb12f7abe185f72140e3ffdcce17f0b82c4c4d221ffa4,1f4bfcc1d52b732d8b9fb12f7abe185f72140e3ffdcce17f0b82c4c4d221ffa4,1f4bfcc1d52b732d8b9fb12f7abe185f72140e3ffdcce17f0b82c4c4d221ffa4,verified
output,source-intake/navier-stokes/20260909/annular-mass-trace-remainder-bound-derived/canonical_N64_GR_sample32.npz,research-programme/reproducibility/20260909/source-intake/navier-stokes/20260909/annular-mass-trace-remainder-bound-derived/canonical_N64_GR_sample32.npz,69618,800ec8db26d86818c4faee6569fa5a0f2cbff8014174f8fc590610004b8dc184,800ec8db26d86818c4faee6569fa5a0f2cbff8014174f8fc590610004b8dc184,800ec8db26d86818c4faee6569fa5a0f2cbff8014174f8fc590610004b8dc184,verified
output,source-intake/navier-stokes/20260909/annular-mass-trace-remainder-bound-derived/canonical_N64_GR_sample64.npz,research-programme/reproducibility/20260909/source-intake/navier-stokes/20260909/annular-mass-trace-remainder-bound-derived/canonical_N64_GR_sample64.npz,69629,cb1c95c1dedcc4ec565bca6bfb76fc1e14f9afb88d1c18debd4b472397f43c99,cb1c95c1dedcc4ec565bca6bfb76fc1e14f9afb88d1c18debd4b472397f43c99,cb1c95c1dedcc4ec565bca6bfb76fc1e14f9afb88d1c18debd4b472397f43c99,verified
output,source-intake/navier-stokes/20260909/annular-mass-trace-remainder-bound-derived/canonical_N64_metric_Gram_sample0.npz,research-programme/reproducibility/20260909/source-intake/navier-stokes/20260909/annular-mass-trace-remainder-bound-derived/canonical_N64_metric_Gram_sample0.npz,69597,ef59324f2821ac365f5ed2bba07a0981fd760d00c0592fbd5857a4358b0b2316,ef59324f2821ac365f5ed2bba07a0981fd760d00c0592fbd5857a4358b0b2316,ef59324f2821ac365f5ed2bba07a0981fd760d00c0592fbd5857a4358b0b2316,verified
output,source-intake/navier-stokes/20260909/annular-mass-trace-remainder-bound-derived/canonical_N64_metric_Gram_sample32.npz,research-programme/reproducibility/20260909/source-intake/navier-stokes/20260909/annular-mass-trace-remainder-bound-derived/canonical_N64_metric_Gram_sample32.npz,69646,aa7b470cf285933c40bfb5b76ac9f2549ee0cab2cea7830fc6cbf10242b3aea2,aa7b470cf285933c40bfb5b76ac9f2549ee0cab2cea7830fc6cbf10242b3aea2,aa7b470cf285933c40bfb5b76ac9f2549ee0cab2cea7830fc6cbf10242b3aea2,verified
output,source-intake/navier-stokes/20260909/annular-mass-trace-remainder-bound-derived/canonical_N64_metric_Gram_sample64.npz,research-programme/reproducibility/20260909/source-intake/navier-stokes/20260909/annular-mass-trace-remainder-bound-derived/canonical_N64_metric_Gram_sample64.npz,69645,2947752d8d9ed49f8ccf7dba292292cfdf69ec5aa2557e5567703ec3556ced10,2947752d8d9ed49f8ccf7dba292292cfdf69ec5aa2557e5567703ec3556ced10,2947752d8d9ed49f8ccf7dba292292cfdf69ec5aa2557e5567703ec3556ced10,verified
output,source-intake/navier-stokes/20260909/annular-mass-trace-remainder-bound-derived/nonlinear_modulated_N16_GR_sample0.npz,research-programme/reproducibility/20260909/source-intake/navier-stokes/20260909/annular-mass-trace-remainder-bound-derived/nonlinear_modulated_N16_GR_sample0.npz,30029,226cbd85d6ffcc5d9e6d61e57a839b94953a8ef4f5882bf59b0bdb34eb5b3559,226cbd85d6ffcc5d9e6d61e57a839b94953a8ef4f5882bf59b0bdb34eb5b3559,226cbd85d6ffcc5d9e6d61e57a839b94953a8ef4f5882bf59b0bdb34eb5b3559,verified
output,source-intake/navier-stokes/20260909/annular-mass-trace-remainder-bound-derived/nonlinear_modulated_N16_GR_sample16.npz,research-programme/reproducibility/20260909/source-intake/navier-stokes/20260909/annular-mass-trace-remainder-bound-derived/nonlinear_modulated_N16_GR_sample16.npz,30023,6bf919df335dde039e49187e439f36f515b5ea5b9133410206f47cfd5c2ddfe0,6bf919df335dde039e49187e439f36f515b5ea5b9133410206f47cfd5c2ddfe0,6bf919df335dde039e49187e439f36f515b5ea5b9133410206f47cfd5c2ddfe0,verified
output,source-intake/navier-stokes/20260909/annular-mass-trace-remainder-bound-derived/nonlinear_modulated_N16_GR_sample32.npz,research-programme/reproducibility/20260909/source-intake/navier-stokes/20260909/annular-mass-trace-remainder-bound-derived/nonlinear_modulated_N16_GR_sample32.npz,30041,19505d412c90ad474e2e72249edeb5bcd708ebcd39d12c3098e9637adfcae57d,19505d412c90ad474e2e72249edeb5bcd708ebcd39d12c3098e9637adfcae57d,19505d412c90ad474e2e72249edeb5bcd708ebcd39d12c3098e9637adfcae57d,verified
output,source-intake/navier-stokes/20260909/annular-mass-trace-remainder-bound-derived/nonlinear_modulated_N16_metric_Gram_sample0.npz,research-programme/reproducibility/20260909/source-intake/navier-stokes/20260909/annular-mass-trace-remainder-bound-derived/nonlinear_modulated_N16_metric_Gram_sample0.npz,30064,08faa66b3627c7b1989c8aae77fc3eb5a99194ec17869078cce0c72838eb9df7,08faa66b3627c7b1989c8aae77fc3eb5a99194ec17869078cce0c72838eb9df7,08faa66b3627c7b1989c8aae77fc3eb5a99194ec17869078cce0c72838eb9df7,verified
output,source-intake/navier-stokes/20260909/annular-mass-trace-remainder-bound-derived/nonlinear_modulated_N16_metric_Gram_sample16.npz,research-programme/reproducibility/20260909/source-intake/navier-stokes/20260909/annular-mass-trace-remainder-bound-derived/nonlinear_modulated_N16_metric_Gram_sample16.npz,30067,fd0c4721236785bf1d289abb29b99d2c6e255145c211eb136697ba7662ca58a6,fd0c4721236785bf1d289abb29b99d2c6e255145c211eb136697ba7662ca58a6,fd0c4721236785bf1d289abb29b99d2c6e255145c211eb136697ba7662ca58a6,verified
output,source-intake/navier-stokes/20260909/annular-mass-trace-remainder-bound-derived/nonlinear_modulated_N16_metric_Gram_sample32.npz,research-programme/reproducibility/20260909/source-intake/navier-stokes/20260909/annular-mass-trace-remainder-bound-derived/nonlinear_modulated_N16_metric_Gram_sample32.npz,30073,724ed19943a62a51e94a05ed87ad94b0853826b4c4b6d6d0af53e0d5be954fd6,724ed19943a62a51e94a05ed87ad94b0853826b4c4b6d6d0af53e0d5be954fd6,724ed19943a62a51e94a05ed87ad94b0853826b4c4b6d6d0af53e0d5be954fd6,verified
output,source-intake/navier-stokes/20260909/annular-mass-trace-remainder-bound-derived/nonlinear_modulated_N32_GR_sample0.npz,research-programme/reproducibility/20260909/source-intake/navier-stokes/20260909/annular-mass-trace-remainder-bound-derived/nonlinear_modulated_N32_GR_sample0.npz,43522,17a721e81928120ce466665016b359bae68a17269f53dbab277e483adf47b67c,17a721e81928120ce466665016b359bae68a17269f53dbab277e483adf47b67c,17a721e81928120ce466665016b359bae68a17269f53dbab277e483adf47b67c,verified
output,source-intake/navier-stokes/20260909/annular-mass-trace-remainder-bound-derived/nonlinear_modulated_N32_GR_sample16.npz,research-programme/reproducibility/20260909/source-intake/navier-stokes/20260909/annular-mass-trace-remainder-bound-derived/nonlinear_modulated_N32_GR_sample16.npz,43522,7db125258392a93690568e7bb9bcc16a68d08701df54098541b826fcf06816ba,7db125258392a93690568e7bb9bcc16a68d08701df54098541b826fcf06816ba,7db125258392a93690568e7bb9bcc16a68d08701df54098541b826fcf06816ba,verified
output,source-intake/navier-stokes/20260909/annular-mass-trace-remainder-bound-derived/nonlinear_modulated_N32_GR_sample32.npz,research-programme/reproducibility/20260909/source-intake/navier-stokes/20260909/annular-mass-trace-remainder-bound-derived/nonlinear_modulated_N32_GR_sample32.npz,43532,3dee06c87671c37d1f2adb30b60d7e2b9f97676838614e5aa4631596885c5e65,3dee06c87671c37d1f2adb30b60d7e2b9f97676838614e5aa4631596885c5e65,3dee06c87671c37d1f2adb30b60d7e2b9f97676838614e5aa4631596885c5e65,verified
output,source-intake/navier-stokes/20260909/annular-mass-trace-remainder-bound-derived/nonlinear_modulated_N32_metric_Gram_sample0.npz,research-programme/reproducibility/20260909/source-intake/navier-stokes/20260909/annular-mass-trace-remainder-bound-derived/nonlinear_modulated_N32_metric_Gram_sample0.npz,43556,f9516b689eefcd8e9283ec8db74d0de9892bc24003f20bd99a37f0cbf2e25e0d,f9516b689eefcd8e9283ec8db74d0de9892bc24003f20bd99a37f0cbf2e25e0d,f9516b689eefcd8e9283ec8db74d0de9892bc24003f20bd99a37f0cbf2e25e0d,verified
output,source-intake/navier-stokes/20260909/annular-mass-trace-remainder-bound-derived/nonlinear_modulated_N32_metric_Gram_sample16.npz,research-programme/reproducibility/20260909/source-intake/navier-stokes/20260909/annular-mass-trace-remainder-bound-derived/nonlinear_modulated_N32_metric_Gram_sample16.npz,43566,21184116af9d83e34731fd21e1c8f2f52624bca6b99b722027a043beab45eae2,21184116af9d83e34731fd21e1c8f2f52624bca6b99b722027a043beab45eae2,21184116af9d83e34731fd21e1c8f2f52624bca6b99b722027a043beab45eae2,verified
output,source-intake/navier-stokes/20260909/annular-mass-trace-remainder-bound-derived/nonlinear_modulated_N32_metric_Gram_sample32.npz,research-programme/reproducibility/20260909/source-intake/navier-stokes/20260909/annular-mass-trace-remainder-bound-derived/nonlinear_modulated_N32_metric_Gram_sample32.npz,43567,9f3a9eb5eed517811534bdbc48e05468945cc474affe23c5ad668777c700c517,9f3a9eb5eed517811534bdbc48e05468945cc474affe23c5ad668777c700c517,9f3a9eb5eed517811534bdbc48e05468945cc474affe23c5ad668777c700c517,verified
output,source-intake/navier-stokes/20260909/annular-mass-trace-remainder-bound-derived/nonlinear_modulated_N64_GR_sample0.npz,research-programme/reproducibility/20260909/source-intake/navier-stokes/20260909/annular-mass-trace-remainder-bound-derived/nonlinear_modulated_N64_GR_sample0.npz,69654,e04091e17550db26ff757b30ddf675b1e7fcbc1e8b90fc92a51df2a40f512f05,e04091e17550db26ff757b30ddf675b1e7fcbc1e8b90fc92a51df2a40f512f05,e04091e17550db26ff757b30ddf675b1e7fcbc1e8b90fc92a51df2a40f512f05,verified
output,source-intake/navier-stokes/20260909/annular-mass-trace-remainder-bound-derived/nonlinear_modulated_N64_GR_sample32.npz,research-programme/reproducibility/20260909/source-intake/navier-stokes/20260909/annular-mass-trace-remainder-bound-derived/nonlinear_modulated_N64_GR_sample32.npz,69721,7c50c8f6327995131611bef4b3f7c6fbfa9698080c5f75db24a262d1aefbc7b8,7c50c8f6327995131611bef4b3f7c6fbfa9698080c5f75db24a262d1aefbc7b8,7c50c8f6327995131611bef4b3f7c6fbfa9698080c5f75db24a262d1aefbc7b8,verified
output,source-intake/navier-stokes/20260909/annular-mass-trace-remainder-bound-derived/nonlinear_modulated_N64_GR_sample64.npz,research-programme/reproducibility/20260909/source-intake/navier-stokes/20260909/annular-mass-trace-remainder-bound-derived/nonlinear_modulated_N64_GR_sample64.npz,69644,192f0497dd3d14b3a51961d0606aadce65ad3e8a9824bd44e4a95f4f79971f70,192f0497dd3d14b3a51961d0606aadce65ad3e8a9824bd44e4a95f4f79971f70,192f0497dd3d14b3a51961d0606aadce65ad3e8a9824bd44e4a95f4f79971f70,verified
output,source-intake/navier-stokes/20260909/annular-mass-trace-remainder-bound-derived/nonlinear_modulated_N64_metric_Gram_sample0.npz,research-programme/reproducibility/20260909/source-intake/navier-stokes/20260909/annular-mass-trace-remainder-bound-derived/nonlinear_modulated_N64_metric_Gram_sample0.npz,69624,6ad7ecb5e7949a8cfc717cc2d6c0a616b555645798f2b2a695d8661e396dc06b,6ad7ecb5e7949a8cfc717cc2d6c0a616b555645798f2b2a695d8661e396dc06b,6ad7ecb5e7949a8cfc717cc2d6c0a616b555645798f2b2a695d8661e396dc06b,verified
output,source-intake/navier-stokes/20260909/annular-mass-trace-remainder-bound-derived/nonlinear_modulated_N64_metric_Gram_sample32.npz,research-programme/reproducibility/20260909/source-intake/navier-stokes/20260909/annular-mass-trace-remainder-bound-derived/nonlinear_modulated_N64_metric_Gram_sample32.npz,69717,53cab20d3a658cb77f29c471044c7854d1b6f333cbdaf8dd5b0ca29bcf616e43,53cab20d3a658cb77f29c471044c7854d1b6f333cbdaf8dd5b0ca29bcf616e43,53cab20d3a658cb77f29c471044c7854d1b6f333cbdaf8dd5b0ca29bcf616e43,verified
output,source-intake/navier-stokes/20260909/annular-mass-trace-remainder-bound-derived/nonlinear_modulated_N64_metric_Gram_sample64.npz,research-programme/reproducibility/20260909/source-intake/navier-stokes/20260909/annular-mass-trace-remainder-bound-derived/nonlinear_modulated_N64_metric_Gram_sample64.npz,69719,260688f791d3968687758168bcbbd209c7dc5609a6f72d53b2be1d00ffa32c51,260688f791d3968687758168bcbbd209c7dc5609a6f72d53b2be1d00ffa32c51,260688f791d3968687758168bcbbd209c7dc5609a6f72d53b2be1d00ffa32c51,verified
output,source-intake/navier-stokes/20260909/annular-affine-commutator-energy-control/canonical_N16_GR_sample0.npz,research-programme/reproducibility/20260909/source-intake/navier-stokes/20260909/annular-affine-commutator-energy-control/canonical_N16_GR_sample0.npz,4581,4098d685ab639244aeb036f2f2c155193be05fbc2fccbee7634bb914b14cf368,4098d685ab639244aeb036f2f2c155193be05fbc2fccbee7634bb914b14cf368,4098d685ab639244aeb036f2f2c155193be05fbc2fccbee7634bb914b14cf368,verified
output,source-intake/navier-stokes/20260909/annular-affine-commutator-energy-control/canonical_N16_GR_sample16.npz,research-programme/reproducibility/20260909/source-intake/navier-stokes/20260909/annular-affine-commutator-energy-control/canonical_N16_GR_sample16.npz,4583,b8038e7df0e6d0632a2ee10dc13dfb901d2959992690e4d62d2b8b1cf8c51234,b8038e7df0e6d0632a2ee10dc13dfb901d2959992690e4d62d2b8b1cf8c51234,b8038e7df0e6d0632a2ee10dc13dfb901d2959992690e4d62d2b8b1cf8c51234,verified
output,source-intake/navier-stokes/20260909/annular-affine-commutator-energy-control/canonical_N16_GR_sample32.npz,research-programme/reproducibility/20260909/source-intake/navier-stokes/20260909/annular-affine-commutator-energy-control/canonical_N16_GR_sample32.npz,4581,f06b788b615289d97bfad25fa8809933bcf6324acd27527b95b7199af8e6efb8,f06b788b615289d97bfad25fa8809933bcf6324acd27527b95b7199af8e6efb8,f06b788b615289d97bfad25fa8809933bcf6324acd27527b95b7199af8e6efb8,verified
output,source-intake/navier-stokes/20260909/annular-affine-commutator-energy-control/canonical_N16_metric_Gram_sample0.npz,research-programme/reproducibility/20260909/source-intake/navier-stokes/20260909/annular-affine-commutator-energy-control/canonical_N16_metric_Gram_sample0.npz,4586,3d9fec695a918296c7fbcb52e7690176b6d49003b8f484ff417b25143bffcb76,3d9fec695a918296c7fbcb52e7690176b6d49003b8f484ff417b25143bffcb76,3d9fec695a918296c7fbcb52e7690176b6d49003b8f484ff417b25143bffcb76,verified
output,source-intake/navier-stokes/20260909/annular-affine-commutator-energy-control/canonical_N16_metric_Gram_sample16.npz,research-programme/reproducibility/20260909/source-intake/navier-stokes/20260909/annular-affine-commutator-energy-control/canonical_N16_metric_Gram_sample16.npz,4580,3a7b7fe4ff183487dd2b2fcf625d5ac5f977f4488d844b489b8b91749e79f098,3a7b7fe4ff183487dd2b2fcf625d5ac5f977f4488d844b489b8b91749e79f098,3a7b7fe4ff183487dd2b2fcf625d5ac5f977f4488d844b489b8b91749e79f098,verified
output,source-intake/navier-stokes/20260909/annular-affine-commutator-energy-control/canonical_N16_metric_Gram_sample32.npz,research-programme/reproducibility/20260909/source-intake/navier-stokes/20260909/annular-affine-commutator-energy-control/canonical_N16_metric_Gram_sample32.npz,4582,30fe13b901b49def5fadcfe567c451f07bea08cd902a7113647c4d65ec8dacd9,30fe13b901b49def5fadcfe567c451f07bea08cd902a7113647c4d65ec8dacd9,30fe13b901b49def5fadcfe567c451f07bea08cd902a7113647c4d65ec8dacd9,verified
output,source-intake/navier-stokes/20260909/annular-affine-commutator-energy-control/canonical_N32_GR_sample0.npz,research-programme/reproducibility/20260909/source-intake/navier-stokes/20260909/annular-affine-commutator-energy-control/canonical_N32_GR_sample0.npz,6777,ef204c2f7e62427212a98187f782855ccabb675e0f47e462ec66a89cc213e495,ef204c2f7e62427212a98187f782855ccabb675e0f47e462ec66a89cc213e495,ef204c2f7e62427212a98187f782855ccabb675e0f47e462ec66a89cc213e495,verified
output,source-intake/navier-stokes/20260909/annular-affine-commutator-energy-control/canonical_N32_GR_sample16.npz,research-programme/reproducibility/20260909/source-intake/navier-stokes/20260909/annular-affine-commutator-energy-control/canonical_N32_GR_sample16.npz,6777,75eb036a22d0292560926ea258cb656eaf817fe43904b1517e94c347e3f16e3b,75eb036a22d0292560926ea258cb656eaf817fe43904b1517e94c347e3f16e3b,75eb036a22d0292560926ea258cb656eaf817fe43904b1517e94c347e3f16e3b,verified
output,source-intake/navier-stokes/20260909/annular-affine-commutator-energy-control/canonical_N32_GR_sample32.npz,research-programme/reproducibility/20260909/source-intake/navier-stokes/20260909/annular-affine-commutator-energy-control/canonical_N32_GR_sample32.npz,6777,a45fae9984d6a18e7e35f9a5728a6dbaecdbc50dcae932ff7e75af0fce082dd1,a45fae9984d6a18e7e35f9a5728a6dbaecdbc50dcae932ff7e75af0fce082dd1,a45fae9984d6a18e7e35f9a5728a6dbaecdbc50dcae932ff7e75af0fce082dd1,verified
output,source-intake/navier-stokes/20260909/annular-affine-commutator-energy-control/canonical_N32_metric_Gram_sample0.npz,research-programme/reproducibility/20260909/source-intake/navier-stokes/20260909/annular-affine-commutator-energy-control/canonical_N32_metric_Gram_sample0.npz,6779,a8724d3b946f734aa891b1cf014bcf19039b8471abb8697501ddd4b0c843584a,a8724d3b946f734aa891b1cf014bcf19039b8471abb8697501ddd4b0c843584a,a8724d3b946f734aa891b1cf014bcf19039b8471abb8697501ddd4b0c843584a,verified
output,source-intake/navier-stokes/20260909/annular-affine-commutator-energy-control/canonical_N32_metric_Gram_sample16.npz,research-programme/reproducibility/20260909/source-intake/navier-stokes/20260909/annular-affine-commutator-energy-control/canonical_N32_metric_Gram_sample16.npz,6778,b8520bfe25508ccd2162030d9885465ba8dab2b9eb1331fac7eb5ca492080e34,b8520bfe25508ccd2162030d9885465ba8dab2b9eb1331fac7eb5ca492080e34,b8520bfe25508ccd2162030d9885465ba8dab2b9eb1331fac7eb5ca492080e34,verified
output,source-intake/navier-stokes/20260909/annular-affine-commutator-energy-control/canonical_N32_metric_Gram_sample32.npz,research-programme/reproducibility/20260909/source-intake/navier-stokes/20260909/annular-affine-commutator-energy-control/canonical_N32_metric_Gram_sample32.npz,6771,3fa6fa79437492d69220148d74d916e274ba6e0b1502d8b2c0a4385859536196,3fa6fa79437492d69220148d74d916e274ba6e0b1502d8b2c0a4385859536196,3fa6fa79437492d69220148d74d916e274ba6e0b1502d8b2c0a4385859536196,verified
output,source-intake/navier-stokes/20260909/annular-affine-commutator-energy-control/canonical_N64_GR_sample0.npz,research-programme/reproducibility/20260909/source-intake/navier-stokes/20260909/annular-affine-commutator-energy-control/canonical_N64_GR_sample0.npz,11179,93656a6292bbb02076889f03db4348d2f609e623cadbd6f17e12f5ed8bf2ad56,93656a6292bbb02076889f03db4348d2f609e623cadbd6f17e12f5ed8bf2ad56,93656a6292bbb02076889f03db4348d2f609e623cadbd6f17e12f5ed8bf2ad56,verified
output,source-intake/navier-stokes/20260909/annular-affine-commutator-energy-control/canonical_N64_GR_sample32.npz,research-programme/reproducibility/20260909/source-intake/navier-stokes/20260909/annular-affine-commutator-energy-control/canonical_N64_GR_sample32.npz,11178,705eb6a432c6a02e6c4b3f4fad79a353ac3533f62e1723bb722b71b5ff1839ba,705eb6a432c6a02e6c4b3f4fad79a353ac3533f62e1723bb722b71b5ff1839ba,705eb6a432c6a02e6c4b3f4fad79a353ac3533f62e1723bb722b71b5ff1839ba,verified
output,source-intake/navier-stokes/20260909/annular-affine-commutator-energy-control/canonical_N64_GR_sample64.npz,research-programme/reproducibility/20260909/source-intake/navier-stokes/20260909/annular-affine-commutator-energy-control/canonical_N64_GR_sample64.npz,11172,199d8d3286419535f3976d5d3817d68c143eacd48d8128cb7492f86493a9fa59,199d8d3286419535f3976d5d3817d68c143eacd48d8128cb7492f86493a9fa59,199d8d3286419535f3976d5d3817d68c143eacd48d8128cb7492f86493a9fa59,verified
output,source-intake/navier-stokes/20260909/annular-affine-commutator-energy-control/canonical_N64_metric_Gram_sample0.npz,research-programme/reproducibility/20260909/source-intake/navier-stokes/20260909/annular-affine-commutator-energy-control/canonical_N64_metric_Gram_sample0.npz,11172,ce7f4edec32cf6f1fc63439a106413cd869d250c7653c53c79f449da06da1f5a,ce7f4edec32cf6f1fc63439a106413cd869d250c7653c53c79f449da06da1f5a,ce7f4edec32cf6f1fc63439a106413cd869d250c7653c53c79f449da06da1f5a,verified
output,source-intake/navier-stokes/20260909/annular-affine-commutator-energy-control/canonical_N64_metric_Gram_sample32.npz,research-programme/reproducibility/20260909/source-intake/navier-stokes/20260909/annular-affine-commutator-energy-control/canonical_N64_metric_Gram_sample32.npz,11172,be75f83f2a2f6e7c8a6f56b82583b6d2737b8d592ddf662597d8cf123d1b8841,be75f83f2a2f6e7c8a6f56b82583b6d2737b8d592ddf662597d8cf123d1b8841,be75f83f2a2f6e7c8a6f56b82583b6d2737b8d592ddf662597d8cf123d1b8841,verified
output,source-intake/navier-stokes/20260909/annular-affine-commutator-energy-control/canonical_N64_metric_Gram_sample64.npz,research-programme/reproducibility/20260909/source-intake/navier-stokes/20260909/annular-affine-commutator-energy-control/canonical_N64_metric_Gram_sample64.npz,11177,ad114e1bd59ff24a78c79bbf29f17dbc05a4bb44afc50f8a4f5c4bfddea9fb6f,ad114e1bd59ff24a78c79bbf29f17dbc05a4bb44afc50f8a4f5c4bfddea9fb6f,ad114e1bd59ff24a78c79bbf29f17dbc05a4bb44afc50f8a4f5c4bfddea9fb6f,verified
output,source-intake/navier-stokes/20260909/annular-affine-commutator-energy-control/nonlinear_modulated_N16_GR_sample0.npz,research-programme/reproducibility/20260909/source-intake/navier-stokes/20260909/annular-affine-commutator-energy-control/nonlinear_modulated_N16_GR_sample0.npz,4584,d5db7ec4a5011e8c087a3ef4e620c6b4acb78c8ee1b095fe558f345a2ab3efce,d5db7ec4a5011e8c087a3ef4e620c6b4acb78c8ee1b095fe558f345a2ab3efce,d5db7ec4a5011e8c087a3ef4e620c6b4acb78c8ee1b095fe558f345a2ab3efce,verified
output,source-intake/navier-stokes/20260909/annular-affine-commutator-energy-control/nonlinear_modulated_N16_GR_sample16.npz,research-programme/reproducibility/20260909/source-intake/navier-stokes/20260909/annular-affine-commutator-energy-control/nonlinear_modulated_N16_GR_sample16.npz,4583,ba9a0f33bcd7b9782284ed7f4e1c3160255bf5ae19200ae7e52002ce5498ee34,ba9a0f33bcd7b9782284ed7f4e1c3160255bf5ae19200ae7e52002ce5498ee34,ba9a0f33bcd7b9782284ed7f4e1c3160255bf5ae19200ae7e52002ce5498ee34,verified
output,source-intake/navier-stokes/20260909/annular-affine-commutator-energy-control/nonlinear_modulated_N16_GR_sample32.npz,research-programme/reproducibility/20260909/source-intake/navier-stokes/20260909/annular-affine-commutator-energy-control/nonlinear_modulated_N16_GR_sample32.npz,4584,66369f4cbed6307941435650dc2b166a8ff2da2265751da2e3e1221638737be3,66369f4cbed6307941435650dc2b166a8ff2da2265751da2e3e1221638737be3,66369f4cbed6307941435650dc2b166a8ff2da2265751da2e3e1221638737be3,verified
output,source-intake/navier-stokes/20260909/annular-affine-commutator-energy-control/nonlinear_modulated_N16_metric_Gram_sample0.npz,research-programme/reproducibility/20260909/source-intake/navier-stokes/20260909/annular-affine-commutator-energy-control/nonlinear_modulated_N16_metric_Gram_sample0.npz,4588,542cddc7666a94930bd8171f313cb96821aceba814d59b53fd319e0027b57855,542cddc7666a94930bd8171f313cb96821aceba814d59b53fd319e0027b57855,542cddc7666a94930bd8171f313cb96821aceba814d59b53fd319e0027b57855,verified
output,source-intake/navier-stokes/20260909/annular-affine-commutator-energy-control/nonlinear_modulated_N16_metric_Gram_sample16.npz,research-programme/reproducibility/20260909/source-intake/navier-stokes/20260909/annular-affine-commutator-energy-control/nonlinear_modulated_N16_metric_Gram_sample16.npz,4577,1d8055e85a040965a554e6f5ad2df917ba3a5d68f26c67a4e6d7fdf6cc4cf028,1d8055e85a040965a554e6f5ad2df917ba3a5d68f26c67a4e6d7fdf6cc4cf028,1d8055e85a040965a554e6f5ad2df917ba3a5d68f26c67a4e6d7fdf6cc4cf028,verified
output,source-intake/navier-stokes/20260909/annular-affine-commutator-energy-control/nonlinear_modulated_N16_metric_Gram_sample32.npz,research-programme/reproducibility/20260909/source-intake/navier-stokes/20260909/annular-affine-commutator-energy-control/nonlinear_modulated_N16_metric_Gram_sample32.npz,4578,ed44967057922e798ad7a17ea396d3f81622d101f856be3f3795457bfc18b503,ed44967057922e798ad7a17ea396d3f81622d101f856be3f3795457bfc18b503,ed44967057922e798ad7a17ea396d3f81622d101f856be3f3795457bfc18b503,verified
output,source-intake/navier-stokes/20260909/annular-affine-commutator-energy-control/nonlinear_modulated_N32_GR_sample0.npz,research-programme/reproducibility/20260909/source-intake/navier-stokes/20260909/annular-affine-commutator-energy-control/nonlinear_modulated_N32_GR_sample0.npz,6775,8aa68d9db0c1999902a157f32b99478177f12f38cc6b49c855486bd195611084,8aa68d9db0c1999902a157f32b99478177f12f38cc6b49c855486bd195611084,8aa68d9db0c1999902a157f32b99478177f12f38cc6b49c855486bd195611084,verified
output,source-intake/navier-stokes/20260909/annular-affine-commutator-energy-control/nonlinear_modulated_N32_GR_sample16.npz,research-programme/reproducibility/20260909/source-intake/navier-stokes/20260909/annular-affine-commutator-energy-control/nonlinear_modulated_N32_GR_sample16.npz,6773,3c7e20fefb486117af5b71d9a59a5d068a92dbc98a171d98aed4f5444015cf69,3c7e20fefb486117af5b71d9a59a5d068a92dbc98a171d98aed4f5444015cf69,3c7e20fefb486117af5b71d9a59a5d068a92dbc98a171d98aed4f5444015cf69,verified
output,source-intake/navier-stokes/20260909/annular-affine-commutator-energy-control/nonlinear_modulated_N32_GR_sample32.npz,research-programme/reproducibility/20260909/source-intake/navier-stokes/20260909/annular-affine-commutator-energy-control/nonlinear_modulated_N32_GR_sample32.npz,6778,67c0069098a6d190b727ac08a5d7269aaacc74ac5410ba89c4c19c95c21bb731,67c0069098a6d190b727ac08a5d7269aaacc74ac5410ba89c4c19c95c21bb731,67c0069098a6d190b727ac08a5d7269aaacc74ac5410ba89c4c19c95c21bb731,verified
output,source-intake/navier-stokes/20260909/annular-affine-commutator-energy-control/nonlinear_modulated_N32_metric_Gram_sample0.npz,research-programme/reproducibility/20260909/source-intake/navier-stokes/20260909/annular-affine-commutator-energy-control/nonlinear_modulated_N32_metric_Gram_sample0.npz,6775,1d33b530e5da00096137c96b22a7e02f6dff4f72fe113239e7035d4161ab1adf,1d33b530e5da00096137c96b22a7e02f6dff4f72fe113239e7035d4161ab1adf,1d33b530e5da00096137c96b22a7e02f6dff4f72fe113239e7035d4161ab1adf,verified
output,source-intake/navier-stokes/20260909/annular-affine-commutator-energy-control/nonlinear_modulated_N32_metric_Gram_sample16.npz,research-programme/reproducibility/20260909/source-intake/navier-stokes/20260909/annular-affine-commutator-energy-control/nonlinear_modulated_N32_metric_Gram_sample16.npz,6773,60bafd5a9e88a0cbc82da80a19be836db8888e509531a8643a696abdcda8bdef,60bafd5a9e88a0cbc82da80a19be836db8888e509531a8643a696abdcda8bdef,60bafd5a9e88a0cbc82da80a19be836db8888e509531a8643a696abdcda8bdef,verified
output,source-intake/navier-stokes/20260909/annular-affine-commutator-energy-control/nonlinear_modulated_N32_metric_Gram_sample32.npz,research-programme/reproducibility/20260909/source-intake/navier-stokes/20260909/annular-affine-commutator-energy-control/nonlinear_modulated_N32_metric_Gram_sample32.npz,6774,199969db81f804ef5161b8724b6178926962a60779f5e17031773118dc535fc8,199969db81f804ef5161b8724b6178926962a60779f5e17031773118dc535fc8,199969db81f804ef5161b8724b6178926962a60779f5e17031773118dc535fc8,verified
output,source-intake/navier-stokes/20260909/annular-affine-commutator-energy-control/nonlinear_modulated_N64_GR_sample0.npz,research-programme/reproducibility/20260909/source-intake/navier-stokes/20260909/annular-affine-commutator-energy-control/nonlinear_modulated_N64_GR_sample0.npz,11162,bd5f75220619beb765f684c44af05bd007c5b53b57052a8f6981b8519f2e8dd1,bd5f75220619beb765f684c44af05bd007c5b53b57052a8f6981b8519f2e8dd1,bd5f75220619beb765f684c44af05bd007c5b53b57052a8f6981b8519f2e8dd1,verified
output,source-intake/navier-stokes/20260909/annular-affine-commutator-energy-control/nonlinear_modulated_N64_GR_sample32.npz,research-programme/reproducibility/20260909/source-intake/navier-stokes/20260909/annular-affine-commutator-energy-control/nonlinear_modulated_N64_GR_sample32.npz,11157,afd39633d5ec5834c41056d21570f7c657fc536f3d02724811f97ea03549d27d,afd39633d5ec5834c41056d21570f7c657fc536f3d02724811f97ea03549d27d,afd39633d5ec5834c41056d21570f7c657fc536f3d02724811f97ea03549d27d,verified
output,source-intake/navier-stokes/20260909/annular-affine-commutator-energy-control/nonlinear_modulated_N64_GR_sample64.npz,research-programme/reproducibility/20260909/source-intake/navier-stokes/20260909/annular-affine-commutator-energy-control/nonlinear_modulated_N64_GR_sample64.npz,11170,ed0799bef62d27fc8eb7d9d1217ec0262310d88dfae7f36ee158fc0c2dc0840a,ed0799bef62d27fc8eb7d9d1217ec0262310d88dfae7f36ee158fc0c2dc0840a,ed0799bef62d27fc8eb7d9d1217ec0262310d88dfae7f36ee158fc0c2dc0840a,verified
output,source-intake/navier-stokes/20260909/annular-affine-commutator-energy-control/nonlinear_modulated_N64_metric_Gram_sample0.npz,research-programme/reproducibility/20260909/source-intake/navier-stokes/20260909/annular-affine-commutator-energy-control/nonlinear_modulated_N64_metric_Gram_sample0.npz,11156,6da1d8cc364c7f3a37d7f534fbfa20db22c5377c84bc1f2bbdf109be60dcdbf6,6da1d8cc364c7f3a37d7f534fbfa20db22c5377c84bc1f2bbdf109be60dcdbf6,6da1d8cc364c7f3a37d7f534fbfa20db22c5377c84bc1f2bbdf109be60dcdbf6,verified
output,source-intake/navier-stokes/20260909/annular-affine-commutator-energy-control/nonlinear_modulated_N64_metric_Gram_sample32.npz,research-programme/reproducibility/20260909/source-intake/navier-stokes/20260909/annular-affine-commutator-energy-control/nonlinear_modulated_N64_metric_Gram_sample32.npz,11165,de274af807b32bea789c293b2776649e637c446a86cf2bed26070b43a1acb599,de274af807b32bea789c293b2776649e637c446a86cf2bed26070b43a1acb599,de274af807b32bea789c293b2776649e637c446a86cf2bed26070b43a1acb599,verified
output,source-intake/navier-stokes/20260909/annular-affine-commutator-energy-control/nonlinear_modulated_N64_metric_Gram_sample64.npz,research-programme/reproducibility/20260909/source-intake/navier-stokes/20260909/annular-affine-commutator-energy-control/nonlinear_modulated_N64_metric_Gram_sample64.npz,11170,88ccb4225d43a884d465df91d04fc261f22db326a964056bce41d057d53748e0,88ccb4225d43a884d465df91d04fc261f22db326a964056bce41d057d53748e0,88ccb4225d43a884d465df91d04fc261f22db326a964056bce41d057d53748e0,verified
output,source-intake/navier-stokes/20260909/annular-mass-trace-resume-snapshot.md,research-programme/reproducibility/20260909/source-intake/navier-stokes/20260909/annular-mass-trace-resume-snapshot.md,859445,7fde5357acd340b29a96d2b650c3a5a389eb84ebf7c7736ed41b35da0dd66020,7fde5357acd340b29a96d2b650c3a5a389eb84ebf7c7736ed41b35da0dd66020,7fde5357acd340b29a96d2b650c3a5a389eb84ebf7c7736ed41b35da0dd66020,verified
output,source-intake/navier-stokes/20260909/annular-first-derivative-energy-derived/canonical_N16_GR_sample0.npz,research-programme/reproducibility/20260909/source-intake/navier-stokes/20260909/annular-first-derivative-energy-derived/canonical_N16_GR_sample0.npz,27166,c1c6484c6f5caa6caf0bde0c61f232bc807d21012c7860f79f36ce842845ba31,c1c6484c6f5caa6caf0bde0c61f232bc807d21012c7860f79f36ce842845ba31,c1c6484c6f5caa6caf0bde0c61f232bc807d21012c7860f79f36ce842845ba31,verified
output,source-intake/navier-stokes/20260909/annular-first-derivative-energy-derived/canonical_N16_GR_sample16.npz,research-programme/reproducibility/20260909/source-intake/navier-stokes/20260909/annular-first-derivative-energy-derived/canonical_N16_GR_sample16.npz,27175,81bda8cb541508f7f83aadc023174e44797ed06ca18b6e1ce9cec8b505539e7a,81bda8cb541508f7f83aadc023174e44797ed06ca18b6e1ce9cec8b505539e7a,81bda8cb541508f7f83aadc023174e44797ed06ca18b6e1ce9cec8b505539e7a,verified
output,source-intake/navier-stokes/20260909/annular-first-derivative-energy-derived/canonical_N16_GR_sample32.npz,research-programme/reproducibility/20260909/source-intake/navier-stokes/20260909/annular-first-derivative-energy-derived/canonical_N16_GR_sample32.npz,27124,c57faff6fcb32cb0df3d2e1794f96514bd1df5be7033b59fdf75326820b3c32e,c57faff6fcb32cb0df3d2e1794f96514bd1df5be7033b59fdf75326820b3c32e,c57faff6fcb32cb0df3d2e1794f96514bd1df5be7033b59fdf75326820b3c32e,verified
output,source-intake/navier-stokes/20260909/annular-first-derivative-energy-derived/canonical_N16_metric_Gram_sample0.npz,research-programme/reproducibility/20260909/source-intake/navier-stokes/20260909/annular-first-derivative-energy-derived/canonical_N16_metric_Gram_sample0.npz,27135,4fb55693fefa6e1c79e6a8175dad861b2d0c9e7694be102002c9b69127390b9e,4fb55693fefa6e1c79e6a8175dad861b2d0c9e7694be102002c9b69127390b9e,4fb55693fefa6e1c79e6a8175dad861b2d0c9e7694be102002c9b69127390b9e,verified
output,source-intake/navier-stokes/20260909/annular-first-derivative-energy-derived/canonical_N16_metric_Gram_sample16.npz,research-programme/reproducibility/20260909/source-intake/navier-stokes/20260909/annular-first-derivative-energy-derived/canonical_N16_metric_Gram_sample16.npz,27055,1ccd6d3fba290f7a27a59f218a52023379bdd0da8fd9904094417416892f1cd5,1ccd6d3fba290f7a27a59f218a52023379bdd0da8fd9904094417416892f1cd5,1ccd6d3fba290f7a27a59f218a52023379bdd0da8fd9904094417416892f1cd5,verified
output,source-intake/navier-stokes/20260909/annular-first-derivative-energy-derived/canonical_N16_metric_Gram_sample32.npz,research-programme/reproducibility/20260909/source-intake/navier-stokes/20260909/annular-first-derivative-energy-derived/canonical_N16_metric_Gram_sample32.npz,27105,4216d1c0a4956f14df3ba287da17e42577dcd6b50c1908dab7b0b9b6ac40616c,4216d1c0a4956f14df3ba287da17e42577dcd6b50c1908dab7b0b9b6ac40616c,4216d1c0a4956f14df3ba287da17e42577dcd6b50c1908dab7b0b9b6ac40616c,verified
output,source-intake/navier-stokes/20260909/annular-first-derivative-energy-derived/canonical_N32_GR_sample0.npz,research-programme/reproducibility/20260909/source-intake/navier-stokes/20260909/annular-first-derivative-energy-derived/canonical_N32_GR_sample0.npz,46408,e9d2d03927830a36545041b1a6296b11047f4af3b8248a2c6eb399565ff9a16e,e9d2d03927830a36545041b1a6296b11047f4af3b8248a2c6eb399565ff9a16e,e9d2d03927830a36545041b1a6296b11047f4af3b8248a2c6eb399565ff9a16e,verified
output,source-intake/navier-stokes/20260909/annular-first-derivative-energy-derived/canonical_N32_GR_sample16.npz,research-programme/reproducibility/20260909/source-intake/navier-stokes/20260909/annular-first-derivative-energy-derived/canonical_N32_GR_sample16.npz,46471,1b8598152e652492a382089b6ca5350bd139ef391c5fcffffe18bf5969499572,1b8598152e652492a382089b6ca5350bd139ef391c5fcffffe18bf5969499572,1b8598152e652492a382089b6ca5350bd139ef391c5fcffffe18bf5969499572,verified
output,source-intake/navier-stokes/20260909/annular-first-derivative-energy-derived/canonical_N32_GR_sample32.npz,research-programme/reproducibility/20260909/source-intake/navier-stokes/20260909/annular-first-derivative-energy-derived/canonical_N32_GR_sample32.npz,46437,8d44186ea2d7a8f5361c7a4881b8c2c33a1a2f4fbc72a101d1932232c4b935c6,8d44186ea2d7a8f5361c7a4881b8c2c33a1a2f4fbc72a101d1932232c4b935c6,8d44186ea2d7a8f5361c7a4881b8c2c33a1a2f4fbc72a101d1932232c4b935c6,verified
output,source-intake/navier-stokes/20260909/annular-first-derivative-energy-derived/canonical_N32_metric_Gram_sample0.npz,research-programme/reproducibility/20260909/source-intake/navier-stokes/20260909/annular-first-derivative-energy-derived/canonical_N32_metric_Gram_sample0.npz,46315,2b9ed4018bf4415b47ecac1c3978537557519430c81208b2571b223a5fde1037,2b9ed4018bf4415b47ecac1c3978537557519430c81208b2571b223a5fde1037,2b9ed4018bf4415b47ecac1c3978537557519430c81208b2571b223a5fde1037,verified
output,source-intake/navier-stokes/20260909/annular-first-derivative-energy-derived/canonical_N32_metric_Gram_sample16.npz,research-programme/reproducibility/20260909/source-intake/navier-stokes/20260909/annular-first-derivative-energy-derived/canonical_N32_metric_Gram_sample16.npz,46419,f5dbd9960cf9d1e94278ccfeaf4ad01a9a5ce92d98d68d403eaa1190dd4ac499,f5dbd9960cf9d1e94278ccfeaf4ad01a9a5ce92d98d68d403eaa1190dd4ac499,f5dbd9960cf9d1e94278ccfeaf4ad01a9a5ce92d98d68d403eaa1190dd4ac499,verified
output,source-intake/navier-stokes/20260909/annular-first-derivative-energy-derived/canonical_N32_metric_Gram_sample32.npz,research-programme/reproducibility/20260909/source-intake/navier-stokes/20260909/annular-first-derivative-energy-derived/canonical_N32_metric_Gram_sample32.npz,46361,6699c08e67f73a4d44f0b6624ca0ae0fc1791ad31e268ab96af330b40f04bca0,6699c08e67f73a4d44f0b6624ca0ae0fc1791ad31e268ab96af330b40f04bca0,6699c08e67f73a4d44f0b6624ca0ae0fc1791ad31e268ab96af330b40f04bca0,verified
output,source-intake/navier-stokes/20260909/annular-first-derivative-energy-derived/canonical_N64_GR_sample0.npz,research-programme/reproducibility/20260909/source-intake/navier-stokes/20260909/annular-first-derivative-energy-derived/canonical_N64_GR_sample0.npz,95472,9da0c7e164013fa7acbaf836fee28820b4ec8ce54ffa0367047a9268b5958b8a,9da0c7e164013fa7acbaf836fee28820b4ec8ce54ffa0367047a9268b5958b8a,9da0c7e164013fa7acbaf836fee28820b4ec8ce54ffa0367047a9268b5958b8a,verified
output,source-intake/navier-stokes/20260909/annular-first-derivative-energy-derived/canonical_N64_GR_sample32.npz,research-programme/reproducibility/20260909/source-intake/navier-stokes/20260909/annular-first-derivative-energy-derived/canonical_N64_GR_sample32.npz,95180,5b24053544aa3bac6def353635c82f9183e3cbaefd42d3d532016e005ae2cefa,5b24053544aa3bac6def353635c82f9183e3cbaefd42d3d532016e005ae2cefa,5b24053544aa3bac6def353635c82f9183e3cbaefd42d3d532016e005ae2cefa,verified
output,source-intake/navier-stokes/20260909/annular-first-derivative-energy-derived/canonical_N64_GR_sample64.npz,research-programme/reproducibility/20260909/source-intake/navier-stokes/20260909/annular-first-derivative-energy-derived/canonical_N64_GR_sample64.npz,95496,54757c288416d452d8b749449d82b2586c9f2c9da16772427d6743ab4f484476,54757c288416d452d8b749449d82b2586c9f2c9da16772427d6743ab4f484476,54757c288416d452d8b749449d82b2586c9f2c9da16772427d6743ab4f484476,verified
output,source-intake/navier-stokes/20260909/annular-first-derivative-energy-derived/canonical_N64_metric_Gram_sample0.npz,research-programme/reproducibility/20260909/source-intake/navier-stokes/20260909/annular-first-derivative-energy-derived/canonical_N64_metric_Gram_sample0.npz,95211,1e55fed4dbec3538e99c12fa9fe1f90f6cb78c12ad775db58d7c33a1d9b06099,1e55fed4dbec3538e99c12fa9fe1f90f6cb78c12ad775db58d7c33a1d9b06099,1e55fed4dbec3538e99c12fa9fe1f90f6cb78c12ad775db58d7c33a1d9b06099,verified
output,source-intake/navier-stokes/20260909/annular-first-derivative-energy-derived/canonical_N64_metric_Gram_sample32.npz,research-programme/reproducibility/20260909/source-intake/navier-stokes/20260909/annular-first-derivative-energy-derived/canonical_N64_metric_Gram_sample32.npz,95262,c381ad42cdd79879f2824b881f94ab6948b684b6c04ad86ab00f83e56f93db52,c381ad42cdd79879f2824b881f94ab6948b684b6c04ad86ab00f83e56f93db52,c381ad42cdd79879f2824b881f94ab6948b684b6c04ad86ab00f83e56f93db52,verified
output,source-intake/navier-stokes/20260909/annular-first-derivative-energy-derived/canonical_N64_metric_Gram_sample64.npz,research-programme/reproducibility/20260909/source-intake/navier-stokes/20260909/annular-first-derivative-energy-derived/canonical_N64_metric_Gram_sample64.npz,95208,3ca6ce87437f464d3ebcd9e25ce8f9dd4dda5be28dc66832de43f0059087aeb4,3ca6ce87437f464d3ebcd9e25ce8f9dd4dda5be28dc66832de43f0059087aeb4,3ca6ce87437f464d3ebcd9e25ce8f9dd4dda5be28dc66832de43f0059087aeb4,verified
output,source-intake/navier-stokes/20260909/annular-first-derivative-energy-derived/nonlinear_modulated_N16_GR_sample0.npz,research-programme/reproducibility/20260909/source-intake/navier-stokes/20260909/annular-first-derivative-energy-derived/nonlinear_modulated_N16_GR_sample0.npz,27970,173aaeccf18ff4d4fc0fe6bc5002103dc0b5a4484a82a2be86a521cb88b408ad,173aaeccf18ff4d4fc0fe6bc5002103dc0b5a4484a82a2be86a521cb88b408ad,173aaeccf18ff4d4fc0fe6bc5002103dc0b5a4484a82a2be86a521cb88b408ad,verified
output,source-intake/navier-stokes/20260909/annular-first-derivative-energy-derived/nonlinear_modulated_N16_GR_sample16.npz,research-programme/reproducibility/20260909/source-intake/navier-stokes/20260909/annular-first-derivative-energy-derived/nonlinear_modulated_N16_GR_sample16.npz,28001,6a18a3a9b7bed8553fe759c25a90d434963f2cad5fb46ade0fd6ad6161e9db11,6a18a3a9b7bed8553fe759c25a90d434963f2cad5fb46ade0fd6ad6161e9db11,6a18a3a9b7bed8553fe759c25a90d434963f2cad5fb46ade0fd6ad6161e9db11,verified
output,source-intake/navier-stokes/20260909/annular-first-derivative-energy-derived/nonlinear_modulated_N16_GR_sample32.npz,research-programme/reproducibility/20260909/source-intake/navier-stokes/20260909/annular-first-derivative-energy-derived/nonlinear_modulated_N16_GR_sample32.npz,28040,a7a10f10c3bd85548c2289b4a206717642c1f513b63ccf3a34bcf4bc631fdfd9,a7a10f10c3bd85548c2289b4a206717642c1f513b63ccf3a34bcf4bc631fdfd9,a7a10f10c3bd85548c2289b4a206717642c1f513b63ccf3a34bcf4bc631fdfd9,verified
output,source-intake/navier-stokes/20260909/annular-first-derivative-energy-derived/nonlinear_modulated_N16_metric_Gram_sample0.npz,research-programme/reproducibility/20260909/source-intake/navier-stokes/20260909/annular-first-derivative-energy-derived/nonlinear_modulated_N16_metric_Gram_sample0.npz,27989,f19f37ef1afc0e1297d3672646b256573443f13cecd2e8981efb9f91080fd63f,f19f37ef1afc0e1297d3672646b256573443f13cecd2e8981efb9f91080fd63f,f19f37ef1afc0e1297d3672646b256573443f13cecd2e8981efb9f91080fd63f,verified
output,source-intake/navier-stokes/20260909/annular-first-derivative-energy-derived/nonlinear_modulated_N16_metric_Gram_sample16.npz,research-programme/reproducibility/20260909/source-intake/navier-stokes/20260909/annular-first-derivative-energy-derived/nonlinear_modulated_N16_metric_Gram_sample16.npz,28020,53d7accd9bc57c4cfe57072fde050183aacd4063efef883738919f3d912e1098,53d7accd9bc57c4cfe57072fde050183aacd4063efef883738919f3d912e1098,53d7accd9bc57c4cfe57072fde050183aacd4063efef883738919f3d912e1098,verified
output,source-intake/navier-stokes/20260909/annular-first-derivative-energy-derived/nonlinear_modulated_N16_metric_Gram_sample32.npz,research-programme/reproducibility/20260909/source-intake/navier-stokes/20260909/annular-first-derivative-energy-derived/nonlinear_modulated_N16_metric_Gram_sample32.npz,27990,8530ce69f7daad26ae36bdafbd81f71b78d06ca0792f8144ad683e6de2e987e9,8530ce69f7daad26ae36bdafbd81f71b78d06ca0792f8144ad683e6de2e987e9,8530ce69f7daad26ae36bdafbd81f71b78d06ca0792f8144ad683e6de2e987e9,verified
output,source-intake/navier-stokes/20260909/annular-first-derivative-energy-derived/nonlinear_modulated_N32_GR_sample0.npz,research-programme/reproducibility/20260909/source-intake/navier-stokes/20260909/annular-first-derivative-energy-derived/nonlinear_modulated_N32_GR_sample0.npz,48047,823e3984030941bce1560853ad3b69a3b78900c8adef0a7aacfafc14fc85495b,823e3984030941bce1560853ad3b69a3b78900c8adef0a7aacfafc14fc85495b,823e3984030941bce1560853ad3b69a3b78900c8adef0a7aacfafc14fc85495b,verified
output,source-intake/navier-stokes/20260909/annular-first-derivative-energy-derived/nonlinear_modulated_N32_GR_sample16.npz,research-programme/reproducibility/20260909/source-intake/navier-stokes/20260909/annular-first-derivative-energy-derived/nonlinear_modulated_N32_GR_sample16.npz,48050,ee2b729ce26caed518472e6743db16bf718ebc74276fd1770bb0da6bb08cff35,ee2b729ce26caed518472e6743db16bf718ebc74276fd1770bb0da6bb08cff35,ee2b729ce26caed518472e6743db16bf718ebc74276fd1770bb0da6bb08cff35,verified
output,source-intake/navier-stokes/20260909/annular-first-derivative-energy-derived/nonlinear_modulated_N32_GR_sample32.npz,research-programme/reproducibility/20260909/source-intake/navier-stokes/20260909/annular-first-derivative-energy-derived/nonlinear_modulated_N32_GR_sample32.npz,48213,f2e2365df86e60e3046e8014876db9cfd1663a9ac342b66621b775510c6c9a03,f2e2365df86e60e3046e8014876db9cfd1663a9ac342b66621b775510c6c9a03,f2e2365df86e60e3046e8014876db9cfd1663a9ac342b66621b775510c6c9a03,verified
output,source-intake/navier-stokes/20260909/annular-first-derivative-energy-derived/nonlinear_modulated_N32_metric_Gram_sample0.npz,research-programme/reproducibility/20260909/source-intake/navier-stokes/20260909/annular-first-derivative-energy-derived/nonlinear_modulated_N32_metric_Gram_sample0.npz,48062,baba92102775710237e81cb27aa18769cc6adce99bc7b68f913bf1a21a2e388d,baba92102775710237e81cb27aa18769cc6adce99bc7b68f913bf1a21a2e388d,baba92102775710237e81cb27aa18769cc6adce99bc7b68f913bf1a21a2e388d,verified
output,source-intake/navier-stokes/20260909/annular-first-derivative-energy-derived/nonlinear_modulated_N32_metric_Gram_sample16.npz,research-programme/reproducibility/20260909/source-intake/navier-stokes/20260909/annular-first-derivative-energy-derived/nonlinear_modulated_N32_metric_Gram_sample16.npz,48094,08d8dbf3713cff4661f09a8a0d6bfc2c5c7c6c05fbb0ee7b01b69ccbe70a0ef6,08d8dbf3713cff4661f09a8a0d6bfc2c5c7c6c05fbb0ee7b01b69ccbe70a0ef6,08d8dbf3713cff4661f09a8a0d6bfc2c5c7c6c05fbb0ee7b01b69ccbe70a0ef6,verified
output,source-intake/navier-stokes/20260909/annular-first-derivative-energy-derived/nonlinear_modulated_N32_metric_Gram_sample32.npz,research-programme/reproducibility/20260909/source-intake/navier-stokes/20260909/annular-first-derivative-energy-derived/nonlinear_modulated_N32_metric_Gram_sample32.npz,47962,a6ebfe1912b5b9e0f4d48aeadc4fe00bd8efa5a253af4e40530eab56f23980b2,a6ebfe1912b5b9e0f4d48aeadc4fe00bd8efa5a253af4e40530eab56f23980b2,a6ebfe1912b5b9e0f4d48aeadc4fe00bd8efa5a253af4e40530eab56f23980b2,verified
output,source-intake/navier-stokes/20260909/annular-first-derivative-energy-derived/nonlinear_modulated_N64_GR_sample0.npz,research-programme/reproducibility/20260909/source-intake/navier-stokes/20260909/annular-first-derivative-energy-derived/nonlinear_modulated_N64_GR_sample0.npz,98703,13503e81a81a4e129fb53f7a376cdd88c1bd2509be84012b87aa815c46abae7d,13503e81a81a4e129fb53f7a376cdd88c1bd2509be84012b87aa815c46abae7d,13503e81a81a4e129fb53f7a376cdd88c1bd2509be84012b87aa815c46abae7d,verified
output,source-intake/navier-stokes/20260909/annular-first-derivative-energy-derived/nonlinear_modulated_N64_GR_sample32.npz,research-programme/reproducibility/20260909/source-intake/navier-stokes/20260909/annular-first-derivative-energy-derived/nonlinear_modulated_N64_GR_sample32.npz,98545,2cb0ec269cdaf105556207e3f751442b4373db605945be87cea5656ad473e11a,2cb0ec269cdaf105556207e3f751442b4373db605945be87cea5656ad473e11a,2cb0ec269cdaf105556207e3f751442b4373db605945be87cea5656ad473e11a,verified
output,source-intake/navier-stokes/20260909/annular-first-derivative-energy-derived/nonlinear_modulated_N64_GR_sample64.npz,research-programme/reproducibility/20260909/source-intake/navier-stokes/20260909/annular-first-derivative-energy-derived/nonlinear_modulated_N64_GR_sample64.npz,98650,775105b4020ad12b53db371294ef9546b2be179aa4b0c9ca414e427bb7305f77,775105b4020ad12b53db371294ef9546b2be179aa4b0c9ca414e427bb7305f77,775105b4020ad12b53db371294ef9546b2be179aa4b0c9ca414e427bb7305f77,verified
output,source-intake/navier-stokes/20260909/annular-first-derivative-energy-derived/nonlinear_modulated_N64_metric_Gram_sample0.npz,research-programme/reproducibility/20260909/source-intake/navier-stokes/20260909/annular-first-derivative-energy-derived/nonlinear_modulated_N64_metric_Gram_sample0.npz,98660,e6f12387981337c69404a57b2b2ca6b49944ad78672f8f4e11149ea648f4c0be,e6f12387981337c69404a57b2b2ca6b49944ad78672f8f4e11149ea648f4c0be,e6f12387981337c69404a57b2b2ca6b49944ad78672f8f4e11149ea648f4c0be,verified
output,source-intake/navier-stokes/20260909/annular-first-derivative-energy-derived/nonlinear_modulated_N64_metric_Gram_sample32.npz,research-programme/reproducibility/20260909/source-intake/navier-stokes/20260909/annular-first-derivative-energy-derived/nonlinear_modulated_N64_metric_Gram_sample32.npz,98491,ddbf43ffec6a2090b67ceb8b82238eb82d0a01a5d1bbc26c0087082ff616c6c0,ddbf43ffec6a2090b67ceb8b82238eb82d0a01a5d1bbc26c0087082ff616c6c0,ddbf43ffec6a2090b67ceb8b82238eb82d0a01a5d1bbc26c0087082ff616c6c0,verified
output,source-intake/navier-stokes/20260909/annular-first-derivative-energy-derived/nonlinear_modulated_N64_metric_Gram_sample64.npz,research-programme/reproducibility/20260909/source-intake/navier-stokes/20260909/annular-first-derivative-energy-derived/nonlinear_modulated_N64_metric_Gram_sample64.npz,98448,071edd88abd29da4a6d4f1a6cb3187bcf8da61c62e4e9fc4d20465efd2a6bf55,071edd88abd29da4a6d4f1a6cb3187bcf8da61c62e4e9fc4d20465efd2a6bf55,071edd88abd29da4a6d4f1a6cb3187bcf8da61c62e4e9fc4d20465efd2a6bf55,verified
output,source-intake/navier-stokes/20260909/annular-boundary-adapted-energy-derived/canonical_N16_GR_sample0.npz,research-programme/reproducibility/20260909/source-intake/navier-stokes/20260909/annular-boundary-adapted-energy-derived/canonical_N16_GR_sample0.npz,10990,f4549a943a07ce26b5b14ab48ed1ed775285a8034c60020d5a2443162fa342ca,f4549a943a07ce26b5b14ab48ed1ed775285a8034c60020d5a2443162fa342ca,f4549a943a07ce26b5b14ab48ed1ed775285a8034c60020d5a2443162fa342ca,verified
output,source-intake/navier-stokes/20260909/annular-boundary-adapted-energy-derived/canonical_N16_GR_sample16.npz,research-programme/reproducibility/20260909/source-intake/navier-stokes/20260909/annular-boundary-adapted-energy-derived/canonical_N16_GR_sample16.npz,10997,9e36ce10bc8d1116dfa8cc5e374a691f59baea9707e940b3497e23188df63d4b,9e36ce10bc8d1116dfa8cc5e374a691f59baea9707e940b3497e23188df63d4b,9e36ce10bc8d1116dfa8cc5e374a691f59baea9707e940b3497e23188df63d4b,verified
output,source-intake/navier-stokes/20260909/annular-boundary-adapted-energy-derived/canonical_N16_GR_sample32.npz,research-programme/reproducibility/20260909/source-intake/navier-stokes/20260909/annular-boundary-adapted-energy-derived/canonical_N16_GR_sample32.npz,10980,0c969e500f70327f141b8524ceb937815b13bd579755b763b8b1b969aba3e83a,0c969e500f70327f141b8524ceb937815b13bd579755b763b8b1b969aba3e83a,0c969e500f70327f141b8524ceb937815b13bd579755b763b8b1b969aba3e83a,verified
output,source-intake/navier-stokes/20260909/annular-boundary-adapted-energy-derived/canonical_N16_metric_Gram_sample0.npz,research-programme/reproducibility/20260909/source-intake/navier-stokes/20260909/annular-boundary-adapted-energy-derived/canonical_N16_metric_Gram_sample0.npz,10943,e4a89759b5a3ca64a946d1672ad00ab847e0d2eefa27a0d75b88322c549db0ce,e4a89759b5a3ca64a946d1672ad00ab847e0d2eefa27a0d75b88322c549db0ce,e4a89759b5a3ca64a946d1672ad00ab847e0d2eefa27a0d75b88322c549db0ce,verified
output,source-intake/navier-stokes/20260909/annular-boundary-adapted-energy-derived/canonical_N16_metric_Gram_sample16.npz,research-programme/reproducibility/20260909/source-intake/navier-stokes/20260909/annular-boundary-adapted-energy-derived/canonical_N16_metric_Gram_sample16.npz,10965,9c29a0ceb5a5c49ffbcb2d774c365d6f5e6468b90987e3aad32dde42e7da10ee,9c29a0ceb5a5c49ffbcb2d774c365d6f5e6468b90987e3aad32dde42e7da10ee,9c29a0ceb5a5c49ffbcb2d774c365d6f5e6468b90987e3aad32dde42e7da10ee,verified
output,source-intake/navier-stokes/20260909/annular-boundary-adapted-energy-derived/canonical_N16_metric_Gram_sample32.npz,research-programme/reproducibility/20260909/source-intake/navier-stokes/20260909/annular-boundary-adapted-energy-derived/canonical_N16_metric_Gram_sample32.npz,10932,e7ac578d91df5e09f798f779053008a6faec50ef22677c2d7c211e642535d053,e7ac578d91df5e09f798f779053008a6faec50ef22677c2d7c211e642535d053,e7ac578d91df5e09f798f779053008a6faec50ef22677c2d7c211e642535d053,verified
output,source-intake/navier-stokes/20260909/annular-boundary-adapted-energy-derived/canonical_N32_GR_sample0.npz,research-programme/reproducibility/20260909/source-intake/navier-stokes/20260909/annular-boundary-adapted-energy-derived/canonical_N32_GR_sample0.npz,16481,943407e4a6ef8f8f5f6e58e2d0080e7646402c58d9cfc3d862759921501bde13,943407e4a6ef8f8f5f6e58e2d0080e7646402c58d9cfc3d862759921501bde13,943407e4a6ef8f8f5f6e58e2d0080e7646402c58d9cfc3d862759921501bde13,verified
output,source-intake/navier-stokes/20260909/annular-boundary-adapted-energy-derived/canonical_N32_GR_sample16.npz,research-programme/reproducibility/20260909/source-intake/navier-stokes/20260909/annular-boundary-adapted-energy-derived/canonical_N32_GR_sample16.npz,16454,973fba4135224196b746aa18b18a851050c1aac3b241720a2aace64cee37e14f,973fba4135224196b746aa18b18a851050c1aac3b241720a2aace64cee37e14f,973fba4135224196b746aa18b18a851050c1aac3b241720a2aace64cee37e14f,verified
output,source-intake/navier-stokes/20260909/annular-boundary-adapted-energy-derived/canonical_N32_GR_sample32.npz,research-programme/reproducibility/20260909/source-intake/navier-stokes/20260909/annular-boundary-adapted-energy-derived/canonical_N32_GR_sample32.npz,16532,4667d0af35ee735328c74eb1045c8e0ec637a9ab6d7bd2a7314ee6e77a229470,4667d0af35ee735328c74eb1045c8e0ec637a9ab6d7bd2a7314ee6e77a229470,4667d0af35ee735328c74eb1045c8e0ec637a9ab6d7bd2a7314ee6e77a229470,verified
output,source-intake/navier-stokes/20260909/annular-boundary-adapted-energy-derived/canonical_N32_metric_Gram_sample0.npz,research-programme/reproducibility/20260909/source-intake/navier-stokes/20260909/annular-boundary-adapted-energy-derived/canonical_N32_metric_Gram_sample0.npz,16568,50d91712fb54aff09b8c8f97fabd2a88a00d56ee407af93fe3ef1c3a2a39966c,50d91712fb54aff09b8c8f97fabd2a88a00d56ee407af93fe3ef1c3a2a39966c,50d91712fb54aff09b8c8f97fabd2a88a00d56ee407af93fe3ef1c3a2a39966c,verified
output,source-intake/navier-stokes/20260909/annular-boundary-adapted-energy-derived/canonical_N32_metric_Gram_sample16.npz,research-programme/reproducibility/20260909/source-intake/navier-stokes/20260909/annular-boundary-adapted-energy-derived/canonical_N32_metric_Gram_sample16.npz,16591,e62a5281fb260c6c69e428f02ec3506d61a42c9bcd0ac5c6f053a14dcf085d16,e62a5281fb260c6c69e428f02ec3506d61a42c9bcd0ac5c6f053a14dcf085d16,e62a5281fb260c6c69e428f02ec3506d61a42c9bcd0ac5c6f053a14dcf085d16,verified
output,source-intake/navier-stokes/20260909/annular-boundary-adapted-energy-derived/canonical_N32_metric_Gram_sample32.npz,research-programme/reproducibility/20260909/source-intake/navier-stokes/20260909/annular-boundary-adapted-energy-derived/canonical_N32_metric_Gram_sample32.npz,16560,1680dd8a643f8a5828a9721099826fa5a0627b36f9798ee782c6f1f1655c881e,1680dd8a643f8a5828a9721099826fa5a0627b36f9798ee782c6f1f1655c881e,1680dd8a643f8a5828a9721099826fa5a0627b36f9798ee782c6f1f1655c881e,verified
output,source-intake/navier-stokes/20260909/annular-boundary-adapted-energy-derived/canonical_N64_GR_sample0.npz,research-programme/reproducibility/20260909/source-intake/navier-stokes/20260909/annular-boundary-adapted-energy-derived/canonical_N64_GR_sample0.npz,29350,b527b13833e482d610b929ba0dbd51aeafa6090f32a5d72f070cb2489efc7ff5,b527b13833e482d610b929ba0dbd51aeafa6090f32a5d72f070cb2489efc7ff5,b527b13833e482d610b929ba0dbd51aeafa6090f32a5d72f070cb2489efc7ff5,verified
output,source-intake/navier-stokes/20260909/annular-boundary-adapted-energy-derived/canonical_N64_GR_sample32.npz,research-programme/reproducibility/20260909/source-intake/navier-stokes/20260909/annular-boundary-adapted-energy-derived/canonical_N64_GR_sample32.npz,29275,a4e5767e8602c71bfbaa57461cdf0de55306ccd4ef3e51eae34e5ed33be6a265,a4e5767e8602c71bfbaa57461cdf0de55306ccd4ef3e51eae34e5ed33be6a265,a4e5767e8602c71bfbaa57461cdf0de55306ccd4ef3e51eae34e5ed33be6a265,verified
output,source-intake/navier-stokes/20260909/annular-boundary-adapted-energy-derived/canonical_N64_GR_sample64.npz,research-programme/reproducibility/20260909/source-intake/navier-stokes/20260909/annular-boundary-adapted-energy-derived/canonical_N64_GR_sample64.npz,29297,12a64cd12adf8b92ab99d8668a15ce5e99c504972c3132953fad31bab04ebd7d,12a64cd12adf8b92ab99d8668a15ce5e99c504972c3132953fad31bab04ebd7d,12a64cd12adf8b92ab99d8668a15ce5e99c504972c3132953fad31bab04ebd7d,verified
output,source-intake/navier-stokes/20260909/annular-boundary-adapted-energy-derived/canonical_N64_metric_Gram_sample0.npz,research-programme/reproducibility/20260909/source-intake/navier-stokes/20260909/annular-boundary-adapted-energy-derived/canonical_N64_metric_Gram_sample0.npz,29445,54fa2a0fe31805816b2f0a318f19439093ef85739a26bc65b0088fc1aa7d613a,54fa2a0fe31805816b2f0a318f19439093ef85739a26bc65b0088fc1aa7d613a,54fa2a0fe31805816b2f0a318f19439093ef85739a26bc65b0088fc1aa7d613a,verified
output,source-intake/navier-stokes/20260909/annular-boundary-adapted-energy-derived/canonical_N64_metric_Gram_sample32.npz,research-programme/reproducibility/20260909/source-intake/navier-stokes/20260909/annular-boundary-adapted-energy-derived/canonical_N64_metric_Gram_sample32.npz,29375,1202f94e66f06409ec2a17982c78d5f6d0d44cd0e7d5c77f4d6e71cfefbd8e61,1202f94e66f06409ec2a17982c78d5f6d0d44cd0e7d5c77f4d6e71cfefbd8e61,1202f94e66f06409ec2a17982c78d5f6d0d44cd0e7d5c77f4d6e71cfefbd8e61,verified
output,source-intake/navier-stokes/20260909/annular-boundary-adapted-energy-derived/canonical_N64_metric_Gram_sample64.npz,research-programme/reproducibility/20260909/source-intake/navier-stokes/20260909/annular-boundary-adapted-energy-derived/canonical_N64_metric_Gram_sample64.npz,29333,43f56841b5eb123dd2e2d88a4070a44c01a55891a0c97e5b24bd9a8d910ec7c4,43f56841b5eb123dd2e2d88a4070a44c01a55891a0c97e5b24bd9a8d910ec7c4,43f56841b5eb123dd2e2d88a4070a44c01a55891a0c97e5b24bd9a8d910ec7c4,verified
output,source-intake/navier-stokes/20260909/annular-boundary-adapted-energy-derived/nonlinear_modulated_N16_GR_sample0.npz,research-programme/reproducibility/20260909/source-intake/navier-stokes/20260909/annular-boundary-adapted-energy-derived/nonlinear_modulated_N16_GR_sample0.npz,10960,971b06a75029375b004c07f4ec2cddc1b8e6da38217af286826c45ac8e0c9d65,971b06a75029375b004c07f4ec2cddc1b8e6da38217af286826c45ac8e0c9d65,971b06a75029375b004c07f4ec2cddc1b8e6da38217af286826c45ac8e0c9d65,verified
output,source-intake/navier-stokes/20260909/annular-boundary-adapted-energy-derived/nonlinear_modulated_N16_GR_sample16.npz,research-programme/reproducibility/20260909/source-intake/navier-stokes/20260909/annular-boundary-adapted-energy-derived/nonlinear_modulated_N16_GR_sample16.npz,10955,c928a45805286ac4796f0f4452c9827a03bab0ccf18bc1a05c524ee549d6be40,c928a45805286ac4796f0f4452c9827a03bab0ccf18bc1a05c524ee549d6be40,c928a45805286ac4796f0f4452c9827a03bab0ccf18bc1a05c524ee549d6be40,verified
output,source-intake/navier-stokes/20260909/annular-boundary-adapted-energy-derived/nonlinear_modulated_N16_GR_sample32.npz,research-programme/reproducibility/20260909/source-intake/navier-stokes/20260909/annular-boundary-adapted-energy-derived/nonlinear_modulated_N16_GR_sample32.npz,10962,a33de5c4de26d9ded18c75e6db46cac818c4ef7803ab4155b2a8604bfcea9113,a33de5c4de26d9ded18c75e6db46cac818c4ef7803ab4155b2a8604bfcea9113,a33de5c4de26d9ded18c75e6db46cac818c4ef7803ab4155b2a8604bfcea9113,verified
output,source-intake/navier-stokes/20260909/annular-boundary-adapted-energy-derived/nonlinear_modulated_N16_metric_Gram_sample0.npz,research-programme/reproducibility/20260909/source-intake/navier-stokes/20260909/annular-boundary-adapted-energy-derived/nonlinear_modulated_N16_metric_Gram_sample0.npz,10961,e87acdf916300c42b363afc52e2553bd2ee09ecef0dd4fb4b7a74102d1904e0e,e87acdf916300c42b363afc52e2553bd2ee09ecef0dd4fb4b7a74102d1904e0e,e87acdf916300c42b363afc52e2553bd2ee09ecef0dd4fb4b7a74102d1904e0e,verified
output,source-intake/navier-stokes/20260909/annular-boundary-adapted-energy-derived/nonlinear_modulated_N16_metric_Gram_sample16.npz,research-programme/reproducibility/20260909/source-intake/navier-stokes/20260909/annular-boundary-adapted-energy-derived/nonlinear_modulated_N16_metric_Gram_sample16.npz,10985,9e4ad8536f576e5dbf9038fc1b4bfa3b68e28e1d4d5bbd5e8b5c961610a7094b,9e4ad8536f576e5dbf9038fc1b4bfa3b68e28e1d4d5bbd5e8b5c961610a7094b,9e4ad8536f576e5dbf9038fc1b4bfa3b68e28e1d4d5bbd5e8b5c961610a7094b,verified
output,source-intake/navier-stokes/20260909/annular-boundary-adapted-energy-derived/nonlinear_modulated_N16_metric_Gram_sample32.npz,research-programme/reproducibility/20260909/source-intake/navier-stokes/20260909/annular-boundary-adapted-energy-derived/nonlinear_modulated_N16_metric_Gram_sample32.npz,10953,d1daf2bd64838e6f206021f9d63d9cd1f0e5d47d1b9cbf0cee8f45e8d402fc12,d1daf2bd64838e6f206021f9d63d9cd1f0e5d47d1b9cbf0cee8f45e8d402fc12,d1daf2bd64838e6f206021f9d63d9cd1f0e5d47d1b9cbf0cee8f45e8d402fc12,verified
output,source-intake/navier-stokes/20260909/annular-boundary-adapted-energy-derived/nonlinear_modulated_N32_GR_sample0.npz,research-programme/reproducibility/20260909/source-intake/navier-stokes/20260909/annular-boundary-adapted-energy-derived/nonlinear_modulated_N32_GR_sample0.npz,16435,a1387530398ee71c53088344d394236e822fd30976b2ad29235ffeb6ddfea343,a1387530398ee71c53088344d394236e822fd30976b2ad29235ffeb6ddfea343,a1387530398ee71c53088344d394236e822fd30976b2ad29235ffeb6ddfea343,verified
output,source-intake/navier-stokes/20260909/annular-boundary-adapted-energy-derived/nonlinear_modulated_N32_GR_sample16.npz,research-programme/reproducibility/20260909/source-intake/navier-stokes/20260909/annular-boundary-adapted-energy-derived/nonlinear_modulated_N32_GR_sample16.npz,16509,c9e57cbc1ebcbe4e23245807f978a20562a40321adc80f11f328df29c8ceb967,c9e57cbc1ebcbe4e23245807f978a20562a40321adc80f11f328df29c8ceb967,c9e57cbc1ebcbe4e23245807f978a20562a40321adc80f11f328df29c8ceb967,verified
output,source-intake/navier-stokes/20260909/annular-boundary-adapted-energy-derived/nonlinear_modulated_N32_GR_sample32.npz,research-programme/reproducibility/20260909/source-intake/navier-stokes/20260909/annular-boundary-adapted-energy-derived/nonlinear_modulated_N32_GR_sample32.npz,16455,7b3f7d0ff0e4bd9d83ca739ad0345b0c3899242ebdeb7776e8cd0c643ecb7440,7b3f7d0ff0e4bd9d83ca739ad0345b0c3899242ebdeb7776e8cd0c643ecb7440,7b3f7d0ff0e4bd9d83ca739ad0345b0c3899242ebdeb7776e8cd0c643ecb7440,verified
output,source-intake/navier-stokes/20260909/annular-boundary-adapted-energy-derived/nonlinear_modulated_N32_metric_Gram_sample0.npz,research-programme/reproducibility/20260909/source-intake/navier-stokes/20260909/annular-boundary-adapted-energy-derived/nonlinear_modulated_N32_metric_Gram_sample0.npz,16533,274d05a7325890d2d5d4b1cd689642457e0a8bfb4e2fa035ed877193260c181e,274d05a7325890d2d5d4b1cd689642457e0a8bfb4e2fa035ed877193260c181e,274d05a7325890d2d5d4b1cd689642457e0a8bfb4e2fa035ed877193260c181e,verified
output,source-intake/navier-stokes/20260909/annular-boundary-adapted-energy-derived/nonlinear_modulated_N32_metric_Gram_sample16.npz,research-programme/reproducibility/20260909/source-intake/navier-stokes/20260909/annular-boundary-adapted-energy-derived/nonlinear_modulated_N32_metric_Gram_sample16.npz,16558,545501e0b35a641f50870b1ca57a6eeeb415e5f94aa17b7eaace37359d240aab,545501e0b35a641f50870b1ca57a6eeeb415e5f94aa17b7eaace37359d240aab,545501e0b35a641f50870b1ca57a6eeeb415e5f94aa17b7eaace37359d240aab,verified
output,source-intake/navier-stokes/20260909/annular-boundary-adapted-energy-derived/nonlinear_modulated_N32_metric_Gram_sample32.npz,research-programme/reproducibility/20260909/source-intake/navier-stokes/20260909/annular-boundary-adapted-energy-derived/nonlinear_modulated_N32_metric_Gram_sample32.npz,16479,3a51b49081a3986a86e814eccab4262b4c1105901f3e89fe47350b670cf98d42,3a51b49081a3986a86e814eccab4262b4c1105901f3e89fe47350b670cf98d42,3a51b49081a3986a86e814eccab4262b4c1105901f3e89fe47350b670cf98d42,verified
output,source-intake/navier-stokes/20260909/annular-boundary-adapted-energy-derived/nonlinear_modulated_N64_GR_sample0.npz,research-programme/reproducibility/20260909/source-intake/navier-stokes/20260909/annular-boundary-adapted-energy-derived/nonlinear_modulated_N64_GR_sample0.npz,29190,5e5ac5a67344b0727cc040d17e4c6f28118974f360dea07467ab18957f720a6c,5e5ac5a67344b0727cc040d17e4c6f28118974f360dea07467ab18957f720a6c,5e5ac5a67344b0727cc040d17e4c6f28118974f360dea07467ab18957f720a6c,verified
output,source-intake/navier-stokes/20260909/annular-boundary-adapted-energy-derived/nonlinear_modulated_N64_GR_sample32.npz,research-programme/reproducibility/20260909/source-intake/navier-stokes/20260909/annular-boundary-adapted-energy-derived/nonlinear_modulated_N64_GR_sample32.npz,29164,704daed2a0a379d24a5259c670d3534ef5919cbbdc13ed8c14c3cf806866ca29,704daed2a0a379d24a5259c670d3534ef5919cbbdc13ed8c14c3cf806866ca29,704daed2a0a379d24a5259c670d3534ef5919cbbdc13ed8c14c3cf806866ca29,verified
output,source-intake/navier-stokes/20260909/annular-boundary-adapted-energy-derived/nonlinear_modulated_N64_GR_sample64.npz,research-programme/reproducibility/20260909/source-intake/navier-stokes/20260909/annular-boundary-adapted-energy-derived/nonlinear_modulated_N64_GR_sample64.npz,29227,2d86fdd5646d7969876065e19ea9066fd0d76ccebed5b656f9952192cbacb097,2d86fdd5646d7969876065e19ea9066fd0d76ccebed5b656f9952192cbacb097,2d86fdd5646d7969876065e19ea9066fd0d76ccebed5b656f9952192cbacb097,verified
output,source-intake/navier-stokes/20260909/annular-boundary-adapted-energy-derived/nonlinear_modulated_N64_metric_Gram_sample0.npz,research-programme/reproducibility/20260909/source-intake/navier-stokes/20260909/annular-boundary-adapted-energy-derived/nonlinear_modulated_N64_metric_Gram_sample0.npz,29286,66bdf91320cf2d37934b2413d752df7af01c87385765b5a8a922d7a287ada5d8,66bdf91320cf2d37934b2413d752df7af01c87385765b5a8a922d7a287ada5d8,66bdf91320cf2d37934b2413d752df7af01c87385765b5a8a922d7a287ada5d8,verified
output,source-intake/navier-stokes/20260909/annular-boundary-adapted-energy-derived/nonlinear_modulated_N64_metric_Gram_sample32.npz,research-programme/reproducibility/20260909/source-intake/navier-stokes/20260909/annular-boundary-adapted-energy-derived/nonlinear_modulated_N64_metric_Gram_sample32.npz,29354,4f58e2ac42e4ac87ed3b0ccb9236bdc00df433671d2c3a6ed3f6c62becfbcb49,4f58e2ac42e4ac87ed3b0ccb9236bdc00df433671d2c3a6ed3f6c62becfbcb49,4f58e2ac42e4ac87ed3b0ccb9236bdc00df433671d2c3a6ed3f6c62becfbcb49,verified
output,source-intake/navier-stokes/20260909/annular-boundary-adapted-energy-derived/nonlinear_modulated_N64_metric_Gram_sample64.npz,research-programme/reproducibility/20260909/source-intake/navier-stokes/20260909/annular-boundary-adapted-energy-derived/nonlinear_modulated_N64_metric_Gram_sample64.npz,29364,efd5841d2118a3b3c8d2a07186b20906e242865e92422931b132d31113984eeb,efd5841d2118a3b3c8d2a07186b20906e242865e92422931b132d31113984eeb,efd5841d2118a3b3c8d2a07186b20906e242865e92422931b132d31113984eeb,verified
output,source-intake/navier-stokes/20260909/annular-first-derivative-energy-resume-snapshot.md,research-programme/reproducibility/20260909/source-intake/navier-stokes/20260909/annular-first-derivative-energy-resume-snapshot.md,861110,17acd7fbd4539c3722938a978eab6aca53066401137498341cabc7e6957740bd,17acd7fbd4539c3722938a978eab6aca53066401137498341cabc7e6957740bd,17acd7fbd4539c3722938a978eab6aca53066401137498341cabc7e6957740bd,verified
output,source-intake/navier-stokes/20260909/annular-uniform-energy-bounds-derived/canonical_N16_GR_sample0.npz,research-programme/reproducibility/20260909/source-intake/navier-stokes/20260909/annular-uniform-energy-bounds-derived/canonical_N16_GR_sample0.npz,3009,b0a24dccfe250635ee23a20b5a49b2ed2a160a1dd9aeb93e06053b7b1bf73f1d,b0a24dccfe250635ee23a20b5a49b2ed2a160a1dd9aeb93e06053b7b1bf73f1d,b0a24dccfe250635ee23a20b5a49b2ed2a160a1dd9aeb93e06053b7b1bf73f1d,verified
output,source-intake/navier-stokes/20260909/annular-uniform-energy-bounds-derived/canonical_N16_GR_sample16.npz,research-programme/reproducibility/20260909/source-intake/navier-stokes/20260909/annular-uniform-energy-bounds-derived/canonical_N16_GR_sample16.npz,3028,3acbf0ca2173876e21160eeb169c5c5fcb17d83a19d819b83f3b1b0e69ab6c4a,3acbf0ca2173876e21160eeb169c5c5fcb17d83a19d819b83f3b1b0e69ab6c4a,3acbf0ca2173876e21160eeb169c5c5fcb17d83a19d819b83f3b1b0e69ab6c4a,verified
output,source-intake/navier-stokes/20260909/annular-uniform-energy-bounds-derived/canonical_N16_GR_sample32.npz,research-programme/reproducibility/20260909/source-intake/navier-stokes/20260909/annular-uniform-energy-bounds-derived/canonical_N16_GR_sample32.npz,3021,76017ac3a0a44b26e8406833e575bea538885293139e2d7cef60aa0e80633d4b,76017ac3a0a44b26e8406833e575bea538885293139e2d7cef60aa0e80633d4b,76017ac3a0a44b26e8406833e575bea538885293139e2d7cef60aa0e80633d4b,verified
output,source-intake/navier-stokes/20260909/annular-uniform-energy-bounds-derived/canonical_N16_metric_Gram_sample0.npz,research-programme/reproducibility/20260909/source-intake/navier-stokes/20260909/annular-uniform-energy-bounds-derived/canonical_N16_metric_Gram_sample0.npz,3029,eeffe21c117922897a89071614d7f402e8aae9dd0bbbd5940a9645f4eab2c18e,eeffe21c117922897a89071614d7f402e8aae9dd0bbbd5940a9645f4eab2c18e,eeffe21c117922897a89071614d7f402e8aae9dd0bbbd5940a9645f4eab2c18e,verified
output,source-intake/navier-stokes/20260909/annular-uniform-energy-bounds-derived/canonical_N16_metric_Gram_sample16.npz,research-programme/reproducibility/20260909/source-intake/navier-stokes/20260909/annular-uniform-energy-bounds-derived/canonical_N16_metric_Gram_sample16.npz,3026,1f990aaf905ac21eb0101a01e31ecb36d2b6f294914f0844dab5d28d91740e74,1f990aaf905ac21eb0101a01e31ecb36d2b6f294914f0844dab5d28d91740e74,1f990aaf905ac21eb0101a01e31ecb36d2b6f294914f0844dab5d28d91740e74,verified
output,source-intake/navier-stokes/20260909/annular-uniform-energy-bounds-derived/canonical_N16_metric_Gram_sample32.npz,research-programme/reproducibility/20260909/source-intake/navier-stokes/20260909/annular-uniform-energy-bounds-derived/canonical_N16_metric_Gram_sample32.npz,3040,afff3b6b8ca88ad677aa336b11ac454f5b43a366a0ed347a98f8e672ec13de2d,afff3b6b8ca88ad677aa336b11ac454f5b43a366a0ed347a98f8e672ec13de2d,afff3b6b8ca88ad677aa336b11ac454f5b43a366a0ed347a98f8e672ec13de2d,verified
output,source-intake/navier-stokes/20260909/annular-uniform-energy-bounds-derived/canonical_N32_GR_sample0.npz,research-programme/reproducibility/20260909/source-intake/navier-stokes/20260909/annular-uniform-energy-bounds-derived/canonical_N32_GR_sample0.npz,4663,c6551a347632bb7d9e6dd906e8799a5390a2ef4109e19335e08e823fe3b7e983,c6551a347632bb7d9e6dd906e8799a5390a2ef4109e19335e08e823fe3b7e983,c6551a347632bb7d9e6dd906e8799a5390a2ef4109e19335e08e823fe3b7e983,verified
output,source-intake/navier-stokes/20260909/annular-uniform-energy-bounds-derived/canonical_N32_GR_sample16.npz,research-programme/reproducibility/20260909/source-intake/navier-stokes/20260909/annular-uniform-energy-bounds-derived/canonical_N32_GR_sample16.npz,4716,2f67011e471fcd59edf1bb9744a5d282946c857dbfccfc4842906e87c92f30fb,2f67011e471fcd59edf1bb9744a5d282946c857dbfccfc4842906e87c92f30fb,2f67011e471fcd59edf1bb9744a5d282946c857dbfccfc4842906e87c92f30fb,verified
output,source-intake/navier-stokes/20260909/annular-uniform-energy-bounds-derived/canonical_N32_GR_sample32.npz,research-programme/reproducibility/20260909/source-intake/navier-stokes/20260909/annular-uniform-energy-bounds-derived/canonical_N32_GR_sample32.npz,4722,ab4711928a17e67af6b31f4af4da8c39b36a3c9fdbe02153694ad3202da92994,ab4711928a17e67af6b31f4af4da8c39b36a3c9fdbe02153694ad3202da92994,ab4711928a17e67af6b31f4af4da8c39b36a3c9fdbe02153694ad3202da92994,verified
output,source-intake/navier-stokes/20260909/annular-uniform-energy-bounds-derived/canonical_N32_metric_Gram_sample0.npz,research-programme/reproducibility/20260909/source-intake/navier-stokes/20260909/annular-uniform-energy-bounds-derived/canonical_N32_metric_Gram_sample0.npz,4752,ebdb0e68670ce778a6b2a9180eec04b9757a5f5e38cb91f871e5a08690d658e3,ebdb0e68670ce778a6b2a9180eec04b9757a5f5e38cb91f871e5a08690d658e3,ebdb0e68670ce778a6b2a9180eec04b9757a5f5e38cb91f871e5a08690d658e3,verified
output,source-intake/navier-stokes/20260909/annular-uniform-energy-bounds-derived/canonical_N32_metric_Gram_sample16.npz,research-programme/reproducibility/20260909/source-intake/navier-stokes/20260909/annular-uniform-energy-bounds-derived/canonical_N32_metric_Gram_sample16.npz,4765,c7943fe13494dc653a2010a4907a5b5c29003550d03735f33529ed8e68347497,c7943fe13494dc653a2010a4907a5b5c29003550d03735f33529ed8e68347497,c7943fe13494dc653a2010a4907a5b5c29003550d03735f33529ed8e68347497,verified
output,source-intake/navier-stokes/20260909/annular-uniform-energy-bounds-derived/canonical_N32_metric_Gram_sample32.npz,research-programme/reproducibility/20260909/source-intake/navier-stokes/20260909/annular-uniform-energy-bounds-derived/canonical_N32_metric_Gram_sample32.npz,4757,6945e775e09885ad1c32483b942ef5389d3ad11685a8966ab405247519869c23,6945e775e09885ad1c32483b942ef5389d3ad11685a8966ab405247519869c23,6945e775e09885ad1c32483b942ef5389d3ad11685a8966ab405247519869c23,verified
output,source-intake/navier-stokes/20260909/annular-uniform-energy-bounds-derived/canonical_N64_GR_sample0.npz,research-programme/reproducibility/20260909/source-intake/navier-stokes/20260909/annular-uniform-energy-bounds-derived/canonical_N64_GR_sample0.npz,7839,66f434fe4eaf8c9e3e48008fd64ba8e64745f00ca9d3320dfaa8fd456ac5da41,66f434fe4eaf8c9e3e48008fd64ba8e64745f00ca9d3320dfaa8fd456ac5da41,66f434fe4eaf8c9e3e48008fd64ba8e64745f00ca9d3320dfaa8fd456ac5da41,verified
output,source-intake/navier-stokes/20260909/annular-uniform-energy-bounds-derived/canonical_N64_GR_sample32.npz,research-programme/reproducibility/20260909/source-intake/navier-stokes/20260909/annular-uniform-energy-bounds-derived/canonical_N64_GR_sample32.npz,7967,76069f89b15dcdb4204e48ab44334647abb0d832cadbffbb6dbabf882f87c6ab,76069f89b15dcdb4204e48ab44334647abb0d832cadbffbb6dbabf882f87c6ab,76069f89b15dcdb4204e48ab44334647abb0d832cadbffbb6dbabf882f87c6ab,verified
output,source-intake/navier-stokes/20260909/annular-uniform-energy-bounds-derived/canonical_N64_GR_sample64.npz,research-programme/reproducibility/20260909/source-intake/navier-stokes/20260909/annular-uniform-energy-bounds-derived/canonical_N64_GR_sample64.npz,7942,19081455e0fce9d7c315eed0137550c6dfae92bd31b349a654b921e214cfa948,19081455e0fce9d7c315eed0137550c6dfae92bd31b349a654b921e214cfa948,19081455e0fce9d7c315eed0137550c6dfae92bd31b349a654b921e214cfa948,verified
output,source-intake/navier-stokes/20260909/annular-uniform-energy-bounds-derived/canonical_N64_metric_Gram_sample0.npz,research-programme/reproducibility/20260909/source-intake/navier-stokes/20260909/annular-uniform-energy-bounds-derived/canonical_N64_metric_Gram_sample0.npz,8066,560fefb312141a037c374297a36dbc88b8d1c96d70b6d68aa496f84b2c6aab6f,560fefb312141a037c374297a36dbc88b8d1c96d70b6d68aa496f84b2c6aab6f,560fefb312141a037c374297a36dbc88b8d1c96d70b6d68aa496f84b2c6aab6f,verified
output,source-intake/navier-stokes/20260909/annular-uniform-energy-bounds-derived/canonical_N64_metric_Gram_sample32.npz,research-programme/reproducibility/20260909/source-intake/navier-stokes/20260909/annular-uniform-energy-bounds-derived/canonical_N64_metric_Gram_sample32.npz,8073,b0882507ebf161995857e47f4b9afe2fa8f217f5dd52c4bc2978534eb58f29eb,b0882507ebf161995857e47f4b9afe2fa8f217f5dd52c4bc2978534eb58f29eb,b0882507ebf161995857e47f4b9afe2fa8f217f5dd52c4bc2978534eb58f29eb,verified
output,source-intake/navier-stokes/20260909/annular-uniform-energy-bounds-derived/canonical_N64_metric_Gram_sample64.npz,research-programme/reproducibility/20260909/source-intake/navier-stokes/20260909/annular-uniform-energy-bounds-derived/canonical_N64_metric_Gram_sample64.npz,8086,d36867db279e928595d66ec759a8cfe5508327b303e7820dd8b4ea1c341ab304,d36867db279e928595d66ec759a8cfe5508327b303e7820dd8b4ea1c341ab304,d36867db279e928595d66ec759a8cfe5508327b303e7820dd8b4ea1c341ab304,verified
output,source-intake/navier-stokes/20260909/annular-uniform-energy-bounds-resume-snapshot.md,research-programme/reproducibility/20260909/source-intake/navier-stokes/20260909/annular-uniform-energy-bounds-resume-snapshot.md,862848,0a68dc504e888e2888914d4a378876392b30bcbe6eeca8d09a746688c9961a29,0a68dc504e888e2888914d4a378876392b30bcbe6eeca8d09a746688c9961a29,0a68dc504e888e2888914d4a378876392b30bcbe6eeca8d09a746688c9961a29,verified
output,source-intake/navier-stokes/20260909/annular-metric-flux-jets-derived/canonical_N16_GR_sample0.npz,research-programme/reproducibility/20260909/source-intake/navier-stokes/20260909/annular-metric-flux-jets-derived/canonical_N16_GR_sample0.npz,40589,67ef4014f70b979b0d91caba8f6668a7c41bafa7f82545564bcc07a0206229e5,67ef4014f70b979b0d91caba8f6668a7c41bafa7f82545564bcc07a0206229e5,67ef4014f70b979b0d91caba8f6668a7c41bafa7f82545564bcc07a0206229e5,verified
output,source-intake/navier-stokes/20260909/annular-metric-flux-jets-derived/canonical_N16_GR_sample16.npz,research-programme/reproducibility/20260909/source-intake/navier-stokes/20260909/annular-metric-flux-jets-derived/canonical_N16_GR_sample16.npz,40638,41592e29f82ae78a914906c491c22b4a810c7a7bee607494ffff5ea58cbe1620,41592e29f82ae78a914906c491c22b4a810c7a7bee607494ffff5ea58cbe1620,41592e29f82ae78a914906c491c22b4a810c7a7bee607494ffff5ea58cbe1620,verified
output,source-intake/navier-stokes/20260909/annular-metric-flux-jets-derived/canonical_N16_GR_sample32.npz,research-programme/reproducibility/20260909/source-intake/navier-stokes/20260909/annular-metric-flux-jets-derived/canonical_N16_GR_sample32.npz,40636,d5995fe94fcbd42149b67bb6568ac8abfaf3d4f7437daf5e7695513a85bb39c9,d5995fe94fcbd42149b67bb6568ac8abfaf3d4f7437daf5e7695513a85bb39c9,d5995fe94fcbd42149b67bb6568ac8abfaf3d4f7437daf5e7695513a85bb39c9,verified
output,source-intake/navier-stokes/20260909/annular-metric-flux-jets-derived/canonical_N16_metric_Gram_sample0.npz,research-programme/reproducibility/20260909/source-intake/navier-stokes/20260909/annular-metric-flux-jets-derived/canonical_N16_metric_Gram_sample0.npz,40999,cdc32899a2ce8925b392395e0dc01a8cab718d177678e34a0c94b2320c546877,cdc32899a2ce8925b392395e0dc01a8cab718d177678e34a0c94b2320c546877,cdc32899a2ce8925b392395e0dc01a8cab718d177678e34a0c94b2320c546877,verified
output,source-intake/navier-stokes/20260909/annular-metric-flux-jets-derived/canonical_N16_metric_Gram_sample16.npz,research-programme/reproducibility/20260909/source-intake/navier-stokes/20260909/annular-metric-flux-jets-derived/canonical_N16_metric_Gram_sample16.npz,41094,c24268c59adcf854a180e6b03c2def73bc950d715ee28e139350cf783d1020d7,c24268c59adcf854a180e6b03c2def73bc950d715ee28e139350cf783d1020d7,c24268c59adcf854a180e6b03c2def73bc950d715ee28e139350cf783d1020d7,verified
output,source-intake/navier-stokes/20260909/annular-metric-flux-jets-derived/canonical_N16_metric_Gram_sample32.npz,research-programme/reproducibility/20260909/source-intake/navier-stokes/20260909/annular-metric-flux-jets-derived/canonical_N16_metric_Gram_sample32.npz,41105,6c710c9a5b0cf17af4e62fa17f725ddb393f49cdf01dbb3297f890dc0357fbec,6c710c9a5b0cf17af4e62fa17f725ddb393f49cdf01dbb3297f890dc0357fbec,6c710c9a5b0cf17af4e62fa17f725ddb393f49cdf01dbb3297f890dc0357fbec,verified
output,source-intake/navier-stokes/20260909/annular-metric-flux-jets-derived/canonical_N32_GR_sample0.npz,research-programme/reproducibility/20260909/source-intake/navier-stokes/20260909/annular-metric-flux-jets-derived/canonical_N32_GR_sample0.npz,68324,c82848f352e5dd0b669fcf1cc6be79deb88876858d2f50a07c644fe73517a973,c82848f352e5dd0b669fcf1cc6be79deb88876858d2f50a07c644fe73517a973,c82848f352e5dd0b669fcf1cc6be79deb88876858d2f50a07c644fe73517a973,verified
output,source-intake/navier-stokes/20260909/annular-metric-flux-jets-derived/canonical_N32_GR_sample16.npz,research-programme/reproducibility/20260909/source-intake/navier-stokes/20260909/annular-metric-flux-jets-derived/canonical_N32_GR_sample16.npz,68431,593832defc0ca1f6f2fb6a563cb2d0640d175e35958cff883e8eaaf761d68cb9,593832defc0ca1f6f2fb6a563cb2d0640d175e35958cff883e8eaaf761d68cb9,593832defc0ca1f6f2fb6a563cb2d0640d175e35958cff883e8eaaf761d68cb9,verified
output,source-intake/navier-stokes/20260909/annular-metric-flux-jets-derived/canonical_N32_GR_sample32.npz,research-programme/reproducibility/20260909/source-intake/navier-stokes/20260909/annular-metric-flux-jets-derived/canonical_N32_GR_sample32.npz,68396,4643e2378dc2ba089dad9f9e04a06c015104dcb2b3db88c7a5c3f780b9e333e5,4643e2378dc2ba089dad9f9e04a06c015104dcb2b3db88c7a5c3f780b9e333e5,4643e2378dc2ba089dad9f9e04a06c015104dcb2b3db88c7a5c3f780b9e333e5,verified
output,source-intake/navier-stokes/20260909/annular-metric-flux-jets-derived/canonical_N32_metric_Gram_sample0.npz,research-programme/reproducibility/20260909/source-intake/navier-stokes/20260909/annular-metric-flux-jets-derived/canonical_N32_metric_Gram_sample0.npz,69490,62fc7a47c27558622060c41fdffc9b37628e617586fb043a5c49155b602764c7,62fc7a47c27558622060c41fdffc9b37628e617586fb043a5c49155b602764c7,62fc7a47c27558622060c41fdffc9b37628e617586fb043a5c49155b602764c7,verified
output,source-intake/navier-stokes/20260909/annular-metric-flux-jets-derived/canonical_N32_metric_Gram_sample16.npz,research-programme/reproducibility/20260909/source-intake/navier-stokes/20260909/annular-metric-flux-jets-derived/canonical_N32_metric_Gram_sample16.npz,69542,56a05ff31fa310f6235924a986910941585fe428a52ba6c8dd86a12711feb79b,56a05ff31fa310f6235924a986910941585fe428a52ba6c8dd86a12711feb79b,56a05ff31fa310f6235924a986910941585fe428a52ba6c8dd86a12711feb79b,verified
output,source-intake/navier-stokes/20260909/annular-metric-flux-jets-derived/canonical_N32_metric_Gram_sample32.npz,research-programme/reproducibility/20260909/source-intake/navier-stokes/20260909/annular-metric-flux-jets-derived/canonical_N32_metric_Gram_sample32.npz,69543,653ad4a436c62edac7830d20c25c28b991d9e512cb24781d337313b62ac69f19,653ad4a436c62edac7830d20c25c28b991d9e512cb24781d337313b62ac69f19,653ad4a436c62edac7830d20c25c28b991d9e512cb24781d337313b62ac69f19,verified
output,source-intake/navier-stokes/20260909/annular-metric-flux-jets-derived/canonical_N64_GR_sample0.npz,research-programme/reproducibility/20260909/source-intake/navier-stokes/20260909/annular-metric-flux-jets-derived/canonical_N64_GR_sample0.npz,122679,b5f559816bfad752867c294b678db761508ab2f4d92bb8f53627456901f013dc,b5f559816bfad752867c294b678db761508ab2f4d92bb8f53627456901f013dc,b5f559816bfad752867c294b678db761508ab2f4d92bb8f53627456901f013dc,verified
output,source-intake/navier-stokes/20260909/annular-metric-flux-jets-derived/canonical_N64_GR_sample32.npz,research-programme/reproducibility/20260909/source-intake/navier-stokes/20260909/annular-metric-flux-jets-derived/canonical_N64_GR_sample32.npz,122808,45b130589edf04a213d97184b6864199548c1166d7bc2943cddf784c61cab0a6,45b130589edf04a213d97184b6864199548c1166d7bc2943cddf784c61cab0a6,45b130589edf04a213d97184b6864199548c1166d7bc2943cddf784c61cab0a6,verified
output,source-intake/navier-stokes/20260909/annular-metric-flux-jets-derived/canonical_N64_GR_sample64.npz,research-programme/reproducibility/20260909/source-intake/navier-stokes/20260909/annular-metric-flux-jets-derived/canonical_N64_GR_sample64.npz,122866,bb0d1358962cd7edc508b05acbf11a12048f35e4c1fce4c053dc086e531fdfd5,bb0d1358962cd7edc508b05acbf11a12048f35e4c1fce4c053dc086e531fdfd5,bb0d1358962cd7edc508b05acbf11a12048f35e4c1fce4c053dc086e531fdfd5,verified
output,source-intake/navier-stokes/20260909/annular-metric-flux-jets-derived/canonical_N64_metric_Gram_sample0.npz,research-programme/reproducibility/20260909/source-intake/navier-stokes/20260909/annular-metric-flux-jets-derived/canonical_N64_metric_Gram_sample0.npz,125180,3b93a5e42f41252ab5c2b7bd3a1b4710f79a50aea852c91e3ff3413d4b665548,3b93a5e42f41252ab5c2b7bd3a1b4710f79a50aea852c91e3ff3413d4b665548,3b93a5e42f41252ab5c2b7bd3a1b4710f79a50aea852c91e3ff3413d4b665548,verified
output,source-intake/navier-stokes/20260909/annular-metric-flux-jets-derived/canonical_N64_metric_Gram_sample32.npz,research-programme/reproducibility/20260909/source-intake/navier-stokes/20260909/annular-metric-flux-jets-derived/canonical_N64_metric_Gram_sample32.npz,125339,7131d947a8cc57a8fe7bb86e07e54dc3df500f7eea19a914e40987c633009de6,7131d947a8cc57a8fe7bb86e07e54dc3df500f7eea19a914e40987c633009de6,7131d947a8cc57a8fe7bb86e07e54dc3df500f7eea19a914e40987c633009de6,verified
output,source-intake/navier-stokes/20260909/annular-metric-flux-jets-derived/canonical_N64_metric_Gram_sample64.npz,research-programme/reproducibility/20260909/source-intake/navier-stokes/20260909/annular-metric-flux-jets-derived/canonical_N64_metric_Gram_sample64.npz,125378,cbad37d9b85d98679b4e8eda8dc30a38e8c4679bc3c02656f4bf6581bd121140,cbad37d9b85d98679b4e8eda8dc30a38e8c4679bc3c02656f4bf6581bd121140,cbad37d9b85d98679b4e8eda8dc30a38e8c4679bc3c02656f4bf6581bd121140,verified
output,source-intake/navier-stokes/20260909/annular-coupled-metric-bootstrap-resume-snapshot.md,research-programme/reproducibility/20260909/source-intake/navier-stokes/20260909/annular-coupled-metric-bootstrap-resume-snapshot.md,864678,6b3f644034b311217398c035c090c5b559201bd0dd6821dbc5ab50d3934dd28e,6b3f644034b311217398c035c090c5b559201bd0dd6821dbc5ab50d3934dd28e,6b3f644034b311217398c035c090c5b559201bd0dd6821dbc5ab50d3934dd28e,verified
output,source-intake/navier-stokes/20260909/annular-metric-Schur-bound-derived/canonical_N16_GR_sample0.npz,research-programme/reproducibility/20260909/source-intake/navier-stokes/20260909/annular-metric-Schur-bound-derived/canonical_N16_GR_sample0.npz,47241,4cdf668e5ec928e53631731ce236f20da39f9197f4b2630723575ea368a28c1a,4cdf668e5ec928e53631731ce236f20da39f9197f4b2630723575ea368a28c1a,4cdf668e5ec928e53631731ce236f20da39f9197f4b2630723575ea368a28c1a,verified
output,source-intake/navier-stokes/20260909/annular-metric-Schur-bound-derived/canonical_N16_GR_sample16.npz,research-programme/reproducibility/20260909/source-intake/navier-stokes/20260909/annular-metric-Schur-bound-derived/canonical_N16_GR_sample16.npz,47244,b4e609e4d02fb7a33a3478875380fc6c7c1c8c5a3f28ecfb656b56d8e7f74190,b4e609e4d02fb7a33a3478875380fc6c7c1c8c5a3f28ecfb656b56d8e7f74190,b4e609e4d02fb7a33a3478875380fc6c7c1c8c5a3f28ecfb656b56d8e7f74190,verified
output,source-intake/navier-stokes/20260909/annular-metric-Schur-bound-derived/canonical_N16_GR_sample32.npz,research-programme/reproducibility/20260909/source-intake/navier-stokes/20260909/annular-metric-Schur-bound-derived/canonical_N16_GR_sample32.npz,47243,d038a141c89661c427de15348f67e48306596c2dde96c2743823aef57fa697e1,d038a141c89661c427de15348f67e48306596c2dde96c2743823aef57fa697e1,d038a141c89661c427de15348f67e48306596c2dde96c2743823aef57fa697e1,verified
output,source-intake/navier-stokes/20260909/annular-metric-Schur-bound-derived/canonical_N16_metric_Gram_sample0.npz,research-programme/reproducibility/20260909/source-intake/navier-stokes/20260909/annular-metric-Schur-bound-derived/canonical_N16_metric_Gram_sample0.npz,47804,f1afedfb9f7478f643ba7ec47f9314d70bc13ec72ee5b3165bc1fde6b1d498d2,f1afedfb9f7478f643ba7ec47f9314d70bc13ec72ee5b3165bc1fde6b1d498d2,f1afedfb9f7478f643ba7ec47f9314d70bc13ec72ee5b3165bc1fde6b1d498d2,verified
output,source-intake/navier-stokes/20260909/annular-metric-Schur-bound-derived/canonical_N16_metric_Gram_sample16.npz,research-programme/reproducibility/20260909/source-intake/navier-stokes/20260909/annular-metric-Schur-bound-derived/canonical_N16_metric_Gram_sample16.npz,47743,fa64ada59030b5d7776249ab592b486be79769dca9e82a6483bb30ad9221b7f7,fa64ada59030b5d7776249ab592b486be79769dca9e82a6483bb30ad9221b7f7,fa64ada59030b5d7776249ab592b486be79769dca9e82a6483bb30ad9221b7f7,verified
output,source-intake/navier-stokes/20260909/annular-metric-Schur-bound-derived/canonical_N16_metric_Gram_sample32.npz,research-programme/reproducibility/20260909/source-intake/navier-stokes/20260909/annular-metric-Schur-bound-derived/canonical_N16_metric_Gram_sample32.npz,47817,2bf3593a62013337971fa757aced9bd967aad303b4cf9994d5c7646ebac0ef3f,2bf3593a62013337971fa757aced9bd967aad303b4cf9994d5c7646ebac0ef3f,2bf3593a62013337971fa757aced9bd967aad303b4cf9994d5c7646ebac0ef3f,verified
output,source-intake/navier-stokes/20260909/annular-metric-Schur-bound-derived/canonical_N32_GR_sample0.npz,research-programme/reproducibility/20260909/source-intake/navier-stokes/20260909/annular-metric-Schur-bound-derived/canonical_N32_GR_sample0.npz,132895,2c19332b5b08ea0bf962d65ca13dbed18ff72fed8ddf9e9e1e400920ccdae4be,2c19332b5b08ea0bf962d65ca13dbed18ff72fed8ddf9e9e1e400920ccdae4be,2c19332b5b08ea0bf962d65ca13dbed18ff72fed8ddf9e9e1e400920ccdae4be,verified
output,source-intake/navier-stokes/20260909/annular-metric-Schur-bound-derived/canonical_N32_GR_sample16.npz,research-programme/reproducibility/20260909/source-intake/navier-stokes/20260909/annular-metric-Schur-bound-derived/canonical_N32_GR_sample16.npz,132845,d7c7920255b57372cc93a41726c2018725713653bd7f99726b70c1b5b745efc2,d7c7920255b57372cc93a41726c2018725713653bd7f99726b70c1b5b745efc2,d7c7920255b57372cc93a41726c2018725713653bd7f99726b70c1b5b745efc2,verified
output,source-intake/navier-stokes/20260909/annular-metric-Schur-bound-derived/canonical_N32_GR_sample32.npz,research-programme/reproducibility/20260909/source-intake/navier-stokes/20260909/annular-metric-Schur-bound-derived/canonical_N32_GR_sample32.npz,132871,8ec040785fb277d4f594c3fdffc92b13cccc47b6840f951eda57280c9f17d850,8ec040785fb277d4f594c3fdffc92b13cccc47b6840f951eda57280c9f17d850,8ec040785fb277d4f594c3fdffc92b13cccc47b6840f951eda57280c9f17d850,verified
output,source-intake/navier-stokes/20260909/annular-metric-Schur-bound-derived/canonical_N32_metric_Gram_sample0.npz,research-programme/reproducibility/20260909/source-intake/navier-stokes/20260909/annular-metric-Schur-bound-derived/canonical_N32_metric_Gram_sample0.npz,134009,705698da62dc1648922b4988c8082326d79dca53a1c2808b7a3f4825f24dd331,705698da62dc1648922b4988c8082326d79dca53a1c2808b7a3f4825f24dd331,705698da62dc1648922b4988c8082326d79dca53a1c2808b7a3f4825f24dd331,verified
output,source-intake/navier-stokes/20260909/annular-metric-Schur-bound-derived/canonical_N32_metric_Gram_sample16.npz,research-programme/reproducibility/20260909/source-intake/navier-stokes/20260909/annular-metric-Schur-bound-derived/canonical_N32_metric_Gram_sample16.npz,134023,48afb75a8d3e9bc2cfa0e164fad6c02332b617e07c8a6246e9d07ba6bc036b93,48afb75a8d3e9bc2cfa0e164fad6c02332b617e07c8a6246e9d07ba6bc036b93,48afb75a8d3e9bc2cfa0e164fad6c02332b617e07c8a6246e9d07ba6bc036b93,verified
output,source-intake/navier-stokes/20260909/annular-metric-Schur-bound-derived/canonical_N32_metric_Gram_sample32.npz,research-programme/reproducibility/20260909/source-intake/navier-stokes/20260909/annular-metric-Schur-bound-derived/canonical_N32_metric_Gram_sample32.npz,134182,3b2b2f79977539c3de960cc948641db9342562480478d39220bb3abd532df5d8,3b2b2f79977539c3de960cc948641db9342562480478d39220bb3abd532df5d8,3b2b2f79977539c3de960cc948641db9342562480478d39220bb3abd532df5d8,verified
output,source-intake/navier-stokes/20260909/annular-metric-Schur-bound-derived/canonical_N64_GR_sample0.npz,research-programme/reproducibility/20260909/source-intake/navier-stokes/20260909/annular-metric-Schur-bound-derived/canonical_N64_GR_sample0.npz,445799,d4e5e400155a018fed3a53496284aba9a5b1726bd70e74b0c8ef0a3fa3ede9f7,d4e5e400155a018fed3a53496284aba9a5b1726bd70e74b0c8ef0a3fa3ede9f7,d4e5e400155a018fed3a53496284aba9a5b1726bd70e74b0c8ef0a3fa3ede9f7,verified
output,source-intake/navier-stokes/20260909/annular-metric-Schur-bound-derived/canonical_N64_GR_sample32.npz,research-programme/reproducibility/20260909/source-intake/navier-stokes/20260909/annular-metric-Schur-bound-derived/canonical_N64_GR_sample32.npz,445885,b0f1f250011ba57d277e3eb8b4b94ebfbe356c76886ca851fa8c496f455f07ac,b0f1f250011ba57d277e3eb8b4b94ebfbe356c76886ca851fa8c496f455f07ac,b0f1f250011ba57d277e3eb8b4b94ebfbe356c76886ca851fa8c496f455f07ac,verified
output,source-intake/navier-stokes/20260909/annular-metric-Schur-bound-derived/canonical_N64_GR_sample64.npz,research-programme/reproducibility/20260909/source-intake/navier-stokes/20260909/annular-metric-Schur-bound-derived/canonical_N64_GR_sample64.npz,445823,97c965395da35d6dc5111b5c1fdfab1b80153c66cb777e283b0dd21b11da6495,97c965395da35d6dc5111b5c1fdfab1b80153c66cb777e283b0dd21b11da6495,97c965395da35d6dc5111b5c1fdfab1b80153c66cb777e283b0dd21b11da6495,verified
output,source-intake/navier-stokes/20260909/annular-metric-Schur-bound-derived/canonical_N64_metric_Gram_sample0.npz,research-programme/reproducibility/20260909/source-intake/navier-stokes/20260909/annular-metric-Schur-bound-derived/canonical_N64_metric_Gram_sample0.npz,448264,f8c19da0576f572000384230715567eaf7881456473efb252cfb057a19f2e3c9,f8c19da0576f572000384230715567eaf7881456473efb252cfb057a19f2e3c9,f8c19da0576f572000384230715567eaf7881456473efb252cfb057a19f2e3c9,verified
output,source-intake/navier-stokes/20260909/annular-metric-Schur-bound-derived/canonical_N64_metric_Gram_sample32.npz,research-programme/reproducibility/20260909/source-intake/navier-stokes/20260909/annular-metric-Schur-bound-derived/canonical_N64_metric_Gram_sample32.npz,448030,bb5683a28f97bc07879682845254b853f0a61795df6055779e29c6d5686409d9,bb5683a28f97bc07879682845254b853f0a61795df6055779e29c6d5686409d9,bb5683a28f97bc07879682845254b853f0a61795df6055779e29c6d5686409d9,verified
output,source-intake/navier-stokes/20260909/annular-metric-Schur-bound-derived/canonical_N64_metric_Gram_sample64.npz,research-programme/reproducibility/20260909/source-intake/navier-stokes/20260909/annular-metric-Schur-bound-derived/canonical_N64_metric_Gram_sample64.npz,448109,5d3f92c326925cc842503268e318f1d7a434875e0ff20288d50cc46b667021ef,5d3f92c326925cc842503268e318f1d7a434875e0ff20288d50cc46b667021ef,5d3f92c326925cc842503268e318f1d7a434875e0ff20288d50cc46b667021ef,verified
output,source-intake/navier-stokes/20260909/annular-metric-Schur-box-resume-snapshot.md,research-programme/reproducibility/20260909/source-intake/navier-stokes/20260909/annular-metric-Schur-box-resume-snapshot.md,866961,4d6e56bc040900f944cc599a0952e3b4d3061729929e4e859b94ef4f0fb3b9ae,4d6e56bc040900f944cc599a0952e3b4d3061729929e4e859b94ef4f0fb3b9ae,4d6e56bc040900f944cc599a0952e3b4d3061729929e4e859b94ef4f0fb3b9ae,verified
output,source-intake/navier-stokes/20260909/annular-metric-first-source-and-lapse-trace-derived/canonical_N16_GR_sample0.npz,research-programme/reproducibility/20260909/source-intake/navier-stokes/20260909/annular-metric-first-source-and-lapse-trace-derived/canonical_N16_GR_sample0.npz,3483,862408eacb7556695e0ca76843187a7dce242bc4637037bc20da973bb2d93109,862408eacb7556695e0ca76843187a7dce242bc4637037bc20da973bb2d93109,862408eacb7556695e0ca76843187a7dce242bc4637037bc20da973bb2d93109,verified
output,source-intake/navier-stokes/20260909/annular-metric-first-source-and-lapse-trace-derived/canonical_N16_GR_sample16.npz,research-programme/reproducibility/20260909/source-intake/navier-stokes/20260909/annular-metric-first-source-and-lapse-trace-derived/canonical_N16_GR_sample16.npz,3501,f9af316fc59b1d2646b294d2d977aad8475fce69c93f36fc1ba852bcc0c3d30a,f9af316fc59b1d2646b294d2d977aad8475fce69c93f36fc1ba852bcc0c3d30a,f9af316fc59b1d2646b294d2d977aad8475fce69c93f36fc1ba852bcc0c3d30a,verified
output,source-intake/navier-stokes/20260909/annular-metric-first-source-and-lapse-trace-derived/canonical_N16_GR_sample32.npz,research-programme/reproducibility/20260909/source-intake/navier-stokes/20260909/annular-metric-first-source-and-lapse-trace-derived/canonical_N16_GR_sample32.npz,3493,42e00a703d75938d9d45ce21ec8f73b0e06acc4bfc46727008b7696a08fa578e,42e00a703d75938d9d45ce21ec8f73b0e06acc4bfc46727008b7696a08fa578e,42e00a703d75938d9d45ce21ec8f73b0e06acc4bfc46727008b7696a08fa578e,verified
output,source-intake/navier-stokes/20260909/annular-metric-first-source-and-lapse-trace-derived/canonical_N16_metric_Gram_sample0.npz,research-programme/reproducibility/20260909/source-intake/navier-stokes/20260909/annular-metric-first-source-and-lapse-trace-derived/canonical_N16_metric_Gram_sample0.npz,3509,969ceb8261b7d85097f52aebad1da0c3d4cf9cc04d2d93967d40cd089ff56216,969ceb8261b7d85097f52aebad1da0c3d4cf9cc04d2d93967d40cd089ff56216,969ceb8261b7d85097f52aebad1da0c3d4cf9cc04d2d93967d40cd089ff56216,verified
output,source-intake/navier-stokes/20260909/annular-metric-first-source-and-lapse-trace-derived/canonical_N16_metric_Gram_sample16.npz,research-programme/reproducibility/20260909/source-intake/navier-stokes/20260909/annular-metric-first-source-and-lapse-trace-derived/canonical_N16_metric_Gram_sample16.npz,3505,16b517b9106791605ae109970b95498569344061659df4bce89a5814c05de42b,16b517b9106791605ae109970b95498569344061659df4bce89a5814c05de42b,16b517b9106791605ae109970b95498569344061659df4bce89a5814c05de42b,verified
output,source-intake/navier-stokes/20260909/annular-metric-first-source-and-lapse-trace-derived/canonical_N16_metric_Gram_sample32.npz,research-programme/reproducibility/20260909/source-intake/navier-stokes/20260909/annular-metric-first-source-and-lapse-trace-derived/canonical_N16_metric_Gram_sample32.npz,3510,a15da8da7f822a66027ce86fb55895ece682d7f65eea0887feaae8f8b03545f2,a15da8da7f822a66027ce86fb55895ece682d7f65eea0887feaae8f8b03545f2,a15da8da7f822a66027ce86fb55895ece682d7f65eea0887feaae8f8b03545f2,verified
output,source-intake/navier-stokes/20260909/annular-metric-first-source-and-lapse-trace-derived/canonical_N32_GR_sample0.npz,research-programme/reproducibility/20260909/source-intake/navier-stokes/20260909/annular-metric-first-source-and-lapse-trace-derived/canonical_N32_GR_sample0.npz,5112,e6de8dd585a7a416d41719a504a059be70f998857dec8f241e7ef0cabf590b92,e6de8dd585a7a416d41719a504a059be70f998857dec8f241e7ef0cabf590b92,e6de8dd585a7a416d41719a504a059be70f998857dec8f241e7ef0cabf590b92,verified
output,source-intake/navier-stokes/20260909/annular-metric-first-source-and-lapse-trace-derived/canonical_N32_GR_sample16.npz,research-programme/reproducibility/20260909/source-intake/navier-stokes/20260909/annular-metric-first-source-and-lapse-trace-derived/canonical_N32_GR_sample16.npz,5124,00b0c385a801095f0a99841f64679bb756a123c23cc159ba3fdd4bab180bad6a,00b0c385a801095f0a99841f64679bb756a123c23cc159ba3fdd4bab180bad6a,00b0c385a801095f0a99841f64679bb756a123c23cc159ba3fdd4bab180bad6a,verified
output,source-intake/navier-stokes/20260909/annular-metric-first-source-and-lapse-trace-derived/canonical_N32_GR_sample32.npz,research-programme/reproducibility/20260909/source-intake/navier-stokes/20260909/annular-metric-first-source-and-lapse-trace-derived/canonical_N32_GR_sample32.npz,5131,556ae1ab8a818a75f3d91b485ec336a70bb9ad7ad195b705d5309d29a36c9aa2,556ae1ab8a818a75f3d91b485ec336a70bb9ad7ad195b705d5309d29a36c9aa2,556ae1ab8a818a75f3d91b485ec336a70bb9ad7ad195b705d5309d29a36c9aa2,verified
output,source-intake/navier-stokes/20260909/annular-metric-first-source-and-lapse-trace-derived/canonical_N32_metric_Gram_sample0.npz,research-programme/reproducibility/20260909/source-intake/navier-stokes/20260909/annular-metric-first-source-and-lapse-trace-derived/canonical_N32_metric_Gram_sample0.npz,5168,78c2c42cf17f8e1352115d1ff874b7d6d110ca2167a348325346aa5c01d12059,78c2c42cf17f8e1352115d1ff874b7d6d110ca2167a348325346aa5c01d12059,78c2c42cf17f8e1352115d1ff874b7d6d110ca2167a348325346aa5c01d12059,verified
output,source-intake/navier-stokes/20260909/annular-metric-first-source-and-lapse-trace-derived/canonical_N32_metric_Gram_sample16.npz,research-programme/reproducibility/20260909/source-intake/navier-stokes/20260909/annular-metric-first-source-and-lapse-trace-derived/canonical_N32_metric_Gram_sample16.npz,5178,6984f161c4d6982e60bdc69efc5ebd6177ba680cb4888946840c4a63d7e38580,6984f161c4d6982e60bdc69efc5ebd6177ba680cb4888946840c4a63d7e38580,6984f161c4d6982e60bdc69efc5ebd6177ba680cb4888946840c4a63d7e38580,verified
output,source-intake/navier-stokes/20260909/annular-metric-first-source-and-lapse-trace-derived/canonical_N32_metric_Gram_sample32.npz,research-programme/reproducibility/20260909/source-intake/navier-stokes/20260909/annular-metric-first-source-and-lapse-trace-derived/canonical_N32_metric_Gram_sample32.npz,5166,80335c097784c6438ea21e0ff583ce5c9c8b19d332b07f58d4a3efc8796fa7dc,80335c097784c6438ea21e0ff583ce5c9c8b19d332b07f58d4a3efc8796fa7dc,80335c097784c6438ea21e0ff583ce5c9c8b19d332b07f58d4a3efc8796fa7dc,verified
output,source-intake/navier-stokes/20260909/annular-metric-first-source-and-lapse-trace-derived/canonical_N64_GR_sample0.npz,research-programme/reproducibility/20260909/source-intake/navier-stokes/20260909/annular-metric-first-source-and-lapse-trace-derived/canonical_N64_GR_sample0.npz,8207,34d3d7b296805d1d72fec1b36d83cbd71e4ac573339ec97a85fcb16d5821a4f6,34d3d7b296805d1d72fec1b36d83cbd71e4ac573339ec97a85fcb16d5821a4f6,34d3d7b296805d1d72fec1b36d83cbd71e4ac573339ec97a85fcb16d5821a4f6,verified
output,source-intake/navier-stokes/20260909/annular-metric-first-source-and-lapse-trace-derived/canonical_N64_GR_sample32.npz,research-programme/reproducibility/20260909/source-intake/navier-stokes/20260909/annular-metric-first-source-and-lapse-trace-derived/canonical_N64_GR_sample32.npz,8233,8b26df436142da0655e9f4d82feee26db32f8df4c4f5ba3e11e32d448236b04b,8b26df436142da0655e9f4d82feee26db32f8df4c4f5ba3e11e32d448236b04b,8b26df436142da0655e9f4d82feee26db32f8df4c4f5ba3e11e32d448236b04b,verified
output,source-intake/navier-stokes/20260909/annular-metric-first-source-and-lapse-trace-derived/canonical_N64_GR_sample64.npz,research-programme/reproducibility/20260909/source-intake/navier-stokes/20260909/annular-metric-first-source-and-lapse-trace-derived/canonical_N64_GR_sample64.npz,8195,9ad582d6cf80f15fcc7c994f0f4afa1082acbc6cc6318959a9de41909c130c15,9ad582d6cf80f15fcc7c994f0f4afa1082acbc6cc6318959a9de41909c130c15,9ad582d6cf80f15fcc7c994f0f4afa1082acbc6cc6318959a9de41909c130c15,verified
output,source-intake/navier-stokes/20260909/annular-metric-first-source-and-lapse-trace-derived/canonical_N64_metric_Gram_sample0.npz,research-programme/reproducibility/20260909/source-intake/navier-stokes/20260909/annular-metric-first-source-and-lapse-trace-derived/canonical_N64_metric_Gram_sample0.npz,8318,99193a15700b38192d57ebb2088667f2b7c64bcb224601f5facaa3c8a20d1be6,99193a15700b38192d57ebb2088667f2b7c64bcb224601f5facaa3c8a20d1be6,99193a15700b38192d57ebb2088667f2b7c64bcb224601f5facaa3c8a20d1be6,verified
output,source-intake/navier-stokes/20260909/annular-metric-first-source-and-lapse-trace-derived/canonical_N64_metric_Gram_sample32.npz,research-programme/reproducibility/20260909/source-intake/navier-stokes/20260909/annular-metric-first-source-and-lapse-trace-derived/canonical_N64_metric_Gram_sample32.npz,8323,a941a51e7aad7929d1ff1d130691171438d267bea3338c3d60043393f6be708b,a941a51e7aad7929d1ff1d130691171438d267bea3338c3d60043393f6be708b,a941a51e7aad7929d1ff1d130691171438d267bea3338c3d60043393f6be708b,verified
output,source-intake/navier-stokes/20260909/annular-metric-first-source-and-lapse-trace-derived/canonical_N64_metric_Gram_sample64.npz,research-programme/reproducibility/20260909/source-intake/navier-stokes/20260909/annular-metric-first-source-and-lapse-trace-derived/canonical_N64_metric_Gram_sample64.npz,8342,00be593ef5d3394b99aa4fac76280b0ef4eebaf5934bbfc8288798decebb0726,00be593ef5d3394b99aa4fac76280b0ef4eebaf5934bbfc8288798decebb0726,00be593ef5d3394b99aa4fac76280b0ef4eebaf5934bbfc8288798decebb0726,verified
output,source-intake/navier-stokes/20260909/annular-metric-first-source-and-lapse-trace-derived/manufactured_vacuum_N16_GR.npz,research-programme/reproducibility/20260909/source-intake/navier-stokes/20260909/annular-metric-first-source-and-lapse-trace-derived/manufactured_vacuum_N16_GR.npz,1249,cd308700e7406ed352c67daf05841e64b34d77896d03e3c17a684ba2001c596b,cd308700e7406ed352c67daf05841e64b34d77896d03e3c17a684ba2001c596b,cd308700e7406ed352c67daf05841e64b34d77896d03e3c17a684ba2001c596b,verified
output,source-intake/navier-stokes/20260909/annular-metric-first-source-and-lapse-trace-derived/manufactured_vacuum_N16_Gram.npz,research-programme/reproducibility/20260909/source-intake/navier-stokes/20260909/annular-metric-first-source-and-lapse-trace-derived/manufactured_vacuum_N16_Gram.npz,1249,cd308700e7406ed352c67daf05841e64b34d77896d03e3c17a684ba2001c596b,cd308700e7406ed352c67daf05841e64b34d77896d03e3c17a684ba2001c596b,cd308700e7406ed352c67daf05841e64b34d77896d03e3c17a684ba2001c596b,verified
output,source-intake/navier-stokes/20260909/annular-metric-first-source-and-lapse-trace-derived/manufactured_oscillatory_velocity_N16_GR.npz,research-programme/reproducibility/20260909/source-intake/navier-stokes/20260909/annular-metric-first-source-and-lapse-trace-derived/manufactured_oscillatory_velocity_N16_GR.npz,2607,282c1541024f87e85f0bc33eec74e9d29fc7b125eddc664dccd7a81a1ed9e2aa,282c1541024f87e85f0bc33eec74e9d29fc7b125eddc664dccd7a81a1ed9e2aa,282c1541024f87e85f0bc33eec74e9d29fc7b125eddc664dccd7a81a1ed9e2aa,verified
output,source-intake/navier-stokes/20260909/annular-metric-first-source-and-lapse-trace-derived/manufactured_oscillatory_velocity_N16_Gram.npz,research-programme/reproducibility/20260909/source-intake/navier-stokes/20260909/annular-metric-first-source-and-lapse-trace-derived/manufactured_oscillatory_velocity_N16_Gram.npz,2607,55e448b8e9435d55019157b7aba7f0315b38907bb94a6de41a7540696fd6d4bc,55e448b8e9435d55019157b7aba7f0315b38907bb94a6de41a7540696fd6d4bc,55e448b8e9435d55019157b7aba7f0315b38907bb94a6de41a7540696fd6d4bc,verified
output,source-intake/navier-stokes/20260909/annular-metric-first-source-and-lapse-trace-derived/manufactured_vacuum_N64_GR.npz,research-programme/reproducibility/20260909/source-intake/navier-stokes/20260909/annular-metric-first-source-and-lapse-trace-derived/manufactured_vacuum_N64_GR.npz,1288,3f463e7d4885521097f86032b701b2863bf333f63ba3552484232e7a9ec4d0b7,3f463e7d4885521097f86032b701b2863bf333f63ba3552484232e7a9ec4d0b7,3f463e7d4885521097f86032b701b2863bf333f63ba3552484232e7a9ec4d0b7,verified
output,source-intake/navier-stokes/20260909/annular-metric-first-source-and-lapse-trace-derived/manufactured_vacuum_N64_Gram.npz,research-programme/reproducibility/20260909/source-intake/navier-stokes/20260909/annular-metric-first-source-and-lapse-trace-derived/manufactured_vacuum_N64_Gram.npz,1288,3f463e7d4885521097f86032b701b2863bf333f63ba3552484232e7a9ec4d0b7,3f463e7d4885521097f86032b701b2863bf333f63ba3552484232e7a9ec4d0b7,3f463e7d4885521097f86032b701b2863bf333f63ba3552484232e7a9ec4d0b7,verified
output,source-intake/navier-stokes/20260909/annular-metric-first-source-and-lapse-trace-derived/manufactured_oscillatory_velocity_N64_GR.npz,research-programme/reproducibility/20260909/source-intake/navier-stokes/20260909/annular-metric-first-source-and-lapse-trace-derived/manufactured_oscillatory_velocity_N64_GR.npz,5986,622e1b999baf6fbcbce7d6a736bfb6d8daac8a5e3cc199410345b10ec966369f,622e1b999baf6fbcbce7d6a736bfb6d8daac8a5e3cc199410345b10ec966369f,622e1b999baf6fbcbce7d6a736bfb6d8daac8a5e3cc199410345b10ec966369f,verified
output,source-intake/navier-stokes/20260909/annular-metric-first-source-and-lapse-trace-derived/manufactured_oscillatory_velocity_N64_Gram.npz,research-programme/reproducibility/20260909/source-intake/navier-stokes/20260909/annular-metric-first-source-and-lapse-trace-derived/manufactured_oscillatory_velocity_N64_Gram.npz,5990,e1854c94508d3ca2aa27683ea7cf322204d3c20af3b57273a31f83d783f17171,e1854c94508d3ca2aa27683ea7cf322204d3c20af3b57273a31f83d783f17171,e1854c94508d3ca2aa27683ea7cf322204d3c20af3b57273a31f83d783f17171,verified
output,source-intake/navier-stokes/20260909/annular-metric-first-source-and-lapse-trace-resume-snapshot.md,research-programme/reproducibility/20260909/source-intake/navier-stokes/20260909/annular-metric-first-source-and-lapse-trace-resume-snapshot.md,869008,b1e54a930ba03efaa34662d3b0f957aadebb46d95ce8fc9ce0af5d9b41b5c8f9,b1e54a930ba03efaa34662d3b0f957aadebb46d95ce8fc9ce0af5d9b41b5c8f9,b1e54a930ba03efaa34662d3b0f957aadebb46d95ce8fc9ce0af5d9b41b5c8f9,verified
output,source-intake/navier-stokes/20260909/annular-clock-spatial-gradient-derived/canonical_N16_GR_sample0.npz,research-programme/reproducibility/20260909/source-intake/navier-stokes/20260909/annular-clock-spatial-gradient-derived/canonical_N16_GR_sample0.npz,10046,fa3cf8838ca24c168f1a03ec71fa07cee279e2024df82a3e5da41eddbcc482a1,fa3cf8838ca24c168f1a03ec71fa07cee279e2024df82a3e5da41eddbcc482a1,fa3cf8838ca24c168f1a03ec71fa07cee279e2024df82a3e5da41eddbcc482a1,verified
output,source-intake/navier-stokes/20260909/annular-clock-spatial-gradient-derived/canonical_N16_GR_sample16.npz,research-programme/reproducibility/20260909/source-intake/navier-stokes/20260909/annular-clock-spatial-gradient-derived/canonical_N16_GR_sample16.npz,10065,4b36d61e6b8f2be4f374151cf39443bec1a861d12f8179b37bc411b13162cb4c,4b36d61e6b8f2be4f374151cf39443bec1a861d12f8179b37bc411b13162cb4c,4b36d61e6b8f2be4f374151cf39443bec1a861d12f8179b37bc411b13162cb4c,verified
output,source-intake/navier-stokes/20260909/annular-clock-spatial-gradient-derived/canonical_N16_GR_sample32.npz,research-programme/reproducibility/20260909/source-intake/navier-stokes/20260909/annular-clock-spatial-gradient-derived/canonical_N16_GR_sample32.npz,10049,d01bbcc963a7ac8048eebff285935f67758109792feb28de3d3671098ee02a31,d01bbcc963a7ac8048eebff285935f67758109792feb28de3d3671098ee02a31,d01bbcc963a7ac8048eebff285935f67758109792feb28de3d3671098ee02a31,verified
output,source-intake/navier-stokes/20260909/annular-clock-spatial-gradient-derived/canonical_N16_metric_Gram_sample0.npz,research-programme/reproducibility/20260909/source-intake/navier-stokes/20260909/annular-clock-spatial-gradient-derived/canonical_N16_metric_Gram_sample0.npz,10191,d6eb2218166d50cca2f31e72611977aebb78254be80e3346095172860a6e72fc,d6eb2218166d50cca2f31e72611977aebb78254be80e3346095172860a6e72fc,d6eb2218166d50cca2f31e72611977aebb78254be80e3346095172860a6e72fc,verified
output,source-intake/navier-stokes/20260909/annular-clock-spatial-gradient-derived/canonical_N16_metric_Gram_sample16.npz,research-programme/reproducibility/20260909/source-intake/navier-stokes/20260909/annular-clock-spatial-gradient-derived/canonical_N16_metric_Gram_sample16.npz,10214,c54e39574a04716a68c4f0f915192d94770818d79f773677defbb09a077c3c8d,c54e39574a04716a68c4f0f915192d94770818d79f773677defbb09a077c3c8d,c54e39574a04716a68c4f0f915192d94770818d79f773677defbb09a077c3c8d,verified
output,source-intake/navier-stokes/20260909/annular-clock-spatial-gradient-derived/canonical_N16_metric_Gram_sample32.npz,research-programme/reproducibility/20260909/source-intake/navier-stokes/20260909/annular-clock-spatial-gradient-derived/canonical_N16_metric_Gram_sample32.npz,10198,d603b3c5d6dbf30b150b33ae6d18c33a7afa9b469c26e997a761d4e5b3e8fd7d,d603b3c5d6dbf30b150b33ae6d18c33a7afa9b469c26e997a761d4e5b3e8fd7d,d603b3c5d6dbf30b150b33ae6d18c33a7afa9b469c26e997a761d4e5b3e8fd7d,verified
output,source-intake/navier-stokes/20260909/annular-clock-spatial-gradient-derived/canonical_N32_GR_sample0.npz,research-programme/reproducibility/20260909/source-intake/navier-stokes/20260909/annular-clock-spatial-gradient-derived/canonical_N32_GR_sample0.npz,16771,2f7fc97f6b64b06a4faa1d64bc5ffee31c05a4069fc981d9e94260237419673d,2f7fc97f6b64b06a4faa1d64bc5ffee31c05a4069fc981d9e94260237419673d,2f7fc97f6b64b06a4faa1d64bc5ffee31c05a4069fc981d9e94260237419673d,verified
output,source-intake/navier-stokes/20260909/annular-clock-spatial-gradient-derived/canonical_N32_GR_sample16.npz,research-programme/reproducibility/20260909/source-intake/navier-stokes/20260909/annular-clock-spatial-gradient-derived/canonical_N32_GR_sample16.npz,16780,1ddb1d94104da4ab56a78db74e9714ff8cc233110d337cca0d0e01aa61318216,1ddb1d94104da4ab56a78db74e9714ff8cc233110d337cca0d0e01aa61318216,1ddb1d94104da4ab56a78db74e9714ff8cc233110d337cca0d0e01aa61318216,verified
output,source-intake/navier-stokes/20260909/annular-clock-spatial-gradient-derived/canonical_N32_GR_sample32.npz,research-programme/reproducibility/20260909/source-intake/navier-stokes/20260909/annular-clock-spatial-gradient-derived/canonical_N32_GR_sample32.npz,16779,a5cd5468551176b939b9de10cb45a246e742fa0d380ab6594738678dd1f022a9,a5cd5468551176b939b9de10cb45a246e742fa0d380ab6594738678dd1f022a9,a5cd5468551176b939b9de10cb45a246e742fa0d380ab6594738678dd1f022a9,verified
output,source-intake/navier-stokes/20260909/annular-clock-spatial-gradient-derived/canonical_N32_metric_Gram_sample0.npz,research-programme/reproducibility/20260909/source-intake/navier-stokes/20260909/annular-clock-spatial-gradient-derived/canonical_N32_metric_Gram_sample0.npz,17156,38427237ec740a7d886002ac6e1f0c2a72844c1aeeced276e3c3fcfa3e93a086,38427237ec740a7d886002ac6e1f0c2a72844c1aeeced276e3c3fcfa3e93a086,38427237ec740a7d886002ac6e1f0c2a72844c1aeeced276e3c3fcfa3e93a086,verified
output,source-intake/navier-stokes/20260909/annular-clock-spatial-gradient-derived/canonical_N32_metric_Gram_sample16.npz,research-programme/reproducibility/20260909/source-intake/navier-stokes/20260909/annular-clock-spatial-gradient-derived/canonical_N32_metric_Gram_sample16.npz,17147,ac624bdfe84038cc11e88f3973d75bef5af2d4771affd9b1395ad337cc0654a7,ac624bdfe84038cc11e88f3973d75bef5af2d4771affd9b1395ad337cc0654a7,ac624bdfe84038cc11e88f3973d75bef5af2d4771affd9b1395ad337cc0654a7,verified
output,source-intake/navier-stokes/20260909/annular-clock-spatial-gradient-derived/canonical_N32_metric_Gram_sample32.npz,research-programme/reproducibility/20260909/source-intake/navier-stokes/20260909/annular-clock-spatial-gradient-derived/canonical_N32_metric_Gram_sample32.npz,17158,2a2ab477ea58405a12c9a853184e9f4926c98d90ca23964313a1ffca47fc8b28,2a2ab477ea58405a12c9a853184e9f4926c98d90ca23964313a1ffca47fc8b28,2a2ab477ea58405a12c9a853184e9f4926c98d90ca23964313a1ffca47fc8b28,verified
output,source-intake/navier-stokes/20260909/annular-clock-spatial-gradient-derived/canonical_N64_GR_sample0.npz,research-programme/reproducibility/20260909/source-intake/navier-stokes/20260909/annular-clock-spatial-gradient-derived/canonical_N64_GR_sample0.npz,30131,f5b73b9ecc8cda1730b547b4ffb804c1e7563602824478c69dce3b3a53259120,f5b73b9ecc8cda1730b547b4ffb804c1e7563602824478c69dce3b3a53259120,f5b73b9ecc8cda1730b547b4ffb804c1e7563602824478c69dce3b3a53259120,verified
output,source-intake/navier-stokes/20260909/annular-clock-spatial-gradient-derived/canonical_N64_GR_sample32.npz,research-programme/reproducibility/20260909/source-intake/navier-stokes/20260909/annular-clock-spatial-gradient-derived/canonical_N64_GR_sample32.npz,30179,0d68ba04532a2c73a33cf4d4471dfb1bb5381b9e9cbdddfe91b6bed378da3be6,0d68ba04532a2c73a33cf4d4471dfb1bb5381b9e9cbdddfe91b6bed378da3be6,0d68ba04532a2c73a33cf4d4471dfb1bb5381b9e9cbdddfe91b6bed378da3be6,verified
output,source-intake/navier-stokes/20260909/annular-clock-spatial-gradient-derived/canonical_N64_GR_sample64.npz,research-programme/reproducibility/20260909/source-intake/navier-stokes/20260909/annular-clock-spatial-gradient-derived/canonical_N64_GR_sample64.npz,30152,cf4fd9b9e5e7d444579fc9db383bad1774ebb03c25cde8b89a5c8f7dafe34f3a,cf4fd9b9e5e7d444579fc9db383bad1774ebb03c25cde8b89a5c8f7dafe34f3a,cf4fd9b9e5e7d444579fc9db383bad1774ebb03c25cde8b89a5c8f7dafe34f3a,verified
output,source-intake/navier-stokes/20260909/annular-clock-spatial-gradient-derived/canonical_N64_metric_Gram_sample0.npz,research-programme/reproducibility/20260909/source-intake/navier-stokes/20260909/annular-clock-spatial-gradient-derived/canonical_N64_metric_Gram_sample0.npz,30988,c433793d2319faf077db4e4d5021182d9d14d919eedc9021b4e520587c82640e,c433793d2319faf077db4e4d5021182d9d14d919eedc9021b4e520587c82640e,c433793d2319faf077db4e4d5021182d9d14d919eedc9021b4e520587c82640e,verified
output,source-intake/navier-stokes/20260909/annular-clock-spatial-gradient-derived/canonical_N64_metric_Gram_sample32.npz,research-programme/reproducibility/20260909/source-intake/navier-stokes/20260909/annular-clock-spatial-gradient-derived/canonical_N64_metric_Gram_sample32.npz,31009,c2e16b748b4f0dd32a1a38f015e1e61bcde1aff6e5e4f35d802faf0110479b26,c2e16b748b4f0dd32a1a38f015e1e61bcde1aff6e5e4f35d802faf0110479b26,c2e16b748b4f0dd32a1a38f015e1e61bcde1aff6e5e4f35d802faf0110479b26,verified
output,source-intake/navier-stokes/20260909/annular-clock-spatial-gradient-derived/canonical_N64_metric_Gram_sample64.npz,research-programme/reproducibility/20260909/source-intake/navier-stokes/20260909/annular-clock-spatial-gradient-derived/canonical_N64_metric_Gram_sample64.npz,30995,c6910cfc61693b95830c6ed2e7f662694843c85cc4d660e4f2f0fb0fb1f60d5f,c6910cfc61693b95830c6ed2e7f662694843c85cc4d660e4f2f0fb0fb1f60d5f,c6910cfc61693b95830c6ed2e7f662694843c85cc4d660e4f2f0fb0fb1f60d5f,verified
output,source-intake/navier-stokes/20260909/annular-clock-spatial-gradient-derived/manufactured_vacuum_N16_GR.npz,research-programme/reproducibility/20260909/source-intake/navier-stokes/20260909/annular-clock-spatial-gradient-derived/manufactured_vacuum_N16_GR.npz,2438,c34b536996435996e6fff5010378be267abbe7cc44d4fe2952223b052bd6250e,c34b536996435996e6fff5010378be267abbe7cc44d4fe2952223b052bd6250e,c34b536996435996e6fff5010378be267abbe7cc44d4fe2952223b052bd6250e,verified
output,source-intake/navier-stokes/20260909/annular-clock-spatial-gradient-derived/manufactured_vacuum_N16_Gram.npz,research-programme/reproducibility/20260909/source-intake/navier-stokes/20260909/annular-clock-spatial-gradient-derived/manufactured_vacuum_N16_Gram.npz,2438,c34b536996435996e6fff5010378be267abbe7cc44d4fe2952223b052bd6250e,c34b536996435996e6fff5010378be267abbe7cc44d4fe2952223b052bd6250e,c34b536996435996e6fff5010378be267abbe7cc44d4fe2952223b052bd6250e,verified
output,source-intake/navier-stokes/20260909/annular-clock-spatial-gradient-derived/manufactured_off_shell_oscillatory_lapse_N16_GR.npz,research-programme/reproducibility/20260909/source-intake/navier-stokes/20260909/annular-clock-spatial-gradient-derived/manufactured_off_shell_oscillatory_lapse_N16_GR.npz,2477,fd47c7f31bdc96abba6002a9107a164e6a61ffd6b8adb31f84d8c349b5ff4d11,fd47c7f31bdc96abba6002a9107a164e6a61ffd6b8adb31f84d8c349b5ff4d11,fd47c7f31bdc96abba6002a9107a164e6a61ffd6b8adb31f84d8c349b5ff4d11,verified
output,source-intake/navier-stokes/20260909/annular-clock-spatial-gradient-derived/manufactured_off_shell_oscillatory_lapse_N16_Gram.npz,research-programme/reproducibility/20260909/source-intake/navier-stokes/20260909/annular-clock-spatial-gradient-derived/manufactured_off_shell_oscillatory_lapse_N16_Gram.npz,2477,fd47c7f31bdc96abba6002a9107a164e6a61ffd6b8adb31f84d8c349b5ff4d11,fd47c7f31bdc96abba6002a9107a164e6a61ffd6b8adb31f84d8c349b5ff4d11,fd47c7f31bdc96abba6002a9107a164e6a61ffd6b8adb31f84d8c349b5ff4d11,verified
output,source-intake/navier-stokes/20260909/annular-clock-spatial-gradient-derived/manufactured_vacuum_N64_GR.npz,research-programme/reproducibility/20260909/source-intake/navier-stokes/20260909/annular-clock-spatial-gradient-derived/manufactured_vacuum_N64_GR.npz,2751,e592241f38ba1400343dddc8c7f4dafdd7ee372a7029eef1c541941df74321d6,e592241f38ba1400343dddc8c7f4dafdd7ee372a7029eef1c541941df74321d6,e592241f38ba1400343dddc8c7f4dafdd7ee372a7029eef1c541941df74321d6,verified
output,source-intake/navier-stokes/20260909/annular-clock-spatial-gradient-derived/manufactured_vacuum_N64_Gram.npz,research-programme/reproducibility/20260909/source-intake/navier-stokes/20260909/annular-clock-spatial-gradient-derived/manufactured_vacuum_N64_Gram.npz,2751,e592241f38ba1400343dddc8c7f4dafdd7ee372a7029eef1c541941df74321d6,e592241f38ba1400343dddc8c7f4dafdd7ee372a7029eef1c541941df74321d6,e592241f38ba1400343dddc8c7f4dafdd7ee372a7029eef1c541941df74321d6,verified
output,source-intake/navier-stokes/20260909/annular-clock-spatial-gradient-derived/manufactured_off_shell_oscillatory_lapse_N64_GR.npz,research-programme/reproducibility/20260909/source-intake/navier-stokes/20260909/annular-clock-spatial-gradient-derived/manufactured_off_shell_oscillatory_lapse_N64_GR.npz,2981,5eab0c3becc26c8e9c36f0b5003196c76c0c0f723fb24ddc3552a4119fc20384,5eab0c3becc26c8e9c36f0b5003196c76c0c0f723fb24ddc3552a4119fc20384,5eab0c3becc26c8e9c36f0b5003196c76c0c0f723fb24ddc3552a4119fc20384,verified
output,source-intake/navier-stokes/20260909/annular-clock-spatial-gradient-derived/manufactured_off_shell_oscillatory_lapse_N64_Gram.npz,research-programme/reproducibility/20260909/source-intake/navier-stokes/20260909/annular-clock-spatial-gradient-derived/manufactured_off_shell_oscillatory_lapse_N64_Gram.npz,2981,5eab0c3becc26c8e9c36f0b5003196c76c0c0f723fb24ddc3552a4119fc20384,5eab0c3becc26c8e9c36f0b5003196c76c0c0f723fb24ddc3552a4119fc20384,5eab0c3becc26c8e9c36f0b5003196c76c0c0f723fb24ddc3552a4119fc20384,verified
output,source-intake/navier-stokes/20260909/annular-clock-spatial-and-inner-shift-resume-snapshot.md,research-programme/reproducibility/20260909/source-intake/navier-stokes/20260909/annular-clock-spatial-and-inner-shift-resume-snapshot.md,871003,2b4b4752268cc55184957c5457ebcf29d434232ffd1156288e680164159332e5,2b4b4752268cc55184957c5457ebcf29d434232ffd1156288e680164159332e5,2b4b4752268cc55184957c5457ebcf29d434232ffd1156288e680164159332e5,verified
output,source-intake/navier-stokes/20260909/annular-H1-clock-energy-derived/canonical_N16_GR_sample0.npz,research-programme/reproducibility/20260909/source-intake/navier-stokes/20260909/annular-H1-clock-energy-derived/canonical_N16_GR_sample0.npz,10939,e8c3cea082bc82b16d084bf1f9303ff8a2417e4f097f5e2e77f7671499888379,e8c3cea082bc82b16d084bf1f9303ff8a2417e4f097f5e2e77f7671499888379,e8c3cea082bc82b16d084bf1f9303ff8a2417e4f097f5e2e77f7671499888379,verified
output,source-intake/navier-stokes/20260909/annular-H1-clock-energy-derived/canonical_N16_GR_sample16.npz,research-programme/reproducibility/20260909/source-intake/navier-stokes/20260909/annular-H1-clock-energy-derived/canonical_N16_GR_sample16.npz,10927,1d50bd1897e46ee29a77249ea9e8bc62c5fd01ac663fbbea346f7a8687310c52,1d50bd1897e46ee29a77249ea9e8bc62c5fd01ac663fbbea346f7a8687310c52,1d50bd1897e46ee29a77249ea9e8bc62c5fd01ac663fbbea346f7a8687310c52,verified
output,source-intake/navier-stokes/20260909/annular-H1-clock-energy-derived/canonical_N16_GR_sample32.npz,research-programme/reproducibility/20260909/source-intake/navier-stokes/20260909/annular-H1-clock-energy-derived/canonical_N16_GR_sample32.npz,10948,b7d083cfccf7ecfc19219d7d6b1280b4b3ad4c7ad19eb1d53aaf527f90217cd1,b7d083cfccf7ecfc19219d7d6b1280b4b3ad4c7ad19eb1d53aaf527f90217cd1,b7d083cfccf7ecfc19219d7d6b1280b4b3ad4c7ad19eb1d53aaf527f90217cd1,verified
output,source-intake/navier-stokes/20260909/annular-H1-clock-energy-derived/canonical_N16_metric_Gram_sample0.npz,research-programme/reproducibility/20260909/source-intake/navier-stokes/20260909/annular-H1-clock-energy-derived/canonical_N16_metric_Gram_sample0.npz,10931,d890fefbe4e43881f1ee99e2f2afd9f89fb584d39748e7b5f690bcd6db71dc5e,d890fefbe4e43881f1ee99e2f2afd9f89fb584d39748e7b5f690bcd6db71dc5e,d890fefbe4e43881f1ee99e2f2afd9f89fb584d39748e7b5f690bcd6db71dc5e,verified
output,source-intake/navier-stokes/20260909/annular-H1-clock-energy-derived/canonical_N16_metric_Gram_sample16.npz,research-programme/reproducibility/20260909/source-intake/navier-stokes/20260909/annular-H1-clock-energy-derived/canonical_N16_metric_Gram_sample16.npz,10964,c8a81001d4f4ad25fb29dad3eea5070ebabe4ee6bb536aa0221e46c69a35bd44,c8a81001d4f4ad25fb29dad3eea5070ebabe4ee6bb536aa0221e46c69a35bd44,c8a81001d4f4ad25fb29dad3eea5070ebabe4ee6bb536aa0221e46c69a35bd44,verified
output,source-intake/navier-stokes/20260909/annular-H1-clock-energy-derived/canonical_N16_metric_Gram_sample32.npz,research-programme/reproducibility/20260909/source-intake/navier-stokes/20260909/annular-H1-clock-energy-derived/canonical_N16_metric_Gram_sample32.npz,10924,4e8f8cd43dc27299d7c8b02e9017c8099ec53630b6e16a5e85e7bf1352ed6632,4e8f8cd43dc27299d7c8b02e9017c8099ec53630b6e16a5e85e7bf1352ed6632,4e8f8cd43dc27299d7c8b02e9017c8099ec53630b6e16a5e85e7bf1352ed6632,verified
output,source-intake/navier-stokes/20260909/annular-H1-clock-energy-derived/canonical_N32_GR_sample0.npz,research-programme/reproducibility/20260909/source-intake/navier-stokes/20260909/annular-H1-clock-energy-derived/canonical_N32_GR_sample0.npz,16427,c267c5cca40f07969cb8f04aa2be5bfd21653fa8d2193621c580bddc15c44c99,c267c5cca40f07969cb8f04aa2be5bfd21653fa8d2193621c580bddc15c44c99,c267c5cca40f07969cb8f04aa2be5bfd21653fa8d2193621c580bddc15c44c99,verified
output,source-intake/navier-stokes/20260909/annular-H1-clock-energy-derived/canonical_N32_GR_sample16.npz,research-programme/reproducibility/20260909/source-intake/navier-stokes/20260909/annular-H1-clock-energy-derived/canonical_N32_GR_sample16.npz,16556,98a224418b2e2cfdb97babd4c70962e47fbe0dcb1fd65bb23ec38f2593078d19,98a224418b2e2cfdb97babd4c70962e47fbe0dcb1fd65bb23ec38f2593078d19,98a224418b2e2cfdb97babd4c70962e47fbe0dcb1fd65bb23ec38f2593078d19,verified
output,source-intake/navier-stokes/20260909/annular-H1-clock-energy-derived/canonical_N32_GR_sample32.npz,research-programme/reproducibility/20260909/source-intake/navier-stokes/20260909/annular-H1-clock-energy-derived/canonical_N32_GR_sample32.npz,16458,c9cc8018f8510e4031d374d4138b92389ec989617d8541f791d0d7f3e17e33b1,c9cc8018f8510e4031d374d4138b92389ec989617d8541f791d0d7f3e17e33b1,c9cc8018f8510e4031d374d4138b92389ec989617d8541f791d0d7f3e17e33b1,verified
output,source-intake/navier-stokes/20260909/annular-H1-clock-energy-derived/canonical_N32_metric_Gram_sample0.npz,research-programme/reproducibility/20260909/source-intake/navier-stokes/20260909/annular-H1-clock-energy-derived/canonical_N32_metric_Gram_sample0.npz,16545,6ccbccabc87b982fc456454ace1630cb779e31f26dd265f6db9cdeee6de84b54,6ccbccabc87b982fc456454ace1630cb779e31f26dd265f6db9cdeee6de84b54,6ccbccabc87b982fc456454ace1630cb779e31f26dd265f6db9cdeee6de84b54,verified
output,source-intake/navier-stokes/20260909/annular-H1-clock-energy-derived/canonical_N32_metric_Gram_sample16.npz,research-programme/reproducibility/20260909/source-intake/navier-stokes/20260909/annular-H1-clock-energy-derived/canonical_N32_metric_Gram_sample16.npz,16519,13efb221674b0fd89ed2e163a028c466f52f6f198bca756d1fb69814d5bac438,13efb221674b0fd89ed2e163a028c466f52f6f198bca756d1fb69814d5bac438,13efb221674b0fd89ed2e163a028c466f52f6f198bca756d1fb69814d5bac438,verified
output,source-intake/navier-stokes/20260909/annular-H1-clock-energy-derived/canonical_N32_metric_Gram_sample32.npz,research-programme/reproducibility/20260909/source-intake/navier-stokes/20260909/annular-H1-clock-energy-derived/canonical_N32_metric_Gram_sample32.npz,16488,bd858d151589b75d157aca299a7793db4f0944082aa6779540469fee10957632,bd858d151589b75d157aca299a7793db4f0944082aa6779540469fee10957632,bd858d151589b75d157aca299a7793db4f0944082aa6779540469fee10957632,verified
output,source-intake/navier-stokes/20260909/annular-H1-clock-energy-derived/canonical_N64_GR_sample0.npz,research-programme/reproducibility/20260909/source-intake/navier-stokes/20260909/annular-H1-clock-energy-derived/canonical_N64_GR_sample0.npz,29208,c715e4e376803c92e41a2cc2930c4f26aec5f8850e1ab5d63ec06f1c59c89d02,c715e4e376803c92e41a2cc2930c4f26aec5f8850e1ab5d63ec06f1c59c89d02,c715e4e376803c92e41a2cc2930c4f26aec5f8850e1ab5d63ec06f1c59c89d02,verified
output,source-intake/navier-stokes/20260909/annular-H1-clock-energy-derived/canonical_N64_GR_sample32.npz,research-programme/reproducibility/20260909/source-intake/navier-stokes/20260909/annular-H1-clock-energy-derived/canonical_N64_GR_sample32.npz,29228,cbdf69d54b602bf7a8ed6d2a2975e80cc7efa34936814f0918244fef91872a9c,cbdf69d54b602bf7a8ed6d2a2975e80cc7efa34936814f0918244fef91872a9c,cbdf69d54b602bf7a8ed6d2a2975e80cc7efa34936814f0918244fef91872a9c,verified
output,source-intake/navier-stokes/20260909/annular-H1-clock-energy-derived/canonical_N64_GR_sample64.npz,research-programme/reproducibility/20260909/source-intake/navier-stokes/20260909/annular-H1-clock-energy-derived/canonical_N64_GR_sample64.npz,29109,726d1fcdb1eb78993cd3a37fca7dab9f4454904d410baf920c6ac3dfb4f529ee,726d1fcdb1eb78993cd3a37fca7dab9f4454904d410baf920c6ac3dfb4f529ee,726d1fcdb1eb78993cd3a37fca7dab9f4454904d410baf920c6ac3dfb4f529ee,verified
output,source-intake/navier-stokes/20260909/annular-H1-clock-energy-derived/canonical_N64_metric_Gram_sample0.npz,research-programme/reproducibility/20260909/source-intake/navier-stokes/20260909/annular-H1-clock-energy-derived/canonical_N64_metric_Gram_sample0.npz,29341,c32ce21c166c67a0850aa948990f5e8b02efa823a36efceede158a71e74bb262,c32ce21c166c67a0850aa948990f5e8b02efa823a36efceede158a71e74bb262,c32ce21c166c67a0850aa948990f5e8b02efa823a36efceede158a71e74bb262,verified
output,source-intake/navier-stokes/20260909/annular-H1-clock-energy-derived/canonical_N64_metric_Gram_sample32.npz,research-programme/reproducibility/20260909/source-intake/navier-stokes/20260909/annular-H1-clock-energy-derived/canonical_N64_metric_Gram_sample32.npz,29251,864c25a2abef163dd02a8529b02bb28698bb5e31095d867a5e7a086a737e747f,864c25a2abef163dd02a8529b02bb28698bb5e31095d867a5e7a086a737e747f,864c25a2abef163dd02a8529b02bb28698bb5e31095d867a5e7a086a737e747f,verified
output,source-intake/navier-stokes/20260909/annular-H1-clock-energy-derived/canonical_N64_metric_Gram_sample64.npz,research-programme/reproducibility/20260909/source-intake/navier-stokes/20260909/annular-H1-clock-energy-derived/canonical_N64_metric_Gram_sample64.npz,29433,e721217cec1833135d221b575290a265d6167bb061d8be7127dc4bedd68c8387,e721217cec1833135d221b575290a265d6167bb061d8be7127dc4bedd68c8387,e721217cec1833135d221b575290a265d6167bb061d8be7127dc4bedd68c8387,verified
output,source-intake/navier-stokes/20260909/annular-H1-clock-energy-resume-snapshot.md,research-programme/reproducibility/20260909/source-intake/navier-stokes/20260909/annular-H1-clock-energy-resume-snapshot.md,872812,80c476fbbe168b015be107509543a05e07eaba22adacacc77e4f5194626fbc4a,80c476fbbe168b015be107509543a05e07eaba22adacacc77e4f5194626fbc4a,80c476fbbe168b015be107509543a05e07eaba22adacacc77e4f5194626fbc4a,verified
output,source-intake/navier-stokes/20260909/annular-second-metric-source-derived/canonical_N16_GR_sample0.npz,research-programme/reproducibility/20260909/source-intake/navier-stokes/20260909/annular-second-metric-source-derived/canonical_N16_GR_sample0.npz,21503,c98aa4b150d0392d07768f26844bd5f7157bb9a69ea917e78b5fcffe76f440c6,c98aa4b150d0392d07768f26844bd5f7157bb9a69ea917e78b5fcffe76f440c6,c98aa4b150d0392d07768f26844bd5f7157bb9a69ea917e78b5fcffe76f440c6,verified
output,source-intake/navier-stokes/20260909/annular-second-metric-source-derived/canonical_N16_GR_sample16.npz,research-programme/reproducibility/20260909/source-intake/navier-stokes/20260909/annular-second-metric-source-derived/canonical_N16_GR_sample16.npz,21498,cd15891c2df19f59c7267bc88a6b752aaec467d5adf576dbb13445eead63f01e,cd15891c2df19f59c7267bc88a6b752aaec467d5adf576dbb13445eead63f01e,cd15891c2df19f59c7267bc88a6b752aaec467d5adf576dbb13445eead63f01e,verified
output,source-intake/navier-stokes/20260909/annular-second-metric-source-derived/canonical_N16_GR_sample32.npz,research-programme/reproducibility/20260909/source-intake/navier-stokes/20260909/annular-second-metric-source-derived/canonical_N16_GR_sample32.npz,21495,9adce21ca0963c8fb4b04456fa80ddf23e6feb4415d95a90e1e209043956368c,9adce21ca0963c8fb4b04456fa80ddf23e6feb4415d95a90e1e209043956368c,9adce21ca0963c8fb4b04456fa80ddf23e6feb4415d95a90e1e209043956368c,verified
output,source-intake/navier-stokes/20260909/annular-second-metric-source-derived/canonical_N16_metric_Gram_sample0.npz,research-programme/reproducibility/20260909/source-intake/navier-stokes/20260909/annular-second-metric-source-derived/canonical_N16_metric_Gram_sample0.npz,21820,8a79a61e5260aecb26d2d21b21b0e3cd4eb1d56713c67ca85c6f3d6157010517,8a79a61e5260aecb26d2d21b21b0e3cd4eb1d56713c67ca85c6f3d6157010517,8a79a61e5260aecb26d2d21b21b0e3cd4eb1d56713c67ca85c6f3d6157010517,verified
output,source-intake/navier-stokes/20260909/annular-second-metric-source-derived/canonical_N16_metric_Gram_sample16.npz,research-programme/reproducibility/20260909/source-intake/navier-stokes/20260909/annular-second-metric-source-derived/canonical_N16_metric_Gram_sample16.npz,21820,20de27be086b38f7d4389a1e93ee5c6e044a5f61d58030aca5ea2c9800716591,20de27be086b38f7d4389a1e93ee5c6e044a5f61d58030aca5ea2c9800716591,20de27be086b38f7d4389a1e93ee5c6e044a5f61d58030aca5ea2c9800716591,verified
output,source-intake/navier-stokes/20260909/annular-second-metric-source-derived/canonical_N16_metric_Gram_sample32.npz,research-programme/reproducibility/20260909/source-intake/navier-stokes/20260909/annular-second-metric-source-derived/canonical_N16_metric_Gram_sample32.npz,21795,eaee3e16643bea999b315961f9f0f269178e2d45239648b0d3cfa9ea70a484be,eaee3e16643bea999b315961f9f0f269178e2d45239648b0d3cfa9ea70a484be,eaee3e16643bea999b315961f9f0f269178e2d45239648b0d3cfa9ea70a484be,verified
output,source-intake/navier-stokes/20260909/annular-second-metric-source-derived/canonical_N32_GR_sample0.npz,research-programme/reproducibility/20260909/source-intake/navier-stokes/20260909/annular-second-metric-source-derived/canonical_N32_GR_sample0.npz,36697,8939062f8c0e36d30da97337a67aa5c013f868e08c27c67c48279e03198eca16,8939062f8c0e36d30da97337a67aa5c013f868e08c27c67c48279e03198eca16,8939062f8c0e36d30da97337a67aa5c013f868e08c27c67c48279e03198eca16,verified
output,source-intake/navier-stokes/20260909/annular-second-metric-source-derived/canonical_N32_GR_sample16.npz,research-programme/reproducibility/20260909/source-intake/navier-stokes/20260909/annular-second-metric-source-derived/canonical_N32_GR_sample16.npz,36771,8f78e96c9be2c90359721b4a84c30f7b8b68c06a992ef119cecc0fd5b8e3e64e,8f78e96c9be2c90359721b4a84c30f7b8b68c06a992ef119cecc0fd5b8e3e64e,8f78e96c9be2c90359721b4a84c30f7b8b68c06a992ef119cecc0fd5b8e3e64e,verified
output,source-intake/navier-stokes/20260909/annular-second-metric-source-derived/canonical_N32_GR_sample32.npz,research-programme/reproducibility/20260909/source-intake/navier-stokes/20260909/annular-second-metric-source-derived/canonical_N32_GR_sample32.npz,36689,67436620d3e18eceb2e3998cda07c1a175ea647cc817d82e2dfcbd00d837d4fd,67436620d3e18eceb2e3998cda07c1a175ea647cc817d82e2dfcbd00d837d4fd,67436620d3e18eceb2e3998cda07c1a175ea647cc817d82e2dfcbd00d837d4fd,verified
output,source-intake/navier-stokes/20260909/annular-second-metric-source-derived/canonical_N32_metric_Gram_sample0.npz,research-programme/reproducibility/20260909/source-intake/navier-stokes/20260909/annular-second-metric-source-derived/canonical_N32_metric_Gram_sample0.npz,37408,854dcac1326857a83d399c74279b3f73ffb1b938a4bb9a1c8c74c6953ca79003,854dcac1326857a83d399c74279b3f73ffb1b938a4bb9a1c8c74c6953ca79003,854dcac1326857a83d399c74279b3f73ffb1b938a4bb9a1c8c74c6953ca79003,verified
output,source-intake/navier-stokes/20260909/annular-second-metric-source-derived/canonical_N32_metric_Gram_sample16.npz,research-programme/reproducibility/20260909/source-intake/navier-stokes/20260909/annular-second-metric-source-derived/canonical_N32_metric_Gram_sample16.npz,37400,2100f12218b3faa892e0acccedace42bbd773f01963c887d3f66cec1e610cade,2100f12218b3faa892e0acccedace42bbd773f01963c887d3f66cec1e610cade,2100f12218b3faa892e0acccedace42bbd773f01963c887d3f66cec1e610cade,verified
output,source-intake/navier-stokes/20260909/annular-second-metric-source-derived/canonical_N32_metric_Gram_sample32.npz,research-programme/reproducibility/20260909/source-intake/navier-stokes/20260909/annular-second-metric-source-derived/canonical_N32_metric_Gram_sample32.npz,37400,58a9719a442d183ad951c9b4ad562b4afa8460742b38d8aa5fdbdcf89eb41cbf,58a9719a442d183ad951c9b4ad562b4afa8460742b38d8aa5fdbdcf89eb41cbf,58a9719a442d183ad951c9b4ad562b4afa8460742b38d8aa5fdbdcf89eb41cbf,verified
output,source-intake/navier-stokes/20260909/annular-second-metric-source-derived/canonical_N64_GR_sample0.npz,research-programme/reproducibility/20260909/source-intake/navier-stokes/20260909/annular-second-metric-source-derived/canonical_N64_GR_sample0.npz,68887,e5979a59af7aff45d41debf5b573fa280e6c81e90fd6d66962592d3b7e925fc3,e5979a59af7aff45d41debf5b573fa280e6c81e90fd6d66962592d3b7e925fc3,e5979a59af7aff45d41debf5b573fa280e6c81e90fd6d66962592d3b7e925fc3,verified
output,source-intake/navier-stokes/20260909/annular-second-metric-source-derived/canonical_N64_GR_sample32.npz,research-programme/reproducibility/20260909/source-intake/navier-stokes/20260909/annular-second-metric-source-derived/canonical_N64_GR_sample32.npz,68917,a03d54ef8933f5bfc2ac71b42d3e711b38f19dc0408622b817ca28744d8e5860,a03d54ef8933f5bfc2ac71b42d3e711b38f19dc0408622b817ca28744d8e5860,a03d54ef8933f5bfc2ac71b42d3e711b38f19dc0408622b817ca28744d8e5860,verified
output,source-intake/navier-stokes/20260909/annular-second-metric-source-derived/canonical_N64_GR_sample64.npz,research-programme/reproducibility/20260909/source-intake/navier-stokes/20260909/annular-second-metric-source-derived/canonical_N64_GR_sample64.npz,68834,33b3314594cd503661b7eec322e8c77a9ab54d61946522ec375882eab557b099,33b3314594cd503661b7eec322e8c77a9ab54d61946522ec375882eab557b099,33b3314594cd503661b7eec322e8c77a9ab54d61946522ec375882eab557b099,verified
output,source-intake/navier-stokes/20260909/annular-second-metric-source-derived/canonical_N64_metric_Gram_sample0.npz,research-programme/reproducibility/20260909/source-intake/navier-stokes/20260909/annular-second-metric-source-derived/canonical_N64_metric_Gram_sample0.npz,70313,99f825187caabed94b5426121072c1722fde4181141226e32d387fa194ae044f,99f825187caabed94b5426121072c1722fde4181141226e32d387fa194ae044f,99f825187caabed94b5426121072c1722fde4181141226e32d387fa194ae044f,verified
output,source-intake/navier-stokes/20260909/annular-second-metric-source-derived/canonical_N64_metric_Gram_sample32.npz,research-programme/reproducibility/20260909/source-intake/navier-stokes/20260909/annular-second-metric-source-derived/canonical_N64_metric_Gram_sample32.npz,70291,80aa3a7f008e7060808e9275673479953ec055340055e51b258c53ade06ec4ba,80aa3a7f008e7060808e9275673479953ec055340055e51b258c53ade06ec4ba,80aa3a7f008e7060808e9275673479953ec055340055e51b258c53ade06ec4ba,verified
output,source-intake/navier-stokes/20260909/annular-second-metric-source-derived/canonical_N64_metric_Gram_sample64.npz,research-programme/reproducibility/20260909/source-intake/navier-stokes/20260909/annular-second-metric-source-derived/canonical_N64_metric_Gram_sample64.npz,70297,8392017dbcd64357334a919fd3e7dcd780f8664a972e58a3504dae3ae755c89e,8392017dbcd64357334a919fd3e7dcd780f8664a972e58a3504dae3ae755c89e,8392017dbcd64357334a919fd3e7dcd780f8664a972e58a3504dae3ae755c89e,verified
output,source-intake/navier-stokes/20260909/annular-second-metric-source-resume-snapshot.md,research-programme/reproducibility/20260909/source-intake/navier-stokes/20260909/annular-second-metric-source-resume-snapshot.md,875077,3b464fb9a33dfee37c59e9c5db0ab3b8a1664d2fe62dd15108cb01796d9c250d,3b464fb9a33dfee37c59e9c5db0ab3b8a1664d2fe62dd15108cb01796d9c250d,3b464fb9a33dfee37c59e9c5db0ab3b8a1664d2fe62dd15108cb01796d9c250d,verified
output,source-intake/navier-stokes/20260909/annular-spatial-clock-energy-derived/canonical_N16_GR_sample0.npz,research-programme/reproducibility/20260909/source-intake/navier-stokes/20260909/annular-spatial-clock-energy-derived/canonical_N16_GR_sample0.npz,20968,ecb025433fb93f3e93a7e6a35ac941a9f671a5b17761bd5dd518582510074c63,ecb025433fb93f3e93a7e6a35ac941a9f671a5b17761bd5dd518582510074c63,ecb025433fb93f3e93a7e6a35ac941a9f671a5b17761bd5dd518582510074c63,verified
output,source-intake/navier-stokes/20260909/annular-spatial-clock-energy-derived/canonical_N16_GR_sample16.npz,research-programme/reproducibility/20260909/source-intake/navier-stokes/20260909/annular-spatial-clock-energy-derived/canonical_N16_GR_sample16.npz,20987,fca339949ce64fb854b68addc10490a8c5d2784e24a9a9597e0bc1776dfe89fb,fca339949ce64fb854b68addc10490a8c5d2784e24a9a9597e0bc1776dfe89fb,fca339949ce64fb854b68addc10490a8c5d2784e24a9a9597e0bc1776dfe89fb,verified
output,source-intake/navier-stokes/20260909/annular-spatial-clock-energy-derived/canonical_N16_GR_sample32.npz,research-programme/reproducibility/20260909/source-intake/navier-stokes/20260909/annular-spatial-clock-energy-derived/canonical_N16_GR_sample32.npz,21005,203cff79cb87ea4bfdc5ee51bb12ca880db4199e449e8bb4652731f58ab0b8a6,203cff79cb87ea4bfdc5ee51bb12ca880db4199e449e8bb4652731f58ab0b8a6,203cff79cb87ea4bfdc5ee51bb12ca880db4199e449e8bb4652731f58ab0b8a6,verified
output,source-intake/navier-stokes/20260909/annular-spatial-clock-energy-derived/canonical_N16_metric_Gram_sample0.npz,research-programme/reproducibility/20260909/source-intake/navier-stokes/20260909/annular-spatial-clock-energy-derived/canonical_N16_metric_Gram_sample0.npz,20960,6df78345ad8120e5167a4babd3aa82b4da890e59a5672a73a23500a83ce5d2b3,6df78345ad8120e5167a4babd3aa82b4da890e59a5672a73a23500a83ce5d2b3,6df78345ad8120e5167a4babd3aa82b4da890e59a5672a73a23500a83ce5d2b3,verified
output,source-intake/navier-stokes/20260909/annular-spatial-clock-energy-derived/canonical_N16_metric_Gram_sample16.npz,research-programme/reproducibility/20260909/source-intake/navier-stokes/20260909/annular-spatial-clock-energy-derived/canonical_N16_metric_Gram_sample16.npz,21043,a535dc0551833833ca82fcb39bbde9b3d1f23f3a9effd08cf015e4d7f6636f55,a535dc0551833833ca82fcb39bbde9b3d1f23f3a9effd08cf015e4d7f6636f55,a535dc0551833833ca82fcb39bbde9b3d1f23f3a9effd08cf015e4d7f6636f55,verified
output,source-intake/navier-stokes/20260909/annular-spatial-clock-energy-derived/canonical_N16_metric_Gram_sample32.npz,research-programme/reproducibility/20260909/source-intake/navier-stokes/20260909/annular-spatial-clock-energy-derived/canonical_N16_metric_Gram_sample32.npz,21059,cb0f1ce0a96ccb37f60a396ee57baa76249f7ef97458ca6703480d6e4cb896d0,cb0f1ce0a96ccb37f60a396ee57baa76249f7ef97458ca6703480d6e4cb896d0,cb0f1ce0a96ccb37f60a396ee57baa76249f7ef97458ca6703480d6e4cb896d0,verified
output,source-intake/navier-stokes/20260909/annular-spatial-clock-energy-derived/canonical_N32_GR_sample0.npz,research-programme/reproducibility/20260909/source-intake/navier-stokes/20260909/annular-spatial-clock-energy-derived/canonical_N32_GR_sample0.npz,36434,05c633f91688950f26718c886be0cf5b6f228b6b2714ccbe250c5e2270bf35fa,05c633f91688950f26718c886be0cf5b6f228b6b2714ccbe250c5e2270bf35fa,05c633f91688950f26718c886be0cf5b6f228b6b2714ccbe250c5e2270bf35fa,verified
output,source-intake/navier-stokes/20260909/annular-spatial-clock-energy-derived/canonical_N32_GR_sample16.npz,research-programme/reproducibility/20260909/source-intake/navier-stokes/20260909/annular-spatial-clock-energy-derived/canonical_N32_GR_sample16.npz,36576,d6cb96c1e8e0f7ef918a66bc886a5c6b9d51a6143c86bd429cbeeb412062ec40,d6cb96c1e8e0f7ef918a66bc886a5c6b9d51a6143c86bd429cbeeb412062ec40,d6cb96c1e8e0f7ef918a66bc886a5c6b9d51a6143c86bd429cbeeb412062ec40,verified
output,source-intake/navier-stokes/20260909/annular-spatial-clock-energy-derived/canonical_N32_GR_sample32.npz,research-programme/reproducibility/20260909/source-intake/navier-stokes/20260909/annular-spatial-clock-energy-derived/canonical_N32_GR_sample32.npz,36596,4a7efe1c4456179f0f610fa558a4af3785028be906d7a666a68ea3bd6846206e,4a7efe1c4456179f0f610fa558a4af3785028be906d7a666a68ea3bd6846206e,4a7efe1c4456179f0f610fa558a4af3785028be906d7a666a68ea3bd6846206e,verified
output,source-intake/navier-stokes/20260909/annular-spatial-clock-energy-derived/canonical_N32_metric_Gram_sample0.npz,research-programme/reproducibility/20260909/source-intake/navier-stokes/20260909/annular-spatial-clock-energy-derived/canonical_N32_metric_Gram_sample0.npz,36470,9f6ad0bb363ea858f8feee13c8d570f174b859d4a31c7135bb1ac9d19c9432f1,9f6ad0bb363ea858f8feee13c8d570f174b859d4a31c7135bb1ac9d19c9432f1,9f6ad0bb363ea858f8feee13c8d570f174b859d4a31c7135bb1ac9d19c9432f1,verified
output,source-intake/navier-stokes/20260909/annular-spatial-clock-energy-derived/canonical_N32_metric_Gram_sample16.npz,research-programme/reproducibility/20260909/source-intake/navier-stokes/20260909/annular-spatial-clock-energy-derived/canonical_N32_metric_Gram_sample16.npz,36727,6f19e749f7d5c007289c7b0900c3fc2e1d863678b824043d92eeedffa5c6ba95,6f19e749f7d5c007289c7b0900c3fc2e1d863678b824043d92eeedffa5c6ba95,6f19e749f7d5c007289c7b0900c3fc2e1d863678b824043d92eeedffa5c6ba95,verified
output,source-intake/navier-stokes/20260909/annular-spatial-clock-energy-derived/canonical_N32_metric_Gram_sample32.npz,research-programme/reproducibility/20260909/source-intake/navier-stokes/20260909/annular-spatial-clock-energy-derived/canonical_N32_metric_Gram_sample32.npz,36685,4a8c8e63a1ad51869c7395a7475c1d997ce00daf1fffedda1a8dd58abeff1efb,4a8c8e63a1ad51869c7395a7475c1d997ce00daf1fffedda1a8dd58abeff1efb,4a8c8e63a1ad51869c7395a7475c1d997ce00daf1fffedda1a8dd58abeff1efb,verified
output,source-intake/navier-stokes/20260909/annular-spatial-clock-energy-derived/canonical_N64_GR_sample0.npz,research-programme/reproducibility/20260909/source-intake/navier-stokes/20260909/annular-spatial-clock-energy-derived/canonical_N64_GR_sample0.npz,66478,9610cb9938c116fa53ed1561b0a578e4adef27dcfb83a530c6f3cf5fb81954d5,9610cb9938c116fa53ed1561b0a578e4adef27dcfb83a530c6f3cf5fb81954d5,9610cb9938c116fa53ed1561b0a578e4adef27dcfb83a530c6f3cf5fb81954d5,verified
output,source-intake/navier-stokes/20260909/annular-spatial-clock-energy-derived/canonical_N64_GR_sample32.npz,research-programme/reproducibility/20260909/source-intake/navier-stokes/20260909/annular-spatial-clock-energy-derived/canonical_N64_GR_sample32.npz,66716,02fa37deaaa56d5f410d37f9f9d192b8bec7dfcfacfc73fc19e6631a62567c39,02fa37deaaa56d5f410d37f9f9d192b8bec7dfcfacfc73fc19e6631a62567c39,02fa37deaaa56d5f410d37f9f9d192b8bec7dfcfacfc73fc19e6631a62567c39,verified
output,source-intake/navier-stokes/20260909/annular-spatial-clock-energy-derived/canonical_N64_GR_sample64.npz,research-programme/reproducibility/20260909/source-intake/navier-stokes/20260909/annular-spatial-clock-energy-derived/canonical_N64_GR_sample64.npz,66784,4e1e7c5b58f0a9521ed72a14f6ba0f675c4e5c7dfc9b999848de6eadefc57a50,4e1e7c5b58f0a9521ed72a14f6ba0f675c4e5c7dfc9b999848de6eadefc57a50,4e1e7c5b58f0a9521ed72a14f6ba0f675c4e5c7dfc9b999848de6eadefc57a50,verified
output,source-intake/navier-stokes/20260909/annular-spatial-clock-energy-derived/canonical_N64_metric_Gram_sample0.npz,research-programme/reproducibility/20260909/source-intake/navier-stokes/20260909/annular-spatial-clock-energy-derived/canonical_N64_metric_Gram_sample0.npz,66611,f506d57ba0858d4fa531860a56dc117cb833fe6e42ee8f819b692229209aafed,f506d57ba0858d4fa531860a56dc117cb833fe6e42ee8f819b692229209aafed,f506d57ba0858d4fa531860a56dc117cb833fe6e42ee8f819b692229209aafed,verified
output,source-intake/navier-stokes/20260909/annular-spatial-clock-energy-derived/canonical_N64_metric_Gram_sample32.npz,research-programme/reproducibility/20260909/source-intake/navier-stokes/20260909/annular-spatial-clock-energy-derived/canonical_N64_metric_Gram_sample32.npz,67007,8297a3f25f1c4a97164283b2dd235b68356c2ea80d89a62e041de449ac2658c9,8297a3f25f1c4a97164283b2dd235b68356c2ea80d89a62e041de449ac2658c9,8297a3f25f1c4a97164283b2dd235b68356c2ea80d89a62e041de449ac2658c9,verified
output,source-intake/navier-stokes/20260909/annular-spatial-clock-energy-derived/canonical_N64_metric_Gram_sample64.npz,research-programme/reproducibility/20260909/source-intake/navier-stokes/20260909/annular-spatial-clock-energy-derived/canonical_N64_metric_Gram_sample64.npz,67137,5c646687557ba2fd4a920e0412942462addcb488f7d835813043ccce6cedd749,5c646687557ba2fd4a920e0412942462addcb488f7d835813043ccce6cedd749,5c646687557ba2fd4a920e0412942462addcb488f7d835813043ccce6cedd749,verified
output,source-intake/navier-stokes/20260909/annular-spatial-clock-energy-resume-snapshot.md,research-programme/reproducibility/20260909/source-intake/navier-stokes/20260909/annular-spatial-clock-energy-resume-snapshot.md,877182,e6230303bb6ec699ab354c28bd46987c3bb58e3f866e9fecb32c809a11323fcc,e6230303bb6ec699ab354c28bd46987c3bb58e3f866e9fecb32c809a11323fcc,e6230303bb6ec699ab354c28bd46987c3bb58e3f866e9fecb32c809a11323fcc,verified
seal,source-intake/navier-stokes/20260909/annular-spatial-clock-energy-final-integrity.json,research-programme/reproducibility/20260909/source-intake/navier-stokes/20260909/annular-spatial-clock-energy-final-integrity.json,317342,2a7d08256837036b9972b78201a3970c3d5ac46930cc3f903f74fc62946ae437,2a7d08256837036b9972b78201a3970c3d5ac46930cc3f903f74fc62946ae437,2a7d08256837036b9972b78201a3970c3d5ac46930cc3f903f74fc62946ae437,verified
immutable-resume-snapshot,source-intake/navier-stokes/20260909/annular-spatial-clock-energy-resume-snapshot.md,research-programme/reproducibility/20260909/source-intake/navier-stokes/20260909/annular-spatial-clock-energy-resume-snapshot.md,877182,e6230303bb6ec699ab354c28bd46987c3bb58e3f866e9fecb32c809a11323fcc,e6230303bb6ec699ab354c28bd46987c3bb58e3f866e9fecb32c809a11323fcc,e6230303bb6ec699ab354c28bd46987c3bb58e3f866e9fecb32c809a11323fcc,verified
runtime-dependency,scripts/annular_discrete_chain_completion_20260909.py,research-programme/reproducibility/20260909/scripts/annular_discrete_chain_completion_20260909.py,2914,30f37d87fcacad66de219f1d7f24fbdc287f0025b98718f3f40f5134ed59a886,30f37d87fcacad66de219f1d7f24fbdc287f0025b98718f3f40f5134ed59a886,30f37d87fcacad66de219f1d7f24fbdc287f0025b98718f3f40f5134ed59a886,verified
runtime-dependency,source-intake/navier-stokes/20260909/sbp4-operator-derived/status.json,research-programme/reproducibility/20260909/source-intake/navier-stokes/20260909/sbp4-operator-derived/status.json,967,91c3c1310117c3eb5b0aea29a3dafa76e73302e4ec444369bce7d99d24c98239,91c3c1310117c3eb5b0aea29a3dafa76e73302e4ec444369bce7d99d24c98239,91c3c1310117c3eb5b0aea29a3dafa76e73302e4ec444369bce7d99d24c98239,verified
runtime-dependency,source-intake/navier-stokes/20260909/sbp4-operator-derived/COMPLETE,research-programme/reproducibility/20260909/source-intake/navier-stokes/20260909/sbp4-operator-derived/COMPLETE,34,3d567b776e8c78b838d3d9218dec135da031889133e581b5249b4a51ad79aaa3,3d567b776e8c78b838d3d9218dec135da031889133e581b5249b4a51ad79aaa3,3d567b776e8c78b838d3d9218dec135da031889133e581b5249b4a51ad79aaa3,verified
runtime-dependency,source-intake/navier-stokes/20260909/sbp4-second-derivative-derived/coefficients.json,research-programme/reproducibility/20260909/source-intake/navier-stokes/20260909/sbp4-second-derivative-derived/coefficients.json,5304,bad190b3fcf305f3190f82bd7a8644fce1531a2559bb0394cdb9cfb94387d6fd,bad190b3fcf305f3190f82bd7a8644fce1531a2559bb0394cdb9cfb94387d6fd,bad190b3fcf305f3190f82bd7a8644fce1531a2559bb0394cdb9cfb94387d6fd,verified
runtime-dependency,source-intake/navier-stokes/20260909/sbp4-second-derivative-derived/COMPLETE,research-programme/reproducibility/20260909/source-intake/navier-stokes/20260909/sbp4-second-derivative-derived/COMPLETE,34,33b5aa92dbdc94f8c45c1ac5713a83e860e4dd55c7c367f2949e43d190182824,33b5aa92dbdc94f8c45c1ac5713a83e860e4dd55c7c367f2949e43d190182824,33b5aa92dbdc94f8c45c1ac5713a83e860e4dd55c7c367f2949e43d190182824,verified
