checkpoint,target_job_id,cell_id,x_index,t_index,x_lower,x_upper,t_lower,t_upper,epsilon_real_lower,epsilon_real_upper,epsilon_imaginary_lower,epsilon_imaginary_upper,selector_ownership_method,selector_selected_roles,configuration_role,global_arc_index,global_arc_count,failure_message,owner_pivot,owner_family,owner_pivot_abs_lower,owner_pivot_abs_upper,plus_abs_lower,minus_abs_lower,holomorphic_abs_lower,antiholomorphic_abs_lower,unit_circle_abs_lower,all_pivot_uppers_finite,projective_owner_cell_passes
5457,E01__U017__TOP__MINIMUM_CERTIFIED_OUTER_GAP,x00_t00,0,0,0.7423805650363542,0.7437661474921852,0.0,0.03125,0.0175,0.02,-1e-06,1e-06,CLOSED_REPRESENTATIVE_UNIT_MODULUS_MARGIN,reciprocal,reciprocal,0,4,,holomorphic,plus,0.47170559458867045,0.5187227238831627,0.0037816820484379396,0.42945863909423887,0.47170559458867045,0.00337075555513198,2.3082614796850267,True,True
5457,E01__U017__TOP__MINIMUM_CERTIFIED_OUTER_GAP,x00_t00,0,0,0.7423805650363542,0.7437661474921852,0.0,0.03125,0.0175,0.02,-1e-06,1e-06,CLOSED_REPRESENTATIVE_UNIT_MODULUS_MARGIN,reciprocal,reciprocal,1,4,,holomorphic,plus,0.4717055950529799,0.5187227233953753,0.0037816820484379396,0.42945863909423887,0.4717055950529799,0.0033707555741746852,2.308261479633604,True,True
5457,E01__U017__TOP__MINIMUM_CERTIFIED_OUTER_GAP,x00_t00,0,0,0.7423805650363542,0.7437661474921852,0.0,0.03125,0.0175,0.02,-1e-06,1e-06,CLOSED_REPRESENTATIVE_UNIT_MODULUS_MARGIN,reciprocal,reciprocal,2,4,,holomorphic,plus,0.471705547001969,0.5187226715234395,0.0037816820484379396,0.42945863909423887,0.471705547001969,0.0033707559049523422,2.3082612445006667,True,True
5457,E01__U017__TOP__MINIMUM_CERTIFIED_OUTER_GAP,x00_t00,0,0,0.7423805650363542,0.7437661474921852,0.0,0.03125,0.0175,0.02,-1e-06,1e-06,CLOSED_REPRESENTATIVE_UNIT_MODULUS_MARGIN,reciprocal,reciprocal,3,4,,holomorphic,plus,0.47170554653765956,0.5187226720112269,0.0037816820484379396,0.42945863909423887,0.47170554653765956,0.0033707558859096334,2.3082612445520896,True,True
5457,E01__U017__TOP__MINIMUM_CERTIFIED_OUTER_GAP,x00_t01,0,1,0.7423805650363542,0.7437661474921852,0.03125,0.0625,0.0175,0.02,-1e-06,1e-06,CLOSED_REPRESENTATIVE_UNIT_MODULUS_MARGIN,reciprocal,reciprocal,0,4,,holomorphic,plus,0.4593781376608544,0.5072037248952961,0.003952084796767898,0.4184495506391185,0.4593781376608544,0.0035453039477746345,2.3082614796850267,True,True
5457,E01__U017__TOP__MINIMUM_CERTIFIED_OUTER_GAP,x00_t01,0,1,0.7423805650363542,0.7437661474921852,0.03125,0.0625,0.0175,0.02,-1e-06,1e-06,CLOSED_REPRESENTATIVE_UNIT_MODULUS_MARGIN,reciprocal,reciprocal,1,4,,holomorphic,plus,0.45937813815018086,0.507203724383054,0.003952084796767898,0.4184495506391185,0.45937813815018086,0.0035453039772275195,2.308261479633604,True,True
5457,E01__U017__TOP__MINIMUM_CERTIFIED_OUTER_GAP,x00_t01,0,1,0.7423805650363542,0.7437661474921852,0.03125,0.0625,0.0175,0.02,-1e-06,1e-06,CLOSED_REPRESENTATIVE_UNIT_MODULUS_MARGIN,reciprocal,reciprocal,2,4,,holomorphic,plus,0.4593780913549105,0.5072036736630238,0.003952084796767898,0.4184495506391185,0.4593780913549105,0.003545304325130052,2.3082612445006667,True,True
5457,E01__U017__TOP__MINIMUM_CERTIFIED_OUTER_GAP,x00_t01,0,1,0.7423805650363542,0.7437661474921852,0.03125,0.0625,0.0175,0.02,-1e-06,1e-06,CLOSED_REPRESENTATIVE_UNIT_MODULUS_MARGIN,reciprocal,reciprocal,3,4,,holomorphic,plus,0.459378090865584,0.5072036741752659,0.003952084796767898,0.4184495506391185,0.459378090865584,0.0035453042956771607,2.3082612445520896,True,True
5457,E01__U017__TOP__MINIMUM_CERTIFIED_OUTER_GAP,x00_t02,0,2,0.7423805650363542,0.7437661474921852,0.0625,0.09375,0.0175,0.02,-1e-06,1e-06,CLOSED_REPRESENTATIVE_UNIT_MODULUS_MARGIN,reciprocal,reciprocal,0,4,,holomorphic,plus,0.4470299810475595,0.49569975042460734,0.004206637053199906,0.4074287621649116,0.4470299810475595,0.0037941508200724965,2.3082614796850267,True,True
5457,E01__U017__TOP__MINIMUM_CERTIFIED_OUTER_GAP,x00_t02,0,2,0.7423805650363542,0.7437661474921852,0.0625,0.09375,0.0175,0.02,-1e-06,1e-06,CLOSED_REPRESENTATIVE_UNIT_MODULUS_MARGIN,reciprocal,reciprocal,1,4,,holomorphic,plus,0.4470299815636196,0.4956997498861938,0.004206637053199906,0.4074287621649116,0.4470299815636196,0.003794150859192407,2.308261479633604,True,True
5457,E01__U017__TOP__MINIMUM_CERTIFIED_OUTER_GAP,x00_t02,0,2,0.7423805650363542,0.7437661474921852,0.0625,0.09375,0.0175,0.02,-1e-06,1e-06,CLOSED_REPRESENTATIVE_UNIT_MODULUS_MARGIN,reciprocal,reciprocal,2,4,,holomorphic,plus,0.4470299360261979,0.4956997003165672,0.004206637053199906,0.4074287621649116,0.4470299360261979,0.0037941512315116436,2.3082612445006667,True,True
5457,E01__U017__TOP__MINIMUM_CERTIFIED_OUTER_GAP,x00_t02,0,2,0.7423805650363542,0.7437661474921852,0.0625,0.09375,0.0175,0.02,-1e-06,1e-06,CLOSED_REPRESENTATIVE_UNIT_MODULUS_MARGIN,reciprocal,reciprocal,3,4,,holomorphic,plus,0.4470299355101378,0.49569970085498066,0.004206637053199906,0.4074287621649116,0.4470299355101378,0.0037941511923917253,2.3082612445520896,True,True
5457,E01__U017__TOP__MINIMUM_CERTIFIED_OUTER_GAP,x00_t03,0,3,0.7423805650363542,0.7437661474921852,0.09375,0.125,0.0175,0.02,-1e-06,1e-06,CLOSED_REPRESENTATIVE_UNIT_MODULUS_MARGIN,reciprocal,reciprocal,0,4,,holomorphic,plus,0.434659757792643,0.48421232527213814,0.004522181160208377,0.3963954251813816,0.434659757792643,0.004097018272417198,2.3082614796850267,True,True
5457,E01__U017__TOP__MINIMUM_CERTIFIED_OUTER_GAP,x00_t03,0,3,0.7423805650363542,0.7437661474921852,0.09375,0.125,0.0175,0.02,-1e-06,1e-06,CLOSED_REPRESENTATIVE_UNIT_MODULUS_MARGIN,reciprocal,reciprocal,1,4,,holomorphic,plus,0.43465975833732706,0.4842123247056627,0.004522181160208377,0.3963954251813816,0.43465975833732706,0.004097018320394305,2.308261479633604,True,True
5457,E01__U017__TOP__MINIMUM_CERTIFIED_OUTER_GAP,x00_t03,0,3,0.7423805650363542,0.7437661474921852,0.09375,0.125,0.0175,0.02,-1e-06,1e-06,CLOSED_REPRESENTATIVE_UNIT_MODULUS_MARGIN,reciprocal,reciprocal,2,4,,holomorphic,plus,0.4346597140600015,0.4842122762847851,0.004522181160208377,0.3963954251813816,0.4346597140600015,0.004097018722432094,2.3082612445006667,True,True
5457,E01__U017__TOP__MINIMUM_CERTIFIED_OUTER_GAP,x00_t03,0,3,0.7423805650363542,0.7437661474921852,0.09375,0.125,0.0175,0.02,-1e-06,1e-06,CLOSED_REPRESENTATIVE_UNIT_MODULUS_MARGIN,reciprocal,reciprocal,3,4,,holomorphic,plus,0.43465971351531735,0.48421227685126056,0.004522181160208377,0.3963954251813816,0.43465971351531735,0.004097018674454978,2.3082612445520896,True,True
5457,E01__U017__TOP__MINIMUM_CERTIFIED_OUTER_GAP,x00_t04,0,4,0.7423805650363542,0.7437661474921852,0.125,0.15625,0.0175,0.02,-1e-06,1e-06,CLOSED_REPRESENTATIVE_UNIT_MODULUS_MARGIN,reciprocal,reciprocal,0,4,,holomorphic,plus,0.42226591828951426,0.4727432113301078,0.004878215571615337,0.3853485827832884,0.42226591828951426,0.004436260048909907,2.3082614796850267,True,True
5457,E01__U017__TOP__MINIMUM_CERTIFIED_OUTER_GAP,x00_t04,0,4,0.7423805650363542,0.7437661474921852,0.125,0.15625,0.0175,0.02,-1e-06,1e-06,CLOSED_REPRESENTATIVE_UNIT_MODULUS_MARGIN,reciprocal,reciprocal,1,4,,holomorphic,plus,0.42226591886491627,0.47274321073347636,0.004878215571615337,0.3853485827832884,0.42226591886491627,0.004436260105090419,2.308261479633604,True,True
5457,E01__U017__TOP__MINIMUM_CERTIFIED_OUTER_GAP,x00_t04,0,4,0.7423805650363542,0.7437661474921852,0.125,0.15625,0.0175,0.02,-1e-06,1e-06,CLOSED_REPRESENTATIVE_UNIT_MODULUS_MARGIN,reciprocal,reciprocal,2,4,,holomorphic,plus,0.4222658758500919,0.4727431634595171,0.004878215571615337,0.3853485827832884,0.4222658758500919,0.004436260540416797,2.3082612445006667,True,True
5457,E01__U017__TOP__MINIMUM_CERTIFIED_OUTER_GAP,x00_t04,0,4,0.7423805650363542,0.7437661474921852,0.125,0.15625,0.0175,0.02,-1e-06,1e-06,CLOSED_REPRESENTATIVE_UNIT_MODULUS_MARGIN,reciprocal,reciprocal,3,4,,holomorphic,plus,0.42226587527468995,0.4727431640561486,0.004878215571615337,0.3853485827832884,0.42226587527468995,0.0044362604842362735,2.3082612445520896,True,True
5457,E01__U017__TOP__MINIMUM_CERTIFIED_OUTER_GAP,x00_t05,0,5,0.7423805650363542,0.7437661474921852,0.15625,0.1875,0.0175,0.02,-1e-06,1e-06,CLOSED_REPRESENTATIVE_UNIT_MODULUS_MARGIN,reciprocal,reciprocal,0,4,,holomorphic,plus,0.409846687771897,0.46129446113859696,0.00525785089132517,0.37428710895745276,0.409846687771897,0.004797725719925443,2.3082614796850267,True,True
5457,E01__U017__TOP__MINIMUM_CERTIFIED_OUTER_GAP,x00_t05,0,5,0.7423805650363542,0.7437661474921852,0.15625,0.1875,0.0175,0.02,-1e-06,1e-06,CLOSED_REPRESENTATIVE_UNIT_MODULUS_MARGIN,reciprocal,reciprocal,1,4,,holomorphic,plus,0.40984668838033145,0.4612944605094946,0.00525785089132517,0.37428710895745276,0.40984668838033145,0.004797725783887964,2.308261479633604,True,True
5457,E01__U017__TOP__MINIMUM_CERTIFIED_OUTER_GAP,x00_t05,0,5,0.7423805650363542,0.7437661474921852,0.15625,0.1875,0.0175,0.02,-1e-06,1e-06,CLOSED_REPRESENTATIVE_UNIT_MODULUS_MARGIN,reciprocal,reciprocal,2,4,,holomorphic,plus,0.40984664663059434,0.4612944143804179,0.00525785089132517,0.37428710895745276,0.40984664663059434,0.004797726254684194,2.3082612445006667,True,True
5457,E01__U017__TOP__MINIMUM_CERTIFIED_OUTER_GAP,x00_t05,0,5,0.7423805650363542,0.7437661474921852,0.15625,0.1875,0.0175,0.02,-1e-06,1e-06,CLOSED_REPRESENTATIVE_UNIT_MODULUS_MARGIN,reciprocal,reciprocal,3,4,,holomorphic,plus,0.4098466460221598,0.4612944150095203,0.00525785089132517,0.37428710895745276,0.4098466460221598,0.004797726190721661,2.3082612445520896,True,True
5457,E01__U017__TOP__MINIMUM_CERTIFIED_OUTER_GAP,x00_t06,0,6,0.7423805650363542,0.7437661474921852,0.1875,0.21875,0.0175,0.02,-1e-06,1e-06,CLOSED_REPRESENTATIVE_UNIT_MODULUS_MARGIN,reciprocal,reciprocal,0,4,,holomorphic,plus,0.39740007946887557,0.4498684168902882,0.0056476964769476366,0.3632096916707136,0.39740007946887557,0.00517041981357021,2.3082614796850267,True,True
5457,E01__U017__TOP__MINIMUM_CERTIFIED_OUTER_GAP,x00_t06,0,6,0.7423805650363542,0.7437661474921852,0.1875,0.21875,0.0175,0.02,-1e-06,1e-06,CLOSED_REPRESENTATIVE_UNIT_MODULUS_MARGIN,reciprocal,reciprocal,1,4,,holomorphic,plus,0.3974000801129149,0.4498684162261422,0.0056476964769476366,0.3632096916707136,0.3974000801129149,0.005170419885130246,2.308261479633604,True,True
5457,E01__U017__TOP__MINIMUM_CERTIFIED_OUTER_GAP,x00_t06,0,6,0.7423805650363542,0.7437661474921852,0.1875,0.21875,0.0175,0.02,-1e-06,1e-06,CLOSED_REPRESENTATIVE_UNIT_MODULUS_MARGIN,reciprocal,reciprocal,2,4,,holomorphic,plus,0.39740003963105325,0.4498683712396781,0.0056476964769476366,0.3632096916707136,0.39740003963105325,0.0051704203924984446,2.3082612445006667,True,True
5457,E01__U017__TOP__MINIMUM_CERTIFIED_OUTER_GAP,x00_t06,0,6,0.7423805650363542,0.7437661474921852,0.1875,0.21875,0.0175,0.02,-1e-06,1e-06,CLOSED_REPRESENTATIVE_UNIT_MODULUS_MARGIN,reciprocal,reciprocal,3,4,,holomorphic,plus,0.3974000389870139,0.4498683719038241,0.0056476964769476366,0.3632096916707136,0.3974000389870139,0.005170420320938395,2.3082612445520896,True,True
5457,E01__U017__TOP__MINIMUM_CERTIFIED_OUTER_GAP,x00_t07,0,7,0.7423805650363542,0.7437661474921852,0.21875,0.25,0.0175,0.02,-1e-06,1e-06,CLOSED_REPRESENTATIVE_UNIT_MODULUS_MARGIN,reciprocal,reciprocal,0,4,,holomorphic,plus,0.3849238694305742,0.4384677511489044,0.006037119221913537,0.35211493672457245,0.3849238694305742,0.005545809227486854,2.3082614796850267,True,True
5457,E01__U017__TOP__MINIMUM_CERTIFIED_OUTER_GAP,x00_t07,0,7,0.7423805650363542,0.7437661474921852,0.21875,0.25,0.0175,0.02,-1e-06,1e-06,CLOSED_REPRESENTATIVE_UNIT_MODULUS_MARGIN,reciprocal,reciprocal,1,4,,holomorphic,plus,0.3849238701130874,0.43846775044684516,0.006037119221913537,0.35211493672457245,0.3849238701130874,0.005545809306674948,2.308261479633604,True,True
5457,E01__U017__TOP__MINIMUM_CERTIFIED_OUTER_GAP,x00_t07,0,7,0.7423805650363542,0.7437661474921852,0.21875,0.25,0.0175,0.02,-1e-06,1e-06,CLOSED_REPRESENTATIVE_UNIT_MODULUS_MARGIN,reciprocal,reciprocal,2,4,,holomorphic,plus,0.3849238309021159,0.4384677066004564,0.006037119221913537,0.35211493672457245,0.3849238309021159,0.005545809850879743,2.3082612445006667,True,True
5457,E01__U017__TOP__MINIMUM_CERTIFIED_OUTER_GAP,x00_t07,0,7,0.7423805650363542,0.7437661474921852,0.21875,0.25,0.0175,0.02,-1e-06,1e-06,CLOSED_REPRESENTATIVE_UNIT_MODULUS_MARGIN,reciprocal,reciprocal,3,4,,holomorphic,plus,0.38492383021960275,0.43846770730251566,0.006037119221913537,0.35211493672457245,0.38492383021960275,0.005545809771691632,2.3082612445520896,True,True
5457,E01__U017__TOP__MINIMUM_CERTIFIED_OUTER_GAP,x00_t08,0,8,0.7423805650363542,0.7437661474921852,0.25,0.28125,0.0175,0.02,-1e-06,1e-06,CLOSED_REPRESENTATIVE_UNIT_MODULUS_MARGIN,reciprocal,reciprocal,0,4,,holomorphic,plus,0.37241555962132883,0.4270955228345933,0.006417456050879813,0.34100117351927006,0.37241555962132883,0.0059171346918627495,2.3082614796850267,True,True
5457,E01__U017__TOP__MINIMUM_CERTIFIED_OUTER_GAP,x00_t08,0,8,0.7423805650363542,0.7437661474921852,0.25,0.28125,0.0175,0.02,-1e-06,1e-06,CLOSED_REPRESENTATIVE_UNIT_MODULUS_MARGIN,reciprocal,reciprocal,1,4,,holomorphic,plus,0.37241556034552714,0.4270955220914088,0.006417456050879813,0.34100117351927006,0.37241556034552714,0.005917134778901006,2.308261479633604,True,True
5457,E01__U017__TOP__MINIMUM_CERTIFIED_OUTER_GAP,x00_t08,0,8,0.7423805650363542,0.7437661474921852,0.25,0.28125,0.0175,0.02,-1e-06,1e-06,CLOSED_REPRESENTATIVE_UNIT_MODULUS_MARGIN,reciprocal,reciprocal,2,4,,holomorphic,plus,0.37241552240871495,0.42709547938225245,0.006417456050879813,0.34100117351927006,0.37241552240871495,0.005917135359543632,2.3082612445006667,True,True
5457,E01__U017__TOP__MINIMUM_CERTIFIED_OUTER_GAP,x00_t08,0,8,0.7423805650363542,0.7437661474921852,0.25,0.28125,0.0175,0.02,-1e-06,1e-06,CLOSED_REPRESENTATIVE_UNIT_MODULUS_MARGIN,reciprocal,reciprocal,3,4,,holomorphic,plus,0.37241552168451664,0.4270954801254369,0.006417456050879813,0.34100117351927006,0.37241552168451664,0.005917135272505358,2.3082612445520896,True,True
5457,E01__U017__TOP__MINIMUM_CERTIFIED_OUTER_GAP,x00_t09,0,9,0.7423805650363542,0.7437661474921852,0.28125,0.3125,0.0175,0.02,-1e-06,1e-06,CLOSED_REPRESENTATIVE_UNIT_MODULUS_MARGIN,reciprocal,reciprocal,0,4,,holomorphic,plus,0.3598723318466841,0.4157552466910731,0.006771805718824323,0.3298664659001621,0.3598723318466841,0.0062788498433986135,2.3082614796850267,True,True
5457,E01__U017__TOP__MINIMUM_CERTIFIED_OUTER_GAP,x00_t09,0,9,0.7423805650363542,0.7437661474921852,0.28125,0.3125,0.0175,0.02,-1e-06,1e-06,CLOSED_REPRESENTATIVE_UNIT_MODULUS_MARGIN,reciprocal,reciprocal,1,4,,holomorphic,plus,0.3598723326161754,0.4157552459031545,0.006771805718824323,0.3298664659001621,0.3598723326161754,0.006278849938684737,2.308261479633604,True,True
5457,E01__U017__TOP__MINIMUM_CERTIFIED_OUTER_GAP,x00_t09,0,9,0.7423805650363542,0.7437661474921852,0.28125,0.3125,0.0175,0.02,-1e-06,1e-06,CLOSED_REPRESENTATIVE_UNIT_MODULUS_MARGIN,reciprocal,reciprocal,2,4,,holomorphic,plus,0.3598722959570786,0.41575520432803614,0.006771805718824323,0.3298664659001621,0.3598722959570786,0.006278850554822078,2.3082612445006667,True,True
5457,E01__U017__TOP__MINIMUM_CERTIFIED_OUTER_GAP,x00_t09,0,9,0.7423805650363542,0.7437661474921852,0.28125,0.3125,0.0175,0.02,-1e-06,1e-06,CLOSED_REPRESENTATIVE_UNIT_MODULUS_MARGIN,reciprocal,reciprocal,3,4,,holomorphic,plus,0.3598722951875873,0.41575520511595476,0.006771805718824323,0.3298664659001621,0.3598722951875873,0.006278850459535936,2.3082612445520896,True,True
5457,E01__U017__TOP__MINIMUM_CERTIFIED_OUTER_GAP,x00_t10,0,10,0.7423805650363542,0.7437661474921852,0.3125,0.34375,0.0175,0.02,-1e-06,1e-06,CLOSED_REPRESENTATIVE_UNIT_MODULUS_MARGIN,reciprocal,reciprocal,0,4,,holomorphic,plus,0.34729099177001177,0.4044509780587982,0.007071610281123468,0.31870855442522095,0.34729099177001177,0.006626195671148374,2.3082614796850267,True,True
5457,E01__U017__TOP__MINIMUM_CERTIFIED_OUTER_GAP,x00_t10,0,10,0.7423805650363542,0.7437661474921852,0.3125,0.34375,0.0175,0.02,-1e-06,1e-06,CLOSED_REPRESENTATIVE_UNIT_MODULUS_MARGIN,reciprocal,reciprocal,1,4,,holomorphic,plus,0.3472909925888657,0.4044509772220745,0.007071610281123468,0.31870855442522095,0.3472909925888657,0.0066261957752494945,2.308261479633604,True,True
5457,E01__U017__TOP__MINIMUM_CERTIFIED_OUTER_GAP,x00_t10,0,10,0.7423805650363542,0.7437661474921852,0.3125,0.34375,0.0175,0.02,-1e-06,1e-06,CLOSED_REPRESENTATIVE_UNIT_MODULUS_MARGIN,reciprocal,reciprocal,2,4,,holomorphic,plus,0.34729095721136566,0.40445093677739435,0.007071610281123468,0.31870855442522095,0.34729095721136566,0.006626196425471356,2.3082612445006667,True,True
5457,E01__U017__TOP__MINIMUM_CERTIFIED_OUTER_GAP,x00_t10,0,10,0.7423805650363542,0.7437661474921852,0.3125,0.34375,0.0175,0.02,-1e-06,1e-06,CLOSED_REPRESENTATIVE_UNIT_MODULUS_MARGIN,reciprocal,reciprocal,3,4,,holomorphic,plus,0.3472909563925118,0.40445093761411804,0.007071610281123468,0.31870855442522095,0.3472909563925118,0.006626196321370215,2.3082612445520896,True,True
5457,E01__U017__TOP__MINIMUM_CERTIFIED_OUTER_GAP,x00_t11,0,11,0.7423805650363542,0.7437661474921852,0.34375,0.375,0.0175,0.02,-1e-06,1e-06,CLOSED_REPRESENTATIVE_UNIT_MODULUS_MARGIN,reciprocal,reciprocal,0,4,,holomorphic,plus,0.3346679003878287,0.3931874170145539,0.007335843484597179,0.3075247830263601,0.3346679003878287,0.006954882666097636,2.3082614796850267,True,True
5457,E01__U017__TOP__MINIMUM_CERTIFIED_OUTER_GAP,x00_t11,0,11,0.7423805650363542,0.7437661474921852,0.34375,0.375,0.0175,0.02,-1e-06,1e-06,CLOSED_REPRESENTATIVE_UNIT_MODULUS_MARGIN,reciprocal,reciprocal,1,4,,holomorphic,plus,0.3346679012606552,0.3931874161244133,0.007335843484597179,0.3075247830263601,0.3346679012606552,0.006954882779753974,2.308261479633604,True,True
5457,E01__U017__TOP__MINIMUM_CERTIFIED_OUTER_GAP,x00_t11,0,11,0.7423805650363542,0.7437661474921852,0.34375,0.375,0.0175,0.02,-1e-06,1e-06,CLOSED_REPRESENTATIVE_UNIT_MODULUS_MARGIN,reciprocal,reciprocal,2,4,,holomorphic,plus,0.3346678671690039,0.39318737680610166,0.007335843484597179,0.3075247830263601,0.3346678671690039,0.006954883462229162,2.3082612445006667,True,True
5457,E01__U017__TOP__MINIMUM_CERTIFIED_OUTER_GAP,x00_t11,0,11,0.7423805650363542,0.7437661474921852,0.34375,0.375,0.0175,0.02,-1e-06,1e-06,CLOSED_REPRESENTATIVE_UNIT_MODULUS_MARGIN,reciprocal,reciprocal,3,4,,holomorphic,plus,0.33466786629617734,0.39318737769624224,0.007335843484597179,0.3075247830263601,0.33466786629617734,0.006954883348572802,2.3082612445520896,True,True
5457,E01__U017__TOP__MINIMUM_CERTIFIED_OUTER_GAP,x00_t12,0,12,0.7423805650363542,0.7437661474921852,0.375,0.40625,0.0175,0.02,-1e-06,1e-06,CLOSED_REPRESENTATIVE_UNIT_MODULUS_MARGIN,reciprocal,reciprocal,0,4,,holomorphic,plus,0.321998889490885,0.3819700372156018,0.007557510949689128,0.296312005051091,0.321998889490885,0.007260849319489304,2.3082614796850267,True,True
5457,E01__U017__TOP__MINIMUM_CERTIFIED_OUTER_GAP,x00_t12,0,12,0.7423805650363542,0.7437661474921852,0.375,0.40625,0.0175,0.02,-1e-06,1e-06,CLOSED_REPRESENTATIVE_UNIT_MODULUS_MARGIN,reciprocal,reciprocal,1,4,,holomorphic,plus,0.3219988904229301,0.38197003626679604,0.007557510949689128,0.296312005051091,0.3219988904229301,0.00726084944362747,2.308261479633604,True,True
5457,E01__U017__TOP__MINIMUM_CERTIFIED_OUTER_GAP,x00_t12,0,12,0.7423805650363542,0.7437661474921852,0.375,0.40625,0.0175,0.02,-1e-06,1e-06,CLOSED_REPRESENTATIVE_UNIT_MODULUS_MARGIN,reciprocal,reciprocal,2,4,,holomorphic,plus,0.3219988576218039,0.381969998070236,0.007557510949689128,0.296312005051091,0.3219988576218039,0.007260850156126166,2.3082612445006667,True,True
5457,E01__U017__TOP__MINIMUM_CERTIFIED_OUTER_GAP,x00_t12,0,12,0.7423805650363542,0.7437661474921852,0.375,0.40625,0.0175,0.02,-1e-06,1e-06,CLOSED_REPRESENTATIVE_UNIT_MODULUS_MARGIN,reciprocal,reciprocal,3,4,,holomorphic,plus,0.3219988566897588,0.3819699990190417,0.007557510949689128,0.296312005051091,0.3219988566897588,0.007260850031987975,2.3082612445520896,True,True
5457,E01__U017__TOP__MINIMUM_CERTIFIED_OUTER_GAP,x00_t13,0,13,0.7423805650363542,0.7437661474921852,0.40625,0.4375,0.0175,0.02,-1e-06,1e-06,CLOSED_REPRESENTATIVE_UNIT_MODULUS_MARGIN,reciprocal,reciprocal,0,4,,holomorphic,plus,0.3092791564768043,0.3708052465353075,0.007729094492767499,0.2850664618060444,0.3092791564768043,0.007540070947526387,2.3082614796850267,True,True
5457,E01__U017__TOP__MINIMUM_CERTIFIED_OUTER_GAP,x00_t13,0,13,0.7423805650363542,0.7437661474921852,0.40625,0.4375,0.0175,0.02,-1e-06,1e-06,CLOSED_REPRESENTATIVE_UNIT_MODULUS_MARGIN,reciprocal,reciprocal,1,4,,holomorphic,plus,0.30927915747406676,0.3708052455218349,0.007729094492767499,0.2850664618060444,0.30927915747406676,0.007540071083282552,2.308261479633604,True,True
5457,E01__U017__TOP__MINIMUM_CERTIFIED_OUTER_GAP,x00_t13,0,13,0.7423805650363542,0.7437661474921852,0.40625,0.4375,0.0175,0.02,-1e-06,1e-06,CLOSED_REPRESENTATIVE_UNIT_MODULUS_MARGIN,reciprocal,reciprocal,2,4,,holomorphic,plus,0.3092791259686311,0.3708052084417689,0.007729094492767499,0.2850664618060444,0.3092791259686311,0.007540071823179925,2.3082612445006667,True,True
5457,E01__U017__TOP__MINIMUM_CERTIFIED_OUTER_GAP,x00_t13,0,13,0.7423805650363542,0.7437661474921852,0.40625,0.4375,0.0175,0.02,-1e-06,1e-06,CLOSED_REPRESENTATIVE_UNIT_MODULUS_MARGIN,reciprocal,reciprocal,3,4,,holomorphic,plus,0.3092791249713687,0.37080520945524154,0.007729094492767499,0.2850664618060444,0.3092791249713687,0.007540071687423733,2.3082612445520896,True,True
5457,E01__U017__TOP__MINIMUM_CERTIFIED_OUTER_GAP,x00_t14,0,14,0.7423805650363542,0.7437661474921852,0.4375,0.46875,0.0175,0.02,-1e-06,1e-06,CLOSED_REPRESENTATIVE_UNIT_MODULUS_MARGIN,reciprocal,reciprocal,0,4,,holomorphic,plus,0.29650313225809155,0.35970058899841184,0.00784224714156908,0.2737836240698794,0.29650313225809155,0.007788399305635783,2.3082614796850267,True,True
5457,E01__U017__TOP__MINIMUM_CERTIFIED_OUTER_GAP,x00_t14,0,14,0.7423805650363542,0.7437661474921852,0.4375,0.46875,0.0175,0.02,-1e-06,1e-06,CLOSED_REPRESENTATIVE_UNIT_MODULUS_MARGIN,reciprocal,reciprocal,1,4,,holomorphic,plus,0.29650313332746636,0.35970058791337317,0.00784224714156908,0.2737836240698794,0.29650313332746636,0.007788399454389674,2.308261479633604,True,True
5457,E01__U017__TOP__MINIMUM_CERTIFIED_OUTER_GAP,x00_t14,0,14,0.7423805650363542,0.7437661474921852,0.4375,0.46875,0.0175,0.02,-1e-06,1e-06,CLOSED_REPRESENTATIVE_UNIT_MODULUS_MARGIN,reciprocal,reciprocal,2,4,,holomorphic,plus,0.2965031031234538,0.3597005519437895,0.00784224714156908,0.2737836240698794,0.2965031031234538,0.007788400218653748,2.3082612445006667,True,True
5457,E01__U017__TOP__MINIMUM_CERTIFIED_OUTER_GAP,x00_t14,0,14,0.7423805650363542,0.7437661474921852,0.4375,0.46875,0.0175,0.02,-1e-06,1e-06,CLOSED_REPRESENTATIVE_UNIT_MODULUS_MARGIN,reciprocal,reciprocal,3,4,,holomorphic,plus,0.296503102054079,0.3597005530288282,0.00784224714156908,0.2737836240698794,0.296503102054079,0.007788400069899826,2.3082612445520896,True,True
5457,E01__U017__TOP__MINIMUM_CERTIFIED_OUTER_GAP,x00_t15,0,15,0.7423805650363542,0.7437661474921852,0.46875,0.5,0.0175,0.02,-1e-06,1e-06,CLOSED_REPRESENTATIVE_UNIT_MODULUS_MARGIN,reciprocal,reciprocal,0,4,,holomorphic,plus,0.2836643137131914,0.3486650009178346,0.007887474181326489,0.262457983225978,0.2836643137131914,0.00800141896173976,2.3082614796850267,True,True
5457,E01__U017__TOP__MINIMUM_CERTIFIED_OUTER_GAP,x00_t15,0,15,0.7423805650363542,0.7437661474921852,0.46875,0.5,0.0175,0.02,-1e-06,1e-06,CLOSED_REPRESENTATIVE_UNIT_MODULUS_MARGIN,reciprocal,reciprocal,1,4,,holomorphic,plus,0.2836643148626485,0.34866499975325477,0.007887474181326489,0.262457983225978,0.2836643148626485,0.008001419125161276,2.308261479633604,True,True
5457,E01__U017__TOP__MINIMUM_CERTIFIED_OUTER_GAP,x00_t15,0,15,0.7423805650363542,0.7437661474921852,0.46875,0.5,0.0175,0.02,-1e-06,1e-06,CLOSED_REPRESENTATIVE_UNIT_MODULUS_MARGIN,reciprocal,reciprocal,2,4,,holomorphic,plus,0.2836642859664537,0.3486649648872483,0.007887474181326489,0.262457983225978,0.2836642859664537,0.008001419910326699,2.3082612445006667,True,True
5457,E01__U017__TOP__MINIMUM_CERTIFIED_OUTER_GAP,x00_t15,0,15,0.7423805650363542,0.7437661474921852,0.46875,0.5,0.0175,0.02,-1e-06,1e-06,CLOSED_REPRESENTATIVE_UNIT_MODULUS_MARGIN,reciprocal,reciprocal,3,4,,holomorphic,plus,0.2836642848169966,0.3486649660518281,0.007887474181326489,0.262457983225978,0.2836642848169966,0.00800141974690515,2.3082612445520896,True,True
5457,E01__U017__TOP__MINIMUM_CERTIFIED_OUTER_GAP,x00_t16,0,16,0.7423805650363542,0.7437661474921852,0.5,0.53125,0.0175,0.02,-1e-06,1e-06,CLOSED_REPRESENTATIVE_UNIT_MODULUS_MARGIN,reciprocal,reciprocal,0,4,,holomorphic,plus,0.27075504883054485,0.33770913895486976,0.007853792289516135,0.2510827731150367,0.27075504883054485,0.00817431091557587,2.3082614796850267,True,True
5457,E01__U017__TOP__MINIMUM_CERTIFIED_OUTER_GAP,x00_t16,0,16,0.7423805650363542,0.7437661474921852,0.5,0.53125,0.0175,0.02,-1e-06,1e-06,CLOSED_REPRESENTATIVE_UNIT_MODULUS_MARGIN,reciprocal,reciprocal,1,4,,holomorphic,plus,0.27075505006935185,0.33770913770147437,0.007853792289516135,0.2510827731150367,0.27075505006935185,0.008174311095687068,2.308261479633604,True,True
5457,E01__U017__TOP__MINIMUM_CERTIFIED_OUTER_GAP,x00_t16,0,16,0.7423805650363542,0.7437661474921852,0.5,0.53125,0.0175,0.02,-1e-06,1e-06,CLOSED_REPRESENTATIVE_UNIT_MODULUS_MARGIN,reciprocal,reciprocal,2,4,,holomorphic,plus,0.2707550224881488,0.33770910393107473,0.007853792289516135,0.2510827731150367,0.2707550224881488,0.008174311897815496,2.3082612445006667,True,True
5457,E01__U017__TOP__MINIMUM_CERTIFIED_OUTER_GAP,x00_t16,0,16,0.7423805650363542,0.7437661474921852,0.5,0.53125,0.0175,0.02,-1e-06,1e-06,CLOSED_REPRESENTATIVE_UNIT_MODULUS_MARGIN,reciprocal,reciprocal,3,4,,holomorphic,plus,0.2707550212493418,0.3377091051844701,0.007853792289516135,0.2510827731150367,0.2707550212493418,0.008174311717704262,2.3082612445520896,True,True
5457,E01__U017__TOP__MINIMUM_CERTIFIED_OUTER_GAP,x00_t17,0,17,0.7423805650363542,0.7437661474921852,0.53125,0.5625,0.0175,0.02,-1e-06,1e-06,CLOSED_REPRESENTATIVE_UNIT_MODULUS_MARGIN,reciprocal,reciprocal,0,4,,holomorphic,plus,0.25776625788594937,0.3268458047675389,0.0077283793996952505,0.23964959554674062,0.25776625788594937,0.008301718344536396,2.3082614796850267,True,True
5457,E01__U017__TOP__MINIMUM_CERTIFIED_OUTER_GAP,x00_t17,0,17,0.7423805650363542,0.7437661474921852,0.53125,0.5625,0.0175,0.02,-1e-06,1e-06,CLOSED_REPRESENTATIVE_UNIT_MODULUS_MARGIN,reciprocal,reciprocal,1,4,,holomorphic,plus,0.2577662592249525,0.3268458034144728,0.0077283793996952505,0.23964959554674062,0.2577662592249525,0.008301718543792634,2.308261479633604,True,True
5457,E01__U017__TOP__MINIMUM_CERTIFIED_OUTER_GAP,x00_t17,0,17,0.7423805650363542,0.7437661474921852,0.53125,0.5625,0.0175,0.02,-1e-06,1e-06,CLOSED_REPRESENTATIVE_UNIT_MODULUS_MARGIN,reciprocal,reciprocal,2,4,,holomorphic,plus,0.25776623296683965,0.3268457707304296,0.0077283793996952505,0.23964959554674062,0.25776623296683965,0.008301719358419937,2.3082612445006667,True,True
5457,E01__U017__TOP__MINIMUM_CERTIFIED_OUTER_GAP,x00_t17,0,17,0.7423805650363542,0.7437661474921852,0.53125,0.5625,0.0175,0.02,-1e-06,1e-06,CLOSED_REPRESENTATIVE_UNIT_MODULUS_MARGIN,reciprocal,reciprocal,3,4,,holomorphic,plus,0.2577662316278365,0.3268457720834957,0.0077283793996952505,0.23964959554674062,0.2577662316278365,0.008301719159163659,2.3082612445520896,True,True
5457,E01__U017__TOP__MINIMUM_CERTIFIED_OUTER_GAP,x00_t18,0,18,0.7423805650363542,0.7437661474921852,0.5625,0.59375,0.0175,0.02,-1e-06,1e-06,CLOSED_REPRESENTATIVE_UNIT_MODULUS_MARGIN,reciprocal,reciprocal,0,4,,holomorphic,plus,0.2446870668633721,0.3160905010645912,0.007496280200318903,0.22814791027443335,0.2446870668633721,0.008377615260547264,2.3082614796850267,True,True
5457,E01__U017__TOP__MINIMUM_CERTIFIED_OUTER_GAP,x00_t18,0,18,0.7423805650363542,0.7437661474921852,0.5625,0.59375,0.0175,0.02,-1e-06,1e-06,CLOSED_REPRESENTATIVE_UNIT_MODULUS_MARGIN,reciprocal,reciprocal,1,4,,holomorphic,plus,0.2446870683153538,0.31609049959906055,0.007496280200318903,0.22814791027443335,0.2446870683153538,0.008377615481942284,2.308261479633604,True,True
5457,E01__U017__TOP__MINIMUM_CERTIFIED_OUTER_GAP,x00_t18,0,18,0.7423805650363542,0.7437661474921852,0.5625,0.59375,0.0175,0.02,-1e-06,1e-06,CLOSED_REPRESENTATIVE_UNIT_MODULUS_MARGIN,reciprocal,reciprocal,2,4,,holomorphic,plus,0.24468704338953676,0.3160904679905737,0.007496280200318903,0.22814791027443335,0.24468704338953676,0.008377616304012847,2.3082612445006667,True,True
5457,E01__U017__TOP__MINIMUM_CERTIFIED_OUTER_GAP,x00_t18,0,18,0.7423805650363542,0.7437661474921852,0.5625,0.59375,0.0175,0.02,-1e-06,1e-06,CLOSED_REPRESENTATIVE_UNIT_MODULUS_MARGIN,reciprocal,reciprocal,3,4,,holomorphic,plus,0.24468704193755508,0.31609046945610436,0.007496280200318903,0.22814791027443335,0.24468704193755508,0.008377616082617782,2.3082612445520896,True,True
5457,E01__U017__TOP__MINIMUM_CERTIFIED_OUTER_GAP,x00_t19,0,19,0.7423805650363542,0.7437661474921852,0.59375,0.625,0.0175,0.02,-1e-06,1e-06,CLOSED_REPRESENTATIVE_UNIT_MODULUS_MARGIN,reciprocal,reciprocal,0,4,,holomorphic,plus,0.2315043185752793,0.3054621689688197,0.0071403750024837355,0.21656433198975858,0.2315043185752793,0.008395189398651325,2.3082614796850267,True,True
5457,E01__U017__TOP__MINIMUM_CERTIFIED_OUTER_GAP,x00_t19,0,19,0.7423805650363542,0.7437661474921852,0.59375,0.625,0.0175,0.02,-1e-06,1e-06,CLOSED_REPRESENTATIVE_UNIT_MODULUS_MARGIN,reciprocal,reciprocal,1,4,,holomorphic,plus,0.23150432015541725,0.30546216737563253,0.0071403750024837355,0.21656433198975858,0.23150432015541725,0.00839518964585144,2.308261479633604,True,True
5457,E01__U017__TOP__MINIMUM_CERTIFIED_OUTER_GAP,x00_t19,0,19,0.7423805650363542,0.7437661474921852,0.59375,0.625,0.0175,0.02,-1e-06,1e-06,CLOSED_REPRESENTATIVE_UNIT_MODULUS_MARGIN,reciprocal,reciprocal,2,4,,holomorphic,plus,0.23150429657244145,0.3054621368300084,0.0071403750024837355,0.21656433198975858,0.23150429657244145,0.008395190469640977,2.3082612445006667,True,True
5457,E01__U017__TOP__MINIMUM_CERTIFIED_OUTER_GAP,x00_t19,0,19,0.7423805650363542,0.7437661474921852,0.59375,0.625,0.0175,0.02,-1e-06,1e-06,CLOSED_REPRESENTATIVE_UNIT_MODULUS_MARGIN,reciprocal,reciprocal,3,4,,holomorphic,plus,0.23150429499230352,0.30546213842319564,0.0071403750024837355,0.21656433198975858,0.23150429499230352,0.008395190222440813,2.3082612445520896,True,True
5457,E01__U017__TOP__MINIMUM_CERTIFIED_OUTER_GAP,x00_t20,0,20,0.7423805650363542,0.7437661474921852,0.625,0.65625,0.0175,0.02,-1e-06,1e-06,CLOSED_REPRESENTATIVE_UNIT_MODULUS_MARGIN,reciprocal,reciprocal,0,4,,holomorphic,plus,0.2182019104239576,0.2949841793919671,0.006640065022228941,0.2048816491649479,0.2182019104239576,0.008346771925652014,2.3082614796850267,True,True
5457,E01__U017__TOP__MINIMUM_CERTIFIED_OUTER_GAP,x00_t20,0,20,0.7423805650363542,0.7437661474921852,0.625,0.65625,0.0175,0.02,-1e-06,1e-06,CLOSED_REPRESENTATIVE_UNIT_MODULUS_MARGIN,reciprocal,reciprocal,1,4,,holomorphic,plus,0.21820191215041992,0.29498417765293744,0.006640065022228941,0.2048816491649479,0.21820191215041992,0.008346772203162869,2.308261479633604,True,True
5457,E01__U017__TOP__MINIMUM_CERTIFIED_OUTER_GAP,x00_t20,0,20,0.7423805650363542,0.7437661474921852,0.625,0.65625,0.0175,0.02,-1e-06,1e-06,CLOSED_REPRESENTATIVE_UNIT_MODULUS_MARGIN,reciprocal,reciprocal,2,4,,holomorphic,plus,0.21820188992247036,0.29498414815514595,0.006640065022228941,0.2048816491649479,0.21820188992247036,0.008346773022194326,2.3082612445006667,True,True
5457,E01__U017__TOP__MINIMUM_CERTIFIED_OUTER_GAP,x00_t20,0,20,0.7423805650363542,0.7437661474921852,0.625,0.65625,0.0175,0.02,-1e-06,1e-06,CLOSED_REPRESENTATIVE_UNIT_MODULUS_MARGIN,reciprocal,reciprocal,3,4,,holomorphic,plus,0.21820188819600803,0.2949841498941756,0.006640065022228941,0.2048816491649479,0.21820188819600803,0.008346772744683416,2.3082612445520896,True,True
5457,E01__U017__TOP__MINIMUM_CERTIFIED_OUTER_GAP,x00_t21,0,21,0.7423805650363542,0.7437661474921852,0.65625,0.6875,0.0175,0.02,-1e-06,1e-06,CLOSED_REPRESENTATIVE_UNIT_MODULUS_MARGIN,reciprocal,reciprocal,0,4,,holomorphic,plus,0.20475988190978797,0.28468568618841217,0.00594857115768016,0.19307743702918173,0.20475988190978797,0.00822389671328333,2.3082614796850267,True,True
5457,E01__U017__TOP__MINIMUM_CERTIFIED_OUTER_GAP,x00_t21,0,21,0.7423805650363542,0.7437661474921852,0.65625,0.6875,0.0175,0.02,-1e-06,1e-06,CLOSED_REPRESENTATIVE_UNIT_MODULUS_MARGIN,reciprocal,reciprocal,1,4,,holomorphic,plus,0.20475988380451352,0.2846856842815808,0.00594857115768016,0.19307743702918173,0.20475988380451352,0.00822389702664415,2.308261479633604,True,True
5457,E01__U017__TOP__MINIMUM_CERTIFIED_OUTER_GAP,x00_t21,0,21,0.7423805650363542,0.7437661474921852,0.65625,0.6875,0.0175,0.02,-1e-06,1e-06,CLOSED_REPRESENTATIVE_UNIT_MODULUS_MARGIN,reciprocal,reciprocal,2,4,,holomorphic,plus,0.20475986294580759,0.2846856558136774,0.00594857115768016,0.19307743702918173,0.20475986294580759,0.008223897833609417,2.3082612445006667,True,True
5457,E01__U017__TOP__MINIMUM_CERTIFIED_OUTER_GAP,x00_t21,0,21,0.7423805650363542,0.7437661474921852,0.65625,0.6875,0.0175,0.02,-1e-06,1e-06,CLOSED_REPRESENTATIVE_UNIT_MODULUS_MARGIN,reciprocal,reciprocal,3,4,,holomorphic,plus,0.20475986105108207,0.2846856577205087,0.00594857115768016,0.19307743702918173,0.20475986105108207,0.008223897520248534,2.3082612445520896,True,True
5457,E01__U017__TOP__MINIMUM_CERTIFIED_OUTER_GAP,x00_t22,0,22,0.7423805650363542,0.7437661474921852,0.6875,0.71875,0.0175,0.02,-1e-06,1e-06,CLOSED_REPRESENTATIVE_UNIT_MODULUS_MARGIN,reciprocal,reciprocal,0,4,,holomorphic,plus,0.19115313381494964,0.2746035037605876,0.00501664382363068,0.18112207122136292,0.19115313381494964,0.008012165538543382,2.3082614796850267,True,True
5457,E01__U017__TOP__MINIMUM_CERTIFIED_OUTER_GAP,x00_t22,0,22,0.7423805650363542,0.7437661474921852,0.6875,0.71875,0.0175,0.02,-1e-06,1e-06,CLOSED_REPRESENTATIVE_UNIT_MODULUS_MARGIN,reciprocal,reciprocal,1,4,,holomorphic,plus,0.19115313590468092,0.27460350165919084,0.00501664382363068,0.18112207122136292,0.19115313590468092,0.008012165864732511,2.308261479633604,True,True
5457,E01__U017__TOP__MINIMUM_CERTIFIED_OUTER_GAP,x00_t22,0,22,0.7423805650363542,0.7437661474921852,0.6875,0.71875,0.0175,0.02,-1e-06,1e-06,CLOSED_REPRESENTATIVE_UNIT_MODULUS_MARGIN,reciprocal,reciprocal,2,4,,holomorphic,plus,0.1911531164319917,0.2746034741995505,0.00501664382363068,0.18112207122136292,0.1911531164319917,0.008012166650916738,2.3082612445006667,True,True
5457,E01__U017__TOP__MINIMUM_CERTIFIED_OUTER_GAP,x00_t22,0,22,0.7423805650363542,0.7437661474921852,0.6875,0.71875,0.0175,0.02,-1e-06,1e-06,CLOSED_REPRESENTATIVE_UNIT_MODULUS_MARGIN,reciprocal,reciprocal,3,4,,holomorphic,plus,0.19115311434226043,0.2746034763009472,0.00501664382363068,0.18112207122136292,0.19115311434226043,0.008012166324727543,2.3082612445520896,True,True
5457,E01__U017__TOP__MINIMUM_CERTIFIED_OUTER_GAP,x00_t23,0,23,0.7423805650363542,0.7437661474921852,0.71875,0.75,0.0175,0.02,-1e-06,1e-06,CLOSED_REPRESENTATIVE_UNIT_MODULUS_MARGIN,reciprocal,reciprocal,0,4,,holomorphic,plus,0.17734959417047808,0.2647847592881991,0.0037854909019916718,0.1689758467279102,0.17734959417047808,0.007684540735237124,2.3082614796850267,True,True
5457,E01__U017__TOP__MINIMUM_CERTIFIED_OUTER_GAP,x00_t23,0,23,0.7423805650363542,0.7437661474921852,0.71875,0.75,0.0175,0.02,-1e-06,1e-06,CLOSED_REPRESENTATIVE_UNIT_MODULUS_MARGIN,reciprocal,reciprocal,1,4,,holomorphic,plus,0.1773495964881447,0.264784756959292,0.0037854909019916718,0.1689758467279102,0.1773495964881447,0.007684541069826392,2.308261479633604,True,True
5457,E01__U017__TOP__MINIMUM_CERTIFIED_OUTER_GAP,x00_t23,0,23,0.7423805650363542,0.7437661474921852,0.71875,0.75,0.0175,0.02,-1e-06,1e-06,CLOSED_REPRESENTATIVE_UNIT_MODULUS_MARGIN,reciprocal,reciprocal,2,4,,holomorphic,plus,0.1773495784215108,0.2647847304815785,0.0037854909019916718,0.1689758467279102,0.1773495784215108,0.00768454182385729,2.3082612445006667,True,True
5457,E01__U017__TOP__MINIMUM_CERTIFIED_OUTER_GAP,x00_t23,0,23,0.7423805650363542,0.7437661474921852,0.71875,0.75,0.0175,0.02,-1e-06,1e-06,CLOSED_REPRESENTATIVE_UNIT_MODULUS_MARGIN,reciprocal,reciprocal,3,4,,holomorphic,plus,0.1773495761038442,0.2647847328104856,0.0037854909019916718,0.1689758467279102,0.1773495761038442,0.007684541489267955,2.3082612445520896,True,True
5457,E01__U017__TOP__MINIMUM_CERTIFIED_OUTER_GAP,x00_t24,0,24,0.7423805650363542,0.7437661474921852,0.75,0.78125,0.0175,0.02,-1e-06,1e-06,CLOSED_REPRESENTATIVE_UNIT_MODULUS_MARGIN,reciprocal,reciprocal,0,4,,holomorphic,plus,0.16330753593019956,0.2552907114548607,0.0021766207510835298,0.15658474935858321,0.16330753593019956,0.0072183262856740605,2.3082614796850267,True,True
5457,E01__U017__TOP__MINIMUM_CERTIFIED_OUTER_GAP,x00_t24,0,24,0.7423805650363542,0.7437661474921852,0.75,0.78125,0.0175,0.02,-1e-06,1e-06,CLOSED_REPRESENTATIVE_UNIT_MODULUS_MARGIN,reciprocal,reciprocal,1,4,,holomorphic,plus,0.1633075385167895,0.25529070885746113,0.0021766207510835298,0.15658474935858321,0.1633075385167895,0.007218326633329335,2.308261479633604,True,True
5457,E01__U017__TOP__MINIMUM_CERTIFIED_OUTER_GAP,x00_t24,0,24,0.7423805650363542,0.7437661474921852,0.75,0.78125,0.0175,0.02,-1e-06,1e-06,CLOSED_REPRESENTATIVE_UNIT_MODULUS_MARGIN,reciprocal,reciprocal,2,4,,holomorphic,plus,0.1633075218804983,0.25529068332921423,0.0021766207510835298,0.15658474935858321,0.1633075218804983,0.007218327341605336,2.3082612445006667,True,True
5457,E01__U017__TOP__MINIMUM_CERTIFIED_OUTER_GAP,x00_t24,0,24,0.7423805650363542,0.7437661474921852,0.75,0.78125,0.0175,0.02,-1e-06,1e-06,CLOSED_REPRESENTATIVE_UNIT_MODULUS_MARGIN,reciprocal,reciprocal,3,4,,holomorphic,plus,0.16330751929390833,0.2552906859266138,0.0021766207510835298,0.15658474935858321,0.16330751929390833,0.0072183269939499915,2.3082612445520896,True,True
5457,E01__U017__TOP__MINIMUM_CERTIFIED_OUTER_GAP,x00_t25,0,25,0.7423805650363542,0.7437661474921852,0.78125,0.8125,0.0175,0.02,-1e-06,1e-06,CLOSED_REPRESENTATIVE_UNIT_MODULUS_MARGIN,reciprocal,reciprocal,0,4,,holomorphic,plus,0.14897156742795253,0.24620235989335115,8.387942321566508e-05,0.14387418879902994,0.14897156742795253,0.006584269949849277,2.3082614796850267,True,True
5457,E01__U017__TOP__MINIMUM_CERTIFIED_OUTER_GAP,x00_t25,0,25,0.7423805650363542,0.7437661474921852,0.78125,0.8125,0.0175,0.02,-1e-06,1e-06,CLOSED_REPRESENTATIVE_UNIT_MODULUS_MARGIN,reciprocal,reciprocal,1,4,,holomorphic,plus,0.14897157033506814,0.24620235697591977,8.387942321566508e-05,0.14387418879902994,0.14897157033506814,0.006584270317068397,2.308261479633604,True,True
5457,E01__U017__TOP__MINIMUM_CERTIFIED_OUTER_GAP,x00_t25,0,25,0.7423805650363542,0.7437661474921852,0.78125,0.8125,0.0175,0.02,-1e-06,1e-06,CLOSED_REPRESENTATIVE_UNIT_MODULUS_MARGIN,reciprocal,reciprocal,2,4,,holomorphic,plus,0.14897155515904695,0.24620233235658162,8.387942321566508e-05,0.14387418879902994,0.14897155515904695,0.006584270963116822,2.3082612445006667,True,True
5457,E01__U017__TOP__MINIMUM_CERTIFIED_OUTER_GAP,x00_t25,0,25,0.7423805650363542,0.7437661474921852,0.78125,0.8125,0.0175,0.02,-1e-06,1e-06,CLOSED_REPRESENTATIVE_UNIT_MODULUS_MARGIN,reciprocal,reciprocal,3,4,,holomorphic,plus,0.14897155225193134,0.246202335274013,8.387942321566508e-05,0.14387418879902994,0.14897155225193134,0.006584270595897628,2.3082612445520896,True,True
5457,E01__U017__TOP__MINIMUM_CERTIFIED_OUTER_GAP,x00_t26,0,26,0.7423805650363542,0.7437661474921852,0.8125,0.84375,0.0175,0.02,-1e-06,1e-06,CLOSED_REPRESENTATIVE_UNIT_MODULUS_MARGIN,reciprocal,reciprocal,0,4,,holomorphic,plus,0.13425829863487868,0.23763721104756927,0.0,0.13072854539543582,0.13425829863487868,0.005740855165557205,2.3082614796850267,True,True
5457,E01__U017__TOP__MINIMUM_CERTIFIED_OUTER_GAP,x00_t26,0,26,0.7423805650363542,0.7437661474921852,0.8125,0.84375,0.0175,0.02,-1e-06,1e-06,CLOSED_REPRESENTATIVE_UNIT_MODULUS_MARGIN,reciprocal,reciprocal,1,4,,holomorphic,plus,0.13425830193040164,0.2376372077425453,0.0,0.13072854539543582,0.13425830193040164,0.005740855562871601,2.308261479633604,True,True
5457,E01__U017__TOP__MINIMUM_CERTIFIED_OUTER_GAP,x00_t26,0,26,0.7423805650363542,0.7437661474921852,0.8125,0.84375,0.0175,0.02,-1e-06,1e-06,CLOSED_REPRESENTATIVE_UNIT_MODULUS_MARGIN,reciprocal,reciprocal,2,4,,holomorphic,plus,0.13425828825306865,0.23763718397981107,0.0,0.13072854539543582,0.13425828825306865,0.00574085612614455,2.3082612445006667,True,True
5457,E01__U017__TOP__MINIMUM_CERTIFIED_OUTER_GAP,x00_t26,0,26,0.7423805650363542,0.7437661474921852,0.8125,0.84375,0.0175,0.02,-1e-06,1e-06,CLOSED_REPRESENTATIVE_UNIT_MODULUS_MARGIN,reciprocal,reciprocal,3,4,,holomorphic,plus,0.1342582849575457,0.23763718728483504,0.0,0.13072854539543582,0.1342582849575457,0.005740855728830073,2.3082612445520896,True,True
5457,E01__U017__TOP__MINIMUM_CERTIFIED_OUTER_GAP,x00_t27,0,27,0.7423805650363542,0.7437661474921852,0.84375,0.875,0.0175,0.02,-1e-06,1e-06,CLOSED_REPRESENTATIVE_UNIT_MODULUS_MARGIN,reciprocal,reciprocal,0,4,,holomorphic,plus,0.11865183209011021,0.2301646150183302,0.0,0.11699562502143157,0.11865183209011021,0.004633098986676151,2.3082614796850267,True,True
5457,E01__U017__TOP__MINIMUM_CERTIFIED_OUTER_GAP,x00_t27,0,27,0.7423805650363542,0.7437661474921852,0.84375,0.875,0.0175,0.02,-1e-06,1e-06,CLOSED_REPRESENTATIVE_UNIT_MODULUS_MARGIN,reciprocal,reciprocal,1,4,,holomorphic,plus,0.11865183585940191,0.23016461123788648,0.0,0.11699562502143157,0.11865183585940191,0.00463309943031259,2.308261479633604,True,True
5457,E01__U017__TOP__MINIMUM_CERTIFIED_OUTER_GAP,x00_t27,0,27,0.7423805650363542,0.7437661474921852,0.84375,0.875,0.0175,0.02,-1e-06,1e-06,CLOSED_REPRESENTATIVE_UNIT_MODULUS_MARGIN,reciprocal,reciprocal,2,4,,holomorphic,plus,0.11865182377172363,0.2301645882225211,0.0,0.11699562502143157,0.11865182377172363,0.004633099884865007,2.3082612445006667,True,True
5457,E01__U017__TOP__MINIMUM_CERTIFIED_OUTER_GAP,x00_t27,0,27,0.7423805650363542,0.7437661474921852,0.84375,0.875,0.0175,0.02,-1e-06,1e-06,CLOSED_REPRESENTATIVE_UNIT_MODULUS_MARGIN,reciprocal,reciprocal,3,4,,holomorphic,plus,0.11865182000243193,0.23016459200296477,0.0,0.11699562502143157,0.11865182000243193,0.004633099441228479,2.3082612445520896,True,True
5457,E01__U017__TOP__MINIMUM_CERTIFIED_OUTER_GAP,x00_t28,0,28,0.7423805650363542,0.7437661474921852,0.875,0.90625,0.0175,0.02,-1e-06,1e-06,CLOSED_REPRESENTATIVE_UNIT_MODULUS_MARGIN,reciprocal,reciprocal,0,4,,minus,minus,0.10245493272236206,0.18814661216259615,0.0,0.10245493272236206,0.10226095406047338,0.0031580950034149993,2.3082614796850267,True,True
5457,E01__U017__TOP__MINIMUM_CERTIFIED_OUTER_GAP,x00_t28,0,28,0.7423805650363542,0.7437661474921852,0.875,0.90625,0.0175,0.02,-1e-06,1e-06,CLOSED_REPRESENTATIVE_UNIT_MODULUS_MARGIN,reciprocal,reciprocal,1,4,,minus,minus,0.10245493272236206,0.18814661216259615,0.0,0.10245493272236206,0.10226095841446278,0.003158095529863448,2.308261479633604,True,True
5457,E01__U017__TOP__MINIMUM_CERTIFIED_OUTER_GAP,x00_t28,0,28,0.7423805650363542,0.7437661474921852,0.875,0.90625,0.0175,0.02,-1e-06,1e-06,CLOSED_REPRESENTATIVE_UNIT_MODULUS_MARGIN,reciprocal,reciprocal,2,4,,minus,minus,0.10245493272236206,0.18814661216259615,0.0,0.10245493272236206,0.10226094799631823,0.0031580958396464826,2.3082612445006667,True,True
5457,E01__U017__TOP__MINIMUM_CERTIFIED_OUTER_GAP,x00_t28,0,28,0.7423805650363542,0.7437661474921852,0.875,0.90625,0.0175,0.02,-1e-06,1e-06,CLOSED_REPRESENTATIVE_UNIT_MODULUS_MARGIN,reciprocal,reciprocal,3,4,,minus,minus,0.10245493272236206,0.18814661216259615,0.0,0.10245493272236206,0.10226094364232881,0.0031580953131979286,2.3082612445520896,True,True
5457,E01__U017__TOP__MINIMUM_CERTIFIED_OUTER_GAP,x00_t29,0,29,0.7423805650363542,0.7437661474921852,0.90625,0.9375,0.0175,0.02,-1e-06,1e-06,CLOSED_REPRESENTATIVE_UNIT_MODULUS_MARGIN,reciprocal,reciprocal,0,4,,minus,minus,0.08678286036070983,0.18362899582314457,0.0,0.08678286036070983,0.08483438151392467,0.001229907567932157,2.3082614796850267,True,True
5457,E01__U017__TOP__MINIMUM_CERTIFIED_OUTER_GAP,x00_t29,0,29,0.7423805650363542,0.7437661474921852,0.90625,0.9375,0.0175,0.02,-1e-06,1e-06,CLOSED_REPRESENTATIVE_UNIT_MODULUS_MARGIN,reciprocal,reciprocal,1,4,,minus,minus,0.08678286036070983,0.18362899582314457,0.0,0.08678286036070983,0.08483438659406506,0.0012299082156451155,2.308261479633604,True,True
5457,E01__U017__TOP__MINIMUM_CERTIFIED_OUTER_GAP,x00_t29,0,29,0.7423805650363542,0.7437661474921852,0.90625,0.9375,0.0175,0.02,-1e-06,1e-06,CLOSED_REPRESENTATIVE_UNIT_MODULUS_MARGIN,reciprocal,reciprocal,2,4,,minus,minus,0.08678286036070983,0.18362899582314457,0.0,0.08678286036070983,0.08483437795092343,0.0012299083361761952,2.3082612445006667,True,True
5457,E01__U017__TOP__MINIMUM_CERTIFIED_OUTER_GAP,x00_t29,0,29,0.7423805650363542,0.7437661474921852,0.90625,0.9375,0.0175,0.02,-1e-06,1e-06,CLOSED_REPRESENTATIVE_UNIT_MODULUS_MARGIN,reciprocal,reciprocal,3,4,,minus,minus,0.08678286036070983,0.18362899582314457,0.0,0.08678286036070983,0.08483437287078303,0.0012299076884631072,2.3082612445520896,True,True
5457,E01__U017__TOP__MINIMUM_CERTIFIED_OUTER_GAP,x00_t30,0,30,0.7423805650363542,0.7437661474921852,0.9375,0.96875,0.0175,0.02,-1e-06,1e-06,CLOSED_REPRESENTATIVE_UNIT_MODULUS_MARGIN,reciprocal,reciprocal,0,4,,minus,minus,0.06949747171262159,0.1811448776262525,0.0,0.06949747171262159,0.06596764875040935,0.0,2.3082614796850267,True,True
5457,E01__U017__TOP__MINIMUM_CERTIFIED_OUTER_GAP,x00_t30,0,30,0.7423805650363542,0.7437661474921852,0.9375,0.96875,0.0175,0.02,-1e-06,1e-06,CLOSED_REPRESENTATIVE_UNIT_MODULUS_MARGIN,reciprocal,reciprocal,1,4,,minus,minus,0.06949747171262159,0.1811448776262525,0.0,0.06949747171262159,0.06596765473094764,0.0,2.308261479633604,True,True
5457,E01__U017__TOP__MINIMUM_CERTIFIED_OUTER_GAP,x00_t30,0,30,0.7423805650363542,0.7437661474921852,0.9375,0.96875,0.0175,0.02,-1e-06,1e-06,CLOSED_REPRESENTATIVE_UNIT_MODULUS_MARGIN,reciprocal,reciprocal,2,4,,minus,minus,0.06949747171262159,0.1811448776262525,0.0,0.06949747171262159,0.06596764800947227,0.0,2.3082612445006667,True,True
5457,E01__U017__TOP__MINIMUM_CERTIFIED_OUTER_GAP,x00_t30,0,30,0.7423805650363542,0.7437661474921852,0.9375,0.96875,0.0175,0.02,-1e-06,1e-06,CLOSED_REPRESENTATIVE_UNIT_MODULUS_MARGIN,reciprocal,reciprocal,3,4,,minus,minus,0.06949747171262159,0.1811448776262525,0.0,0.06949747171262159,0.06596764202893399,0.0,2.3082612445520896,True,True
5457,E01__U017__TOP__MINIMUM_CERTIFIED_OUTER_GAP,x00_t31,0,31,0.7423805650363542,0.7437661474921852,0.96875,1.0,0.0175,0.02,-1e-06,1e-06,CLOSED_REPRESENTATIVE_UNIT_MODULUS_MARGIN,reciprocal,reciprocal,0,4,,minus,minus,0.049979547582998024,0.18153825984656335,0.0,0.049979547582998024,0.04510256445126356,0.0,2.3082614796850267,True,True
5457,E01__U017__TOP__MINIMUM_CERTIFIED_OUTER_GAP,x00_t31,0,31,0.7423805650363542,0.7437661474921852,0.96875,1.0,0.0175,0.02,-1e-06,1e-06,CLOSED_REPRESENTATIVE_UNIT_MODULUS_MARGIN,reciprocal,reciprocal,1,4,,minus,minus,0.049979547582998024,0.18153825984656335,0.0,0.049979547582998024,0.045102571485376726,0.0,2.308261479633604,True,True
5457,E01__U017__TOP__MINIMUM_CERTIFIED_OUTER_GAP,x00_t31,0,31,0.7423805650363542,0.7437661474921852,0.96875,1.0,0.0175,0.02,-1e-06,1e-06,CLOSED_REPRESENTATIVE_UNIT_MODULUS_MARGIN,reciprocal,reciprocal,2,4,,minus,minus,0.049979547582998024,0.18153825984656335,0.0,0.049979547582998024,0.04510256688909872,0.0,2.3082612445006667,True,True
5457,E01__U017__TOP__MINIMUM_CERTIFIED_OUTER_GAP,x00_t31,0,31,0.7423805650363542,0.7437661474921852,0.96875,1.0,0.0175,0.02,-1e-06,1e-06,CLOSED_REPRESENTATIVE_UNIT_MODULUS_MARGIN,reciprocal,reciprocal,3,4,,minus,minus,0.049979547582998024,0.18153825984656335,0.0,0.049979547582998024,0.045102559854985555,0.0,2.3082612445520896,True,True
5457,E01__U017__TOP__MINIMUM_CERTIFIED_OUTER_GAP,x01_t00,1,0,0.7437661474921852,0.745151729948016,0.0,0.03125,0.0175,0.02,-1e-06,1e-06,CLOSED_REPRESENTATIVE_UNIT_MODULUS_MARGIN,reciprocal,reciprocal,0,4,,holomorphic,plus,0.47139541070886015,0.5185846002643208,0.003676358393789853,0.42922118795626757,0.47139541070886015,0.0032678891547193644,2.3153118178131002,True,True
5457,E01__U017__TOP__MINIMUM_CERTIFIED_OUTER_GAP,x01_t00,1,0,0.7437661474921852,0.745151729948016,0.0,0.03125,0.0175,0.02,-1e-06,1e-06,CLOSED_REPRESENTATIVE_UNIT_MODULUS_MARGIN,reciprocal,reciprocal,1,4,,holomorphic,plus,0.47139541117480627,0.518584599774906,0.003676358393789853,0.42922118795626757,0.47139541117480627,0.003267889167522691,2.315311817761515,True,True
5457,E01__U017__TOP__MINIMUM_CERTIFIED_OUTER_GAP,x01_t00,1,0,0.7437661474921852,0.745151729948016,0.0,0.03125,0.0175,0.02,-1e-06,1e-06,CLOSED_REPRESENTATIVE_UNIT_MODULUS_MARGIN,reciprocal,reciprocal,2,4,,holomorphic,plus,0.47139536315046204,0.5185845479167831,0.003676358393789853,0.42922118795626757,0.47139536315046204,0.0032678894881743034,2.315311581886175,True,True
5457,E01__U017__TOP__MINIMUM_CERTIFIED_OUTER_GAP,x01_t00,1,0,0.7437661474921852,0.745151729948016,0.0,0.03125,0.0175,0.02,-1e-06,1e-06,CLOSED_REPRESENTATIVE_UNIT_MODULUS_MARGIN,reciprocal,reciprocal,3,4,,holomorphic,plus,0.47139536268451593,0.5185845484061979,0.003676358393789853,0.42922118795626757,0.47139536268451593,0.0032678894753709747,2.3153115819377605,True,True
5457,E01__U017__TOP__MINIMUM_CERTIFIED_OUTER_GAP,x01_t01,1,1,0.7437661474921852,0.745151729948016,0.03125,0.0625,0.0175,0.02,-1e-06,1e-06,CLOSED_REPRESENTATIVE_UNIT_MODULUS_MARGIN,reciprocal,reciprocal,0,4,,holomorphic,plus,0.45907231507568325,0.5070749984744549,0.0037755270445766014,0.41821627762929814,0.45907231507568325,0.003381374853798559,2.3153118178131002,True,True
5457,E01__U017__TOP__MINIMUM_CERTIFIED_OUTER_GAP,x01_t01,1,1,0.7437661474921852,0.745151729948016,0.03125,0.0625,0.0175,0.02,-1e-06,1e-06,CLOSED_REPRESENTATIVE_UNIT_MODULUS_MARGIN,reciprocal,reciprocal,1,4,,holomorphic,plus,0.45907231556676165,0.5070749979604696,0.0037755270445766014,0.41821627762929814,0.45907231556676165,0.003381374877686385,2.315311817761515,True,True
5457,E01__U017__TOP__MINIMUM_CERTIFIED_OUTER_GAP,x01_t01,1,1,0.7437661474921852,0.745151729948016,0.03125,0.0625,0.0175,0.02,-1e-06,1e-06,CLOSED_REPRESENTATIVE_UNIT_MODULUS_MARGIN,reciprocal,reciprocal,2,4,,holomorphic,plus,0.4590722687978425,0.5070749472533126,0.0037755270445766014,0.41821627762929814,0.4590722687978425,0.0033813752094689555,2.315311581886175,True,True
5457,E01__U017__TOP__MINIMUM_CERTIFIED_OUTER_GAP,x01_t01,1,1,0.7437661474921852,0.745151729948016,0.03125,0.0625,0.0175,0.02,-1e-06,1e-06,CLOSED_REPRESENTATIVE_UNIT_MODULUS_MARGIN,reciprocal,reciprocal,3,4,,holomorphic,plus,0.4590722683067641,0.5070749477672979,0.0037755270445766014,0.41821627762929814,0.4590722683067641,0.0033813751855811254,2.3153115819377605,True,True
5457,E01__U017__TOP__MINIMUM_CERTIFIED_OUTER_GAP,x01_t02,1,2,0.7437661474921852,0.745151729948016,0.0625,0.09375,0.0175,0.02,-1e-06,1e-06,CLOSED_REPRESENTATIVE_UNIT_MODULUS_MARGIN,reciprocal,reciprocal,0,4,,holomorphic,plus,0.44672851499973404,0.49558064076422487,0.003970777498940759,0.4071996852990525,0.44672851499973404,0.0035801616274272353,2.3153118178131002,True,True
5457,E01__U017__TOP__MINIMUM_CERTIFIED_OUTER_GAP,x01_t02,1,2,0.7437661474921852,0.745151729948016,0.0625,0.09375,0.0175,0.02,-1e-06,1e-06,CLOSED_REPRESENTATIVE_UNIT_MODULUS_MARGIN,reciprocal,reciprocal,1,4,,holomorphic,plus,0.44672851551766984,0.495580640223944,0.003970777498940759,0.4071996852990525,0.44672851551766984,0.003580161661894104,2.315311817761515,True,True
5457,E01__U017__TOP__MINIMUM_CERTIFIED_OUTER_GAP,x01_t02,1,2,0.7437661474921852,0.745151729948016,0.0625,0.09375,0.0175,0.02,-1e-06,1e-06,CLOSED_REPRESENTATIVE_UNIT_MODULUS_MARGIN,reciprocal,reciprocal,2,4,,holomorphic,plus,0.4467284700062847,0.49558059066622884,0.003970777498940759,0.4071996852990525,0.4467284700062847,0.0035801620131782233,2.315311581886175,True,True
5457,E01__U017__TOP__MINIMUM_CERTIFIED_OUTER_GAP,x01_t02,1,2,0.7437661474921852,0.745151729948016,0.0625,0.09375,0.0175,0.02,-1e-06,1e-06,CLOSED_REPRESENTATIVE_UNIT_MODULUS_MARGIN,reciprocal,reciprocal,3,4,,holomorphic,plus,0.4467284694883489,0.4955805912065097,0.003970777498940759,0.4071996852990525,0.4467284694883489,0.0035801619787113477,2.3153115819377605,True,True
5457,E01__U017__TOP__MINIMUM_CERTIFIED_OUTER_GAP,x01_t03,1,3,0.7437661474921852,0.745151729948016,0.09375,0.125,0.0175,0.02,-1e-06,1e-06,CLOSED_REPRESENTATIVE_UNIT_MODULUS_MARGIN,reciprocal,reciprocal,0,4,,holomorphic,plus,0.4343626285236442,0.4841030757775487,0.004239531571476899,0.39617056002652623,0.4343626285236442,0.003843953699681784,2.3153118178131002,True,True
5457,E01__U017__TOP__MINIMUM_CERTIFIED_OUTER_GAP,x01_t03,1,3,0.7437661474921852,0.745151729948016,0.09375,0.125,0.0175,0.02,-1e-06,1e-06,CLOSED_REPRESENTATIVE_UNIT_MODULUS_MARGIN,reciprocal,reciprocal,1,4,,holomorphic,plus,0.4343626290703379,0.48410307520907164,0.004239531571476899,0.39617056002652623,0.4343626290703379,0.003843953743920922,2.315311817761515,True,True
5457,E01__U017__TOP__MINIMUM_CERTIFIED_OUTER_GAP,x01_t03,1,3,0.7437661474921852,0.745151729948016,0.09375,0.125,0.0175,0.02,-1e-06,1e-06,CLOSED_REPRESENTATIVE_UNIT_MODULUS_MARGIN,reciprocal,reciprocal,2,4,,holomorphic,plus,0.43436258481873635,0.4841030267991196,0.004239531571476899,0.39617056002652623,0.43436258481873635,0.003843954121085763,2.315311581886175,True,True
5457,E01__U017__TOP__MINIMUM_CERTIFIED_OUTER_GAP,x01_t03,1,3,0.7437661474921852,0.745151729948016,0.09375,0.125,0.0175,0.02,-1e-06,1e-06,CLOSED_REPRESENTATIVE_UNIT_MODULUS_MARGIN,reciprocal,reciprocal,3,4,,holomorphic,plus,0.43436258427204266,0.4841030273675966,0.004239531571476899,0.39617056002652623,0.43436258427204266,0.0038439540768466164,2.3153115819377605,True,True
5457,E01__U017__TOP__MINIMUM_CERTIFIED_OUTER_GAP,x01_t04,1,4,0.7437661474921852,0.745151729948016,0.125,0.15625,0.0175,0.02,-1e-06,1e-06,CLOSED_REPRESENTATIVE_UNIT_MODULUS_MARGIN,reciprocal,reciprocal,0,4,,holomorphic,plus,0.42197310619263756,0.4726440742418193,0.004559655338128886,0.3851279344513048,0.42197310619263756,0.00415346382349127,2.3153118178131002,True,True
5457,E01__U017__TOP__MINIMUM_CERTIFIED_OUTER_GAP,x01_t04,1,4,0.7437661474921852,0.745151729948016,0.125,0.15625,0.0175,0.02,-1e-06,1e-06,CLOSED_REPRESENTATIVE_UNIT_MODULUS_MARGIN,reciprocal,reciprocal,1,4,,holomorphic,plus,0.4219731067701936,0.4726440736430414,0.004559655338128886,0.3851279344513048,0.4219731067701936,0.00415346387673207,2.315311817761515,True,True
5457,E01__U017__TOP__MINIMUM_CERTIFIED_OUTER_GAP,x01_t04,1,4,0.7437661474921852,0.745151729948016,0.125,0.15625,0.0175,0.02,-1e-06,1e-06,CLOSED_REPRESENTATIVE_UNIT_MODULUS_MARGIN,reciprocal,reciprocal,2,4,,holomorphic,plus,0.4219730637807831,0.4726440263789965,0.004559655338128886,0.3851279344513048,0.4219730637807831,0.004153464284264203,2.315311581886175,True,True
5457,E01__U017__TOP__MINIMUM_CERTIFIED_OUTER_GAP,x01_t04,1,4,0.7437661474921852,0.745151729948016,0.125,0.15625,0.0175,0.02,-1e-06,1e-06,CLOSED_REPRESENTATIVE_UNIT_MODULUS_MARGIN,reciprocal,reciprocal,3,4,,holomorphic,plus,0.42197306320322703,0.4726440269777744,0.004559655338128886,0.3851279344513048,0.42197306320322703,0.004153464231023392,2.3153115819377605,True,True
5457,E01__U017__TOP__MINIMUM_CERTIFIED_OUTER_GAP,x01_t05,1,5,0.7437661474921852,0.745151729948016,0.15625,0.1875,0.0175,0.02,-1e-06,1e-06,CLOSED_REPRESENTATIVE_UNIT_MODULUS_MARGIN,reciprocal,reciprocal,0,4,,holomorphic,plus,0.4095581680500301,0.4612057034196426,0.004912002998619166,0.3740706838106766,0.4095581680500301,0.004492497770947821,2.3153118178131002,True,True
5457,E01__U017__TOP__MINIMUM_CERTIFIED_OUTER_GAP,x01_t05,1,5,0.7437661474921852,0.745151729948016,0.15625,0.1875,0.0175,0.02,-1e-06,1e-06,CLOSED_REPRESENTATIVE_UNIT_MODULUS_MARGIN,reciprocal,reciprocal,1,4,,holomorphic,plus,0.40955816866077416,0.46120570278823786,0.004912002998619166,0.3740706838106766,0.40955816866077416,0.004492497832621391,2.315311817761515,True,True
5457,E01__U017__TOP__MINIMUM_CERTIFIED_OUTER_GAP,x01_t05,1,5,0.7437661474921852,0.745151729948016,0.15625,0.1875,0.0175,0.02,-1e-06,1e-06,CLOSED_REPRESENTATIVE_UNIT_MODULUS_MARGIN,reciprocal,reciprocal,2,4,,holomorphic,plus,0.4095581269361434,0.4612056566680376,0.004912002998619166,0.3740706838106766,0.4095581269361434,0.004492498273418223,2.315311581886175,True,True
5457,E01__U017__TOP__MINIMUM_CERTIFIED_OUTER_GAP,x01_t05,1,5,0.7437661474921852,0.745151729948016,0.15625,0.1875,0.0175,0.02,-1e-06,1e-06,CLOSED_REPRESENTATIVE_UNIT_MODULUS_MARGIN,reciprocal,reciprocal,3,4,,holomorphic,plus,0.4095581263253993,0.46120565729944235,0.004912002998619166,0.3740706838106766,0.4095581263253993,0.00449249821174464,2.3153115819377605,True,True
5457,E01__U017__TOP__MINIMUM_CERTIFIED_OUTER_GAP,x01_t06,1,6,0.7437661474921852,0.745151729948016,0.1875,0.21875,0.0175,0.02,-1e-06,1e-06,CLOSED_REPRESENTATIVE_UNIT_MODULUS_MARGIN,reciprocal,reciprocal,0,4,,holomorphic,plus,0.3971158180605238,0.44979032482481446,0.005281062275047399,0.3629974733544366,0.3971158180605238,0.004848226670149748,2.3153118178131002,True,True
5457,E01__U017__TOP__MINIMUM_CERTIFIED_OUTER_GAP,x01_t06,1,6,0.7437661474921852,0.745151729948016,0.1875,0.21875,0.0175,0.02,-1e-06,1e-06,CLOSED_REPRESENTATIVE_UNIT_MODULUS_MARGIN,reciprocal,reciprocal,1,4,,holomorphic,plus,0.39711581870704127,0.4497903241581971,0.005281062275047399,0.3629974733544366,0.39711581870704127,0.004848226739937153,2.315311817761515,True,True
5457,E01__U017__TOP__MINIMUM_CERTIFIED_OUTER_GAP,x01_t06,1,6,0.7437661474921852,0.745151729948016,0.1875,0.21875,0.0175,0.02,-1e-06,1e-06,CLOSED_REPRESENTATIVE_UNIT_MODULUS_MARGIN,reciprocal,reciprocal,2,4,,holomorphic,plus,0.3971157782499823,0.4497902791795429,0.005281062275047399,0.3629974733544366,0.3971157782499823,0.004848227215637145,2.315311581886175,True,True
5457,E01__U017__TOP__MINIMUM_CERTIFIED_OUTER_GAP,x01_t06,1,6,0.7437661474921852,0.745151729948016,0.1875,0.21875,0.0175,0.02,-1e-06,1e-06,CLOSED_REPRESENTATIVE_UNIT_MODULUS_MARGIN,reciprocal,reciprocal,3,4,,holomorphic,plus,0.3971157776034648,0.44979027984616027,0.005281062275047399,0.3629974733544366,0.3971157776034648,0.0048482271458497265,2.3153115819377605,True,True
5457,E01__U017__TOP__MINIMUM_CERTIFIED_OUTER_GAP,x01_t07,1,7,0.7437661474921852,0.745151729948016,0.21875,0.25,0.0175,0.02,-1e-06,1e-06,CLOSED_REPRESENTATIVE_UNIT_MODULUS_MARGIN,reciprocal,reciprocal,0,4,,holomorphic,plus,0.38464382291097826,0.4384006308928795,0.0056544878935354944,0.3519069006698301,0.38464382291097826,0.005210676754740165,2.3153118178131002,True,True
5457,E01__U017__TOP__MINIMUM_CERTIFIED_OUTER_GAP,x01_t07,1,7,0.7437661474921852,0.745151729948016,0.21875,0.25,0.0175,0.02,-1e-06,1e-06,CLOSED_REPRESENTATIVE_UNIT_MODULUS_MARGIN,reciprocal,reciprocal,1,4,,holomorphic,plus,0.38464382359615285,0.43840063018816516,0.0056544878935354944,0.3519069006698301,0.38464382359615285,0.005210676832563946,2.315311817761515,True,True
5457,E01__U017__TOP__MINIMUM_CERTIFIED_OUTER_GAP,x01_t07,1,7,0.7437661474921852,0.745151729948016,0.21875,0.25,0.0175,0.02,-1e-06,1e-06,CLOSED_REPRESENTATIVE_UNIT_MODULUS_MARGIN,reciprocal,reciprocal,2,4,,holomorphic,plus,0.38464378440968505,0.4384005863484892,0.0056544878935354944,0.3519069006698301,0.38464378440968505,0.005210677343826784,2.315311581886175,True,True
5457,E01__U017__TOP__MINIMUM_CERTIFIED_OUTER_GAP,x01_t07,1,7,0.7437661474921852,0.745151729948016,0.21875,0.25,0.0175,0.02,-1e-06,1e-06,CLOSED_REPRESENTATIVE_UNIT_MODULUS_MARGIN,reciprocal,reciprocal,3,4,,holomorphic,plus,0.38464378372451047,0.43840058705320356,0.0056544878935354944,0.3519069006698301,0.38464378372451047,0.005210677266002987,2.3153115819377605,True,True
5457,E01__U017__TOP__MINIMUM_CERTIFIED_OUTER_GAP,x01_t08,1,8,0.7437661474921852,0.745151729948016,0.25,0.28125,0.0175,0.02,-1e-06,1e-06,CLOSED_REPRESENTATIVE_UNIT_MODULUS_MARGIN,reciprocal,reciprocal,0,4,,holomorphic,plus,0.37213967357009414,0.4270397025213052,0.006022328542797685,0.340797279140237,0.37213967357009414,0.005572020109585056,2.3153118178131002,True,True
5457,E01__U017__TOP__MINIMUM_CERTIFIED_OUTER_GAP,x01_t08,1,8,0.7437661474921852,0.745151729948016,0.25,0.28125,0.0175,0.02,-1e-06,1e-06,CLOSED_REPRESENTATIVE_UNIT_MODULUS_MARGIN,reciprocal,reciprocal,1,4,,holomorphic,plus,0.37213967429715356,0.42703970177526546,0.006022328542797685,0.340797279140237,0.37213967429715356,0.005572020195585809,2.315311817761515,True,True
5457,E01__U017__TOP__MINIMUM_CERTIFIED_OUTER_GAP,x01_t08,1,8,0.7437661474921852,0.745151729948016,0.25,0.28125,0.0175,0.02,-1e-06,1e-06,CLOSED_REPRESENTATIVE_UNIT_MODULUS_MARGIN,reciprocal,reciprocal,2,4,,holomorphic,plus,0.37213963638455194,0.42703965907169195,0.006022328542797685,0.340797279140237,0.37213963638455194,0.0055720207423029825,2.315311581886175,True,True
5457,E01__U017__TOP__MINIMUM_CERTIFIED_OUTER_GAP,x01_t08,1,8,0.7437661474921852,0.745151729948016,0.25,0.28125,0.0175,0.02,-1e-06,1e-06,CLOSED_REPRESENTATIVE_UNIT_MODULUS_MARGIN,reciprocal,reciprocal,3,4,,holomorphic,plus,0.3721396356574926,0.4270396598177317,0.006022328542797685,0.340797279140237,0.3721396356574926,0.005572020656302212,2.3153115819377605,True,True
5457,E01__U017__TOP__MINIMUM_CERTIFIED_OUTER_GAP,x01_t09,1,9,0.7437661474921852,0.745151729948016,0.28125,0.3125,0.0175,0.02,-1e-06,1e-06,CLOSED_REPRESENTATIVE_UNIT_MODULUS_MARGIN,reciprocal,reciprocal,0,4,,holomorphic,plus,0.3596005388889716,0.4157110788488066,0.006360450394116781,0.3296666527996238,0.3596005388889716,0.005925935929134804,2.3153118178131002,True,True
5457,E01__U017__TOP__MINIMUM_CERTIFIED_OUTER_GAP,x01_t09,1,9,0.7437661474921852,0.745151729948016,0.28125,0.3125,0.0175,0.02,-1e-06,1e-06,CLOSED_REPRESENTATIVE_UNIT_MODULUS_MARGIN,reciprocal,reciprocal,1,4,,holomorphic,plus,0.3596005396615423,0.4157110780578138,0.006360450394116781,0.3296666527996238,0.3596005396615423,0.0059259360236509516,2.315311817761515,True,True
5457,E01__U017__TOP__MINIMUM_CERTIFIED_OUTER_GAP,x01_t09,1,9,0.7437661474921852,0.745151729948016,0.28125,0.3125,0.0175,0.02,-1e-06,1e-06,CLOSED_REPRESENTATIVE_UNIT_MODULUS_MARGIN,reciprocal,reciprocal,2,4,,holomorphic,plus,0.3596005030263703,0.4157110364871131,0.006360450394116781,0.3296666527996238,0.3596005030263703,0.005925936605093653,2.315311581886175,True,True
5457,E01__U017__TOP__MINIMUM_CERTIFIED_OUTER_GAP,x01_t09,1,9,0.7437661474921852,0.745151729948016,0.28125,0.3125,0.0175,0.02,-1e-06,1e-06,CLOSED_REPRESENTATIVE_UNIT_MODULUS_MARGIN,reciprocal,reciprocal,3,4,,holomorphic,plus,0.3596005022537996,0.4157110372781059,0.006360450394116781,0.3296666527996238,0.3596005022537996,0.005925936510577486,2.3153115819377605,True,True
5457,E01__U017__TOP__MINIMUM_CERTIFIED_OUTER_GAP,x01_t10,1,10,0.7437661474921852,0.745151729948016,0.3125,0.34375,0.0175,0.02,-1e-06,1e-06,CLOSED_REPRESENTATIVE_UNIT_MODULUS_MARGIN,reciprocal,reciprocal,0,4,,holomorphic,plus,0.34702320921167057,0.4044188424032269,0.0066516935459772,0.318512737642307,0.34702320921167057,0.006267106353637736,2.3153118178131002,True,True
5457,E01__U017__TOP__MINIMUM_CERTIFIED_OUTER_GAP,x01_t10,1,10,0.7437661474921852,0.745151729948016,0.3125,0.34375,0.0175,0.02,-1e-06,1e-06,CLOSED_REPRESENTATIVE_UNIT_MODULUS_MARGIN,reciprocal,reciprocal,1,4,,holomorphic,plus,0.34702321003384345,0.404418841563189,0.0066516935459772,0.318512737642307,0.34702321003384345,0.0062671064571945935,2.315311817761515,True,True
5457,E01__U017__TOP__MINIMUM_CERTIFIED_OUTER_GAP,x01_t10,1,10,0.7437661474921852,0.745151729948016,0.3125,0.34375,0.0175,0.02,-1e-06,1e-06,CLOSED_REPRESENTATIVE_UNIT_MODULUS_MARGIN,reciprocal,reciprocal,2,4,,holomorphic,plus,0.34702317467999116,0.4044188011217233,0.0066516935459772,0.318512737642307,0.34702317467999116,0.0062671070721121444,2.315311581886175,True,True
5457,E01__U017__TOP__MINIMUM_CERTIFIED_OUTER_GAP,x01_t10,1,10,0.7437661474921852,0.745151729948016,0.3125,0.34375,0.0175,0.02,-1e-06,1e-06,CLOSED_REPRESENTATIVE_UNIT_MODULUS_MARGIN,reciprocal,reciprocal,3,4,,holomorphic,plus,0.3470231738578183,0.4044188019617612,0.0066516935459772,0.318512737642307,0.3470231738578183,0.006267106968555266,2.3153115819377605,True,True
5457,E01__U017__TOP__MINIMUM_CERTIFIED_OUTER_GAP,x01_t11,1,11,0.7437661474921852,0.745151729948016,0.34375,0.375,0.0175,0.02,-1e-06,1e-06,CLOSED_REPRESENTATIVE_UNIT_MODULUS_MARGIN,reciprocal,reciprocal,0,4,,holomorphic,plus,0.3344040273410804,0.39316772369508984,0.006908485767676514,0.30733284704945313,0.3344040273410804,0.006590835685016189,2.3153118178131002,True,True
5457,E01__U017__TOP__MINIMUM_CERTIFIED_OUTER_GAP,x01_t11,1,11,0.7437661474921852,0.745151729948016,0.34375,0.375,0.0175,0.02,-1e-06,1e-06,CLOSED_REPRESENTATIVE_UNIT_MODULUS_MARGIN,reciprocal,reciprocal,1,4,,holomorphic,plus,0.3344040282174896,0.39316772280137074,0.006908485767676514,0.30733284704945313,0.3344040282174896,0.006590835798325684,2.315311817761515,True,True
5457,E01__U017__TOP__MINIMUM_CERTIFIED_OUTER_GAP,x01_t11,1,11,0.7437661474921852,0.745151729948016,0.34375,0.375,0.0175,0.02,-1e-06,1e-06,CLOSED_REPRESENTATIVE_UNIT_MODULUS_MARGIN,reciprocal,reciprocal,2,4,,holomorphic,plus,0.33440399414921973,0.3931676834850294,0.006908485767676514,0.30733284704945313,0.33440399414921973,0.006590836445006588,2.315311581886175,True,True
5457,E01__U017__TOP__MINIMUM_CERTIFIED_OUTER_GAP,x01_t11,1,11,0.7437661474921852,0.745151729948016,0.34375,0.375,0.0175,0.02,-1e-06,1e-06,CLOSED_REPRESENTATIVE_UNIT_MODULUS_MARGIN,reciprocal,reciprocal,3,4,,holomorphic,plus,0.33440399327281045,0.3931676843787485,0.006908485767676514,0.30733284704945313,0.33440399327281045,0.006590836331697071,2.3153115819377605,True,True
5457,E01__U017__TOP__MINIMUM_CERTIFIED_OUTER_GAP,x01_t12,1,12,0.7437661474921852,0.745151729948016,0.375,0.40625,0.0175,0.02,-1e-06,1e-06,CLOSED_REPRESENTATIVE_UNIT_MODULUS_MARGIN,reciprocal,reciprocal,0,4,,holomorphic,plus,0.32173880335482286,0.38196323061746673,0.007123453427961327,0.2961237962265241,0.32173880335482286,0.006892762679823928,2.3153118178131002,True,True
5457,E01__U017__TOP__MINIMUM_CERTIFIED_OUTER_GAP,x01_t12,1,12,0.7437661474921852,0.745151729948016,0.375,0.40625,0.0175,0.02,-1e-06,1e-06,CLOSED_REPRESENTATIVE_UNIT_MODULUS_MARGIN,reciprocal,reciprocal,1,4,,holomorphic,plus,0.3217388042907423,0.3819632296647903,0.007123453427961327,0.2961237962265241,0.3217388042907423,0.006892762803794977,2.315311817761515,True,True
5457,E01__U017__TOP__MINIMUM_CERTIFIED_OUTER_GAP,x01_t12,1,12,0.7437661474921852,0.745151729948016,0.375,0.40625,0.0175,0.02,-1e-06,1e-06,CLOSED_REPRESENTATIVE_UNIT_MODULUS_MARGIN,reciprocal,reciprocal,2,4,,holomorphic,plus,0.3217387715127441,0.3819631914689119,0.007123453427961327,0.2961237962265241,0.3217387715127441,0.006892763480099742,2.315311581886175,True,True
5457,E01__U017__TOP__MINIMUM_CERTIFIED_OUTER_GAP,x01_t12,1,12,0.7437661474921852,0.745151729948016,0.375,0.40625,0.0175,0.02,-1e-06,1e-06,CLOSED_REPRESENTATIVE_UNIT_MODULUS_MARGIN,reciprocal,reciprocal,3,4,,holomorphic,plus,0.3217387705768247,0.3819631924215884,0.007123453427961327,0.2961237962265241,0.3217387705768247,0.006892763356128668,2.3153115819377605,True,True
5457,E01__U017__TOP__MINIMUM_CERTIFIED_OUTER_GAP,x01_t13,1,13,0.7437661474921852,0.745151729948016,0.40625,0.4375,0.0175,0.02,-1e-06,1e-06,CLOSED_REPRESENTATIVE_UNIT_MODULUS_MARGIN,reciprocal,reciprocal,0,4,,holomorphic,plus,0.3090227085923403,0.3708118097699782,0.007288766477354398,0.2848817786457282,0.3090227085923403,0.007168636617311555,2.3153118178131002,True,True
5457,E01__U017__TOP__MINIMUM_CERTIFIED_OUTER_GAP,x01_t13,1,13,0.7437661474921852,0.745151729948016,0.40625,0.4375,0.0175,0.02,-1e-06,1e-06,CLOSED_REPRESENTATIVE_UNIT_MODULUS_MARGIN,reciprocal,reciprocal,1,4,,holomorphic,plus,0.3090227095938007,0.3708118087523105,0.007288766477354398,0.2848817786457282,0.3090227095938007,0.007168636753071254,2.315311817761515,True,True
5457,E01__U017__TOP__MINIMUM_CERTIFIED_OUTER_GAP,x01_t13,1,13,0.7437661474921852,0.745151729948016,0.40625,0.4375,0.0175,0.02,-1e-06,1e-06,CLOSED_REPRESENTATIVE_UNIT_MODULUS_MARGIN,reciprocal,reciprocal,2,4,,holomorphic,plus,0.3090226781112554,0.37081177167158924,0.007288766477354398,0.2848817786457282,0.3090226781112554,0.00716863745644323,2.315311581886175,True,True
5457,E01__U017__TOP__MINIMUM_CERTIFIED_OUTER_GAP,x01_t13,1,13,0.7437661474921852,0.745151729948016,0.40625,0.4375,0.0175,0.02,-1e-06,1e-06,CLOSED_REPRESENTATIVE_UNIT_MODULUS_MARGIN,reciprocal,reciprocal,3,4,,holomorphic,plus,0.30902267710979503,0.37081177268925697,0.007288766477354398,0.2848817786457282,0.30902267710979503,0.007168637320683504,2.3153115819377605,True,True
5457,E01__U017__TOP__MINIMUM_CERTIFIED_OUTER_GAP,x01_t14,1,14,0.7437661474921852,0.745151729948016,0.4375,0.46875,0.0175,0.02,-1e-06,1e-06,CLOSED_REPRESENTATIVE_UNIT_MODULUS_MARGIN,reciprocal,reciprocal,0,4,,holomorphic,plus,0.2962501424945557,0.3597210492582366,0.007395806978098174,0.27360220478320163,0.2962501424945557,0.00741413395481201,2.3153118178131002,True,True
5457,E01__U017__TOP__MINIMUM_CERTIFIED_OUTER_GAP,x01_t14,1,14,0.7437661474921852,0.745151729948016,0.4375,0.46875,0.0175,0.02,-1e-06,1e-06,CLOSED_REPRESENTATIVE_UNIT_MODULUS_MARGIN,reciprocal,reciprocal,1,4,,holomorphic,plus,0.2962501435684895,0.3597210481686411,0.007395806978098174,0.27360220478320163,0.2962501435684895,0.007414134103738397,2.315311817761515,True,True
5457,E01__U017__TOP__MINIMUM_CERTIFIED_OUTER_GAP,x01_t14,1,14,0.7437661474921852,0.745151729948016,0.4375,0.46875,0.0175,0.02,-1e-06,1e-06,CLOSED_REPRESENTATIVE_UNIT_MODULUS_MARGIN,reciprocal,reciprocal,2,4,,holomorphic,plus,0.2962501133871485,0.3597210121970126,0.007395806978098174,0.27360220478320163,0.2962501133871485,0.007414134831196633,2.315311581886175,True,True
5457,E01__U017__TOP__MINIMUM_CERTIFIED_OUTER_GAP,x01_t14,1,14,0.7437661474921852,0.745151729948016,0.4375,0.46875,0.0175,0.02,-1e-06,1e-06,CLOSED_REPRESENTATIVE_UNIT_MODULUS_MARGIN,reciprocal,reciprocal,3,4,,holomorphic,plus,0.2962501123132147,0.35972101328660805,0.007395806978098174,0.27360220478320163,0.2962501123132147,0.007414134682270215,2.3153115819377605,True,True
5457,E01__U017__TOP__MINIMUM_CERTIFIED_OUTER_GAP,x01_t15,1,15,0.7437661474921852,0.745151729948016,0.46875,0.5,0.0175,0.02,-1e-06,1e-06,CLOSED_REPRESENTATIVE_UNIT_MODULUS_MARGIN,reciprocal,reciprocal,0,4,,holomorphic,plus,0.2834145636550922,0.34869993593206017,0.0074348308552947395,0.26227948955065444,0.2834145636550922,0.007624698631946948,2.3153118178131002,True,True
5457,E01__U017__TOP__MINIMUM_CERTIFIED_OUTER_GAP,x01_t15,1,15,0.7437661474921852,0.745151729948016,0.46875,0.5,0.0175,0.02,-1e-06,1e-06,CLOSED_REPRESENTATIVE_UNIT_MODULUS_MARGIN,reciprocal,reciprocal,1,4,,holomorphic,plus,0.2834145648095131,0.348699934762518,0.0074348308552947395,0.26227948955065444,0.2834145648095131,0.007624698795715015,2.315311817761515,True,True
5457,E01__U017__TOP__MINIMUM_CERTIFIED_OUTER_GAP,x01_t15,1,15,0.7437661474921852,0.745151729948016,0.46875,0.5,0.0175,0.02,-1e-06,1e-06,CLOSED_REPRESENTATIVE_UNIT_MODULUS_MARGIN,reciprocal,reciprocal,2,4,,holomorphic,plus,0.283414535935794,0.34869989989301925,0.0074348308552947395,0.26227948955065444,0.283414535935794,0.0076246995438314265,2.315311581886175,True,True
5457,E01__U017__TOP__MINIMUM_CERTIFIED_OUTER_GAP,x01_t15,1,15,0.7437661474921852,0.745151729948016,0.46875,0.5,0.0175,0.02,-1e-06,1e-06,CLOSED_REPRESENTATIVE_UNIT_MODULUS_MARGIN,reciprocal,reciprocal,3,4,,holomorphic,plus,0.2834145347813732,0.34869990106256143,0.0074348308552947395,0.26227948955065444,0.2834145347813732,0.007624699380063327,2.3153115819377605,True,True
5457,E01__U017__TOP__MINIMUM_CERTIFIED_OUTER_GAP,x01_t16,1,16,0.7437661474921852,0.745151729948016,0.5,0.53125,0.0175,0.02,-1e-06,1e-06,CLOSED_REPRESENTATIVE_UNIT_MODULUS_MARGIN,reciprocal,reciprocal,0,4,,holomorphic,plus,0.2705082731049344,0.33775918487363454,0.007394614391627126,0.25090676916422405,0.2705082731049344,0.007795394505930544,2.3153118178131002,True,True
5457,E01__U017__TOP__MINIMUM_CERTIFIED_OUTER_GAP,x01_t16,1,16,0.7437661474921852,0.745151729948016,0.5,0.53125,0.0175,0.02,-1e-06,1e-06,CLOSED_REPRESENTATIVE_UNIT_MODULUS_MARGIN,reciprocal,reciprocal,1,4,,holomorphic,plus,0.2705082743491615,0.3377591836148196,0.007394614391627126,0.25090676916422405,0.2705082743491615,0.007795394686574096,2.315311817761515,True,True
5457,E01__U017__TOP__MINIMUM_CERTIFIED_OUTER_GAP,x01_t16,1,16,0.7437661474921852,0.745151729948016,0.5,0.53125,0.0175,0.02,-1e-06,1e-06,CLOSED_REPRESENTATIVE_UNIT_MODULUS_MARGIN,reciprocal,reciprocal,2,4,,holomorphic,plus,0.2705082467902661,0.3377591498394167,0.007394614391627126,0.25090676916422405,0.2705082467902661,0.007795395451436163,2.315311581886175,True,True
5457,E01__U017__TOP__MINIMUM_CERTIFIED_OUTER_GAP,x01_t16,1,16,0.7437661474921852,0.745151729948016,0.5,0.53125,0.0175,0.02,-1e-06,1e-06,CLOSED_REPRESENTATIVE_UNIT_MODULUS_MARGIN,reciprocal,reciprocal,3,4,,holomorphic,plus,0.270508245546039,0.3377591510982316,0.007394614391627126,0.25090676916422405,0.270508245546039,0.007795395270792574,2.3153115819377605,True,True
5457,E01__U017__TOP__MINIMUM_CERTIFIED_OUTER_GAP,x01_t17,1,17,0.7437661474921852,0.745151729948016,0.53125,0.5625,0.0175,0.02,-1e-06,1e-06,CLOSED_REPRESENTATIVE_UNIT_MODULUS_MARGIN,reciprocal,reciprocal,0,4,,holomorphic,plus,0.2575221329826767,0.32691166593306564,0.007262101120792277,0.23947551987414942,0.2575221329826767,0.007920763644029263,2.3153118178131002,True,True
5457,E01__U017__TOP__MINIMUM_CERTIFIED_OUTER_GAP,x01_t17,1,17,0.7437661474921852,0.745151729948016,0.53125,0.5625,0.0175,0.02,-1e-06,1e-06,CLOSED_REPRESENTATIVE_UNIT_MODULUS_MARGIN,reciprocal,reciprocal,1,4,,holomorphic,plus,0.2575221343276178,0.3269116645740614,0.007262101120792277,0.23947551987414942,0.2575221343276178,0.00792076384402234,2.315311817761515,True,True
5457,E01__U017__TOP__MINIMUM_CERTIFIED_OUTER_GAP,x01_t17,1,17,0.7437661474921852,0.745151729948016,0.53125,0.5625,0.0175,0.02,-1e-06,1e-06,CLOSED_REPRESENTATIVE_UNIT_MODULUS_MARGIN,reciprocal,reciprocal,2,4,,holomorphic,plus,0.25752210809167814,0.3269116318834336,0.007262101120792277,0.23947551987414942,0.25752210809167814,0.007920764621181886,2.315311581886175,True,True
5457,E01__U017__TOP__MINIMUM_CERTIFIED_OUTER_GAP,x01_t17,1,17,0.7437661474921852,0.745151729948016,0.53125,0.5625,0.0175,0.02,-1e-06,1e-06,CLOSED_REPRESENTATIVE_UNIT_MODULUS_MARGIN,reciprocal,reciprocal,3,4,,holomorphic,plus,0.2575221067467371,0.32691163324243777,0.007262101120792277,0.23947551987414942,0.2575221067467371,0.007920764421188766,2.3153115819377605,True,True
5457,E01__U017__TOP__MINIMUM_CERTIFIED_OUTER_GAP,x01_t18,1,18,0.7437661474921852,0.745151729948016,0.5625,0.59375,0.0175,0.02,-1e-06,1e-06,CLOSED_REPRESENTATIVE_UNIT_MODULUS_MARGIN,reciprocal,reciprocal,0,4,,holomorphic,plus,0.24444519651889587,0.3161729623304009,0.007022125895422499,0.22797503860604743,0.24444519651889587,0.007994690991543443,2.3153118178131002,True,True
5457,E01__U017__TOP__MINIMUM_CERTIFIED_OUTER_GAP,x01_t18,1,18,0.7437661474921852,0.745151729948016,0.5625,0.59375,0.0175,0.02,-1e-06,1e-06,CLOSED_REPRESENTATIVE_UNIT_MODULUS_MARGIN,reciprocal,reciprocal,1,4,,holomorphic,plus,0.24444519797740724,0.3161729608583398,0.007022125895422499,0.22797503860604743,0.24444519797740724,0.007994691213905903,2.315311817761515,True,True
5457,E01__U017__TOP__MINIMUM_CERTIFIED_OUTER_GAP,x01_t18,1,18,0.7437661474921852,0.745151729948016,0.5625,0.59375,0.0175,0.02,-1e-06,1e-06,CLOSED_REPRESENTATIVE_UNIT_MODULUS_MARGIN,reciprocal,reciprocal,2,4,,holomorphic,plus,0.24444517307367042,0.3161729292416084,0.007022125895422499,0.22797503860604743,0.24444517307367042,0.007994691998314589,2.315311581886175,True,True
5457,E01__U017__TOP__MINIMUM_CERTIFIED_OUTER_GAP,x01_t18,1,18,0.7437661474921852,0.745151729948016,0.5625,0.59375,0.0175,0.02,-1e-06,1e-06,CLOSED_REPRESENTATIVE_UNIT_MODULUS_MARGIN,reciprocal,reciprocal,3,4,,holomorphic,plus,0.24444517161515905,0.3161729307136695,0.007022125895422499,0.22797503860604743,0.24444517161515905,0.007994691775952084,2.3153115819377605,True,True
5457,E01__U017__TOP__MINIMUM_CERTIFIED_OUTER_GAP,x01_t19,1,19,0.7437661474921852,0.745151729948016,0.59375,0.625,0.0175,0.02,-1e-06,1e-06,CLOSED_REPRESENTATIVE_UNIT_MODULUS_MARGIN,reciprocal,reciprocal,0,4,,holomorphic,plus,0.23126421436091218,0.30556211154129714,0.006657461876418629,0.21639172695615297,0.23126421436091218,0.008010287708043087,2.3153118178131002,True,True
5457,E01__U017__TOP__MINIMUM_CERTIFIED_OUTER_GAP,x01_t19,1,19,0.7437661474921852,0.745151729948016,0.59375,0.625,0.0175,0.02,-1e-06,1e-06,CLOSED_REPRESENTATIVE_UNIT_MODULUS_MARGIN,reciprocal,reciprocal,1,4,,holomorphic,plus,0.23126421594826124,0.3055621099408978,0.006657461876418629,0.21639172695615297,0.23126421594826124,0.008010287956475149,2.315311817761515,True,True
5457,E01__U017__TOP__MINIMUM_CERTIFIED_OUTER_GAP,x01_t19,1,19,0.7437661474921852,0.745151729948016,0.59375,0.625,0.0175,0.02,-1e-06,1e-06,CLOSED_REPRESENTATIVE_UNIT_MODULUS_MARGIN,reciprocal,reciprocal,2,4,,holomorphic,plus,0.23126419238732343,0.3055620793852811,0.006657461876418629,0.21639172695615297,0.23126419238732343,0.00801028874240852,2.315311581886175,True,True
5457,E01__U017__TOP__MINIMUM_CERTIFIED_OUTER_GAP,x01_t19,1,19,0.7437661474921852,0.745151729948016,0.59375,0.625,0.0175,0.02,-1e-06,1e-06,CLOSED_REPRESENTATIVE_UNIT_MODULUS_MARGIN,reciprocal,reciprocal,3,4,,holomorphic,plus,0.23126419079997437,0.3055620809856805,0.006657461876418629,0.21639172695615297,0.23126419079997437,0.00801028849397641,2.3153115819377605,True,True
5457,E01__U017__TOP__MINIMUM_CERTIFIED_OUTER_GAP,x01_t20,1,20,0.7437661474921852,0.745151729948016,0.625,0.65625,0.0175,0.02,-1e-06,1e-06,CLOSED_REPRESENTATIVE_UNIT_MODULUS_MARGIN,reciprocal,reciprocal,0,4,,holomorphic,plus,0.2179629655097308,0.2951026016680916,0.006147953761321744,0.20470809169589593,0.2179629655097308,0.00795982898751287,2.3153118178131002,True,True
5457,E01__U017__TOP__MINIMUM_CERTIFIED_OUTER_GAP,x01_t20,1,20,0.7437661474921852,0.745151729948016,0.625,0.65625,0.0175,0.02,-1e-06,1e-06,CLOSED_REPRESENTATIVE_UNIT_MODULUS_MARGIN,reciprocal,reciprocal,1,4,,holomorphic,plus,0.21796296724419606,0.2951025999210585,0.006147953761321744,0.20470809169589593,0.21796296724419606,0.007959829266561063,2.315311817761515,True,True
5457,E01__U017__TOP__MINIMUM_CERTIFIED_OUTER_GAP,x01_t20,1,20,0.7437661474921852,0.745151729948016,0.625,0.65625,0.0175,0.02,-1e-06,1e-06,CLOSED_REPRESENTATIVE_UNIT_MODULUS_MARGIN,reciprocal,reciprocal,2,4,,holomorphic,plus,0.2179629450383053,0.2951025704114267,0.006147953761321744,0.20470809169589593,0.2179629450383053,0.007959830047536485,2.315311581886175,True,True
5457,E01__U017__TOP__MINIMUM_CERTIFIED_OUTER_GAP,x01_t20,1,20,0.7437661474921852,0.745151729948016,0.625,0.65625,0.0175,0.02,-1e-06,1e-06,CLOSED_REPRESENTATIVE_UNIT_MODULUS_MARGIN,reciprocal,reciprocal,3,4,,holomorphic,plus,0.21796294330384006,0.2951025721584598,0.006147953761321744,0.20470809169589593,0.21796294330384006,0.007959829768488236,2.3153115819377605,True,True
5457,E01__U017__TOP__MINIMUM_CERTIFIED_OUTER_GAP,x01_t21,1,21,0.7437661474921852,0.745151729948016,0.65625,0.6875,0.0175,0.02,-1e-06,1e-06,CLOSED_REPRESENTATIVE_UNIT_MODULUS_MARGIN,reciprocal,reciprocal,0,4,,holomorphic,plus,0.2045213349087715,0.28482373187911497,0.005445913939221619,0.19290133152749456,0.2045213349087715,0.007834837669360847,2.3153118178131002,True,True
5457,E01__U017__TOP__MINIMUM_CERTIFIED_OUTER_GAP,x01_t21,1,21,0.7437661474921852,0.745151729948016,0.65625,0.6875,0.0175,0.02,-1e-06,1e-06,CLOSED_REPRESENTATIVE_UNIT_MODULUS_MARGIN,reciprocal,reciprocal,1,4,,holomorphic,plus,0.2045213368124293,0.28482372996335276,0.005445913939221619,0.19290133152749456,0.2045213368124293,0.00783483798460746,2.315311817761515,True,True
5457,E01__U017__TOP__MINIMUM_CERTIFIED_OUTER_GAP,x01_t21,1,21,0.7437661474921852,0.745151729948016,0.65625,0.6875,0.0175,0.02,-1e-06,1e-06,CLOSED_REPRESENTATIVE_UNIT_MODULUS_MARGIN,reciprocal,reciprocal,2,4,,holomorphic,plus,0.20452131597588202,0.2848237014816469,0.005445913939221619,0.19290133152749456,0.20452131597588202,0.007834838753310244,2.315311581886175,True,True
5457,E01__U017__TOP__MINIMUM_CERTIFIED_OUTER_GAP,x01_t21,1,21,0.7437661474921852,0.745151729948016,0.65625,0.6875,0.0175,0.02,-1e-06,1e-06,CLOSED_REPRESENTATIVE_UNIT_MODULUS_MARGIN,reciprocal,reciprocal,3,4,,holomorphic,plus,0.20452131407222424,0.28482370339740903,0.005445913939221619,0.19290133152749456,0.20452131407222424,0.007834838438063568,2.3153115819377605,True,True
5457,E01__U017__TOP__MINIMUM_CERTIFIED_OUTER_GAP,x01_t22,1,22,0.7437661474921852,0.745151729948016,0.6875,0.71875,0.0175,0.02,-1e-06,1e-06,CLOSED_REPRESENTATIVE_UNIT_MODULUS_MARGIN,reciprocal,reciprocal,0,4,,holomorphic,plus,0.1909140178758688,0.2747625009551355,0.004500508247554895,0.18094131270415126,0.1909140178758688,0.007621382390501495,2.3153118178131002,True,True
5457,E01__U017__TOP__MINIMUM_CERTIFIED_OUTER_GAP,x01_t22,1,22,0.7437661474921852,0.745151729948016,0.6875,0.71875,0.0175,0.02,-1e-06,1e-06,CLOSED_REPRESENTATIVE_UNIT_MODULUS_MARGIN,reciprocal,reciprocal,1,4,,holomorphic,plus,0.1909140199756358,0.27476249884370935,0.004500508247554895,0.18094131270415126,0.1909140199756358,0.007621382720931462,2.315311817761515,True,True
5457,E01__U017__TOP__MINIMUM_CERTIFIED_OUTER_GAP,x01_t22,1,22,0.7437661474921852,0.745151729948016,0.6875,0.71875,0.0175,0.02,-1e-06,1e-06,CLOSED_REPRESENTATIVE_UNIT_MODULUS_MARGIN,reciprocal,reciprocal,2,4,,holomorphic,plus,0.19091400052530524,0.2747624713681716,0.004500508247554895,0.18094131270415126,0.19091400052530524,0.0076213834686857124,2.315311581886175,True,True
5457,E01__U017__TOP__MINIMUM_CERTIFIED_OUTER_GAP,x01_t22,1,22,0.7437661474921852,0.745151729948016,0.6875,0.71875,0.0175,0.02,-1e-06,1e-06,CLOSED_REPRESENTATIVE_UNIT_MODULUS_MARGIN,reciprocal,reciprocal,3,4,,holomorphic,plus,0.19091399842553824,0.27476247347959776,0.004500508247554895,0.18094131270415126,0.19091399842553824,0.00762138313825568,2.3153115819377605,True,True
5457,E01__U017__TOP__MINIMUM_CERTIFIED_OUTER_GAP,x01_t23,1,23,0.7437661474921852,0.745151729948016,0.71875,0.75,0.0175,0.02,-1e-06,1e-06,CLOSED_REPRESENTATIVE_UNIT_MODULUS_MARGIN,reciprocal,reciprocal,0,4,,holomorphic,plus,0.17710866358936558,0.26496627646198173,0.0032519960258039853,0.16878763196987465,0.17710866358936558,0.0072916306483619495,2.3153118178131002,True,True
5457,E01__U017__TOP__MINIMUM_CERTIFIED_OUTER_GAP,x01_t23,1,23,0.7437661474921852,0.745151729948016,0.71875,0.75,0.0175,0.02,-1e-06,1e-06,CLOSED_REPRESENTATIVE_UNIT_MODULUS_MARGIN,reciprocal,reciprocal,1,4,,holomorphic,plus,0.17710866591839583,0.26496627412172796,0.0032519960258039853,0.16878763196987465,0.17710866591839583,0.0072916309876899085,2.315311817761515,True,True
5457,E01__U017__TOP__MINIMUM_CERTIFIED_OUTER_GAP,x01_t23,1,23,0.7437661474921852,0.745151729948016,0.71875,0.75,0.0175,0.02,-1e-06,1e-06,CLOSED_REPRESENTATIVE_UNIT_MODULUS_MARGIN,reciprocal,reciprocal,2,4,,holomorphic,plus,0.17710864787444952,0.2649662476258654,0.0032519960258039853,0.16878763196987465,0.17710864787444952,0.0072916317030854265,2.315311581886175,True,True
5457,E01__U017__TOP__MINIMUM_CERTIFIED_OUTER_GAP,x01_t23,1,23,0.7437661474921852,0.745151729948016,0.71875,0.75,0.0175,0.02,-1e-06,1e-06,CLOSED_REPRESENTATIVE_UNIT_MODULUS_MARGIN,reciprocal,reciprocal,3,4,,holomorphic,plus,0.17710864554541925,0.26496624996611917,0.0032519960258039853,0.16878763196987465,0.17710864554541925,0.0072916313637574,2.3153115819377605,True,True
5457,E01__U017__TOP__MINIMUM_CERTIFIED_OUTER_GAP,x01_t24,1,24,0.7437661474921852,0.745151729948016,0.75,0.78125,0.0175,0.02,-1e-06,1e-06,CLOSED_REPRESENTATIVE_UNIT_MODULUS_MARGIN,reciprocal,reciprocal,0,4,,holomorphic,plus,0.16306315760023202,0.2554966405616014,0.0016205777712922926,0.15638530430092043,0.16306315760023202,0.006822367328352377,2.3153118178131002,True,True
5457,E01__U017__TOP__MINIMUM_CERTIFIED_OUTER_GAP,x01_t24,1,24,0.7437661474921852,0.745151729948016,0.75,0.78125,0.0175,0.02,-1e-06,1e-06,CLOSED_REPRESENTATIVE_UNIT_MODULUS_MARGIN,reciprocal,reciprocal,1,4,,holomorphic,plus,0.16306316019980896,0.25549663795125394,0.0016205777712922926,0.15638530430092043,0.16306316019980896,0.006822367681336776,2.315311817761515,True,True
5457,E01__U017__TOP__MINIMUM_CERTIFIED_OUTER_GAP,x01_t24,1,24,0.7437661474921852,0.745151729948016,0.75,0.78125,0.0175,0.02,-1e-06,1e-06,CLOSED_REPRESENTATIVE_UNIT_MODULUS_MARGIN,reciprocal,reciprocal,2,4,,holomorphic,plus,0.163063143586703,0.2554966124024171,0.0016205777712922926,0.15638530430092043,0.163063143586703,0.006822368350682956,2.315311581886175,True,True
5457,E01__U017__TOP__MINIMUM_CERTIFIED_OUTER_GAP,x01_t24,1,24,0.7437661474921852,0.745151729948016,0.75,0.78125,0.0175,0.02,-1e-06,1e-06,CLOSED_REPRESENTATIVE_UNIT_MODULUS_MARGIN,reciprocal,reciprocal,3,4,,holomorphic,plus,0.1630631409871261,0.25549661501276455,0.0016205777712922926,0.15638530430092043,0.1630631409871261,0.006822367997698486,2.3153115819377605,True,True
5457,E01__U017__TOP__MINIMUM_CERTIFIED_OUTER_GAP,x01_t25,1,25,0.7437661474921852,0.745151729948016,0.78125,0.8125,0.0175,0.02,-1e-06,1e-06,CLOSED_REPRESENTATIVE_UNIT_MODULUS_MARGIN,reciprocal,reciprocal,0,4,,holomorphic,plus,0.1487215557681956,0.24643504417357084,0.0,0.14365836879376134,0.1487215557681956,0.006184004373369337,2.3153118178131002,True,True
5457,E01__U017__TOP__MINIMUM_CERTIFIED_OUTER_GAP,x01_t25,1,25,0.7437661474921852,0.745151729948016,0.78125,0.8125,0.0175,0.02,-1e-06,1e-06,CLOSED_REPRESENTATIVE_UNIT_MODULUS_MARGIN,reciprocal,reciprocal,1,4,,holomorphic,plus,0.14872155869031983,0.24643504124121487,0.0,0.14365836879376134,0.14872155869031983,0.0061840047466274,2.315311817761515,True,True
5457,E01__U017__TOP__MINIMUM_CERTIFIED_OUTER_GAP,x01_t25,1,25,0.7437661474921852,0.745151729948016,0.78125,0.8125,0.0175,0.02,-1e-06,1e-06,CLOSED_REPRESENTATIVE_UNIT_MODULUS_MARGIN,reciprocal,reciprocal,2,4,,holomorphic,plus,0.14872154353820727,0.24643501659861178,0.0,0.14365836879376134,0.14872154353820727,0.006184005353329872,2.315311581886175,True,True
5457,E01__U017__TOP__MINIMUM_CERTIFIED_OUTER_GAP,x01_t25,1,25,0.7437661474921852,0.745151729948016,0.78125,0.8125,0.0175,0.02,-1e-06,1e-06,CLOSED_REPRESENTATIVE_UNIT_MODULUS_MARGIN,reciprocal,reciprocal,3,4,,holomorphic,plus,0.14872154061608303,0.24643501953096772,0.0,0.14365836879376134,0.14872154061608303,0.006184004980071735,2.3153115819377605,True,True
5457,E01__U017__TOP__MINIMUM_CERTIFIED_OUTER_GAP,x01_t26,1,26,0.7437661474921852,0.745151729948016,0.8125,0.84375,0.0175,0.02,-1e-06,1e-06,CLOSED_REPRESENTATIVE_UNIT_MODULUS_MARGIN,reciprocal,reciprocal,0,4,,holomorphic,plus,0.13399624950200292,0.23790312286706056,0.0,0.13048854602593637,0.13399624950200292,0.005334353096054958,2.3153118178131002,True,True
5457,E01__U017__TOP__MINIMUM_CERTIFIED_OUTER_GAP,x01_t26,1,26,0.7437661474921852,0.745151729948016,0.8125,0.84375,0.0175,0.02,-1e-06,1e-06,CLOSED_REPRESENTATIVE_UNIT_MODULUS_MARGIN,reciprocal,reciprocal,1,4,,holomorphic,plus,0.1339962528152361,0.23790311954449522,0.0,0.13048854602593637,0.1339962528152361,0.005334353500365294,2.315311817761515,True,True
5457,E01__U017__TOP__MINIMUM_CERTIFIED_OUTER_GAP,x01_t26,1,26,0.7437661474921852,0.745151729948016,0.8125,0.84375,0.0175,0.02,-1e-06,1e-06,CLOSED_REPRESENTATIVE_UNIT_MODULUS_MARGIN,reciprocal,reciprocal,2,4,,holomorphic,plus,0.1339962391631913,0.2379030957551739,0.0,0.13048854602593637,0.1339962391631913,0.005334354023688918,2.315311581886175,True,True
5457,E01__U017__TOP__MINIMUM_CERTIFIED_OUTER_GAP,x01_t26,1,26,0.7437661474921852,0.745151729948016,0.8125,0.84375,0.0175,0.02,-1e-06,1e-06,CLOSED_REPRESENTATIVE_UNIT_MODULUS_MARGIN,reciprocal,reciprocal,3,4,,holomorphic,plus,0.13399623584995812,0.2379030990777392,0.0,0.13048854602593637,0.13399623584995812,0.005334353619378501,2.3153115819377605,True,True
5457,E01__U017__TOP__MINIMUM_CERTIFIED_OUTER_GAP,x01_t27,1,27,0.7437661474921852,0.745151729948016,0.84375,0.875,0.0175,0.02,-1e-06,1e-06,CLOSED_REPRESENTATIVE_UNIT_MODULUS_MARGIN,reciprocal,reciprocal,0,4,,holomorphic,plus,0.11834841177973073,0.2304933522671824,0.0,0.11672160590128364,0.11834841177973073,0.004214241642807436,2.3153118178131002,True,True
5457,E01__U017__TOP__MINIMUM_CERTIFIED_OUTER_GAP,x01_t27,1,27,0.7437661474921852,0.745151729948016,0.84375,0.875,0.0175,0.02,-1e-06,1e-06,CLOSED_REPRESENTATIVE_UNIT_MODULUS_MARGIN,reciprocal,reciprocal,1,4,,holomorphic,plus,0.11834841557008542,0.23049334846580577,0.0,0.11672160590128364,0.11834841557008542,0.0042142420963724074,2.315311817761515,True,True
5457,E01__U017__TOP__MINIMUM_CERTIFIED_OUTER_GAP,x01_t27,1,27,0.7437661474921852,0.745151729948016,0.84375,0.875,0.0175,0.02,-1e-06,1e-06,CLOSED_REPRESENTATIVE_UNIT_MODULUS_MARGIN,reciprocal,reciprocal,2,4,,holomorphic,plus,0.1183484035120725,0.2304933254175715,0.0,0.11672160590128364,0.1183484035120725,0.004214242509773991,2.315311581886175,True,True
5457,E01__U017__TOP__MINIMUM_CERTIFIED_OUTER_GAP,x01_t27,1,27,0.7437661474921852,0.745151729948016,0.84375,0.875,0.0175,0.02,-1e-06,1e-06,CLOSED_REPRESENTATIVE_UNIT_MODULUS_MARGIN,reciprocal,reciprocal,3,4,,holomorphic,plus,0.1183483997217178,0.23049332921894813,0.0,0.11672160590128364,0.1183483997217178,0.00421424205620893,2.3153115819377605,True,True
5457,E01__U017__TOP__MINIMUM_CERTIFIED_OUTER_GAP,x01_t28,1,28,0.7437661474921852,0.745151729948016,0.875,0.90625,0.0175,0.02,-1e-06,1e-06,CLOSED_REPRESENTATIVE_UNIT_MODULUS_MARGIN,reciprocal,reciprocal,0,4,,minus,minus,0.10213220835285598,0.18849944734160193,0.0,0.10213220835285598,0.10192599238510403,0.0027259005348305864,2.3153118178131002,True,True
5457,E01__U017__TOP__MINIMUM_CERTIFIED_OUTER_GAP,x01_t28,1,28,0.7437661474921852,0.745151729948016,0.875,0.90625,0.0175,0.02,-1e-06,1e-06,CLOSED_REPRESENTATIVE_UNIT_MODULUS_MARGIN,reciprocal,reciprocal,1,4,,minus,minus,0.10213220835285598,0.18849944734160193,0.0,0.10213220835285598,0.1019259967646983,0.0027259010731433436,2.315311817761515,True,True
5457,E01__U017__TOP__MINIMUM_CERTIFIED_OUTER_GAP,x01_t28,1,28,0.7437661474921852,0.745151729948016,0.875,0.90625,0.0175,0.02,-1e-06,1e-06,CLOSED_REPRESENTATIVE_UNIT_MODULUS_MARGIN,reciprocal,reciprocal,2,4,,minus,minus,0.10213220835285598,0.18849944734160193,0.0,0.10213220835285598,0.10192598637960275,0.002725901340481788,2.315311581886175,True,True
5457,E01__U017__TOP__MINIMUM_CERTIFIED_OUTER_GAP,x01_t28,1,28,0.7437661474921852,0.745151729948016,0.875,0.90625,0.0175,0.02,-1e-06,1e-06,CLOSED_REPRESENTATIVE_UNIT_MODULUS_MARGIN,reciprocal,reciprocal,3,4,,minus,minus,0.10213220835285598,0.18849944734160193,0.0,0.10213220835285598,0.10192598200000846,0.002725900802168923,2.3153115819377605,True,True
5457,E01__U017__TOP__MINIMUM_CERTIFIED_OUTER_GAP,x01_t29,1,29,0.7437661474921852,0.745151729948016,0.90625,0.9375,0.0175,0.02,-1e-06,1e-06,CLOSED_REPRESENTATIVE_UNIT_MODULUS_MARGIN,reciprocal,reciprocal,0,4,,minus,minus,0.08638978543165139,0.18406866167368752,0.0,0.08638978543165139,0.08445384277003495,0.0007786892443992447,2.3153118178131002,True,True
5457,E01__U017__TOP__MINIMUM_CERTIFIED_OUTER_GAP,x01_t29,1,29,0.7437661474921852,0.745151729948016,0.90625,0.9375,0.0175,0.02,-1e-06,1e-06,CLOSED_REPRESENTATIVE_UNIT_MODULUS_MARGIN,reciprocal,reciprocal,1,4,,minus,minus,0.08638978543165139,0.18406866167368752,0.0,0.08638978543165139,0.0844538478820988,0.000778689906594095,2.315311817761515,True,True
5457,E01__U017__TOP__MINIMUM_CERTIFIED_OUTER_GAP,x01_t29,1,29,0.7437661474921852,0.745151729948016,0.90625,0.9375,0.0175,0.02,-1e-06,1e-06,CLOSED_REPRESENTATIVE_UNIT_MODULUS_MARGIN,reciprocal,reciprocal,2,4,,minus,minus,0.08638978543165139,0.18406866167368752,0.0,0.08638978543165139,0.08445383927683013,0.0007786899828333888,2.315311581886175,True,True
5457,E01__U017__TOP__MINIMUM_CERTIFIED_OUTER_GAP,x01_t29,1,29,0.7437661474921852,0.745151729948016,0.90625,0.9375,0.0175,0.02,-1e-06,1e-06,CLOSED_REPRESENTATIVE_UNIT_MODULUS_MARGIN,reciprocal,reciprocal,3,4,,minus,minus,0.08638978543165139,0.18406866167368752,0.0,0.08638978543165139,0.08445383416476629,0.0007786893206384061,2.3153115819377605,True,True
5457,E01__U017__TOP__MINIMUM_CERTIFIED_OUTER_GAP,x01_t30,1,30,0.7437661474921852,0.745151729948016,0.9375,0.96875,0.0175,0.02,-1e-06,1e-06,CLOSED_REPRESENTATIVE_UNIT_MODULUS_MARGIN,reciprocal,reciprocal,0,4,,minus,minus,0.06900213321567189,0.18170208768727636,0.0,0.06900213321567189,0.06552027742529044,0.0,2.3153118178131002,True,True
5457,E01__U017__TOP__MINIMUM_CERTIFIED_OUTER_GAP,x01_t30,1,30,0.7437661474921852,0.745151729948016,0.9375,0.96875,0.0175,0.02,-1e-06,1e-06,CLOSED_REPRESENTATIVE_UNIT_MODULUS_MARGIN,reciprocal,reciprocal,1,4,,minus,minus,0.06900213321567189,0.18170208768727636,0.0,0.06900213321567189,0.06552028344672867,0.0,2.315311817761515,True,True
5457,E01__U017__TOP__MINIMUM_CERTIFIED_OUTER_GAP,x01_t30,1,30,0.7437661474921852,0.745151729948016,0.9375,0.96875,0.0175,0.02,-1e-06,1e-06,CLOSED_REPRESENTATIVE_UNIT_MODULUS_MARGIN,reciprocal,reciprocal,2,4,,minus,minus,0.06900213321567189,0.18170208768727636,0.0,0.06900213321567189,0.06552027677013009,0.0,2.315311581886175,True,True
5457,E01__U017__TOP__MINIMUM_CERTIFIED_OUTER_GAP,x01_t30,1,30,0.7437661474921852,0.745151729948016,0.9375,0.96875,0.0175,0.02,-1e-06,1e-06,CLOSED_REPRESENTATIVE_UNIT_MODULUS_MARGIN,reciprocal,reciprocal,3,4,,minus,minus,0.06900213321567189,0.18170208768727636,0.0,0.06900213321567189,0.06552027074869186,0.0,2.3153115819377605,True,True
5457,E01__U017__TOP__MINIMUM_CERTIFIED_OUTER_GAP,x01_t31,1,31,0.7437661474921852,0.745151729948016,0.96875,1.0,0.0175,0.02,-1e-06,1e-06,CLOSED_REPRESENTATIVE_UNIT_MODULUS_MARGIN,reciprocal,reciprocal,0,4,,minus,minus,0.04933585746801803,0.18225978001648702,0.0,0.04933585746801803,0.044554384169621625,0.0,2.3153118178131002,True,True
5457,E01__U017__TOP__MINIMUM_CERTIFIED_OUTER_GAP,x01_t31,1,31,0.7437661474921852,0.745151729948016,0.96875,1.0,0.0175,0.02,-1e-06,1e-06,CLOSED_REPRESENTATIVE_UNIT_MODULUS_MARGIN,reciprocal,reciprocal,1,4,,minus,minus,0.04933585746801803,0.18225978001648702,0.0,0.04933585746801803,0.04455439125714978,0.0,2.315311817761515,True,True
5457,E01__U017__TOP__MINIMUM_CERTIFIED_OUTER_GAP,x01_t31,1,31,0.7437661474921852,0.745151729948016,0.96875,1.0,0.0175,0.02,-1e-06,1e-06,CLOSED_REPRESENTATIVE_UNIT_MODULUS_MARGIN,reciprocal,reciprocal,2,4,,minus,minus,0.04933585746801803,0.18225978001648702,0.0,0.04933585746801803,0.044554386716233796,0.0,2.315311581886175,True,True
5457,E01__U017__TOP__MINIMUM_CERTIFIED_OUTER_GAP,x01_t31,1,31,0.7437661474921852,0.745151729948016,0.96875,1.0,0.0175,0.02,-1e-06,1e-06,CLOSED_REPRESENTATIVE_UNIT_MODULUS_MARGIN,reciprocal,reciprocal,3,4,,minus,minus,0.04933585746801803,0.18225978001648702,0.0,0.04933585746801803,0.04455437962870564,0.0,2.3153115819377605,True,True
5457,E01__U017__TOP__MINIMUM_CERTIFIED_OUTER_GAP,x02_t00,2,0,0.745151729948016,0.746537312403847,0.0,0.03125,0.0175,0.02,-1e-06,1e-06,CLOSED_REPRESENTATIVE_UNIT_MODULUS_MARGIN,reciprocal,reciprocal,0,4,,holomorphic,plus,0.4710814084725977,0.5184442393449158,0.0036219279475877167,0.4289807177119642,0.4710814084725977,0.003208146164632313,2.322415802870683,True,True
5457,E01__U017__TOP__MINIMUM_CERTIFIED_OUTER_GAP,x02_t00,2,0,0.745151729948016,0.746537312403847,0.0,0.03125,0.0175,0.02,-1e-06,1e-06,CLOSED_REPRESENTATIVE_UNIT_MODULUS_MARGIN,reciprocal,reciprocal,1,4,,holomorphic,plus,0.47108140894019845,0.5184442388538554,0.0036219279475877167,0.4289807177119642,0.47108140894019845,0.003208146170686541,2.3224158028189343,True,True
5457,E01__U017__TOP__MINIMUM_CERTIFIED_OUTER_GAP,x02_t00,2,0,0.745151729948016,0.746537312403847,0.0,0.03125,0.0175,0.02,-1e-06,1e-06,CLOSED_REPRESENTATIVE_UNIT_MODULUS_MARGIN,reciprocal,reciprocal,2,4,,holomorphic,plus,0.47108136094286235,0.5184441870097691,0.0036219279475877167,0.4289807177119642,0.47108136094286235,0.003208146485445103,2.3224155661953123,True,True
5457,E01__U017__TOP__MINIMUM_CERTIFIED_OUTER_GAP,x02_t00,2,0,0.745151729948016,0.746537312403847,0.0,0.03125,0.0175,0.02,-1e-06,1e-06,CLOSED_REPRESENTATIVE_UNIT_MODULUS_MARGIN,reciprocal,reciprocal,3,4,,holomorphic,plus,0.4710813604752616,0.5184441875008294,0.0036219279475877167,0.4289807177119642,0.4710813604752616,0.003208146479390874,2.322415566247061,True,True
5457,E01__U017__TOP__MINIMUM_CERTIFIED_OUTER_GAP,x02_t01,2,1,0.745151729948016,0.746537312403847,0.03125,0.0625,0.0175,0.02,-1e-06,1e-06,CLOSED_REPRESENTATIVE_UNIT_MODULUS_MARGIN,reciprocal,reciprocal,0,4,,holomorphic,plus,0.45876271921279826,0.5069441315753791,0.003644135096050373,0.41798002768751163,0.45876271921279826,0.0032550276941689426,2.322415802870683,True,True
5457,E01__U017__TOP__MINIMUM_CERTIFIED_OUTER_GAP,x02_t01,2,1,0.745151729948016,0.746537312403847,0.03125,0.0625,0.0175,0.02,-1e-06,1e-06,CLOSED_REPRESENTATIVE_UNIT_MODULUS_MARGIN,reciprocal,reciprocal,1,4,,holomorphic,plus,0.458762719705648,0.5069441310596313,0.003644135096050373,0.41798002768751163,0.458762719705648,0.0032550277116949627,2.3224158028189343,True,True
5457,E01__U017__TOP__MINIMUM_CERTIFIED_OUTER_GAP,x02_t01,2,1,0.745151729948016,0.746537312403847,0.03125,0.0625,0.0175,0.02,-1e-06,1e-06,CLOSED_REPRESENTATIVE_UNIT_MODULUS_MARGIN,reciprocal,reciprocal,2,4,,holomorphic,plus,0.4587626729634183,0.5069440803655615,0.003644135096050373,0.41798002768751163,0.4587626729634183,0.0032550280310482643,2.3224155661953123,True,True
5457,E01__U017__TOP__MINIMUM_CERTIFIED_OUTER_GAP,x02_t01,2,1,0.745151729948016,0.746537312403847,0.03125,0.0625,0.0175,0.02,-1e-06,1e-06,CLOSED_REPRESENTATIVE_UNIT_MODULUS_MARGIN,reciprocal,reciprocal,3,4,,holomorphic,plus,0.45876267247056857,0.5069440808813093,0.003644135096050373,0.41798002768751163,0.45876267247056857,0.0032550280135222407,2.322415566247061,True,True
5457,E01__U017__TOP__MINIMUM_CERTIFIED_OUTER_GAP,x02_t02,2,2,0.745151729948016,0.746537312403847,0.0625,0.09375,0.0175,0.02,-1e-06,1e-06,CLOSED_REPRESENTATIVE_UNIT_MODULUS_MARGIN,reciprocal,reciprocal,0,4,,holomorphic,plus,0.44642331900873194,0.49545948873017137,0.0037721200052632828,0.40696767199157935,0.44642331900873194,0.003396667887333923,2.322415802870683,True,True
5457,E01__U017__TOP__MINIMUM_CERTIFIED_OUTER_GAP,x02_t02,2,2,0.745151729948016,0.746537312403847,0.0625,0.09375,0.0175,0.02,-1e-06,1e-06,CLOSED_REPRESENTATIVE_UNIT_MODULUS_MARGIN,reciprocal,reciprocal,1,4,,holomorphic,plus,0.4464233195285644,0.49545948818800245,0.0037721200052632828,0.40696767199157935,0.4464233195285644,0.0033966679162663166,2.3224158028189343,True,True
5457,E01__U017__TOP__MINIMUM_CERTIFIED_OUTER_GAP,x02_t02,2,2,0.745151729948016,0.746537312403847,0.0625,0.09375,0.0175,0.02,-1e-06,1e-06,CLOSED_REPRESENTATIVE_UNIT_MODULUS_MARGIN,reciprocal,reciprocal,2,4,,holomorphic,plus,0.44642327404355087,0.49545943864240305,0.0037721200052632828,0.40696767199157935,0.44642327404355087,0.0033966682495117887,2.3224155661953123,True,True
5457,E01__U017__TOP__MINIMUM_CERTIFIED_OUTER_GAP,x02_t02,2,2,0.745151729948016,0.746537312403847,0.0625,0.09375,0.0175,0.02,-1e-06,1e-06,CLOSED_REPRESENTATIVE_UNIT_MODULUS_MARGIN,reciprocal,reciprocal,3,4,,holomorphic,plus,0.4464232735237184,0.495459439184572,0.0037721200052632828,0.40696767199157935,0.4464232735237184,0.003396668220579389,2.322415566247061,True,True
5457,E01__U017__TOP__MINIMUM_CERTIFIED_OUTER_GAP,x02_t03,2,3,0.745151729948016,0.746537312403847,0.09375,0.125,0.0175,0.02,-1e-06,1e-06,CLOSED_REPRESENTATIVE_UNIT_MODULUS_MARGIN,reciprocal,reciprocal,0,4,,holomorphic,plus,0.4340618094005543,0.4839918848017443,0.003986044088630779,0.39594279492049744,0.4340618094005543,0.0036145351579843013,2.322415802870683,True,True
5457,E01__U017__TOP__MINIMUM_CERTIFIED_OUTER_GAP,x02_t03,2,3,0.745151729948016,0.746537312403847,0.09375,0.125,0.0175,0.02,-1e-06,1e-06,CLOSED_REPRESENTATIVE_UNIT_MODULUS_MARGIN,reciprocal,reciprocal,1,4,,holomorphic,plus,0.4340618099492807,0.4839918842312427,0.003986044088630779,0.39594279492049744,0.4340618099492807,0.0036145351976673086,2.3224158028189343,True,True
5457,E01__U017__TOP__MINIMUM_CERTIFIED_OUTER_GAP,x02_t03,2,3,0.745151729948016,0.746537312403847,0.09375,0.125,0.0175,0.02,-1e-06,1e-06,CLOSED_REPRESENTATIVE_UNIT_MODULUS_MARGIN,reciprocal,reciprocal,2,4,,holomorphic,plus,0.4340617657237355,0.4839918358324103,0.003986044088630779,0.39594279492049744,0.4340617657237355,0.0036145355522844065,2.3224155661953123,True,True
5457,E01__U017__TOP__MINIMUM_CERTIFIED_OUTER_GAP,x02_t03,2,3,0.745151729948016,0.746537312403847,0.09375,0.125,0.0175,0.02,-1e-06,1e-06,CLOSED_REPRESENTATIVE_UNIT_MODULUS_MARGIN,reciprocal,reciprocal,3,4,,holomorphic,plus,0.4340617651750091,0.48399183640291193,0.003986044088630779,0.39594279492049744,0.4340617651750091,0.003614535512601391,2.322415566247061,True,True
5457,E01__U017__TOP__MINIMUM_CERTIFIED_OUTER_GAP,x02_t04,2,4,0.745151729948016,0.746537312403847,0.125,0.15625,0.0175,0.02,-1e-06,1e-06,CLOSED_REPRESENTATIVE_UNIT_MODULUS_MARGIN,reciprocal,reciprocal,0,4,,holomorphic,plus,0.42167664484027156,0.47254309549869056,0.004263340304126433,0.38490442490649224,0.42167664484027156,0.003888581671451226,2.322415802870683,True,True
5457,E01__U017__TOP__MINIMUM_CERTIFIED_OUTER_GAP,x02_t04,2,4,0.745151729948016,0.746537312403847,0.125,0.15625,0.0175,0.02,-1e-06,1e-06,CLOSED_REPRESENTATIVE_UNIT_MODULUS_MARGIN,reciprocal,reciprocal,1,4,,holomorphic,plus,0.421676645420006,0.472543094897742,0.004263340304126433,0.38490442490649224,0.421676645420006,0.0038885817210609244,2.3224158028189343,True,True
5457,E01__U017__TOP__MINIMUM_CERTIFIED_OUTER_GAP,x02_t04,2,4,0.745151729948016,0.746537312403847,0.125,0.15625,0.0175,0.02,-1e-06,1e-06,CLOSED_REPRESENTATIVE_UNIT_MODULUS_MARGIN,reciprocal,reciprocal,2,4,,holomorphic,plus,0.42167660245633887,0.4725430476437956,0.004263340304126433,0.38490442490649224,0.42167660245633887,0.003888582102562165,2.3224155661953123,True,True
5457,E01__U017__TOP__MINIMUM_CERTIFIED_OUTER_GAP,x02_t04,2,4,0.745151729948016,0.746537312403847,0.125,0.15625,0.0175,0.02,-1e-06,1e-06,CLOSED_REPRESENTATIVE_UNIT_MODULUS_MARGIN,reciprocal,reciprocal,3,4,,holomorphic,plus,0.4216766018766044,0.4725430482447442,0.004263340304126433,0.38490442490649224,0.4216766018766044,0.003888582052952457,2.322415566247061,True,True
5457,E01__U017__TOP__MINIMUM_CERTIFIED_OUTER_GAP,x02_t05,2,5,0.745151729948016,0.746537312403847,0.15625,0.1875,0.0175,0.02,-1e-06,1e-06,CLOSED_REPRESENTATIVE_UNIT_MODULUS_MARGIN,reciprocal,reciprocal,0,4,,holomorphic,plus,0.4092660361628493,0.4611152068705237,0.004582931378655672,0.3738514316837015,0.4092660361628493,0.004200731490934145,2.322415802870683,True,True
5457,E01__U017__TOP__MINIMUM_CERTIFIED_OUTER_GAP,x02_t05,2,5,0.745151729948016,0.746537312403847,0.15625,0.1875,0.0175,0.02,-1e-06,1e-06,CLOSED_REPRESENTATIVE_UNIT_MODULUS_MARGIN,reciprocal,reciprocal,1,4,,holomorphic,plus,0.4092660367759293,0.4611152062367903,0.004582931378655672,0.3738514316837015,0.4092660367759293,0.004200731549761728,2.3224158028189343,True,True
5457,E01__U017__TOP__MINIMUM_CERTIFIED_OUTER_GAP,x02_t05,2,5,0.745151729948016,0.746537312403847,0.15625,0.1875,0.0175,0.02,-1e-06,1e-06,CLOSED_REPRESENTATIVE_UNIT_MODULUS_MARGIN,reciprocal,reciprocal,2,4,,holomorphic,plus,0.409265995076732,0.4611151601256404,0.004582931378655672,0.3738514316837015,0.409265995076732,0.0042007319618860475,2.3224155661953123,True,True
5457,E01__U017__TOP__MINIMUM_CERTIFIED_OUTER_GAP,x02_t05,2,5,0.745151729948016,0.746537312403847,0.15625,0.1875,0.0175,0.02,-1e-06,1e-06,CLOSED_REPRESENTATIVE_UNIT_MODULUS_MARGIN,reciprocal,reciprocal,3,4,,holomorphic,plus,0.409265994463652,0.46111516075937375,0.004582931378655672,0.3738514316837015,0.409265994463652,0.004200731903058453,2.322415566247061,True,True
5457,E01__U017__TOP__MINIMUM_CERTIFIED_OUTER_GAP,x02_t06,2,6,0.745151729948016,0.746537312403847,0.1875,0.21875,0.0175,0.02,-1e-06,1e-06,CLOSED_REPRESENTATIVE_UNIT_MODULUS_MARGIN,reciprocal,reciprocal,0,4,,holomorphic,plus,0.39682797913757295,0.4497105986333455,0.004927056955279891,0.3627824595451804,0.39682797913757295,0.004536157601330596,2.322415802870683,True,True
5457,E01__U017__TOP__MINIMUM_CERTIFIED_OUTER_GAP,x02_t06,2,6,0.745151729948016,0.746537312403847,0.1875,0.21875,0.0175,0.02,-1e-06,1e-06,CLOSED_REPRESENTATIVE_UNIT_MODULUS_MARGIN,reciprocal,reciprocal,1,4,,holomorphic,plus,0.3968279797865971,0.44971059796422835,0.004927056955279891,0.3627824595451804,0.3968279797865971,0.004536157668905585,2.3224158028189343,True,True
5457,E01__U017__TOP__MINIMUM_CERTIFIED_OUTER_GAP,x02_t06,2,6,0.745151729948016,0.746537312403847,0.1875,0.21875,0.0175,0.02,-1e-06,1e-06,CLOSED_REPRESENTATIVE_UNIT_MODULUS_MARGIN,reciprocal,reciprocal,2,4,,holomorphic,plus,0.3968279393546657,0.44971055299354745,0.004927056955279891,0.3627824595451804,0.3968279393546657,0.0045361581139370605,2.3224155661953123,True,True
5457,E01__U017__TOP__MINIMUM_CERTIFIED_OUTER_GAP,x02_t06,2,6,0.745151729948016,0.746537312403847,0.1875,0.21875,0.0175,0.02,-1e-06,1e-06,CLOSED_REPRESENTATIVE_UNIT_MODULUS_MARGIN,reciprocal,reciprocal,3,4,,holomorphic,plus,0.39682793870564154,0.44971055366266466,0.004927056955279891,0.3627824595451804,0.39682793870564154,0.0045361580463620585,2.322415566247061,True,True
5457,E01__U017__TOP__MINIMUM_CERTIFIED_OUTER_GAP,x02_t07,2,7,0.745151729948016,0.746537312403847,0.21875,0.25,0.0175,0.02,-1e-06,1e-06,CLOSED_REPRESENTATIVE_UNIT_MODULUS_MARGIN,reciprocal,reciprocal,0,4,,holomorphic,plus,0.3843602308622125,0.4383319832933143,0.0052813896630543415,0.35169609749695874,0.3843602308622125,0.0048831964039583965,2.322415802870683,True,True
5457,E01__U017__TOP__MINIMUM_CERTIFIED_OUTER_GAP,x02_t07,2,7,0.745151729948016,0.746537312403847,0.21875,0.25,0.0175,0.02,-1e-06,1e-06,CLOSED_REPRESENTATIVE_UNIT_MODULUS_MARGIN,reciprocal,reciprocal,1,4,,holomorphic,plus,0.38436023155007937,0.4383319825859141,0.0052813896630543415,0.35169609749695874,0.38436023155007937,0.004883196480072347,2.3224158028189343,True,True
5457,E01__U017__TOP__MINIMUM_CERTIFIED_OUTER_GAP,x02_t07,2,7,0.745151729948016,0.746537312403847,0.21875,0.25,0.0175,0.02,-1e-06,1e-06,CLOSED_REPRESENTATIVE_UNIT_MODULUS_MARGIN,reciprocal,reciprocal,2,4,,holomorphic,plus,0.38436019238843827,0.43833193875310367,0.0052813896630543415,0.35169609749695874,0.38436019238843827,0.004883196959150578,2.3224155661953123,True,True
5457,E01__U017__TOP__MINIMUM_CERTIFIED_OUTER_GAP,x02_t07,2,7,0.745151729948016,0.746537312403847,0.21875,0.25,0.0175,0.02,-1e-06,1e-06,CLOSED_REPRESENTATIVE_UNIT_MODULUS_MARGIN,reciprocal,reciprocal,3,4,,holomorphic,plus,0.38436019170057145,0.43833193946050386,0.0052813896630543415,0.35169609749695874,0.38436019170057145,0.004883196883036612,2.322415566247061,True,True
5457,E01__U017__TOP__MINIMUM_CERTIFIED_OUTER_GAP,x02_t08,2,8,0.745151729948016,0.746537312403847,0.25,0.28125,0.0175,0.02,-1e-06,1e-06,CLOSED_REPRESENTATIVE_UNIT_MODULUS_MARGIN,reciprocal,reciprocal,0,4,,holomorphic,plus,0.37186027105366515,0.42698246395388856,0.005634424016058447,0.34059064243129916,0.37186027105366515,0.005232723744862831,2.322415802870683,True,True
5457,E01__U017__TOP__MINIMUM_CERTIFIED_OUTER_GAP,x02_t08,2,8,0.745151729948016,0.746537312403847,0.25,0.28125,0.0175,0.02,-1e-06,1e-06,CLOSED_REPRESENTATIVE_UNIT_MODULUS_MARGIN,reciprocal,reciprocal,1,4,,holomorphic,plus,0.3718602717836192,0.42698246320496014,0.005634424016058447,0.34059064243129916,0.3718602717836192,0.005232723829553766,2.3224158028189343,True,True
5457,E01__U017__TOP__MINIMUM_CERTIFIED_OUTER_GAP,x02_t08,2,8,0.745151729948016,0.746537312403847,0.25,0.28125,0.0175,0.02,-1e-06,1e-06,CLOSED_REPRESENTATIVE_UNIT_MODULUS_MARGIN,reciprocal,reciprocal,2,4,,holomorphic,plus,0.3718602338955497,0.4269824205071112,0.005634424016058447,0.34059064243129916,0.3718602338955497,0.005232724342923044,2.3224155661953123,True,True
5457,E01__U017__TOP__MINIMUM_CERTIFIED_OUTER_GAP,x02_t08,2,8,0.745151729948016,0.746537312403847,0.25,0.28125,0.0175,0.02,-1e-06,1e-06,CLOSED_REPRESENTATIVE_UNIT_MODULUS_MARGIN,reciprocal,reciprocal,3,4,,holomorphic,plus,0.3718602331655956,0.4269824212560397,0.005634424016058447,0.34059064243129916,0.3718602331655956,0.005232724258232092,2.322415566247061,True,True
5457,E01__U017__TOP__MINIMUM_CERTIFIED_OUTER_GAP,x02_t09,2,9,0.745151729948016,0.746537312403847,0.28125,0.3125,0.0175,0.02,-1e-06,1e-06,CLOSED_REPRESENTATIVE_UNIT_MODULUS_MARGIN,reciprocal,reciprocal,0,4,,holomorphic,plus,0.35932525531647347,0.41566560441339295,0.0059546599440502964,0.329464118002273,0.35932525531647347,0.0055774662615272145,2.322415802870683,True,True
5457,E01__U017__TOP__MINIMUM_CERTIFIED_OUTER_GAP,x02_t09,2,9,0.745151729948016,0.746537312403847,0.28125,0.3125,0.0175,0.02,-1e-06,1e-06,CLOSED_REPRESENTATIVE_UNIT_MODULUS_MARGIN,reciprocal,reciprocal,1,4,,holomorphic,plus,0.35932525609216015,0.4156656036192897,0.0059546599440502964,0.329464118002273,0.35932525609216015,0.005577466355057303,2.3224158028189343,True,True
5457,E01__U017__TOP__MINIMUM_CERTIFIED_OUTER_GAP,x02_t09,2,9,0.745151729948016,0.746537312403847,0.28125,0.3125,0.0175,0.02,-1e-06,1e-06,CLOSED_REPRESENTATIVE_UNIT_MODULUS_MARGIN,reciprocal,reciprocal,2,4,,holomorphic,plus,0.359325219481233,0.41566556205313726,0.0059546599440502964,0.329464118002273,0.359325219481233,0.00557746690224822,2.3224155661953123,True,True
5457,E01__U017__TOP__MINIMUM_CERTIFIED_OUTER_GAP,x02_t09,2,9,0.745151729948016,0.746537312403847,0.28125,0.3125,0.0175,0.02,-1e-06,1e-06,CLOSED_REPRESENTATIVE_UNIT_MODULUS_MARGIN,reciprocal,reciprocal,3,4,,holomorphic,plus,0.3593252187055463,0.41566556284724054,0.0059546599440502964,0.329464118002273,0.3593252187055463,0.005577466808718114,2.322415566247061,True,True
5457,E01__U017__TOP__MINIMUM_CERTIFIED_OUTER_GAP,x02_t10,2,10,0.745151729948016,0.746537312403847,0.3125,0.34375,0.0175,0.02,-1e-06,1e-06,CLOSED_REPRESENTATIVE_UNIT_MODULUS_MARGIN,reciprocal,reciprocal,0,4,,holomorphic,plus,0.3467519583403512,0.40438551469526257,0.006236040419676374,0.31831421495479406,0.3467519583403512,0.005911416508227296,2.322415802870683,True,True
5457,E01__U017__TOP__MINIMUM_CERTIFIED_OUTER_GAP,x02_t10,2,10,0.745151729948016,0.746537312403847,0.3125,0.34375,0.0175,0.02,-1e-06,1e-06,CLOSED_REPRESENTATIVE_UNIT_MODULUS_MARGIN,reciprocal,reciprocal,1,4,,holomorphic,plus,0.34675195916588286,0.4043855138518707,0.006236040419676374,0.31831421495479406,0.34675195916588286,0.005911416611067136,2.3224158028189343,True,True
5457,E01__U017__TOP__MINIMUM_CERTIFIED_OUTER_GAP,x02_t10,2,10,0.745151729948016,0.746537312403847,0.3125,0.34375,0.0175,0.02,-1e-06,1e-06,CLOSED_REPRESENTATIVE_UNIT_MODULUS_MARGIN,reciprocal,reciprocal,2,4,,holomorphic,plus,0.3467519238359975,0.4043854734137387,0.006236040419676374,0.31831421495479406,0.3467519238359975,0.005911417191020801,2.3224155661953123,True,True
5457,E01__U017__TOP__MINIMUM_CERTIFIED_OUTER_GAP,x02_t10,2,10,0.745151729948016,0.746537312403847,0.3125,0.34375,0.0175,0.02,-1e-06,1e-06,CLOSED_REPRESENTATIVE_UNIT_MODULUS_MARGIN,reciprocal,reciprocal,3,4,,holomorphic,plus,0.3467519230104658,0.4043854742571305,0.006236040419676374,0.31831421495479406,0.3467519230104658,0.00591141708818094,2.322415566247061,True,True
5457,E01__U017__TOP__MINIMUM_CERTIFIED_OUTER_GAP,x02_t11,2,11,0.745151729948016,0.746537312403847,0.34375,0.375,0.0175,0.02,-1e-06,1e-06,CLOSED_REPRESENTATIVE_UNIT_MODULUS_MARGIN,reciprocal,reciprocal,0,4,,holomorphic,plus,0.33413670434783715,0.3931469561053021,0.006484356546535503,0.3071382152866477,0.33413670434783715,0.006229379104034704,2.322415802870683,True,True
5457,E01__U017__TOP__MINIMUM_CERTIFIED_OUTER_GAP,x02_t11,2,11,0.745151729948016,0.746537312403847,0.34375,0.375,0.0175,0.02,-1e-06,1e-06,CLOSED_REPRESENTATIVE_UNIT_MODULUS_MARGIN,reciprocal,reciprocal,1,4,,holomorphic,plus,0.33413670522787264,0.393146955207961,0.006484356546535503,0.3071382152866477,0.33413670522787264,0.00622937921685838,2.3224158028189343,True,True
5457,E01__U017__TOP__MINIMUM_CERTIFIED_OUTER_GAP,x02_t11,2,11,0.745151729948016,0.746537312403847,0.34375,0.375,0.0175,0.02,-1e-06,1e-06,CLOSED_REPRESENTATIVE_UNIT_MODULUS_MARGIN,reciprocal,reciprocal,2,4,,holomorphic,plus,0.3341366711833028,0.3931469158936973,0.006484356546535503,0.3071382152866477,0.3341366711833028,0.0062293798280061,2.3224155661953123,True,True
5457,E01__U017__TOP__MINIMUM_CERTIFIED_OUTER_GAP,x02_t11,2,11,0.745151729948016,0.746537312403847,0.34375,0.375,0.0175,0.02,-1e-06,1e-06,CLOSED_REPRESENTATIVE_UNIT_MODULUS_MARGIN,reciprocal,reciprocal,3,4,,holomorphic,plus,0.33413667030326727,0.3931469167910384,0.006484356546535503,0.3071382152866477,0.33413667030326727,0.0062293797151824004,2.322415566247061,True,True
5457,E01__U017__TOP__MINIMUM_CERTIFIED_OUTER_GAP,x02_t12,2,12,0.745151729948016,0.746537312403847,0.375,0.40625,0.0175,0.02,-1e-06,1e-06,CLOSED_REPRESENTATIVE_UNIT_MODULUS_MARGIN,reciprocal,reciprocal,0,4,,holomorphic,plus,0.3214752812538521,0.3819554711998331,0.006691778726075662,0.2959328950431611,0.3214752812538521,0.006526626665717351,2.322415802870683,True,True
5457,E01__U017__TOP__MINIMUM_CERTIFIED_OUTER_GAP,x02_t12,2,12,0.745151729948016,0.746537312403847,0.375,0.40625,0.0175,0.02,-1e-06,1e-06,CLOSED_REPRESENTATIVE_UNIT_MODULUS_MARGIN,reciprocal,reciprocal,1,4,,holomorphic,plus,0.32147528219369353,0.3819554702432382,0.006691778726075662,0.2959328950431611,0.32147528219369353,0.006526626789409138,2.3224158028189343,True,True
5457,E01__U017__TOP__MINIMUM_CERTIFIED_OUTER_GAP,x02_t12,2,12,0.745151729948016,0.746537312403847,0.375,0.40625,0.0175,0.02,-1e-06,1e-06,CLOSED_REPRESENTATIVE_UNIT_MODULUS_MARGIN,reciprocal,reciprocal,2,4,,holomorphic,plus,0.321475249439142,0.3819554320481368,0.006691778726075662,0.2959328950431611,0.321475249439142,0.006526627429718339,2.3224155661953123,True,True
5457,E01__U017__TOP__MINIMUM_CERTIFIED_OUTER_GAP,x02_t12,2,12,0.745151729948016,0.746537312403847,0.375,0.40625,0.0175,0.02,-1e-06,1e-06,CLOSED_REPRESENTATIVE_UNIT_MODULUS_MARGIN,reciprocal,reciprocal,3,4,,holomorphic,plus,0.3214752484993006,0.3819554330047316,0.006691778726075662,0.2959328950431611,0.3214752484993006,0.006526627306026526,2.322415566247061,True,True
5457,E01__U017__TOP__MINIMUM_CERTIFIED_OUTER_GAP,x02_t13,2,13,0.745151729948016,0.746537312403847,0.40625,0.4375,0.0175,0.02,-1e-06,1e-06,CLOSED_REPRESENTATIVE_UNIT_MODULUS_MARGIN,reciprocal,reciprocal,0,4,,holomorphic,plus,0.3087628338128667,0.3708175458144474,0.0068501082296754355,0.2846943986080001,0.3087628338128667,0.006798635079535652,2.322415802870683,True,True
5457,E01__U017__TOP__MINIMUM_CERTIFIED_OUTER_GAP,x02_t13,2,13,0.745151729948016,0.746537312403847,0.40625,0.4375,0.0175,0.02,-1e-06,1e-06,CLOSED_REPRESENTATIVE_UNIT_MODULUS_MARGIN,reciprocal,reciprocal,1,4,,holomorphic,plus,0.30876283481857747,0.37081754479253226,0.0068501082296754355,0.2846943986080001,0.30876283481857747,0.006798635215208581,2.3224158028189343,True,True
5457,E01__U017__TOP__MINIMUM_CERTIFIED_OUTER_GAP,x02_t13,2,13,0.745151729948016,0.746537312403847,0.40625,0.4375,0.0175,0.02,-1e-06,1e-06,CLOSED_REPRESENTATIVE_UNIT_MODULUS_MARGIN,reciprocal,reciprocal,2,4,,holomorphic,plus,0.3087628033592416,0.3708175077112385,0.0068501082296754355,0.2846943986080001,0.3087628033592416,0.0067986358822027535,2.3224155661953123,True,True
5457,E01__U017__TOP__MINIMUM_CERTIFIED_OUTER_GAP,x02_t13,2,13,0.745151729948016,0.746537312403847,0.40625,0.4375,0.0175,0.02,-1e-06,1e-06,CLOSED_REPRESENTATIVE_UNIT_MODULUS_MARGIN,reciprocal,reciprocal,3,4,,holomorphic,plus,0.3087628023535308,0.37081750873315367,0.0068501082296754355,0.2846943986080001,0.3087628023535308,0.006798635746529798,2.322415566247061,True,True
5457,E01__U017__TOP__MINIMUM_CERTIFIED_OUTER_GAP,x02_t14,2,14,0.745151729948016,0.746537312403847,0.4375,0.46875,0.0175,0.02,-1e-06,1e-06,CLOSED_REPRESENTATIVE_UNIT_MODULUS_MARGIN,reciprocal,reciprocal,0,4,,holomorphic,plus,0.29599372937145485,0.35974081274923714,0.006950412997562916,0.27341807459765116,0.29599372937145485,0.007040871365992426,2.322415802870683,True,True
5457,E01__U017__TOP__MINIMUM_CERTIFIED_OUTER_GAP,x02_t14,2,14,0.745151729948016,0.746537312403847,0.4375,0.46875,0.0175,0.02,-1e-06,1e-06,CLOSED_REPRESENTATIVE_UNIT_MODULUS_MARGIN,reciprocal,reciprocal,1,4,,holomorphic,plus,0.29599373045000554,0.359740811655027,0.006950412997562916,0.27341807459765116,0.29599373045000554,0.007040871515019356,2.3224158028189343,True,True
5457,E01__U017__TOP__MINIMUM_CERTIFIED_OUTER_GAP,x02_t14,2,14,0.745151729948016,0.746537312403847,0.4375,0.46875,0.0175,0.02,-1e-06,1e-06,CLOSED_REPRESENTATIVE_UNIT_MODULUS_MARGIN,reciprocal,reciprocal,2,4,,holomorphic,plus,0.2959937002916562,0.35974077568142326,0.006950412997562916,0.27341807459765116,0.2959937002916562,0.00704087220577718,2.3224155661953123,True,True
5457,E01__U017__TOP__MINIMUM_CERTIFIED_OUTER_GAP,x02_t14,2,14,0.745151729948016,0.746537312403847,0.4375,0.46875,0.0175,0.02,-1e-06,1e-06,CLOSED_REPRESENTATIVE_UNIT_MODULUS_MARGIN,reciprocal,reciprocal,3,4,,holomorphic,plus,0.29599369921310553,0.35974077677563343,0.006950412997562916,0.27341807459765116,0.29599369921310553,0.007040872056750221,2.322415566247061,True,True
5457,E01__U017__TOP__MINIMUM_CERTIFIED_OUTER_GAP,x02_t15,2,15,0.745151729948016,0.746537312403847,0.46875,0.5,0.0175,0.02,-1e-06,1e-06,CLOSED_REPRESENTATIVE_UNIT_MODULUS_MARGIN,reciprocal,reciprocal,0,4,,holomorphic,plus,0.28316138749483627,0.34873431013734696,0.006982665600259677,0.2620982595024862,0.28316138749483627,0.007248613847814349,2.322415802870683,True,True
5457,E01__U017__TOP__MINIMUM_CERTIFIED_OUTER_GAP,x02_t15,2,15,0.745151729948016,0.746537312403847,0.46875,0.5,0.0175,0.02,-1e-06,1e-06,CLOSED_REPRESENTATIVE_UNIT_MODULUS_MARGIN,reciprocal,reciprocal,1,4,,holomorphic,plus,0.283161388654285,0.34873430896277835,0.006982665600259677,0.2620982595024862,0.283161388654285,0.007248614011873032,2.3224158028189343,True,True
5457,E01__U017__TOP__MINIMUM_CERTIFIED_OUTER_GAP,x02_t15,2,15,0.745151729948016,0.746537312403847,0.46875,0.5,0.0175,0.02,-1e-06,1e-06,CLOSED_REPRESENTATIVE_UNIT_MODULUS_MARGIN,reciprocal,reciprocal,2,4,,holomorphic,plus,0.28316135980336343,0.3487342740898435,0.006982665600259677,0.2620982595024862,0.28316135980336343,0.007248614723009853,2.3224155661953123,True,True
5457,E01__U017__TOP__MINIMUM_CERTIFIED_OUTER_GAP,x02_t15,2,15,0.745151729948016,0.746537312403847,0.46875,0.5,0.0175,0.02,-1e-06,1e-06,CLOSED_REPRESENTATIVE_UNIT_MODULUS_MARGIN,reciprocal,reciprocal,3,4,,holomorphic,plus,0.2831613586439147,0.3487342752644121,0.006982665600259677,0.2620982595024862,0.2831613586439147,0.0072486145589511376,2.322415566247061,True,True
5457,E01__U017__TOP__MINIMUM_CERTIFIED_OUTER_GAP,x02_t16,2,16,0.745151729948016,0.746537312403847,0.5,0.53125,0.0175,0.02,-1e-06,1e-06,CLOSED_REPRESENTATIVE_UNIT_MODULUS_MARGIN,reciprocal,reciprocal,0,4,,holomorphic,plus,0.27025806135873226,0.3378088124003683,0.0069353741343161565,0.25072798945094094,0.27025806135873226,0.007416790631801926,2.322415802870683,True,True
5457,E01__U017__TOP__MINIMUM_CERTIFIED_OUTER_GAP,x02_t16,2,16,0.745151729948016,0.746537312403847,0.5,0.53125,0.0175,0.02,-1e-06,1e-06,CLOSED_REPRESENTATIVE_UNIT_MODULUS_MARGIN,reciprocal,reciprocal,1,4,,holomorphic,plus,0.27025806260845087,0.3378088111360626,0.0069353741343161565,0.25072798945094094,0.27025806260845087,0.00741679081293654,2.3224158028189343,True,True
5457,E01__U017__TOP__MINIMUM_CERTIFIED_OUTER_GAP,x02_t16,2,16,0.745151729948016,0.746537312403847,0.5,0.53125,0.0175,0.02,-1e-06,1e-06,CLOSED_REPRESENTATIVE_UNIT_MODULUS_MARGIN,reciprocal,reciprocal,2,4,,holomorphic,plus,0.2702580350721872,0.33780877735569825,0.0069353741343161565,0.25072798945094094,0.2702580350721872,0.007416791540569996,2.3224155661953123,True,True
5457,E01__U017__TOP__MINIMUM_CERTIFIED_OUTER_GAP,x02_t16,2,16,0.745151729948016,0.746537312403847,0.5,0.53125,0.0175,0.02,-1e-06,1e-06,CLOSED_REPRESENTATIVE_UNIT_MODULUS_MARGIN,reciprocal,reciprocal,3,4,,holomorphic,plus,0.27025803382246866,0.33780877862000397,0.0069353741343161565,0.25072798945094094,0.27025803382246866,0.007416791359435346,2.322415566247061,True,True
5457,E01__U017__TOP__MINIMUM_CERTIFIED_OUTER_GAP,x02_t17,2,17,0.745151729948016,0.746537312403847,0.53125,0.5625,0.0175,0.02,-1e-06,1e-06,CLOSED_REPRESENTATIVE_UNIT_MODULUS_MARGIN,reciprocal,reciprocal,0,4,,holomorphic,plus,0.25727455386682657,0.3269772587252198,0.006795225096320324,0.23929861199204808,0.25727455386682657,0.00753982863244755,2.322415802870683,True,True
5457,E01__U017__TOP__MINIMUM_CERTIFIED_OUTER_GAP,x02_t17,2,17,0.745151729948016,0.746537312403847,0.53125,0.5625,0.0175,0.02,-1e-06,1e-06,CLOSED_REPRESENTATIVE_UNIT_MODULUS_MARGIN,reciprocal,reciprocal,1,4,,holomorphic,plus,0.25727455521778536,0.32697725736019784,0.006795225096320324,0.23929861199204808,0.25727455521778536,0.007539828833150251,2.3224158028189343,True,True
5457,E01__U017__TOP__MINIMUM_CERTIFIED_OUTER_GAP,x02_t17,2,17,0.745151729948016,0.746537312403847,0.53125,0.5625,0.0175,0.02,-1e-06,1e-06,CLOSED_REPRESENTATIVE_UNIT_MODULUS_MARGIN,reciprocal,reciprocal,2,4,,holomorphic,plus,0.2572745290043465,0.32697722466301216,0.006795225096320324,0.23929861199204808,0.2572745290043465,0.0075398295728510804,2.3224155661953123,True,True
5457,E01__U017__TOP__MINIMUM_CERTIFIED_OUTER_GAP,x02_t17,2,17,0.745151729948016,0.746537312403847,0.53125,0.5625,0.0175,0.02,-1e-06,1e-06,CLOSED_REPRESENTATIVE_UNIT_MODULUS_MARGIN,reciprocal,reciprocal,3,4,,holomorphic,plus,0.2572745276533877,0.32697722602803414,0.006795225096320324,0.23929861199204808,0.2572745276533877,0.0075398293721483396,2.322415566247061,True,True
5457,E01__U017__TOP__MINIMUM_CERTIFIED_OUTER_GAP,x02_t18,2,18,0.745151729948016,0.746537312403847,0.5625,0.59375,0.0175,0.02,-1e-06,1e-06,CLOSED_REPRESENTATIVE_UNIT_MODULUS_MARGIN,reciprocal,reciprocal,0,4,,holomorphic,plus,0.2441998441351407,0.3162553142900288,0.006546829139051948,0.22779925717520544,0.2441998441351407,0.007611513210541161,2.322415802870683,True,True
5457,E01__U017__TOP__MINIMUM_CERTIFIED_OUTER_GAP,x02_t18,2,18,0.745151729948016,0.746537312403847,0.5625,0.59375,0.0175,0.02,-1e-06,1e-06,CLOSED_REPRESENTATIVE_UNIT_MODULUS_MARGIN,reciprocal,reciprocal,1,4,,holomorphic,plus,0.2441998456002714,0.3162553128113478,0.006546829139051948,0.22779925717520544,0.2441998456002714,0.007611513433858076,2.3224158028189343,True,True
5457,E01__U017__TOP__MINIMUM_CERTIFIED_OUTER_GAP,x02_t18,2,18,0.745151729948016,0.746537312403847,0.5625,0.59375,0.0175,0.02,-1e-06,1e-06,CLOSED_REPRESENTATIVE_UNIT_MODULUS_MARGIN,reciprocal,reciprocal,2,4,,holomorphic,plus,0.24419982071894655,0.31625528118638285,0.006546829139051948,0.22779925717520544,0.24419982071894655,0.00761151418058715,2.3224155661953123,True,True
5457,E01__U017__TOP__MINIMUM_CERTIFIED_OUTER_GAP,x02_t18,2,18,0.745151729948016,0.746537312403847,0.5625,0.59375,0.0175,0.02,-1e-06,1e-06,CLOSED_REPRESENTATIVE_UNIT_MODULUS_MARGIN,reciprocal,reciprocal,3,4,,holomorphic,plus,0.24419981925381587,0.31625528266506386,0.006546829139051948,0.22779925717520544,0.24419981925381587,0.007611513957270191,2.322415566247061,True,True
5457,E01__U017__TOP__MINIMUM_CERTIFIED_OUTER_GAP,x02_t19,2,19,0.745151729948016,0.746537312403847,0.59375,0.625,0.0175,0.02,-1e-06,1e-06,CLOSED_REPRESENTATIVE_UNIT_MODULUS_MARGIN,reciprocal,reciprocal,0,4,,holomorphic,plus,0.23102058893114494,0.30566211478027655,0.006172862401214132,0.21621610822705045,0.23102058893114494,0.007624871730831149,2.322415802870683,True,True
5457,E01__U017__TOP__MINIMUM_CERTIFIED_OUTER_GAP,x02_t19,2,19,0.745151729948016,0.746537312403847,0.59375,0.625,0.0175,0.02,-1e-06,1e-06,CLOSED_REPRESENTATIVE_UNIT_MODULUS_MARGIN,reciprocal,reciprocal,1,4,,holomorphic,plus,0.23102059052580648,0.3056621131725638,0.006172862401214132,0.21621610822705045,0.23102059052580648,0.007624871980497154,2.3224158028189343,True,True
5457,E01__U017__TOP__MINIMUM_CERTIFIED_OUTER_GAP,x02_t19,2,19,0.745151729948016,0.746537312403847,0.59375,0.625,0.0175,0.02,-1e-06,1e-06,CLOSED_REPRESENTATIVE_UNIT_MODULUS_MARGIN,reciprocal,reciprocal,2,4,,holomorphic,plus,0.2310205669872439,0.30566208260694866,0.006172862401214132,0.21621610822705045,0.2310205669872439,0.007624872728531077,2.3224155661953123,True,True
5457,E01__U017__TOP__MINIMUM_CERTIFIED_OUTER_GAP,x02_t19,2,19,0.745151729948016,0.746537312403847,0.59375,0.625,0.0175,0.02,-1e-06,1e-06,CLOSED_REPRESENTATIVE_UNIT_MODULUS_MARGIN,reciprocal,reciprocal,3,4,,holomorphic,plus,0.23102056539258237,0.30566208421466134,0.006172862401214132,0.21621610822705045,0.23102056539258237,0.007624872478865023,2.322415566247061,True,True
5457,E01__U017__TOP__MINIMUM_CERTIFIED_OUTER_GAP,x02_t20,2,20,0.745151729948016,0.746537312403847,0.625,0.65625,0.0175,0.02,-1e-06,1e-06,CLOSED_REPRESENTATIVE_UNIT_MODULUS_MARGIN,reciprocal,reciprocal,0,4,,holomorphic,plus,0.2177204466561536,0.2952212679130578,0.005653701745661832,0.20453138326658782,0.2177204466561536,0.007572120503101888,2.322415802870683,True,True
5457,E01__U017__TOP__MINIMUM_CERTIFIED_OUTER_GAP,x02_t20,2,20,0.745151729948016,0.746537312403847,0.625,0.65625,0.0175,0.02,-1e-06,1e-06,CLOSED_REPRESENTATIVE_UNIT_MODULUS_MARGIN,reciprocal,reciprocal,1,4,,holomorphic,plus,0.21772044839873717,0.29522126615790606,0.005653701745661832,0.20453138326658782,0.21772044839873717,0.00757212078370541,2.3224158028189343,True,True
5457,E01__U017__TOP__MINIMUM_CERTIFIED_OUTER_GAP,x02_t20,2,20,0.745151729948016,0.746537312403847,0.625,0.65625,0.0175,0.02,-1e-06,1e-06,CLOSED_REPRESENTATIVE_UNIT_MODULUS_MARGIN,reciprocal,reciprocal,2,4,,holomorphic,plus,0.21772042621524937,0.2952212366364096,0.005653701745661832,0.20453138326658782,0.21772042621524937,0.007572121526556906,2.3224155661953123,True,True
5457,E01__U017__TOP__MINIMUM_CERTIFIED_OUTER_GAP,x02_t20,2,20,0.745151729948016,0.746537312403847,0.625,0.65625,0.0175,0.02,-1e-06,1e-06,CLOSED_REPRESENTATIVE_UNIT_MODULUS_MARGIN,reciprocal,reciprocal,3,4,,holomorphic,plus,0.21772042447266576,0.29522123839156134,0.005653701745661832,0.20453138326658782,0.21772042447266576,0.007572121245953327,2.322415566247061,True,True
5457,E01__U017__TOP__MINIMUM_CERTIFIED_OUTER_GAP,x02_t21,2,21,0.745151729948016,0.746537312403847,0.65625,0.6875,0.0175,0.02,-1e-06,1e-06,CLOSED_REPRESENTATIVE_UNIT_MODULUS_MARGIN,reciprocal,reciprocal,0,4,,holomorphic,plus,0.20427914482263843,0.2849622213945244,0.004940754535111624,0.19272189519160837,0.20427914482263843,0.007444776263554092,2.322415802870683,True,True
5457,E01__U017__TOP__MINIMUM_CERTIFIED_OUTER_GAP,x02_t21,2,21,0.745151729948016,0.746537312403847,0.65625,0.6875,0.0175,0.02,-1e-06,1e-06,CLOSED_REPRESENTATIVE_UNIT_MODULUS_MARGIN,reciprocal,reciprocal,1,4,,holomorphic,plus,0.20427914673536096,0.2849622194696993,0.004940754535111624,0.19272189519160837,0.20427914673536096,0.007444776580720617,2.3224158028189343,True,True
5457,E01__U017__TOP__MINIMUM_CERTIFIED_OUTER_GAP,x02_t21,2,21,0.745151729948016,0.746537312403847,0.65625,0.6875,0.0175,0.02,-1e-06,1e-06,CLOSED_REPRESENTATIVE_UNIT_MODULUS_MARGIN,reciprocal,reciprocal,2,4,,holomorphic,plus,0.20427912592132502,0.2849621909741466,0.004940754535111624,0.19272189519160837,0.20427912592132502,0.007444777311069848,2.3224155661953123,True,True
5457,E01__U017__TOP__MINIMUM_CERTIFIED_OUTER_GAP,x02_t21,2,21,0.745151729948016,0.746537312403847,0.65625,0.6875,0.0175,0.02,-1e-06,1e-06,CLOSED_REPRESENTATIVE_UNIT_MODULUS_MARGIN,reciprocal,reciprocal,3,4,,holomorphic,plus,0.2042791240086025,0.2849621928989717,0.004940754535111624,0.19272189519160837,0.2042791240086025,0.007444776993903259,2.322415566247061,True,True
5457,E01__U017__TOP__MINIMUM_CERTIFIED_OUTER_GAP,x02_t22,2,22,0.745151729948016,0.746537312403847,0.6875,0.71875,0.0175,0.02,-1e-06,1e-06,CLOSED_REPRESENTATIVE_UNIT_MODULUS_MARGIN,reciprocal,reciprocal,0,4,,holomorphic,plus,0.19067116944585932,0.27492216275876646,0.003981427701091817,0.18075698832257378,0.19067116944585932,0.00722937893834353,2.322415802870683,True,True
5457,E01__U017__TOP__MINIMUM_CERTIFIED_OUTER_GAP,x02_t22,2,22,0.745151729948016,0.746537312403847,0.6875,0.71875,0.0175,0.02,-1e-06,1e-06,CLOSED_REPRESENTATIVE_UNIT_MODULUS_MARGIN,reciprocal,reciprocal,1,4,,holomorphic,plus,0.1906711715558156,0.2749221606371582,0.003981427701091817,0.18075698832257378,0.1906711715558156,0.0072293792730266735,2.3224158028189343,True,True
5457,E01__U017__TOP__MINIMUM_CERTIFIED_OUTER_GAP,x02_t22,2,22,0.745151729948016,0.746537312403847,0.6875,0.71875,0.0175,0.02,-1e-06,1e-06,CLOSED_REPRESENTATIVE_UNIT_MODULUS_MARGIN,reciprocal,reciprocal,2,4,,holomorphic,plus,0.19067115212820704,0.2749221331456567,0.003981427701091817,0.18075698832257378,0.19067115212820704,0.007229379982238561,2.3224155661953123,True,True
5457,E01__U017__TOP__MINIMUM_CERTIFIED_OUTER_GAP,x02_t22,2,22,0.745151729948016,0.746537312403847,0.6875,0.71875,0.0175,0.02,-1e-06,1e-06,CLOSED_REPRESENTATIVE_UNIT_MODULUS_MARGIN,reciprocal,reciprocal,3,4,,holomorphic,plus,0.19067115001825077,0.27492213526726494,0.003981427701091817,0.18075698832257378,0.19067115001825077,0.007229379647555351,2.322415566247061,True,True
5457,E01__U017__TOP__MINIMUM_CERTIFIED_OUTER_GAP,x02_t23,2,23,0.745151729948016,0.746537312403847,0.71875,0.75,0.0175,0.02,-1e-06,1e-06,CLOSED_REPRESENTATIVE_UNIT_MODULUS_MARGIN,reciprocal,reciprocal,0,4,,holomorphic,plus,0.1768638856057628,0.2651487060264384,0.002715007138938041,0.16859554395130044,0.1768638856057628,0.006897322880859969,2.322415802870683,True,True
5457,E01__U017__TOP__MINIMUM_CERTIFIED_OUTER_GAP,x02_t23,2,23,0.745151729948016,0.746537312403847,0.71875,0.75,0.0175,0.02,-1e-06,1e-06,CLOSED_REPRESENTATIVE_UNIT_MODULUS_MARGIN,reciprocal,reciprocal,1,4,,holomorphic,plus,0.17686388794633648,0.26514870367465976,0.002715007138938041,0.16859554395130044,0.17686388794633648,0.006897323224942988,2.3224158028189343,True,True
5457,E01__U017__TOP__MINIMUM_CERTIFIED_OUTER_GAP,x02_t23,2,23,0.745151729948016,0.746537312403847,0.71875,0.75,0.0175,0.02,-1e-06,1e-06,CLOSED_REPRESENTATIVE_UNIT_MODULUS_MARGIN,reciprocal,reciprocal,2,4,,holomorphic,plus,0.17686386992545444,0.26514867716055696,0.002715007138938041,0.16859554395130044,0.17686386992545444,0.006897323901573418,2.3224155661953123,True,True
5457,E01__U017__TOP__MINIMUM_CERTIFIED_OUTER_GAP,x02_t23,2,23,0.745151729948016,0.746537312403847,0.71875,0.75,0.0175,0.02,-1e-06,1e-06,CLOSED_REPRESENTATIVE_UNIT_MODULUS_MARGIN,reciprocal,reciprocal,3,4,,holomorphic,plus,0.17686386758488074,0.26514867951233567,0.002715007138938041,0.16859554395130044,0.17686386758488074,0.00689732355749033,2.322415566247061,True,True
5457,E01__U017__TOP__MINIMUM_CERTIFIED_OUTER_GAP,x02_t24,2,24,0.745151729948016,0.746537312403847,0.75,0.78125,0.0175,0.02,-1e-06,1e-06,CLOSED_REPRESENTATIVE_UNIT_MODULUS_MARGIN,reciprocal,reciprocal,0,4,,holomorphic,plus,0.16281478410310984,0.25570376545686974,0.0010603510579246917,0.1561815822623954,0.16281478410310984,0.006424800298023454,2.322415802870683,True,True
5457,E01__U017__TOP__MINIMUM_CERTIFIED_OUTER_GAP,x02_t24,2,24,0.745151729948016,0.746537312403847,0.75,0.78125,0.0175,0.02,-1e-06,1e-06,CLOSED_REPRESENTATIVE_UNIT_MODULUS_MARGIN,reciprocal,reciprocal,1,4,,holomorphic,plus,0.1628147867158868,0.255703762833364,0.0010603510579246917,0.1561815822623954,0.1628147867158868,0.0064248006563587265,2.3224158028189343,True,True
5457,E01__U017__TOP__MINIMUM_CERTIFIED_OUTER_GAP,x02_t24,2,24,0.745151729948016,0.746537312403847,0.75,0.78125,0.0175,0.02,-1e-06,1e-06,CLOSED_REPRESENTATIVE_UNIT_MODULUS_MARGIN,reciprocal,reciprocal,2,4,,holomorphic,plus,0.1628147701263596,0.25570373726381773,0.0010603510579246917,0.1561815822623954,0.1628147701263596,0.006424801286624851,2.3224155661953123,True,True
5457,E01__U017__TOP__MINIMUM_CERTIFIED_OUTER_GAP,x02_t24,2,24,0.745151729948016,0.746537312403847,0.75,0.78125,0.0175,0.02,-1e-06,1e-06,CLOSED_REPRESENTATIVE_UNIT_MODULUS_MARGIN,reciprocal,reciprocal,3,4,,holomorphic,plus,0.16281476751358262,0.25570373988732353,0.0010603510579246917,0.1561815822623954,0.16281476751358262,0.006424800928289506,2.322415566247061,True,True
5457,E01__U017__TOP__MINIMUM_CERTIFIED_OUTER_GAP,x02_t25,2,25,0.745151729948016,0.746537312403847,0.78125,0.8125,0.0175,0.02,-1e-06,1e-06,CLOSED_REPRESENTATIVE_UNIT_MODULUS_MARGIN,reciprocal,reciprocal,0,4,,holomorphic,plus,0.14846735776737602,0.24666925580926058,0.0,0.14343773789396794,0.14846735776737602,0.005781878041157351,2.322415802870683,True,True
5457,E01__U017__TOP__MINIMUM_CERTIFIED_OUTER_GAP,x02_t25,2,25,0.745151729948016,0.746537312403847,0.78125,0.8125,0.0175,0.02,-1e-06,1e-06,CLOSED_REPRESENTATIVE_UNIT_MODULUS_MARGIN,reciprocal,reciprocal,1,4,,holomorphic,plus,0.14846736070476516,0.24666925286172864,0.0,0.14343773789396794,0.14846736070476516,0.005781878420483334,2.3224158028189343,True,True
5457,E01__U017__TOP__MINIMUM_CERTIFIED_OUTER_GAP,x02_t25,2,25,0.745151729948016,0.746537312403847,0.78125,0.8125,0.0175,0.02,-1e-06,1e-06,CLOSED_REPRESENTATIVE_UNIT_MODULUS_MARGIN,reciprocal,reciprocal,2,4,,holomorphic,plus,0.14846734557697588,0.24666922819570788,0.0,0.14343773789396794,0.14846734557697588,0.005781878987664989,2.3224155661953123,True,True
5457,E01__U017__TOP__MINIMUM_CERTIFIED_OUTER_GAP,x02_t25,2,25,0.745151729948016,0.746537312403847,0.78125,0.8125,0.0175,0.02,-1e-06,1e-06,CLOSED_REPRESENTATIVE_UNIT_MODULUS_MARGIN,reciprocal,reciprocal,3,4,,holomorphic,plus,0.14846734263958677,0.24666923114323985,0.0,0.14343773789396794,0.14846734263958677,0.00578187860833893,2.322415566247061,True,True
5457,E01__U017__TOP__MINIMUM_CERTIFIED_OUTER_GAP,x02_t26,2,26,0.745151729948016,0.746537312403847,0.8125,0.84375,0.0175,0.02,-1e-06,1e-06,CLOSED_REPRESENTATIVE_UNIT_MODULUS_MARGIN,reciprocal,reciprocal,0,4,,holomorphic,plus,0.13370980611087324,0.23819129737413947,0.0,0.13024300062115193,0.13370980611087324,0.004925676684606594,2.322415802870683,True,True
5457,E01__U017__TOP__MINIMUM_CERTIFIED_OUTER_GAP,x02_t26,2,26,0.745151729948016,0.746537312403847,0.8125,0.84375,0.0175,0.02,-1e-06,1e-06,CLOSED_REPRESENTATIVE_UNIT_MODULUS_MARGIN,reciprocal,reciprocal,1,4,,holomorphic,plus,0.13370980944206565,0.23819129403368391,0.0,0.13024300062115193,0.13370980944206565,0.004925677095954377,2.3224158028189343,True,True
5457,E01__U017__TOP__MINIMUM_CERTIFIED_OUTER_GAP,x02_t26,2,26,0.745151729948016,0.746537312403847,0.8125,0.84375,0.0175,0.02,-1e-06,1e-06,CLOSED_REPRESENTATIVE_UNIT_MODULUS_MARGIN,reciprocal,reciprocal,2,4,,holomorphic,plus,0.13370979581778455,0.2381912702155493,0.0,0.13024300062115193,0.13370979581778455,0.004925677579123271,2.3224155661953123,True,True
5457,E01__U017__TOP__MINIMUM_CERTIFIED_OUTER_GAP,x02_t26,2,26,0.745151729948016,0.746537312403847,0.8125,0.84375,0.0175,0.02,-1e-06,1e-06,CLOSED_REPRESENTATIVE_UNIT_MODULUS_MARGIN,reciprocal,reciprocal,3,4,,holomorphic,plus,0.13370979248659215,0.23819127355600486,0.0,0.13024300062115193,0.13370979248659215,0.004925677167775405,2.322415566247061,True,True
5457,E01__U017__TOP__MINIMUM_CERTIFIED_OUTER_GAP,x02_t27,2,27,0.745151729948016,0.746537312403847,0.84375,0.875,0.0175,0.02,-1e-06,1e-06,CLOSED_REPRESENTATIVE_UNIT_MODULUS_MARGIN,reciprocal,reciprocal,0,4,,holomorphic,plus,0.11803916828556522,0.23082558623098748,0.0,0.11644106193167006,0.11803916828556522,0.003792778001508224,2.322415802870683,True,True
5457,E01__U017__TOP__MINIMUM_CERTIFIED_OUTER_GAP,x02_t27,2,27,0.745151729948016,0.746537312403847,0.84375,0.875,0.0175,0.02,-1e-06,1e-06,CLOSED_REPRESENTATIVE_UNIT_MODULUS_MARGIN,reciprocal,reciprocal,1,4,,holomorphic,plus,0.1180391720973757,0.23082558240829254,0.0,0.11644106193167006,0.1180391720973757,0.003792778465088019,2.3224158028189343,True,True
5457,E01__U017__TOP__MINIMUM_CERTIFIED_OUTER_GAP,x02_t27,2,27,0.745151729948016,0.746537312403847,0.84375,0.875,0.0175,0.02,-1e-06,1e-06,CLOSED_REPRESENTATIVE_UNIT_MODULUS_MARGIN,reciprocal,reciprocal,2,4,,holomorphic,plus,0.11803916006961415,0.23082555932683982,0.0,0.11644106193167006,0.11803916006961415,0.0037927788370913608,2.3224155661953123,True,True
5457,E01__U017__TOP__MINIMUM_CERTIFIED_OUTER_GAP,x02_t27,2,27,0.745151729948016,0.746537312403847,0.84375,0.875,0.0175,0.02,-1e-06,1e-06,CLOSED_REPRESENTATIVE_UNIT_MODULUS_MARGIN,reciprocal,reciprocal,3,4,,holomorphic,plus,0.11803915625780367,0.23082556314953478,0.0,0.11644106193167006,0.11803915625780367,0.003792778373511473,2.322415566247061,True,True
5457,E01__U017__TOP__MINIMUM_CERTIFIED_OUTER_GAP,x02_t28,2,28,0.745151729948016,0.746537312403847,0.875,0.90625,0.0175,0.02,-1e-06,1e-06,CLOSED_REPRESENTATIVE_UNIT_MODULUS_MARGIN,reciprocal,reciprocal,0,4,,minus,minus,0.10180161263051231,0.1888580385100054,0.0,0.10180161263051231,0.10158438937587376,0.00229059427425096,2.322415802870683,True,True
5457,E01__U017__TOP__MINIMUM_CERTIFIED_OUTER_GAP,x02_t28,2,28,0.745151729948016,0.746537312403847,0.875,0.90625,0.0175,0.02,-1e-06,1e-06,CLOSED_REPRESENTATIVE_UNIT_MODULUS_MARGIN,reciprocal,reciprocal,1,4,,minus,minus,0.10180161263051231,0.1888580385100054,0.0,0.10180161263051231,0.10158439378157295,0.002290594824545443,2.3224158028189343,True,True
5457,E01__U017__TOP__MINIMUM_CERTIFIED_OUTER_GAP,x02_t28,2,28,0.745151729948016,0.746537312403847,0.875,0.90625,0.0175,0.02,-1e-06,1e-06,CLOSED_REPRESENTATIVE_UNIT_MODULUS_MARGIN,reciprocal,reciprocal,2,4,,minus,minus,0.10180161263051231,0.1888580385100054,0.0,0.10180161263051231,0.1015843834301983,0.0022905950491427358,2.3224155661953123,True,True
5457,E01__U017__TOP__MINIMUM_CERTIFIED_OUTER_GAP,x02_t28,2,28,0.745151729948016,0.746537312403847,0.875,0.90625,0.0175,0.02,-1e-06,1e-06,CLOSED_REPRESENTATIVE_UNIT_MODULUS_MARGIN,reciprocal,reciprocal,3,4,,minus,minus,0.10180161263051231,0.1888580385100054,0.0,0.10180161263051231,0.1015843790244991,0.002290594498848143,2.322415566247061,True,True
5457,E01__U017__TOP__MINIMUM_CERTIFIED_OUTER_GAP,x02_t29,2,29,0.745151729948016,0.746537312403847,0.90625,0.9375,0.0175,0.02,-1e-06,1e-06,CLOSED_REPRESENTATIVE_UNIT_MODULUS_MARGIN,reciprocal,reciprocal,0,4,,minus,minus,0.08598695074069082,0.18451615077128938,0.0,0.08598695074069082,0.0840655216153814,0.00032369908205891483,2.322415802870683,True,True
5457,E01__U017__TOP__MINIMUM_CERTIFIED_OUTER_GAP,x02_t29,2,29,0.745151729948016,0.746537312403847,0.90625,0.9375,0.0175,0.02,-1e-06,1e-06,CLOSED_REPRESENTATIVE_UNIT_MODULUS_MARGIN,reciprocal,reciprocal,1,4,,minus,minus,0.08598695074069082,0.18451615077128938,0.0,0.08598695074069082,0.08406552676002325,0.0003236997588991202,2.3224158028189343,True,True
5457,E01__U017__TOP__MINIMUM_CERTIFIED_OUTER_GAP,x02_t29,2,29,0.745151729948016,0.746537312403847,0.90625,0.9375,0.0175,0.02,-1e-06,1e-06,CLOSED_REPRESENTATIVE_UNIT_MODULUS_MARGIN,reciprocal,reciprocal,2,4,,minus,minus,0.08598695074069082,0.18451615077128938,0.0,0.08598695074069082,0.08406551819341863,0.0003236997904859188,2.3224155661953123,True,True
5457,E01__U017__TOP__MINIMUM_CERTIFIED_OUTER_GAP,x02_t29,2,29,0.745151729948016,0.746537312403847,0.90625,0.9375,0.0175,0.02,-1e-06,1e-06,CLOSED_REPRESENTATIVE_UNIT_MODULUS_MARGIN,reciprocal,reciprocal,3,4,,minus,minus,0.08598695074069082,0.18451615077128938,0.0,0.08598695074069082,0.08406551304877678,0.000323699113645578,2.322415566247061,True,True
5457,E01__U017__TOP__MINIMUM_CERTIFIED_OUTER_GAP,x02_t30,2,30,0.745151729948016,0.746537312403847,0.9375,0.96875,0.0175,0.02,-1e-06,1e-06,CLOSED_REPRESENTATIVE_UNIT_MODULUS_MARGIN,reciprocal,reciprocal,0,4,,minus,minus,0.06849437210345694,0.18227003986311274,0.0,0.06849437210345694,0.06506349770841643,0.0,2.322415802870683,True,True
5457,E01__U017__TOP__MINIMUM_CERTIFIED_OUTER_GAP,x02_t30,2,30,0.745151729948016,0.746537312403847,0.9375,0.96875,0.0175,0.02,-1e-06,1e-06,CLOSED_REPRESENTATIVE_UNIT_MODULUS_MARGIN,reciprocal,reciprocal,1,4,,minus,minus,0.06849437210345694,0.18227003986311274,0.0,0.06849437210345694,0.06506350377163782,0.0,2.3224158028189343,True,True
5457,E01__U017__TOP__MINIMUM_CERTIFIED_OUTER_GAP,x02_t30,2,30,0.745151729948016,0.746537312403847,0.9375,0.96875,0.0175,0.02,-1e-06,1e-06,CLOSED_REPRESENTATIVE_UNIT_MODULUS_MARGIN,reciprocal,reciprocal,2,4,,minus,minus,0.06849437210345694,0.18227003986311274,0.0,0.06849437210345694,0.06506349714087628,0.0,2.3224155661953123,True,True
5457,E01__U017__TOP__MINIMUM_CERTIFIED_OUTER_GAP,x02_t30,2,30,0.745151729948016,0.746537312403847,0.9375,0.96875,0.0175,0.02,-1e-06,1e-06,CLOSED_REPRESENTATIVE_UNIT_MODULUS_MARGIN,reciprocal,reciprocal,3,4,,minus,minus,0.06849437210345694,0.18227003986311274,0.0,0.06849437210345694,0.0650634910776549,0.0,2.322415566247061,True,True
5457,E01__U017__TOP__MINIMUM_CERTIFIED_OUTER_GAP,x02_t31,2,31,0.745151729948016,0.746537312403847,0.96875,1.0,0.0175,0.02,-1e-06,1e-06,CLOSED_REPRESENTATIVE_UNIT_MODULUS_MARGIN,reciprocal,reciprocal,0,4,,minus,minus,0.04867609856147257,0.18299625959417531,0.0,0.04867609856147257,0.043994400714635354,0.0,2.322415802870683,True,True
5457,E01__U017__TOP__MINIMUM_CERTIFIED_OUTER_GAP,x02_t31,2,31,0.745151729948016,0.746537312403847,0.96875,1.0,0.0175,0.02,-1e-06,1e-06,CLOSED_REPRESENTATIVE_UNIT_MODULUS_MARGIN,reciprocal,reciprocal,1,4,,minus,minus,0.04867609856147257,0.18299625959417531,0.0,0.04867609856147257,0.04399440785679645,0.0,2.3224158028189343,True,True
5457,E01__U017__TOP__MINIMUM_CERTIFIED_OUTER_GAP,x02_t31,2,31,0.745151729948016,0.746537312403847,0.96875,1.0,0.0175,0.02,-1e-06,1e-06,CLOSED_REPRESENTATIVE_UNIT_MODULUS_MARGIN,reciprocal,reciprocal,2,4,,minus,minus,0.04867609856147257,0.18299625959417531,0.0,0.04867609856147257,0.043994403372451196,0.0,2.3224155661953123,True,True
5457,E01__U017__TOP__MINIMUM_CERTIFIED_OUTER_GAP,x02_t31,2,31,0.745151729948016,0.746537312403847,0.96875,1.0,0.0175,0.02,-1e-06,1e-06,CLOSED_REPRESENTATIVE_UNIT_MODULUS_MARGIN,reciprocal,reciprocal,3,4,,minus,minus,0.04867609856147257,0.18299625959417531,0.0,0.04867609856147257,0.0439943962302901,0.0,2.322415566247061,True,True
5457,E01__U017__TOP__MINIMUM_CERTIFIED_OUTER_GAP,x03_t00,3,0,0.746537312403847,0.7479228948596779,0.0,0.03125,0.0175,0.02,-1e-06,1e-06,CLOSED_REPRESENTATIVE_UNIT_MODULUS_MARGIN,reciprocal,reciprocal,0,4,,holomorphic,plus,0.47076355518844704,0.518301634511676,0.0036157992438964064,0.42873720529461706,0.47076355518844704,0.0031934339682174497,2.329574150436928,True,True
5457,E01__U017__TOP__MINIMUM_CERTIFIED_OUTER_GAP,x03_t00,3,0,0.746537312403847,0.7479228948596779,0.0,0.03125,0.0175,0.02,-1e-06,1e-06,CLOSED_REPRESENTATIVE_UNIT_MODULUS_MARGIN,reciprocal,reciprocal,1,4,,holomorphic,plus,0.4707635556577207,0.518301634018952,0.0036157992438964064,0.42873720529461706,0.4707635556577207,0.0031934339739595305,2.329574150385014,True,True
5457,E01__U017__TOP__MINIMUM_CERTIFIED_OUTER_GAP,x03_t00,3,0,0.746537312403847,0.7479228948596779,0.0,0.03125,0.0175,0.02,-1e-06,1e-06,CLOSED_REPRESENTATIVE_UNIT_MODULUS_MARGIN,reciprocal,reciprocal,2,4,,holomorphic,plus,0.4707635076877369,0.5183015821891268,0.0036157992438964064,0.42873720529461706,0.4707635076877369,0.003193434287241782,2.329573913007149,True,True
5457,E01__U017__TOP__MINIMUM_CERTIFIED_OUTER_GAP,x03_t00,3,0,0.746537312403847,0.7479228948596779,0.0,0.03125,0.0175,0.02,-1e-06,1e-06,CLOSED_REPRESENTATIVE_UNIT_MODULUS_MARGIN,reciprocal,reciprocal,3,4,,holomorphic,plus,0.47076350721846316,0.5183015826818508,0.0036157992438964064,0.42873720529461706,0.47076350721846316,0.0031934342814997,2.3295739130590625,True,True
5457,E01__U017__TOP__MINIMUM_CERTIFIED_OUTER_GAP,x03_t01,3,1,0.746537312403847,0.7479228948596779,0.03125,0.0625,0.0175,0.02,-1e-06,1e-06,CLOSED_REPRESENTATIVE_UNIT_MODULUS_MARGIN,reciprocal,reciprocal,0,4,,holomorphic,plus,0.45844931733066663,0.5068111184026572,0.0035629111482485816,0.41774077678761695,0.45844931733066663,0.003170741126500768,2.329574150436928,True,True
5457,E01__U017__TOP__MINIMUM_CERTIFIED_OUTER_GAP,x03_t01,3,1,0.746537312403847,0.7479228948596779,0.03125,0.0625,0.0175,0.02,-1e-06,1e-06,CLOSED_REPRESENTATIVE_UNIT_MODULUS_MARGIN,reciprocal,reciprocal,1,4,,holomorphic,plus,0.45844931782530746,0.5068111178851273,0.0035629111482485816,0.41774077678761695,0.45844931782530746,0.0031707411369835247,2.329574150385014,True,True
5457,E01__U017__TOP__MINIMUM_CERTIFIED_OUTER_GAP,x03_t01,3,1,0.746537312403847,0.7479228948596779,0.03125,0.0625,0.0175,0.02,-1e-06,1e-06,CLOSED_REPRESENTATIVE_UNIT_MODULUS_MARGIN,reciprocal,reciprocal,2,4,,holomorphic,plus,0.4584492711101081,0.5068110672043594,0.0035629111482485816,0.41774077678761695,0.4584492711101081,0.003170741448036411,2.329573913007149,True,True
5457,E01__U017__TOP__MINIMUM_CERTIFIED_OUTER_GAP,x03_t01,3,1,0.746537312403847,0.7479228948596779,0.03125,0.0625,0.0175,0.02,-1e-06,1e-06,CLOSED_REPRESENTATIVE_UNIT_MODULUS_MARGIN,reciprocal,reciprocal,3,4,,holomorphic,plus,0.4584492706154673,0.5068110677218893,0.0035629111482485816,0.41774077678761695,0.4584492706154673,0.0031707414375536525,2.3295739130590625,True,True
5457,E01__U017__TOP__MINIMUM_CERTIFIED_OUTER_GAP,x03_t02,3,2,0.746537312403847,0.7479228948596779,0.0625,0.09375,0.0175,0.02,-1e-06,1e-06,CLOSED_REPRESENTATIVE_UNIT_MODULUS_MARGIN,reciprocal,reciprocal,0,4,,holomorphic,plus,0.44611436025380147,0.4953362893749667,0.00361682200615199,0.40673269901562065,0.44611436025380147,0.0032488322201134155,2.329574150436928,True,True
5457,E01__U017__TOP__MINIMUM_CERTIFIED_OUTER_GAP,x03_t02,3,2,0.746537312403847,0.7479228948596779,0.0625,0.09375,0.0175,0.02,-1e-06,1e-06,CLOSED_REPRESENTATIVE_UNIT_MODULUS_MARGIN,reciprocal,reciprocal,1,4,,holomorphic,plus,0.4461143607755517,0.4953362888308885,0.00361682200615199,0.40673269901562065,0.4461143607755517,0.003248832242599506,2.329574150385014,True,True
5457,E01__U017__TOP__MINIMUM_CERTIFIED_OUTER_GAP,x03_t02,3,2,0.746537312403847,0.7479228948596779,0.0625,0.09375,0.0175,0.02,-1e-06,1e-06,CLOSED_REPRESENTATIVE_UNIT_MODULUS_MARGIN,reciprocal,reciprocal,2,4,,holomorphic,plus,0.44611431531724766,0.4953362392976096,0.00361682200615199,0.40673269901562065,0.44611431531724766,0.003248832561308369,2.329573913007149,True,True
5457,E01__U017__TOP__MINIMUM_CERTIFIED_OUTER_GAP,x03_t02,3,2,0.746537312403847,0.7479228948596779,0.0625,0.09375,0.0175,0.02,-1e-06,1e-06,CLOSED_REPRESENTATIVE_UNIT_MODULUS_MARGIN,reciprocal,reciprocal,3,4,,holomorphic,plus,0.4461143147954974,0.49533623984168784,0.00361682200615199,0.40673269901562065,0.4461143147954974,0.0032488325388222734,2.3295739130590625,True,True
5457,E01__U017__TOP__MINIMUM_CERTIFIED_OUTER_GAP,x03_t03,3,3,0.746537312403847,0.7479228948596779,0.09375,0.125,0.0175,0.02,-1e-06,1e-06,CLOSED_REPRESENTATIVE_UNIT_MODULUS_MARGIN,reciprocal,reciprocal,0,4,,holomorphic,plus,0.4337572687602994,0.48387874698584393,0.0037676412787845683,0.39571210824188663,0.4337572687602994,0.00341353481173687,2.329574150436928,True,True
5457,E01__U017__TOP__MINIMUM_CERTIFIED_OUTER_GAP,x03_t03,3,3,0.746537312403847,0.7479228948596779,0.09375,0.125,0.0175,0.02,-1e-06,1e-06,CLOSED_REPRESENTATIVE_UNIT_MODULUS_MARGIN,reciprocal,reciprocal,1,4,,holomorphic,plus,0.4337572693110815,0.4838787464132948,0.0037676412787845683,0.39571210824188663,0.4337572693110815,0.003413534845925987,2.329574150385014,True,True
5457,E01__U017__TOP__MINIMUM_CERTIFIED_OUTER_GAP,x03_t03,3,3,0.746537312403847,0.7479228948596779,0.09375,0.125,0.0175,0.02,-1e-06,1e-06,CLOSED_REPRESENTATIVE_UNIT_MODULUS_MARGIN,reciprocal,reciprocal,2,4,,holomorphic,plus,0.4337572251119277,0.4838786980257768,0.0037676412787845683,0.39571210824188663,0.4337572251119277,0.003413535180788078,2.329573913007149,True,True
5457,E01__U017__TOP__MINIMUM_CERTIFIED_OUTER_GAP,x03_t03,3,3,0.746537312403847,0.7479228948596779,0.09375,0.125,0.0175,0.02,-1e-06,1e-06,CLOSED_REPRESENTATIVE_UNIT_MODULUS_MARGIN,reciprocal,reciprocal,3,4,,holomorphic,plus,0.4337572245611456,0.48387869859832594,0.0037676412787845683,0.39571210824188663,0.4337572245611456,0.0034135351465989544,2.3295739130590625,True,True
5457,E01__U017__TOP__MINIMUM_CERTIFIED_OUTER_GAP,x03_t04,3,4,0.746537312403847,0.7479228948596779,0.125,0.15625,0.0175,0.02,-1e-06,1e-06,CLOSED_REPRESENTATIVE_UNIT_MODULUS_MARGIN,reciprocal,reciprocal,0,4,,holomorphic,plus,0.42137650115562925,0.4724402719501643,0.003994262844684635,0.3846780305947111,0.42137650115562925,0.0036455285868195178,2.329574150436928,True,True
5457,E01__U017__TOP__MINIMUM_CERTIFIED_OUTER_GAP,x03_t04,3,4,0.746537312403847,0.7479228948596779,0.125,0.15625,0.0175,0.02,-1e-06,1e-06,CLOSED_REPRESENTATIVE_UNIT_MODULUS_MARGIN,reciprocal,reciprocal,1,4,,holomorphic,plus,0.4213765017375669,0.4724402713470204,0.003994262844684635,0.3846780305947111,0.4213765017375669,0.003645528631959694,2.329574150385014,True,True
5457,E01__U017__TOP__MINIMUM_CERTIFIED_OUTER_GAP,x03_t04,3,4,0.746537312403847,0.7479228948596779,0.125,0.15625,0.0175,0.02,-1e-06,1e-06,CLOSED_REPRESENTATIVE_UNIT_MODULUS_MARGIN,reciprocal,reciprocal,2,4,,holomorphic,plus,0.42137645879997543,0.472440224103357,0.003994262844684635,0.3846780305947111,0.42137645879997543,0.003645528989577041,2.329573913007149,True,True
5457,E01__U017__TOP__MINIMUM_CERTIFIED_OUTER_GAP,x03_t04,3,4,0.746537312403847,0.7479228948596779,0.125,0.15625,0.0175,0.02,-1e-06,1e-06,CLOSED_REPRESENTATIVE_UNIT_MODULUS_MARGIN,reciprocal,reciprocal,3,4,,holomorphic,plus,0.42137645821803776,0.47244022470650093,0.003994262844684635,0.3846780305947111,0.42137645821803776,0.0036455289444368554,2.3295739130590625,True,True
5457,E01__U017__TOP__MINIMUM_CERTIFIED_OUTER_GAP,x03_t05,3,5,0.746537312403847,0.7479228948596779,0.15625,0.1875,0.0175,0.02,-1e-06,1e-06,CLOSED_REPRESENTATIVE_UNIT_MODULUS_MARGIN,reciprocal,reciprocal,0,4,,holomorphic,plus,0.40897025885137456,0.4610229692952798,0.0042745578675906035,0.37362932878053523,0.40897025885137456,0.00392544506950434,2.329574150436928,True,True
5457,E01__U017__TOP__MINIMUM_CERTIFIED_OUTER_GAP,x03_t05,3,5,0.746537312403847,0.7479228948596779,0.15625,0.1875,0.0175,0.02,-1e-06,1e-06,CLOSED_REPRESENTATIVE_UNIT_MODULUS_MARGIN,reciprocal,reciprocal,1,4,,holomorphic,plus,0.40897025946681725,0.4610229686591911,0.0042745578675906035,0.37362932878053523,0.40897025946681725,0.003925445124790103,2.329574150385014,True,True
5457,E01__U017__TOP__MINIMUM_CERTIFIED_OUTER_GAP,x03_t05,3,5,0.746537312403847,0.7479228948596779,0.15625,0.1875,0.0175,0.02,-1e-06,1e-06,CLOSED_REPRESENTATIVE_UNIT_MODULUS_MARGIN,reciprocal,reciprocal,2,4,,holomorphic,plus,0.4089702177933834,0.4610229225572657,0.0042745578675906035,0.37362932878053523,0.4089702177933834,0.003925445509864607,2.329573913007149,True,True
5457,E01__U017__TOP__MINIMUM_CERTIFIED_OUTER_GAP,x03_t05,3,5,0.746537312403847,0.7479228948596779,0.15625,0.1875,0.0175,0.02,-1e-06,1e-06,CLOSED_REPRESENTATIVE_UNIT_MODULUS_MARGIN,reciprocal,reciprocal,3,4,,holomorphic,plus,0.40897021717794063,0.4610229231933543,0.0042745578675906035,0.37362932878053523,0.40897021717794063,0.0039254454545788325,2.3295739130590625,True,True
5457,E01__U017__TOP__MINIMUM_CERTIFIED_OUTER_GAP,x03_t06,3,6,0.746537312403847,0.7479228948596779,0.1875,0.21875,0.0175,0.02,-1e-06,1e-06,CLOSED_REPRESENTATIVE_UNIT_MODULUS_MARGIN,reciprocal,reciprocal,0,4,,holomorphic,plus,0.39653652921761223,0.44962923711730246,0.004588655812425512,0.3625646261399608,0.39653652921761223,0.004236472452051197,2.329574150436928,True,True
5457,E01__U017__TOP__MINIMUM_CERTIFIED_OUTER_GAP,x03_t06,3,6,0.746537312403847,0.7479228948596779,0.1875,0.21875,0.0175,0.02,-1e-06,1e-06,CLOSED_REPRESENTATIVE_UNIT_MODULUS_MARGIN,reciprocal,reciprocal,1,4,,holomorphic,plus,0.3965365298691721,0.44962923644565655,0.004588655812425512,0.3625646261399608,0.3965365298691721,0.004236472516856733,2.329574150385014,True,True
5457,E01__U017__TOP__MINIMUM_CERTIFIED_OUTER_GAP,x03_t06,3,6,0.746537312403847,0.7479228948596779,0.1875,0.21875,0.0175,0.02,-1e-06,1e-06,CLOSED_REPRESENTATIVE_UNIT_MODULUS_MARGIN,reciprocal,reciprocal,2,4,,holomorphic,plus,0.39653648946269604,0.44962919148311253,0.004588655812425512,0.3625646261399608,0.39653648946269604,0.0042364729324408995,2.329573913007149,True,True
5457,E01__U017__TOP__MINIMUM_CERTIFIED_OUTER_GAP,x03_t06,3,6,0.746537312403847,0.7479228948596779,0.1875,0.21875,0.0175,0.02,-1e-06,1e-06,CLOSED_REPRESENTATIVE_UNIT_MODULUS_MARGIN,reciprocal,reciprocal,3,4,,holomorphic,plus,0.3965364888111362,0.44962919215475844,0.004588655812425512,0.3625646261399608,0.3965364888111362,0.0042364728676353505,2.3295739130590625,True,True
5457,E01__U017__TOP__MINIMUM_CERTIFIED_OUTER_GAP,x03_t07,3,7,0.746537312403847,0.7479228948596779,0.21875,0.25,0.0175,0.02,-1e-06,1e-06,CLOSED_REPRESENTATIVE_UNIT_MODULUS_MARGIN,reciprocal,reciprocal,0,4,,holomorphic,plus,0.3840730595328848,0.43826180819630817,0.004920052093955377,0.3514825027207877,0.3840730595328848,0.004565043275012941,2.329574150436928,True,True
5457,E01__U017__TOP__MINIMUM_CERTIFIED_OUTER_GAP,x03_t07,3,7,0.746537312403847,0.7479228948596779,0.21875,0.25,0.0175,0.02,-1e-06,1e-06,CLOSED_REPRESENTATIVE_UNIT_MODULUS_MARGIN,reciprocal,reciprocal,1,4,,holomorphic,plus,0.3840730602234754,0.4382618074861908,0.004920052093955377,0.3514825027207877,0.3840730602234754,0.004565043348977271,2.329574150385014,True,True
5457,E01__U017__TOP__MINIMUM_CERTIFIED_OUTER_GAP,x03_t07,3,7,0.746537312403847,0.7479228948596779,0.21875,0.25,0.0175,0.02,-1e-06,1e-06,CLOSED_REPRESENTATIVE_UNIT_MODULUS_MARGIN,reciprocal,reciprocal,2,4,,holomorphic,plus,0.384073021086987,0.43826176366039865,0.004920052093955377,0.3514825027207877,0.384073021086987,0.004565043796792472,2.329573913007149,True,True
5457,E01__U017__TOP__MINIMUM_CERTIFIED_OUTER_GAP,x03_t07,3,7,0.746537312403847,0.7479228948596779,0.21875,0.25,0.0175,0.02,-1e-06,1e-06,CLOSED_REPRESENTATIVE_UNIT_MODULUS_MARGIN,reciprocal,reciprocal,3,4,,holomorphic,plus,0.38407302039639635,0.438261764370516,0.004920052093955377,0.3514825027207877,0.38407302039639635,0.004565043722828127,2.3295739130590625,True,True
5457,E01__U017__TOP__MINIMUM_CERTIFIED_OUTER_GAP,x03_t08,3,8,0.746537312403847,0.7479228948596779,0.25,0.28125,0.0175,0.02,-1e-06,1e-06,CLOSED_REPRESENTATIVE_UNIT_MODULUS_MARGIN,reciprocal,reciprocal,0,4,,holomorphic,plus,0.3715773180011458,0.42692380807561836,0.005255406663075589,0.3403812384368403,0.3715773180011458,0.004900487871954583,2.329574150436928,True,True
5457,E01__U017__TOP__MINIMUM_CERTIFIED_OUTER_GAP,x03_t08,3,8,0.746537312403847,0.7479228948596779,0.25,0.28125,0.0175,0.02,-1e-06,1e-06,CLOSED_REPRESENTATIVE_UNIT_MODULUS_MARGIN,reciprocal,reciprocal,1,4,,holomorphic,plus,0.37157731873402866,0.4269238073237671,0.005255406663075589,0.3403812384368403,0.37157731873402866,0.0049004879549890195,2.329574150385014,True,True
5457,E01__U017__TOP__MINIMUM_CERTIFIED_OUTER_GAP,x03_t08,3,8,0.746537312403847,0.7479228948596779,0.25,0.28125,0.0175,0.02,-1e-06,1e-06,CLOSED_REPRESENTATIVE_UNIT_MODULUS_MARGIN,reciprocal,reciprocal,2,4,,holomorphic,plus,0.3715772808708155,0.4269237646317846,0.005255406663075589,0.3403812384368403,0.3715772808708155,0.004900488435709782,2.329573913007149,True,True
5457,E01__U017__TOP__MINIMUM_CERTIFIED_OUTER_GAP,x03_t08,3,8,0.746537312403847,0.7479228948596779,0.25,0.28125,0.0175,0.02,-1e-06,1e-06,CLOSED_REPRESENTATIVE_UNIT_MODULUS_MARGIN,reciprocal,reciprocal,3,4,,holomorphic,plus,0.3715772801379326,0.42692376538363586,0.005255406663075589,0.3403812384368403,0.3715772801379326,0.004900488352675329,2.3295739130590625,True,True
5457,E01__U017__TOP__MINIMUM_CERTIFIED_OUTER_GAP,x03_t09,3,9,0.746537312403847,0.7479228948596779,0.28125,0.3125,0.0175,0.02,-1e-06,1e-06,CLOSED_REPRESENTATIVE_UNIT_MODULUS_MARGIN,reciprocal,reciprocal,0,4,,holomorphic,plus,0.3590464466824932,0.4156188254838084,0.005555760824622733,0.32925883597792,0.3590464466824932,0.005234367510350882,2.329574150436928,True,True
5457,E01__U017__TOP__MINIMUM_CERTIFIED_OUTER_GAP,x03_t09,3,9,0.746537312403847,0.7479228948596779,0.28125,0.3125,0.0175,0.02,-1e-06,1e-06,CLOSED_REPRESENTATIVE_UNIT_MODULUS_MARGIN,reciprocal,reciprocal,1,4,,holomorphic,plus,0.359046447461333,0.4156188246865576,0.005555760824622733,0.32925883597792,0.359046447461333,0.005234367602620369,2.329574150385014,True,True
5457,E01__U017__TOP__MINIMUM_CERTIFIED_OUTER_GAP,x03_t09,3,9,0.746537312403847,0.7479228948596779,0.28125,0.3125,0.0175,0.02,-1e-06,1e-06,CLOSED_REPRESENTATIVE_UNIT_MODULUS_MARGIN,reciprocal,reciprocal,2,4,,holomorphic,plus,0.35904641087497385,0.4156187831250839,0.005555760824622733,0.32925883597792,0.35904641087497385,0.005234368116093255,2.329573913007149,True,True
5457,E01__U017__TOP__MINIMUM_CERTIFIED_OUTER_GAP,x03_t09,3,9,0.746537312403847,0.7479228948596779,0.28125,0.3125,0.0175,0.02,-1e-06,1e-06,CLOSED_REPRESENTATIVE_UNIT_MODULUS_MARGIN,reciprocal,reciprocal,3,4,,holomorphic,plus,0.359046410096134,0.41561878392233476,0.005555760824622733,0.32925883597792,0.359046410096134,0.005234368023823751,2.3295739130590625,True,True
5457,E01__U017__TOP__MINIMUM_CERTIFIED_OUTER_GAP,x03_t10,3,10,0.746537312403847,0.7479228948596779,0.3125,0.34375,0.0175,0.02,-1e-06,1e-06,CLOSED_REPRESENTATIVE_UNIT_MODULUS_MARGIN,reciprocal,reciprocal,0,4,,holomorphic,plus,0.3464772042705111,0.4043509982551505,0.005825680379687112,0.31811296013440393,0.3464772042705111,0.005559822894244071,2.329574150436928,True,True
5457,E01__U017__TOP__MINIMUM_CERTIFIED_OUTER_GAP,x03_t10,3,10,0.746537312403847,0.7479228948596779,0.3125,0.34375,0.0175,0.02,-1e-06,1e-06,CLOSED_REPRESENTATIVE_UNIT_MODULUS_MARGIN,reciprocal,reciprocal,1,4,,holomorphic,plus,0.3464772050994422,0.4043509974083643,0.005825680379687112,0.31811296013440393,0.3464772050994422,0.005559822996147959,2.329574150385014,True,True
5457,E01__U017__TOP__MINIMUM_CERTIFIED_OUTER_GAP,x03_t10,3,10,0.746537312403847,0.7479228948596779,0.3125,0.34375,0.0175,0.02,-1e-06,1e-06,CLOSED_REPRESENTATIVE_UNIT_MODULUS_MARGIN,reciprocal,reciprocal,2,4,,holomorphic,plus,0.34647716979384596,0.4043509569736848,0.005825680379687112,0.31811296013440393,0.34647716979384596,0.005559823541546534,2.329573913007149,True,True
5457,E01__U017__TOP__MINIMUM_CERTIFIED_OUTER_GAP,x03_t10,3,10,0.746537312403847,0.7479228948596779,0.3125,0.34375,0.0175,0.02,-1e-06,1e-06,CLOSED_REPRESENTATIVE_UNIT_MODULUS_MARGIN,reciprocal,reciprocal,3,4,,holomorphic,plus,0.34647716896491493,0.40435095782047104,0.005825680379687112,0.31811296013440393,0.34647716896491493,0.0055598234396426255,2.3295739130590625,True,True
5457,E01__U017__TOP__MINIMUM_CERTIFIED_OUTER_GAP,x03_t11,3,11,0.746537312403847,0.7479228948596779,0.34375,0.375,0.0175,0.02,-1e-06,1e-06,CLOSED_REPRESENTATIVE_UNIT_MODULUS_MARGIN,reciprocal,reciprocal,0,4,,holomorphic,plus,0.3338658960127047,0.393125118860556,0.006064261448003145,0.3069408606642138,0.3338658960127047,0.005871041010393163,2.329574150436928,True,True
5457,E01__U017__TOP__MINIMUM_CERTIFIED_OUTER_GAP,x03_t11,3,11,0.746537312403847,0.7479228948596779,0.34375,0.375,0.0175,0.02,-1e-06,1e-06,CLOSED_REPRESENTATIVE_UNIT_MODULUS_MARGIN,reciprocal,reciprocal,1,4,,holomorphic,plus,0.3338658968964109,0.39312511795954863,0.006064261448003145,0.3069408606642138,0.3338658968964109,0.005871041122555255,2.329574150385014,True,True
5457,E01__U017__TOP__MINIMUM_CERTIFIED_OUTER_GAP,x03_t11,3,11,0.746537312403847,0.7479228948596779,0.34375,0.375,0.0175,0.02,-1e-06,1e-06,CLOSED_REPRESENTATIVE_UNIT_MODULUS_MARGIN,reciprocal,reciprocal,2,4,,holomorphic,plus,0.333865862875863,0.3931250786474697,0.006064261448003145,0.3069408606642138,0.333865862875863,0.005871041698482736,2.329573913007149,True,True
5457,E01__U017__TOP__MINIMUM_CERTIFIED_OUTER_GAP,x03_t11,3,11,0.746537312403847,0.7479228948596779,0.34375,0.375,0.0175,0.02,-1e-06,1e-06,CLOSED_REPRESENTATIVE_UNIT_MODULUS_MARGIN,reciprocal,reciprocal,3,4,,holomorphic,plus,0.33386586199215684,0.39312507954847703,0.006064261448003145,0.3069408606642138,0.33386586199215684,0.005871041586320622,2.3295739130590625,True,True
5457,E01__U017__TOP__MINIMUM_CERTIFIED_OUTER_GAP,x03_t12,3,12,0.746537312403847,0.7479228948596779,0.375,0.40625,0.0175,0.02,-1e-06,1e-06,CLOSED_REPRESENTATIVE_UNIT_MODULUS_MARGIN,reciprocal,reciprocal,0,4,,holomorphic,plus,0.32120828720225614,0.3819467649568706,0.006263121236502752,0.2957392734049256,0.32120828720225614,0.00616284412910403,2.329574150436928,True,True
5457,E01__U017__TOP__MINIMUM_CERTIFIED_OUTER_GAP,x03_t12,3,12,0.746537312403847,0.7479228948596779,0.375,0.40625,0.0175,0.02,-1e-06,1e-06,CLOSED_REPRESENTATIVE_UNIT_MODULUS_MARGIN,reciprocal,reciprocal,1,4,,holomorphic,plus,0.3212082881460682,0.38194676399630884,0.006263121236502752,0.2957392734049256,0.3212082881460682,0.006162844252374812,2.329574150385014,True,True
5457,E01__U017__TOP__MINIMUM_CERTIFIED_OUTER_GAP,x03_t12,3,12,0.746537312403847,0.7479228948596779,0.375,0.40625,0.0175,0.02,-1e-06,1e-06,CLOSED_REPRESENTATIVE_UNIT_MODULUS_MARGIN,reciprocal,reciprocal,2,4,,holomorphic,plus,0.3212082554152852,0.38194672580207906,0.006263121236502752,0.2957392734049256,0.3212082554152852,0.006162844856926399,2.329573913007149,True,True
5457,E01__U017__TOP__MINIMUM_CERTIFIED_OUTER_GAP,x03_t12,3,12,0.746537312403847,0.7479228948596779,0.375,0.40625,0.0175,0.02,-1e-06,1e-06,CLOSED_REPRESENTATIVE_UNIT_MODULUS_MARGIN,reciprocal,reciprocal,3,4,,holomorphic,plus,0.32120825447147316,0.3819467267626408,0.006263121236502752,0.2957392734049256,0.32120825447147316,0.0061628447336555935,2.3295739130590625,True,True
5457,E01__U017__TOP__MINIMUM_CERTIFIED_OUTER_GAP,x03_t13,3,13,0.746537312403847,0.7479228948596779,0.40625,0.4375,0.0175,0.02,-1e-06,1e-06,CLOSED_REPRESENTATIVE_UNIT_MODULUS_MARGIN,reciprocal,reciprocal,0,4,,holomorphic,plus,0.30849949547050576,0.3708224621371486,0.006413620343750817,0.28450429236070507,0.30849949547050576,0.0064303747599418525,2.329574150436928,True,True
5457,E01__U017__TOP__MINIMUM_CERTIFIED_OUTER_GAP,x03_t13,3,13,0.746537312403847,0.7479228948596779,0.40625,0.4375,0.0175,0.02,-1e-06,1e-06,CLOSED_REPRESENTATIVE_UNIT_MODULUS_MARGIN,reciprocal,reciprocal,1,4,,holomorphic,plus,0.3084994964805205,0.37082246111093253,0.006413620343750817,0.28450429236070507,0.3084994964805205,0.006430374895413686,2.329574150385014,True,True
5457,E01__U017__TOP__MINIMUM_CERTIFIED_OUTER_GAP,x03_t13,3,13,0.746537312403847,0.7479228948596779,0.40625,0.4375,0.0175,0.02,-1e-06,1e-06,CLOSED_REPRESENTATIVE_UNIT_MODULUS_MARGIN,reciprocal,reciprocal,2,4,,holomorphic,plus,0.3084994650447164,0.3708224240291483,0.006413620343750817,0.28450429236070507,0.3084994650447164,0.006430375526207983,2.329573913007149,True,True
5457,E01__U017__TOP__MINIMUM_CERTIFIED_OUTER_GAP,x03_t13,3,13,0.746537312403847,0.7479228948596779,0.40625,0.4375,0.0175,0.02,-1e-06,1e-06,CLOSED_REPRESENTATIVE_UNIT_MODULUS_MARGIN,reciprocal,reciprocal,3,4,,holomorphic,plus,0.3084994640347017,0.3708224250553643,0.006413620343750817,0.28450429236070507,0.3084994640347017,0.006430375390736123,2.3295739130590625,True,True
5457,E01__U017__TOP__MINIMUM_CERTIFIED_OUTER_GAP,x03_t14,3,14,0.746537312403847,0.7479228948596779,0.4375,0.46875,0.0175,0.02,-1e-06,1e-06,CLOSED_REPRESENTATIVE_UNIT_MODULUS_MARGIN,reciprocal,reciprocal,0,4,,holomorphic,plus,0.29573385543311137,0.3597598885238259,0.006506458144279678,0.27323120268495094,0.29573385543311137,0.006668847453925566,2.329574150436928,True,True
5457,E01__U017__TOP__MINIMUM_CERTIFIED_OUTER_GAP,x03_t14,3,14,0.746537312403847,0.7479228948596779,0.4375,0.46875,0.0175,0.02,-1e-06,1e-06,CLOSED_REPRESENTATIVE_UNIT_MODULUS_MARGIN,reciprocal,reciprocal,1,4,,holomorphic,plus,0.295733856516338,0.35975988742494214,0.006506458144279678,0.27323120268495094,0.295733856516338,0.006668847602961469,2.329574150385014,True,True
5457,E01__U017__TOP__MINIMUM_CERTIFIED_OUTER_GAP,x03_t14,3,14,0.746537312403847,0.7479228948596779,0.4375,0.46875,0.0175,0.02,-1e-06,1e-06,CLOSED_REPRESENTATIVE_UNIT_MODULUS_MARGIN,reciprocal,reciprocal,2,4,,holomorphic,plus,0.2957338263813039,0.35975985144943207,0.006506458144279678,0.27323120268495094,0.2957338263813039,0.0066688482571475435,2.329573913007149,True,True
5457,E01__U017__TOP__MINIMUM_CERTIFIED_OUTER_GAP,x03_t14,3,14,0.746537312403847,0.7479228948596779,0.4375,0.46875,0.0175,0.02,-1e-06,1e-06,CLOSED_REPRESENTATIVE_UNIT_MODULUS_MARGIN,reciprocal,reciprocal,3,4,,holomorphic,plus,0.2957338252980773,0.3597598525483158,0.006506458144279678,0.27323120268495094,0.2957338252980773,0.00666884810811161,2.3295739130590625,True,True
5457,E01__U017__TOP__MINIMUM_CERTIFIED_OUTER_GAP,x03_t15,3,15,0.746537312403847,0.7479228948596779,0.46875,0.5,0.0175,0.02,-1e-06,1e-06,CLOSED_REPRESENTATIVE_UNIT_MODULUS_MARGIN,reciprocal,reciprocal,0,4,,holomorphic,plus,0.2829047468663511,0.3487681342972556,0.006531281215497591,0.26191426043832516,0.2829047468663511,0.006873343643270033,2.329574150436928,True,True
5457,E01__U017__TOP__MINIMUM_CERTIFIED_OUTER_GAP,x03_t15,3,15,0.746537312403847,0.7479228948596779,0.46875,0.5,0.0175,0.02,-1e-06,1e-06,CLOSED_REPRESENTATIVE_UNIT_MODULUS_MARGIN,reciprocal,reciprocal,1,4,,holomorphic,plus,0.28290474803089305,0.3487681331175953,0.006531281215497591,0.26191426043832516,0.28290474803089305,0.006873343807547368,2.329574150385014,True,True
5457,E01__U017__TOP__MINIMUM_CERTIFIED_OUTER_GAP,x03_t15,3,15,0.746537312403847,0.7479228948596779,0.46875,0.5,0.0175,0.02,-1e-06,1e-06,CLOSED_REPRESENTATIVE_UNIT_MODULUS_MARGIN,reciprocal,reciprocal,2,4,,holomorphic,plus,0.28290471920309435,0.3487680982412793,0.006531281215497591,0.26191426043832516,0.28290471920309435,0.006873344481791684,2.329573913007149,True,True
5457,E01__U017__TOP__MINIMUM_CERTIFIED_OUTER_GAP,x03_t15,3,15,0.746537312403847,0.7479228948596779,0.46875,0.5,0.0175,0.02,-1e-06,1e-06,CLOSED_REPRESENTATIVE_UNIT_MODULUS_MARGIN,reciprocal,reciprocal,3,4,,holomorphic,plus,0.2829047180385523,0.34876809942093967,0.006531281215497591,0.26191426043832516,0.2829047180385523,0.006873344317514315,2.3295739130590625,True,True
5457,E01__U017__TOP__MINIMUM_CERTIFIED_OUTER_GAP,x03_t16,3,16,0.746537312403847,0.7479228948596779,0.5,0.53125,0.0175,0.02,-1e-06,1e-06,CLOSED_REPRESENTATIVE_UNIT_MODULUS_MARGIN,reciprocal,reciprocal,0,4,,holomorphic,plus,0.27000437417177525,0.3378580341585979,0.006476294694178239,0.25054639912334353,0.27000437417177525,0.00703863259407703,2.329574150436928,True,True
5457,E01__U017__TOP__MINIMUM_CERTIFIED_OUTER_GAP,x03_t16,3,16,0.746537312403847,0.7479228948596779,0.5,0.53125,0.0175,0.02,-1e-06,1e-06,CLOSED_REPRESENTATIVE_UNIT_MODULUS_MARGIN,reciprocal,reciprocal,1,4,,holomorphic,plus,0.27000437542705813,0.3378580328887287,0.006476294694178239,0.25054639912334353,0.27000437542705813,0.007038632775648409,2.329574150385014,True,True
5457,E01__U017__TOP__MINIMUM_CERTIFIED_OUTER_GAP,x03_t16,3,16,0.746537312403847,0.7479228948596779,0.5,0.53125,0.0175,0.02,-1e-06,1e-06,CLOSED_REPRESENTATIVE_UNIT_MODULUS_MARGIN,reciprocal,reciprocal,2,4,,holomorphic,plus,0.27000434791375416,0.33785799910344355,0.006476294694178239,0.25054639912334353,0.27000434791375416,0.0070386334661041924,2.329573913007149,True,True
5457,E01__U017__TOP__MINIMUM_CERTIFIED_OUTER_GAP,x03_t16,3,16,0.746537312403847,0.7479228948596779,0.5,0.53125,0.0175,0.02,-1e-06,1e-06,CLOSED_REPRESENTATIVE_UNIT_MODULUS_MARGIN,reciprocal,reciprocal,3,4,,holomorphic,plus,0.27000434665847134,0.33785800037331276,0.006476294694178239,0.25054639912334353,0.27000434665847134,0.007038633284532777,2.3295739130590625,True,True
5457,E01__U017__TOP__MINIMUM_CERTIFIED_OUTER_GAP,x03_t17,3,17,0.746537312403847,0.7479228948596779,0.53125,0.5625,0.0175,0.02,-1e-06,1e-06,CLOSED_REPRESENTATIVE_UNIT_MODULUS_MARGIN,reciprocal,reciprocal,0,4,,holomorphic,plus,0.2570234798938078,0.32704259780354616,0.006327899453673754,0.23911883434915304,0.2570234798938078,0.007159008796810792,2.329574150436928,True,True
5457,E01__U017__TOP__MINIMUM_CERTIFIED_OUTER_GAP,x03_t17,3,17,0.746537312403847,0.7479228948596779,0.53125,0.5625,0.0175,0.02,-1e-06,1e-06,CLOSED_REPRESENTATIVE_UNIT_MODULUS_MARGIN,reciprocal,reciprocal,1,4,,holomorphic,plus,0.25702348125086566,0.32704259643242517,0.006327899453673754,0.23911883434915304,0.25702348125086566,0.007159008998185584,2.329574150385014,True,True
5457,E01__U017__TOP__MINIMUM_CERTIFIED_OUTER_GAP,x03_t17,3,17,0.746537312403847,0.7479228948596779,0.53125,0.5625,0.0175,0.02,-1e-06,1e-06,CLOSED_REPRESENTATIVE_UNIT_MODULUS_MARGIN,reciprocal,reciprocal,2,4,,holomorphic,plus,0.25702345506025887,0.3270425637287071,0.006327899453673754,0.23911883434915304,0.25702345506025887,0.007159009700446229,2.329573913007149,True,True
5457,E01__U017__TOP__MINIMUM_CERTIFIED_OUTER_GAP,x03_t17,3,17,0.746537312403847,0.7479228948596779,0.53125,0.5625,0.0175,0.02,-1e-06,1e-06,CLOSED_REPRESENTATIVE_UNIT_MODULUS_MARGIN,reciprocal,reciprocal,3,4,,holomorphic,plus,0.257023453703201,0.3270425650998281,0.006327899453673754,0.23911883434915304,0.257023453703201,0.007159009499071397,2.3295739130590625,True,True
5457,E01__U017__TOP__MINIMUM_CERTIFIED_OUTER_GAP,x03_t18,3,18,0.746537312403847,0.7479228948596779,0.5625,0.59375,0.0175,0.02,-1e-06,1e-06,CLOSED_REPRESENTATIVE_UNIT_MODULUS_MARGIN,reciprocal,reciprocal,0,4,,holomorphic,plus,0.24395096763858656,0.31633757384989214,0.0060704629435455616,0.22762052511405093,0.24395096763858656,0.007228145190715937,2.329574150436928,True,True
5457,E01__U017__TOP__MINIMUM_CERTIFIED_OUTER_GAP,x03_t18,3,18,0.746537312403847,0.7479228948596779,0.5625,0.59375,0.0175,0.02,-1e-06,1e-06,CLOSED_REPRESENTATIVE_UNIT_MODULUS_MARGIN,reciprocal,reciprocal,1,4,,holomorphic,plus,0.243950969110428,0.31633757236449983,0.0060704629435455616,0.22762052511405093,0.243950969110428,0.007228145414966539,2.329574150385014,True,True
5457,E01__U017__TOP__MINIMUM_CERTIFIED_OUTER_GAP,x03_t18,3,18,0.746537312403847,0.7479228948596779,0.5625,0.59375,0.0175,0.02,-1e-06,1e-06,CLOSED_REPRESENTATIVE_UNIT_MODULUS_MARGIN,reciprocal,reciprocal,2,4,,holomorphic,plus,0.24395094425185096,0.31633754073131054,0.0060704629435455616,0.22762052511405093,0.24395094425185096,0.0072281461240046065,2.329573913007149,True,True
5457,E01__U017__TOP__MINIMUM_CERTIFIED_OUTER_GAP,x03_t18,3,18,0.746537312403847,0.7479228948596779,0.5625,0.59375,0.0175,0.02,-1e-06,1e-06,CLOSED_REPRESENTATIVE_UNIT_MODULUS_MARGIN,reciprocal,reciprocal,3,4,,holomorphic,plus,0.24395094278000953,0.31633754221670285,0.0060704629435455616,0.22762052511405093,0.24395094278000953,0.00722814589975396,2.3295739130590625,True,True
5457,E01__U017__TOP__MINIMUM_CERTIFIED_OUTER_GAP,x03_t19,3,19,0.746537312403847,0.7479228948596779,0.59375,0.625,0.0175,0.02,-1e-06,1e-06,CLOSED_REPRESENTATIVE_UNIT_MODULUS_MARGIN,reciprocal,reciprocal,0,4,,holomorphic,plus,0.23077339853446868,0.3057621980951591,0.005686575082073791,0.21603743083428154,0.23077339853446868,0.007238976564638966,2.329574150436928,True,True
5457,E01__U017__TOP__MINIMUM_CERTIFIED_OUTER_GAP,x03_t19,3,19,0.746537312403847,0.7479228948596779,0.59375,0.625,0.0175,0.02,-1e-06,1e-06,CLOSED_REPRESENTATIVE_UNIT_MODULUS_MARGIN,reciprocal,reciprocal,1,4,,holomorphic,plus,0.23077340013654615,0.30576219648002984,0.005686575082073791,0.21603743083428154,0.23077340013654615,0.007238976815535669,2.329574150385014,True,True
5457,E01__U017__TOP__MINIMUM_CERTIFIED_OUTER_GAP,x03_t19,3,19,0.746537312403847,0.7479228948596779,0.59375,0.625,0.0175,0.02,-1e-06,1e-06,CLOSED_REPRESENTATIVE_UNIT_MODULUS_MARGIN,reciprocal,reciprocal,2,4,,holomorphic,plus,0.2307733766207003,0.3057621659044081,0.005686575082073791,0.21603743083428154,0.2307733766207003,0.007238977525630442,2.329573913007149,True,True
5457,E01__U017__TOP__MINIMUM_CERTIFIED_OUTER_GAP,x03_t19,3,19,0.746537312403847,0.7479228948596779,0.59375,0.625,0.0175,0.02,-1e-06,1e-06,CLOSED_REPRESENTATIVE_UNIT_MODULUS_MARGIN,reciprocal,reciprocal,3,4,,holomorphic,plus,0.23077337501862283,0.3057621675195374,0.005686575082073791,0.21603743083428154,0.23077337501862283,0.007238977274733689,2.3295739130590625,True,True
5457,E01__U017__TOP__MINIMUM_CERTIFIED_OUTER_GAP,x03_t20,3,20,0.746537312403847,0.7479228948596779,0.625,0.65625,0.0175,0.02,-1e-06,1e-06,CLOSED_REPRESENTATIVE_UNIT_MODULUS_MARGIN,reciprocal,reciprocal,0,4,,holomorphic,plus,0.2174743081254809,0.29534020035534864,0.00515726156126135,0.2043514738026322,0.2174743081254809,0.00718365674076216,2.329574150436928,True,True
5457,E01__U017__TOP__MINIMUM_CERTIFIED_OUTER_GAP,x03_t20,3,20,0.746537312403847,0.7479228948596779,0.625,0.65625,0.0175,0.02,-1e-06,1e-06,CLOSED_REPRESENTATIVE_UNIT_MODULUS_MARGIN,reciprocal,reciprocal,1,4,,holomorphic,plus,0.21747430987630073,0.29534019859196076,0.00515726156126135,0.2043514738026322,0.21747430987630073,0.007183657022936378,2.329574150385014,True,True
5457,E01__U017__TOP__MINIMUM_CERTIFIED_OUTER_GAP,x03_t20,3,20,0.746537312403847,0.7479228948596779,0.625,0.65625,0.0175,0.02,-1e-06,1e-06,CLOSED_REPRESENTATIVE_UNIT_MODULUS_MARGIN,reciprocal,reciprocal,2,4,,holomorphic,plus,0.21747428771556443,0.295340169058573,0.00515726156126135,0.2043514738026322,0.21747428771556443,0.00718365772759721,2.329573913007149,True,True
5457,E01__U017__TOP__MINIMUM_CERTIFIED_OUTER_GAP,x03_t20,3,20,0.746537312403847,0.7479228948596779,0.625,0.65625,0.0175,0.02,-1e-06,1e-06,CLOSED_REPRESENTATIVE_UNIT_MODULUS_MARGIN,reciprocal,reciprocal,3,4,,holomorphic,plus,0.21747428596474463,0.2953401708219609,0.00515726156126135,0.2043514738026322,0.21747428596474463,0.007183657445422936,2.3295739130590625,True,True
5457,E01__U017__TOP__MINIMUM_CERTIFIED_OUTER_GAP,x03_t21,3,21,0.746537312403847,0.7479228948596779,0.65625,0.6875,0.0175,0.02,-1e-06,1e-06,CLOSED_REPRESENTATIVE_UNIT_MODULUS_MARGIN,reciprocal,reciprocal,0,4,,holomorphic,plus,0.2040332635389811,0.28510118017950736,0.004433035895910931,0.19253907153505487,0.2040332635389811,0.007053702110731501,2.329574150436928,True,True
5457,E01__U017__TOP__MINIMUM_CERTIFIED_OUTER_GAP,x03_t21,3,21,0.746537312403847,0.7479228948596779,0.65625,0.6875,0.0175,0.02,-1e-06,1e-06,CLOSED_REPRESENTATIVE_UNIT_MODULUS_MARGIN,reciprocal,reciprocal,1,4,,holomorphic,plus,0.2040332654609038,0.28510117824548453,0.004433035895910931,0.19253907153505487,0.2040332654609038,0.007053702429851965,2.329574150385014,True,True
5457,E01__U017__TOP__MINIMUM_CERTIFIED_OUTER_GAP,x03_t21,3,21,0.746537312403847,0.7479228948596779,0.65625,0.6875,0.0175,0.02,-1e-06,1e-06,CLOSED_REPRESENTATIVE_UNIT_MODULUS_MARGIN,reciprocal,reciprocal,2,4,,holomorphic,plus,0.20403324466973663,0.2851011497360381,0.004433035895910931,0.19253907153505487,0.20403324466973663,0.0070537031217557085,2.329573913007149,True,True
5457,E01__U017__TOP__MINIMUM_CERTIFIED_OUTER_GAP,x03_t21,3,21,0.746537312403847,0.7479228948596779,0.65625,0.6875,0.0175,0.02,-1e-06,1e-06,CLOSED_REPRESENTATIVE_UNIT_MODULUS_MARGIN,reciprocal,reciprocal,3,4,,holomorphic,plus,0.20403324274781393,0.28510115167006095,0.004433035895910931,0.19253907153505487,0.20403324274781393,0.00705370280263518,2.3295739130590625,True,True
5457,E01__U017__TOP__MINIMUM_CERTIFIED_OUTER_GAP,x03_t22,3,22,0.746537312403847,0.7479228948596779,0.6875,0.71875,0.0175,0.02,-1e-06,1e-06,CLOSED_REPRESENTATIVE_UNIT_MODULUS_MARGIN,reciprocal,reciprocal,0,4,,holomorphic,plus,0.190424537538541,0.2750825183424996,0.003459333023435854,0.180569033461915,0.190424537538541,0.0068361327119836595,2.329574150436928,True,True
5457,E01__U017__TOP__MINIMUM_CERTIFIED_OUTER_GAP,x03_t22,3,22,0.746537312403847,0.7479228948596779,0.6875,0.71875,0.0175,0.02,-1e-06,1e-06,CLOSED_REPRESENTATIVE_UNIT_MODULUS_MARGIN,reciprocal,reciprocal,1,4,,holomorphic,plus,0.19042453965884348,0.27508251621055313,0.003459333023435854,0.180569033461915,0.19042453965884348,0.006836133050933053,2.329574150385014,True,True
5457,E01__U017__TOP__MINIMUM_CERTIFIED_OUTER_GAP,x03_t22,3,22,0.746537312403847,0.7479228948596779,0.6875,0.71875,0.0175,0.02,-1e-06,1e-06,CLOSED_REPRESENTATIVE_UNIT_MODULUS_MARGIN,reciprocal,reciprocal,2,4,,holomorphic,plus,0.19042452025432535,0.27508248870301855,0.003459333023435854,0.180569033461915,0.19042452025432535,0.0068361337214881465,2.329573913007149,True,True
5457,E01__U017__TOP__MINIMUM_CERTIFIED_OUTER_GAP,x03_t22,3,22,0.746537312403847,0.7479228948596779,0.6875,0.71875,0.0175,0.02,-1e-06,1e-06,CLOSED_REPRESENTATIVE_UNIT_MODULUS_MARGIN,reciprocal,reciprocal,3,4,,holomorphic,plus,0.19042451813402286,0.275082490834965,0.003459333023435854,0.180569033461915,0.19042451813402286,0.006836133382538685,2.3295739130590625,True,True
5457,E01__U017__TOP__MINIMUM_CERTIFIED_OUTER_GAP,x03_t23,3,23,0.746537312403847,0.7479228948596779,0.71875,0.75,0.0175,0.02,-1e-06,1e-06,CLOSED_REPRESENTATIVE_UNIT_MODULUS_MARGIN,reciprocal,reciprocal,0,4,,holomorphic,plus,0.17661520570331102,0.2653320815482049,0.0021744396863177464,0.1683995076438514,0.17661520570331102,0.006501590804250071,2.329574150436928,True,True
5457,E01__U017__TOP__MINIMUM_CERTIFIED_OUTER_GAP,x03_t23,3,23,0.746537312403847,0.7479228948596779,0.71875,0.75,0.0175,0.02,-1e-06,1e-06,CLOSED_REPRESENTATIVE_UNIT_MODULUS_MARGIN,reciprocal,reciprocal,1,4,,holomorphic,plus,0.176615208055612,0.2653320791847189,0.0021744396863177464,0.1683995076438514,0.176615208055612,0.006501591153105415,2.329574150385014,True,True
5457,E01__U017__TOP__MINIMUM_CERTIFIED_OUTER_GAP,x03_t23,3,23,0.746537312403847,0.7479228948596779,0.71875,0.75,0.0175,0.02,-1e-06,1e-06,CLOSED_REPRESENTATIVE_UNIT_MODULUS_MARGIN,reciprocal,reciprocal,2,4,,holomorphic,plus,0.17661519005817636,0.2653320526522813,0.0021744396863177464,0.1683995076438514,0.17661519005817636,0.006501591790838603,2.329573913007149,True,True
5457,E01__U017__TOP__MINIMUM_CERTIFIED_OUTER_GAP,x03_t23,3,23,0.746537312403847,0.7479228948596779,0.71875,0.75,0.0175,0.02,-1e-06,1e-06,CLOSED_REPRESENTATIVE_UNIT_MODULUS_MARGIN,reciprocal,reciprocal,3,4,,holomorphic,plus,0.17661518770587534,0.26533205501576734,0.0021744396863177464,0.1683995076438514,0.17661518770587534,0.00650159144198319,2.3295739130590625,True,True
5457,E01__U017__TOP__MINIMUM_CERTIFIED_OUTER_GAP,x03_t24,3,24,0.746537312403847,0.7479228948596779,0.75,0.78125,0.0175,0.02,-1e-06,1e-06,CLOSED_REPRESENTATIVE_UNIT_MODULUS_MARGIN,reciprocal,reciprocal,0,4,,holomorphic,plus,0.1625623565101227,0.25591212500530125,0.0004958362495902685,0.15597349471436373,0.1625623565101227,0.006025593450353264,2.329574150436928,True,True
5457,E01__U017__TOP__MINIMUM_CERTIFIED_OUTER_GAP,x03_t24,3,24,0.746537312403847,0.7479228948596779,0.75,0.78125,0.0175,0.02,-1e-06,1e-06,CLOSED_REPRESENTATIVE_UNIT_MODULUS_MARGIN,reciprocal,reciprocal,1,4,,holomorphic,plus,0.1625623591363179,0.2559121223684218,0.0004958362495902685,0.15597349471436373,0.1625623591363179,0.006025593814062267,2.329574150385014,True,True
5457,E01__U017__TOP__MINIMUM_CERTIFIED_OUTER_GAP,x03_t24,3,24,0.746537312403847,0.7479228948596779,0.75,0.78125,0.0175,0.02,-1e-06,1e-06,CLOSED_REPRESENTATIVE_UNIT_MODULUS_MARGIN,reciprocal,reciprocal,2,4,,holomorphic,plus,0.16256234257076868,0.2559120967780428,0.0004958362495902685,0.15597349471436373,0.16256234257076868,0.006025594405095164,2.329573913007149,True,True
5457,E01__U017__TOP__MINIMUM_CERTIFIED_OUTER_GAP,x03_t24,3,24,0.746537312403847,0.7479228948596779,0.75,0.78125,0.0175,0.02,-1e-06,1e-06,CLOSED_REPRESENTATIVE_UNIT_MODULUS_MARGIN,reciprocal,reciprocal,3,4,,holomorphic,plus,0.16256233994457353,0.2559120994149222,0.0004958362495902685,0.15597349471436373,0.16256233994457353,0.006025594041386088,2.3295739130590625,True,True
5457,E01__U017__TOP__MINIMUM_CERTIFIED_OUTER_GAP,x03_t25,3,25,0.746537312403847,0.7479228948596779,0.78125,0.8125,0.0175,0.02,-1e-06,1e-06,CLOSED_REPRESENTATIVE_UNIT_MODULUS_MARGIN,reciprocal,reciprocal,0,4,,holomorphic,plus,0.1482089088679134,0.24690504021503115,0.0,0.1432121898387314,0.1482089088679134,0.005377852836575185,2.329574150436928,True,True
5457,E01__U017__TOP__MINIMUM_CERTIFIED_OUTER_GAP,x03_t25,3,25,0.746537312403847,0.7479228948596779,0.78125,0.8125,0.0175,0.02,-1e-06,1e-06,CLOSED_REPRESENTATIVE_UNIT_MODULUS_MARGIN,reciprocal,reciprocal,1,4,,holomorphic,plus,0.14820891182082993,0.2469050372520657,0.0,0.1432121898387314,0.14820891182082993,0.005377853221999447,2.329574150385014,True,True
5457,E01__U017__TOP__MINIMUM_CERTIFIED_OUTER_GAP,x03_t25,3,25,0.746537312403847,0.7479228948596779,0.78125,0.8125,0.0175,0.02,-1e-06,1e-06,CLOSED_REPRESENTATIVE_UNIT_MODULUS_MARGIN,reciprocal,reciprocal,2,4,,holomorphic,plus,0.14820889671778512,0.24690501256247013,0.0,0.1432121898387314,0.14820889671778512,0.005377853749481869,2.329573913007149,True,True
5457,E01__U017__TOP__MINIMUM_CERTIFIED_OUTER_GAP,x03_t25,3,25,0.746537312403847,0.7479228948596779,0.78125,0.8125,0.0175,0.02,-1e-06,1e-06,CLOSED_REPRESENTATIVE_UNIT_MODULUS_MARGIN,reciprocal,reciprocal,3,4,,holomorphic,plus,0.14820889376486862,0.24690501552543556,0.0,0.1432121898387314,0.14820889376486862,0.00537785336405753,2.3295739130590625,True,True
5457,E01__U017__TOP__MINIMUM_CERTIFIED_OUTER_GAP,x03_t26,3,26,0.746537312403847,0.7479228948596779,0.8125,0.84375,0.0175,0.02,-1e-06,1e-06,CLOSED_REPRESENTATIVE_UNIT_MODULUS_MARGIN,reciprocal,reciprocal,0,4,,holomorphic,plus,0.13341804115941083,0.23848228343063363,0.0,0.12999177842851592,0.13341804115941083,0.004514779551083089,2.329574150436928,True,True
5457,E01__U017__TOP__MINIMUM_CERTIFIED_OUTER_GAP,x03_t26,3,26,0.746537312403847,0.7479228948596779,0.8125,0.84375,0.0175,0.02,-1e-06,1e-06,CLOSED_REPRESENTATIVE_UNIT_MODULUS_MARGIN,reciprocal,reciprocal,1,4,,holomorphic,plus,0.13341804450888495,0.2384822800719696,0.0,0.12999177842851592,0.13341804450888495,0.004514779969511677,2.329574150385014,True,True
5457,E01__U017__TOP__MINIMUM_CERTIFIED_OUTER_GAP,x03_t26,3,26,0.746537312403847,0.7479228948596779,0.8125,0.84375,0.0175,0.02,-1e-06,1e-06,CLOSED_REPRESENTATIVE_UNIT_MODULUS_MARGIN,reciprocal,reciprocal,2,4,,holomorphic,plus,0.13341803091290025,0.23848225622474062,0.0,0.12999177842851592,0.13341803091290025,0.004514780412316086,2.329573913007149,True,True
5457,E01__U017__TOP__MINIMUM_CERTIFIED_OUTER_GAP,x03_t26,3,26,0.746537312403847,0.7479228948596779,0.8125,0.84375,0.0175,0.02,-1e-06,1e-06,CLOSED_REPRESENTATIVE_UNIT_MODULUS_MARGIN,reciprocal,reciprocal,3,4,,holomorphic,plus,0.13341802756342613,0.23848225958340466,0.0,0.12999177842851592,0.13341802756342613,0.004514779993887414,2.3295739130590625,True,True
5457,E01__U017__TOP__MINIMUM_CERTIFIED_OUTER_GAP,x03_t27,3,27,0.746537312403847,0.7479228948596779,0.84375,0.875,0.0175,0.02,-1e-06,1e-06,CLOSED_REPRESENTATIVE_UNIT_MODULUS_MARGIN,reciprocal,reciprocal,0,4,,holomorphic,plus,0.11772398128615853,0.23116142096859588,0.0,0.11615382978569486,0.11772398128615853,0.0033686496193765848,2.329574150436928,True,True
5457,E01__U017__TOP__MINIMUM_CERTIFIED_OUTER_GAP,x03_t27,3,27,0.746537312403847,0.7479228948596779,0.84375,0.875,0.0175,0.02,-1e-06,1e-06,CLOSED_REPRESENTATIVE_UNIT_MODULUS_MARGIN,reciprocal,reciprocal,1,4,,holomorphic,plus,0.1177239851198279,0.2311614171241873,0.0,0.11615382978569486,0.1177239851198279,0.003368650093060775,2.329574150385014,True,True
5457,E01__U017__TOP__MINIMUM_CERTIFIED_OUTER_GAP,x03_t27,3,27,0.746537312403847,0.7479228948596779,0.84375,0.875,0.0175,0.02,-1e-06,1e-06,CLOSED_REPRESENTATIVE_UNIT_MODULUS_MARGIN,reciprocal,reciprocal,2,4,,holomorphic,plus,0.11772397312291605,0.23116139400915617,0.0,0.11615382978569486,0.11772397312291605,0.003368650423412953,2.329573913007149,True,True
5457,E01__U017__TOP__MINIMUM_CERTIFIED_OUTER_GAP,x03_t27,3,27,0.746537312403847,0.7479228948596779,0.84375,0.875,0.0175,0.02,-1e-06,1e-06,CLOSED_REPRESENTATIVE_UNIT_MODULUS_MARGIN,reciprocal,reciprocal,3,4,,holomorphic,plus,0.11772396928924668,0.23116139785356474,0.0,0.11615382978569486,0.11772396928924668,0.0033686499497286677,2.3295739130590625,True,True
5457,E01__U017__TOP__MINIMUM_CERTIFIED_OUTER_GAP,x03_t28,3,28,0.746537312403847,0.7479228948596779,0.875,0.90625,0.0175,0.02,-1e-06,1e-06,CLOSED_REPRESENTATIVE_UNIT_MODULUS_MARGIN,reciprocal,reciprocal,0,4,,minus,minus,0.10146293718162763,0.1892225753785954,0.0,0.10146293718162763,0.1012359978755579,0.0018521033716424184,2.329574150436928,True,True
5457,E01__U017__TOP__MINIMUM_CERTIFIED_OUTER_GAP,x03_t28,3,28,0.746537312403847,0.7479228948596779,0.875,0.90625,0.0175,0.02,-1e-06,1e-06,CLOSED_REPRESENTATIVE_UNIT_MODULUS_MARGIN,reciprocal,reciprocal,1,4,,minus,minus,0.10146293718162763,0.1892225753785954,0.0,0.10146293718162763,0.1012360023078758,0.001852103934040417,2.329574150385014,True,True
5457,E01__U017__TOP__MINIMUM_CERTIFIED_OUTER_GAP,x03_t28,3,28,0.746537312403847,0.7479228948596779,0.875,0.90625,0.0175,0.02,-1e-06,1e-06,CLOSED_REPRESENTATIVE_UNIT_MODULUS_MARGIN,reciprocal,reciprocal,2,4,,minus,minus,0.10146293718162763,0.1892225753785954,0.0,0.10146293718162763,0.10123599199090906,0.0018521041155930935,2.329573913007149,True,True
5457,E01__U017__TOP__MINIMUM_CERTIFIED_OUTER_GAP,x03_t28,3,28,0.746537312403847,0.7479228948596779,0.875,0.90625,0.0175,0.02,-1e-06,1e-06,CLOSED_REPRESENTATIVE_UNIT_MODULUS_MARGIN,reciprocal,reciprocal,3,4,,minus,minus,0.10146293718162763,0.1892225753785954,0.0,0.10146293718162763,0.10123598755859116,0.0018521035531949821,2.3295739130590625,True,True
5457,E01__U017__TOP__MINIMUM_CERTIFIED_OUTER_GAP,x03_t29,3,29,0.746537312403847,0.7479228948596779,0.90625,0.9375,0.0175,0.02,-1e-06,1e-06,CLOSED_REPRESENTATIVE_UNIT_MODULUS_MARGIN,reciprocal,reciprocal,0,4,,minus,minus,0.08557408427579274,0.1849717175405447,0.0,0.08557408427579274,0.08366923275655165,0.0,2.329574150436928,True,True
5457,E01__U017__TOP__MINIMUM_CERTIFIED_OUTER_GAP,x03_t29,3,29,0.746537312403847,0.7479228948596779,0.90625,0.9375,0.0175,0.02,-1e-06,1e-06,CLOSED_REPRESENTATIVE_UNIT_MODULUS_MARGIN,reciprocal,reciprocal,1,4,,minus,minus,0.08557408427579274,0.1849717175405447,0.0,0.08557408427579274,0.08366923793444508,0.0,2.329574150385014,True,True
5457,E01__U017__TOP__MINIMUM_CERTIFIED_OUTER_GAP,x03_t29,3,29,0.746537312403847,0.7479228948596779,0.90625,0.9375,0.0175,0.02,-1e-06,1e-06,CLOSED_REPRESENTATIVE_UNIT_MODULUS_MARGIN,reciprocal,reciprocal,2,4,,minus,minus,0.08557408427579274,0.1849717175405447,0.0,0.08557408427579274,0.08366922940731468,0.0,2.329573913007149,True,True
5457,E01__U017__TOP__MINIMUM_CERTIFIED_OUTER_GAP,x03_t29,3,29,0.746537312403847,0.7479228948596779,0.90625,0.9375,0.0175,0.02,-1e-06,1e-06,CLOSED_REPRESENTATIVE_UNIT_MODULUS_MARGIN,reciprocal,reciprocal,3,4,,minus,minus,0.08557408427579274,0.1849717175405447,0.0,0.08557408427579274,0.08366922422942125,0.0,2.3295739130590625,True,True
5457,E01__U017__TOP__MINIMUM_CERTIFIED_OUTER_GAP,x03_t30,3,30,0.746537312403847,0.7479228948596779,0.9375,0.96875,0.0175,0.02,-1e-06,1e-06,CLOSED_REPRESENTATIVE_UNIT_MODULUS_MARGIN,reciprocal,reciprocal,0,4,,minus,minus,0.06797382698783747,0.18284908188529694,0.0,0.06797382698783747,0.06459706865321804,0.0,2.329574150436928,True,True
5457,E01__U017__TOP__MINIMUM_CERTIFIED_OUTER_GAP,x03_t30,3,30,0.746537312403847,0.7479228948596779,0.9375,0.96875,0.0175,0.02,-1e-06,1e-06,CLOSED_REPRESENTATIVE_UNIT_MODULUS_MARGIN,reciprocal,reciprocal,1,4,,minus,minus,0.06797382698783747,0.18284908188529694,0.0,0.06797382698783747,0.06459707475913369,0.0,2.329574150385014,True,True
5457,E01__U017__TOP__MINIMUM_CERTIFIED_OUTER_GAP,x03_t30,3,30,0.746537312403847,0.7479228948596779,0.9375,0.96875,0.0175,0.02,-1e-06,1e-06,CLOSED_REPRESENTATIVE_UNIT_MODULUS_MARGIN,reciprocal,reciprocal,2,4,,minus,minus,0.06797382698783747,0.18284908188529694,0.0,0.06797382698783747,0.06459706817519434,0.0,2.329573913007149,True,True
5457,E01__U017__TOP__MINIMUM_CERTIFIED_OUTER_GAP,x03_t30,3,30,0.746537312403847,0.7479228948596779,0.9375,0.96875,0.0175,0.02,-1e-06,1e-06,CLOSED_REPRESENTATIVE_UNIT_MODULUS_MARGIN,reciprocal,reciprocal,3,4,,minus,minus,0.06797382698783747,0.18284908188529694,0.0,0.06797382698783747,0.06459706206927869,0.0,2.3295739130590625,True,True
5457,E01__U017__TOP__MINIMUM_CERTIFIED_OUTER_GAP,x03_t31,3,31,0.746537312403847,0.7479228948596779,0.96875,1.0,0.0175,0.02,-1e-06,1e-06,CLOSED_REPRESENTATIVE_UNIT_MODULUS_MARGIN,reciprocal,reciprocal,0,4,,minus,minus,0.04799979941087739,0.18374818404986726,0.0,0.04799979941087739,0.04342228849091489,0.0,2.329574150436928,True,True
5457,E01__U017__TOP__MINIMUM_CERTIFIED_OUTER_GAP,x03_t31,3,31,0.746537312403847,0.7479228948596779,0.96875,1.0,0.0175,0.02,-1e-06,1e-06,CLOSED_REPRESENTATIVE_UNIT_MODULUS_MARGIN,reciprocal,reciprocal,1,4,,minus,minus,0.04799979941087739,0.18374818404986726,0.0,0.04799979941087739,0.043422295688970866,0.0,2.329574150385014,True,True
5457,E01__U017__TOP__MINIMUM_CERTIFIED_OUTER_GAP,x03_t31,3,31,0.746537312403847,0.7479228948596779,0.96875,1.0,0.0175,0.02,-1e-06,1e-06,CLOSED_REPRESENTATIVE_UNIT_MODULUS_MARGIN,reciprocal,reciprocal,2,4,,minus,minus,0.04799979941087739,0.18374818404986726,0.0,0.04799979941087739,0.043422291262438704,0.0,2.329573913007149,True,True
5457,E01__U017__TOP__MINIMUM_CERTIFIED_OUTER_GAP,x03_t31,3,31,0.746537312403847,0.7479228948596779,0.96875,1.0,0.0175,0.02,-1e-06,1e-06,CLOSED_REPRESENTATIVE_UNIT_MODULUS_MARGIN,reciprocal,reciprocal,3,4,,minus,minus,0.04799979941087739,0.18374818404986726,0.0,0.04799979941087739,0.04342228406438273,0.0,2.3295739130590625,True,True
5457,E01__U017__TOP__MINIMUM_CERTIFIED_OUTER_GAP,x04_t00,4,0,0.7479228948596779,0.7493084773155089,0.0,0.03125,0.0175,0.02,-1e-06,1e-06,CLOSED_REPRESENTATIVE_UNIT_MODULUS_MARGIN,reciprocal,reciprocal,0,4,,holomorphic,plus,0.4704418175811734,0.5181567791538506,0.003618446057414461,0.4284906272429418,0.4704418175811734,0.0031955756975700148,2.3367875895511534,True,True
5457,E01__U017__TOP__MINIMUM_CERTIFIED_OUTER_GAP,x04_t00,4,0,0.7479228948596779,0.7493084773155089,0.0,0.03125,0.0175,0.02,-1e-06,1e-06,CLOSED_REPRESENTATIVE_UNIT_MODULUS_MARGIN,reciprocal,reciprocal,1,4,,holomorphic,plus,0.47044181805213875,0.5181567786594444,0.003618446057414461,0.4284906272429418,0.47044181805213875,0.0031955757425120444,2.3367875894990733,True,True
5457,E01__U017__TOP__MINIMUM_CERTIFIED_OUTER_GAP,x04_t00,4,0,0.7479228948596779,0.7493084773155089,0.0,0.03125,0.0175,0.02,-1e-06,1e-06,CLOSED_REPRESENTATIVE_UNIT_MODULUS_MARGIN,reciprocal,reciprocal,2,4,,holomorphic,plus,0.47044177010985405,0.5181567268441052,0.003618446057414461,0.4284906272429418,0.47044177010985405,0.0031955760559598837,2.3367873513609205,True,True
5457,E01__U017__TOP__MINIMUM_CERTIFIED_OUTER_GAP,x04_t00,4,0,0.7479228948596779,0.7493084773155089,0.0,0.03125,0.0175,0.02,-1e-06,1e-06,CLOSED_REPRESENTATIVE_UNIT_MODULUS_MARGIN,reciprocal,reciprocal,3,4,,holomorphic,plus,0.47044176963888873,0.5181567273385114,0.003618446057414461,0.4284906272429418,0.47044176963888873,0.0031955760110178454,2.3367873514130006,True,True
5457,E01__U017__TOP__MINIMUM_CERTIFIED_OUTER_GAP,x04_t01,4,1,0.7479228948596779,0.7493084773155089,0.03125,0.0625,0.0175,0.02,-1e-06,1e-06,CLOSED_REPRESENTATIVE_UNIT_MODULUS_MARGIN,reciprocal,reciprocal,0,4,,holomorphic,plus,0.4581320761013837,0.5066759531815959,0.003535301847719313,0.4174984995764202,0.4581320761013837,0.0031318953245076204,2.3367875895511534,True,True
5457,E01__U017__TOP__MINIMUM_CERTIFIED_OUTER_GAP,x04_t01,4,1,0.7479228948596779,0.7493084773155089,0.03125,0.0625,0.0175,0.02,-1e-06,1e-06,CLOSED_REPRESENTATIVE_UNIT_MODULUS_MARGIN,reciprocal,reciprocal,1,4,,holomorphic,plus,0.4581320765978356,0.506675952662264,0.003535301847719313,0.4174984995764202,0.4581320765978356,0.0031318953274903447,2.3367875894990733,True,True
5457,E01__U017__TOP__MINIMUM_CERTIFIED_OUTER_GAP,x04_t01,4,1,0.7479228948596779,0.7493084773155089,0.03125,0.0625,0.0175,0.02,-1e-06,1e-06,CLOSED_REPRESENTATIVE_UNIT_MODULUS_MARGIN,reciprocal,reciprocal,2,4,,holomorphic,plus,0.45813202991001023,0.5066759019950131,0.003535301847719313,0.4174984995764202,0.45813202991001023,0.0031318956347018124,2.3367873513609205,True,True
5457,E01__U017__TOP__MINIMUM_CERTIFIED_OUTER_GAP,x04_t01,4,1,0.7479228948596779,0.7493084773155089,0.03125,0.0625,0.0175,0.02,-1e-06,1e-06,CLOSED_REPRESENTATIVE_UNIT_MODULUS_MARGIN,reciprocal,reciprocal,3,4,,holomorphic,plus,0.4581320294135583,0.506675902514345,0.003535301847719313,0.4174984995764202,0.4581320294135583,0.0031318956317190876,2.3367873514130006,True,True
5457,E01__U017__TOP__MINIMUM_CERTIFIED_OUTER_GAP,x04_t02,4,2,0.7479228948596779,0.7493084773155089,0.0625,0.09375,0.0175,0.02,-1e-06,1e-06,CLOSED_REPRESENTATIVE_UNIT_MODULUS_MARGIN,reciprocal,reciprocal,0,4,,holomorphic,plus,0.44580160532451246,0.4952110377908338,0.003510665696271997,0.40649474274024894,0.44580160532451246,0.0031416835332722126,2.3367875895511534,True,True
5457,E01__U017__TOP__MINIMUM_CERTIFIED_OUTER_GAP,x04_t02,4,2,0.7479228948596779,0.7493084773155089,0.0625,0.09375,0.0175,0.02,-1e-06,1e-06,CLOSED_REPRESENTATIVE_UNIT_MODULUS_MARGIN,reciprocal,reciprocal,1,4,,holomorphic,plus,0.4458016058482022,0.49521103724482485,0.003510665696271997,0.40649474274024894,0.4458016058482022,0.0031416835484655427,2.3367875894990733,True,True
5457,E01__U017__TOP__MINIMUM_CERTIFIED_OUTER_GAP,x04_t02,4,2,0.7479228948596779,0.7493084773155089,0.0625,0.09375,0.0175,0.02,-1e-06,1e-06,CLOSED_REPRESENTATIVE_UNIT_MODULUS_MARGIN,reciprocal,reciprocal,2,4,,holomorphic,plus,0.44580156041694824,0.49521098772407174,0.003510665696271997,0.40649474274024894,0.44580156041694824,0.0031416838566320016,2.3367873513609205,True,True
5457,E01__U017__TOP__MINIMUM_CERTIFIED_OUTER_GAP,x04_t02,4,2,0.7479228948596779,0.7493084773155089,0.0625,0.09375,0.0175,0.02,-1e-06,1e-06,CLOSED_REPRESENTATIVE_UNIT_MODULUS_MARGIN,reciprocal,reciprocal,3,4,,holomorphic,plus,0.4458015598932585,0.4952109882700807,0.003510665696271997,0.40649474274024894,0.4458015598932585,0.0031416838414386685,2.3367873514130006,True,True
5457,E01__U017__TOP__MINIMUM_CERTIFIED_OUTER_GAP,x04_t03,4,3,0.7479228948596779,0.7493084773155089,0.09375,0.125,0.0175,0.02,-1e-06,1e-06,CLOSED_REPRESENTATIVE_UNIT_MODULUS_MARGIN,reciprocal,reciprocal,0,4,,holomorphic,plus,0.43344897307703206,0.4837636583230848,0.0035907636082555565,0.39547847662271474,0.43344897307703206,0.0032462358111371025,2.3367875895511534,True,True
5457,E01__U017__TOP__MINIMUM_CERTIFIED_OUTER_GAP,x04_t03,4,3,0.7479228948596779,0.7493084773155089,0.09375,0.125,0.0175,0.02,-1e-06,1e-06,CLOSED_REPRESENTATIVE_UNIT_MODULUS_MARGIN,reciprocal,reciprocal,1,4,,holomorphic,plus,0.43344897362989315,0.483763657748465,0.0035907636082555565,0.39547847662271474,0.43344897362989315,0.003246235838818211,2.3367875894990733,True,True
5457,E01__U017__TOP__MINIMUM_CERTIFIED_OUTER_GAP,x04_t03,4,3,0.7479228948596779,0.7493084773155089,0.09375,0.125,0.0175,0.02,-1e-06,1e-06,CLOSED_REPRESENTATIVE_UNIT_MODULUS_MARGIN,reciprocal,reciprocal,2,4,,holomorphic,plus,0.43344892945746855,0.4837636093724565,0.0035907636082555565,0.39547847662271474,0.43344892945746855,0.0032462361572354504,2.3367873513609205,True,True
5457,E01__U017__TOP__MINIMUM_CERTIFIED_OUTER_GAP,x04_t03,4,3,0.7479228948596779,0.7493084773155089,0.09375,0.125,0.0175,0.02,-1e-06,1e-06,CLOSED_REPRESENTATIVE_UNIT_MODULUS_MARGIN,reciprocal,reciprocal,3,4,,holomorphic,plus,0.4334489289046074,0.4837636099470763,0.0035907636082555565,0.39547847662271474,0.4334489289046074,0.003246236129554336,2.3367873514130006,True,True
5457,E01__U017__TOP__MINIMUM_CERTIFIED_OUTER_GAP,x04_t04,4,4,0.7479228948596779,0.7493084773155089,0.125,0.15625,0.0175,0.02,-1e-06,1e-06,CLOSED_REPRESENTATIVE_UNIT_MODULUS_MARGIN,reciprocal,reciprocal,0,4,,holomorphic,plus,0.42107264146321366,0.47233560052597096,0.0037583194058902663,0.38444872754288084,0.42107264146321366,0.0034289583548107226,2.3367875895511534,True,True
5457,E01__U017__TOP__MINIMUM_CERTIFIED_OUTER_GAP,x04_t04,4,4,0.7479228948596779,0.7493084773155089,0.125,0.15625,0.0175,0.02,-1e-06,1e-06,CLOSED_REPRESENTATIVE_UNIT_MODULUS_MARGIN,reciprocal,reciprocal,1,4,,holomorphic,plus,0.4210726420473797,0.47233559992060653,0.0037583194058902663,0.38444872754288084,0.4210726420473797,0.003428958394494634,2.3367875894990733,True,True
5457,E01__U017__TOP__MINIMUM_CERTIFIED_OUTER_GAP,x04_t04,4,4,0.7479228948596779,0.7493084773155089,0.125,0.15625,0.0175,0.02,-1e-06,1e-06,CLOSED_REPRESENTATIVE_UNIT_MODULUS_MARGIN,reciprocal,reciprocal,2,4,,holomorphic,plus,0.4210725991361991,0.47233555268741095,0.0037583194058902663,0.38444872754288084,0.4210725991361991,0.003428958730831019,2.3367873513609205,True,True
5457,E01__U017__TOP__MINIMUM_CERTIFIED_OUTER_GAP,x04_t04,4,4,0.7479228948596779,0.7493084773155089,0.125,0.15625,0.0175,0.02,-1e-06,1e-06,CLOSED_REPRESENTATIVE_UNIT_MODULUS_MARGIN,reciprocal,reciprocal,3,4,,holomorphic,plus,0.42107259855203305,0.4723355532927753,0.0037583194058902663,0.38444872754288084,0.42107259855203305,0.0034289586911471,2.3367873514130006,True,True
5457,E01__U017__TOP__MINIMUM_CERTIFIED_OUTER_GAP,x04_t05,4,5,0.7479228948596779,0.7493084773155089,0.15625,0.1875,0.0175,0.02,-1e-06,1e-06,CLOSED_REPRESENTATIVE_UNIT_MODULUS_MARGIN,reciprocal,reciprocal,0,4,,holomorphic,plus,0.40867080225203983,0.46092898859999826,0.00399173195988003,0.37340434970642333,0.40867080225203983,0.003670365208696487,2.3367875895511534,True,True
5457,E01__U017__TOP__MINIMUM_CERTIFIED_OUTER_GAP,x04_t05,4,5,0.7479228948596779,0.7493084773155089,0.15625,0.1875,0.0175,0.02,-1e-06,1e-06,CLOSED_REPRESENTATIVE_UNIT_MODULUS_MARGIN,reciprocal,reciprocal,1,4,,holomorphic,plus,0.40867080286987256,0.46092898796152715,0.00399173195988003,0.37340434970642333,0.40867080286987256,0.00367036525958252,2.3367875894990733,True,True
5457,E01__U017__TOP__MINIMUM_CERTIFIED_OUTER_GAP,x04_t05,4,5,0.7479228948596779,0.7493084773155089,0.15625,0.1875,0.0175,0.02,-1e-06,1e-06,CLOSED_REPRESENTATIVE_UNIT_MODULUS_MARGIN,reciprocal,reciprocal,2,4,,holomorphic,plus,0.4086707612225349,0.4609289418690004,0.00399173195988003,0.37340434970642333,0.4086707612225349,0.0036703656195950867,2.3367873513609205,True,True
5457,E01__U017__TOP__MINIMUM_CERTIFIED_OUTER_GAP,x04_t05,4,5,0.7479228948596779,0.7493084773155089,0.15625,0.1875,0.0175,0.02,-1e-06,1e-06,CLOSED_REPRESENTATIVE_UNIT_MODULUS_MARGIN,reciprocal,reciprocal,3,4,,holomorphic,plus,0.40867076060470214,0.4609289425074716,0.00399173195988003,0.37340434970642333,0.40867076060470214,0.003670365568709043,2.3367873514130006,True,True
5457,E01__U017__TOP__MINIMUM_CERTIFIED_OUTER_GAP,x04_t06,4,6,0.7479228948596779,0.7493084773155089,0.1875,0.21875,0.0175,0.02,-1e-06,1e-06,CLOSED_REPRESENTATIVE_UNIT_MODULUS_MARGIN,reciprocal,reciprocal,0,4,,holomorphic,plus,0.3962414342067226,0.449546239203041,0.004269628002158846,0.36234394859467517,0.3962414342067226,0.003952013446995589,2.3367875895511534,True,True
5457,E01__U017__TOP__MINIMUM_CERTIFIED_OUTER_GAP,x04_t06,4,6,0.7479228948596779,0.7493084773155089,0.1875,0.21875,0.0175,0.02,-1e-06,1e-06,CLOSED_REPRESENTATIVE_UNIT_MODULUS_MARGIN,reciprocal,reciprocal,1,4,,holomorphic,plus,0.3962414348608477,0.44954623852883696,0.004269628002158846,0.36234394859467517,0.3962414348608477,0.003952013508328302,2.3367875894990733,True,True
5457,E01__U017__TOP__MINIMUM_CERTIFIED_OUTER_GAP,x04_t06,4,6,0.7479228948596779,0.7493084773155089,0.1875,0.21875,0.0175,0.02,-1e-06,1e-06,CLOSED_REPRESENTATIVE_UNIT_MODULUS_MARGIN,reciprocal,reciprocal,2,4,,holomorphic,plus,0.3962413944801577,0.44954619357459347,0.004269628002158846,0.36234394859467517,0.3962413944801577,0.003952013895964921,2.3367873513609205,True,True
5457,E01__U017__TOP__MINIMUM_CERTIFIED_OUTER_GAP,x04_t06,4,6,0.7479228948596779,0.7493084773155089,0.1875,0.21875,0.0175,0.02,-1e-06,1e-06,CLOSED_REPRESENTATIVE_UNIT_MODULUS_MARGIN,reciprocal,reciprocal,3,4,,holomorphic,plus,0.39624139382603263,0.4495461942487975,0.004269628002158846,0.36234394859467517,0.39624139382603263,0.003952013834632196,2.3367873514130006,True,True
5457,E01__U017__TOP__MINIMUM_CERTIFIED_OUTER_GAP,x04_t07,4,7,0.7479228948596779,0.7493084773155089,0.21875,0.25,0.0175,0.02,-1e-06,1e-06,CLOSED_REPRESENTATIVE_UNIT_MODULUS_MARGIN,reciprocal,reciprocal,0,4,,holomorphic,plus,0.38378227455200953,0.4381901055970362,0.0045733274602686915,0.35126609140035486,0.38378227455200953,0.004258339003948292,2.3367875895511534,True,True
5457,E01__U017__TOP__MINIMUM_CERTIFIED_OUTER_GAP,x04_t07,4,7,0.7479228948596779,0.7493084773155089,0.21875,0.25,0.0175,0.02,-1e-06,1e-06,CLOSED_REPRESENTATIVE_UNIT_MODULUS_MARGIN,reciprocal,reciprocal,1,4,,holomorphic,plus,0.3837822752453559,0.43819010488416965,0.0045733274602686915,0.35126609140035486,0.3837822752453559,0.004258339075201717,2.3367875894990733,True,True
5457,E01__U017__TOP__MINIMUM_CERTIFIED_OUTER_GAP,x04_t07,4,7,0.7479228948596779,0.7493084773155089,0.21875,0.25,0.0175,0.02,-1e-06,1e-06,CLOSED_REPRESENTATIVE_UNIT_MODULUS_MARGIN,reciprocal,reciprocal,2,4,,holomorphic,plus,0.383782236134349,0.43819006106554853,0.0045733274602686915,0.35126609140035486,0.383782236134349,0.004258339492883428,2.3367873513609205,True,True
5457,E01__U017__TOP__MINIMUM_CERTIFIED_OUTER_GAP,x04_t07,4,7,0.7479228948596779,0.7493084773155089,0.21875,0.25,0.0175,0.02,-1e-06,1e-06,CLOSED_REPRESENTATIVE_UNIT_MODULUS_MARGIN,reciprocal,reciprocal,3,4,,holomorphic,plus,0.3837822354410026,0.438190061778415,0.0045733274602686915,0.35126609140035486,0.3837822354410026,0.004258339421629989,2.3367873514130006,True,True
5457,E01__U017__TOP__MINIMUM_CERTIFIED_OUTER_GAP,x04_t08,4,8,0.7479228948596779,0.7493084773155089,0.25,0.28125,0.0175,0.02,-1e-06,1e-06,CLOSED_REPRESENTATIVE_UNIT_MODULUS_MARGIN,reciprocal,reciprocal,0,4,,holomorphic,plus,0.3712907797126612,0.4268637360043842,0.004887415086912742,0.3401690417278079,0.3712907797126612,0.0045768869176833205,2.3367875895511534,True,True
5457,E01__U017__TOP__MINIMUM_CERTIFIED_OUTER_GAP,x04_t08,4,8,0.7479228948596779,0.7493084773155089,0.25,0.28125,0.0175,0.02,-1e-06,1e-06,CLOSED_REPRESENTATIVE_UNIT_MODULUS_MARGIN,reciprocal,reciprocal,1,4,,holomorphic,plus,0.3712907804485077,0.42686373524957555,0.004887415086912742,0.3401690417278079,0.3712907804485077,0.00457688699861733,2.3367875894990733,True,True
5457,E01__U017__TOP__MINIMUM_CERTIFIED_OUTER_GAP,x04_t08,4,8,0.7479228948596779,0.7493084773155089,0.25,0.28125,0.0175,0.02,-1e-06,1e-06,CLOSED_REPRESENTATIVE_UNIT_MODULUS_MARGIN,reciprocal,reciprocal,2,4,,holomorphic,plus,0.3712907426104783,0.42686369256360107,0.004887415086912742,0.3401690417278079,0.3712907426104783,0.004576887447543307,2.3367873513609205,True,True
5457,E01__U017__TOP__MINIMUM_CERTIFIED_OUTER_GAP,x04_t08,4,8,0.7479228948596779,0.7493084773155089,0.25,0.28125,0.0175,0.02,-1e-06,1e-06,CLOSED_REPRESENTATIVE_UNIT_MODULUS_MARGIN,reciprocal,reciprocal,3,4,,holomorphic,plus,0.3712907418746318,0.4268636933184098,0.004887415086912742,0.3401690417278079,0.3712907418746318,0.004576887366609282,2.3367873514130006,True,True
5457,E01__U017__TOP__MINIMUM_CERTIFIED_OUTER_GAP,x04_t09,4,9,0.7479228948596779,0.7493084773155089,0.28125,0.3125,0.0175,0.02,-1e-06,1e-06,CLOSED_REPRESENTATIVE_UNIT_MODULUS_MARGIN,reciprocal,reciprocal,0,4,,holomorphic,plus,0.35876407790051185,0.41557074436075636,0.005165467647079116,0.32905078070176,0.35876407790051185,0.004897810912056447,2.3367875895511534,True,True
5457,E01__U017__TOP__MINIMUM_CERTIFIED_OUTER_GAP,x04_t09,4,9,0.7479228948596779,0.7493084773155089,0.28125,0.3125,0.0175,0.02,-1e-06,1e-06,CLOSED_REPRESENTATIVE_UNIT_MODULUS_MARGIN,reciprocal,reciprocal,1,4,,holomorphic,plus,0.35876407868254273,0.4155707435603201,0.005165467647079116,0.32905078070176,0.35876407868254273,0.004897811002713916,2.3367875894990733,True,True
5457,E01__U017__TOP__MINIMUM_CERTIFIED_OUTER_GAP,x04_t09,4,9,0.7479228948596779,0.7493084773155089,0.28125,0.3125,0.0175,0.02,-1e-06,1e-06,CLOSED_REPRESENTATIVE_UNIT_MODULUS_MARGIN,reciprocal,reciprocal,2,4,,holomorphic,plus,0.35876404212107776,0.41557070200365537,0.005165467647079116,0.32905078070176,0.35876404212107776,0.00489781148311738,2.3367873513609205,True,True
5457,E01__U017__TOP__MINIMUM_CERTIFIED_OUTER_GAP,x04_t09,4,9,0.7479228948596779,0.7493084773155089,0.28125,0.3125,0.0175,0.02,-1e-06,1e-06,CLOSED_REPRESENTATIVE_UNIT_MODULUS_MARGIN,reciprocal,reciprocal,3,4,,holomorphic,plus,0.35876404133904694,0.41557070280409164,0.005165467647079116,0.32905078070176,0.35876404133904694,0.004897811392459892,2.3367873514130006,True,True
5457,E01__U017__TOP__MINIMUM_CERTIFIED_OUTER_GAP,x04_t10,4,10,0.7479228948596779,0.7493084773155089,0.3125,0.34375,0.0175,0.02,-1e-06,1e-06,CLOSED_REPRESENTATIVE_UNIT_MODULUS_MARGIN,reciprocal,reciprocal,0,4,,holomorphic,plus,0.3461989114642909,0.4043152966337482,0.005421943967012516,0.31790894643283374,0.3461989114642909,0.005213202407005038,2.3367875895511534,True,True
5457,E01__U017__TOP__MINIMUM_CERTIFIED_OUTER_GAP,x04_t10,4,10,0.7479228948596779,0.7493084773155089,0.3125,0.34375,0.0175,0.02,-1e-06,1e-06,CLOSED_REPRESENTATIVE_UNIT_MODULUS_MARGIN,reciprocal,reciprocal,1,4,,holomorphic,plus,0.34619891229666266,0.4043152957835264,0.005421943967012516,0.31790894643283374,0.34619891229666266,0.005213202507693281,2.3367875894990733,True,True
5457,E01__U017__TOP__MINIMUM_CERTIFIED_OUTER_GAP,x04_t10,4,10,0.7479228948596779,0.7493084773155089,0.3125,0.34375,0.0175,0.02,-1e-06,1e-06,CLOSED_REPRESENTATIVE_UNIT_MODULUS_MARGIN,reciprocal,reciprocal,2,4,,holomorphic,plus,0.34619887701568114,0.40431525535241797,0.005421943967012516,0.31790894643283374,0.34619887701568114,0.0052132030190315815,2.3367873513609205,True,True
5457,E01__U017__TOP__MINIMUM_CERTIFIED_OUTER_GAP,x04_t10,4,10,0.7479228948596779,0.7493084773155089,0.3125,0.34375,0.0175,0.02,-1e-06,1e-06,CLOSED_REPRESENTATIVE_UNIT_MODULUS_MARGIN,reciprocal,reciprocal,3,4,,holomorphic,plus,0.34619887618330936,0.4043152562026398,0.005421943967012516,0.31790894643283374,0.34619887618330936,0.005213202918343319,2.3367873514130006,True,True
5457,E01__U017__TOP__MINIMUM_CERTIFIED_OUTER_GAP,x04_t11,4,11,0.7479228948596779,0.7493084773155089,0.34375,0.375,0.0175,0.02,-1e-06,1e-06,CLOSED_REPRESENTATIVE_UNIT_MODULUS_MARGIN,reciprocal,reciprocal,0,4,,holomorphic,plus,0.33359156627360365,0.3931022168377319,0.005649241570375653,0.30674075555789965,0.33359156627360365,0.005516482900522043,2.3367875895511534,True,True
5457,E01__U017__TOP__MINIMUM_CERTIFIED_OUTER_GAP,x04_t11,4,11,0.7479228948596779,0.7493084773155089,0.34375,0.375,0.0175,0.02,-1e-06,1e-06,CLOSED_REPRESENTATIVE_UNIT_MODULUS_MARGIN,reciprocal,reciprocal,1,4,,holomorphic,plus,0.3335915671610256,0.3931022159330132,0.005649241570375653,0.30674075555789965,0.3335915671610256,0.005516483011798458,2.3367875894990733,True,True
5457,E01__U017__TOP__MINIMUM_CERTIFIED_OUTER_GAP,x04_t11,4,11,0.7479228948596779,0.7493084773155089,0.34375,0.375,0.0175,0.02,-1e-06,1e-06,CLOSED_REPRESENTATIVE_UNIT_MODULUS_MARGIN,reciprocal,reciprocal,2,4,,holomorphic,plus,0.3335915331648247,0.3931021766232254,0.005649241570375653,0.30674075555789965,0.3335915331648247,0.005516483552883566,2.3367873513609205,True,True
5457,E01__U017__TOP__MINIMUM_CERTIFIED_OUTER_GAP,x04_t11,4,11,0.7479228948596779,0.7493084773155089,0.34375,0.375,0.0175,0.02,-1e-06,1e-06,CLOSED_REPRESENTATIVE_UNIT_MODULUS_MARGIN,reciprocal,reciprocal,3,4,,holomorphic,plus,0.33359153227740274,0.3931021775279441,0.005649241570375653,0.30674075555789965,0.33359153227740274,0.005516483441607129,2.3367873514130006,True,True
5457,E01__U017__TOP__MINIMUM_CERTIFIED_OUTER_GAP,x04_t12,4,12,0.7479228948596779,0.7493084773155089,0.375,0.40625,0.0175,0.02,-1e-06,1e-06,CLOSED_REPRESENTATIVE_UNIT_MODULUS_MARGIN,reciprocal,reciprocal,0,4,,holomorphic,plus,0.3209377845311191,0.3819371181774715,0.005838301460393332,0.29554290262856514,0.3209377845311191,0.005801917458307536,2.3367875895511534,True,True
5457,E01__U017__TOP__MINIMUM_CERTIFIED_OUTER_GAP,x04_t12,4,12,0.7479228948596779,0.7493084773155089,0.375,0.40625,0.0175,0.02,-1e-06,1e-06,CLOSED_REPRESENTATIVE_UNIT_MODULUS_MARGIN,reciprocal,reciprocal,1,4,,holomorphic,plus,0.32093778547895135,0.38193711721289336,0.005838301460393332,0.29554290262856514,0.32093778547895135,0.005801917580976793,2.3367875894990733,True,True
5457,E01__U017__TOP__MINIMUM_CERTIFIED_OUTER_GAP,x04_t12,4,12,0.7479228948596779,0.7493084773155089,0.375,0.40625,0.0175,0.02,-1e-06,1e-06,CLOSED_REPRESENTATIVE_UNIT_MODULUS_MARGIN,reciprocal,reciprocal,2,4,,holomorphic,plus,0.3209377527722621,0.3819370790196293,0.005838301460393332,0.29554290262856514,0.3209377527722621,0.0058019181500580524,2.3367873513609205,True,True
5457,E01__U017__TOP__MINIMUM_CERTIFIED_OUTER_GAP,x04_t12,4,12,0.7479228948596779,0.7493084773155089,0.375,0.40625,0.0175,0.02,-1e-06,1e-06,CLOSED_REPRESENTATIVE_UNIT_MODULUS_MARGIN,reciprocal,reciprocal,3,4,,holomorphic,plus,0.32093775182442985,0.3819370799842074,0.005838301460393332,0.29554290262856514,0.32093775182442985,0.005801918027388771,2.3367873514130006,True,True
5457,E01__U017__TOP__MINIMUM_CERTIFIED_OUTER_GAP,x04_t13,4,13,0.7479228948596779,0.7493084773155089,0.40625,0.4375,0.0175,0.02,-1e-06,1e-06,CLOSED_REPRESENTATIVE_UNIT_MODULUS_MARGIN,reciprocal,reciprocal,0,4,,holomorphic,plus,0.30823265619518936,0.3708265665371082,0.005979951979362381,0.28431142994035397,0.30823265619518936,0.006064238875092523,2.3367875895511534,True,True
5457,E01__U017__TOP__MINIMUM_CERTIFIED_OUTER_GAP,x04_t13,4,13,0.7479228948596779,0.7493084773155089,0.40625,0.4375,0.0175,0.02,-1e-06,1e-06,CLOSED_REPRESENTATIVE_UNIT_MODULUS_MARGIN,reciprocal,reciprocal,1,4,,holomorphic,plus,0.3082326572095625,0.37082656550653686,0.005979951979362381,0.28431142994035397,0.3082326572095625,0.0060642390102175515,2.3367875894990733,True,True
5457,E01__U017__TOP__MINIMUM_CERTIFIED_OUTER_GAP,x04_t13,4,13,0.7479228948596779,0.7493084773155089,0.40625,0.4375,0.0175,0.02,-1e-06,1e-06,CLOSED_REPRESENTATIVE_UNIT_MODULUS_MARGIN,reciprocal,reciprocal,2,4,,holomorphic,plus,0.3082326257976161,0.37082652842434327,0.005979951979362381,0.28431142994035397,0.3082326257976161,0.006064239605027562,2.3367873513609205,True,True
5457,E01__U017__TOP__MINIMUM_CERTIFIED_OUTER_GAP,x04_t13,4,13,0.7479228948596779,0.7493084773155089,0.40625,0.4375,0.0175,0.02,-1e-06,1e-06,CLOSED_REPRESENTATIVE_UNIT_MODULUS_MARGIN,reciprocal,reciprocal,3,4,,holomorphic,plus,0.308232624783243,0.3708265294549146,0.005979951979362381,0.28431142994035397,0.308232624783243,0.006064239469902507,2.3367873514130006,True,True
5457,E01__U017__TOP__MINIMUM_CERTIFIED_OUTER_GAP,x04_t14,4,14,0.7479228948596779,0.7493084773155089,0.4375,0.46875,0.0175,0.02,-1e-06,1e-06,CLOSED_REPRESENTATIVE_UNIT_MODULUS_MARGIN,reciprocal,reciprocal,0,4,,holomorphic,plus,0.29547048249978003,0.3597782860039747,0.006064454736558165,0.2730415575321257,0.29547048249978003,0.006298354604013917,2.3367875895511534,True,True
5457,E01__U017__TOP__MINIMUM_CERTIFIED_OUTER_GAP,x04_t14,4,14,0.7479228948596779,0.7493084773155089,0.4375,0.46875,0.0175,0.02,-1e-06,1e-06,CLOSED_REPRESENTATIVE_UNIT_MODULUS_MARGIN,reciprocal,reciprocal,1,4,,holomorphic,plus,0.2954704835877427,0.3597782849003573,0.006064454736558165,0.2730415575321257,0.2954704835877427,0.006298354752941654,2.3367875894990733,True,True
5457,E01__U017__TOP__MINIMUM_CERTIFIED_OUTER_GAP,x04_t14,4,14,0.7479228948596779,0.7493084773155089,0.4375,0.46875,0.0175,0.02,-1e-06,1e-06,CLOSED_REPRESENTATIVE_UNIT_MODULUS_MARGIN,reciprocal,reciprocal,2,4,,holomorphic,plus,0.2954704534763509,0.35977824892300864,0.006064454736558165,0.2730415575321257,0.2954704534763509,0.006298355370713405,2.3367873513609205,True,True
5457,E01__U017__TOP__MINIMUM_CERTIFIED_OUTER_GAP,x04_t14,4,14,0.7479228948596779,0.7493084773155089,0.4375,0.46875,0.0175,0.02,-1e-06,1e-06,CLOSED_REPRESENTATIVE_UNIT_MODULUS_MARGIN,reciprocal,reciprocal,3,4,,holomorphic,plus,0.29547045238838826,0.35977825002662606,0.006064454736558165,0.2730415575321257,0.29547045238838826,0.006298355221785638,2.3367873514130006,True,True
5457,E01__U017__TOP__MINIMUM_CERTIFIED_OUTER_GAP,x04_t15,4,15,0.7479228948596779,0.7493084773155089,0.46875,0.5,0.0175,0.02,-1e-06,1e-06,CLOSED_REPRESENTATIVE_UNIT_MODULUS_MARGIN,reciprocal,reciprocal,0,4,,holomorphic,plus,0.2826446026542267,0.3488014195875148,0.006081076288923294,0.2617274589655816,0.2826446026542267,0.006499109712834211,2.3367875895511534,True,True
5457,E01__U017__TOP__MINIMUM_CERTIFIED_OUTER_GAP,x04_t15,4,15,0.7479228948596779,0.7493084773155089,0.46875,0.5,0.0175,0.02,-1e-06,1e-06,CLOSED_REPRESENTATIVE_UNIT_MODULUS_MARGIN,reciprocal,reciprocal,1,4,,holomorphic,plus,0.28264460382392864,0.34880141840269613,0.006081076288923294,0.2617274589655816,0.28264460382392864,0.006499109877237353,2.3367875894990733,True,True
5457,E01__U017__TOP__MINIMUM_CERTIFIED_OUTER_GAP,x04_t15,4,15,0.7479228948596779,0.7493084773155089,0.46875,0.5,0.0175,0.02,-1e-06,1e-06,CLOSED_REPRESENTATIVE_UNIT_MODULUS_MARGIN,reciprocal,reciprocal,2,4,,holomorphic,plus,0.2826445750195818,0.3488013835230529,0.006081076288923294,0.2617274589655816,0.2826445750195818,0.006499110514698094,2.3367873513609205,True,True
5457,E01__U017__TOP__MINIMUM_CERTIFIED_OUTER_GAP,x04_t15,4,15,0.7479228948596779,0.7493084773155089,0.46875,0.5,0.0175,0.02,-1e-06,1e-06,CLOSED_REPRESENTATIVE_UNIT_MODULUS_MARGIN,reciprocal,reciprocal,3,4,,holomorphic,plus,0.28264457384987984,0.3488013847078716,0.006081076288923294,0.2617274589655816,0.28264457384987984,0.006499110350294919,2.3367873514130006,True,True
5457,E01__U017__TOP__MINIMUM_CERTIFIED_OUTER_GAP,x04_t16,4,16,0.7479228948596779,0.7493084773155089,0.5,0.53125,0.0175,0.02,-1e-06,1e-06,CLOSED_REPRESENTATIVE_UNIT_MODULUS_MARGIN,reciprocal,reciprocal,0,4,,holomorphic,plus,0.26974717134525544,0.3379068632309561,0.006017674737808429,0.25036196250122567,0.26974717134525544,0.006661085702130251,2.3367875895511534,True,True
5457,E01__U017__TOP__MINIMUM_CERTIFIED_OUTER_GAP,x04_t16,4,16,0.7479228948596779,0.7493084773155089,0.5,0.53125,0.0175,0.02,-1e-06,1e-06,CLOSED_REPRESENTATIVE_UNIT_MODULUS_MARGIN,reciprocal,reciprocal,1,4,,holomorphic,plus,0.26974717260617675,0.3379068619554493,0.006017674737808429,0.25036196250122567,0.26974717260617675,0.006661085884067146,2.3367875894990733,True,True
5457,E01__U017__TOP__MINIMUM_CERTIFIED_OUTER_GAP,x04_t16,4,16,0.7479228948596779,0.7493084773155089,0.5,0.53125,0.0175,0.02,-1e-06,1e-06,CLOSED_REPRESENTATIVE_UNIT_MODULUS_MARGIN,reciprocal,reciprocal,2,4,,holomorphic,plus,0.2697471451161642,0.33790682816528267,0.006017674737808429,0.25036196250122567,0.2697471451161642,0.006661086537412522,2.3367873513609205,True,True
5457,E01__U017__TOP__MINIMUM_CERTIFIED_OUTER_GAP,x04_t16,4,16,0.7479228948596779,0.7493084773155089,0.5,0.53125,0.0175,0.02,-1e-06,1e-06,CLOSED_REPRESENTATIVE_UNIT_MODULUS_MARGIN,reciprocal,reciprocal,3,4,,holomorphic,plus,0.26974714385524295,0.3379068294407895,0.006017674737808429,0.25036196250122567,0.26974714385524295,0.006661086355475591,2.3367873514130006,True,True
5457,E01__U017__TOP__MINIMUM_CERTIFIED_OUTER_GAP,x04_t17,4,17,0.7479228948596779,0.7493084773155089,0.53125,0.5625,0.0175,0.02,-1e-06,1e-06,CLOSED_REPRESENTATIVE_UNIT_MODULUS_MARGIN,reciprocal,reciprocal,0,4,,holomorphic,plus,0.25676886960621553,0.32710769833884545,0.0058603285973470275,0.23893614846908198,0.25676886960621553,0.0067784231784222895,2.3367875895511534,True,True
5457,E01__U017__TOP__MINIMUM_CERTIFIED_OUTER_GAP,x04_t17,4,17,0.7479228948596779,0.7493084773155089,0.53125,0.5625,0.0175,0.02,-1e-06,1e-06,CLOSED_REPRESENTATIVE_UNIT_MODULUS_MARGIN,reciprocal,reciprocal,1,4,,holomorphic,plus,0.2567688709694555,0.3271076969615425,0.0058603285973470275,0.23893614846908198,0.2567688709694555,0.006778423380418142,2.3367875894990733,True,True
5457,E01__U017__TOP__MINIMUM_CERTIFIED_OUTER_GAP,x04_t17,4,17,0.7479228948596779,0.7493084773155089,0.53125,0.5625,0.0175,0.02,-1e-06,1e-06,CLOSED_REPRESENTATIVE_UNIT_MODULUS_MARGIN,reciprocal,reciprocal,2,4,,holomorphic,plus,0.25676884480201606,0.32710766425131593,0.0058603285973470275,0.23893614846908198,0.25676884480201606,0.006778424045268931,2.3367873513609205,True,True
5457,E01__U017__TOP__MINIMUM_CERTIFIED_OUTER_GAP,x04_t17,4,17,0.7479228948596779,0.7493084773155089,0.53125,0.5625,0.0175,0.02,-1e-06,1e-06,CLOSED_REPRESENTATIVE_UNIT_MODULUS_MARGIN,reciprocal,reciprocal,3,4,,holomorphic,plus,0.2567688434387761,0.32710766562861887,0.0058603285973470275,0.23893614846908198,0.2567688434387761,0.006778423843273038,2.3367873514130006,True,True
5457,E01__U017__TOP__MINIMUM_CERTIFIED_OUTER_GAP,x04_t18,4,18,0.7479228948596779,0.7493084773155089,0.5625,0.59375,0.0175,0.02,-1e-06,1e-06,CLOSED_REPRESENTATIVE_UNIT_MODULUS_MARGIN,reciprocal,reciprocal,0,4,,holomorphic,plus,0.2436985241027928,0.3164197584861825,0.00559313624121617,0.2274388005102994,0.2436985241027928,0.006844666818130948,2.3367875895511534,True,True
5457,E01__U017__TOP__MINIMUM_CERTIFIED_OUTER_GAP,x04_t18,4,18,0.7479228948596779,0.7493084773155089,0.5625,0.59375,0.0175,0.02,-1e-06,1e-06,CLOSED_REPRESENTATIVE_UNIT_MODULUS_MARGIN,reciprocal,reciprocal,1,4,,holomorphic,plus,0.24369852558143837,0.3164197569939857,0.00559313624121617,0.2274388005102994,0.24369852558143837,0.006844667043284209,2.3367875894990733,True,True
5457,E01__U017__TOP__MINIMUM_CERTIFIED_OUTER_GAP,x04_t18,4,18,0.7479228948596779,0.7493084773155089,0.5625,0.59375,0.0175,0.02,-1e-06,1e-06,CLOSED_REPRESENTATIVE_UNIT_MODULUS_MARGIN,reciprocal,reciprocal,2,4,,holomorphic,plus,0.24369850074594906,0.3164197253525796,0.00559313624121617,0.2274388005102994,0.24369850074594906,0.006844667714627838,2.3367873513609205,True,True
5457,E01__U017__TOP__MINIMUM_CERTIFIED_OUTER_GAP,x04_t18,4,18,0.7479228948596779,0.7493084773155089,0.5625,0.59375,0.0175,0.02,-1e-06,1e-06,CLOSED_REPRESENTATIVE_UNIT_MODULUS_MARGIN,reciprocal,reciprocal,3,4,,holomorphic,plus,0.2436984992673035,0.3164197268447764,0.00559313624121617,0.2274388005102994,0.2436984992673035,0.006844667489474532,2.3367873514130006,True,True
5457,E01__U017__TOP__MINIMUM_CERTIFIED_OUTER_GAP,x04_t19,4,19,0.7479228948596779,0.7493084773155089,0.59375,0.625,0.0175,0.02,-1e-06,1e-06,CLOSED_REPRESENTATIVE_UNIT_MODULUS_MARGIN,reciprocal,reciprocal,0,4,,holomorphic,plus,0.23052259851898266,0.30586238153154505,0.0051986117215957455,0.21585564861698645,0.23052259851898266,0.006852648017340797,2.3367875895511534,True,True
5457,E01__U017__TOP__MINIMUM_CERTIFIED_OUTER_GAP,x04_t19,4,19,0.7479228948596779,0.7493084773155089,0.59375,0.625,0.0175,0.02,-1e-06,1e-06,CLOSED_REPRESENTATIVE_UNIT_MODULUS_MARGIN,reciprocal,reciprocal,1,4,,holomorphic,plus,0.23052260012858175,0.3058623799088937,0.0051986117215957455,0.21585564861698645,0.23052260012858175,0.006852648269457919,2.3367875894990733,True,True
5457,E01__U017__TOP__MINIMUM_CERTIFIED_OUTER_GAP,x04_t19,4,19,0.7479228948596779,0.7493084773155089,0.59375,0.625,0.0175,0.02,-1e-06,1e-06,CLOSED_REPRESENTATIVE_UNIT_MODULUS_MARGIN,reciprocal,reciprocal,2,4,,holomorphic,plus,0.2305225766357984,0.30586234932325546,0.0051986117215957455,0.21585564861698645,0.2305225766357984,0.006852648941578471,2.3367873513609205,True,True
5457,E01__U017__TOP__MINIMUM_CERTIFIED_OUTER_GAP,x04_t19,4,19,0.7479228948596779,0.7493084773155089,0.59375,0.625,0.0175,0.02,-1e-06,1e-06,CLOSED_REPRESENTATIVE_UNIT_MODULUS_MARGIN,reciprocal,reciprocal,3,4,,holomorphic,plus,0.2305225750261993,0.3058623509459068,0.0051986117215957455,0.21585564861698645,0.2305225750261993,0.006852648689461299,2.3367873514130006,True,True
5457,E01__U017__TOP__MINIMUM_CERTIFIED_OUTER_GAP,x04_t20,4,20,0.7479228948596779,0.7493084773155089,0.625,0.65625,0.0175,0.02,-1e-06,1e-06,CLOSED_REPRESENTATIVE_UNIT_MODULUS_MARGIN,reciprocal,reciprocal,0,4,,holomorphic,plus,0.21722450322280934,0.29545942193606667,0.0046585841172052285,0.20416831185123396,0.21722450322280934,0.006794453560427655,2.3367875895511534,True,True
5457,E01__U017__TOP__MINIMUM_CERTIFIED_OUTER_GAP,x04_t20,4,20,0.7479228948596779,0.7493084773155089,0.625,0.65625,0.0175,0.02,-1e-06,1e-06,CLOSED_REPRESENTATIVE_UNIT_MODULUS_MARGIN,reciprocal,reciprocal,1,4,,holomorphic,plus,0.21722450498198584,0.2954594201643225,0.0046585841172052285,0.20416831185123396,0.21722450498198584,0.006794453844184245,2.3367875894990733,True,True
5457,E01__U017__TOP__MINIMUM_CERTIFIED_OUTER_GAP,x04_t20,4,20,0.7479228948596779,0.7493084773155089,0.625,0.65625,0.0175,0.02,-1e-06,1e-06,CLOSED_REPRESENTATIVE_UNIT_MODULUS_MARGIN,reciprocal,reciprocal,2,4,,holomorphic,plus,0.21722448284435417,0.29545939061901455,0.0046585841172052285,0.20416831185123396,0.21722448284435417,0.006794454510589381,2.3367873513609205,True,True
5457,E01__U017__TOP__MINIMUM_CERTIFIED_OUTER_GAP,x04_t20,4,20,0.7479228948596779,0.7493084773155089,0.625,0.65625,0.0175,0.02,-1e-06,1e-06,CLOSED_REPRESENTATIVE_UNIT_MODULUS_MARGIN,reciprocal,reciprocal,3,4,,holomorphic,plus,0.21722448108517767,0.2954593923907588,0.0046585841172052285,0.20416831185123396,0.21722448108517767,0.006794454226832733,2.3367873514130006,True,True
5457,E01__U017__TOP__MINIMUM_CERTIFIED_OUTER_GAP,x04_t21,4,21,0.7479228948596779,0.7493084773155089,0.65625,0.6875,0.0175,0.02,-1e-06,1e-06,CLOSED_REPRESENTATIVE_UNIT_MODULUS_MARGIN,reciprocal,reciprocal,0,4,,holomorphic,plus,0.20378364191952134,0.28524063448085857,0.003922698944993529,0.19235280245822264,0.20378364191952134,0.006661606208027492,2.3367875895511534,True,True
5457,E01__U017__TOP__MINIMUM_CERTIFIED_OUTER_GAP,x04_t21,4,21,0.7479228948596779,0.7493084773155089,0.65625,0.6875,0.0175,0.02,-1e-06,1e-06,CLOSED_REPRESENTATIVE_UNIT_MODULUS_MARGIN,reciprocal,reciprocal,1,4,,holomorphic,plus,0.2037836438507826,0.28524063253750015,0.003922698944993529,0.19235280245822264,0.2037836438507826,0.0066616065291354816,2.3367875894990733,True,True
5457,E01__U017__TOP__MINIMUM_CERTIFIED_OUTER_GAP,x04_t21,4,21,0.7479228948596779,0.7493084773155089,0.65625,0.6875,0.0175,0.02,-1e-06,1e-06,CLOSED_REPRESENTATIVE_UNIT_MODULUS_MARGIN,reciprocal,reciprocal,2,4,,holomorphic,plus,0.20378362308284642,0.28524060401411055,0.003922698944993529,0.19235280245822264,0.20378362308284642,0.006661607182501075,2.3367873513609205,True,True
5457,E01__U017__TOP__MINIMUM_CERTIFIED_OUTER_GAP,x04_t21,4,21,0.7479228948596779,0.7493084773155089,0.65625,0.6875,0.0175,0.02,-1e-06,1e-06,CLOSED_REPRESENTATIVE_UNIT_MODULUS_MARGIN,reciprocal,reciprocal,3,4,,holomorphic,plus,0.20378362115158513,0.28524060595746903,0.003922698944993529,0.19235280245822264,0.20378362115158513,0.006661606861393022,2.3367873514130006,True,True
5457,E01__U017__TOP__MINIMUM_CERTIFIED_OUTER_GAP,x04_t22,4,22,0.7479228948596779,0.7493084773155089,0.6875,0.71875,0.0175,0.02,-1e-06,1e-06,CLOSED_REPRESENTATIVE_UNIT_MODULUS_MARGIN,reciprocal,reciprocal,0,4,,holomorphic,plus,0.19017407005728462,0.27524359778559165,0.002934152581963061,0.1803773815946041,0.19017407005728462,0.006441620411272049,2.3367875895511534,True,True
5457,E01__U017__TOP__MINIMUM_CERTIFIED_OUTER_GAP,x04_t22,4,22,0.7479228948596779,0.7493084773155089,0.6875,0.71875,0.0175,0.02,-1e-06,1e-06,CLOSED_REPRESENTATIVE_UNIT_MODULUS_MARGIN,reciprocal,reciprocal,1,4,,holomorphic,plus,0.19017407218809387,0.27524359564314743,0.002934152581963061,0.1803773815946041,0.19017407218809387,0.006441620754501526,2.3367875894990733,True,True
5457,E01__U017__TOP__MINIMUM_CERTIFIED_OUTER_GAP,x04_t22,4,22,0.7479228948596779,0.7493084773155089,0.6875,0.71875,0.0175,0.02,-1e-06,1e-06,CLOSED_REPRESENTATIVE_UNIT_MODULUS_MARGIN,reciprocal,reciprocal,2,4,,holomorphic,plus,0.19017405280703975,0.2752435681195074,0.002934152581963061,0.1803773815946041,0.19017405280703975,0.0064416213862832725,2.3367873513609205,True,True
5457,E01__U017__TOP__MINIMUM_CERTIFIED_OUTER_GAP,x04_t22,4,22,0.7479228948596779,0.7493084773155089,0.6875,0.71875,0.0175,0.02,-1e-06,1e-06,CLOSED_REPRESENTATIVE_UNIT_MODULUS_MARGIN,reciprocal,reciprocal,3,4,,holomorphic,plus,0.1901740506762305,0.2752435702619516,0.002934152581963061,0.1803773815946041,0.1901740506762305,0.006441621043053727,2.3367873514130006,True,True
5457,E01__U017__TOP__MINIMUM_CERTIFIED_OUTER_GAP,x04_t23,4,23,0.7479228948596779,0.7493084773155089,0.71875,0.75,0.0175,0.02,-1e-06,1e-06,CLOSED_REPRESENTATIVE_UNIT_MODULUS_MARGIN,reciprocal,reciprocal,0,4,,holomorphic,plus,0.1763625681500436,0.2655164376314422,0.0016302060700999867,0.16819944571938306,0.1763625681500436,0.006104406808618372,2.3367875895511534,True,True
5457,E01__U017__TOP__MINIMUM_CERTIFIED_OUTER_GAP,x04_t23,4,23,0.7479228948596779,0.7493084773155089,0.71875,0.75,0.0175,0.02,-1e-06,1e-06,CLOSED_REPRESENTATIVE_UNIT_MODULUS_MARGIN,reciprocal,reciprocal,1,4,,holomorphic,plus,0.17636257051426016,0.26551643525606233,0.0016302060700999867,0.16819944571938306,0.17636257051426016,0.006104407162264229,2.3367875894990733,True,True
5457,E01__U017__TOP__MINIMUM_CERTIFIED_OUTER_GAP,x04_t23,4,23,0.7479228948596779,0.7493084773155089,0.71875,0.75,0.0175,0.02,-1e-06,1e-06,CLOSED_REPRESENTATIVE_UNIT_MODULUS_MARGIN,reciprocal,reciprocal,2,4,,holomorphic,plus,0.17636255254065852,0.26551640870519194,0.0016302060700999867,0.16819944571938306,0.17636255254065852,0.006104407760965486,2.3367873513609205,True,True
5457,E01__U017__TOP__MINIMUM_CERTIFIED_OUTER_GAP,x04_t23,4,23,0.7479228948596779,0.7493084773155089,0.71875,0.75,0.0175,0.02,-1e-06,1e-06,CLOSED_REPRESENTATIVE_UNIT_MODULUS_MARGIN,reciprocal,reciprocal,3,4,,holomorphic,plus,0.176362550176442,0.26551641108057183,0.0016302060700999867,0.16819944571938306,0.176362550176442,0.0061044074073195575,2.3367873514130006,True,True
5457,E01__U017__TOP__MINIMUM_CERTIFIED_OUTER_GAP,x04_t24,4,24,0.7479228948596779,0.7493084773155089,0.75,0.78125,0.0175,0.02,-1e-06,1e-06,CLOSED_REPRESENTATIVE_UNIT_MODULUS_MARGIN,reciprocal,reciprocal,0,4,,holomorphic,plus,0.1623058145428897,0.25612175927024566,0.0,0.1557609503226325,0.1623058145428897,0.005624713871343701,2.3367875895511534,True,True
5457,E01__U017__TOP__MINIMUM_CERTIFIED_OUTER_GAP,x04_t24,4,24,0.7479228948596779,0.7493084773155089,0.75,0.78125,0.0175,0.02,-1e-06,1e-06,CLOSED_REPRESENTATIVE_UNIT_MODULUS_MARGIN,reciprocal,reciprocal,1,4,,holomorphic,plus,0.1623058171827264,0.25612175661977205,0.0,0.1557609503226325,0.1623058171827264,0.005624714240450428,2.3367875894990733,True,True
5457,E01__U017__TOP__MINIMUM_CERTIFIED_OUTER_GAP,x04_t24,4,24,0.7479228948596779,0.7493084773155089,0.75,0.78125,0.0175,0.02,-1e-06,1e-06,CLOSED_REPRESENTATIVE_UNIT_MODULUS_MARGIN,reciprocal,reciprocal,2,4,,holomorphic,plus,0.16230580064156067,0.2561217310084328,0.0,0.1557609503226325,0.16230580064156067,0.005624714792093877,2.3367873513609205,True,True
5457,E01__U017__TOP__MINIMUM_CERTIFIED_OUTER_GAP,x04_t24,4,24,0.7479228948596779,0.7493084773155089,0.75,0.78125,0.0175,0.02,-1e-06,1e-06,CLOSED_REPRESENTATIVE_UNIT_MODULUS_MARGIN,reciprocal,reciprocal,3,4,,holomorphic,plus,0.16230579800172393,0.2561217336589064,0.0,0.1557609503226325,0.16230579800172393,0.005624714422987076,2.3367873514130006,True,True
5457,E01__U017__TOP__MINIMUM_CERTIFIED_OUTER_GAP,x04_t25,4,25,0.7479228948596779,0.7493084773155089,0.78125,0.8125,0.0175,0.02,-1e-06,1e-06,CLOSED_REPRESENTATIVE_UNIT_MODULUS_MARGIN,reciprocal,reciprocal,0,4,,holomorphic,plus,0.1479461429884112,0.2471424442109846,0.0,0.1429816148917239,0.1479461429884112,0.004971889236217718,2.3367875895511534,True,True
5457,E01__U017__TOP__MINIMUM_CERTIFIED_OUTER_GAP,x04_t25,4,25,0.7479228948596779,0.7493084773155089,0.78125,0.8125,0.0175,0.02,-1e-06,1e-06,CLOSED_REPRESENTATIVE_UNIT_MODULUS_MARGIN,reciprocal,reciprocal,1,4,,holomorphic,plus,0.1479461459571241,0.24714244123232199,0.0,0.1429816148917239,0.1479461459571241,0.004971889627772047,2.3367875894990733,True,True
5457,E01__U017__TOP__MINIMUM_CERTIFIED_OUTER_GAP,x04_t25,4,25,0.7479228948596779,0.7493084773155089,0.78125,0.8125,0.0175,0.02,-1e-06,1e-06,CLOSED_REPRESENTATIVE_UNIT_MODULUS_MARGIN,reciprocal,reciprocal,2,4,,holomorphic,plus,0.14794613087925162,0.2471424165189897,0.0,0.1429816148917239,0.14794613087925162,0.004971890115373135,2.3367873513609205,True,True
5457,E01__U017__TOP__MINIMUM_CERTIFIED_OUTER_GAP,x04_t25,4,25,0.7479228948596779,0.7493084773155089,0.78125,0.8125,0.0175,0.02,-1e-06,1e-06,CLOSED_REPRESENTATIVE_UNIT_MODULUS_MARGIN,reciprocal,reciprocal,3,4,,holomorphic,plus,0.1479461279105387,0.2471424194976523,0.0,0.1429816148917239,0.1479461279105387,0.004971889723818728,2.3367873514130006,True,True
5457,E01__U017__TOP__MINIMUM_CERTIFIED_OUTER_GAP,x04_t26,4,26,0.7479228948596779,0.7493084773155089,0.8125,0.84375,0.0175,0.02,-1e-06,1e-06,CLOSED_REPRESENTATIVE_UNIT_MODULUS_MARGIN,reciprocal,reciprocal,0,4,,holomorphic,plus,0.1331208508094354,0.23877616736936888,0.0,0.12973474428119913,0.1331208508094354,0.004101613596469088,2.3367875895511534,True,True
5457,E01__U017__TOP__MINIMUM_CERTIFIED_OUTER_GAP,x04_t26,4,26,0.7479228948596779,0.7493084773155089,0.8125,0.84375,0.0175,0.02,-1e-06,1e-06,CLOSED_REPRESENTATIVE_UNIT_MODULUS_MARGIN,reciprocal,reciprocal,1,4,,holomorphic,plus,0.13312085417752195,0.23877616399217005,0.0,0.12973474428119913,0.13312085417752195,0.004101614022023752,2.3367875894990733,True,True
5457,E01__U017__TOP__MINIMUM_CERTIFIED_OUTER_GAP,x04_t26,4,26,0.7479228948596779,0.7493084773155089,0.8125,0.84375,0.0175,0.02,-1e-06,1e-06,CLOSED_REPRESENTATIVE_UNIT_MODULUS_MARGIN,reciprocal,reciprocal,2,4,,holomorphic,plus,0.1331208406103769,0.238776140115557,0.0,0.12973474428119913,0.1331208406103769,0.00410161442424941,2.3367873513609205,True,True
5457,E01__U017__TOP__MINIMUM_CERTIFIED_OUTER_GAP,x04_t26,4,26,0.7479228948596779,0.7493084773155089,0.8125,0.84375,0.0175,0.02,-1e-06,1e-06,CLOSED_REPRESENTATIVE_UNIT_MODULUS_MARGIN,reciprocal,reciprocal,3,4,,holomorphic,plus,0.13312083724229037,0.23877614349275583,0.0,0.12973474428119913,0.13312083724229037,0.0041016139986946604,2.3367873514130006,True,True
5457,E01__U017__TOP__MINIMUM_CERTIFIED_OUTER_GAP,x04_t27,4,27,0.7479228948596779,0.7493084773155089,0.84375,0.875,0.0175,0.02,-1e-06,1e-06,CLOSED_REPRESENTATIVE_UNIT_MODULUS_MARGIN,reciprocal,reciprocal,0,4,,holomorphic,plus,0.11740272675607882,0.23150096424877617,0.0,0.11585974046759534,0.11740272675607882,0.0029417958805034615,2.3367875895511534,True,True
5457,E01__U017__TOP__MINIMUM_CERTIFIED_OUTER_GAP,x04_t27,4,27,0.7479228948596779,0.7493084773155089,0.84375,0.875,0.0175,0.02,-1e-06,1e-06,CLOSED_REPRESENTATIVE_UNIT_MODULUS_MARGIN,reciprocal,reciprocal,1,4,,holomorphic,plus,0.1174027306120209,0.23150096038224835,0.0,0.11585974046759534,0.1174027306120209,0.0029417963643850126,2.3367875894990733,True,True
5457,E01__U017__TOP__MINIMUM_CERTIFIED_OUTER_GAP,x04_t27,4,27,0.7479228948596779,0.7493084773155089,0.84375,0.875,0.0175,0.02,-1e-06,1e-06,CLOSED_REPRESENTATIVE_UNIT_MODULUS_MARGIN,reciprocal,reciprocal,2,4,,holomorphic,plus,0.1174027186465698,0.231500937233268,0.0,0.11585974046759534,0.1174027186465698,0.0029417966528273855,2.3367873513609205,True,True
5457,E01__U017__TOP__MINIMUM_CERTIFIED_OUTER_GAP,x04_t27,4,27,0.7479228948596779,0.7493084773155089,0.84375,0.875,0.0175,0.02,-1e-06,1e-06,CLOSED_REPRESENTATIVE_UNIT_MODULUS_MARGIN,reciprocal,reciprocal,3,4,,holomorphic,plus,0.11740271479062772,0.23150094109979583,0.0,0.11585974046759534,0.11740271479062772,0.0029417961689457376,2.3367873514130006,True,True
5457,E01__U017__TOP__MINIMUM_CERTIFIED_OUTER_GAP,x04_t28,4,28,0.7479228948596779,0.7493084773155089,0.875,0.90625,0.0175,0.02,-1e-06,1e-06,CLOSED_REPRESENTATIVE_UNIT_MODULUS_MARGIN,reciprocal,reciprocal,0,4,,minus,minus,0.10111596621586348,0.18959325496434648,0.0,0.10111596621586348,0.10088066601102953,0.0014103522503301114,2.3367875895511534,True,True
5457,E01__U017__TOP__MINIMUM_CERTIFIED_OUTER_GAP,x04_t28,4,28,0.7479228948596779,0.7493084773155089,0.875,0.90625,0.0175,0.02,-1e-06,1e-06,CLOSED_REPRESENTATIVE_UNIT_MODULUS_MARGIN,reciprocal,reciprocal,1,4,,minus,minus,0.10111596621586348,0.18959325496434648,0.0,0.10111596621586348,0.10088067047049419,0.0014103528249579445,2.3367875894990733,True,True
5457,E01__U017__TOP__MINIMUM_CERTIFIED_OUTER_GAP,x04_t28,4,28,0.7479228948596779,0.7493084773155089,0.875,0.90625,0.0175,0.02,-1e-06,1e-06,CLOSED_REPRESENTATIVE_UNIT_MODULUS_MARGIN,reciprocal,reciprocal,2,4,,minus,minus,0.10111596621586348,0.18959325496434648,0.0,0.10111596621586348,0.100880660188638,0.001410352963155378,2.3367873513609205,True,True
5457,E01__U017__TOP__MINIMUM_CERTIFIED_OUTER_GAP,x04_t28,4,28,0.7479228948596779,0.7493084773155089,0.875,0.90625,0.0175,0.02,-1e-06,1e-06,CLOSED_REPRESENTATIVE_UNIT_MODULUS_MARGIN,reciprocal,reciprocal,3,4,,minus,minus,0.10111596621586348,0.18959325496434648,0.0,0.10111596621586348,0.10088065572917335,0.00141035238852743,2.3367873514130006,True,True
5457,E01__U017__TOP__MINIMUM_CERTIFIED_OUTER_GAP,x04_t29,4,29,0.7479228948596779,0.7493084773155089,0.90625,0.9375,0.0175,0.02,-1e-06,1e-06,CLOSED_REPRESENTATIVE_UNIT_MODULUS_MARGIN,reciprocal,reciprocal,0,4,,minus,minus,0.08515090413051453,0.18543562629033716,0.0,0.08515090413051453,0.08326478473054429,0.0,2.3367875895511534,True,True
5457,E01__U017__TOP__MINIMUM_CERTIFIED_OUTER_GAP,x04_t29,4,29,0.7479228948596779,0.7493084773155089,0.90625,0.9375,0.0175,0.02,-1e-06,1e-06,CLOSED_REPRESENTATIVE_UNIT_MODULUS_MARGIN,reciprocal,reciprocal,1,4,,minus,minus,0.08515090413051453,0.18543562629033716,0.0,0.08515090413051453,0.08326478994238262,0.0,2.3367875894990733,True,True
5457,E01__U017__TOP__MINIMUM_CERTIFIED_OUTER_GAP,x04_t29,4,29,0.7479228948596779,0.7493084773155089,0.90625,0.9375,0.0175,0.02,-1e-06,1e-06,CLOSED_REPRESENTATIVE_UNIT_MODULUS_MARGIN,reciprocal,reciprocal,2,4,,minus,minus,0.08515090413051453,0.18543562629033716,0.0,0.08515090413051453,0.08326478145555637,0.0,2.3367873513609205,True,True
5457,E01__U017__TOP__MINIMUM_CERTIFIED_OUTER_GAP,x04_t29,4,29,0.7479228948596779,0.7493084773155089,0.90625,0.9375,0.0175,0.02,-1e-06,1e-06,CLOSED_REPRESENTATIVE_UNIT_MODULUS_MARGIN,reciprocal,reciprocal,3,4,,minus,minus,0.08515090413051453,0.18543562629033716,0.0,0.08515090413051453,0.08326477624371802,0.0,2.3367873514130006,True,True
5457,E01__U017__TOP__MINIMUM_CERTIFIED_OUTER_GAP,x04_t30,4,30,0.7479228948596779,0.7493084773155089,0.9375,0.96875,0.0175,0.02,-1e-06,1e-06,CLOSED_REPRESENTATIVE_UNIT_MODULUS_MARGIN,reciprocal,reciprocal,0,4,,minus,minus,0.06744012321066617,0.18343957513172493,0.0,0.06744012321066617,0.06412074100415399,0.0,2.3367875895511534,True,True
5457,E01__U017__TOP__MINIMUM_CERTIFIED_OUTER_GAP,x04_t30,4,30,0.7479228948596779,0.7493084773155089,0.9375,0.96875,0.0175,0.02,-1e-06,1e-06,CLOSED_REPRESENTATIVE_UNIT_MODULUS_MARGIN,reciprocal,reciprocal,1,4,,minus,minus,0.06744012321066617,0.18343957513172493,0.0,0.06744012321066617,0.06412074715370399,0.0,2.3367875894990733,True,True
5457,E01__U017__TOP__MINIMUM_CERTIFIED_OUTER_GAP,x04_t30,4,30,0.7479228948596779,0.7493084773155089,0.9375,0.96875,0.0175,0.02,-1e-06,1e-06,CLOSED_REPRESENTATIVE_UNIT_MODULUS_MARGIN,reciprocal,reciprocal,2,4,,minus,minus,0.06744012321066617,0.18343957513172493,0.0,0.06744012321066617,0.0641207406175977,0.0,2.3367873513609205,True,True
5457,E01__U017__TOP__MINIMUM_CERTIFIED_OUTER_GAP,x04_t30,4,30,0.7479228948596779,0.7493084773155089,0.9375,0.96875,0.0175,0.02,-1e-06,1e-06,CLOSED_REPRESENTATIVE_UNIT_MODULUS_MARGIN,reciprocal,reciprocal,3,4,,minus,minus,0.06744012321066617,0.18343957513172493,0.0,0.06744012321066617,0.06412073446804772,0.0,2.3367873514130006,True,True
5457,E01__U017__TOP__MINIMUM_CERTIFIED_OUTER_GAP,x04_t31,4,31,0.7479228948596779,0.7493084773155089,0.96875,1.0,0.0175,0.02,-1e-06,1e-06,CLOSED_REPRESENTATIVE_UNIT_MODULUS_MARGIN,reciprocal,reciprocal,0,4,,minus,minus,0.04730647291765672,0.18451605812073188,0.0,0.04730647291765672,0.04283771029206453,0.0,2.3367875895511534,True,True
5457,E01__U017__TOP__MINIMUM_CERTIFIED_OUTER_GAP,x04_t31,4,31,0.7479228948596779,0.7493084773155089,0.96875,1.0,0.0175,0.02,-1e-06,1e-06,CLOSED_REPRESENTATIVE_UNIT_MODULUS_MARGIN,reciprocal,reciprocal,1,4,,minus,minus,0.04730647291765672,0.18451605812073188,0.0,0.04730647291765672,0.04283771754732368,0.0,2.3367875894990733,True,True
5457,E01__U017__TOP__MINIMUM_CERTIFIED_OUTER_GAP,x04_t31,4,31,0.7479228948596779,0.7493084773155089,0.96875,1.0,0.0175,0.02,-1e-06,1e-06,CLOSED_REPRESENTATIVE_UNIT_MODULUS_MARGIN,reciprocal,reciprocal,2,4,,minus,minus,0.04730647291765672,0.18451605812073188,0.0,0.04730647291765672,0.042837713179881824,0.0,2.3367873513609205,True,True
5457,E01__U017__TOP__MINIMUM_CERTIFIED_OUTER_GAP,x04_t31,4,31,0.7479228948596779,0.7493084773155089,0.96875,1.0,0.0175,0.02,-1e-06,1e-06,CLOSED_REPRESENTATIVE_UNIT_MODULUS_MARGIN,reciprocal,reciprocal,3,4,,minus,minus,0.04730647291765672,0.18451605812073188,0.0,0.04730647291765672,0.04283770592462268,0.0,2.3367873514130006,True,True
5457,E01__U017__TOP__MINIMUM_CERTIFIED_OUTER_GAP,x05_t00,5,0,0.7493084773155089,0.7506940597713398,0.0,0.03125,0.0175,0.02,-1e-06,1e-06,CLOSED_REPRESENTATIVE_UNIT_MODULUS_MARGIN,reciprocal,reciprocal,0,4,,holomorphic,plus,0.47011616177793814,0.5180096666662751,0.003621044142386564,0.42824095969197473,0.47011616177793814,0.0031976712155827253,2.3440568630406426,True,True
5457,E01__U017__TOP__MINIMUM_CERTIFIED_OUTER_GAP,x05_t00,5,0,0.7493084773155089,0.7506940597713398,0.0,0.03125,0.0175,0.02,-1e-06,1e-06,CLOSED_REPRESENTATIVE_UNIT_MODULUS_MARGIN,reciprocal,reciprocal,1,4,,holomorphic,plus,0.470116162250614,0.518009666170168,0.003621044142386564,0.42824095969197473,0.470116162250614,0.0031976712997260014,2.344056862988395,True,True
5457,E01__U017__TOP__MINIMUM_CERTIFIED_OUTER_GAP,x05_t00,5,0,0.7493084773155089,0.7506940597713398,0.0,0.03125,0.0175,0.02,-1e-06,1e-06,CLOSED_REPRESENTATIVE_UNIT_MODULUS_MARGIN,reciprocal,reciprocal,2,4,,holomorphic,plus,0.470116114336378,0.5180096143695405,0.003621044142386564,0.42824095969197473,0.470116114336378,0.003197671613334462,2.344056624083825,True,True
5457,E01__U017__TOP__MINIMUM_CERTIFIED_OUTER_GAP,x05_t00,5,0,0.7493084773155089,0.7506940597713398,0.0,0.03125,0.0175,0.02,-1e-06,1e-06,CLOSED_REPRESENTATIVE_UNIT_MODULUS_MARGIN,reciprocal,reciprocal,3,4,,holomorphic,plus,0.47011611386370217,0.5180096148656477,0.003621044142386564,0.42824095969197473,0.47011611386370217,0.0031976715291911688,2.3440566241360727,True,True
5457,E01__U017__TOP__MINIMUM_CERTIFIED_OUTER_GAP,x05_t01,5,1,0.7493084773155089,0.7506940597713398,0.03125,0.0625,0.0175,0.02,-1e-06,1e-06,CLOSED_REPRESENTATIVE_UNIT_MODULUS_MARGIN,reciprocal,reciprocal,0,4,,holomorphic,plus,0.4578109615966943,0.5065386301617459,0.003538358721820332,0.41725317481627927,0.4578109615966943,0.0031311149949919933,2.3440568630406426,True,True
5457,E01__U017__TOP__MINIMUM_CERTIFIED_OUTER_GAP,x05_t01,5,1,0.7493084773155089,0.7506940597713398,0.03125,0.0625,0.0175,0.02,-1e-06,1e-06,CLOSED_REPRESENTATIVE_UNIT_MODULUS_MARGIN,reciprocal,reciprocal,1,4,,holomorphic,plus,0.4578109620949778,0.5065386296405917,0.003538358721820332,0.41725317481627927,0.4578109620949778,0.003131115019313177,2.344056862988395,True,True
5457,E01__U017__TOP__MINIMUM_CERTIFIED_OUTER_GAP,x05_t01,5,1,0.7493084773155089,0.7506940597713398,0.03125,0.0625,0.0175,0.02,-1e-06,1e-06,CLOSED_REPRESENTATIVE_UNIT_MODULUS_MARGIN,reciprocal,reciprocal,2,4,,holomorphic,plus,0.4578109154348728,0.5065385789870738,0.003538358721820332,0.41725317481627927,0.4578109154348728,0.003131115326408992,2.344056624083825,True,True
5457,E01__U017__TOP__MINIMUM_CERTIFIED_OUTER_GAP,x05_t01,5,1,0.7493084773155089,0.7506940597713398,0.03125,0.0625,0.0175,0.02,-1e-06,1e-06,CLOSED_REPRESENTATIVE_UNIT_MODULUS_MARGIN,reciprocal,reciprocal,3,4,,holomorphic,plus,0.4578109149365893,0.506538579508228,0.003538358721820332,0.41725317481627927,0.4578109149365893,0.0031311153020878034,2.3440566241360727,True,True
5457,E01__U017__TOP__MINIMUM_CERTIFIED_OUTER_GAP,x05_t02,5,2,0.7493084773155089,0.7506940597713398,0.0625,0.09375,0.0175,0.02,-1e-06,1e-06,CLOSED_REPRESENTATIVE_UNIT_MODULUS_MARGIN,reciprocal,reciprocal,0,4,,holomorphic,plus,0.4454850202065821,0.49508372911371334,0.003458203736327312,0.406253778474546,0.4454850202065821,0.0030794627394190545,2.3440568630406426,True,True
5457,E01__U017__TOP__MINIMUM_CERTIFIED_OUTER_GAP,x05_t02,5,2,0.7493084773155089,0.7506940597713398,0.0625,0.09375,0.0175,0.02,-1e-06,1e-06,CLOSED_REPRESENTATIVE_UNIT_MODULUS_MARGIN,reciprocal,reciprocal,1,4,,holomorphic,plus,0.44548502073223334,0.4950837285657517,0.003458203736327312,0.406253778474546,0.44548502073223334,0.0030794627466629062,2.344056862988395,True,True
5457,E01__U017__TOP__MINIMUM_CERTIFIED_OUTER_GAP,x05_t02,5,2,0.7493084773155089,0.7506940597713398,0.0625,0.09375,0.0175,0.02,-1e-06,1e-06,CLOSED_REPRESENTATIVE_UNIT_MODULUS_MARGIN,reciprocal,reciprocal,2,4,,holomorphic,plus,0.44548497532837283,0.4950836790577301,0.003458203736327312,0.406253778474546,0.44548497532837283,0.003079463048695751,2.344056624083825,True,True
5457,E01__U017__TOP__MINIMUM_CERTIFIED_OUTER_GAP,x05_t02,5,2,0.7493084773155089,0.7506940597713398,0.0625,0.09375,0.0175,0.02,-1e-06,1e-06,CLOSED_REPRESENTATIVE_UNIT_MODULUS_MARGIN,reciprocal,reciprocal,3,4,,holomorphic,plus,0.4454849748027216,0.4950836796056917,0.003458203736327312,0.406253778474546,0.4454849748027216,0.003079463041451898,2.3440566241360727,True,True
5457,E01__U017__TOP__MINIMUM_CERTIFIED_OUTER_GAP,x05_t03,5,3,0.7493084773155089,0.7506940597713398,0.09375,0.125,0.0175,0.02,-1e-06,1e-06,CLOSED_REPRESENTATIVE_UNIT_MODULUS_MARGIN,reciprocal,reciprocal,0,4,,holomorphic,plus,0.43313688821673074,0.4836466148707767,0.00346181670515837,0.39524187586449666,0.43313688821673074,0.003118067796951677,2.3440568630406426,True,True
5457,E01__U017__TOP__MINIMUM_CERTIFIED_OUTER_GAP,x05_t03,5,3,0.7493084773155089,0.7506940597713398,0.09375,0.125,0.0175,0.02,-1e-06,1e-06,CLOSED_REPRESENTATIVE_UNIT_MODULUS_MARGIN,reciprocal,reciprocal,1,4,,holomorphic,plus,0.4331368887716947,0.4836466142940626,0.00346181670515837,0.39524187586449666,0.4331368887716947,0.0031180678171219747,2.344056862988395,True,True
5457,E01__U017__TOP__MINIMUM_CERTIFIED_OUTER_GAP,x05_t03,5,3,0.7493084773155089,0.7506940597713398,0.09375,0.125,0.0175,0.02,-1e-06,1e-06,CLOSED_REPRESENTATIVE_UNIT_MODULUS_MARGIN,reciprocal,reciprocal,2,4,,holomorphic,plus,0.43313684462633983,0.483646565929759,0.00346181670515837,0.39524187586449666,0.43313684462633983,0.003118068122936015,2.344056624083825,True,True
5457,E01__U017__TOP__MINIMUM_CERTIFIED_OUTER_GAP,x05_t03,5,3,0.7493084773155089,0.7506940597713398,0.09375,0.125,0.0175,0.02,-1e-06,1e-06,CLOSED_REPRESENTATIVE_UNIT_MODULUS_MARGIN,reciprocal,reciprocal,3,4,,holomorphic,plus,0.43313684407137587,0.48364656650647314,0.00346181670515837,0.39524187586449666,0.43313684407137587,0.003118068102765714,2.3440566241360727,True,True
5457,E01__U017__TOP__MINIMUM_CERTIFIED_OUTER_GAP,x05_t04,5,4,0.7493084773155089,0.7506940597713398,0.125,0.15625,0.0175,0.02,-1e-06,1e-06,CLOSED_REPRESENTATIVE_UNIT_MODULUS_MARGIN,reciprocal,reciprocal,0,4,,holomorphic,plus,0.4207650314741742,0.47222907824119775,0.0035621448651552636,0.38421649134852204,0.4207650314741742,0.0032441885228233704,2.3440568630406426,True,True
5457,E01__U017__TOP__MINIMUM_CERTIFIED_OUTER_GAP,x05_t04,5,4,0.7493084773155089,0.7506940597713398,0.125,0.15625,0.0175,0.02,-1e-06,1e-06,CLOSED_REPRESENTATIVE_UNIT_MODULUS_MARGIN,reciprocal,reciprocal,1,4,,holomorphic,plus,0.42076503206059435,0.47222907763358735,0.0035621448651552636,0.38421649134852204,0.42076503206059435,0.003244188555944338,2.344056862988395,True,True
5457,E01__U017__TOP__MINIMUM_CERTIFIED_OUTER_GAP,x05_t04,5,4,0.7493084773155089,0.7506940597713398,0.125,0.15625,0.0175,0.02,-1e-06,1e-06,CLOSED_REPRESENTATIVE_UNIT_MODULUS_MARGIN,reciprocal,reciprocal,2,4,,holomorphic,plus,0.42076498917616273,0.47222903041104464,0.0035621448651552636,0.38421649134852204,0.42076498917616273,0.003244188874123503,2.344056624083825,True,True
5457,E01__U017__TOP__MINIMUM_CERTIFIED_OUTER_GAP,x05_t04,5,4,0.7493084773155089,0.7506940597713398,0.125,0.15625,0.0175,0.02,-1e-06,1e-06,CLOSED_REPRESENTATIVE_UNIT_MODULUS_MARGIN,reciprocal,reciprocal,3,4,,holomorphic,plus,0.42076498858974254,0.47222903101865504,0.0035621448651552636,0.38421649134852204,0.42076498858974254,0.0032441888410025283,2.3440566241360727,True,True
5457,E01__U017__TOP__MINIMUM_CERTIFIED_OUTER_GAP,x05_t05,5,5,0.7493084773155089,0.7506940597713398,0.15625,0.1875,0.0175,0.02,-1e-06,1e-06,CLOSED_REPRESENTATIVE_UNIT_MODULUS_MARGIN,reciprocal,reciprocal,0,4,,holomorphic,plus,0.40836763188176917,0.4608332627984583,0.003740307457191632,0.3731764671748062,0.40836763188176917,0.003440008100138904,2.3440568630406426,True,True
5457,E01__U017__TOP__MINIMUM_CERTIFIED_OUTER_GAP,x05_t05,5,5,0.7493084773155089,0.7506940597713398,0.15625,0.1875,0.0175,0.02,-1e-06,1e-06,CLOSED_REPRESENTATIVE_UNIT_MODULUS_MARGIN,reciprocal,reciprocal,1,4,,holomorphic,plus,0.4083676325020197,0.4608332621575771,0.003740307457191632,0.3731764671748062,0.4083676325020197,0.0034400081455925563,2.344056862988395,True,True
5457,E01__U017__TOP__MINIMUM_CERTIFIED_OUTER_GAP,x05_t05,5,5,0.7493084773155089,0.7506940597713398,0.15625,0.1875,0.0175,0.02,-1e-06,1e-06,CLOSED_REPRESENTATIVE_UNIT_MODULUS_MARGIN,reciprocal,reciprocal,2,4,,holomorphic,plus,0.40836759088111396,0.46083321607462363,0.003740307457191632,0.3731764671748062,0.40836759088111396,0.0034400084829735124,2.344056624083825,True,True
5457,E01__U017__TOP__MINIMUM_CERTIFIED_OUTER_GAP,x05_t05,5,5,0.7493084773155089,0.7506940597713398,0.15625,0.1875,0.0175,0.02,-1e-06,1e-06,CLOSED_REPRESENTATIVE_UNIT_MODULUS_MARGIN,reciprocal,reciprocal,3,4,,holomorphic,plus,0.40836759026086344,0.46083321671550487,0.003740307457191632,0.3731764671748062,0.40836759026086344,0.0034400084375198507,2.3440566241360727,True,True
5457,E01__U017__TOP__MINIMUM_CERTIFIED_OUTER_GAP,x05_t06,5,6,0.7493084773155089,0.7506940597713398,0.1875,0.21875,0.0175,0.02,-1e-06,1e-06,CLOSED_REPRESENTATIVE_UNIT_MODULUS_MARGIN,reciprocal,reciprocal,0,4,,holomorphic,plus,0.3959426593842384,0.44946160394810725,0.0039747040860577875,0.36212040191256645,0.3959426593842384,0.0036863332785137997,2.3440568630406426,True,True
5457,E01__U017__TOP__MINIMUM_CERTIFIED_OUTER_GAP,x05_t06,5,6,0.7493084773155089,0.7506940597713398,0.1875,0.21875,0.0175,0.02,-1e-06,1e-06,CLOSED_REPRESENTATIVE_UNIT_MODULUS_MARGIN,reciprocal,reciprocal,1,4,,holomorphic,plus,0.3959426600409588,0.4494616032713151,0.0039747040860577875,0.36212040191256645,0.3959426600409588,0.0036863333354938553,2.344056862988395,True,True
5457,E01__U017__TOP__MINIMUM_CERTIFIED_OUTER_GAP,x05_t06,5,6,0.7493084773155089,0.7506940597713398,0.1875,0.21875,0.0175,0.02,-1e-06,1e-06,CLOSED_REPRESENTATIVE_UNIT_MODULUS_MARGIN,reciprocal,reciprocal,2,4,,holomorphic,plus,0.3959426196863886,0.4494615583255359,0.0039747040860577875,0.36212040191256645,0.3959426196863886,0.003686333697030805,2.344056624083825,True,True
5457,E01__U017__TOP__MINIMUM_CERTIFIED_OUTER_GAP,x05_t06,5,6,0.7493084773155089,0.7506940597713398,0.1875,0.21875,0.0175,0.02,-1e-06,1e-06,CLOSED_REPRESENTATIVE_UNIT_MODULUS_MARGIN,reciprocal,reciprocal,3,4,,holomorphic,plus,0.3959426190296682,0.44946155900232804,0.0039747040860577875,0.36212040191256645,0.3959426190296682,0.003686333640050738,2.3440566241360727,True,True
5457,E01__U017__TOP__MINIMUM_CERTIFIED_OUTER_GAP,x05_t07,5,7,0.7493084773155089,0.7506940597713398,0.21875,0.25,0.0175,0.02,-1e-06,1e-06,CLOSED_REPRESENTATIVE_UNIT_MODULUS_MARGIN,reciprocal,reciprocal,0,4,,holomorphic,plus,0.3834878409134171,0.4381168756466551,0.004244867992940083,0.3510468381266878,0.3834878409134171,0.0039657741584179325,2.3440568630406426,True,True
5457,E01__U017__TOP__MINIMUM_CERTIFIED_OUTER_GAP,x05_t07,5,7,0.7493084773155089,0.7506940597713398,0.21875,0.25,0.0175,0.02,-1e-06,1e-06,CLOSED_REPRESENTATIVE_UNIT_MODULUS_MARGIN,reciprocal,reciprocal,1,4,,holomorphic,plus,0.3834878416095519,0.43811687493100687,0.004244867992940083,0.3510468381266878,0.3834878416095519,0.003965774226244655,2.344056862988395,True,True
5457,E01__U017__TOP__MINIMUM_CERTIFIED_OUTER_GAP,x05_t07,5,7,0.7493084773155089,0.7506940597713398,0.21875,0.25,0.0175,0.02,-1e-06,1e-06,CLOSED_REPRESENTATIVE_UNIT_MODULUS_MARGIN,reciprocal,reciprocal,2,4,,holomorphic,plus,0.3834878025243584,0.4381168311197095,0.004244867992940083,0.3510468381266878,0.3834878025243584,0.003965774615186093,2.344056624083825,True,True
5457,E01__U017__TOP__MINIMUM_CERTIFIED_OUTER_GAP,x05_t07,5,7,0.7493084773155089,0.7506940597713398,0.21875,0.25,0.0175,0.02,-1e-06,1e-06,CLOSED_REPRESENTATIVE_UNIT_MODULUS_MARGIN,reciprocal,reciprocal,3,4,,holomorphic,plus,0.38348780182822356,0.4381168318353577,0.004244867992940083,0.3510468381266878,0.38348780182822356,0.0039657745473593575,2.3440566241360727,True,True
5457,E01__U017__TOP__MINIMUM_CERTIFIED_OUTER_GAP,x05_t08,5,8,0.7493084773155089,0.7506940597713398,0.25,0.28125,0.0175,0.02,-1e-06,1e-06,CLOSED_REPRESENTATIVE_UNIT_MODULUS_MARGIN,reciprocal,reciprocal,0,4,,holomorphic,plus,0.3710006208433725,0.4268022490402966,0.004529535154436897,0.33995402638868955,0.3710006208433725,0.004263927324734796,2.3440568630406426,True,True
5457,E01__U017__TOP__MINIMUM_CERTIFIED_OUTER_GAP,x05_t08,5,8,0.7493084773155089,0.7506940597713398,0.25,0.28125,0.0175,0.02,-1e-06,1e-06,CLOSED_REPRESENTATIVE_UNIT_MODULUS_MARGIN,reciprocal,reciprocal,1,4,,holomorphic,plus,0.3710006215822181,0.4268022482824951,0.004529535154436897,0.33995402638868955,0.3710006215822181,0.004263927402997533,2.344056862988395,True,True
5457,E01__U017__TOP__MINIMUM_CERTIFIED_OUTER_GAP,x05_t08,5,8,0.7493084773155089,0.7506940597713398,0.25,0.28125,0.0175,0.02,-1e-06,1e-06,CLOSED_REPRESENTATIVE_UNIT_MODULUS_MARGIN,reciprocal,reciprocal,2,4,,holomorphic,plus,0.37100058376970285,0.4268022056026701,0.004529535154436897,0.33995402638868955,0.37100058376970285,0.004263927821179121,2.344056624083825,True,True
5457,E01__U017__TOP__MINIMUM_CERTIFIED_OUTER_GAP,x05_t08,5,8,0.7493084773155089,0.7506940597713398,0.25,0.28125,0.0175,0.02,-1e-06,1e-06,CLOSED_REPRESENTATIVE_UNIT_MODULUS_MARGIN,reciprocal,reciprocal,3,4,,holomorphic,plus,0.37100058303085726,0.42680220636047167,0.004529535154436897,0.33995402638868955,0.37100058303085726,0.004263927742916369,2.3440566241360727,True,True
5457,E01__U017__TOP__MINIMUM_CERTIFIED_OUTER_GAP,x05_t09,5,9,0.7493084773155089,0.7506940597713398,0.28125,0.3125,0.0175,0.02,-1e-06,1e-06,CLOSED_REPRESENTATIVE_UNIT_MODULUS_MARGIN,reciprocal,reciprocal,0,4,,holomorphic,plus,0.35847811322775663,0.41552136355502095,0.004786016625261062,0.32883992564039755,0.35847811322775663,0.004569288561612532,2.3440568630406426,True,True
5457,E01__U017__TOP__MINIMUM_CERTIFIED_OUTER_GAP,x05_t09,5,9,0.7493084773155089,0.7506940597713398,0.28125,0.3125,0.0175,0.02,-1e-06,1e-06,CLOSED_REPRESENTATIVE_UNIT_MODULUS_MARGIN,reciprocal,reciprocal,1,4,,holomorphic,plus,0.3584781140130171,0.41552136275136076,0.004786016625261062,0.32883992564039755,0.3584781140130171,0.004569288650205079,2.344056862988395,True,True
5457,E01__U017__TOP__MINIMUM_CERTIFIED_OUTER_GAP,x05_t09,5,9,0.7493084773155089,0.7506940597713398,0.28125,0.3125,0.0175,0.02,-1e-06,1e-06,CLOSED_REPRESENTATIVE_UNIT_MODULUS_MARGIN,reciprocal,reciprocal,2,4,,holomorphic,plus,0.35847807747677574,0.41552132119963503,0.004786016625261062,0.32883992564039755,0.35847807747677574,0.004569289098334003,2.344056624083825,True,True
5457,E01__U017__TOP__MINIMUM_CERTIFIED_OUTER_GAP,x05_t09,5,9,0.7493084773155089,0.7506940597713398,0.28125,0.3125,0.0175,0.02,-1e-06,1e-06,CLOSED_REPRESENTATIVE_UNIT_MODULUS_MARGIN,reciprocal,reciprocal,3,4,,holomorphic,plus,0.35847807669151527,0.41552132200329517,0.004786016625261062,0.32883992564039755,0.35847807669151527,0.004569289009741438,2.3440566241360727,True,True
5457,E01__U017__TOP__MINIMUM_CERTIFIED_OUTER_GAP,x05_t10,5,10,0.7493084773155089,0.7506940597713398,0.3125,0.34375,0.0175,0.02,-1e-06,1e-06,CLOSED_REPRESENTATIVE_UNIT_MODULUS_MARGIN,reciprocal,reciprocal,0,4,,holomorphic,plus,0.3459170437145846,0.4042784136216887,0.0050265696653541535,0.3177021465666562,0.3459170437145846,0.0048726688016042,2.3440568630406426,True,True
5457,E01__U017__TOP__MINIMUM_CERTIFIED_OUTER_GAP,x05_t10,5,10,0.7493084773155089,0.7506940597713398,0.3125,0.34375,0.0175,0.02,-1e-06,1e-06,CLOSED_REPRESENTATIVE_UNIT_MODULUS_MARGIN,reciprocal,reciprocal,1,4,,holomorphic,plus,0.34591704455043915,0.4042784127679892,0.0050265696653541535,0.3177021465666562,0.34591704455043915,0.004872668900716558,2.344056862988395,True,True
5457,E01__U017__TOP__MINIMUM_CERTIFIED_OUTER_GAP,x05_t10,5,10,0.7493084773155089,0.7506940597713398,0.3125,0.34375,0.0175,0.02,-1e-06,1e-06,CLOSED_REPRESENTATIVE_UNIT_MODULUS_MARGIN,reciprocal,reciprocal,2,4,,holomorphic,plus,0.3459170092944009,0.40427837234057,0.0050265696653541535,0.3177021465666562,0.3459170092944009,0.0048726693785986165,2.344056624083825,True,True
5457,E01__U017__TOP__MINIMUM_CERTIFIED_OUTER_GAP,x05_t10,5,10,0.7493084773155089,0.7506940597713398,0.3125,0.34375,0.0175,0.02,-1e-06,1e-06,CLOSED_REPRESENTATIVE_UNIT_MODULUS_MARGIN,reciprocal,reciprocal,3,4,,holomorphic,plus,0.34591700845854634,0.4042783731942695,0.0050265696653541535,0.3177021465666562,0.34591700845854634,0.0048726692794862385,2.3440566241360727,True,True
5457,E01__U017__TOP__MINIMUM_CERTIFIED_OUTER_GAP,x05_t11,5,11,0.7493084773155089,0.7506940597713398,0.34375,0.375,0.0175,0.02,-1e-06,1e-06,CLOSED_REPRESENTATIVE_UNIT_MODULUS_MARGIN,reciprocal,reciprocal,0,4,,holomorphic,plus,0.33331367838427634,0.39307825518526274,0.005240658754062104,0.3065378717764959,0.33331367838427634,0.0051665415040539646,2.3440568630406426,True,True
5457,E01__U017__TOP__MINIMUM_CERTIFIED_OUTER_GAP,x05_t11,5,11,0.7493084773155089,0.7506940597713398,0.34375,0.375,0.0175,0.02,-1e-06,1e-06,CLOSED_REPRESENTATIVE_UNIT_MODULUS_MARGIN,reciprocal,reciprocal,1,4,,holomorphic,plus,0.3333136792754602,0.3930782542767868,0.005240658754062104,0.3065378717764959,0.3333136792754602,0.005166541614156538,2.344056862988395,True,True
5457,E01__U017__TOP__MINIMUM_CERTIFIED_OUTER_GAP,x05_t11,5,11,0.7493084773155089,0.7506940597713398,0.34375,0.375,0.0175,0.02,-1e-06,1e-06,CLOSED_REPRESENTATIVE_UNIT_MODULUS_MARGIN,reciprocal,reciprocal,2,4,,holomorphic,plus,0.33331364530393465,0.3930782149693961,0.005240658754062104,0.3065378717764959,0.33331364530393465,0.005166542120859221,2.344056624083825,True,True
5457,E01__U017__TOP__MINIMUM_CERTIFIED_OUTER_GAP,x05_t11,5,11,0.7493084773155089,0.7506940597713398,0.34375,0.375,0.0175,0.02,-1e-06,1e-06,CLOSED_REPRESENTATIVE_UNIT_MODULUS_MARGIN,reciprocal,reciprocal,3,4,,holomorphic,plus,0.3333136444127508,0.3930782158778721,0.005240658754062104,0.3065378717764959,0.3333136444127508,0.005166542010756625,2.3440566241360727,True,True
5457,E01__U017__TOP__MINIMUM_CERTIFIED_OUTER_GAP,x05_t12,5,12,0.7493084773155089,0.7506940597713398,0.375,0.40625,0.0175,0.02,-1e-06,1e-06,CLOSED_REPRESENTATIVE_UNIT_MODULUS_MARGIN,reciprocal,reciprocal,0,4,,holomorphic,plus,0.3206637358701943,0.3819265374562452,0.005418394489797029,0.29534375342561847,0.3206637358701943,0.005444479448209326,2.3440568630406426,True,True
5457,E01__U017__TOP__MINIMUM_CERTIFIED_OUTER_GAP,x05_t12,5,12,0.7493084773155089,0.7506940597713398,0.375,0.40625,0.0175,0.02,-1e-06,1e-06,CLOSED_REPRESENTATIVE_UNIT_MODULUS_MARGIN,reciprocal,reciprocal,1,4,,holomorphic,plus,0.3206637368220973,0.3819265364876003,0.005418394489797029,0.29534375342561847,0.3206637368220973,0.0054444795700452145,2.344056862988395,True,True
5457,E01__U017__TOP__MINIMUM_CERTIFIED_OUTER_GAP,x05_t12,5,12,0.7493084773155089,0.7506940597713398,0.375,0.40625,0.0175,0.02,-1e-06,1e-06,CLOSED_REPRESENTATIVE_UNIT_MODULUS_MARGIN,reciprocal,reciprocal,2,4,,holomorphic,plus,0.32066370413983036,0.3819264982953954,0.005418394489797029,0.29534375342561847,0.32066370413983036,0.005444480104005536,2.344056624083825,True,True
5457,E01__U017__TOP__MINIMUM_CERTIFIED_OUTER_GAP,x05_t12,5,12,0.7493084773155089,0.7506940597713398,0.375,0.40625,0.0175,0.02,-1e-06,1e-06,CLOSED_REPRESENTATIVE_UNIT_MODULUS_MARGIN,reciprocal,reciprocal,3,4,,holomorphic,plus,0.32066370318792736,0.38192649926404026,0.005418394489797029,0.29534375342561847,0.32066370318792736,0.005444479982169623,2.3440566241360727,True,True
5457,E01__U017__TOP__MINIMUM_CERTIFIED_OUTER_GAP,x05_t13,5,13,0.7493084773155089,0.7506940597713398,0.40625,0.4375,0.0175,0.02,-1e-06,1e-06,CLOSED_REPRESENTATIVE_UNIT_MODULUS_MARGIN,reciprocal,reciprocal,0,4,,holomorphic,plus,0.3079622778958025,0.3708298671559848,0.005549956502906212,0.2841157807321784,0.3079622778958025,0.005700708337098302,2.3440568630406426,True,True
5457,E01__U017__TOP__MINIMUM_CERTIFIED_OUTER_GAP,x05_t13,5,13,0.7493084773155089,0.7506940597713398,0.40625,0.4375,0.0175,0.02,-1e-06,1e-06,CLOSED_REPRESENTATIVE_UNIT_MODULUS_MARGIN,reciprocal,reciprocal,1,4,,holomorphic,plus,0.30796227891458966,0.3708298661210026,0.005549956502906212,0.2841157807321784,0.30796227891458966,0.005700708471689359,2.344056862988395,True,True
5457,E01__U017__TOP__MINIMUM_CERTIFIED_OUTER_GAP,x05_t13,5,13,0.7493084773155089,0.7506940597713398,0.40625,0.4375,0.0175,0.02,-1e-06,1e-06,CLOSED_REPRESENTATIVE_UNIT_MODULUS_MARGIN,reciprocal,reciprocal,2,4,,holomorphic,plus,0.3079622475268303,0.37082982903848005,0.005549956502906212,0.2841157807321784,0.3079622475268303,0.005700709030777904,2.344056624083825,True,True
5457,E01__U017__TOP__MINIMUM_CERTIFIED_OUTER_GAP,x05_t13,5,13,0.7493084773155089,0.7506940597713398,0.40625,0.4375,0.0175,0.02,-1e-06,1e-06,CLOSED_REPRESENTATIVE_UNIT_MODULUS_MARGIN,reciprocal,reciprocal,3,4,,holomorphic,plus,0.3079622465080431,0.37082983007346226,0.005549956502906212,0.2841157807321784,0.3079622465080431,0.005700708896186819,2.3440566241360727,True,True
5457,E01__U017__TOP__MINIMUM_CERTIFIED_OUTER_GAP,x05_t14,5,14,0.7493084773155089,0.7506940597713398,0.4375,0.46875,0.0175,0.02,-1e-06,1e-06,CLOSED_REPRESENTATIVE_UNIT_MODULUS_MARGIN,reciprocal,reciprocal,0,4,,holomorphic,plus,0.2952035716479653,0.35979601499440983,0.005625080237342886,0.2728491069192521,0.2952035716479653,0.005929758769346864,2.3440568630406426,True,True
5457,E01__U017__TOP__MINIMUM_CERTIFIED_OUTER_GAP,x05_t14,5,14,0.7493084773155089,0.7506940597713398,0.4375,0.46875,0.0175,0.02,-1e-06,1e-06,CLOSED_REPRESENTATIVE_UNIT_MODULUS_MARGIN,reciprocal,reciprocal,1,4,,holomorphic,plus,0.2952035727407254,0.3597960138859974,0.005625080237342886,0.2728491069192521,0.2952035727407254,0.0059297589180155735,2.344056862988395,True,True
5457,E01__U017__TOP__MINIMUM_CERTIFIED_OUTER_GAP,x05_t14,5,14,0.7493084773155089,0.7506940597713398,0.4375,0.46875,0.0175,0.02,-1e-06,1e-06,CLOSED_REPRESENTATIVE_UNIT_MODULUS_MARGIN,reciprocal,reciprocal,2,4,,holomorphic,plus,0.2952035426533066,0.35979597790687706,0.005625080237342886,0.2728491069192521,0.2952035426533066,0.005929759499566401,2.344056624083825,True,True
5457,E01__U017__TOP__MINIMUM_CERTIFIED_OUTER_GAP,x05_t14,5,14,0.7493084773155089,0.7506940597713398,0.4375,0.46875,0.0175,0.02,-1e-06,1e-06,CLOSED_REPRESENTATIVE_UNIT_MODULUS_MARGIN,reciprocal,reciprocal,3,4,,holomorphic,plus,0.2952035415605465,0.3597959790152895,0.005625080237342886,0.2728491069192521,0.2952035415605465,0.005929759350897662,2.3440566241360727,True,True
5457,E01__U017__TOP__MINIMUM_CERTIFIED_OUTER_GAP,x05_t15,5,15,0.7493084773155089,0.7506940597713398,0.46875,0.5,0.0175,0.02,-1e-06,1e-06,CLOSED_REPRESENTATIVE_UNIT_MODULUS_MARGIN,reciprocal,reciprocal,0,4,,holomorphic,plus,0.2823809149730845,0.3488341776104983,0.0056325831620836955,0.26153782091718325,0.2823809149730845,0.006126189223586792,2.3440568630406426,True,True
5457,E01__U017__TOP__MINIMUM_CERTIFIED_OUTER_GAP,x05_t15,5,15,0.7493084773155089,0.7506940597713398,0.46875,0.5,0.0175,0.02,-1e-06,1e-06,CLOSED_REPRESENTATIVE_UNIT_MODULUS_MARGIN,reciprocal,reciprocal,1,4,,holomorphic,plus,0.2823809161480144,0.3488341764204534,0.0056325831620836955,0.26153782091718325,0.2823809161480144,0.006126189387995377,2.344056862988395,True,True
5457,E01__U017__TOP__MINIMUM_CERTIFIED_OUTER_GAP,x05_t15,5,15,0.7493084773155089,0.7506940597713398,0.46875,0.5,0.0175,0.02,-1e-06,1e-06,CLOSED_REPRESENTATIVE_UNIT_MODULUS_MARGIN,reciprocal,reciprocal,2,4,,holomorphic,plus,0.2823808873674521,0.34883414153753567,0.0056325831620836955,0.26153782091718325,0.2823808873674521,0.0061261899888087525,2.344056624083825,True,True
5457,E01__U017__TOP__MINIMUM_CERTIFIED_OUTER_GAP,x05_t15,5,15,0.7493084773155089,0.7506940597713398,0.46875,0.5,0.0175,0.02,-1e-06,1e-06,CLOSED_REPRESENTATIVE_UNIT_MODULUS_MARGIN,reciprocal,reciprocal,3,4,,holomorphic,plus,0.28238088619252216,0.3488341427275806,0.0056325831620836955,0.26153782091718325,0.28238088619252216,0.006126189824400134,2.3440566241360727,True,True
5457,E01__U017__TOP__MINIMUM_CERTIFIED_OUTER_GAP,x05_t16,5,16,0.7493084773155089,0.7506940597713398,0.5,0.53125,0.0175,0.02,-1e-06,1e-06,CLOSED_REPRESENTATIVE_UNIT_MODULUS_MARGIN,reciprocal,reciprocal,0,4,,holomorphic,plus,0.26948641187999584,0.3379553131750956,0.005559919779343974,0.2501746430475762,0.26948641187999584,0.006284356860466519,2.3440568630406426,True,True
5457,E01__U017__TOP__MINIMUM_CERTIFIED_OUTER_GAP,x05_t16,5,16,0.7493084773155089,0.7506940597713398,0.5,0.53125,0.0175,0.02,-1e-06,1e-06,CLOSED_REPRESENTATIVE_UNIT_MODULUS_MARGIN,reciprocal,reciprocal,1,4,,holomorphic,plus,0.2694864131466313,0.33795531189387557,0.005559919779343974,0.2501746430475762,0.2694864131466313,0.006284357042675316,2.344056862988395,True,True
5457,E01__U017__TOP__MINIMUM_CERTIFIED_OUTER_GAP,x05_t16,5,16,0.7493084773155089,0.7506940597713398,0.5,0.53125,0.0175,0.02,-1e-06,1e-06,CLOSED_REPRESENTATIVE_UNIT_MODULUS_MARGIN,reciprocal,reciprocal,2,4,,holomorphic,plus,0.26948638568024574,0.3379552780988654,0.005559919779343974,0.2501746430475762,0.26948638568024574,0.006284357658997951,2.344056624083825,True,True
5457,E01__U017__TOP__MINIMUM_CERTIFIED_OUTER_GAP,x05_t16,5,16,0.7493084773155089,0.7506940597713398,0.5,0.53125,0.0175,0.02,-1e-06,1e-06,CLOSED_REPRESENTATIVE_UNIT_MODULUS_MARGIN,reciprocal,reciprocal,3,4,,holomorphic,plus,0.2694863844136103,0.3379552793800854,0.005559919779343974,0.2501746430475762,0.2694863844136103,0.006284357476789117,2.3440566241360727,True,True
5457,E01__U017__TOP__MINIMUM_CERTIFIED_OUTER_GAP,x05_t17,5,17,0.7493084773155089,0.7506940597713398,0.53125,0.5625,0.0175,0.02,-1e-06,1e-06,CLOSED_REPRESENTATIVE_UNIT_MODULUS_MARGIN,reciprocal,reciprocal,0,4,,holomorphic,plus,0.25651068071083405,0.327172576030718,0.0053927981884252275,0.23875051491773622,0.25651068071083405,0.0063982214611424905,2.3440568630406426,True,True
5457,E01__U017__TOP__MINIMUM_CERTIFIED_OUTER_GAP,x05_t17,5,17,0.7493084773155089,0.7506940597713398,0.53125,0.5625,0.0175,0.02,-1e-06,1e-06,CLOSED_REPRESENTATIVE_UNIT_MODULUS_MARGIN,reciprocal,reciprocal,1,4,,holomorphic,plus,0.25651068208034083,0.3271725746471485,0.0053927981884252275,0.23875051491773622,0.25651068208034083,0.006398221663690512,2.344056862988395,True,True
5457,E01__U017__TOP__MINIMUM_CERTIFIED_OUTER_GAP,x05_t17,5,17,0.7493084773155089,0.7506940597713398,0.53125,0.5625,0.0175,0.02,-1e-06,1e-06,CLOSED_REPRESENTATIVE_UNIT_MODULUS_MARGIN,reciprocal,reciprocal,2,4,,holomorphic,plus,0.2565106559364081,0.32717254193043566,0.0053927981884252275,0.23875051491773622,0.2565106559364081,0.006398222291176574,2.344056624083825,True,True
5457,E01__U017__TOP__MINIMUM_CERTIFIED_OUTER_GAP,x05_t17,5,17,0.7493084773155089,0.7506940597713398,0.53125,0.5625,0.0175,0.02,-1e-06,1e-06,CLOSED_REPRESENTATIVE_UNIT_MODULUS_MARGIN,reciprocal,reciprocal,3,4,,holomorphic,plus,0.2565106545669013,0.3271725433140052,0.0053927981884252275,0.23875051491773622,0.2565106545669013,0.00639822208862851,2.3440566241360727,True,True
5457,E01__U017__TOP__MINIMUM_CERTIFIED_OUTER_GAP,x05_t18,5,18,0.7493084773155089,0.7506940597713398,0.5625,0.59375,0.0175,0.02,-1e-06,1e-06,CLOSED_REPRESENTATIVE_UNIT_MODULUS_MARGIN,reciprocal,reciprocal,0,4,,holomorphic,plus,0.24344246972390568,0.3165018862642758,0.00511501143837151,0.22725404036945787,0.24344246972390568,0.006461179668745719,2.3440568630406426,True,True
5457,E01__U017__TOP__MINIMUM_CERTIFIED_OUTER_GAP,x05_t18,5,18,0.7493084773155089,0.7506940597713398,0.5625,0.59375,0.0175,0.02,-1e-06,1e-06,CLOSED_REPRESENTATIVE_UNIT_MODULUS_MARGIN,reciprocal,reciprocal,1,4,,holomorphic,plus,0.24344247120945073,0.3165018847651793,0.00511501143837151,0.22725404036945787,0.24344247120945073,0.006461179894756936,2.344056862988395,True,True
5457,E01__U017__TOP__MINIMUM_CERTIFIED_OUTER_GAP,x05_t18,5,18,0.7493084773155089,0.7506940597713398,0.5625,0.59375,0.0175,0.02,-1e-06,1e-06,CLOSED_REPRESENTATIVE_UNIT_MODULUS_MARGIN,reciprocal,reciprocal,2,4,,holomorphic,plus,0.24344244639739324,0.3165018531155621,0.00511501143837151,0.22725404036945787,0.24344244639739324,0.0064611805284127905,2.344056624083825,True,True
5457,E01__U017__TOP__MINIMUM_CERTIFIED_OUTER_GAP,x05_t18,5,18,0.7493084773155089,0.7506940597713398,0.5625,0.59375,0.0175,0.02,-1e-06,1e-06,CLOSED_REPRESENTATIVE_UNIT_MODULUS_MARGIN,reciprocal,reciprocal,3,4,,holomorphic,plus,0.2434424449118482,0.31650185461465863,0.00511501143837151,0.22725404036945787,0.2434424449118482,0.006461180302401527,2.3440566241360727,True,True
5457,E01__U017__TOP__MINIMUM_CERTIFIED_OUTER_GAP,x05_t19,5,19,0.7493084773155089,0.7506940597713398,0.59375,0.625,0.0175,0.02,-1e-06,1e-06,CLOSED_REPRESENTATIVE_UNIT_MODULUS_MARGIN,reciprocal,reciprocal,0,4,,holomorphic,plus,0.2302681433061232,0.3059626857928089,0.004709005161824051,0.21567071417739542,0.2302681433061232,0.006465945988812694,2.3440568630406426,True,True
5457,E01__U017__TOP__MINIMUM_CERTIFIED_OUTER_GAP,x05_t19,5,19,0.7493084773155089,0.7506940597713398,0.59375,0.625,0.0175,0.02,-1e-06,1e-06,CLOSED_REPRESENTATIVE_UNIT_MODULUS_MARGIN,reciprocal,reciprocal,1,4,,holomorphic,plus,0.23026814492335185,0.30596268416252775,0.004709005161824051,0.21567071417739542,0.23026814492335185,0.0064659462421304435,2.344056862988395,True,True
5457,E01__U017__TOP__MINIMUM_CERTIFIED_OUTER_GAP,x05_t19,5,19,0.7493084773155089,0.7506940597713398,0.59375,0.625,0.0175,0.02,-1e-06,1e-06,CLOSED_REPRESENTATIVE_UNIT_MODULUS_MARGIN,reciprocal,reciprocal,2,4,,holomorphic,plus,0.23026812145398112,0.3059626535668609,0.004709005161824051,0.21567071417739542,0.23026812145398112,0.006465946876247722,2.344056624083825,True,True
5457,E01__U017__TOP__MINIMUM_CERTIFIED_OUTER_GAP,x05_t19,5,19,0.7493084773155089,0.7506940597713398,0.59375,0.625,0.0175,0.02,-1e-06,1e-06,CLOSED_REPRESENTATIVE_UNIT_MODULUS_MARGIN,reciprocal,reciprocal,3,4,,holomorphic,plus,0.23026811983675247,0.30596265519714205,0.004709005161824051,0.21567071417739542,0.23026811983675247,0.006465946622929921,2.3440566241360727,True,True
5457,E01__U017__TOP__MINIMUM_CERTIFIED_OUTER_GAP,x05_t20,5,20,0.7493084773155089,0.7506940597713398,0.625,0.65625,0.0175,0.02,-1e-06,1e-06,CLOSED_REPRESENTATIVE_UNIT_MODULUS_MARGIN,reciprocal,reciprocal,0,4,,holomorphic,plus,0.2169709842676687,0.2955789563330588,0.00415761857706789,0.2039818445288752,0.2169709842676687,0.00640453431201974,2.3440568630406426,True,True
5457,E01__U017__TOP__MINIMUM_CERTIFIED_OUTER_GAP,x05_t20,5,20,0.7493084773155089,0.7506940597713398,0.625,0.65625,0.0175,0.02,-1e-06,1e-06,CLOSED_REPRESENTATIVE_UNIT_MODULUS_MARGIN,reciprocal,reciprocal,1,4,,holomorphic,plus,0.21697098603532494,0.2955789545528355,0.00415761857706789,0.2039818445288752,0.21697098603532494,0.006404534597365187,2.344056862988395,True,True
5457,E01__U017__TOP__MINIMUM_CERTIFIED_OUTER_GAP,x05_t20,5,20,0.7493084773155089,0.7506940597713398,0.625,0.65625,0.0175,0.02,-1e-06,1e-06,CLOSED_REPRESENTATIVE_UNIT_MODULUS_MARGIN,reciprocal,reciprocal,2,4,,holomorphic,plus,0.21697096392115564,0.29557892499557625,0.00415761857706789,0.2039818445288752,0.21697096392115564,0.006404535225452033,2.344056624083825,True,True
5457,E01__U017__TOP__MINIMUM_CERTIFIED_OUTER_GAP,x05_t20,5,20,0.7493084773155089,0.7506940597713398,0.625,0.65625,0.0175,0.02,-1e-06,1e-06,CLOSED_REPRESENTATIVE_UNIT_MODULUS_MARGIN,reciprocal,reciprocal,3,4,,holomorphic,plus,0.21697096215349937,0.2955789267757995,0.00415761857706789,0.2039818445288752,0.21697096215349937,0.00640453494010653,2.3440566241360727,True,True
5457,E01__U017__TOP__MINIMUM_CERTIFIED_OUTER_GAP,x05_t21,5,21,0.7493084773155089,0.7506940597713398,0.65625,0.6875,0.0175,0.02,-1e-06,1e-06,CLOSED_REPRESENTATIVE_UNIT_MODULUS_MARGIN,reciprocal,reciprocal,0,4,,holomorphic,plus,0.2035302297690897,0.2853806113744897,0.003409682494844551,0.19216302818574393,0.2035302297690897,0.006268481576947476,2.3440568630406426,True,True
5457,E01__U017__TOP__MINIMUM_CERTIFIED_OUTER_GAP,x05_t21,5,21,0.7493084773155089,0.7506940597713398,0.65625,0.6875,0.0175,0.02,-1e-06,1e-06,CLOSED_REPRESENTATIVE_UNIT_MODULUS_MARGIN,reciprocal,reciprocal,1,4,,holomorphic,plus,0.20353023170983106,0.2853806094216547,0.003409682494844551,0.19216302818574393,0.20353023170983106,0.006268481900075632,2.344056862988395,True,True
5457,E01__U017__TOP__MINIMUM_CERTIFIED_OUTER_GAP,x05_t21,5,21,0.7493084773155089,0.7506940597713398,0.65625,0.6875,0.0175,0.02,-1e-06,1e-06,CLOSED_REPRESENTATIVE_UNIT_MODULUS_MARGIN,reciprocal,reciprocal,2,4,,holomorphic,plus,0.203530210965493,0.2853805808842697,0.003409682494844551,0.19216302818574393,0.203530210965493,0.00626848251480989,2.344056624083825,True,True
5457,E01__U017__TOP__MINIMUM_CERTIFIED_OUTER_GAP,x05_t21,5,21,0.7493084773155089,0.7506940597713398,0.65625,0.6875,0.0175,0.02,-1e-06,1e-06,CLOSED_REPRESENTATIVE_UNIT_MODULUS_MARGIN,reciprocal,reciprocal,3,4,,holomorphic,plus,0.20353020902475163,0.2853805828371047,0.003409682494844551,0.19216302818574393,0.20353020902475163,0.0062684821916816685,2.3440566241360727,True,True
5457,E01__U017__TOP__MINIMUM_CERTIFIED_OUTER_GAP,x05_t22,5,22,0.7493084773155089,0.7506940597713398,0.6875,0.71875,0.0175,0.02,-1e-06,1e-06,CLOSED_REPRESENTATIVE_UNIT_MODULUS_MARGIN,reciprocal,reciprocal,0,4,,holomorphic,plus,0.18991971376095,0.2754054321064767,0.002405812169161599,0.18018196420438073,0.18991971376095,0.0060458178718027925,2.3440568630406426,True,True
5457,E01__U017__TOP__MINIMUM_CERTIFIED_OUTER_GAP,x05_t22,5,22,0.7493084773155089,0.7506940597713398,0.6875,0.71875,0.0175,0.02,-1e-06,1e-06,CLOSED_REPRESENTATIVE_UNIT_MODULUS_MARGIN,reciprocal,reciprocal,1,4,,holomorphic,plus,0.1899197159024302,0.2754054299533715,0.002405812169161599,0.18018196420438073,0.1899197159024302,0.006045818219326967,2.344056862988395,True,True
5457,E01__U017__TOP__MINIMUM_CERTIFIED_OUTER_GAP,x05_t22,5,22,0.7493084773155089,0.7506940597713398,0.6875,0.71875,0.0175,0.02,-1e-06,1e-06,CLOSED_REPRESENTATIVE_UNIT_MODULUS_MARGIN,reciprocal,reciprocal,2,4,,holomorphic,plus,0.18991969654521887,0.27540540241355055,0.002405812169161599,0.18018196420438073,0.18991969654521887,0.006045818812216616,2.344056624083825,True,True
5457,E01__U017__TOP__MINIMUM_CERTIFIED_OUTER_GAP,x05_t22,5,22,0.7493084773155089,0.7506940597713398,0.6875,0.71875,0.0175,0.02,-1e-06,1e-06,CLOSED_REPRESENTATIVE_UNIT_MODULUS_MARGIN,reciprocal,reciprocal,3,4,,holomorphic,plus,0.18991969440373868,0.27540540456665574,0.002405812169161599,0.18018196420438073,0.18991969440373868,0.006045818464692372,2.3440566241360727,True,True
5457,E01__U017__TOP__MINIMUM_CERTIFIED_OUTER_GAP,x05_t23,5,23,0.7493084773155089,0.7506940597713398,0.71875,0.75,0.0175,0.02,-1e-06,1e-06,CLOSED_REPRESENTATIVE_UNIT_MODULUS_MARGIN,reciprocal,reciprocal,0,4,,holomorphic,plus,0.17610591596002334,0.2657018099534836,0.0010822155214994052,0.16799527845692364,0.17610591596002334,0.005705742261836034,2.3440568630406426,True,True
5457,E01__U017__TOP__MINIMUM_CERTIFIED_OUTER_GAP,x05_t23,5,23,0.7493084773155089,0.7506940597713398,0.71875,0.75,0.0175,0.02,-1e-06,1e-06,CLOSED_REPRESENTATIVE_UNIT_MODULUS_MARGIN,reciprocal,reciprocal,1,4,,holomorphic,plus,0.176105918336348,0.2657018075660189,0.0010822155214994052,0.16799527845692364,0.176105918336348,0.005705742620291548,2.344056862988395,True,True
5457,E01__U017__TOP__MINIMUM_CERTIFIED_OUTER_GAP,x05_t23,5,23,0.7493084773155089,0.7506940597713398,0.71875,0.75,0.0175,0.02,-1e-06,1e-06,CLOSED_REPRESENTATIVE_UNIT_MODULUS_MARGIN,reciprocal,reciprocal,2,4,,holomorphic,plus,0.1761059003869738,0.2657017809966141,0.0010822155214994052,0.16799527845692364,0.1761059003869738,0.005705743179823551,2.344056624083825,True,True
5457,E01__U017__TOP__MINIMUM_CERTIFIED_OUTER_GAP,x05_t23,5,23,0.7493084773155089,0.7506940597713398,0.71875,0.75,0.0175,0.02,-1e-06,1e-06,CLOSED_REPRESENTATIVE_UNIT_MODULUS_MARGIN,reciprocal,reciprocal,3,4,,holomorphic,plus,0.17610589801064913,0.2657017833840788,0.0010822155214994052,0.16799527845692364,0.17610589801064913,0.0057057428213679665,2.3440566241360727,True,True
5457,E01__U017__TOP__MINIMUM_CERTIFIED_OUTER_GAP,x05_t24,5,24,0.7493084773155089,0.7506940597713398,0.75,0.78125,0.0175,0.02,-1e-06,1e-06,CLOSED_REPRESENTATIVE_UNIT_MODULUS_MARGIN,reciprocal,reciprocal,0,4,,holomorphic,plus,0.1620450965297103,0.25633270955548015,0.0,0.15554385483182084,0.1620450965297103,0.005222127428266057,2.3440568630406426,True,True
5457,E01__U017__TOP__MINIMUM_CERTIFIED_OUTER_GAP,x05_t24,5,24,0.7493084773155089,0.7506940597713398,0.75,0.78125,0.0175,0.02,-1e-06,1e-06,CLOSED_REPRESENTATIVE_UNIT_MODULUS_MARGIN,reciprocal,reciprocal,1,4,,holomorphic,plus,0.16204509918341733,0.25633270689118665,0.0,0.15554385483182084,0.16204509918341733,0.005222127802795682,2.344056862988395,True,True
5457,E01__U017__TOP__MINIMUM_CERTIFIED_OUTER_GAP,x05_t24,5,24,0.7493084773155089,0.7506940597713398,0.75,0.78125,0.0175,0.02,-1e-06,1e-06,CLOSED_REPRESENTATIVE_UNIT_MODULUS_MARGIN,reciprocal,reciprocal,2,4,,holomorphic,plus,0.1620450826670466,0.2563326812587556,0.0,0.15554385483182084,0.1620450826670466,0.005222128314890302,2.344056624083825,True,True
5457,E01__U017__TOP__MINIMUM_CERTIFIED_OUTER_GAP,x05_t24,5,24,0.7493084773155089,0.7506940597713398,0.75,0.78125,0.0175,0.02,-1e-06,1e-06,CLOSED_REPRESENTATIVE_UNIT_MODULUS_MARGIN,reciprocal,reciprocal,3,4,,holomorphic,plus,0.16204508001333953,0.2563326839230491,0.0,0.15554385483182084,0.16204508001333953,0.005222127940360602,2.3440566241360727,True,True
5457,E01__U017__TOP__MINIMUM_CERTIFIED_OUTER_GAP,x05_t25,5,25,0.7493084773155089,0.7506940597713398,0.78125,0.8125,0.0175,0.02,-1e-06,1e-06,CLOSED_REPRESENTATIVE_UNIT_MODULUS_MARGIN,reciprocal,reciprocal,0,4,,holomorphic,plus,0.14767899247305605,0.24738151607248599,0.0,0.14274589969538215,0.14767899247305605,0.004563946250293386,2.3440568630406426,True,True
5457,E01__U017__TOP__MINIMUM_CERTIFIED_OUTER_GAP,x05_t25,5,25,0.7493084773155089,0.7506940597713398,0.78125,0.8125,0.0175,0.02,-1e-06,1e-06,CLOSED_REPRESENTATIVE_UNIT_MODULUS_MARGIN,reciprocal,reciprocal,1,4,,holomorphic,plus,0.14767899545784102,0.24738151307785602,0.0,0.14274589969538215,0.14767899545784102,0.004563946648011043,2.344056862988395,True,True
5457,E01__U017__TOP__MINIMUM_CERTIFIED_OUTER_GAP,x05_t25,5,25,0.7493084773155089,0.7506940597713398,0.78125,0.8125,0.0175,0.02,-1e-06,1e-06,CLOSED_REPRESENTATIVE_UNIT_MODULUS_MARGIN,reciprocal,reciprocal,2,4,,holomorphic,plus,0.14767898040557556,0.24738148834062026,0.0,0.14274589969538215,0.14767898040557556,0.004563947095544874,2.344056624083825,True,True
5457,E01__U017__TOP__MINIMUM_CERTIFIED_OUTER_GAP,x05_t25,5,25,0.7493084773155089,0.7506940597713398,0.78125,0.8125,0.0175,0.02,-1e-06,1e-06,CLOSED_REPRESENTATIVE_UNIT_MODULUS_MARGIN,reciprocal,reciprocal,3,4,,holomorphic,plus,0.14767897742079059,0.24738149133525023,0.0,0.14274589969538215,0.14767897742079059,0.0045639466978271365,2.3440566241360727,True,True
5457,E01__U017__TOP__MINIMUM_CERTIFIED_OUTER_GAP,x05_t26,5,26,0.7493084773155089,0.7506940597713398,0.8125,0.84375,0.0175,0.02,-1e-06,1e-06,CLOSED_REPRESENTATIVE_UNIT_MODULUS_MARGIN,reciprocal,reciprocal,0,4,,holomorphic,plus,0.13281812812349372,0.23907303857471293,0.0,0.12947175840941869,0.13281812812349372,0.0036861289291511812,2.3440568630406426,True,True
5457,E01__U017__TOP__MINIMUM_CERTIFIED_OUTER_GAP,x05_t26,5,26,0.7493084773155089,0.7506940597713398,0.8125,0.84375,0.0175,0.02,-1e-06,1e-06,CLOSED_REPRESENTATIVE_UNIT_MODULUS_MARGIN,reciprocal,reciprocal,1,4,,holomorphic,plus,0.13281813151053198,0.23907303517864473,0.0,0.12947175840941869,0.13281813151053198,0.0036861293618791727,2.344056862988395,True,True
5457,E01__U017__TOP__MINIMUM_CERTIFIED_OUTER_GAP,x05_t26,5,26,0.7493084773155089,0.7506940597713398,0.8125,0.84375,0.0175,0.02,-1e-06,1e-06,CLOSED_REPRESENTATIVE_UNIT_MODULUS_MARGIN,reciprocal,reciprocal,2,4,,holomorphic,plus,0.13281811797278079,0.23907301127234895,0.0,0.12947175840941869,0.13281811797278079,0.003686129723307132,2.344056624083825,True,True
5457,E01__U017__TOP__MINIMUM_CERTIFIED_OUTER_GAP,x05_t26,5,26,0.7493084773155089,0.7506940597713398,0.8125,0.84375,0.0175,0.02,-1e-06,1e-06,CLOSED_REPRESENTATIVE_UNIT_MODULUS_MARGIN,reciprocal,reciprocal,3,4,,holomorphic,plus,0.13281811458574252,0.23907301466841713,0.0,0.12947175840941869,0.13281811458574252,0.003686129290579054,2.3440566241360727,True,True
5457,E01__U017__TOP__MINIMUM_CERTIFIED_OUTER_GAP,x05_t27,5,27,0.7493084773155089,0.7506940597713398,0.84375,0.875,0.0175,0.02,-1e-06,1e-06,CLOSED_REPRESENTATIVE_UNIT_MODULUS_MARGIN,reciprocal,reciprocal,0,4,,holomorphic,plus,0.11707527681357864,0.23184432770646252,0.0,0.11555861906653137,0.11707527681357864,0.0025121539022209365,2.3440568630406426,True,True
5457,E01__U017__TOP__MINIMUM_CERTIFIED_OUTER_GAP,x05_t27,5,27,0.7493084773155089,0.7506940597713398,0.84375,0.875,0.0175,0.02,-1e-06,1e-06,CLOSED_REPRESENTATIVE_UNIT_MODULUS_MARGIN,reciprocal,reciprocal,1,4,,holomorphic,plus,0.11707528069221833,0.23184432381739925,0.0,0.11555861906653137,0.11707528069221833,0.0025121543963963263,2.344056862988395,True,True
5457,E01__U017__TOP__MINIMUM_CERTIFIED_OUTER_GAP,x05_t27,5,27,0.7493084773155089,0.7506940597713398,0.84375,0.875,0.0175,0.02,-1e-06,1e-06,CLOSED_REPRESENTATIVE_UNIT_MODULUS_MARGIN,reciprocal,reciprocal,2,4,,holomorphic,plus,0.11707526875885214,0.2318443006340878,0.0,0.11555861906653137,0.11707526875885214,0.00251215464266432,2.344056624083825,True,True
5457,E01__U017__TOP__MINIMUM_CERTIFIED_OUTER_GAP,x05_t27,5,27,0.7493084773155089,0.7506940597713398,0.84375,0.875,0.0175,0.02,-1e-06,1e-06,CLOSED_REPRESENTATIVE_UNIT_MODULUS_MARGIN,reciprocal,reciprocal,3,4,,holomorphic,plus,0.11707526488021246,0.23184430452315105,0.0,0.11555861906653137,0.11707526488021246,0.002512154148488832,2.3440566241360727,True,True
5457,E01__U017__TOP__MINIMUM_CERTIFIED_OUTER_GAP,x05_t28,5,28,0.7493084773155089,0.7506940597713398,0.875,0.90625,0.0175,0.02,-1e-06,1e-06,CLOSED_REPRESENTATIVE_UNIT_MODULUS_MARGIN,reciprocal,reciprocal,0,4,,minus,minus,0.10076047619950952,0.18997028191587176,0.0,0.10076047619950952,0.10051823699417026,0.0009652624871980413,2.3440568630406426,True,True
5457,E01__U017__TOP__MINIMUM_CERTIFIED_OUTER_GAP,x05_t28,5,28,0.7493084773155089,0.7506940597713398,0.875,0.90625,0.0175,0.02,-1e-06,1e-06,CLOSED_REPRESENTATIVE_UNIT_MODULUS_MARGIN,reciprocal,reciprocal,1,4,,minus,minus,0.10076047619950952,0.18997028191587176,0.0,0.10076047619950952,0.1005182414813245,0.0009652630741867185,2.344056862988395,True,True
5457,E01__U017__TOP__MINIMUM_CERTIFIED_OUTER_GAP,x05_t28,5,28,0.7493084773155089,0.7506940597713398,0.875,0.90625,0.0175,0.02,-1e-06,1e-06,CLOSED_REPRESENTATIVE_UNIT_MODULUS_MARGIN,reciprocal,reciprocal,2,4,,minus,minus,0.10076047619950952,0.18997028191587176,0.0,0.10076047619950952,0.10051823123529764,0.000965263168710851,2.344056624083825,True,True
5457,E01__U017__TOP__MINIMUM_CERTIFIED_OUTER_GAP,x05_t28,5,28,0.7493084773155089,0.7506940597713398,0.875,0.90625,0.0175,0.02,-1e-06,1e-06,CLOSED_REPRESENTATIVE_UNIT_MODULUS_MARGIN,reciprocal,reciprocal,3,4,,minus,minus,0.10076047619950952,0.18997028191587176,0.0,0.10076047619950952,0.1005182267481434,0.0009652625817220564,2.3440566241360727,True,True
5457,E01__U017__TOP__MINIMUM_CERTIFIED_OUTER_GAP,x05_t29,5,29,0.7493084773155089,0.7506940597713398,0.90625,0.9375,0.0175,0.02,-1e-06,1e-06,CLOSED_REPRESENTATIVE_UNIT_MODULUS_MARGIN,reciprocal,reciprocal,0,4,,minus,minus,0.08471711806370669,0.1859081516595023,0.0,0.08471711806370669,0.08285197963811126,0.0,2.3440568630406426,True,True
5457,E01__U017__TOP__MINIMUM_CERTIFIED_OUTER_GAP,x05_t29,5,29,0.7493084773155089,0.7506940597713398,0.90625,0.9375,0.0175,0.02,-1e-06,1e-06,CLOSED_REPRESENTATIVE_UNIT_MODULUS_MARGIN,reciprocal,reciprocal,1,4,,minus,minus,0.08471711806370669,0.1859081516595023,0.0,0.08471711806370669,0.08285198488460839,0.0,2.344056862988395,True,True
5457,E01__U017__TOP__MINIMUM_CERTIFIED_OUTER_GAP,x05_t29,5,29,0.7493084773155089,0.7506940597713398,0.90625,0.9375,0.0175,0.02,-1e-06,1e-06,CLOSED_REPRESENTATIVE_UNIT_MODULUS_MARGIN,reciprocal,reciprocal,2,4,,minus,minus,0.08471711806370669,0.1859081516595023,0.0,0.08471711806370669,0.08285197643893659,0.0,2.344056624083825,True,True
5457,E01__U017__TOP__MINIMUM_CERTIFIED_OUTER_GAP,x05_t29,5,29,0.7493084773155089,0.7506940597713398,0.90625,0.9375,0.0175,0.02,-1e-06,1e-06,CLOSED_REPRESENTATIVE_UNIT_MODULUS_MARGIN,reciprocal,reciprocal,3,4,,minus,minus,0.08471711806370669,0.1859081516595023,0.0,0.08471711806370669,0.08285197119243946,0.0,2.3440566241360727,True,True
5457,E01__U017__TOP__MINIMUM_CERTIFIED_OUTER_GAP,x05_t30,5,30,0.7493084773155089,0.7506940597713398,0.9375,0.96875,0.0175,0.02,-1e-06,1e-06,CLOSED_REPRESENTATIVE_UNIT_MODULUS_MARGIN,reciprocal,reciprocal,0,4,,minus,minus,0.06689287226294434,0.18404189524967998,0.0,0.06689287226294434,0.0636342568308356,0.0,2.3440568630406426,True,True
5457,E01__U017__TOP__MINIMUM_CERTIFIED_OUTER_GAP,x05_t30,5,30,0.7493084773155089,0.7506940597713398,0.9375,0.96875,0.0175,0.02,-1e-06,1e-06,CLOSED_REPRESENTATIVE_UNIT_MODULUS_MARGIN,reciprocal,reciprocal,1,4,,minus,minus,0.06689287226294434,0.18404189524967998,0.0,0.06689287226294434,0.06363426302499028,0.0,2.344056862988395,True,True
5457,E01__U017__TOP__MINIMUM_CERTIFIED_OUTER_GAP,x05_t30,5,30,0.7493084773155089,0.7506940597713398,0.9375,0.96875,0.0175,0.02,-1e-06,1e-06,CLOSED_REPRESENTATIVE_UNIT_MODULUS_MARGIN,reciprocal,reciprocal,2,4,,minus,minus,0.06689287226294434,0.18404189524967998,0.0,0.06689287226294434,0.06363425653775463,0.0,2.344056624083825,True,True
5457,E01__U017__TOP__MINIMUM_CERTIFIED_OUTER_GAP,x05_t30,5,30,0.7493084773155089,0.7506940597713398,0.9375,0.96875,0.0175,0.02,-1e-06,1e-06,CLOSED_REPRESENTATIVE_UNIT_MODULUS_MARGIN,reciprocal,reciprocal,3,4,,minus,minus,0.06689287226294434,0.18404189524967998,0.0,0.06689287226294434,0.06363425034359993,0.0,2.3440566241360727,True,True
5457,E01__U017__TOP__MINIMUM_CERTIFIED_OUTER_GAP,x05_t31,5,31,0.7493084773155089,0.7506940597713398,0.96875,1.0,0.0175,0.02,-1e-06,1e-06,CLOSED_REPRESENTATIVE_UNIT_MODULUS_MARGIN,reciprocal,reciprocal,0,4,,minus,minus,0.0465956159400379,0.18530040670186257,0.0,0.0465956159400379,0.042240316781965485,0.0,2.3440568630406426,True,True
5457,E01__U017__TOP__MINIMUM_CERTIFIED_OUTER_GAP,x05_t31,5,31,0.7493084773155089,0.7506940597713398,0.96875,1.0,0.0175,0.02,-1e-06,1e-06,CLOSED_REPRESENTATIVE_UNIT_MODULUS_MARGIN,reciprocal,reciprocal,1,4,,minus,minus,0.0465956159400379,0.18530040670186257,0.0,0.0465956159400379,0.042240324095784945,0.0,2.344056862988395,True,True
5457,E01__U017__TOP__MINIMUM_CERTIFIED_OUTER_GAP,x05_t31,5,31,0.7493084773155089,0.7506940597713398,0.96875,1.0,0.0175,0.02,-1e-06,1e-06,CLOSED_REPRESENTATIVE_UNIT_MODULUS_MARGIN,reciprocal,reciprocal,2,4,,minus,minus,0.0465956159400379,0.18530040670186257,0.0,0.0465956159400379,0.04224031978874675,0.0,2.344056624083825,True,True
5457,E01__U017__TOP__MINIMUM_CERTIFIED_OUTER_GAP,x05_t31,5,31,0.7493084773155089,0.7506940597713398,0.96875,1.0,0.0175,0.02,-1e-06,1e-06,CLOSED_REPRESENTATIVE_UNIT_MODULUS_MARGIN,reciprocal,reciprocal,3,4,,minus,minus,0.0465956159400379,0.18530040670186257,0.0,0.0465956159400379,0.04224031247492729,0.0,2.3440566241360727,True,True
5457,E01__U017__TOP__MINIMUM_CERTIFIED_OUTER_GAP,x06_t00,6,0,0.7506940597713398,0.7520796422271707,0.0,0.03125,0.0175,0.02,-1e-06,1e-06,CLOSED_REPRESENTATIVE_UNIT_MODULUS_MARGIN,reciprocal,reciprocal,0,4,,holomorphic,plus,0.46978655329402874,0.517860290452644,0.003623593510915272,0.4279881783636657,0.46978655329402874,0.0031997204994790385,2.351382727858202,True,True
5457,E01__U017__TOP__MINIMUM_CERTIFIED_OUTER_GAP,x06_t00,6,0,0.7506940597713398,0.7520796422271707,0.0,0.03125,0.0175,0.02,-1e-06,1e-06,CLOSED_REPRESENTATIVE_UNIT_MODULUS_MARGIN,reciprocal,reciprocal,1,4,,holomorphic,plus,0.4697865537684344,0.5178602899548167,0.003623593510915272,0.4279881783636657,0.4697865537684344,0.0031997206228249688,2.351382727805785,True,True
5457,E01__U017__TOP__MINIMUM_CERTIFIED_OUTER_GAP,x06_t00,6,0,0.7506940597713398,0.7520796422271707,0.0,0.03125,0.0175,0.02,-1e-06,1e-06,CLOSED_REPRESENTATIVE_UNIT_MODULUS_MARGIN,reciprocal,reciprocal,2,4,,holomorphic,plus,0.4697865058825996,0.5178602381691275,0.003623593510915272,0.4279881783636657,0.4697865058825996,0.003199720936589075,2.3513824881285825,True,True
5457,E01__U017__TOP__MINIMUM_CERTIFIED_OUTER_GAP,x06_t00,6,0,0.7506940597713398,0.7520796422271707,0.0,0.03125,0.0175,0.02,-1e-06,1e-06,CLOSED_REPRESENTATIVE_UNIT_MODULUS_MARGIN,reciprocal,reciprocal,3,4,,holomorphic,plus,0.4697865054081939,0.5178602386669547,0.003623593510915272,0.4279881783636657,0.4697865054081939,0.00319972081324312,2.3513824881809993,True,True
5457,E01__U017__TOP__MINIMUM_CERTIFIED_OUTER_GAP,x06_t01,6,1,0.7506940597713398,0.7520796422271707,0.03125,0.0625,0.0175,0.02,-1e-06,1e-06,CLOSED_REPRESENTATIVE_UNIT_MODULUS_MARGIN,reciprocal,reciprocal,0,4,,holomorphic,plus,0.4574859392735437,0.5063991436206527,0.0035414638974168877,0.4170047781536498,0.4574859392735437,0.0031337436268431547,2.351382727858202,True,True
5457,E01__U017__TOP__MINIMUM_CERTIFIED_OUTER_GAP,x06_t01,6,1,0.7506940597713398,0.7520796422271707,0.03125,0.0625,0.0175,0.02,-1e-06,1e-06,CLOSED_REPRESENTATIVE_UNIT_MODULUS_MARGIN,reciprocal,reciprocal,1,4,,holomorphic,plus,0.4574859397736795,0.5063991430976555,0.0035414638974168877,0.4170047781536498,0.4574859397736795,0.0031337436904355083,2.351382727805785,True,True
5457,E01__U017__TOP__MINIMUM_CERTIFIED_OUTER_GAP,x06_t01,6,1,0.7506940597713398,0.7520796422271707,0.03125,0.0625,0.0175,0.02,-1e-06,1e-06,CLOSED_REPRESENTATIVE_UNIT_MODULUS_MARGIN,reciprocal,reciprocal,2,4,,holomorphic,plus,0.4574858931416442,0.5063990924580868,0.0035414638974168877,0.4170047781536498,0.4574858931416442,0.0031337439977445055,2.3513824881285825,True,True
5457,E01__U017__TOP__MINIMUM_CERTIFIED_OUTER_GAP,x06_t01,6,1,0.7506940597713398,0.7520796422271707,0.03125,0.0625,0.0175,0.02,-1e-06,1e-06,CLOSED_REPRESENTATIVE_UNIT_MODULUS_MARGIN,reciprocal,reciprocal,3,4,,holomorphic,plus,0.45748589264150835,0.506399092981084,0.0035414638974168877,0.4170047781536498,0.45748589264150835,0.0031337439341521394,2.3513824881809993,True,True
5457,E01__U017__TOP__MINIMUM_CERTIFIED_OUTER_GAP,x06_t02,6,2,0.7506940597713398,0.7520796422271707,0.0625,0.09375,0.0175,0.02,-1e-06,1e-06,CLOSED_REPRESENTATIVE_UNIT_MODULUS_MARGIN,reciprocal,reciprocal,0,4,,holomorphic,plus,0.4451645693685608,0.49495435944341337,0.003454831768577877,0.40600978071852795,0.4451645693685608,0.003064466287318813,2.351382727858202,True,True
5457,E01__U017__TOP__MINIMUM_CERTIFIED_OUTER_GAP,x06_t02,6,2,0.7506940597713398,0.7520796422271707,0.0625,0.09375,0.0175,0.02,-1e-06,1e-06,CLOSED_REPRESENTATIVE_UNIT_MODULUS_MARGIN,reciprocal,reciprocal,1,4,,holomorphic,plus,0.44516456989619646,0.49495435889347633,0.003454831768577877,0.40600978071852795,0.44516456989619646,0.003064466292604507,2.351382727805785,True,True
5457,E01__U017__TOP__MINIMUM_CERTIFIED_OUTER_GAP,x06_t02,6,2,0.7506940597713398,0.7520796422271707,0.0625,0.09375,0.0175,0.02,-1e-06,1e-06,CLOSED_REPRESENTATIVE_UNIT_MODULUS_MARGIN,reciprocal,reciprocal,2,4,,holomorphic,plus,0.44516452452007577,0.4949543093983923,0.003454831768577877,0.40600978071852795,0.44516452452007577,0.003064466593134351,2.3513824881285825,True,True
5457,E01__U017__TOP__MINIMUM_CERTIFIED_OUTER_GAP,x06_t02,6,2,0.7506940597713398,0.7520796422271707,0.0625,0.09375,0.0175,0.02,-1e-06,1e-06,CLOSED_REPRESENTATIVE_UNIT_MODULUS_MARGIN,reciprocal,reciprocal,3,4,,holomorphic,plus,0.44516452399244016,0.49495430994832934,0.003454831768577877,0.40600978071852795,0.44516452399244016,0.0030644665878486557,2.3513824881809993,True,True
5457,E01__U017__TOP__MINIMUM_CERTIFIED_OUTER_GAP,x06_t03,6,3,0.7506940597713398,0.7520796422271707,0.09375,0.125,0.0175,0.02,-1e-06,1e-06,CLOSED_REPRESENTATIVE_UNIT_MODULUS_MARGIN,reciprocal,reciprocal,0,4,,holomorphic,plus,0.43282097942231346,0.48352761275508904,0.003386316660831658,0.39500228133759485,0.43282097942231346,0.0030339943709417456,2.351382727858202,True,True
5457,E01__U017__TOP__MINIMUM_CERTIFIED_OUTER_GAP,x06_t03,6,3,0.7506940597713398,0.7520796422271707,0.09375,0.125,0.0175,0.02,-1e-06,1e-06,CLOSED_REPRESENTATIVE_UNIT_MODULUS_MARGIN,reciprocal,reciprocal,1,4,,holomorphic,plus,0.43282097997940444,0.48352761217625645,0.003386316660831658,0.39500228133759485,0.43282097997940444,0.003033994382741431,2.351382727805785,True,True
5457,E01__U017__TOP__MINIMUM_CERTIFIED_OUTER_GAP,x06_t03,6,3,0.7506940597713398,0.7520796422271707,0.09375,0.125,0.0175,0.02,-1e-06,1e-06,CLOSED_REPRESENTATIVE_UNIT_MODULUS_MARGIN,reciprocal,reciprocal,2,4,,holomorphic,plus,0.4328209358614629,0.48352756382385376,0.003386316660831658,0.39500228133759485,0.4328209358614629,0.0030339946802794026,2.3513824881285825,True,True
5457,E01__U017__TOP__MINIMUM_CERTIFIED_OUTER_GAP,x06_t03,6,3,0.7506940597713398,0.7520796422271707,0.09375,0.125,0.0175,0.02,-1e-06,1e-06,CLOSED_REPRESENTATIVE_UNIT_MODULUS_MARGIN,reciprocal,reciprocal,3,4,,holomorphic,plus,0.43282093530437193,0.48352756440268635,0.003386316660831658,0.39500228133759485,0.43282093530437193,0.003033994668479715,2.3513824881809993,True,True
5457,E01__U017__TOP__MINIMUM_CERTIFIED_OUTER_GAP,x06_t04,6,4,0.7506940597713398,0.7520796422271707,0.125,0.15625,0.0175,0.02,-1e-06,1e-06,CLOSED_REPRESENTATIVE_UNIT_MODULUS_MARGIN,reciprocal,reciprocal,0,4,,holomorphic,plus,0.42045363627115734,0.47212070220163666,0.0034126520148891224,0.38398129716892776,0.42045363627115734,0.003096926467672861,2.351382727858202,True,True
5457,E01__U017__TOP__MINIMUM_CERTIFIED_OUTER_GAP,x06_t04,6,4,0.7506940597713398,0.7520796422271707,0.125,0.15625,0.0175,0.02,-1e-06,1e-06,CLOSED_REPRESENTATIVE_UNIT_MODULUS_MARGIN,reciprocal,reciprocal,1,4,,holomorphic,plus,0.42045363685985776,0.4721207015917541,0.0034126520148891224,0.38398129716892776,0.42045363685985776,0.003096926493079817,2.351382727805785,True,True
5457,E01__U017__TOP__MINIMUM_CERTIFIED_OUTER_GAP,x06_t04,6,4,0.7506940597713398,0.7520796422271707,0.125,0.15625,0.0175,0.02,-1e-06,1e-06,CLOSED_REPRESENTATIVE_UNIT_MODULUS_MARGIN,reciprocal,reciprocal,2,4,,holomorphic,plus,0.42045359400251603,0.4721206543800497,0.0034126520148891224,0.38398129716892776,0.42045359400251603,0.0030969267967842586,2.3513824881285825,True,True
5457,E01__U017__TOP__MINIMUM_CERTIFIED_OUTER_GAP,x06_t04,6,4,0.7506940597713398,0.7520796422271707,0.125,0.15625,0.0175,0.02,-1e-06,1e-06,CLOSED_REPRESENTATIVE_UNIT_MODULUS_MARGIN,reciprocal,reciprocal,3,4,,holomorphic,plus,0.4204535934138156,0.4721206549899322,0.0034126520148891224,0.38398129716892776,0.4204535934138156,0.0030969267713772974,2.3513824881809993,True,True
5457,E01__U017__TOP__MINIMUM_CERTIFIED_OUTER_GAP,x06_t05,6,5,0.7506940597713398,0.7520796422271707,0.15625,0.1875,0.0175,0.02,-1e-06,1e-06,CLOSED_REPRESENTATIVE_UNIT_MODULUS_MARGIN,reciprocal,reciprocal,0,4,,holomorphic,plus,0.40806071262253496,0.4607357900180742,0.0035270642707967703,0.3729456598318856,0.40806071262253496,0.0032396716111260204,2.351382727858202,True,True
5457,E01__U017__TOP__MINIMUM_CERTIFIED_OUTER_GAP,x06_t05,6,5,0.7506940597713398,0.7520796422271707,0.15625,0.1875,0.0175,0.02,-1e-06,1e-06,CLOSED_REPRESENTATIVE_UNIT_MODULUS_MARGIN,reciprocal,reciprocal,1,4,,holomorphic,plus,0.4080607132452315,0.4607357893747546,0.0035270642707967703,0.3729456598318856,0.4080607132452315,0.003239671649953296,2.351382727805785,True,True
5457,E01__U017__TOP__MINIMUM_CERTIFIED_OUTER_GAP,x06_t05,6,5,0.7506940597713398,0.7520796422271707,0.15625,0.1875,0.0175,0.02,-1e-06,1e-06,CLOSED_REPRESENTATIVE_UNIT_MODULUS_MARGIN,reciprocal,reciprocal,2,4,,holomorphic,plus,0.40806067165109644,0.46073574330154915,0.0035270642707967703,0.3729456598318856,0.40806067165109644,0.003239671967651855,2.3513824881285825,True,True
5457,E01__U017__TOP__MINIMUM_CERTIFIED_OUTER_GAP,x06_t05,6,5,0.7506940597713398,0.7520796422271707,0.15625,0.1875,0.0175,0.02,-1e-06,1e-06,CLOSED_REPRESENTATIVE_UNIT_MODULUS_MARGIN,reciprocal,reciprocal,3,4,,holomorphic,plus,0.4080606710283999,0.4607357439448687,0.0035270642707967703,0.3729456598318856,0.4080606710283999,0.003239671928824572,2.3513824881809993,True,True
5457,E01__U017__TOP__MINIMUM_CERTIFIED_OUTER_GAP,x06_t06,6,6,0.7506940597713398,0.7520796422271707,0.1875,0.21875,0.0175,0.02,-1e-06,1e-06,CLOSED_REPRESENTATIVE_UNIT_MODULUS_MARGIN,reciprocal,reciprocal,0,4,,holomorphic,plus,0.3956401693869784,0.44937533054781514,0.0037097052115731837,0.3618939606322651,0.3956401693869784,0.0034438095155488397,2.351382727858202,True,True
5457,E01__U017__TOP__MINIMUM_CERTIFIED_OUTER_GAP,x06_t06,6,6,0.7506940597713398,0.7520796422271707,0.1875,0.21875,0.0175,0.02,-1e-06,1e-06,CLOSED_REPRESENTATIVE_UNIT_MODULUS_MARGIN,reciprocal,reciprocal,1,4,,holomorphic,plus,0.39564017004632474,0.4493753298684044,0.0037097052115731837,0.3618939606322651,0.39564017004632474,0.003443809567096444,2.351382727805785,True,True
5457,E01__U017__TOP__MINIMUM_CERTIFIED_OUTER_GAP,x06_t06,6,6,0.7506940597713398,0.7520796422271707,0.1875,0.21875,0.0175,0.02,-1e-06,1e-06,CLOSED_REPRESENTATIVE_UNIT_MODULUS_MARGIN,reciprocal,reciprocal,2,4,,holomorphic,plus,0.39564012971821094,0.4493752849312532,0.0037097052115731837,0.3618939606322651,0.39564012971821094,0.0034438099048104565,2.3513824881285825,True,True
5457,E01__U017__TOP__MINIMUM_CERTIFIED_OUTER_GAP,x06_t06,6,6,0.7506940597713398,0.7520796422271707,0.1875,0.21875,0.0175,0.02,-1e-06,1e-06,CLOSED_REPRESENTATIVE_UNIT_MODULUS_MARGIN,reciprocal,reciprocal,3,4,,holomorphic,plus,0.3956401290588646,0.449375285610664,0.0037097052115731837,0.3618939606322651,0.3956401290588646,0.003443809853262842,2.3513824881809993,True,True
5457,E01__U017__TOP__MINIMUM_CERTIFIED_OUTER_GAP,x06_t07,6,7,0.7506940597713398,0.7520796422271707,0.21875,0.25,0.0175,0.02,-1e-06,1e-06,CLOSED_REPRESENTATIVE_UNIT_MODULUS_MARGIN,reciprocal,reciprocal,0,4,,holomorphic,plus,0.3831897229596158,0.43804211865955905,0.003939321881097624,0.3508247170101273,0.3831897229596158,0.0036907493426465653,2.351382727858202,True,True
5457,E01__U017__TOP__MINIMUM_CERTIFIED_OUTER_GAP,x06_t07,6,7,0.7506940597713398,0.7520796422271707,0.21875,0.25,0.0175,0.02,-1e-06,1e-06,CLOSED_REPRESENTATIVE_UNIT_MODULUS_MARGIN,reciprocal,reciprocal,1,4,,holomorphic,plus,0.38318972365857223,0.43804211794109604,0.003939321881097624,0.3508247170101273,0.38318972365857223,0.00369074940613944,2.351382727805785,True,True
5457,E01__U017__TOP__MINIMUM_CERTIFIED_OUTER_GAP,x06_t07,6,7,0.7506940597713398,0.7520796422271707,0.21875,0.25,0.0175,0.02,-1e-06,1e-06,CLOSED_REPRESENTATIVE_UNIT_MODULUS_MARGIN,reciprocal,reciprocal,2,4,,holomorphic,plus,0.3831896845995271,0.43804207413727514,0.003939321881097624,0.3508247170101273,0.3831896845995271,0.0036907497680670246,2.3513824881285825,True,True
5457,E01__U017__TOP__MINIMUM_CERTIFIED_OUTER_GAP,x06_t07,6,7,0.7506940597713398,0.7520796422271707,0.21875,0.25,0.0175,0.02,-1e-06,1e-06,CLOSED_REPRESENTATIVE_UNIT_MODULUS_MARGIN,reciprocal,reciprocal,3,4,,holomorphic,plus,0.3831896839005707,0.43804207485573815,0.003939321881097624,0.3508247170101273,0.3831896839005707,0.003690749704574137,2.3513824881809993,True,True
5457,E01__U017__TOP__MINIMUM_CERTIFIED_OUTER_GAP,x06_t08,6,8,0.7506940597713398,0.7520796422271707,0.25,0.28125,0.0175,0.02,-1e-06,1e-06,CLOSED_REPRESENTATIVE_UNIT_MODULUS_MARGIN,reciprocal,reciprocal,0,4,,holomorphic,plus,0.3707068053869243,0.4267393486736645,0.004187643724877431,0.33973616600399204,0.3707068053869243,0.003964174063557569,2.351382727858202,True,True
5457,E01__U017__TOP__MINIMUM_CERTIFIED_OUTER_GAP,x06_t08,6,8,0.7506940597713398,0.7520796422271707,0.25,0.28125,0.0175,0.02,-1e-06,1e-06,CLOSED_REPRESENTATIVE_UNIT_MODULUS_MARGIN,reciprocal,reciprocal,1,4,,holomorphic,plus,0.3707068061288051,0.42673934791283413,0.004187643724877431,0.33973616600399204,0.3707068061288051,0.003964174138414051,2.351382727805785,True,True
5457,E01__U017__TOP__MINIMUM_CERTIFIED_OUTER_GAP,x06_t08,6,8,0.7506940597713398,0.7520796422271707,0.25,0.28125,0.0175,0.02,-1e-06,1e-06,CLOSED_REPRESENTATIVE_UNIT_MODULUS_MARGIN,reciprocal,reciprocal,2,4,,holomorphic,plus,0.3707067683421376,0.42673930523930004,0.004187643724877431,0.33973616600399204,0.3707067683421376,0.003964174527153006,2.3513824881285825,True,True
5457,E01__U017__TOP__MINIMUM_CERTIFIED_OUTER_GAP,x06_t08,6,8,0.7506940597713398,0.7520796422271707,0.25,0.28125,0.0175,0.02,-1e-06,1e-06,CLOSED_REPRESENTATIVE_UNIT_MODULUS_MARGIN,reciprocal,reciprocal,3,4,,holomorphic,plus,0.3707067676002569,0.4267393060001304,0.004187643724877431,0.33973616600399204,0.3707067676002569,0.003964174452296508,2.3513824881809993,True,True
5457,E01__U017__TOP__MINIMUM_CERTIFIED_OUTER_GAP,x06_t09,6,9,0.7506940597713398,0.7520796422271707,0.28125,0.3125,0.0175,0.02,-1e-06,1e-06,CLOSED_REPRESENTATIVE_UNIT_MODULUS_MARGIN,reciprocal,reciprocal,0,4,,holomorphic,plus,0.35818851624818615,0.41547068579622476,0.00442034550287567,0.3286262437373295,0.35818851624818615,0.004250714349126396,2.351382727858202,True,True
5457,E01__U017__TOP__MINIMUM_CERTIFIED_OUTER_GAP,x06_t09,6,9,0.7506940597713398,0.7520796422271707,0.28125,0.3125,0.0175,0.02,-1e-06,1e-06,CLOSED_REPRESENTATIVE_UNIT_MODULUS_MARGIN,reciprocal,reciprocal,1,4,,holomorphic,plus,0.3581885170367156,0.41547068498930145,0.00442034550287567,0.3286262437373295,0.3581885170367156,0.004250714435067056,2.351382727805785,True,True
5457,E01__U017__TOP__MINIMUM_CERTIFIED_OUTER_GAP,x06_t09,6,9,0.7506940597713398,0.7520796422271707,0.28125,0.3125,0.0175,0.02,-1e-06,1e-06,CLOSED_REPRESENTATIVE_UNIT_MODULUS_MARGIN,reciprocal,reciprocal,2,4,,holomorphic,plus,0.35818848052603036,0.41547064344264434,0.00442034550287567,0.3286262437373295,0.35818848052603036,0.004250714851903914,2.3513824881285825,True,True
5457,E01__U017__TOP__MINIMUM_CERTIFIED_OUTER_GAP,x06_t09,6,9,0.7506940597713398,0.7520796422271707,0.28125,0.3125,0.0175,0.02,-1e-06,1e-06,CLOSED_REPRESENTATIVE_UNIT_MODULUS_MARGIN,reciprocal,reciprocal,3,4,,holomorphic,plus,0.35818847973750095,0.41547064424956764,0.00442034550287567,0.3286262437373295,0.35818847973750095,0.0042507147659632365,2.3513824881809993,True,True
5457,E01__U017__TOP__MINIMUM_CERTIFIED_OUTER_GAP,x06_t10,6,10,0.7506940597713398,0.7520796422271707,0.3125,0.34375,0.0175,0.02,-1e-06,1e-06,CLOSED_REPRESENTATIVE_UNIT_MODULUS_MARGIN,reciprocal,reciprocal,0,4,,holomorphic,plus,0.34563156412750096,0.4042403532589776,0.004641852664110291,0.31749253270162126,0.34563156412750096,0.004539649325351823,2.351382727858202,True,True
5457,E01__U017__TOP__MINIMUM_CERTIFIED_OUTER_GAP,x06_t10,6,10,0.7506940597713398,0.7520796422271707,0.3125,0.34375,0.0175,0.02,-1e-06,1e-06,CLOSED_REPRESENTATIVE_UNIT_MODULUS_MARGIN,reciprocal,reciprocal,1,4,,holomorphic,plus,0.3456315649668812,0.40424035240175765,0.004641852664110291,0.31749253270162126,0.3456315649668812,0.00453964942242066,2.351382727805785,True,True
5457,E01__U017__TOP__MINIMUM_CERTIFIED_OUTER_GAP,x06_t10,6,10,0.7506940597713398,0.7520796422271707,0.3125,0.34375,0.0175,0.02,-1e-06,1e-06,CLOSED_REPRESENTATIVE_UNIT_MODULUS_MARGIN,reciprocal,reciprocal,2,4,,holomorphic,plus,0.34563152973611816,0.4042403119781455,0.004641852664110291,0.31749253270162126,0.34563152973611816,0.004539649867590427,2.3513824881285825,True,True
5457,E01__U017__TOP__MINIMUM_CERTIFIED_OUTER_GAP,x06_t10,6,10,0.7506940597713398,0.7520796422271707,0.3125,0.34375,0.0175,0.02,-1e-06,1e-06,CLOSED_REPRESENTATIVE_UNIT_MODULUS_MARGIN,reciprocal,reciprocal,3,4,,holomorphic,plus,0.34563152889673787,0.40424031283536543,0.004641852664110291,0.31749253270162126,0.34563152889673787,0.004539649770521572,2.3513824881809993,True,True
5457,E01__U017__TOP__MINIMUM_CERTIFIED_OUTER_GAP,x06_t11,6,11,0.7506940597713398,0.7520796422271707,0.34375,0.375,0.0175,0.02,-1e-06,1e-06,CLOSED_REPRESENTATIVE_UNIT_MODULUS_MARGIN,reciprocal,reciprocal,0,4,,holomorphic,plus,0.33303219489615904,0.3930532393336435,0.004840316640353958,0.3063321805447335,0.33303219489615904,0.004822285835872659,2.351382727858202,True,True
5457,E01__U017__TOP__MINIMUM_CERTIFIED_OUTER_GAP,x06_t11,6,11,0.7506940597713398,0.7520796422271707,0.34375,0.375,0.0175,0.02,-1e-06,1e-06,CLOSED_REPRESENTATIVE_UNIT_MODULUS_MARGIN,reciprocal,reciprocal,1,4,,holomorphic,plus,0.3330321957911517,0.3930532384213633,0.004840316640353958,0.3063321805447335,0.3330321957911517,0.00482228594442752,2.351382727805785,True,True
5457,E01__U017__TOP__MINIMUM_CERTIFIED_OUTER_GAP,x06_t11,6,11,0.7506940597713398,0.7520796422271707,0.34375,0.375,0.0175,0.02,-1e-06,1e-06,CLOSED_REPRESENTATIVE_UNIT_MODULUS_MARGIN,reciprocal,reciprocal,2,4,,holomorphic,plus,0.3330321618446333,0.39305319911647524,0.004840316640353958,0.3063321805447335,0.3330321618446333,0.004822286417312553,2.3513824881285825,True,True
5457,E01__U017__TOP__MINIMUM_CERTIFIED_OUTER_GAP,x06_t11,6,11,0.7506940597713398,0.7520796422271707,0.34375,0.375,0.0175,0.02,-1e-06,1e-06,CLOSED_REPRESENTATIVE_UNIT_MODULUS_MARGIN,reciprocal,reciprocal,3,4,,holomorphic,plus,0.3330321609496406,0.39305320002875543,0.004840316640353958,0.3063321805447335,0.3330321609496406,0.00482228630875767,2.3513824881809993,True,True
5457,E01__U017__TOP__MINIMUM_CERTIFIED_OUTER_GAP,x06_t12,6,12,0.7506940597713398,0.7520796422271707,0.375,0.40625,0.0175,0.02,-1e-06,1e-06,CLOSED_REPRESENTATIVE_UNIT_MODULUS_MARGIN,reciprocal,reciprocal,0,4,,holomorphic,plus,0.3203861031291107,0.38191502970501745,0.005004828610300982,0.2951417958836406,0.3203861031291107,0.005091335573467857,2.351382727858202,True,True
5457,E01__U017__TOP__MINIMUM_CERTIFIED_OUTER_GAP,x06_t12,6,12,0.7506940597713398,0.7520796422271707,0.375,0.40625,0.0175,0.02,-1e-06,1e-06,CLOSED_REPRESENTATIVE_UNIT_MODULUS_MARGIN,reciprocal,reciprocal,1,4,,holomorphic,plus,0.3203861040851359,0.38191502873225425,0.005004828610300982,0.2951417958836406,0.3203861040851359,0.00509133569416987,2.351382727805785,True,True
5457,E01__U017__TOP__MINIMUM_CERTIFIED_OUTER_GAP,x06_t12,6,12,0.7506940597713398,0.7520796422271707,0.375,0.40625,0.0175,0.02,-1e-06,1e-06,CLOSED_REPRESENTATIVE_UNIT_MODULUS_MARGIN,reciprocal,reciprocal,2,4,,holomorphic,plus,0.32038607142762326,0.3819149905412012,0.005004828610300982,0.2951417958836406,0.32038607142762326,0.00509133619343766,2.3513824881285825,True,True
5457,E01__U017__TOP__MINIMUM_CERTIFIED_OUTER_GAP,x06_t12,6,12,0.7506940597713398,0.7520796422271707,0.375,0.40625,0.0175,0.02,-1e-06,1e-06,CLOSED_REPRESENTATIVE_UNIT_MODULUS_MARGIN,reciprocal,reciprocal,3,4,,holomorphic,plus,0.3203860704715981,0.38191499151396435,0.005004828610300982,0.2951417958836406,0.3203860704715981,0.005091336072735623,2.3513824881809993,True,True
5457,E01__U017__TOP__MINIMUM_CERTIFIED_OUTER_GAP,x06_t13,6,13,0.7506940597713398,0.7520796422271707,0.40625,0.4375,0.0175,0.02,-1e-06,1e-06,CLOSED_REPRESENTATIVE_UNIT_MODULUS_MARGIN,reciprocal,reciprocal,0,4,,holomorphic,plus,0.3076883217406328,0.3708323724906587,0.0051247725693863546,0.28391731344934856,0.3076883217406328,0.005340393150689063,2.351382727858202,True,True
5457,E01__U017__TOP__MINIMUM_CERTIFIED_OUTER_GAP,x06_t13,6,13,0.7506940597713398,0.7520796422271707,0.40625,0.4375,0.0175,0.02,-1e-06,1e-06,CLOSED_REPRESENTATIVE_UNIT_MODULUS_MARGIN,reciprocal,reciprocal,1,4,,holomorphic,plus,0.3076883227638907,0.3708323714512091,0.0051247725693863546,0.28391731344934856,0.3076883227638907,0.0053403932845035845,2.351382727805785,True,True
5457,E01__U017__TOP__MINIMUM_CERTIFIED_OUTER_GAP,x06_t13,6,13,0.7506940597713398,0.7520796422271707,0.40625,0.4375,0.0175,0.02,-1e-06,1e-06,CLOSED_REPRESENTATIVE_UNIT_MODULUS_MARGIN,reciprocal,reciprocal,2,4,,holomorphic,plus,0.3076882914006512,0.3708323343684372,0.0051247725693863546,0.28391731344934856,0.3076882914006512,0.0053403938081933566,2.3513824881285825,True,True
5457,E01__U017__TOP__MINIMUM_CERTIFIED_OUTER_GAP,x06_t13,6,13,0.7506940597713398,0.7520796422271707,0.40625,0.4375,0.0175,0.02,-1e-06,1e-06,CLOSED_REPRESENTATIVE_UNIT_MODULUS_MARGIN,reciprocal,reciprocal,3,4,,holomorphic,plus,0.3076882903773933,0.3708323354078868,0.0051247725693863546,0.28391731344934856,0.3076882903773933,0.005340393674378809,2.3513824881809993,True,True
5457,E01__U017__TOP__MINIMUM_CERTIFIED_OUTER_GAP,x06_t14,6,14,0.7506940597713398,0.7520796422271707,0.4375,0.46875,0.0175,0.02,-1e-06,1e-06,CLOSED_REPRESENTATIVE_UNIT_MODULUS_MARGIN,reciprocal,reciprocal,0,4,,holomorphic,plus,0.29493308319000927,0.35981308569640014,0.0051892447870388455,0.2726538178962609,0.29493308319000927,0.0055635229034524695,2.351382727858202,True,True
5457,E01__U017__TOP__MINIMUM_CERTIFIED_OUTER_GAP,x06_t14,6,14,0.7506940597713398,0.7520796422271707,0.4375,0.46875,0.0175,0.02,-1e-06,1e-06,CLOSED_REPRESENTATIVE_UNIT_MODULUS_MARGIN,reciprocal,reciprocal,1,4,,holomorphic,plus,0.29493308428762943,0.3598130845831302,0.0051892447870388455,0.2726538178962609,0.29493308428762943,0.005563523051666281,2.351382727805785,True,True
5457,E01__U017__TOP__MINIMUM_CERTIFIED_OUTER_GAP,x06_t14,6,14,0.7506940597713398,0.7520796422271707,0.4375,0.46875,0.0175,0.02,-1e-06,1e-06,CLOSED_REPRESENTATIVE_UNIT_MODULUS_MARGIN,reciprocal,reciprocal,2,4,,holomorphic,plus,0.294933054224518,0.359813048602304,0.0051892447870388455,0.2726538178962609,0.294933054224518,0.005563523597235061,2.3513824881285825,True,True
5457,E01__U017__TOP__MINIMUM_CERTIFIED_OUTER_GAP,x06_t14,6,14,0.7506940597713398,0.7520796422271707,0.4375,0.46875,0.0175,0.02,-1e-06,1e-06,CLOSED_REPRESENTATIVE_UNIT_MODULUS_MARGIN,reciprocal,reciprocal,3,4,,holomorphic,plus,0.29493305312689777,0.35981304971557393,0.0051892447870388455,0.2726538178962609,0.29493305312689777,0.005563523449021219,2.3513824881809993,True,True
5457,E01__U017__TOP__MINIMUM_CERTIFIED_OUTER_GAP,x06_t15,6,15,0.7506940597713398,0.7520796422271707,0.46875,0.5,0.0175,0.02,-1e-06,1e-06,CLOSED_REPRESENTATIVE_UNIT_MODULUS_MARGIN,reciprocal,reciprocal,0,4,,holomorphic,plus,0.2821136431461767,0.3488664204103484,0.005186524783731725,0.2613453113254496,0.2821136431461767,0.005754932371191444,2.351382727858202,True,True
5457,E01__U017__TOP__MINIMUM_CERTIFIED_OUTER_GAP,x06_t15,6,15,0.7506940597713398,0.7520796422271707,0.46875,0.5,0.0175,0.02,-1e-06,1e-06,CLOSED_REPRESENTATIVE_UNIT_MODULUS_MARGIN,reciprocal,reciprocal,1,4,,holomorphic,plus,0.282113644326404,0.34886641921500783,0.005186524783731725,0.2613453113254496,0.282113644326404,0.005754932535448402,2.351382727805785,True,True
5457,E01__U017__TOP__MINIMUM_CERTIFIED_OUTER_GAP,x06_t15,6,15,0.7506940597713398,0.7520796422271707,0.46875,0.5,0.0175,0.02,-1e-06,1e-06,CLOSED_REPRESENTATIVE_UNIT_MODULUS_MARGIN,reciprocal,reciprocal,2,4,,holomorphic,plus,0.28211361556996273,0.3488663843288672,0.005186524783731725,0.2613453113254496,0.28211361556996273,0.005754933099785056,2.3513824881285825,True,True
5457,E01__U017__TOP__MINIMUM_CERTIFIED_OUTER_GAP,x06_t15,6,15,0.7506940597713398,0.7520796422271707,0.46875,0.5,0.0175,0.02,-1e-06,1e-06,CLOSED_REPRESENTATIVE_UNIT_MODULUS_MARGIN,reciprocal,reciprocal,3,4,,holomorphic,plus,0.2821136143897354,0.34886638552420773,0.005186524783731725,0.2613453113254496,0.2821136143897354,0.0057549329355280655,2.3513824881809993,True,True
5457,E01__U017__TOP__MINIMUM_CERTIFIED_OUTER_GAP,x06_t16,6,16,0.7506940597713398,0.7520796422271707,0.5,0.53125,0.0175,0.02,-1e-06,1e-06,CLOSED_REPRESENTATIVE_UNIT_MODULUS_MARGIN,reciprocal,reciprocal,0,4,,holomorphic,plus,0.26922205395390725,0.3380033980403105,0.005103590053558044,0.24998440333888272,0.26922205395390725,0.005908707711226922,2.351382727858202,True,True
5457,E01__U017__TOP__MINIMUM_CERTIFIED_OUTER_GAP,x06_t16,6,16,0.7506940597713398,0.7520796422271707,0.5,0.53125,0.0175,0.02,-1e-06,1e-06,CLOSED_REPRESENTATIVE_UNIT_MODULUS_MARGIN,reciprocal,reciprocal,1,4,,holomorphic,plus,0.2692220552263342,0.3380033967533,0.005103590053558044,0.24998440333888272,0.2692220552263342,0.005908707893584151,2.351382727805785,True,True
5457,E01__U017__TOP__MINIMUM_CERTIFIED_OUTER_GAP,x06_t16,6,16,0.7506940597713398,0.7520796422271707,0.5,0.53125,0.0175,0.02,-1e-06,1e-06,CLOSED_REPRESENTATIVE_UNIT_MODULUS_MARGIN,reciprocal,reciprocal,2,4,,holomorphic,plus,0.269222027783915,0.33800336295348277,0.005103590053558044,0.24998440333888272,0.269222027783915,0.005908708472997475,2.3513824881285825,True,True
5457,E01__U017__TOP__MINIMUM_CERTIFIED_OUTER_GAP,x06_t16,6,16,0.7506940597713398,0.7520796422271707,0.5,0.53125,0.0175,0.02,-1e-06,1e-06,CLOSED_REPRESENTATIVE_UNIT_MODULUS_MARGIN,reciprocal,reciprocal,3,4,,holomorphic,plus,0.2692220265114881,0.3380033642404932,0.005103590053558044,0.24998440333888272,0.2692220265114881,0.005908708290640209,2.3513824881809993,True,True
5457,E01__U017__TOP__MINIMUM_CERTIFIED_OUTER_GAP,x06_t17,6,17,0.7506940597713398,0.7520796422271707,0.53125,0.5625,0.0175,0.02,-1e-06,1e-06,CLOSED_REPRESENTATIVE_UNIT_MODULUS_MARGIN,reciprocal,reciprocal,0,4,,holomorphic,plus,0.25624887005476427,0.3272372471258798,0.004925714293398574,0.2385618932692214,0.25624887005476427,0.006018593705664044,2.351382727858202,True,True
5457,E01__U017__TOP__MINIMUM_CERTIFIED_OUTER_GAP,x06_t17,6,17,0.7506940597713398,0.7520796422271707,0.53125,0.5625,0.0175,0.02,-1e-06,1e-06,CLOSED_REPRESENTATIVE_UNIT_MODULUS_MARGIN,reciprocal,reciprocal,1,4,,holomorphic,plus,0.2562488714306243,0.32723724573595736,0.004925714293398574,0.2385618932692214,0.2562488714306243,0.006018593908671417,2.351382727805785,True,True
5457,E01__U017__TOP__MINIMUM_CERTIFIED_OUTER_GAP,x06_t17,6,17,0.7506940597713398,0.7520796422271707,0.53125,0.5625,0.0175,0.02,-1e-06,1e-06,CLOSED_REPRESENTATIVE_UNIT_MODULUS_MARGIN,reciprocal,reciprocal,2,4,,holomorphic,plus,0.25624884531054165,0.32723721301277897,0.004925714293398574,0.2385618932692214,0.25624884531054165,0.006018594498856638,2.3513824881285825,True,True
5457,E01__U017__TOP__MINIMUM_CERTIFIED_OUTER_GAP,x06_t17,6,17,0.7506940597713398,0.7520796422271707,0.53125,0.5625,0.0175,0.02,-1e-06,1e-06,CLOSED_REPRESENTATIVE_UNIT_MODULUS_MARGIN,reciprocal,reciprocal,3,4,,holomorphic,plus,0.25624884393468156,0.3272372144027014,0.004925714293398574,0.2385618932692214,0.25624884393468156,0.006018594295849224,2.3513824881809993,True,True
5457,E01__U017__TOP__MINIMUM_CERTIFIED_OUTER_GAP,x06_t18,6,18,0.7506940597713398,0.7520796422271707,0.5625,0.59375,0.0175,0.02,-1e-06,1e-06,CLOSED_REPRESENTATIVE_UNIT_MODULUS_MARGIN,reciprocal,reciprocal,0,4,,holomorphic,plus,0.24318275979522289,0.31658397585899123,0.004636332956038708,0.22706620057532478,0.24318275979522289,0.006077814005494844,2.351382727858202,True,True
5457,E01__U017__TOP__MINIMUM_CERTIFIED_OUTER_GAP,x06_t18,6,18,0.7506940597713398,0.7520796422271707,0.5625,0.59375,0.0175,0.02,-1e-06,1e-06,CLOSED_REPRESENTATIVE_UNIT_MODULUS_MARGIN,reciprocal,reciprocal,1,4,,holomorphic,plus,0.24318276128776475,0.3165839743528979,0.004636332956038708,0.22706620057532478,0.24318276128776475,0.006077814232300869,2.351382727805785,True,True
5457,E01__U017__TOP__MINIMUM_CERTIFIED_OUTER_GAP,x06_t18,6,18,0.7506940597713398,0.7520796422271707,0.5625,0.59375,0.0175,0.02,-1e-06,1e-06,CLOSED_REPRESENTATIVE_UNIT_MODULUS_MARGIN,reciprocal,reciprocal,2,4,,holomorphic,plus,0.24318273649948743,0.3165839426950735,0.004636332956038708,0.22706620057532478,0.24318273649948743,0.006077814828288516,2.3513824881285825,True,True
5457,E01__U017__TOP__MINIMUM_CERTIFIED_OUTER_GAP,x06_t18,6,18,0.7506940597713398,0.7520796422271707,0.5625,0.59375,0.0175,0.02,-1e-06,1e-06,CLOSED_REPRESENTATIVE_UNIT_MODULUS_MARGIN,reciprocal,reciprocal,3,4,,holomorphic,plus,0.24318273500694557,0.3165839442011668,0.004636332956038708,0.22706620057532478,0.24318273500694557,0.006077814601482446,2.3513824881809993,True,True
5457,E01__U017__TOP__MINIMUM_CERTIFIED_OUTER_GAP,x06_t19,6,19,0.7506940597713398,0.7520796422271707,0.59375,0.625,0.0175,0.02,-1e-06,1e-06,CLOSED_REPRESENTATIVE_UNIT_MODULUS_MARGIN,reciprocal,reciprocal,0,4,,holomorphic,plus,0.23000998636337197,0.3060631322626162,0.004217822565217702,0.21548257883456814,0.23000998636337197,0.006078949159996946,2.351382727858202,True,True
5457,E01__U017__TOP__MINIMUM_CERTIFIED_OUTER_GAP,x06_t19,6,19,0.7506940597713398,0.7520796422271707,0.59375,0.625,0.0175,0.02,-1e-06,1e-06,CLOSED_REPRESENTATIVE_UNIT_MODULUS_MARGIN,reciprocal,reciprocal,1,4,,holomorphic,plus,0.23000998798834044,0.3060631306245953,0.004217822565217702,0.21548257883456814,0.23000998798834044,0.006078949414482524,2.351382727805785,True,True
5457,E01__U017__TOP__MINIMUM_CERTIFIED_OUTER_GAP,x06_t19,6,19,0.7506940597713398,0.7520796422271707,0.59375,0.625,0.0175,0.02,-1e-06,1e-06,CLOSED_REPRESENTATIVE_UNIT_MODULUS_MARGIN,reciprocal,reciprocal,2,4,,holomorphic,plus,0.23000996454273703,0.30606310001888565,0.004217822565217702,0.21548257883456814,0.23000996454273703,0.0060789500105753345,2.3513824881285825,True,True
5457,E01__U017__TOP__MINIMUM_CERTIFIED_OUTER_GAP,x06_t19,6,19,0.7506940597713398,0.7520796422271707,0.59375,0.625,0.0175,0.02,-1e-06,1e-06,CLOSED_REPRESENTATIVE_UNIT_MODULUS_MARGIN,reciprocal,reciprocal,3,4,,holomorphic,plus,0.23000996291776854,0.30606310165690664,0.004217822565217702,0.21548257883456814,0.23000996291776854,0.006078949756089706,2.3513824881809993,True,True
5457,E01__U017__TOP__MINIMUM_CERTIFIED_OUTER_GAP,x06_t20,6,20,0.7506940597713398,0.7520796422271707,0.625,0.65625,0.0175,0.02,-1e-06,1e-06,CLOSED_REPRESENTATIVE_UNIT_MODULUS_MARGIN,reciprocal,reciprocal,0,4,,holomorphic,plus,0.2167137025644941,0.29569882798609837,0.0036543122870115225,0.2037920174665449,0.2167137025644941,0.006013932493733763,2.351382727858202,True,True
5457,E01__U017__TOP__MINIMUM_CERTIFIED_OUTER_GAP,x06_t20,6,20,0.7506940597713398,0.7520796422271707,0.625,0.65625,0.0175,0.02,-1e-06,1e-06,CLOSED_REPRESENTATIVE_UNIT_MODULUS_MARGIN,reciprocal,reciprocal,1,4,,holomorphic,plus,0.2167137043407559,0.2956988261972706,0.0036543122870115225,0.2037920174665449,0.2167137043407559,0.006013932780667221,2.351382727805785,True,True
5457,E01__U017__TOP__MINIMUM_CERTIFIED_OUTER_GAP,x06_t20,6,20,0.7506940597713398,0.7520796422271707,0.625,0.65625,0.0175,0.02,-1e-06,1e-06,CLOSED_REPRESENTATIVE_UNIT_MODULUS_MARGIN,reciprocal,reciprocal,2,4,,holomorphic,plus,0.21671368225041143,0.29569879662802623,0.0036543122870115225,0.2037920174665449,0.21671368225041143,0.006013933370376626,2.3513824881285825,True,True
5457,E01__U017__TOP__MINIMUM_CERTIFIED_OUTER_GAP,x06_t20,6,20,0.7506940597713398,0.7520796422271707,0.625,0.65625,0.0175,0.02,-1e-06,1e-06,CLOSED_REPRESENTATIVE_UNIT_MODULUS_MARGIN,reciprocal,reciprocal,3,4,,holomorphic,plus,0.2167136804741496,0.295698798416854,0.0036543122870115225,0.2037920174665449,0.2167136804741496,0.006013933083443111,2.3513824881809993,True,True
5457,E01__U017__TOP__MINIMUM_CERTIFIED_OUTER_GAP,x06_t21,6,21,0.7506940597713398,0.7520796422271707,0.65625,0.6875,0.0175,0.02,-1e-06,1e-06,CLOSED_REPRESENTATIVE_UNIT_MODULUS_MARGIN,reciprocal,reciprocal,0,4,,holomorphic,plus,0.20327297580336914,0.2855211387938093,0.002893923159279487,0.1919696872009105,0.20327297580336914,0.005874324180402417,2.351382727858202,True,True
5457,E01__U017__TOP__MINIMUM_CERTIFIED_OUTER_GAP,x06_t21,6,21,0.7506940597713398,0.7520796422271707,0.65625,0.6875,0.0175,0.02,-1e-06,1e-06,CLOSED_REPRESENTATIVE_UNIT_MODULUS_MARGIN,reciprocal,reciprocal,1,4,,holomorphic,plus,0.2032729777537353,0.2855211368313537,0.002893923159279487,0.1919696872009105,0.2032729777537353,0.005874324505581697,2.351382727805785,True,True
5457,E01__U017__TOP__MINIMUM_CERTIFIED_OUTER_GAP,x06_t21,6,21,0.7506940597713398,0.7520796422271707,0.65625,0.6875,0.0175,0.02,-1e-06,1e-06,CLOSED_REPRESENTATIVE_UNIT_MODULUS_MARGIN,reciprocal,reciprocal,2,4,,holomorphic,plus,0.2032729570333675,0.2855211082799182,0.002893923159279487,0.1919696872009105,0.2032729570333675,0.0058743250815912005,2.3513824881285825,True,True
5457,E01__U017__TOP__MINIMUM_CERTIFIED_OUTER_GAP,x06_t21,6,21,0.7506940597713398,0.7520796422271707,0.65625,0.6875,0.0175,0.02,-1e-06,1e-06,CLOSED_REPRESENTATIVE_UNIT_MODULUS_MARGIN,reciprocal,reciprocal,3,4,,holomorphic,plus,0.2032729550830014,0.28552111024237387,0.002893923159279487,0.1919696872009105,0.2032729550830014,0.005874324756411856,2.3513824881809993,True,True
5457,E01__U017__TOP__MINIMUM_CERTIFIED_OUTER_GAP,x06_t22,6,22,0.7506940597713398,0.7520796422271707,0.6875,0.71875,0.0175,0.02,-1e-06,1e-06,CLOSED_REPRESENTATIVE_UNIT_MODULUS_MARGIN,reciprocal,reciprocal,0,4,,holomorphic,plus,0.189661414228235,0.27556805329507145,0.0018742348944972233,0.1799827107068125,0.189661414228235,0.005648700029047254,2.351382727858202,True,True
5457,E01__U017__TOP__MINIMUM_CERTIFIED_OUTER_GAP,x06_t22,6,22,0.7506940597713398,0.7520796422271707,0.6875,0.71875,0.0175,0.02,-1e-06,1e-06,CLOSED_REPRESENTATIVE_UNIT_MODULUS_MARGIN,reciprocal,reciprocal,1,4,,holomorphic,plus,0.18966141638055414,0.2755680511311383,0.0018742348944972233,0.1799827107068125,0.18966141638055414,0.0056487003808815455,2.351382727805785,True,True
5457,E01__U017__TOP__MINIMUM_CERTIFIED_OUTER_GAP,x06_t22,6,22,0.7506940597713398,0.7520796422271707,0.6875,0.71875,0.0175,0.02,-1e-06,1e-06,CLOSED_REPRESENTATIVE_UNIT_MODULUS_MARGIN,reciprocal,reciprocal,2,4,,holomorphic,plus,0.18966139704756985,0.2755680235750578,0.0018742348944972233,0.1799827107068125,0.18966139704756985,0.005648700934758058,2.3513824881285825,True,True
5457,E01__U017__TOP__MINIMUM_CERTIFIED_OUTER_GAP,x06_t22,6,22,0.7506940597713398,0.7520796422271707,0.6875,0.71875,0.0175,0.02,-1e-06,1e-06,CLOSED_REPRESENTATIVE_UNIT_MODULUS_MARGIN,reciprocal,reciprocal,3,4,,holomorphic,plus,0.1896613948952507,0.275568025738991,0.0018742348944972233,0.1799827107068125,0.1896613948952507,0.005648700582923696,2.3513824881809993,True,True
5457,E01__U017__TOP__MINIMUM_CERTIFIED_OUTER_GAP,x06_t23,6,23,0.7506940597713398,0.7520796422271707,0.71875,0.75,0.0175,0.02,-1e-06,1e-06,CLOSED_REPRESENTATIVE_UNIT_MODULUS_MARGIN,reciprocal,reciprocal,0,4,,holomorphic,plus,0.17584519085340383,0.2658882353020655,0.000530373966264299,0.16778692364512615,0.17584519085340383,0.0053055674667667856,2.351382727858202,True,True
5457,E01__U017__TOP__MINIMUM_CERTIFIED_OUTER_GAP,x06_t23,6,23,0.7506940597713398,0.7520796422271707,0.71875,0.75,0.0175,0.02,-1e-06,1e-06,CLOSED_REPRESENTATIVE_UNIT_MODULUS_MARGIN,reciprocal,reciprocal,1,4,,holomorphic,plus,0.1758451932420338,0.2658882329023207,0.000530373966264299,0.16778692364512615,0.1758451932420338,0.005305567830052079,2.351382727805785,True,True
5457,E01__U017__TOP__MINIMUM_CERTIFIED_OUTER_GAP,x06_t23,6,23,0.7506940597713398,0.7520796422271707,0.71875,0.75,0.0175,0.02,-1e-06,1e-06,CLOSED_REPRESENTATIVE_UNIT_MODULUS_MARGIN,reciprocal,reciprocal,2,4,,holomorphic,plus,0.17584517531728616,0.2658882063142763,0.000530373966264299,0.16778692364512615,0.17584517531728616,0.005305568350274778,2.3513824881285825,True,True
5457,E01__U017__TOP__MINIMUM_CERTIFIED_OUTER_GAP,x06_t23,6,23,0.7506940597713398,0.7520796422271707,0.71875,0.75,0.0175,0.02,-1e-06,1e-06,CLOSED_REPRESENTATIVE_UNIT_MODULUS_MARGIN,reciprocal,reciprocal,3,4,,holomorphic,plus,0.1758451729286562,0.2658882087140211,0.000530373966264299,0.16778692364512615,0.1758451729286562,0.005305567986989412,2.3513824881809993,True,True
5457,E01__U017__TOP__MINIMUM_CERTIFIED_OUTER_GAP,x06_t24,6,24,0.7506940597713398,0.7520796422271707,0.75,0.78125,0.0175,0.02,-1e-06,1e-06,CLOSED_REPRESENTATIVE_UNIT_MODULUS_MARGIN,reciprocal,reciprocal,0,4,,holomorphic,plus,0.16178013936009075,0.2565450184487956,0.0,0.15532211094402043,0.16178013936009075,0.004817798718157566,2.351382727858202,True,True
5457,E01__U017__TOP__MINIMUM_CERTIFIED_OUTER_GAP,x06_t24,6,24,0.7506940597713398,0.7520796422271707,0.75,0.78125,0.0175,0.02,-1e-06,1e-06,CLOSED_REPRESENTATIVE_UNIT_MODULUS_MARGIN,reciprocal,reciprocal,1,4,,holomorphic,plus,0.16178014202790242,0.2565450157704512,0.0,0.15532211094402043,0.16178014202790242,0.0048177990981364775,2.351382727805785,True,True
5457,E01__U017__TOP__MINIMUM_CERTIFIED_OUTER_GAP,x06_t24,6,24,0.7506940597713398,0.7520796422271707,0.75,0.78125,0.0175,0.02,-1e-06,1e-06,CLOSED_REPRESENTATIVE_UNIT_MODULUS_MARGIN,reciprocal,reciprocal,2,4,,holomorphic,plus,0.1617801255367446,0.25654499011679255,0.0,0.15532211094402043,0.1617801255367446,0.004817799570519606,2.3513824881285825,True,True
5457,E01__U017__TOP__MINIMUM_CERTIFIED_OUTER_GAP,x06_t24,6,24,0.7506940597713398,0.7520796422271707,0.75,0.78125,0.0175,0.02,-1e-06,1e-06,CLOSED_REPRESENTATIVE_UNIT_MODULUS_MARGIN,reciprocal,reciprocal,3,4,,holomorphic,plus,0.1617801228689329,0.256544992795137,0.0,0.15532211094402043,0.1617801228689329,0.004817799190540618,2.3513824881809993,True,True
5457,E01__U017__TOP__MINIMUM_CERTIFIED_OUTER_GAP,x06_t25,6,25,0.7506940597713398,0.7520796422271707,0.78125,0.8125,0.0175,0.02,-1e-06,1e-06,CLOSED_REPRESENTATIVE_UNIT_MODULUS_MARGIN,reciprocal,reciprocal,0,4,,holomorphic,plus,0.147407388038867,0.24762230558220166,0.0,0.14250492711781027,0.147407388038867,0.0041539813600190096,2.351382727858202,True,True
5457,E01__U017__TOP__MINIMUM_CERTIFIED_OUTER_GAP,x06_t25,6,25,0.7506940597713398,0.7520796422271707,0.78125,0.8125,0.0175,0.02,-1e-06,1e-06,CLOSED_REPRESENTATIVE_UNIT_MODULUS_MARGIN,reciprocal,reciprocal,1,4,,holomorphic,plus,0.14740739104000672,0.2476223025713276,0.0,0.14250492711781027,0.14740739104000672,0.004153981763934783,2.351382727805785,True,True
5457,E01__U017__TOP__MINIMUM_CERTIFIED_OUTER_GAP,x06_t25,6,25,0.7506940597713398,0.7520796422271707,0.78125,0.8125,0.0175,0.02,-1e-06,1e-06,CLOSED_REPRESENTATIVE_UNIT_MODULUS_MARGIN,reciprocal,reciprocal,2,4,,holomorphic,plus,0.14740737601378992,0.2476222778100167,0.0,0.14250492711781027,0.14740737601378992,0.004153982171211465,2.3513824881285825,True,True
5457,E01__U017__TOP__MINIMUM_CERTIFIED_OUTER_GAP,x06_t25,6,25,0.7506940597713398,0.7520796422271707,0.78125,0.8125,0.0175,0.02,-1e-06,1e-06,CLOSED_REPRESENTATIVE_UNIT_MODULUS_MARGIN,reciprocal,reciprocal,3,4,,holomorphic,plus,0.14740737301265022,0.24762228082089074,0.0,0.14250492711781027,0.14740737301265022,0.004153981767295612,2.3513824881809993,True,True
5457,E01__U017__TOP__MINIMUM_CERTIFIED_OUTER_GAP,x06_t26,6,26,0.7506940597713398,0.7520796422271707,0.8125,0.84375,0.0175,0.02,-1e-06,1e-06,CLOSED_REPRESENTATIVE_UNIT_MODULUS_MARGIN,reciprocal,reciprocal,0,4,,holomorphic,plus,0.13250976293976413,0.2393729896097071,0.0,0.12920267624221637,0.13250976293976413,0.0032682737874787458,2.351382727858202,True,True
5457,E01__U017__TOP__MINIMUM_CERTIFIED_OUTER_GAP,x06_t26,6,26,0.7506940597713398,0.7520796422271707,0.8125,0.84375,0.0175,0.02,-1e-06,1e-06,CLOSED_REPRESENTATIVE_UNIT_MODULUS_MARGIN,reciprocal,reciprocal,1,4,,holomorphic,plus,0.13250976634610212,0.2393729861944264,0.0,0.12920267624221637,0.13250976634610212,0.0032682742274293634,2.351382727805785,True,True
5457,E01__U017__TOP__MINIMUM_CERTIFIED_OUTER_GAP,x06_t26,6,26,0.7506940597713398,0.7520796422271707,0.8125,0.84375,0.0175,0.02,-1e-06,1e-06,CLOSED_REPRESENTATIVE_UNIT_MODULUS_MARGIN,reciprocal,reciprocal,2,4,,holomorphic,plus,0.1325097528383102,0.23937296225813998,0.0,0.12920267624221637,0.1325097528383102,0.00326827454783582,2.3513824881285825,True,True
5457,E01__U017__TOP__MINIMUM_CERTIFIED_OUTER_GAP,x06_t26,6,26,0.7506940597713398,0.7520796422271707,0.8125,0.84375,0.0175,0.02,-1e-06,1e-06,CLOSED_REPRESENTATIVE_UNIT_MODULUS_MARGIN,reciprocal,reciprocal,3,4,,holomorphic,plus,0.13250974943197222,0.2393729656734207,0.0,0.12920267624221637,0.13250974943197222,0.0032682741078851143,2.3513824881809993,True,True
5457,E01__U017__TOP__MINIMUM_CERTIFIED_OUTER_GAP,x06_t27,6,27,0.7506940597713398,0.7520796422271707,0.84375,0.875,0.0175,0.02,-1e-06,1e-06,CLOSED_REPRESENTATIVE_UNIT_MODULUS_MARGIN,reciprocal,reciprocal,0,4,,holomorphic,plus,0.11674149271047993,0.23219163398030143,0.0,0.11525027549361554,0.11674149271047993,0.0020796548131188993,2.351382727858202,True,True
5457,E01__U017__TOP__MINIMUM_CERTIFIED_OUTER_GAP,x06_t27,6,27,0.7506940597713398,0.7520796422271707,0.84375,0.875,0.0175,0.02,-1e-06,1e-06,CLOSED_REPRESENTATIVE_UNIT_MODULUS_MARGIN,reciprocal,reciprocal,1,4,,holomorphic,plus,0.11674149661225545,0.23219163006827379,0.0,0.11525027549361554,0.11674149661225545,0.002079655317689216,2.351382727805785,True,True
5457,E01__U017__TOP__MINIMUM_CERTIFIED_OUTER_GAP,x06_t27,6,27,0.7506940597713398,0.7520796422271707,0.84375,0.875,0.0175,0.02,-1e-06,1e-06,CLOSED_REPRESENTATIVE_UNIT_MODULUS_MARGIN,reciprocal,reciprocal,2,4,,holomorphic,plus,0.11674148471161255,0.23219160685023704,0.0,0.11525027549361554,0.11674148471161255,0.0020796555215117445,2.3513824881285825,True,True
5457,E01__U017__TOP__MINIMUM_CERTIFIED_OUTER_GAP,x06_t27,6,27,0.7506940597713398,0.7520796422271707,0.84375,0.875,0.0175,0.02,-1e-06,1e-06,CLOSED_REPRESENTATIVE_UNIT_MODULUS_MARGIN,reciprocal,reciprocal,3,4,,holomorphic,plus,0.11674148080983703,0.2321916107622647,0.0,0.11525027549361554,0.11674148080983703,0.0020796550169413265,2.3513824881809993,True,True
5457,E01__U017__TOP__MINIMUM_CERTIFIED_OUTER_GAP,x06_t28,6,28,0.7506940597713398,0.7520796422271707,0.875,0.90625,0.0175,0.02,-1e-06,1e-06,CLOSED_REPRESENTATIVE_UNIT_MODULUS_MARGIN,reciprocal,reciprocal,0,4,,minus,minus,0.10039623551192206,0.19035386885585598,0.0,0.10039623551192206,0.10014854891268604,0.0005167526867087109,2.351382727858202,True,True
5457,E01__U017__TOP__MINIMUM_CERTIFIED_OUTER_GAP,x06_t28,6,28,0.7506940597713398,0.7520796422271707,0.875,0.90625,0.0175,0.02,-1e-06,1e-06,CLOSED_REPRESENTATIVE_UNIT_MODULUS_MARGIN,reciprocal,reciprocal,1,4,,minus,minus,0.10039623551192206,0.19035386885585598,0.0,0.10039623551192206,0.10014855342808798,0.0005167532861941024,2.351382727805785,True,True
5457,E01__U017__TOP__MINIMUM_CERTIFIED_OUTER_GAP,x06_t28,6,28,0.7506940597713398,0.7520796422271707,0.875,0.90625,0.0175,0.02,-1e-06,1e-06,CLOSED_REPRESENTATIVE_UNIT_MODULUS_MARGIN,reciprocal,reciprocal,2,4,,minus,minus,0.10039623551192206,0.19035386885585598,0.0,0.10039623551192206,0.10014854321862586,0.000516753336719161,2.3513824881285825,True,True
5457,E01__U017__TOP__MINIMUM_CERTIFIED_OUTER_GAP,x06_t28,6,28,0.7506940597713398,0.7520796422271707,0.875,0.90625,0.0175,0.02,-1e-06,1e-06,CLOSED_REPRESENTATIVE_UNIT_MODULUS_MARGIN,reciprocal,reciprocal,3,4,,minus,minus,0.10039623551192206,0.19035386885585598,0.0,0.10039623551192206,0.10014853870322392,0.0005167527372336498,2.3513824881809993,True,True
5457,E01__U017__TOP__MINIMUM_CERTIFIED_OUTER_GAP,x06_t29,6,29,0.7506940597713398,0.7520796422271707,0.90625,0.9375,0.0175,0.02,-1e-06,1e-06,CLOSED_REPRESENTATIVE_UNIT_MODULUS_MARGIN,reciprocal,reciprocal,0,4,,minus,minus,0.0842724230365469,0.18638957908596707,0.0,0.0842724230365469,0.08243061286343484,0.0,2.351382727858202,True,True
5457,E01__U017__TOP__MINIMUM_CERTIFIED_OUTER_GAP,x06_t29,6,29,0.7506940597713398,0.7520796422271707,0.90625,0.9375,0.0175,0.02,-1e-06,1e-06,CLOSED_REPRESENTATIVE_UNIT_MODULUS_MARGIN,reciprocal,reciprocal,1,4,,minus,minus,0.0842724230365469,0.18638957908596707,0.0,0.0842724230365469,0.08243061814532592,0.0,2.351382727805785,True,True
5457,E01__U017__TOP__MINIMUM_CERTIFIED_OUTER_GAP,x06_t29,6,29,0.7506940597713398,0.7520796422271707,0.90625,0.9375,0.0175,0.02,-1e-06,1e-06,CLOSED_REPRESENTATIVE_UNIT_MODULUS_MARGIN,reciprocal,reciprocal,2,4,,minus,minus,0.0842724230365469,0.18638957908596707,0.0,0.0842724230365469,0.08243060974168001,0.0,2.3513824881285825,True,True
5457,E01__U017__TOP__MINIMUM_CERTIFIED_OUTER_GAP,x06_t29,6,29,0.7506940597713398,0.7520796422271707,0.90625,0.9375,0.0175,0.02,-1e-06,1e-06,CLOSED_REPRESENTATIVE_UNIT_MODULUS_MARGIN,reciprocal,reciprocal,3,4,,minus,minus,0.0842724230365469,0.18638957908596707,0.0,0.0842724230365469,0.08243060445978893,0.0,2.3513824881809993,True,True
5457,E01__U017__TOP__MINIMUM_CERTIFIED_OUTER_GAP,x06_t30,6,30,0.7506940597713398,0.7520796422271707,0.9375,0.96875,0.0175,0.02,-1e-06,1e-06,CLOSED_REPRESENTATIVE_UNIT_MODULUS_MARGIN,reciprocal,reciprocal,0,4,,minus,minus,0.06633167117614819,0.18465643281201702,0.0,0.06633167117614819,0.06313734914341596,0.0,2.351382727858202,True,True
5457,E01__U017__TOP__MINIMUM_CERTIFIED_OUTER_GAP,x06_t30,6,30,0.7506940597713398,0.7520796422271707,0.9375,0.96875,0.0175,0.02,-1e-06,1e-06,CLOSED_REPRESENTATIVE_UNIT_MODULUS_MARGIN,reciprocal,reciprocal,1,4,,minus,minus,0.06633167117614819,0.18465643281201702,0.0,0.06633167117614819,0.06313735538317732,0.0,2.351382727805785,True,True
5457,E01__U017__TOP__MINIMUM_CERTIFIED_OUTER_GAP,x06_t30,6,30,0.7506940597713398,0.7520796422271707,0.9375,0.96875,0.0175,0.02,-1e-06,1e-06,CLOSED_REPRESENTATIVE_UNIT_MODULUS_MARGIN,reciprocal,reciprocal,2,4,,minus,minus,0.06633167117614819,0.18465643281201702,0.0,0.06633167117614819,0.06313734894587739,0.0,2.3513824881285825,True,True
5457,E01__U017__TOP__MINIMUM_CERTIFIED_OUTER_GAP,x06_t30,6,30,0.7506940597713398,0.7520796422271707,0.9375,0.96875,0.0175,0.02,-1e-06,1e-06,CLOSED_REPRESENTATIVE_UNIT_MODULUS_MARGIN,reciprocal,reciprocal,3,4,,minus,minus,0.06633167117614819,0.18465643281201702,0.0,0.06633167117614819,0.06313734270611603,0.0,2.3513824881809993,True,True
5457,E01__U017__TOP__MINIMUM_CERTIFIED_OUTER_GAP,x06_t31,6,31,0.7506940597713398,0.7520796422271707,0.96875,1.0,0.0175,0.02,-1e-06,1e-06,CLOSED_REPRESENTATIVE_UNIT_MODULUS_MARGIN,reciprocal,reciprocal,0,4,,minus,minus,0.04586670893046061,0.18610177578518478,0.0,0.04586670893046061,0.04162974595017194,0.0,2.351382727858202,True,True
5457,E01__U017__TOP__MINIMUM_CERTIFIED_OUTER_GAP,x06_t31,6,31,0.7506940597713398,0.7520796422271707,0.96875,1.0,0.0175,0.02,-1e-06,1e-06,CLOSED_REPRESENTATIVE_UNIT_MODULUS_MARGIN,reciprocal,reciprocal,1,4,,minus,minus,0.04586670893046061,0.18610177578518478,0.0,0.04586670893046061,0.041629753323960475,0.0,2.351382727805785,True,True
5457,E01__U017__TOP__MINIMUM_CERTIFIED_OUTER_GAP,x06_t31,6,31,0.7506940597713398,0.7520796422271707,0.96875,1.0,0.0175,0.02,-1e-06,1e-06,CLOSED_REPRESENTATIVE_UNIT_MODULUS_MARGIN,reciprocal,reciprocal,2,4,,minus,minus,0.04586670893046061,0.18610177578518478,0.0,0.04586670893046061,0.04162974907867671,0.0,2.3513824881285825,True,True
5457,E01__U017__TOP__MINIMUM_CERTIFIED_OUTER_GAP,x06_t31,6,31,0.7506940597713398,0.7520796422271707,0.96875,1.0,0.0175,0.02,-1e-06,1e-06,CLOSED_REPRESENTATIVE_UNIT_MODULUS_MARGIN,reciprocal,reciprocal,3,4,,minus,minus,0.04586670893046061,0.18610177578518478,0.0,0.04586670893046061,0.041629741704888173,0.0,2.3513824881809993,True,True
5457,E01__U017__TOP__MINIMUM_CERTIFIED_OUTER_GAP,x07_t00,7,0,0.7520796422271707,0.7534652246830017,0.0,0.03125,0.0175,0.02,-1e-06,1e-06,CLOSED_REPRESENTATIVE_UNIT_MODULUS_MARGIN,reciprocal,reciprocal,0,4,,holomorphic,plus,0.46945295701816486,0.5177086439289416,0.003626054661312506,0.42773225564549855,0.46945295701816486,0.0032017235172454106,2.358765955429904,True,True
5457,E01__U017__TOP__MINIMUM_CERTIFIED_OUTER_GAP,x07_t00,7,0,0.7520796422271707,0.7534652246830017,0.0,0.03125,0.0175,0.02,-1e-06,1e-06,CLOSED_REPRESENTATIVE_UNIT_MODULUS_MARGIN,reciprocal,reciprocal,1,4,,holomorphic,plus,0.46945295749432003,0.5177086434293746,0.003626054661312506,0.42773225564549855,0.46945295749432003,0.0032017236797955173,2.3587659553773173,True,True
5457,E01__U017__TOP__MINIMUM_CERTIFIED_OUTER_GAP,x07_t00,7,0,0.7520796422271707,0.7534652246830017,0.0,0.03125,0.0175,0.02,-1e-06,1e-06,CLOSED_REPRESENTATIVE_UNIT_MODULUS_MARGIN,reciprocal,reciprocal,2,4,,holomorphic,plus,0.4694529096372416,0.5177085916588506,0.003626054661312506,0.42773225564549855,0.4694529096372416,0.0032017239937102856,2.3587657149211787,True,True
5457,E01__U017__TOP__MINIMUM_CERTIFIED_OUTER_GAP,x07_t00,7,0,0.7520796422271707,0.7534652246830017,0.0,0.03125,0.0175,0.02,-1e-06,1e-06,CLOSED_REPRESENTATIVE_UNIT_MODULUS_MARGIN,reciprocal,reciprocal,3,4,,holomorphic,plus,0.4694529091610864,0.5177085921584176,0.003626054661312506,0.42773225564549855,0.4694529091610864,0.0032017238311601464,2.3587657149737655,True,True
5457,E01__U017__TOP__MINIMUM_CERTIFIED_OUTER_GAP,x07_t01,7,1,0.7520796422271707,0.7534652246830017,0.03125,0.0625,0.0175,0.02,-1e-06,1e-06,CLOSED_REPRESENTATIVE_UNIT_MODULUS_MARGIN,reciprocal,reciprocal,0,4,,holomorphic,plus,0.45715697395919225,0.5062574878677818,0.0035445161661150967,0.41675328480721135,0.45715697395919225,0.003136323182273986,2.358765955429904,True,True
5457,E01__U017__TOP__MINIMUM_CERTIFIED_OUTER_GAP,x07_t01,7,1,0.7520796422271707,0.7534652246830017,0.03125,0.0625,0.0175,0.02,-1e-06,1e-06,CLOSED_REPRESENTATIVE_UNIT_MODULUS_MARGIN,reciprocal,reciprocal,1,4,,holomorphic,plus,0.45715697446120157,0.5062574873429205,0.0035445161661150967,0.41675328480721135,0.45715697446120157,0.003136323285141321,2.3587659553773173,True,True
5457,E01__U017__TOP__MINIMUM_CERTIFIED_OUTER_GAP,x07_t01,7,1,0.7520796422271707,0.7534652246830017,0.03125,0.0625,0.0175,0.02,-1e-06,1e-06,CLOSED_REPRESENTATIVE_UNIT_MODULUS_MARGIN,reciprocal,reciprocal,2,4,,holomorphic,plus,0.45715692785758794,0.506257436717518,0.0035445161661150967,0.41675328480721135,0.45715692785758794,0.0031363235926582357,2.3587657149211787,True,True
5457,E01__U017__TOP__MINIMUM_CERTIFIED_OUTER_GAP,x07_t01,7,1,0.7520796422271707,0.7534652246830017,0.03125,0.0625,0.0175,0.02,-1e-06,1e-06,CLOSED_REPRESENTATIVE_UNIT_MODULUS_MARGIN,reciprocal,reciprocal,3,4,,holomorphic,plus,0.4571569273555786,0.5062574372423791,0.0035445161661150967,0.41675328480721135,0.4571569273555786,0.00313632348979088,2.3587657149737655,True,True
5457,E01__U017__TOP__MINIMUM_CERTIFIED_OUTER_GAP,x07_t02,7,2,0.7520796422271707,0.7534652246830017,0.0625,0.09375,0.0175,0.02,-1e-06,1e-06,CLOSED_REPRESENTATIVE_UNIT_MODULUS_MARGIN,reciprocal,reciprocal,0,4,,holomorphic,plus,0.444840216955639,0.4948229246162907,0.0034584947468167043,0.4057627255950898,0.444840216955639,0.0030676378299581177,2.358765955429904,True,True
5457,E01__U017__TOP__MINIMUM_CERTIFIED_OUTER_GAP,x07_t02,7,2,0.7520796422271707,0.7534652246830017,0.0625,0.09375,0.0175,0.02,-1e-06,1e-06,CLOSED_REPRESENTATIVE_UNIT_MODULUS_MARGIN,reciprocal,reciprocal,1,4,,holomorphic,plus,0.44484021748528263,0.4948229240643548,0.0034584947468167043,0.4057627255950898,0.44484021748528263,0.0030676378745827754,2.3587659553773173,True,True
5457,E01__U017__TOP__MINIMUM_CERTIFIED_OUTER_GAP,x07_t02,7,2,0.7520796422271707,0.7534652246830017,0.0625,0.09375,0.0175,0.02,-1e-06,1e-06,CLOSED_REPRESENTATIVE_UNIT_MODULUS_MARGIN,reciprocal,reciprocal,2,4,,holomorphic,plus,0.4448401721372512,0.49482287458241486,0.0034584947468167043,0.4057627255950898,0.4448401721372512,0.0030676381753793457,2.3587657149211787,True,True
5457,E01__U017__TOP__MINIMUM_CERTIFIED_OUTER_GAP,x07_t02,7,2,0.7520796422271707,0.7534652246830017,0.0625,0.09375,0.0175,0.02,-1e-06,1e-06,CLOSED_REPRESENTATIVE_UNIT_MODULUS_MARGIN,reciprocal,reciprocal,3,4,,holomorphic,plus,0.4448401716076076,0.49482287513435075,0.0034584947468167043,0.4057627255950898,0.4448401716076076,0.003067638130754679,2.3587657149737655,True,True
5457,E01__U017__TOP__MINIMUM_CERTIFIED_OUTER_GAP,x07_t03,7,3,0.7520796422271707,0.7534652246830017,0.09375,0.125,0.0175,0.02,-1e-06,1e-06,CLOSED_REPRESENTATIVE_UNIT_MODULUS_MARGIN,reciprocal,reciprocal,0,4,,holomorphic,plus,0.4325012112982953,0.4834066481760466,0.0033675427589807154,0.39475966797049844,0.4325012112982953,0.0029977284472113876,2.358765955429904,True,True
5457,E01__U017__TOP__MINIMUM_CERTIFIED_OUTER_GAP,x07_t03,7,3,0.7520796422271707,0.7534652246830017,0.09375,0.125,0.0175,0.02,-1e-06,1e-06,CLOSED_REPRESENTATIVE_UNIT_MODULUS_MARGIN,reciprocal,reciprocal,1,4,,holomorphic,plus,0.4325012118575379,0.48340664759507107,0.0033675427589807154,0.39475966797049844,0.4325012118575379,0.0029977284500729965,2.3587659553773173,True,True
5457,E01__U017__TOP__MINIMUM_CERTIFIED_OUTER_GAP,x07_t03,7,3,0.7520796422271707,0.7534652246830017,0.09375,0.125,0.0175,0.02,-1e-06,1e-06,CLOSED_REPRESENTATIVE_UNIT_MODULUS_MARGIN,reciprocal,reciprocal,2,4,,holomorphic,plus,0.4325011677673562,0.4834065992547655,0.0033675427589807154,0.39475966797049844,0.4325011677673562,0.0029977287440245545,2.3587657149211787,True,True
5457,E01__U017__TOP__MINIMUM_CERTIFIED_OUTER_GAP,x07_t03,7,3,0.7520796422271707,0.7534652246830017,0.09375,0.125,0.0175,0.02,-1e-06,1e-06,CLOSED_REPRESENTATIVE_UNIT_MODULUS_MARGIN,reciprocal,reciprocal,3,4,,holomorphic,plus,0.4325011672081135,0.483406599835741,0.0033675427589807154,0.39475966797049844,0.4325011672081135,0.0029977287411629455,2.3587657149737655,True,True
5457,E01__U017__TOP__MINIMUM_CERTIFIED_OUTER_GAP,x07_t04,7,4,0.7520796422271707,0.7534652246830017,0.125,0.15625,0.0175,0.02,-1e-06,1e-06,CLOSED_REPRESENTATIVE_UNIT_MODULUS_MARGIN,reciprocal,reciprocal,0,4,,holomorphic,plus,0.4201384202926948,0.4720104696093627,0.0033162099746124984,0.3837431197099793,0.4201384202926948,0.002992725229018782,2.358765955429904,True,True
5457,E01__U017__TOP__MINIMUM_CERTIFIED_OUTER_GAP,x07_t04,7,4,0.7520796422271707,0.7534652246830017,0.125,0.15625,0.0175,0.02,-1e-06,1e-06,CLOSED_REPRESENTATIVE_UNIT_MODULUS_MARGIN,reciprocal,reciprocal,1,4,,holomorphic,plus,0.4201384208837021,0.4720104689971816,0.0033162099746124984,0.3837431197099793,0.4201384208837021,0.0029927252456483965,2.3587659553773173,True,True
5457,E01__U017__TOP__MINIMUM_CERTIFIED_OUTER_GAP,x07_t04,7,4,0.7520796422271707,0.7534652246830017,0.125,0.15625,0.0175,0.02,-1e-06,1e-06,CLOSED_REPRESENTATIVE_UNIT_MODULUS_MARGIN,reciprocal,reciprocal,2,4,,holomorphic,plus,0.4201383780537943,0.4720104217965011,0.0033162099746124984,0.3837431197099793,0.4201383780537943,0.0029927255391039046,2.3587657149211787,True,True
5457,E01__U017__TOP__MINIMUM_CERTIFIED_OUTER_GAP,x07_t04,7,4,0.7520796422271707,0.7534652246830017,0.125,0.15625,0.0175,0.02,-1e-06,1e-06,CLOSED_REPRESENTATIVE_UNIT_MODULUS_MARGIN,reciprocal,reciprocal,3,4,,holomorphic,plus,0.420138377462787,0.4720104224086822,0.0033162099746124984,0.3837431197099793,0.420138377462787,0.002992725522474287,2.3587657149737655,True,True
5457,E01__U017__TOP__MINIMUM_CERTIFIED_OUTER_GAP,x07_t05,7,5,0.7520796422271707,0.7534652246830017,0.15625,0.1875,0.0175,0.02,-1e-06,1e-06,CLOSED_REPRESENTATIVE_UNIT_MODULUS_MARGIN,reciprocal,reciprocal,0,4,,holomorphic,plus,0.4077500087054416,0.4606365685060914,0.0033593435005993075,0.37271190209790267,0.4077500087054416,0.0030752498267962673,2.358765955429904,True,True
5457,E01__U017__TOP__MINIMUM_CERTIFIED_OUTER_GAP,x07_t05,7,5,0.7520796422271707,0.7534652246830017,0.15625,0.1875,0.0175,0.02,-1e-06,1e-06,CLOSED_REPRESENTATIVE_UNIT_MODULUS_MARGIN,reciprocal,reciprocal,1,4,,holomorphic,plus,0.407750009330613,0.4606365678603049,0.0033593435005993075,0.37271190209790267,0.407750009330613,0.0030752498577026324,2.3587659553773173,True,True
5457,E01__U017__TOP__MINIMUM_CERTIFIED_OUTER_GAP,x07_t05,7,5,0.7520796422271707,0.7534652246830017,0.15625,0.1875,0.0175,0.02,-1e-06,1e-06,CLOSED_REPRESENTATIVE_UNIT_MODULUS_MARGIN,reciprocal,reciprocal,2,4,,holomorphic,plus,0.40774996776359035,0.4606365217970223,0.0033593435005993075,0.37271190209790267,0.40774996776359035,0.0030752501592450853,2.3587657149211787,True,True
5457,E01__U017__TOP__MINIMUM_CERTIFIED_OUTER_GAP,x07_t05,7,5,0.7520796422271707,0.7534652246830017,0.15625,0.1875,0.0175,0.02,-1e-06,1e-06,CLOSED_REPRESENTATIVE_UNIT_MODULUS_MARGIN,reciprocal,reciprocal,3,4,,holomorphic,plus,0.40774996713841893,0.46063652244280884,0.0033593435005993075,0.37271190209790267,0.40774996713841893,0.003075250128338714,2.3587657149737655,True,True
5457,E01__U017__TOP__MINIMUM_CERTIFIED_OUTER_GAP,x07_t06,7,6,0.7520796422271707,0.7534652246830017,0.1875,0.21875,0.0175,0.02,-1e-06,1e-06,CLOSED_REPRESENTATIVE_UNIT_MODULUS_MARGIN,reciprocal,reciprocal,0,4,,holomorphic,plus,0.39533392819298646,0.449287418342098,0.0034815450277740846,0.3616645988154202,0.39533392819298646,0.0032296941493278335,2.358765955429904,True,True
5457,E01__U017__TOP__MINIMUM_CERTIFIED_OUTER_GAP,x07_t06,7,6,0.7520796422271707,0.7534652246830017,0.1875,0.21875,0.0175,0.02,-1e-06,1e-06,CLOSED_REPRESENTATIVE_UNIT_MODULUS_MARGIN,reciprocal,reciprocal,1,4,,holomorphic,plus,0.39533392885498997,0.44928741766003755,0.0034815450277740846,0.3616645988154202,0.39533392885498997,0.0032296941941616242,2.3587659553773173,True,True
5457,E01__U017__TOP__MINIMUM_CERTIFIED_OUTER_GAP,x07_t06,7,6,0.7520796422271707,0.7534652246830017,0.1875,0.21875,0.0175,0.02,-1e-06,1e-06,CLOSED_REPRESENTATIVE_UNIT_MODULUS_MARGIN,reciprocal,reciprocal,2,4,,holomorphic,plus,0.39533388855367246,0.44928737273167835,0.0034815450277740846,0.3616645988154202,0.39533388855367246,0.0032296945108438247,2.3587657149211787,True,True
5457,E01__U017__TOP__MINIMUM_CERTIFIED_OUTER_GAP,x07_t06,7,6,0.7520796422271707,0.7534652246830017,0.1875,0.21875,0.0175,0.02,-1e-06,1e-06,CLOSED_REPRESENTATIVE_UNIT_MODULUS_MARGIN,reciprocal,reciprocal,3,4,,holomorphic,plus,0.39533388789166896,0.44928737341373887,0.0034815450277740846,0.3616645988154202,0.39533388789166896,0.0032296944660100252,2.3587657149737655,True,True
5457,E01__U017__TOP__MINIMUM_CERTIFIED_OUTER_GAP,x07_t07,7,7,0.7520796422271707,0.7534652246830017,0.21875,0.25,0.0175,0.02,-1e-06,1e-06,CLOSED_REPRESENTATIVE_UNIT_MODULUS_MARGIN,reciprocal,reciprocal,0,4,,holomorphic,plus,0.38288788436515037,0.43796583512093035,0.003662512324446408,0.3505997016672085,0.38288788436515037,0.003437517204642027,2.358765955429904,True,True
5457,E01__U017__TOP__MINIMUM_CERTIFIED_OUTER_GAP,x07_t07,7,7,0.7520796422271707,0.7534652246830017,0.21875,0.25,0.0175,0.02,-1e-06,1e-06,CLOSED_REPRESENTATIVE_UNIT_MODULUS_MARGIN,reciprocal,reciprocal,1,4,,holomorphic,plus,0.3828878850669623,0.4379658343996188,0.003662512324446408,0.3505997016672085,0.3828878850669623,0.0034375172626684223,2.3587659553773173,True,True
5457,E01__U017__TOP__MINIMUM_CERTIFIED_OUTER_GAP,x07_t07,7,7,0.7520796422271707,0.7534652246830017,0.21875,0.25,0.0175,0.02,-1e-06,1e-06,CLOSED_REPRESENTATIVE_UNIT_MODULUS_MARGIN,reciprocal,reciprocal,2,4,,holomorphic,plus,0.38288784603440373,0.43796579060342705,0.003662512324446408,0.3505997016672085,0.38288784603440373,0.003437517599725174,2.3587657149211787,True,True
5457,E01__U017__TOP__MINIMUM_CERTIFIED_OUTER_GAP,x07_t07,7,7,0.7520796422271707,0.7534652246830017,0.21875,0.25,0.0175,0.02,-1e-06,1e-06,CLOSED_REPRESENTATIVE_UNIT_MODULUS_MARGIN,reciprocal,reciprocal,3,4,,holomorphic,plus,0.3828878453325918,0.43796579132473856,0.003662512324446408,0.3505997016672085,0.3828878453325918,0.003437517541698767,2.3587657149737655,True,True
5457,E01__U017__TOP__MINIMUM_CERTIFIED_OUTER_GAP,x07_t08,7,8,0.7520796422271707,0.7534652246830017,0.25,0.28125,0.0175,0.02,-1e-06,1e-06,CLOSED_REPRESENTATIVE_UNIT_MODULUS_MARGIN,reciprocal,reciprocal,0,4,,holomorphic,plus,0.37040929665837496,0.42667503659329736,0.003868470991940912,0.33951543364423814,0.37040929665837496,0.0036809031005916133,2.358765955429904,True,True
5457,E01__U017__TOP__MINIMUM_CERTIFIED_OUTER_GAP,x07_t08,7,8,0.7520796422271707,0.7534652246830017,0.25,0.28125,0.0175,0.02,-1e-06,1e-06,CLOSED_REPRESENTATIVE_UNIT_MODULUS_MARGIN,reciprocal,reciprocal,1,4,,holomorphic,plus,0.3704092974033277,0.42667503582940147,0.003868470991940912,0.33951543364423814,0.3704092974033277,0.0036809031710989043,2.3587659553773173,True,True
5457,E01__U017__TOP__MINIMUM_CERTIFIED_OUTER_GAP,x07_t08,7,8,0.7520796422271707,0.7534652246830017,0.25,0.28125,0.0175,0.02,-1e-06,1e-06,CLOSED_REPRESENTATIVE_UNIT_MODULUS_MARGIN,reciprocal,reciprocal,2,4,,holomorphic,plus,0.3704092596428448,0.4266749931622994,0.003868470991940912,0.33951543364423814,0.3704092596428448,0.003680903532017955,2.3587657149211787,True,True
5457,E01__U017__TOP__MINIMUM_CERTIFIED_OUTER_GAP,x07_t08,7,8,0.7520796422271707,0.7534652246830017,0.25,0.28125,0.0175,0.02,-1e-06,1e-06,CLOSED_REPRESENTATIVE_UNIT_MODULUS_MARGIN,reciprocal,reciprocal,3,4,,holomorphic,plus,0.3704092588978921,0.4266749939261953,0.003868470991940912,0.33951543364423814,0.3704092588978921,0.0036809034615106506,2.3587657149737655,True,True
5457,E01__U017__TOP__MINIMUM_CERTIFIED_OUTER_GAP,x07_t09,7,9,0.7520796422271707,0.7534652246830017,0.28125,0.3125,0.0175,0.02,-1e-06,1e-06,CLOSED_REPRESENTATIVE_UNIT_MODULUS_MARGIN,reciprocal,reciprocal,0,4,,holomorphic,plus,0.3578952498549353,0.415418714041936,0.004072329239142369,0.3284097073978965,0.3578952498549353,0.003944555027060062,2.358765955429904,True,True
5457,E01__U017__TOP__MINIMUM_CERTIFIED_OUTER_GAP,x07_t09,7,9,0.7520796422271707,0.7534652246830017,0.28125,0.3125,0.0175,0.02,-1e-06,1e-06,CLOSED_REPRESENTATIVE_UNIT_MODULUS_MARGIN,reciprocal,reciprocal,1,4,,holomorphic,plus,0.3578952506467737,0.41541871323170954,0.004072329239142369,0.3284097073978965,0.3578952506467737,0.00394455510958577,2.3587659553773173,True,True
5457,E01__U017__TOP__MINIMUM_CERTIFIED_OUTER_GAP,x07_t09,7,9,0.7520796422271707,0.7534652246830017,0.28125,0.3125,0.0175,0.02,-1e-06,1e-06,CLOSED_REPRESENTATIVE_UNIT_MODULUS_MARGIN,reciprocal,reciprocal,2,4,,holomorphic,plus,0.3578952141619805,0.4154186716902505,0.004072329239142369,0.3284097073978965,0.3578952141619805,0.003944555496354758,2.3587657149211787,True,True
5457,E01__U017__TOP__MINIMUM_CERTIFIED_OUTER_GAP,x07_t09,7,9,0.7520796422271707,0.7534652246830017,0.28125,0.3125,0.0175,0.02,-1e-06,1e-06,CLOSED_REPRESENTATIVE_UNIT_MODULUS_MARGIN,reciprocal,reciprocal,3,4,,holomorphic,plus,0.3578952133701421,0.4154186725004769,0.004072329239142369,0.3284097073978965,0.3578952133701421,0.003944555413829034,2.3587657149737655,True,True
5457,E01__U017__TOP__MINIMUM_CERTIFIED_OUTER_GAP,x07_t10,7,10,0.7520796422271707,0.7534652246830017,0.3125,0.34375,0.0175,0.02,-1e-06,1e-06,CLOSED_REPRESENTATIVE_UNIT_MODULUS_MARGIN,reciprocal,reciprocal,0,4,,holomorphic,plus,0.34534243510426665,0.4042011198449702,0.004270850149740198,0.31728007643637135,0.34534243510426665,0.004215987845326752,2.358765955429904,True,True
5457,E01__U017__TOP__MINIMUM_CERTIFIED_OUTER_GAP,x07_t10,7,10,0.7520796422271707,0.7534652246830017,0.3125,0.34375,0.0175,0.02,-1e-06,1e-06,CLOSED_REPRESENTATIVE_UNIT_MODULUS_MARGIN,reciprocal,reciprocal,1,4,,holomorphic,plus,0.3453424359472163,0.4042011189841861,0.004270850149740198,0.31728007643637135,0.3453424359472163,0.004215987939740826,2.3587659553773173,True,True
5457,E01__U017__TOP__MINIMUM_CERTIFIED_OUTER_GAP,x07_t10,7,10,0.7520796422271707,0.7534652246830017,0.3125,0.34375,0.0175,0.02,-1e-06,1e-06,CLOSED_REPRESENTATIVE_UNIT_MODULUS_MARGIN,reciprocal,reciprocal,2,4,,holomorphic,plus,0.34534240074206374,0.4042010785644982,0.004270850149740198,0.31728007643637135,0.34534240074206374,0.004215988353122973,2.3587657149211787,True,True
5457,E01__U017__TOP__MINIMUM_CERTIFIED_OUTER_GAP,x07_t10,7,10,0.7520796422271707,0.7534652246830017,0.3125,0.34375,0.0175,0.02,-1e-06,1e-06,CLOSED_REPRESENTATIVE_UNIT_MODULUS_MARGIN,reciprocal,reciprocal,3,4,,holomorphic,plus,0.3453423998991141,0.4042010794252823,0.004270850149740198,0.31728007643637135,0.3453423998991141,0.00421598825870888,2.3587657149737655,True,True
5457,E01__U017__TOP__MINIMUM_CERTIFIED_OUTER_GAP,x07_t11,7,11,0.7520796422271707,0.7534652246830017,0.34375,0.375,0.0175,0.02,-1e-06,1e-06,CLOSED_REPRESENTATIVE_UNIT_MODULUS_MARGIN,reciprocal,reciprocal,0,4,,holomorphic,plus,0.3327470776396722,0.39302717500634987,0.004450633057821097,0.30612365248552925,0.3327470776396722,0.004485095337472885,2.358765955429904,True,True
5457,E01__U017__TOP__MINIMUM_CERTIFIED_OUTER_GAP,x07_t11,7,11,0.7520796422271707,0.7534652246830017,0.34375,0.375,0.0175,0.02,-1e-06,1e-06,CLOSED_REPRESENTATIVE_UNIT_MODULUS_MARGIN,reciprocal,reciprocal,1,4,,holomorphic,plus,0.3327470785385215,0.39302717409021776,0.004450633057821097,0.30612365248552925,0.3327470785385215,0.004485095443990646,2.3587659553773173,True,True
5457,E01__U017__TOP__MINIMUM_CERTIFIED_OUTER_GAP,x07_t11,7,11,0.7520796422271707,0.7534652246830017,0.34375,0.375,0.0175,0.02,-1e-06,1e-06,CLOSED_REPRESENTATIVE_UNIT_MODULUS_MARGIN,reciprocal,reciprocal,2,4,,holomorphic,plus,0.33274704461734533,0.3930271347879371,0.004450633057821097,0.30612365248552925,0.33274704461734533,0.004485095883758039,2.3587657149211787,True,True
5457,E01__U017__TOP__MINIMUM_CERTIFIED_OUTER_GAP,x07_t11,7,11,0.7520796422271707,0.7534652246830017,0.34375,0.375,0.0175,0.02,-1e-06,1e-06,CLOSED_REPRESENTATIVE_UNIT_MODULUS_MARGIN,reciprocal,reciprocal,3,4,,holomorphic,plus,0.33274704371849606,0.3930271357040693,0.004450633057821097,0.30612365248552925,0.33274704371849606,0.004485095777240256,2.3587657149737655,True,True
5457,E01__U017__TOP__MINIMUM_CERTIFIED_OUTER_GAP,x07_t12,7,12,0.7520796422271707,0.7534652246830017,0.375,0.40625,0.0175,0.02,-1e-06,1e-06,CLOSED_REPRESENTATIVE_UNIT_MODULUS_MARGIN,reciprocal,reciprocal,0,4,,holomorphic,plus,0.32010484747796986,0.3819026021647815,0.004599528757272069,0.294936999446694,0.32010484747796986,0.004743522377425221,2.358765955429904,True,True
5457,E01__U017__TOP__MINIMUM_CERTIFIED_OUTER_GAP,x07_t12,7,12,0.7520796422271707,0.7534652246830017,0.375,0.40625,0.0175,0.02,-1e-06,1e-06,CLOSED_REPRESENTATIVE_UNIT_MODULUS_MARGIN,reciprocal,reciprocal,1,4,,holomorphic,plus,0.3201048484381698,0.3819026011878477,0.004599528757272069,0.294936999446694,0.3201048484381698,0.004743522496600038,2.3587659553773173,True,True
5457,E01__U017__TOP__MINIMUM_CERTIFIED_OUTER_GAP,x07_t12,7,12,0.7520796422271707,0.7534652246830017,0.375,0.40625,0.0175,0.02,-1e-06,1e-06,CLOSED_REPRESENTATIVE_UNIT_MODULUS_MARGIN,reciprocal,reciprocal,2,4,,holomorphic,plus,0.320104815805747,0.38190256299803843,0.004599528757272069,0.294936999446694,0.320104815805747,0.004743522961705355,2.3587657149211787,True,True
5457,E01__U017__TOP__MINIMUM_CERTIFIED_OUTER_GAP,x07_t12,7,12,0.7520796422271707,0.7534652246830017,0.375,0.40625,0.0175,0.02,-1e-06,1e-06,CLOSED_REPRESENTATIVE_UNIT_MODULUS_MARGIN,reciprocal,reciprocal,3,4,,holomorphic,plus,0.3201048148455471,0.38190256397497224,0.004599528757272069,0.294936999446694,0.3201048148455471,0.004743522842530515,2.3587657149737655,True,True
5457,E01__U017__TOP__MINIMUM_CERTIFIED_OUTER_GAP,x07_t13,7,13,0.7520796422271707,0.7534652246830017,0.40625,0.4375,0.0175,0.02,-1e-06,1e-06,CLOSED_REPRESENTATIVE_UNIT_MODULUS_MARGIN,reciprocal,reciprocal,0,4,,holomorphic,plus,0.3074107481371821,0.3708340914063085,0.0047059441440983635,0.28371599611136283,0.3074107481371821,0.00498407594223819,2.358765955429904,True,True
5457,E01__U017__TOP__MINIMUM_CERTIFIED_OUTER_GAP,x07_t13,7,13,0.7520796422271707,0.7534652246830017,0.40625,0.4375,0.0175,0.02,-1e-06,1e-06,CLOSED_REPRESENTATIVE_UNIT_MODULUS_MARGIN,reciprocal,reciprocal,1,4,,holomorphic,plus,0.30741074916496847,0.3708340903623338,0.0047059441440983635,0.28371599611136283,0.30741074916496847,0.004984076074958694,2.3587659553773173,True,True
5457,E01__U017__TOP__MINIMUM_CERTIFIED_OUTER_GAP,x07_t13,7,13,0.7520796422271707,0.7534652246830017,0.40625,0.4375,0.0175,0.02,-1e-06,1e-06,CLOSED_REPRESENTATIVE_UNIT_MODULUS_MARGIN,reciprocal,reciprocal,2,4,,holomorphic,plus,0.3074107178265853,0.3708340532793911,0.0047059441440983635,0.28371599611136283,0.3074107178265853,0.004984076563649171,2.3587657149211787,True,True
5457,E01__U017__TOP__MINIMUM_CERTIFIED_OUTER_GAP,x07_t13,7,13,0.7520796422271707,0.7534652246830017,0.40625,0.4375,0.0175,0.02,-1e-06,1e-06,CLOSED_REPRESENTATIVE_UNIT_MODULUS_MARGIN,reciprocal,reciprocal,3,4,,holomorphic,plus,0.30741071679879894,0.37083405432336586,0.0047059441440983635,0.28371599611136283,0.30741071679879894,0.004984076430928641,2.3587657149737655,True,True
5457,E01__U017__TOP__MINIMUM_CERTIFIED_OUTER_GAP,x07_t14,7,14,0.7520796422271707,0.7534652246830017,0.4375,0.46875,0.0175,0.02,-1e-06,1e-06,CLOSED_REPRESENTATIVE_UNIT_MODULUS_MARGIN,reciprocal,reciprocal,0,4,,holomorphic,plus,0.2946589766530056,0.3598295087220805,0.004758192851973494,0.2724556567587922,0.2946589766530056,0.005200239499327141,2.358765955429904,True,True
5457,E01__U017__TOP__MINIMUM_CERTIFIED_OUTER_GAP,x07_t14,7,14,0.7520796422271707,0.7534652246830017,0.4375,0.46875,0.0175,0.02,-1e-06,1e-06,CLOSED_REPRESENTATIVE_UNIT_MODULUS_MARGIN,reciprocal,reciprocal,1,4,,holomorphic,plus,0.29465897775554967,0.3598295076038893,0.004758192851973494,0.2724556567587922,0.29465897775554967,0.005200239646829338,2.3587659553773173,True,True
5457,E01__U017__TOP__MINIMUM_CERTIFIED_OUTER_GAP,x07_t14,7,14,0.7520796422271707,0.7534652246830017,0.4375,0.46875,0.0175,0.02,-1e-06,1e-06,CLOSED_REPRESENTATIVE_UNIT_MODULUS_MARGIN,reciprocal,reciprocal,2,4,,holomorphic,plus,0.29465894771708356,0.3598294716214221,0.004758192851973494,0.2724556567587922,0.29465894771708356,0.005200240156713109,2.3587657149211787,True,True
5457,E01__U017__TOP__MINIMUM_CERTIFIED_OUTER_GAP,x07_t14,7,14,0.7520796422271707,0.7534652246830017,0.4375,0.46875,0.0175,0.02,-1e-06,1e-06,CLOSED_REPRESENTATIVE_UNIT_MODULUS_MARGIN,reciprocal,reciprocal,3,4,,holomorphic,plus,0.2946589466145395,0.3598294727396133,0.004758192851973494,0.2724556567587922,0.2946589466145395,0.005200240009210882,2.3587657149737655,True,True
5457,E01__U017__TOP__MINIMUM_CERTIFIED_OUTER_GAP,x07_t15,7,15,0.7520796422271707,0.7534652246830017,0.46875,0.5,0.0175,0.02,-1e-06,1e-06,CLOSED_REPRESENTATIVE_UNIT_MODULUS_MARGIN,reciprocal,reciprocal,0,4,,holomorphic,plus,0.281842745683271,0.3488981604886849,0.004743901914579634,0.261149894394877,0.281842745683271,0.005385786782250428,2.358765955429904,True,True
5457,E01__U017__TOP__MINIMUM_CERTIFIED_OUTER_GAP,x07_t15,7,15,0.7520796422271707,0.7534652246830017,0.46875,0.5,0.0175,0.02,-1e-06,1e-06,CLOSED_REPRESENTATIVE_UNIT_MODULUS_MARGIN,reciprocal,reciprocal,1,4,,holomorphic,plus,0.2818427468688665,0.348898159287978,0.004743901914579634,0.261149894394877,0.2818427468688665,0.005385786946149052,2.3587659553773173,True,True
5457,E01__U017__TOP__MINIMUM_CERTIFIED_OUTER_GAP,x07_t15,7,15,0.7520796422271707,0.7534652246830017,0.46875,0.5,0.0175,0.02,-1e-06,1e-06,CLOSED_REPRESENTATIVE_UNIT_MODULUS_MARGIN,reciprocal,reciprocal,2,4,,holomorphic,plus,0.2818427181368866,0.3488981243986647,0.004743901914579634,0.261149894394877,0.2818427181368866,0.0053857874742236096,2.3587657149211787,True,True
5457,E01__U017__TOP__MINIMUM_CERTIFIED_OUTER_GAP,x07_t15,7,15,0.7520796422271707,0.7534652246830017,0.46875,0.5,0.0175,0.02,-1e-06,1e-06,CLOSED_REPRESENTATIVE_UNIT_MODULUS_MARGIN,reciprocal,reciprocal,3,4,,holomorphic,plus,0.2818427169512911,0.34889812559937156,0.004743901914579634,0.261149894394877,0.2818427169512911,0.005385787310324952,2.3587657149737655,True,True
5457,E01__U017__TOP__MINIMUM_CERTIFIED_OUTER_GAP,x07_t16,7,16,0.7520796422271707,0.7534652246830017,0.5,0.53125,0.0175,0.02,-1e-06,1e-06,CLOSED_REPRESENTATIVE_UNIT_MODULUS_MARGIN,reciprocal,reciprocal,0,4,,holomorphic,plus,0.2689540548986835,0.33805113238479995,0.004649475708026023,0.2497912050341721,0.2689540548986835,0.005534472927133364,2.358765955429904,True,True
5457,E01__U017__TOP__MINIMUM_CERTIFIED_OUTER_GAP,x07_t16,7,16,0.7520796422271707,0.7534652246830017,0.5,0.53125,0.0175,0.02,-1e-06,1e-06,CLOSED_REPRESENTATIVE_UNIT_MODULUS_MARGIN,reciprocal,reciprocal,1,4,,holomorphic,plus,0.26895405617698076,0.33805113109192025,0.004649475708026023,0.2497912050341721,0.26895405617698076,0.005534473109475122,2.3587659553773173,True,True
5457,E01__U017__TOP__MINIMUM_CERTIFIED_OUTER_GAP,x07_t16,7,16,0.7520796422271707,0.7534652246830017,0.5,0.53125,0.0175,0.02,-1e-06,1e-06,CLOSED_REPRESENTATIVE_UNIT_MODULUS_MARGIN,reciprocal,reciprocal,2,4,,holomorphic,plus,0.26895402875887153,0.338051097287331,0.004649475708026023,0.2497912050341721,0.26895402875887153,0.005534473652125486,2.3587657149211787,True,True
5457,E01__U017__TOP__MINIMUM_CERTIFIED_OUTER_GAP,x07_t16,7,16,0.7520796422271707,0.7534652246830017,0.5,0.53125,0.0175,0.02,-1e-06,1e-06,CLOSED_REPRESENTATIVE_UNIT_MODULUS_MARGIN,reciprocal,reciprocal,3,4,,holomorphic,plus,0.26895402748057423,0.3380510985802107,0.004649475708026023,0.2497912050341721,0.26895402748057423,0.005534473469783693,2.3587657149737655,True,True
5457,E01__U017__TOP__MINIMUM_CERTIFIED_OUTER_GAP,x07_t17,7,17,0.7520796422271707,0.7534652246830017,0.53125,0.5625,0.0175,0.02,-1e-06,1e-06,CLOSED_REPRESENTATIVE_UNIT_MODULUS_MARGIN,reciprocal,reciprocal,0,4,,holomorphic,plus,0.2559833936007339,0.3273017284371903,0.004459666857666951,0.23837024207029092,0.2559833936007339,0.005639783933190797,2.358765955429904,True,True
5457,E01__U017__TOP__MINIMUM_CERTIFIED_OUTER_GAP,x07_t17,7,17,0.7520796422271707,0.7534652246830017,0.53125,0.5625,0.0175,0.02,-1e-06,1e-06,CLOSED_REPRESENTATIVE_UNIT_MODULUS_MARGIN,reciprocal,reciprocal,1,4,,holomorphic,plus,0.25598339498303563,0.3273017270408267,0.004459666857666951,0.23837024207029092,0.25598339498303563,0.005639784136532192,2.3587659553773173,True,True
5457,E01__U017__TOP__MINIMUM_CERTIFIED_OUTER_GAP,x07_t17,7,17,0.7520796422271707,0.7534652246830017,0.53125,0.5625,0.0175,0.02,-1e-06,1e-06,CLOSED_REPRESENTATIVE_UNIT_MODULUS_MARGIN,reciprocal,reciprocal,2,4,,holomorphic,plus,0.2559833688871505,0.32730169431120176,0.004459666857666951,0.23837024207029092,0.2559833688871505,0.005639784689504506,2.3587657149211787,True,True
5457,E01__U017__TOP__MINIMUM_CERTIFIED_OUTER_GAP,x07_t17,7,17,0.7520796422271707,0.7534652246830017,0.53125,0.5625,0.0175,0.02,-1e-06,1e-06,CLOSED_REPRESENTATIVE_UNIT_MODULUS_MARGIN,reciprocal,reciprocal,3,4,,holomorphic,plus,0.2559833675048488,0.32730169570756534,0.004459666857666951,0.23837024207029092,0.2559833675048488,0.00563978448616307,2.3587657149737655,True,True
5457,E01__U017__TOP__MINIMUM_CERTIFIED_OUTER_GAP,x07_t18,7,18,0.7520796422271707,0.7534652246830017,0.5625,0.59375,0.0175,0.02,-1e-06,1e-06,CLOSED_REPRESENTATIVE_UNIT_MODULUS_MARGIN,reciprocal,reciprocal,0,4,,holomorphic,plus,0.24291934868087656,0.3166660465756414,0.004157475604351515,0.22687523584874483,0.24291934868087656,0.005694738585440679,2.358765955429904,True,True
5457,E01__U017__TOP__MINIMUM_CERTIFIED_OUTER_GAP,x07_t18,7,18,0.7520796422271707,0.7534652246830017,0.5625,0.59375,0.0175,0.02,-1e-06,1e-06,CLOSED_REPRESENTATIVE_UNIT_MODULUS_MARGIN,reciprocal,reciprocal,1,4,,holomorphic,plus,0.24291935018051466,0.3166660450624519,0.004157475604351515,0.22687523584874483,0.24291935018051466,0.005694738812953127,2.3587659553773173,True,True
5457,E01__U017__TOP__MINIMUM_CERTIFIED_OUTER_GAP,x07_t18,7,18,0.7520796422271707,0.7534652246830017,0.5625,0.59375,0.0175,0.02,-1e-06,1e-06,CLOSED_REPRESENTATIVE_UNIT_MODULUS_MARGIN,reciprocal,reciprocal,2,4,,holomorphic,plus,0.24291932541637026,0.31666601339642214,0.004157475604351515,0.22687523584874483,0.24291932541637026,0.005694739371308818,2.3587657149211787,True,True
5457,E01__U017__TOP__MINIMUM_CERTIFIED_OUTER_GAP,x07_t18,7,18,0.7520796422271707,0.7534652246830017,0.5625,0.59375,0.0175,0.02,-1e-06,1e-06,CLOSED_REPRESENTATIVE_UNIT_MODULUS_MARGIN,reciprocal,reciprocal,3,4,,holomorphic,plus,0.24291932391673215,0.3166660149096116,0.004157475604351515,0.22687523584874483,0.24291932391673215,0.0056947391437963246,2.3587657149737655,True,True
5457,E01__U017__TOP__MINIMUM_CERTIFIED_OUTER_GAP,x07_t19,7,19,0.7520796422271707,0.7534652246830017,0.59375,0.625,0.0175,0.02,-1e-06,1e-06,CLOSED_REPRESENTATIVE_UNIT_MODULUS_MARGIN,reciprocal,reciprocal,0,4,,holomorphic,plus,0.22974808017600432,0.30616374302832433,0.0037251894291454386,0.21529119257605261,0.22974808017600432,0.0056917616113434065,2.358765955429904,True,True
5457,E01__U017__TOP__MINIMUM_CERTIFIED_OUTER_GAP,x07_t19,7,19,0.7520796422271707,0.7534652246830017,0.59375,0.625,0.0175,0.02,-1e-06,1e-06,CLOSED_REPRESENTATIVE_UNIT_MODULUS_MARGIN,reciprocal,reciprocal,1,4,,holomorphic,plus,0.2297480818088253,0.3061637413824511,0.0037251894291454386,0.21529119257605261,0.2297480818088253,0.005691761866945996,2.3587659553773173,True,True
5457,E01__U017__TOP__MINIMUM_CERTIFIED_OUTER_GAP,x07_t19,7,19,0.7520796422271707,0.7534652246830017,0.59375,0.625,0.0175,0.02,-1e-06,1e-06,CLOSED_REPRESENTATIVE_UNIT_MODULUS_MARGIN,reciprocal,reciprocal,2,4,,holomorphic,plus,0.2297480583873484,0.3061637107666823,0.0037251894291454386,0.21529119257605261,0.2297480583873484,0.0056917624250034955,2.3587657149211787,True,True
5457,E01__U017__TOP__MINIMUM_CERTIFIED_OUTER_GAP,x07_t19,7,19,0.7520796422271707,0.7534652246830017,0.59375,0.625,0.0175,0.02,-1e-06,1e-06,CLOSED_REPRESENTATIVE_UNIT_MODULUS_MARGIN,reciprocal,reciprocal,3,4,,holomorphic,plus,0.22974805675452745,0.3061637124125555,0.0037251894291454386,0.21529119257605261,0.22974805675452745,0.005691762169400855,2.3587657149737655,True,True
5457,E01__U017__TOP__MINIMUM_CERTIFIED_OUTER_GAP,x07_t20,7,20,0.7520796422271707,0.7534652246830017,0.625,0.65625,0.0175,0.02,-1e-06,1e-06,CLOSED_REPRESENTATIVE_UNIT_MODULUS_MARGIN,reciprocal,reciprocal,0,4,,holomorphic,plus,0.2164526083720457,0.29581906212305875,0.0031486107004432846,0.2035987747524652,0.2164526083720457,0.0056226955449055005,2.358765955429904,True,True
5457,E01__U017__TOP__MINIMUM_CERTIFIED_OUTER_GAP,x07_t20,7,20,0.7520796422271707,0.7534652246830017,0.625,0.65625,0.0175,0.02,-1e-06,1e-06,CLOSED_REPRESENTATIVE_UNIT_MODULUS_MARGIN,reciprocal,reciprocal,1,4,,holomorphic,plus,0.21645261015704167,0.2958190603254984,0.0031486107004432846,0.2035987747524652,0.21645261015704167,0.0056226958334156816,2.3587659553773173,True,True
5457,E01__U017__TOP__MINIMUM_CERTIFIED_OUTER_GAP,x07_t20,7,20,0.7520796422271707,0.7534652246830017,0.625,0.65625,0.0175,0.02,-1e-06,1e-06,CLOSED_REPRESENTATIVE_UNIT_MODULUS_MARGIN,reciprocal,reciprocal,2,4,,holomorphic,plus,0.21645258809088935,0.29581903074423266,0.0031486107004432846,0.2035987747524652,0.21645258809088935,0.005622696384693301,2.3587657149211787,True,True
5457,E01__U017__TOP__MINIMUM_CERTIFIED_OUTER_GAP,x07_t20,7,20,0.7520796422271707,0.7534652246830017,0.625,0.65625,0.0175,0.02,-1e-06,1e-06,CLOSED_REPRESENTATIVE_UNIT_MODULUS_MARGIN,reciprocal,reciprocal,3,4,,holomorphic,plus,0.21645258630589337,0.29581903254179304,0.0031486107004432846,0.2035987747524652,0.21645258630589337,0.005622696096183062,2.3587657149737655,True,True
5457,E01__U017__TOP__MINIMUM_CERTIFIED_OUTER_GAP,x07_t21,7,21,0.7520796422271707,0.7534652246830017,0.65625,0.6875,0.0175,0.02,-1e-06,1e-06,CLOSED_REPRESENTATIVE_UNIT_MODULUS_MARGIN,reciprocal,reciprocal,0,4,,holomorphic,plus,0.2030118276154643,0.2856622455592328,0.002375355261424981,0.19177271617703906,0.2030118276154643,0.005479134256994837,2.358765955429904,True,True
5457,E01__U017__TOP__MINIMUM_CERTIFIED_OUTER_GAP,x07_t21,7,21,0.7520796422271707,0.7534652246830017,0.65625,0.6875,0.0175,0.02,-1e-06,1e-06,CLOSED_REPRESENTATIVE_UNIT_MODULUS_MARGIN,reciprocal,reciprocal,1,4,,holomorphic,plus,0.20301182957560318,0.2856622435870092,0.002375355261424981,0.19177271617703906,0.20301182957560318,0.00547913458425339,2.3587659553773173,True,True
5457,E01__U017__TOP__MINIMUM_CERTIFIED_OUTER_GAP,x07_t21,7,21,0.7520796422271707,0.7534652246830017,0.65625,0.6875,0.0175,0.02,-1e-06,1e-06,CLOSED_REPRESENTATIVE_UNIT_MODULUS_MARGIN,reciprocal,reciprocal,2,4,,holomorphic,plus,0.20301180887958303,0.2856622150214654,0.002375355261424981,0.19177271617703906,0.20301180887958303,0.005479135121444914,2.3587657149211787,True,True
5457,E01__U017__TOP__MINIMUM_CERTIFIED_OUTER_GAP,x07_t21,7,21,0.7520796422271707,0.7534652246830017,0.65625,0.6875,0.0175,0.02,-1e-06,1e-06,CLOSED_REPRESENTATIVE_UNIT_MODULUS_MARGIN,reciprocal,reciprocal,3,4,,holomorphic,plus,0.20301180691944415,0.285662216993689,0.002375355261424981,0.19177271617703906,0.20301180691944415,0.005479134794186295,2.3587657149737655,True,True
5457,E01__U017__TOP__MINIMUM_CERTIFIED_OUTER_GAP,x07_t22,7,22,0.7520796422271707,0.7534652246830017,0.6875,0.71875,0.0175,0.02,-1e-06,1e-06,CLOSED_REPRESENTATIVE_UNIT_MODULUS_MARGIN,reciprocal,reciprocal,0,4,,holomorphic,plus,0.18939911582070845,0.27573149434637806,0.001339341071014419,0.1797795483660617,0.18939911582070845,0.0052502408807617905,2.358765955429904,True,True
5457,E01__U017__TOP__MINIMUM_CERTIFIED_OUTER_GAP,x07_t22,7,22,0.7520796422271707,0.7534652246830017,0.6875,0.71875,0.0175,0.02,-1e-06,1e-06,CLOSED_REPRESENTATIVE_UNIT_MODULUS_MARGIN,reciprocal,reciprocal,1,4,,holomorphic,plus,0.18939911798403844,0.2757314921714461,0.001339341071014419,0.1797795483660617,0.18939911798403844,0.0052502412369224505,2.3587659553773173,True,True
5457,E01__U017__TOP__MINIMUM_CERTIFIED_OUTER_GAP,x07_t22,7,22,0.7520796422271707,0.7534652246830017,0.6875,0.71875,0.0175,0.02,-1e-06,1e-06,CLOSED_REPRESENTATIVE_UNIT_MODULUS_MARGIN,reciprocal,reciprocal,2,4,,holomorphic,plus,0.18939909867567084,0.27573146459902415,0.001339341071014419,0.1797795483660617,0.18939909867567084,0.005250241751662419,2.3587657149211787,True,True
5457,E01__U017__TOP__MINIMUM_CERTIFIED_OUTER_GAP,x07_t22,7,22,0.7520796422271707,0.7534652246830017,0.6875,0.71875,0.0175,0.02,-1e-06,1e-06,CLOSED_REPRESENTATIVE_UNIT_MODULUS_MARGIN,reciprocal,reciprocal,3,4,,holomorphic,plus,0.18939909651234085,0.2757314667739561,0.001339341071014419,0.1797795483660617,0.18939909651234085,0.005250241395501687,2.3587657149737655,True,True
5457,E01__U017__TOP__MINIMUM_CERTIFIED_OUTER_GAP,x07_t23,7,23,0.7520796422271707,0.7534652246830017,0.71875,0.75,0.0175,0.02,-1e-06,1e-06,CLOSED_REPRESENTATIVE_UNIT_MODULUS_MARGIN,reciprocal,reciprocal,0,4,,holomorphic,plus,0.17558033321497638,0.2660757516140793,0.0,0.16757429648004227,0.17558033321497638,0.004903851616397022,2.358765955429904,True,True
5457,E01__U017__TOP__MINIMUM_CERTIFIED_OUTER_GAP,x07_t23,7,23,0.7520796422271707,0.7534652246830017,0.71875,0.75,0.0175,0.02,-1e-06,1e-06,CLOSED_REPRESENTATIVE_UNIT_MODULUS_MARGIN,reciprocal,reciprocal,1,4,,holomorphic,plus,0.17558033561611347,0.26607574920185445,0.0,0.16757429648004227,0.17558033561611347,0.004903851984533236,2.3587659553773173,True,True
5457,E01__U017__TOP__MINIMUM_CERTIFIED_OUTER_GAP,x07_t23,7,23,0.7520796422271707,0.7534652246830017,0.71875,0.75,0.0175,0.02,-1e-06,1e-06,CLOSED_REPRESENTATIVE_UNIT_MODULUS_MARGIN,reciprocal,reciprocal,2,4,,holomorphic,plus,0.1755803177163975,0.26607572259506135,0.0,0.16757429648004227,0.1755803177163975,0.0049038524653037445,2.3587657149211787,True,True
5457,E01__U017__TOP__MINIMUM_CERTIFIED_OUTER_GAP,x07_t23,7,23,0.7520796422271707,0.7534652246830017,0.71875,0.75,0.0175,0.02,-1e-06,1e-06,CLOSED_REPRESENTATIVE_UNIT_MODULUS_MARGIN,reciprocal,reciprocal,3,4,,holomorphic,plus,0.1755803153152604,0.2660757250072862,0.0,0.16757429648004227,0.1755803153152604,0.004903852097167457,2.3587657149737655,True,True
5457,E01__U017__TOP__MINIMUM_CERTIFIED_OUTER_GAP,x07_t24,7,24,0.7520796422271707,0.7534652246830017,0.75,0.78125,0.0175,0.02,-1e-06,1e-06,CLOSED_REPRESENTATIVE_UNIT_MODULUS_MARGIN,reciprocal,reciprocal,0,4,,holomorphic,plus,0.1615108784375084,0.2567587298673992,0.0,0.1550956181915553,0.1615108784375084,0.004411691013794625,2.358765955429904,True,True
5457,E01__U017__TOP__MINIMUM_CERTIFIED_OUTER_GAP,x07_t24,7,24,0.7520796422271707,0.7534652246830017,0.75,0.78125,0.0175,0.02,-1e-06,1e-06,CLOSED_REPRESENTATIVE_UNIT_MODULUS_MARGIN,reciprocal,reciprocal,1,4,,holomorphic,plus,0.16151088111966477,0.2567587271747671,0.0,0.1550956181915553,0.16151088111966477,0.004411691399250468,2.3587659553773173,True,True
5457,E01__U017__TOP__MINIMUM_CERTIFIED_OUTER_GAP,x07_t24,7,24,0.7520796422271707,0.7534652246830017,0.75,0.78125,0.0175,0.02,-1e-06,1e-06,CLOSED_REPRESENTATIVE_UNIT_MODULUS_MARGIN,reciprocal,reciprocal,2,4,,holomorphic,plus,0.16151086465414422,0.25675870149974067,0.0,0.1550956181915553,0.16151086465414422,0.004411691831756039,2.3587657149211787,True,True
5457,E01__U017__TOP__MINIMUM_CERTIFIED_OUTER_GAP,x07_t24,7,24,0.7520796422271707,0.7534652246830017,0.75,0.78125,0.0175,0.02,-1e-06,1e-06,CLOSED_REPRESENTATIVE_UNIT_MODULUS_MARGIN,reciprocal,reciprocal,3,4,,holomorphic,plus,0.16151086197198783,0.25675870419237284,0.0,0.1550956181915553,0.16151086197198783,0.004411691446300117,2.3587657149737655,True,True
5457,E01__U017__TOP__MINIMUM_CERTIFIED_OUTER_GAP,x07_t25,7,25,0.7520796422271707,0.7534652246830017,0.78125,0.8125,0.0175,0.02,-1e-06,1e-06,CLOSED_REPRESENTATIVE_UNIT_MODULUS_MARGIN,reciprocal,reciprocal,0,4,,holomorphic,plus,0.1471311400573237,0.2478649850288584,0.0,0.14225841535430783,0.1471311400573237,0.003741901534048108,2.358765955429904,True,True
5457,E01__U017__TOP__MINIMUM_CERTIFIED_OUTER_GAP,x07_t25,7,25,0.7520796422271707,0.7534652246830017,0.78125,0.8125,0.0175,0.02,-1e-06,1e-06,CLOSED_REPRESENTATIVE_UNIT_MODULUS_MARGIN,reciprocal,reciprocal,1,4,,holomorphic,plus,0.1471311430751406,0.2478649820014254,0.0,0.14225841535430783,0.1471311430751406,0.0037419019442188,2.3587659553773173,True,True
5457,E01__U017__TOP__MINIMUM_CERTIFIED_OUTER_GAP,x07_t25,7,25,0.7520796422271707,0.7534652246830017,0.78125,0.8125,0.0175,0.02,-1e-06,1e-06,CLOSED_REPRESENTATIVE_UNIT_MODULUS_MARGIN,reciprocal,reciprocal,2,4,,holomorphic,plus,0.14713112807543346,0.24786495721585042,0.0,0.14225841535430783,0.14713112807543346,0.0037419023110395275,2.3587657149211787,True,True
5457,E01__U017__TOP__MINIMUM_CERTIFIED_OUTER_GAP,x07_t25,7,25,0.7520796422271707,0.7534652246830017,0.78125,0.8125,0.0175,0.02,-1e-06,1e-06,CLOSED_REPRESENTATIVE_UNIT_MODULUS_MARGIN,reciprocal,reciprocal,3,4,,holomorphic,plus,0.14713112505761655,0.24786496024328342,0.0,0.14225841535430783,0.14713112505761655,0.0037419019008687535,2.3587657149737655,True,True
5457,E01__U017__TOP__MINIMUM_CERTIFIED_OUTER_GAP,x07_t26,7,26,0.7520796422271707,0.7534652246830017,0.8125,0.84375,0.0175,0.02,-1e-06,1e-06,CLOSED_REPRESENTATIVE_UNIT_MODULUS_MARGIN,reciprocal,reciprocal,0,4,,holomorphic,plus,0.13219564174097465,0.2396761163494598,0.0,0.12892734819932128,0.13219564174097465,0.002847302097497143,2.358765955429904,True,True
5457,E01__U017__TOP__MINIMUM_CERTIFIED_OUTER_GAP,x07_t26,7,26,0.7520796422271707,0.7534652246830017,0.8125,0.84375,0.0175,0.02,-1e-06,1e-06,CLOSED_REPRESENTATIVE_UNIT_MODULUS_MARGIN,reciprocal,reciprocal,1,4,,holomorphic,plus,0.13219564516696958,0.23967611291461455,0.0,0.12892734819932128,0.13219564516696958,0.002847302545079344,2.3587659553773173,True,True
5457,E01__U017__TOP__MINIMUM_CERTIFIED_OUTER_GAP,x07_t26,7,26,0.7520796422271707,0.7534652246830017,0.8125,0.84375,0.0175,0.02,-1e-06,1e-06,CLOSED_REPRESENTATIVE_UNIT_MODULUS_MARGIN,reciprocal,reciprocal,2,4,,holomorphic,plus,0.13219563168971393,0.23967608894802003,0.0,0.12892734819932128,0.13219563168971393,0.002847302824167469,2.3587657149211787,True,True
5457,E01__U017__TOP__MINIMUM_CERTIFIED_OUTER_GAP,x07_t26,7,26,0.7520796422271707,0.7534652246830017,0.8125,0.84375,0.0175,0.02,-1e-06,1e-06,CLOSED_REPRESENTATIVE_UNIT_MODULUS_MARGIN,reciprocal,reciprocal,3,4,,holomorphic,plus,0.13219562826371903,0.23967609238286525,0.0,0.12892734819932128,0.13219562826371903,0.0028473023765851783,2.3587657149737655,True,True
5457,E01__U017__TOP__MINIMUM_CERTIFIED_OUTER_GAP,x07_t27,7,27,0.7520796422271707,0.7534652246830017,0.84375,0.875,0.0175,0.02,-1e-06,1e-06,CLOSED_REPRESENTATIVE_UNIT_MODULUS_MARGIN,reciprocal,reciprocal,0,4,,holomorphic,plus,0.11640123658854065,0.2325430047521054,0.0,0.11493451963268693,0.11640123658854065,0.001644229870719323,2.358765955429904,True,True
5457,E01__U017__TOP__MINIMUM_CERTIFIED_OUTER_GAP,x07_t27,7,27,0.7520796422271707,0.7534652246830017,0.84375,0.875,0.0175,0.02,-1e-06,1e-06,CLOSED_REPRESENTATIVE_UNIT_MODULUS_MARGIN,reciprocal,reciprocal,1,4,,holomorphic,plus,0.1164012405139026,0.2325430008166725,0.0,0.11493451963268693,0.1164012405139026,0.0016442303857897042,2.3587659553773173,True,True
5457,E01__U017__TOP__MINIMUM_CERTIFIED_OUTER_GAP,x07_t27,7,27,0.7520796422271707,0.7534652246830017,0.84375,0.875,0.0175,0.02,-1e-06,1e-06,CLOSED_REPRESENTATIVE_UNIT_MODULUS_MARGIN,reciprocal,reciprocal,2,4,,holomorphic,plus,0.11640122864663552,0.23254297756350412,0.0,0.11493451963268693,0.11640122864663552,0.0016442305468891884,2.3587657149211787,True,True
5457,E01__U017__TOP__MINIMUM_CERTIFIED_OUTER_GAP,x07_t27,7,27,0.7520796422271707,0.7534652246830017,0.84375,0.875,0.0175,0.02,-1e-06,1e-06,CLOSED_REPRESENTATIVE_UNIT_MODULUS_MARGIN,reciprocal,reciprocal,3,4,,holomorphic,plus,0.11640122472127355,0.232542981498937,0.0,0.11493451963268693,0.11640122472127355,0.001644230031818704,2.3587657149737655,True,True
5457,E01__U017__TOP__MINIMUM_CERTIFIED_OUTER_GAP,x07_t28,7,28,0.7520796422271707,0.7534652246830017,0.875,0.90625,0.0175,0.02,-1e-06,1e-06,CLOSED_REPRESENTATIVE_UNIT_MODULUS_MARGIN,reciprocal,reciprocal,0,4,,minus,minus,0.1000230040844024,0.1907442367412293,0.0,0.1000230040844024,0.09977143451050724,6.473834848059489e-05,2.358765955429904,True,True
5457,E01__U017__TOP__MINIMUM_CERTIFIED_OUTER_GAP,x07_t28,7,28,0.7520796422271707,0.7534652246830017,0.875,0.90625,0.0175,0.02,-1e-06,1e-06,CLOSED_REPRESENTATIVE_UNIT_MODULUS_MARGIN,reciprocal,reciprocal,1,4,,minus,minus,0.1000230040844024,0.1907442367412293,0.0,0.1000230040844024,0.0997714390547309,6.473896060360893e-05,2.3587659553773173,True,True
5457,E01__U017__TOP__MINIMUM_CERTIFIED_OUTER_GAP,x07_t28,7,28,0.7520796422271707,0.7534652246830017,0.875,0.90625,0.0175,0.02,-1e-06,1e-06,CLOSED_REPRESENTATIVE_UNIT_MODULUS_MARGIN,reciprocal,reciprocal,2,4,,minus,minus,0.1000230040844024,0.1907442367412293,0.0,0.1000230040844024,0.0997714288825862,6.473896679581188e-05,2.3587657149211787,True,True
5457,E01__U017__TOP__MINIMUM_CERTIFIED_OUTER_GAP,x07_t28,7,28,0.7520796422271707,0.7534652246830017,0.875,0.90625,0.0175,0.02,-1e-06,1e-06,CLOSED_REPRESENTATIVE_UNIT_MODULUS_MARGIN,reciprocal,reciprocal,3,4,,minus,minus,0.1000230040844024,0.1907442367412293,0.0,0.1000230040844024,0.09977142433836252,6.473835467267543e-05,2.3587657149737655,True,True
5457,E01__U017__TOP__MINIMUM_CERTIFIED_OUTER_GAP,x07_t29,7,29,0.7520796422271707,0.7534652246830017,0.90625,0.9375,0.0175,0.02,-1e-06,1e-06,CLOSED_REPRESENTATIVE_UNIT_MODULUS_MARGIN,reciprocal,reciprocal,0,4,,minus,minus,0.08381650472590334,0.18688020530047386,0.0,0.08381650472590334,0.08200047277964725,0.0,2.358765955429904,True,True
5457,E01__U017__TOP__MINIMUM_CERTIFIED_OUTER_GAP,x07_t29,7,29,0.7520796422271707,0.7534652246830017,0.90625,0.9375,0.0175,0.02,-1e-06,1e-06,CLOSED_REPRESENTATIVE_UNIT_MODULUS_MARGIN,reciprocal,reciprocal,1,4,,minus,minus,0.08381650472590334,0.18688020530047386,0.0,0.08381650472590334,0.08200047809768965,0.0,2.3587659553773173,True,True
5457,E01__U017__TOP__MINIMUM_CERTIFIED_OUTER_GAP,x07_t29,7,29,0.7520796422271707,0.7534652246830017,0.90625,0.9375,0.0175,0.02,-1e-06,1e-06,CLOSED_REPRESENTATIVE_UNIT_MODULUS_MARGIN,reciprocal,reciprocal,2,4,,minus,minus,0.08381650472590334,0.18688020530047386,0.0,0.08381650472590334,0.08200046973696291,0.0,2.3587657149211787,True,True
5457,E01__U017__TOP__MINIMUM_CERTIFIED_OUTER_GAP,x07_t29,7,29,0.7520796422271707,0.7534652246830017,0.90625,0.9375,0.0175,0.02,-1e-06,1e-06,CLOSED_REPRESENTATIVE_UNIT_MODULUS_MARGIN,reciprocal,reciprocal,3,4,,minus,minus,0.08381650472590334,0.18688020530047386,0.0,0.08381650472590334,0.08200046441892052,0.0,2.3587657149737655,True,True
5457,E01__U017__TOP__MINIMUM_CERTIFIED_OUTER_GAP,x07_t30,7,30,0.7520796422271707,0.7534652246830017,0.9375,0.96875,0.0175,0.02,-1e-06,1e-06,CLOSED_REPRESENTATIVE_UNIT_MODULUS_MARGIN,reciprocal,reciprocal,0,4,,minus,minus,0.06575610188486226,0.1852835940081206,0.0,0.06575610188486226,0.06262974148855907,0.0,2.358765955429904,True,True
5457,E01__U017__TOP__MINIMUM_CERTIFIED_OUTER_GAP,x07_t30,7,30,0.7520796422271707,0.7534652246830017,0.9375,0.96875,0.0175,0.02,-1e-06,1e-06,CLOSED_REPRESENTATIVE_UNIT_MODULUS_MARGIN,reciprocal,reciprocal,1,4,,minus,minus,0.06575610188486226,0.1852835940081206,0.0,0.06575610188486226,0.06262974777496201,0.0,2.3587659553773173,True,True
5457,E01__U017__TOP__MINIMUM_CERTIFIED_OUTER_GAP,x07_t30,7,30,0.7520796422271707,0.7534652246830017,0.9375,0.96875,0.0175,0.02,-1e-06,1e-06,CLOSED_REPRESENTATIVE_UNIT_MODULUS_MARGIN,reciprocal,reciprocal,2,4,,minus,minus,0.06575610188486226,0.1852835940081206,0.0,0.06575610188486226,0.0626297413886915,0.0,2.3587657149211787,True,True
5457,E01__U017__TOP__MINIMUM_CERTIFIED_OUTER_GAP,x07_t30,7,30,0.7520796422271707,0.7534652246830017,0.9375,0.96875,0.0175,0.02,-1e-06,1e-06,CLOSED_REPRESENTATIVE_UNIT_MODULUS_MARGIN,reciprocal,reciprocal,3,4,,minus,minus,0.06575610188486226,0.1852835940081206,0.0,0.06575610188486226,0.06262973510228856,0.0,2.3587657149737655,True,True
5457,E01__U017__TOP__MINIMUM_CERTIFIED_OUTER_GAP,x07_t31,7,31,0.7520796422271707,0.7534652246830017,0.96875,1.0,0.0175,0.02,-1e-06,1e-06,CLOSED_REPRESENTATIVE_UNIT_MODULUS_MARGIN,reciprocal,reciprocal,0,4,,minus,minus,0.045119215621434755,0.18692073344870258,0.0,0.045119215621434755,0.04100562254065161,0.0,2.358765955429904,True,True
5457,E01__U017__TOP__MINIMUM_CERTIFIED_OUTER_GAP,x07_t31,7,31,0.7520796422271707,0.7534652246830017,0.96875,1.0,0.0175,0.02,-1e-06,1e-06,CLOSED_REPRESENTATIVE_UNIT_MODULUS_MARGIN,reciprocal,reciprocal,1,4,,minus,minus,0.045119215621434755,0.18692073344870258,0.0,0.045119215621434755,0.04100562997587261,0.0,2.3587659553773173,True,True
5457,E01__U017__TOP__MINIMUM_CERTIFIED_OUTER_GAP,x07_t31,7,31,0.7520796422271707,0.7534652246830017,0.96875,1.0,0.0175,0.02,-1e-06,1e-06,CLOSED_REPRESENTATIVE_UNIT_MODULUS_MARGIN,reciprocal,reciprocal,2,4,,minus,minus,0.045119215621434755,0.18692073344870258,0.0,0.045119215621434755,0.04100562579373287,0.0,2.3587657149211787,True,True
5457,E01__U017__TOP__MINIMUM_CERTIFIED_OUTER_GAP,x07_t31,7,31,0.7520796422271707,0.7534652246830017,0.96875,1.0,0.0175,0.02,-1e-06,1e-06,CLOSED_REPRESENTATIVE_UNIT_MODULUS_MARGIN,reciprocal,reciprocal,3,4,,minus,minus,0.045119215621434755,0.18692073344870258,0.0,0.045119215621434755,0.04100561835851187,0.0,2.3587657149737655,True,True
5457,E01__U017__TOP__MINIMUM_CERTIFIED_OUTER_GAP,x08_t00,8,0,0.7534652246830017,0.7548508071388327,0.0,0.03125,0.0175,0.02,-1e-06,1e-06,CLOSED_REPRESENTATIVE_UNIT_MODULUS_MARGIN,reciprocal,reciprocal,0,4,,holomorphic,plus,0.4691153371973606,0.5175547205270487,0.003628457722134988,0.42747316869480617,0.4691153371973606,0.003203680227301874,2.366207332013373,True,True
5457,E01__U017__TOP__MINIMUM_CERTIFIED_OUTER_GAP,x08_t00,8,0,0.7534652246830017,0.7548508071388327,0.0,0.03125,0.0175,0.02,-1e-06,1e-06,CLOSED_REPRESENTATIVE_UNIT_MODULUS_MARGIN,reciprocal,reciprocal,1,4,,holomorphic,plus,0.46911533767528524,0.5175547200257222,0.003628457722134988,0.42747316869480617,0.46911533767528524,0.0032036804290578023,2.3662073319606143,True,True
5457,E01__U017__TOP__MINIMUM_CERTIFIED_OUTER_GAP,x08_t00,8,0,0.7534652246830017,0.7548508071388327,0.0,0.03125,0.0175,0.02,-1e-06,1e-06,CLOSED_REPRESENTATIVE_UNIT_MODULUS_MARGIN,reciprocal,reciprocal,2,4,,holomorphic,plus,0.4691152898473214,0.5175546682705912,0.003628457722134988,0.42747316869480617,0.4691152898473214,0.003203680743118239,2.366207090719146,True,True
5457,E01__U017__TOP__MINIMUM_CERTIFIED_OUTER_GAP,x08_t00,8,0,0.7534652246830017,0.7548508071388327,0.0,0.03125,0.0175,0.02,-1e-06,1e-06,CLOSED_REPRESENTATIVE_UNIT_MODULUS_MARGIN,reciprocal,reciprocal,3,4,,holomorphic,plus,0.4691152893693967,0.5175546687719176,0.003628457722134988,0.42747316869480617,0.4691152893693967,0.00320368054136227,2.366207090771905,True,True
5457,E01__U017__TOP__MINIMUM_CERTIFIED_OUTER_GAP,x08_t01,8,1,0.7534652246830017,0.7548508071388327,0.03125,0.0625,0.0175,0.02,-1e-06,1e-06,CLOSED_REPRESENTATIVE_UNIT_MODULUS_MARGIN,reciprocal,reciprocal,0,4,,holomorphic,plus,0.456824029835883,0.5061136572486356,0.003547515461313463,0.4164986695575708,0.456824029835883,0.003138853588350084,2.366207332013373,True,True
5457,E01__U017__TOP__MINIMUM_CERTIFIED_OUTER_GAP,x08_t01,8,1,0.7534652246830017,0.7548508071388327,0.03125,0.0625,0.0175,0.02,-1e-06,1e-06,CLOSED_REPRESENTATIVE_UNIT_MODULUS_MARGIN,reciprocal,reciprocal,1,4,,holomorphic,plus,0.45682403033978736,0.5061136567218889,0.003547515461313463,0.4164986695575708,0.45682403033978736,0.003138853730496359,2.3662073319606143,True,True
5457,E01__U017__TOP__MINIMUM_CERTIFIED_OUTER_GAP,x08_t01,8,1,0.7534652246830017,0.7548508071388327,0.03125,0.0625,0.0175,0.02,-1e-06,1e-06,CLOSED_REPRESENTATIVE_UNIT_MODULUS_MARGIN,reciprocal,reciprocal,2,4,,holomorphic,plus,0.4568239837649506,0.50611360611087,0.003547515461313463,0.4164986695575708,0.4568239837649506,0.0031388540382159135,2.366207090719146,True,True
5457,E01__U017__TOP__MINIMUM_CERTIFIED_OUTER_GAP,x08_t01,8,1,0.7534652246830017,0.7548508071388327,0.03125,0.0625,0.0175,0.02,-1e-06,1e-06,CLOSED_REPRESENTATIVE_UNIT_MODULUS_MARGIN,reciprocal,reciprocal,3,4,,holomorphic,plus,0.45682398326104623,0.5061136066376166,0.003547515461313463,0.4164986695575708,0.45682398326104623,0.00313885389606961,2.366207090771905,True,True
5457,E01__U017__TOP__MINIMUM_CERTIFIED_OUTER_GAP,x08_t02,8,2,0.7534652246830017,0.7548508071388327,0.0625,0.09375,0.0175,0.02,-1e-06,1e-06,CLOSED_REPRESENTATIVE_UNIT_MODULUS_MARGIN,reciprocal,reciprocal,0,4,,holomorphic,plus,0.4445119285009521,0.4946894184494272,0.003462100437969566,0.40551258837490883,0.4445119285009521,0.0030707570605505424,2.366207332013373,True,True
5457,E01__U017__TOP__MINIMUM_CERTIFIED_OUTER_GAP,x08_t02,8,2,0.7534652246830017,0.7548508071388327,0.0625,0.09375,0.0175,0.02,-1e-06,1e-06,CLOSED_REPRESENTATIVE_UNIT_MODULUS_MARGIN,reciprocal,reciprocal,1,4,,holomorphic,plus,0.44451192903262693,0.49468941789546933,0.003462100437969566,0.40551258837490883,0.44451192903262693,0.0030707571445205846,2.3662073319606143,True,True
5457,E01__U017__TOP__MINIMUM_CERTIFIED_OUTER_GAP,x08_t02,8,2,0.7534652246830017,0.7548508071388327,0.0625,0.09375,0.0175,0.02,-1e-06,1e-06,CLOSED_REPRESENTATIVE_UNIT_MODULUS_MARGIN,reciprocal,reciprocal,2,4,,holomorphic,plus,0.44451188371303685,0.4946893684268806,0.003462100437969566,0.40551258837490883,0.44451188371303685,0.0030707574455782886,2.366207090719146,True,True
5457,E01__U017__TOP__MINIMUM_CERTIFIED_OUTER_GAP,x08_t02,8,2,0.7534652246830017,0.7548508071388327,0.0625,0.09375,0.0175,0.02,-1e-06,1e-06,CLOSED_REPRESENTATIVE_UNIT_MODULUS_MARGIN,reciprocal,reciprocal,3,4,,holomorphic,plus,0.44451188318136203,0.4946893689808385,0.003462100437969566,0.40551258837490883,0.44451188318136203,0.003070757361608229,2.366207090771905,True,True
5457,E01__U017__TOP__MINIMUM_CERTIFIED_OUTER_GAP,x08_t03,8,3,0.7534652246830017,0.7548508071388327,0.09375,0.125,0.0175,0.02,-1e-06,1e-06,CLOSED_REPRESENTATIVE_UNIT_MODULUS_MARGIN,reciprocal,reciprocal,0,4,,holomorphic,plus,0.43217754779498013,0.483283717412756,0.0033717679361682496,0.3945140102387558,0.43217754779498013,0.0029990925987662923,2.366207332013373,True,True
5457,E01__U017__TOP__MINIMUM_CERTIFIED_OUTER_GAP,x08_t03,8,3,0.7534652246830017,0.7548508071388327,0.09375,0.125,0.0175,0.02,-1e-06,1e-06,CLOSED_REPRESENTATIVE_UNIT_MODULUS_MARGIN,reciprocal,reciprocal,1,4,,holomorphic,plus,0.4321775483563996,0.4832837168296125,0.0033717679361682496,0.3945140102387558,0.4321775483563996,0.0029990926260818557,2.3662073319606143,True,True
5457,E01__U017__TOP__MINIMUM_CERTIFIED_OUTER_GAP,x08_t03,8,3,0.7534652246830017,0.7548508071388327,0.09375,0.125,0.0175,0.02,-1e-06,1e-06,CLOSED_REPRESENTATIVE_UNIT_MODULUS_MARGIN,reciprocal,reciprocal,2,4,,holomorphic,plus,0.4321775042943271,0.48328366850160065,0.0033717679361682496,0.3945140102387558,0.4321775042943271,0.0029990929201274947,2.366207090719146,True,True
5457,E01__U017__TOP__MINIMUM_CERTIFIED_OUTER_GAP,x08_t03,8,3,0.7534652246830017,0.7548508071388327,0.09375,0.125,0.0175,0.02,-1e-06,1e-06,CLOSED_REPRESENTATIVE_UNIT_MODULUS_MARGIN,reciprocal,reciprocal,3,4,,holomorphic,plus,0.43217750373290764,0.4832836690847441,0.0033717679361682496,0.3945140102387558,0.43217750373290764,0.002999092892811926,2.366207090771905,True,True
5457,E01__U017__TOP__MINIMUM_CERTIFIED_OUTER_GAP,x08_t04,8,4,0.7534652246830017,0.7548508071388327,0.125,0.15625,0.0175,0.02,-1e-06,1e-06,CLOSED_REPRESENTATIVE_UNIT_MODULUS_MARGIN,reciprocal,reciprocal,0,4,,holomorphic,plus,0.41981934731711185,0.47189837776856086,0.0032775566984626792,0.3835019332145911,0.41981934731711185,0.0029361845470913784,2.366207332013373,True,True
5457,E01__U017__TOP__MINIMUM_CERTIFIED_OUTER_GAP,x08_t04,8,4,0.7534652246830017,0.7548508071388327,0.125,0.15625,0.0175,0.02,-1e-06,1e-06,CLOSED_REPRESENTATIVE_UNIT_MODULUS_MARGIN,reciprocal,reciprocal,1,4,,holomorphic,plus,0.41981934791045317,0.4718983771540542,0.0032775566984626792,0.3835019332145911,0.41981934791045317,0.0029361845541408783,2.3662073319606143,True,True
5457,E01__U017__TOP__MINIMUM_CERTIFIED_OUTER_GAP,x08_t04,8,4,0.7534652246830017,0.7548508071388327,0.125,0.15625,0.0175,0.02,-1e-06,1e-06,CLOSED_REPRESENTATIVE_UNIT_MODULUS_MARGIN,reciprocal,reciprocal,2,4,,holomorphic,plus,0.41981930510832627,0.47189832996458353,0.0032775566984626792,0.3835019332145911,0.41981930510832627,0.002936184842022718,2.366207090719146,True,True
5457,E01__U017__TOP__MINIMUM_CERTIFIED_OUTER_GAP,x08_t04,8,4,0.7534652246830017,0.7548508071388327,0.125,0.15625,0.0175,0.02,-1e-06,1e-06,CLOSED_REPRESENTATIVE_UNIT_MODULUS_MARGIN,reciprocal,reciprocal,3,4,,holomorphic,plus,0.41981930451498495,0.47189833057909025,0.0032775566984626792,0.3835019332145911,0.41981930451498495,0.0029361848349732165,2.366207090771905,True,True
5457,E01__U017__TOP__MINIMUM_CERTIFIED_OUTER_GAP,x08_t05,8,5,0.7534652246830017,0.7548508071388327,0.15625,0.1875,0.0175,0.02,-1e-06,1e-06,CLOSED_REPRESENTATIVE_UNIT_MODULUS_MARGIN,reciprocal,reciprocal,0,4,,holomorphic,plus,0.4074354836943172,0.46053559663605015,0.003244278644023406,0.37247516791797736,0.4074354836943172,0.002952771373667621,2.366207332013373,True,True
5457,E01__U017__TOP__MINIMUM_CERTIFIED_OUTER_GAP,x08_t05,8,5,0.7534652246830017,0.7548508071388327,0.15625,0.1875,0.0175,0.02,-1e-06,1e-06,CLOSED_REPRESENTATIVE_UNIT_MODULUS_MARGIN,reciprocal,reciprocal,1,4,,holomorphic,plus,0.40743548432199284,0.46053559598776744,0.003244278644023406,0.37247516791797736,0.40743548432199284,0.0029527713953850687,2.3662073319606143,True,True
5457,E01__U017__TOP__MINIMUM_CERTIFIED_OUTER_GAP,x08_t05,8,5,0.7534652246830017,0.7548508071388327,0.15625,0.1875,0.0175,0.02,-1e-06,1e-06,CLOSED_REPRESENTATIVE_UNIT_MODULUS_MARGIN,reciprocal,reciprocal,2,4,,holomorphic,plus,0.4074354427824274,0.46053554993458273,0.003244278644023406,0.37247516791797736,0.4074354427824274,0.0029527716848876356,2.366207090719146,True,True
5457,E01__U017__TOP__MINIMUM_CERTIFIED_OUTER_GAP,x08_t05,8,5,0.7534652246830017,0.7548508071388327,0.15625,0.1875,0.0175,0.02,-1e-06,1e-06,CLOSED_REPRESENTATIVE_UNIT_MODULUS_MARGIN,reciprocal,reciprocal,3,4,,holomorphic,plus,0.40743544215475175,0.4605355505828655,0.003244278644023406,0.37247516791797736,0.40743544215475175,0.0029527716631701836,2.366207090771905,True,True
5457,E01__U017__TOP__MINIMUM_CERTIFIED_OUTER_GAP,x08_t06,8,6,0.7534652246830017,0.7548508071388327,0.1875,0.21875,0.0175,0.02,-1e-06,1e-06,CLOSED_REPRESENTATIVE_UNIT_MODULUS_MARGIN,reciprocal,reciprocal,0,4,,holomorphic,plus,0.39502389910476915,0.44919786682265184,0.00329795745009506,0.36143229003390476,0.39502389910476915,0.0030500098165366957,2.366207332013373,True,True
5457,E01__U017__TOP__MINIMUM_CERTIFIED_OUTER_GAP,x08_t06,8,6,0.7534652246830017,0.7548508071388327,0.1875,0.21875,0.0175,0.02,-1e-06,1e-06,CLOSED_REPRESENTATIVE_UNIT_MODULUS_MARGIN,reciprocal,reciprocal,1,4,,holomorphic,plus,0.39502389976946156,0.44919786613790996,0.00329795745009506,0.36143229003390476,0.39502389976946156,0.0030500098532181934,2.3662073319606143,True,True
5457,E01__U017__TOP__MINIMUM_CERTIFIED_OUTER_GAP,x08_t06,8,6,0.7534652246830017,0.7548508071388327,0.1875,0.21875,0.0175,0.02,-1e-06,1e-06,CLOSED_REPRESENTATIVE_UNIT_MODULUS_MARGIN,reciprocal,reciprocal,2,4,,holomorphic,plus,0.3950238594952832,0.4491978212185067,0.00329795745009506,0.36143229003390476,0.3950238594952832,0.0030500101522493886,2.366207090719146,True,True
5457,E01__U017__TOP__MINIMUM_CERTIFIED_OUTER_GAP,x08_t06,8,6,0.7534652246830017,0.7548508071388327,0.1875,0.21875,0.0175,0.02,-1e-06,1e-06,CLOSED_REPRESENTATIVE_UNIT_MODULUS_MARGIN,reciprocal,reciprocal,3,4,,holomorphic,plus,0.39502385883059077,0.4491978219032486,0.00329795745009506,0.36143229003390476,0.39502385883059077,0.003050010115567884,2.366207090771905,True,True
5457,E01__U017__TOP__MINIMUM_CERTIFIED_OUTER_GAP,x08_t07,8,7,0.7534652246830017,0.7548508071388327,0.21875,0.25,0.0175,0.02,-1e-06,1e-06,CLOSED_REPRESENTATIVE_UNIT_MODULUS_MARGIN,reciprocal,reciprocal,0,4,,holomorphic,plus,0.38258228811943984,0.4378880256946077,0.0034215127471276014,0.35037176520707825,0.38258228811943984,0.0032112812832057885,2.366207332013373,True,True
5457,E01__U017__TOP__MINIMUM_CERTIFIED_OUTER_GAP,x08_t07,8,7,0.7534652246830017,0.7548508071388327,0.21875,0.25,0.0175,0.02,-1e-06,1e-06,CLOSED_REPRESENTATIVE_UNIT_MODULUS_MARGIN,reciprocal,reciprocal,1,4,,holomorphic,plus,0.38258228882414175,0.43788802497041324,0.0034215127471276014,0.35037176520707825,0.38258228882414175,0.0032112813343908387,2.3662073319606143,True,True
5457,E01__U017__TOP__MINIMUM_CERTIFIED_OUTER_GAP,x08_t07,8,7,0.7534652246830017,0.7548508071388327,0.21875,0.25,0.0175,0.02,-1e-06,1e-06,CLOSED_REPRESENTATIVE_UNIT_MODULUS_MARGIN,reciprocal,reciprocal,2,4,,holomorphic,plus,0.382582249818411,0.4378879811820032,0.0034215127471276014,0.35037176520707825,0.382582249818411,0.0032112816492294153,2.366207090719146,True,True
5457,E01__U017__TOP__MINIMUM_CERTIFIED_OUTER_GAP,x08_t07,8,7,0.7534652246830017,0.7548508071388327,0.21875,0.25,0.0175,0.02,-1e-06,1e-06,CLOSED_REPRESENTATIVE_UNIT_MODULUS_MARGIN,reciprocal,reciprocal,3,4,,holomorphic,plus,0.38258224911370914,0.4378879819061977,0.0034215127471276014,0.35037176520707825,0.38258224911370914,0.003211281598044355,2.366207090771905,True,True
5457,E01__U017__TOP__MINIMUM_CERTIFIED_OUTER_GAP,x08_t08,8,8,0.7534652246830017,0.7548508071388327,0.25,0.28125,0.0175,0.02,-1e-06,1e-06,CLOSED_REPRESENTATIVE_UNIT_MODULUS_MARGIN,reciprocal,reciprocal,0,4,,holomorphic,plus,0.37010805727658497,0.4266093146951499,0.0035782653162115354,0.3392918018514564,0.37010805727658497,0.0034182675448952795,2.366207332013373,True,True
5457,E01__U017__TOP__MINIMUM_CERTIFIED_OUTER_GAP,x08_t08,8,8,0.7534652246830017,0.7548508071388327,0.25,0.28125,0.0175,0.02,-1e-06,1e-06,CLOSED_REPRESENTATIVE_UNIT_MODULUS_MARGIN,reciprocal,reciprocal,1,4,,holomorphic,plus,0.37010805802464714,0.42660931392815105,0.0035782653162115354,0.3392918018514564,0.37010805802464714,0.0034182676098573287,2.3662073319606143,True,True
5457,E01__U017__TOP__MINIMUM_CERTIFIED_OUTER_GAP,x08_t08,8,8,0.7534652246830017,0.7548508071388327,0.25,0.28125,0.0175,0.02,-1e-06,1e-06,CLOSED_REPRESENTATIVE_UNIT_MODULUS_MARGIN,reciprocal,reciprocal,2,4,,holomorphic,plus,0.37010802029068895,0.4266092712676221,0.0035782653162115354,0.3392918018514564,0.37010802029068895,0.0034182679449860417,2.366207090719146,True,True
5457,E01__U017__TOP__MINIMUM_CERTIFIED_OUTER_GAP,x08_t08,8,8,0.7534652246830017,0.7548508071388327,0.25,0.28125,0.0175,0.02,-1e-06,1e-06,CLOSED_REPRESENTATIVE_UNIT_MODULUS_MARGIN,reciprocal,reciprocal,3,4,,holomorphic,plus,0.3701080195426268,0.4266092720346209,0.0035782653162115354,0.3392918018514564,0.3701080195426268,0.0034182678800239795,2.366207090771905,True,True
5457,E01__U017__TOP__MINIMUM_CERTIFIED_OUTER_GAP,x08_t09,8,9,0.7534652246830017,0.7548508071388327,0.28125,0.3125,0.0175,0.02,-1e-06,1e-06,CLOSED_REPRESENTATIVE_UNIT_MODULUS_MARGIN,reciprocal,reciprocal,0,4,,holomorphic,plus,0.35759827623220364,0.4153654514871486,0.0037470701535372176,0.3281902884736798,0.35759827623220364,0.003653993946513007,2.366207332013373,True,True
5457,E01__U017__TOP__MINIMUM_CERTIFIED_OUTER_GAP,x08_t09,8,9,0.7534652246830017,0.7548508071388327,0.28125,0.3125,0.0175,0.02,-1e-06,1e-06,CLOSED_REPRESENTATIVE_UNIT_MODULUS_MARGIN,reciprocal,reciprocal,1,4,,holomorphic,plus,0.35759827702739183,0.41536545067357833,0.0037470701535372176,0.3281902884736798,0.35759827702739183,0.003653994024632952,2.3662073319606143,True,True
5457,E01__U017__TOP__MINIMUM_CERTIFIED_OUTER_GAP,x08_t09,8,9,0.7534652246830017,0.7548508071388327,0.28125,0.3125,0.0175,0.02,-1e-06,1e-06,CLOSED_REPRESENTATIVE_UNIT_MODULUS_MARGIN,reciprocal,reciprocal,2,4,,holomorphic,plus,0.3575982405688298,0.41536540913744646,0.0037470701535372176,0.3281902884736798,0.3575982405688298,0.0036539943828701564,2.366207090719146,True,True
5457,E01__U017__TOP__MINIMUM_CERTIFIED_OUTER_GAP,x08_t09,8,9,0.7534652246830017,0.7548508071388327,0.28125,0.3125,0.0175,0.02,-1e-06,1e-06,CLOSED_REPRESENTATIVE_UNIT_MODULUS_MARGIN,reciprocal,reciprocal,3,4,,holomorphic,plus,0.3575982397736415,0.41536540995101673,0.0037470701535372176,0.3281902884736798,0.3575982397736415,0.0036539943047501954,2.366207090771905,True,True
5457,E01__U017__TOP__MINIMUM_CERTIFIED_OUTER_GAP,x08_t10,8,10,0.7534652246830017,0.7548508071388327,0.3125,0.34375,0.0175,0.02,-1e-06,1e-06,CLOSED_REPRESENTATIVE_UNIT_MODULUS_MARGIN,reciprocal,reciprocal,0,4,,holomorphic,plus,0.3450496183225485,0.40416071794875363,0.003917657623800624,0.3170647487855425,0.3450496183225485,0.0039040817946335887,2.366207332013373,True,True
5457,E01__U017__TOP__MINIMUM_CERTIFIED_OUTER_GAP,x08_t10,8,10,0.7534652246830017,0.7548508071388327,0.3125,0.34375,0.0175,0.02,-1e-06,1e-06,CLOSED_REPRESENTATIVE_UNIT_MODULUS_MARGIN,reciprocal,reciprocal,1,4,,holomorphic,plus,0.3450496191691122,0.40416071708436097,0.003917657623800624,0.3170647487855425,0.3450496191691122,0.00390408188559012,2.3662073319606143,True,True
5457,E01__U017__TOP__MINIMUM_CERTIFIED_OUTER_GAP,x08_t10,8,10,0.7534652246830017,0.7548508071388327,0.3125,0.34375,0.0175,0.02,-1e-06,1e-06,CLOSED_REPRESENTATIVE_UNIT_MODULUS_MARGIN,reciprocal,reciprocal,2,4,,holomorphic,plus,0.34504958398990876,0.4041606766687142,0.003917657623800624,0.3170647487855425,0.34504958398990876,0.003904082268344241,2.366207090719146,True,True
5457,E01__U017__TOP__MINIMUM_CERTIFIED_OUTER_GAP,x08_t10,8,10,0.7534652246830017,0.7548508071388327,0.3125,0.34375,0.0175,0.02,-1e-06,1e-06,CLOSED_REPRESENTATIVE_UNIT_MODULUS_MARGIN,reciprocal,reciprocal,3,4,,holomorphic,plus,0.3450495831433451,0.40416067753310686,0.003917657623800624,0.3170647487855425,0.3450495831433451,0.0039040821773876915,2.366207090771905,True,True
5457,E01__U017__TOP__MINIMUM_CERTIFIED_OUTER_GAP,x08_t11,8,11,0.7534652246830017,0.7548508071388327,0.34375,0.375,0.0175,0.02,-1e-06,1e-06,CLOSED_REPRESENTATIVE_UNIT_MODULUS_MARGIN,reciprocal,reciprocal,0,4,,holomorphic,plus,0.3324582877049057,0.39300006823120104,0.004074884104727287,0.30591225760154717,0.3324582877049057,0.004156766838231704,2.366207332013373,True,True
5457,E01__U017__TOP__MINIMUM_CERTIFIED_OUTER_GAP,x08_t11,8,11,0.7534652246830017,0.7548508071388327,0.34375,0.375,0.0175,0.02,-1e-06,1e-06,CLOSED_REPRESENTATIVE_UNIT_MODULUS_MARGIN,reciprocal,reciprocal,1,4,,holomorphic,plus,0.3324582886076604,0.39300006731116827,0.004074884104727287,0.30591225760154717,0.3324582886076604,0.004156766942066504,2.3662073319606143,True,True
5457,E01__U017__TOP__MINIMUM_CERTIFIED_OUTER_GAP,x08_t11,8,11,0.7534652246830017,0.7548508071388327,0.34375,0.375,0.0175,0.02,-1e-06,1e-06,CLOSED_REPRESENTATIVE_UNIT_MODULUS_MARGIN,reciprocal,reciprocal,2,4,,holomorphic,plus,0.33245825471216517,0.3930000280115994,0.004074884104727287,0.30591225760154717,0.33245825471216517,0.00415676734959237,2.366207090719146,True,True
5457,E01__U017__TOP__MINIMUM_CERTIFIED_OUTER_GAP,x08_t11,8,11,0.7534652246830017,0.7548508071388327,0.34375,0.375,0.0175,0.02,-1e-06,1e-06,CLOSED_REPRESENTATIVE_UNIT_MODULUS_MARGIN,reciprocal,reciprocal,3,4,,holomorphic,plus,0.33245825380941046,0.3930000289316321,0.004074884104727287,0.30591225760154717,0.33245825380941046,0.004156767245757549,2.366207090771905,True,True
5457,E01__U017__TOP__MINIMUM_CERTIFIED_OUTER_GAP,x08_t12,8,12,0.7534652246830017,0.7548508071388327,0.375,0.40625,0.0175,0.02,-1e-06,1e-06,CLOSED_REPRESENTATIVE_UNIT_MODULUS_MARGIN,reciprocal,reciprocal,0,4,,holomorphic,plus,0.3198199293273111,0.38188926241812343,0.004205126466311032,0.294729332895072,0.3198199293273111,0.004402388641848092,2.366207332013373,True,True
5457,E01__U017__TOP__MINIMUM_CERTIFIED_OUTER_GAP,x08_t12,8,12,0.7534652246830017,0.7548508071388327,0.375,0.40625,0.0175,0.02,-1e-06,1e-06,CLOSED_REPRESENTATIVE_UNIT_MODULUS_MARGIN,reciprocal,reciprocal,1,4,,holomorphic,plus,0.3198199302917393,0.3818892614369655,0.004205126466311032,0.294729332895072,0.3198199302917393,0.004402388758975765,2.3662073319606143,True,True
5457,E01__U017__TOP__MINIMUM_CERTIFIED_OUTER_GAP,x08_t12,8,12,0.7534652246830017,0.7548508071388327,0.375,0.40625,0.0175,0.02,-1e-06,1e-06,CLOSED_REPRESENTATIVE_UNIT_MODULUS_MARGIN,reciprocal,reciprocal,2,4,,holomorphic,plus,0.3198198976847455,0.3818892232484913,0.004205126466311032,0.294729332895072,0.3198198976847455,0.004402389190580892,2.366207090719146,True,True
5457,E01__U017__TOP__MINIMUM_CERTIFIED_OUTER_GAP,x08_t12,8,12,0.7534652246830017,0.7548508071388327,0.375,0.40625,0.0175,0.02,-1e-06,1e-06,CLOSED_REPRESENTATIVE_UNIT_MODULUS_MARGIN,reciprocal,reciprocal,3,4,,holomorphic,plus,0.31981989672031735,0.3818892242296492,0.004205126466311032,0.294729332895072,0.31981989672031735,0.004402389073453196,2.366207090771905,True,True
5457,E01__U017__TOP__MINIMUM_CERTIFIED_OUTER_GAP,x08_t13,8,13,0.7534652246830017,0.7548508071388327,0.40625,0.4375,0.0175,0.02,-1e-06,1e-06,CLOSED_REPRESENTATIVE_UNIT_MODULUS_MARGIN,reciprocal,reciprocal,0,4,,holomorphic,plus,0.3071295167113129,0.3708350331500098,0.0042956006353783854,0.2835117960215667,0.3071295167113129,0.004632772952578085,2.366207332013373,True,True
5457,E01__U017__TOP__MINIMUM_CERTIFIED_OUTER_GAP,x08_t13,8,13,0.7534652246830017,0.7548508071388327,0.40625,0.4375,0.0175,0.02,-1e-06,1e-06,CLOSED_REPRESENTATIVE_UNIT_MODULUS_MARGIN,reciprocal,reciprocal,1,4,,holomorphic,plus,0.30712951774368663,0.3708350321014511,0.0042956006353783854,0.2835117960215667,0.30712951774368663,0.0046327730837845615,2.3662073319606143,True,True
5457,E01__U017__TOP__MINIMUM_CERTIFIED_OUTER_GAP,x08_t13,8,13,0.7534652246830017,0.7548508071388327,0.40625,0.4375,0.0175,0.02,-1e-06,1e-06,CLOSED_REPRESENTATIVE_UNIT_MODULUS_MARGIN,reciprocal,reciprocal,2,4,,holomorphic,plus,0.3071294864305,0.37083499501841544,0.0042956006353783854,0.2835117960215667,0.3071294864305,0.0046327735379748805,2.366207090719146,True,True
5457,E01__U017__TOP__MINIMUM_CERTIFIED_OUTER_GAP,x08_t13,8,13,0.7534652246830017,0.7548508071388327,0.40625,0.4375,0.0175,0.02,-1e-06,1e-06,CLOSED_REPRESENTATIVE_UNIT_MODULUS_MARGIN,reciprocal,reciprocal,3,4,,holomorphic,plus,0.3071294853981262,0.3708349960669742,0.0042956006353783854,0.2835117960215667,0.3071294853981262,0.004632773406768378,2.366207090771905,True,True
5457,E01__U017__TOP__MINIMUM_CERTIFIED_OUTER_GAP,x08_t14,8,14,0.7534652246830017,0.7548508071388327,0.4375,0.46875,0.0175,0.02,-1e-06,1e-06,CLOSED_REPRESENTATIVE_UNIT_MODULUS_MARGIN,reciprocal,reciprocal,0,4,,holomorphic,plus,0.29438121075701196,0.3598452951093432,0.004333659306564244,0.2722545890230579,0.29438121075701196,0.004840676375296073,2.366207332013373,True,True
5457,E01__U017__TOP__MINIMUM_CERTIFIED_OUTER_GAP,x08_t14,8,14,0.7534652246830017,0.7548508071388327,0.4375,0.46875,0.0175,0.02,-1e-06,1e-06,CLOSED_REPRESENTATIVE_UNIT_MODULUS_MARGIN,reciprocal,reciprocal,1,4,,holomorphic,plus,0.294381211864545,0.35984529398616566,0.004333659306564244,0.2722545890230579,0.294381211864545,0.004840676521746554,2.3662073319606143,True,True
5457,E01__U017__TOP__MINIMUM_CERTIFIED_OUTER_GAP,x08_t14,8,14,0.7534652246830017,0.7548508071388327,0.4375,0.46875,0.0175,0.02,-1e-06,1e-06,CLOSED_REPRESENTATIVE_UNIT_MODULUS_MARGIN,reciprocal,reciprocal,2,4,,holomorphic,plus,0.29438118185106615,0.3598452580021211,0.004333659306564244,0.2722545890230579,0.29438118185106615,0.0048406769963176876,2.366207090719146,True,True
5457,E01__U017__TOP__MINIMUM_CERTIFIED_OUTER_GAP,x08_t14,8,14,0.7534652246830017,0.7548508071388327,0.4375,0.46875,0.0175,0.02,-1e-06,1e-06,CLOSED_REPRESENTATIVE_UNIT_MODULUS_MARGIN,reciprocal,reciprocal,3,4,,holomorphic,plus,0.2943811807435331,0.35984525912529863,0.004333659306564244,0.2722545890230579,0.2943811807435331,0.004840676849867177,2.366207090771905,True,True
5457,E01__U017__TOP__MINIMUM_CERTIFIED_OUTER_GAP,x08_t15,8,15,0.7534652246830017,0.7548508071388327,0.46875,0.5,0.0175,0.02,-1e-06,1e-06,CLOSED_REPRESENTATIVE_UNIT_MODULUS_MARGIN,reciprocal,reciprocal,0,4,,holomorphic,plus,0.2815681802577908,0.348929410820936,0.004306130346164328,0.26095153347378014,0.2815681802577908,0.0050193319453238116,2.366207332013373,True,True
5457,E01__U017__TOP__MINIMUM_CERTIFIED_OUTER_GAP,x08_t15,8,15,0.7534652246830017,0.7548508071388327,0.46875,0.5,0.0175,0.02,-1e-06,1e-06,CLOSED_REPRESENTATIVE_UNIT_MODULUS_MARGIN,reciprocal,reciprocal,1,4,,holomorphic,plus,0.2815681814488267,0.34892940961479063,0.004306130346164328,0.26095153347378014,0.2815681814488267,0.005019332108589305,2.3662073319606143,True,True
5457,E01__U017__TOP__MINIMUM_CERTIFIED_OUTER_GAP,x08_t15,8,15,0.7534652246830017,0.7548508071388327,0.46875,0.5,0.0175,0.02,-1e-06,1e-06,CLOSED_REPRESENTATIVE_UNIT_MODULUS_MARGIN,reciprocal,reciprocal,2,4,,holomorphic,plus,0.28156815274165253,0.34892937472235364,0.004306130346164328,0.26095153347378014,0.28156815274165253,0.005019332600673281,2.366207090719146,True,True
5457,E01__U017__TOP__MINIMUM_CERTIFIED_OUTER_GAP,x08_t15,8,15,0.7534652246830017,0.7548508071388327,0.46875,0.5,0.0175,0.02,-1e-06,1e-06,CLOSED_REPRESENTATIVE_UNIT_MODULUS_MARGIN,reciprocal,reciprocal,3,4,,holomorphic,plus,0.2815681515506166,0.348929375928499,0.004306130346164328,0.26095153347378014,0.2815681515506166,0.0050193324374077555,2.366207090771905,True,True
5457,E01__U017__TOP__MINIMUM_CERTIFIED_OUTER_GAP,x08_t16,8,16,0.7534652246830017,0.7548508071388327,0.5,0.53125,0.0175,0.02,-1e-06,1e-06,CLOSED_REPRESENTATIVE_UNIT_MODULUS_MARGIN,reciprocal,reciprocal,0,4,,holomorphic,plus,0.26868237117570554,0.3380985312936155,0.0041987186851338,0.24959500884272584,0.26868237117570554,0.0051620860923341765,2.366207332013373,True,True
5457,E01__U017__TOP__MINIMUM_CERTIFIED_OUTER_GAP,x08_t16,8,16,0.7534652246830017,0.7548508071388327,0.5,0.53125,0.0175,0.02,-1e-06,1e-06,CLOSED_REPRESENTATIVE_UNIT_MODULUS_MARGIN,reciprocal,reciprocal,1,4,,holomorphic,plus,0.26868237245995363,0.3380985299947861,0.0041987186851338,0.24959500884272584,0.26868237245995363,0.005162086274440984,2.3662073319606143,True,True
5457,E01__U017__TOP__MINIMUM_CERTIFIED_OUTER_GAP,x08_t16,8,16,0.7534652246830017,0.7548508071388327,0.5,0.53125,0.0175,0.02,-1e-06,1e-06,CLOSED_REPRESENTATIVE_UNIT_MODULUS_MARGIN,reciprocal,reciprocal,2,4,,holomorphic,plus,0.2686823450665018,0.3380984961854585,0.0041987186851338,0.24959500884272584,0.2686823450665018,0.005162086780517348,2.366207090719146,True,True
5457,E01__U017__TOP__MINIMUM_CERTIFIED_OUTER_GAP,x08_t16,8,16,0.7534652246830017,0.7548508071388327,0.5,0.53125,0.0175,0.02,-1e-06,1e-06,CLOSED_REPRESENTATIVE_UNIT_MODULUS_MARGIN,reciprocal,reciprocal,3,4,,holomorphic,plus,0.2686823437822537,0.33809849748428783,0.0041987186851338,0.24959500884272584,0.2686823437822537,0.005162086598410505,2.366207090771905,True,True
5457,E01__U017__TOP__MINIMUM_CERTIFIED_OUTER_GAP,x08_t17,8,17,0.7534652246830017,0.7548508071388327,0.53125,0.5625,0.0175,0.02,-1e-06,1e-06,CLOSED_REPRESENTATIVE_UNIT_MODULUS_MARGIN,reciprocal,reciprocal,0,4,,holomorphic,plus,0.25571420640156106,0.32736603736343123,0.003995536702708649,0.23817551880323723,0.25571420640156106,0.005262109414848318,2.366207332013373,True,True
5457,E01__U017__TOP__MINIMUM_CERTIFIED_OUTER_GAP,x08_t17,8,17,0.7534652246830017,0.7548508071388327,0.53125,0.5625,0.0175,0.02,-1e-06,1e-06,CLOSED_REPRESENTATIVE_UNIT_MODULUS_MARGIN,reciprocal,reciprocal,1,4,,holomorphic,plus,0.25571420779039455,0.32736603596053643,0.003995536702708649,0.23817551880323723,0.25571420779039455,0.005262109618353541,2.3662073319606143,True,True
5457,E01__U017__TOP__MINIMUM_CERTIFIED_OUTER_GAP,x08_t17,8,17,0.7534652246830017,0.7548508071388327,0.53125,0.5625,0.0175,0.02,-1e-06,1e-06,CLOSED_REPRESENTATIVE_UNIT_MODULUS_MARGIN,reciprocal,reciprocal,2,4,,holomorphic,plus,0.2557141817190588,0.3273660032244822,0.003995536702708649,0.23817551880323723,0.2557141817190588,0.005262110134232105,2.366207090719146,True,True
5457,E01__U017__TOP__MINIMUM_CERTIFIED_OUTER_GAP,x08_t17,8,17,0.7534652246830017,0.7548508071388327,0.53125,0.5625,0.0175,0.02,-1e-06,1e-06,CLOSED_REPRESENTATIVE_UNIT_MODULUS_MARGIN,reciprocal,reciprocal,3,4,,holomorphic,plus,0.2557141803302253,0.327366004627377,0.003995536702708649,0.23817551880323723,0.2557141803302253,0.005262109930726841,2.366207090771905,True,True
5457,E01__U017__TOP__MINIMUM_CERTIFIED_OUTER_GAP,x08_t18,8,18,0.7534652246830017,0.7548508071388327,0.5625,0.59375,0.0175,0.02,-1e-06,1e-06,CLOSED_REPRESENTATIVE_UNIT_MODULUS_MARGIN,reciprocal,reciprocal,0,4,,holomorphic,plus,0.24265218978860081,0.3167481183719137,0.003679030716946914,0.2266810997045303,0.24265218978860081,0.005312174663783182,2.366207332013373,True,True
5457,E01__U017__TOP__MINIMUM_CERTIFIED_OUTER_GAP,x08_t18,8,18,0.7534652246830017,0.7548508071388327,0.5625,0.59375,0.0175,0.02,-1e-06,1e-06,CLOSED_REPRESENTATIVE_UNIT_MODULUS_MARGIN,reciprocal,reciprocal,1,4,,holomorphic,plus,0.24265219129543675,0.31674811685152665,0.003679030716946914,0.2266810997045303,0.24265219129543675,0.005312174891878601,2.3662073319606143,True,True
5457,E01__U017__TOP__MINIMUM_CERTIFIED_OUTER_GAP,x08_t18,8,18,0.7534652246830017,0.7548508071388327,0.5625,0.59375,0.0175,0.02,-1e-06,1e-06,CLOSED_REPRESENTATIVE_UNIT_MODULUS_MARGIN,reciprocal,reciprocal,2,4,,holomorphic,plus,0.24265216655578242,0.31674808517729147,0.003679030716946914,0.2266810997045303,0.24265216655578242,0.00531217541266041,2.366207090719146,True,True
5457,E01__U017__TOP__MINIMUM_CERTIFIED_OUTER_GAP,x08_t18,8,18,0.7534652246830017,0.7548508071388327,0.5625,0.59375,0.0175,0.02,-1e-06,1e-06,CLOSED_REPRESENTATIVE_UNIT_MODULUS_MARGIN,reciprocal,reciprocal,3,4,,holomorphic,plus,0.24265216504894652,0.3167480866976785,0.003679030716946914,0.2266810997045303,0.24265216504894652,0.0053121751845649455,2.366207090771905,True,True
5457,E01__U017__TOP__MINIMUM_CERTIFIED_OUTER_GAP,x08_t19,8,19,0.7534652246830017,0.7548508071388327,0.59375,0.625,0.0175,0.02,-1e-06,1e-06,CLOSED_REPRESENTATIVE_UNIT_MODULUS_MARGIN,reciprocal,reciprocal,0,4,,holomorphic,plus,0.2294823762178401,0.3062645409053094,0.0032313359268053283,0.21509650400735567,0.2294823762178401,0.005304522351914647,2.366207332013373,True,True
5457,E01__U017__TOP__MINIMUM_CERTIFIED_OUTER_GAP,x08_t19,8,19,0.7534652246830017,0.7548508071388327,0.59375,0.625,0.0175,0.02,-1e-06,1e-06,CLOSED_REPRESENTATIVE_UNIT_MODULUS_MARGIN,reciprocal,reciprocal,1,4,,holomorphic,plus,0.22948237785862868,0.3062645392514691,0.0032313359268053283,0.21509650400735567,0.22948237785862868,0.00530452260855807,2.3662073319606143,True,True
5457,E01__U017__TOP__MINIMUM_CERTIFIED_OUTER_GAP,x08_t19,8,19,0.7534652246830017,0.7548508071388327,0.59375,0.625,0.0175,0.02,-1e-06,1e-06,CLOSED_REPRESENTATIVE_UNIT_MODULUS_MARGIN,reciprocal,reciprocal,2,4,,holomorphic,plus,0.22948235446164225,0.3062645086256225,0.0032313359268053283,0.21509650400735567,0.22948235446164225,0.005304523128583191,2.366207090719146,True,True
5457,E01__U017__TOP__MINIMUM_CERTIFIED_OUTER_GAP,x08_t19,8,19,0.7534652246830017,0.7548508071388327,0.59375,0.625,0.0175,0.02,-1e-06,1e-06,CLOSED_REPRESENTATIVE_UNIT_MODULUS_MARGIN,reciprocal,reciprocal,3,4,,holomorphic,plus,0.22948235282085366,0.3062645102794628,0.0032313359268053283,0.21509650400735567,0.22948235282085366,0.005304522871939716,2.366207090771905,True,True
5457,E01__U017__TOP__MINIMUM_CERTIFIED_OUTER_GAP,x08_t20,8,20,0.7534652246830017,0.7548508071388327,0.625,0.65625,0.0175,0.02,-1e-06,1e-06,CLOSED_REPRESENTATIVE_UNIT_MODULUS_MARGIN,reciprocal,reciprocal,0,4,,holomorphic,plus,0.21618765087172756,0.29593968478713417,0.002640457299036051,0.20340205887217763,0.21618765087172756,0.005230890373835629,2.366207332013373,True,True
5457,E01__U017__TOP__MINIMUM_CERTIFIED_OUTER_GAP,x08_t20,8,20,0.7534652246830017,0.7548508071388327,0.625,0.65625,0.0175,0.02,-1e-06,1e-06,CLOSED_REPRESENTATIVE_UNIT_MODULUS_MARGIN,reciprocal,reciprocal,1,4,,holomorphic,plus,0.21618765266558912,0.2959396829807101,0.002640457299036051,0.20340205887217763,0.21618765266558912,0.005230890663896166,2.3662073319606143,True,True
5457,E01__U017__TOP__MINIMUM_CERTIFIED_OUTER_GAP,x08_t20,8,20,0.7534652246830017,0.7548508071388327,0.625,0.65625,0.0175,0.02,-1e-06,1e-06,CLOSED_REPRESENTATIVE_UNIT_MODULUS_MARGIN,reciprocal,reciprocal,2,4,,holomorphic,plus,0.2161876306240012,0.29593965338738426,0.002640457299036051,0.20340205887217763,0.2161876306240012,0.005230891176694377,2.366207090719146,True,True
5457,E01__U017__TOP__MINIMUM_CERTIFIED_OUTER_GAP,x08_t20,8,20,0.7534652246830017,0.7548508071388327,0.625,0.65625,0.0175,0.02,-1e-06,1e-06,CLOSED_REPRESENTATIVE_UNIT_MODULUS_MARGIN,reciprocal,reciprocal,3,4,,holomorphic,plus,0.21618762883013964,0.2959396551938083,0.002640457299036051,0.20340205887217763,0.21618762883013964,0.005230890886633781,2.366207090771905,True,True
5457,E01__U017__TOP__MINIMUM_CERTIFIED_OUTER_GAP,x08_t21,8,21,0.7534652246830017,0.7548508071388327,0.65625,0.6875,0.0175,0.02,-1e-06,1e-06,CLOSED_REPRESENTATIVE_UNIT_MODULUS_MARGIN,reciprocal,reciprocal,0,4,,holomorphic,plus,0.20274673164124885,0.28580396140888215,0.0018539107372217384,0.19157204990562382,0.20274673164124885,0.005082890910274353,2.366207332013373,True,True
5457,E01__U017__TOP__MINIMUM_CERTIFIED_OUTER_GAP,x08_t21,8,21,0.7534652246830017,0.7548508071388327,0.65625,0.6875,0.0175,0.02,-1e-06,1e-06,CLOSED_REPRESENTATIVE_UNIT_MODULUS_MARGIN,reciprocal,reciprocal,1,4,,holomorphic,plus,0.20274673361131182,0.2858039594267399,0.0018539107372217384,0.19157204990562382,0.20274673361131182,0.005082891239663589,2.3662073319606143,True,True
5457,E01__U017__TOP__MINIMUM_CERTIFIED_OUTER_GAP,x08_t21,8,21,0.7534652246830017,0.7548508071388327,0.65625,0.6875,0.0175,0.02,-1e-06,1e-06,CLOSED_REPRESENTATIVE_UNIT_MODULUS_MARGIN,reciprocal,reciprocal,2,4,,holomorphic,plus,0.20274671294002186,0.28580393084702693,0.0018539107372217384,0.19157204990562382,0.20274671294002186,0.005082891737942024,2.366207090719146,True,True
5457,E01__U017__TOP__MINIMUM_CERTIFIED_OUTER_GAP,x08_t21,8,21,0.7534652246830017,0.7548508071388327,0.65625,0.6875,0.0175,0.02,-1e-06,1e-06,CLOSED_REPRESENTATIVE_UNIT_MODULUS_MARGIN,reciprocal,reciprocal,3,4,,holomorphic,plus,0.20274671096995892,0.2858039328291691,0.0018539107372217384,0.19157204990562382,0.20274671096995892,0.005082891408552723,2.366207090771905,True,True
5457,E01__U017__TOP__MINIMUM_CERTIFIED_OUTER_GAP,x08_t22,8,22,0.7534652246830017,0.7548508071388327,0.6875,0.71875,0.0175,0.02,-1e-06,1e-06,CLOSED_REPRESENTATIVE_UNIT_MODULUS_MARGIN,reciprocal,reciprocal,0,4,,holomorphic,plus,0.1891327616444581,0.2758957892954598,0.0008010480963686082,0.17957240220769075,0.1891327616444581,0.0048504134475755144,2.366207332013373,True,True
5457,E01__U017__TOP__MINIMUM_CERTIFIED_OUTER_GAP,x08_t22,8,22,0.7534652246830017,0.7548508071388327,0.6875,0.71875,0.0175,0.02,-1e-06,1e-06,CLOSED_REPRESENTATIVE_UNIT_MODULUS_MARGIN,reciprocal,reciprocal,1,4,,holomorphic,plus,0.18913276381897484,0.2758957871093543,0.0008010480963686082,0.17957240220769075,0.18913276381897484,0.004850413808079654,2.3662073319606143,True,True
5457,E01__U017__TOP__MINIMUM_CERTIFIED_OUTER_GAP,x08_t22,8,22,0.7534652246830017,0.7548508071388327,0.6875,0.71875,0.0175,0.02,-1e-06,1e-06,CLOSED_REPRESENTATIVE_UNIT_MODULUS_MARGIN,reciprocal,reciprocal,2,4,,holomorphic,plus,0.1891327445356193,0.2758957595205055,0.0008010480963686082,0.17957240220769075,0.1891327445356193,0.004850414283557207,2.366207090719146,True,True
5457,E01__U017__TOP__MINIMUM_CERTIFIED_OUTER_GAP,x08_t22,8,22,0.7534652246830017,0.7548508071388327,0.6875,0.71875,0.0175,0.02,-1e-06,1e-06,CLOSED_REPRESENTATIVE_UNIT_MODULUS_MARGIN,reciprocal,reciprocal,3,4,,holomorphic,plus,0.18913274236110256,0.27589576170661095,0.0008010480963686082,0.17957240220769075,0.18913274236110256,0.004850413923052996,2.366207090771905,True,True
5457,E01__U017__TOP__MINIMUM_CERTIFIED_OUTER_GAP,x08_t23,8,23,0.7534652246830017,0.7548508071388327,0.71875,0.75,0.0175,0.02,-1e-06,1e-06,CLOSED_REPRESENTATIVE_UNIT_MODULUS_MARGIN,reciprocal,reciprocal,0,4,,holomorphic,plus,0.1753112820511397,0.26626439801592877,0.0,0.16735730945796481,0.1753112820511397,0.004500562746775851,2.366207332013373,True,True
5457,E01__U017__TOP__MINIMUM_CERTIFIED_OUTER_GAP,x08_t23,8,23,0.7534652246830017,0.7548508071388327,0.71875,0.75,0.0175,0.02,-1e-06,1e-06,CLOSED_REPRESENTATIVE_UNIT_MODULUS_MARGIN,reciprocal,reciprocal,1,4,,holomorphic,plus,0.17531128446499064,0.2662643955910191,0.0,0.16735730945796481,0.17531128446499064,0.004500563119785175,2.3662073319606143,True,True
5457,E01__U017__TOP__MINIMUM_CERTIFIED_OUTER_GAP,x08_t23,8,23,0.7534652246830017,0.7548508071388327,0.71875,0.75,0.0175,0.02,-1e-06,1e-06,CLOSED_REPRESENTATIVE_UNIT_MODULUS_MARGIN,reciprocal,reciprocal,2,4,,holomorphic,plus,0.17531126659071752,0.2662643689653644,0.0,0.16735730945796481,0.17531126659071752,0.004500563560957664,2.366207090719146,True,True
5457,E01__U017__TOP__MINIMUM_CERTIFIED_OUTER_GAP,x08_t23,8,23,0.7534652246830017,0.7548508071388327,0.71875,0.75,0.0175,0.02,-1e-06,1e-06,CLOSED_REPRESENTATIVE_UNIT_MODULUS_MARGIN,reciprocal,reciprocal,3,4,,holomorphic,plus,0.17531126417686654,0.26626437139027404,0.0,0.16735730945796481,0.17531126417686654,0.004500563187948265,2.366207090771905,True,True
5457,E01__U017__TOP__MINIMUM_CERTIFIED_OUTER_GAP,x08_t24,8,24,0.7534652246830017,0.7548508071388327,0.75,0.78125,0.0175,0.02,-1e-06,1e-06,CLOSED_REPRESENTATIVE_UNIT_MODULUS_MARGIN,reciprocal,reciprocal,0,4,,holomorphic,plus,0.16123724763033442,0.25697388910523233,0.0,0.15486427280351278,0.16123724763033442,0.004003766207004761,2.366207332013373,True,True
5457,E01__U017__TOP__MINIMUM_CERTIFIED_OUTER_GAP,x08_t24,8,24,0.7534652246830017,0.7548508071388327,0.75,0.78125,0.0175,0.02,-1e-06,1e-06,CLOSED_REPRESENTATIVE_UNIT_MODULUS_MARGIN,reciprocal,reciprocal,1,4,,holomorphic,plus,0.16123725032708155,0.25697388639807006,0.0,0.15486427280351278,0.16123725032708155,0.0040037665979664825,2.3662073319606143,True,True
5457,E01__U017__TOP__MINIMUM_CERTIFIED_OUTER_GAP,x08_t24,8,24,0.7534652246830017,0.7548508071388327,0.75,0.78125,0.0175,0.02,-1e-06,1e-06,CLOSED_REPRESENTATIVE_UNIT_MODULUS_MARGIN,reciprocal,reciprocal,2,4,,holomorphic,plus,0.1612372338876293,0.2569738607015311,0.0,0.15486427280351278,0.1612372338876293,0.004003766990424894,2.366207090719146,True,True
5457,E01__U017__TOP__MINIMUM_CERTIFIED_OUTER_GAP,x08_t24,8,24,0.7534652246830017,0.7548508071388327,0.75,0.78125,0.0175,0.02,-1e-06,1e-06,CLOSED_REPRESENTATIVE_UNIT_MODULUS_MARGIN,reciprocal,reciprocal,3,4,,holomorphic,plus,0.16123723119088218,0.2569738634086934,0.0,0.15486427280351278,0.16123723119088218,0.004003766599463094,2.366207090771905,True,True
5457,E01__U017__TOP__MINIMUM_CERTIFIED_OUTER_GAP,x08_t25,8,25,0.7534652246830017,0.7548508071388327,0.78125,0.8125,0.0175,0.02,-1e-06,1e-06,CLOSED_REPRESENTATIVE_UNIT_MODULUS_MARGIN,reciprocal,reciprocal,0,4,,holomorphic,plus,0.14685006299040826,0.24810972249511798,0.0,0.14200608577100005,0.14685006299040826,0.0033276146669904668,2.366207332013373,True,True
5457,E01__U017__TOP__MINIMUM_CERTIFIED_OUTER_GAP,x08_t25,8,25,0.7534652246830017,0.7548508071388327,0.78125,0.8125,0.0175,0.02,-1e-06,1e-06,CLOSED_REPRESENTATIVE_UNIT_MODULUS_MARGIN,reciprocal,reciprocal,1,4,,holomorphic,plus,0.14685006602526357,0.24810971945077434,0.0,0.14200608577100005,0.14685006602526357,0.0033276150834938836,2.3662073319606143,True,True
5457,E01__U017__TOP__MINIMUM_CERTIFIED_OUTER_GAP,x08_t25,8,25,0.7534652246830017,0.7548508071388327,0.78125,0.8125,0.0175,0.02,-1e-06,1e-06,CLOSED_REPRESENTATIVE_UNIT_MODULUS_MARGIN,reciprocal,reciprocal,2,4,,holomorphic,plus,0.14685005105254587,0.24810969464072954,0.0,0.14200608577100005,0.14685005105254587,0.003327615409651029,2.366207090719146,True,True
5457,E01__U017__TOP__MINIMUM_CERTIFIED_OUTER_GAP,x08_t25,8,25,0.7534652246830017,0.7548508071388327,0.78125,0.8125,0.0175,0.02,-1e-06,1e-06,CLOSED_REPRESENTATIVE_UNIT_MODULUS_MARGIN,reciprocal,reciprocal,3,4,,holomorphic,plus,0.14685004801769055,0.24810969768507318,0.0,0.14200608577100005,0.14685004801769055,0.003327614993147529,2.366207090771905,True,True
5457,E01__U017__TOP__MINIMUM_CERTIFIED_OUTER_GAP,x08_t26,8,26,0.7534652246830017,0.7548508071388327,0.8125,0.84375,0.0175,0.02,-1e-06,1e-06,CLOSED_REPRESENTATIVE_UNIT_MODULUS_MARGIN,reciprocal,reciprocal,0,4,,holomorphic,plus,0.13187564751698522,0.23998251812116025,0.0,0.12864561947252906,0.13187564751698522,0.002421401692288187,2.366207332013373,True,True
5457,E01__U017__TOP__MINIMUM_CERTIFIED_OUTER_GAP,x08_t26,8,26,0.7534652246830017,0.7548508071388327,0.8125,0.84375,0.0175,0.02,-1e-06,1e-06,CLOSED_REPRESENTATIVE_UNIT_MODULUS_MARGIN,reciprocal,reciprocal,1,4,,holomorphic,plus,0.1318756509630037,0.23998251466638934,0.0,0.12864561947252906,0.1318756509630037,0.002421402148823639,2.3662073319606143,True,True
5457,E01__U017__TOP__MINIMUM_CERTIFIED_OUTER_GAP,x08_t26,8,26,0.7534652246830017,0.7548508071388327,0.8125,0.84375,0.0175,0.02,-1e-06,1e-06,CLOSED_REPRESENTATIVE_UNIT_MODULUS_MARGIN,reciprocal,reciprocal,2,4,,holomorphic,plus,0.1318756375168733,0.23998249066915928,0.0,0.12864561947252906,0.1318756375168733,0.0024214023861189506,2.366207090719146,True,True
5457,E01__U017__TOP__MINIMUM_CERTIFIED_OUTER_GAP,x08_t26,8,26,0.7534652246830017,0.7548508071388327,0.8125,0.84375,0.0175,0.02,-1e-06,1e-06,CLOSED_REPRESENTATIVE_UNIT_MODULUS_MARGIN,reciprocal,reciprocal,3,4,,holomorphic,plus,0.13187563407085484,0.23998249412393022,0.0,0.12864561947252906,0.13187563407085484,0.002421401929583407,2.366207090771905,True,True
5457,E01__U017__TOP__MINIMUM_CERTIFIED_OUTER_GAP,x08_t27,8,27,0.7534652246830017,0.7548508071388327,0.84375,0.875,0.0175,0.02,-1e-06,1e-06,CLOSED_REPRESENTATIVE_UNIT_MODULUS_MARGIN,reciprocal,reciprocal,0,4,,holomorphic,plus,0.11605437630664694,0.2328985558265346,0.0,0.11461116802111168,0.11605437630664694,0.0012058131300677576,2.366207332013373,True,True
5457,E01__U017__TOP__MINIMUM_CERTIFIED_OUTER_GAP,x08_t27,8,27,0.7534652246830017,0.7548508071388327,0.84375,0.875,0.0175,0.02,-1e-06,1e-06,CLOSED_REPRESENTATIVE_UNIT_MODULUS_MARGIN,reciprocal,reciprocal,1,4,,holomorphic,plus,0.116054380256056,0.232898551867246,0.0,0.11461116802111168,0.116054380256056,0.0012058136557460794,2.3662073319606143,True,True
5457,E01__U017__TOP__MINIMUM_CERTIFIED_OUTER_GAP,x08_t27,8,27,0.7534652246830017,0.7548508071388327,0.84375,0.875,0.0175,0.02,-1e-06,1e-06,CLOSED_REPRESENTATIVE_UNIT_MODULUS_MARGIN,reciprocal,reciprocal,2,4,,holomorphic,plus,0.11605436842283079,0.23289852857852805,0.0,0.11461116802111168,0.11605436842283079,0.001205813773838733,2.366207090719146,True,True
5457,E01__U017__TOP__MINIMUM_CERTIFIED_OUTER_GAP,x08_t27,8,27,0.7534652246830017,0.7548508071388327,0.84375,0.875,0.0175,0.02,-1e-06,1e-06,CLOSED_REPRESENTATIVE_UNIT_MODULUS_MARGIN,reciprocal,reciprocal,3,4,,holomorphic,plus,0.11605436447342175,0.23289853253781664,0.0,0.11461116802111168,0.11605436447342175,0.001205813248160306,2.366207090771905,True,True
5457,E01__U017__TOP__MINIMUM_CERTIFIED_OUTER_GAP,x08_t28,8,28,0.7534652246830017,0.7548508071388327,0.875,0.90625,0.0175,0.02,-1e-06,1e-06,CLOSED_REPRESENTATIVE_UNIT_MODULUS_MARGIN,reciprocal,reciprocal,0,4,,minus,minus,0.09964053302049371,0.1911416152421493,0.0,0.09964053302049371,0.09938672095715168,0.0,2.366207332013373,True,True
5457,E01__U017__TOP__MINIMUM_CERTIFIED_OUTER_GAP,x08_t28,8,28,0.7534652246830017,0.7548508071388327,0.875,0.90625,0.0175,0.02,-1e-06,1e-06,CLOSED_REPRESENTATIVE_UNIT_MODULUS_MARGIN,reciprocal,reciprocal,1,4,,minus,minus,0.09964053302049371,0.1911416152421493,0.0,0.09964053302049371,0.09938672553078758,0.0,2.3662073319606143,True,True
5457,E01__U017__TOP__MINIMUM_CERTIFIED_OUTER_GAP,x08_t28,8,28,0.7534652246830017,0.7548508071388327,0.875,0.90625,0.0175,0.02,-1e-06,1e-06,CLOSED_REPRESENTATIVE_UNIT_MODULUS_MARGIN,reciprocal,reciprocal,2,4,,minus,minus,0.09964053302049371,0.1911416152421493,0.0,0.09964053302049371,0.09938671539673068,0.0,2.366207090719146,True,True
5457,E01__U017__TOP__MINIMUM_CERTIFIED_OUTER_GAP,x08_t28,8,28,0.7534652246830017,0.7548508071388327,0.875,0.90625,0.0175,0.02,-1e-06,1e-06,CLOSED_REPRESENTATIVE_UNIT_MODULUS_MARGIN,reciprocal,reciprocal,3,4,,minus,minus,0.09964053302049371,0.1911416152421493,0.0,0.09964053302049371,0.09938671082309478,0.0,2.366207090771905,True,True
5457,E01__U017__TOP__MINIMUM_CERTIFIED_OUTER_GAP,x08_t29,8,29,0.7534652246830017,0.7548508071388327,0.90625,0.9375,0.0175,0.02,-1e-06,1e-06,CLOSED_REPRESENTATIVE_UNIT_MODULUS_MARGIN,reciprocal,reciprocal,0,4,,minus,minus,0.08334903552969342,0.1873803403466179,0.0,0.08334903552969342,0.08156133759939661,0.0,2.366207332013373,True,True
5457,E01__U017__TOP__MINIMUM_CERTIFIED_OUTER_GAP,x08_t29,8,29,0.7534652246830017,0.7548508071388327,0.90625,0.9375,0.0175,0.02,-1e-06,1e-06,CLOSED_REPRESENTATIVE_UNIT_MODULUS_MARGIN,reciprocal,reciprocal,1,4,,minus,minus,0.08334903552969342,0.1873803403466179,0.0,0.08334903552969342,0.08156134295437067,0.0,2.3662073319606143,True,True
5457,E01__U017__TOP__MINIMUM_CERTIFIED_OUTER_GAP,x08_t29,8,29,0.7534652246830017,0.7548508071388327,0.90625,0.9375,0.0175,0.02,-1e-06,1e-06,CLOSED_REPRESENTATIVE_UNIT_MODULUS_MARGIN,reciprocal,reciprocal,2,4,,minus,minus,0.08334903552969342,0.1873803403466179,0.0,0.08334903552969342,0.08156133463747926,0.0,2.366207090719146,True,True
5457,E01__U017__TOP__MINIMUM_CERTIFIED_OUTER_GAP,x08_t29,8,29,0.7534652246830017,0.7548508071388327,0.90625,0.9375,0.0175,0.02,-1e-06,1e-06,CLOSED_REPRESENTATIVE_UNIT_MODULUS_MARGIN,reciprocal,reciprocal,3,4,,minus,minus,0.08334903552969342,0.1873803403466179,0.0,0.08334903552969342,0.0815613292825052,0.0,2.366207090771905,True,True
5457,E01__U017__TOP__MINIMUM_CERTIFIED_OUTER_GAP,x08_t30,8,30,0.7534652246830017,0.7548508071388327,0.9375,0.96875,0.0175,0.02,-1e-06,1e-06,CLOSED_REPRESENTATIVE_UNIT_MODULUS_MARGIN,reciprocal,reciprocal,0,4,,minus,minus,0.06516573055950663,0.18592380137175352,0.0,0.06516573055950663,0.0621111475248871,0.0,2.366207332013373,True,True
5457,E01__U017__TOP__MINIMUM_CERTIFIED_OUTER_GAP,x08_t30,8,30,0.7534652246830017,0.7548508071388327,0.9375,0.96875,0.0175,0.02,-1e-06,1e-06,CLOSED_REPRESENTATIVE_UNIT_MODULUS_MARGIN,reciprocal,reciprocal,1,4,,minus,minus,0.06516573055950663,0.18592380137175352,0.0,0.06516573055950663,0.06211115385900099,0.0,2.3662073319606143,True,True
5457,E01__U017__TOP__MINIMUM_CERTIFIED_OUTER_GAP,x08_t30,8,30,0.7534652246830017,0.7548508071388327,0.9375,0.96875,0.0175,0.02,-1e-06,1e-06,CLOSED_REPRESENTATIVE_UNIT_MODULUS_MARGIN,reciprocal,reciprocal,2,4,,minus,minus,0.06516573055950663,0.18592380137175352,0.0,0.06516573055950663,0.0621111475248832,0.0,2.366207090719146,True,True
5457,E01__U017__TOP__MINIMUM_CERTIFIED_OUTER_GAP,x08_t30,8,30,0.7534652246830017,0.7548508071388327,0.9375,0.96875,0.0175,0.02,-1e-06,1e-06,CLOSED_REPRESENTATIVE_UNIT_MODULUS_MARGIN,reciprocal,reciprocal,3,4,,minus,minus,0.06516573055950663,0.18592380137175352,0.0,0.06516573055950663,0.062111141190769305,0.0,2.366207090771905,True,True
5457,E01__U017__TOP__MINIMUM_CERTIFIED_OUTER_GAP,x08_t31,8,31,0.7534652246830017,0.7548508071388327,0.96875,1.0,0.0175,0.02,-1e-06,1e-06,CLOSED_REPRESENTATIVE_UNIT_MODULUS_MARGIN,reciprocal,reciprocal,0,4,,minus,minus,0.044352582776962614,0.1877578708991659,0.0,0.044352582776962614,0.04036755745267082,0.0,2.366207332013373,True,True
5457,E01__U017__TOP__MINIMUM_CERTIFIED_OUTER_GAP,x08_t31,8,31,0.7534652246830017,0.7548508071388327,0.96875,1.0,0.0175,0.02,-1e-06,1e-06,CLOSED_REPRESENTATIVE_UNIT_MODULUS_MARGIN,reciprocal,reciprocal,1,4,,minus,minus,0.044352582776962614,0.1877578708991659,0.0,0.044352582776962614,0.04036756495084555,0.0,2.3662073319606143,True,True
5457,E01__U017__TOP__MINIMUM_CERTIFIED_OUTER_GAP,x08_t31,8,31,0.7534652246830017,0.7548508071388327,0.96875,1.0,0.0175,0.02,-1e-06,1e-06,CLOSED_REPRESENTATIVE_UNIT_MODULUS_MARGIN,reciprocal,reciprocal,2,4,,minus,minus,0.044352582776962614,0.1877578708991659,0.0,0.044352582776962614,0.040367560833279685,0.0,2.366207090719146,True,True
5457,E01__U017__TOP__MINIMUM_CERTIFIED_OUTER_GAP,x08_t31,8,31,0.7534652246830017,0.7548508071388327,0.96875,1.0,0.0175,0.02,-1e-06,1e-06,CLOSED_REPRESENTATIVE_UNIT_MODULUS_MARGIN,reciprocal,reciprocal,3,4,,minus,minus,0.044352582776962614,0.1877578708991659,0.0,0.044352582776962614,0.040367553335104965,0.0,2.366207090771905,True,True
5457,E01__U017__TOP__MINIMUM_CERTIFIED_OUTER_GAP,x09_t00,9,0,0.7548508071388327,0.7562363895946635,0.0,0.03125,0.0175,0.02,-1e-06,1e-06,CLOSED_REPRESENTATIVE_UNIT_MODULUS_MARGIN,reciprocal,reciprocal,0,4,,holomorphic,plus,0.46877365742128835,0.5173985136985718,0.003630811630704136,0.42721089252969263,0.46877365742128835,0.0032055905781572134,2.3737076590669326,True,True
5457,E01__U017__TOP__MINIMUM_CERTIFIED_OUTER_GAP,x09_t00,9,0,0.7548508071388327,0.7562363895946635,0.0,0.03125,0.0175,0.02,-1e-06,1e-06,CLOSED_REPRESENTATIVE_UNIT_MODULUS_MARGIN,reciprocal,reciprocal,1,4,,holomorphic,plus,0.4687736579010029,0.5173985131954656,0.003630811630704136,0.42721089252969263,0.4687736579010029,0.0032055908191207373,2.3737076590140007,True,True
5457,E01__U017__TOP__MINIMUM_CERTIFIED_OUTER_GAP,x09_t00,9,0,0.7548508071388327,0.7562363895946635,0.0,0.03125,0.0175,0.02,-1e-06,1e-06,CLOSED_REPRESENTATIVE_UNIT_MODULUS_MARGIN,reciprocal,reciprocal,2,4,,holomorphic,plus,0.4687736101025147,0.5173984614559557,0.003630811630704136,0.42721089252969263,0.4687736101025147,0.0032055911333218365,2.3737074169807175,True,True
5457,E01__U017__TOP__MINIMUM_CERTIFIED_OUTER_GAP,x09_t00,9,0,0.7548508071388327,0.7562363895946635,0.0,0.03125,0.0175,0.02,-1e-06,1e-06,CLOSED_REPRESENTATIVE_UNIT_MODULUS_MARGIN,reciprocal,reciprocal,3,4,,holomorphic,plus,0.46877360962280024,0.5173984619590619,0.003630811630704136,0.42721089252969263,0.46877360962280024,0.0032055908923582645,2.3737074170336494,True,True
5457,E01__U017__TOP__MINIMUM_CERTIFIED_OUTER_GAP,x09_t01,9,1,0.7548508071388327,0.7562363895946635,0.03125,0.0625,0.0175,0.02,-1e-06,1e-06,CLOSED_REPRESENTATIVE_UNIT_MODULUS_MARGIN,reciprocal,reciprocal,0,4,,holomorphic,plus,0.4564870704249973,0.5059676461491115,0.003550461703635096,0.41624090496348637,0.4564870704249973,0.0031413347610839294,2.3737076590669326,True,True
5457,E01__U017__TOP__MINIMUM_CERTIFIED_OUTER_GAP,x09_t01,9,1,0.7548508071388327,0.7562363895946635,0.03125,0.0625,0.0175,0.02,-1e-06,1e-06,CLOSED_REPRESENTATIVE_UNIT_MODULUS_MARGIN,reciprocal,reciprocal,1,4,,holomorphic,plus,0.45648707093081864,0.5059676456204576,0.003550461703635096,0.41624090496348637,0.45648707093081864,0.0031413349425132584,2.3737076590140007,True,True
5457,E01__U017__TOP__MINIMUM_CERTIFIED_OUTER_GAP,x09_t01,9,1,0.7548508071388327,0.7562363895946635,0.03125,0.0625,0.0175,0.02,-1e-06,1e-06,CLOSED_REPRESENTATIVE_UNIT_MODULUS_MARGIN,reciprocal,reciprocal,2,4,,holomorphic,plus,0.45648702438511674,0.5059675950240403,0.003550461703635096,0.41624090496348637,0.45648702438511674,0.00314133525043016,2.3737074169807175,True,True
5457,E01__U017__TOP__MINIMUM_CERTIFIED_OUTER_GAP,x09_t01,9,1,0.7548508071388327,0.7562363895946635,0.03125,0.0625,0.0175,0.02,-1e-06,1e-06,CLOSED_REPRESENTATIVE_UNIT_MODULUS_MARGIN,reciprocal,reciprocal,3,4,,holomorphic,plus,0.4564870238792954,0.5059675955526943,0.003550461703635096,0.41624090496348637,0.4564870238792954,0.003141335069000795,2.3737074170336494,True,True
5457,E01__U017__TOP__MINIMUM_CERTIFIED_OUTER_GAP,x09_t02,9,2,0.7548508071388327,0.7562363895946635,0.0625,0.09375,0.0175,0.02,-1e-06,1e-06,CLOSED_REPRESENTATIVE_UNIT_MODULUS_MARGIN,reciprocal,reciprocal,0,4,,holomorphic,plus,0.4441796674227606,0.4945538362991899,0.0034656487011743577,0.40525934325419855,0.4441796674227606,0.0030738238568416166,2.3737076590669326,True,True
5457,E01__U017__TOP__MINIMUM_CERTIFIED_OUTER_GAP,x09_t02,9,2,0.7548508071388327,0.7562363895946635,0.0625,0.09375,0.0175,0.02,-1e-06,1e-06,CLOSED_REPRESENTATIVE_UNIT_MODULUS_MARGIN,reciprocal,reciprocal,1,4,,holomorphic,plus,0.44417966795649033,0.4945538357431865,0.0034656487011743577,0.40525934325419855,0.44417966795649033,0.0030738239801636484,2.3737076590140007,True,True
5457,E01__U017__TOP__MINIMUM_CERTIFIED_OUTER_GAP,x09_t02,9,2,0.7548508071388327,0.7562363895946635,0.0625,0.09375,0.0175,0.02,-1e-06,1e-06,CLOSED_REPRESENTATIVE_UNIT_MODULUS_MARGIN,reciprocal,reciprocal,2,4,,holomorphic,plus,0.4441796226656967,0.4945537862881566,0.0034656487011743577,0.40525934325419855,0.4441796226656967,0.003073824281476874,2.3737074169807175,True,True
5457,E01__U017__TOP__MINIMUM_CERTIFIED_OUTER_GAP,x09_t02,9,2,0.7548508071388327,0.7562363895946635,0.0625,0.09375,0.0175,0.02,-1e-06,1e-06,CLOSED_REPRESENTATIVE_UNIT_MODULUS_MARGIN,reciprocal,reciprocal,3,4,,holomorphic,plus,0.44417962213196704,0.49455378684416007,0.0034656487011743577,0.40525934325419855,0.44417962213196704,0.0030738241581548175,2.3737074170336494,True,True
5457,E01__U017__TOP__MINIMUM_CERTIFIED_OUTER_GAP,x09_t03,9,3,0.7548508071388327,0.7562363895946635,0.09375,0.125,0.0175,0.02,-1e-06,1e-06,CLOSED_REPRESENTATIVE_UNIT_MODULUS_MARGIN,reciprocal,reciprocal,0,4,,holomorphic,plus,0.43184995219211864,0.4831588168289114,0.003375930826248863,0.3942652821535218,0.43184995219211864,0.0030027643068191254,2.3737076590669326,True,True
5457,E01__U017__TOP__MINIMUM_CERTIFIED_OUTER_GAP,x09_t03,9,3,0.7548508071388327,0.7562363895946635,0.09375,0.125,0.0175,0.02,-1e-06,1e-06,CLOSED_REPRESENTATIVE_UNIT_MODULUS_MARGIN,reciprocal,reciprocal,1,4,,holomorphic,plus,0.4318499527557404,0.4831588162435745,0.003375930826248863,0.3942652821535218,0.4318499527557404,0.003002764373549291,2.3737076590140007,True,True
5457,E01__U017__TOP__MINIMUM_CERTIFIED_OUTER_GAP,x09_t03,9,3,0.7548508071388327,0.7562363895946635,0.09375,0.125,0.0175,0.02,-1e-06,1e-06,CLOSED_REPRESENTATIVE_UNIT_MODULUS_MARGIN,reciprocal,reciprocal,2,4,,holomorphic,plus,0.43184990872212975,0.48315876792805335,0.003375930826248863,0.3942652821535218,0.43184990872212975,0.00300276466791056,2.3737074169807175,True,True
5457,E01__U017__TOP__MINIMUM_CERTIFIED_OUTER_GAP,x09_t03,9,3,0.7548508071388327,0.7562363895946635,0.09375,0.125,0.0175,0.02,-1e-06,1e-06,CLOSED_REPRESENTATIVE_UNIT_MODULUS_MARGIN,reciprocal,reciprocal,3,4,,holomorphic,plus,0.43184990815850793,0.48315876851339024,0.003375930826248863,0.3942652821535218,0.43184990815850793,0.0030027646011803813,2.3737074170336494,True,True
5457,E01__U017__TOP__MINIMUM_CERTIFIED_OUTER_GAP,x09_t04,9,4,0.7548508071388327,0.7562363895946635,0.125,0.15625,0.0175,0.02,-1e-06,1e-06,CLOSED_REPRESENTATIVE_UNIT_MODULUS_MARGIN,reciprocal,reciprocal,0,4,,holomorphic,plus,0.4194963804458899,0.47178442409165594,0.0032808028766590047,0.3832577114507465,0.4194963804458899,0.002927825581713914,2.3737076590669326,True,True
5457,E01__U017__TOP__MINIMUM_CERTIFIED_OUTER_GAP,x09_t04,9,4,0.7548508071388327,0.7562363895946635,0.125,0.15625,0.0175,0.02,-1e-06,1e-06,CLOSED_REPRESENTATIVE_UNIT_MODULUS_MARGIN,reciprocal,reciprocal,1,4,,holomorphic,plus,0.4194963810415928,0.47178442347479616,0.0032808028766590047,0.3832577114507465,0.4194963810415928,0.002927825593463726,2.3737076590140007,True,True
5457,E01__U017__TOP__MINIMUM_CERTIFIED_OUTER_GAP,x09_t04,9,4,0.7548508071388327,0.7562363895946635,0.125,0.15625,0.0175,0.02,-1e-06,1e-06,CLOSED_REPRESENTATIVE_UNIT_MODULUS_MARGIN,reciprocal,reciprocal,2,4,,holomorphic,plus,0.419496338267597,0.4717843762967216,0.0032808028766590047,0.3832577114507465,0.419496338267597,0.0029278258804923303,2.3737074169807175,True,True
5457,E01__U017__TOP__MINIMUM_CERTIFIED_OUTER_GAP,x09_t04,9,4,0.7548508071388327,0.7562363895946635,0.125,0.15625,0.0175,0.02,-1e-06,1e-06,CLOSED_REPRESENTATIVE_UNIT_MODULUS_MARGIN,reciprocal,reciprocal,3,4,,holomorphic,plus,0.4194963376718941,0.4717843769135814,0.0032808028766590047,0.3832577114507465,0.4194963376718941,0.0029278258687425156,2.3737074170336494,True,True
5457,E01__U017__TOP__MINIMUM_CERTIFIED_OUTER_GAP,x09_t05,9,5,0.7548508071388327,0.7562363895946635,0.15625,0.1875,0.0175,0.02,-1e-06,1e-06,CLOSED_REPRESENTATIVE_UNIT_MODULUS_MARGIN,reciprocal,reciprocal,0,4,,holomorphic,plus,0.4071171004687438,0.46043287291457924,0.003187645812118698,0.37223543074954485,0.4071171004687438,0.0028776210469669,2.3737076590669326,True,True
5457,E01__U017__TOP__MINIMUM_CERTIFIED_OUTER_GAP,x09_t05,9,5,0.7548508071388327,0.7562363895946635,0.15625,0.1875,0.0175,0.02,-1e-06,1e-06,CLOSED_REPRESENTATIVE_UNIT_MODULUS_MARGIN,reciprocal,reciprocal,1,4,,holomorphic,plus,0.4071171010989535,0.4604328722637705,0.003187645812118698,0.37223543074954485,0.4071171010989535,0.002877621058444169,2.3737076590140007,True,True
5457,E01__U017__TOP__MINIMUM_CERTIFIED_OUTER_GAP,x09_t05,9,5,0.7548508071388327,0.7562363895946635,0.15625,0.1875,0.0175,0.02,-1e-06,1e-06,CLOSED_REPRESENTATIVE_UNIT_MODULUS_MARGIN,reciprocal,reciprocal,2,4,,holomorphic,plus,0.4071170595871933,0.4604328262208589,0.003187645812118698,0.37223543074954485,0.4071170595871933,0.0028776213405495078,2.3737074169807175,True,True
5457,E01__U017__TOP__MINIMUM_CERTIFIED_OUTER_GAP,x09_t05,9,5,0.7548508071388327,0.7562363895946635,0.15625,0.1875,0.0175,0.02,-1e-06,1e-06,CLOSED_REPRESENTATIVE_UNIT_MODULUS_MARGIN,reciprocal,reciprocal,3,4,,holomorphic,plus,0.4071170589569836,0.46043282687166764,0.003187645812118698,0.37223543074954485,0.4071170589569836,0.0028776213290722364,2.3737074170336494,True,True
5457,E01__U017__TOP__MINIMUM_CERTIFIED_OUTER_GAP,x09_t06,9,6,0.7548508071388327,0.7562363895946635,0.1875,0.21875,0.0175,0.02,-1e-06,1e-06,CLOSED_REPRESENTATIVE_UNIT_MODULUS_MARGIN,reciprocal,reciprocal,0,4,,holomorphic,plus,0.39471004473195315,0.44910667564043294,0.003166788187936676,0.3611970073565489,0.39471004473195315,0.002911175310647218,2.3737076590669326,True,True
5457,E01__U017__TOP__MINIMUM_CERTIFIED_OUTER_GAP,x09_t06,9,6,0.7548508071388327,0.7562363895946635,0.1875,0.21875,0.0175,0.02,-1e-06,1e-06,CLOSED_REPRESENTATIVE_UNIT_MODULUS_MARGIN,reciprocal,reciprocal,1,4,,holomorphic,plus,0.3947100453993668,0.4491066749529774,0.003166788187936676,0.3611970073565489,0.3947100453993668,0.0029111753376988166,2.3737076590140007,True,True
5457,E01__U017__TOP__MINIMUM_CERTIFIED_OUTER_GAP,x09_t06,9,6,0.7548508071388327,0.7562363895946635,0.1875,0.21875,0.0175,0.02,-1e-06,1e-06,CLOSED_REPRESENTATIVE_UNIT_MODULUS_MARGIN,reciprocal,reciprocal,2,4,,holomorphic,plus,0.3947100051526738,0.449106630042694,0.003166788187936676,0.3611970073565489,0.3947100051526738,0.0029111756230879946,2.3737074169807175,True,True
5457,E01__U017__TOP__MINIMUM_CERTIFIED_OUTER_GAP,x09_t06,9,6,0.7548508071388327,0.7562363895946635,0.1875,0.21875,0.0175,0.02,-1e-06,1e-06,CLOSED_REPRESENTATIVE_UNIT_MODULUS_MARGIN,reciprocal,reciprocal,3,4,,holomorphic,plus,0.3947100044852601,0.44910663073014956,0.003166788187936676,0.3611970073565489,0.3947100044852601,0.00291117559603639,2.3737074170336494,True,True
5457,E01__U017__TOP__MINIMUM_CERTIFIED_OUTER_GAP,x09_t07,9,7,0.7548508071388327,0.7562363895946635,0.21875,0.25,0.0175,0.02,-1e-06,1e-06,CLOSED_REPRESENTATIVE_UNIT_MODULUS_MARGIN,reciprocal,reciprocal,0,4,,holomorphic,plus,0.3822728965090194,0.4378086912313369,0.0032244618525832255,0.3501408802174028,0.3822728965090194,0.0030181662182792715,2.3737076590669326,True,True
5457,E01__U017__TOP__MINIMUM_CERTIFIED_OUTER_GAP,x09_t07,9,7,0.7548508071388327,0.7562363895946635,0.21875,0.25,0.0175,0.02,-1e-06,1e-06,CLOSED_REPRESENTATIVE_UNIT_MODULUS_MARGIN,reciprocal,reciprocal,1,4,,holomorphic,plus,0.3822728972166464,0.4378086905042245,0.0032244618525832255,0.3501408802174028,0.3822728972166464,0.00301816626103285,2.3737076590140007,True,True
5457,E01__U017__TOP__MINIMUM_CERTIFIED_OUTER_GAP,x09_t07,9,7,0.7548508071388327,0.7562363895946635,0.21875,0.25,0.0175,0.02,-1e-06,1e-06,CLOSED_REPRESENTATIVE_UNIT_MODULUS_MARGIN,reciprocal,reciprocal,2,4,,holomorphic,plus,0.3822728582380881,0.43780864672374875,0.0032244618525832255,0.3501408802174028,0.3822728582380881,0.0030181665569055855,2.3737074169807175,True,True
5457,E01__U017__TOP__MINIMUM_CERTIFIED_OUTER_GAP,x09_t07,9,7,0.7548508071388327,0.7562363895946635,0.21875,0.25,0.0175,0.02,-1e-06,1e-06,CLOSED_REPRESENTATIVE_UNIT_MODULUS_MARGIN,reciprocal,reciprocal,3,4,,holomorphic,plus,0.38227285753046114,0.4378086474508612,0.0032244618525832255,0.3501408802174028,0.38227285753046114,0.0030181665141519984,2.3737074170336494,True,True
5457,E01__U017__TOP__MINIMUM_CERTIFIED_OUTER_GAP,x09_t08,9,8,0.7548508071388327,0.7562363895946635,0.25,0.28125,0.0175,0.02,-1e-06,1e-06,CLOSED_REPRESENTATIVE_UNIT_MODULUS_MARGIN,reciprocal,reciprocal,0,4,,holomorphic,plus,0.3698030491459938,0.42654218509137753,0.003324801705829915,0.3390652426241179,0.3698030491459938,0.003181440233726805,2.3737076590669326,True,True
5457,E01__U017__TOP__MINIMUM_CERTIFIED_OUTER_GAP,x09_t08,9,8,0.7548508071388327,0.7562363895946635,0.25,0.28125,0.0175,0.02,-1e-06,1e-06,CLOSED_REPRESENTATIVE_UNIT_MODULUS_MARGIN,reciprocal,reciprocal,1,4,,holomorphic,plus,0.3698030498972036,0.42654218432123775,0.003324801705829915,0.3390652426241179,0.3698030498972036,0.003181440291661961,2.3737076590140007,True,True
5457,E01__U017__TOP__MINIMUM_CERTIFIED_OUTER_GAP,x09_t08,9,8,0.7548508071388327,0.7562363895946635,0.25,0.28125,0.0175,0.02,-1e-06,1e-06,CLOSED_REPRESENTATIVE_UNIT_MODULUS_MARGIN,reciprocal,reciprocal,2,4,,holomorphic,plus,0.36980301219011347,0.42654214166742255,0.003324801705829915,0.3390652426241179,0.36980301219011347,0.0031814406035365174,2.3737074169807175,True,True
5457,E01__U017__TOP__MINIMUM_CERTIFIED_OUTER_GAP,x09_t08,9,8,0.7548508071388327,0.7562363895946635,0.25,0.28125,0.0175,0.02,-1e-06,1e-06,CLOSED_REPRESENTATIVE_UNIT_MODULUS_MARGIN,reciprocal,reciprocal,3,4,,holomorphic,plus,0.36980301143890365,0.4265421424375624,0.003324801705829915,0.3390652426241179,0.36980301143890365,0.00318144054560135,2.3737074170336494,True,True
5457,E01__U017__TOP__MINIMUM_CERTIFIED_OUTER_GAP,x09_t09,9,9,0.7548508071388327,0.7562363895946635,0.28125,0.3125,0.0175,0.02,-1e-06,1e-06,CLOSED_REPRESENTATIVE_UNIT_MODULUS_MARGIN,reciprocal,reciprocal,0,4,,holomorphic,plus,0.35729755683650644,0.415310901574205,0.0034512092060774643,0.32796795824628944,0.35729755683650644,0.0033831202296670834,2.3737076590669326,True,True
5457,E01__U017__TOP__MINIMUM_CERTIFIED_OUTER_GAP,x09_t09,9,9,0.7548508071388327,0.7562363895946635,0.28125,0.3125,0.0175,0.02,-1e-06,1e-06,CLOSED_REPRESENTATIVE_UNIT_MODULUS_MARGIN,reciprocal,reciprocal,1,4,,holomorphic,plus,0.3572975576350861,0.41531090075724947,0.0034512092060774643,0.32796795824628944,0.3572975576350861,0.0033831203021054187,2.3737076590140007,True,True
5457,E01__U017__TOP__MINIMUM_CERTIFIED_OUTER_GAP,x09_t09,9,9,0.7548508071388327,0.7562363895946635,0.28125,0.3125,0.0175,0.02,-1e-06,1e-06,CLOSED_REPRESENTATIVE_UNIT_MODULUS_MARGIN,reciprocal,reciprocal,2,4,,holomorphic,plus,0.35729752120309766,0.41531085922657346,0.0034512092060774643,0.32796795824628944,0.35729752120309766,0.003383120633747474,2.3737074169807175,True,True
5457,E01__U017__TOP__MINIMUM_CERTIFIED_OUTER_GAP,x09_t09,9,9,0.7548508071388327,0.7562363895946635,0.28125,0.3125,0.0175,0.02,-1e-06,1e-06,CLOSED_REPRESENTATIVE_UNIT_MODULUS_MARGIN,reciprocal,reciprocal,3,4,,holomorphic,plus,0.357297520404518,0.4153108600435291,0.0034512092060774643,0.32796795824628944,0.357297520404518,0.0033831205613091245,2.3737074170336494,True,True
5457,E01__U017__TOP__MINIMUM_CERTIFIED_OUTER_GAP,x09_t10,9,10,0.7548508071388327,0.7562363895946635,0.3125,0.34375,0.0175,0.02,-1e-06,1e-06,CLOSED_REPRESENTATIVE_UNIT_MODULUS_MARGIN,reciprocal,reciprocal,0,4,,holomorphic,plus,0.34475307471711536,0.40411915242000607,0.0035877601798548005,0.3168465201621926,0.34475307471711536,0.0036070586219556465,2.3737076590669326,True,True
5457,E01__U017__TOP__MINIMUM_CERTIFIED_OUTER_GAP,x09_t10,9,10,0.7548508071388327,0.7562363895946635,0.3125,0.34375,0.0175,0.02,-1e-06,1e-06,CLOSED_REPRESENTATIVE_UNIT_MODULUS_MARGIN,reciprocal,reciprocal,1,4,,holomorphic,plus,0.3447530755673385,0.4041191515519595,0.0035877601798548005,0.3168465201621926,0.3447530755673385,0.0036070587083992835,2.3737076590140007,True,True
5457,E01__U017__TOP__MINIMUM_CERTIFIED_OUTER_GAP,x09_t10,9,10,0.7548508071388327,0.7562363895946635,0.3125,0.34375,0.0175,0.02,-1e-06,1e-06,CLOSED_REPRESENTATIVE_UNIT_MODULUS_MARGIN,reciprocal,reciprocal,2,4,,holomorphic,plus,0.34475304041442634,0.4041191111404702,0.0035877601798548005,0.3168465201621926,0.34475304041442634,0.003607059061991371,2.3737074169807175,True,True
5457,E01__U017__TOP__MINIMUM_CERTIFIED_OUTER_GAP,x09_t10,9,10,0.7548508071388327,0.7562363895946635,0.3125,0.34375,0.0175,0.02,-1e-06,1e-06,CLOSED_REPRESENTATIVE_UNIT_MODULUS_MARGIN,reciprocal,reciprocal,3,4,,holomorphic,plus,0.3447530395642032,0.40411911200851686,0.0035877601798548005,0.3168465201621926,0.3447530395642032,0.003607058975547717,2.3737074170336494,True,True
5457,E01__U017__TOP__MINIMUM_CERTIFIED_OUTER_GAP,x09_t11,9,11,0.7548508071388327,0.7562363895946635,0.34375,0.375,0.0175,0.02,-1e-06,1e-06,CLOSED_REPRESENTATIVE_UNIT_MODULUS_MARGIN,reciprocal,reciprocal,0,4,,holomorphic,plus,0.3321657854216157,0.3929719253522338,0.003717542147451781,0.3056979652560101,0.3321657854216157,0.003839659684505543,2.3737076590669326,True,True
5457,E01__U017__TOP__MINIMUM_CERTIFIED_OUTER_GAP,x09_t11,9,11,0.7548508071388327,0.7562363895946635,0.34375,0.375,0.0175,0.02,-1e-06,1e-06,CLOSED_REPRESENTATIVE_UNIT_MODULUS_MARGIN,reciprocal,reciprocal,1,4,,holomorphic,plus,0.33216578632832555,0.39297192442825074,0.003717542147451781,0.3056979652560101,0.33216578632832555,0.0038396597847995084,2.3737076590140007,True,True
5457,E01__U017__TOP__MINIMUM_CERTIFIED_OUTER_GAP,x09_t11,9,11,0.7548508071388327,0.7562363895946635,0.34375,0.375,0.0175,0.02,-1e-06,1e-06,CLOSED_REPRESENTATIVE_UNIT_MODULUS_MARGIN,reciprocal,reciprocal,2,4,,holomorphic,plus,0.3321657524588534,0.39297188513149717,0.003717542147451781,0.3056979652560101,0.3321657524588534,0.0038396601611911476,2.3737074169807175,True,True
5457,E01__U017__TOP__MINIMUM_CERTIFIED_OUTER_GAP,x09_t11,9,11,0.7548508071388327,0.7562363895946635,0.34375,0.375,0.0175,0.02,-1e-06,1e-06,CLOSED_REPRESENTATIVE_UNIT_MODULUS_MARGIN,reciprocal,reciprocal,3,4,,holomorphic,plus,0.3321657515521435,0.3929718860554802,0.003717542147451781,0.3056979652560101,0.3321657515521435,0.003839660060897162,2.3737074170336494,True,True
5457,E01__U017__TOP__MINIMUM_CERTIFIED_OUTER_GAP,x09_t12,9,12,0.7548508071388327,0.7562363895946635,0.375,0.40625,0.0175,0.02,-1e-06,1e-06,CLOSED_REPRESENTATIVE_UNIT_MODULUS_MARGIN,reciprocal,reciprocal,0,4,,holomorphic,plus,0.3195313083073554,0.38187501840220944,0.003825266208966015,0.2945187643241811,0.3195313083073554,0.004069708501835592,2.3737076590669326,True,True
5457,E01__U017__TOP__MINIMUM_CERTIFIED_OUTER_GAP,x09_t12,9,12,0.7548508071388327,0.7562363895946635,0.375,0.40625,0.0175,0.02,-1e-06,1e-06,CLOSED_REPRESENTATIVE_UNIT_MODULUS_MARGIN,reciprocal,reciprocal,1,4,,holomorphic,plus,0.3195313092760664,0.3818750174167729,0.003825266208966015,0.2945187643241811,0.3195313092760664,0.004069708616222167,2.3737076590140007,True,True
5457,E01__U017__TOP__MINIMUM_CERTIFIED_OUTER_GAP,x09_t12,9,12,0.7548508071388327,0.7562363895946635,0.375,0.40625,0.0175,0.02,-1e-06,1e-06,CLOSED_REPRESENTATIVE_UNIT_MODULUS_MARGIN,reciprocal,reciprocal,2,4,,holomorphic,plus,0.3195312766948444,0.3818749792297242,0.003825266208966015,0.2945187643241811,0.3195312766948444,0.004069709015163265,2.3737074169807175,True,True
5457,E01__U017__TOP__MINIMUM_CERTIFIED_OUTER_GAP,x09_t12,9,12,0.7548508071388327,0.7562363895946635,0.375,0.40625,0.0175,0.02,-1e-06,1e-06,CLOSED_REPRESENTATIVE_UNIT_MODULUS_MARGIN,reciprocal,reciprocal,3,4,,holomorphic,plus,0.3195312757261334,0.3818749802151608,0.003825266208966015,0.2945187643241811,0.3195312757261334,0.004069708900776668,2.3737074170336494,True,True
5457,E01__U017__TOP__MINIMUM_CERTIFIED_OUTER_GAP,x09_t13,9,13,0.7548508071388327,0.7562363895946635,0.40625,0.4375,0.0175,0.02,-1e-06,1e-06,CLOSED_REPRESENTATIVE_UNIT_MODULUS_MARGIN,reciprocal,reciprocal,0,4,,holomorphic,plus,0.3068445862856375,0.37083520736493764,0.0038967297677623427,0.2833046797437216,0.3068445862856375,0.0042878202643299905,2.3737076590669326,True,True
5457,E01__U017__TOP__MINIMUM_CERTIFIED_OUTER_GAP,x09_t13,9,13,0.7548508071388327,0.7562363895946635,0.40625,0.4375,0.0175,0.02,-1e-06,1e-06,CLOSED_REPRESENTATIVE_UNIT_MODULUS_MARGIN,reciprocal,reciprocal,1,4,,holomorphic,plus,0.3068445873226588,0.37083520631173483,0.0038967297677623427,0.2833046797437216,0.3068445873226588,0.00428782039346053,2.3737076590140007,True,True
5457,E01__U017__TOP__MINIMUM_CERTIFIED_OUTER_GAP,x09_t13,9,13,0.7548508071388327,0.7562363895946635,0.40625,0.4375,0.0175,0.02,-1e-06,1e-06,CLOSED_REPRESENTATIVE_UNIT_MODULUS_MARGIN,reciprocal,reciprocal,2,4,,holomorphic,plus,0.30684455603501254,0.370835169228683,0.0038967297677623427,0.2833046797437216,0.30684455603501254,0.004287820813780809,2.3737074169807175,True,True
5457,E01__U017__TOP__MINIMUM_CERTIFIED_OUTER_GAP,x09_t13,9,13,0.7548508071388327,0.7562363895946635,0.40625,0.4375,0.0175,0.02,-1e-06,1e-06,CLOSED_REPRESENTATIVE_UNIT_MODULUS_MARGIN,reciprocal,reciprocal,3,4,,holomorphic,plus,0.30684455499799124,0.3708351702818858,0.0038967297677623427,0.2833046797437216,0.30684455499799124,0.004287820684650244,2.3737074170336494,True,True
5457,E01__U017__TOP__MINIMUM_CERTIFIED_OUTER_GAP,x09_t14,9,14,0.7548508071388327,0.7562363895946635,0.4375,0.46875,0.0175,0.02,-1e-06,1e-06,CLOSED_REPRESENTATIVE_UNIT_MODULUS_MARGIN,reciprocal,reciprocal,0,4,,holomorphic,plus,0.29409974339246653,0.35986045633738517,0.003918113552998908,0.2720505793996233,0.29409974339246653,0.004485841935556257,2.3737076590669326,True,True
5457,E01__U017__TOP__MINIMUM_CERTIFIED_OUTER_GAP,x09_t14,9,14,0.7548508071388327,0.7562363895946635,0.4375,0.46875,0.0175,0.02,-1e-06,1e-06,CLOSED_REPRESENTATIVE_UNIT_MODULUS_MARGIN,reciprocal,reciprocal,1,4,,holomorphic,plus,0.29409974450505505,0.35986045520915494,0.003918113552998908,0.2720505793996233,0.29409974450505505,0.0044858420804990695,2.3737076590140007,True,True
5457,E01__U017__TOP__MINIMUM_CERTIFIED_OUTER_GAP,x09_t14,9,14,0.7548508071388327,0.7562363895946635,0.4375,0.46875,0.0175,0.02,-1e-06,1e-06,CLOSED_REPRESENTATIVE_UNIT_MODULUS_MARGIN,reciprocal,reciprocal,2,4,,holomorphic,plus,0.29409971451690914,0.35986041922359546,0.003918113552998908,0.2720505793996233,0.29409971451690914,0.0044858425202288325,2.3737074169807175,True,True
5457,E01__U017__TOP__MINIMUM_CERTIFIED_OUTER_GAP,x09_t14,9,14,0.7548508071388327,0.7562363895946635,0.4375,0.46875,0.0175,0.02,-1e-06,1e-06,CLOSED_REPRESENTATIVE_UNIT_MODULUS_MARGIN,reciprocal,reciprocal,3,4,,holomorphic,plus,0.29409971340432056,0.35986042035182575,0.003918113552998908,0.2720505793996233,0.29409971340432056,0.004485842375285992,2.3737074170336494,True,True
5457,E01__U017__TOP__MINIMUM_CERTIFIED_OUTER_GAP,x09_t15,9,15,0.7548508071388327,0.7562363895946635,0.46875,0.5,0.0175,0.02,-1e-06,1e-06,CLOSED_REPRESENTATIVE_UNIT_MODULUS_MARGIN,reciprocal,reciprocal,0,4,,holomorphic,plus,0.2812899036831158,0.34896018487338215,0.003875262582928753,0.26075019102469493,0.2812899036831158,0.0046563285515994635,2.3737076590669326,True,True
5457,E01__U017__TOP__MINIMUM_CERTIFIED_OUTER_GAP,x09_t15,9,15,0.7548508071388327,0.7562363895946635,0.46875,0.5,0.0175,0.02,-1e-06,1e-06,CLOSED_REPRESENTATIVE_UNIT_MODULUS_MARGIN,reciprocal,reciprocal,1,4,,holomorphic,plus,0.28128990487966593,0.34896018366172465,0.003875262582928753,0.26075019102469493,0.28128990487966593,0.004656328713862155,2.3737076590140007,True,True
5457,E01__U017__TOP__MINIMUM_CERTIFIED_OUTER_GAP,x09_t15,9,15,0.7548508071388327,0.7562363895946635,0.46875,0.5,0.0175,0.02,-1e-06,1e-06,CLOSED_REPRESENTATIVE_UNIT_MODULUS_MARGIN,reciprocal,reciprocal,2,4,,holomorphic,plus,0.28128987619764567,0.3489601487662116,0.003875262582928753,0.26075019102469493,0.28128987619764567,0.004656329170301707,2.3737074169807175,True,True
5457,E01__U017__TOP__MINIMUM_CERTIFIED_OUTER_GAP,x09_t15,9,15,0.7548508071388327,0.7562363895946635,0.46875,0.5,0.0175,0.02,-1e-06,1e-06,CLOSED_REPRESENTATIVE_UNIT_MODULUS_MARGIN,reciprocal,reciprocal,3,4,,holomorphic,plus,0.2812898750010956,0.34896014997786917,0.003875262582928753,0.26075019102469493,0.2812898750010956,0.004656329008038983,2.3737074170336494,True,True
5457,E01__U017__TOP__MINIMUM_CERTIFIED_OUTER_GAP,x09_t16,9,16,0.7548508071388327,0.7562363895946635,0.5,0.53125,0.0175,0.02,-1e-06,1e-06,CLOSED_REPRESENTATIVE_UNIT_MODULUS_MARGIN,reciprocal,reciprocal,0,4,,holomorphic,plus,0.26840695835104844,0.33814561039738655,0.00375301723780624,0.2493957744903575,0.26840695835104844,0.004792116962936229,2.3737076590669326,True,True
5457,E01__U017__TOP__MINIMUM_CERTIFIED_OUTER_GAP,x09_t16,9,16,0.7548508071388327,0.7562363895946635,0.5,0.53125,0.0175,0.02,-1e-06,1e-06,CLOSED_REPRESENTATIVE_UNIT_MODULUS_MARGIN,reciprocal,reciprocal,1,4,,holomorphic,plus,0.26840695964132966,0.33814560909252545,0.00375301723780624,0.2493957744903575,0.26840695964132966,0.004792117144510922,2.3737076590140007,True,True
5457,E01__U017__TOP__MINIMUM_CERTIFIED_OUTER_GAP,x09_t16,9,16,0.7548508071388327,0.7562363895946635,0.5,0.53125,0.0175,0.02,-1e-06,1e-06,CLOSED_REPRESENTATIVE_UNIT_MODULUS_MARGIN,reciprocal,reciprocal,2,4,,holomorphic,plus,0.268406932272887,0.3381455752784914,0.00375301723780624,0.2493957744903575,0.268406932272887,0.004792117614258195,2.3737074169807175,True,True
5457,E01__U017__TOP__MINIMUM_CERTIFIED_OUTER_GAP,x09_t16,9,16,0.7548508071388327,0.7562363895946635,0.5,0.53125,0.0175,0.02,-1e-06,1e-06,CLOSED_REPRESENTATIVE_UNIT_MODULUS_MARGIN,reciprocal,reciprocal,3,4,,holomorphic,plus,0.2684069309826058,0.3381455765833525,0.00375301723780624,0.2493957744903575,0.2684069309826058,0.004792117432683466,2.3737074170336494,True,True
5457,E01__U017__TOP__MINIMUM_CERTIFIED_OUTER_GAP,x09_t17,9,17,0.7548508071388327,0.7562363895946635,0.53125,0.5625,0.0175,0.02,-1e-06,1e-06,CLOSED_REPRESENTATIVE_UNIT_MODULUS_MARGIN,reciprocal,reciprocal,0,4,,holomorphic,plus,0.2554412625736548,0.3274301919099431,0.0035346841390219465,0.23797767984710239,0.2554412625736548,0.004885988590479037,2.3737076590669326,True,True
5457,E01__U017__TOP__MINIMUM_CERTIFIED_OUTER_GAP,x09_t17,9,17,0.7548508071388327,0.7562363895946635,0.53125,0.5625,0.0175,0.02,-1e-06,1e-06,CLOSED_REPRESENTATIVE_UNIT_MODULUS_MARGIN,reciprocal,reciprocal,1,4,,holomorphic,plus,0.2554412639691122,0.32743019050042516,0.0035346841390219465,0.23797767984710239,0.2554412639691122,0.0048859887939148765,2.3737076590140007,True,True
5457,E01__U017__TOP__MINIMUM_CERTIFIED_OUTER_GAP,x09_t17,9,17,0.7548508071388327,0.7562363895946635,0.53125,0.5625,0.0175,0.02,-1e-06,1e-06,CLOSED_REPRESENTATIVE_UNIT_MODULUS_MARGIN,reciprocal,reciprocal,2,4,,holomorphic,plus,0.255441237922682,0.32743015775795714,0.0035346841390219465,0.23797767984710239,0.255441237922682,0.004885989272859982,2.3737074169807175,True,True
5457,E01__U017__TOP__MINIMUM_CERTIFIED_OUTER_GAP,x09_t17,9,17,0.7548508071388327,0.7562363895946635,0.53125,0.5625,0.0175,0.02,-1e-06,1e-06,CLOSED_REPRESENTATIVE_UNIT_MODULUS_MARGIN,reciprocal,reciprocal,3,4,,holomorphic,plus,0.2554412365272246,0.3274301591674751,0.0035346841390219465,0.23797767984710239,0.2554412365272246,0.004885989069424102,2.3737074170336494,True,True
5457,E01__U017__TOP__MINIMUM_CERTIFIED_OUTER_GAP,x09_t18,9,18,0.7548508071388327,0.7562363895946635,0.5625,0.59375,0.0175,0.02,-1e-06,1e-06,CLOSED_REPRESENTATIVE_UNIT_MODULUS_MARGIN,reciprocal,reciprocal,0,4,,holomorphic,plus,0.24238123554146265,0.316830211880701,0.0032019688604185857,0.22648374440639985,0.24238123554146265,0.00493041640709066,2.3737076590669326,True,True
5457,E01__U017__TOP__MINIMUM_CERTIFIED_OUTER_GAP,x09_t18,9,18,0.7548508071388327,0.7562363895946635,0.5625,0.59375,0.0175,0.02,-1e-06,1e-06,CLOSED_REPRESENTATIVE_UNIT_MODULUS_MARGIN,reciprocal,reciprocal,1,4,,holomorphic,plus,0.24238123705560016,0.3168302103530128,0.0032019688604185857,0.22648374440639985,0.24238123705560016,0.004930416635595949,2.3737076590140007,True,True
5457,E01__U017__TOP__MINIMUM_CERTIFIED_OUTER_GAP,x09_t18,9,18,0.7548508071388327,0.7562363895946635,0.5625,0.59375,0.0175,0.02,-1e-06,1e-06,CLOSED_REPRESENTATIVE_UNIT_MODULUS_MARGIN,reciprocal,reciprocal,2,4,,holomorphic,plus,0.24238121234079765,0.31683017867057006,0.0032019688604185857,0.22648374440639985,0.24238121234079765,0.00493041711889092,2.3737074169807175,True,True
5457,E01__U017__TOP__MINIMUM_CERTIFIED_OUTER_GAP,x09_t18,9,18,0.7548508071388327,0.7562363895946635,0.5625,0.59375,0.0175,0.02,-1e-06,1e-06,CLOSED_REPRESENTATIVE_UNIT_MODULUS_MARGIN,reciprocal,reciprocal,3,4,,holomorphic,plus,0.24238121082666017,0.3168301801982582,0.0032019688604185857,0.22648374440639985,0.24238121082666017,0.004930416890385585,2.3737074170336494,True,True
5457,E01__U017__TOP__MINIMUM_CERTIFIED_OUTER_GAP,x09_t19,9,19,0.7548508071388327,0.7562363895946635,0.59375,0.625,0.0175,0.02,-1e-06,1e-06,CLOSED_REPRESENTATIVE_UNIT_MODULUS_MARGIN,reciprocal,reciprocal,0,4,,holomorphic,plus,0.22921282492086675,0.30636554946235073,0.002736693982008165,0.21489846029905205,0.22921282492086675,0.004917419346866593,2.3737076590669326,True,True
5457,E01__U017__TOP__MINIMUM_CERTIFIED_OUTER_GAP,x09_t19,9,19,0.7548508071388327,0.7562363895946635,0.59375,0.625,0.0175,0.02,-1e-06,1e-06,CLOSED_REPRESENTATIVE_UNIT_MODULUS_MARGIN,reciprocal,reciprocal,1,4,,holomorphic,plus,0.22921282656974062,0.30636554780042596,0.002736693982008165,0.21489846029905205,0.22921282656974062,0.004917419604438308,2.3737076590140007,True,True
5457,E01__U017__TOP__MINIMUM_CERTIFIED_OUTER_GAP,x09_t19,9,19,0.7548508071388327,0.7562363895946635,0.59375,0.625,0.0175,0.02,-1e-06,1e-06,CLOSED_REPRESENTATIVE_UNIT_MODULUS_MARGIN,reciprocal,reciprocal,2,4,,holomorphic,plus,0.22921280319761336,0.3063655171644804,0.002736693982008165,0.21489846029905205,0.22921280319761336,0.004917420086452558,2.3737074169807175,True,True
5457,E01__U017__TOP__MINIMUM_CERTIFIED_OUTER_GAP,x09_t19,9,19,0.7548508071388327,0.7562363895946635,0.59375,0.625,0.0175,0.02,-1e-06,1e-06,CLOSED_REPRESENTATIVE_UNIT_MODULUS_MARGIN,reciprocal,reciprocal,3,4,,holomorphic,plus,0.2292128015487395,0.3063655188264052,0.002736693982008165,0.21489846029905205,0.2292128015487395,0.004917419828880791,2.3737074170336494,True,True
5457,E01__U017__TOP__MINIMUM_CERTIFIED_OUTER_GAP,x09_t20,9,20,0.7548508071388327,0.7562363895946635,0.625,0.65625,0.0175,0.02,-1e-06,1e-06,CLOSED_REPRESENTATIVE_UNIT_MODULUS_MARGIN,reciprocal,reciprocal,0,4,,holomorphic,plus,0.2159187781346714,0.2960607228652409,0.0021297935098666364,0.20320181064579013,0.2159187781346714,0.004838611611110923,2.3737076590669326,True,True
5457,E01__U017__TOP__MINIMUM_CERTIFIED_OUTER_GAP,x09_t20,9,20,0.7548508071388327,0.7562363895946635,0.625,0.65625,0.0175,0.02,-1e-06,1e-06,CLOSED_REPRESENTATIVE_UNIT_MODULUS_MARGIN,reciprocal,reciprocal,1,4,,holomorphic,plus,0.21591877993753295,0.29606072104981906,0.0021297935098666364,0.20320181064579013,0.21591877993753295,0.004838611902673302,2.3737076590140007,True,True
5457,E01__U017__TOP__MINIMUM_CERTIFIED_OUTER_GAP,x09_t20,9,20,0.7548508071388327,0.7562363895946635,0.625,0.65625,0.0175,0.02,-1e-06,1e-06,CLOSED_REPRESENTATIVE_UNIT_MODULUS_MARGIN,reciprocal,reciprocal,2,4,,holomorphic,plus,0.21591875792088677,0.29606069144439157,0.0021297935098666364,0.20320181064579013,0.21591875792088677,0.004838612376953921,2.3737074169807175,True,True
5457,E01__U017__TOP__MINIMUM_CERTIFIED_OUTER_GAP,x09_t20,9,20,0.7548508071388327,0.7562363895946635,0.625,0.65625,0.0175,0.02,-1e-06,1e-06,CLOSED_REPRESENTATIVE_UNIT_MODULUS_MARGIN,reciprocal,reciprocal,3,4,,holomorphic,plus,0.2159187561180252,0.2960606932598134,0.0021297935098666364,0.20320181064579013,0.2159187561180252,0.004838612085391483,2.3737074170336494,True,True
5457,E01__U017__TOP__MINIMUM_CERTIFIED_OUTER_GAP,x09_t21,9,21,0.7548508071388327,0.7562363895946635,0.65625,0.6875,0.0175,0.02,-1e-06,1e-06,CLOSED_REPRESENTATIVE_UNIT_MODULUS_MARGIN,reciprocal,reciprocal,0,4,,holomorphic,plus,0.20247763312334158,0.285946317030624,0.0013295190341460156,0.1913676212210346,0.20247763312334158,0.00468558743026189,2.3737076590669326,True,True
5457,E01__U017__TOP__MINIMUM_CERTIFIED_OUTER_GAP,x09_t21,9,21,0.7548508071388327,0.7562363895946635,0.65625,0.6875,0.0175,0.02,-1e-06,1e-06,CLOSED_REPRESENTATIVE_UNIT_MODULUS_MARGIN,reciprocal,reciprocal,1,4,,holomorphic,plus,0.20247763510348346,0.285946315038409,0.0013295190341460156,0.1913676212210346,0.20247763510348346,0.004685587761845704,2.3737076590140007,True,True
5457,E01__U017__TOP__MINIMUM_CERTIFIED_OUTER_GAP,x09_t21,9,21,0.7548508071388327,0.7562363895946635,0.65625,0.6875,0.0175,0.02,-1e-06,1e-06,CLOSED_REPRESENTATIVE_UNIT_MODULUS_MARGIN,reciprocal,reciprocal,2,4,,holomorphic,plus,0.20247761445731166,0.28594628644446285,0.0013295190341460156,0.1913676212210346,0.20247761445731166,0.004685588221115459,2.3737074169807175,True,True
5457,E01__U017__TOP__MINIMUM_CERTIFIED_OUTER_GAP,x09_t21,9,21,0.7548508071388327,0.7562363895946635,0.65625,0.6875,0.0175,0.02,-1e-06,1e-06,CLOSED_REPRESENTATIVE_UNIT_MODULUS_MARGIN,reciprocal,reciprocal,3,4,,holomorphic,plus,0.20247761247716978,0.2859462884366778,0.0013295190341460156,0.1913676212210346,0.20247761247716978,0.004685587889531578,2.3737074170336494,True,True
5457,E01__U017__TOP__MINIMUM_CERTIFIED_OUTER_GAP,x09_t22,9,22,0.7548508071388327,0.7562363895946635,0.6875,0.71875,0.0175,0.02,-1e-06,1e-06,CLOSED_REPRESENTATIVE_UNIT_MODULUS_MARGIN,reciprocal,reciprocal,0,4,,holomorphic,plus,0.18886229351019967,0.2760609732539531,0.0002592703279158077,0.17936119492721958,0.18886229351019967,0.004449189731625713,2.3737076590669326,True,True
5457,E01__U017__TOP__MINIMUM_CERTIFIED_OUTER_GAP,x09_t22,9,22,0.7548508071388327,0.7562363895946635,0.6875,0.71875,0.0175,0.02,-1e-06,1e-06,CLOSED_REPRESENTATIVE_UNIT_MODULUS_MARGIN,reciprocal,reciprocal,1,4,,holomorphic,plus,0.18886229569608323,0.27606097105649524,0.0002592703279158077,0.17936119492721958,0.18886229569608323,0.004449190096491327,2.3737076590140007,True,True
5457,E01__U017__TOP__MINIMUM_CERTIFIED_OUTER_GAP,x09_t22,9,22,0.7548508071388327,0.7562363895946635,0.6875,0.71875,0.0175,0.02,-1e-06,1e-06,CLOSED_REPRESENTATIVE_UNIT_MODULUS_MARGIN,reciprocal,reciprocal,2,4,,holomorphic,plus,0.18886227643814082,0.27606094345113075,0.0002592703279158077,0.17936119492721958,0.18886227643814082,0.004449190532578039,2.3737074169807175,True,True
5457,E01__U017__TOP__MINIMUM_CERTIFIED_OUTER_GAP,x09_t22,9,22,0.7548508071388327,0.7562363895946635,0.6875,0.71875,0.0175,0.02,-1e-06,1e-06,CLOSED_REPRESENTATIVE_UNIT_MODULUS_MARGIN,reciprocal,reciprocal,3,4,,holomorphic,plus,0.18886227425225727,0.2760609456485886,0.0002592703279158077,0.17936119492721958,0.18886227425225727,0.004449190167712352,2.3737074170336494,True,True
5457,E01__U017__TOP__MINIMUM_CERTIFIED_OUTER_GAP,x09_t23,9,23,0.7548508071388327,0.7562363895946635,0.71875,0.75,0.0175,0.02,-1e-06,1e-06,CLOSED_REPRESENTATIVE_UNIT_MODULUS_MARGIN,reciprocal,reciprocal,0,4,,holomorphic,plus,0.17503797494510548,0.2664542148656766,0.0,0.16713587226297583,0.17503797494510548,0.004095667687606221,2.3737076590669326,True,True
5457,E01__U017__TOP__MINIMUM_CERTIFIED_OUTER_GAP,x09_t23,9,23,0.7548508071388327,0.7562363895946635,0.71875,0.75,0.0175,0.02,-1e-06,1e-06,CLOSED_REPRESENTATIVE_UNIT_MODULUS_MARGIN,reciprocal,reciprocal,1,4,,holomorphic,plus,0.175037977371882,0.26645421242787254,0.0,0.16713587226297583,0.175037977371882,0.004095668065511927,2.3737076590140007,True,True
5457,E01__U017__TOP__MINIMUM_CERTIFIED_OUTER_GAP,x09_t23,9,23,0.7548508071388327,0.7562363895946635,0.71875,0.75,0.0175,0.02,-1e-06,1e-06,CLOSED_REPRESENTATIVE_UNIT_MODULUS_MARGIN,reciprocal,reciprocal,2,4,,holomorphic,plus,0.17503795952346912,0.26645418578323915,0.0,0.16713587226297583,0.17503795952346912,0.004095668466937515,2.3737074169807175,True,True
5457,E01__U017__TOP__MINIMUM_CERTIFIED_OUTER_GAP,x09_t23,9,23,0.7548508071388327,0.7562363895946635,0.71875,0.75,0.0175,0.02,-1e-06,1e-06,CLOSED_REPRESENTATIVE_UNIT_MODULUS_MARGIN,reciprocal,reciprocal,3,4,,holomorphic,plus,0.1750379570966926,0.2664541882210432,0.0,0.16713587226297583,0.1750379570966926,0.004095668089031733,2.3737074170336494,True,True
5457,E01__U017__TOP__MINIMUM_CERTIFIED_OUTER_GAP,x09_t24,9,24,0.7548508071388327,0.7562363895946635,0.75,0.78125,0.0175,0.02,-1e-06,1e-06,CLOSED_REPRESENTATIVE_UNIT_MODULUS_MARGIN,reciprocal,reciprocal,0,4,,holomorphic,plus,0.16095917922071,0.257190542882415,0.0,0.15462796756559932,0.16095917922071,0.003593984749125788,2.3737076590669326,True,True
5457,E01__U017__TOP__MINIMUM_CERTIFIED_OUTER_GAP,x09_t24,9,24,0.7548508071388327,0.7562363895946635,0.75,0.78125,0.0175,0.02,-1e-06,1e-06,CLOSED_REPRESENTATIVE_UNIT_MODULUS_MARGIN,reciprocal,reciprocal,1,4,,holomorphic,plus,0.1609591819323,0.2571905401604741,0.0,0.15462796756559932,0.1609591819323,0.003593985145623673,2.3737076590140007,True,True
5457,E01__U017__TOP__MINIMUM_CERTIFIED_OUTER_GAP,x09_t24,9,24,0.7548508071388327,0.7562363895946635,0.75,0.78125,0.0175,0.02,-1e-06,1e-06,CLOSED_REPRESENTATIVE_UNIT_MODULUS_MARGIN,reciprocal,reciprocal,2,4,,holomorphic,plus,0.16095916551935394,0.25719051444227325,0.0,0.15462796756559932,0.16095916551935394,0.003593985497861657,2.3737074169807175,True,True
5457,E01__U017__TOP__MINIMUM_CERTIFIED_OUTER_GAP,x09_t24,9,24,0.7548508071388327,0.7562363895946635,0.75,0.78125,0.0175,0.02,-1e-06,1e-06,CLOSED_REPRESENTATIVE_UNIT_MODULUS_MARGIN,reciprocal,reciprocal,3,4,,holomorphic,plus,0.16095916280776393,0.25719051716421415,0.0,0.15462796756559932,0.16095916280776393,0.0035939851013636927,2.3737074170336494,True,True
5457,E01__U017__TOP__MINIMUM_CERTIFIED_OUTER_GAP,x09_t25,9,25,0.7548508071388327,0.7562363895946635,0.78125,0.8125,0.0175,0.02,-1e-06,1e-06,CLOSED_REPRESENTATIVE_UNIT_MODULUS_MARGIN,reciprocal,reciprocal,0,4,,holomorphic,plus,0.14656430199656606,0.24835634880784202,0.0,0.14174810610889277,0.14656430199656606,0.0029111638988282658,2.3737076590669326,True,True
5457,E01__U017__TOP__MINIMUM_CERTIFIED_OUTER_GAP,x09_t25,9,25,0.7548508071388327,0.7562363895946635,0.78125,0.8125,0.0175,0.02,-1e-06,1e-06,CLOSED_REPRESENTATIVE_UNIT_MODULUS_MARGIN,reciprocal,reciprocal,1,4,,holomorphic,plus,0.14656430504876827,0.2483563457462863,0.0,0.14174810610889277,0.14656430504876827,0.002911164321706018,2.3737076590140007,True,True
5457,E01__U017__TOP__MINIMUM_CERTIFIED_OUTER_GAP,x09_t25,9,25,0.7548508071388327,0.7562363895946635,0.78125,0.8125,0.0175,0.02,-1e-06,1e-06,CLOSED_REPRESENTATIVE_UNIT_MODULUS_MARGIN,reciprocal,reciprocal,2,4,,holomorphic,plus,0.146564290103505,0.24835632091158288,0.0,0.14174810610889277,0.146564290103505,0.002911164606996421,2.3737074169807175,True,True
5457,E01__U017__TOP__MINIMUM_CERTIFIED_OUTER_GAP,x09_t25,9,25,0.7548508071388327,0.7562363895946635,0.78125,0.8125,0.0175,0.02,-1e-06,1e-06,CLOSED_REPRESENTATIVE_UNIT_MODULUS_MARGIN,reciprocal,reciprocal,3,4,,holomorphic,plus,0.14656428705130278,0.24835632397313864,0.0,0.14174810610889277,0.14656428705130278,0.002911164184118584,2.3737074170336494,True,True
5457,E01__U017__TOP__MINIMUM_CERTIFIED_OUTER_GAP,x09_t26,9,26,0.7548508071388327,0.7562363895946635,0.8125,0.84375,0.0175,0.02,-1e-06,1e-06,CLOSED_REPRESENTATIVE_UNIT_MODULUS_MARGIN,reciprocal,reciprocal,0,4,,holomorphic,plus,0.13154965962053147,0.24029229785123757,0.0,0.1283573297958704,0.13154965962053147,0.001992920501224521,2.3737076590669326,True,True
5457,E01__U017__TOP__MINIMUM_CERTIFIED_OUTER_GAP,x09_t26,9,26,0.7548508071388327,0.7562363895946635,0.8125,0.84375,0.0175,0.02,-1e-06,1e-06,CLOSED_REPRESENTATIVE_UNIT_MODULUS_MARGIN,reciprocal,reciprocal,1,4,,holomorphic,plus,0.13154966308694985,0.24029229437617028,0.0,0.1283573297958704,0.13154966308694985,0.0019929209667970864,2.3737076590140007,True,True
5457,E01__U017__TOP__MINIMUM_CERTIFIED_OUTER_GAP,x09_t26,9,26,0.7548508071388327,0.7562363895946635,0.8125,0.84375,0.0175,0.02,-1e-06,1e-06,CLOSED_REPRESENTATIVE_UNIT_MODULUS_MARGIN,reciprocal,reciprocal,2,4,,holomorphic,plus,0.13154964967254604,0.240292270347967,0.0,0.1283573297958704,0.13154964967254604,0.001992921162055923,2.3737074169807175,True,True
5457,E01__U017__TOP__MINIMUM_CERTIFIED_OUTER_GAP,x09_t26,9,26,0.7548508071388327,0.7562363895946635,0.8125,0.84375,0.0175,0.02,-1e-06,1e-06,CLOSED_REPRESENTATIVE_UNIT_MODULUS_MARGIN,reciprocal,reciprocal,3,4,,holomorphic,plus,0.13154964620612766,0.24029227382303428,0.0,0.1283573297958704,0.13154964620612766,0.0019929206964832647,2.3737074170336494,True,True
5457,E01__U017__TOP__MINIMUM_CERTIFIED_OUTER_GAP,x09_t27,9,27,0.7548508071388327,0.7562363895946635,0.84375,0.875,0.0175,0.02,-1e-06,1e-06,CLOSED_REPRESENTATIVE_UNIT_MODULUS_MARGIN,reciprocal,reciprocal,0,4,,holomorphic,plus,0.11570076686904199,0.23325841603996222,0.0,0.11428001933233771,0.11570076686904199,0.0007643315878048439,2.3737076590669326,True,True
5457,E01__U017__TOP__MINIMUM_CERTIFIED_OUTER_GAP,x09_t27,9,27,0.7548508071388327,0.7562363895946635,0.84375,0.875,0.0175,0.02,-1e-06,1e-06,CLOSED_REPRESENTATIVE_UNIT_MODULUS_MARGIN,reciprocal,reciprocal,1,4,,holomorphic,plus,0.1157007708429715,0.2332584120563552,0.0,0.11428001933233771,0.1157007708429715,0.0007643321242030322,2.3737076590140007,True,True
5457,E01__U017__TOP__MINIMUM_CERTIFIED_OUTER_GAP,x09_t27,9,27,0.7548508071388327,0.7562363895946635,0.84375,0.875,0.0175,0.02,-1e-06,1e-06,CLOSED_REPRESENTATIVE_UNIT_MODULUS_MARGIN,reciprocal,reciprocal,2,4,,holomorphic,plus,0.11570075904446918,0.23325838873165688,0.0,0.11428001933233771,0.11570075904446918,0.0007643321989981773,2.3737074169807175,True,True
5457,E01__U017__TOP__MINIMUM_CERTIFIED_OUTER_GAP,x09_t27,9,27,0.7548508071388327,0.7562363895946635,0.84375,0.875,0.0175,0.02,-1e-06,1e-06,CLOSED_REPRESENTATIVE_UNIT_MODULUS_MARGIN,reciprocal,reciprocal,3,4,,holomorphic,plus,0.11570075507053965,0.2332583927152639,0.0,0.11428001933233771,0.11570075507053965,0.0007643316625998817,2.3737074170336494,True,True
5457,E01__U017__TOP__MINIMUM_CERTIFIED_OUTER_GAP,x09_t28,9,28,0.7548508071388327,0.7562363895946635,0.875,0.90625,0.0175,0.02,-1e-06,1e-06,CLOSED_REPRESENTATIVE_UNIT_MODULUS_MARGIN,reciprocal,reciprocal,0,4,,minus,minus,0.09924856419642769,0.19154624314108196,0.0,0.09924856419642769,0.09899422960521712,0.0,2.3737076590669326,True,True
5457,E01__U017__TOP__MINIMUM_CERTIFIED_OUTER_GAP,x09_t28,9,28,0.7548508071388327,0.7562363895946635,0.875,0.90625,0.0175,0.02,-1e-06,1e-06,CLOSED_REPRESENTATIVE_UNIT_MODULUS_MARGIN,reciprocal,reciprocal,1,4,,minus,minus,0.09924856419642769,0.19154624314108196,0.0,0.09924856419642769,0.09899423420887286,0.0,2.3737076590140007,True,True
5457,E01__U017__TOP__MINIMUM_CERTIFIED_OUTER_GAP,x09_t28,9,28,0.7548508071388327,0.7562363895946635,0.875,0.90625,0.0175,0.02,-1e-06,1e-06,CLOSED_REPRESENTATIVE_UNIT_MODULUS_MARGIN,reciprocal,reciprocal,2,4,,minus,minus,0.09924856419642769,0.19154624314108196,0.0,0.09924856419642769,0.09899422411369263,0.0,2.3737074169807175,True,True
5457,E01__U017__TOP__MINIMUM_CERTIFIED_OUTER_GAP,x09_t28,9,28,0.7548508071388327,0.7562363895946635,0.875,0.90625,0.0175,0.02,-1e-06,1e-06,CLOSED_REPRESENTATIVE_UNIT_MODULUS_MARGIN,reciprocal,reciprocal,3,4,,minus,minus,0.09924856419642769,0.19154624314108196,0.0,0.09924856419642769,0.09899421951003687,0.0,2.3737074170336494,True,True
5457,E01__U017__TOP__MINIMUM_CERTIFIED_OUTER_GAP,x09_t29,9,29,0.7548508071388327,0.7562363895946635,0.90625,0.9375,0.0175,0.02,-1e-06,1e-06,CLOSED_REPRESENTATIVE_UNIT_MODULUS_MARGIN,reciprocal,reciprocal,0,4,,minus,minus,0.08286967790065822,0.1878903042119748,0.0,0.08286967790065822,0.08111298246910857,0.0,2.3737076590669326,True,True
5457,E01__U017__TOP__MINIMUM_CERTIFIED_OUTER_GAP,x09_t29,9,29,0.7548508071388327,0.7562363895946635,0.90625,0.9375,0.0175,0.02,-1e-06,1e-06,CLOSED_REPRESENTATIVE_UNIT_MODULUS_MARGIN,reciprocal,reciprocal,1,4,,minus,minus,0.08286967790065822,0.1878903042119748,0.0,0.08286967790065822,0.08111298786181867,0.0,2.3737076590140007,True,True
5457,E01__U017__TOP__MINIMUM_CERTIFIED_OUTER_GAP,x09_t29,9,29,0.7548508071388327,0.7562363895946635,0.90625,0.9375,0.0175,0.02,-1e-06,1e-06,CLOSED_REPRESENTATIVE_UNIT_MODULUS_MARGIN,reciprocal,reciprocal,2,4,,minus,minus,0.08286967790065822,0.1878903042119748,0.0,0.08286967790065822,0.08111297958970194,0.0,2.3737074169807175,True,True
5457,E01__U017__TOP__MINIMUM_CERTIFIED_OUTER_GAP,x09_t29,9,29,0.7548508071388327,0.7562363895946635,0.90625,0.9375,0.0175,0.02,-1e-06,1e-06,CLOSED_REPRESENTATIVE_UNIT_MODULUS_MARGIN,reciprocal,reciprocal,3,4,,minus,minus,0.08286967790065822,0.1878903042119748,0.0,0.08286967790065822,0.08111297419699184,0.0,2.3737074170336494,True,True
5457,E01__U017__TOP__MINIMUM_CERTIFIED_OUTER_GAP,x09_t30,9,30,0.7548508071388327,0.7562363895946635,0.9375,0.96875,0.0175,0.02,-1e-06,1e-06,CLOSED_REPRESENTATIVE_UNIT_MODULUS_MARGIN,reciprocal,reciprocal,0,4,,minus,minus,0.06456010690765034,0.18657749454831776,0.0,0.06456010690765034,0.06158127057648811,0.0,2.3737076590669326,True,True
5457,E01__U017__TOP__MINIMUM_CERTIFIED_OUTER_GAP,x09_t30,9,30,0.7548508071388327,0.7562363895946635,0.9375,0.96875,0.0175,0.02,-1e-06,1e-06,CLOSED_REPRESENTATIVE_UNIT_MODULUS_MARGIN,reciprocal,reciprocal,1,4,,minus,minus,0.06456010690765034,0.18657749454831776,0.0,0.06456010690765034,0.06158127695941834,0.0,2.3737076590140007,True,True
5457,E01__U017__TOP__MINIMUM_CERTIFIED_OUTER_GAP,x09_t30,9,30,0.7548508071388327,0.7562363895946635,0.9375,0.96875,0.0175,0.02,-1e-06,1e-06,CLOSED_REPRESENTATIVE_UNIT_MODULUS_MARGIN,reciprocal,reciprocal,2,4,,minus,minus,0.06456010690765034,0.18657749454831776,0.0,0.06456010690765034,0.06158127067860723,0.0,2.3737074169807175,True,True
5457,E01__U017__TOP__MINIMUM_CERTIFIED_OUTER_GAP,x09_t30,9,30,0.7548508071388327,0.7562363895946635,0.9375,0.96875,0.0175,0.02,-1e-06,1e-06,CLOSED_REPRESENTATIVE_UNIT_MODULUS_MARGIN,reciprocal,reciprocal,3,4,,minus,minus,0.06456010690765034,0.18657749454831776,0.0,0.06456010690765034,0.06158126429567701,0.0,2.3737074170336494,True,True
5457,E01__U017__TOP__MINIMUM_CERTIFIED_OUTER_GAP,x09_t31,9,31,0.7548508071388327,0.7562363895946635,0.96875,1.0,0.0175,0.02,-1e-06,1e-06,CLOSED_REPRESENTATIVE_UNIT_MODULUS_MARGIN,reciprocal,reciprocal,0,4,,minus,minus,0.04356624003010984,0.1886138035726036,0.0,0.04356624003010984,0.03971514711107503,0.0,2.3737076590669326,True,True
5457,E01__U017__TOP__MINIMUM_CERTIFIED_OUTER_GAP,x09_t31,9,31,0.7548508071388327,0.7562363895946635,0.96875,1.0,0.0175,0.02,-1e-06,1e-06,CLOSED_REPRESENTATIVE_UNIT_MODULUS_MARGIN,reciprocal,reciprocal,1,4,,minus,minus,0.04356624003010984,0.1886138035726036,0.0,0.04356624003010984,0.03971515467378621,0.0,2.3737076590140007,True,True
5457,E01__U017__TOP__MINIMUM_CERTIFIED_OUTER_GAP,x09_t31,9,31,0.7548508071388327,0.7562363895946635,0.96875,1.0,0.0175,0.02,-1e-06,1e-06,CLOSED_REPRESENTATIVE_UNIT_MODULUS_MARGIN,reciprocal,reciprocal,2,4,,minus,minus,0.04356624003010984,0.1886138035726036,0.0,0.04356624003010984,0.03971515062226585,0.0,2.3737074169807175,True,True
5457,E01__U017__TOP__MINIMUM_CERTIFIED_OUTER_GAP,x09_t31,9,31,0.7548508071388327,0.7562363895946635,0.96875,1.0,0.0175,0.02,-1e-06,1e-06,CLOSED_REPRESENTATIVE_UNIT_MODULUS_MARGIN,reciprocal,reciprocal,3,4,,minus,minus,0.04356624003010984,0.1886138035726036,0.0,0.04356624003010984,0.03971514305955467,0.0,2.3737074170336494,True,True
5457,E01__U017__TOP__MINIMUM_CERTIFIED_OUTER_GAP,x10_t00,10,0,0.7562363895946635,0.7576219720504945,0.0,0.03125,0.0175,0.02,-1e-06,1e-06,CLOSED_REPRESENTATIVE_UNIT_MODULUS_MARGIN,reciprocal,reciprocal,0,4,,holomorphic,plus,0.4684278806061579,0.5172400169188598,0.003633116348723266,0.42694540111912743,0.4684278806061579,0.003207454508048896,2.3812677536300773,True,True
5457,E01__U017__TOP__MINIMUM_CERTIFIED_OUTER_GAP,x10_t00,10,0,0.7562363895946635,0.7576219720504945,0.0,0.03125,0.0175,0.02,-1e-06,1e-06,CLOSED_REPRESENTATIVE_UNIT_MODULUS_MARGIN,reciprocal,reciprocal,1,4,,holomorphic,plus,0.468427881087683,0.5172400164139533,0.003633116348723266,0.42694540111912743,0.468427881087683,0.0032074547882219263,2.381267753576971,True,True
5457,E01__U017__TOP__MINIMUM_CERTIFIED_OUTER_GAP,x10_t00,10,0,0.7562363895946635,0.7576219720504945,0.0,0.03125,0.0175,0.02,-1e-06,1e-06,CLOSED_REPRESENTATIVE_UNIT_MODULUS_MARGIN,reciprocal,reciprocal,2,4,,holomorphic,plus,0.4684278333190347,0.5172399646902937,0.003633116348723266,0.42694540111912743,0.4684278333190347,0.003207455102558671,2.381267510745294,True,True
5457,E01__U017__TOP__MINIMUM_CERTIFIED_OUTER_GAP,x10_t00,10,0,0.7562363895946635,0.7576219720504945,0.0,0.03125,0.0175,0.02,-1e-06,1e-06,CLOSED_REPRESENTATIVE_UNIT_MODULUS_MARGIN,reciprocal,reciprocal,3,4,,holomorphic,plus,0.46842783283750966,0.5172399651952002,0.003633116348723266,0.42694540111912743,0.46842783283750966,0.0032074548223855843,2.3812675107984007,True,True
5457,E01__U017__TOP__MINIMUM_CERTIFIED_OUTER_GAP,x10_t01,10,1,0.7562363895946635,0.7576219720504945,0.03125,0.0625,0.0175,0.02,-1e-06,1e-06,CLOSED_REPRESENTATIVE_UNIT_MODULUS_MARGIN,reciprocal,reciprocal,0,4,,holomorphic,plus,0.4561460585707189,0.5058194490000664,0.0035533548004363738,0.415979966586621,0.4561460585707189,0.003143766605030919,2.3812677536300773,True,True
5457,E01__U017__TOP__MINIMUM_CERTIFIED_OUTER_GAP,x10_t01,10,1,0.7562363895946635,0.7576219720504945,0.03125,0.0625,0.0175,0.02,-1e-06,1e-06,CLOSED_REPRESENTATIVE_UNIT_MODULUS_MARGIN,reciprocal,reciprocal,1,4,,holomorphic,plus,0.45614605907847955,0.5058194484694829,0.0035533548004363738,0.415979966586621,0.45614605907847955,0.0031437668257475785,2.381267753576971,True,True
5457,E01__U017__TOP__MINIMUM_CERTIFIED_OUTER_GAP,x10_t01,10,1,0.7562363895946635,0.7576219720504945,0.03125,0.0625,0.0175,0.02,-1e-06,1e-06,CLOSED_REPRESENTATIVE_UNIT_MODULUS_MARGIN,reciprocal,reciprocal,2,4,,holomorphic,plus,0.4561460125622736,0.505819397887886,0.0035533548004363738,0.415979966586621,0.4561460125622736,0.0031437671338565196,2.381267510745294,True,True
5457,E01__U017__TOP__MINIMUM_CERTIFIED_OUTER_GAP,x10_t01,10,1,0.7562363895946635,0.7576219720504945,0.03125,0.0625,0.0175,0.02,-1e-06,1e-06,CLOSED_REPRESENTATIVE_UNIT_MODULUS_MARGIN,reciprocal,reciprocal,3,4,,holomorphic,plus,0.45614601205451294,0.5058193984184695,0.0035533548004363738,0.415979966586621,0.45614601205451294,0.003143766913139816,2.3812675107984007,True,True
5457,E01__U017__TOP__MINIMUM_CERTIFIED_OUTER_GAP,x10_t02,10,2,0.7562363895946635,0.7576219720504945,0.0625,0.09375,0.0175,0.02,-1e-06,1e-06,CLOSED_REPRESENTATIVE_UNIT_MODULUS_MARGIN,reciprocal,reciprocal,0,4,,holomorphic,plus,0.44384339645747306,0.4944161735891091,0.003469139380151483,0.4050029639620423,0.44384339645747306,0.003076838083726702,2.3812677536300773,True,True
5457,E01__U017__TOP__MINIMUM_CERTIFIED_OUTER_GAP,x10_t02,10,2,0.7562363895946635,0.7576219720504945,0.0625,0.09375,0.0175,0.02,-1e-06,1e-06,CLOSED_REPRESENTATIVE_UNIT_MODULUS_MARGIN,reciprocal,reciprocal,1,4,,holomorphic,plus,0.4438433969932818,0.49441617303103613,0.003469139380151483,0.4050029639620423,0.4438433969932818,0.00307683824640752,2.381267753576971,True,True
5457,E01__U017__TOP__MINIMUM_CERTIFIED_OUTER_GAP,x10_t02,10,2,0.7562363895946635,0.7576219720504945,0.0625,0.09375,0.0175,0.02,-1e-06,1e-06,CLOSED_REPRESENTATIVE_UNIT_MODULUS_MARGIN,reciprocal,reciprocal,2,4,,holomorphic,plus,0.44384335173164297,0.4944161235897731,0.003469139380151483,0.4050029639620423,0.44384335173164297,0.0030768385479706365,2.381267510745294,True,True
5457,E01__U017__TOP__MINIMUM_CERTIFIED_OUTER_GAP,x10_t02,10,2,0.7562363895946635,0.7576219720504945,0.0625,0.09375,0.0175,0.02,-1e-06,1e-06,CLOSED_REPRESENTATIVE_UNIT_MODULUS_MARGIN,reciprocal,reciprocal,3,4,,holomorphic,plus,0.4438433511958343,0.4944161241478461,0.003469139380151483,0.4050029639620423,0.4438433511958343,0.003076838385289786,2.3812675107984007,True,True
5457,E01__U017__TOP__MINIMUM_CERTIFIED_OUTER_GAP,x10_t03,10,3,0.7562363895946635,0.7576219720504945,0.09375,0.125,0.0175,0.02,-1e-06,1e-06,CLOSED_REPRESENTATIVE_UNIT_MODULUS_MARGIN,reciprocal,reciprocal,0,4,,holomorphic,plus,0.4315183870820519,0.4830319428785482,0.003380031199939724,0.3940134572497225,0.4315183870820519,0.0030063799109920513,2.3812677536300773,True,True
5457,E01__U017__TOP__MINIMUM_CERTIFIED_OUTER_GAP,x10_t03,10,3,0.7562363895946635,0.7576219720504945,0.09375,0.125,0.0175,0.02,-1e-06,1e-06,CLOSED_REPRESENTATIVE_UNIT_MODULUS_MARGIN,reciprocal,reciprocal,1,4,,holomorphic,plus,0.43151838764790207,0.483031942290992,0.003380031199939724,0.3940134572497225,0.43151838764790207,0.0030063800171463034,2.381267753576971,True,True
5457,E01__U017__TOP__MINIMUM_CERTIFIED_OUTER_GAP,x10_t03,10,3,0.7562363895946635,0.7576219720504945,0.09375,0.125,0.0175,0.02,-1e-06,1e-06,CLOSED_REPRESENTATIVE_UNIT_MODULUS_MARGIN,reciprocal,reciprocal,2,4,,holomorphic,plus,0.4315183436431088,0.48303189398815893,0.003380031199939724,0.3940134572497225,0.4315183436431088,0.0030063803118172195,2.381267510745294,True,True
5457,E01__U017__TOP__MINIMUM_CERTIFIED_OUTER_GAP,x10_t03,10,3,0.7562363895946635,0.7576219720504945,0.09375,0.125,0.0175,0.02,-1e-06,1e-06,CLOSED_REPRESENTATIVE_UNIT_MODULUS_MARGIN,reciprocal,reciprocal,3,4,,holomorphic,plus,0.43151834307725867,0.4830318945757151,0.003380031199939724,0.3940134572497225,0.43151834307725867,0.003006380205662946,2.3812675107984007,True,True
5457,E01__U017__TOP__MINIMUM_CERTIFIED_OUTER_GAP,x10_t04,10,4,0.7562363895946635,0.7576219720504945,0.125,0.15625,0.0175,0.02,-1e-06,1e-06,CLOSED_REPRESENTATIVE_UNIT_MODULUS_MARGIN,reciprocal,reciprocal,0,4,,holomorphic,plus,0.4191694820865024,0.47166860610571176,0.0032855221788382345,0.3830104276991268,0.4191694820865024,0.002932060015035018,2.3812677536300773,True,True
5457,E01__U017__TOP__MINIMUM_CERTIFIED_OUTER_GAP,x10_t04,10,4,0.7562363895946635,0.7576219720504945,0.125,0.15625,0.0175,0.02,-1e-06,1e-06,CLOSED_REPRESENTATIVE_UNIT_MODULUS_MARGIN,reciprocal,reciprocal,1,4,,holomorphic,plus,0.4191694826845951,0.4716686054864709,0.0032855221788382345,0.3830104276991268,0.4191694826845951,0.002932060066268265,2.381267753576971,True,True
5457,E01__U017__TOP__MINIMUM_CERTIFIED_OUTER_GAP,x10_t04,10,4,0.7562363895946635,0.7576219720504945,0.125,0.15625,0.0175,0.02,-1e-06,1e-06,CLOSED_REPRESENTATIVE_UNIT_MODULUS_MARGIN,reciprocal,reciprocal,2,4,,holomorphic,plus,0.4191694399390836,0.47166855831997884,0.0032855221788382345,0.3830104276991268,0.4191694399390836,0.0029320603536680295,2.381267510745294,True,True
5457,E01__U017__TOP__MINIMUM_CERTIFIED_OUTER_GAP,x10_t04,10,4,0.7562363895946635,0.7576219720504945,0.125,0.15625,0.0175,0.02,-1e-06,1e-06,CLOSED_REPRESENTATIVE_UNIT_MODULUS_MARGIN,reciprocal,reciprocal,3,4,,holomorphic,plus,0.41916943934099093,0.4716685589392197,0.0032855221788382345,0.3830104276991268,0.41916943934099093,0.0029320603024347723,2.3812675107984007,True,True
5457,E01__U017__TOP__MINIMUM_CERTIFIED_OUTER_GAP,x10_t05,10,5,0.7562363895946635,0.7576219720504945,0.15625,0.1875,0.0175,0.02,-1e-06,1e-06,CLOSED_REPRESENTATIVE_UNIT_MODULUS_MARGIN,reciprocal,reciprocal,0,4,,holomorphic,plus,0.4067948212065487,0.4603283959884784,0.0031850265229047786,0.3719926635493564,0.4067948212065487,0.002853565649097881,2.3812677536300773,True,True
5457,E01__U017__TOP__MINIMUM_CERTIFIED_OUTER_GAP,x10_t05,10,5,0.7562363895946635,0.7576219720504945,0.15625,0.1875,0.0175,0.02,-1e-06,1e-06,CLOSED_REPRESENTATIVE_UNIT_MODULUS_MARGIN,reciprocal,reciprocal,1,4,,holomorphic,plus,0.4067948218393229,0.4603283953351133,0.0031850265229047786,0.3719926635493564,0.4067948218393229,0.00285356564970776,2.381267753576971,True,True
5457,E01__U017__TOP__MINIMUM_CERTIFIED_OUTER_GAP,x10_t05,10,5,0.7562363895946635,0.7576219720504945,0.15625,0.1875,0.0175,0.02,-1e-06,1e-06,CLOSED_REPRESENTATIVE_UNIT_MODULUS_MARGIN,reciprocal,reciprocal,2,4,,holomorphic,plus,0.40679478035571914,0.4603283493026502,0.0031850265229047786,0.3719926635493564,0.40679478035571914,0.0028535659294260016,2.381267510745294,True,True
5457,E01__U017__TOP__MINIMUM_CERTIFIED_OUTER_GAP,x10_t05,10,5,0.7562363895946635,0.7576219720504945,0.15625,0.1875,0.0175,0.02,-1e-06,1e-06,CLOSED_REPRESENTATIVE_UNIT_MODULUS_MARGIN,reciprocal,reciprocal,3,4,,holomorphic,plus,0.4067947797229449,0.46032834995601524,0.0031850265229047786,0.3719926635493564,0.4067947797229449,0.0028535659288161227,2.3812675107984007,True,True
5457,E01__U017__TOP__MINIMUM_CERTIFIED_OUTER_GAP,x10_t06,10,6,0.7562363895946635,0.7576219720504945,0.1875,0.21875,0.0175,0.02,-1e-06,1e-06,CLOSED_REPRESENTATIVE_UNIT_MODULUS_MARGIN,reciprocal,reciprocal,0,4,,holomorphic,plus,0.39439232697339044,0.44901384461347127,0.0030947973855425474,0.36095872333540396,0.39439232697339044,0.002819270503303566,2.3812677536300773,True,True
5457,E01__U017__TOP__MINIMUM_CERTIFIED_OUTER_GAP,x10_t06,10,6,0.7562363895946635,0.7576219720504945,0.1875,0.21875,0.0175,0.02,-1e-06,1e-06,CLOSED_REPRESENTATIVE_UNIT_MODULUS_MARGIN,reciprocal,reciprocal,1,4,,holomorphic,plus,0.3943923276435584,0.4490138439232692,0.0030947973855425474,0.36095872333540396,0.3943923276435584,0.0028192705194111352,2.381267753576971,True,True
5457,E01__U017__TOP__MINIMUM_CERTIFIED_OUTER_GAP,x10_t06,10,6,0.7562363895946635,0.7576219720504945,0.1875,0.21875,0.0175,0.02,-1e-06,1e-06,CLOSED_REPRESENTATIVE_UNIT_MODULUS_MARGIN,reciprocal,reciprocal,2,4,,holomorphic,plus,0.39439228742470006,0.4490137990222697,0.0030947973855425474,0.36095872333540396,0.39439228742470006,0.0028192707957618427,2.381267510745294,True,True
5457,E01__U017__TOP__MINIMUM_CERTIFIED_OUTER_GAP,x10_t06,10,6,0.7562363895946635,0.7576219720504945,0.1875,0.21875,0.0175,0.02,-1e-06,1e-06,CLOSED_REPRESENTATIVE_UNIT_MODULUS_MARGIN,reciprocal,reciprocal,3,4,,holomorphic,plus,0.3943922867545321,0.4490137997124718,0.0030947973855425474,0.36095872333540396,0.3943922867545321,0.0028192707796542704,2.3812675107984007,True,True
5457,E01__U017__TOP__MINIMUM_CERTIFIED_OUTER_GAP,x10_t07,10,7,0.7562363895946635,0.7576219720504945,0.21875,0.25,0.0175,0.02,-1e-06,1e-06,CLOSED_REPRESENTATIVE_UNIT_MODULUS_MARGIN,reciprocal,reciprocal,0,4,,holomorphic,plus,0.381959671099211,0.43772783277736255,0.003079816169896363,0.3499070187497661,0.381959671099211,0.0028649290956147405,2.3812677536300773,True,True
5457,E01__U017__TOP__MINIMUM_CERTIFIED_OUTER_GAP,x10_t07,10,7,0.7562363895946635,0.7576219720504945,0.21875,0.25,0.0175,0.02,-1e-06,1e-06,CLOSED_REPRESENTATIVE_UNIT_MODULUS_MARGIN,reciprocal,reciprocal,1,4,,holomorphic,plus,0.3819596718097989,0.4377278320472965,0.003079816169896363,0.3499070187497661,0.3819596718097989,0.002864929128237698,2.381267753576971,True,True
5457,E01__U017__TOP__MINIMUM_CERTIFIED_OUTER_GAP,x10_t07,10,7,0.7562363895946635,0.7576219720504945,0.21875,0.25,0.0175,0.02,-1e-06,1e-06,CLOSED_REPRESENTATIVE_UNIT_MODULUS_MARGIN,reciprocal,reciprocal,2,4,,holomorphic,plus,0.38195963285876094,0.4377277882749074,0.003079816169896363,0.3499070187497661,0.38195963285876094,0.0028649294090582556,2.381267510745294,True,True
5457,E01__U017__TOP__MINIMUM_CERTIFIED_OUTER_GAP,x10_t07,10,7,0.7562363895946635,0.7576219720504945,0.21875,0.25,0.0175,0.02,-1e-06,1e-06,CLOSED_REPRESENTATIVE_UNIT_MODULUS_MARGIN,reciprocal,reciprocal,3,4,,holomorphic,plus,0.381959632148173,0.4377277890049735,0.003079816169896363,0.3499070187497661,0.381959632148173,0.002864929376435292,2.3812675107984007,True,True
5457,E01__U017__TOP__MINIMUM_CERTIFIED_OUTER_GAP,x10_t08,10,8,0.7562363895946635,0.7576219720504945,0.25,0.28125,0.0175,0.02,-1e-06,1e-06,CLOSED_REPRESENTATIVE_UNIT_MODULUS_MARGIN,reciprocal,reciprocal,0,4,,holomorphic,plus,0.3694942334378024,0.4264736501197657,0.003117254196944158,0.3388357274015133,0.3694942334378024,0.0029766512754677583,2.3812677536300773,True,True
5457,E01__U017__TOP__MINIMUM_CERTIFIED_OUTER_GAP,x10_t08,10,8,0.7562363895946635,0.7576219720504945,0.25,0.28125,0.0175,0.02,-1e-06,1e-06,CLOSED_REPRESENTATIVE_UNIT_MODULUS_MARGIN,reciprocal,reciprocal,1,4,,holomorphic,plus,0.3694942341921988,0.426473649346446,0.003117254196944158,0.3388357274015133,0.3694942341921988,0.002976651324617137,2.381267753576971,True,True
5457,E01__U017__TOP__MINIMUM_CERTIFIED_OUTER_GAP,x10_t08,10,8,0.7562363895946635,0.7576219720504945,0.25,0.28125,0.0175,0.02,-1e-06,1e-06,CLOSED_REPRESENTATIVE_UNIT_MODULUS_MARGIN,reciprocal,reciprocal,2,4,,holomorphic,plus,0.3694941965123234,0.4264736066994852,0.003117254196944158,0.3388357274015133,0.3694941965123234,0.0029766516163837182,2.381267510745294,True,True
5457,E01__U017__TOP__MINIMUM_CERTIFIED_OUTER_GAP,x10_t08,10,8,0.7562363895946635,0.7576219720504945,0.25,0.28125,0.0175,0.02,-1e-06,1e-06,CLOSED_REPRESENTATIVE_UNIT_MODULUS_MARGIN,reciprocal,reciprocal,3,4,,holomorphic,plus,0.369494195757927,0.4264736074728049,0.003117254196944158,0.3388357274015133,0.369494195757927,0.0029766515672343297,2.3812675107984007,True,True
5457,E01__U017__TOP__MINIMUM_CERTIFIED_OUTER_GAP,x10_t09,10,9,0.7562363895946635,0.7576219720504945,0.28125,0.3125,0.0175,0.02,-1e-06,1e-06,CLOSED_REPRESENTATIVE_UNIT_MODULUS_MARGIN,reciprocal,reciprocal,0,4,,holomorphic,plus,0.3569930523773119,0.4152550680031235,0.0031931515670926953,0.3277426874105378,0.3569930523773119,0.003137112466885538,2.3812677536300773,True,True
5457,E01__U017__TOP__MINIMUM_CERTIFIED_OUTER_GAP,x10_t09,10,9,0.7562363895946635,0.7576219720504945,0.28125,0.3125,0.0175,0.02,-1e-06,1e-06,CLOSED_REPRESENTATIVE_UNIT_MODULUS_MARGIN,reciprocal,reciprocal,1,4,,holomorphic,plus,0.3569930531793254,0.41525506718274025,0.0031931515670926953,0.3277426874105378,0.3569930531793254,0.0031371125320316935,2.381267753576971,True,True
5457,E01__U017__TOP__MINIMUM_CERTIFIED_OUTER_GAP,x10_t09,10,9,0.7562363895946635,0.7576219720504945,0.28125,0.3125,0.0175,0.02,-1e-06,1e-06,CLOSED_REPRESENTATIVE_UNIT_MODULUS_MARGIN,reciprocal,reciprocal,2,4,,holomorphic,plus,0.35699301677425666,0.41525502565764855,0.0031931515670926953,0.3277426874105378,0.35699301677425666,0.003137112839522401,2.381267510745294,True,True
5457,E01__U017__TOP__MINIMUM_CERTIFIED_OUTER_GAP,x10_t09,10,9,0.7562363895946635,0.7576219720504945,0.28125,0.3125,0.0175,0.02,-1e-06,1e-06,CLOSED_REPRESENTATIVE_UNIT_MODULUS_MARGIN,reciprocal,reciprocal,3,4,,holomorphic,plus,0.35699301597224314,0.4152550264780318,0.0031931515670926953,0.3277426874105378,0.35699301597224314,0.0031371127743762325,2.3812675107984007,True,True
5457,E01__U017__TOP__MINIMUM_CERTIFIED_OUTER_GAP,x10_t10,10,10,0.7562363895946635,0.7576219720504945,0.3125,0.34375,0.0175,0.02,-1e-06,1e-06,CLOSED_REPRESENTATIVE_UNIT_MODULUS_MARGIN,reciprocal,reciprocal,0,4,,holomorphic,plus,0.34445276445985995,0.4040764284002957,0.003288424669433974,0.31662536035954914,0.34445276445985995,0.0033289893368435757,2.3812677536300773,True,True
5457,E01__U017__TOP__MINIMUM_CERTIFIED_OUTER_GAP,x10_t10,10,10,0.7562363895946635,0.7576219720504945,0.3125,0.34375,0.0175,0.02,-1e-06,1e-06,CLOSED_REPRESENTATIVE_UNIT_MODULUS_MARGIN,reciprocal,reciprocal,1,4,,holomorphic,plus,0.3444527653137888,0.4040764275285489,0.003288424669433974,0.31662536035954914,0.3444527653137888,0.003328989417394791,2.381267753576971,True,True
5457,E01__U017__TOP__MINIMUM_CERTIFIED_OUTER_GAP,x10_t10,10,10,0.7562363895946635,0.7576219720504945,0.3125,0.34375,0.0175,0.02,-1e-06,1e-06,CLOSED_REPRESENTATIVE_UNIT_MODULUS_MARGIN,reciprocal,reciprocal,2,4,,holomorphic,plus,0.34445273018751366,0.40407638712133304,0.003288424669433974,0.31662536035954914,0.34445273018751366,0.0033289897436895996,2.381267510745294,True,True
5457,E01__U017__TOP__MINIMUM_CERTIFIED_OUTER_GAP,x10_t10,10,10,0.7562363895946635,0.7576219720504945,0.3125,0.34375,0.0175,0.02,-1e-06,1e-06,CLOSED_REPRESENTATIVE_UNIT_MODULUS_MARGIN,reciprocal,reciprocal,3,4,,holomorphic,plus,0.3444527293335848,0.4040763879930798,0.003288424669433974,0.31662536035954914,0.3444527293335848,0.003328989663138368,2.3812675107984007,True,True
5457,E01__U017__TOP__MINIMUM_CERTIFIED_OUTER_GAP,x10_t11,10,11,0.7562363895946635,0.7576219720504945,0.34375,0.375,0.0175,0.02,-1e-06,1e-06,CLOSED_REPRESENTATIVE_UNIT_MODULUS_MARGIN,reciprocal,reciprocal,0,4,,holomorphic,plus,0.33186953033855393,0.39294275304205695,0.0033847186259707246,0.3054807441527535,0.33186953033855393,0.00353688808877215,2.3812677536300773,True,True
5457,E01__U017__TOP__MINIMUM_CERTIFIED_OUTER_GAP,x10_t11,10,11,0.7562363895946635,0.7576219720504945,0.34375,0.375,0.0175,0.02,-1e-06,1e-06,CLOSED_REPRESENTATIVE_UNIT_MODULUS_MARGIN,reciprocal,reciprocal,1,4,,holomorphic,plus,0.3318695312492697,0.3929427521140729,0.0033847186259707246,0.3054807441527535,0.3318695312492697,0.003536888184382384,2.381267753576971,True,True
5457,E01__U017__TOP__MINIMUM_CERTIFIED_OUTER_GAP,x10_t11,10,11,0.7562363895946635,0.7576219720504945,0.34375,0.375,0.0175,0.02,-1e-06,1e-06,CLOSED_REPRESENTATIVE_UNIT_MODULUS_MARGIN,reciprocal,reciprocal,2,4,,holomorphic,plus,0.33186949740616645,0.3929427128202376,0.0033847186259707246,0.3054807441527535,0.33186949740616645,0.003536888531052185,2.381267510745294,True,True
5457,E01__U017__TOP__MINIMUM_CERTIFIED_OUTER_GAP,x10_t11,10,11,0.7562363895946635,0.7576219720504945,0.34375,0.375,0.0175,0.02,-1e-06,1e-06,CLOSED_REPRESENTATIVE_UNIT_MODULUS_MARGIN,reciprocal,reciprocal,3,4,,holomorphic,plus,0.33186949649545067,0.39294271374822165,0.0033847186259707246,0.3054807441527535,0.33186949649545067,0.003536888435441932,2.3812675107984007,True,True
5457,E01__U017__TOP__MINIMUM_CERTIFIED_OUTER_GAP,x10_t12,10,12,0.7562363895946635,0.7576219720504945,0.375,0.40625,0.0175,0.02,-1e-06,1e-06,CLOSED_REPRESENTATIVE_UNIT_MODULUS_MARGIN,reciprocal,reciprocal,0,4,,holomorphic,plus,0.3192389432465526,0.38185987842228764,0.0034650431777768992,0.2943052611225717,0.3192389432465526,0.0037478383279082633,2.3812677536300773,True,True
5457,E01__U017__TOP__MINIMUM_CERTIFIED_OUTER_GAP,x10_t12,10,12,0.7562363895946635,0.7576219720504945,0.375,0.40625,0.0175,0.02,-1e-06,1e-06,CLOSED_REPRESENTATIVE_UNIT_MODULUS_MARGIN,reciprocal,reciprocal,1,4,,holomorphic,plus,0.31923894421960214,0.3818598774325168,0.0034650431777768992,0.2943052611225717,0.31923894421960214,0.0037478384386199575,2.381267753576971,True,True
5457,E01__U017__TOP__MINIMUM_CERTIFIED_OUTER_GAP,x10_t12,10,12,0.7562363895946635,0.7576219720504945,0.375,0.40625,0.0175,0.02,-1e-06,1e-06,CLOSED_REPRESENTATIVE_UNIT_MODULUS_MARGIN,reciprocal,reciprocal,2,4,,holomorphic,plus,0.31923891166449836,0.38185983924698325,0.0034650431777768992,0.2943052611225717,0.31923891166449836,0.0037478388059640753,2.381267510745294,True,True
5457,E01__U017__TOP__MINIMUM_CERTIFIED_OUTER_GAP,x10_t12,10,12,0.7562363895946635,0.7576219720504945,0.375,0.40625,0.0175,0.02,-1e-06,1e-06,CLOSED_REPRESENTATIVE_UNIT_MODULUS_MARGIN,reciprocal,reciprocal,3,4,,holomorphic,plus,0.31923891069144883,0.38185984023675407,0.0034650431777768992,0.2943052611225717,0.31923891069144883,0.003747838695252359,2.3812675107984007,True,True
5457,E01__U017__TOP__MINIMUM_CERTIFIED_OUTER_GAP,x10_t13,10,13,0.7562363895946635,0.7576219720504945,0.40625,0.4375,0.0175,0.02,-1e-06,1e-06,CLOSED_REPRESENTATIVE_UNIT_MODULUS_MARGIN,reciprocal,reciprocal,0,4,,holomorphic,plus,0.3065559148571779,0.3708346241051327,0.0035135907602494333,0.28309461307761025,0.3065559148571779,0.00395099637417311,2.3812677536300773,True,True
5457,E01__U017__TOP__MINIMUM_CERTIFIED_OUTER_GAP,x10_t13,10,13,0.7562363895946635,0.7576219720504945,0.40625,0.4375,0.0175,0.02,-1e-06,1e-06,CLOSED_REPRESENTATIVE_UNIT_MODULUS_MARGIN,reciprocal,reciprocal,1,4,,holomorphic,plus,0.3065559158989082,0.37083462304722453,0.0035135907602494333,0.28309461307761025,0.3065559158989082,0.003950996500467538,2.381267753576971,True,True
5457,E01__U017__TOP__MINIMUM_CERTIFIED_OUTER_GAP,x10_t13,10,13,0.7562363895946635,0.7576219720504945,0.40625,0.4375,0.0175,0.02,-1e-06,1e-06,CLOSED_REPRESENTATIVE_UNIT_MODULUS_MARGIN,reciprocal,reciprocal,2,4,,holomorphic,plus,0.3065558846371501,0.3708345859642322,0.0035135907602494333,0.28309461307761025,0.3065558846371501,0.003950996887722199,2.381267510745294,True,True
5457,E01__U017__TOP__MINIMUM_CERTIFIED_OUTER_GAP,x10_t13,10,13,0.7562363895946635,0.7576219720504945,0.40625,0.4375,0.0175,0.02,-1e-06,1e-06,CLOSED_REPRESENTATIVE_UNIT_MODULUS_MARGIN,reciprocal,reciprocal,3,4,,holomorphic,plus,0.30655588359541985,0.37083458702214034,0.0035135907602494333,0.28309461307761025,0.30655588359541985,0.003950996761427746,2.3812675107984007,True,True
5457,E01__U017__TOP__MINIMUM_CERTIFIED_OUTER_GAP,x10_t14,10,14,0.7562363895946635,0.7576219720504945,0.4375,0.46875,0.0175,0.02,-1e-06,1e-06,CLOSED_REPRESENTATIVE_UNIT_MODULUS_MARGIN,reciprocal,reciprocal,0,4,,holomorphic,plus,0.293814531596831,0.3598750043428709,0.0035151465875842554,0.27184359176608525,0.293814531596831,0.004137079275864572,2.3812677536300773,True,True
5457,E01__U017__TOP__MINIMUM_CERTIFIED_OUTER_GAP,x10_t14,10,14,0.7562363895946635,0.7576219720504945,0.4375,0.46875,0.0175,0.02,-1e-06,1e-06,CLOSED_REPRESENTATIVE_UNIT_MODULUS_MARGIN,reciprocal,reciprocal,1,4,,holomorphic,plus,0.2938145327145429,0.35987500320952015,0.0035151465875842554,0.27184359176608525,0.2938145327145429,0.004137079418680605,2.381267753576971,True,True
5457,E01__U017__TOP__MINIMUM_CERTIFIED_OUTER_GAP,x10_t14,10,14,0.7562363895946635,0.7576219720504945,0.4375,0.46875,0.0175,0.02,-1e-06,1e-06,CLOSED_REPRESENTATIVE_UNIT_MODULUS_MARGIN,reciprocal,reciprocal,2,4,,holomorphic,plus,0.2938145027520796,0.3598749672225072,0.0035151465875842554,0.27184359176608525,0.2938145027520796,0.004137079824171936,2.381267510745294,True,True
5457,E01__U017__TOP__MINIMUM_CERTIFIED_OUTER_GAP,x10_t14,10,14,0.7562363895946635,0.7576219720504945,0.4375,0.46875,0.0175,0.02,-1e-06,1e-06,CLOSED_REPRESENTATIVE_UNIT_MODULUS_MARGIN,reciprocal,reciprocal,3,4,,holomorphic,plus,0.2938145016343678,0.3598749683558579,0.0035151465875842554,0.27184359176608525,0.2938145016343678,0.004137079681355874,2.3812675107984007,True,True
5457,E01__U017__TOP__MINIMUM_CERTIFIED_OUTER_GAP,x10_t15,10,15,0.7562363895946635,0.7576219720504945,0.46875,0.5,0.0175,0.02,-1e-06,1e-06,CLOSED_REPRESENTATIVE_UNIT_MODULUS_MARGIN,reciprocal,reciprocal,0,4,,holomorphic,plus,0.2810078718880583,0.34899049662087656,0.003454355153548241,0.2605458285935074,0.2810078718880583,0.004297790312777231,2.3812677536300773,True,True
5457,E01__U017__TOP__MINIMUM_CERTIFIED_OUTER_GAP,x10_t15,10,15,0.7562363895946635,0.7576219720504945,0.46875,0.5,0.0175,0.02,-1e-06,1e-06,CLOSED_REPRESENTATIVE_UNIT_MODULUS_MARGIN,reciprocal,reciprocal,1,4,,holomorphic,plus,0.28100787309019787,0.3489904954036317,0.003454355153548241,0.2605458285935074,0.28100787309019787,0.004297790473533115,2.381267753576971,True,True
5457,E01__U017__TOP__MINIMUM_CERTIFIED_OUTER_GAP,x10_t15,10,15,0.7562363895946635,0.7576219720504945,0.46875,0.5,0.0175,0.02,-1e-06,1e-06,CLOSED_REPRESENTATIVE_UNIT_MODULUS_MARGIN,reciprocal,reciprocal,2,4,,holomorphic,plus,0.28100784443368404,0.34899046050508886,0.003454355153548241,0.2605458285935074,0.28100784443368404,0.00429779089477382,2.381267510745294,True,True
5457,E01__U017__TOP__MINIMUM_CERTIFIED_OUTER_GAP,x10_t15,10,15,0.7562363895946635,0.7576219720504945,0.46875,0.5,0.0175,0.02,-1e-06,1e-06,CLOSED_REPRESENTATIVE_UNIT_MODULUS_MARGIN,reciprocal,reciprocal,3,4,,holomorphic,plus,0.2810078432315445,0.3489904617223338,0.003454355153548241,0.2605458285935074,0.2810078432315445,0.004297790734017905,2.3812675107984007,True,True
5457,E01__U017__TOP__MINIMUM_CERTIFIED_OUTER_GAP,x10_t16,10,16,0.7562363895946635,0.7576219720504945,0.5,0.53125,0.0175,0.02,-1e-06,1e-06,CLOSED_REPRESENTATIVE_UNIT_MODULUS_MARGIN,reciprocal,reciprocal,0,4,,holomorphic,plus,0.2681277710696131,0.33819238589179085,0.003314982018258846,0.2491934606842128,0.2681277710696131,0.004425326108645705,2.3812677536300773,True,True
5457,E01__U017__TOP__MINIMUM_CERTIFIED_OUTER_GAP,x10_t16,10,16,0.7562363895946635,0.7576219720504945,0.5,0.53125,0.0175,0.02,-1e-06,1e-06,CLOSED_REPRESENTATIVE_UNIT_MODULUS_MARGIN,reciprocal,reciprocal,1,4,,holomorphic,plus,0.2681277723660113,0.33819238458081413,0.003314982018258846,0.2491934606842128,0.2681277723660113,0.004425326289280561,2.381267753576971,True,True
5457,E01__U017__TOP__MINIMUM_CERTIFIED_OUTER_GAP,x10_t16,10,16,0.7562363895946635,0.7576219720504945,0.5,0.53125,0.0175,0.02,-1e-06,1e-06,CLOSED_REPRESENTATIVE_UNIT_MODULUS_MARGIN,reciprocal,reciprocal,2,4,,holomorphic,plus,0.26812774502293385,0.3381923507621041,0.003314982018258846,0.2491934606842128,0.26812774502293385,0.004425326723018284,2.381267510745294,True,True
5457,E01__U017__TOP__MINIMUM_CERTIFIED_OUTER_GAP,x10_t16,10,16,0.7562363895946635,0.7576219720504945,0.5,0.53125,0.0175,0.02,-1e-06,1e-06,CLOSED_REPRESENTATIVE_UNIT_MODULUS_MARGIN,reciprocal,reciprocal,3,4,,holomorphic,plus,0.26812774372653564,0.3381923520730808,0.003314982018258846,0.2491934606842128,0.26812774372653564,0.004425326542383393,2.3812675107984007,True,True
5457,E01__U017__TOP__MINIMUM_CERTIFIED_OUTER_GAP,x10_t17,10,17,0.7562363895946635,0.7576219720504945,0.53125,0.5625,0.0175,0.02,-1e-06,1e-06,CLOSED_REPRESENTATIVE_UNIT_MODULUS_MARGIN,reciprocal,reciprocal,0,4,,holomorphic,plus,0.2551645152695788,0.3274942107100817,0.0030792988877239246,0.2377766804371581,0.2551645152695788,0.00451198232335,2.3812677536300773,True,True
5457,E01__U017__TOP__MINIMUM_CERTIFIED_OUTER_GAP,x10_t17,10,17,0.7562363895946635,0.7576219720504945,0.53125,0.5625,0.0175,0.02,-1e-06,1e-06,CLOSED_REPRESENTATIVE_UNIT_MODULUS_MARGIN,reciprocal,reciprocal,1,4,,holomorphic,plus,0.25516451667175416,0.32749420929384665,0.0030792988877239246,0.2377766804371581,0.25516451667175416,0.004511982526392982,2.381267753576971,True,True
5457,E01__U017__TOP__MINIMUM_CERTIFIED_OUTER_GAP,x10_t17,10,17,0.7562363895946635,0.7576219720504945,0.53125,0.5625,0.0175,0.02,-1e-06,1e-06,CLOSED_REPRESENTATIVE_UNIT_MODULUS_MARGIN,reciprocal,reciprocal,2,4,,holomorphic,plus,0.2551644906505901,0.32749417654497837,0.0030792988877239246,0.2377766804371581,0.2551644906505901,0.004511982968620005,2.381267510745294,True,True
5457,E01__U017__TOP__MINIMUM_CERTIFIED_OUTER_GAP,x10_t17,10,17,0.7562363895946635,0.7576219720504945,0.53125,0.5625,0.0175,0.02,-1e-06,1e-06,CLOSED_REPRESENTATIVE_UNIT_MODULUS_MARGIN,reciprocal,reciprocal,3,4,,holomorphic,plus,0.2551644892484147,0.32749417796121344,0.0030792988877239246,0.2377766804371581,0.2551644892484147,0.004511982765576982,2.3812675107984007,True,True
5457,E01__U017__TOP__MINIMUM_CERTIFIED_OUTER_GAP,x10_t18,10,18,0.7562363895946635,0.7576219720504945,0.5625,0.59375,0.0175,0.02,-1e-06,1e-06,CLOSED_REPRESENTATIVE_UNIT_MODULUS_MARGIN,reciprocal,reciprocal,0,4,,holomorphic,plus,0.24210643734857773,0.3169123484338386,0.002727970048806228,0.22628312091987007,0.24210643734857773,0.004549861336890958,2.3812677536300773,True,True
5457,E01__U017__TOP__MINIMUM_CERTIFIED_OUTER_GAP,x10_t18,10,18,0.7562363895946635,0.7576219720504945,0.5625,0.59375,0.0175,0.02,-1e-06,1e-06,CLOSED_REPRESENTATIVE_UNIT_MODULUS_MARGIN,reciprocal,reciprocal,1,4,,holomorphic,plus,0.24210643887012284,0.3169123468987434,0.002727970048806228,0.22628312091987007,0.24210643887012284,0.004549861565561254,2.381267753576971,True,True
5457,E01__U017__TOP__MINIMUM_CERTIFIED_OUTER_GAP,x10_t18,10,18,0.7562363895946635,0.7576219720504945,0.5625,0.59375,0.0175,0.02,-1e-06,1e-06,CLOSED_REPRESENTATIVE_UNIT_MODULUS_MARGIN,reciprocal,reciprocal,2,4,,holomorphic,plus,0.24210641418053858,0.3169123152080888,0.002727970048806228,0.22628312091987007,0.24210641418053858,0.004549862011495528,2.381267510745294,True,True
5457,E01__U017__TOP__MINIMUM_CERTIFIED_OUTER_GAP,x10_t18,10,18,0.7562363895946635,0.7576219720504945,0.5625,0.59375,0.0175,0.02,-1e-06,1e-06,CLOSED_REPRESENTATIVE_UNIT_MODULUS_MARGIN,reciprocal,reciprocal,3,4,,holomorphic,plus,0.24210641265899344,0.316912316743184,0.002727970048806228,0.22628312091987007,0.24210641265899344,0.004549861782825186,2.3812675107984007,True,True
5457,E01__U017__TOP__MINIMUM_CERTIFIED_OUTER_GAP,x10_t19,10,19,0.7562363895946635,0.7576219720504945,0.59375,0.625,0.0175,0.02,-1e-06,1e-06,CLOSED_REPRESENTATIVE_UNIT_MODULUS_MARGIN,reciprocal,reciprocal,0,4,,holomorphic,plus,0.22893937564375771,0.3064667930480277,0.002242123506013298,0.21469700713145004,0.22893937564375771,0.004530710662743095,2.3812677536300773,True,True
5457,E01__U017__TOP__MINIMUM_CERTIFIED_OUTER_GAP,x10_t19,10,19,0.7562363895946635,0.7576219720504945,0.59375,0.625,0.0175,0.02,-1e-06,1e-06,CLOSED_REPRESENTATIVE_UNIT_MODULUS_MARGIN,reciprocal,reciprocal,1,4,,holomorphic,plus,0.22893937730083716,0.3064667913778984,0.002242123506013298,0.21469700713145004,0.22893937730083716,0.004530710921077246,2.381267753576971,True,True
5457,E01__U017__TOP__MINIMUM_CERTIFIED_OUTER_GAP,x10_t19,10,19,0.7562363895946635,0.7576219720504945,0.59375,0.625,0.0175,0.02,-1e-06,1e-06,CLOSED_REPRESENTATIVE_UNIT_MODULUS_MARGIN,reciprocal,reciprocal,2,4,,holomorphic,plus,0.22893935395394263,0.3064667607318305,0.002242123506013298,0.21469700713145004,0.22893935395394263,0.004530711365127581,2.381267510745294,True,True
5457,E01__U017__TOP__MINIMUM_CERTIFIED_OUTER_GAP,x10_t19,10,19,0.7562363895946635,0.7576219720504945,0.59375,0.625,0.0175,0.02,-1e-06,1e-06,CLOSED_REPRESENTATIVE_UNIT_MODULUS_MARGIN,reciprocal,reciprocal,3,4,,holomorphic,plus,0.22893935229686319,0.3064667624019598,0.002242123506013298,0.21469700713145004,0.22893935229686319,0.004530711106793379,2.3812675107984007,True,True
5457,E01__U017__TOP__MINIMUM_CERTIFIED_OUTER_GAP,x10_t20,10,20,0.7562363895946635,0.7576219720504945,0.625,0.65625,0.0175,0.02,-1e-06,1e-06,CLOSED_REPRESENTATIVE_UNIT_MODULUS_MARGIN,reciprocal,reciprocal,0,4,,holomorphic,plus,0.2156459370876035,0.2961822041175624,0.0016165586185088294,0.2029979691622761,0.2156459370876035,0.004445994277530646,2.3812677536300773,True,True
5457,E01__U017__TOP__MINIMUM_CERTIFIED_OUTER_GAP,x10_t20,10,20,0.7562363895946635,0.7576219720504945,0.625,0.65625,0.0175,0.02,-1e-06,1e-06,CLOSED_REPRESENTATIVE_UNIT_MODULUS_MARGIN,reciprocal,reciprocal,1,4,,holomorphic,plus,0.21564593889960254,0.29618220229300585,0.0016165586185088294,0.2029979691622761,0.21564593889960254,0.004445994570513101,2.381267753576971,True,True
5457,E01__U017__TOP__MINIMUM_CERTIFIED_OUTER_GAP,x10_t20,10,20,0.7562363895946635,0.7576219720504945,0.625,0.65625,0.0175,0.02,-1e-06,1e-06,CLOSED_REPRESENTATIVE_UNIT_MODULUS_MARGIN,reciprocal,reciprocal,2,4,,holomorphic,plus,0.21564591690828058,0.29618217267543245,0.0016165586185088294,0.2029979691622761,0.21564591690828058,0.004445995006251349,2.381267510745294,True,True
5457,E01__U017__TOP__MINIMUM_CERTIFIED_OUTER_GAP,x10_t20,10,20,0.7562363895946635,0.7576219720504945,0.625,0.65625,0.0175,0.02,-1e-06,1e-06,CLOSED_REPRESENTATIVE_UNIT_MODULUS_MARGIN,reciprocal,reciprocal,3,4,,holomorphic,plus,0.2156459150962815,0.296182174499989,0.0016165586185088294,0.2029979691622761,0.2156459150962815,0.004445994713268835,2.3812675107984007,True,True
5457,E01__U017__TOP__MINIMUM_CERTIFIED_OUTER_GAP,x10_t21,10,21,0.7562363895946635,0.7576219720504945,0.65625,0.6875,0.0175,0.02,-1e-06,1e-06,CLOSED_REPRESENTATIVE_UNIT_MODULUS_MARGIN,reciprocal,reciprocal,0,4,,holomorphic,plus,0.20220447607372538,0.28608934409540937,0.0008021070049445542,0.19115936092162092,0.20220447607372538,0.004287295211619127,2.3812677536300773,True,True
5457,E01__U017__TOP__MINIMUM_CERTIFIED_OUTER_GAP,x10_t21,10,21,0.7562363895946635,0.7576219720504945,0.65625,0.6875,0.0175,0.02,-1e-06,1e-06,CLOSED_REPRESENTATIVE_UNIT_MODULUS_MARGIN,reciprocal,reciprocal,1,4,,holomorphic,plus,0.20220447806410463,0.28608934209296394,0.0008021070049445542,0.19115936092162092,0.20220447806410463,0.004287295545405201,2.381267753576971,True,True
5457,E01__U017__TOP__MINIMUM_CERTIFIED_OUTER_GAP,x10_t21,10,21,0.7562363895946635,0.7576219720504945,0.65625,0.6875,0.0175,0.02,-1e-06,1e-06,CLOSED_REPRESENTATIVE_UNIT_MODULUS_MARGIN,reciprocal,reciprocal,2,4,,holomorphic,plus,0.20220445744344445,0.2860893134847175,0.0008021070049445542,0.19115936092162092,0.20220445744344445,0.0042872959655778755,2.381267510745294,True,True
5457,E01__U017__TOP__MINIMUM_CERTIFIED_OUTER_GAP,x10_t21,10,21,0.7562363895946635,0.7576219720504945,0.65625,0.6875,0.0175,0.02,-1e-06,1e-06,CLOSED_REPRESENTATIVE_UNIT_MODULUS_MARGIN,reciprocal,reciprocal,3,4,,holomorphic,plus,0.2022044554530652,0.28608931548716293,0.0008021070049445542,0.19115936092162092,0.2022044554530652,0.0042872956317917335,2.3812675107984007,True,True
5457,E01__U017__TOP__MINIMUM_CERTIFIED_OUTER_GAP,x10_t22,10,22,0.7562363895946635,0.7576219720504945,0.6875,0.71875,0.0175,0.02,-1e-06,1e-06,CLOSED_REPRESENTATIVE_UNIT_MODULUS_MARGIN,reciprocal,reciprocal,0,4,,holomorphic,plus,0.1885876518918545,0.2762270824480795,0.0,0.17914584679425347,0.1885876518918545,0.004046540673152433,2.3812677536300773,True,True
5457,E01__U017__TOP__MINIMUM_CERTIFIED_OUTER_GAP,x10_t22,10,22,0.7562363895946635,0.7576219720504945,0.6875,0.71875,0.0175,0.02,-1e-06,1e-06,CLOSED_REPRESENTATIVE_UNIT_MODULUS_MARGIN,reciprocal,reciprocal,1,4,,holomorphic,plus,0.1885876540892892,0.27622708023908615,0.0,0.17914584679425347,0.1885876540892892,0.004046541042398431,2.381267753576971,True,True
5457,E01__U017__TOP__MINIMUM_CERTIFIED_OUTER_GAP,x10_t22,10,22,0.7562363895946635,0.7576219720504945,0.6875,0.71875,0.0175,0.02,-1e-06,1e-06,CLOSED_REPRESENTATIVE_UNIT_MODULUS_MARGIN,reciprocal,reciprocal,2,4,,holomorphic,plus,0.18858763485716692,0.27622705261711344,0.0,0.17914584679425347,0.18858763485716692,0.0040465414389632215,2.381267510745294,True,True
5457,E01__U017__TOP__MINIMUM_CERTIFIED_OUTER_GAP,x10_t22,10,22,0.7562363895946635,0.7576219720504945,0.6875,0.71875,0.0175,0.02,-1e-06,1e-06,CLOSED_REPRESENTATIVE_UNIT_MODULUS_MARGIN,reciprocal,reciprocal,3,4,,holomorphic,plus,0.18858763265973222,0.27622705482610677,0.0,0.17914584679425347,0.18858763265973222,0.004046541069717149,2.3812675107984007,True,True
5457,E01__U017__TOP__MINIMUM_CERTIFIED_OUTER_GAP,x10_t23,10,23,0.7562363895946635,0.7576219720504945,0.71875,0.75,0.0175,0.02,-1e-06,1e-06,CLOSED_REPRESENTATIVE_UNIT_MODULUS_MARGIN,reciprocal,reciprocal,0,4,,holomorphic,plus,0.1747603480103518,0.2666452437969534,0.0,0.1669098916489709,0.1747603480103518,0.0036891320103776158,2.3812677536300773,True,True
5457,E01__U017__TOP__MINIMUM_CERTIFIED_OUTER_GAP,x10_t23,10,23,0.7562363895946635,0.7576219720504945,0.71875,0.75,0.0175,0.02,-1e-06,1e-06,CLOSED_REPRESENTATIVE_UNIT_MODULUS_MARGIN,reciprocal,reciprocal,1,4,,holomorphic,plus,0.17476035045027083,0.26664524134604023,0.0,0.1669098916489709,0.17476035045027083,0.0036891323932040955,2.381267753576971,True,True
5457,E01__U017__TOP__MINIMUM_CERTIFIED_OUTER_GAP,x10_t23,10,23,0.7562363895946635,0.7576219720504945,0.71875,0.75,0.0175,0.02,-1e-06,1e-06,CLOSED_REPRESENTATIVE_UNIT_MODULUS_MARGIN,reciprocal,reciprocal,2,4,,holomorphic,plus,0.17476033262814197,0.26664521468230706,0.0,0.1669098916489709,0.17476033262814197,0.0036891327547307283,2.381267510745294,True,True
5457,E01__U017__TOP__MINIMUM_CERTIFIED_OUTER_GAP,x10_t23,10,23,0.7562363895946635,0.7576219720504945,0.71875,0.75,0.0175,0.02,-1e-06,1e-06,CLOSED_REPRESENTATIVE_UNIT_MODULUS_MARGIN,reciprocal,reciprocal,3,4,,holomorphic,plus,0.17476033018822293,0.26664521713322026,0.0,0.1669098916489709,0.17476033018822293,0.0036891323719041723,2.3812675107984007,True,True
5457,E01__U017__TOP__MINIMUM_CERTIFIED_OUTER_GAP,x10_t24,10,24,0.7562363895946635,0.7576219720504945,0.75,0.78125,0.0175,0.02,-1e-06,1e-06,CLOSED_REPRESENTATIVE_UNIT_MODULUS_MARGIN,reciprocal,reciprocal,0,4,,holomorphic,plus,0.1606766038513758,0.2574087393968005,0.0,0.15438659167301505,0.1606766038513758,0.0031823055884756205,2.3812677536300773,True,True
5457,E01__U017__TOP__MINIMUM_CERTIFIED_OUTER_GAP,x10_t24,10,24,0.7562363895946635,0.7576219720504945,0.75,0.78125,0.0175,0.02,-1e-06,1e-06,CLOSED_REPRESENTATIVE_UNIT_MODULUS_MARGIN,reciprocal,reciprocal,1,4,,holomorphic,plus,0.16067660657806718,0.2574087366598265,0.0,0.15438659167301505,0.16067660657806718,0.003182305990541344,2.381267753576971,True,True
5457,E01__U017__TOP__MINIMUM_CERTIFIED_OUTER_GAP,x10_t24,10,24,0.7562363895946635,0.7576219720504945,0.75,0.78125,0.0175,0.02,-1e-06,1e-06,CLOSED_REPRESENTATIVE_UNIT_MODULUS_MARGIN,reciprocal,reciprocal,2,4,,holomorphic,plus,0.1606765901920721,0.2574087109198095,0.0,0.15438659167301505,0.1606765901920721,0.0031823063023818225,2.381267510745294,True,True
5457,E01__U017__TOP__MINIMUM_CERTIFIED_OUTER_GAP,x10_t24,10,24,0.7562363895946635,0.7576219720504945,0.75,0.78125,0.0175,0.02,-1e-06,1e-06,CLOSED_REPRESENTATIVE_UNIT_MODULUS_MARGIN,reciprocal,reciprocal,3,4,,holomorphic,plus,0.16067658746538072,0.2574087136567835,0.0,0.15438659167301505,0.16067658746538072,0.003182305900316018,2.3812675107984007,True,True
5457,E01__U017__TOP__MINIMUM_CERTIFIED_OUTER_GAP,x10_t25,10,25,0.7562363895946635,0.7576219720504945,0.78125,0.8125,0.0175,0.02,-1e-06,1e-06,CLOSED_REPRESENTATIVE_UNIT_MODULUS_MARGIN,reciprocal,reciprocal,0,4,,holomorphic,plus,0.14627378024614965,0.24860492084011115,0.0,0.14148434174790736,0.14627378024614965,0.002492499724453155,2.3812677536300773,True,True
5457,E01__U017__TOP__MINIMUM_CERTIFIED_OUTER_GAP,x10_t25,10,25,0.7562363895946635,0.7576219720504945,0.78125,0.8125,0.0175,0.02,-1e-06,1e-06,CLOSED_REPRESENTATIVE_UNIT_MODULUS_MARGIN,reciprocal,reciprocal,1,4,,holomorphic,plus,0.14627378331601537,0.24860491776103408,0.0,0.14148434174790736,0.14627378331601537,0.0024925001537486713,2.381267753576971,True,True
5457,E01__U017__TOP__MINIMUM_CERTIFIED_OUTER_GAP,x10_t25,10,25,0.7562363895946635,0.7576219720504945,0.78125,0.8125,0.0175,0.02,-1e-06,1e-06,CLOSED_REPRESENTATIVE_UNIT_MODULUS_MARGIN,reciprocal,reciprocal,2,4,,holomorphic,plus,0.14627376839867923,0.24860489290147755,0.0,0.14148434174790736,0.14627376839867923,0.0024925003979645462,2.381267510745294,True,True
5457,E01__U017__TOP__MINIMUM_CERTIFIED_OUTER_GAP,x10_t25,10,25,0.7562363895946635,0.7576219720504945,0.78125,0.8125,0.0175,0.02,-1e-06,1e-06,CLOSED_REPRESENTATIVE_UNIT_MODULUS_MARGIN,reciprocal,reciprocal,3,4,,holomorphic,plus,0.1462737653288135,0.24860489598055466,0.0,0.14148434174790736,0.1462737653288135,0.002492499968668944,2.3812675107984007,True,True
5457,E01__U017__TOP__MINIMUM_CERTIFIED_OUTER_GAP,x10_t26,10,26,0.7562363895946635,0.7576219720504945,0.8125,0.84375,0.0175,0.02,-1e-06,1e-06,CLOSED_REPRESENTATIVE_UNIT_MODULUS_MARGIN,reciprocal,reciprocal,0,4,,holomorphic,plus,0.13121755361589263,0.24060556221995805,0.0,0.1280623132040116,0.13121755361589263,0.0015617969797527991,2.3812677536300773,True,True
5457,E01__U017__TOP__MINIMUM_CERTIFIED_OUTER_GAP,x10_t26,10,26,0.7562363895946635,0.7576219720504945,0.8125,0.84375,0.0175,0.02,-1e-06,1e-06,CLOSED_REPRESENTATIVE_UNIT_MODULUS_MARGIN,reciprocal,reciprocal,1,4,,holomorphic,plus,0.1312175571030974,0.2406055587242139,0.0,0.1280623132040116,0.1312175571030974,0.0015617974544495329,2.381267753576971,True,True
5457,E01__U017__TOP__MINIMUM_CERTIFIED_OUTER_GAP,x10_t26,10,26,0.7562363895946635,0.7576219720504945,0.8125,0.84375,0.0175,0.02,-1e-06,1e-06,CLOSED_REPRESENTATIVE_UNIT_MODULUS_MARGIN,reciprocal,reciprocal,2,4,,holomorphic,plus,0.13121754372103422,0.24060553466468898,0.0,0.1280623132040116,0.13121754372103422,0.0015617976074224513,2.381267510745294,True,True
5457,E01__U017__TOP__MINIMUM_CERTIFIED_OUTER_GAP,x10_t26,10,26,0.7562363895946635,0.7576219720504945,0.8125,0.84375,0.0175,0.02,-1e-06,1e-06,CLOSED_REPRESENTATIVE_UNIT_MODULUS_MARGIN,reciprocal,reciprocal,3,4,,holomorphic,plus,0.13121754023382945,0.24060553816043315,0.0,0.1280623132040116,0.13121754023382945,0.0015617971327256226,2.3812675107984007,True,True
5457,E01__U017__TOP__MINIMUM_CERTIFIED_OUTER_GAP,x10_t27,10,27,0.7562363895946635,0.7576219720504945,0.84375,0.875,0.0175,0.02,-1e-06,1e-06,CLOSED_REPRESENTATIVE_UNIT_MODULUS_MARGIN,reciprocal,reciprocal,0,4,,holomorphic,plus,0.11534025854046677,0.23362271900409634,0.0,0.11394086489012745,0.11534025854046677,0.0003197094247949221,2.3812677536300773,True,True
5457,E01__U017__TOP__MINIMUM_CERTIFIED_OUTER_GAP,x10_t27,10,27,0.7562363895946635,0.7576219720504945,0.84375,0.875,0.0175,0.02,-1e-06,1e-06,CLOSED_REPRESENTATIVE_UNIT_MODULUS_MARGIN,reciprocal,reciprocal,1,4,,holomorphic,plus,0.11534026253940341,0.23362271499569554,0.0,0.11394086489012745,0.11534026253940341,0.00031970997202910233,2.381267753576971,True,True
5457,E01__U017__TOP__MINIMUM_CERTIFIED_OUTER_GAP,x10_t27,10,27,0.7562363895946635,0.7576219720504945,0.84375,0.875,0.0175,0.02,-1e-06,1e-06,CLOSED_REPRESENTATIVE_UNIT_MODULUS_MARGIN,reciprocal,reciprocal,2,4,,holomorphic,plus,0.1153402507763203,0.2336226916345727,0.0,0.11394086489012745,0.1153402507763203,0.0003197100032289031,2.381267510745294,True,True
5457,E01__U017__TOP__MINIMUM_CERTIFIED_OUTER_GAP,x10_t27,10,27,0.7562363895946635,0.7576219720504945,0.84375,0.875,0.0175,0.02,-1e-06,1e-06,CLOSED_REPRESENTATIVE_UNIT_MODULUS_MARGIN,reciprocal,reciprocal,3,4,,holomorphic,plus,0.11534024677738365,0.2336226956429735,0.0,0.11394086489012745,0.11534024677738365,0.00031970945599461343,2.3812675107984007,True,True
5457,E01__U017__TOP__MINIMUM_CERTIFIED_OUTER_GAP,x10_t28,10,28,0.7562363895946635,0.7576219720504945,0.875,0.90625,0.0175,0.02,-1e-06,1e-06,CLOSED_REPRESENTATIVE_UNIT_MODULUS_MARGIN,reciprocal,reciprocal,0,4,,minus,minus,0.09884682984070307,0.19195836875298491,0.0,0.09884682984070307,0.09859377573552042,0.0,2.3812677536300773,True,True
5457,E01__U017__TOP__MINIMUM_CERTIFIED_OUTER_GAP,x10_t28,10,28,0.7562363895946635,0.7576219720504945,0.875,0.90625,0.0175,0.02,-1e-06,1e-06,CLOSED_REPRESENTATIVE_UNIT_MODULUS_MARGIN,reciprocal,reciprocal,1,4,,minus,minus,0.09884682984070307,0.19195836875298491,0.0,0.09884682984070307,0.09859378036982142,0.0,2.381267753576971,True,True
5457,E01__U017__TOP__MINIMUM_CERTIFIED_OUTER_GAP,x10_t28,10,28,0.7562363895946635,0.7576219720504945,0.875,0.90625,0.0175,0.02,-1e-06,1e-06,CLOSED_REPRESENTATIVE_UNIT_MODULUS_MARGIN,reciprocal,reciprocal,2,4,,minus,minus,0.09884682984070307,0.19195836875298491,0.0,0.09884682984070307,0.0985937703143257,0.0,2.381267510745294,True,True
5457,E01__U017__TOP__MINIMUM_CERTIFIED_OUTER_GAP,x10_t28,10,28,0.7562363895946635,0.7576219720504945,0.875,0.90625,0.0175,0.02,-1e-06,1e-06,CLOSED_REPRESENTATIVE_UNIT_MODULUS_MARGIN,reciprocal,reciprocal,3,4,,minus,minus,0.09884682984070307,0.19195836875298491,0.0,0.09884682984070307,0.0985937656800247,0.0,2.3812675107984007,True,True
5457,E01__U017__TOP__MINIMUM_CERTIFIED_OUTER_GAP,x10_t29,10,29,0.7562363895946635,0.7576219720504945,0.90625,0.9375,0.0175,0.02,-1e-06,1e-06,CLOSED_REPRESENTATIVE_UNIT_MODULUS_MARGIN,reciprocal,reciprocal,0,4,,minus,minus,0.08237808099584981,0.18841043022043333,0.0,0.08237808099584981,0.08065517378643752,0.0,2.3812677536300773,True,True
5457,E01__U017__TOP__MINIMUM_CERTIFIED_OUTER_GAP,x10_t29,10,29,0.7562363895946635,0.7576219720504945,0.90625,0.9375,0.0175,0.02,-1e-06,1e-06,CLOSED_REPRESENTATIVE_UNIT_MODULUS_MARGIN,reciprocal,reciprocal,1,4,,minus,minus,0.08237808099584981,0.18841043022043333,0.0,0.08237808099584981,0.080655179217713,0.0,2.381267753576971,True,True
5457,E01__U017__TOP__MINIMUM_CERTIFIED_OUTER_GAP,x10_t29,10,29,0.7562363895946635,0.7576219720504945,0.90625,0.9375,0.0175,0.02,-1e-06,1e-06,CLOSED_REPRESENTATIVE_UNIT_MODULUS_MARGIN,reciprocal,reciprocal,2,4,,minus,minus,0.08237808099584981,0.18841043022043333,0.0,0.08237808099584981,0.08065517099133447,0.0,2.381267510745294,True,True
5457,E01__U017__TOP__MINIMUM_CERTIFIED_OUTER_GAP,x10_t29,10,29,0.7562363895946635,0.7576219720504945,0.90625,0.9375,0.0175,0.02,-1e-06,1e-06,CLOSED_REPRESENTATIVE_UNIT_MODULUS_MARGIN,reciprocal,reciprocal,3,4,,minus,minus,0.08237808099584981,0.18841043022043333,0.0,0.08237808099584981,0.08065516556005899,0.0,2.3812675107984007,True,True
5457,E01__U017__TOP__MINIMUM_CERTIFIED_OUTER_GAP,x10_t30,10,30,0.7562363895946635,0.7576219720504945,0.9375,0.96875,0.0175,0.02,-1e-06,1e-06,CLOSED_REPRESENTATIVE_UNIT_MODULUS_MARGIN,reciprocal,reciprocal,0,4,,minus,minus,0.06393876344294211,0.187245131103614,0.0,0.06393876344294211,0.06103980316356142,0.0,2.3812677536300773,True,True
5457,E01__U017__TOP__MINIMUM_CERTIFIED_OUTER_GAP,x10_t30,10,30,0.7562363895946635,0.7576219720504945,0.9375,0.96875,0.0175,0.02,-1e-06,1e-06,CLOSED_REPRESENTATIVE_UNIT_MODULUS_MARGIN,reciprocal,reciprocal,1,4,,minus,minus,0.06393876344294211,0.187245131103614,0.0,0.06393876344294211,0.061039809596451056,0.0,2.381267753576971,True,True
5457,E01__U017__TOP__MINIMUM_CERTIFIED_OUTER_GAP,x10_t30,10,30,0.7562363895946635,0.7576219720504945,0.9375,0.96875,0.0175,0.02,-1e-06,1e-06,CLOSED_REPRESENTATIVE_UNIT_MODULUS_MARGIN,reciprocal,reciprocal,2,4,,minus,minus,0.06393876344294211,0.187245131103614,0.0,0.06393876344294211,0.061039803370132414,0.0,2.381267510745294,True,True
5457,E01__U017__TOP__MINIMUM_CERTIFIED_OUTER_GAP,x10_t30,10,30,0.7562363895946635,0.7576219720504945,0.9375,0.96875,0.0175,0.02,-1e-06,1e-06,CLOSED_REPRESENTATIVE_UNIT_MODULUS_MARGIN,reciprocal,reciprocal,3,4,,minus,minus,0.06393876344294211,0.187245131103614,0.0,0.06393876344294211,0.06103979693724278,0.0,2.3812675107984007,True,True
5457,E01__U017__TOP__MINIMUM_CERTIFIED_OUTER_GAP,x10_t31,10,31,0.7562363895946635,0.7576219720504945,0.96875,1.0,0.0175,0.02,-1e-06,1e-06,CLOSED_REPRESENTATIVE_UNIT_MODULUS_MARGIN,reciprocal,reciprocal,0,4,,minus,minus,0.04275959983781505,0.18948917229248108,0.0,0.04275959983781505,0.03904797281036481,0.0,2.3812677536300773,True,True
5457,E01__U017__TOP__MINIMUM_CERTIFIED_OUTER_GAP,x10_t31,10,31,0.7562363895946635,0.7576219720504945,0.96875,1.0,0.0175,0.02,-1e-06,1e-06,CLOSED_REPRESENTATIVE_UNIT_MODULUS_MARGIN,reciprocal,reciprocal,1,4,,minus,minus,0.04275959983781505,0.18948917229248108,0.0,0.04275959983781505,0.03904798043926057,0.0,2.381267753576971,True,True
5457,E01__U017__TOP__MINIMUM_CERTIFIED_OUTER_GAP,x10_t31,10,31,0.7562363895946635,0.7576219720504945,0.96875,1.0,0.0175,0.02,-1e-06,1e-06,CLOSED_REPRESENTATIVE_UNIT_MODULUS_MARGIN,reciprocal,reciprocal,2,4,,minus,minus,0.04275959983781505,0.18948917229248108,0.0,0.04275959983781505,0.03904797645530066,0.0,2.381267510745294,True,True
5457,E01__U017__TOP__MINIMUM_CERTIFIED_OUTER_GAP,x10_t31,10,31,0.7562363895946635,0.7576219720504945,0.96875,1.0,0.0175,0.02,-1e-06,1e-06,CLOSED_REPRESENTATIVE_UNIT_MODULUS_MARGIN,reciprocal,reciprocal,3,4,,minus,minus,0.04275959983781505,0.18948917229248108,0.0,0.04275959983781505,0.039047968826404905,0.0,2.3812675107984007,True,True
5457,E01__U017__TOP__MINIMUM_CERTIFIED_OUTER_GAP,x11_t00,11,0,0.7576219720504945,0.7590075545063255,0.0,0.03125,0.0175,0.02,-1e-06,1e-06,CLOSED_REPRESENTATIVE_UNIT_MODULUS_MARGIN,reciprocal,reciprocal,0,4,,holomorphic,plus,0.46807796897810316,0.5170792236912275,0.003635371826025433,0.42667666796733117,0.46807796897810316,0.003209271944566765,2.388888448715664,True,True
5457,E01__U017__TOP__MINIMUM_CERTIFIED_OUTER_GAP,x11_t00,11,0,0.7576219720504945,0.7590075545063255,0.0,0.03125,0.0175,0.02,-1e-06,1e-06,CLOSED_REPRESENTATIVE_UNIT_MODULUS_MARGIN,reciprocal,reciprocal,1,4,,holomorphic,plus,0.4680779694614599,0.5170792231844996,0.003635371826025433,0.42667666796733117,0.4680779694614599,0.003209272263951357,2.388888448662381,True,True
5457,E01__U017__TOP__MINIMUM_CERTIFIED_OUTER_GAP,x11_t00,11,0,0.7576219720504945,0.7590075545063255,0.0,0.03125,0.0175,0.02,-1e-06,1e-06,CLOSED_REPRESENTATIVE_UNIT_MODULUS_MARGIN,reciprocal,reciprocal,2,4,,holomorphic,plus,0.46807792172301865,0.51707917147692,0.003635371826025433,0.42667666796733117,0.46807792172301865,0.003209272578418715,2.3888882050256366,True,True
5457,E01__U017__TOP__MINIMUM_CERTIFIED_OUTER_GAP,x11_t00,11,0,0.7576219720504945,0.7590075545063255,0.0,0.03125,0.0175,0.02,-1e-06,1e-06,CLOSED_REPRESENTATIVE_UNIT_MODULUS_MARGIN,reciprocal,reciprocal,3,4,,holomorphic,plus,0.4680779212396619,0.5170791719836477,0.003635371826025433,0.42667666796733117,0.4680779212396619,0.003209272259034059,2.3888882050789193,True,True
5457,E01__U017__TOP__MINIMUM_CERTIFIED_OUTER_GAP,x11_t01,11,1,0.7576219720504945,0.7590075545063255,0.03125,0.0625,0.0175,0.02,-1e-06,1e-06,CLOSED_REPRESENTATIVE_UNIT_MODULUS_MARGIN,reciprocal,reciprocal,0,4,,holomorphic,plus,0.4558009554610835,0.5056690612631936,0.0035561938778054217,0.4157158274920907,0.4558009554610835,0.003146148142479199,2.388888448715664,True,True
5457,E01__U017__TOP__MINIMUM_CERTIFIED_OUTER_GAP,x11_t01,11,1,0.7576219720504945,0.7590075545063255,0.03125,0.0625,0.0175,0.02,-1e-06,1e-06,CLOSED_REPRESENTATIVE_UNIT_MODULUS_MARGIN,reciprocal,reciprocal,1,4,,holomorphic,plus,0.4558009559708067,0.5056690607306576,0.0035561938778054217,0.4157158274920907,0.4558009559708067,0.0031461484024876618,2.388888448662381,True,True
5457,E01__U017__TOP__MINIMUM_CERTIFIED_OUTER_GAP,x11_t01,11,1,0.7576219720504945,0.7590075545063255,0.03125,0.0625,0.0175,0.02,-1e-06,1e-06,CLOSED_REPRESENTATIVE_UNIT_MODULUS_MARGIN,reciprocal,reciprocal,2,4,,holomorphic,plus,0.45580090948446106,0.5056690101641002,0.0035561938778054217,0.4157158274920907,0.45580090948446106,0.0031461487107832314,2.3888882050256366,True,True
5457,E01__U017__TOP__MINIMUM_CERTIFIED_OUTER_GAP,x11_t01,11,1,0.7576219720504945,0.7590075545063255,0.03125,0.0625,0.0175,0.02,-1e-06,1e-06,CLOSED_REPRESENTATIVE_UNIT_MODULUS_MARGIN,reciprocal,reciprocal,3,4,,holomorphic,plus,0.45580090897473785,0.5056690106966361,0.0035561938778054217,0.4157158274920907,0.45580090897473785,0.003146148450774717,2.3888882050789193,True,True
5457,E01__U017__TOP__MINIMUM_CERTIFIED_OUTER_GAP,x11_t02,11,2,0.7576219720504945,0.7590075545063255,0.0625,0.09375,0.0175,0.02,-1e-06,1e-06,CLOSED_REPRESENTATIVE_UNIT_MODULUS_MARGIN,reciprocal,reciprocal,0,4,,holomorphic,plus,0.44350307764255326,0.4942764258152655,0.003472572302605626,0.4047434237486461,0.44350307764255326,0.0030797995927744257,2.388888448715664,True,True
5457,E01__U017__TOP__MINIMUM_CERTIFIED_OUTER_GAP,x11_t02,11,2,0.7576219720504945,0.7590075545063255,0.0625,0.09375,0.0175,0.02,-1e-06,1e-06,CLOSED_REPRESENTATIVE_UNIT_MODULUS_MARGIN,reciprocal,reciprocal,1,4,,holomorphic,plus,0.4435030781804655,0.4942764252550986,0.003472572302605626,0.4047434237486461,0.4435030781804655,0.0030797997948210296,2.388888448662381,True,True
5457,E01__U017__TOP__MINIMUM_CERTIFIED_OUTER_GAP,x11_t02,11,2,0.7576219720504945,0.7590075545063255,0.0625,0.09375,0.0175,0.02,-1e-06,1e-06,CLOSED_REPRESENTATIVE_UNIT_MODULUS_MARGIN,reciprocal,reciprocal,2,4,,holomorphic,plus,0.4435030329483429,0.494276375827811,0.003472572302605626,0.4047434237486461,0.4435030329483429,0.0030798000966283847,2.3888882050256366,True,True
5457,E01__U017__TOP__MINIMUM_CERTIFIED_OUTER_GAP,x11_t02,11,2,0.7576219720504945,0.7590075545063255,0.0625,0.09375,0.0175,0.02,-1e-06,1e-06,CLOSED_REPRESENTATIVE_UNIT_MODULUS_MARGIN,reciprocal,reciprocal,3,4,,holomorphic,plus,0.44350303241043065,0.49427637638797794,0.003472572302605626,0.4047434237486461,0.44350303241043065,0.0030797998945817405,2.3888882050789193,True,True
5457,E01__U017__TOP__MINIMUM_CERTIFIED_OUTER_GAP,x11_t03,11,3,0.7576219720504945,0.7590075545063255,0.09375,0.125,0.0175,0.02,-1e-06,1e-06,CLOSED_REPRESENTATIVE_UNIT_MODULUS_MARGIN,reciprocal,reciprocal,0,4,,holomorphic,plus,0.43118281435233174,0.48290309211206245,0.0033840688093754795,0.39375850857382677,0.43118281435233174,0.003009939217170679,2.388888448715664,True,True
5457,E01__U017__TOP__MINIMUM_CERTIFIED_OUTER_GAP,x11_t03,11,3,0.7576219720504945,0.7590075545063255,0.09375,0.125,0.0175,0.02,-1e-06,1e-06,CLOSED_REPRESENTATIVE_UNIT_MODULUS_MARGIN,reciprocal,reciprocal,1,4,,holomorphic,plus,0.43118281492043675,0.4829030915222605,0.0033840688093754795,0.39375850857382677,0.43118281492043675,0.003009939362758739,2.388888448662381,True,True
5457,E01__U017__TOP__MINIMUM_CERTIFIED_OUTER_GAP,x11_t03,11,3,0.7576219720504945,0.7590075545063255,0.09375,0.125,0.0175,0.02,-1e-06,1e-06,CLOSED_REPRESENTATIVE_UNIT_MODULUS_MARGIN,reciprocal,reciprocal,2,4,,holomorphic,plus,0.43118277094481977,0.4829030432323132,0.0033840688093754795,0.39375850857382677,0.43118277094481977,0.003009939657733294,2.3888882050256366,True,True
5457,E01__U017__TOP__MINIMUM_CERTIFIED_OUTER_GAP,x11_t03,11,3,0.7576219720504945,0.7590075545063255,0.09375,0.125,0.0175,0.02,-1e-06,1e-06,CLOSED_REPRESENTATIVE_UNIT_MODULUS_MARGIN,reciprocal,reciprocal,3,4,,holomorphic,plus,0.4311827703767147,0.4829030438221151,0.0033840688093754795,0.39375850857382677,0.4311827703767147,0.003009939512145205,2.3888882050789193,True,True
5457,E01__U017__TOP__MINIMUM_CERTIFIED_OUTER_GAP,x11_t04,11,4,0.7576219720504945,0.7590075545063255,0.125,0.15625,0.0175,0.02,-1e-06,1e-06,CLOSED_REPRESENTATIVE_UNIT_MODULUS_MARGIN,reciprocal,reciprocal,0,4,,holomorphic,plus,0.41883861393471444,0.4715509214591187,0.0032901730939228573,0.3827600547403203,0.41883861393471444,0.0029362341869108295,2.388888448715664,True,True
5457,E01__U017__TOP__MINIMUM_CERTIFIED_OUTER_GAP,x11_t04,11,4,0.7576219720504945,0.7590075545063255,0.125,0.15625,0.0175,0.02,-1e-06,1e-06,CLOSED_REPRESENTATIVE_UNIT_MODULUS_MARGIN,reciprocal,reciprocal,1,4,,holomorphic,plus,0.41883861453522553,0.47155092083746813,0.0032901730939228573,0.3827600547403203,0.41883861453522553,0.002936234277640144,2.388888448662381,True,True
5457,E01__U017__TOP__MINIMUM_CERTIFIED_OUTER_GAP,x11_t04,11,4,0.7576219720504945,0.7590075545063255,0.125,0.15625,0.0175,0.02,-1e-06,1e-06,CLOSED_REPRESENTATIVE_UNIT_MODULUS_MARGIN,reciprocal,reciprocal,2,4,,holomorphic,plus,0.41883857181855494,0.47155087368274523,0.0032901730939228573,0.3827600547403203,0.41883857181855494,0.0029362345654046673,2.3888882050256366,True,True
5457,E01__U017__TOP__MINIMUM_CERTIFIED_OUTER_GAP,x11_t04,11,4,0.7576219720504945,0.7590075545063255,0.125,0.15625,0.0175,0.02,-1e-06,1e-06,CLOSED_REPRESENTATIVE_UNIT_MODULUS_MARGIN,reciprocal,reciprocal,3,4,,holomorphic,plus,0.41883857121804385,0.4715508743043958,0.0032901730939228573,0.3827600547403203,0.41883857121804385,0.0029362344746753344,2.3888882050789193,True,True
5457,E01__U017__TOP__MINIMUM_CERTIFIED_OUTER_GAP,x11_t05,11,5,0.7576219720504945,0.7590075545063255,0.15625,0.1875,0.0175,0.02,-1e-06,1e-06,CLOSED_REPRESENTATIVE_UNIT_MODULUS_MARGIN,reciprocal,reciprocal,0,4,,holomorphic,plus,0.40646860736574403,0.4602221646521168,0.003190297703252178,0.37174683876003056,0.40646860736574403,0.00285830395625316,2.388888448715664,True,True
5457,E01__U017__TOP__MINIMUM_CERTIFIED_OUTER_GAP,x11_t05,11,5,0.7576219720504945,0.7590075545063255,0.15625,0.1875,0.0175,0.02,-1e-06,1e-06,CLOSED_REPRESENTATIVE_UNIT_MODULUS_MARGIN,reciprocal,reciprocal,1,4,,holomorphic,plus,0.4064686080011138,0.4602221639961645,0.003190297703252178,0.37174683876003056,0.4064686080011138,0.00285830399383338,2.388888448662381,True,True
5457,E01__U017__TOP__MINIMUM_CERTIFIED_OUTER_GAP,x11_t05,11,5,0.7576219720504945,0.7590075545063255,0.15625,0.1875,0.0175,0.02,-1e-06,1e-06,CLOSED_REPRESENTATIVE_UNIT_MODULUS_MARGIN,reciprocal,reciprocal,2,4,,holomorphic,plus,0.40646856654602087,0.4602221179743252,0.003190297703252178,0.37174683876003056,0.40646856654602087,0.0028583042739733122,2.3888882050256366,True,True
5457,E01__U017__TOP__MINIMUM_CERTIFIED_OUTER_GAP,x11_t05,11,5,0.7576219720504945,0.7590075545063255,0.15625,0.1875,0.0175,0.02,-1e-06,1e-06,CLOSED_REPRESENTATIVE_UNIT_MODULUS_MARGIN,reciprocal,reciprocal,3,4,,holomorphic,plus,0.4064685659106511,0.4602221186302775,0.003190297703252178,0.37174683876003056,0.4064685659106511,0.002858304236393085,2.3888882050789193,True,True
5457,E01__U017__TOP__MINIMUM_CERTIFIED_OUTER_GAP,x11_t06,11,6,0.7576219720504945,0.7590075545063255,0.1875,0.21875,0.0175,0.02,-1e-06,1e-06,CLOSED_REPRESENTATIVE_UNIT_MODULUS_MARGIN,reciprocal,reciprocal,0,4,,holomorphic,plus,0.39407070699869345,0.448919373735023,0.003083762791803478,0.36071740999151974,0.39407070699869345,0.002778995445873036,2.388888448715664,True,True
5457,E01__U017__TOP__MINIMUM_CERTIFIED_OUTER_GAP,x11_t06,11,6,0.7576219720504945,0.7590075545063255,0.1875,0.21875,0.0175,0.02,-1e-06,1e-06,CLOSED_REPRESENTATIVE_UNIT_MODULUS_MARGIN,reciprocal,reciprocal,1,4,,holomorphic,plus,0.39407070767164937,0.4489193730420409,0.003083762791803478,0.36071740999151974,0.39407070767164937,0.0027789954501374315,2.388888448662381,True,True
5457,E01__U017__TOP__MINIMUM_CERTIFIED_OUTER_GAP,x11_t06,11,6,0.7576219720504945,0.7590075545063255,0.1875,0.21875,0.0175,0.02,-1e-06,1e-06,CLOSED_REPRESENTATIVE_UNIT_MODULUS_MARGIN,reciprocal,reciprocal,2,4,,holomorphic,plus,0.39407066748097835,0.44891932815048924,0.003083762791803478,0.36071740999151974,0.39407066748097835,0.0027789957225121263,2.3888882050256366,True,True
5457,E01__U017__TOP__MINIMUM_CERTIFIED_OUTER_GAP,x11_t06,11,6,0.7576219720504945,0.7590075545063255,0.1875,0.21875,0.0175,0.02,-1e-06,1e-06,CLOSED_REPRESENTATIVE_UNIT_MODULUS_MARGIN,reciprocal,reciprocal,3,4,,holomorphic,plus,0.3940706668080225,0.4489193288434714,0.003083762791803478,0.36071740999151974,0.3940706668080225,0.0027789957182477298,2.3888882050789193,True,True
5457,E01__U017__TOP__MINIMUM_CERTIFIED_OUTER_GAP,x11_t07,11,7,0.7576219720504945,0.7590075545063255,0.21875,0.25,0.0175,0.02,-1e-06,1e-06,CLOSED_REPRESENTATIVE_UNIT_MODULUS_MARGIN,reciprocal,reciprocal,0,4,,holomorphic,plus,0.3816425727152077,0.43764545158338936,0.0029946091509560394,0.34967015230453946,0.3816425727152077,0.0027582791272620717,2.388888448715664,True,True
5457,E01__U017__TOP__MINIMUM_CERTIFIED_OUTER_GAP,x11_t07,11,7,0.7576219720504945,0.7590075545063255,0.21875,0.25,0.0175,0.02,-1e-06,1e-06,CLOSED_REPRESENTATIVE_UNIT_MODULUS_MARGIN,reciprocal,reciprocal,1,4,,holomorphic,plus,0.381642573428793,0.4376454508503332,0.0029946091509560394,0.34967015230453946,0.381642573428793,0.002758279148157988,2.388888448662381,True,True
5457,E01__U017__TOP__MINIMUM_CERTIFIED_OUTER_GAP,x11_t07,11,7,0.7576219720504945,0.7590075545063255,0.21875,0.25,0.0175,0.02,-1e-06,1e-06,CLOSED_REPRESENTATIVE_UNIT_MODULUS_MARGIN,reciprocal,reciprocal,2,4,,holomorphic,plus,0.38164253450562663,0.43764540708618305,0.0029946091509560394,0.34967015230453946,0.38164253450562663,0.0027582794184962513,2.3888882050256366,True,True
5457,E01__U017__TOP__MINIMUM_CERTIFIED_OUTER_GAP,x11_t07,11,7,0.7576219720504945,0.7590075545063255,0.21875,0.25,0.0175,0.02,-1e-06,1e-06,CLOSED_REPRESENTATIVE_UNIT_MODULUS_MARGIN,reciprocal,reciprocal,3,4,,holomorphic,plus,0.3816425337920413,0.4376454078192392,0.0029946091509560394,0.34967015230453946,0.3816425337920413,0.0027582793976003313,2.3888882050789193,True,True
5457,E01__U017__TOP__MINIMUM_CERTIFIED_OUTER_GAP,x11_t08,11,8,0.7576219720504945,0.7590075545063255,0.25,0.28125,0.0175,0.02,-1e-06,1e-06,CLOSED_REPRESENTATIVE_UNIT_MODULUS_MARGIN,reciprocal,reciprocal,0,4,,holomorphic,plus,0.36918157057055256,0.4264037123535545,0.002965493890148329,0.33860322704755513,0.36918157057055256,0.0028109807802666536,2.388888448715664,True,True
5457,E01__U017__TOP__MINIMUM_CERTIFIED_OUTER_GAP,x11_t08,11,8,0.7576219720504945,0.7590075545063255,0.25,0.28125,0.0175,0.02,-1e-06,1e-06,CLOSED_REPRESENTATIVE_UNIT_MODULUS_MARGIN,reciprocal,reciprocal,1,4,,holomorphic,plus,0.3691815713281752,0.4264037115770154,0.002965493890148329,0.33860322704755513,0.3691815713281752,0.002810980818686936,2.388888448662381,True,True
5457,E01__U017__TOP__MINIMUM_CERTIFIED_OUTER_GAP,x11_t08,11,8,0.7576219720504945,0.7590075545063255,0.25,0.28125,0.0175,0.02,-1e-06,1e-06,CLOSED_REPRESENTATIVE_UNIT_MODULUS_MARGIN,reciprocal,reciprocal,2,4,,holomorphic,plus,0.3691815336758648,0.42640366893704923,0.002965493890148329,0.33860322704755513,0.3691815336758648,0.0028109810941846897,2.3888882050256366,True,True
5457,E01__U017__TOP__MINIMUM_CERTIFIED_OUTER_GAP,x11_t08,11,8,0.7576219720504945,0.7590075545063255,0.25,0.28125,0.0175,0.02,-1e-06,1e-06,CLOSED_REPRESENTATIVE_UNIT_MODULUS_MARGIN,reciprocal,reciprocal,3,4,,holomorphic,plus,0.3691815329182422,0.4264036697135884,0.002965493890148329,0.33860322704755513,0.3691815329182422,0.0028109810557643993,2.3888882050789193,True,True
5457,E01__U017__TOP__MINIMUM_CERTIFIED_OUTER_GAP,x11_t09,11,9,0.7576219720504945,0.7590075545063255,0.28125,0.3125,0.0175,0.02,-1e-06,1e-06,CLOSED_REPRESENTATIVE_UNIT_MODULUS_MARGIN,reciprocal,reciprocal,0,4,,holomorphic,plus,0.3566847227970505,0.4151979547423563,0.002982970195668142,0.3275144460569794,0.3566847227970505,0.002922339335722774,2.388888448715664,True,True
5457,E01__U017__TOP__MINIMUM_CERTIFIED_OUTER_GAP,x11_t09,11,9,0.7576219720504945,0.7590075545063255,0.28125,0.3125,0.0175,0.02,-1e-06,1e-06,CLOSED_REPRESENTATIVE_UNIT_MODULUS_MARGIN,reciprocal,reciprocal,1,4,,holomorphic,plus,0.3566847236025411,0.4151979539185022,0.002982970195668142,0.3275144460569794,0.3566847236025411,0.0029223393916195553,2.388888448662381,True,True
5457,E01__U017__TOP__MINIMUM_CERTIFIED_OUTER_GAP,x11_t09,11,9,0.7576219720504945,0.7590075545063255,0.28125,0.3125,0.0175,0.02,-1e-06,1e-06,CLOSED_REPRESENTATIVE_UNIT_MODULUS_MARGIN,reciprocal,reciprocal,2,4,,holomorphic,plus,0.35668468722474156,0.4151979123991228,0.002982970195668142,0.3275144460569794,0.35668468722474156,0.00292233967802627,2.3888882050256366,True,True
5457,E01__U017__TOP__MINIMUM_CERTIFIED_OUTER_GAP,x11_t09,11,9,0.7576219720504945,0.7590075545063255,0.28125,0.3125,0.0175,0.02,-1e-06,1e-06,CLOSED_REPRESENTATIVE_UNIT_MODULUS_MARGIN,reciprocal,reciprocal,3,4,,holomorphic,plus,0.35668468641925094,0.4151979132229769,0.002982970195668142,0.3275144460569794,0.35668468641925094,0.002922339622129478,2.3888882050789193,True,True
5457,E01__U017__TOP__MINIMUM_CERTIFIED_OUTER_GAP,x11_t10,11,10,0.7576219720504945,0.7590075545063255,0.3125,0.34375,0.0175,0.02,-1e-06,1e-06,CLOSED_REPRESENTATIVE_UNIT_MODULUS_MARGIN,reciprocal,reciprocal,0,4,,holomorphic,plus,0.3441486469391709,0.40403255133484506,0.0030290029334232773,0.3164012385320549,0.3441486469391709,0.0030751141065994913,2.388888448715664,True,True
5457,E01__U017__TOP__MINIMUM_CERTIFIED_OUTER_GAP,x11_t10,11,10,0.7576219720504945,0.7590075545063255,0.3125,0.34375,0.0175,0.02,-1e-06,1e-06,CLOSED_REPRESENTATIVE_UNIT_MODULUS_MARGIN,reciprocal,reciprocal,1,4,,holomorphic,plus,0.3441486477968528,0.404032550459351,0.0030290029334232773,0.3164012385320549,0.3441486477968528,0.0030751141794848917,2.388888448662381,True,True
5457,E01__U017__TOP__MINIMUM_CERTIFIED_OUTER_GAP,x11_t10,11,10,0.7576219720504945,0.7590075545063255,0.3125,0.34375,0.0175,0.02,-1e-06,1e-06,CLOSED_REPRESENTATIVE_UNIT_MODULUS_MARGIN,reciprocal,reciprocal,2,4,,holomorphic,plus,0.34414861269756386,0.40403251005652385,0.0030290029334232773,0.3164012385320549,0.34414861269756386,0.003075114480860353,2.3888882050256366,True,True
5457,E01__U017__TOP__MINIMUM_CERTIFIED_OUTER_GAP,x11_t10,11,10,0.7576219720504945,0.7590075545063255,0.3125,0.34375,0.0175,0.02,-1e-06,1e-06,CLOSED_REPRESENTATIVE_UNIT_MODULUS_MARGIN,reciprocal,reciprocal,3,4,,holomorphic,plus,0.344148611839882,0.4040325109320179,0.0030290029334232773,0.3164012385320549,0.344148611839882,0.0030751144079749384,2.3888882050789193,True,True
5457,E01__U017__TOP__MINIMUM_CERTIFIED_OUTER_GAP,x11_t11,11,11,0.7576219720504945,0.7590075545063255,0.34375,0.375,0.0175,0.02,-1e-06,1e-06,CLOSED_REPRESENTATIVE_UNIT_MODULUS_MARGIN,reciprocal,reciprocal,0,4,,holomorphic,plus,0.33156948120211954,0.39291255831470856,0.0030846724157539114,0.3052605623154925,0.33156948120211954,0.0032525632818763304,2.388888448715664,True,True
5457,E01__U017__TOP__MINIMUM_CERTIFIED_OUTER_GAP,x11_t11,11,11,0.7576219720504945,0.7590075545063255,0.34375,0.375,0.0175,0.02,-1e-06,1e-06,CLOSED_REPRESENTATIVE_UNIT_MODULUS_MARGIN,reciprocal,reciprocal,1,4,,holomorphic,plus,0.3315694821168929,0.392912557382672,0.0030846724157539114,0.3052605623154925,0.3315694821168929,0.0032525633712852196,2.388888448662381,True,True
5457,E01__U017__TOP__MINIMUM_CERTIFIED_OUTER_GAP,x11_t11,11,11,0.7576219720504945,0.7590075545063255,0.34375,0.375,0.0175,0.02,-1e-06,1e-06,CLOSED_REPRESENTATIVE_UNIT_MODULUS_MARGIN,reciprocal,reciprocal,2,4,,holomorphic,plus,0.3315694483005081,0.39291251809185723,0.0030846724157539114,0.3052605623154925,0.3315694483005081,0.0032525636900482585,2.3888882050256366,True,True
5457,E01__U017__TOP__MINIMUM_CERTIFIED_OUTER_GAP,x11_t11,11,11,0.7576219720504945,0.7590075545063255,0.34375,0.375,0.0175,0.02,-1e-06,1e-06,CLOSED_REPRESENTATIVE_UNIT_MODULUS_MARGIN,reciprocal,reciprocal,3,4,,holomorphic,plus,0.3315694473857347,0.3929125190238938,0.0030846724157539114,0.3052605623154925,0.3315694473857347,0.0032525636006393516,2.3888882050789193,True,True
5457,E01__U017__TOP__MINIMUM_CERTIFIED_OUTER_GAP,x11_t12,11,12,0.7576219720504945,0.7590075545063255,0.375,0.40625,0.0175,0.02,-1e-06,1e-06,CLOSED_REPRESENTATIVE_UNIT_MODULUS_MARGIN,reciprocal,reciprocal,0,4,,holomorphic,plus,0.31894279214941734,0.3818438511657423,0.0031315937989188974,0.29408878994908316,0.31894279214941734,0.0034399304439582147,2.388888448715664,True,True
5457,E01__U017__TOP__MINIMUM_CERTIFIED_OUTER_GAP,x11_t12,11,12,0.7576219720504945,0.7590075545063255,0.375,0.40625,0.0175,0.02,-1e-06,1e-06,CLOSED_REPRESENTATIVE_UNIT_MODULUS_MARGIN,reciprocal,reciprocal,1,4,,holomorphic,plus,0.31894279312686225,0.38184385017158046,0.0031315937989188974,0.29408878994908316,0.31894279312686225,0.003439930549732227,2.388888448662381,True,True
5457,E01__U017__TOP__MINIMUM_CERTIFIED_OUTER_GAP,x11_t12,11,12,0.7576219720504945,0.7590075545063255,0.375,0.40625,0.0175,0.02,-1e-06,1e-06,CLOSED_REPRESENTATIVE_UNIT_MODULUS_MARGIN,reciprocal,reciprocal,2,4,,holomorphic,plus,0.318942760598227,0.38184381198765077,0.0031315937989188974,0.29408878994908316,0.318942760598227,0.0034399308868552267,2.3888882050256366,True,True
5457,E01__U017__TOP__MINIMUM_CERTIFIED_OUTER_GAP,x11_t12,11,12,0.7576219720504945,0.7590075545063255,0.375,0.40625,0.0175,0.02,-1e-06,1e-06,CLOSED_REPRESENTATIVE_UNIT_MODULUS_MARGIN,reciprocal,reciprocal,3,4,,holomorphic,plus,0.3189427596207821,0.38184381298181264,0.0031315937989188974,0.29408878994908316,0.3189427596207821,0.003439930781081193,2.3888882050789193,True,True
5457,E01__U017__TOP__MINIMUM_CERTIFIED_OUTER_GAP,x11_t13,11,13,0.7576219720504945,0.7590075545063255,0.40625,0.4375,0.0175,0.02,-1e-06,1e-06,CLOSED_REPRESENTATIVE_UNIT_MODULUS_MARGIN,reciprocal,reciprocal,0,4,,holomorphic,plus,0.30626345957427337,0.37083329385086766,0.003152326967247473,0.28288156103363366,0.30626345957427337,0.0036246962589791053,2.388888448715664,True,True
5457,E01__U017__TOP__MINIMUM_CERTIFIED_OUTER_GAP,x11_t13,11,13,0.7576219720504945,0.7590075545063255,0.40625,0.4375,0.0175,0.02,-1e-06,1e-06,CLOSED_REPRESENTATIVE_UNIT_MODULUS_MARGIN,reciprocal,reciprocal,1,4,,holomorphic,plus,0.30626346062077514,0.3708332927881917,0.003152326967247473,0.28288156103363366,0.30626346062077514,0.0036246963813986355,2.388888448662381,True,True
5457,E01__U017__TOP__MINIMUM_CERTIFIED_OUTER_GAP,x11_t13,11,13,0.7576219720504945,0.7590075545063255,0.40625,0.4375,0.0175,0.02,-1e-06,1e-06,CLOSED_REPRESENTATIVE_UNIT_MODULUS_MARGIN,reciprocal,reciprocal,2,4,,holomorphic,plus,0.3062634293852569,0.3708332557053336,0.003152326967247473,0.28288156103363366,0.3062634293852569,0.003624696736626766,2.3888882050256366,True,True
5457,E01__U017__TOP__MINIMUM_CERTIFIED_OUTER_GAP,x11_t13,11,13,0.7576219720504945,0.7590075545063255,0.40625,0.4375,0.0175,0.02,-1e-06,1e-06,CLOSED_REPRESENTATIVE_UNIT_MODULUS_MARGIN,reciprocal,reciprocal,3,4,,holomorphic,plus,0.3062634283387552,0.37083325676800954,0.003152326967247473,0.28288156103363366,0.3062634283387552,0.0036246966142072113,2.3888882050789193,True,True
5457,E01__U017__TOP__MINIMUM_CERTIFIED_OUTER_GAP,x11_t14,11,14,0.7576219720504945,0.7590075545063255,0.4375,0.46875,0.0175,0.02,-1e-06,1e-06,CLOSED_REPRESENTATIVE_UNIT_MODULUS_MARGIN,reciprocal,reciprocal,0,4,,holomorphic,plus,0.29352553153044336,0.3598889515367502,0.0031300860560340153,0.2716335891386,0.29352553153044336,0.0037962030742902855,2.388888448715664,True,True
5457,E01__U017__TOP__MINIMUM_CERTIFIED_OUTER_GAP,x11_t14,11,14,0.7576219720504945,0.7590075545063255,0.4375,0.46875,0.0175,0.02,-1e-06,1e-06,CLOSED_REPRESENTATIVE_UNIT_MODULUS_MARGIN,reciprocal,reciprocal,1,4,,holomorphic,plus,0.29352553265334774,0.3598889503982099,0.0031300860560340153,0.2716335891386,0.29352553265334774,0.0037962032141278575,2.388888448662381,True,True
5457,E01__U017__TOP__MINIMUM_CERTIFIED_OUTER_GAP,x11_t14,11,14,0.7576219720504945,0.7590075545063255,0.4375,0.46875,0.0175,0.02,-1e-06,1e-06,CLOSED_REPRESENTATIVE_UNIT_MODULUS_MARGIN,reciprocal,reciprocal,2,4,,holomorphic,plus,0.2935255027169209,0.35988891440980353,0.0031300860560340153,0.2716335891386,0.2935255027169209,0.0037962035861615418,2.3888882050256366,True,True
5457,E01__U017__TOP__MINIMUM_CERTIFIED_OUTER_GAP,x11_t14,11,14,0.7576219720504945,0.7590075545063255,0.4375,0.46875,0.0175,0.02,-1e-06,1e-06,CLOSED_REPRESENTATIVE_UNIT_MODULUS_MARGIN,reciprocal,reciprocal,3,4,,holomorphic,plus,0.29352550159401647,0.35988891554834385,0.0031300860560340153,0.2716335891386,0.29352550159401647,0.003796203446323942,2.3888882050789193,True,True
5457,E01__U017__TOP__MINIMUM_CERTIFIED_OUTER_GAP,x11_t15,11,15,0.7576219720504945,0.7590075545063255,0.46875,0.5,0.0175,0.02,-1e-06,1e-06,CLOSED_REPRESENTATIVE_UNIT_MODULUS_MARGIN,reciprocal,reciprocal,0,4,,holomorphic,plus,0.2807220398915046,0.34902036056527935,0.0030480894920617255,0.26033840677725867,0.2807220398915046,0.003945090058392145,2.388888448715664,True,True
5457,E01__U017__TOP__MINIMUM_CERTIFIED_OUTER_GAP,x11_t15,11,15,0.7576219720504945,0.7590075545063255,0.46875,0.5,0.0175,0.02,-1e-06,1e-06,CLOSED_REPRESENTATIVE_UNIT_MODULUS_MARGIN,reciprocal,reciprocal,1,4,,holomorphic,plus,0.28072204109931054,0.3490203593423703,0.0030480894920617255,0.26033840677725867,0.28072204109931054,0.00394509021694387,2.388888448662381,True,True
5457,E01__U017__TOP__MINIMUM_CERTIFIED_OUTER_GAP,x11_t15,11,15,0.7576219720504945,0.7590075545063255,0.46875,0.5,0.0175,0.02,-1e-06,1e-06,CLOSED_REPRESENTATIVE_UNIT_MODULUS_MARGIN,reciprocal,reciprocal,2,4,,holomorphic,plus,0.2807220124686597,0.3490203244408426,0.0030480894920617255,0.26033840677725867,0.2807220124686597,0.003945090603565894,2.3888882050256366,True,True
5457,E01__U017__TOP__MINIMUM_CERTIFIED_OUTER_GAP,x11_t15,11,15,0.7576219720504945,0.7590075545063255,0.46875,0.5,0.0175,0.02,-1e-06,1e-06,CLOSED_REPRESENTATIVE_UNIT_MODULUS_MARGIN,reciprocal,reciprocal,3,4,,holomorphic,plus,0.2807220112608538,0.3490203256637516,0.0030480894920617255,0.26033840677725867,0.2807220112608538,0.003945090445014138,2.3888882050789193,True,True
5457,E01__U017__TOP__MINIMUM_CERTIFIED_OUTER_GAP,x11_t16,11,16,0.7576219720504945,0.7590075545063255,0.5,0.53125,0.0175,0.02,-1e-06,1e-06,CLOSED_REPRESENTATIVE_UNIT_MODULUS_MARGIN,reciprocal,reciprocal,0,4,,holomorphic,plus,0.2678447630283644,0.3382388745578076,0.002888779391492741,0.24898802507602896,0.2678447630283644,0.004062746585841403,2.388888448715664,True,True
5457,E01__U017__TOP__MINIMUM_CERTIFIED_OUTER_GAP,x11_t16,11,16,0.7576219720504945,0.7590075545063255,0.5,0.53125,0.0175,0.02,-1e-06,1e-06,CLOSED_REPRESENTATIVE_UNIT_MODULUS_MARGIN,reciprocal,reciprocal,1,4,,holomorphic,plus,0.2678447643309653,0.3382388732406297,0.002888779391492741,0.24898802507602896,0.2678447643309653,0.004062746764968282,2.388888448662381,True,True
5457,E01__U017__TOP__MINIMUM_CERTIFIED_OUTER_GAP,x11_t16,11,16,0.7576219720504945,0.7590075545063255,0.5,0.53125,0.0175,0.02,-1e-06,1e-06,CLOSED_REPRESENTATIVE_UNIT_MODULUS_MARGIN,reciprocal,reciprocal,2,4,,holomorphic,plus,0.26784473701361333,0.3382388394172723,0.002888779391492741,0.24898802507602896,0.26784473701361333,0.004062747163117325,2.3888882050256366,True,True
5457,E01__U017__TOP__MINIMUM_CERTIFIED_OUTER_GAP,x11_t16,11,16,0.7576219720504945,0.7590075545063255,0.5,0.53125,0.0175,0.02,-1e-06,1e-06,CLOSED_REPRESENTATIVE_UNIT_MODULUS_MARGIN,reciprocal,reciprocal,3,4,,holomorphic,plus,0.26784473571101236,0.3382388407344502,0.002888779391492741,0.24898802507602896,0.26784473571101236,0.00406274698399041,2.3888882050789193,True,True
5457,E01__U017__TOP__MINIMUM_CERTIFIED_OUTER_GAP,x11_t17,11,17,0.7576219720504945,0.7590075545063255,0.53125,0.5625,0.0175,0.02,-1e-06,1e-06,CLOSED_REPRESENTATIVE_UNIT_MODULUS_MARGIN,reciprocal,reciprocal,0,4,,holomorphic,plus,0.2548839166496541,0.3275581130475372,0.002633087521592582,0.23757247462257755,0.2548839166496541,0.004140856239916563,2.388888448715664,True,True
5457,E01__U017__TOP__MINIMUM_CERTIFIED_OUTER_GAP,x11_t17,11,17,0.7576219720504945,0.7590075545063255,0.53125,0.5625,0.0175,0.02,-1e-06,1e-06,CLOSED_REPRESENTATIVE_UNIT_MODULUS_MARGIN,reciprocal,reciprocal,1,4,,holomorphic,plus,0.2548839180586435,0.32755811162448906,0.002633087521592582,0.23757247462257755,0.2548839180586435,0.004140856442111103,2.388888448662381,True,True
5457,E01__U017__TOP__MINIMUM_CERTIFIED_OUTER_GAP,x11_t17,11,17,0.7576219720504945,0.7590075545063255,0.53125,0.5625,0.0175,0.02,-1e-06,1e-06,CLOSED_REPRESENTATIVE_UNIT_MODULUS_MARGIN,reciprocal,reciprocal,2,4,,holomorphic,plus,0.25488389206311074,0.3275580788692322,0.002633087521592582,0.23757247462257755,0.25488389206311074,0.004140856847910563,2.3888882050256366,True,True
5457,E01__U017__TOP__MINIMUM_CERTIFIED_OUTER_GAP,x11_t17,11,17,0.7576219720504945,0.7590075545063255,0.53125,0.5625,0.0175,0.02,-1e-06,1e-06,CLOSED_REPRESENTATIVE_UNIT_MODULUS_MARGIN,reciprocal,reciprocal,3,4,,holomorphic,plus,0.25488389065412126,0.3275580802922804,0.002633087521592582,0.23757247462257755,0.25488389065412126,0.004140856645715983,2.3888882050789193,True,True
5457,E01__U017__TOP__MINIMUM_CERTIFIED_OUTER_GAP,x11_t18,11,18,0.7576219720504945,0.7590075545063255,0.5625,0.59375,0.0175,0.02,-1e-06,1e-06,CLOSED_REPRESENTATIVE_UNIT_MODULUS_MARGIN,reciprocal,reciprocal,0,4,,holomorphic,plus,0.24182774557478837,0.3169945500868033,0.0022601553503693783,0.22607917886300602,0.24182774557478837,0.0041710568973166206,2.388888448715664,True,True
5457,E01__U017__TOP__MINIMUM_CERTIFIED_OUTER_GAP,x11_t18,11,18,0.7576219720504945,0.7590075545063255,0.5625,0.59375,0.0175,0.02,-1e-06,1e-06,CLOSED_REPRESENTATIVE_UNIT_MODULUS_MARGIN,reciprocal,reciprocal,1,4,,holomorphic,plus,0.24182774710384947,0.31699454854419296,0.0022601553503693783,0.22607917886300602,0.24182774710384947,0.004171057125800829,2.388888448662381,True,True
5457,E01__U017__TOP__MINIMUM_CERTIFIED_OUTER_GAP,x11_t18,11,18,0.7576219720504945,0.7590075545063255,0.5625,0.59375,0.0175,0.02,-1e-06,1e-06,CLOSED_REPRESENTATIVE_UNIT_MODULUS_MARGIN,reciprocal,reciprocal,2,4,,holomorphic,plus,0.24182772243985454,0.31699451684532004,0.0022601553503693783,0.22607917886300602,0.24182772243985454,0.004171057534554329,2.3888882050256366,True,True
5457,E01__U017__TOP__MINIMUM_CERTIFIED_OUTER_GAP,x11_t18,11,18,0.7576219720504945,0.7590075545063255,0.5625,0.59375,0.0175,0.02,-1e-06,1e-06,CLOSED_REPRESENTATIVE_UNIT_MODULUS_MARGIN,reciprocal,reciprocal,3,4,,holomorphic,plus,0.24182772091079344,0.31699451838793036,0.0022601553503693783,0.22607917886300602,0.24182772091079344,0.004171057306070076,2.3888882050789193,True,True
5457,E01__U017__TOP__MINIMUM_CERTIFIED_OUTER_GAP,x11_t19,11,19,0.7576219720504945,0.7590075545063255,0.59375,0.625,0.0175,0.02,-1e-06,1e-06,CLOSED_REPRESENTATIVE_UNIT_MODULUS_MARGIN,reciprocal,reciprocal,0,4,,holomorphic,plus,0.2286619766392569,0.3065682968181884,0.001749521346520925,0.21449208863669686,0.2286619766392569,0.004144757468293057,2.388888448715664,True,True
5457,E01__U017__TOP__MINIMUM_CERTIFIED_OUTER_GAP,x11_t19,11,19,0.7576219720504945,0.7590075545063255,0.59375,0.625,0.0175,0.02,-1e-06,1e-06,CLOSED_REPRESENTATIVE_UNIT_MODULUS_MARGIN,reciprocal,reciprocal,1,4,,holomorphic,plus,0.2286619783046649,0.30656829513973183,0.001749521346520925,0.21449208863669686,0.2286619783046649,0.004144757727143598,2.388888448662381,True,True
5457,E01__U017__TOP__MINIMUM_CERTIFIED_OUTER_GAP,x11_t19,11,19,0.7576219720504945,0.7590075545063255,0.59375,0.625,0.0175,0.02,-1e-06,1e-06,CLOSED_REPRESENTATIVE_UNIT_MODULUS_MARGIN,reciprocal,reciprocal,2,4,,holomorphic,plus,0.22866195498338168,0.30656826448351554,0.001749521346520925,0.21449208863669686,0.22866195498338168,0.004144758133312521,2.3888882050256366,True,True
5457,E01__U017__TOP__MINIMUM_CERTIFIED_OUTER_GAP,x11_t19,11,19,0.7576219720504945,0.7590075545063255,0.59375,0.625,0.0175,0.02,-1e-06,1e-06,CLOSED_REPRESENTATIVE_UNIT_MODULUS_MARGIN,reciprocal,reciprocal,3,4,,holomorphic,plus,0.22866195331797368,0.30656826616197214,0.001749521346520925,0.21449208863669686,0.22866195331797368,0.004144757874461929,2.3888882050789193,True,True
5457,E01__U017__TOP__MINIMUM_CERTIFIED_OUTER_GAP,x11_t20,11,20,0.7576219720504945,0.7590075545063255,0.625,0.65625,0.0175,0.02,-1e-06,1e-06,CLOSED_REPRESENTATIVE_UNIT_MODULUS_MARGIN,reciprocal,reciprocal,0,4,,holomorphic,plus,0.21536907347746176,0.2963041572083032,0.0011006896778419145,0.20279047171068226,0.21536907347746176,0.004053233856862639,2.388888448715664,True,True
5457,E01__U017__TOP__MINIMUM_CERTIFIED_OUTER_GAP,x11_t20,11,20,0.7576219720504945,0.7590075545063255,0.625,0.65625,0.0175,0.02,-1e-06,1e-06,CLOSED_REPRESENTATIVE_UNIT_MODULUS_MARGIN,reciprocal,reciprocal,1,4,,holomorphic,plus,0.21536907529873894,0.2963041553744718,0.0011006896778419145,0.20279047171068226,0.21536907529873894,0.004053234151132101,2.388888448662381,True,True
5457,E01__U017__TOP__MINIMUM_CERTIFIED_OUTER_GAP,x11_t20,11,20,0.7576219720504945,0.7590075545063255,0.625,0.65625,0.0175,0.02,-1e-06,1e-06,CLOSED_REPRESENTATIVE_UNIT_MODULUS_MARGIN,reciprocal,reciprocal,2,4,,holomorphic,plus,0.21536905333312895,0.29630412574470527,0.0011006896778419145,0.20279047171068226,0.21536905333312895,0.004053234548322527,2.3888882050256366,True,True
5457,E01__U017__TOP__MINIMUM_CERTIFIED_OUTER_GAP,x11_t20,11,20,0.7576219720504945,0.7590075545063255,0.625,0.65625,0.0175,0.02,-1e-06,1e-06,CLOSED_REPRESENTATIVE_UNIT_MODULUS_MARGIN,reciprocal,reciprocal,3,4,,holomorphic,plus,0.21536905151185176,0.29630412757853675,0.0011006896778419145,0.20279047171068226,0.21536905151185176,0.004053234254053005,2.3888882050789193,True,True
5457,E01__U017__TOP__MINIMUM_CERTIFIED_OUTER_GAP,x11_t21,11,21,0.7576219720504945,0.7590075545063255,0.65625,0.6875,0.0175,0.02,-1e-06,1e-06,CLOSED_REPRESENTATIVE_UNIT_MODULUS_MARGIN,reciprocal,reciprocal,0,4,,holomorphic,plus,0.20192720323497426,0.2862330752919911,0.00027159879608621383,0.19094719768704493,0.20192720323497426,0.003888063708851223,2.388888448715664,True,True
5457,E01__U017__TOP__MINIMUM_CERTIFIED_OUTER_GAP,x11_t21,11,21,0.7576219720504945,0.7590075545063255,0.65625,0.6875,0.0175,0.02,-1e-06,1e-06,CLOSED_REPRESENTATIVE_UNIT_MODULUS_MARGIN,reciprocal,reciprocal,1,4,,holomorphic,plus,0.201927205235753,0.28623307327915387,0.00027159879608621383,0.19094719768704493,0.201927205235753,0.0038880640448286773,2.388888448662381,True,True
5457,E01__U017__TOP__MINIMUM_CERTIFIED_OUTER_GAP,x11_t21,11,21,0.7576219720504945,0.7590075545063255,0.65625,0.6875,0.0175,0.02,-1e-06,1e-06,CLOSED_REPRESENTATIVE_UNIT_MODULUS_MARGIN,reciprocal,reciprocal,2,4,,holomorphic,plus,0.2019271846410035,0.2862330446565368,0.00027159879608621383,0.19094719768704493,0.2019271846410035,0.0038880644258209042,2.3888882050256366,True,True
5457,E01__U017__TOP__MINIMUM_CERTIFIED_OUTER_GAP,x11_t21,11,21,0.7576219720504945,0.7590075545063255,0.65625,0.6875,0.0175,0.02,-1e-06,1e-06,CLOSED_REPRESENTATIVE_UNIT_MODULUS_MARGIN,reciprocal,reciprocal,3,4,,holomorphic,plus,0.20192718264022477,0.28623304666937405,0.00027159879608621383,0.19094719768704493,0.20192718264022477,0.003888064089843383,2.3888882050789193,True,True
5457,E01__U017__TOP__MINIMUM_CERTIFIED_OUTER_GAP,x11_t22,11,22,0.7576219720504945,0.7590075545063255,0.6875,0.71875,0.0175,0.02,-1e-06,1e-06,CLOSED_REPRESENTATIVE_UNIT_MODULUS_MARGIN,reciprocal,reciprocal,0,4,,holomorphic,plus,0.1883087758835515,0.27639415425824804,0.0,0.1789262755519557,0.1883087758835515,0.0036424361049525156,2.388888448715664,True,True
5457,E01__U017__TOP__MINIMUM_CERTIFIED_OUTER_GAP,x11_t22,11,22,0.7576219720504945,0.7590075545063255,0.6875,0.71875,0.0175,0.02,-1e-06,1e-06,CLOSED_REPRESENTATIVE_UNIT_MODULUS_MARGIN,reciprocal,reciprocal,1,4,,holomorphic,plus,0.18830877809272614,0.27639415203753187,0.0,0.1789262755519557,0.18830877809272614,0.003642436478598755,2.388888448662381,True,True
5457,E01__U017__TOP__MINIMUM_CERTIFIED_OUTER_GAP,x11_t22,11,22,0.7576219720504945,0.7590075545063255,0.6875,0.71875,0.0175,0.02,-1e-06,1e-06,CLOSED_REPRESENTATIVE_UNIT_MODULUS_MARGIN,reciprocal,reciprocal,2,4,,holomorphic,plus,0.18830875888683699,0.27639412439885475,0.0,0.1789262755519557,0.18830875888683699,0.0036424368355077847,2.3888882050256366,True,True
5457,E01__U017__TOP__MINIMUM_CERTIFIED_OUTER_GAP,x11_t22,11,22,0.7576219720504945,0.7590075545063255,0.6875,0.71875,0.0175,0.02,-1e-06,1e-06,CLOSED_REPRESENTATIVE_UNIT_MODULUS_MARGIN,reciprocal,reciprocal,3,4,,holomorphic,plus,0.18830875667766234,0.2763941266195709,0.0,0.1789262755519557,0.18830875667766234,0.0036424364618614703,2.3888882050789193,True,True
5457,E01__U017__TOP__MINIMUM_CERTIFIED_OUTER_GAP,x11_t23,11,23,0.7576219720504945,0.7590075545063255,0.71875,0.75,0.0175,0.02,-1e-06,1e-06,CLOSED_REPRESENTATIVE_UNIT_MODULUS_MARGIN,reciprocal,reciprocal,0,4,,holomorphic,plus,0.17447833584226569,0.2668375277647304,0.0,0.16667927131586988,0.17447833584226569,0.003280919973918755,2.388888448715664,True,True
5457,E01__U017__TOP__MINIMUM_CERTIFIED_OUTER_GAP,x11_t23,11,23,0.7576219720504945,0.7590075545063255,0.71875,0.75,0.0175,0.02,-1e-06,1e-06,CLOSED_REPRESENTATIVE_UNIT_MODULUS_MARGIN,reciprocal,reciprocal,1,4,,holomorphic,plus,0.17447833829554943,0.2668375253004882,0.0,0.16667927131586988,0.17447833829554943,0.0032809203616915575,2.388888448662381,True,True
5457,E01__U017__TOP__MINIMUM_CERTIFIED_OUTER_GAP,x11_t23,11,23,0.7576219720504945,0.7590075545063255,0.71875,0.75,0.0175,0.02,-1e-06,1e-06,CLOSED_REPRESENTATIVE_UNIT_MODULUS_MARGIN,reciprocal,reciprocal,2,4,,holomorphic,plus,0.1744783205001349,0.26683749861752976,0.0,0.16667927131586988,0.1744783205001349,0.0032809206831638875,2.3888882050256366,True,True
5457,E01__U017__TOP__MINIMUM_CERTIFIED_OUTER_GAP,x11_t23,11,23,0.7576219720504945,0.7590075545063255,0.71875,0.75,0.0175,0.02,-1e-06,1e-06,CLOSED_REPRESENTATIVE_UNIT_MODULUS_MARGIN,reciprocal,reciprocal,3,4,,holomorphic,plus,0.17447831804685113,0.26683750108177196,0.0,0.16667927131586988,0.17447831804685113,0.0032809202953910073,2.3888882050789193,True,True
5457,E01__U017__TOP__MINIMUM_CERTIFIED_OUTER_GAP,x11_t24,11,24,0.7576219720504945,0.7590075545063255,0.75,0.78125,0.0175,0.02,-1e-06,1e-06,CLOSED_REPRESENTATIVE_UNIT_MODULUS_MARGIN,reciprocal,reciprocal,0,4,,holomorphic,plus,0.16038945047038664,0.2576285283777574,0.0,0.15414003057597708,0.16038945047038664,0.002768686104682979,2.388888448715664,True,True
5457,E01__U017__TOP__MINIMUM_CERTIFIED_OUTER_GAP,x11_t24,11,24,0.7576219720504945,0.7590075545063255,0.75,0.78125,0.0175,0.02,-1e-06,1e-06,CLOSED_REPRESENTATIVE_UNIT_MODULUS_MARGIN,reciprocal,reciprocal,1,4,,holomorphic,plus,0.16038945321244444,0.2576285256254893,0.0,0.15414003057597708,0.16038945321244444,0.0027686865123496525,2.388888448662381,True,True
5457,E01__U017__TOP__MINIMUM_CERTIFIED_OUTER_GAP,x11_t24,11,24,0.7576219720504945,0.7590075545063255,0.75,0.78125,0.0175,0.02,-1e-06,1e-06,CLOSED_REPRESENTATIVE_UNIT_MODULUS_MARGIN,reciprocal,reciprocal,2,4,,holomorphic,plus,0.16038943685385226,0.25762849986349706,0.0,0.15414003057597708,0.16038943685385226,0.0027686867836115912,2.3888882050256366,True,True
5457,E01__U017__TOP__MINIMUM_CERTIFIED_OUTER_GAP,x11_t24,11,24,0.7576219720504945,0.7590075545063255,0.75,0.78125,0.0175,0.02,-1e-06,1e-06,CLOSED_REPRESENTATIVE_UNIT_MODULUS_MARGIN,reciprocal,reciprocal,3,4,,holomorphic,plus,0.16038943411179446,0.25762850261576514,0.0,0.15414003057597708,0.16038943411179446,0.0027686863759448363,2.3888882050789193,True,True
5457,E01__U017__TOP__MINIMUM_CERTIFIED_OUTER_GAP,x11_t25,11,25,0.7576219720504945,0.7590075545063255,0.78125,0.8125,0.0175,0.02,-1e-06,1e-06,CLOSED_REPRESENTATIVE_UNIT_MODULUS_MARGIN,reciprocal,reciprocal,0,4,,holomorphic,plus,0.1459784189638097,0.24885549729157005,0.0,0.14121465337244335,0.1459784189638097,0.0020715707383950977,2.388888448715664,True,True
5457,E01__U017__TOP__MINIMUM_CERTIFIED_OUTER_GAP,x11_t25,11,25,0.7576219720504945,0.7590075545063255,0.78125,0.8125,0.0175,0.02,-1e-06,1e-06,CLOSED_REPRESENTATIVE_UNIT_MODULUS_MARGIN,reciprocal,reciprocal,1,4,,holomorphic,plus,0.14597842205166386,0.24885549419465447,0.0,0.14121465337244335,0.14597842205166386,0.002071571174153686,2.388888448662381,True,True
5457,E01__U017__TOP__MINIMUM_CERTIFIED_OUTER_GAP,x11_t25,11,25,0.7576219720504945,0.7590075545063255,0.78125,0.8125,0.0175,0.02,-1e-06,1e-06,CLOSED_REPRESENTATIVE_UNIT_MODULUS_MARGIN,reciprocal,reciprocal,2,4,,holomorphic,plus,0.1459784071627356,0.2488554693100445,0.0,0.14121465337244335,0.1459784071627356,0.0020715713770824468,2.3888882050256366,True,True
5457,E01__U017__TOP__MINIMUM_CERTIFIED_OUTER_GAP,x11_t25,11,25,0.7576219720504945,0.7590075545063255,0.78125,0.8125,0.0175,0.02,-1e-06,1e-06,CLOSED_REPRESENTATIVE_UNIT_MODULUS_MARGIN,reciprocal,reciprocal,3,4,,holomorphic,plus,0.14597840407488144,0.2488554724069601,0.0,0.14121465337244335,0.14597840407488144,0.002071570941323771,2.3888882050789193,True,True
5457,E01__U017__TOP__MINIMUM_CERTIFIED_OUTER_GAP,x11_t26,11,26,0.7576219720504945,0.7590075545063255,0.8125,0.84375,0.0175,0.02,-1e-06,1e-06,CLOSED_REPRESENTATIVE_UNIT_MODULUS_MARGIN,reciprocal,reciprocal,0,4,,holomorphic,plus,0.1308792011200667,0.24092242182385265,0.0,0.12776039777824155,0.1308792011200667,0.0011279672115122217,2.388888448715664,True,True
5457,E01__U017__TOP__MINIMUM_CERTIFIED_OUTER_GAP,x11_t26,11,26,0.7576219720504945,0.7590075545063255,0.8125,0.84375,0.0175,0.02,-1e-06,1e-06,CLOSED_REPRESENTATIVE_UNIT_MODULUS_MARGIN,reciprocal,reciprocal,1,4,,holomorphic,plus,0.13087920462845487,0.240922418307041,0.0,0.12776039777824155,0.13087920462845487,0.0011279676954234906,2.388888448662381,True,True
5457,E01__U017__TOP__MINIMUM_CERTIFIED_OUTER_GAP,x11_t26,11,26,0.7576219720504945,0.7590075545063255,0.8125,0.84375,0.0175,0.02,-1e-06,1e-06,CLOSED_REPRESENTATIVE_UNIT_MODULUS_MARGIN,reciprocal,reciprocal,2,4,,holomorphic,plus,0.13087919127935949,0.24092239421583506,0.0,0.12776039777824155,0.13087919127935949,0.0011279678058550397,2.3888882050256366,True,True
5457,E01__U017__TOP__MINIMUM_CERTIFIED_OUTER_GAP,x11_t26,11,26,0.7576219720504945,0.7590075545063255,0.8125,0.84375,0.0175,0.02,-1e-06,1e-06,CLOSED_REPRESENTATIVE_UNIT_MODULUS_MARGIN,reciprocal,reciprocal,3,4,,holomorphic,plus,0.1308791877709713,0.2409223977326467,0.0,0.12776039777824155,0.1308791877709713,0.0011279673219436739,2.3888882050789193,True,True
5457,E01__U017__TOP__MINIMUM_CERTIFIED_OUTER_GAP,x11_t27,11,27,0.7576219720504945,0.7590075545063255,0.84375,0.875,0.0175,0.02,-1e-06,1e-06,CLOSED_REPRESENTATIVE_UNIT_MODULUS_MARGIN,reciprocal,reciprocal,0,4,,holomorphic,plus,0.11497269664212434,0.23399160331669483,0.0,0.11359348833591756,0.11497269664212434,0.0,2.388888448715664,True,True
5457,E01__U017__TOP__MINIMUM_CERTIFIED_OUTER_GAP,x11_t27,11,27,0.7576219720504945,0.7590075545063255,0.84375,0.875,0.0175,0.02,-1e-06,1e-06,CLOSED_REPRESENTATIVE_UNIT_MODULUS_MARGIN,reciprocal,reciprocal,1,4,,holomorphic,plus,0.11497270066656846,0.23399159928301178,0.0,0.11359348833591756,0.11497270066656846,0.0,2.388888448662381,True,True
5457,E01__U017__TOP__MINIMUM_CERTIFIED_OUTER_GAP,x11_t27,11,27,0.7576219720504945,0.7590075545063255,0.84375,0.875,0.0175,0.02,-1e-06,1e-06,CLOSED_REPRESENTATIVE_UNIT_MODULUS_MARGIN,reciprocal,reciprocal,2,4,,holomorphic,plus,0.1149726889396168,0.23399157588500638,0.0,0.11359348833591756,0.1149726889396168,0.0,2.3888882050256366,True,True
5457,E01__U017__TOP__MINIMUM_CERTIFIED_OUTER_GAP,x11_t27,11,27,0.7576219720504945,0.7590075545063255,0.84375,0.875,0.0175,0.02,-1e-06,1e-06,CLOSED_REPRESENTATIVE_UNIT_MODULUS_MARGIN,reciprocal,reciprocal,3,4,,holomorphic,plus,0.11497268491517268,0.23399157991868944,0.0,0.11359348833591756,0.11497268491517268,0.0,2.3888882050789193,True,True
5457,E01__U017__TOP__MINIMUM_CERTIFIED_OUTER_GAP,x11_t28,11,28,0.7576219720504945,0.7590075545063255,0.875,0.90625,0.0175,0.02,-1e-06,1e-06,CLOSED_REPRESENTATIVE_UNIT_MODULUS_MARGIN,reciprocal,reciprocal,0,4,,minus,minus,0.098435052091611,0.1923782503678895,0.0,0.098435052091611,0.09818516828913251,0.0,2.388888448715664,True,True
5457,E01__U017__TOP__MINIMUM_CERTIFIED_OUTER_GAP,x11_t28,11,28,0.7576219720504945,0.7590075545063255,0.875,0.90625,0.0175,0.02,-1e-06,1e-06,CLOSED_REPRESENTATIVE_UNIT_MODULUS_MARGIN,reciprocal,reciprocal,1,4,,minus,minus,0.098435052091611,0.1923782503678895,0.0,0.098435052091611,0.09818517295472261,0.0,2.388888448662381,True,True
5457,E01__U017__TOP__MINIMUM_CERTIFIED_OUTER_GAP,x11_t28,11,28,0.7576219720504945,0.7590075545063255,0.875,0.90625,0.0175,0.02,-1e-06,1e-06,CLOSED_REPRESENTATIVE_UNIT_MODULUS_MARGIN,reciprocal,reciprocal,2,4,,minus,minus,0.098435052091611,0.1923782503678895,0.0,0.098435052091611,0.09818516293973897,0.0,2.3888882050256366,True,True
5457,E01__U017__TOP__MINIMUM_CERTIFIED_OUTER_GAP,x11_t28,11,28,0.7576219720504945,0.7590075545063255,0.875,0.90625,0.0175,0.02,-1e-06,1e-06,CLOSED_REPRESENTATIVE_UNIT_MODULUS_MARGIN,reciprocal,reciprocal,3,4,,minus,minus,0.098435052091611,0.1923782503678895,0.0,0.098435052091611,0.09818515827414889,0.0,2.3888882050789193,True,True
5457,E01__U017__TOP__MINIMUM_CERTIFIED_OUTER_GAP,x11_t29,11,29,0.7576219720504945,0.7590075545063255,0.90625,0.9375,0.0175,0.02,-1e-06,1e-06,CLOSED_REPRESENTATIVE_UNIT_MODULUS_MARGIN,reciprocal,reciprocal,0,4,,minus,minus,0.08187387996235737,0.1889410657603301,0.0,0.08187387996235737,0.08018766861666995,0.0,2.388888448715664,True,True
5457,E01__U017__TOP__MINIMUM_CERTIFIED_OUTER_GAP,x11_t29,11,29,0.7576219720504945,0.7590075545063255,0.90625,0.9375,0.0175,0.02,-1e-06,1e-06,CLOSED_REPRESENTATIVE_UNIT_MODULUS_MARGIN,reciprocal,reciprocal,1,4,,minus,minus,0.08187387996235737,0.1889410657603301,0.0,0.08187387996235737,0.08018767408736614,0.0,2.388888448662381,True,True
5457,E01__U017__TOP__MINIMUM_CERTIFIED_OUTER_GAP,x11_t29,11,29,0.7576219720504945,0.7590075545063255,0.90625,0.9375,0.0175,0.02,-1e-06,1e-06,CLOSED_REPRESENTATIVE_UNIT_MODULUS_MARGIN,reciprocal,reciprocal,2,4,,minus,minus,0.08187387996235737,0.1889410657603301,0.0,0.08187387996235737,0.0801876659077144,0.0,2.3888882050256366,True,True
5457,E01__U017__TOP__MINIMUM_CERTIFIED_OUTER_GAP,x11_t29,11,29,0.7576219720504945,0.7590075545063255,0.90625,0.9375,0.0175,0.02,-1e-06,1e-06,CLOSED_REPRESENTATIVE_UNIT_MODULUS_MARGIN,reciprocal,reciprocal,3,4,,minus,minus,0.08187387996235737,0.1889410657603301,0.0,0.08187387996235737,0.08018766043701821,0.0,2.3888882050789193,True,True
5457,E01__U017__TOP__MINIMUM_CERTIFIED_OUTER_GAP,x11_t30,11,30,0.7576219720504945,0.7590075545063255,0.9375,0.96875,0.0175,0.02,-1e-06,1e-06,CLOSED_REPRESENTATIVE_UNIT_MODULUS_MARGIN,reciprocal,reciprocal,0,4,,minus,minus,0.06330121472058928,0.18792718737668065,0.0,0.06330121472058928,0.06048642650891455,0.0,2.388888448715664,True,True
5457,E01__U017__TOP__MINIMUM_CERTIFIED_OUTER_GAP,x11_t30,11,30,0.7576219720504945,0.7590075545063255,0.9375,0.96875,0.0175,0.02,-1e-06,1e-06,CLOSED_REPRESENTATIVE_UNIT_MODULUS_MARGIN,reciprocal,reciprocal,1,4,,minus,minus,0.06330121472058928,0.18792718737668065,0.0,0.06330121472058928,0.06048643299294612,0.0,2.388888448662381,True,True
5457,E01__U017__TOP__MINIMUM_CERTIFIED_OUTER_GAP,x11_t30,11,30,0.7576219720504945,0.7590075545063255,0.9375,0.96875,0.0175,0.02,-1e-06,1e-06,CLOSED_REPRESENTATIVE_UNIT_MODULUS_MARGIN,reciprocal,reciprocal,2,4,,minus,minus,0.06330121472058928,0.18792718737668065,0.0,0.06330121472058928,0.06048642682233869,0.0,2.3888882050256366,True,True
5457,E01__U017__TOP__MINIMUM_CERTIFIED_OUTER_GAP,x11_t30,11,30,0.7576219720504945,0.7590075545063255,0.9375,0.96875,0.0175,0.02,-1e-06,1e-06,CLOSED_REPRESENTATIVE_UNIT_MODULUS_MARGIN,reciprocal,reciprocal,3,4,,minus,minus,0.06330121472058928,0.18792718737668065,0.0,0.06330121472058928,0.060486420338307124,0.0,2.3888882050789193,True,True
5457,E01__U017__TOP__MINIMUM_CERTIFIED_OUTER_GAP,x11_t31,11,31,0.7576219720504945,0.7590075545063255,0.96875,1.0,0.0175,0.02,-1e-06,1e-06,CLOSED_REPRESENTATIVE_UNIT_MODULUS_MARGIN,reciprocal,reciprocal,0,4,,minus,minus,0.04193205758379751,0.19038464449409206,0.0,0.04193205758379751,0.03836560002402643,0.0,2.388888448715664,True,True
5457,E01__U017__TOP__MINIMUM_CERTIFIED_OUTER_GAP,x11_t31,11,31,0.7576219720504945,0.7590075545063255,0.96875,1.0,0.0175,0.02,-1e-06,1e-06,CLOSED_REPRESENTATIVE_UNIT_MODULUS_MARGIN,reciprocal,reciprocal,1,4,,minus,minus,0.04193205758379751,0.19038464449409206,0.0,0.04193205758379751,0.03836560772082465,0.0,2.388888448662381,True,True
5457,E01__U017__TOP__MINIMUM_CERTIFIED_OUTER_GAP,x11_t31,11,31,0.7576219720504945,0.7590075545063255,0.96875,1.0,0.0175,0.02,-1e-06,1e-06,CLOSED_REPRESENTATIVE_UNIT_MODULUS_MARGIN,reciprocal,reciprocal,2,4,,minus,minus,0.04193205758379751,0.19038464449409206,0.0,0.04193205758379751,0.038365603805985145,0.0,2.3888882050256366,True,True
5457,E01__U017__TOP__MINIMUM_CERTIFIED_OUTER_GAP,x11_t31,11,31,0.7576219720504945,0.7590075545063255,0.96875,1.0,0.0175,0.02,-1e-06,1e-06,CLOSED_REPRESENTATIVE_UNIT_MODULUS_MARGIN,reciprocal,reciprocal,3,4,,minus,minus,0.04193205758379751,0.19038464449409206,0.0,0.04193205758379751,0.038365596109186925,0.0,2.3888882050789193,True,True
5457,E01__U017__TOP__MINIMUM_CERTIFIED_OUTER_GAP,x12_t00,12,0,0.7590075545063255,0.7603931369621564,0.0,0.03125,0.0175,0.02,-1e-06,1e-06,CLOSED_REPRESENTATIVE_UNIT_MODULUS_MARGIN,reciprocal,reciprocal,0,4,,holomorphic,plus,0.4677238840560099,0.5169161275514315,0.0036375780001088294,0.4264046649194009,0.4677238840560099,0.003211042804258957,2.3965705937142054,True,True
5457,E01__U017__TOP__MINIMUM_CERTIFIED_OUTER_GAP,x12_t00,12,0,0.7590075545063255,0.7603931369621564,0.0,0.03125,0.0175,0.02,-1e-06,1e-06,CLOSED_REPRESENTATIVE_UNIT_MODULUS_MARGIN,reciprocal,reciprocal,1,4,,holomorphic,plus,0.4677238845412198,0.516916127042861,0.0036375780001088294,0.4264046649194009,0.4677238845412198,0.0032110431628573186,2.3965705936607455,True,True
5457,E01__U017__TOP__MINIMUM_CERTIFIED_OUTER_GAP,x12_t00,12,0,0.7590075545063255,0.7603931369621564,0.0,0.03125,0.0175,0.02,-1e-06,1e-06,CLOSED_REPRESENTATIVE_UNIT_MODULUS_MARGIN,reciprocal,reciprocal,2,4,,holomorphic,plus,0.46772383683335594,0.5169160753515915,0.0036375780001088294,0.4264046649194009,0.46772383683335594,0.003211043477450244,2.396570349212161,True,True
5457,E01__U017__TOP__MINIMUM_CERTIFIED_OUTER_GAP,x12_t00,12,0,0.7590075545063255,0.7603931369621564,0.0,0.03125,0.0175,0.02,-1e-06,1e-06,CLOSED_REPRESENTATIVE_UNIT_MODULUS_MARGIN,reciprocal,reciprocal,3,4,,holomorphic,plus,0.46772383634814596,0.516916075860162,0.0036375780001088294,0.4264046649194009,0.46772383634814596,0.0032110431188518106,2.3965703492656214,True,True
5457,E01__U017__TOP__MINIMUM_CERTIFIED_OUTER_GAP,x12_t01,12,1,0.7590075545063255,0.7603931369621564,0.03125,0.0625,0.0175,0.02,-1e-06,1e-06,CLOSED_REPRESENTATIVE_UNIT_MODULUS_MARGIN,reciprocal,reciprocal,0,4,,holomorphic,plus,0.4554517221914877,0.5055164778243342,0.0035589785413672704,0.4154484604535546,0.4554517221914877,0.003148478939456672,2.3965705937142054,True,True
5457,E01__U017__TOP__MINIMUM_CERTIFIED_OUTER_GAP,x12_t01,12,1,0.7590075545063255,0.7603931369621564,0.03125,0.0625,0.0175,0.02,-1e-06,1e-06,CLOSED_REPRESENTATIVE_UNIT_MODULUS_MARGIN,reciprocal,reciprocal,1,4,,holomorphic,plus,0.4554517227031974,0.505516477289822,0.0035589785413672704,0.4154484604535546,0.4554517227031974,0.003148479238761599,2.3965705936607455,True,True
5457,E01__U017__TOP__MINIMUM_CERTIFIED_OUTER_GAP,x12_t01,12,1,0.7590075545063255,0.7603931369621564,0.03125,0.0625,0.0175,0.02,-1e-06,1e-06,CLOSED_REPRESENTATIVE_UNIT_MODULUS_MARGIN,reciprocal,reciprocal,2,4,,holomorphic,plus,0.45545167624707944,0.5055164267385234,0.0035589785413672704,0.4154484604535546,0.45545167624707944,0.003148479547238338,2.396570349212161,True,True
5457,E01__U017__TOP__MINIMUM_CERTIFIED_OUTER_GAP,x12_t01,12,1,0.7590075545063255,0.7603931369621564,0.03125,0.0625,0.0175,0.02,-1e-06,1e-06,CLOSED_REPRESENTATIVE_UNIT_MODULUS_MARGIN,reciprocal,reciprocal,3,4,,holomorphic,plus,0.4554516757353698,0.5055164272730357,0.0035589785413672704,0.4154484604535546,0.4554516757353698,0.003148479247933351,2.3965703492656214,True,True
5457,E01__U017__TOP__MINIMUM_CERTIFIED_OUTER_GAP,x12_t02,12,2,0.7590075545063255,0.7603931369621564,0.0625,0.09375,0.0175,0.02,-1e-06,1e-06,CLOSED_REPRESENTATIVE_UNIT_MODULUS_MARGIN,reciprocal,reciprocal,0,4,,holomorphic,plus,0.4431586722988423,0.49413458855197545,0.0034759472795985965,0.4044806953731801,0.4431586722988423,0.00308270822172767,2.3965705937142054,True,True
5457,E01__U017__TOP__MINIMUM_CERTIFIED_OUTER_GAP,x12_t02,12,2,0.7590075545063255,0.7603931369621564,0.0625,0.09375,0.0175,0.02,-1e-06,1e-06,CLOSED_REPRESENTATIVE_UNIT_MODULUS_MARGIN,reciprocal,reciprocal,1,4,,holomorphic,plus,0.4431586728388832,0.4941345879896897,0.0034759472795985965,0.4044806953731801,0.4431586728388832,0.003082708463147271,2.3965705936607455,True,True
5457,E01__U017__TOP__MINIMUM_CERTIFIED_OUTER_GAP,x12_t02,12,2,0.7590075545063255,0.7603931369621564,0.0625,0.09375,0.0175,0.02,-1e-06,1e-06,CLOSED_REPRESENTATIVE_UNIT_MODULUS_MARGIN,reciprocal,reciprocal,2,4,,holomorphic,plus,0.4431586276366414,0.49413453857658646,0.0034759472795985965,0.4044806953731801,0.4431586276366414,0.003082708765193191,2.396570349212161,True,True
5457,E01__U017__TOP__MINIMUM_CERTIFIED_OUTER_GAP,x12_t02,12,2,0.7590075545063255,0.7603931369621564,0.0625,0.09375,0.0175,0.02,-1e-06,1e-06,CLOSED_REPRESENTATIVE_UNIT_MODULUS_MARGIN,reciprocal,reciprocal,3,4,,holomorphic,plus,0.4431586270966005,0.4941345391388723,0.0034759472795985965,0.4044806953731801,0.4431586270966005,0.0030827085237735414,2.3965703492656214,True,True
5457,E01__U017__TOP__MINIMUM_CERTIFIED_OUTER_GAP,x12_t03,12,3,0.7590075545063255,0.7603931369621564,0.09375,0.125,0.0175,0.02,-1e-06,1e-06,CLOSED_REPRESENTATIVE_UNIT_MODULUS_MARGIN,reciprocal,reciprocal,0,4,,holomorphic,plus,0.4308431951677438,0.4827722611825501,0.003388043387379651,0.3935004086711829,0.4308431951677438,0.0030134420157433895,2.3965705937142054,True,True
5457,E01__U017__TOP__MINIMUM_CERTIFIED_OUTER_GAP,x12_t03,12,3,0.7590075545063255,0.7603931369621564,0.09375,0.125,0.0175,0.02,-1e-06,1e-06,CLOSED_REPRESENTATIVE_UNIT_MODULUS_MARGIN,reciprocal,reciprocal,1,4,,holomorphic,plus,0.4308431957381307,0.4827722605904756,0.003388043387379651,0.3935004086711829,0.4308431957381307,0.0030134422007752257,2.3965705936607455,True,True
5457,E01__U017__TOP__MINIMUM_CERTIFIED_OUTER_GAP,x12_t03,12,3,0.7590075545063255,0.7603931369621564,0.09375,0.125,0.0175,0.02,-1e-06,1e-06,CLOSED_REPRESENTATIVE_UNIT_MODULUS_MARGIN,reciprocal,reciprocal,2,4,,holomorphic,plus,0.430843151792052,0.482772212313612,0.003388043387379651,0.3935004086711829,0.430843151792052,0.0030134424960473844,2.396570349212161,True,True
5457,E01__U017__TOP__MINIMUM_CERTIFIED_OUTER_GAP,x12_t03,12,3,0.7590075545063255,0.7603931369621564,0.09375,0.125,0.0175,0.02,-1e-06,1e-06,CLOSED_REPRESENTATIVE_UNIT_MODULUS_MARGIN,reciprocal,reciprocal,3,4,,holomorphic,plus,0.4308431512216651,0.4827722129056865,0.003388043387379651,0.3935004086711829,0.4308431512216651,0.0030134423110155114,2.3965703492656214,True,True
5457,E01__U017__TOP__MINIMUM_CERTIFIED_OUTER_GAP,x12_t04,12,4,0.7590075545063255,0.7603931369621564,0.125,0.15625,0.0175,0.02,-1e-06,1e-06,CLOSED_REPRESENTATIVE_UNIT_MODULUS_MARGIN,reciprocal,reciprocal,0,4,,holomorphic,plus,0.4185037369562694,0.4714313679286261,0.003294755263067846,0.3825065648415681,0.4185037369562694,0.0029403478334775086,2.3965705937142054,True,True
5457,E01__U017__TOP__MINIMUM_CERTIFIED_OUTER_GAP,x12_t04,12,4,0.7590075545063255,0.7603931369621564,0.125,0.15625,0.0175,0.02,-1e-06,1e-06,CLOSED_REPRESENTATIVE_UNIT_MODULUS_MARGIN,reciprocal,reciprocal,1,4,,holomorphic,plus,0.41850373755922815,0.47143136730453683,0.003294755263067846,0.3825065648415681,0.41850373755922815,0.0029403479637158114,2.3965705936607455,True,True
5457,E01__U017__TOP__MINIMUM_CERTIFIED_OUTER_GAP,x12_t04,12,4,0.7590075545063255,0.7603931369621564,0.125,0.15625,0.0175,0.02,-1e-06,1e-06,CLOSED_REPRESENTATIVE_UNIT_MODULUS_MARGIN,reciprocal,reciprocal,2,4,,holomorphic,plus,0.4185036948717582,0.47143132016177,0.003294755263067846,0.3825065648415681,0.4185036948717582,0.0029403482518386586,2.396570349212161,True,True
5457,E01__U017__TOP__MINIMUM_CERTIFIED_OUTER_GAP,x12_t04,12,4,0.7590075545063255,0.7603931369621564,0.125,0.15625,0.0175,0.02,-1e-06,1e-06,CLOSED_REPRESENTATIVE_UNIT_MODULUS_MARGIN,reciprocal,reciprocal,3,4,,holomorphic,plus,0.41850369426879946,0.4714313207858593,0.003294755263067846,0.3825065648415681,0.41850369426879946,0.0029403481216003294,2.3965703492656214,True,True
5457,E01__U017__TOP__MINIMUM_CERTIFIED_OUTER_GAP,x12_t05,12,5,0.7590075545063255,0.7603931369621564,0.15625,0.1875,0.0175,0.02,-1e-06,1e-06,CLOSED_REPRESENTATIVE_UNIT_MODULUS_MARGIN,reciprocal,reciprocal,0,4,,holomorphic,plus,0.4061384196658369,0.4601141778552021,0.003195493694097528,0.3714979282961061,0.4061384196658369,0.0028630453096555666,2.3965705937142054,True,True
5457,E01__U017__TOP__MINIMUM_CERTIFIED_OUTER_GAP,x12_t05,12,5,0.7590075545063255,0.7603931369621564,0.15625,0.1875,0.0175,0.02,-1e-06,1e-06,CLOSED_REPRESENTATIVE_UNIT_MODULUS_MARGIN,reciprocal,reciprocal,1,4,,holomorphic,plus,0.4061384203038338,0.46011417719663106,0.003195493694097528,0.3714979282961061,0.4061384203038338,0.002863045386804766,2.3965705936607455,True,True
5457,E01__U017__TOP__MINIMUM_CERTIFIED_OUTER_GAP,x12_t05,12,5,0.7590075545063255,0.7603931369621564,0.15625,0.1875,0.0175,0.02,-1e-06,1e-06,CLOSED_REPRESENTATIVE_UNIT_MODULUS_MARGIN,reciprocal,reciprocal,2,4,,holomorphic,plus,0.40613837887760956,0.4601141311855912,0.003195493694097528,0.3714979282961061,0.40613837887760956,0.0028630456673654466,2.396570349212161,True,True
5457,E01__U017__TOP__MINIMUM_CERTIFIED_OUTER_GAP,x12_t05,12,5,0.7590075545063255,0.7603931369621564,0.15625,0.1875,0.0175,0.02,-1e-06,1e-06,CLOSED_REPRESENTATIVE_UNIT_MODULUS_MARGIN,reciprocal,reciprocal,3,4,,holomorphic,plus,0.4061383782396127,0.4601141318441622,0.003195493694097528,0.3714979282961061,0.4061383782396127,0.002863045590216232,2.3965703492656214,True,True
5457,E01__U017__TOP__MINIMUM_CERTIFIED_OUTER_GAP,x12_t06,12,6,0.7590075545063255,0.7603931369621564,0.1875,0.21875,0.0175,0.02,-1e-06,1e-06,CLOSED_REPRESENTATIVE_UNIT_MODULUS_MARGIN,reciprocal,reciprocal,0,4,,holomorphic,plus,0.393745145229126,0.4488232631821261,0.0030895764789371344,0.3604730388001874,0.393745145229126,0.002781099311558311,2.3965705937142054,True,True
5457,E01__U017__TOP__MINIMUM_CERTIFIED_OUTER_GAP,x12_t06,12,6,0.7590075545063255,0.7603931369621564,0.1875,0.21875,0.0175,0.02,-1e-06,1e-06,CLOSED_REPRESENTATIVE_UNIT_MODULUS_MARGIN,reciprocal,reciprocal,1,4,,holomorphic,plus,0.39374514590490406,0.44882326248632975,0.0030895764789371344,0.3604730388001874,0.39374514590490406,0.002781099337446019,2.3965705936607455,True,True
5457,E01__U017__TOP__MINIMUM_CERTIFIED_OUTER_GAP,x12_t06,12,6,0.7590075545063255,0.7603931369621564,0.1875,0.21875,0.0175,0.02,-1e-06,1e-06,CLOSED_REPRESENTATIVE_UNIT_MODULUS_MARGIN,reciprocal,reciprocal,2,4,,holomorphic,plus,0.3937451057427765,0.44882321760439003,0.0030895764789371344,0.3604730388001874,0.3937451057427765,0.0027810996099890037,2.396570349212161,True,True
5457,E01__U017__TOP__MINIMUM_CERTIFIED_OUTER_GAP,x12_t06,12,6,0.7590075545063255,0.7603931369621564,0.1875,0.21875,0.0175,0.02,-1e-06,1e-06,CLOSED_REPRESENTATIVE_UNIT_MODULUS_MARGIN,reciprocal,reciprocal,3,4,,holomorphic,plus,0.3937451050669985,0.44882321830018634,0.0030895764789371344,0.3604730388001874,0.3937451050669985,0.0027810995841012903,2.3965703492656214,True,True
5457,E01__U017__TOP__MINIMUM_CERTIFIED_OUTER_GAP,x12_t07,12,7,0.7590075545063255,0.7603931369621564,0.21875,0.25,0.0175,0.02,-1e-06,1e-06,CLOSED_REPRESENTATIVE_UNIT_MODULUS_MARGIN,reciprocal,reciprocal,0,4,,holomorphic,plus,0.3813215614224909,0.4375615491139749,0.0029762092616583695,0.3494302518151701,0.3813215614224909,0.002703792217094192,2.3965705937142054,True,True
5457,E01__U017__TOP__MINIMUM_CERTIFIED_OUTER_GAP,x12_t07,12,7,0.7590075545063255,0.7603931369621564,0.21875,0.25,0.0175,0.02,-1e-06,1e-06,CLOSED_REPRESENTATIVE_UNIT_MODULUS_MARGIN,reciprocal,reciprocal,1,4,,holomorphic,plus,0.38132156213911084,0.4375615483778916,0.0029762092616583695,0.3494302518151701,0.38132156213911084,0.002703792225065247,2.3965705936607455,True,True
5457,E01__U017__TOP__MINIMUM_CERTIFIED_OUTER_GAP,x12_t07,12,7,0.7590075545063255,0.7603931369621564,0.21875,0.25,0.0175,0.02,-1e-06,1e-06,CLOSED_REPRESENTATIVE_UNIT_MODULUS_MARGIN,reciprocal,reciprocal,2,4,,holomorphic,plus,0.3813215232441708,0.43756150462213256,0.0029762092616583695,0.3494302518151701,0.3813215232441708,0.0027037924900357993,2.396570349212161,True,True
5457,E01__U017__TOP__MINIMUM_CERTIFIED_OUTER_GAP,x12_t07,12,7,0.7590075545063255,0.7603931369621564,0.21875,0.25,0.0175,0.02,-1e-06,1e-06,CLOSED_REPRESENTATIVE_UNIT_MODULUS_MARGIN,reciprocal,reciprocal,3,4,,holomorphic,plus,0.3813215225275509,0.43756150535821586,0.0029762092616583695,0.3494302518151701,0.3813215225275509,0.0027037924820647427,2.3965703492656214,True,True
5457,E01__U017__TOP__MINIMUM_CERTIFIED_OUTER_GAP,x12_t08,12,8,0.7590075545063255,0.7603931369621564,0.25,0.28125,0.0175,0.02,-1e-06,1e-06,CLOSED_REPRESENTATIVE_UNIT_MODULUS_MARGIN,reciprocal,reciprocal,0,4,,holomorphic,plus,0.3688650201900142,0.4263323746117337,0.0028785851936281494,0.3383677118339431,0.3688650201900142,0.002691735383067123,2.3965705937142054,True,True
5457,E01__U017__TOP__MINIMUM_CERTIFIED_OUTER_GAP,x12_t08,12,8,0.7590075545063255,0.7603931369621564,0.25,0.28125,0.0175,0.02,-1e-06,1e-06,CLOSED_REPRESENTATIVE_UNIT_MODULUS_MARGIN,reciprocal,reciprocal,1,4,,holomorphic,plus,0.36886502095090357,0.42633237383193473,0.0028785851936281494,0.3383677118339431,0.36886502095090357,0.002691735408850603,2.3965705936607455,True,True
5457,E01__U017__TOP__MINIMUM_CERTIFIED_OUTER_GAP,x12_t08,12,8,0.7590075545063255,0.7603931369621564,0.25,0.28125,0.0175,0.02,-1e-06,1e-06,CLOSED_REPRESENTATIVE_UNIT_MODULUS_MARGIN,reciprocal,reciprocal,2,4,,holomorphic,plus,0.3688649833265119,0.42633233119910324,0.0028785851936281494,0.3383677118339431,0.3688649833265119,0.002691735672633406,2.396570349212161,True,True
5457,E01__U017__TOP__MINIMUM_CERTIFIED_OUTER_GAP,x12_t08,12,8,0.7590075545063255,0.7603931369621564,0.25,0.28125,0.0175,0.02,-1e-06,1e-06,CLOSED_REPRESENTATIVE_UNIT_MODULUS_MARGIN,reciprocal,reciprocal,3,4,,holomorphic,plus,0.3688649825656225,0.4263323319789022,0.0028785851936281494,0.3383677118339431,0.3688649825656225,0.002691735646849921,2.3965703492656214,True,True
5457,E01__U017__TOP__MINIMUM_CERTIFIED_OUTER_GAP,x12_t09,12,9,0.7590075545063255,0.7603931369621564,0.28125,0.3125,0.0175,0.02,-1e-06,1e-06,CLOSED_REPRESENTATIVE_UNIT_MODULUS_MARGIN,reciprocal,reciprocal,0,4,,holomorphic,plus,0.35637252725041046,0.41513956604005026,0.00283161263931699,0.32728320365375124,0.35637252725041046,0.002746228465485867,2.3965705937142054,True,True
5457,E01__U017__TOP__MINIMUM_CERTIFIED_OUTER_GAP,x12_t09,12,9,0.7590075545063255,0.7603931369621564,0.28125,0.3125,0.0175,0.02,-1e-06,1e-06,CLOSED_REPRESENTATIVE_UNIT_MODULUS_MARGIN,reciprocal,reciprocal,1,4,,holomorphic,plus,0.3563725280594223,0.4151395652126813,0.00283161263931699,0.32728320365375124,0.3563725280594223,0.0027462285099077994,2.3965705936607455,True,True
5457,E01__U017__TOP__MINIMUM_CERTIFIED_OUTER_GAP,x12_t09,12,9,0.7590075545063255,0.7603931369621564,0.28125,0.3125,0.0175,0.02,-1e-06,1e-06,CLOSED_REPRESENTATIVE_UNIT_MODULUS_MARGIN,reciprocal,reciprocal,2,4,,holomorphic,plus,0.3563724917092451,0.4151395236991417,0.00283161263931699,0.32728320365375124,0.3563724917092451,0.002746228779024866,2.396570349212161,True,True
5457,E01__U017__TOP__MINIMUM_CERTIFIED_OUTER_GAP,x12_t09,12,9,0.7590075545063255,0.7603931369621564,0.28125,0.3125,0.0175,0.02,-1e-06,1e-06,CLOSED_REPRESENTATIVE_UNIT_MODULUS_MARGIN,reciprocal,reciprocal,3,4,,holomorphic,plus,0.35637249090023326,0.41513952452651065,0.00283161263931699,0.32728320365375124,0.35637249090023326,0.002746228734602925,2.3965703492656214,True,True
5457,E01__U017__TOP__MINIMUM_CERTIFIED_OUTER_GAP,x12_t10,12,10,0.7590075545063255,0.7603931369621564,0.3125,0.34375,0.0175,0.02,-1e-06,1e-06,CLOSED_REPRESENTATIVE_UNIT_MODULUS_MARGIN,reciprocal,reciprocal,0,4,,holomorphic,plus,0.3438406807385589,0.4039875269848402,0.002820835654158837,0.3161741231756375,0.3438406807385589,0.002852005225800704,2.3965705937142054,True,True
5457,E01__U017__TOP__MINIMUM_CERTIFIED_OUTER_GAP,x12_t10,12,10,0.7590075545063255,0.7603931369621564,0.3125,0.34375,0.0175,0.02,-1e-06,1e-06,CLOSED_REPRESENTATIVE_UNIT_MODULUS_MARGIN,reciprocal,reciprocal,1,4,,holomorphic,plus,0.34384068160004194,0.40398752610555067,0.002820835654158837,0.3161741231756375,0.34384068160004194,0.002852005288818044,2.3965705936607455,True,True
5457,E01__U017__TOP__MINIMUM_CERTIFIED_OUTER_GAP,x12_t10,12,10,0.7590075545063255,0.7603931369621564,0.3125,0.34375,0.0175,0.02,-1e-06,1e-06,CLOSED_REPRESENTATIVE_UNIT_MODULUS_MARGIN,reciprocal,reciprocal,2,4,,holomorphic,plus,0.3438406465280922,0.403987485707227,0.002820835654158837,0.3161741231756375,0.3438406465280922,0.0028520055682955685,2.396570349212161,True,True
5457,E01__U017__TOP__MINIMUM_CERTIFIED_OUTER_GAP,x12_t10,12,10,0.7590075545063255,0.7603931369621564,0.3125,0.34375,0.0175,0.02,-1e-06,1e-06,CLOSED_REPRESENTATIVE_UNIT_MODULUS_MARGIN,reciprocal,reciprocal,3,4,,holomorphic,plus,0.34384064566660916,0.4039874865865165,0.002820835654158837,0.3161741231756375,0.34384064566660916,0.002852005505278216,2.3965703492656214,True,True
5457,E01__U017__TOP__MINIMUM_CERTIFIED_OUTER_GAP,x12_t11,12,11,0.7590075545063255,0.7603931369621564,0.34375,0.375,0.0175,0.02,-1e-06,1e-06,CLOSED_REPRESENTATIVE_UNIT_MODULUS_MARGIN,reciprocal,reciprocal,0,4,,holomorphic,plus,0.33126559593423144,0.39288134853910267,0.0028282059355152324,0.30503738706622546,0.33126559593423144,0.002992066050503636,2.3965705937142054,True,True
5457,E01__U017__TOP__MINIMUM_CERTIFIED_OUTER_GAP,x12_t11,12,11,0.7590075545063255,0.7603931369621564,0.34375,0.375,0.0175,0.02,-1e-06,1e-06,CLOSED_REPRESENTATIVE_UNIT_MODULUS_MARGIN,reciprocal,reciprocal,1,4,,holomorphic,plus,0.33126559685311524,0.3928813476029608,0.0028282059355152324,0.30503738706622546,0.33126559685311524,0.002992066131724218,2.3965705936607455,True,True
5457,E01__U017__TOP__MINIMUM_CERTIFIED_OUTER_GAP,x12_t11,12,11,0.7590075545063255,0.7603931369621564,0.34375,0.375,0.0175,0.02,-1e-06,1e-06,CLOSED_REPRESENTATIVE_UNIT_MODULUS_MARGIN,reciprocal,reciprocal,2,4,,holomorphic,plus,0.33126556306380217,0.39288130831526813,0.0028282059355152324,0.30503738706622546,0.33126556306380217,0.0029920664249225033,2.396570349212161,True,True
5457,E01__U017__TOP__MINIMUM_CERTIFIED_OUTER_GAP,x12_t11,12,11,0.7590075545063255,0.7603931369621564,0.34375,0.375,0.0175,0.02,-1e-06,1e-06,CLOSED_REPRESENTATIVE_UNIT_MODULUS_MARGIN,reciprocal,reciprocal,3,4,,holomorphic,plus,0.33126556214491837,0.39288130925140996,0.0028282059355152324,0.30503738706622546,0.33126556214491837,0.002992066343701905,2.3965703492656214,True,True
5457,E01__U017__TOP__MINIMUM_CERTIFIED_OUTER_GAP,x12_t12,12,12,0.7590075545063255,0.7603931369621564,0.375,0.40625,0.0175,0.02,-1e-06,1e-06,CLOSED_REPRESENTATIVE_UNIT_MODULUS_MARGIN,reciprocal,reciprocal,0,4,,holomorphic,plus,0.31864281217355045,0.3818269457167813,0.0028347833877644165,0.2938693167090177,0.31864281217355045,0.0031502120027263806,2.3965705937142054,True,True
5457,E01__U017__TOP__MINIMUM_CERTIFIED_OUTER_GAP,x12_t12,12,12,0.7590075545063255,0.7603931369621564,0.375,0.40625,0.0175,0.02,-1e-06,1e-06,CLOSED_REPRESENTATIVE_UNIT_MODULUS_MARGIN,reciprocal,reciprocal,1,4,,holomorphic,plus,0.3186428131554487,0.3818269447181705,0.0028347833877644165,0.2938693167090177,0.3186428131554487,0.003150212101856781,2.3965705936607455,True,True
5457,E01__U017__TOP__MINIMUM_CERTIFIED_OUTER_GAP,x12_t12,12,12,0.7590075545063255,0.7603931369621564,0.375,0.40625,0.0175,0.02,-1e-06,1e-06,CLOSED_REPRESENTATIVE_UNIT_MODULUS_MARGIN,reciprocal,reciprocal,2,4,,holomorphic,plus,0.3186427806536361,0.38182690653593254,0.0028347833877644165,0.2938693167090177,0.3186427806536361,0.0031502124105485547,2.396570349212161,True,True
5457,E01__U017__TOP__MINIMUM_CERTIFIED_OUTER_GAP,x12_t12,12,12,0.7590075545063255,0.7603931369621564,0.375,0.40625,0.0175,0.02,-1e-06,1e-06,CLOSED_REPRESENTATIVE_UNIT_MODULUS_MARGIN,reciprocal,reciprocal,3,4,,holomorphic,plus,0.3186427796717379,0.3818269075345433,0.0028347833877644165,0.2938693167090177,0.3186427796717379,0.0031502123114181342,2.3965703492656214,True,True
5457,E01__U017__TOP__MINIMUM_CERTIFIED_OUTER_GAP,x12_t13,12,13,0.7590075545063255,0.7603931369621564,0.40625,0.4375,0.0175,0.02,-1e-06,1e-06,CLOSED_REPRESENTATIVE_UNIT_MODULUS_MARGIN,reciprocal,reciprocal,0,4,,holomorphic,plus,0.3059671767126379,0.37083122752469905,0.0028218158660542414,0.28266548780631284,0.3059671767126379,0.003312175351770758,2.3965705937142054,True,True
5457,E01__U017__TOP__MINIMUM_CERTIFIED_OUTER_GAP,x12_t13,12,13,0.7590075545063255,0.7603931369621564,0.40625,0.4375,0.0175,0.02,-1e-06,1e-06,CLOSED_REPRESENTATIVE_UNIT_MODULUS_MARGIN,reciprocal,reciprocal,1,4,,holomorphic,plus,0.30596717776397503,0.3708312264571914,0.0028218158660542414,0.28266548780631284,0.30596717776397503,0.003312175468885704,2.3965705936607455,True,True
5457,E01__U017__TOP__MINIMUM_CERTIFIED_OUTER_GAP,x12_t13,12,13,0.7590075545063255,0.7603931369621564,0.40625,0.4375,0.0175,0.02,-1e-06,1e-06,CLOSED_REPRESENTATIVE_UNIT_MODULUS_MARGIN,reciprocal,reciprocal,2,4,,holomorphic,plus,0.3059671465550524,0.3708311893745412,0.0028218158660542414,0.28266548780631284,0.3059671465550524,0.0033121757934452987,2.396570349212161,True,True
5457,E01__U017__TOP__MINIMUM_CERTIFIED_OUTER_GAP,x12_t13,12,13,0.7590075545063255,0.7603931369621564,0.40625,0.4375,0.0175,0.02,-1e-06,1e-06,CLOSED_REPRESENTATIVE_UNIT_MODULUS_MARGIN,reciprocal,reciprocal,3,4,,holomorphic,plus,0.30596714550371523,0.3708311904420488,0.0028218158660542414,0.28266548780631284,0.30596714550371523,0.0033121756763303295,2.3965703492656214,True,True
5457,E01__U017__TOP__MINIMUM_CERTIFIED_OUTER_GAP,x12_t14,12,14,0.7590075545063255,0.7603931369621564,0.4375,0.46875,0.0175,0.02,-1e-06,1e-06,CLOSED_REPRESENTATIVE_UNIT_MODULUS_MARGIN,reciprocal,reciprocal,0,4,,holomorphic,plus,0.29323269845147104,0.35990231082182084,0.0027709501758880527,0.27142053364215873,0.29323269845147104,0.003465699294057279,2.3965705937142054,True,True
5457,E01__U017__TOP__MINIMUM_CERTIFIED_OUTER_GAP,x12_t14,12,14,0.7590075545063255,0.7603931369621564,0.4375,0.46875,0.0175,0.02,-1e-06,1e-06,CLOSED_REPRESENTATIVE_UNIT_MODULUS_MARGIN,reciprocal,reciprocal,1,4,,holomorphic,plus,0.29323269957963866,0.3599023096780203,0.0027709501758880527,0.27142053364215873,0.29323269957963866,0.0034656994297302783,2.3965705936607455,True,True
5457,E01__U017__TOP__MINIMUM_CERTIFIED_OUTER_GAP,x12_t14,12,14,0.7590075545063255,0.7603931369621564,0.4375,0.46875,0.0175,0.02,-1e-06,1e-06,CLOSED_REPRESENTATIVE_UNIT_MODULUS_MARGIN,reciprocal,reciprocal,2,4,,holomorphic,plus,0.2932326696696061,0.3599022736882794,0.0027709501758880527,0.27142053364215873,0.2932326696696061,0.003465699769330681,2.396570349212161,True,True
5457,E01__U017__TOP__MINIMUM_CERTIFIED_OUTER_GAP,x12_t14,12,14,0.7590075545063255,0.7603931369621564,0.4375,0.46875,0.0175,0.02,-1e-06,1e-06,CLOSED_REPRESENTATIVE_UNIT_MODULUS_MARGIN,reciprocal,reciprocal,3,4,,holomorphic,plus,0.2932326685414385,0.35990227483207987,0.0027709501758880527,0.27142053364215873,0.2932326685414385,0.003465699633657654,2.3965703492656214,True,True
5457,E01__U017__TOP__MINIMUM_CERTIFIED_OUTER_GAP,x12_t15,12,15,0.7590075545063255,0.7603931369621564,0.46875,0.5,0.0175,0.02,-1e-06,1e-06,CLOSED_REPRESENTATIVE_UNIT_MODULUS_MARGIN,reciprocal,reciprocal,0,4,,holomorphic,plus,0.28043236177610037,0.3490497917547047,0.0026638263718146912,0.26012788519050684,0.28043236177610037,0.003600118447331046,2.3965705937142054,True,True
5457,E01__U017__TOP__MINIMUM_CERTIFIED_OUTER_GAP,x12_t15,12,15,0.7590075545063255,0.7603931369621564,0.46875,0.5,0.0175,0.02,-1e-06,1e-06,CLOSED_REPRESENTATIVE_UNIT_MODULUS_MARGIN,reciprocal,reciprocal,1,4,,holomorphic,plus,0.28043236298965113,0.3490497905260531,0.0026638263718146912,0.26012788519050684,0.28043236298965113,0.0036001186026986837,2.3965705936607455,True,True
5457,E01__U017__TOP__MINIMUM_CERTIFIED_OUTER_GAP,x12_t15,12,15,0.7590075545063255,0.7603931369621564,0.46875,0.5,0.0175,0.02,-1e-06,1e-06,CLOSED_REPRESENTATIVE_UNIT_MODULUS_MARGIN,reciprocal,reciprocal,2,4,,holomorphic,plus,0.28043233438522414,0.3490497556215837,0.0026638263718146912,0.26012788519050684,0.28043233438522414,0.0036001189554674884,2.396570349212161,True,True
5457,E01__U017__TOP__MINIMUM_CERTIFIED_OUTER_GAP,x12_t15,12,15,0.7590075545063255,0.7603931369621564,0.46875,0.5,0.0175,0.02,-1e-06,1e-06,CLOSED_REPRESENTATIVE_UNIT_MODULUS_MARGIN,reciprocal,reciprocal,3,4,,holomorphic,plus,0.2804323331716734,0.34904975685023526,0.0026638263718146912,0.26012788519050684,0.2804323331716734,0.0036001188000998195,2.3965703492656214,True,True
5457,E01__U017__TOP__MINIMUM_CERTIFIED_OUTER_GAP,x12_t16,12,16,0.7590075545063255,0.7603931369621564,0.5,0.53125,0.0175,0.02,-1e-06,1e-06,CLOSED_REPRESENTATIVE_UNIT_MODULUS_MARGIN,reciprocal,reciprocal,0,4,,holomorphic,plus,0.2675578869485515,0.33828509378286,0.002481329349444513,0.2487794242237186,0.2675578869485515,0.003705808349746379,2.3965705937142054,True,True
5457,E01__U017__TOP__MINIMUM_CERTIFIED_OUTER_GAP,x12_t16,12,16,0.7590075545063255,0.7603931369621564,0.5,0.53125,0.0175,0.02,-1e-06,1e-06,CLOSED_REPRESENTATIVE_UNIT_MODULUS_MARGIN,reciprocal,reciprocal,1,4,,holomorphic,plus,0.2675578882574428,0.33828509245939337,0.002481329349444513,0.2487794242237186,0.2675578882574428,0.003705808526559681,2.3965705936607455,True,True
5457,E01__U017__TOP__MINIMUM_CERTIFIED_OUTER_GAP,x12_t16,12,16,0.7590075545063255,0.7603931369621564,0.5,0.53125,0.0175,0.02,-1e-06,1e-06,CLOSED_REPRESENTATIVE_UNIT_MODULUS_MARGIN,reciprocal,reciprocal,2,4,,holomorphic,plus,0.2675578609661811,0.3382850586314156,0.002481329349444513,0.2487794242237186,0.2675578609661811,0.003705808889681101,2.396570349212161,True,True
5457,E01__U017__TOP__MINIMUM_CERTIFIED_OUTER_GAP,x12_t16,12,16,0.7590075545063255,0.7603931369621564,0.5,0.53125,0.0175,0.02,-1e-06,1e-06,CLOSED_REPRESENTATIVE_UNIT_MODULUS_MARGIN,reciprocal,reciprocal,3,4,,holomorphic,plus,0.2675578596572898,0.33828505995488223,0.002481329349444513,0.2487794242237186,0.2675578596572898,0.003705808712867764,2.3965703492656214,True,True
5457,E01__U017__TOP__MINIMUM_CERTIFIED_OUTER_GAP,x12_t17,12,17,0.7590075545063255,0.7603931369621564,0.53125,0.5625,0.0175,0.02,-1e-06,1e-06,CLOSED_REPRESENTATIVE_UNIT_MODULUS_MARGIN,reciprocal,reciprocal,0,4,,holomorphic,plus,0.2545994178524712,0.32762191887963327,0.002202707621448806,0.23736501522214523,0.2545994178524712,0.003773677200287209,2.3965705937142054,True,True
5457,E01__U017__TOP__MINIMUM_CERTIFIED_OUTER_GAP,x12_t17,12,17,0.7590075545063255,0.7603931369621564,0.53125,0.5625,0.0175,0.02,-1e-06,1e-06,CLOSED_REPRESENTATIVE_UNIT_MODULUS_MARGIN,reciprocal,reciprocal,1,4,,holomorphic,plus,0.25459941926837293,0.327621917449674,0.002202707621448806,0.23736501522214523,0.25459941926837293,0.0037736774009797225,2.3965705936607455,True,True
5457,E01__U017__TOP__MINIMUM_CERTIFIED_OUTER_GAP,x12_t17,12,17,0.7590075545063255,0.7603931369621564,0.53125,0.5625,0.0175,0.02,-1e-06,1e-06,CLOSED_REPRESENTATIVE_UNIT_MODULUS_MARGIN,reciprocal,reciprocal,2,4,,holomorphic,plus,0.2545993932988411,0.3276218846880383,0.002202707621448806,0.23736501522214523,0.2545993932988411,0.003773677770746785,2.396570349212161,True,True
5457,E01__U017__TOP__MINIMUM_CERTIFIED_OUTER_GAP,x12_t17,12,17,0.7590075545063255,0.7603931369621564,0.53125,0.5625,0.0175,0.02,-1e-06,1e-06,CLOSED_REPRESENTATIVE_UNIT_MODULUS_MARGIN,reciprocal,reciprocal,3,4,,holomorphic,plus,0.2545993918829394,0.3276218861179976,0.002202707621448806,0.23736501522214523,0.2545993918829394,0.0037736775700542313,2.3965703492656214,True,True
5457,E01__U017__TOP__MINIMUM_CERTIFIED_OUTER_GAP,x12_t18,12,18,0.7590075545063255,0.7603931369621564,0.5625,0.59375,0.0175,0.02,-1e-06,1e-06,CLOSED_REPRESENTATIVE_UNIT_MODULUS_MARGIN,reciprocal,reciprocal,0,4,,holomorphic,plus,0.2415451095091631,0.31707683964449096,0.001804890154177947,0.22587186645485355,0.2415451095091631,0.0037947737106957414,2.3965705937142054,True,True
5457,E01__U017__TOP__MINIMUM_CERTIFIED_OUTER_GAP,x12_t18,12,18,0.7590075545063255,0.7603931369621564,0.5625,0.59375,0.0175,0.02,-1e-06,1e-06,CLOSED_REPRESENTATIVE_UNIT_MODULUS_MARGIN,reciprocal,reciprocal,1,4,,holomorphic,plus,0.24154511104585097,0.3170768380942549,0.001804890154177947,0.22587186645485355,0.24154511104585097,0.003794773938481231,2.3965705936607455,True,True
5457,E01__U017__TOP__MINIMUM_CERTIFIED_OUTER_GAP,x12_t18,12,18,0.7590075545063255,0.7603931369621564,0.5625,0.59375,0.0175,0.02,-1e-06,1e-06,CLOSED_REPRESENTATIVE_UNIT_MODULUS_MARGIN,reciprocal,reciprocal,2,4,,holomorphic,plus,0.2415450864078214,0.3170768063871549,0.001804890154177947,0.22587186645485355,0.2415450864078214,0.003794774310309531,2.396570349212161,True,True
5457,E01__U017__TOP__MINIMUM_CERTIFIED_OUTER_GAP,x12_t18,12,18,0.7590075545063255,0.7603931369621564,0.5625,0.59375,0.0175,0.02,-1e-06,1e-06,CLOSED_REPRESENTATIVE_UNIT_MODULUS_MARGIN,reciprocal,reciprocal,3,4,,holomorphic,plus,0.24154508487113355,0.31707680793739096,0.001804890154177947,0.22587186645485355,0.24154508487113355,0.0037947740825239958,2.3965703492656214,True,True
5457,E01__U017__TOP__MINIMUM_CERTIFIED_OUTER_GAP,x12_t19,12,19,0.7590075545063255,0.7603931369621564,0.59375,0.625,0.0175,0.02,-1e-06,1e-06,CLOSED_REPRESENTATIVE_UNIT_MODULUS_MARGIN,reciprocal,reciprocal,0,4,,holomorphic,plus,0.22838057502028056,0.30667008676462315,0.001263833249173976,0.21428364733811767,0.22838057502028056,0.003760076684159018,2.3965705937142054,True,True
5457,E01__U017__TOP__MINIMUM_CERTIFIED_OUTER_GAP,x12_t19,12,19,0.7590075545063255,0.7603931369621564,0.59375,0.625,0.0175,0.02,-1e-06,1e-06,CLOSED_REPRESENTATIVE_UNIT_MODULUS_MARGIN,reciprocal,reciprocal,1,4,,holomorphic,plus,0.22838057669414294,0.3066700850777139,0.001263833249173976,0.21428364733811767,0.22838057669414294,0.0037600769431555925,2.3965705936607455,True,True
5457,E01__U017__TOP__MINIMUM_CERTIFIED_OUTER_GAP,x12_t19,12,19,0.7590075545063255,0.7603931369621564,0.59375,0.625,0.0175,0.02,-1e-06,1e-06,CLOSED_REPRESENTATIVE_UNIT_MODULUS_MARGIN,reciprocal,reciprocal,2,4,,holomorphic,plus,0.22838055339885474,0.30667005441132067,0.001263833249173976,0.21428364733811767,0.22838055339885474,0.0037600773115764197,2.396570349212161,True,True
5457,E01__U017__TOP__MINIMUM_CERTIFIED_OUTER_GAP,x12_t19,12,19,0.7590075545063255,0.7603931369621564,0.59375,0.625,0.0175,0.02,-1e-06,1e-06,CLOSED_REPRESENTATIVE_UNIT_MODULUS_MARGIN,reciprocal,reciprocal,3,4,,holomorphic,plus,0.2283805517249924,0.30667005609822995,0.001263833249173976,0.21428364733811767,0.2283805517249924,0.0037600770525797935,2.3965703492656214,True,True
5457,E01__U017__TOP__MINIMUM_CERTIFIED_OUTER_GAP,x12_t20,12,20,0.7590075545063255,0.7603931369621564,0.625,0.65625,0.0175,0.02,-1e-06,1e-06,CLOSED_REPRESENTATIVE_UNIT_MODULUS_MARGIN,reciprocal,reciprocal,0,4,,holomorphic,plus,0.21508813183460113,0.29642661173779183,0.0005821214122915069,0.2025792537080006,0.21508813183460113,0.003660619299240348,2.3965705937142054,True,True
5457,E01__U017__TOP__MINIMUM_CERTIFIED_OUTER_GAP,x12_t20,12,20,0.7590075545063255,0.7603931369621564,0.625,0.65625,0.0175,0.02,-1e-06,1e-06,CLOSED_REPRESENTATIVE_UNIT_MODULUS_MARGIN,reciprocal,reciprocal,1,4,,holomorphic,plus,0.2150881336653003,0.29642660989454217,0.0005821214122915069,0.2025792537080006,0.2150881336653003,0.0036606195945819457,2.3965705936607455,True,True
5457,E01__U017__TOP__MINIMUM_CERTIFIED_OUTER_GAP,x12_t20,12,20,0.7590075545063255,0.7603931369621564,0.625,0.65625,0.0175,0.02,-1e-06,1e-06,CLOSED_REPRESENTATIVE_UNIT_MODULUS_MARGIN,reciprocal,reciprocal,2,4,,holomorphic,plus,0.2150881117257955,0.2964265802525325,0.0005821214122915069,0.2025792537080006,0.2150881117257955,0.0036606199532475936,2.396570349212161,True,True
5457,E01__U017__TOP__MINIMUM_CERTIFIED_OUTER_GAP,x12_t20,12,20,0.7590075545063255,0.7603931369621564,0.625,0.65625,0.0175,0.02,-1e-06,1e-06,CLOSED_REPRESENTATIVE_UNIT_MODULUS_MARGIN,reciprocal,reciprocal,3,4,,holomorphic,plus,0.21508810989509633,0.29642658209578215,0.0005821214122915069,0.2025792537080006,0.21508810989509633,0.0036606196579059367,2.3965703492656214,True,True
5457,E01__U017__TOP__MINIMUM_CERTIFIED_OUTER_GAP,x12_t21,12,21,0.7590075545063255,0.7603931369621564,0.65625,0.6875,0.0175,0.02,-1e-06,1e-06,CLOSED_REPRESENTATIVE_UNIT_MODULUS_MARGIN,reciprocal,reciprocal,0,4,,holomorphic,plus,0.20164575603991142,0.28637754436317,0.0,0.19073105799155096,0.20164575603991142,0.0034879763712262713,2.3965705937142054,True,True
5457,E01__U017__TOP__MINIMUM_CERTIFIED_OUTER_GAP,x12_t21,12,21,0.7590075545063255,0.7603931369621564,0.65625,0.6875,0.0175,0.02,-1e-06,1e-06,CLOSED_REPRESENTATIVE_UNIT_MODULUS_MARGIN,reciprocal,reciprocal,1,4,,holomorphic,plus,0.20164575805125565,0.2863775423397758,0.0,0.19073105799155096,0.20164575805125565,0.003487976709352862,2.3965705936607455,True,True
5457,E01__U017__TOP__MINIMUM_CERTIFIED_OUTER_GAP,x12_t21,12,21,0.7590075545063255,0.7603931369621564,0.65625,0.6875,0.0175,0.02,-1e-06,1e-06,CLOSED_REPRESENTATIVE_UNIT_MODULUS_MARGIN,reciprocal,reciprocal,2,4,,holomorphic,plus,0.20164573748282166,0.28637751370271436,0.0,0.19073105799155096,0.20164573748282166,0.003487977051089647,2.396570349212161,True,True
5457,E01__U017__TOP__MINIMUM_CERTIFIED_OUTER_GAP,x12_t21,12,21,0.7590075545063255,0.7603931369621564,0.65625,0.6875,0.0175,0.02,-1e-06,1e-06,CLOSED_REPRESENTATIVE_UNIT_MODULUS_MARGIN,reciprocal,reciprocal,3,4,,holomorphic,plus,0.20164573547147743,0.28637751572610853,0.0,0.19073105799155096,0.20164573547147743,0.003487976712962989,2.3965703492656214,True,True
5457,E01__U017__TOP__MINIMUM_CERTIFIED_OUTER_GAP,x12_t22,12,22,0.7590075545063255,0.7603931369621564,0.6875,0.71875,0.0175,0.02,-1e-06,1e-06,CLOSED_REPRESENTATIVE_UNIT_MODULUS_MARGIN,reciprocal,reciprocal,0,4,,holomorphic,plus,0.18802560315486194,0.27656222726041785,0.0,0.17870239631151302,0.18802560315486194,0.0032368447045300016,2.3965705937142054,True,True
5457,E01__U017__TOP__MINIMUM_CERTIFIED_OUTER_GAP,x12_t22,12,22,0.7590075545063255,0.7603931369621564,0.6875,0.71875,0.0175,0.02,-1e-06,1e-06,CLOSED_REPRESENTATIVE_UNIT_MODULUS_MARGIN,reciprocal,reciprocal,1,4,,holomorphic,plus,0.18802560537596988,0.2765622250277868,0.0,0.17870239631151302,0.18802560537596988,0.0032368450825973148,2.3965705936607455,True,True
5457,E01__U017__TOP__MINIMUM_CERTIFIED_OUTER_GAP,x12_t22,12,22,0.7590075545063255,0.7603931369621564,0.6875,0.71875,0.0175,0.02,-1e-06,1e-06,CLOSED_REPRESENTATIVE_UNIT_MODULUS_MARGIN,reciprocal,reciprocal,2,4,,holomorphic,plus,0.18802558619673304,0.27656219737230525,0.0,0.17870239631151302,0.18802558619673304,0.003236845399713881,2.396570349212161,True,True
5457,E01__U017__TOP__MINIMUM_CERTIFIED_OUTER_GAP,x12_t22,12,22,0.7590075545063255,0.7603931369621564,0.6875,0.71875,0.0175,0.02,-1e-06,1e-06,CLOSED_REPRESENTATIVE_UNIT_MODULUS_MARGIN,reciprocal,reciprocal,3,4,,holomorphic,plus,0.1880255839756251,0.2765621996049363,0.0,0.17870239631151302,0.1880255839756251,0.003236845021646492,2.3965703492656214,True,True
5457,E01__U017__TOP__MINIMUM_CERTIFIED_OUTER_GAP,x12_t23,12,23,0.7590075545063255,0.7603931369621564,0.71875,0.75,0.0175,0.02,-1e-06,1e-06,CLOSED_REPRESENTATIVE_UNIT_MODULUS_MARGIN,reciprocal,reciprocal,0,4,,holomorphic,plus,0.1741918714677635,0.26703111109314875,0.0,0.16644391177958198,0.1741918714677635,0.0028709944671751835,2.3965705937142054,True,True
5457,E01__U017__TOP__MINIMUM_CERTIFIED_OUTER_GAP,x12_t23,12,23,0.7590075545063255,0.7603931369621564,0.71875,0.75,0.0175,0.02,-1e-06,1e-06,CLOSED_REPRESENTATIVE_UNIT_MODULUS_MARGIN,reciprocal,reciprocal,1,4,,holomorphic,plus,0.17419187393463975,0.2670311086153522,0.0,0.16644391177958198,0.17419187393463975,0.002870994859921055,2.3965705936607455,True,True
5457,E01__U017__TOP__MINIMUM_CERTIFIED_OUTER_GAP,x12_t23,12,23,0.7590075545063255,0.7603931369621564,0.71875,0.75,0.0175,0.02,-1e-06,1e-06,CLOSED_REPRESENTATIVE_UNIT_MODULUS_MARGIN,reciprocal,reciprocal,2,4,,holomorphic,plus,0.17419185616637653,0.2670310819130386,0.0,0.16644391177958198,0.17419185616637653,0.0028709951411803126,2.396570349212161,True,True
5457,E01__U017__TOP__MINIMUM_CERTIFIED_OUTER_GAP,x12_t23,12,23,0.7590075545063255,0.7603931369621564,0.71875,0.75,0.0175,0.02,-1e-06,1e-06,CLOSED_REPRESENTATIVE_UNIT_MODULUS_MARGIN,reciprocal,reciprocal,3,4,,holomorphic,plus,0.1741918536995003,0.26703108439083517,0.0,0.16644391177958198,0.1741918536995003,0.0028709947484343626,2.3965703492656214,True,True
5457,E01__U017__TOP__MINIMUM_CERTIFIED_OUTER_GAP,x12_t24,12,24,0.7590075545063255,0.7603931369621564,0.75,0.78125,0.0175,0.02,-1e-06,1e-06,CLOSED_REPRESENTATIVE_UNIT_MODULUS_MARGIN,reciprocal,reciprocal,0,4,,holomorphic,plus,0.16009764627347095,0.2578499611424087,0.0,0.15388816581735135,0.16009764627347095,0.0023530820396418703,2.3965705937142054,True,True
5457,E01__U017__TOP__MINIMUM_CERTIFIED_OUTER_GAP,x12_t24,12,24,0.7590075545063255,0.7603931369621564,0.75,0.78125,0.0175,0.02,-1e-06,1e-06,CLOSED_REPRESENTATIVE_UNIT_MODULUS_MARGIN,reciprocal,reciprocal,1,4,,holomorphic,plus,0.16009764903116705,0.257849958374579,0.0,0.15388816581735135,0.16009764903116705,0.0023530824529440914,2.3965705936607455,True,True
5457,E01__U017__TOP__MINIMUM_CERTIFIED_OUTER_GAP,x12_t24,12,24,0.7590075545063255,0.7603931369621564,0.75,0.78125,0.0175,0.02,-1e-06,1e-06,CLOSED_REPRESENTATIVE_UNIT_MODULUS_MARGIN,reciprocal,reciprocal,2,4,,holomorphic,plus,0.1600976327004371,0.25784993259044714,0.0,0.15388816581735135,0.1600976327004371,0.002353082683442347,2.396570349212161,True,True
5457,E01__U017__TOP__MINIMUM_CERTIFIED_OUTER_GAP,x12_t24,12,24,0.7590075545063255,0.7603931369621564,0.75,0.78125,0.0175,0.02,-1e-06,1e-06,CLOSED_REPRESENTATIVE_UNIT_MODULUS_MARGIN,reciprocal,reciprocal,3,4,,holomorphic,plus,0.160097629942741,0.2578499353582768,0.0,0.15388816581735135,0.160097629942741,0.002353082270140043,2.3965703492656214,True,True
5457,E01__U017__TOP__MINIMUM_CERTIFIED_OUTER_GAP,x12_t25,12,25,0.7590075545063255,0.7603931369621564,0.78125,0.8125,0.0175,0.02,-1e-06,1e-06,CLOSED_REPRESENTATIVE_UNIT_MODULUS_MARGIN,reciprocal,reciprocal,0,4,,holomorphic,plus,0.1456781373602393,0.2491081387571556,0.0,0.14093889676396373,0.1456781373602393,0.0016483235354145228,2.3965705937142054,True,True
5457,E01__U017__TOP__MINIMUM_CERTIFIED_OUTER_GAP,x12_t25,12,25,0.7590075545063255,0.7603931369621564,0.78125,0.8125,0.0175,0.02,-1e-06,1e-06,CLOSED_REPRESENTATIVE_UNIT_MODULUS_MARGIN,reciprocal,reciprocal,1,4,,holomorphic,plus,0.14567814046641553,0.2491081356420761,0.0,0.14093889676396373,0.14567814046641553,0.0016483239776893723,2.3965705936607455,True,True
5457,E01__U017__TOP__MINIMUM_CERTIFIED_OUTER_GAP,x12_t25,12,25,0.7590075545063255,0.7603931369621564,0.78125,0.8125,0.0175,0.02,-1e-06,1e-06,CLOSED_REPRESENTATIVE_UNIT_MODULUS_MARGIN,reciprocal,reciprocal,2,4,,holomorphic,plus,0.14567812560638405,0.2491081107322062,0.0,0.14093889676396373,0.14567812560638405,0.00164832413911344,2.396570349212161,True,True
5457,E01__U017__TOP__MINIMUM_CERTIFIED_OUTER_GAP,x12_t25,12,25,0.7590075545063255,0.7603931369621564,0.78125,0.8125,0.0175,0.02,-1e-06,1e-06,CLOSED_REPRESENTATIVE_UNIT_MODULUS_MARGIN,reciprocal,reciprocal,3,4,,holomorphic,plus,0.14567812250020779,0.24910811384728573,0.0,0.14093889676396373,0.14567812250020779,0.0016483236968385018,2.3965703492656214,True,True
5457,E01__U017__TOP__MINIMUM_CERTIFIED_OUTER_GAP,x12_t26,12,26,0.7590075545063255,0.7603931369621564,0.8125,0.84375,0.0175,0.02,-1e-06,1e-06,CLOSED_REPRESENTATIVE_UNIT_MODULUS_MARGIN,reciprocal,reciprocal,0,4,,holomorphic,plus,0.13053446963587123,0.24124299134661537,0.0,0.1274514053791551,0.13053446963587123,0.0006913648016150427,2.3965705937142054,True,True
5457,E01__U017__TOP__MINIMUM_CERTIFIED_OUTER_GAP,x12_t26,12,26,0.7590075545063255,0.7603931369621564,0.8125,0.84375,0.0175,0.02,-1e-06,1e-06,CLOSED_REPRESENTATIVE_UNIT_MODULUS_MARGIN,reciprocal,reciprocal,1,4,,holomorphic,plus,0.13053447316585062,0.24124298780833506,0.0,0.1274514053791551,0.13053447316585062,0.0006913652948346452,2.3965705936607455,True,True
5457,E01__U017__TOP__MINIMUM_CERTIFIED_OUTER_GAP,x12_t26,12,26,0.7590075545063255,0.7603931369621564,0.8125,0.84375,0.0175,0.02,-1e-06,1e-06,CLOSED_REPRESENTATIVE_UNIT_MODULUS_MARGIN,reciprocal,reciprocal,2,4,,holomorphic,plus,0.13053445985036374,0.24124296368507714,0.0,0.1274514053791551,0.13053445985036374,0.000691365362463134,2.396570349212161,True,True
5457,E01__U017__TOP__MINIMUM_CERTIFIED_OUTER_GAP,x12_t26,12,26,0.7590075545063255,0.7603931369621564,0.8125,0.84375,0.0175,0.02,-1e-06,1e-06,CLOSED_REPRESENTATIVE_UNIT_MODULUS_MARGIN,reciprocal,reciprocal,3,4,,holomorphic,plus,0.13053445632038432,0.24124296722335745,0.0,0.1274514053791551,0.13053445632038432,0.0006913648692434329,2.3965703492656214,True,True
5457,E01__U017__TOP__MINIMUM_CERTIFIED_OUTER_GAP,x12_t27,12,27,0.7590075545063255,0.7603931369621564,0.84375,0.875,0.0175,0.02,-1e-06,1e-06,CLOSED_REPRESENTATIVE_UNIT_MODULUS_MARGIN,reciprocal,reciprocal,0,4,,holomorphic,plus,0.11459792133709024,0.23436521278343347,0.0,0.11323766527857393,0.11459792133709024,0.0,2.3965705937142054,True,True
5457,E01__U017__TOP__MINIMUM_CERTIFIED_OUTER_GAP,x12_t27,12,27,0.7590075545063255,0.7603931369621564,0.84375,0.875,0.0175,0.02,-1e-06,1e-06,CLOSED_REPRESENTATIVE_UNIT_MODULUS_MARGIN,reciprocal,reciprocal,1,4,,holomorphic,plus,0.11459792538755643,0.23436520872396616,0.0,0.11323766527857393,0.11459792538755643,0.0,2.3965705936607455,True,True
5457,E01__U017__TOP__MINIMUM_CERTIFIED_OUTER_GAP,x12_t27,12,27,0.7590075545063255,0.7603931369621564,0.84375,0.875,0.0175,0.02,-1e-06,1e-06,CLOSED_REPRESENTATIVE_UNIT_MODULUS_MARGIN,reciprocal,reciprocal,2,4,,holomorphic,plus,0.1145979136974649,0.23436518528860578,0.0,0.11323766527857393,0.1145979136974649,0.0,2.396570349212161,True,True
5457,E01__U017__TOP__MINIMUM_CERTIFIED_OUTER_GAP,x12_t27,12,27,0.7590075545063255,0.7603931369621564,0.84375,0.875,0.0175,0.02,-1e-06,1e-06,CLOSED_REPRESENTATIVE_UNIT_MODULUS_MARGIN,reciprocal,reciprocal,3,4,,holomorphic,plus,0.1145979096469987,0.23436518934807313,0.0,0.11323766527857393,0.1145979096469987,0.0,2.3965703492656214,True,True
5457,E01__U017__TOP__MINIMUM_CERTIFIED_OUTER_GAP,x12_t28,12,28,0.7590075545063255,0.7603931369621564,0.875,0.90625,0.0175,0.02,-1e-06,1e-06,CLOSED_REPRESENTATIVE_UNIT_MODULUS_MARGIN,reciprocal,reciprocal,0,4,,minus,minus,0.09801294253117011,0.1928061567174095,0.0,0.09801294253117011,0.0977682095853438,0.0,2.3965705937142054,True,True
5457,E01__U017__TOP__MINIMUM_CERTIFIED_OUTER_GAP,x12_t28,12,28,0.7590075545063255,0.7603931369621564,0.875,0.90625,0.0175,0.02,-1e-06,1e-06,CLOSED_REPRESENTATIVE_UNIT_MODULUS_MARGIN,reciprocal,reciprocal,1,4,,minus,minus,0.09801294253117011,0.1928061567174095,0.0,0.09801294253117011,0.097768214282886,0.0,2.3965705936607455,True,True
5457,E01__U017__TOP__MINIMUM_CERTIFIED_OUTER_GAP,x12_t28,12,28,0.7590075545063255,0.7603931369621564,0.875,0.90625,0.0175,0.02,-1e-06,1e-06,CLOSED_REPRESENTATIVE_UNIT_MODULUS_MARGIN,reciprocal,reciprocal,2,4,,minus,minus,0.09801294253117011,0.1928061567174095,0.0,0.09801294253117011,0.09776820430926239,0.0,2.396570349212161,True,True
5457,E01__U017__TOP__MINIMUM_CERTIFIED_OUTER_GAP,x12_t28,12,28,0.7590075545063255,0.7603931369621564,0.875,0.90625,0.0175,0.02,-1e-06,1e-06,CLOSED_REPRESENTATIVE_UNIT_MODULUS_MARGIN,reciprocal,reciprocal,3,4,,minus,minus,0.09801294253117011,0.1928061567174095,0.0,0.09801294253117011,0.09776819961172019,0.0,2.3965703492656214,True,True
5457,E01__U017__TOP__MINIMUM_CERTIFIED_OUTER_GAP,x12_t29,12,29,0.7590075545063255,0.7603931369621564,0.90625,0.9375,0.0175,0.02,-1e-06,1e-06,CLOSED_REPRESENTATIVE_UNIT_MODULUS_MARGIN,reciprocal,reciprocal,0,4,,minus,minus,0.08135669582308037,0.18948257240651895,0.0,0.08135669582308037,0.07971021529715999,0.0,2.3965705937142054,True,True
5457,E01__U017__TOP__MINIMUM_CERTIFIED_OUTER_GAP,x12_t29,12,29,0.7590075545063255,0.7603931369621564,0.90625,0.9375,0.0175,0.02,-1e-06,1e-06,CLOSED_REPRESENTATIVE_UNIT_MODULUS_MARGIN,reciprocal,reciprocal,1,4,,minus,minus,0.08135669582308037,0.18948257240651895,0.0,0.08135669582308037,0.07971022080815932,0.0,2.3965705936607455,True,True
5457,E01__U017__TOP__MINIMUM_CERTIFIED_OUTER_GAP,x12_t29,12,29,0.7590075545063255,0.7603931369621564,0.90625,0.9375,0.0175,0.02,-1e-06,1e-06,CLOSED_REPRESENTATIVE_UNIT_MODULUS_MARGIN,reciprocal,reciprocal,2,4,,minus,minus,0.08135669582308037,0.18948257240651895,0.0,0.08135669582308037,0.07971021267624895,0.0,2.396570349212161,True,True
5457,E01__U017__TOP__MINIMUM_CERTIFIED_OUTER_GAP,x12_t29,12,29,0.7590075545063255,0.7603931369621564,0.90625,0.9375,0.0175,0.02,-1e-06,1e-06,CLOSED_REPRESENTATIVE_UNIT_MODULUS_MARGIN,reciprocal,reciprocal,3,4,,minus,minus,0.08135669582308037,0.18948257240651895,0.0,0.08135669582308037,0.07971020716524962,0.0,2.3965703492656214,True,True
5457,E01__U017__TOP__MINIMUM_CERTIFIED_OUTER_GAP,x12_t30,12,30,0.7590075545063255,0.7603931369621564,0.9375,0.96875,0.0175,0.02,-1e-06,1e-06,CLOSED_REPRESENTATIVE_UNIT_MODULUS_MARGIN,reciprocal,reciprocal,0,4,,minus,minus,0.06264695653794265,0.18862415937972835,0.0,0.06264695653794265,0.05992081001869623,0.0,2.3965705937142054,True,True
5457,E01__U017__TOP__MINIMUM_CERTIFIED_OUTER_GAP,x12_t30,12,30,0.7590075545063255,0.7603931369621564,0.9375,0.96875,0.0175,0.02,-1e-06,1e-06,CLOSED_REPRESENTATIVE_UNIT_MODULUS_MARGIN,reciprocal,reciprocal,1,4,,minus,minus,0.06264695653794265,0.18862415937972835,0.0,0.06264695653794265,0.05992081655509356,0.0,2.3965705936607455,True,True
5457,E01__U017__TOP__MINIMUM_CERTIFIED_OUTER_GAP,x12_t30,12,30,0.7590075545063255,0.7603931369621564,0.9375,0.96875,0.0175,0.02,-1e-06,1e-06,CLOSED_REPRESENTATIVE_UNIT_MODULUS_MARGIN,reciprocal,reciprocal,2,4,,minus,minus,0.06264695653794265,0.18862415937972835,0.0,0.06264695653794265,0.05992081044145031,0.0,2.396570349212161,True,True
5457,E01__U017__TOP__MINIMUM_CERTIFIED_OUTER_GAP,x12_t30,12,30,0.7590075545063255,0.7603931369621564,0.9375,0.96875,0.0175,0.02,-1e-06,1e-06,CLOSED_REPRESENTATIVE_UNIT_MODULUS_MARGIN,reciprocal,reciprocal,3,4,,minus,minus,0.06264695653794265,0.18862415937972835,0.0,0.06264695653794265,0.05992080390505297,0.0,2.3965703492656214,True,True
5457,E01__U017__TOP__MINIMUM_CERTIFIED_OUTER_GAP,x12_t31,12,31,0.7590075545063255,0.7603931369621564,0.96875,1.0,0.0175,0.02,-1e-06,1e-06,CLOSED_REPRESENTATIVE_UNIT_MODULUS_MARGIN,reciprocal,reciprocal,0,4,,minus,minus,0.041082991876095196,0.191300915517762,0.0,0.041082991876095196,0.03766757768060967,0.0,2.3965705937142054,True,True
5457,E01__U017__TOP__MINIMUM_CERTIFIED_OUTER_GAP,x12_t31,12,31,0.7590075545063255,0.7603931369621564,0.96875,1.0,0.0175,0.02,-1e-06,1e-06,CLOSED_REPRESENTATIVE_UNIT_MODULUS_MARGIN,reciprocal,reciprocal,1,4,,minus,minus,0.041082991876095196,0.191300915517762,0.0,0.041082991876095196,0.03766758544710278,0.0,2.3965705936607455,True,True
5457,E01__U017__TOP__MINIMUM_CERTIFIED_OUTER_GAP,x12_t31,12,31,0.7590075545063255,0.7603931369621564,0.96875,1.0,0.0175,0.02,-1e-06,1e-06,CLOSED_REPRESENTATIVE_UNIT_MODULUS_MARGIN,reciprocal,reciprocal,2,4,,minus,minus,0.041082991876095196,0.191300915517762,0.0,0.041082991876095196,0.03766758160299032,0.0,2.396570349212161,True,True
5457,E01__U017__TOP__MINIMUM_CERTIFIED_OUTER_GAP,x12_t31,12,31,0.7590075545063255,0.7603931369621564,0.96875,1.0,0.0175,0.02,-1e-06,1e-06,CLOSED_REPRESENTATIVE_UNIT_MODULUS_MARGIN,reciprocal,reciprocal,3,4,,minus,minus,0.041082991876095196,0.191300915517762,0.0,0.041082991876095196,0.03766757383649721,0.0,2.3965703492656214,True,True
5457,E01__U017__TOP__MINIMUM_CERTIFIED_OUTER_GAP,x13_t00,13,0,0.7603931369621564,0.7617787194179874,0.0,0.03125,0.0175,0.02,-1e-06,1e-06,CLOSED_REPRESENTATIVE_UNIT_MODULUS_MARGIN,reciprocal,reciprocal,0,4,,holomorphic,plus,0.4673655866337685,0.5167507220724051,0.0036397347956411137,0.4261293651191997,0.4673655866337685,0.003212766992214032,2.4043150548107706,True,True
5457,E01__U017__TOP__MINIMUM_CERTIFIED_OUTER_GAP,x13_t00,13,0,0.7603931369621564,0.7617787194179874,0.0,0.03125,0.0175,0.02,-1e-06,1e-06,CLOSED_REPRESENTATIVE_UNIT_MODULUS_MARGIN,reciprocal,reciprocal,1,4,,holomorphic,plus,0.46736558712085347,0.5167507215619702,0.0036397347956411137,0.4261293651191997,0.46736558712085347,0.0032127673900285312,2.4043150547571313,True,True
5457,E01__U017__TOP__MINIMUM_CERTIFIED_OUTER_GAP,x13_t00,13,0,0.7603931369621564,0.7617787194179874,0.0,0.03125,0.0175,0.02,-1e-06,1e-06,CLOSED_REPRESENTATIVE_UNIT_MODULUS_MARGIN,reciprocal,reciprocal,2,4,,holomorphic,plus,0.46736553944394044,0.5167506698872418,0.0036397347956411137,0.4261293651191997,0.46736553944394044,0.003212767704741962,2.4043148094898363,True,True
5457,E01__U017__TOP__MINIMUM_CERTIFIED_OUTER_GAP,x13_t00,13,0,0.7603931369621564,0.7617787194179874,0.0,0.03125,0.0175,0.02,-1e-06,1e-06,CLOSED_REPRESENTATIVE_UNIT_MODULUS_MARGIN,reciprocal,reciprocal,3,4,,holomorphic,plus,0.4673655389568554,0.5167506703976767,0.0036397347956411137,0.4261293651191997,0.4673655389568554,0.003212767306927383,2.4043148095434757,True,True
5457,E01__U017__TOP__MINIMUM_CERTIFIED_OUTER_GAP,x13_t01,13,1,0.7603931369621564,0.7617787194179874,0.03125,0.0625,0.0175,0.02,-1e-06,1e-06,CLOSED_REPRESENTATIVE_UNIT_MODULUS_MARGIN,reciprocal,reciprocal,0,4,,holomorphic,plus,0.4550983207388787,0.5053616919865316,0.003561709666789888,0.41517783842499867,0.4550983207388787,0.003150760008529472,2.4043150548107706,True,True
5457,E01__U017__TOP__MINIMUM_CERTIFIED_OUTER_GAP,x13_t01,13,1,0.7603931369621564,0.7617787194179874,0.03125,0.0625,0.0175,0.02,-1e-06,1e-06,CLOSED_REPRESENTATIVE_UNIT_MODULUS_MARGIN,reciprocal,reciprocal,1,4,,holomorphic,plus,0.4550983212525984,0.5053616914500195,0.003561709666789888,0.41517783842499867,0.4550983212525984,0.003150760347135685,2.4043150547571313,True,True
5457,E01__U017__TOP__MINIMUM_CERTIFIED_OUTER_GAP,x13_t01,13,1,0.7603931369621564,0.7617787194179874,0.03125,0.0625,0.0175,0.02,-1e-06,1e-06,CLOSED_REPRESENTATIVE_UNIT_MODULUS_MARGIN,reciprocal,reciprocal,2,4,,holomorphic,plus,0.4550982748270787,0.5053616409142001,0.003561709666789888,0.41517783842499867,0.4550982748270787,0.0031507606557882257,2.4043148094898363,True,True
5457,E01__U017__TOP__MINIMUM_CERTIFIED_OUTER_GAP,x13_t01,13,1,0.7603931369621564,0.7617787194179874,0.03125,0.0625,0.0175,0.02,-1e-06,1e-06,CLOSED_REPRESENTATIVE_UNIT_MODULUS_MARGIN,reciprocal,reciprocal,3,4,,holomorphic,plus,0.455098274313359,0.5053616414507123,0.003561709666789888,0.41517783842499867,0.455098274313359,0.0031507603171819455,2.4043148095434757,True,True
5457,E01__U017__TOP__MINIMUM_CERTIFIED_OUTER_GAP,x13_t02,13,2,0.7603931369621564,0.7617787194179874,0.0625,0.09375,0.0175,0.02,-1e-06,1e-06,CLOSED_REPRESENTATIVE_UNIT_MODULUS_MARGIN,reciprocal,reciprocal,0,4,,holomorphic,plus,0.4428101410123184,0.49399065745774373,0.003479264104892909,0.4042147510912119,0.4428101410123184,0.0030855637939820237,2.4043150548107706,True,True
5457,E01__U017__TOP__MINIMUM_CERTIFIED_OUTER_GAP,x13_t02,13,2,0.7603931369621564,0.7617787194179874,0.0625,0.09375,0.0175,0.02,-1e-06,1e-06,CLOSED_REPRESENTATIVE_UNIT_MODULUS_MARGIN,reciprocal,reciprocal,1,4,,holomorphic,plus,0.44281014155451337,0.49399065689331373,0.003479264104892909,0.4042147510912119,0.44281014155451337,0.0030855640747820563,2.4043150547571313,True,True
5457,E01__U017__TOP__MINIMUM_CERTIFIED_OUTER_GAP,x13_t02,13,2,0.7603931369621564,0.7617787194179874,0.0625,0.09375,0.0175,0.02,-1e-06,1e-06,CLOSED_REPRESENTATIVE_UNIT_MODULUS_MARGIN,reciprocal,reciprocal,2,4,,holomorphic,plus,0.4428100963825201,0.4939906074946043,0.003479264104892909,0.4042147510912119,0.4428100963825201,0.003085564377060842,2.4043148094898363,True,True
5457,E01__U017__TOP__MINIMUM_CERTIFIED_OUTER_GAP,x13_t02,13,2,0.7603931369621564,0.7617787194179874,0.0625,0.09375,0.0175,0.02,-1e-06,1e-06,CLOSED_REPRESENTATIVE_UNIT_MODULUS_MARGIN,reciprocal,reciprocal,3,4,,holomorphic,plus,0.44281009584032516,0.49399060805903433,0.003479264104892909,0.4042147510912119,0.44281009584032516,0.003085564096260753,2.4043148095434757,True,True
5457,E01__U017__TOP__MINIMUM_CERTIFIED_OUTER_GAP,x13_t03,13,3,0.7603931369621564,0.7617787194179874,0.09375,0.125,0.0175,0.02,-1e-06,1e-06,CLOSED_REPRESENTATIVE_UNIT_MODULUS_MARGIN,reciprocal,reciprocal,0,4,,holomorphic,plus,0.43049948995175513,0.4826394468524366,0.0033919546467020387,0.3932391295729221,0.43049948995175513,0.0030168880810134513,2.4043150548107706,True,True
5457,E01__U017__TOP__MINIMUM_CERTIFIED_OUTER_GAP,x13_t03,13,3,0.7603931369621564,0.7617787194179874,0.09375,0.125,0.0175,0.02,-1e-06,1e-06,CLOSED_REPRESENTATIVE_UNIT_MODULUS_MARGIN,reciprocal,reciprocal,1,4,,holomorphic,plus,0.4304994905244515,0.4826394462580621,0.0033919546467020387,0.3932391295729221,0.4304994905244515,0.003016888305499292,2.4043150547571313,True,True
5457,E01__U017__TOP__MINIMUM_CERTIFIED_OUTER_GAP,x13_t03,13,3,0.7603931369621564,0.7617787194179874,0.09375,0.125,0.0175,0.02,-1e-06,1e-06,CLOSED_REPRESENTATIVE_UNIT_MODULUS_MARGIN,reciprocal,reciprocal,2,4,,holomorphic,plus,0.4304994466082765,0.48263939799448063,0.0033919546467020387,0.3932391295729221,0.4304994466082765,0.00301688860106299,2.4043148094898363,True,True
5457,E01__U017__TOP__MINIMUM_CERTIFIED_OUTER_GAP,x13_t03,13,3,0.7603931369621564,0.7617787194179874,0.09375,0.125,0.0175,0.02,-1e-06,1e-06,CLOSED_REPRESENTATIVE_UNIT_MODULUS_MARGIN,reciprocal,reciprocal,3,4,,holomorphic,plus,0.4304994460355801,0.4826393985888552,0.0033919546467020387,0.3932391295729221,0.4304994460355801,0.0030168883765771047,2.4043148095434757,True,True
5457,E01__U017__TOP__MINIMUM_CERTIFIED_OUTER_GAP,x13_t04,13,4,0.7603931369621564,0.7617787194179874,0.125,0.15625,0.0175,0.02,-1e-06,1e-06,CLOSED_REPRESENTATIVE_UNIT_MODULUS_MARGIN,reciprocal,reciprocal,0,4,,holomorphic,plus,0.41816481136798644,0.4713099434266912,0.003299268305191103,0.38224992974304645,0.41816481136798644,0.0029444006727947373,2.4043150548107706,True,True
5457,E01__U017__TOP__MINIMUM_CERTIFIED_OUTER_GAP,x13_t04,13,4,0.7603931369621564,0.7617787194179874,0.125,0.15625,0.0175,0.02,-1e-06,1e-06,CLOSED_REPRESENTATIVE_UNIT_MODULUS_MARGIN,reciprocal,reciprocal,1,4,,holomorphic,plus,0.41816481197342253,0.4713099428001335,0.003299268305191103,0.38224992974304645,0.41816481197342253,0.0029444008425552493,2.4043150547571313,True,True
5457,E01__U017__TOP__MINIMUM_CERTIFIED_OUTER_GAP,x13_t04,13,4,0.7603931369621564,0.7617787194179874,0.125,0.15625,0.0175,0.02,-1e-06,1e-06,CLOSED_REPRESENTATIVE_UNIT_MODULUS_MARGIN,reciprocal,reciprocal,2,4,,holomorphic,plus,0.4181647693155163,0.4713098956695098,0.003299268305191103,0.38224992974304645,0.4181647693155163,0.0029444011310299518,2.4043148094898363,True,True
5457,E01__U017__TOP__MINIMUM_CERTIFIED_OUTER_GAP,x13_t04,13,4,0.7603931369621564,0.7617787194179874,0.125,0.15625,0.0175,0.02,-1e-06,1e-06,CLOSED_REPRESENTATIVE_UNIT_MODULUS_MARGIN,reciprocal,reciprocal,3,4,,holomorphic,plus,0.41816476871008024,0.4713098962960675,0.003299268305191103,0.38224992974304645,0.41816476871008024,0.002944400961269406,2.4043148095434757,True,True
5457,E01__U017__TOP__MINIMUM_CERTIFIED_OUTER_GAP,x13_t05,13,5,0.7603931369621564,0.7617787194179874,0.15625,0.1875,0.0175,0.02,-1e-06,1e-06,CLOSED_REPRESENTATIVE_UNIT_MODULUS_MARGIN,reciprocal,reciprocal,0,4,,holomorphic,plus,0.40580421806853445,0.460004434710892,0.003200614004003785,0.37124590352959963,0.40580421806853445,0.0028677213267063956,2.4043150548107706,True,True
5457,E01__U017__TOP__MINIMUM_CERTIFIED_OUTER_GAP,x13_t05,13,5,0.7603931369621564,0.7617787194179874,0.15625,0.1875,0.0175,0.02,-1e-06,1e-06,CLOSED_REPRESENTATIVE_UNIT_MODULUS_MARGIN,reciprocal,reciprocal,1,4,,holomorphic,plus,0.4058042187091907,0.4600044340496701,0.003200614004003785,0.37124590352959963,0.4058042187091907,0.0028677214434410085,2.4043150547571313,True,True
5457,E01__U017__TOP__MINIMUM_CERTIFIED_OUTER_GAP,x13_t05,13,5,0.7603931369621564,0.7617787194179874,0.15625,0.1875,0.0175,0.02,-1e-06,1e-06,CLOSED_REPRESENTATIVE_UNIT_MODULUS_MARGIN,reciprocal,reciprocal,2,4,,holomorphic,plus,0.4058041773121963,0.46000438804960536,0.003200614004003785,0.37124590352959963,0.4058041773121963,0.0028677217244155204,2.4043148094898363,True,True
5457,E01__U017__TOP__MINIMUM_CERTIFIED_OUTER_GAP,x13_t05,13,5,0.7603931369621564,0.7617787194179874,0.15625,0.1875,0.0175,0.02,-1e-06,1e-06,CLOSED_REPRESENTATIVE_UNIT_MODULUS_MARGIN,reciprocal,reciprocal,3,4,,holomorphic,plus,0.40580417667154006,0.4600043887108272,0.003200614004003785,0.37124590352959963,0.40580417667154006,0.0028677216076808836,2.4043148095434757,True,True
5457,E01__U017__TOP__MINIMUM_CERTIFIED_OUTER_GAP,x13_t06,13,6,0.7603931369621564,0.7617787194179874,0.1875,0.21875,0.0175,0.02,-1e-06,1e-06,CLOSED_REPRESENTATIVE_UNIT_MODULUS_MARGIN,reciprocal,reciprocal,0,4,,holomorphic,plus,0.3934156013178663,0.4487255133245234,0.003095307058237644,0.36022558067564325,0.3934156013178663,0.0027864148766500643,2.4043150548107706,True,True
5457,E01__U017__TOP__MINIMUM_CERTIFIED_OUTER_GAP,x13_t06,13,6,0.7603931369621564,0.7617787194179874,0.1875,0.21875,0.0175,0.02,-1e-06,1e-06,CLOSED_REPRESENTATIVE_UNIT_MODULUS_MARGIN,reciprocal,reciprocal,1,4,,holomorphic,plus,0.39341560199650144,0.448725512625878,0.003095307058237644,0.36022558067564325,0.39341560199650144,0.0027864149421818574,2.4043150547571313,True,True
5457,E01__U017__TOP__MINIMUM_CERTIFIED_OUTER_GAP,x13_t06,13,6,0.7603931369621564,0.7617787194179874,0.1875,0.21875,0.0175,0.02,-1e-06,1e-06,CLOSED_REPRESENTATIVE_UNIT_MODULUS_MARGIN,reciprocal,reciprocal,2,4,,holomorphic,plus,0.3934155618632769,0.448725467753714,0.003095307058237644,0.36022558067564325,0.3934155618632769,0.002786415215202309,2.4043148094898363,True,True
5457,E01__U017__TOP__MINIMUM_CERTIFIED_OUTER_GAP,x13_t06,13,6,0.7603931369621564,0.7617787194179874,0.1875,0.21875,0.0175,0.02,-1e-06,1e-06,CLOSED_REPRESENTATIVE_UNIT_MODULUS_MARGIN,reciprocal,reciprocal,3,4,,holomorphic,plus,0.39341556118464177,0.4487254684523594,0.003095307058237644,0.36022558067564325,0.39341556118464177,0.002786415149670503,2.4043148095434757,True,True
5457,E01__U017__TOP__MINIMUM_CERTIFIED_OUTER_GAP,x13_t07,13,7,0.7603931369621564,0.7617787194179874,0.21875,0.25,0.0175,0.02,-1e-06,1e-06,CLOSED_REPRESENTATIVE_UNIT_MODULUS_MARGIN,reciprocal,reciprocal,0,4,,holomorphic,plus,0.3809965965066035,0.43747612705732347,0.002982549835733223,0.3491872876318858,0.3809965965066035,0.0026999808302973095,2.4043150548107706,True,True
5457,E01__U017__TOP__MINIMUM_CERTIFIED_OUTER_GAP,x13_t07,13,7,0.7603931369621564,0.7617787194179874,0.21875,0.25,0.0175,0.02,-1e-06,1e-06,CLOSED_REPRESENTATIVE_UNIT_MODULUS_MARGIN,reciprocal,reciprocal,1,4,,holomorphic,plus,0.3809965972262959,0.4374761263181752,0.002982549835733223,0.3491872876318858,0.3809965972262959,0.002699980846588226,2.4043150547571313,True,True
5457,E01__U017__TOP__MINIMUM_CERTIFIED_OUTER_GAP,x13_t07,13,7,0.7603931369621564,0.7617787194179874,0.21875,0.25,0.0175,0.02,-1e-06,1e-06,CLOSED_REPRESENTATIVE_UNIT_MODULUS_MARGIN,reciprocal,reciprocal,2,4,,holomorphic,plus,0.38099655835994045,0.4374760825709592,0.002982549835733223,0.3491872876318858,0.38099655835994045,0.0026999811111516714,2.4043148094898363,True,True
5457,E01__U017__TOP__MINIMUM_CERTIFIED_OUTER_GAP,x13_t07,13,7,0.7603931369621564,0.7617787194179874,0.21875,0.25,0.0175,0.02,-1e-06,1e-06,CLOSED_REPRESENTATIVE_UNIT_MODULUS_MARGIN,reciprocal,reciprocal,3,4,,holomorphic,plus,0.38099655764024803,0.4374760833101075,0.002982549835733223,0.3491872876318858,0.38099655764024803,0.002699981094860752,2.4043148095434757,True,True
5457,E01__U017__TOP__MINIMUM_CERTIFIED_OUTER_GAP,x13_t08,13,8,0.7603931369621564,0.7617787194179874,0.25,0.28125,0.0175,0.02,-1e-06,1e-06,CLOSED_REPRESENTATIVE_UNIT_MODULUS_MARGIN,reciprocal,reciprocal,0,4,,holomorphic,plus,0.36854454114840635,0.426259639969766,0.002861407502698111,0.33812915142269034,0.36854454114840635,0.00262532652786753,2.4043150548107706,True,True
5457,E01__U017__TOP__MINIMUM_CERTIFIED_OUTER_GAP,x13_t08,13,8,0.7603931369621564,0.7617787194179874,0.25,0.28125,0.0175,0.02,-1e-06,1e-06,CLOSED_REPRESENTATIVE_UNIT_MODULUS_MARGIN,reciprocal,reciprocal,1,4,,holomorphic,plus,0.36854454191260366,0.4262596391866661,0.002861407502698111,0.33812915142269034,0.36854454191260366,0.0026253265394858344,2.4043150547571313,True,True
5457,E01__U017__TOP__MINIMUM_CERTIFIED_OUTER_GAP,x13_t08,13,8,0.7603931369621564,0.7617787194179874,0.25,0.28125,0.0175,0.02,-1e-06,1e-06,CLOSED_REPRESENTATIVE_UNIT_MODULUS_MARGIN,reciprocal,reciprocal,2,4,,holomorphic,plus,0.368544504316488,0.426259596561109,0.002861407502698111,0.33812915142269034,0.368544504316488,0.0026253267967340744,2.4043148094898363,True,True
5457,E01__U017__TOP__MINIMUM_CERTIFIED_OUTER_GAP,x13_t08,13,8,0.7603931369621564,0.7617787194179874,0.25,0.28125,0.0175,0.02,-1e-06,1e-06,CLOSED_REPRESENTATIVE_UNIT_MODULUS_MARGIN,reciprocal,reciprocal,3,4,,holomorphic,plus,0.3685445035522907,0.4262595973442089,0.002861407502698111,0.33812915142269034,0.3685445035522907,0.0026253267851157674,2.4043148095434757,True,True
5457,E01__U017__TOP__MINIMUM_CERTIFIED_OUTER_GAP,x13_t09,13,9,0.7603931369621564,0.7617787194179874,0.28125,0.3125,0.0175,0.02,-1e-06,1e-06,CLOSED_REPRESENTATIVE_UNIT_MODULUS_MARGIN,reciprocal,reciprocal,0,4,,holomorphic,plus,0.35605642408293936,0.4150799064357773,0.0027490943843496464,0.32704892902770893,0.35605642408293936,0.002616694159311356,2.4043150548107706,True,True
5457,E01__U017__TOP__MINIMUM_CERTIFIED_OUTER_GAP,x13_t09,13,9,0.7603931369621564,0.7617787194179874,0.28125,0.3125,0.0175,0.02,-1e-06,1e-06,CLOSED_REPRESENTATIVE_UNIT_MODULUS_MARGIN,reciprocal,reciprocal,1,4,,holomorphic,plus,0.35605642489551736,0.4150799056048486,0.0027490943843496464,0.32704892902770893,0.35605642489551736,0.0026166941899951955,2.4043150547571313,True,True
5457,E01__U017__TOP__MINIMUM_CERTIFIED_OUTER_GAP,x13_t09,13,9,0.7603931369621564,0.7617787194179874,0.28125,0.3125,0.0175,0.02,-1e-06,1e-06,CLOSED_REPRESENTATIVE_UNIT_MODULUS_MARGIN,reciprocal,reciprocal,2,4,,holomorphic,plus,0.3560563885733193,0.41507986409727593,0.0027490943843496464,0.32704892902770893,0.3560563885733193,0.0026166944463911755,2.4043148094898363,True,True
5457,E01__U017__TOP__MINIMUM_CERTIFIED_OUTER_GAP,x13_t09,13,9,0.7603931369621564,0.7617787194179874,0.28125,0.3125,0.0175,0.02,-1e-06,1e-06,CLOSED_REPRESENTATIVE_UNIT_MODULUS_MARGIN,reciprocal,reciprocal,3,4,,holomorphic,plus,0.3560563877607412,0.4150798649282046,0.0027490943843496464,0.32704892902770893,0.3560563877607412,0.00261669441570733,2.4043148095434757,True,True
5457,E01__U017__TOP__MINIMUM_CERTIFIED_OUTER_GAP,x13_t10,13,10,0.7603931369621564,0.7617787194179874,0.3125,0.34375,0.0175,0.02,-1e-06,1e-06,CLOSED_REPRESENTATIVE_UNIT_MODULUS_MARGIN,reciprocal,reciprocal,0,4,,holomorphic,plus,0.34352882361456255,0.40394136144024584,0.0026762431369568413,0.31594398210719765,0.34352882361456255,0.002667507706601385,2.4043150548107706,True,True
5457,E01__U017__TOP__MINIMUM_CERTIFIED_OUTER_GAP,x13_t10,13,10,0.7603931369621564,0.7617787194179874,0.3125,0.34375,0.0175,0.02,-1e-06,1e-06,CLOSED_REPRESENTATIVE_UNIT_MODULUS_MARGIN,reciprocal,reciprocal,1,4,,holomorphic,plus,0.3435288244798959,0.4039413605571119,0.0026762431369568413,0.31594398210719765,0.3435288244798959,0.002667507757182851,2.4043150547571313,True,True
5457,E01__U017__TOP__MINIMUM_CERTIFIED_OUTER_GAP,x13_t10,13,10,0.7603931369621564,0.7617787194179874,0.3125,0.34375,0.0175,0.02,-1e-06,1e-06,CLOSED_REPRESENTATIVE_UNIT_MODULUS_MARGIN,reciprocal,reciprocal,2,4,,holomorphic,plus,0.34352878943564213,0.4039413201634057,0.0026762431369568413,0.31594398210719765,0.34352878943564213,0.002667508018551684,2.4043148094898363,True,True
5457,E01__U017__TOP__MINIMUM_CERTIFIED_OUTER_GAP,x13_t10,13,10,0.7603931369621564,0.7617787194179874,0.3125,0.34375,0.0175,0.02,-1e-06,1e-06,CLOSED_REPRESENTATIVE_UNIT_MODULUS_MARGIN,reciprocal,reciprocal,3,4,,holomorphic,plus,0.3435287885703088,0.40394132104653974,0.0026762431369568413,0.31594398210719765,0.3435287885703088,0.002667507967970208,2.4043148095434757,True,True
5457,E01__U017__TOP__MINIMUM_CERTIFIED_OUTER_GAP,x13_t11,13,11,0.7603931369621564,0.7617787194179874,0.34375,0.375,0.0175,0.02,-1e-06,1e-06,CLOSED_REPRESENTATIVE_UNIT_MODULUS_MARGIN,reciprocal,reciprocal,0,4,,holomorphic,plus,0.3309578316094519,0.39284913145302586,0.0026284961060760786,0.30481118500276316,0.3309578316094519,0.002762276192894583,2.4043150548107706,True,True
5457,E01__U017__TOP__MINIMUM_CERTIFIED_OUTER_GAP,x13_t11,13,11,0.7603931369621564,0.7617787194179874,0.34375,0.375,0.0175,0.02,-1e-06,1e-06,CLOSED_REPRESENTATIVE_UNIT_MODULUS_MARGIN,reciprocal,reciprocal,1,4,,holomorphic,plus,0.33095783253249994,0.39284913051272496,0.0026284961060760786,0.30481118500276316,0.33095783253249994,0.002762276263407653,2.4043150547571313,True,True
5457,E01__U017__TOP__MINIMUM_CERTIFIED_OUTER_GAP,x13_t11,13,11,0.7603931369621564,0.7617787194179874,0.34375,0.375,0.0175,0.02,-1e-06,1e-06,CLOSED_REPRESENTATIVE_UNIT_MODULUS_MARGIN,reciprocal,reciprocal,2,4,,holomorphic,plus,0.3309577987706157,0.39284909122825507,0.0026284961060760786,0.30481118500276316,0.3309577987706157,0.0027622765340567608,2.4043148094898363,True,True
5457,E01__U017__TOP__MINIMUM_CERTIFIED_OUTER_GAP,x13_t11,13,11,0.7603931369621564,0.7617787194179874,0.34375,0.375,0.0175,0.02,-1e-06,1e-06,CLOSED_REPRESENTATIVE_UNIT_MODULUS_MARGIN,reciprocal,reciprocal,3,4,,holomorphic,plus,0.3309577978475677,0.39284909216855596,0.0026284961060760786,0.30481118500276316,0.3309577978475677,0.0027622764635436762,2.4043148095434757,True,True
5457,E01__U017__TOP__MINIMUM_CERTIFIED_OUTER_GAP,x13_t12,13,12,0.7603931369621564,0.7617787194179874,0.375,0.40625,0.0175,0.02,-1e-06,1e-06,CLOSED_REPRESENTATIVE_UNIT_MODULUS_MARGIN,reciprocal,reciprocal,0,4,,holomorphic,plus,0.3183389596058746,0.38180917157172334,0.0025877042331543436,0.29364680652932956,0.3183389596058746,0.0028843154141111656,2.4043150548107706,True,True
5457,E01__U017__TOP__MINIMUM_CERTIFIED_OUTER_GAP,x13_t12,13,12,0.7603931369621564,0.7617787194179874,0.375,0.40625,0.0175,0.02,-1e-06,1e-06,CLOSED_REPRESENTATIVE_UNIT_MODULUS_MARGIN,reciprocal,reciprocal,1,4,,holomorphic,plus,0.31833896059228534,0.38180917056860464,0.0025877042331543436,0.29364680652932956,0.31833896059228534,0.0028843155043208456,2.4043150547571313,True,True
5457,E01__U017__TOP__MINIMUM_CERTIFIED_OUTER_GAP,x13_t12,13,12,0.7603931369621564,0.7617787194179874,0.375,0.40625,0.0175,0.02,-1e-06,1e-06,CLOSED_REPRESENTATIVE_UNIT_MODULUS_MARGIN,reciprocal,reciprocal,2,4,,holomorphic,plus,0.31833892811765363,0.38180913238814523,0.0025877042331543436,0.29364680652932956,0.31833892811765363,0.002884315786922842,2.4043148094898363,True,True
5457,E01__U017__TOP__MINIMUM_CERTIFIED_OUTER_GAP,x13_t12,13,12,0.7603931369621564,0.7617787194179874,0.375,0.40625,0.0175,0.02,-1e-06,1e-06,CLOSED_REPRESENTATIVE_UNIT_MODULUS_MARGIN,reciprocal,reciprocal,3,4,,holomorphic,plus,0.3183389271312429,0.38180913339126393,0.0025877042331543436,0.29364680652932956,0.3183389271312429,0.002884315696713144,2.4043148095434757,True,True
5457,E01__U017__TOP__MINIMUM_CERTIFIED_OUTER_GAP,x13_t13,13,13,0.7603931369621564,0.7617787194179874,0.40625,0.4375,0.0175,0.02,-1e-06,1e-06,CLOSED_REPRESENTATIVE_UNIT_MODULUS_MARGIN,reciprocal,reciprocal,0,4,,holomorphic,plus,0.30566702165058623,0.3708284365081741,0.0025346489380228356,0.2824463567466681,0.30566702165058623,0.00301787921345311,2.4043150548107706,True,True
5457,E01__U017__TOP__MINIMUM_CERTIFIED_OUTER_GAP,x13_t13,13,13,0.7603931369621564,0.7617787194179874,0.40625,0.4375,0.0175,0.02,-1e-06,1e-06,CLOSED_REPRESENTATIVE_UNIT_MODULUS_MARGIN,reciprocal,reciprocal,1,4,,holomorphic,plus,0.30566702270682405,0.3708284354357697,0.0025346489380228356,0.2824463567466681,0.30566702270682405,0.003017879323293607,2.4043150547571313,True,True
5457,E01__U017__TOP__MINIMUM_CERTIFIED_OUTER_GAP,x13_t13,13,13,0.7603931369621564,0.7617787194179874,0.40625,0.4375,0.0175,0.02,-1e-06,1e-06,CLOSED_REPRESENTATIVE_UNIT_MODULUS_MARGIN,reciprocal,reciprocal,2,4,,holomorphic,plus,0.30566699152485666,0.3708283983533998,0.0025346489380228356,0.2824463567466681,0.30566699152485666,0.0030178796189780726,2.4043148094898363,True,True
5457,E01__U017__TOP__MINIMUM_CERTIFIED_OUTER_GAP,x13_t13,13,13,0.7603931369621564,0.7617787194179874,0.40625,0.4375,0.0175,0.02,-1e-06,1e-06,CLOSED_REPRESENTATIVE_UNIT_MODULUS_MARGIN,reciprocal,reciprocal,3,4,,holomorphic,plus,0.3056669904686189,0.37082839942580426,0.0025346489380228356,0.2824463567466681,0.3056669904686189,0.003017879509137554,2.4043148095434757,True,True
5457,E01__U017__TOP__MINIMUM_CERTIFIED_OUTER_GAP,x13_t14,13,14,0.7603931369621564,0.7617787194179874,0.4375,0.46875,0.0175,0.02,-1e-06,1e-06,CLOSED_REPRESENTATIVE_UNIT_MODULUS_MARGIN,reciprocal,reciprocal,0,4,,holomorphic,plus,0.29293598668998755,0.3599150956110043,0.0024498022040017674,0.2712043864795795,0.29293598668998755,0.0031490140262185,2.4043150548107706,True,True
5457,E01__U017__TOP__MINIMUM_CERTIFIED_OUTER_GAP,x13_t14,13,14,0.7603931369621564,0.7617787194179874,0.4375,0.46875,0.0175,0.02,-1e-06,1e-06,CLOSED_REPRESENTATIVE_UNIT_MODULUS_MARGIN,reciprocal,reciprocal,1,4,,holomorphic,plus,0.2929359878234905,0.3599150944618716,0.0024498022040017674,0.2712043864795795,0.2929359878234905,0.0031490141560591516,2.4043150547571313,True,True
5457,E01__U017__TOP__MINIMUM_CERTIFIED_OUTER_GAP,x13_t14,13,14,0.7603931369621564,0.7617787194179874,0.4375,0.46875,0.0175,0.02,-1e-06,1e-06,CLOSED_REPRESENTATIVE_UNIT_MODULUS_MARGIN,reciprocal,reciprocal,2,4,,holomorphic,plus,0.29293595794021426,0.3599150584708535,0.0024498022040017674,0.2712043864795795,0.29293595794021426,0.003149014464588217,2.4043148094898363,True,True
5457,E01__U017__TOP__MINIMUM_CERTIFIED_OUTER_GAP,x13_t14,13,14,0.7603931369621564,0.7617787194179874,0.4375,0.46875,0.0175,0.02,-1e-06,1e-06,CLOSED_REPRESENTATIVE_UNIT_MODULUS_MARGIN,reciprocal,reciprocal,3,4,,holomorphic,plus,0.2929359568067113,0.35991505961998627,0.0024498022040017674,0.2712043864795795,0.2929359568067113,0.003149014334747539,2.4043148095434757,True,True
5457,E01__U017__TOP__MINIMUM_CERTIFIED_OUTER_GAP,x13_t15,13,15,0.7603931369621564,0.7617787194179874,0.46875,0.5,0.0175,0.02,-1e-06,1e-06,CLOSED_REPRESENTATIVE_UNIT_MODULUS_MARGIN,reciprocal,reciprocal,0,4,,holomorphic,plus,0.28013879066100666,0.34907880580354955,0.0023133347877714013,0.25991422243020834,0.28013879066100666,0.003265523097904653,2.4043150548107706,True,True
5457,E01__U017__TOP__MINIMUM_CERTIFIED_OUTER_GAP,x13_t15,13,15,0.7603931369621564,0.7617787194179874,0.46875,0.5,0.0175,0.02,-1e-06,1e-06,CLOSED_REPRESENTATIVE_UNIT_MODULUS_MARGIN,reciprocal,reciprocal,1,4,,holomorphic,plus,0.28013879188038243,0.34907880456907536,0.0023133347877714013,0.25991422243020834,0.28013879188038243,0.003265523248690166,2.4043150547571313,True,True
5457,E01__U017__TOP__MINIMUM_CERTIFIED_OUTER_GAP,x13_t15,13,15,0.7603931369621564,0.7617787194179874,0.46875,0.5,0.0175,0.02,-1e-06,1e-06,CLOSED_REPRESENTATIVE_UNIT_MODULUS_MARGIN,reciprocal,reciprocal,2,4,,holomorphic,plus,0.28013876330254456,0.349078769661706,0.0023133347877714013,0.25991422243020834,0.28013876330254456,0.0032655235686306293,2.4043148094898363,True,True
5457,E01__U017__TOP__MINIMUM_CERTIFIED_OUTER_GAP,x13_t15,13,15,0.7603931369621564,0.7617787194179874,0.46875,0.5,0.0175,0.02,-1e-06,1e-06,CLOSED_REPRESENTATIVE_UNIT_MODULUS_MARGIN,reciprocal,reciprocal,3,4,,holomorphic,plus,0.2801387620831688,0.34907877089618017,0.0023133347877714013,0.25991422243020834,0.2801387620831688,0.0032655234178450864,2.4043148095434757,True,True
5457,E01__U017__TOP__MINIMUM_CERTIFIED_OUTER_GAP,x13_t16,13,16,0.7603931369621564,0.7617787194179874,0.5,0.53125,0.0175,0.02,-1e-06,1e-06,CLOSED_REPRESENTATIVE_UNIT_MODULUS_MARGIN,reciprocal,reciprocal,0,4,,holomorphic,plus,0.2672670945469368,0.33833106158281595,0.002104548365327208,0.24856761355123144,0.2672670945469368,0.003356531075431634,2.4043150548107706,True,True
5457,E01__U017__TOP__MINIMUM_CERTIFIED_OUTER_GAP,x13_t16,13,16,0.7603931369621564,0.7617787194179874,0.5,0.53125,0.0175,0.02,-1e-06,1e-06,CLOSED_REPRESENTATIVE_UNIT_MODULUS_MARGIN,reciprocal,reciprocal,1,4,,holomorphic,plus,0.26726709586220787,0.3383310602529713,0.002104548365327208,0.24856761355123144,0.26726709586220787,0.0033565312487672722,2.4043150547571313,True,True
5457,E01__U017__TOP__MINIMUM_CERTIFIED_OUTER_GAP,x13_t16,13,16,0.7603931369621564,0.7617787194179874,0.5,0.53125,0.0175,0.02,-1e-06,1e-06,CLOSED_REPRESENTATIVE_UNIT_MODULUS_MARGIN,reciprocal,reciprocal,2,4,,holomorphic,plus,0.2672670685974058,0.33833102642039836,0.002104548365327208,0.24856761355123144,0.2672670685974058,0.0033565315776200744,2.4043148094898363,True,True
5457,E01__U017__TOP__MINIMUM_CERTIFIED_OUTER_GAP,x13_t16,13,16,0.7603931369621564,0.7617787194179874,0.5,0.53125,0.0175,0.02,-1e-06,1e-06,CLOSED_REPRESENTATIVE_UNIT_MODULUS_MARGIN,reciprocal,reciprocal,3,4,,holomorphic,plus,0.26726706728213473,0.33833102775024304,0.002104548365327208,0.24856761355123144,0.26726706728213473,0.0033565314042844014,2.4043148095434757,True,True
5457,E01__U017__TOP__MINIMUM_CERTIFIED_OUTER_GAP,x13_t17,13,17,0.7603931369621564,0.7617787194179874,0.53125,0.5625,0.0175,0.02,-1e-06,1e-06,CLOSED_REPRESENTATIVE_UNIT_MODULUS_MARGIN,reciprocal,reciprocal,0,4,,holomorphic,plus,0.2543109689643355,0.3276856488615717,0.0018009117946158292,0.23715425377794408,0.2543109689643355,0.0034119663052228776,2.4043150548107706,True,True
5457,E01__U017__TOP__MINIMUM_CERTIFIED_OUTER_GAP,x13_t17,13,17,0.7603931369621564,0.7617787194179874,0.53125,0.5625,0.0175,0.02,-1e-06,1e-06,CLOSED_REPRESENTATIVE_UNIT_MODULUS_MARGIN,reciprocal,reciprocal,1,4,,holomorphic,plus,0.2543109703872499,0.327685647424601,0.0018009117946158292,0.23715425377794408,0.2543109703872499,0.0034119665034554347,2.4043150547571313,True,True
5457,E01__U017__TOP__MINIMUM_CERTIFIED_OUTER_GAP,x13_t17,13,17,0.7603931369621564,0.7617787194179874,0.53125,0.5625,0.0175,0.02,-1e-06,1e-06,CLOSED_REPRESENTATIVE_UNIT_MODULUS_MARGIN,reciprocal,reciprocal,2,4,,holomorphic,plus,0.2543109444440937,0.32768561465659407,0.0018009117946158292,0.23715425377794408,0.2543109444440937,0.0034119668377344025,2.4043148094898363,True,True
5457,E01__U017__TOP__MINIMUM_CERTIFIED_OUTER_GAP,x13_t17,13,17,0.7603931369621564,0.7617787194179874,0.53125,0.5625,0.0175,0.02,-1e-06,1e-06,CLOSED_REPRESENTATIVE_UNIT_MODULUS_MARGIN,reciprocal,reciprocal,3,4,,holomorphic,plus,0.2543109430211793,0.3276856160935647,0.0018009117946158292,0.23715425377794408,0.2543109430211793,0.0034119666395018055,2.4043148095434757,True,True
5457,E01__U017__TOP__MINIMUM_CERTIFIED_OUTER_GAP,x13_t18,13,18,0.7603931369621564,0.7617787194179874,0.5625,0.59375,0.0175,0.02,-1e-06,1e-06,CLOSED_REPRESENTATIVE_UNIT_MODULUS_MARGIN,reciprocal,reciprocal,0,4,,holomorphic,plus,0.24125847733234237,0.3171592406880455,0.0013768006050522673,0.22566113046147473,0.24125847733234237,0.003422124412977058,2.4043150548107706,True,True
5457,E01__U017__TOP__MINIMUM_CERTIFIED_OUTER_GAP,x13_t18,13,18,0.7603931369621564,0.7617787194179874,0.5625,0.59375,0.0175,0.02,-1e-06,1e-06,CLOSED_REPRESENTATIVE_UNIT_MODULUS_MARGIN,reciprocal,reciprocal,1,4,,holomorphic,plus,0.24125847887677027,0.31715923913007066,0.0013768006050522673,0.22566113046147473,0.24125847887677027,0.003422124639298023,2.4043150547571313,True,True
5457,E01__U017__TOP__MINIMUM_CERTIFIED_OUTER_GAP,x13_t18,13,18,0.7603931369621564,0.7617787194179874,0.5625,0.59375,0.0175,0.02,-1e-06,1e-06,CLOSED_REPRESENTATIVE_UNIT_MODULUS_MARGIN,reciprocal,reciprocal,2,4,,holomorphic,plus,0.241258454265087,0.3171592074147324,0.0013768006050522673,0.22566113046147473,0.241258454265087,0.0034221249745658446,2.4043148094898363,True,True
5457,E01__U017__TOP__MINIMUM_CERTIFIED_OUTER_GAP,x13_t18,13,18,0.7603931369621564,0.7617787194179874,0.5625,0.59375,0.0175,0.02,-1e-06,1e-06,CLOSED_REPRESENTATIVE_UNIT_MODULUS_MARGIN,reciprocal,reciprocal,3,4,,holomorphic,plus,0.2412584527206591,0.3171592089727073,0.0013768006050522673,0.22566113046147473,0.2412584527206591,0.0034221247482448345,2.4043148095434757,True,True
5457,E01__U017__TOP__MINIMUM_CERTIFIED_OUTER_GAP,x13_t19,13,19,0.7603931369621564,0.7617787194179874,0.59375,0.625,0.0175,0.02,-1e-06,1e-06,CLOSED_REPRESENTATIVE_UNIT_MODULUS_MARGIN,reciprocal,reciprocal,0,4,,holomorphic,plus,0.228095116724759,0.30677218974491016,0.000802106868696556,0.21407162408668748,0.228095116724759,0.00337742881053702,2.4043150548107706,True,True
5457,E01__U017__TOP__MINIMUM_CERTIFIED_OUTER_GAP,x13_t19,13,19,0.7603931369621564,0.7617787194179874,0.59375,0.625,0.0175,0.02,-1e-06,1e-06,CLOSED_REPRESENTATIVE_UNIT_MODULUS_MARGIN,reciprocal,reciprocal,1,4,,holomorphic,plus,0.22809511840720437,0.30677218804941986,0.000802106868696556,0.21407162408668748,0.22809511840720437,0.0033774290691096754,2.4043150547571313,True,True
5457,E01__U017__TOP__MINIMUM_CERTIFIED_OUTER_GAP,x13_t19,13,19,0.7603931369621564,0.7617787194179874,0.59375,0.625,0.0175,0.02,-1e-06,1e-06,CLOSED_REPRESENTATIVE_UNIT_MODULUS_MARGIN,reciprocal,reciprocal,2,4,,holomorphic,plus,0.22809509513830012,0.30677215737281843,0.000802106868696556,0.21407162408668748,0.22809509513830012,0.0033774293999903992,2.4043148094898363,True,True
5457,E01__U017__TOP__MINIMUM_CERTIFIED_OUTER_GAP,x13_t19,13,19,0.7603931369621564,0.7617787194179874,0.59375,0.625,0.0175,0.02,-1e-06,1e-06,CLOSED_REPRESENTATIVE_UNIT_MODULUS_MARGIN,reciprocal,reciprocal,3,4,,holomorphic,plus,0.22809509345585474,0.3067721590683087,0.000802106868696556,0.21407162408668748,0.22809509345585474,0.003377429141417692,2.4043148095434757,True,True
5457,E01__U017__TOP__MINIMUM_CERTIFIED_OUTER_GAP,x13_t20,13,20,0.7603931369621564,0.7617787194179874,0.625,0.65625,0.0175,0.02,-1e-06,1e-06,CLOSED_REPRESENTATIVE_UNIT_MODULUS_MARGIN,reciprocal,reciprocal,0,4,,holomorphic,plus,0.21480305543461245,0.29654959827590927,6.078611729378189e-05,0.2023642486235785,0.21480305543461245,0.0032685896858775697,2.4043150548107706,True,True
5457,E01__U017__TOP__MINIMUM_CERTIFIED_OUTER_GAP,x13_t20,13,20,0.7603931369621564,0.7617787194179874,0.625,0.65625,0.0175,0.02,-1e-06,1e-06,CLOSED_REPRESENTATIVE_UNIT_MODULUS_MARGIN,reciprocal,reciprocal,1,4,,holomorphic,plus,0.21480305727488086,0.2965495964230946,6.078611729378189e-05,0.2023642486235785,0.21480305727488086,0.003268589981940627,2.4043150547571313,True,True
5457,E01__U017__TOP__MINIMUM_CERTIFIED_OUTER_GAP,x13_t20,13,20,0.7603931369621564,0.7617787194179874,0.625,0.65625,0.0175,0.02,-1e-06,1e-06,CLOSED_REPRESENTATIVE_UNIT_MODULUS_MARGIN,reciprocal,reciprocal,2,4,,holomorphic,plus,0.21480303536187992,0.2965495667687886,6.078611729378189e-05,0.2023642486235785,0.21480303536187992,0.0032685903021477474,2.4043148094898363,True,True
5457,E01__U017__TOP__MINIMUM_CERTIFIED_OUTER_GAP,x13_t20,13,20,0.7603931369621564,0.7617787194179874,0.625,0.65625,0.0175,0.02,-1e-06,1e-06,CLOSED_REPRESENTATIVE_UNIT_MODULUS_MARGIN,reciprocal,reciprocal,3,4,,holomorphic,plus,0.2148030335216115,0.2965495686216032,6.078611729378189e-05,0.2023642486235785,0.2148030335216115,0.0032685900060846302,2.4043148095434757,True,True
5457,E01__U017__TOP__MINIMUM_CERTIFIED_OUTER_GAP,x13_t21,13,21,0.7603931369621564,0.7617787194179874,0.65625,0.6875,0.0175,0.02,-1e-06,1e-06,CLOSED_REPRESENTATIVE_UNIT_MODULUS_MARGIN,reciprocal,reciprocal,0,4,,holomorphic,plus,0.20136007456971544,0.2865227861435565,0.0,0.1905108660130037,0.20136007456971544,0.0030871735677516794,2.4043150548107706,True,True
5457,E01__U017__TOP__MINIMUM_CERTIFIED_OUTER_GAP,x13_t21,13,21,0.7603931369621564,0.7617787194179874,0.65625,0.6875,0.0175,0.02,-1e-06,1e-06,CLOSED_REPRESENTATIVE_UNIT_MODULUS_MARGIN,reciprocal,reciprocal,1,4,,holomorphic,plus,0.20136007659179506,0.28652278410943627,0.0,0.1905108660130037,0.20136007659179506,0.0030871739079299477,2.4043150547571313,True,True
5457,E01__U017__TOP__MINIMUM_CERTIFIED_OUTER_GAP,x13_t21,13,21,0.7603931369621564,0.7617787194179874,0.65625,0.6875,0.0175,0.02,-1e-06,1e-06,CLOSED_REPRESENTATIVE_UNIT_MODULUS_MARGIN,reciprocal,reciprocal,2,4,,holomorphic,plus,0.2013600560500873,0.28652275545785316,0.0,0.1905108660130037,0.2013600560500873,0.003087174210350251,2.4043148094898363,True,True
5457,E01__U017__TOP__MINIMUM_CERTIFIED_OUTER_GAP,x13_t21,13,21,0.7603931369621564,0.7617787194179874,0.65625,0.6875,0.0175,0.02,-1e-06,1e-06,CLOSED_REPRESENTATIVE_UNIT_MODULUS_MARGIN,reciprocal,reciprocal,3,4,,holomorphic,plus,0.2013600540280077,0.28652275749197337,0.0,0.1905108660130037,0.2013600540280077,0.0030871738701719145,2.4043148095434757,True,True
5457,E01__U017__TOP__MINIMUM_CERTIFIED_OUTER_GAP,x13_t22,13,22,0.7603931369621564,0.7617787194179874,0.6875,0.71875,0.0175,0.02,-1e-06,1e-06,CLOSED_REPRESENTATIVE_UNIT_MODULUS_MARGIN,reciprocal,reciprocal,0,4,,holomorphic,plus,0.18773806990427938,0.27673134126920784,0.0,0.1784741214413774,0.18773806990427938,0.0028297339438378513,2.4043150548107706,True,True
5457,E01__U017__TOP__MINIMUM_CERTIFIED_OUTER_GAP,x13_t22,13,22,0.7603931369621564,0.7617787194179874,0.6875,0.71875,0.0175,0.02,-1e-06,1e-06,CLOSED_REPRESENTATIVE_UNIT_MODULUS_MARGIN,reciprocal,reciprocal,1,4,,holomorphic,plus,0.1877380721375187,0.2767313390244654,0.0,0.1784741214413774,0.1877380721375187,0.002829734326348081,2.4043150547571313,True,True
5457,E01__U017__TOP__MINIMUM_CERTIFIED_OUTER_GAP,x13_t22,13,22,0.7603931369621564,0.7617787194179874,0.6875,0.71875,0.0175,0.02,-1e-06,1e-06,CLOSED_REPRESENTATIVE_UNIT_MODULUS_MARGIN,reciprocal,reciprocal,2,4,,holomorphic,plus,0.1877380529853597,0.2767313113520753,0.0,0.1784741214413774,0.1877380529853597,0.0028297346035325043,2.4043148094898363,True,True
5457,E01__U017__TOP__MINIMUM_CERTIFIED_OUTER_GAP,x13_t22,13,22,0.7603931369621564,0.7617787194179874,0.6875,0.71875,0.0175,0.02,-1e-06,1e-06,CLOSED_REPRESENTATIVE_UNIT_MODULUS_MARGIN,reciprocal,reciprocal,3,4,,holomorphic,plus,0.1877380507521204,0.27673131359681774,0.0,0.1784741214413774,0.1877380507521204,0.002829734221022198,2.4043148095434757,True,True
5457,E01__U017__TOP__MINIMUM_CERTIFIED_OUTER_GAP,x13_t23,13,23,0.7603931369621564,0.7617787194179874,0.71875,0.75,0.0175,0.02,-1e-06,1e-06,CLOSED_REPRESENTATIVE_UNIT_MODULUS_MARGIN,reciprocal,reciprocal,0,4,,holomorphic,plus,0.1739008862928947,0.26722603952540414,0.0,0.166203710235443,0.1739008862928947,0.0024593169487630365,2.4043150548107706,True,True
5457,E01__U017__TOP__MINIMUM_CERTIFIED_OUTER_GAP,x13_t23,13,23,0.7603931369621564,0.7617787194179874,0.71875,0.75,0.0175,0.02,-1e-06,1e-06,CLOSED_REPRESENTATIVE_UNIT_MODULUS_MARGIN,reciprocal,reciprocal,1,4,,holomorphic,plus,0.17390088877359694,0.2672260370338223,0.0,0.166203710235443,0.17390088877359694,0.0024593173465100883,2.4043150547571313,True,True
5457,E01__U017__TOP__MINIMUM_CERTIFIED_OUTER_GAP,x13_t23,13,23,0.7603931369621564,0.7617787194179874,0.71875,0.75,0.0175,0.02,-1e-06,1e-06,CLOSED_REPRESENTATIVE_UNIT_MODULUS_MARGIN,reciprocal,reciprocal,2,4,,holomorphic,plus,0.17390087103292892,0.26722601031201915,0.0,0.166203710235443,0.17390087103292892,0.0024593175873939494,2.4043148094898363,True,True
5457,E01__U017__TOP__MINIMUM_CERTIFIED_OUTER_GAP,x13_t23,13,23,0.7603931369621564,0.7617787194179874,0.71875,0.75,0.0175,0.02,-1e-06,1e-06,CLOSED_REPRESENTATIVE_UNIT_MODULUS_MARGIN,reciprocal,reciprocal,3,4,,holomorphic,plus,0.1739008685522267,0.267226012803601,0.0,0.166203710235443,0.1739008685522267,0.0024593171896468177,2.4043148095434757,True,True
5457,E01__U017__TOP__MINIMUM_CERTIFIED_OUTER_GAP,x13_t24,13,24,0.7603931369621564,0.7617787194179874,0.75,0.78125,0.0175,0.02,-1e-06,1e-06,CLOSED_REPRESENTATIVE_UNIT_MODULUS_MARGIN,reciprocal,reciprocal,0,4,,holomorphic,plus,0.1598011166440321,0.2580730906543293,0.0,0.15363087486202343,0.1598011166440321,0.0019354474249310284,2.4043150548107706,True,True
5457,E01__U017__TOP__MINIMUM_CERTIFIED_OUTER_GAP,x13_t24,13,24,0.7603931369621564,0.7617787194179874,0.75,0.78125,0.0175,0.02,-1e-06,1e-06,CLOSED_REPRESENTATIVE_UNIT_MODULUS_MARGIN,reciprocal,reciprocal,1,4,,holomorphic,plus,0.15980111941764538,0.25807308787066374,0.0,0.15363087486202343,0.15980111941764538,0.001935447843904933,2.4043150547571313,True,True
5457,E01__U017__TOP__MINIMUM_CERTIFIED_OUTER_GAP,x13_t24,13,24,0.7603931369621564,0.7617787194179874,0.75,0.78125,0.0175,0.02,-1e-06,1e-06,CLOSED_REPRESENTATIVE_UNIT_MODULUS_MARGIN,reciprocal,reciprocal,2,4,,holomorphic,plus,0.1598011031152444,0.2580730620642226,0.0,0.15363087486202343,0.1598011031152444,0.0019354480334500916,2.4043148094898363,True,True
5457,E01__U017__TOP__MINIMUM_CERTIFIED_OUTER_GAP,x13_t24,13,24,0.7603931369621564,0.7617787194179874,0.75,0.78125,0.0175,0.02,-1e-06,1e-06,CLOSED_REPRESENTATIVE_UNIT_MODULUS_MARGIN,reciprocal,reciprocal,3,4,,holomorphic,plus,0.15980110034163114,0.2580730648478882,0.0,0.15363087486202343,0.15980110034163114,0.0019354476144761031,2.4043148095434757,True,True
5457,E01__U017__TOP__MINIMUM_CERTIFIED_OUTER_GAP,x13_t25,13,25,0.7603931369621564,0.7617787194179874,0.78125,0.8125,0.0175,0.02,-1e-06,1e-06,CLOSED_REPRESENTATIVE_UNIT_MODULUS_MARGIN,reciprocal,reciprocal,0,4,,holomorphic,plus,0.14537285256105295,0.2493629077989265,0.0,0.1406569225828753,0.14537285256105295,0.0012227026608660739,2.4043150548107706,True,True
5457,E01__U017__TOP__MINIMUM_CERTIFIED_OUTER_GAP,x13_t25,13,25,0.7603931369621564,0.7617787194179874,0.78125,0.8125,0.0175,0.02,-1e-06,1e-06,CLOSED_REPRESENTATIVE_UNIT_MODULUS_MARGIN,reciprocal,reciprocal,1,4,,holomorphic,plus,0.1453728556858939,0.24936290466534905,0.0,0.1406569225828753,0.1453728556858939,0.0012227031097085338,2.4043150547571313,True,True
5457,E01__U017__TOP__MINIMUM_CERTIFIED_OUTER_GAP,x13_t25,13,25,0.7603931369621564,0.7617787194179874,0.78125,0.8125,0.0175,0.02,-1e-06,1e-06,CLOSED_REPRESENTATIVE_UNIT_MODULUS_MARGIN,reciprocal,reciprocal,2,4,,holomorphic,plus,0.14537284085525648,0.2493628797300066,0.0,0.1406569225828753,0.14537284085525648,0.0012227032294051486,2.4043148094898363,True,True
5457,E01__U017__TOP__MINIMUM_CERTIFIED_OUTER_GAP,x13_t25,13,25,0.7603931369621564,0.7617787194179874,0.78125,0.8125,0.0175,0.02,-1e-06,1e-06,CLOSED_REPRESENTATIVE_UNIT_MODULUS_MARGIN,reciprocal,reciprocal,3,4,,holomorphic,plus,0.14537283773041554,0.24936288286358405,0.0,0.1406569225828753,0.14537283773041554,0.0012227027805625987,2.4043148095434757,True,True
5457,E01__U017__TOP__MINIMUM_CERTIFIED_OUTER_GAP,x13_t26,13,26,0.7603931369621564,0.7617787194179874,0.8125,0.84375,0.0175,0.02,-1e-06,1e-06,CLOSED_REPRESENTATIVE_UNIT_MODULUS_MARGIN,reciprocal,reciprocal,0,4,,holomorphic,plus,0.1301832223766547,0.24156738973882722,0.0,0.12713515136536516,0.1301832223766547,0.00025192076434947297,2.4043150548107706,True,True
5457,E01__U017__TOP__MINIMUM_CERTIFIED_OUTER_GAP,x13_t26,13,26,0.7603931369621564,0.7617787194179874,0.8125,0.84375,0.0175,0.02,-1e-06,1e-06,CLOSED_REPRESENTATIVE_UNIT_MODULUS_MARGIN,reciprocal,reciprocal,1,4,,holomorphic,plus,0.13018322592864442,0.24156738617866616,0.0,0.12713515136536516,0.13018322592864442,0.00025192126697476706,2.4043150547571313,True,True
5457,E01__U017__TOP__MINIMUM_CERTIFIED_OUTER_GAP,x13_t26,13,26,0.7603931369621564,0.7617787194179874,0.8125,0.84375,0.0175,0.02,-1e-06,1e-06,CLOSED_REPRESENTATIVE_UNIT_MODULUS_MARGIN,reciprocal,reciprocal,2,4,,holomorphic,plus,0.1301832126474208,0.2415673620229735,0.0,0.12713515136536516,0.1301832126474208,0.0002519212915320196,2.4043148094898363,True,True
5457,E01__U017__TOP__MINIMUM_CERTIFIED_OUTER_GAP,x13_t26,13,26,0.7603931369621564,0.7617787194179874,0.8125,0.84375,0.0175,0.02,-1e-06,1e-06,CLOSED_REPRESENTATIVE_UNIT_MODULUS_MARGIN,reciprocal,reciprocal,3,4,,holomorphic,plus,0.13018320909543107,0.24156736558313455,0.0,0.12713515136536516,0.13018320909543107,0.00025192078890662496,2.4043148095434757,True,True
5457,E01__U017__TOP__MINIMUM_CERTIFIED_OUTER_GAP,x13_t27,13,27,0.7603931369621564,0.7617787194179874,0.84375,0.875,0.0175,0.02,-1e-06,1e-06,CLOSED_REPRESENTATIVE_UNIT_MODULUS_MARGIN,reciprocal,reciprocal,0,4,,holomorphic,plus,0.11421576740471873,0.2347436966514276,0.0,0.11287316292563088,0.11421576740471873,0.0,2.4043150548107706,True,True
5457,E01__U017__TOP__MINIMUM_CERTIFIED_OUTER_GAP,x13_t27,13,27,0.7603931369621564,0.7617787194179874,0.84375,0.875,0.0175,0.02,-1e-06,1e-06,CLOSED_REPRESENTATIVE_UNIT_MODULUS_MARGIN,reciprocal,reciprocal,1,4,,holomorphic,plus,0.11421577148173637,0.23474369256565988,0.0,0.11287316292563088,0.11421577148173637,0.0,2.4043150547571313,True,True
5457,E01__U017__TOP__MINIMUM_CERTIFIED_OUTER_GAP,x13_t27,13,27,0.7603931369621564,0.7617787194179874,0.84375,0.875,0.0175,0.02,-1e-06,1e-06,CLOSED_REPRESENTATIVE_UNIT_MODULUS_MARGIN,reciprocal,reciprocal,2,4,,holomorphic,plus,0.11421575982925061,0.23474366909245725,0.0,0.11287316292563088,0.11421575982925061,0.0,2.4043148094898363,True,True
5457,E01__U017__TOP__MINIMUM_CERTIFIED_OUTER_GAP,x13_t27,13,27,0.7603931369621564,0.7617787194179874,0.84375,0.875,0.0175,0.02,-1e-06,1e-06,CLOSED_REPRESENTATIVE_UNIT_MODULUS_MARGIN,reciprocal,reciprocal,3,4,,holomorphic,plus,0.11421575575223297,0.23474367317822498,0.0,0.11287316292563088,0.11421575575223297,0.0,2.4043148095434757,True,True
5457,E01__U017__TOP__MINIMUM_CERTIFIED_OUTER_GAP,x13_t28,13,28,0.7603931369621564,0.7617787194179874,0.875,0.90625,0.0175,0.02,-1e-06,1e-06,CLOSED_REPRESENTATIVE_UNIT_MODULUS_MARGIN,reciprocal,reciprocal,0,4,,minus,minus,0.09758020169423393,0.19324236746644566,0.0,0.09758020169423393,0.09734269502492553,0.0,2.4043150548107706,True,True
5457,E01__U017__TOP__MINIMUM_CERTIFIED_OUTER_GAP,x13_t28,13,28,0.7603931369621564,0.7617787194179874,0.875,0.90625,0.0175,0.02,-1e-06,1e-06,CLOSED_REPRESENTATIVE_UNIT_MODULUS_MARGIN,reciprocal,reciprocal,1,4,,minus,minus,0.09758020169423393,0.19324236746644566,0.0,0.09758020169423393,0.0973426997551028,0.0,2.4043150547571313,True,True
5457,E01__U017__TOP__MINIMUM_CERTIFIED_OUTER_GAP,x13_t28,13,28,0.7603931369621564,0.7617787194179874,0.875,0.90625,0.0175,0.02,-1e-06,1e-06,CLOSED_REPRESENTATIVE_UNIT_MODULUS_MARGIN,reciprocal,reciprocal,2,4,,minus,minus,0.09758020169423393,0.19324236746644566,0.0,0.09758020169423393,0.09734268982370825,0.0,2.4043148094898363,True,True
5457,E01__U017__TOP__MINIMUM_CERTIFIED_OUTER_GAP,x13_t28,13,28,0.7603931369621564,0.7617787194179874,0.875,0.90625,0.0175,0.02,-1e-06,1e-06,CLOSED_REPRESENTATIVE_UNIT_MODULUS_MARGIN,reciprocal,reciprocal,3,4,,minus,minus,0.09758020169423393,0.19324236746644566,0.0,0.09758020169423393,0.09734268509353097,0.0,2.4043148095434757,True,True
5457,E01__U017__TOP__MINIMUM_CERTIFIED_OUTER_GAP,x13_t29,13,29,0.7603931369621564,0.7617787194179874,0.90625,0.9375,0.0175,0.02,-1e-06,1e-06,CLOSED_REPRESENTATIVE_UNIT_MODULUS_MARGIN,reciprocal,reciprocal,0,4,,minus,minus,0.0808261348160296,0.19003532659662967,0.0,0.0808261348160296,0.07922255303816479,0.0,2.4043150548107706,True,True
5457,E01__U017__TOP__MINIMUM_CERTIFIED_OUTER_GAP,x13_t29,13,29,0.7603931369621564,0.7617787194179874,0.90625,0.9375,0.0175,0.02,-1e-06,1e-06,CLOSED_REPRESENTATIVE_UNIT_MODULUS_MARGIN,reciprocal,reciprocal,1,4,,minus,minus,0.0808261348160296,0.19003532659662967,0.0,0.0808261348160296,0.07922255859037786,0.0,2.4043150547571313,True,True
5457,E01__U017__TOP__MINIMUM_CERTIFIED_OUTER_GAP,x13_t29,13,29,0.7603931369621564,0.7617787194179874,0.90625,0.9375,0.0175,0.02,-1e-06,1e-06,CLOSED_REPRESENTATIVE_UNIT_MODULUS_MARGIN,reciprocal,reciprocal,2,4,,minus,minus,0.0808261348160296,0.19003532659662967,0.0,0.0808261348160296,0.07922255050725041,0.0,2.4043148094898363,True,True
5457,E01__U017__TOP__MINIMUM_CERTIFIED_OUTER_GAP,x13_t29,13,29,0.7603931369621564,0.7617787194179874,0.90625,0.9375,0.0175,0.02,-1e-06,1e-06,CLOSED_REPRESENTATIVE_UNIT_MODULUS_MARGIN,reciprocal,reciprocal,3,4,,minus,minus,0.0808261348160296,0.19003532659662967,0.0,0.0808261348160296,0.07922254495503735,0.0,2.4043148095434757,True,True
5457,E01__U017__TOP__MINIMUM_CERTIFIED_OUTER_GAP,x13_t30,13,30,0.7603931369621564,0.7617787194179874,0.9375,0.96875,0.0175,0.02,-1e-06,1e-06,CLOSED_REPRESENTATIVE_UNIT_MODULUS_MARGIN,reciprocal,reciprocal,0,4,,minus,minus,0.06197546509949076,0.18933656374777905,0.0,0.06197546509949076,0.05934261073625216,0.0,2.4043150548107706,True,True
5457,E01__U017__TOP__MINIMUM_CERTIFIED_OUTER_GAP,x13_t30,13,30,0.7603931369621564,0.7617787194179874,0.9375,0.96875,0.0175,0.02,-1e-06,1e-06,CLOSED_REPRESENTATIVE_UNIT_MODULUS_MARGIN,reciprocal,reciprocal,1,4,,minus,minus,0.06197546509949076,0.18933656374777905,0.0,0.06197546509949076,0.05934261732628246,0.0,2.4043150547571313,True,True
5457,E01__U017__TOP__MINIMUM_CERTIFIED_OUTER_GAP,x13_t30,13,30,0.7603931369621564,0.7617787194179874,0.9375,0.96875,0.0175,0.02,-1e-06,1e-06,CLOSED_REPRESENTATIVE_UNIT_MODULUS_MARGIN,reciprocal,reciprocal,2,4,,minus,minus,0.06197546509949076,0.18933656374777905,0.0,0.06197546509949076,0.05934261127089184,0.0,2.4043148094898363,True,True
5457,E01__U017__TOP__MINIMUM_CERTIFIED_OUTER_GAP,x13_t30,13,30,0.7603931369621564,0.7617787194179874,0.9375,0.96875,0.0175,0.02,-1e-06,1e-06,CLOSED_REPRESENTATIVE_UNIT_MODULUS_MARGIN,reciprocal,reciprocal,3,4,,minus,minus,0.06197546509949076,0.18933656374777905,0.0,0.06197546509949076,0.05934260468086154,0.0,2.4043148095434757,True,True
5457,E01__U017__TOP__MINIMUM_CERTIFIED_OUTER_GAP,x13_t31,13,31,0.7603931369621564,0.7617787194179874,0.96875,1.0,0.0175,0.02,-1e-06,1e-06,CLOSED_REPRESENTATIVE_UNIT_MODULUS_MARGIN,reciprocal,reciprocal,0,4,,minus,minus,0.0402113057170025,0.192239186524031,0.0,0.0402113057170025,0.03695252859695903,0.0,2.4043150548107706,True,True
5457,E01__U017__TOP__MINIMUM_CERTIFIED_OUTER_GAP,x13_t31,13,31,0.7603931369621564,0.7617787194179874,0.96875,1.0,0.0175,0.02,-1e-06,1e-06,CLOSED_REPRESENTATIVE_UNIT_MODULUS_MARGIN,reciprocal,reciprocal,1,4,,minus,minus,0.0402113057170025,0.192239186524031,0.0,0.0402113057170025,0.036952536435031914,0.0,2.4043150547571313,True,True
5457,E01__U017__TOP__MINIMUM_CERTIFIED_OUTER_GAP,x13_t31,13,31,0.7603931369621564,0.7617787194179874,0.96875,1.0,0.0175,0.02,-1e-06,1e-06,CLOSED_REPRESENTATIVE_UNIT_MODULUS_MARGIN,reciprocal,reciprocal,2,4,,minus,minus,0.0402113057170025,0.192239186524031,0.0,0.0402113057170025,0.03695253266339437,0.0,2.4043148094898363,True,True
5457,E01__U017__TOP__MINIMUM_CERTIFIED_OUTER_GAP,x13_t31,13,31,0.7603931369621564,0.7617787194179874,0.96875,1.0,0.0175,0.02,-1e-06,1e-06,CLOSED_REPRESENTATIVE_UNIT_MODULUS_MARGIN,reciprocal,reciprocal,3,4,,minus,minus,0.0402113057170025,0.192239186524031,0.0,0.0402113057170025,0.03695252482532149,0.0,2.4043148095434757,True,True
5457,E01__U017__TOP__MINIMUM_CERTIFIED_OUTER_GAP,x14_t00,14,0,0.7617787194179874,0.7631643018738182,0.0,0.03125,0.0175,0.02,-1e-06,1e-06,CLOSED_REPRESENTATIVE_UNIT_MODULUS_MARGIN,reciprocal,reciprocal,0,4,,holomorphic,plus,0.46700303676207594,0.5165830008691256,0.0036418421239690895,0.4258507411705388,0.46700303676207594,0.0032144444016429167,2.4121227154149434,True,True
5457,E01__U017__TOP__MINIMUM_CERTIFIED_OUTER_GAP,x14_t00,14,0,0.7617787194179874,0.7631643018738182,0.0,0.03125,0.0175,0.02,-1e-06,1e-06,CLOSED_REPRESENTATIVE_UNIT_MODULUS_MARGIN,reciprocal,reciprocal,1,4,,holomorphic,plus,0.4670030372510583,0.5165830003568039,0.0036418421239690895,0.4258507411705388,0.4670030372510583,0.0032144448386760916,2.4121227153611233,True,True
5457,E01__U017__TOP__MINIMUM_CERTIFIED_OUTER_GAP,x14_t00,14,0,0.7617787194179874,0.7631643018738182,0.0,0.03125,0.0175,0.02,-1e-06,1e-06,CLOSED_REPRESENTATIVE_UNIT_MODULUS_MARGIN,reciprocal,reciprocal,2,4,,holomorphic,plus,0.4670029896054728,0.5165829486988484,0.0036418421239690895,0.4258507411705388,0.4670029896054728,0.0032144451535049473,2.4121224692681453,True,True
5457,E01__U017__TOP__MINIMUM_CERTIFIED_OUTER_GAP,x14_t00,14,0,0.7617787194179874,0.7631643018738182,0.0,0.03125,0.0175,0.02,-1e-06,1e-06,CLOSED_REPRESENTATIVE_UNIT_MODULUS_MARGIN,reciprocal,reciprocal,3,4,,holomorphic,plus,0.46700298911649046,0.5165829492111699,0.0036418421239690895,0.4258507411705388,0.46700298911649046,0.003214444716471685,2.4121224693219654,True,True
5457,E01__U017__TOP__MINIMUM_CERTIFIED_OUTER_GAP,x14_t01,14,1,0.7617787194179874,0.7631643018738182,0.03125,0.0625,0.0175,0.02,-1e-06,1e-06,CLOSED_REPRESENTATIVE_UNIT_MODULUS_MARGIN,reciprocal,reciprocal,0,4,,holomorphic,plus,0.45474071106367553,0.5052046984120019,0.0035643871021951283,0.4149039333216633,0.45474071106367553,0.003152991202752892,2.4121227154149434,True,True
5457,E01__U017__TOP__MINIMUM_CERTIFIED_OUTER_GAP,x14_t01,14,1,0.7617787194179874,0.7631643018738182,0.03125,0.0625,0.0175,0.02,-1e-06,1e-06,CLOSED_REPRESENTATIVE_UNIT_MODULUS_MARGIN,reciprocal,reciprocal,1,4,,holomorphic,plus,0.4547407115794294,0.505204697873466,0.0035643871021951283,0.4149039333216633,0.4547407115794294,0.00315299158066541,2.4121227153611233,True,True
5457,E01__U017__TOP__MINIMUM_CERTIFIED_OUTER_GAP,x14_t01,14,1,0.7617787194179874,0.7631643018738182,0.03125,0.0625,0.0175,0.02,-1e-06,1e-06,CLOSED_REPRESENTATIVE_UNIT_MODULUS_MARGIN,reciprocal,reciprocal,2,4,,holomorphic,plus,0.4547406651848818,0.5052046473533467,0.0035643871021951283,0.4149039333216633,0.4547406651848818,0.0031529918894883644,2.4121224692681453,True,True
5457,E01__U017__TOP__MINIMUM_CERTIFIED_OUTER_GAP,x14_t01,14,1,0.7617787194179874,0.7631643018738182,0.03125,0.0625,0.0175,0.02,-1e-06,1e-06,CLOSED_REPRESENTATIVE_UNIT_MODULUS_MARGIN,reciprocal,reciprocal,3,4,,holomorphic,plus,0.454740664669128,0.5052046478918826,0.0035643871021951283,0.4149039333216633,0.454740664669128,0.003152991511575771,2.4121224693219654,True,True
5457,E01__U017__TOP__MINIMUM_CERTIFIED_OUTER_GAP,x14_t02,14,2,0.7617787194179874,0.7631643018738182,0.0625,0.09375,0.0175,0.02,-1e-06,1e-06,CLOSED_REPRESENTATIVE_UNIT_MODULUS_MARGIN,reciprocal,reciprocal,0,4,,holomorphic,plus,0.44245744361528,0.49384462828149417,0.0034825225542643628,0.40394556264171944,0.44245744361528,0.00308836611804035,2.4121227154149434,True,True
5457,E01__U017__TOP__MINIMUM_CERTIFIED_OUTER_GAP,x14_t02,14,2,0.7617787194179874,0.7631643018738182,0.0625,0.09375,0.0175,0.02,-1e-06,1e-06,CLOSED_REPRESENTATIVE_UNIT_MODULUS_MARGIN,reciprocal,reciprocal,1,4,,holomorphic,plus,0.442457444159655,0.49384462771489407,0.0034825225542643628,0.40394556264171944,0.442457444159655,0.003088366438228483,2.4121227153611233,True,True
5457,E01__U017__TOP__MINIMUM_CERTIFIED_OUTER_GAP,x14_t02,14,2,0.7617787194179874,0.7631643018738182,0.0625,0.09375,0.0175,0.02,-1e-06,1e-06,CLOSED_REPRESENTATIVE_UNIT_MODULUS_MARGIN,reciprocal,reciprocal,2,4,,holomorphic,plus,0.44245739901828146,0.49384457833078815,0.0034825225542643628,0.40394556264171944,0.44245739901828146,0.00308836674073441,2.4121224692681453,True,True
5457,E01__U017__TOP__MINIMUM_CERTIFIED_OUTER_GAP,x14_t02,14,2,0.7617787194179874,0.7631643018738182,0.0625,0.09375,0.0175,0.02,-1e-06,1e-06,CLOSED_REPRESENTATIVE_UNIT_MODULUS_MARGIN,reciprocal,reciprocal,3,4,,holomorphic,plus,0.44245739847390647,0.4938445788973883,0.0034825225542643628,0.40394556264171944,0.44245739847390647,0.003088366420546213,2.4121224693219654,True,True
5457,E01__U017__TOP__MINIMUM_CERTIFIED_OUTER_GAP,x14_t03,14,3,0.7617787194179874,0.7631643018738182,0.09375,0.125,0.0175,0.02,-1e-06,1e-06,CLOSED_REPRESENTATIVE_UNIT_MODULUS_MARGIN,reciprocal,reciprocal,0,4,,holomorphic,plus,0.43015165836737146,0.4825046460004117,0.0033958022792202297,0.39297464278241423,0.43015165836737146,0.0030202771705841983,2.4121227154149434,True,True
5457,E01__U017__TOP__MINIMUM_CERTIFIED_OUTER_GAP,x14_t03,14,3,0.7617787194179874,0.7631643018738182,0.09375,0.125,0.0175,0.02,-1e-06,1e-06,CLOSED_REPRESENTATIVE_UNIT_MODULUS_MARGIN,reciprocal,reciprocal,1,4,,holomorphic,plus,0.43015165894240537,0.4825046454037093,0.0033958022792202297,0.39297464278241423,0.43015165894240537,0.0030202774345345434,2.4121227153611233,True,True
5457,E01__U017__TOP__MINIMUM_CERTIFIED_OUTER_GAP,x14_t03,14,3,0.7617787194179874,0.7631643018738182,0.09375,0.125,0.0175,0.02,-1e-06,1e-06,CLOSED_REPRESENTATIVE_UNIT_MODULUS_MARGIN,reciprocal,reciprocal,2,4,,holomorphic,plus,0.4301516150565027,0.4825045971536086,0.0033958022792202297,0.39297464278241423,0.4301516150565027,0.0030202777303836863,2.4121224692681453,True,True
5457,E01__U017__TOP__MINIMUM_CERTIFIED_OUTER_GAP,x14_t03,14,3,0.7617787194179874,0.7631643018738182,0.09375,0.125,0.0175,0.02,-1e-06,1e-06,CLOSED_REPRESENTATIVE_UNIT_MODULUS_MARGIN,reciprocal,reciprocal,3,4,,holomorphic,plus,0.4301516144814688,0.48250459775031107,0.0033958022792202297,0.39297464278241423,0.4301516144814688,0.0030202774664332883,2.4121224693219654,True,True
5457,E01__U017__TOP__MINIMUM_CERTIFIED_OUTER_GAP,x14_t04,14,4,0.7617787194179874,0.7631643018738182,0.125,0.15625,0.0175,0.02,-1e-06,1e-06,CLOSED_REPRESENTATIVE_UNIT_MODULUS_MARGIN,reciprocal,reciprocal,0,4,,holomorphic,plus,0.41782179661825225,0.4711866460091572,0.0033037118148498625,0.38199012064367344,0.41782179661825225,0.002948392404150904,2.4121227154149434,True,True
5457,E01__U017__TOP__MINIMUM_CERTIFIED_OUTER_GAP,x14_t04,14,4,0.7617787194179874,0.7631643018738182,0.125,0.15625,0.0175,0.02,-1e-06,1e-06,CLOSED_REPRESENTATIVE_UNIT_MODULUS_MARGIN,reciprocal,reciprocal,1,4,,holomorphic,plus,0.4178217972261961,0.4711866453801009,0.0033037118148498625,0.38199012064367344,0.4178217972261961,0.00294839261344716,2.4121227153611233,True,True
5457,E01__U017__TOP__MINIMUM_CERTIFIED_OUTER_GAP,x14_t04,14,4,0.7617787194179874,0.7631643018738182,0.125,0.15625,0.0175,0.02,-1e-06,1e-06,CLOSED_REPRESENTATIVE_UNIT_MODULUS_MARGIN,reciprocal,reciprocal,2,4,,holomorphic,plus,0.4178217545982202,0.4711865982618077,0.0033037118148498625,0.38199012064367344,0.4178217545982202,0.002948392902267214,2.4121224692681453,True,True
5457,E01__U017__TOP__MINIMUM_CERTIFIED_OUTER_GAP,x14_t04,14,4,0.7617787194179874,0.7631643018738182,0.125,0.15625,0.0175,0.02,-1e-06,1e-06,CLOSED_REPRESENTATIVE_UNIT_MODULUS_MARGIN,reciprocal,reciprocal,3,4,,holomorphic,plus,0.4178217539902763,0.471186598890864,0.0033037118148498625,0.38199012064367344,0.4178217539902763,0.0029483926929709157,2.4121224693219654,True,True
5457,E01__U017__TOP__MINIMUM_CERTIFIED_OUTER_GAP,x14_t05,14,5,0.7617787194179874,0.7631643018738182,0.15625,0.1875,0.0175,0.02,-1e-06,1e-06,CLOSED_REPRESENTATIVE_UNIT_MODULUS_MARGIN,reciprocal,reciprocal,0,4,,holomorphic,plus,0.40546596175782673,0.45989293450426344,0.0032056581133682333,0.37099073527504894,0.40546596175782673,0.0028723316396902132,2.4121227154149434,True,True
5457,E01__U017__TOP__MINIMUM_CERTIFIED_OUTER_GAP,x14_t05,14,5,0.7617787194179874,0.7631643018738182,0.15625,0.1875,0.0175,0.02,-1e-06,1e-06,CLOSED_REPRESENTATIVE_UNIT_MODULUS_MARGIN,reciprocal,reciprocal,1,4,,holomorphic,plus,0.4054659624011752,0.459892933840358,0.0032056581133682333,0.37099073527504894,0.4054659624011752,0.002872331796027036,2.4121227153611233,True,True
5457,E01__U017__TOP__MINIMUM_CERTIFIED_OUTER_GAP,x14_t05,14,5,0.7617787194179874,0.7631643018738182,0.15625,0.1875,0.0175,0.02,-1e-06,1e-06,CLOSED_REPRESENTATIVE_UNIT_MODULUS_MARGIN,reciprocal,reciprocal,2,4,,holomorphic,plus,0.4054659210337753,0.45989288785144405,0.0032056581133682333,0.37099073527504894,0.4054659210337753,0.0028723320774084187,2.4121224692681453,True,True
5457,E01__U017__TOP__MINIMUM_CERTIFIED_OUTER_GAP,x14_t05,14,5,0.7617787194179874,0.7631643018738182,0.15625,0.1875,0.0175,0.02,-1e-06,1e-06,CLOSED_REPRESENTATIVE_UNIT_MODULUS_MARGIN,reciprocal,reciprocal,3,4,,holomorphic,plus,0.40546592039042684,0.45989288851534943,0.0032056581133682333,0.37099073527504894,0.40546592039042684,0.002872331921071564,2.4121224693219654,True,True
5457,E01__U017__TOP__MINIMUM_CERTIFIED_OUTER_GAP,x14_t06,14,6,0.7617787194179874,0.7631643018738182,0.1875,0.21875,0.0175,0.02,-1e-06,1e-06,CLOSED_REPRESENTATIVE_UNIT_MODULUS_MARGIN,reciprocal,reciprocal,0,4,,holomorphic,plus,0.3930820341296337,0.448626124733976,0.0031009538767092413,0.35997500595521986,0.3930820341296337,0.0027916596077535985,2.4121227154149434,True,True
5457,E01__U017__TOP__MINIMUM_CERTIFIED_OUTER_GAP,x14_t06,14,6,0.7617787194179874,0.7631643018738182,0.1875,0.21875,0.0175,0.02,-1e-06,1e-06,CLOSED_REPRESENTATIVE_UNIT_MODULUS_MARGIN,reciprocal,reciprocal,1,4,,holomorphic,plus,0.39308203481116155,0.4486261240324461,0.0031009538767092413,0.35997500595521986,0.39308203481116155,0.002791659712949786,2.4121227153611233,True,True
5457,E01__U017__TOP__MINIMUM_CERTIFIED_OUTER_GAP,x14_t06,14,6,0.7617787194179874,0.7631643018738182,0.1875,0.21875,0.0175,0.02,-1e-06,1e-06,CLOSED_REPRESENTATIVE_UNIT_MODULUS_MARGIN,reciprocal,reciprocal,2,4,,holomorphic,plus,0.39308199470720306,0.4486260791702218,0.0031009538767092413,0.35997500595521986,0.39308199470720306,0.0027916599864402374,2.4121224692681453,True,True
5457,E01__U017__TOP__MINIMUM_CERTIFIED_OUTER_GAP,x14_t06,14,6,0.7617787194179874,0.7631643018738182,0.1875,0.21875,0.0175,0.02,-1e-06,1e-06,CLOSED_REPRESENTATIVE_UNIT_MODULUS_MARGIN,reciprocal,reciprocal,3,4,,holomorphic,plus,0.39308199402567523,0.44862607987175174,0.0031009538767092413,0.35997500595521986,0.39308199402567523,0.0027916598812440284,2.4121224693219654,True,True
5457,E01__U017__TOP__MINIMUM_CERTIFIED_OUTER_GAP,x14_t07,14,7,0.7617787194179874,0.7631643018738182,0.21875,0.25,0.0175,0.02,-1e-06,1e-06,CLOSED_REPRESENTATIVE_UNIT_MODULUS_MARGIN,reciprocal,reciprocal,0,4,,holomorphic,plus,0.3806676364522623,0.4373891873355002,0.002988798039071708,0.3489412295047953,0.3806676364522623,0.0027058754885117696,2.4121227154149434,True,True
5457,E01__U017__TOP__MINIMUM_CERTIFIED_OUTER_GAP,x14_t07,14,7,0.7617787194179874,0.7631643018738182,0.21875,0.25,0.0175,0.02,-1e-06,1e-06,CLOSED_REPRESENTATIVE_UNIT_MODULUS_MARGIN,reciprocal,reciprocal,1,4,,holomorphic,plus,0.38066763717506596,0.4373891865932484,0.002988798039071708,0.3489412295047953,0.38066763717506596,0.0027058755445256,2.4121227153611233,True,True
5457,E01__U017__TOP__MINIMUM_CERTIFIED_OUTER_GAP,x14_t07,14,7,0.7617787194179874,0.7631643018738182,0.21875,0.25,0.0175,0.02,-1e-06,1e-06,CLOSED_REPRESENTATIVE_UNIT_MODULUS_MARGIN,reciprocal,reciprocal,2,4,,holomorphic,plus,0.3806675983376569,0.43738914285472724,0.002988798039071708,0.3489412295047953,0.3806675983376569,0.0027058758096237556,2.4121224692681453,True,True
5457,E01__U017__TOP__MINIMUM_CERTIFIED_OUTER_GAP,x14_t07,14,7,0.7617787194179874,0.7631643018738182,0.21875,0.25,0.0175,0.02,-1e-06,1e-06,CLOSED_REPRESENTATIVE_UNIT_MODULUS_MARGIN,reciprocal,reciprocal,3,4,,holomorphic,plus,0.38066759761485325,0.43738914359697906,0.002988798039071708,0.3489412295047953,0.38066759761485325,0.002705875753609914,2.4121224693219654,True,True
5457,E01__U017__TOP__MINIMUM_CERTIFIED_OUTER_GAP,x14_t08,14,8,0.7617787194179874,0.7631643018738182,0.25,0.28125,0.0175,0.02,-1e-06,1e-06,CLOSED_REPRESENTATIVE_UNIT_MODULUS_MARGIN,reciprocal,reciprocal,0,4,,holomorphic,plus,0.36822009148293683,0.42618551177077085,0.0028682512736270516,0.3378875148479891,0.36822009148293683,0.002614399991424967,2.4121227154149434,True,True
5457,E01__U017__TOP__MINIMUM_CERTIFIED_OUTER_GAP,x14_t08,14,8,0.7617787194179874,0.7631643018738182,0.25,0.28125,0.0175,0.02,-1e-06,1e-06,CLOSED_REPRESENTATIVE_UNIT_MODULUS_MARGIN,reciprocal,reciprocal,1,4,,holomorphic,plus,0.36822009225048424,0.426185510984328,0.0028682512736270516,0.3378875148479891,0.36822009225048424,0.0026144000003721322,2.4121227153611233,True,True
5457,E01__U017__TOP__MINIMUM_CERTIFIED_OUTER_GAP,x14_t08,14,8,0.7617787194179874,0.7631643018738182,0.25,0.28125,0.0175,0.02,-1e-06,1e-06,CLOSED_REPRESENTATIVE_UNIT_MODULUS_MARGIN,reciprocal,reciprocal,2,4,,holomorphic,plus,0.3682200546830055,0.42618546836618465,0.0028682512736270516,0.3378875148479891,0.3682200546830055,0.002614400256519831,2.4121224692681453,True,True
5457,E01__U017__TOP__MINIMUM_CERTIFIED_OUTER_GAP,x14_t08,14,8,0.7617787194179874,0.7631643018738182,0.25,0.28125,0.0175,0.02,-1e-06,1e-06,CLOSED_REPRESENTATIVE_UNIT_MODULUS_MARGIN,reciprocal,reciprocal,3,4,,holomorphic,plus,0.3682200539154581,0.4261854691526275,0.0028682512736270516,0.3378875148479891,0.3682200539154581,0.002614400247572665,2.4121224693219654,True,True
5457,E01__U017__TOP__MINIMUM_CERTIFIED_OUTER_GAP,x14_t09,14,9,0.7617787194179874,0.7631643018738182,0.28125,0.3125,0.0175,0.02,-1e-06,1e-06,CLOSED_REPRESENTATIVE_UNIT_MODULUS_MARGIN,reciprocal,reciprocal,0,4,,holomorphic,plus,0.35573637080893816,0.4150189807727585,0.00273820500461402,0.32681159034483115,0.35573637080893816,0.002540971426519598,2.4121227154149434,True,True
5457,E01__U017__TOP__MINIMUM_CERTIFIED_OUTER_GAP,x14_t09,14,9,0.7617787194179874,0.7631643018738182,0.28125,0.3125,0.0175,0.02,-1e-06,1e-06,CLOSED_REPRESENTATIVE_UNIT_MODULUS_MARGIN,reciprocal,reciprocal,1,4,,holomorphic,plus,0.3557363716251282,0.4150189799382243,0.00273820500461402,0.32681159034483115,0.3557363716251282,0.002540971441565215,2.4121227153611233,True,True
5457,E01__U017__TOP__MINIMUM_CERTIFIED_OUTER_GAP,x14_t09,14,9,0.7617787194179874,0.7631643018738182,0.28125,0.3125,0.0175,0.02,-1e-06,1e-06,CLOSED_REPRESENTATIVE_UNIT_MODULUS_MARGIN,reciprocal,reciprocal,2,4,,holomorphic,plus,0.35573633533126975,0.41501893843674514,0.00273820500461402,0.32681159034483115,0.35573633533126975,0.002540971690515783,2.4121224692681453,True,True
5457,E01__U017__TOP__MINIMUM_CERTIFIED_OUTER_GAP,x14_t09,14,9,0.7617787194179874,0.7631643018738182,0.28125,0.3125,0.0175,0.02,-1e-06,1e-06,CLOSED_REPRESENTATIVE_UNIT_MODULUS_MARGIN,reciprocal,reciprocal,3,4,,holomorphic,plus,0.3557363345150797,0.41501893927127936,0.00273820500461402,0.32681159034483115,0.3557363345150797,0.0025409716754701624,2.4121224693219654,True,True
5457,E01__U017__TOP__MINIMUM_CERTIFIED_OUTER_GAP,x14_t10,14,10,0.7617787194179874,0.7631643018738182,0.3125,0.34375,0.0175,0.02,-1e-06,1e-06,CLOSED_REPRESENTATIVE_UNIT_MODULUS_MARGIN,reciprocal,reciprocal,0,4,,holomorphic,plus,0.3432130324739191,0.4038940611331583,0.0026061807259661735,0.31571078244328526,0.3432130324739191,0.0025302053602044875,2.4121227154149434,True,True
5457,E01__U017__TOP__MINIMUM_CERTIFIED_OUTER_GAP,x14_t10,14,10,0.7617787194179874,0.7631643018738182,0.3125,0.34375,0.0175,0.02,-1e-06,1e-06,CLOSED_REPRESENTATIVE_UNIT_MODULUS_MARGIN,reciprocal,reciprocal,1,4,,holomorphic,plus,0.34321303334315295,0.4038940602461297,0.0026061807259661735,0.31571078244328526,0.34321303334315295,0.0025302053956641436,2.4121227153611233,True,True
5457,E01__U017__TOP__MINIMUM_CERTIFIED_OUTER_GAP,x14_t10,14,10,0.7617787194179874,0.7631643018738182,0.3125,0.34375,0.0175,0.02,-1e-06,1e-06,CLOSED_REPRESENTATIVE_UNIT_MODULUS_MARGIN,reciprocal,reciprocal,2,4,,holomorphic,plus,0.34321299832695557,0.40389401985715473,0.0026061807259661735,0.31571078244328526,0.34321299832695557,0.002530205643553266,2.4121224692681453,True,True
5457,E01__U017__TOP__MINIMUM_CERTIFIED_OUTER_GAP,x14_t10,14,10,0.7617787194179874,0.7631643018738182,0.3125,0.34375,0.0175,0.02,-1e-06,1e-06,CLOSED_REPRESENTATIVE_UNIT_MODULUS_MARGIN,reciprocal,reciprocal,3,4,,holomorphic,plus,0.3432129974577217,0.40389402074418324,0.0026061807259661735,0.31571078244328526,0.3432129974577217,0.0025302056080936026,2.4121224693219654,True,True
5457,E01__U017__TOP__MINIMUM_CERTIFIED_OUTER_GAP,x14_t11,14,11,0.7617787194179874,0.7631643018738182,0.34375,0.375,0.0175,0.02,-1e-06,1e-06,CLOSED_REPRESENTATIVE_UNIT_MODULUS_MARGIN,reciprocal,reciprocal,0,4,,holomorphic,plus,0.33064614443133755,0.3928159151777153,0.0024996062584596965,0.30458192197534656,0.33064614443133755,0.002571582403638809,2.4121227154149434,True,True
5457,E01__U017__TOP__MINIMUM_CERTIFIED_OUTER_GAP,x14_t11,14,11,0.7617787194179874,0.7631643018738182,0.34375,0.375,0.0175,0.02,-1e-06,1e-06,CLOSED_REPRESENTATIVE_UNIT_MODULUS_MARGIN,reciprocal,reciprocal,1,4,,holomorphic,plus,0.33064614535860476,0.39281591423320056,0.0024996062584596965,0.30458192197534656,0.33064614535860476,0.0025715824604409113,2.4121227153611233,True,True
5457,E01__U017__TOP__MINIMUM_CERTIFIED_OUTER_GAP,x14_t11,14,11,0.7617787194179874,0.7631643018738182,0.34375,0.375,0.0175,0.02,-1e-06,1e-06,CLOSED_REPRESENTATIVE_UNIT_MODULUS_MARGIN,reciprocal,reciprocal,2,4,,holomorphic,plus,0.33064611162451046,0.3928158749520534,0.0024996062584596965,0.30458192197534656,0.33064611162451046,0.002571582712377456,2.4121224692681453,True,True
5457,E01__U017__TOP__MINIMUM_CERTIFIED_OUTER_GAP,x14_t11,14,11,0.7617787194179874,0.7631643018738182,0.34375,0.375,0.0175,0.02,-1e-06,1e-06,CLOSED_REPRESENTATIVE_UNIT_MODULUS_MARGIN,reciprocal,reciprocal,3,4,,holomorphic,plus,0.33064611069724326,0.3928158758965682,0.0024996062584596965,0.30458192197534656,0.33064611069724326,0.0025715826555753425,2.4121224693219654,True,True
5457,E01__U017__TOP__MINIMUM_CERTIFIED_OUTER_GAP,x14_t12,14,12,0.7617787194179874,0.7631643018738182,0.375,0.40625,0.0175,0.02,-1e-06,1e-06,CLOSED_REPRESENTATIVE_UNIT_MODULUS_MARGIN,reciprocal,reciprocal,0,4,,holomorphic,plus,0.31803118983806317,0.3817905386549158,0.002406229084976809,0.29342122373278656,0.31803118983806317,0.00264958539415006,2.4121227154149434,True,True
5457,E01__U017__TOP__MINIMUM_CERTIFIED_OUTER_GAP,x14_t12,14,12,0.7617787194179874,0.7631643018738182,0.375,0.40625,0.0175,0.02,-1e-06,1e-06,CLOSED_REPRESENTATIVE_UNIT_MODULUS_MARGIN,reciprocal,reciprocal,1,4,,holomorphic,plus,0.31803119082904674,0.38179053764722887,0.002406229084976809,0.29342122373278656,0.31803119082904674,0.002649585472491704,2.4121227153611233,True,True
5457,E01__U017__TOP__MINIMUM_CERTIFIED_OUTER_GAP,x14_t12,14,12,0.7617787194179874,0.7631643018738182,0.375,0.40625,0.0175,0.02,-1e-06,1e-06,CLOSED_REPRESENTATIVE_UNIT_MODULUS_MARGIN,reciprocal,reciprocal,2,4,,holomorphic,plus,0.31803115838195806,0.38179049946863397,0.002406229084976809,0.29342122373278656,0.31803115838195806,0.0026495857320644415,2.4121224692681453,True,True
5457,E01__U017__TOP__MINIMUM_CERTIFIED_OUTER_GAP,x14_t12,14,12,0.7617787194179874,0.7631643018738182,0.375,0.40625,0.0175,0.02,-1e-06,1e-06,CLOSED_REPRESENTATIVE_UNIT_MODULUS_MARGIN,reciprocal,reciprocal,3,4,,holomorphic,plus,0.3180311573909745,0.3817905004763209,0.002406229084976809,0.29342122373278656,0.3180311573909745,0.0026495856537227815,2.4121224693219654,True,True
5457,E01__U017__TOP__MINIMUM_CERTIFIED_OUTER_GAP,x14_t13,14,13,0.7617787194179874,0.7631643018738182,0.40625,0.4375,0.0175,0.02,-1e-06,1e-06,CLOSED_REPRESENTATIVE_UNIT_MODULUS_MARGIN,reciprocal,reciprocal,0,4,,holomorphic,plus,0.3053629488434137,0.3708249326592208,0.002307669406616678,0.28222413033343263,0.3053629488434137,0.0027478520672984987,2.4121227154149434,True,True
5457,E01__U017__TOP__MINIMUM_CERTIFIED_OUTER_GAP,x14_t13,14,13,0.7617787194179874,0.7631643018738182,0.40625,0.4375,0.0175,0.02,-1e-06,1e-06,CLOSED_REPRESENTATIVE_UNIT_MODULUS_MARGIN,reciprocal,reciprocal,1,4,,holomorphic,plus,0.30536294990461865,0.3708249315818531,0.002307669406616678,0.28222413033343263,0.30536294990461865,0.0027478521671783045,2.4121227153611233,True,True
5457,E01__U017__TOP__MINIMUM_CERTIFIED_OUTER_GAP,x14_t13,14,13,0.7617787194179874,0.7631643018738182,0.40625,0.4375,0.0175,0.02,-1e-06,1e-06,CLOSED_REPRESENTATIVE_UNIT_MODULUS_MARGIN,reciprocal,reciprocal,2,4,,holomorphic,plus,0.3053629187499705,0.37082489449983486,0.002307669406616678,0.28222413033343263,0.3053629187499705,0.0027478524363729203,2.4121224692681453,True,True
5457,E01__U017__TOP__MINIMUM_CERTIFIED_OUTER_GAP,x14_t13,14,13,0.7617787194179874,0.7631643018738182,0.40625,0.4375,0.0175,0.02,-1e-06,1e-06,CLOSED_REPRESENTATIVE_UNIT_MODULUS_MARGIN,reciprocal,reciprocal,3,4,,holomorphic,plus,0.3053629176887655,0.3708248955772026,0.002307669406616678,0.28222413033343263,0.3053629176887655,0.002747852336493094,2.4121224693219654,True,True
5457,E01__U017__TOP__MINIMUM_CERTIFIED_OUTER_GAP,x14_t14,14,14,0.7617787194179874,0.7631643018738182,0.4375,0.46875,0.0175,0.02,-1e-06,1e-06,CLOSED_REPRESENTATIVE_UNIT_MODULUS_MARGIN,reciprocal,reciprocal,0,4,,holomorphic,plus,0.2926353496211537,0.35992731984636905,0.0021842008580290214,0.27098510789916247,0.2926353496211537,0.002850958295519282,2.4121227154149434,True,True
5457,E01__U017__TOP__MINIMUM_CERTIFIED_OUTER_GAP,x14_t14,14,14,0.7617787194179874,0.7631643018738182,0.4375,0.46875,0.0175,0.02,-1e-06,1e-06,CLOSED_REPRESENTATIVE_UNIT_MODULUS_MARGIN,reciprocal,reciprocal,1,4,,holomorphic,plus,0.2926353507600657,0.3599273186918304,0.0021842008580290214,0.27098510789916247,0.2926353507600657,0.002850958417174674,2.4121227153611233,True,True
5457,E01__U017__TOP__MINIMUM_CERTIFIED_OUTER_GAP,x14_t14,14,14,0.7617787194179874,0.7631643018738182,0.4375,0.46875,0.0175,0.02,-1e-06,1e-06,CLOSED_REPRESENTATIVE_UNIT_MODULUS_MARGIN,reciprocal,reciprocal,2,4,,holomorphic,plus,0.29263532090391225,0.35992728269959134,0.0021842008580290214,0.27098510789916247,0.29263532090391225,0.002850958696465548,2.4121224692681453,True,True
5457,E01__U017__TOP__MINIMUM_CERTIFIED_OUTER_GAP,x14_t14,14,14,0.7617787194179874,0.7631643018738182,0.4375,0.46875,0.0175,0.02,-1e-06,1e-06,CLOSED_REPRESENTATIVE_UNIT_MODULUS_MARGIN,reciprocal,reciprocal,3,4,,holomorphic,plus,0.29263531976500023,0.35992728385413,0.0021842008580290214,0.27098510789916247,0.29263531976500023,0.002850958574810131,2.4121224693219654,True,True
5457,E01__U017__TOP__MINIMUM_CERTIFIED_OUTER_GAP,x14_t15,14,15,0.7617787194179874,0.7631643018738182,0.46875,0.5,0.0175,0.02,-1e-06,1e-06,CLOSED_REPRESENTATIVE_UNIT_MODULUS_MARGIN,reciprocal,reciprocal,0,4,,holomorphic,plus,0.279841278673705,0.3491074189133376,0.002015240266217383,0.2596973760390543,0.279841278673705,0.0029450674481042906,2.4121227154149434,True,True
5457,E01__U017__TOP__MINIMUM_CERTIFIED_OUTER_GAP,x14_t15,14,15,0.7617787194179874,0.7631643018738182,0.46875,0.5,0.0175,0.02,-1e-06,1e-06,CLOSED_REPRESENTATIVE_UNIT_MODULUS_MARGIN,reciprocal,reciprocal,1,4,,holomorphic,plus,0.2798412798989876,0.349107417672959,0.002015240266217383,0.2596973760390543,0.2798412798989876,0.0029450675922878173,2.4121227153611233,True,True
5457,E01__U017__TOP__MINIMUM_CERTIFIED_OUTER_GAP,x14_t15,14,15,0.7617787194179874,0.7631643018738182,0.46875,0.5,0.0175,0.02,-1e-06,1e-06,CLOSED_REPRESENTATIVE_UNIT_MODULUS_MARGIN,reciprocal,reciprocal,2,4,,holomorphic,plus,0.27984125134810856,0.3491073827627298,0.002015240266217383,0.2596973760390543,0.27984125134810856,0.0029450678807934876,2.4121224692681453,True,True
5457,E01__U017__TOP__MINIMUM_CERTIFIED_OUTER_GAP,x14_t15,14,15,0.7617787194179874,0.7631643018738182,0.46875,0.5,0.0175,0.02,-1e-06,1e-06,CLOSED_REPRESENTATIVE_UNIT_MODULUS_MARGIN,reciprocal,reciprocal,3,4,,holomorphic,plus,0.27984125012282596,0.34910738400310837,0.002015240266217383,0.2596973760390543,0.27984125012282596,0.002945067736609932,2.4121224693219654,True,True
5457,E01__U017__TOP__MINIMUM_CERTIFIED_OUTER_GAP,x14_t16,14,16,0.7617787194179874,0.7631643018738182,0.5,0.53125,0.0175,0.02,-1e-06,1e-06,CLOSED_REPRESENTATIVE_UNIT_MODULUS_MARGIN,reciprocal,reciprocal,0,4,,holomorphic,plus,0.26697233650600705,0.3383767966248867,0.0017792542360252571,0.24835254730661466,0.26697233650600705,0.0030178267640582506,2.4121227154149434,True,True
5457,E01__U017__TOP__MINIMUM_CERTIFIED_OUTER_GAP,x14_t16,14,16,0.7617787194179874,0.7631643018738182,0.5,0.53125,0.0175,0.02,-1e-06,1e-06,CLOSED_REPRESENTATIVE_UNIT_MODULUS_MARGIN,reciprocal,reciprocal,1,4,,holomorphic,plus,0.2669723378277493,0.3383767952885727,0.0017792542360252571,0.24835254730661466,0.2669723378277493,0.003017826932201683,2.4121227153611233,True,True
5457,E01__U017__TOP__MINIMUM_CERTIFIED_OUTER_GAP,x14_t16,14,16,0.7617787194179874,0.7631643018738182,0.5,0.53125,0.0175,0.02,-1e-06,1e-06,CLOSED_REPRESENTATIVE_UNIT_MODULUS_MARGIN,reciprocal,reciprocal,2,4,,holomorphic,plus,0.2669723105897808,0.3383767614514278,0.0017792542360252571,0.24835254730661466,0.2669723105897808,0.0030178272278301986,2.4121224692681453,True,True
5457,E01__U017__TOP__MINIMUM_CERTIFIED_OUTER_GAP,x14_t16,14,16,0.7617787194179874,0.7631643018738182,0.5,0.53125,0.0175,0.02,-1e-06,1e-06,CLOSED_REPRESENTATIVE_UNIT_MODULUS_MARGIN,reciprocal,reciprocal,3,4,,holomorphic,plus,0.26697230926803855,0.3383767627877418,0.0017792542360252571,0.24835254730661466,0.26697230926803855,0.003017827059686733,2.4121224693219654,True,True
5457,E01__U017__TOP__MINIMUM_CERTIFIED_OUTER_GAP,x14_t17,14,17,0.7617787194179874,0.7631643018738182,0.53125,0.5625,0.0175,0.02,-1e-06,1e-06,CLOSED_REPRESENTATIVE_UNIT_MODULUS_MARGIN,reciprocal,reciprocal,0,4,,holomorphic,plus,0.25401851898762107,0.3277493243716674,0.0014533749570110463,0.2369401405069264,0.25401851898762107,0.0030579474471966184,2.4121227154149434,True,True
5457,E01__U017__TOP__MINIMUM_CERTIFIED_OUTER_GAP,x14_t17,14,17,0.7617787194179874,0.7631643018738182,0.53125,0.5625,0.0175,0.02,-1e-06,1e-06,CLOSED_REPRESENTATIVE_UNIT_MODULUS_MARGIN,reciprocal,reciprocal,1,4,,holomorphic,plus,0.2540185204176507,0.3277493229275829,0.0014533749570110463,0.2369401405069264,0.2540185204176507,0.0030579476415312254,2.4121227153611233,True,True
5457,E01__U017__TOP__MINIMUM_CERTIFIED_OUTER_GAP,x14_t17,14,17,0.7617787194179874,0.7631643018738182,0.53125,0.5625,0.0175,0.02,-1e-06,1e-06,CLOSED_REPRESENTATIVE_UNIT_MODULUS_MARGIN,reciprocal,reciprocal,2,4,,holomorphic,plus,0.25401849450124936,0.3277492901532102,0.0014533749570110463,0.2369401405069264,0.25401849450124936,0.003057947941084371,2.4121224692681453,True,True
5457,E01__U017__TOP__MINIMUM_CERTIFIED_OUTER_GAP,x14_t17,14,17,0.7617787194179874,0.7631643018738182,0.53125,0.5625,0.0175,0.02,-1e-06,1e-06,CLOSED_REPRESENTATIVE_UNIT_MODULUS_MARGIN,reciprocal,reciprocal,3,4,,holomorphic,plus,0.2540184930712197,0.32774929159729466,0.0014533749570110463,0.2369401405069264,0.2540184930712197,0.003057947746749725,2.4121224693219654,True,True
5457,E01__U017__TOP__MINIMUM_CERTIFIED_OUTER_GAP,x14_t18,14,18,0.7617787194179874,0.7631643018738182,0.5625,0.59375,0.0175,0.02,-1e-06,1e-06,CLOSED_REPRESENTATIVE_UNIT_MODULUS_MARGIN,reciprocal,reciprocal,0,4,,holomorphic,plus,0.24096779608269908,0.31724177760278777,0.0010139767195315905,0.2254469161394716,0.24096779608269908,0.0030547629139720555,2.4121227154149434,True,True
5457,E01__U017__TOP__MINIMUM_CERTIFIED_OUTER_GAP,x14_t18,14,18,0.7617787194179874,0.7631643018738182,0.5625,0.59375,0.0175,0.02,-1e-06,1e-06,CLOSED_REPRESENTATIVE_UNIT_MODULUS_MARGIN,reciprocal,reciprocal,1,4,,holomorphic,plus,0.2409677976349828,0.3172417760369585,0.0010139767195315905,0.2254469161394716,0.2409677976349828,0.0030547631376523876,2.4121227153611233,True,True
5457,E01__U017__TOP__MINIMUM_CERTIFIED_OUTER_GAP,x14_t18,14,18,0.7617787194179874,0.7631643018738182,0.5625,0.59375,0.0175,0.02,-1e-06,1e-06,CLOSED_REPRESENTATIVE_UNIT_MODULUS_MARGIN,reciprocal,reciprocal,2,4,,holomorphic,plus,0.2409677730500319,0.31724174431336855,0.0010139767195315905,0.2254469161394716,0.2409677730500319,0.003054763436886626,2.4121224692681453,True,True
5457,E01__U017__TOP__MINIMUM_CERTIFIED_OUTER_GAP,x14_t18,14,18,0.7617787194179874,0.7631643018738182,0.5625,0.59375,0.0175,0.02,-1e-06,1e-06,CLOSED_REPRESENTATIVE_UNIT_MODULUS_MARGIN,reciprocal,reciprocal,3,4,,holomorphic,plus,0.24096777149774817,0.31724174587919773,0.0010139767195315905,0.2254469161394716,0.24096777149774817,0.0030547632132062494,2.4121224693219654,True,True
5457,E01__U017__TOP__MINIMUM_CERTIFIED_OUTER_GAP,x14_t19,14,19,0.7617787194179874,0.7631643018738182,0.59375,0.625,0.0175,0.02,-1e-06,1e-06,CLOSED_REPRESENTATIVE_UNIT_MODULUS_MARGIN,reciprocal,reciprocal,0,4,,holomorphic,plus,0.22780554647918266,0.30687463351349314,0.00045420202907126705,0.2138559579944945,0.22780554647918266,0.0029979702344864016,2.4121227154149434,True,True
5457,E01__U017__TOP__MINIMUM_CERTIFIED_OUTER_GAP,x14_t19,14,19,0.7617787194179874,0.7631643018738182,0.59375,0.625,0.0175,0.02,-1e-06,1e-06,CLOSED_REPRESENTATIVE_UNIT_MODULUS_MARGIN,reciprocal,reciprocal,1,4,,holomorphic,plus,0.22780554817034265,0.30687463180929064,0.00045420202907126705,0.2138559579944945,0.22780554817034265,0.0029979704917313037,2.4121227153611233,True,True
5457,E01__U017__TOP__MINIMUM_CERTIFIED_OUTER_GAP,x14_t19,14,19,0.7617787194179874,0.7631643018738182,0.59375,0.625,0.0175,0.02,-1e-06,1e-06,CLOSED_REPRESENTATIVE_UNIT_MODULUS_MARGIN,reciprocal,reciprocal,2,4,,holomorphic,plus,0.22780552492821662,0.3068746011224469,0.00045420202907126705,0.2138559579944945,0.22780552492821662,0.002997970785393384,2.4121224692681453,True,True
5457,E01__U017__TOP__MINIMUM_CERTIFIED_OUTER_GAP,x14_t19,14,19,0.7617787194179874,0.7631643018738182,0.59375,0.625,0.0175,0.02,-1e-06,1e-06,CLOSED_REPRESENTATIVE_UNIT_MODULUS_MARGIN,reciprocal,reciprocal,3,4,,holomorphic,plus,0.22780552323705666,0.30687460282664947,0.00045420202907126705,0.2138559579944945,0.22780552323705666,0.0029979705281484303,2.4121224693219654,True,True
5457,E01__U017__TOP__MINIMUM_CERTIFIED_OUTER_GAP,x14_t20,14,20,0.7617787194179874,0.7631643018738182,0.625,0.65625,0.0175,0.02,-1e-06,1e-06,CLOSED_REPRESENTATIVE_UNIT_MODULUS_MARGIN,reciprocal,reciprocal,0,4,,holomorphic,plus,0.21451378625870735,0.29667314839690545,0.0,0.20214538789988715,0.21451378625870735,0.0028778366297042878,2.4121227154149434,True,True
5457,E01__U017__TOP__MINIMUM_CERTIFIED_OUTER_GAP,x14_t20,14,20,0.7617787194179874,0.7631643018738182,0.625,0.65625,0.0175,0.02,-1e-06,1e-06,CLOSED_REPRESENTATIVE_UNIT_MODULUS_MARGIN,reciprocal,reciprocal,1,4,,holomorphic,plus,0.21451378810869562,0.2966731465343757,0.0,0.20214538789988715,0.21451378810869562,0.0028778369259013083,2.4121227153611233,True,True
5457,E01__U017__TOP__MINIMUM_CERTIFIED_OUTER_GAP,x14_t20,14,20,0.7617787194179874,0.7631643018738182,0.625,0.65625,0.0175,0.02,-1e-06,1e-06,CLOSED_REPRESENTATIVE_UNIT_MODULUS_MARGIN,reciprocal,reciprocal,2,4,,holomorphic,plus,0.21451376622260293,0.29667311686771697,0.0,0.20214538789988715,0.21451376622260293,0.00287783720778411,2.4121224692681453,True,True
5457,E01__U017__TOP__MINIMUM_CERTIFIED_OUTER_GAP,x14_t20,14,20,0.7617787194179874,0.7631643018738182,0.625,0.65625,0.0175,0.02,-1e-06,1e-06,CLOSED_REPRESENTATIVE_UNIT_MODULUS_MARGIN,reciprocal,reciprocal,3,4,,holomorphic,plus,0.21451376437261466,0.2966731187302467,0.0,0.20214538789988715,0.21451376437261466,0.00287783691158703,2.4121224693219654,True,True
5457,E01__U017__TOP__MINIMUM_CERTIFIED_OUTER_GAP,x14_t21,14,21,0.7617787194179874,0.7631643018738182,0.65625,0.6875,0.0175,0.02,-1e-06,1e-06,CLOSED_REPRESENTATIVE_UNIT_MODULUS_MARGIN,reciprocal,reciprocal,0,4,,holomorphic,plus,0.20107009751042929,0.2866688365989111,0.0,0.19028654353747917,0.20107009751042929,0.0026858962343797605,2.4121227154149434,True,True
5457,E01__U017__TOP__MINIMUM_CERTIFIED_OUTER_GAP,x14_t21,14,21,0.7617787194179874,0.7631643018738182,0.65625,0.6875,0.0175,0.02,-1e-06,1e-06,CLOSED_REPRESENTATIVE_UNIT_MODULUS_MARGIN,reciprocal,reciprocal,1,4,,holomorphic,plus,0.20107009954341834,0.2866688345538918,0.0,0.19028654353747917,0.20107009954341834,0.002685896576409451,2.4121227153611233,True,True
5457,E01__U017__TOP__MINIMUM_CERTIFIED_OUTER_GAP,x14_t21,14,21,0.7617787194179874,0.7631643018738182,0.65625,0.6875,0.0175,0.02,-1e-06,1e-06,CLOSED_REPRESENTATIVE_UNIT_MODULUS_MARGIN,reciprocal,reciprocal,2,4,,holomorphic,plus,0.2010700790288536,0.28666880588770627,0.0,0.19028654353747917,0.2010700790288536,0.00268589683947605,2.4121224692681453,True,True
5457,E01__U017__TOP__MINIMUM_CERTIFIED_OUTER_GAP,x14_t21,14,21,0.7617787194179874,0.7631643018738182,0.65625,0.6875,0.0175,0.02,-1e-06,1e-06,CLOSED_REPRESENTATIVE_UNIT_MODULUS_MARGIN,reciprocal,reciprocal,3,4,,holomorphic,plus,0.20107007699586454,0.2866688079327256,0.0,0.19028654353747917,0.20107007699586454,0.002685896497446291,2.4121224693219654,True,True
5457,E01__U017__TOP__MINIMUM_CERTIFIED_OUTER_GAP,x14_t22,14,22,0.7617787194179874,0.7631643018738182,0.6875,0.71875,0.0175,0.02,-1e-06,1e-06,CLOSED_REPRESENTATIVE_UNIT_MODULUS_MARGIN,reciprocal,reciprocal,0,4,,holomorphic,plus,0.18744611081088866,0.2769015373828373,0.0,0.178241360451009,0.18744611081088866,0.002421070036488893,2.4121227154149434,True,True
5457,E01__U017__TOP__MINIMUM_CERTIFIED_OUTER_GAP,x14_t22,14,22,0.7617787194179874,0.7631643018738182,0.6875,0.71875,0.0175,0.02,-1e-06,1e-06,CLOSED_REPRESENTATIVE_UNIT_MODULUS_MARGIN,reciprocal,reciprocal,1,4,,holomorphic,plus,0.18744611305646228,0.27690153512578203,0.0,0.178241360451009,0.18744611305646228,0.002421070423464926,2.4121227153611233,True,True
5457,E01__U017__TOP__MINIMUM_CERTIFIED_OUTER_GAP,x14_t22,14,22,0.7617787194179874,0.7631643018738182,0.6875,0.71875,0.0175,0.02,-1e-06,1e-06,CLOSED_REPRESENTATIVE_UNIT_MODULUS_MARGIN,reciprocal,reciprocal,2,4,,holomorphic,plus,0.18744609393181316,0.2769015074363752,0.0,0.178241360451009,0.18744609393181316,0.002421070660574434,2.4121224692681453,True,True
5457,E01__U017__TOP__MINIMUM_CERTIFIED_OUTER_GAP,x14_t22,14,22,0.7617787194179874,0.7631643018738182,0.6875,0.71875,0.0175,0.02,-1e-06,1e-06,CLOSED_REPRESENTATIVE_UNIT_MODULUS_MARGIN,reciprocal,reciprocal,3,4,,holomorphic,plus,0.18744609168623955,0.27690150969343047,0.0,0.178241360451009,0.18744609168623955,0.0024210702735983237,2.4121224693219654,True,True
5457,E01__U017__TOP__MINIMUM_CERTIFIED_OUTER_GAP,x14_t23,14,23,0.7617787194179874,0.7631643018738182,0.71875,0.75,0.0175,0.02,-1e-06,1e-06,CLOSED_REPRESENTATIVE_UNIT_MODULUS_MARGIN,reciprocal,reciprocal,0,4,,holomorphic,plus,0.1736053100483607,0.26742236027578214,0.0,0.1659585604147746,0.1736053100483607,0.0020458473832000407,2.4121227154149434,True,True
5457,E01__U017__TOP__MINIMUM_CERTIFIED_OUTER_GAP,x14_t23,14,23,0.7617787194179874,0.7631643018738182,0.71875,0.75,0.0175,0.02,-1e-06,1e-06,CLOSED_REPRESENTATIVE_UNIT_MODULUS_MARGIN,reciprocal,reciprocal,1,4,,holomorphic,plus,0.1736053125431283,0.26742235777017836,0.0,0.1659585604147746,0.1736053125431283,0.002045847785978156,2.4121227153611233,True,True
5457,E01__U017__TOP__MINIMUM_CERTIFIED_OUTER_GAP,x14_t23,14,23,0.7617787194179874,0.7631643018738182,0.71875,0.75,0.0175,0.02,-1e-06,1e-06,CLOSED_REPRESENTATIVE_UNIT_MODULUS_MARGIN,reciprocal,reciprocal,2,4,,holomorphic,plus,0.17360529483050635,0.2674223310287464,0.0,0.1659585604147746,0.17360529483050635,0.0020458479863206015,2.4121224692681453,True,True
5457,E01__U017__TOP__MINIMUM_CERTIFIED_OUTER_GAP,x14_t23,14,23,0.7617787194179874,0.7631643018738182,0.71875,0.75,0.0175,0.02,-1e-06,1e-06,CLOSED_REPRESENTATIVE_UNIT_MODULUS_MARGIN,reciprocal,reciprocal,3,4,,holomorphic,plus,0.17360529233573874,0.2674223335343502,0.0,0.1659585604147746,0.17360529233573874,0.0020458475835424057,2.4121224693219654,True,True
5457,E01__U017__TOP__MINIMUM_CERTIFIED_OUTER_GAP,x14_t24,14,24,0.7617787194179874,0.7631643018738182,0.75,0.78125,0.0175,0.02,-1e-06,1e-06,CLOSED_REPRESENTATIVE_UNIT_MODULUS_MARGIN,reciprocal,reciprocal,0,4,,holomorphic,plus,0.159499785090707,0.2582979715848348,0.0,0.153368030917555,0.159499785090707,0.0015157345055086438,2.4121227154149434,True,True
5457,E01__U017__TOP__MINIMUM_CERTIFIED_OUTER_GAP,x14_t24,14,24,0.7617787194179874,0.7631643018738182,0.75,0.78125,0.0175,0.02,-1e-06,1e-06,CLOSED_REPRESENTATIVE_UNIT_MODULUS_MARGIN,reciprocal,reciprocal,1,4,,holomorphic,plus,0.1594997878805236,0.258297968785052,0.0,0.153368030917555,0.1594997878805236,0.0015157349301919607,2.4121227153611233,True,True
5457,E01__U017__TOP__MINIMUM_CERTIFIED_OUTER_GAP,x14_t24,14,24,0.7617787194179874,0.7631643018738182,0.75,0.78125,0.0175,0.02,-1e-06,1e-06,CLOSED_REPRESENTATIVE_UNIT_MODULUS_MARGIN,reciprocal,reciprocal,2,4,,holomorphic,plus,0.15949977160692616,0.25829794295612657,0.0,0.153368030917555,0.15949977160692616,0.0015157350785901722,2.4121224692681453,True,True
5457,E01__U017__TOP__MINIMUM_CERTIFIED_OUTER_GAP,x14_t24,14,24,0.7617787194179874,0.7631643018738182,0.75,0.78125,0.0175,0.02,-1e-06,1e-06,CLOSED_REPRESENTATIVE_UNIT_MODULUS_MARGIN,reciprocal,reciprocal,3,4,,holomorphic,plus,0.15949976881710956,0.2582979457559094,0.0,0.153368030917555,0.15949976881710956,0.0015157346539067702,2.4121224693219654,True,True
5457,E01__U017__TOP__MINIMUM_CERTIFIED_OUTER_GAP,x14_t25,14,25,0.7617787194179874,0.7631643018738182,0.78125,0.8125,0.0175,0.02,-1e-06,1e-06,CLOSED_REPRESENTATIVE_UNIT_MODULUS_MARGIN,reciprocal,reciprocal,0,4,,holomorphic,plus,0.14506247953268825,0.24961986902115688,0.0,0.14036857613910347,0.14506247953268825,0.0007945095590189917,2.4121227154149434,True,True
5457,E01__U017__TOP__MINIMUM_CERTIFIED_OUTER_GAP,x14_t25,14,25,0.7617787194179874,0.7631643018738182,0.78125,0.8125,0.0175,0.02,-1e-06,1e-06,CLOSED_REPRESENTATIVE_UNIT_MODULUS_MARGIN,reciprocal,reciprocal,1,4,,holomorphic,plus,0.14506248267654576,0.24961986586873866,0.0,0.14036857613910347,0.14506248267654576,0.0007945100145598176,2.4121227153611233,True,True
5457,E01__U017__TOP__MINIMUM_CERTIFIED_OUTER_GAP,x14_t25,14,25,0.7617787194179874,0.7631643018738182,0.78125,0.8125,0.0175,0.02,-1e-06,1e-06,CLOSED_REPRESENTATIVE_UNIT_MODULUS_MARGIN,reciprocal,reciprocal,2,4,,holomorphic,plus,0.14506246787580834,0.2496198409077045,0.0,0.14036857613910347,0.14506246787580834,0.0007945100922870052,2.4121224692681453,True,True
5457,E01__U017__TOP__MINIMUM_CERTIFIED_OUTER_GAP,x14_t25,14,25,0.7617787194179874,0.7631643018738182,0.78125,0.8125,0.0175,0.02,-1e-06,1e-06,CLOSED_REPRESENTATIVE_UNIT_MODULUS_MARGIN,reciprocal,reciprocal,3,4,,holomorphic,plus,0.14506246473195084,0.24961984406012272,0.0,0.14036857613910347,0.14506246473195084,0.000794509636746088,2.4121224693219654,True,True
5457,E01__U017__TOP__MINIMUM_CERTIFIED_OUTER_GAP,x14_t26,14,26,0.7617787194179874,0.7631643018738182,0.8125,0.84375,0.0175,0.02,-1e-06,1e-06,CLOSED_REPRESENTATIVE_UNIT_MODULUS_MARGIN,reciprocal,reciprocal,0,4,,holomorphic,plus,0.12982525993132246,0.24189579983847606,0.0,0.1268114442974477,0.12982525993132246,0.0,2.4121227154149434,True,True
5457,E01__U017__TOP__MINIMUM_CERTIFIED_OUTER_GAP,x14_t26,14,26,0.7617787194179874,0.7631643018738182,0.8125,0.84375,0.0175,0.02,-1e-06,1e-06,CLOSED_REPRESENTATIVE_UNIT_MODULUS_MARGIN,reciprocal,reciprocal,1,4,,holomorphic,plus,0.12982526350578683,0.24189579625597984,0.0,0.1268114442974477,0.12982526350578683,0.0,2.4121227153611233,True,True
5457,E01__U017__TOP__MINIMUM_CERTIFIED_OUTER_GAP,x14_t26,14,26,0.7617787194179874,0.7631643018738182,0.8125,0.84375,0.0175,0.02,-1e-06,1e-06,CLOSED_REPRESENTATIVE_UNIT_MODULUS_MARGIN,reciprocal,reciprocal,2,4,,holomorphic,plus,0.12982525025950162,0.2418957720674514,0.0,0.1268114442974477,0.12982525025950162,0.0,2.4121224692681453,True,True
5457,E01__U017__TOP__MINIMUM_CERTIFIED_OUTER_GAP,x14_t26,14,26,0.7617787194179874,0.7631643018738182,0.8125,0.84375,0.0175,0.02,-1e-06,1e-06,CLOSED_REPRESENTATIVE_UNIT_MODULUS_MARGIN,reciprocal,reciprocal,3,4,,holomorphic,plus,0.12982524668503725,0.2418957756499476,0.0,0.1268114442974477,0.12982524668503725,0.0,2.4121224693219654,True,True
5457,E01__U017__TOP__MINIMUM_CERTIFIED_OUTER_GAP,x14_t27,14,27,0.7617787194179874,0.7631643018738182,0.84375,0.875,0.0175,0.02,-1e-06,1e-06,CLOSED_REPRESENTATIVE_UNIT_MODULUS_MARGIN,reciprocal,reciprocal,0,4,,holomorphic,plus,0.11382606400339844,0.23512720985507138,0.0,0.11249973969495144,0.11382606400339844,0.0,2.4121227154149434,True,True
5457,E01__U017__TOP__MINIMUM_CERTIFIED_OUTER_GAP,x14_t27,14,27,0.7617787194179874,0.7631643018738182,0.84375,0.875,0.0175,0.02,-1e-06,1e-06,CLOSED_REPRESENTATIVE_UNIT_MODULUS_MARGIN,reciprocal,reciprocal,1,4,,holomorphic,plus,0.11382606810751222,0.2351272057424725,0.0,0.11249973969495144,0.11382606810751222,0.0,2.4121227153611233,True,True
5457,E01__U017__TOP__MINIMUM_CERTIFIED_OUTER_GAP,x14_t27,14,27,0.7617787194179874,0.7631643018738182,0.84375,0.875,0.0175,0.02,-1e-06,1e-06,CLOSED_REPRESENTATIVE_UNIT_MODULUS_MARGIN,reciprocal,reciprocal,2,4,,holomorphic,plus,0.11382605649339547,0.2351271822309248,0.0,0.11249973969495144,0.11382605649339547,0.0,2.4121224692681453,True,True
5457,E01__U017__TOP__MINIMUM_CERTIFIED_OUTER_GAP,x14_t27,14,27,0.7617787194179874,0.7631643018738182,0.84375,0.875,0.0175,0.02,-1e-06,1e-06,CLOSED_REPRESENTATIVE_UNIT_MODULUS_MARGIN,reciprocal,reciprocal,3,4,,holomorphic,plus,0.11382605238928169,0.23512718634352367,0.0,0.11249973969495144,0.11382605238928169,0.0,2.4121224693219654,True,True
5457,E01__U017__TOP__MINIMUM_CERTIFIED_OUTER_GAP,x14_t28,14,28,0.7617787194179874,0.7631643018738182,0.875,0.90625,0.0175,0.02,-1e-06,1e-06,CLOSED_REPRESENTATIVE_UNIT_MODULUS_MARGIN,reciprocal,reciprocal,0,4,,minus,minus,0.09713651855133248,0.19368717373162864,0.0,0.09713651855133248,0.0969084127778078,0.0,2.4121227154149434,True,True
5457,E01__U017__TOP__MINIMUM_CERTIFIED_OUTER_GAP,x14_t28,14,28,0.7617787194179874,0.7631643018738182,0.875,0.90625,0.0175,0.02,-1e-06,1e-06,CLOSED_REPRESENTATIVE_UNIT_MODULUS_MARGIN,reciprocal,reciprocal,1,4,,minus,minus,0.09713651855133248,0.19368717373162864,0.0,0.09713651855133248,0.09690841754132387,0.0,2.4121227153611233,True,True
5457,E01__U017__TOP__MINIMUM_CERTIFIED_OUTER_GAP,x14_t28,14,28,0.7617787194179874,0.7631643018738182,0.875,0.90625,0.0175,0.02,-1e-06,1e-06,CLOSED_REPRESENTATIVE_UNIT_MODULUS_MARGIN,reciprocal,reciprocal,2,4,,minus,minus,0.09713651855133248,0.19368717373162864,0.0,0.09713651855133248,0.09690840765304927,0.0,2.4121224692681453,True,True
5457,E01__U017__TOP__MINIMUM_CERTIFIED_OUTER_GAP,x14_t28,14,28,0.7617787194179874,0.7631643018738182,0.875,0.90625,0.0175,0.02,-1e-06,1e-06,CLOSED_REPRESENTATIVE_UNIT_MODULUS_MARGIN,reciprocal,reciprocal,3,4,,minus,minus,0.09713651855133248,0.19368717373162864,0.0,0.09713651855133248,0.0969084028895332,0.0,2.4121224693219654,True,True
5457,E01__U017__TOP__MINIMUM_CERTIFIED_OUTER_GAP,x14_t29,14,29,0.7617787194179874,0.7631643018738182,0.90625,0.9375,0.0175,0.02,-1e-06,1e-06,CLOSED_REPRESENTATIVE_UNIT_MODULUS_MARGIN,reciprocal,reciprocal,0,4,,minus,minus,0.08028178769859161,0.19059972034451664,0.0,0.08028178769859161,0.07872441150254478,0.0,2.4121227154149434,True,True
5457,E01__U017__TOP__MINIMUM_CERTIFIED_OUTER_GAP,x14_t29,14,29,0.7617787194179874,0.7631643018738182,0.90625,0.9375,0.0175,0.02,-1e-06,1e-06,CLOSED_REPRESENTATIVE_UNIT_MODULUS_MARGIN,reciprocal,reciprocal,1,4,,minus,minus,0.08028178769859161,0.19059972034451664,0.0,0.08028178769859161,0.07872441709691162,0.0,2.4121227153611233,True,True
5457,E01__U017__TOP__MINIMUM_CERTIFIED_OUTER_GAP,x14_t29,14,29,0.7617787194179874,0.7631643018738182,0.90625,0.9375,0.0175,0.02,-1e-06,1e-06,CLOSED_REPRESENTATIVE_UNIT_MODULUS_MARGIN,reciprocal,reciprocal,2,4,,minus,minus,0.08028178769859161,0.19059972034451664,0.0,0.08028178769859161,0.07872440906363663,0.0,2.4121224692681453,True,True
5457,E01__U017__TOP__MINIMUM_CERTIFIED_OUTER_GAP,x14_t29,14,29,0.7617787194179874,0.7631643018738182,0.90625,0.9375,0.0175,0.02,-1e-06,1e-06,CLOSED_REPRESENTATIVE_UNIT_MODULUS_MARGIN,reciprocal,reciprocal,3,4,,minus,minus,0.08028178769859161,0.19059972034451664,0.0,0.08028178769859161,0.07872440346926977,0.0,2.4121224693219654,True,True
5457,E01__U017__TOP__MINIMUM_CERTIFIED_OUTER_GAP,x14_t30,14,30,0.7617787194179874,0.7631643018738182,0.9375,0.96875,0.0175,0.02,-1e-06,1e-06,CLOSED_REPRESENTATIVE_UNIT_MODULUS_MARGIN,reciprocal,reciprocal,0,4,,minus,minus,0.061286196145141594,0.19006493874152716,0.0,0.061286196145141594,0.058751472767018864,0.0,2.4121227154149434,True,True
5457,E01__U017__TOP__MINIMUM_CERTIFIED_OUTER_GAP,x14_t30,14,30,0.7617787194179874,0.7631643018738182,0.9375,0.96875,0.0175,0.02,-1e-06,1e-06,CLOSED_REPRESENTATIVE_UNIT_MODULUS_MARGIN,reciprocal,reciprocal,1,4,,minus,minus,0.061286196145141594,0.19006493874152716,0.0,0.061286196145141594,0.058751479411994774,0.0,2.4121227153611233,True,True
5457,E01__U017__TOP__MINIMUM_CERTIFIED_OUTER_GAP,x14_t30,14,30,0.7617787194179874,0.7631643018738182,0.9375,0.96875,0.0175,0.02,-1e-06,1e-06,CLOSED_REPRESENTATIVE_UNIT_MODULUS_MARGIN,reciprocal,reciprocal,2,4,,minus,minus,0.061286196145141594,0.19006493874152716,0.0,0.061286196145141594,0.0587514734161821,0.0,2.4121224692681453,True,True
5457,E01__U017__TOP__MINIMUM_CERTIFIED_OUTER_GAP,x14_t30,14,30,0.7617787194179874,0.7631643018738182,0.9375,0.96875,0.0175,0.02,-1e-06,1e-06,CLOSED_REPRESENTATIVE_UNIT_MODULUS_MARGIN,reciprocal,reciprocal,3,4,,minus,minus,0.061286196145141594,0.19006493874152716,0.0,0.061286196145141594,0.058751466771206184,0.0,2.4121224693219654,True,True
5457,E01__U017__TOP__MINIMUM_CERTIFIED_OUTER_GAP,x14_t31,14,31,0.7617787194179874,0.7631643018738182,0.96875,1.0,0.0175,0.02,-1e-06,1e-06,CLOSED_REPRESENTATIVE_UNIT_MODULUS_MARGIN,reciprocal,reciprocal,0,4,,minus,minus,0.03931650469751336,0.19320005030238566,0.0,0.03931650469751336,0.03622027816559793,0.0,2.4121227154149434,True,True
5457,E01__U017__TOP__MINIMUM_CERTIFIED_OUTER_GAP,x14_t31,14,31,0.7617787194179874,0.7631643018738182,0.96875,1.0,0.0175,0.02,-1e-06,1e-06,CLOSED_REPRESENTATIVE_UNIT_MODULUS_MARGIN,reciprocal,reciprocal,1,4,,minus,minus,0.03931650469751336,0.19320005030238566,0.0,0.03931650469751336,0.03622028607721469,0.0,2.4121227153611233,True,True
5457,E01__U017__TOP__MINIMUM_CERTIFIED_OUTER_GAP,x14_t31,14,31,0.7617787194179874,0.7631643018738182,0.96875,1.0,0.0175,0.02,-1e-06,1e-06,CLOSED_REPRESENTATIVE_UNIT_MODULUS_MARGIN,reciprocal,reciprocal,2,4,,minus,minus,0.03931650469751336,0.19320005030238566,0.0,0.03931650469751336,0.03622028237981856,0.0,2.4121224692681453,True,True
5457,E01__U017__TOP__MINIMUM_CERTIFIED_OUTER_GAP,x14_t31,14,31,0.7617787194179874,0.7631643018738182,0.96875,1.0,0.0175,0.02,-1e-06,1e-06,CLOSED_REPRESENTATIVE_UNIT_MODULUS_MARGIN,reciprocal,reciprocal,3,4,,minus,minus,0.03931650469751336,0.19320005030238566,0.0,0.03931650469751336,0.0362202744682018,0.0,2.4121224693219654,True,True
5457,E01__U017__TOP__MINIMUM_CERTIFIED_OUTER_GAP,x15_t00,15,0,0.7631643018738182,0.7645498843296492,0.0,0.03125,0.0175,0.02,-1e-06,1e-06,CLOSED_REPRESENTATIVE_UNIT_MODULUS_MARGIN,reciprocal,reciprocal,0,4,,holomorphic,plus,0.46663619372952053,0.5164129576038636,0.003643899882581201,0.425568764601025,0.46663619372952053,0.003216074913425871,2.4199944766042765,True,True
5457,E01__U017__TOP__MINIMUM_CERTIFIED_OUTER_GAP,x15_t00,15,0,0.7631643018738182,0.7645498843296492,0.0,0.03125,0.0175,0.02,-1e-06,1e-06,CLOSED_REPRESENTATIVE_UNIT_MODULUS_MARGIN,reciprocal,reciprocal,1,4,,holomorphic,plus,0.466636194220423,0.5164129570896329,0.003643899882581201,0.425568764601025,0.466636194220423,0.003216075389680438,2.4199944765502748,True,True
5457,E01__U017__TOP__MINIMUM_CERTIFIED_OUTER_GAP,x15_t00,15,0,0.7631643018738182,0.7645498843296492,0.0,0.03125,0.0175,0.02,-1e-06,1e-06,CLOSED_REPRESENTATIVE_UNIT_MODULUS_MARGIN,reciprocal,reciprocal,2,4,,holomorphic,plus,0.4666361466065452,0.5164129054486821,0.003643899882581201,0.425568764601025,0.4666361466065452,0.0032160757046196206,2.419994229624537,True,True
5457,E01__U017__TOP__MINIMUM_CERTIFIED_OUTER_GAP,x15_t00,15,0,0.7631643018738182,0.7645498843296492,0.0,0.03125,0.0175,0.02,-1e-06,1e-06,CLOSED_REPRESENTATIVE_UNIT_MODULUS_MARGIN,reciprocal,reciprocal,3,4,,holomorphic,plus,0.46663614611564264,0.5164129059629129,0.003643899882581201,0.425568764601025,0.46663614611564264,0.003216075228364958,2.4199942296785393,True,True
5457,E01__U017__TOP__MINIMUM_CERTIFIED_OUTER_GAP,x15_t01,15,1,0.7631643018738182,0.7645498843296492,0.03125,0.0625,0.0175,0.02,-1e-06,1e-06,CLOSED_REPRESENTATIVE_UNIT_MODULUS_MARGIN,reciprocal,reciprocal,0,4,,holomorphic,plus,0.454378852359099,0.5050454918346376,0.0035670106795651075,0.4146267165382332,0.454378852359099,0.0031551723613519214,2.4199944766042765,True,True
5457,E01__U017__TOP__MINIMUM_CERTIFIED_OUTER_GAP,x15_t01,15,1,0.7631643018738182,0.7645498843296492,0.03125,0.0625,0.0175,0.02,-1e-06,1e-06,CLOSED_REPRESENTATIVE_UNIT_MODULUS_MARGIN,reciprocal,reciprocal,1,4,,holomorphic,plus,0.45437885287691154,0.5050454912940536,0.0035670106795651075,0.4146267165382332,0.45437885287691154,0.0031551727785759744,2.4199944765502748,True,True
5457,E01__U017__TOP__MINIMUM_CERTIFIED_OUTER_GAP,x15_t01,15,1,0.7631643018738182,0.7645498843296492,0.03125,0.0625,0.0175,0.02,-1e-06,1e-06,CLOSED_REPRESENTATIVE_UNIT_MODULUS_MARGIN,reciprocal,reciprocal,2,4,,holomorphic,plus,0.4543788065137132,0.5050454407898555,0.0035670106795651075,0.4146267165382332,0.4543788065137132,0.003155173087563931,2.419994229624537,True,True
5457,E01__U017__TOP__MINIMUM_CERTIFIED_OUTER_GAP,x15_t01,15,1,0.7631643018738182,0.7645498843296492,0.03125,0.0625,0.0175,0.02,-1e-06,1e-06,CLOSED_REPRESENTATIVE_UNIT_MODULUS_MARGIN,reciprocal,reciprocal,3,4,,holomorphic,plus,0.4543788059959007,0.5050454413304396,0.0035670106795651075,0.4146267165382332,0.4543788059959007,0.0031551726703397944,2.4199942296785393,True,True
5457,E01__U017__TOP__MINIMUM_CERTIFIED_OUTER_GAP,x15_t02,15,2,0.7631643018738182,0.7645498843296492,0.0625,0.09375,0.0175,0.02,-1e-06,1e-06,CLOSED_REPRESENTATIVE_UNIT_MODULUS_MARGIN,reciprocal,reciprocal,0,4,,holomorphic,plus,0.44210053916686265,0.49369649686915745,0.0034857223847807243,0.40367310123363315,0.44210053916686265,0.0030911149869411406,2.4199944766042765,True,True
5457,E01__U017__TOP__MINIMUM_CERTIFIED_OUTER_GAP,x15_t02,15,2,0.7631643018738182,0.7645498843296492,0.0625,0.09375,0.0175,0.02,-1e-06,1e-06,CLOSED_REPRESENTATIVE_UNIT_MODULUS_MARGIN,reciprocal,reciprocal,1,4,,holomorphic,plus,0.44210053971344415,0.4936964963003609,0.0034857223847807243,0.40367310123363315,0.44210053971344415,0.0030911153465252874,2.4199944765502748,True,True
5457,E01__U017__TOP__MINIMUM_CERTIFIED_OUTER_GAP,x15_t02,15,2,0.7631643018738182,0.7645498843296492,0.0625,0.09375,0.0175,0.02,-1e-06,1e-06,CLOSED_REPRESENTATIVE_UNIT_MODULUS_MARGIN,reciprocal,reciprocal,2,4,,holomorphic,plus,0.4421004946030649,0.49369644693106884,0.0034857223847807243,0.40367310123363315,0.4421004946030649,0.003091115649252604,2.419994229624537,True,True
5457,E01__U017__TOP__MINIMUM_CERTIFIED_OUTER_GAP,x15_t02,15,2,0.7631643018738182,0.7645498843296492,0.0625,0.09375,0.0175,0.02,-1e-06,1e-06,CLOSED_REPRESENTATIVE_UNIT_MODULUS_MARGIN,reciprocal,reciprocal,3,4,,holomorphic,plus,0.44210049405648333,0.4936964474998654,0.0034857223847807243,0.40367310123363315,0.44210049405648333,0.0030911152896683854,2.4199942296785393,True,True
5457,E01__U017__TOP__MINIMUM_CERTIFIED_OUTER_GAP,x15_t03,15,3,0.7631643018738182,0.7645498843296492,0.09375,0.125,0.0175,0.02,-1e-06,1e-06,CLOSED_REPRESENTATIVE_UNIT_MODULUS_MARGIN,reciprocal,reciprocal,0,4,,holomorphic,plus,0.42979965929731145,0.4823678556287449,0.0033995859551018037,0.3927069192612245,0.42979965929731145,0.003023609024714632,2.4199944766042765,True,True
5457,E01__U017__TOP__MINIMUM_CERTIFIED_OUTER_GAP,x15_t03,15,3,0.7631643018738182,0.7645498843296492,0.09375,0.125,0.0175,0.02,-1e-06,1e-06,CLOSED_REPRESENTATIVE_UNIT_MODULUS_MARGIN,reciprocal,reciprocal,1,4,,holomorphic,plus,0.42979965987471136,0.48236785502968604,0.0033995859551018037,0.3927069192612245,0.42979965987471136,0.0030236093281402654,2.4199944765502748,True,True
5457,E01__U017__TOP__MINIMUM_CERTIFIED_OUTER_GAP,x15_t03,15,3,0.7631643018738182,0.7645498843296492,0.09375,0.125,0.0175,0.02,-1e-06,1e-06,CLOSED_REPRESENTATIVE_UNIT_MODULUS_MARGIN,reciprocal,reciprocal,2,4,,holomorphic,plus,0.4297996160194532,0.48236780679326513,0.0033995859551018037,0.3927069192612245,0.4297996160194532,0.0030236096242687257,2.419994229624537,True,True
5457,E01__U017__TOP__MINIMUM_CERTIFIED_OUTER_GAP,x15_t03,15,3,0.7631643018738182,0.7645498843296492,0.09375,0.125,0.0175,0.02,-1e-06,1e-06,CLOSED_REPRESENTATIVE_UNIT_MODULUS_MARGIN,reciprocal,reciprocal,3,4,,holomorphic,plus,0.42979961544205325,0.482367807392324,0.0033995859551018037,0.3927069192612245,0.42979961544205325,0.0030236093208430314,2.4199942296785393,True,True
5457,E01__U017__TOP__MINIMUM_CERTIFIED_OUTER_GAP,x15_t04,15,4,0.7631643018738182,0.7645498843296492,0.125,0.15625,0.0175,0.02,-1e-06,1e-06,CLOSED_REPRESENTATIVE_UNIT_MODULUS_MARGIN,reciprocal,reciprocal,0,4,,holomorphic,plus,0.41747465136681267,0.471061473883342,0.003308085361123806,0.38172710818637917,0.41747465136681267,0.002952322707334885,2.4199944766042765,True,True
5457,E01__U017__TOP__MINIMUM_CERTIFIED_OUTER_GAP,x15_t04,15,4,0.7631643018738182,0.7645498843296492,0.125,0.15625,0.0175,0.02,-1e-06,1e-06,CLOSED_REPRESENTATIVE_UNIT_MODULUS_MARGIN,reciprocal,reciprocal,1,4,,holomorphic,plus,0.4174746519772951,0.4710614732517563,0.003308085361123806,0.38172710818637917,0.4174746519772951,0.0029523229561807486,2.4199944765502748,True,True
5457,E01__U017__TOP__MINIMUM_CERTIFIED_OUTER_GAP,x15_t04,15,4,0.7631643018738182,0.7645498843296492,0.125,0.15625,0.0175,0.02,-1e-06,1e-06,CLOSED_REPRESENTATIVE_UNIT_MODULUS_MARGIN,reciprocal,reciprocal,2,4,,holomorphic,plus,0.41747460937961944,0.47106142614598107,0.003308085361123806,0.38172710818637917,0.41747460937961944,0.00295232324533961,2.419994229624537,True,True
5457,E01__U017__TOP__MINIMUM_CERTIFIED_OUTER_GAP,x15_t04,15,4,0.7631643018738182,0.7645498843296492,0.125,0.15625,0.0175,0.02,-1e-06,1e-06,CLOSED_REPRESENTATIVE_UNIT_MODULUS_MARGIN,reciprocal,reciprocal,3,4,,holomorphic,plus,0.41747460876913695,0.4710614267775668,0.003308085361123806,0.38172710818637917,0.41747460876913695,0.0029523229964936964,2.4199942296785393,True,True
5457,E01__U017__TOP__MINIMUM_CERTIFIED_OUTER_GAP,x15_t05,15,5,0.7631643018738182,0.7645498843296492,0.15625,0.1875,0.0175,0.02,-1e-06,1e-06,CLOSED_REPRESENTATIVE_UNIT_MODULUS_MARGIN,reciprocal,reciprocal,0,4,,holomorphic,plus,0.40512360911934936,0.4597796767012232,0.0032106254732876607,0.3707323937739832,0.40512360911934936,0.002876875858912884,2.4199944766042765,True,True
5457,E01__U017__TOP__MINIMUM_CERTIFIED_OUTER_GAP,x15_t05,15,5,0.7631643018738182,0.7645498843296492,0.15625,0.1875,0.0175,0.02,-1e-06,1e-06,CLOSED_REPRESENTATIVE_UNIT_MODULUS_MARGIN,reciprocal,reciprocal,1,4,,holomorphic,plus,0.4051236097654235,0.4597796760346009,0.0032106254732876607,0.3707323937739832,0.4051236097654235,0.0028768760548690906,2.4199944765502748,True,True
5457,E01__U017__TOP__MINIMUM_CERTIFIED_OUTER_GAP,x15_t05,15,5,0.7631643018738182,0.7645498843296492,0.15625,0.1875,0.0175,0.02,-1e-06,1e-06,CLOSED_REPRESENTATIVE_UNIT_MODULUS_MARGIN,reciprocal,reciprocal,2,4,,holomorphic,plus,0.4051235684279862,0.45977963005701344,0.0032106254732876607,0.3707323937739832,0.4051235684279862,0.0028768763366503387,2.419994229624537,True,True
5457,E01__U017__TOP__MINIMUM_CERTIFIED_OUTER_GAP,x15_t05,15,5,0.7631643018738182,0.7645498843296492,0.15625,0.1875,0.0175,0.02,-1e-06,1e-06,CLOSED_REPRESENTATIVE_UNIT_MODULUS_MARGIN,reciprocal,reciprocal,3,4,,holomorphic,plus,0.405123567781912,0.4597796307236358,0.0032106254732876607,0.3707323937739832,0.405123567781912,0.0028768761406940927,2.4199942296785393,True,True
5457,E01__U017__TOP__MINIMUM_CERTIFIED_OUTER_GAP,x15_t06,15,6,0.7631643018738182,0.7645498843296492,0.1875,0.21875,0.0175,0.02,-1e-06,1e-06,CLOSED_REPRESENTATIVE_UNIT_MODULUS_MARGIN,reciprocal,reciprocal,0,4,,holomorphic,plus,0.39274440171957087,0.44852509819404995,0.0031065162472483903,0.3597212843828748,0.39274440171957087,0.0027968330350841343,2.4199944766042765,True,True
5457,E01__U017__TOP__MINIMUM_CERTIFIED_OUTER_GAP,x15_t06,15,6,0.7631643018738182,0.7645498843296492,0.1875,0.21875,0.0175,0.02,-1e-06,1e-06,CLOSED_REPRESENTATIVE_UNIT_MODULUS_MARGIN,reciprocal,reciprocal,1,4,,holomorphic,plus,0.3927444024040277,0.4485250974895993,0.0031065162472483903,0.3597212843828748,0.3927444024040277,0.002796833179965458,2.4199944765502748,True,True
5457,E01__U017__TOP__MINIMUM_CERTIFIED_OUTER_GAP,x15_t06,15,6,0.7631643018738182,0.7645498843296492,0.1875,0.21875,0.0175,0.02,-1e-06,1e-06,CLOSED_REPRESENTATIVE_UNIT_MODULUS_MARGIN,reciprocal,reciprocal,2,4,,holomorphic,plus,0.3927443623297019,0.4485250526374785,0.0031065162472483903,0.3597212843828748,0.3927443623297019,0.0027968334539183884,2.419994229624537,True,True
5457,E01__U017__TOP__MINIMUM_CERTIFIED_OUTER_GAP,x15_t06,15,6,0.7631643018738182,0.7645498843296492,0.1875,0.21875,0.0175,0.02,-1e-06,1e-06,CLOSED_REPRESENTATIVE_UNIT_MODULUS_MARGIN,reciprocal,reciprocal,3,4,,holomorphic,plus,0.39274436164524507,0.44852505334192916,0.0031065162472483903,0.3597212843828748,0.39274436164524507,0.002796833309037035,2.4199942296785393,True,True
5457,E01__U017__TOP__MINIMUM_CERTIFIED_OUTER_GAP,x15_t07,15,7,0.7631643018738182,0.7645498843296492,0.21875,0.25,0.0175,0.02,-1e-06,1e-06,CLOSED_REPRESENTATIVE_UNIT_MODULUS_MARGIN,reciprocal,reciprocal,0,4,,holomorphic,plus,0.3803346389217038,0.43730073211515436,0.0029949530220525654,0.34869204656631364,0.3803346389217038,0.0027116930032873264,2.4199944766042765,True,True
5457,E01__U017__TOP__MINIMUM_CERTIFIED_OUTER_GAP,x15_t07,15,7,0.7631643018738182,0.7645498843296492,0.21875,0.25,0.0175,0.02,-1e-06,1e-06,CLOSED_REPRESENTATIVE_UNIT_MODULUS_MARGIN,reciprocal,reciprocal,1,4,,holomorphic,plus,0.38033463964765807,0.43730073136975967,0.0029949530220525654,0.34869204656631364,0.38033463964765807,0.00271169309904867,2.4199944765502748,True,True
5457,E01__U017__TOP__MINIMUM_CERTIFIED_OUTER_GAP,x15_t07,15,7,0.7631643018738182,0.7645498843296492,0.21875,0.25,0.0175,0.02,-1e-06,1e-06,CLOSED_REPRESENTATIVE_UNIT_MODULUS_MARGIN,reciprocal,reciprocal,2,4,,holomorphic,plus,0.3803346008395609,0.43730068764008495,0.0029949530220525654,0.34869204656631364,0.3803346008395609,0.0027116933646734393,2.419994229624537,True,True
5457,E01__U017__TOP__MINIMUM_CERTIFIED_OUTER_GAP,x15_t07,15,7,0.7631643018738182,0.7645498843296492,0.21875,0.25,0.0175,0.02,-1e-06,1e-06,CLOSED_REPRESENTATIVE_UNIT_MODULUS_MARGIN,reciprocal,reciprocal,3,4,,holomorphic,plus,0.3803346001136066,0.43730068838547964,0.0029949530220525654,0.34869204656631364,0.3803346001136066,0.0027116932689120765,2.4199942296785393,True,True
5457,E01__U017__TOP__MINIMUM_CERTIFIED_OUTER_GAP,x15_t08,15,8,0.7631643018738182,0.7645498843296492,0.25,0.28125,0.0175,0.02,-1e-06,1e-06,CLOSED_REPRESENTATIVE_UNIT_MODULUS_MARGIN,reciprocal,reciprocal,0,4,,holomorphic,plus,0.36789162839354594,0.4261099936372531,0.0028749917806243936,0.33764277049733565,0.36789162839354594,0.0026208757440015894,2.4199944766042765,True,True
5457,E01__U017__TOP__MINIMUM_CERTIFIED_OUTER_GAP,x15_t08,15,8,0.7631643018738182,0.7645498843296492,0.25,0.28125,0.0175,0.02,-1e-06,1e-06,CLOSED_REPRESENTATIVE_UNIT_MODULUS_MARGIN,reciprocal,reciprocal,1,4,,holomorphic,plus,0.3678916291644863,0.4261099928474245,0.0028749917806243936,0.33764277049733565,0.3678916291644863,0.0026208757927560717,2.4199944765502748,True,True
5457,E01__U017__TOP__MINIMUM_CERTIFIED_OUTER_GAP,x15_t08,15,8,0.7631643018738182,0.7645498843296492,0.25,0.28125,0.0175,0.02,-1e-06,1e-06,CLOSED_REPRESENTATIVE_UNIT_MODULUS_MARGIN,reciprocal,reciprocal,2,4,,holomorphic,plus,0.36789159162600926,0.42610995023683385,0.0028749917806243936,0.33764277049733565,0.36789159162600926,0.002620876049495975,2.419994229624537,True,True
5457,E01__U017__TOP__MINIMUM_CERTIFIED_OUTER_GAP,x15_t08,15,8,0.7631643018738182,0.7645498843296492,0.25,0.28125,0.0175,0.02,-1e-06,1e-06,CLOSED_REPRESENTATIVE_UNIT_MODULUS_MARGIN,reciprocal,reciprocal,3,4,,holomorphic,plus,0.3678915908550689,0.42610995102666244,0.0028749917806243936,0.33764277049733565,0.3678915908550689,0.0026208760007414827,2.4199942296785393,True,True
5457,E01__U017__TOP__MINIMUM_CERTIFIED_OUTER_GAP,x15_t09,15,9,0.7631643018738182,0.7645498843296492,0.28125,0.3125,0.0175,0.02,-1e-06,1e-06,CLOSED_REPRESENTATIVE_UNIT_MODULUS_MARGIN,reciprocal,reciprocal,0,4,,holomorphic,plus,0.35541232408853135,0.4149567942106774,0.0027455178391634642,0.3265711550898113,0.35541232408853135,0.002523706274593097,2.4199944766042765,True,True
5457,E01__U017__TOP__MINIMUM_CERTIFIED_OUTER_GAP,x15_t09,15,9,0.7631643018738182,0.7645498843296492,0.28125,0.3125,0.0175,0.02,-1e-06,1e-06,CLOSED_REPRESENTATIVE_UNIT_MODULUS_MARGIN,reciprocal,reciprocal,1,4,,holomorphic,plus,0.3554123249083803,0.414956793372491,0.0027455178391634642,0.3265711550898113,0.3554123249083803,0.0025237062786333296,2.4199944765502748,True,True
5457,E01__U017__TOP__MINIMUM_CERTIFIED_OUTER_GAP,x15_t09,15,9,0.7631643018738182,0.7645498843296492,0.28125,0.3125,0.0175,0.02,-1e-06,1e-06,CLOSED_REPRESENTATIVE_UNIT_MODULUS_MARGIN,reciprocal,reciprocal,2,4,,holomorphic,plus,0.35541228864322577,0.41495675187723147,0.0027455178391634642,0.3265711550898113,0.35541228864322577,0.0025237065258654928,2.419994229624537,True,True
5457,E01__U017__TOP__MINIMUM_CERTIFIED_OUTER_GAP,x15_t09,15,9,0.7631643018738182,0.7645498843296492,0.28125,0.3125,0.0175,0.02,-1e-06,1e-06,CLOSED_REPRESENTATIVE_UNIT_MODULUS_MARGIN,reciprocal,reciprocal,3,4,,holomorphic,plus,0.35541228782337686,0.4149567527154179,0.0027455178391634642,0.3265711550898113,0.35541228782337686,0.0025237065218252593,2.4199942296785393,True,True
5457,E01__U017__TOP__MINIMUM_CERTIFIED_OUTER_GAP,x15_t10,15,10,0.7631643018738182,0.7645498843296492,0.3125,0.34375,0.0175,0.02,-1e-06,1e-06,CLOSED_REPRESENTATIVE_UNIT_MODULUS_MARGIN,reciprocal,reciprocal,0,4,,holomorphic,plus,0.3428932633498756,0.4038456328517903,0.0026052058905299542,0.31547449057787236,0.3428932633498756,0.0024481824521605197,2.4199944766042765,True,True
5457,E01__U017__TOP__MINIMUM_CERTIFIED_OUTER_GAP,x15_t10,15,10,0.7631643018738182,0.7645498843296492,0.3125,0.34375,0.0175,0.02,-1e-06,1e-06,CLOSED_REPRESENTATIVE_UNIT_MODULUS_MARGIN,reciprocal,reciprocal,1,4,,holomorphic,plus,0.34289326422306105,0.4038456319608162,0.0026052058905299542,0.31547449057787236,0.34289326422306105,0.0024481824701713863,2.4199944765502748,True,True
5457,E01__U017__TOP__MINIMUM_CERTIFIED_OUTER_GAP,x15_t10,15,10,0.7631643018738182,0.7645498843296492,0.3125,0.34375,0.0175,0.02,-1e-06,1e-06,CLOSED_REPRESENTATIVE_UNIT_MODULUS_MARGIN,reciprocal,reciprocal,2,4,,holomorphic,plus,0.3428932292352846,0.40384559157668504,0.0026052058905299542,0.31547449057787236,0.3428932292352846,0.002448182709999967,2.419994229624537,True,True
5457,E01__U017__TOP__MINIMUM_CERTIFIED_OUTER_GAP,x15_t10,15,10,0.7631643018738182,0.7645498843296492,0.3125,0.34375,0.0175,0.02,-1e-06,1e-06,CLOSED_REPRESENTATIVE_UNIT_MODULUS_MARGIN,reciprocal,reciprocal,3,4,,holomorphic,plus,0.3428932283620991,0.40384559246765916,0.0026052058905299542,0.31547449057787236,0.3428932283620991,0.002448182691989097,2.4199942296785393,True,True
5457,E01__U017__TOP__MINIMUM_CERTIFIED_OUTER_GAP,x15_t11,15,11,0.7631643018738182,0.7645498843296492,0.34375,0.375,0.0175,0.02,-1e-06,1e-06,CLOSED_REPRESENTATIVE_UNIT_MODULUS_MARGIN,reciprocal,reciprocal,0,4,,holomorphic,plus,0.33033048970789813,0.3927817082331208,0.002453167577805107,0.3043495630622586,0.33033048970789813,0.002429364939687291,2.4199944766042765,True,True
5457,E01__U017__TOP__MINIMUM_CERTIFIED_OUTER_GAP,x15_t11,15,11,0.7631643018738182,0.7645498843296492,0.34375,0.375,0.0175,0.02,-1e-06,1e-06,CLOSED_REPRESENTATIVE_UNIT_MODULUS_MARGIN,reciprocal,reciprocal,1,4,,holomorphic,plus,0.3303304906394406,0.3927817072843362,0.002453167577805107,0.3043495630622586,0.3303304906394406,0.0024293649795686907,2.4199944765502748,True,True
5457,E01__U017__TOP__MINIMUM_CERTIFIED_OUTER_GAP,x15_t11,15,11,0.7631643018738182,0.7645498843296492,0.34375,0.375,0.0175,0.02,-1e-06,1e-06,CLOSED_REPRESENTATIVE_UNIT_MODULUS_MARGIN,reciprocal,reciprocal,2,4,,holomorphic,plus,0.33033045693350127,0.39278166800661085,0.002453167577805107,0.3043495630622586,0.33033045693350127,0.0024293652175469372,2.419994229624537,True,True
5457,E01__U017__TOP__MINIMUM_CERTIFIED_OUTER_GAP,x15_t11,15,11,0.7631643018738182,0.7645498843296492,0.34375,0.375,0.0175,0.02,-1e-06,1e-06,CLOSED_REPRESENTATIVE_UNIT_MODULUS_MARGIN,reciprocal,reciprocal,3,4,,holomorphic,plus,0.3303304560019588,0.39278166895539546,0.002453167577805107,0.3043495630622586,0.3303304560019588,0.0024293651776655296,2.4199942296785393,True,True
5457,E01__U017__TOP__MINIMUM_CERTIFIED_OUTER_GAP,x15_t12,15,12,0.7631643018738182,0.7645498843296492,0.375,0.40625,0.0175,0.02,-1e-06,1e-06,CLOSED_REPRESENTATIVE_UNIT_MODULUS_MARGIN,reciprocal,reciprocal,0,4,,holomorphic,plus,0.3177194573410303,0.38177105733539235,0.002306438318704189,0.2931925318109972,0.3177194573410303,0.0024551583164629377,2.4199944766042765,True,True
5457,E01__U017__TOP__MINIMUM_CERTIFIED_OUTER_GAP,x15_t12,15,12,0.7631643018738182,0.7645498843296492,0.375,0.40625,0.0175,0.02,-1e-06,1e-06,CLOSED_REPRESENTATIVE_UNIT_MODULUS_MARGIN,reciprocal,reciprocal,1,4,,holomorphic,plus,0.3177194583366484,0.38177105632307556,0.002306438318704189,0.2931925318109972,0.3177194583366484,0.0024551583793524564,2.4199944765502748,True,True
5457,E01__U017__TOP__MINIMUM_CERTIFIED_OUTER_GAP,x15_t12,15,12,0.7631643018738182,0.7645498843296492,0.375,0.40625,0.0175,0.02,-1e-06,1e-06,CLOSED_REPRESENTATIVE_UNIT_MODULUS_MARGIN,reciprocal,reciprocal,2,4,,holomorphic,plus,0.317719425917469,0.38177101814643,0.002306438318704189,0.2931925318109972,0.317719425917469,0.0024551586198506524,2.419994229624537,True,True
5457,E01__U017__TOP__MINIMUM_CERTIFIED_OUTER_GAP,x15_t12,15,12,0.7631643018738182,0.7645498843296492,0.375,0.40625,0.0175,0.02,-1e-06,1e-06,CLOSED_REPRESENTATIVE_UNIT_MODULUS_MARGIN,reciprocal,reciprocal,3,4,,holomorphic,plus,0.3177194249218509,0.3817710191587467,0.002306438318704189,0.2931925318109972,0.3177194249218509,0.002455158556961121,2.4199942296785393,True,True
5457,E01__U017__TOP__MINIMUM_CERTIFIED_OUTER_GAP,x15_t13,15,13,0.7631643018738182,0.7645498843296492,0.40625,0.4375,0.0175,0.02,-1e-06,1e-06,CLOSED_REPRESENTATIVE_UNIT_MODULUS_MARGIN,reciprocal,reciprocal,0,4,,holomorphic,plus,0.3050549117967892,0.37082072833034185,0.002160597943684768,0.2819987701429782,0.3050549117967892,0.002510143403844567,2.4199944766042765,True,True
5457,E01__U017__TOP__MINIMUM_CERTIFIED_OUTER_GAP,x15_t13,15,13,0.7631643018738182,0.7645498843296492,0.40625,0.4375,0.0175,0.02,-1e-06,1e-06,CLOSED_REPRESENTATIVE_UNIT_MODULUS_MARGIN,reciprocal,reciprocal,1,4,,holomorphic,plus,0.3050549128630293,0.37082072724794296,0.002160597943684768,0.2819987701429782,0.3050549128630293,0.002510143490211831,2.4199944765502748,True,True
5457,E01__U017__TOP__MINIMUM_CERTIFIED_OUTER_GAP,x15_t13,15,13,0.7631643018738182,0.7645498843296492,0.40625,0.4375,0.0175,0.02,-1e-06,1e-06,CLOSED_REPRESENTATIVE_UNIT_MODULUS_MARGIN,reciprocal,reciprocal,2,4,,holomorphic,plus,0.30505488173606854,0.37082069016634644,0.002160597943684768,0.2819987701429782,0.30505488173606854,0.0025101437360899293,2.419994229624537,True,True
5457,E01__U017__TOP__MINIMUM_CERTIFIED_OUTER_GAP,x15_t13,15,13,0.7631643018738182,0.7645498843296492,0.40625,0.4375,0.0175,0.02,-1e-06,1e-06,CLOSED_REPRESENTATIVE_UNIT_MODULUS_MARGIN,reciprocal,reciprocal,3,4,,holomorphic,plus,0.3050548806698284,0.37082069124874534,0.002160597943684768,0.2819987701429782,0.3050548806698284,0.002510143649722648,2.4199942296785393,True,True
5457,E01__U017__TOP__MINIMUM_CERTIFIED_OUTER_GAP,x15_t14,15,14,0.7631643018738182,0.7645498843296492,0.4375,0.46875,0.0175,0.02,-1e-06,1e-06,CLOSED_REPRESENTATIVE_UNIT_MODULUS_MARGIN,reciprocal,reciprocal,0,4,,holomorphic,plus,0.2923307396373565,0.3599389980190264,0.0019972666692969843,0.27076265716087267,0.2923307396373565,0.002578231213562272,2.4199944766042765,True,True
5457,E01__U017__TOP__MINIMUM_CERTIFIED_OUTER_GAP,x15_t14,15,14,0.7631643018738182,0.7645498843296492,0.4375,0.46875,0.0175,0.02,-1e-06,1e-06,CLOSED_REPRESENTATIVE_UNIT_MODULUS_MARGIN,reciprocal,reciprocal,1,4,,holomorphic,plus,0.2923307407817528,0.35993899685900677,0.0019972666692969843,0.27076265716087267,0.2923307407817528,0.0025782313237433106,2.4199944765502748,True,True
5457,E01__U017__TOP__MINIMUM_CERTIFIED_OUTER_GAP,x15_t14,15,14,0.7631643018738182,0.7645498843296492,0.4375,0.46875,0.0175,0.02,-1e-06,1e-06,CLOSED_REPRESENTATIVE_UNIT_MODULUS_MARGIN,reciprocal,reciprocal,2,4,,holomorphic,plus,0.2923307109530929,0.35993896086560123,0.0019972666692969843,0.27076265716087267,0.2923307109530929,0.0025782315762851345,2.419994229624537,True,True
5457,E01__U017__TOP__MINIMUM_CERTIFIED_OUTER_GAP,x15_t14,15,14,0.7631643018738182,0.7645498843296492,0.4375,0.46875,0.0175,0.02,-1e-06,1e-06,CLOSED_REPRESENTATIVE_UNIT_MODULUS_MARGIN,reciprocal,reciprocal,3,4,,holomorphic,plus,0.29233070980869663,0.35993896202562087,0.0019972666692969843,0.27076265716087267,0.29233070980869663,0.0025782314661040736,2.4199942296785393,True,True
5457,E01__U017__TOP__MINIMUM_CERTIFIED_OUTER_GAP,x15_t15,15,15,0.7631643018738182,0.7645498843296492,0.46875,0.5,0.0175,0.02,-1e-06,1e-06,CLOSED_REPRESENTATIVE_UNIT_MODULUS_MARGIN,reciprocal,reciprocal,0,4,,holomorphic,plus,0.27953977692069587,0.3491356478945164,0.0017968932257994262,0.25947730246711015,0.27953977692069587,0.0026441547248070014,2.4199944766042765,True,True
5457,E01__U017__TOP__MINIMUM_CERTIFIED_OUTER_GAP,x15_t15,15,15,0.7631643018738182,0.7645498843296492,0.46875,0.5,0.0175,0.02,-1e-06,1e-06,CLOSED_REPRESENTATIVE_UNIT_MODULUS_MARGIN,reciprocal,reciprocal,1,4,,holomorphic,plus,0.27953977815196895,0.3491356466481499,0.0017968932257994262,0.25947730246711015,0.27953977815196895,0.0026441548594531125,2.4199944765502748,True,True
5457,E01__U017__TOP__MINIMUM_CERTIFIED_OUTER_GAP,x15_t15,15,15,0.7631643018738182,0.7645498843296492,0.46875,0.5,0.0175,0.02,-1e-06,1e-06,CLOSED_REPRESENTATIVE_UNIT_MODULUS_MARGIN,reciprocal,reciprocal,2,4,,holomorphic,plus,0.279539749628423,0.34913561173509927,0.0017968932257994262,0.25947730246711015,0.279539749628423,0.002644155118446743,2.419994229624537,True,True
5457,E01__U017__TOP__MINIMUM_CERTIFIED_OUTER_GAP,x15_t15,15,15,0.7631643018738182,0.7645498843296492,0.46875,0.5,0.0175,0.02,-1e-06,1e-06,CLOSED_REPRESENTATIVE_UNIT_MODULUS_MARGIN,reciprocal,reciprocal,3,4,,holomorphic,plus,0.27953974839714985,0.3491356129814658,0.0017968932257994262,0.25947730246711015,0.27953974839714985,0.002644154983800605,2.4199942296785393,True,True
5457,E01__U017__TOP__MINIMUM_CERTIFIED_OUTER_GAP,x15_t16,15,16,0.7631643018738182,0.7645498843296492,0.5,0.53125,0.0175,0.02,-1e-06,1e-06,CLOSED_REPRESENTATIVE_UNIT_MODULUS_MARGIN,reciprocal,reciprocal,0,4,,holomorphic,plus,0.2666735624430063,0.3384223182515629,0.0015399105101441147,0.2481341785181011,0.2666735624430063,0.0026939752556919654,2.4199944766042765,True,True
5457,E01__U017__TOP__MINIMUM_CERTIFIED_OUTER_GAP,x15_t16,15,16,0.7631643018738182,0.7645498843296492,0.5,0.53125,0.0175,0.02,-1e-06,1e-06,CLOSED_REPRESENTATIVE_UNIT_MODULUS_MARGIN,reciprocal,reciprocal,1,4,,holomorphic,plus,0.2666735637713131,0.33842231690868624,0.0015399105101441147,0.2481341785181011,0.2666735637713131,0.0026939754160753187,2.4199944765502748,True,True
5457,E01__U017__TOP__MINIMUM_CERTIFIED_OUTER_GAP,x15_t16,15,16,0.7631643018738182,0.7645498843296492,0.5,0.53125,0.0175,0.02,-1e-06,1e-06,CLOSED_REPRESENTATIVE_UNIT_MODULUS_MARGIN,reciprocal,reciprocal,2,4,,holomorphic,plus,0.266673536560557,0.33842228306699085,0.0015399105101441147,0.2481341785181011,0.266673536560557,0.0026939756799431464,2.419994229624537,True,True
5457,E01__U017__TOP__MINIMUM_CERTIFIED_OUTER_GAP,x15_t16,15,16,0.7631643018738182,0.7645498843296492,0.5,0.53125,0.0175,0.02,-1e-06,1e-06,CLOSED_REPRESENTATIVE_UNIT_MODULUS_MARGIN,reciprocal,reciprocal,3,4,,holomorphic,plus,0.2666735352322501,0.33842228440986755,0.0015399105101441147,0.2481341785181011,0.2666735352322501,0.0026939755195597615,2.4199942296785393,True,True
5457,E01__U017__TOP__MINIMUM_CERTIFIED_OUTER_GAP,x15_t17,15,17,0.7631643018738182,0.7645498843296492,0.53125,0.5625,0.0175,0.02,-1e-06,1e-06,CLOSED_REPRESENTATIVE_UNIT_MODULUS_MARGIN,reciprocal,reciprocal,0,4,,holomorphic,plus,0.25372201580785597,0.32781296753772676,0.0012100456277429755,0.2367226242501702,0.25372201580785597,0.0027149591708821425,2.4199944766042765,True,True
5457,E01__U017__TOP__MINIMUM_CERTIFIED_OUTER_GAP,x15_t17,15,17,0.7631643018738182,0.7645498843296492,0.53125,0.5625,0.0175,0.02,-1e-06,1e-06,CLOSED_REPRESENTATIVE_UNIT_MODULUS_MARGIN,reciprocal,reciprocal,1,4,,holomorphic,plus,0.2537220172451058,0.32781296608642374,0.0012100456277429755,0.2367226242501702,0.2537220172451058,0.002714959359105346,2.4199944765502748,True,True
5457,E01__U017__TOP__MINIMUM_CERTIFIED_OUTER_GAP,x15_t17,15,17,0.7631643018738182,0.7645498843296492,0.53125,0.5625,0.0175,0.02,-1e-06,1e-06,CLOSED_REPRESENTATIVE_UNIT_MODULUS_MARGIN,reciprocal,reciprocal,2,4,,holomorphic,plus,0.2537219913558436,0.32781293330568845,0.0012100456277429755,0.2367226242501702,0.2537219913558436,0.0027149596250220795,2.419994229624537,True,True
5457,E01__U017__TOP__MINIMUM_CERTIFIED_OUTER_GAP,x15_t17,15,17,0.7631643018738182,0.7645498843296492,0.53125,0.5625,0.0175,0.02,-1e-06,1e-06,CLOSED_REPRESENTATIVE_UNIT_MODULUS_MARGIN,reciprocal,reciprocal,3,4,,holomorphic,plus,0.2537219899185938,0.32781293475699147,0.0012100456277429755,0.2367226242501702,0.2537219899185938,0.0027149594367988383,2.4199942296785393,True,True
5457,E01__U017__TOP__MINIMUM_CERTIFIED_OUTER_GAP,x15_t18,15,18,0.7631643018738182,0.7645498843296492,0.5625,0.59375,0.0175,0.02,-1e-06,1e-06,CLOSED_REPRESENTATIVE_UNIT_MODULUS_MARGIN,reciprocal,reciprocal,0,4,,holomorphic,plus,0.24067301162113142,0.3173244756074073,0.0008133571892974654,0.22522916717677235,0.24067301162113142,0.0026952301021272865,2.4199944766042765,True,True
5457,E01__U017__TOP__MINIMUM_CERTIFIED_OUTER_GAP,x15_t18,15,18,0.7631643018738182,0.7645498843296492,0.5625,0.59375,0.0175,0.02,-1e-06,1e-06,CLOSED_REPRESENTATIVE_UNIT_MODULUS_MARGIN,reciprocal,reciprocal,1,4,,holomorphic,plus,0.2406730131813894,0.3173244740336055,0.0008133571892974654,0.22522916717677235,0.2406730131813894,0.0026952303213017867,2.4199944765502748,True,True
5457,E01__U017__TOP__MINIMUM_CERTIFIED_OUTER_GAP,x15_t18,15,18,0.7631643018738182,0.7645498843296492,0.5625,0.59375,0.0175,0.02,-1e-06,1e-06,CLOSED_REPRESENTATIVE_UNIT_MODULUS_MARGIN,reciprocal,reciprocal,2,4,,holomorphic,plus,0.24067298862356207,0.31732444230174767,0.0008133571892974654,0.22522916717677235,0.24067298862356207,0.0026952305852784,2.419994229624537,True,True
5457,E01__U017__TOP__MINIMUM_CERTIFIED_OUTER_GAP,x15_t18,15,18,0.7631643018738182,0.7645498843296492,0.5625,0.59375,0.0175,0.02,-1e-06,1e-06,CLOSED_REPRESENTATIVE_UNIT_MODULUS_MARGIN,reciprocal,reciprocal,3,4,,holomorphic,plus,0.24067298706330406,0.3173244438755494,0.0008133571892974654,0.22522916717677235,0.24067298706330406,0.002695230366103856,2.4199942296785393,True,True
5457,E01__U017__TOP__MINIMUM_CERTIFIED_OUTER_GAP,x15_t19,15,19,0.7631643018738182,0.7645498843296492,0.59375,0.625,0.0175,0.02,-1e-06,1e-06,CLOSED_REPRESENTATIVE_UNIT_MODULUS_MARGIN,reciprocal,reciprocal,0,4,,holomorphic,plus,0.22751180776065846,0.30697744675416383,0.0004258661189093973,0.21363658636493324,0.22751180776065846,0.00262353020937626,2.4199944766042765,True,True
5457,E01__U017__TOP__MINIMUM_CERTIFIED_OUTER_GAP,x15_t19,15,19,0.7631643018738182,0.7645498843296492,0.59375,0.625,0.0175,0.02,-1e-06,1e-06,CLOSED_REPRESENTATIVE_UNIT_MODULUS_MARGIN,reciprocal,reciprocal,1,4,,holomorphic,plus,0.22751180946066768,0.30697744504111474,0.0004258661189093973,0.21363658636493324,0.22751180946066768,0.0026235304638040093,2.4199944765502748,True,True
5457,E01__U017__TOP__MINIMUM_CERTIFIED_OUTER_GAP,x15_t19,15,19,0.7631643018738182,0.7645498843296492,0.59375,0.625,0.0175,0.02,-1e-06,1e-06,CLOSED_REPRESENTATIVE_UNIT_MODULUS_MARGIN,reciprocal,reciprocal,2,4,,holomorphic,plus,0.22751178624571963,0.30697741434399184,0.0004258661189093973,0.21363658636493324,0.22751178624571963,0.0026235307207483024,2.419994229624537,True,True
5457,E01__U017__TOP__MINIMUM_CERTIFIED_OUTER_GAP,x15_t19,15,19,0.7631643018738182,0.7645498843296492,0.59375,0.625,0.0175,0.02,-1e-06,1e-06,CLOSED_REPRESENTATIVE_UNIT_MODULUS_MARGIN,reciprocal,reciprocal,3,4,,holomorphic,plus,0.2275117845457104,0.30697741605704093,0.0004258661189093973,0.21363658636493324,0.2275117845457104,0.002623530466320502,2.4199942296785393,True,True
5457,E01__U017__TOP__MINIMUM_CERTIFIED_OUTER_GAP,x15_t20,15,20,0.7631643018738182,0.7645498843296492,0.625,0.65625,0.0175,0.02,-1e-06,1e-06,CLOSED_REPRESENTATIVE_UNIT_MODULUS_MARGIN,reciprocal,reciprocal,0,4,,holomorphic,plus,0.21422026495246388,0.29679729471579447,0.0,0.20192260086934333,0.21422026495246388,0.002489500988963631,2.4199944766042765,True,True
5457,E01__U017__TOP__MINIMUM_CERTIFIED_OUTER_GAP,x15_t20,15,20,0.7631643018738182,0.7645498843296492,0.625,0.65625,0.0175,0.02,-1e-06,1e-06,CLOSED_REPRESENTATIVE_UNIT_MODULUS_MARGIN,reciprocal,reciprocal,1,4,,holomorphic,plus,0.2142202668123263,0.296797292843396,0.0,0.20192260086934333,0.2142202668123263,0.0024895012842684277,2.4199944765502748,True,True
5457,E01__U017__TOP__MINIMUM_CERTIFIED_OUTER_GAP,x15_t20,15,20,0.7631643018738182,0.7645498843296492,0.625,0.65625,0.0175,0.02,-1e-06,1e-06,CLOSED_REPRESENTATIVE_UNIT_MODULUS_MARGIN,reciprocal,reciprocal,2,4,,holomorphic,plus,0.21422024495355205,0.29679726316432503,0.0,0.20192260086934333,0.21422024495355205,0.002489501528073112,2.419994229624537,True,True
5457,E01__U017__TOP__MINIMUM_CERTIFIED_OUTER_GAP,x15_t20,15,20,0.7631643018738182,0.7645498843296492,0.625,0.65625,0.0175,0.02,-1e-06,1e-06,CLOSED_REPRESENTATIVE_UNIT_MODULUS_MARGIN,reciprocal,reciprocal,3,4,,holomorphic,plus,0.2142202430936896,0.2967972650367235,0.0,0.20192260086934333,0.2142202430936896,0.002489501232768256,2.4199942296785393,True,True
5457,E01__U017__TOP__MINIMUM_CERTIFIED_OUTER_GAP,x15_t21,15,21,0.7631643018738182,0.7645498843296492,0.65625,0.6875,0.0175,0.02,-1e-06,1e-06,CLOSED_REPRESENTATIVE_UNIT_MODULUS_MARGIN,reciprocal,reciprocal,0,4,,holomorphic,plus,0.2007757621076413,0.2868157328672822,0.0,0.19005800985903817,0.2007757621076413,0.0022845757331078696,2.4199944766042765,True,True
5457,E01__U017__TOP__MINIMUM_CERTIFIED_OUTER_GAP,x15_t21,15,21,0.7631643018738182,0.7645498843296492,0.65625,0.6875,0.0175,0.02,-1e-06,1e-06,CLOSED_REPRESENTATIVE_UNIT_MODULUS_MARGIN,reciprocal,reciprocal,1,4,,holomorphic,plus,0.20077576415171805,0.2868157308111865,0.0,0.19005800985903817,0.20077576415171805,0.0022845760765825146,2.4199944765502748,True,True
5457,E01__U017__TOP__MINIMUM_CERTIFIED_OUTER_GAP,x15_t21,15,21,0.7631643018738182,0.7645498843296492,0.65625,0.6875,0.0175,0.02,-1e-06,1e-06,CLOSED_REPRESENTATIVE_UNIT_MODULUS_MARGIN,reciprocal,reciprocal,2,4,,holomorphic,plus,0.20077574366471923,0.28681570213031404,0.0,0.19005800985903817,0.20077574366471923,0.0022845763003006797,2.419994229624537,True,True
5457,E01__U017__TOP__MINIMUM_CERTIFIED_OUTER_GAP,x15_t21,15,21,0.7631643018738182,0.7645498843296492,0.65625,0.6875,0.0175,0.02,-1e-06,1e-06,CLOSED_REPRESENTATIVE_UNIT_MODULUS_MARGIN,reciprocal,reciprocal,3,4,,holomorphic,plus,0.20077574162064252,0.2868157041864097,0.0,0.19005800985903817,0.20077574162064252,0.002284575956825966,2.4199942296785393,True,True
5457,E01__U017__TOP__MINIMUM_CERTIFIED_OUTER_GAP,x15_t22,15,22,0.7631643018738182,0.7645498843296492,0.6875,0.71875,0.0175,0.02,-1e-06,1e-06,CLOSED_REPRESENTATIVE_UNIT_MODULUS_MARGIN,reciprocal,reciprocal,0,4,,holomorphic,plus,0.1871496589839712,0.2770728580301309,0.0,0.1780040198686743,0.1871496589839712,0.0020108178822279537,2.4199944766042765,True,True
5457,E01__U017__TOP__MINIMUM_CERTIFIED_OUTER_GAP,x15_t22,15,22,0.7631643018738182,0.7645498843296492,0.6875,0.71875,0.0175,0.02,-1e-06,1e-06,CLOSED_REPRESENTATIVE_UNIT_MODULUS_MARGIN,reciprocal,reciprocal,1,4,,holomorphic,plus,0.18714966124208712,0.2770728557605564,0.0,0.1780040198686743,0.18714966124208712,0.002010818273693757,2.4199944765502748,True,True
5457,E01__U017__TOP__MINIMUM_CERTIFIED_OUTER_GAP,x15_t22,15,22,0.7631643018738182,0.7645498843296492,0.6875,0.71875,0.0175,0.02,-1e-06,1e-06,CLOSED_REPRESENTATIVE_UNIT_MODULUS_MARGIN,reciprocal,reciprocal,2,4,,holomorphic,plus,0.18714964214538649,0.2770728280540205,0.0,0.1780040198686743,0.18714964214538649,0.0020108184705823627,2.419994229624537,True,True
5457,E01__U017__TOP__MINIMUM_CERTIFIED_OUTER_GAP,x15_t22,15,22,0.7631643018738182,0.7645498843296492,0.6875,0.71875,0.0175,0.02,-1e-06,1e-06,CLOSED_REPRESENTATIVE_UNIT_MODULUS_MARGIN,reciprocal,reciprocal,3,4,,holomorphic,plus,0.18714963988727057,0.277072830323595,0.0,0.1780040198686743,0.18714963988727057,0.002010818079116481,2.4199942296785393,True,True
5457,E01__U017__TOP__MINIMUM_CERTIFIED_OUTER_GAP,x15_t23,15,23,0.7631643018738182,0.7645498843296492,0.71875,0.75,0.0175,0.02,-1e-06,1e-06,CLOSED_REPRESENTATIVE_UNIT_MODULUS_MARGIN,reciprocal,reciprocal,0,4,,holomorphic,plus,0.17330507073266896,0.26762012208411323,0.0,0.16570835243401827,0.17330507073266896,0.0016305441780391358,2.4199944766042765,True,True
5457,E01__U017__TOP__MINIMUM_CERTIFIED_OUTER_GAP,x15_t23,15,23,0.7631643018738182,0.7645498843296492,0.71875,0.75,0.0175,0.02,-1e-06,1e-06,CLOSED_REPRESENTATIVE_UNIT_MODULUS_MARGIN,reciprocal,reciprocal,1,4,,holomorphic,plus,0.1733050732417475,0.2676201195642448,0.0,0.16570835243401827,0.1733050732417475,0.0016305445858789288,2.4199944765502748,True,True
5457,E01__U017__TOP__MINIMUM_CERTIFIED_OUTER_GAP,x15_t23,15,23,0.7631643018738182,0.7645498843296492,0.71875,0.75,0.0175,0.02,-1e-06,1e-06,CLOSED_REPRESENTATIVE_UNIT_MODULUS_MARGIN,reciprocal,reciprocal,2,4,,holomorphic,plus,0.17330505555762968,0.26762009280304005,0.0,0.16570835243401827,0.17330505555762968,0.0016305447455101005,2.419994229624537,True,True
5457,E01__U017__TOP__MINIMUM_CERTIFIED_OUTER_GAP,x15_t23,15,23,0.7631643018738182,0.7645498843296492,0.71875,0.75,0.0175,0.02,-1e-06,1e-06,CLOSED_REPRESENTATIVE_UNIT_MODULUS_MARGIN,reciprocal,reciprocal,3,4,,holomorphic,plus,0.17330505304855115,0.2676200953229085,0.0,0.16570835243401827,0.17330505304855115,0.0016305443376702258,2.4199942296785393,True,True
5457,E01__U017__TOP__MINIMUM_CERTIFIED_OUTER_GAP,x15_t24,15,24,0.7631643018738182,0.7645498843296492,0.75,0.78125,0.0175,0.02,-1e-06,1e-06,CLOSED_REPRESENTATIVE_UNIT_MODULUS_MARGIN,reciprocal,reciprocal,0,4,,holomorphic,plus,0.15919357318216773,0.2585246603771545,0.0,0.1530995027454476,0.15919357318216773,0.0010938936593873837,2.4199944766042765,True,True
5457,E01__U017__TOP__MINIMUM_CERTIFIED_OUTER_GAP,x15_t24,15,24,0.7631643018738182,0.7645498843296492,0.75,0.78125,0.0175,0.02,-1e-06,1e-06,CLOSED_REPRESENTATIVE_UNIT_MODULUS_MARGIN,reciprocal,reciprocal,1,4,,holomorphic,plus,0.15919357598848133,0.2585246575609658,0.0,0.1530995027454476,0.15919357598848133,0.001093894089819492,2.4199944765502748,True,True
5457,E01__U017__TOP__MINIMUM_CERTIFIED_OUTER_GAP,x15_t24,15,24,0.7631643018738182,0.7645498843296492,0.75,0.78125,0.0175,0.02,-1e-06,1e-06,CLOSED_REPRESENTATIVE_UNIT_MODULUS_MARGIN,reciprocal,reciprocal,2,4,,holomorphic,plus,0.15919355974416977,0.25852463170937534,0.0,0.1530995027454476,0.15919355974416977,0.0010938941968722947,2.419994229624537,True,True
5457,E01__U017__TOP__MINIMUM_CERTIFIED_OUTER_GAP,x15_t24,15,24,0.7631643018738182,0.7645498843296492,0.75,0.78125,0.0175,0.02,-1e-06,1e-06,CLOSED_REPRESENTATIVE_UNIT_MODULUS_MARGIN,reciprocal,reciprocal,3,4,,holomorphic,plus,0.15919355693785617,0.258524634525564,0.0,0.1530995027454476,0.15919355693785617,0.0010938937664401003,2.4199942296785393,True,True
5457,E01__U017__TOP__MINIMUM_CERTIFIED_OUTER_GAP,x15_t25,15,25,0.7631643018738182,0.7645498843296492,0.78125,0.8125,0.0175,0.02,-1e-06,1e-06,CLOSED_REPRESENTATIVE_UNIT_MODULUS_MARGIN,reciprocal,reciprocal,0,4,,holomorphic,plus,0.14474693100496946,0.24987908914904888,0.0,0.14007369715049645,0.14474693100496946,0.0003613029909068769,2.4199944766042765,True,True
5457,E01__U017__TOP__MINIMUM_CERTIFIED_OUTER_GAP,x15_t25,15,25,0.7631643018738182,0.7645498843296492,0.78125,0.8125,0.0175,0.02,-1e-06,1e-06,CLOSED_REPRESENTATIVE_UNIT_MODULUS_MARGIN,reciprocal,reciprocal,1,4,,holomorphic,plus,0.1447469341682051,0.24987908597743788,0.0,0.14007369715049645,0.1447469341682051,0.0003613034546166402,2.4199944765502748,True,True
5457,E01__U017__TOP__MINIMUM_CERTIFIED_OUTER_GAP,x15_t25,15,25,0.7631643018738182,0.7645498843296492,0.78125,0.8125,0.0175,0.02,-1e-06,1e-06,CLOSED_REPRESENTATIVE_UNIT_MODULUS_MARGIN,reciprocal,reciprocal,2,4,,holomorphic,plus,0.14474691939788253,0.2498790609904862,0.0,0.14007369715049645,0.14474691939788253,0.0003613034898932036,2.419994229624537,True,True
5457,E01__U017__TOP__MINIMUM_CERTIFIED_OUTER_GAP,x15_t25,15,25,0.7631643018738182,0.7645498843296492,0.78125,0.8125,0.0175,0.02,-1e-06,1e-06,CLOSED_REPRESENTATIVE_UNIT_MODULUS_MARGIN,reciprocal,reciprocal,3,4,,holomorphic,plus,0.1447469162346469,0.24987906416209718,0.0,0.14007369715049645,0.1447469162346469,0.0003613030261833475,2.4199942296785393,True,True
5457,E01__U017__TOP__MINIMUM_CERTIFIED_OUTER_GAP,x15_t26,15,26,0.7631643018738182,0.7645498843296492,0.8125,0.84375,0.0175,0.02,-1e-06,1e-06,CLOSED_REPRESENTATIVE_UNIT_MODULUS_MARGIN,reciprocal,reciprocal,0,4,,holomorphic,plus,0.12946047223480595,0.2422283131122102,0.0,0.12648008562600985,0.12946047223480595,0.0,2.4199944766042765,True,True
5457,E01__U017__TOP__MINIMUM_CERTIFIED_OUTER_GAP,x15_t26,15,26,0.7631643018738182,0.7645498843296492,0.8125,0.84375,0.0175,0.02,-1e-06,1e-06,CLOSED_REPRESENTATIVE_UNIT_MODULUS_MARGIN,reciprocal,reciprocal,1,4,,holomorphic,plus,0.12946047583220077,0.24222830950693178,0.0,0.12648008562600985,0.12946047583220077,0.0,2.4199944765502748,True,True
5457,E01__U017__TOP__MINIMUM_CERTIFIED_OUTER_GAP,x15_t26,15,26,0.7631643018738182,0.7645498843296492,0.8125,0.84375,0.0175,0.02,-1e-06,1e-06,CLOSED_REPRESENTATIVE_UNIT_MODULUS_MARGIN,reciprocal,reciprocal,2,4,,holomorphic,plus,0.1294604626215404,0.24222828528515733,0.0,0.12648008562600985,0.1294604626215404,0.0,2.419994229624537,True,True
5457,E01__U017__TOP__MINIMUM_CERTIFIED_OUTER_GAP,x15_t26,15,26,0.7631643018738182,0.7645498843296492,0.8125,0.84375,0.0175,0.02,-1e-06,1e-06,CLOSED_REPRESENTATIVE_UNIT_MODULUS_MARGIN,reciprocal,reciprocal,3,4,,holomorphic,plus,0.12946045902414557,0.2422282888904357,0.0,0.12648008562600985,0.12946045902414557,0.0,2.4199942296785393,True,True
5457,E01__U017__TOP__MINIMUM_CERTIFIED_OUTER_GAP,x15_t27,15,27,0.7631643018738182,0.7645498843296492,0.84375,0.875,0.0175,0.02,-1e-06,1e-06,CLOSED_REPRESENTATIVE_UNIT_MODULUS_MARGIN,reciprocal,reciprocal,0,4,,holomorphic,plus,0.11342863442071231,0.2355159132752258,0.0,0.11211714480535197,0.11342863442071231,0.0,2.4199944766042765,True,True
5457,E01__U017__TOP__MINIMUM_CERTIFIED_OUTER_GAP,x15_t27,15,27,0.7631643018738182,0.7645498843296492,0.84375,0.875,0.0175,0.02,-1e-06,1e-06,CLOSED_REPRESENTATIVE_UNIT_MODULUS_MARGIN,reciprocal,reciprocal,1,4,,holomorphic,plus,0.11342863855248289,0.23551590913524997,0.0,0.11211714480535197,0.11342863855248289,0.0,2.4199944765502748,True,True
5457,E01__U017__TOP__MINIMUM_CERTIFIED_OUTER_GAP,x15_t27,15,27,0.7631643018738182,0.7645498843296492,0.84375,0.875,0.0175,0.02,-1e-06,1e-06,CLOSED_REPRESENTATIVE_UNIT_MODULUS_MARGIN,reciprocal,reciprocal,2,4,,holomorphic,plus,0.11342862697751654,0.23551588558483827,0.0,0.11211714480535197,0.11342862697751654,0.0,2.419994229624537,True,True
5457,E01__U017__TOP__MINIMUM_CERTIFIED_OUTER_GAP,x15_t27,15,27,0.7631643018738182,0.7645498843296492,0.84375,0.875,0.0175,0.02,-1e-06,1e-06,CLOSED_REPRESENTATIVE_UNIT_MODULUS_MARGIN,reciprocal,reciprocal,3,4,,holomorphic,plus,0.11342862284574598,0.23551588972481413,0.0,0.11211714480535197,0.11342862284574598,0.0,2.4199942296785393,True,True
5457,E01__U017__TOP__MINIMUM_CERTIFIED_OUTER_GAP,x15_t28,15,28,0.7631643018738182,0.7645498843296492,0.875,0.90625,0.0175,0.02,-1e-06,1e-06,CLOSED_REPRESENTATIVE_UNIT_MODULUS_MARGIN,reciprocal,reciprocal,0,4,,minus,minus,0.09668156996332865,0.19414087862841894,0.0,0.09668156996332865,0.09646514345395249,0.0,2.4199944766042765,True,True
5457,E01__U017__TOP__MINIMUM_CERTIFIED_OUTER_GAP,x15_t28,15,28,0.7631643018738182,0.7645498843296492,0.875,0.90625,0.0175,0.02,-1e-06,1e-06,CLOSED_REPRESENTATIVE_UNIT_MODULUS_MARGIN,reciprocal,reciprocal,1,4,,minus,minus,0.09668156996332865,0.19414087862841894,0.0,0.09668156996332865,0.0964651482515326,0.0,2.4199944765502748,True,True
5457,E01__U017__TOP__MINIMUM_CERTIFIED_OUTER_GAP,x15_t28,15,28,0.7631643018738182,0.7645498843296492,0.875,0.90625,0.0175,0.02,-1e-06,1e-06,CLOSED_REPRESENTATIVE_UNIT_MODULUS_MARGIN,reciprocal,reciprocal,2,4,,minus,minus,0.09668156996332865,0.19414087862841894,0.0,0.09668156996332865,0.09646513840729148,0.0,2.419994229624537,True,True
5457,E01__U017__TOP__MINIMUM_CERTIFIED_OUTER_GAP,x15_t28,15,28,0.7631643018738182,0.7645498843296492,0.875,0.90625,0.0175,0.02,-1e-06,1e-06,CLOSED_REPRESENTATIVE_UNIT_MODULUS_MARGIN,reciprocal,reciprocal,3,4,,minus,minus,0.09668156996332865,0.19414087862841894,0.0,0.09668156996332865,0.09646513360971137,0.0,2.4199942296785393,True,True
5457,E01__U017__TOP__MINIMUM_CERTIFIED_OUTER_GAP,x15_t29,15,29,0.7631643018738182,0.7645498843296492,0.90625,0.9375,0.0175,0.02,-1e-06,1e-06,CLOSED_REPRESENTATIVE_UNIT_MODULUS_MARGIN,reciprocal,reciprocal,0,4,,minus,minus,0.07972322901430441,0.19117616199355214,0.0,0.07972322901430441,0.0782155103627241,0.0,2.4199944766042765,True,True
5457,E01__U017__TOP__MINIMUM_CERTIFIED_OUTER_GAP,x15_t29,15,29,0.7631643018738182,0.7645498843296492,0.90625,0.9375,0.0175,0.02,-1e-06,1e-06,CLOSED_REPRESENTATIVE_UNIT_MODULUS_MARGIN,reciprocal,reciprocal,1,4,,minus,minus,0.07972322901430441,0.19117616199355214,0.0,0.07972322901430441,0.07821551600021548,0.0,2.4199944765502748,True,True
5457,E01__U017__TOP__MINIMUM_CERTIFIED_OUTER_GAP,x15_t29,15,29,0.7631643018738182,0.7645498843296492,0.90625,0.9375,0.0175,0.02,-1e-06,1e-06,CLOSED_REPRESENTATIVE_UNIT_MODULUS_MARGIN,reciprocal,reciprocal,2,4,,minus,minus,0.07972322901430441,0.19117616199355214,0.0,0.07972322901430441,0.07821550801789141,0.0,2.419994229624537,True,True
5457,E01__U017__TOP__MINIMUM_CERTIFIED_OUTER_GAP,x15_t29,15,29,0.7631643018738182,0.7645498843296492,0.90625,0.9375,0.0175,0.02,-1e-06,1e-06,CLOSED_REPRESENTATIVE_UNIT_MODULUS_MARGIN,reciprocal,reciprocal,3,4,,minus,minus,0.07972322901430441,0.19117616199355214,0.0,0.07972322901430441,0.07821550238040004,0.0,2.4199942296785393,True,True
5457,E01__U017__TOP__MINIMUM_CERTIFIED_OUTER_GAP,x15_t30,15,30,0.7631643018738182,0.7645498843296492,0.9375,0.96875,0.0175,0.02,-1e-06,1e-06,CLOSED_REPRESENTATIVE_UNIT_MODULUS_MARGIN,reciprocal,reciprocal,0,4,,minus,minus,0.060578584041705456,0.19080984530612213,0.0,0.060578584041705456,0.058147026674176594,0.0,2.4199944766042765,True,True
5457,E01__U017__TOP__MINIMUM_CERTIFIED_OUTER_GAP,x15_t30,15,30,0.7631643018738182,0.7645498843296492,0.9375,0.96875,0.0175,0.02,-1e-06,1e-06,CLOSED_REPRESENTATIVE_UNIT_MODULUS_MARGIN,reciprocal,reciprocal,1,4,,minus,minus,0.060578584041705456,0.19080984530612213,0.0,0.060578584041705456,0.05814703337545855,0.0,2.4199944765502748,True,True
5457,E01__U017__TOP__MINIMUM_CERTIFIED_OUTER_GAP,x15_t30,15,30,0.7631643018738182,0.7645498843296492,0.9375,0.96875,0.0175,0.02,-1e-06,1e-06,CLOSED_REPRESENTATIVE_UNIT_MODULUS_MARGIN,reciprocal,reciprocal,2,4,,minus,minus,0.060578584041705456,0.19080984530612213,0.0,0.060578584041705456,0.058147027440587376,0.0,2.419994229624537,True,True
5457,E01__U017__TOP__MINIMUM_CERTIFIED_OUTER_GAP,x15_t30,15,30,0.7631643018738182,0.7645498843296492,0.9375,0.96875,0.0175,0.02,-1e-06,1e-06,CLOSED_REPRESENTATIVE_UNIT_MODULUS_MARGIN,reciprocal,reciprocal,3,4,,minus,minus,0.060578584041705456,0.19080984530612213,0.0,0.060578584041705456,0.058147020739305416,0.0,2.4199942296785393,True,True
5457,E01__U017__TOP__MINIMUM_CERTIFIED_OUTER_GAP,x15_t31,15,31,0.7631643018738182,0.7645498843296492,0.96875,1.0,0.0175,0.02,-1e-06,1e-06,CLOSED_REPRESENTATIVE_UNIT_MODULUS_MARGIN,reciprocal,reciprocal,0,4,,minus,minus,0.038398202116722485,0.19418400448653528,0.0,0.038398202116722485,0.035470874379763304,0.0,2.4199944766042765,True,True
5457,E01__U017__TOP__MINIMUM_CERTIFIED_OUTER_GAP,x15_t31,15,31,0.7631643018738182,0.7645498843296492,0.96875,1.0,0.0175,0.02,-1e-06,1e-06,CLOSED_REPRESENTATIVE_UNIT_MODULUS_MARGIN,reciprocal,reciprocal,1,4,,minus,minus,0.038398202116722485,0.19418400448653528,0.0,0.038398202116722485,0.03547088236697221,0.0,2.4199944765502748,True,True
5457,E01__U017__TOP__MINIMUM_CERTIFIED_OUTER_GAP,x15_t31,15,31,0.7631643018738182,0.7645498843296492,0.96875,1.0,0.0175,0.02,-1e-06,1e-06,CLOSED_REPRESENTATIVE_UNIT_MODULUS_MARGIN,reciprocal,reciprocal,2,4,,minus,minus,0.038398202116722485,0.19418400448653528,0.0,0.038398202116722485,0.035470878745579894,0.0,2.419994229624537,True,True
5457,E01__U017__TOP__MINIMUM_CERTIFIED_OUTER_GAP,x15_t31,15,31,0.7631643018738182,0.7645498843296492,0.96875,1.0,0.0175,0.02,-1e-06,1e-06,CLOSED_REPRESENTATIVE_UNIT_MODULUS_MARGIN,reciprocal,reciprocal,3,4,,minus,minus,0.038398202116722485,0.19418400448653528,0.0,0.038398202116722485,0.035470870758370986,0.0,2.4199942296785393,True,True
