smoke_job_id,selection_role,event_id,event_type,branch_owner_id,mapped_cell_id,term_id,primary_surface_id,epsilon_bin_index,epsilon_subdivision_index,epsilon_subdivision_count,epsilon_real_lower,epsilon_real_upper,epsilon_imaginary_lower,epsilon_imaginary_upper,path_segment,cover_owner,x_lower,x_upper,x_width,t_lower,t_upper,t_width,parameter_area,physical_path_area_abs_upper,refinement_depth,refinement_path,gap_abs_lower,gap_abs_upper,gap_real_lower,gap_real_upper,gap_imaginary_lower,gap_imaginary_upper,path_speed_abs_upper,material_root_denominator_abs_lower,implicit_material_derivative_abs_lower,failure_type,failure_message,geometry_cover_leaf_passes,requires_correlated_Q_contour_enclosure,requires_parent_outer_amplitude_enclosure,valid_for_full_event_cell_finite_cover,valid_for_D4_event_local_W3_bound,valid_for_all_operator_local_GR_claim,valid_for_full_MTS_claim,gap_enclosure_method,valid_for_outer_parent_leaf_transplant_smoke,valid_for_full_outer_parent_leaf_enclosure,parent_target_job_id,projective_owner_cell_id,certified_configuration_roles,certified_owner_pivots,minimum_projective_owner_pivot_abs_lower,minimum_projective_unit_circle_abs_lower,projective_owner_arc_count,parent_revision,valid_for_5464_amplitude_manifest
5464__x00_t00,5461_FINITE_PROJECTIVE_OWNER_CELL,E07,BRANCH_DEATH,B02,U050,MC04_SM_DM,direct:shared:s13,7,0,1,0.0175,0.02,-1e-06,1e-06,TOP,OUTER_PARENT_TRIANGLE,0.8570372233341658,0.8570670216427582,0.00023838646873919345,0.0,0.03125,1.0,0.00023838646873919345,1.6150514059230708e-07,8,x00_t00__finite_projective_depth9,0.05821669436248076,0.22716433153233562,-0.22517469327654885,-0.04989228076771909,0.029999063690215183,0.02999985047204468,0.1734381830072093,0.06626849463251115,0.0662684946325008,,,True,False,True,False,False,False,False,,False,False,E07__U050__TOP__MINIMUM_CERTIFIED_OUTER_GAP,x00_t00,reciprocal,holomorphic,0.45711558214795495,3.222625442942855,4,D4-deformed-contour-regular-away-W3-v51,True
5464__x00_t01,5461_FINITE_PROJECTIVE_OWNER_CELL,E07,BRANCH_DEATH,B02,U050,MC04_SM_DM,direct:shared:s13,7,0,1,0.0175,0.02,-1e-06,1e-06,TOP,OUTER_PARENT_TRIANGLE,0.8570372233341658,0.8570670216427582,0.00023838646873919345,0.03125,0.0625,1.0,0.00023838646873919345,1.6150514059230708e-07,8,x00_t01__finite_projective_depth9,0.05821669436248076,0.22716433153233562,-0.22517469327654885,-0.04989228076771909,0.029999063690215183,0.02999985047204468,0.1734381830072093,0.06626849463251115,0.0662684946325008,,,True,False,True,False,False,False,False,,False,False,E07__U050__TOP__MINIMUM_CERTIFIED_OUTER_GAP,x00_t01,reciprocal,holomorphic,0.4460228666614968,3.222625442942855,4,D4-deformed-contour-regular-away-W3-v51,True
5464__x00_t02,5461_FINITE_PROJECTIVE_OWNER_CELL,E07,BRANCH_DEATH,B02,U050,MC04_SM_DM,direct:shared:s13,7,0,1,0.0175,0.02,-1e-06,1e-06,TOP,OUTER_PARENT_TRIANGLE,0.8570372233341658,0.8570670216427582,0.00023838646873919345,0.0625,0.09375,1.0,0.00023838646873919345,1.6150514059230708e-07,8,x00_t02__finite_projective_depth9,0.05821669436248076,0.22716433153233562,-0.22517469327654885,-0.04989228076771909,0.029999063690215183,0.02999985047204468,0.1734381830072093,0.06626849463251115,0.0662684946325008,,,True,False,True,False,False,False,False,,False,False,E07__U050__TOP__MINIMUM_CERTIFIED_OUTER_GAP,x00_t02,reciprocal,holomorphic,0.4349343781231586,3.222625442942855,4,D4-deformed-contour-regular-away-W3-v51,True
5464__x00_t03,5461_FINITE_PROJECTIVE_OWNER_CELL,E07,BRANCH_DEATH,B02,U050,MC04_SM_DM,direct:shared:s13,7,0,1,0.0175,0.02,-1e-06,1e-06,TOP,OUTER_PARENT_TRIANGLE,0.8570372233341658,0.8570670216427582,0.00023838646873919345,0.09375,0.125,1.0,0.00023838646873919345,1.6150514059230708e-07,8,x00_t03__finite_projective_depth9,0.05821669436248076,0.22716433153233562,-0.22517469327654885,-0.04989228076771909,0.029999063690215183,0.02999985047204468,0.1734381830072093,0.06626849463251115,0.0662684946325008,,,True,False,True,False,False,False,False,,False,False,E07__U050__TOP__MINIMUM_CERTIFIED_OUTER_GAP,x00_t03,reciprocal,holomorphic,0.423850423687662,3.222625442942855,4,D4-deformed-contour-regular-away-W3-v51,True
5464__x00_t04,5461_FINITE_PROJECTIVE_OWNER_CELL,E07,BRANCH_DEATH,B02,U050,MC04_SM_DM,direct:shared:s13,7,0,1,0.0175,0.02,-1e-06,1e-06,TOP,OUTER_PARENT_TRIANGLE,0.8570372233341658,0.8570670216427582,0.00023838646873919345,0.125,0.15625,1.0,0.00023838646873919345,1.6150514059230708e-07,8,x00_t04__finite_projective_depth9,0.05821669436248076,0.22716433153233562,-0.22517469327654885,-0.04989228076771909,0.029999063690215183,0.02999985047204468,0.1734381830072093,0.06626849463251115,0.0662684946325008,,,True,False,True,False,False,False,False,,False,False,E07__U050__TOP__MINIMUM_CERTIFIED_OUTER_GAP,x00_t04,reciprocal,holomorphic,0.4127713425085511,3.222625442942855,4,D4-deformed-contour-regular-away-W3-v51,True
5464__x00_t05,5461_FINITE_PROJECTIVE_OWNER_CELL,E07,BRANCH_DEATH,B02,U050,MC04_SM_DM,direct:shared:s13,7,0,1,0.0175,0.02,-1e-06,1e-06,TOP,OUTER_PARENT_TRIANGLE,0.8570372233341658,0.8570670216427582,0.00023838646873919345,0.15625,0.1875,1.0,0.00023838646873919345,1.6150514059230708e-07,8,x00_t05__finite_projective_depth9,0.05821669436248076,0.22716433153233562,-0.22517469327654885,-0.04989228076771909,0.029999063690215183,0.02999985047204468,0.1734381830072093,0.06626849463251115,0.0662684946325008,,,True,False,True,False,False,False,False,,False,False,E07__U050__TOP__MINIMUM_CERTIFIED_OUTER_GAP,x00_t05,reciprocal,holomorphic,0.4016975099873354,3.222625442942855,4,D4-deformed-contour-regular-away-W3-v51,True
5464__x00_t06,5461_FINITE_PROJECTIVE_OWNER_CELL,E07,BRANCH_DEATH,B02,U050,MC04_SM_DM,direct:shared:s13,7,0,1,0.0175,0.02,-1e-06,1e-06,TOP,OUTER_PARENT_TRIANGLE,0.8570372233341658,0.8570670216427582,0.00023838646873919345,0.1875,0.21875,1.0,0.00023838646873919345,1.6150514059230708e-07,8,x00_t06__finite_projective_depth9,0.05821669436248076,0.22716433153233562,-0.22517469327654885,-0.04989228076771909,0.029999063690215183,0.02999985047204468,0.1734381830072093,0.06626849463251115,0.0662684946325008,,,True,False,True,False,False,False,False,,False,False,E07__U050__TOP__MINIMUM_CERTIFIED_OUTER_GAP,x00_t06,reciprocal,holomorphic,0.3906293427154708,3.222625442942855,4,D4-deformed-contour-regular-away-W3-v51,True
5464__x00_t07,5461_FINITE_PROJECTIVE_OWNER_CELL,E07,BRANCH_DEATH,B02,U050,MC04_SM_DM,direct:shared:s13,7,0,1,0.0175,0.02,-1e-06,1e-06,TOP,OUTER_PARENT_TRIANGLE,0.8570372233341658,0.8570670216427582,0.00023838646873919345,0.21875,0.25,1.0,0.00023838646873919345,1.6150514059230708e-07,8,x00_t07__finite_projective_depth9,0.05821669436248076,0.22716433153233562,-0.22517469327654885,-0.04989228076771909,0.029999063690215183,0.02999985047204468,0.1734381830072093,0.06626849463251115,0.0662684946325008,,,True,False,True,False,False,False,False,,False,False,E07__U050__TOP__MINIMUM_CERTIFIED_OUTER_GAP,x00_t07,reciprocal,holomorphic,0.3795673042442816,3.222625442942855,4,D4-deformed-contour-regular-away-W3-v51,True
5464__x00_t08,5461_FINITE_PROJECTIVE_OWNER_CELL,E07,BRANCH_DEATH,B02,U050,MC04_SM_DM,direct:shared:s13,7,0,1,0.0175,0.02,-1e-06,1e-06,TOP,OUTER_PARENT_TRIANGLE,0.8570372233341658,0.8570670216427582,0.00023838646873919345,0.25,0.28125,1.0,0.00023838646873919345,1.6150514059230708e-07,8,x00_t08__finite_projective_depth9,0.05821669436248076,0.22716433153233562,-0.22517469327654885,-0.04989228076771909,0.029999063690215183,0.02999985047204468,0.1734381830072093,0.06626849463251115,0.0662684946325008,,,True,False,True,False,False,False,False,,False,False,E07__U050__TOP__MINIMUM_CERTIFIED_OUTER_GAP,x00_t08,reciprocal,holomorphic,0.3685119118488368,3.222625442942855,4,D4-deformed-contour-regular-away-W3-v51,True
5464__x00_t09,5461_FINITE_PROJECTIVE_OWNER_CELL,E07,BRANCH_DEATH,B02,U050,MC04_SM_DM,direct:shared:s13,7,0,1,0.0175,0.02,-1e-06,1e-06,TOP,OUTER_PARENT_TRIANGLE,0.8570372233341658,0.8570670216427582,0.00023838646873919345,0.28125,0.3125,1.0,0.00023838646873919345,1.6150514059230708e-07,8,x00_t09__finite_projective_depth9,0.05821669436248076,0.22716433153233562,-0.22517469327654885,-0.04989228076771909,0.029999063690215183,0.02999985047204468,0.1734381830072093,0.06626849463251115,0.0662684946325008,,,True,False,True,False,False,False,False,,False,False,E07__U050__TOP__MINIMUM_CERTIFIED_OUTER_GAP,x00_t09,reciprocal,holomorphic,0.35746374449088475,3.222625442942855,4,D4-deformed-contour-regular-away-W3-v51,True
5464__x00_t10,5461_FINITE_PROJECTIVE_OWNER_CELL,E07,BRANCH_DEATH,B02,U050,MC04_SM_DM,direct:shared:s13,7,0,1,0.0175,0.02,-1e-06,1e-06,TOP,OUTER_PARENT_TRIANGLE,0.8570372233341658,0.8570670216427582,0.00023838646873919345,0.3125,0.34375,1.0,0.00023838646873919345,1.6150514059230708e-07,8,x00_t10__finite_projective_depth9,0.05821669436248076,0.22716433153233562,-0.22517469327654885,-0.04989228076771909,0.029999063690215183,0.02999985047204468,0.1734381830072093,0.06626849463251115,0.0662684946325008,,,True,False,True,False,False,False,False,,False,False,E07__U050__TOP__MINIMUM_CERTIFIED_OUTER_GAP,x00_t10,reciprocal,holomorphic,0.34642345172118655,3.222625442942855,4,D4-deformed-contour-regular-away-W3-v51,True
5464__x00_t11,5461_FINITE_PROJECTIVE_OWNER_CELL,E07,BRANCH_DEATH,B02,U050,MC04_SM_DM,direct:shared:s13,7,0,1,0.0175,0.02,-1e-06,1e-06,TOP,OUTER_PARENT_TRIANGLE,0.8570372233341658,0.8570670216427582,0.00023838646873919345,0.34375,0.375,1.0,0.00023838646873919345,1.6150514059230708e-07,8,x00_t11__finite_projective_depth9,0.05821669436248076,0.22716433153233562,-0.22517469327654885,-0.04989228076771909,0.029999063690215183,0.02999985047204468,0.1734381830072093,0.06626849463251115,0.0662684946325008,,,True,False,True,False,False,False,False,,False,False,E07__U050__TOP__MINIMUM_CERTIFIED_OUTER_GAP,x00_t11,reciprocal,holomorphic,0.33539176601906556,3.222625442942855,4,D4-deformed-contour-regular-away-W3-v51,True
5464__x00_t12,5461_FINITE_PROJECTIVE_OWNER_CELL,E07,BRANCH_DEATH,B02,U050,MC04_SM_DM,direct:shared:s13,7,0,1,0.0175,0.02,-1e-06,1e-06,TOP,OUTER_PARENT_TRIANGLE,0.8570372233341658,0.8570670216427582,0.00023838646873919345,0.375,0.40625,1.0,0.00023838646873919345,1.6150514059230708e-07,8,x00_t12__finite_projective_depth9,0.05821669436248076,0.22716433153233562,-0.22517469327654885,-0.04989228076771909,0.029999063690215183,0.02999985047204468,0.1734381830072093,0.06626849463251115,0.0662684946325008,,,True,False,True,False,False,False,False,,False,False,E07__U050__TOP__MINIMUM_CERTIFIED_OUTER_GAP,x00_t12,reciprocal,holomorphic,0.3243695155860036,3.222625442942855,4,D4-deformed-contour-regular-away-W3-v51,True
5464__x00_t13,5461_FINITE_PROJECTIVE_OWNER_CELL,E07,BRANCH_DEATH,B02,U050,MC04_SM_DM,direct:shared:s13,7,0,1,0.0175,0.02,-1e-06,1e-06,TOP,OUTER_PARENT_TRIANGLE,0.8570372233341658,0.8570670216427582,0.00023838646873919345,0.40625,0.4375,1.0,0.00023838646873919345,1.6150514059230708e-07,8,x00_t13__finite_projective_depth9,0.05821669436248076,0.22716433153233562,-0.22517469327654885,-0.04989228076771909,0.029999063690215183,0.02999985047204468,0.1734381830072093,0.06626849463251115,0.0662684946325008,,,True,False,True,False,False,False,False,,False,False,E07__U050__TOP__MINIMUM_CERTIFIED_OUTER_GAP,x00_t13,reciprocal,holomorphic,0.31335764008708067,3.222625442942855,4,D4-deformed-contour-regular-away-W3-v51,True
5464__x00_t14,5461_FINITE_PROJECTIVE_OWNER_CELL,E07,BRANCH_DEATH,B02,U050,MC04_SM_DM,direct:shared:s13,7,0,1,0.0175,0.02,-1e-06,1e-06,TOP,OUTER_PARENT_TRIANGLE,0.8570372233341658,0.8570670216427582,0.00023838646873919345,0.4375,0.46875,1.0,0.00023838646873919345,1.6150514059230708e-07,8,x00_t14__finite_projective_depth9,0.05821669436248076,0.22716433153233562,-0.22517469327654885,-0.04989228076771909,0.029999063690215183,0.02999985047204468,0.1734381830072093,0.06626849463251115,0.0662684946325008,,,True,False,True,False,False,False,False,,False,False,E07__U050__TOP__MINIMUM_CERTIFIED_OUTER_GAP,x00_t14,reciprocal,holomorphic,0.30235721024589046,3.222625442942855,4,D4-deformed-contour-regular-away-W3-v51,True
5464__x00_t15,5461_FINITE_PROJECTIVE_OWNER_CELL,E07,BRANCH_DEATH,B02,U050,MC04_SM_DM,direct:shared:s13,7,0,1,0.0175,0.02,-1e-06,1e-06,TOP,OUTER_PARENT_TRIANGLE,0.8570372233341658,0.8570670216427582,0.00023838646873919345,0.46875,0.5,1.0,0.00023838646873919345,1.6150514059230708e-07,8,x00_t15__finite_projective_depth9,0.05821669436248076,0.22716433153233562,-0.22517469327654885,-0.04989228076771909,0.029999063690215183,0.02999985047204468,0.1734381830072093,0.06626849463251115,0.0662684946325008,,,True,False,True,False,False,False,False,,False,False,E07__U050__TOP__MINIMUM_CERTIFIED_OUTER_GAP,x00_t15,reciprocal,holomorphic,0.29136945137391285,3.222625442942855,4,D4-deformed-contour-regular-away-W3-v51,True
5464__x00_t16,5461_FINITE_PROJECTIVE_OWNER_CELL,E07,BRANCH_DEATH,B02,U050,MC04_SM_DM,direct:shared:s13,7,0,1,0.0175,0.02,-1e-06,1e-06,TOP,OUTER_PARENT_TRIANGLE,0.8570372233341658,0.8570670216427582,0.00023838646873919345,0.5,0.53125,1.0,0.00023838646873919345,1.6150514059230708e-07,8,x00_t16__finite_projective_depth9,0.05821669436248076,0.22716433153233562,-0.22517469327654885,-0.04989228076771909,0.029999063690215183,0.02999985047204468,0.1734381830072093,0.06626849463251115,0.0662684946325008,,,True,False,True,False,False,False,False,,False,False,E07__U050__TOP__MINIMUM_CERTIFIED_OUTER_GAP,x00_t16,reciprocal,holomorphic,0.280395772138871,3.222625442942855,4,D4-deformed-contour-regular-away-W3-v51,True
5464__x00_t17,5461_FINITE_PROJECTIVE_OWNER_CELL,E07,BRANCH_DEATH,B02,U050,MC04_SM_DM,direct:shared:s13,7,0,1,0.0175,0.02,-1e-06,1e-06,TOP,OUTER_PARENT_TRIANGLE,0.8570372233341658,0.8570670216427582,0.00023838646873919345,0.53125,0.5625,1.0,0.00023838646873919345,1.6150514059230708e-07,8,x00_t17__finite_projective_depth9,0.05821669436248076,0.22716433153233562,-0.22517469327654885,-0.04989228076771909,0.029999063690215183,0.02999985047204468,0.1734381830072093,0.06626849463251115,0.0662684946325008,,,True,False,True,False,False,False,False,,False,False,E07__U050__TOP__MINIMUM_CERTIFIED_OUTER_GAP,x00_t17,reciprocal,holomorphic,0.2694377999826412,3.222625442942855,4,D4-deformed-contour-regular-away-W3-v51,True
5464__x00_t18,5461_FINITE_PROJECTIVE_OWNER_CELL,E07,BRANCH_DEATH,B02,U050,MC04_SM_DM,direct:shared:s13,7,0,1,0.0175,0.02,-1e-06,1e-06,TOP,OUTER_PARENT_TRIANGLE,0.8570372233341658,0.8570670216427582,0.00023838646873919345,0.5625,0.59375,1.0,0.00023838646873919345,1.6150514059230708e-07,8,x00_t18__finite_projective_depth9,0.05821669436248076,0.22716433153233562,-0.22517469327654885,-0.04989228076771909,0.029999063690215183,0.02999985047204468,0.1734381830072093,0.06626849463251115,0.0662684946325008,,,True,False,True,False,False,False,False,,False,False,E07__U050__TOP__MINIMUM_CERTIFIED_OUTER_GAP,x00_t18,reciprocal,holomorphic,0.2584974250504823,3.222625442942855,4,D4-deformed-contour-regular-away-W3-v51,True
5464__x00_t19,5461_FINITE_PROJECTIVE_OWNER_CELL,E07,BRANCH_DEATH,B02,U050,MC04_SM_DM,direct:shared:s13,7,0,1,0.0175,0.02,-1e-06,1e-06,TOP,OUTER_PARENT_TRIANGLE,0.8570372233341658,0.8570670216427582,0.00023838646873919345,0.59375,0.625,1.0,0.00023838646873919345,1.6150514059230708e-07,8,x00_t19__finite_projective_depth9,0.05821669436248076,0.22716433153233562,-0.22517469327654885,-0.04989228076771909,0.029999063690215183,0.02999985047204468,0.1734381830072093,0.06626849463251115,0.0662684946325008,,,True,False,True,False,False,False,False,,False,False,E07__U050__TOP__MINIMUM_CERTIFIED_OUTER_GAP,x00_t19,reciprocal,holomorphic,0.24757685447835195,3.222625442942855,4,D4-deformed-contour-regular-away-W3-v51,True
5464__x00_t20,5461_FINITE_PROJECTIVE_OWNER_CELL,E07,BRANCH_DEATH,B02,U050,MC04_SM_DM,direct:shared:s13,7,0,1,0.0175,0.02,-1e-06,1e-06,TOP,OUTER_PARENT_TRIANGLE,0.8570372233341658,0.8570670216427582,0.00023838646873919345,0.625,0.65625,1.0,0.00023838646873919345,1.6150514059230708e-07,8,x00_t20__finite_projective_depth9,0.05821669436248076,0.22716433153233562,-0.22517469327654885,-0.04989228076771909,0.029999063690215183,0.02999985047204468,0.1734381830072093,0.06626849463251115,0.0662684946325008,,,True,False,True,False,False,False,False,,False,False,E07__U050__TOP__MINIMUM_CERTIFIED_OUTER_GAP,x00_t20,reciprocal,holomorphic,0.23667868329436884,3.222625442942855,4,D4-deformed-contour-regular-away-W3-v51,True
5464__x00_t21,5461_FINITE_PROJECTIVE_OWNER_CELL,E07,BRANCH_DEATH,B02,U050,MC04_SM_DM,direct:shared:s13,7,0,1,0.0175,0.02,-1e-06,1e-06,TOP,OUTER_PARENT_TRIANGLE,0.8570372233341658,0.8570670216427582,0.00023838646873919345,0.65625,0.6875,1.0,0.00023838646873919345,1.6150514059230708e-07,8,x00_t21__finite_projective_depth9,0.05821669436248076,0.22716433153233562,-0.22517469327654885,-0.04989228076771909,0.029999063690215183,0.02999985047204468,0.1734381830072093,0.06626849463251115,0.0662684946325008,,,True,False,True,False,False,False,False,,False,False,E07__U050__TOP__MINIMUM_CERTIFIED_OUTER_GAP,x00_t21,reciprocal,holomorphic,0.22580598125256943,3.222625442942855,4,D4-deformed-contour-regular-away-W3-v51,True
5464__x00_t22,5461_FINITE_PROJECTIVE_OWNER_CELL,E07,BRANCH_DEATH,B02,U050,MC04_SM_DM,direct:shared:s13,7,0,1,0.0175,0.02,-1e-06,1e-06,TOP,OUTER_PARENT_TRIANGLE,0.8570372233341658,0.8570670216427582,0.00023838646873919345,0.6875,0.71875,1.0,0.00023838646873919345,1.6150514059230708e-07,8,x00_t22__finite_projective_depth9,0.05821669436248076,0.22716433153233562,-0.22517469327654885,-0.04989228076771909,0.029999063690215183,0.02999985047204468,0.1734381830072093,0.06626849463251115,0.0662684946325008,,,True,False,True,False,False,False,False,,False,False,E07__U050__TOP__MINIMUM_CERTIFIED_OUTER_GAP,x00_t22,reciprocal,holomorphic,0.2149624033457418,3.222625442942855,4,D4-deformed-contour-regular-away-W3-v51,True
5464__x00_t23,5461_FINITE_PROJECTIVE_OWNER_CELL,E07,BRANCH_DEATH,B02,U050,MC04_SM_DM,direct:shared:s13,7,0,1,0.0175,0.02,-1e-06,1e-06,TOP,OUTER_PARENT_TRIANGLE,0.8570372233341658,0.8570670216427582,0.00023838646873919345,0.71875,0.75,1.0,0.00023838646873919345,1.6150514059230708e-07,8,x00_t23__finite_projective_depth9,0.05821669436248076,0.22716433153233562,-0.22517469327654885,-0.04989228076771909,0.029999063690215183,0.02999985047204468,0.1734381830072093,0.06626849463251115,0.0662684946325008,,,True,False,True,False,False,False,False,,False,False,E07__U050__TOP__MINIMUM_CERTIFIED_OUTER_GAP,x00_t23,reciprocal,holomorphic,0.20415231954882557,3.222625442942855,4,D4-deformed-contour-regular-away-W3-v51,True
5464__x00_t24,5461_FINITE_PROJECTIVE_OWNER_CELL,E07,BRANCH_DEATH,B02,U050,MC04_SM_DM,direct:shared:s13,7,0,1,0.0175,0.02,-1e-06,1e-06,TOP,OUTER_PARENT_TRIANGLE,0.8570372233341658,0.8570670216427582,0.00023838646873919345,0.75,0.78125,1.0,0.00023838646873919345,1.6150514059230708e-07,8,x00_t24__finite_projective_depth9,0.05821669436248076,0.22716433153233562,-0.22517469327654885,-0.04989228076771909,0.029999063690215183,0.02999985047204468,0.1734381830072093,0.06626849463251115,0.0662684946325008,,,True,False,True,False,False,False,False,,False,False,E07__U050__TOP__MINIMUM_CERTIFIED_OUTER_GAP,x00_t24,reciprocal,holomorphic,0.193381070633322,3.222625442942855,4,D4-deformed-contour-regular-away-W3-v51,True
5464__x00_t25,5461_FINITE_PROJECTIVE_OWNER_CELL,E07,BRANCH_DEATH,B02,U050,MC04_SM_DM,direct:shared:s13,7,0,1,0.0175,0.02,-1e-06,1e-06,TOP,OUTER_PARENT_TRIANGLE,0.8570372233341658,0.8570670216427582,0.00023838646873919345,0.78125,0.8125,1.0,0.00023838646873919345,1.6150514059230708e-07,8,x00_t25__finite_projective_depth9,0.05821669436248076,0.22716433153233562,-0.22517469327654885,-0.04989228076771909,0.029999063690215183,0.02999985047204468,0.1734381830072093,0.06626849463251115,0.0662684946325008,,,True,False,True,False,False,False,False,,False,False,E07__U050__TOP__MINIMUM_CERTIFIED_OUTER_GAP,x00_t25,reciprocal,holomorphic,0.18265516553525935,3.222625442942855,4,D4-deformed-contour-regular-away-W3-v51,True
5464__x00_t26,5461_FINITE_PROJECTIVE_OWNER_CELL,E07,BRANCH_DEATH,B02,U050,MC04_SM_DM,direct:shared:s13,7,0,1,0.0175,0.02,-1e-06,1e-06,TOP,OUTER_PARENT_TRIANGLE,0.8570372233341658,0.8570670216427582,0.00023838646873919345,0.8125,0.84375,1.0,0.00023838646873919345,1.6150514059230708e-07,8,x00_t26__finite_projective_depth9,0.05821669436248076,0.22716433153233562,-0.22517469327654885,-0.04989228076771909,0.029999063690215183,0.02999985047204468,0.1734381830072093,0.06626849463251115,0.0662684946325008,,,True,False,True,False,False,False,False,,False,False,E07__U050__TOP__MINIMUM_CERTIFIED_OUTER_GAP,x00_t26,reciprocal,holomorphic,0.1719826507343997,3.222625442942855,4,D4-deformed-contour-regular-away-W3-v51,True
5464__x00_t27,5461_FINITE_PROJECTIVE_OWNER_CELL,E07,BRANCH_DEATH,B02,U050,MC04_SM_DM,direct:shared:s13,7,0,1,0.0175,0.02,-1e-06,1e-06,TOP,OUTER_PARENT_TRIANGLE,0.8570372233341658,0.8570670216427582,0.00023838646873919345,0.84375,0.875,1.0,0.00023838646873919345,1.6150514059230708e-07,8,x00_t27__finite_projective_depth9,0.05821669436248076,0.22716433153233562,-0.22517469327654885,-0.04989228076771909,0.029999063690215183,0.02999985047204468,0.1734381830072093,0.06626849463251115,0.0662684946325008,,,True,False,True,False,False,False,False,,False,False,E07__U050__TOP__MINIMUM_CERTIFIED_OUTER_GAP,x00_t27,reciprocal,holomorphic,0.16137359157895212,3.222625442942855,4,D4-deformed-contour-regular-away-W3-v51,True
5464__x00_t28,5461_FINITE_PROJECTIVE_OWNER_CELL,E07,BRANCH_DEATH,B02,U050,MC04_SM_DM,direct:shared:s13,7,0,1,0.0175,0.02,-1e-06,1e-06,TOP,OUTER_PARENT_TRIANGLE,0.8570372233341658,0.8570670216427582,0.00023838646873919345,0.875,0.90625,1.0,0.00023838646873919345,1.6150514059230708e-07,8,x00_t28__finite_projective_depth9,0.05821669436248076,0.22716433153233562,-0.22517469327654885,-0.04989228076771909,0.029999063690215183,0.02999985047204468,0.1734381830072093,0.06626849463251115,0.0662684946325008,,,True,False,True,False,False,False,False,,False,False,E07__U050__TOP__MINIMUM_CERTIFIED_OUTER_GAP,x00_t28,reciprocal,holomorphic,0.15084074653092974,3.222625442942855,4,D4-deformed-contour-regular-away-W3-v51,True
5464__x00_t29,5461_FINITE_PROJECTIVE_OWNER_CELL,E07,BRANCH_DEATH,B02,U050,MC04_SM_DM,direct:shared:s13,7,0,1,0.0175,0.02,-1e-06,1e-06,TOP,OUTER_PARENT_TRIANGLE,0.8570372233341658,0.8570670216427582,0.00023838646873919345,0.90625,0.9375,1.0,0.00023838646873919345,1.6150514059230708e-07,8,x00_t29__finite_projective_depth9,0.05821669436248076,0.22716433153233562,-0.22517469327654885,-0.04989228076771909,0.029999063690215183,0.02999985047204468,0.1734381830072093,0.06626849463251115,0.0662684946325008,,,True,False,True,False,False,False,False,,False,False,E07__U050__TOP__MINIMUM_CERTIFIED_OUTER_GAP,x00_t29,reciprocal,holomorphic,0.14040053073866787,3.222625442942855,4,D4-deformed-contour-regular-away-W3-v51,True
5464__x00_t30,5461_FINITE_PROJECTIVE_OWNER_CELL,E07,BRANCH_DEATH,B02,U050,MC04_SM_DM,direct:shared:s13,7,0,1,0.0175,0.02,-1e-06,1e-06,TOP,OUTER_PARENT_TRIANGLE,0.8570372233341658,0.8570670216427582,0.00023838646873919345,0.9375,0.96875,1.0,0.00023838646873919345,1.6150514059230708e-07,8,x00_t30__finite_projective_depth9,0.05821669436248076,0.22716433153233562,-0.22517469327654885,-0.04989228076771909,0.029999063690215183,0.02999985047204468,0.1734381830072093,0.06626849463251115,0.0662684946325008,,,True,False,True,False,False,False,False,,False,False,E07__U050__TOP__MINIMUM_CERTIFIED_OUTER_GAP,x00_t30,reciprocal,holomorphic,0.13007442371095784,3.222625442942855,4,D4-deformed-contour-regular-away-W3-v51,True
5464__x00_t31,5461_FINITE_PROJECTIVE_OWNER_CELL,E07,BRANCH_DEATH,B02,U050,MC04_SM_DM,direct:shared:s13,7,0,1,0.0175,0.02,-1e-06,1e-06,TOP,OUTER_PARENT_TRIANGLE,0.8570372233341658,0.8570670216427582,0.00023838646873919345,0.96875,1.0,1.0,0.00023838646873919345,1.6150514059230708e-07,8,x00_t31__finite_projective_depth9,0.05821669436248076,0.22716433153233562,-0.22517469327654885,-0.04989228076771909,0.029999063690215183,0.02999985047204468,0.1734381830072093,0.06626849463251115,0.0662684946325008,,,True,False,True,False,False,False,False,,False,False,E07__U050__TOP__MINIMUM_CERTIFIED_OUTER_GAP,x00_t31,reciprocal,holomorphic,0.119891075312877,3.222625442942855,4,D4-deformed-contour-regular-away-W3-v51,True
5464__x01_t00,5461_FINITE_PROJECTIVE_OWNER_CELL,E07,BRANCH_DEATH,B02,U050,MC04_SM_DM,direct:shared:s13,7,0,1,0.0175,0.02,-1e-06,1e-06,TOP,OUTER_PARENT_TRIANGLE,0.8570670216427582,0.8570968199513506,0.00023838646873919345,0.0,0.03125,1.0,0.00023838646873919345,1.6150514059230708e-07,8,x01_t00__finite_projective_depth9,0.05821669436248076,0.22716433153233562,-0.22517469327654885,-0.04989228076771909,0.029999063690215183,0.02999985047204468,0.1734381830072093,0.06626849463251115,0.0662684946325008,,,True,False,True,False,False,False,False,,False,False,E07__U050__TOP__MINIMUM_CERTIFIED_OUTER_GAP,x01_t00,reciprocal,holomorphic,0.4571031080829387,3.2229869952995616,4,D4-deformed-contour-regular-away-W3-v51,True
5464__x01_t01,5461_FINITE_PROJECTIVE_OWNER_CELL,E07,BRANCH_DEATH,B02,U050,MC04_SM_DM,direct:shared:s13,7,0,1,0.0175,0.02,-1e-06,1e-06,TOP,OUTER_PARENT_TRIANGLE,0.8570670216427582,0.8570968199513506,0.00023838646873919345,0.03125,0.0625,1.0,0.00023838646873919345,1.6150514059230708e-07,8,x01_t01__finite_projective_depth9,0.05821669436248076,0.22716433153233562,-0.22517469327654885,-0.04989228076771909,0.029999063690215183,0.02999985047204468,0.1734381830072093,0.06626849463251115,0.0662684946325008,,,True,False,True,False,False,False,False,,False,False,E07__U050__TOP__MINIMUM_CERTIFIED_OUTER_GAP,x01_t01,reciprocal,holomorphic,0.44601071430359923,3.2229869952995616,4,D4-deformed-contour-regular-away-W3-v51,True
5464__x01_t02,5461_FINITE_PROJECTIVE_OWNER_CELL,E07,BRANCH_DEATH,B02,U050,MC04_SM_DM,direct:shared:s13,7,0,1,0.0175,0.02,-1e-06,1e-06,TOP,OUTER_PARENT_TRIANGLE,0.8570670216427582,0.8570968199513506,0.00023838646873919345,0.0625,0.09375,1.0,0.00023838646873919345,1.6150514059230708e-07,8,x01_t02__finite_projective_depth9,0.05821669436248076,0.22716433153233562,-0.22517469327654885,-0.04989228076771909,0.029999063690215183,0.02999985047204468,0.1734381830072093,0.06626849463251115,0.0662684946325008,,,True,False,True,False,False,False,False,,False,False,E07__U050__TOP__MINIMUM_CERTIFIED_OUTER_GAP,x01_t02,reciprocal,holomorphic,0.43492254943533104,3.2229869952995616,4,D4-deformed-contour-regular-away-W3-v51,True
5464__x01_t03,5461_FINITE_PROJECTIVE_OWNER_CELL,E07,BRANCH_DEATH,B02,U050,MC04_SM_DM,direct:shared:s13,7,0,1,0.0175,0.02,-1e-06,1e-06,TOP,OUTER_PARENT_TRIANGLE,0.8570670216427582,0.8570968199513506,0.00023838646873919345,0.09375,0.125,1.0,0.00023838646873919345,1.6150514059230708e-07,8,x01_t03__finite_projective_depth9,0.05821669436248076,0.22716433153233562,-0.22517469327654885,-0.04989228076771909,0.029999063690215183,0.02999985047204468,0.1734381830072093,0.06626849463251115,0.0662684946325008,,,True,False,True,False,False,False,False,,False,False,E07__U050__TOP__MINIMUM_CERTIFIED_OUTER_GAP,x01_t03,reciprocal,holomorphic,0.42383892070981105,3.2229869952995616,4,D4-deformed-contour-regular-away-W3-v51,True
5464__x01_t04,5461_FINITE_PROJECTIVE_OWNER_CELL,E07,BRANCH_DEATH,B02,U050,MC04_SM_DM,direct:shared:s13,7,0,1,0.0175,0.02,-1e-06,1e-06,TOP,OUTER_PARENT_TRIANGLE,0.8570670216427582,0.8570968199513506,0.00023838646873919345,0.125,0.15625,1.0,0.00023838646873919345,1.6150514059230708e-07,8,x01_t04__finite_projective_depth9,0.05821669436248076,0.22716433153233562,-0.22517469327654885,-0.04989228076771909,0.029999063690215183,0.02999985047204468,0.1734381830072093,0.06626849463251115,0.0662684946325008,,,True,False,True,False,False,False,False,,False,False,E07__U050__TOP__MINIMUM_CERTIFIED_OUTER_GAP,x01_t04,reciprocal,holomorphic,0.4127601673616074,3.2229869952995616,4,D4-deformed-contour-regular-away-W3-v51,True
5464__x01_t05,5461_FINITE_PROJECTIVE_OWNER_CELL,E07,BRANCH_DEATH,B02,U050,MC04_SM_DM,direct:shared:s13,7,0,1,0.0175,0.02,-1e-06,1e-06,TOP,OUTER_PARENT_TRIANGLE,0.8570670216427582,0.8570968199513506,0.00023838646873919345,0.15625,0.1875,1.0,0.00023838646873919345,1.6150514059230708e-07,8,x01_t05__finite_projective_depth9,0.05821669436248076,0.22716433153233562,-0.22517469327654885,-0.04989228076771909,0.029999063690215183,0.02999985047204468,0.1734381830072093,0.06626849463251115,0.0662684946325008,,,True,False,True,False,False,False,False,,False,False,E07__U050__TOP__MINIMUM_CERTIFIED_OUTER_GAP,x01_t05,reciprocal,holomorphic,0.40168666487754606,3.2229869952995616,4,D4-deformed-contour-regular-away-W3-v51,True
5464__x01_t06,5461_FINITE_PROJECTIVE_OWNER_CELL,E07,BRANCH_DEATH,B02,U050,MC04_SM_DM,direct:shared:s13,7,0,1,0.0175,0.02,-1e-06,1e-06,TOP,OUTER_PARENT_TRIANGLE,0.8570670216427582,0.8570968199513506,0.00023838646873919345,0.1875,0.21875,1.0,0.00023838646873919345,1.6150514059230708e-07,8,x01_t06__finite_projective_depth9,0.05821669436248076,0.22716433153233562,-0.22517469327654885,-0.04989228076771909,0.029999063690215183,0.02999985047204468,0.1734381830072093,0.06626849463251115,0.0662684946325008,,,True,False,True,False,False,False,False,,False,False,E07__U050__TOP__MINIMUM_CERTIFIED_OUTER_GAP,x01_t06,reciprocal,holomorphic,0.3906188299389115,3.2229869952995616,4,D4-deformed-contour-regular-away-W3-v51,True
5464__x01_t07,5461_FINITE_PROJECTIVE_OWNER_CELL,E07,BRANCH_DEATH,B02,U050,MC04_SM_DM,direct:shared:s13,7,0,1,0.0175,0.02,-1e-06,1e-06,TOP,OUTER_PARENT_TRIANGLE,0.8570670216427582,0.8570968199513506,0.00023838646873919345,0.21875,0.25,1.0,0.00023838646873919345,1.6150514059230708e-07,8,x01_t07__finite_projective_depth9,0.05821669436248076,0.22716433153233562,-0.22517469327654885,-0.04989228076771909,0.029999063690215183,0.02999985047204468,0.1734381830072093,0.06626849463251115,0.0662684946325008,,,True,False,True,False,False,False,False,,False,False,E07__U050__TOP__MINIMUM_CERTIFIED_OUTER_GAP,x01_t07,reciprocal,holomorphic,0.379557126191583,3.2229869952995616,4,D4-deformed-contour-regular-away-W3-v51,True
5464__x01_t08,5461_FINITE_PROJECTIVE_OWNER_CELL,E07,BRANCH_DEATH,B02,U050,MC04_SM_DM,direct:shared:s13,7,0,1,0.0175,0.02,-1e-06,1e-06,TOP,OUTER_PARENT_TRIANGLE,0.8570670216427582,0.8570968199513506,0.00023838646873919345,0.25,0.28125,1.0,0.00023838646873919345,1.6150514059230708e-07,8,x01_t08__finite_projective_depth9,0.05821669436248076,0.22716433153233562,-0.22517469327654885,-0.04989228076771909,0.029999063690215183,0.02999985047204468,0.1734381830072093,0.06626849463251115,0.0662684946325008,,,True,False,True,False,False,False,False,,False,False,E07__U050__TOP__MINIMUM_CERTIFIED_OUTER_GAP,x01_t08,reciprocal,holomorphic,0.36850207101010807,3.2229869952995616,4,D4-deformed-contour-regular-away-W3-v51,True
5464__x01_t09,5461_FINITE_PROJECTIVE_OWNER_CELL,E07,BRANCH_DEATH,B02,U050,MC04_SM_DM,direct:shared:s13,7,0,1,0.0175,0.02,-1e-06,1e-06,TOP,OUTER_PARENT_TRIANGLE,0.8570670216427582,0.8570968199513506,0.00023838646873919345,0.28125,0.3125,1.0,0.00023838646873919345,1.6150514059230708e-07,8,x01_t09__finite_projective_depth9,0.05821669436248076,0.22716433153233562,-0.22517469327654885,-0.04989228076771909,0.029999063690215183,0.02999985047204468,0.1734381830072093,0.06626849463251115,0.0662684946325008,,,True,False,True,False,False,False,False,,False,False,E07__U050__TOP__MINIMUM_CERTIFIED_OUTER_GAP,x01_t09,reciprocal,holomorphic,0.3574542434608053,3.2229869952995616,4,D4-deformed-contour-regular-away-W3-v51,True
5464__x01_t10,5461_FINITE_PROJECTIVE_OWNER_CELL,E07,BRANCH_DEATH,B02,U050,MC04_SM_DM,direct:shared:s13,7,0,1,0.0175,0.02,-1e-06,1e-06,TOP,OUTER_PARENT_TRIANGLE,0.8570670216427582,0.8570968199513506,0.00023838646873919345,0.3125,0.34375,1.0,0.00023838646873919345,1.6150514059230708e-07,8,x01_t10__finite_projective_depth9,0.05821669436248076,0.22716433153233562,-0.22517469327654885,-0.04989228076771909,0.029999063690215183,0.02999985047204468,0.1734381830072093,0.06626849463251115,0.0662684946325008,,,True,False,True,False,False,False,False,,False,False,E07__U050__TOP__MINIMUM_CERTIFIED_OUTER_GAP,x01_t10,reciprocal,holomorphic,0.34641429319860306,3.2229869952995616,4,D4-deformed-contour-regular-away-W3-v51,True
5464__x01_t11,5461_FINITE_PROJECTIVE_OWNER_CELL,E07,BRANCH_DEATH,B02,U050,MC04_SM_DM,direct:shared:s13,7,0,1,0.0175,0.02,-1e-06,1e-06,TOP,OUTER_PARENT_TRIANGLE,0.8570670216427582,0.8570968199513506,0.00023838646873919345,0.34375,0.375,1.0,0.00023838646873919345,1.6150514059230708e-07,8,x01_t11__finite_projective_depth9,0.05821669436248076,0.22716433153233562,-0.22517469327654885,-0.04989228076771909,0.029999063690215183,0.02999985047204468,0.1734381830072093,0.06626849463251115,0.0662684946325008,,,True,False,True,False,False,False,False,,False,False,E07__U050__TOP__MINIMUM_CERTIFIED_OUTER_GAP,x01_t11,reciprocal,holomorphic,0.3353829528287229,3.2229869952995616,4,D4-deformed-contour-regular-away-W3-v51,True
5464__x01_t12,5461_FINITE_PROJECTIVE_OWNER_CELL,E07,BRANCH_DEATH,B02,U050,MC04_SM_DM,direct:shared:s13,7,0,1,0.0175,0.02,-1e-06,1e-06,TOP,OUTER_PARENT_TRIANGLE,0.8570670216427582,0.8570968199513506,0.00023838646873919345,0.375,0.40625,1.0,0.00023838646873919345,1.6150514059230708e-07,8,x01_t12__finite_projective_depth9,0.05821669436248076,0.22716433153233562,-0.22517469327654885,-0.04989228076771909,0.029999063690215183,0.02999985047204468,0.1734381830072093,0.06626849463251115,0.0662684946325008,,,True,False,True,False,False,False,False,,False,False,E07__U050__TOP__MINIMUM_CERTIFIED_OUTER_GAP,x01_t12,reciprocal,holomorphic,0.3243610506676549,3.2229869952995616,4,D4-deformed-contour-regular-away-W3-v51,True
5464__x01_t13,5461_FINITE_PROJECTIVE_OWNER_CELL,E07,BRANCH_DEATH,B02,U050,MC04_SM_DM,direct:shared:s13,7,0,1,0.0175,0.02,-1e-06,1e-06,TOP,OUTER_PARENT_TRIANGLE,0.8570670216427582,0.8570968199513506,0.00023838646873919345,0.40625,0.4375,1.0,0.00023838646873919345,1.6150514059230708e-07,8,x01_t13__finite_projective_depth9,0.05821669436248076,0.22716433153233562,-0.22517469327654885,-0.04989228076771909,0.029999063690215183,0.02999985047204468,0.1734381830072093,0.06626849463251115,0.0662684946325008,,,True,False,True,False,False,False,False,,False,False,E07__U050__TOP__MINIMUM_CERTIFIED_OUTER_GAP,x01_t13,reciprocal,holomorphic,0.3133495265057642,3.2229869952995616,4,D4-deformed-contour-regular-away-W3-v51,True
5464__x01_t14,5461_FINITE_PROJECTIVE_OWNER_CELL,E07,BRANCH_DEATH,B02,U050,MC04_SM_DM,direct:shared:s13,7,0,1,0.0175,0.02,-1e-06,1e-06,TOP,OUTER_PARENT_TRIANGLE,0.8570670216427582,0.8570968199513506,0.00023838646873919345,0.4375,0.46875,1.0,0.00023838646873919345,1.6150514059230708e-07,8,x01_t14__finite_projective_depth9,0.05821669436248076,0.22716433153233562,-0.22517469327654885,-0.04989228076771909,0.029999063690215183,0.02999985047204468,0.1734381830072093,0.06626849463251115,0.0662684946325008,,,True,False,True,False,False,False,False,,False,False,E07__U050__TOP__MINIMUM_CERTIFIED_OUTER_GAP,x01_t14,reciprocal,holomorphic,0.3023494511965308,3.2229869952995616,4,D4-deformed-contour-regular-away-W3-v51,True
5464__x01_t15,5461_FINITE_PROJECTIVE_OWNER_CELL,E07,BRANCH_DEATH,B02,U050,MC04_SM_DM,direct:shared:s13,7,0,1,0.0175,0.02,-1e-06,1e-06,TOP,OUTER_PARENT_TRIANGLE,0.8570670216427582,0.8570968199513506,0.00023838646873919345,0.46875,0.5,1.0,0.00023838646873919345,1.6150514059230708e-07,8,x01_t15__finite_projective_depth9,0.05821669436248076,0.22716433153233562,-0.22517469327654885,-0.04989228076771909,0.029999063690215183,0.02999985047204468,0.1734381830072093,0.06626849463251115,0.0662684946325008,,,True,False,True,False,False,False,False,,False,False,E07__U050__TOP__MINIMUM_CERTIFIED_OUTER_GAP,x01_t15,reciprocal,holomorphic,0.2913620501852027,3.2229869952995616,4,D4-deformed-contour-regular-away-W3-v51,True
5464__x01_t16,5461_FINITE_PROJECTIVE_OWNER_CELL,E07,BRANCH_DEATH,B02,U050,MC04_SM_DM,direct:shared:s13,7,0,1,0.0175,0.02,-1e-06,1e-06,TOP,OUTER_PARENT_TRIANGLE,0.8570670216427582,0.8570968199513506,0.00023838646873919345,0.5,0.53125,1.0,0.00023838646873919345,1.6150514059230708e-07,8,x01_t16__finite_projective_depth9,0.05821669436248076,0.22716433153233562,-0.22517469327654885,-0.04989228076771909,0.029999063690215183,0.02999985047204468,0.1734381830072093,0.06626849463251115,0.0662684946325008,,,True,False,True,False,False,False,False,,False,False,E07__U050__TOP__MINIMUM_CERTIFIED_OUTER_GAP,x01_t16,reciprocal,holomorphic,0.28038873227599853,3.2229869952995616,4,D4-deformed-contour-regular-away-W3-v51,True
5464__x01_t17,5461_FINITE_PROJECTIVE_OWNER_CELL,E07,BRANCH_DEATH,B02,U050,MC04_SM_DM,direct:shared:s13,7,0,1,0.0175,0.02,-1e-06,1e-06,TOP,OUTER_PARENT_TRIANGLE,0.8570670216427582,0.8570968199513506,0.00023838646873919345,0.53125,0.5625,1.0,0.00023838646873919345,1.6150514059230708e-07,8,x01_t17__finite_projective_depth9,0.05821669436248076,0.22716433153233562,-0.22517469327654885,-0.04989228076771909,0.029999063690215183,0.02999985047204468,0.1734381830072093,0.06626849463251115,0.0662684946325008,,,True,False,True,False,False,False,False,,False,False,E07__U050__TOP__MINIMUM_CERTIFIED_OUTER_GAP,x01_t17,reciprocal,holomorphic,0.26943112504824906,3.2229869952995616,4,D4-deformed-contour-regular-away-W3-v51,True
5464__x01_t18,5461_FINITE_PROJECTIVE_OWNER_CELL,E07,BRANCH_DEATH,B02,U050,MC04_SM_DM,direct:shared:s13,7,0,1,0.0175,0.02,-1e-06,1e-06,TOP,OUTER_PARENT_TRIANGLE,0.8570670216427582,0.8570968199513506,0.00023838646873919345,0.5625,0.59375,1.0,0.00023838646873919345,1.6150514059230708e-07,8,x01_t18__finite_projective_depth9,0.05821669436248076,0.22716433153233562,-0.22517469327654885,-0.04989228076771909,0.029999063690215183,0.02999985047204468,0.1734381830072093,0.06626849463251115,0.0662684946325008,,,True,False,True,False,False,False,False,,False,False,E07__U050__TOP__MINIMUM_CERTIFIED_OUTER_GAP,x01_t18,reciprocal,holomorphic,0.25849111878298664,3.2229869952995616,4,D4-deformed-contour-regular-away-W3-v51,True
5464__x01_t19,5461_FINITE_PROJECTIVE_OWNER_CELL,E07,BRANCH_DEATH,B02,U050,MC04_SM_DM,direct:shared:s13,7,0,1,0.0175,0.02,-1e-06,1e-06,TOP,OUTER_PARENT_TRIANGLE,0.8570670216427582,0.8570968199513506,0.00023838646873919345,0.59375,0.625,1.0,0.00023838646873919345,1.6150514059230708e-07,8,x01_t19__finite_projective_depth9,0.05821669436248076,0.22716433153233562,-0.22517469327654885,-0.04989228076771909,0.029999063690215183,0.02999985047204468,0.1734381830072093,0.06626849463251115,0.0662684946325008,,,True,False,True,False,False,False,False,,False,False,E07__U050__TOP__MINIMUM_CERTIFIED_OUTER_GAP,x01_t19,reciprocal,holomorphic,0.24757092074600492,3.2229869952995616,4,D4-deformed-contour-regular-away-W3-v51,True
5464__x01_t20,5461_FINITE_PROJECTIVE_OWNER_CELL,E07,BRANCH_DEATH,B02,U050,MC04_SM_DM,direct:shared:s13,7,0,1,0.0175,0.02,-1e-06,1e-06,TOP,OUTER_PARENT_TRIANGLE,0.8570670216427582,0.8570968199513506,0.00023838646873919345,0.625,0.65625,1.0,0.00023838646873919345,1.6150514059230708e-07,8,x01_t20__finite_projective_depth9,0.05821669436248076,0.22716433153233562,-0.22517469327654885,-0.04989228076771909,0.029999063690215183,0.02999985047204468,0.1734381830072093,0.06626849463251115,0.0662684946325008,,,True,False,True,False,False,False,False,,False,False,E07__U050__TOP__MINIMUM_CERTIFIED_OUTER_GAP,x01_t20,reciprocal,holomorphic,0.23667312608499738,3.2229869952995616,4,D4-deformed-contour-regular-away-W3-v51,True
5464__x01_t21,5461_FINITE_PROJECTIVE_OWNER_CELL,E07,BRANCH_DEATH,B02,U050,MC04_SM_DM,direct:shared:s13,7,0,1,0.0175,0.02,-1e-06,1e-06,TOP,OUTER_PARENT_TRIANGLE,0.8570670216427582,0.8570968199513506,0.00023838646873919345,0.65625,0.6875,1.0,0.00023838646873919345,1.6150514059230708e-07,8,x01_t21__finite_projective_depth9,0.05821669436248076,0.22716433153233562,-0.22517469327654885,-0.04989228076771909,0.029999063690215183,0.02999985047204468,0.1734381830072093,0.06626849463251115,0.0662684946325008,,,True,False,True,False,False,False,False,,False,False,E07__U050__TOP__MINIMUM_CERTIFIED_OUTER_GAP,x01_t21,reciprocal,holomorphic,0.22580080465332986,3.2229869952995616,4,D4-deformed-contour-regular-away-W3-v51,True
5464__x01_t22,5461_FINITE_PROJECTIVE_OWNER_CELL,E07,BRANCH_DEATH,B02,U050,MC04_SM_DM,direct:shared:s13,7,0,1,0.0175,0.02,-1e-06,1e-06,TOP,OUTER_PARENT_TRIANGLE,0.8570670216427582,0.8570968199513506,0.00023838646873919345,0.6875,0.71875,1.0,0.00023838646873919345,1.6150514059230708e-07,8,x01_t22__finite_projective_depth9,0.05821669436248076,0.22716433153233562,-0.22517469327654885,-0.04989228076771909,0.029999063690215183,0.02999985047204468,0.1734381830072093,0.06626849463251115,0.0662684946325008,,,True,False,True,False,False,False,False,,False,False,E07__U050__TOP__MINIMUM_CERTIFIED_OUTER_GAP,x01_t22,reciprocal,holomorphic,0.2149576115283997,3.2229869952995616,4,D4-deformed-contour-regular-away-W3-v51,True
5464__x01_t23,5461_FINITE_PROJECTIVE_OWNER_CELL,E07,BRANCH_DEATH,B02,U050,MC04_SM_DM,direct:shared:s13,7,0,1,0.0175,0.02,-1e-06,1e-06,TOP,OUTER_PARENT_TRIANGLE,0.8570670216427582,0.8570968199513506,0.00023838646873919345,0.71875,0.75,1.0,0.00023838646873919345,1.6150514059230708e-07,8,x01_t23__finite_projective_depth9,0.05821669436248076,0.22716433153233562,-0.22517469327654885,-0.04989228076771909,0.029999063690215183,0.02999985047204468,0.1734381830072093,0.06626849463251115,0.0662684946325008,,,True,False,True,False,False,False,False,,False,False,E07__U050__TOP__MINIMUM_CERTIFIED_OUTER_GAP,x01_t23,reciprocal,holomorphic,0.20414791667568946,3.2229869952995616,4,D4-deformed-contour-regular-away-W3-v51,True
5464__x01_t24,5461_FINITE_PROJECTIVE_OWNER_CELL,E07,BRANCH_DEATH,B02,U050,MC04_SM_DM,direct:shared:s13,7,0,1,0.0175,0.02,-1e-06,1e-06,TOP,OUTER_PARENT_TRIANGLE,0.8570670216427582,0.8570968199513506,0.00023838646873919345,0.75,0.78125,1.0,0.00023838646873919345,1.6150514059230708e-07,8,x01_t24__finite_projective_depth9,0.05821669436248076,0.22716433153233562,-0.22517469327654885,-0.04989228076771909,0.029999063690215183,0.02999985047204468,0.1734381830072093,0.06626849463251115,0.0662684946325008,,,True,False,True,False,False,False,False,,False,False,E07__U050__TOP__MINIMUM_CERTIFIED_OUTER_GAP,x01_t24,reciprocal,holomorphic,0.19337706082587297,3.2229869952995616,4,D4-deformed-contour-regular-away-W3-v51,True
5464__x01_t25,5461_FINITE_PROJECTIVE_OWNER_CELL,E07,BRANCH_DEATH,B02,U050,MC04_SM_DM,direct:shared:s13,7,0,1,0.0175,0.02,-1e-06,1e-06,TOP,OUTER_PARENT_TRIANGLE,0.8570670216427582,0.8570968199513506,0.00023838646873919345,0.78125,0.8125,1.0,0.00023838646873919345,1.6150514059230708e-07,8,x01_t25__finite_projective_depth9,0.05821669436248076,0.22716433153233562,-0.22517469327654885,-0.04989228076771909,0.029999063690215183,0.02999985047204468,0.1734381830072093,0.06626849463251115,0.0662684946325008,,,True,False,True,False,False,False,False,,False,False,E07__U050__TOP__MINIMUM_CERTIFIED_OUTER_GAP,x01_t25,reciprocal,holomorphic,0.18265155274900394,3.2229869952995616,4,D4-deformed-contour-regular-away-W3-v51,True
5464__x01_t26,5461_FINITE_PROJECTIVE_OWNER_CELL,E07,BRANCH_DEATH,B02,U050,MC04_SM_DM,direct:shared:s13,7,0,1,0.0175,0.02,-1e-06,1e-06,TOP,OUTER_PARENT_TRIANGLE,0.8570670216427582,0.8570968199513506,0.00023838646873919345,0.8125,0.84375,1.0,0.00023838646873919345,1.6150514059230708e-07,8,x01_t26__finite_projective_depth9,0.05821669436248076,0.22716433153233562,-0.22517469327654885,-0.04989228076771909,0.029999063690215183,0.02999985047204468,0.1734381830072093,0.06626849463251115,0.0662684946325008,,,True,False,True,False,False,False,False,,False,False,E07__U050__TOP__MINIMUM_CERTIFIED_OUTER_GAP,x01_t26,reciprocal,holomorphic,0.17197943859112427,3.2229869952995616,4,D4-deformed-contour-regular-away-W3-v51,True
5464__x01_t27,5461_FINITE_PROJECTIVE_OWNER_CELL,E07,BRANCH_DEATH,B02,U050,MC04_SM_DM,direct:shared:s13,7,0,1,0.0175,0.02,-1e-06,1e-06,TOP,OUTER_PARENT_TRIANGLE,0.8570670216427582,0.8570968199513506,0.00023838646873919345,0.84375,0.875,1.0,0.00023838646873919345,1.6150514059230708e-07,8,x01_t27__finite_projective_depth9,0.05821669436248076,0.22716433153233562,-0.22517469327654885,-0.04989228076771909,0.029999063690215183,0.02999985047204468,0.1734381830072093,0.06626849463251115,0.0662684946325008,,,True,False,True,False,False,False,False,,False,False,E07__U050__TOP__MINIMUM_CERTIFIED_OUTER_GAP,x01_t27,reciprocal,holomorphic,0.16137078311408562,3.2229869952995616,4,D4-deformed-contour-regular-away-W3-v51,True
5464__x01_t28,5461_FINITE_PROJECTIVE_OWNER_CELL,E07,BRANCH_DEATH,B02,U050,MC04_SM_DM,direct:shared:s13,7,0,1,0.0175,0.02,-1e-06,1e-06,TOP,OUTER_PARENT_TRIANGLE,0.8570670216427582,0.8570968199513506,0.00023838646873919345,0.875,0.90625,1.0,0.00023838646873919345,1.6150514059230708e-07,8,x01_t28__finite_projective_depth9,0.05821669436248076,0.22716433153233562,-0.22517469327654885,-0.04989228076771909,0.029999063690215183,0.02999985047204468,0.1734381830072093,0.06626849463251115,0.0662684946325008,,,True,False,True,False,False,False,False,,False,False,E07__U050__TOP__MINIMUM_CERTIFIED_OUTER_GAP,x01_t28,reciprocal,holomorphic,0.15083834381045805,3.2229869952995616,4,D4-deformed-contour-regular-away-W3-v51,True
5464__x01_t29,5461_FINITE_PROJECTIVE_OWNER_CELL,E07,BRANCH_DEATH,B02,U050,MC04_SM_DM,direct:shared:s13,7,0,1,0.0175,0.02,-1e-06,1e-06,TOP,OUTER_PARENT_TRIANGLE,0.8570670216427582,0.8570968199513506,0.00023838646873919345,0.90625,0.9375,1.0,0.00023838646873919345,1.6150514059230708e-07,8,x01_t29__finite_projective_depth9,0.05821669436248076,0.22716433153233562,-0.22517469327654885,-0.04989228076771909,0.029999063690215183,0.02999985047204468,0.1734381830072093,0.06626849463251115,0.0662684946325008,,,True,False,True,False,False,False,False,,False,False,E07__U050__TOP__MINIMUM_CERTIFIED_OUTER_GAP,x01_t29,reciprocal,holomorphic,0.14039853427201054,3.2229869952995616,4,D4-deformed-contour-regular-away-W3-v51,True
5464__x01_t30,5461_FINITE_PROJECTIVE_OWNER_CELL,E07,BRANCH_DEATH,B02,U050,MC04_SM_DM,direct:shared:s13,7,0,1,0.0175,0.02,-1e-06,1e-06,TOP,OUTER_PARENT_TRIANGLE,0.8570670216427582,0.8570968199513506,0.00023838646873919345,0.9375,0.96875,1.0,0.00023838646873919345,1.6150514059230708e-07,8,x01_t30__finite_projective_depth9,0.05821669436248076,0.22716433153233562,-0.22517469327654885,-0.04989228076771909,0.029999063690215183,0.02999985047204468,0.1734381830072093,0.06626849463251115,0.0662684946325008,,,True,False,True,False,False,False,False,,False,False,E07__U050__TOP__MINIMUM_CERTIFIED_OUTER_GAP,x01_t30,reciprocal,holomorphic,0.13007283153833818,3.2229869952995616,4,D4-deformed-contour-regular-away-W3-v51,True
5464__x01_t31,5461_FINITE_PROJECTIVE_OWNER_CELL,E07,BRANCH_DEATH,B02,U050,MC04_SM_DM,direct:shared:s13,7,0,1,0.0175,0.02,-1e-06,1e-06,TOP,OUTER_PARENT_TRIANGLE,0.8570670216427582,0.8570968199513506,0.00023838646873919345,0.96875,1.0,1.0,0.00023838646873919345,1.6150514059230708e-07,8,x01_t31__finite_projective_depth9,0.05821669436248076,0.22716433153233562,-0.22517469327654885,-0.04989228076771909,0.029999063690215183,0.02999985047204468,0.1734381830072093,0.06626849463251115,0.0662684946325008,,,True,False,True,False,False,False,False,,False,False,E07__U050__TOP__MINIMUM_CERTIFIED_OUTER_GAP,x01_t31,reciprocal,holomorphic,0.11988988156230865,3.2229869952995616,4,D4-deformed-contour-regular-away-W3-v51,True
5464__x02_t00,5461_FINITE_PROJECTIVE_OWNER_CELL,E07,BRANCH_DEATH,B02,U050,MC04_SM_DM,direct:shared:s13,7,0,1,0.0175,0.02,-1e-06,1e-06,TOP,OUTER_PARENT_TRIANGLE,0.8570968199513506,0.857126618259943,0.00023838646873919345,0.0,0.03125,1.0,0.00023838646873919345,1.6150514059230708e-07,8,x02_t00__finite_projective_depth9,0.05821669436248076,0.22716433153233562,-0.22517469327654885,-0.04989228076771909,0.029999063690215183,0.02999985047204468,0.1734381830072093,0.06626849463251115,0.0662684946325008,,,True,False,True,False,False,False,False,,False,False,E07__U050__TOP__MINIMUM_CERTIFIED_OUTER_GAP,x02_t00,reciprocal,holomorphic,0.4570906309546206,3.22334865776489,4,D4-deformed-contour-regular-away-W3-v51,True
5464__x02_t01,5461_FINITE_PROJECTIVE_OWNER_CELL,E07,BRANCH_DEATH,B02,U050,MC04_SM_DM,direct:shared:s13,7,0,1,0.0175,0.02,-1e-06,1e-06,TOP,OUTER_PARENT_TRIANGLE,0.8570968199513506,0.857126618259943,0.00023838646873919345,0.03125,0.0625,1.0,0.00023838646873919345,1.6150514059230708e-07,8,x02_t01__finite_projective_depth9,0.05821669436248076,0.22716433153233562,-0.22517469327654885,-0.04989228076771909,0.029999063690215183,0.02999985047204468,0.1734381830072093,0.06626849463251115,0.0662684946325008,,,True,False,True,False,False,False,False,,False,False,E07__U050__TOP__MINIMUM_CERTIFIED_OUTER_GAP,x02_t01,reciprocal,holomorphic,0.4459985589505076,3.22334865776489,4,D4-deformed-contour-regular-away-W3-v51,True
5464__x02_t02,5461_FINITE_PROJECTIVE_OWNER_CELL,E07,BRANCH_DEATH,B02,U050,MC04_SM_DM,direct:shared:s13,7,0,1,0.0175,0.02,-1e-06,1e-06,TOP,OUTER_PARENT_TRIANGLE,0.8570968199513506,0.857126618259943,0.00023838646873919345,0.0625,0.09375,1.0,0.00023838646873919345,1.6150514059230708e-07,8,x02_t02__finite_projective_depth9,0.05821669436248076,0.22716433153233562,-0.22517469327654885,-0.04989228076771909,0.029999063690215183,0.02999985047204468,0.1734381830072093,0.06626849463251115,0.0662684946325008,,,True,False,True,False,False,False,False,,False,False,E07__U050__TOP__MINIMUM_CERTIFIED_OUTER_GAP,x02_t02,reciprocal,holomorphic,0.4349107178203022,3.22334865776489,4,D4-deformed-contour-regular-away-W3-v51,True
5464__x02_t03,5461_FINITE_PROJECTIVE_OWNER_CELL,E07,BRANCH_DEATH,B02,U050,MC04_SM_DM,direct:shared:s13,7,0,1,0.0175,0.02,-1e-06,1e-06,TOP,OUTER_PARENT_TRIANGLE,0.8570968199513506,0.857126618259943,0.00023838646873919345,0.09375,0.125,1.0,0.00023838646873919345,1.6150514059230708e-07,8,x02_t03__finite_projective_depth9,0.05821669436248076,0.22716433153233562,-0.22517469327654885,-0.04989228076771909,0.029999063690215183,0.02999985047204468,0.1734381830072093,0.06626849463251115,0.0662684946325008,,,True,False,True,False,False,False,False,,False,False,E07__U050__TOP__MINIMUM_CERTIFIED_OUTER_GAP,x02_t03,reciprocal,holomorphic,0.42382741487263026,3.22334865776489,4,D4-deformed-contour-regular-away-W3-v51,True
5464__x02_t04,5461_FINITE_PROJECTIVE_OWNER_CELL,E07,BRANCH_DEATH,B02,U050,MC04_SM_DM,direct:shared:s13,7,0,1,0.0175,0.02,-1e-06,1e-06,TOP,OUTER_PARENT_TRIANGLE,0.8570968199513506,0.857126618259943,0.00023838646873919345,0.125,0.15625,1.0,0.00023838646873919345,1.6150514059230708e-07,8,x02_t04__finite_projective_depth9,0.05821669436248076,0.22716433153233562,-0.22517469327654885,-0.04989228076771909,0.029999063690215183,0.02999985047204468,0.1734381830072093,0.06626849463251115,0.0662684946325008,,,True,False,True,False,False,False,False,,False,False,E07__U050__TOP__MINIMUM_CERTIFIED_OUTER_GAP,x02_t04,reciprocal,holomorphic,0.41274898942307753,3.22334865776489,4,D4-deformed-contour-regular-away-W3-v51,True
5464__x02_t05,5461_FINITE_PROJECTIVE_OWNER_CELL,E07,BRANCH_DEATH,B02,U050,MC04_SM_DM,direct:shared:s13,7,0,1,0.0175,0.02,-1e-06,1e-06,TOP,OUTER_PARENT_TRIANGLE,0.8570968199513506,0.857126618259943,0.00023838646873919345,0.15625,0.1875,1.0,0.00023838646873919345,1.6150514059230708e-07,8,x02_t05__finite_projective_depth9,0.05821669436248076,0.22716433153233562,-0.22517469327654885,-0.04989228076771909,0.029999063690215183,0.02999985047204468,0.1734381830072093,0.06626849463251115,0.0662684946325008,,,True,False,True,False,False,False,False,,False,False,E07__U050__TOP__MINIMUM_CERTIFIED_OUTER_GAP,x02_t05,reciprocal,holomorphic,0.401675817043779,3.22334865776489,4,D4-deformed-contour-regular-away-W3-v51,True
5464__x02_t06,5461_FINITE_PROJECTIVE_OWNER_CELL,E07,BRANCH_DEATH,B02,U050,MC04_SM_DM,direct:shared:s13,7,0,1,0.0175,0.02,-1e-06,1e-06,TOP,OUTER_PARENT_TRIANGLE,0.8570968199513506,0.857126618259943,0.00023838646873919345,0.1875,0.21875,1.0,0.00023838646873919345,1.6150514059230708e-07,8,x02_t06__finite_projective_depth9,0.05821669436248076,0.22716433153233562,-0.22517469327654885,-0.04989228076771909,0.029999063690215183,0.02999985047204468,0.1734381830072093,0.06626849463251115,0.0662684946325008,,,True,False,True,False,False,False,False,,False,False,E07__U050__TOP__MINIMUM_CERTIFIED_OUTER_GAP,x02_t06,reciprocal,holomorphic,0.3906083145058409,3.22334865776489,4,D4-deformed-contour-regular-away-W3-v51,True
5464__x02_t07,5461_FINITE_PROJECTIVE_OWNER_CELL,E07,BRANCH_DEATH,B02,U050,MC04_SM_DM,direct:shared:s13,7,0,1,0.0175,0.02,-1e-06,1e-06,TOP,OUTER_PARENT_TRIANGLE,0.8570968199513506,0.857126618259943,0.00023838646873919345,0.21875,0.25,1.0,0.00023838646873919345,1.6150514059230708e-07,8,x02_t07__finite_projective_depth9,0.05821669436248076,0.22716433153233562,-0.22517469327654885,-0.04989228076771909,0.029999063690215183,0.02999985047204468,0.1734381830072093,0.06626849463251115,0.0662684946325008,,,True,False,True,False,False,False,False,,False,False,E07__U050__TOP__MINIMUM_CERTIFIED_OUTER_GAP,x02_t07,reciprocal,holomorphic,0.37954694554968893,3.22334865776489,4,D4-deformed-contour-regular-away-W3-v51,True
5464__x02_t08,5461_FINITE_PROJECTIVE_OWNER_CELL,E07,BRANCH_DEATH,B02,U050,MC04_SM_DM,direct:shared:s13,7,0,1,0.0175,0.02,-1e-06,1e-06,TOP,OUTER_PARENT_TRIANGLE,0.8570968199513506,0.857126618259943,0.00023838646873919345,0.25,0.28125,1.0,0.00023838646873919345,1.6150514059230708e-07,8,x02_t08__finite_projective_depth9,0.05821669436248076,0.22716433153233562,-0.22517469327654885,-0.04989228076771909,0.029999063690215183,0.02999985047204468,0.1734381830072093,0.06626849463251115,0.0662684946325008,,,True,False,True,False,False,False,False,,False,False,E07__U050__TOP__MINIMUM_CERTIFIED_OUTER_GAP,x02_t08,reciprocal,holomorphic,0.36849222764934064,3.22334865776489,4,D4-deformed-contour-regular-away-W3-v51,True
5464__x02_t09,5461_FINITE_PROJECTIVE_OWNER_CELL,E07,BRANCH_DEATH,B02,U050,MC04_SM_DM,direct:shared:s13,7,0,1,0.0175,0.02,-1e-06,1e-06,TOP,OUTER_PARENT_TRIANGLE,0.8570968199513506,0.857126618259943,0.00023838646873919345,0.28125,0.3125,1.0,0.00023838646873919345,1.6150514059230708e-07,8,x02_t09__finite_projective_depth9,0.05821669436248076,0.22716433153233562,-0.22517469327654885,-0.04989228076771909,0.029999063690215183,0.02999985047204468,0.1734381830072093,0.06626849463251115,0.0662684946325008,,,True,False,True,False,False,False,False,,False,False,E07__U050__TOP__MINIMUM_CERTIFIED_OUTER_GAP,x02_t09,reciprocal,holomorphic,0.3574447399756763,3.22334865776489,4,D4-deformed-contour-regular-away-W3-v51,True
5464__x02_t10,5461_FINITE_PROJECTIVE_OWNER_CELL,E07,BRANCH_DEATH,B02,U050,MC04_SM_DM,direct:shared:s13,7,0,1,0.0175,0.02,-1e-06,1e-06,TOP,OUTER_PARENT_TRIANGLE,0.8570968199513506,0.857126618259943,0.00023838646873919345,0.3125,0.34375,1.0,0.00023838646873919345,1.6150514059230708e-07,8,x02_t10__finite_projective_depth9,0.05821669436248076,0.22716433153233562,-0.22517469327654885,-0.04989228076771909,0.029999063690215183,0.02999985047204468,0.1734381830072093,0.06626849463251115,0.0662684946325008,,,True,False,True,False,False,False,False,,False,False,E07__U050__TOP__MINIMUM_CERTIFIED_OUTER_GAP,x02_t10,reciprocal,holomorphic,0.3464051322877815,3.22334865776489,4,D4-deformed-contour-regular-away-W3-v51,True
5464__x02_t11,5461_FINITE_PROJECTIVE_OWNER_CELL,E07,BRANCH_DEATH,B02,U050,MC04_SM_DM,direct:shared:s13,7,0,1,0.0175,0.02,-1e-06,1e-06,TOP,OUTER_PARENT_TRIANGLE,0.8570968199513506,0.857126618259943,0.00023838646873919345,0.34375,0.375,1.0,0.00023838646873919345,1.6150514059230708e-07,8,x02_t11__finite_projective_depth9,0.05821669436248076,0.22716433153233562,-0.22517469327654885,-0.04989228076771909,0.029999063690215183,0.02999985047204468,0.1734381830072093,0.06626849463251115,0.0662684946325008,,,True,False,True,False,False,False,False,,False,False,E07__U050__TOP__MINIMUM_CERTIFIED_OUTER_GAP,x02_t11,reciprocal,holomorphic,0.33537413731676563,3.22334865776489,4,D4-deformed-contour-regular-away-W3-v51,True
5464__x02_t12,5461_FINITE_PROJECTIVE_OWNER_CELL,E07,BRANCH_DEATH,B02,U050,MC04_SM_DM,direct:shared:s13,7,0,1,0.0175,0.02,-1e-06,1e-06,TOP,OUTER_PARENT_TRIANGLE,0.8570968199513506,0.857126618259943,0.00023838646873919345,0.375,0.40625,1.0,0.00023838646873919345,1.6150514059230708e-07,8,x02_t12__finite_projective_depth9,0.05821669436248076,0.22716433153233562,-0.22517469327654885,-0.04989228076771909,0.029999063690215183,0.02999985047204468,0.1734381830072093,0.06626849463251115,0.0662684946325008,,,True,False,True,False,False,False,False,,False,False,E07__U050__TOP__MINIMUM_CERTIFIED_OUTER_GAP,x02_t12,reciprocal,holomorphic,0.32435258349411705,3.22334865776489,4,D4-deformed-contour-regular-away-W3-v51,True
5464__x02_t13,5461_FINITE_PROJECTIVE_OWNER_CELL,E07,BRANCH_DEATH,B02,U050,MC04_SM_DM,direct:shared:s13,7,0,1,0.0175,0.02,-1e-06,1e-06,TOP,OUTER_PARENT_TRIANGLE,0.8570968199513506,0.857126618259943,0.00023838646873919345,0.40625,0.4375,1.0,0.00023838646873919345,1.6150514059230708e-07,8,x02_t13__finite_projective_depth9,0.05821669436248076,0.22716433153233562,-0.22517469327654885,-0.04989228076771909,0.029999063690215183,0.02999985047204468,0.1734381830072093,0.06626849463251115,0.0662684946325008,,,True,False,True,False,False,False,False,,False,False,E07__U050__TOP__MINIMUM_CERTIFIED_OUTER_GAP,x02_t13,reciprocal,holomorphic,0.31334141073547406,3.22334865776489,4,D4-deformed-contour-regular-away-W3-v51,True
5464__x02_t14,5461_FINITE_PROJECTIVE_OWNER_CELL,E07,BRANCH_DEATH,B02,U050,MC04_SM_DM,direct:shared:s13,7,0,1,0.0175,0.02,-1e-06,1e-06,TOP,OUTER_PARENT_TRIANGLE,0.8570968199513506,0.857126618259943,0.00023838646873919345,0.4375,0.46875,1.0,0.00023838646873919345,1.6150514059230708e-07,8,x02_t14__finite_projective_depth9,0.05821669436248076,0.22716433153233562,-0.22517469327654885,-0.04989228076771909,0.029999063690215183,0.02999985047204468,0.1734381830072093,0.06626849463251115,0.0662684946325008,,,True,False,True,False,False,False,False,,False,False,E07__U050__TOP__MINIMUM_CERTIFIED_OUTER_GAP,x02_t14,reciprocal,holomorphic,0.3023416900241917,3.22334865776489,4,D4-deformed-contour-regular-away-W3-v51,True
5464__x02_t15,5461_FINITE_PROJECTIVE_OWNER_CELL,E07,BRANCH_DEATH,B02,U050,MC04_SM_DM,direct:shared:s13,7,0,1,0.0175,0.02,-1e-06,1e-06,TOP,OUTER_PARENT_TRIANGLE,0.8570968199513506,0.857126618259943,0.00023838646873919345,0.46875,0.5,1.0,0.00023838646873919345,1.6150514059230708e-07,8,x02_t15__finite_projective_depth9,0.05821669436248076,0.22716433153233562,-0.22517469327654885,-0.04989228076771909,0.029999063690215183,0.02999985047204468,0.1734381830072093,0.06626849463251115,0.0662684946325008,,,True,False,True,False,False,False,False,,False,False,E07__U050__TOP__MINIMUM_CERTIFIED_OUTER_GAP,x02_t15,reciprocal,holomorphic,0.29135464693927443,3.22334865776489,4,D4-deformed-contour-regular-away-W3-v51,True
5464__x02_t16,5461_FINITE_PROJECTIVE_OWNER_CELL,E07,BRANCH_DEATH,B02,U050,MC04_SM_DM,direct:shared:s13,7,0,1,0.0175,0.02,-1e-06,1e-06,TOP,OUTER_PARENT_TRIANGLE,0.8570968199513506,0.857126618259943,0.00023838646873919345,0.5,0.53125,1.0,0.00023838646873919345,1.6150514059230708e-07,8,x02_t16__finite_projective_depth9,0.05821669436248076,0.22716433153233562,-0.22517469327654885,-0.04989228076771909,0.029999063690215183,0.02999985047204468,0.1734381830072093,0.06626849463251115,0.0662684946325008,,,True,False,True,False,False,False,False,,False,False,E07__U050__TOP__MINIMUM_CERTIFIED_OUTER_GAP,x02_t16,reciprocal,holomorphic,0.28038169042142463,3.22334865776489,4,D4-deformed-contour-regular-away-W3-v51,True
5464__x02_t17,5461_FINITE_PROJECTIVE_OWNER_CELL,E07,BRANCH_DEATH,B02,U050,MC04_SM_DM,direct:shared:s13,7,0,1,0.0175,0.02,-1e-06,1e-06,TOP,OUTER_PARENT_TRIANGLE,0.8570968199513506,0.857126618259943,0.00023838646873919345,0.53125,0.5625,1.0,0.00023838646873919345,1.6150514059230708e-07,8,x02_t17__finite_projective_depth9,0.05821669436248076,0.22716433153233562,-0.22517469327654885,-0.04989228076771909,0.029999063690215183,0.02999985047204468,0.1734381830072093,0.06626849463251115,0.0662684946325008,,,True,False,True,False,False,False,False,,False,False,E07__U050__TOP__MINIMUM_CERTIFIED_OUTER_GAP,x02_t17,reciprocal,holomorphic,0.26942444818741584,3.22334865776489,4,D4-deformed-contour-regular-away-W3-v51,True
5464__x02_t18,5461_FINITE_PROJECTIVE_OWNER_CELL,E07,BRANCH_DEATH,B02,U050,MC04_SM_DM,direct:shared:s13,7,0,1,0.0175,0.02,-1e-06,1e-06,TOP,OUTER_PARENT_TRIANGLE,0.8570968199513506,0.857126618259943,0.00023838646873919345,0.5625,0.59375,1.0,0.00023838646873919345,1.6150514059230708e-07,8,x02_t18__finite_projective_depth9,0.05821669436248076,0.22716433153233562,-0.22517469327654885,-0.04989228076771909,0.029999063690215183,0.02999985047204468,0.1734381830072093,0.06626849463251115,0.0662684946325008,,,True,False,True,False,False,False,False,,False,False,E07__U050__TOP__MINIMUM_CERTIFIED_OUTER_GAP,x02_t18,reciprocal,holomorphic,0.2584848106540437,3.22334865776489,4,D4-deformed-contour-regular-away-W3-v51,True
5464__x02_t19,5461_FINITE_PROJECTIVE_OWNER_CELL,E07,BRANCH_DEATH,B02,U050,MC04_SM_DM,direct:shared:s13,7,0,1,0.0175,0.02,-1e-06,1e-06,TOP,OUTER_PARENT_TRIANGLE,0.8570968199513506,0.857126618259943,0.00023838646873919345,0.59375,0.625,1.0,0.00023838646873919345,1.6150514059230708e-07,8,x02_t19__finite_projective_depth9,0.05821669436248076,0.22716433153233562,-0.22517469327654885,-0.04989228076771909,0.029999063690215183,0.02999985047204468,0.1734381830072093,0.06626849463251115,0.0662684946325008,,,True,False,True,False,False,False,False,,False,False,E07__U050__TOP__MINIMUM_CERTIFIED_OUTER_GAP,x02_t19,reciprocal,holomorphic,0.24756498521692935,3.22334865776489,4,D4-deformed-contour-regular-away-W3-v51,True
5464__x02_t20,5461_FINITE_PROJECTIVE_OWNER_CELL,E07,BRANCH_DEATH,B02,U050,MC04_SM_DM,direct:shared:s13,7,0,1,0.0175,0.02,-1e-06,1e-06,TOP,OUTER_PARENT_TRIANGLE,0.8570968199513506,0.857126618259943,0.00023838646873919345,0.625,0.65625,1.0,0.00023838646873919345,1.6150514059230708e-07,8,x02_t20__finite_projective_depth9,0.05821669436248076,0.22716433153233562,-0.22517469327654885,-0.04989228076771909,0.029999063690215183,0.02999985047204468,0.1734381830072093,0.06626849463251115,0.0662684946325008,,,True,False,True,False,False,False,False,,False,False,E07__U050__TOP__MINIMUM_CERTIFIED_OUTER_GAP,x02_t20,reciprocal,holomorphic,0.2366675671433357,3.22334865776489,4,D4-deformed-contour-regular-away-W3-v51,True
5464__x02_t21,5461_FINITE_PROJECTIVE_OWNER_CELL,E07,BRANCH_DEATH,B02,U050,MC04_SM_DM,direct:shared:s13,7,0,1,0.0175,0.02,-1e-06,1e-06,TOP,OUTER_PARENT_TRIANGLE,0.8570968199513506,0.857126618259943,0.00023838646873919345,0.65625,0.6875,1.0,0.00023838646873919345,1.6150514059230708e-07,8,x02_t21__finite_projective_depth9,0.05821669436248076,0.22716433153233562,-0.22517469327654885,-0.04989228076771909,0.029999063690215183,0.02999985047204468,0.1734381830072093,0.06626849463251115,0.0662684946325008,,,True,False,True,False,False,False,False,,False,False,E07__U050__TOP__MINIMUM_CERTIFIED_OUTER_GAP,x02_t21,reciprocal,holomorphic,0.22579562638595796,3.22334865776489,4,D4-deformed-contour-regular-away-W3-v51,True
5464__x02_t22,5461_FINITE_PROJECTIVE_OWNER_CELL,E07,BRANCH_DEATH,B02,U050,MC04_SM_DM,direct:shared:s13,7,0,1,0.0175,0.02,-1e-06,1e-06,TOP,OUTER_PARENT_TRIANGLE,0.8570968199513506,0.857126618259943,0.00023838646873919345,0.6875,0.71875,1.0,0.00023838646873919345,1.6150514059230708e-07,8,x02_t22__finite_projective_depth9,0.05821669436248076,0.22716433153233562,-0.22517469327654885,-0.04989228076771909,0.029999063690215183,0.02999985047204468,0.1734381830072093,0.06626849463251115,0.0662684946325008,,,True,False,True,False,False,False,False,,False,False,E07__U050__TOP__MINIMUM_CERTIFIED_OUTER_GAP,x02_t22,reciprocal,holomorphic,0.21495281810680755,3.22334865776489,4,D4-deformed-contour-regular-away-W3-v51,True
5464__x02_t23,5461_FINITE_PROJECTIVE_OWNER_CELL,E07,BRANCH_DEATH,B02,U050,MC04_SM_DM,direct:shared:s13,7,0,1,0.0175,0.02,-1e-06,1e-06,TOP,OUTER_PARENT_TRIANGLE,0.8570968199513506,0.857126618259943,0.00023838646873919345,0.71875,0.75,1.0,0.00023838646873919345,1.6150514059230708e-07,8,x02_t23__finite_projective_depth9,0.05821669436248076,0.22716433153233562,-0.22517469327654885,-0.04989228076771909,0.029999063690215183,0.02999985047204468,0.1734381830072093,0.06626849463251115,0.0662684946325008,,,True,False,True,False,False,False,False,,False,False,E07__U050__TOP__MINIMUM_CERTIFIED_OUTER_GAP,x02_t23,reciprocal,holomorphic,0.20414351226193528,3.22334865776489,4,D4-deformed-contour-regular-away-W3-v51,True
5464__x02_t24,5461_FINITE_PROJECTIVE_OWNER_CELL,E07,BRANCH_DEATH,B02,U050,MC04_SM_DM,direct:shared:s13,7,0,1,0.0175,0.02,-1e-06,1e-06,TOP,OUTER_PARENT_TRIANGLE,0.8570968199513506,0.857126618259943,0.00023838646873919345,0.75,0.78125,1.0,0.00023838646873919345,1.6150514059230708e-07,8,x02_t24__finite_projective_depth9,0.05821669436248076,0.22716433153233562,-0.22517469327654885,-0.04989228076771909,0.029999063690215183,0.02999985047204468,0.1734381830072093,0.06626849463251115,0.0662684946325008,,,True,False,True,False,False,False,False,,False,False,E07__U050__TOP__MINIMUM_CERTIFIED_OUTER_GAP,x02_t24,reciprocal,holomorphic,0.19337304954122478,3.22334865776489,4,D4-deformed-contour-regular-away-W3-v51,True
5464__x02_t25,5461_FINITE_PROJECTIVE_OWNER_CELL,E07,BRANCH_DEATH,B02,U050,MC04_SM_DM,direct:shared:s13,7,0,1,0.0175,0.02,-1e-06,1e-06,TOP,OUTER_PARENT_TRIANGLE,0.8570968199513506,0.857126618259943,0.00023838646873919345,0.78125,0.8125,1.0,0.00023838646873919345,1.6150514059230708e-07,8,x02_t25__finite_projective_depth9,0.05821669436248076,0.22716433153233562,-0.22517469327654885,-0.04989228076771909,0.029999063690215183,0.02999985047204468,0.1734381830072093,0.06626849463251115,0.0662684946325008,,,True,False,True,False,False,False,False,,False,False,E07__U050__TOP__MINIMUM_CERTIFIED_OUTER_GAP,x02_t25,reciprocal,holomorphic,0.18264793854882425,3.22334865776489,4,D4-deformed-contour-regular-away-W3-v51,True
5464__x02_t26,5461_FINITE_PROJECTIVE_OWNER_CELL,E07,BRANCH_DEATH,B02,U050,MC04_SM_DM,direct:shared:s13,7,0,1,0.0175,0.02,-1e-06,1e-06,TOP,OUTER_PARENT_TRIANGLE,0.8570968199513506,0.857126618259943,0.00023838646873919345,0.8125,0.84375,1.0,0.00023838646873919345,1.6150514059230708e-07,8,x02_t26__finite_projective_depth9,0.05821669436248076,0.22716433153233562,-0.22517469327654885,-0.04989228076771909,0.029999063690215183,0.02999985047204468,0.1734381830072093,0.06626849463251115,0.0662684946325008,,,True,False,True,False,False,False,False,,False,False,E07__U050__TOP__MINIMUM_CERTIFIED_OUTER_GAP,x02_t26,reciprocal,holomorphic,0.17197622509717053,3.22334865776489,4,D4-deformed-contour-regular-away-W3-v51,True
5464__x02_t27,5461_FINITE_PROJECTIVE_OWNER_CELL,E07,BRANCH_DEATH,B02,U050,MC04_SM_DM,direct:shared:s13,7,0,1,0.0175,0.02,-1e-06,1e-06,TOP,OUTER_PARENT_TRIANGLE,0.8570968199513506,0.857126618259943,0.00023838646873919345,0.84375,0.875,1.0,0.00023838646873919345,1.6150514059230708e-07,8,x02_t27__finite_projective_depth9,0.05821669436248076,0.22716433153233562,-0.22517469327654885,-0.04989228076771909,0.029999063690215183,0.02999985047204468,0.1734381830072093,0.06626849463251115,0.0662684946325008,,,True,False,True,False,False,False,False,,False,False,E07__U050__TOP__MINIMUM_CERTIFIED_OUTER_GAP,x02_t27,reciprocal,holomorphic,0.1613679733619437,3.22334865776489,4,D4-deformed-contour-regular-away-W3-v51,True
5464__x02_t28,5461_FINITE_PROJECTIVE_OWNER_CELL,E07,BRANCH_DEATH,B02,U050,MC04_SM_DM,direct:shared:s13,7,0,1,0.0175,0.02,-1e-06,1e-06,TOP,OUTER_PARENT_TRIANGLE,0.8570968199513506,0.857126618259943,0.00023838646873919345,0.875,0.90625,1.0,0.00023838646873919345,1.6150514059230708e-07,8,x02_t28__finite_projective_depth9,0.05821669436248076,0.22716433153233562,-0.22517469327654885,-0.04989228076771909,0.029999063690215183,0.02999985047204468,0.1734381830072093,0.06626849463251115,0.0662684946325008,,,True,False,True,False,False,False,False,,False,False,E07__U050__TOP__MINIMUM_CERTIFIED_OUTER_GAP,x02_t28,reciprocal,holomorphic,0.1508359398665678,3.22334865776489,4,D4-deformed-contour-regular-away-W3-v51,True
5464__x02_t29,5461_FINITE_PROJECTIVE_OWNER_CELL,E07,BRANCH_DEATH,B02,U050,MC04_SM_DM,direct:shared:s13,7,0,1,0.0175,0.02,-1e-06,1e-06,TOP,OUTER_PARENT_TRIANGLE,0.8570968199513506,0.857126618259943,0.00023838646873919345,0.90625,0.9375,1.0,0.00023838646873919345,1.6150514059230708e-07,8,x02_t29__finite_projective_depth9,0.05821669436248076,0.22716433153233562,-0.22517469327654885,-0.04989228076771909,0.029999063690215183,0.02999985047204468,0.1734381830072093,0.06626849463251115,0.0662684946325008,,,True,False,True,False,False,False,False,,False,False,E07__U050__TOP__MINIMUM_CERTIFIED_OUTER_GAP,x02_t29,reciprocal,holomorphic,0.14039653664672158,3.22334865776489,4,D4-deformed-contour-regular-away-W3-v51,True
5464__x02_t30,5461_FINITE_PROJECTIVE_OWNER_CELL,E07,BRANCH_DEATH,B02,U050,MC04_SM_DM,direct:shared:s13,7,0,1,0.0175,0.02,-1e-06,1e-06,TOP,OUTER_PARENT_TRIANGLE,0.8570968199513506,0.857126618259943,0.00023838646873919345,0.9375,0.96875,1.0,0.00023838646873919345,1.6150514059230708e-07,8,x02_t30__finite_projective_depth9,0.05821669436248076,0.22716433153233562,-0.22517469327654885,-0.04989228076771909,0.029999063690215183,0.02999985047204468,0.1734381830072093,0.06626849463251115,0.0662684946325008,,,True,False,True,False,False,False,False,,False,False,E07__U050__TOP__MINIMUM_CERTIFIED_OUTER_GAP,x02_t30,reciprocal,holomorphic,0.13007123827356798,3.22334865776489,4,D4-deformed-contour-regular-away-W3-v51,True
5464__x02_t31,5461_FINITE_PROJECTIVE_OWNER_CELL,E07,BRANCH_DEATH,B02,U050,MC04_SM_DM,direct:shared:s13,7,0,1,0.0175,0.02,-1e-06,1e-06,TOP,OUTER_PARENT_TRIANGLE,0.8570968199513506,0.857126618259943,0.00023838646873919345,0.96875,1.0,1.0,0.00023838646873919345,1.6150514059230708e-07,8,x02_t31__finite_projective_depth9,0.05821669436248076,0.22716433153233562,-0.22517469327654885,-0.04989228076771909,0.029999063690215183,0.02999985047204468,0.1734381830072093,0.06626849463251115,0.0662684946325008,,,True,False,True,False,False,False,False,,False,False,E07__U050__TOP__MINIMUM_CERTIFIED_OUTER_GAP,x02_t31,reciprocal,holomorphic,0.11988868678900581,3.22334865776489,4,D4-deformed-contour-regular-away-W3-v51,True
5464__x03_t00,5461_FINITE_PROJECTIVE_OWNER_CELL,E07,BRANCH_DEATH,B02,U050,MC04_SM_DM,direct:shared:s13,7,0,1,0.0175,0.02,-1e-06,1e-06,TOP,OUTER_PARENT_TRIANGLE,0.857126618259943,0.8571564165685354,0.00023838646873919345,0.0,0.03125,1.0,0.00023838646873919345,1.6150514059230708e-07,8,x03_t00__finite_projective_depth9,0.05821669436248076,0.22716433153233562,-0.22517469327654885,-0.04989228076771909,0.029999063690215183,0.02999985047204468,0.1734381830072093,0.06626849463251115,0.0662684946325008,,,True,False,True,False,False,False,False,,False,False,E07__U050__TOP__MINIMUM_CERTIFIED_OUTER_GAP,x03_t00,reciprocal,holomorphic,0.4570781507620835,3.223710430395981,4,D4-deformed-contour-regular-away-W3-v51,True
5464__x03_t01,5461_FINITE_PROJECTIVE_OWNER_CELL,E07,BRANCH_DEATH,B02,U050,MC04_SM_DM,direct:shared:s13,7,0,1,0.0175,0.02,-1e-06,1e-06,TOP,OUTER_PARENT_TRIANGLE,0.857126618259943,0.8571564165685354,0.00023838646873919345,0.03125,0.0625,1.0,0.00023838646873919345,1.6150514059230708e-07,8,x03_t01__finite_projective_depth9,0.05821669436248076,0.22716433153233562,-0.22517469327654885,-0.04989228076771909,0.029999063690215183,0.02999985047204468,0.1734381830072093,0.06626849463251115,0.0662684946325008,,,True,False,True,False,False,False,False,,False,False,E07__U050__TOP__MINIMUM_CERTIFIED_OUTER_GAP,x03_t01,reciprocal,holomorphic,0.4459864006013253,3.223710430395981,4,D4-deformed-contour-regular-away-W3-v51,True
5464__x03_t02,5461_FINITE_PROJECTIVE_OWNER_CELL,E07,BRANCH_DEATH,B02,U050,MC04_SM_DM,direct:shared:s13,7,0,1,0.0175,0.02,-1e-06,1e-06,TOP,OUTER_PARENT_TRIANGLE,0.857126618259943,0.8571564165685354,0.00023838646873919345,0.0625,0.09375,1.0,0.00023838646873919345,1.6150514059230708e-07,8,x03_t02__finite_projective_depth9,0.05821669436248076,0.22716433153233562,-0.22517469327654885,-0.04989228076771909,0.029999063690215183,0.02999985047204468,0.1734381830072093,0.06626849463251115,0.0662684946325008,,,True,False,True,False,False,False,False,,False,False,E07__U050__TOP__MINIMUM_CERTIFIED_OUTER_GAP,x03_t02,reciprocal,holomorphic,0.434898883277196,3.223710430395981,4,D4-deformed-contour-regular-away-W3-v51,True
5464__x03_t03,5461_FINITE_PROJECTIVE_OWNER_CELL,E07,BRANCH_DEATH,B02,U050,MC04_SM_DM,direct:shared:s13,7,0,1,0.0175,0.02,-1e-06,1e-06,TOP,OUTER_PARENT_TRIANGLE,0.857126618259943,0.8571564165685354,0.00023838646873919345,0.09375,0.125,1.0,0.00023838646873919345,1.6150514059230708e-07,8,x03_t03__finite_projective_depth9,0.05821669436248076,0.22716433153233562,-0.22517469327654885,-0.04989228076771909,0.029999063690215183,0.02999985047204468,0.1734381830072093,0.06626849463251115,0.0662684946325008,,,True,False,True,False,False,False,False,,False,False,E07__U050__TOP__MINIMUM_CERTIFIED_OUTER_GAP,x03_t03,reciprocal,holomorphic,0.42381590617526393,3.223710430395981,4,D4-deformed-contour-regular-away-W3-v51,True
5464__x03_t04,5461_FINITE_PROJECTIVE_OWNER_CELL,E07,BRANCH_DEATH,B02,U050,MC04_SM_DM,direct:shared:s13,7,0,1,0.0175,0.02,-1e-06,1e-06,TOP,OUTER_PARENT_TRIANGLE,0.857126618259943,0.8571564165685354,0.00023838646873919345,0.125,0.15625,1.0,0.00023838646873919345,1.6150514059230708e-07,8,x03_t04__finite_projective_depth9,0.05821669436248076,0.22716433153233562,-0.22517469327654885,-0.04989228076771909,0.029999063690215183,0.02999985047204468,0.1734381830072093,0.06626849463251115,0.0662684946325008,,,True,False,True,False,False,False,False,,False,False,E07__U050__TOP__MINIMUM_CERTIFIED_OUTER_GAP,x03_t04,reciprocal,holomorphic,0.4127378086921263,3.223710430395981,4,D4-deformed-contour-regular-away-W3-v51,True
5464__x03_t05,5461_FINITE_PROJECTIVE_OWNER_CELL,E07,BRANCH_DEATH,B02,U050,MC04_SM_DM,direct:shared:s13,7,0,1,0.0175,0.02,-1e-06,1e-06,TOP,OUTER_PARENT_TRIANGLE,0.857126618259943,0.8571564165685354,0.00023838646873919345,0.15625,0.1875,1.0,0.00023838646873919345,1.6150514059230708e-07,8,x03_t05__finite_projective_depth9,0.05821669436248076,0.22716433153233562,-0.22517469327654885,-0.04989228076771909,0.029999063690215183,0.02999985047204468,0.1734381830072093,0.06626849463251115,0.0662684946325008,,,True,False,True,False,False,False,False,,False,False,E07__U050__TOP__MINIMUM_CERTIFIED_OUTER_GAP,x03_t05,reciprocal,holomorphic,0.4016649664852201,3.223710430395981,4,D4-deformed-contour-regular-away-W3-v51,True
5464__x03_t06,5461_FINITE_PROJECTIVE_OWNER_CELL,E07,BRANCH_DEATH,B02,U050,MC04_SM_DM,direct:shared:s13,7,0,1,0.0175,0.02,-1e-06,1e-06,TOP,OUTER_PARENT_TRIANGLE,0.857126618259943,0.8571564165685354,0.00023838646873919345,0.1875,0.21875,1.0,0.00023838646873919345,1.6150514059230708e-07,8,x03_t06__finite_projective_depth9,0.05821669436248076,0.22716433153233562,-0.22517469327654885,-0.04989228076771909,0.029999063690215183,0.02999985047204468,0.1734381830072093,0.06626849463251115,0.0662684946325008,,,True,False,True,False,False,False,False,,False,False,E07__U050__TOP__MINIMUM_CERTIFIED_OUTER_GAP,x03_t06,reciprocal,holomorphic,0.39059779641546505,3.223710430395981,4,D4-deformed-contour-regular-away-W3-v51,True
5464__x03_t07,5461_FINITE_PROJECTIVE_OWNER_CELL,E07,BRANCH_DEATH,B02,U050,MC04_SM_DM,direct:shared:s13,7,0,1,0.0175,0.02,-1e-06,1e-06,TOP,OUTER_PARENT_TRIANGLE,0.857126618259943,0.8571564165685354,0.00023838646873919345,0.21875,0.25,1.0,0.00023838646873919345,1.6150514059230708e-07,8,x03_t07__finite_projective_depth9,0.05821669436248076,0.22716433153233562,-0.22517469327654885,-0.04989228076771909,0.029999063690215183,0.02999985047204468,0.1734381830072093,0.06626849463251115,0.0662684946325008,,,True,False,True,False,False,False,False,,False,False,E07__U050__TOP__MINIMUM_CERTIFIED_OUTER_GAP,x03_t07,reciprocal,holomorphic,0.3795367623178262,3.223710430395981,4,D4-deformed-contour-regular-away-W3-v51,True
5464__x03_t08,5461_FINITE_PROJECTIVE_OWNER_CELL,E07,BRANCH_DEATH,B02,U050,MC04_SM_DM,direct:shared:s13,7,0,1,0.0175,0.02,-1e-06,1e-06,TOP,OUTER_PARENT_TRIANGLE,0.857126618259943,0.8571564165685354,0.00023838646873919345,0.25,0.28125,1.0,0.00023838646873919345,1.6150514059230708e-07,8,x03_t08__finite_projective_depth9,0.05821669436248076,0.22716433153233562,-0.22517469327654885,-0.04989228076771909,0.029999063690215183,0.02999985047204468,0.1734381830072093,0.06626849463251115,0.0662684946325008,,,True,False,True,False,False,False,False,,False,False,E07__U050__TOP__MINIMUM_CERTIFIED_OUTER_GAP,x03_t08,reciprocal,holomorphic,0.3684823817657822,3.223710430395981,4,D4-deformed-contour-regular-away-W3-v51,True
5464__x03_t09,5461_FINITE_PROJECTIVE_OWNER_CELL,E07,BRANCH_DEATH,B02,U050,MC04_SM_DM,direct:shared:s13,7,0,1,0.0175,0.02,-1e-06,1e-06,TOP,OUTER_PARENT_TRIANGLE,0.857126618259943,0.8571564165685354,0.00023838646873919345,0.28125,0.3125,1.0,0.00023838646873919345,1.6150514059230708e-07,8,x03_t09__finite_projective_depth9,0.05821669436248076,0.22716433153233562,-0.22517469327654885,-0.04989228076771909,0.029999063690215183,0.02999985047204468,0.1734381830072093,0.06626849463251115,0.0662684946325008,,,True,False,True,False,False,False,False,,False,False,E07__U050__TOP__MINIMUM_CERTIFIED_OUTER_GAP,x03_t09,reciprocal,holomorphic,0.3574352340347656,3.223710430395981,4,D4-deformed-contour-regular-away-W3-v51,True
5464__x03_t10,5461_FINITE_PROJECTIVE_OWNER_CELL,E07,BRANCH_DEATH,B02,U050,MC04_SM_DM,direct:shared:s13,7,0,1,0.0175,0.02,-1e-06,1e-06,TOP,OUTER_PARENT_TRIANGLE,0.857126618259943,0.8571564165685354,0.00023838646873919345,0.3125,0.34375,1.0,0.00023838646873919345,1.6150514059230708e-07,8,x03_t10__finite_projective_depth9,0.05821669436248076,0.22716433153233562,-0.22517469327654885,-0.04989228076771909,0.029999063690215183,0.02999985047204468,0.1734381830072093,0.06626849463251115,0.0662684946325008,,,True,False,True,False,False,False,False,,False,False,E07__U050__TOP__MINIMUM_CERTIFIED_OUTER_GAP,x03_t10,reciprocal,holomorphic,0.34639596898801045,3.223710430395981,4,D4-deformed-contour-regular-away-W3-v51,True
5464__x03_t11,5461_FINITE_PROJECTIVE_OWNER_CELL,E07,BRANCH_DEATH,B02,U050,MC04_SM_DM,direct:shared:s13,7,0,1,0.0175,0.02,-1e-06,1e-06,TOP,OUTER_PARENT_TRIANGLE,0.857126618259943,0.8571564165685354,0.00023838646873919345,0.34375,0.375,1.0,0.00023838646873919345,1.6150514059230708e-07,8,x03_t11__finite_projective_depth9,0.05821669436248076,0.22716433153233562,-0.22517469327654885,-0.04989228076771909,0.029999063690215183,0.02999985047204468,0.1734381830072093,0.06626849463251115,0.0662684946325008,,,True,False,True,False,False,False,False,,False,False,E07__U050__TOP__MINIMUM_CERTIFIED_OUTER_GAP,x03_t11,reciprocal,holomorphic,0.33536531948250325,3.223710430395981,4,D4-deformed-contour-regular-away-W3-v51,True
5464__x03_t12,5461_FINITE_PROJECTIVE_OWNER_CELL,E07,BRANCH_DEATH,B02,U050,MC04_SM_DM,direct:shared:s13,7,0,1,0.0175,0.02,-1e-06,1e-06,TOP,OUTER_PARENT_TRIANGLE,0.857126618259943,0.8571564165685354,0.00023838646873919345,0.375,0.40625,1.0,0.00023838646873919345,1.6150514059230708e-07,8,x03_t12__finite_projective_depth9,0.05821669436248076,0.22716433153233562,-0.22517469327654885,-0.04989228076771909,0.029999063690215183,0.02999985047204468,0.1734381830072093,0.06626849463251115,0.0662684946325008,,,True,False,True,False,False,False,False,,False,False,E07__U050__TOP__MINIMUM_CERTIFIED_OUTER_GAP,x03_t12,reciprocal,holomorphic,0.32434411406471986,3.223710430395981,4,D4-deformed-contour-regular-away-W3-v51,True
5464__x03_t13,5461_FINITE_PROJECTIVE_OWNER_CELL,E07,BRANCH_DEATH,B02,U050,MC04_SM_DM,direct:shared:s13,7,0,1,0.0175,0.02,-1e-06,1e-06,TOP,OUTER_PARENT_TRIANGLE,0.857126618259943,0.8571564165685354,0.00023838646873919345,0.40625,0.4375,1.0,0.00023838646873919345,1.6150514059230708e-07,8,x03_t13__finite_projective_depth9,0.05821669436248076,0.22716433153233562,-0.22517469327654885,-0.04989228076771909,0.029999063690215183,0.02999985047204468,0.1734381830072093,0.06626849463251115,0.0662684946325008,,,True,False,True,False,False,False,False,,False,False,E07__U050__TOP__MINIMUM_CERTIFIED_OUTER_GAP,x03_t13,reciprocal,holomorphic,0.3133332927755607,3.223710430395981,4,D4-deformed-contour-regular-away-W3-v51,True
5464__x03_t14,5461_FINITE_PROJECTIVE_OWNER_CELL,E07,BRANCH_DEATH,B02,U050,MC04_SM_DM,direct:shared:s13,7,0,1,0.0175,0.02,-1e-06,1e-06,TOP,OUTER_PARENT_TRIANGLE,0.857126618259943,0.8571564165685354,0.00023838646873919345,0.4375,0.46875,1.0,0.00023838646873919345,1.6150514059230708e-07,8,x03_t14__finite_projective_depth9,0.05821669436248076,0.22716433153233562,-0.22517469327654885,-0.04989228076771909,0.029999063690215183,0.02999985047204468,0.1734381830072093,0.06626849463251115,0.0662684946325008,,,True,False,True,False,False,False,False,,False,False,E07__U050__TOP__MINIMUM_CERTIFIED_OUTER_GAP,x03_t14,reciprocal,holomorphic,0.30233392672824433,3.223710430395981,4,D4-deformed-contour-regular-away-W3-v51,True
5464__x03_t15,5461_FINITE_PROJECTIVE_OWNER_CELL,E07,BRANCH_DEATH,B02,U050,MC04_SM_DM,direct:shared:s13,7,0,1,0.0175,0.02,-1e-06,1e-06,TOP,OUTER_PARENT_TRIANGLE,0.857126618259943,0.8571564165685354,0.00023838646873919345,0.46875,0.5,1.0,0.00023838646873919345,1.6150514059230708e-07,8,x03_t15__finite_projective_depth9,0.05821669436248076,0.22716433153233562,-0.22517469327654885,-0.04989228076771909,0.029999063690215183,0.02999985047204468,0.1734381830072093,0.06626849463251115,0.0662684946325008,,,True,False,True,False,False,False,False,,False,False,E07__U050__TOP__MINIMUM_CERTIFIED_OUTER_GAP,x03_t15,reciprocal,holomorphic,0.29134724163551995,3.223710430395981,4,D4-deformed-contour-regular-away-W3-v51,True
5464__x03_t16,5461_FINITE_PROJECTIVE_OWNER_CELL,E07,BRANCH_DEATH,B02,U050,MC04_SM_DM,direct:shared:s13,7,0,1,0.0175,0.02,-1e-06,1e-06,TOP,OUTER_PARENT_TRIANGLE,0.857126618259943,0.8571564165685354,0.00023838646873919345,0.5,0.53125,1.0,0.00023838646873919345,1.6150514059230708e-07,8,x03_t16__finite_projective_depth9,0.05821669436248076,0.22716433153233562,-0.22517469327654885,-0.04989228076771909,0.029999063690215183,0.02999985047204468,0.1734381830072093,0.06626849463251115,0.0662684946325008,,,True,False,True,False,False,False,False,,False,False,E07__U050__TOP__MINIMUM_CERTIFIED_OUTER_GAP,x03_t16,reciprocal,holomorphic,0.28037464657456157,3.223710430395981,4,D4-deformed-contour-regular-away-W3-v51,True
5464__x03_t17,5461_FINITE_PROJECTIVE_OWNER_CELL,E07,BRANCH_DEATH,B02,U050,MC04_SM_DM,direct:shared:s13,7,0,1,0.0175,0.02,-1e-06,1e-06,TOP,OUTER_PARENT_TRIANGLE,0.857126618259943,0.8571564165685354,0.00023838646873919345,0.53125,0.5625,1.0,0.00023838646873919345,1.6150514059230708e-07,8,x03_t17__finite_projective_depth9,0.05821669436248076,0.22716433153233562,-0.22517469327654885,-0.04989228076771909,0.029999063690215183,0.02999985047204468,0.1734381830072093,0.06626849463251115,0.0662684946325008,,,True,False,True,False,False,False,False,,False,False,E07__U050__TOP__MINIMUM_CERTIFIED_OUTER_GAP,x03_t17,reciprocal,holomorphic,0.2694177693995746,3.223710430395981,4,D4-deformed-contour-regular-away-W3-v51,True
5464__x03_t18,5461_FINITE_PROJECTIVE_OWNER_CELL,E07,BRANCH_DEATH,B02,U050,MC04_SM_DM,direct:shared:s13,7,0,1,0.0175,0.02,-1e-06,1e-06,TOP,OUTER_PARENT_TRIANGLE,0.857126618259943,0.8571564165685354,0.00023838646873919345,0.5625,0.59375,1.0,0.00023838646873919345,1.6150514059230708e-07,8,x03_t18__finite_projective_depth9,0.05821669436248076,0.22716433153233562,-0.22517469327654885,-0.04989228076771909,0.029999063690215183,0.02999985047204468,0.1734381830072093,0.06626849463251115,0.0662684946325008,,,True,False,True,False,False,False,False,,False,False,E07__U050__TOP__MINIMUM_CERTIFIED_OUTER_GAP,x03_t18,reciprocal,holomorphic,0.25847850066310746,3.223710430395981,4,D4-deformed-contour-regular-away-W3-v51,True
5464__x03_t19,5461_FINITE_PROJECTIVE_OWNER_CELL,E07,BRANCH_DEATH,B02,U050,MC04_SM_DM,direct:shared:s13,7,0,1,0.0175,0.02,-1e-06,1e-06,TOP,OUTER_PARENT_TRIANGLE,0.857126618259943,0.8571564165685354,0.00023838646873919345,0.59375,0.625,1.0,0.00023838646873919345,1.6150514059230708e-07,8,x03_t19__finite_projective_depth9,0.05821669436248076,0.22716433153233562,-0.22517469327654885,-0.04989228076771909,0.029999063690215183,0.02999985047204468,0.1734381830072093,0.06626849463251115,0.0662684946325008,,,True,False,True,False,False,False,False,,False,False,E07__U050__TOP__MINIMUM_CERTIFIED_OUTER_GAP,x03_t19,reciprocal,holomorphic,0.24755904789059985,3.223710430395981,4,D4-deformed-contour-regular-away-W3-v51,True
5464__x03_t20,5461_FINITE_PROJECTIVE_OWNER_CELL,E07,BRANCH_DEATH,B02,U050,MC04_SM_DM,direct:shared:s13,7,0,1,0.0175,0.02,-1e-06,1e-06,TOP,OUTER_PARENT_TRIANGLE,0.857126618259943,0.8571564165685354,0.00023838646873919345,0.625,0.65625,1.0,0.00023838646873919345,1.6150514059230708e-07,8,x03_t20__finite_projective_depth9,0.05821669436248076,0.22716433153233562,-0.22517469327654885,-0.04989228076771909,0.029999063690215183,0.02999985047204468,0.1734381830072093,0.06626849463251115,0.0662684946325008,,,True,False,True,False,False,False,False,,False,False,E07__U050__TOP__MINIMUM_CERTIFIED_OUTER_GAP,x03_t20,reciprocal,holomorphic,0.23666200646887925,3.223710430395981,4,D4-deformed-contour-regular-away-W3-v51,True
5464__x03_t21,5461_FINITE_PROJECTIVE_OWNER_CELL,E07,BRANCH_DEATH,B02,U050,MC04_SM_DM,direct:shared:s13,7,0,1,0.0175,0.02,-1e-06,1e-06,TOP,OUTER_PARENT_TRIANGLE,0.857126618259943,0.8571564165685354,0.00023838646873919345,0.65625,0.6875,1.0,0.00023838646873919345,1.6150514059230708e-07,8,x03_t21__finite_projective_depth9,0.05821669436248076,0.22716433153233562,-0.22517469327654885,-0.04989228076771909,0.029999063690215183,0.02999985047204468,0.1734381830072093,0.06626849463251115,0.0662684946325008,,,True,False,True,False,False,False,False,,False,False,E07__U050__TOP__MINIMUM_CERTIFIED_OUTER_GAP,x03_t21,reciprocal,holomorphic,0.22579044644996984,3.223710430395981,4,D4-deformed-contour-regular-away-W3-v51,True
5464__x03_t22,5461_FINITE_PROJECTIVE_OWNER_CELL,E07,BRANCH_DEATH,B02,U050,MC04_SM_DM,direct:shared:s13,7,0,1,0.0175,0.02,-1e-06,1e-06,TOP,OUTER_PARENT_TRIANGLE,0.857126618259943,0.8571564165685354,0.00023838646873919345,0.6875,0.71875,1.0,0.00023838646873919345,1.6150514059230708e-07,8,x03_t22__finite_projective_depth9,0.05821669436248076,0.22716433153233562,-0.22517469327654885,-0.04989228076771909,0.029999063690215183,0.02999985047204468,0.1734381830072093,0.06626849463251115,0.0662684946325008,,,True,False,True,False,False,False,False,,False,False,E07__U050__TOP__MINIMUM_CERTIFIED_OUTER_GAP,x03_t22,reciprocal,holomorphic,0.2149480230805022,3.223710430395981,4,D4-deformed-contour-regular-away-W3-v51,True
5464__x03_t23,5461_FINITE_PROJECTIVE_OWNER_CELL,E07,BRANCH_DEATH,B02,U050,MC04_SM_DM,direct:shared:s13,7,0,1,0.0175,0.02,-1e-06,1e-06,TOP,OUTER_PARENT_TRIANGLE,0.857126618259943,0.8571564165685354,0.00023838646873919345,0.71875,0.75,1.0,0.00023838646873919345,1.6150514059230708e-07,8,x03_t23__finite_projective_depth9,0.05821669436248076,0.22716433153233562,-0.22517469327654885,-0.04989228076771909,0.029999063690215183,0.02999985047204468,0.1734381830072093,0.06626849463251115,0.0662684946325008,,,True,False,True,False,False,False,False,,False,False,E07__U050__TOP__MINIMUM_CERTIFIED_OUTER_GAP,x03_t23,reciprocal,holomorphic,0.2041391063071205,3.223710430395981,4,D4-deformed-contour-regular-away-W3-v51,True
5464__x03_t24,5461_FINITE_PROJECTIVE_OWNER_CELL,E07,BRANCH_DEATH,B02,U050,MC04_SM_DM,direct:shared:s13,7,0,1,0.0175,0.02,-1e-06,1e-06,TOP,OUTER_PARENT_TRIANGLE,0.857126618259943,0.8571564165685354,0.00023838646873919345,0.75,0.78125,1.0,0.00023838646873919345,1.6150514059230708e-07,8,x03_t24__finite_projective_depth9,0.05821669436248076,0.22716433153233562,-0.22517469327654885,-0.04989228076771909,0.029999063690215183,0.02999985047204468,0.1734381830072093,0.06626849463251115,0.0662684946325008,,,True,False,True,False,False,False,False,,False,False,E07__U050__TOP__MINIMUM_CERTIFIED_OUTER_GAP,x03_t24,reciprocal,holomorphic,0.19336903677895553,3.223710430395981,4,D4-deformed-contour-regular-away-W3-v51,True
5464__x03_t25,5461_FINITE_PROJECTIVE_OWNER_CELL,E07,BRANCH_DEATH,B02,U050,MC04_SM_DM,direct:shared:s13,7,0,1,0.0175,0.02,-1e-06,1e-06,TOP,OUTER_PARENT_TRIANGLE,0.857126618259943,0.8571564165685354,0.00023838646873919345,0.78125,0.8125,1.0,0.00023838646873919345,1.6150514059230708e-07,8,x03_t25__finite_projective_depth9,0.05821669436248076,0.22716433153233562,-0.22517469327654885,-0.04989228076771909,0.029999063690215183,0.02999985047204468,0.1734381830072093,0.06626849463251115,0.0662684946325008,,,True,False,True,False,False,False,False,,False,False,E07__U050__TOP__MINIMUM_CERTIFIED_OUTER_GAP,x03_t25,reciprocal,holomorphic,0.18264432293431945,3.223710430395981,4,D4-deformed-contour-regular-away-W3-v51,True
5464__x03_t26,5461_FINITE_PROJECTIVE_OWNER_CELL,E07,BRANCH_DEATH,B02,U050,MC04_SM_DM,direct:shared:s13,7,0,1,0.0175,0.02,-1e-06,1e-06,TOP,OUTER_PARENT_TRIANGLE,0.857126618259943,0.8571564165685354,0.00023838646873919345,0.8125,0.84375,1.0,0.00023838646873919345,1.6150514059230708e-07,8,x03_t26__finite_projective_depth9,0.05821669436248076,0.22716433153233562,-0.22517469327654885,-0.04989228076771909,0.029999063690215183,0.02999985047204468,0.1734381830072093,0.06626849463251115,0.0662684946325008,,,True,False,True,False,False,False,False,,False,False,E07__U050__TOP__MINIMUM_CERTIFIED_OUTER_GAP,x03_t26,reciprocal,holomorphic,0.1719730102521582,3.223710430395981,4,D4-deformed-contour-regular-away-W3-v51,True
5464__x03_t27,5461_FINITE_PROJECTIVE_OWNER_CELL,E07,BRANCH_DEATH,B02,U050,MC04_SM_DM,direct:shared:s13,7,0,1,0.0175,0.02,-1e-06,1e-06,TOP,OUTER_PARENT_TRIANGLE,0.857126618259943,0.8571564165685354,0.00023838646873919345,0.84375,0.875,1.0,0.00023838646873919345,1.6150514059230708e-07,8,x03_t27__finite_projective_depth9,0.05821669436248076,0.22716433153233562,-0.22517469327654885,-0.04989228076771909,0.029999063690215183,0.02999985047204468,0.1734381830072093,0.06626849463251115,0.0662684946325008,,,True,False,True,False,False,False,False,,False,False,E07__U050__TOP__MINIMUM_CERTIFIED_OUTER_GAP,x03_t27,reciprocal,holomorphic,0.16136516232216638,3.223710430395981,4,D4-deformed-contour-regular-away-W3-v51,True
5464__x03_t28,5461_FINITE_PROJECTIVE_OWNER_CELL,E07,BRANCH_DEATH,B02,U050,MC04_SM_DM,direct:shared:s13,7,0,1,0.0175,0.02,-1e-06,1e-06,TOP,OUTER_PARENT_TRIANGLE,0.857126618259943,0.8571564165685354,0.00023838646873919345,0.875,0.90625,1.0,0.00023838646873919345,1.6150514059230708e-07,8,x03_t28__finite_projective_depth9,0.05821669436248076,0.22716433153233562,-0.22517469327654885,-0.04989228076771909,0.029999063690215183,0.02999985047204468,0.1734381830072093,0.06626849463251115,0.0662684946325008,,,True,False,True,False,False,False,False,,False,False,E07__U050__TOP__MINIMUM_CERTIFIED_OUTER_GAP,x03_t28,reciprocal,holomorphic,0.15083353469891958,3.223710430395981,4,D4-deformed-contour-regular-away-W3-v51,True
5464__x03_t29,5461_FINITE_PROJECTIVE_OWNER_CELL,E07,BRANCH_DEATH,B02,U050,MC04_SM_DM,direct:shared:s13,7,0,1,0.0175,0.02,-1e-06,1e-06,TOP,OUTER_PARENT_TRIANGLE,0.857126618259943,0.8571564165685354,0.00023838646873919345,0.90625,0.9375,1.0,0.00023838646873919345,1.6150514059230708e-07,8,x03_t29__finite_projective_depth9,0.05821669436248076,0.22716433153233562,-0.22517469327654885,-0.04989228076771909,0.029999063690215183,0.02999985047204468,0.1734381830072093,0.06626849463251115,0.0662684946325008,,,True,False,True,False,False,False,False,,False,False,E07__U050__TOP__MINIMUM_CERTIFIED_OUTER_GAP,x03_t29,reciprocal,holomorphic,0.14039453786248163,3.223710430395981,4,D4-deformed-contour-regular-away-W3-v51,True
5464__x03_t30,5461_FINITE_PROJECTIVE_OWNER_CELL,E07,BRANCH_DEATH,B02,U050,MC04_SM_DM,direct:shared:s13,7,0,1,0.0175,0.02,-1e-06,1e-06,TOP,OUTER_PARENT_TRIANGLE,0.857126618259943,0.8571564165685354,0.00023838646873919345,0.9375,0.96875,1.0,0.00023838646873919345,1.6150514059230708e-07,8,x03_t30__finite_projective_depth9,0.05821669436248076,0.22716433153233562,-0.22517469327654885,-0.04989228076771909,0.029999063690215183,0.02999985047204468,0.1734381830072093,0.06626849463251115,0.0662684946325008,,,True,False,True,False,False,False,False,,False,False,E07__U050__TOP__MINIMUM_CERTIFIED_OUTER_GAP,x03_t30,reciprocal,holomorphic,0.13006964391634715,3.223710430395981,4,D4-deformed-contour-regular-away-W3-v51,True
5464__x03_t31,5461_FINITE_PROJECTIVE_OWNER_CELL,E07,BRANCH_DEATH,B02,U050,MC04_SM_DM,direct:shared:s13,7,0,1,0.0175,0.02,-1e-06,1e-06,TOP,OUTER_PARENT_TRIANGLE,0.857126618259943,0.8571564165685354,0.00023838646873919345,0.96875,1.0,1.0,0.00023838646873919345,1.6150514059230708e-07,8,x03_t31__finite_projective_depth9,0.05821669436248076,0.22716433153233562,-0.22517469327654885,-0.04989228076771909,0.029999063690215183,0.02999985047204468,0.1734381830072093,0.06626849463251115,0.0662684946325008,,,True,False,True,False,False,False,False,,False,False,E07__U050__TOP__MINIMUM_CERTIFIED_OUTER_GAP,x03_t31,reciprocal,holomorphic,0.11988749099268693,3.223710430395981,4,D4-deformed-contour-regular-away-W3-v51,True
5464__x04_t00,5461_FINITE_PROJECTIVE_OWNER_CELL,E07,BRANCH_DEATH,B02,U050,MC04_SM_DM,direct:shared:s13,7,0,1,0.0175,0.02,-1e-06,1e-06,TOP,OUTER_PARENT_TRIANGLE,0.8571564165685354,0.8571862148771278,0.00023838646873919345,0.0,0.03125,1.0,0.00023838646873919345,1.6150514059230708e-07,8,x04_t00__finite_projective_depth9,0.05821669436248076,0.22716433153233562,-0.22517469327654885,-0.04989228076771909,0.029999063690215183,0.02999985047204468,0.1734381830072093,0.06626849463251115,0.0662684946325008,,,True,False,True,False,False,False,False,,False,False,E07__U050__TOP__MINIMUM_CERTIFIED_OUTER_GAP,x04_t00,reciprocal,holomorphic,0.4570656675044095,3.2240723132500166,4,D4-deformed-contour-regular-away-W3-v51,True
5464__x04_t01,5461_FINITE_PROJECTIVE_OWNER_CELL,E07,BRANCH_DEATH,B02,U050,MC04_SM_DM,direct:shared:s13,7,0,1,0.0175,0.02,-1e-06,1e-06,TOP,OUTER_PARENT_TRIANGLE,0.8571564165685354,0.8571862148771278,0.00023838646873919345,0.03125,0.0625,1.0,0.00023838646873919345,1.6150514059230708e-07,8,x04_t01__finite_projective_depth9,0.05821669436248076,0.22716433153233562,-0.22517469327654885,-0.04989228076771909,0.029999063690215183,0.02999985047204468,0.1734381830072093,0.06626849463251115,0.0662684946325008,,,True,False,True,False,False,False,False,,False,False,E07__U050__TOP__MINIMUM_CERTIFIED_OUTER_GAP,x04_t01,reciprocal,holomorphic,0.4459742392551552,3.2240723132500166,4,D4-deformed-contour-regular-away-W3-v51,True
5464__x04_t02,5461_FINITE_PROJECTIVE_OWNER_CELL,E07,BRANCH_DEATH,B02,U050,MC04_SM_DM,direct:shared:s13,7,0,1,0.0175,0.02,-1e-06,1e-06,TOP,OUTER_PARENT_TRIANGLE,0.8571564165685354,0.8571862148771278,0.00023838646873919345,0.0625,0.09375,1.0,0.00023838646873919345,1.6150514059230708e-07,8,x04_t02__finite_projective_depth9,0.05821669436248076,0.22716433153233562,-0.22517469327654885,-0.04989228076771909,0.029999063690215183,0.02999985047204468,0.1734381830072093,0.06626849463251115,0.0662684946325008,,,True,False,True,False,False,False,False,,False,False,E07__U050__TOP__MINIMUM_CERTIFIED_OUTER_GAP,x04_t02,reciprocal,holomorphic,0.43488704580513593,3.2240723132500166,4,D4-deformed-contour-regular-away-W3-v51,True
5464__x04_t03,5461_FINITE_PROJECTIVE_OWNER_CELL,E07,BRANCH_DEATH,B02,U050,MC04_SM_DM,direct:shared:s13,7,0,1,0.0175,0.02,-1e-06,1e-06,TOP,OUTER_PARENT_TRIANGLE,0.8571564165685354,0.8571862148771278,0.00023838646873919345,0.09375,0.125,1.0,0.00023838646873919345,1.6150514059230708e-07,8,x04_t03__finite_projective_depth9,0.05821669436248076,0.22716433153233562,-0.22517469327654885,-0.04989228076771909,0.029999063690215183,0.02999985047204468,0.1734381830072093,0.06626849463251115,0.0662684946325008,,,True,False,True,False,False,False,False,,False,False,E07__U050__TOP__MINIMUM_CERTIFIED_OUTER_GAP,x04_t03,reciprocal,holomorphic,0.4238043946168565,3.2240723132500166,4,D4-deformed-contour-regular-away-W3-v51,True
5464__x04_t04,5461_FINITE_PROJECTIVE_OWNER_CELL,E07,BRANCH_DEATH,B02,U050,MC04_SM_DM,direct:shared:s13,7,0,1,0.0175,0.02,-1e-06,1e-06,TOP,OUTER_PARENT_TRIANGLE,0.8571564165685354,0.8571862148771278,0.00023838646873919345,0.125,0.15625,1.0,0.00023838646873919345,1.6150514059230708e-07,8,x04_t04__finite_projective_depth9,0.05821669436248076,0.22716433153233562,-0.22517469327654885,-0.04989228076771909,0.029999063690215183,0.02999985047204468,0.1734381830072093,0.06626849463251115,0.0662684946325008,,,True,False,True,False,False,False,False,,False,False,E07__U050__TOP__MINIMUM_CERTIFIED_OUTER_GAP,x04_t04,reciprocal,holomorphic,0.4127266251679188,3.2240723132500166,4,D4-deformed-contour-regular-away-W3-v51,True
5464__x04_t05,5461_FINITE_PROJECTIVE_OWNER_CELL,E07,BRANCH_DEATH,B02,U050,MC04_SM_DM,direct:shared:s13,7,0,1,0.0175,0.02,-1e-06,1e-06,TOP,OUTER_PARENT_TRIANGLE,0.8571564165685354,0.8571862148771278,0.00023838646873919345,0.15625,0.1875,1.0,0.00023838646873919345,1.6150514059230708e-07,8,x04_t05__finite_projective_depth9,0.05821669436248076,0.22716433153233562,-0.22517469327654885,-0.04989228076771909,0.029999063690215183,0.02999985047204468,0.1734381830072093,0.06626849463251115,0.0662684946325008,,,True,False,True,False,False,False,False,,False,False,E07__U050__TOP__MINIMUM_CERTIFIED_OUTER_GAP,x04_t05,reciprocal,holomorphic,0.4016541132010545,3.2240723132500166,4,D4-deformed-contour-regular-away-W3-v51,True
5464__x04_t06,5461_FINITE_PROJECTIVE_OWNER_CELL,E07,BRANCH_DEATH,B02,U050,MC04_SM_DM,direct:shared:s13,7,0,1,0.0175,0.02,-1e-06,1e-06,TOP,OUTER_PARENT_TRIANGLE,0.8571564165685354,0.8571862148771278,0.00023838646873919345,0.1875,0.21875,1.0,0.00023838646873919345,1.6150514059230708e-07,8,x04_t06__finite_projective_depth9,0.05821669436248076,0.22716433153233562,-0.22517469327654885,-0.04989228076771909,0.029999063690215183,0.02999985047204468,0.1734381830072093,0.06626849463251115,0.0662684946325008,,,True,False,True,False,False,False,False,,False,False,E07__U050__TOP__MINIMUM_CERTIFIED_OUTER_GAP,x04_t06,reciprocal,holomorphic,0.39058727566699003,3.2240723132500166,4,D4-deformed-contour-regular-away-W3-v51,True
5464__x04_t07,5461_FINITE_PROJECTIVE_OWNER_CELL,E07,BRANCH_DEATH,B02,U050,MC04_SM_DM,direct:shared:s13,7,0,1,0.0175,0.02,-1e-06,1e-06,TOP,OUTER_PARENT_TRIANGLE,0.8571564165685354,0.8571862148771278,0.00023838646873919345,0.21875,0.25,1.0,0.00023838646873919345,1.6150514059230708e-07,8,x04_t07__finite_projective_depth9,0.05821669436248076,0.22716433153233562,-0.22517469327654885,-0.04989228076771909,0.029999063690215183,0.02999985047204468,0.1734381830072093,0.06626849463251115,0.0662684946325008,,,True,False,True,False,False,False,False,,False,False,E07__U050__TOP__MINIMUM_CERTIFIED_OUTER_GAP,x04_t07,reciprocal,holomorphic,0.3795265764952213,3.2240723132500166,4,D4-deformed-contour-regular-away-W3-v51,True
5464__x04_t08,5461_FINITE_PROJECTIVE_OWNER_CELL,E07,BRANCH_DEATH,B02,U050,MC04_SM_DM,direct:shared:s13,7,0,1,0.0175,0.02,-1e-06,1e-06,TOP,OUTER_PARENT_TRIANGLE,0.8571564165685354,0.8571862148771278,0.00023838646873919345,0.25,0.28125,1.0,0.00023838646873919345,1.6150514059230708e-07,8,x04_t08__finite_projective_depth9,0.05821669436248076,0.22716433153233562,-0.22517469327654885,-0.04989228076771909,0.029999063690215183,0.02999985047204468,0.1734381830072093,0.06626849463251115,0.0662684946325008,,,True,False,True,False,False,False,False,,False,False,E07__U050__TOP__MINIMUM_CERTIFIED_OUTER_GAP,x04_t08,reciprocal,holomorphic,0.3684725333586798,3.2240723132500166,4,D4-deformed-contour-regular-away-W3-v51,True
5464__x04_t09,5461_FINITE_PROJECTIVE_OWNER_CELL,E07,BRANCH_DEATH,B02,U050,MC04_SM_DM,direct:shared:s13,7,0,1,0.0175,0.02,-1e-06,1e-06,TOP,OUTER_PARENT_TRIANGLE,0.8571564165685354,0.8571862148771278,0.00023838646873919345,0.28125,0.3125,1.0,0.00023838646873919345,1.6150514059230708e-07,8,x04_t09__finite_projective_depth9,0.05821669436248076,0.22716433153233562,-0.22517469327654885,-0.04989228076771909,0.029999063690215183,0.02999985047204468,0.1734381830072093,0.06626849463251115,0.0662684946325008,,,True,False,True,False,False,False,False,,False,False,E07__U050__TOP__MINIMUM_CERTIFIED_OUTER_GAP,x04_t09,reciprocal,holomorphic,0.3574257256373411,3.2240723132500166,4,D4-deformed-contour-regular-away-W3-v51,True
5464__x04_t10,5461_FINITE_PROJECTIVE_OWNER_CELL,E07,BRANCH_DEATH,B02,U050,MC04_SM_DM,direct:shared:s13,7,0,1,0.0175,0.02,-1e-06,1e-06,TOP,OUTER_PARENT_TRIANGLE,0.8571564165685354,0.8571862148771278,0.00023838646873919345,0.3125,0.34375,1.0,0.00023838646873919345,1.6150514059230708e-07,8,x04_t10__finite_projective_depth9,0.05821669436248076,0.22716433153233562,-0.22517469327654885,-0.04989228076771909,0.029999063690215183,0.02999985047204468,0.1734381830072093,0.06626849463251115,0.0662684946325008,,,True,False,True,False,False,False,False,,False,False,E07__U050__TOP__MINIMUM_CERTIFIED_OUTER_GAP,x04_t10,reciprocal,holomorphic,0.34638680329857857,3.2240723132500166,4,D4-deformed-contour-regular-away-W3-v51,True
5464__x04_t11,5461_FINITE_PROJECTIVE_OWNER_CELL,E07,BRANCH_DEATH,B02,U050,MC04_SM_DM,direct:shared:s13,7,0,1,0.0175,0.02,-1e-06,1e-06,TOP,OUTER_PARENT_TRIANGLE,0.8571564165685354,0.8571862148771278,0.00023838646873919345,0.34375,0.375,1.0,0.00023838646873919345,1.6150514059230708e-07,8,x04_t11__finite_projective_depth9,0.05821669436248076,0.22716433153233562,-0.22517469327654885,-0.04989228076771909,0.029999063690215183,0.02999985047204468,0.1734381830072093,0.06626849463251115,0.0662684946325008,,,True,False,True,False,False,False,False,,False,False,E07__U050__TOP__MINIMUM_CERTIFIED_OUTER_GAP,x04_t11,reciprocal,holomorphic,0.3353564993252449,3.2240723132500166,4,D4-deformed-contour-regular-away-W3-v51,True
5464__x04_t12,5461_FINITE_PROJECTIVE_OWNER_CELL,E07,BRANCH_DEATH,B02,U050,MC04_SM_DM,direct:shared:s13,7,0,1,0.0175,0.02,-1e-06,1e-06,TOP,OUTER_PARENT_TRIANGLE,0.8571564165685354,0.8571862148771278,0.00023838646873919345,0.375,0.40625,1.0,0.00023838646873919345,1.6150514059230708e-07,8,x04_t12__finite_projective_depth9,0.05821669436248076,0.22716433153233562,-0.22517469327654885,-0.04989228076771909,0.029999063690215183,0.02999985047204468,0.1734381830072093,0.06626849463251115,0.0662684946325008,,,True,False,True,False,False,False,False,,False,False,E07__U050__TOP__MINIMUM_CERTIFIED_OUTER_GAP,x04_t12,reciprocal,holomorphic,0.3243356423787928,3.2240723132500166,4,D4-deformed-contour-regular-away-W3-v51,True
5464__x04_t13,5461_FINITE_PROJECTIVE_OWNER_CELL,E07,BRANCH_DEATH,B02,U050,MC04_SM_DM,direct:shared:s13,7,0,1,0.0175,0.02,-1e-06,1e-06,TOP,OUTER_PARENT_TRIANGLE,0.8571564165685354,0.8571862148771278,0.00023838646873919345,0.40625,0.4375,1.0,0.00023838646873919345,1.6150514059230708e-07,8,x04_t13__finite_projective_depth9,0.05821669436248076,0.22716433153233562,-0.22517469327654885,-0.04989228076771909,0.029999063690215183,0.02999985047204468,0.1734381830072093,0.06626849463251115,0.0662684946325008,,,True,False,True,False,False,False,False,,False,False,E07__U050__TOP__MINIMUM_CERTIFIED_OUTER_GAP,x04_t13,reciprocal,holomorphic,0.3133251726253743,3.2240723132500166,4,D4-deformed-contour-regular-away-W3-v51,True
5464__x04_t14,5461_FINITE_PROJECTIVE_OWNER_CELL,E07,BRANCH_DEATH,B02,U050,MC04_SM_DM,direct:shared:s13,7,0,1,0.0175,0.02,-1e-06,1e-06,TOP,OUTER_PARENT_TRIANGLE,0.8571564165685354,0.8571862148771278,0.00023838646873919345,0.4375,0.46875,1.0,0.00023838646873919345,1.6150514059230708e-07,8,x04_t14__finite_projective_depth9,0.05821669436248076,0.22716433153233562,-0.22517469327654885,-0.04989228076771909,0.029999063690215183,0.02999985047204468,0.1734381830072093,0.06626849463251115,0.0662684946325008,,,True,False,True,False,False,False,False,,False,False,E07__U050__TOP__MINIMUM_CERTIFIED_OUTER_GAP,x04_t14,reciprocal,holomorphic,0.30232616130805984,3.2240723132500166,4,D4-deformed-contour-regular-away-W3-v51,True
5464__x04_t15,5461_FINITE_PROJECTIVE_OWNER_CELL,E07,BRANCH_DEATH,B02,U050,MC04_SM_DM,direct:shared:s13,7,0,1,0.0175,0.02,-1e-06,1e-06,TOP,OUTER_PARENT_TRIANGLE,0.8571564165685354,0.8571862148771278,0.00023838646873919345,0.46875,0.5,1.0,0.00023838646873919345,1.6150514059230708e-07,8,x04_t15__finite_projective_depth9,0.05821669436248076,0.22716433153233562,-0.22517469327654885,-0.04989228076771909,0.029999063690215183,0.02999985047204468,0.1734381830072093,0.06626849463251115,0.0662684946325008,,,True,False,True,False,False,False,False,,False,False,E07__U050__TOP__MINIMUM_CERTIFIED_OUTER_GAP,x04_t15,reciprocal,holomorphic,0.2913398342733309,3.2240723132500166,4,D4-deformed-contour-regular-away-W3-v51,True
5464__x04_t16,5461_FINITE_PROJECTIVE_OWNER_CELL,E07,BRANCH_DEATH,B02,U050,MC04_SM_DM,direct:shared:s13,7,0,1,0.0175,0.02,-1e-06,1e-06,TOP,OUTER_PARENT_TRIANGLE,0.8571564165685354,0.8571862148771278,0.00023838646873919345,0.5,0.53125,1.0,0.00023838646873919345,1.6150514059230708e-07,8,x04_t16__finite_projective_depth9,0.05821669436248076,0.22716433153233562,-0.22517469327654885,-0.04989228076771909,0.029999063690215183,0.02999985047204468,0.1734381830072093,0.06626849463251115,0.0662684946325008,,,True,False,True,False,False,False,False,,False,False,E07__U050__TOP__MINIMUM_CERTIFIED_OUTER_GAP,x04_t16,reciprocal,holomorphic,0.28036760073482203,3.2240723132500166,4,D4-deformed-contour-regular-away-W3-v51,True
5464__x04_t17,5461_FINITE_PROJECTIVE_OWNER_CELL,E07,BRANCH_DEATH,B02,U050,MC04_SM_DM,direct:shared:s13,7,0,1,0.0175,0.02,-1e-06,1e-06,TOP,OUTER_PARENT_TRIANGLE,0.8571564165685354,0.8571862148771278,0.00023838646873919345,0.53125,0.5625,1.0,0.00023838646873919345,1.6150514059230708e-07,8,x04_t17__finite_projective_depth9,0.05821669436248076,0.22716433153233562,-0.22517469327654885,-0.04989228076771909,0.029999063690215183,0.02999985047204468,0.1734381830072093,0.06626849463251115,0.0662684946325008,,,True,False,True,False,False,False,False,,False,False,E07__U050__TOP__MINIMUM_CERTIFIED_OUTER_GAP,x04_t17,reciprocal,holomorphic,0.2694110886841587,3.2240723132500166,4,D4-deformed-contour-regular-away-W3-v51,True
5464__x04_t18,5461_FINITE_PROJECTIVE_OWNER_CELL,E07,BRANCH_DEATH,B02,U050,MC04_SM_DM,direct:shared:s13,7,0,1,0.0175,0.02,-1e-06,1e-06,TOP,OUTER_PARENT_TRIANGLE,0.8571564165685354,0.8571862148771278,0.00023838646873919345,0.5625,0.59375,1.0,0.00023838646873919345,1.6150514059230708e-07,8,x04_t18__finite_projective_depth9,0.05821669436248076,0.22716433153233562,-0.22517469327654885,-0.04989228076771909,0.029999063690215183,0.02999985047204468,0.1734381830072093,0.06626849463251115,0.0662684946325008,,,True,False,True,False,False,False,False,,False,False,E07__U050__TOP__MINIMUM_CERTIFIED_OUTER_GAP,x04_t18,reciprocal,holomorphic,0.25847218880963196,3.2240723132500166,4,D4-deformed-contour-regular-away-W3-v51,True
5464__x04_t19,5461_FINITE_PROJECTIVE_OWNER_CELL,E07,BRANCH_DEATH,B02,U050,MC04_SM_DM,direct:shared:s13,7,0,1,0.0175,0.02,-1e-06,1e-06,TOP,OUTER_PARENT_TRIANGLE,0.8571564165685354,0.8571862148771278,0.00023838646873919345,0.59375,0.625,1.0,0.00023838646873919345,1.6150514059230708e-07,8,x04_t19__finite_projective_depth9,0.05821669436248076,0.22716433153233562,-0.22517469327654885,-0.04989228076771909,0.029999063690215183,0.02999985047204468,0.1734381830072093,0.06626849463251115,0.0662684946325008,,,True,False,True,False,False,False,False,,False,False,E07__U050__TOP__MINIMUM_CERTIFIED_OUTER_GAP,x04_t19,reciprocal,holomorphic,0.2475531087664911,3.2240723132500166,4,D4-deformed-contour-regular-away-W3-v51,True
5464__x04_t20,5461_FINITE_PROJECTIVE_OWNER_CELL,E07,BRANCH_DEATH,B02,U050,MC04_SM_DM,direct:shared:s13,7,0,1,0.0175,0.02,-1e-06,1e-06,TOP,OUTER_PARENT_TRIANGLE,0.8571564165685354,0.8571862148771278,0.00023838646873919345,0.625,0.65625,1.0,0.00023838646873919345,1.6150514059230708e-07,8,x04_t20__finite_projective_depth9,0.05821669436248076,0.22716433153233562,-0.22517469327654885,-0.04989228076771909,0.029999063690215183,0.02999985047204468,0.1734381830072093,0.06626849463251115,0.0662684946325008,,,True,False,True,False,False,False,False,,False,False,E07__U050__TOP__MINIMUM_CERTIFIED_OUTER_GAP,x04_t20,reciprocal,holomorphic,0.23665644406112346,3.2240723132500166,4,D4-deformed-contour-regular-away-W3-v51,True
5464__x04_t21,5461_FINITE_PROJECTIVE_OWNER_CELL,E07,BRANCH_DEATH,B02,U050,MC04_SM_DM,direct:shared:s13,7,0,1,0.0175,0.02,-1e-06,1e-06,TOP,OUTER_PARENT_TRIANGLE,0.8571564165685354,0.8571862148771278,0.00023838646873919345,0.65625,0.6875,1.0,0.00023838646873919345,1.6150514059230708e-07,8,x04_t21__finite_projective_depth9,0.05821669436248076,0.22716433153233562,-0.22517469327654885,-0.04989228076771909,0.029999063690215183,0.02999985047204468,0.1734381830072093,0.06626849463251115,0.0662684946325008,,,True,False,True,False,False,False,False,,False,False,E07__U050__TOP__MINIMUM_CERTIFIED_OUTER_GAP,x04_t21,reciprocal,holomorphic,0.2257852648448817,3.2240723132500166,4,D4-deformed-contour-regular-away-W3-v51,True
5464__x04_t22,5461_FINITE_PROJECTIVE_OWNER_CELL,E07,BRANCH_DEATH,B02,U050,MC04_SM_DM,direct:shared:s13,7,0,1,0.0175,0.02,-1e-06,1e-06,TOP,OUTER_PARENT_TRIANGLE,0.8571564165685354,0.8571862148771278,0.00023838646873919345,0.6875,0.71875,1.0,0.00023838646873919345,1.6150514059230708e-07,8,x04_t22__finite_projective_depth9,0.05821669436248076,0.22716433153233562,-0.22517469327654885,-0.04989228076771909,0.029999063690215183,0.02999985047204468,0.1734381830072093,0.06626849463251115,0.0662684946325008,,,True,False,True,False,False,False,False,,False,False,E07__U050__TOP__MINIMUM_CERTIFIED_OUTER_GAP,x04_t22,reciprocal,holomorphic,0.21494322644902092,3.2240723132500166,4,D4-deformed-contour-regular-away-W3-v51,True
5464__x04_t23,5461_FINITE_PROJECTIVE_OWNER_CELL,E07,BRANCH_DEATH,B02,U050,MC04_SM_DM,direct:shared:s13,7,0,1,0.0175,0.02,-1e-06,1e-06,TOP,OUTER_PARENT_TRIANGLE,0.8571564165685354,0.8571862148771278,0.00023838646873919345,0.71875,0.75,1.0,0.00023838646873919345,1.6150514059230708e-07,8,x04_t23__finite_projective_depth9,0.05821669436248076,0.22716433153233562,-0.22517469327654885,-0.04989228076771909,0.029999063690215183,0.02999985047204468,0.1734381830072093,0.06626849463251115,0.0662684946325008,,,True,False,True,False,False,False,False,,False,False,E07__U050__TOP__MINIMUM_CERTIFIED_OUTER_GAP,x04_t23,reciprocal,holomorphic,0.20413469881080315,3.2240723132500166,4,D4-deformed-contour-regular-away-W3-v51,True
5464__x04_t24,5461_FINITE_PROJECTIVE_OWNER_CELL,E07,BRANCH_DEATH,B02,U050,MC04_SM_DM,direct:shared:s13,7,0,1,0.0175,0.02,-1e-06,1e-06,TOP,OUTER_PARENT_TRIANGLE,0.8571564165685354,0.8571862148771278,0.00023838646873919345,0.75,0.78125,1.0,0.00023838646873919345,1.6150514059230708e-07,8,x04_t24__finite_projective_depth9,0.05821669436248076,0.22716433153233562,-0.22517469327654885,-0.04989228076771909,0.029999063690215183,0.02999985047204468,0.1734381830072093,0.06626849463251115,0.0662684946325008,,,True,False,True,False,False,False,False,,False,False,E07__U050__TOP__MINIMUM_CERTIFIED_OUTER_GAP,x04_t24,reciprocal,holomorphic,0.19336502253864407,3.2240723132500166,4,D4-deformed-contour-regular-away-W3-v51,True
5464__x04_t25,5461_FINITE_PROJECTIVE_OWNER_CELL,E07,BRANCH_DEATH,B02,U050,MC04_SM_DM,direct:shared:s13,7,0,1,0.0175,0.02,-1e-06,1e-06,TOP,OUTER_PARENT_TRIANGLE,0.8571564165685354,0.8571862148771278,0.00023838646873919345,0.78125,0.8125,1.0,0.00023838646873919345,1.6150514059230708e-07,8,x04_t25__finite_projective_depth9,0.05821669436248076,0.22716433153233562,-0.22517469327654885,-0.04989228076771909,0.029999063690215183,0.02999985047204468,0.1734381830072093,0.06626849463251115,0.0662684946325008,,,True,False,True,False,False,False,False,,False,False,E07__U050__TOP__MINIMUM_CERTIFIED_OUTER_GAP,x04_t25,reciprocal,holomorphic,0.18264070590508882,3.2240723132500166,4,D4-deformed-contour-regular-away-W3-v51,True
5464__x04_t26,5461_FINITE_PROJECTIVE_OWNER_CELL,E07,BRANCH_DEATH,B02,U050,MC04_SM_DM,direct:shared:s13,7,0,1,0.0175,0.02,-1e-06,1e-06,TOP,OUTER_PARENT_TRIANGLE,0.8571564165685354,0.8571862148771278,0.00023838646873919345,0.8125,0.84375,1.0,0.00023838646873919345,1.6150514059230708e-07,8,x04_t26__finite_projective_depth9,0.05821669436248076,0.22716433153233562,-0.22517469327654885,-0.04989228076771909,0.029999063690215183,0.02999985047204468,0.1734381830072093,0.06626849463251115,0.0662684946325008,,,True,False,True,False,False,False,False,,False,False,E07__U050__TOP__MINIMUM_CERTIFIED_OUTER_GAP,x04_t26,reciprocal,holomorphic,0.17196979405570745,3.2240723132500166,4,D4-deformed-contour-regular-away-W3-v51,True
5464__x04_t27,5461_FINITE_PROJECTIVE_OWNER_CELL,E07,BRANCH_DEATH,B02,U050,MC04_SM_DM,direct:shared:s13,7,0,1,0.0175,0.02,-1e-06,1e-06,TOP,OUTER_PARENT_TRIANGLE,0.8571564165685354,0.8571862148771278,0.00023838646873919345,0.84375,0.875,1.0,0.00023838646873919345,1.6150514059230708e-07,8,x04_t27__finite_projective_depth9,0.05821669436248076,0.22716433153233562,-0.22517469327654885,-0.04989228076771909,0.029999063690215183,0.02999985047204468,0.1734381830072093,0.06626849463251115,0.0662684946325008,,,True,False,True,False,False,False,False,,False,False,E07__U050__TOP__MINIMUM_CERTIFIED_OUTER_GAP,x04_t27,reciprocal,holomorphic,0.16136234999439444,3.2240723132500166,4,D4-deformed-contour-regular-away-W3-v51,True
5464__x04_t28,5461_FINITE_PROJECTIVE_OWNER_CELL,E07,BRANCH_DEATH,B02,U050,MC04_SM_DM,direct:shared:s13,7,0,1,0.0175,0.02,-1e-06,1e-06,TOP,OUTER_PARENT_TRIANGLE,0.8571564165685354,0.8571862148771278,0.00023838646873919345,0.875,0.90625,1.0,0.00023838646873919345,1.6150514059230708e-07,8,x04_t28__finite_projective_depth9,0.05821669436248076,0.22716433153233562,-0.22517469327654885,-0.04989228076771909,0.029999063690215183,0.02999985047204468,0.1734381830072093,0.06626849463251115,0.0662684946325008,,,True,False,True,False,False,False,False,,False,False,E07__U050__TOP__MINIMUM_CERTIFIED_OUTER_GAP,x04_t28,reciprocal,holomorphic,0.15083112830717454,3.2240723132500166,4,D4-deformed-contour-regular-away-W3-v51,True
5464__x04_t29,5461_FINITE_PROJECTIVE_OWNER_CELL,E07,BRANCH_DEATH,B02,U050,MC04_SM_DM,direct:shared:s13,7,0,1,0.0175,0.02,-1e-06,1e-06,TOP,OUTER_PARENT_TRIANGLE,0.8571564165685354,0.8571862148771278,0.00023838646873919345,0.90625,0.9375,1.0,0.00023838646873919345,1.6150514059230708e-07,8,x04_t29__finite_projective_depth9,0.05821669436248076,0.22716433153233562,-0.22517469327654885,-0.04989228076771909,0.029999063690215183,0.02999985047204468,0.1734381830072093,0.06626849463251115,0.0662684946325008,,,True,False,True,False,False,False,False,,False,False,E07__U050__TOP__MINIMUM_CERTIFIED_OUTER_GAP,x04_t29,reciprocal,holomorphic,0.1403925379189717,3.2240723132500166,4,D4-deformed-contour-regular-away-W3-v51,True
5464__x04_t30,5461_FINITE_PROJECTIVE_OWNER_CELL,E07,BRANCH_DEATH,B02,U050,MC04_SM_DM,direct:shared:s13,7,0,1,0.0175,0.02,-1e-06,1e-06,TOP,OUTER_PARENT_TRIANGLE,0.8571564165685354,0.8571862148771278,0.00023838646873919345,0.9375,0.96875,1.0,0.00023838646873919345,1.6150514059230708e-07,8,x04_t30__finite_projective_depth9,0.05821669436248076,0.22716433153233562,-0.22517469327654885,-0.04989228076771909,0.029999063690215183,0.02999985047204468,0.1734381830072093,0.06626849463251115,0.0662684946325008,,,True,False,True,False,False,False,False,,False,False,E07__U050__TOP__MINIMUM_CERTIFIED_OUTER_GAP,x04_t30,reciprocal,holomorphic,0.1300680484663763,3.2240723132500166,4,D4-deformed-contour-regular-away-W3-v51,True
5464__x04_t31,5461_FINITE_PROJECTIVE_OWNER_CELL,E07,BRANCH_DEATH,B02,U050,MC04_SM_DM,direct:shared:s13,7,0,1,0.0175,0.02,-1e-06,1e-06,TOP,OUTER_PARENT_TRIANGLE,0.8571564165685354,0.8571862148771278,0.00023838646873919345,0.96875,1.0,1.0,0.00023838646873919345,1.6150514059230708e-07,8,x04_t31__finite_projective_depth9,0.05821669436248076,0.22716433153233562,-0.22517469327654885,-0.04989228076771909,0.029999063690215183,0.02999985047204468,0.1734381830072093,0.06626849463251115,0.0662684946325008,,,True,False,True,False,False,False,False,,False,False,E07__U050__TOP__MINIMUM_CERTIFIED_OUTER_GAP,x04_t31,reciprocal,holomorphic,0.11988629417307109,3.2240723132500166,4,D4-deformed-contour-regular-away-W3-v51,True
5464__x05_t00,5461_FINITE_PROJECTIVE_OWNER_CELL,E07,BRANCH_DEATH,B02,U050,MC04_SM_DM,direct:shared:s13,7,0,1,0.0175,0.02,-1e-06,1e-06,TOP,OUTER_PARENT_TRIANGLE,0.8571862148771278,0.8572160131857202,0.00023838646873919345,0.0,0.03125,1.0,0.00023838646873919345,1.6150514059230708e-07,8,x05_t00__finite_projective_depth9,0.05821669436248076,0.22716433153233562,-0.22517469327654885,-0.04989228076771909,0.029999063690215183,0.02999985047204468,0.1734381830072093,0.06626849463251115,0.0662684946325008,,,True,False,True,False,False,False,False,,False,False,E07__U050__TOP__MINIMUM_CERTIFIED_OUTER_GAP,x05_t00,reciprocal,holomorphic,0.4570531811806801,3.22443430638422,4,D4-deformed-contour-regular-away-W3-v51,True
5464__x05_t01,5461_FINITE_PROJECTIVE_OWNER_CELL,E07,BRANCH_DEATH,B02,U050,MC04_SM_DM,direct:shared:s13,7,0,1,0.0175,0.02,-1e-06,1e-06,TOP,OUTER_PARENT_TRIANGLE,0.8571862148771278,0.8572160131857202,0.00023838646873919345,0.03125,0.0625,1.0,0.00023838646873919345,1.6150514059230708e-07,8,x05_t01__finite_projective_depth9,0.05821669436248076,0.22716433153233562,-0.22517469327654885,-0.04989228076771909,0.029999063690215183,0.02999985047204468,0.1734381830072093,0.06626849463251115,0.0662684946325008,,,True,False,True,False,False,False,False,,False,False,E07__U050__TOP__MINIMUM_CERTIFIED_OUTER_GAP,x05_t01,reciprocal,holomorphic,0.4459620749110993,3.22443430638422,4,D4-deformed-contour-regular-away-W3-v51,True
5464__x05_t02,5461_FINITE_PROJECTIVE_OWNER_CELL,E07,BRANCH_DEATH,B02,U050,MC04_SM_DM,direct:shared:s13,7,0,1,0.0175,0.02,-1e-06,1e-06,TOP,OUTER_PARENT_TRIANGLE,0.8571862148771278,0.8572160131857202,0.00023838646873919345,0.0625,0.09375,1.0,0.00023838646873919345,1.6150514059230708e-07,8,x05_t02__finite_projective_depth9,0.05821669436248076,0.22716433153233562,-0.22517469327654885,-0.04989228076771909,0.029999063690215183,0.02999985047204468,0.1734381830072093,0.06626849463251115,0.0662684946325008,,,True,False,True,False,False,False,False,,False,False,E07__U050__TOP__MINIMUM_CERTIFIED_OUTER_GAP,x05_t02,reciprocal,holomorphic,0.4348752054032445,3.22443430638422,4,D4-deformed-contour-regular-away-W3-v51,True
5464__x05_t03,5461_FINITE_PROJECTIVE_OWNER_CELL,E07,BRANCH_DEATH,B02,U050,MC04_SM_DM,direct:shared:s13,7,0,1,0.0175,0.02,-1e-06,1e-06,TOP,OUTER_PARENT_TRIANGLE,0.8571862148771278,0.8572160131857202,0.00023838646873919345,0.09375,0.125,1.0,0.00023838646873919345,1.6150514059230708e-07,8,x05_t03__finite_projective_depth9,0.05821669436248076,0.22716433153233562,-0.22517469327654885,-0.04989228076771909,0.029999063690215183,0.02999985047204468,0.1734381830072093,0.06626849463251115,0.0662684946325008,,,True,False,True,False,False,False,False,,False,False,E07__U050__TOP__MINIMUM_CERTIFIED_OUTER_GAP,x05_t03,reciprocal,holomorphic,0.423792880196551,3.22443430638422,4,D4-deformed-contour-regular-away-W3-v51,True
5464__x05_t04,5461_FINITE_PROJECTIVE_OWNER_CELL,E07,BRANCH_DEATH,B02,U050,MC04_SM_DM,direct:shared:s13,7,0,1,0.0175,0.02,-1e-06,1e-06,TOP,OUTER_PARENT_TRIANGLE,0.8571862148771278,0.8572160131857202,0.00023838646873919345,0.125,0.15625,1.0,0.00023838646873919345,1.6150514059230708e-07,8,x05_t04__finite_projective_depth9,0.05821669436248076,0.22716433153233562,-0.22517469327654885,-0.04989228076771909,0.029999063690215183,0.02999985047204468,0.1734381830072093,0.06626849463251115,0.0662684946325008,,,True,False,True,False,False,False,False,,False,False,E07__U050__TOP__MINIMUM_CERTIFIED_OUTER_GAP,x05_t04,reciprocal,holomorphic,0.4127154388496183,3.22443430638422,4,D4-deformed-contour-regular-away-W3-v51,True
5464__x05_t05,5461_FINITE_PROJECTIVE_OWNER_CELL,E07,BRANCH_DEATH,B02,U050,MC04_SM_DM,direct:shared:s13,7,0,1,0.0175,0.02,-1e-06,1e-06,TOP,OUTER_PARENT_TRIANGLE,0.8571862148771278,0.8572160131857202,0.00023838646873919345,0.15625,0.1875,1.0,0.00023838646873919345,1.6150514059230708e-07,8,x05_t05__finite_projective_depth9,0.05821669436248076,0.22716433153233562,-0.22517469327654885,-0.04989228076771909,0.029999063690215183,0.02999985047204468,0.1734381830072093,0.06626849463251115,0.0662684946325008,,,True,False,True,False,False,False,False,,False,False,E07__U050__TOP__MINIMUM_CERTIFIED_OUTER_GAP,x05_t05,reciprocal,holomorphic,0.4016432571904666,3.22443430638422,4,D4-deformed-contour-regular-away-W3-v51,True
5464__x05_t06,5461_FINITE_PROJECTIVE_OWNER_CELL,E07,BRANCH_DEATH,B02,U050,MC04_SM_DM,direct:shared:s13,7,0,1,0.0175,0.02,-1e-06,1e-06,TOP,OUTER_PARENT_TRIANGLE,0.8571862148771278,0.8572160131857202,0.00023838646873919345,0.1875,0.21875,1.0,0.00023838646873919345,1.6150514059230708e-07,8,x05_t06__finite_projective_depth9,0.05821669436248076,0.22716433153233562,-0.22517469327654885,-0.04989228076771909,0.029999063690215183,0.02999985047204468,0.1734381830072093,0.06626849463251115,0.0662684946325008,,,True,False,True,False,False,False,False,,False,False,E07__U050__TOP__MINIMUM_CERTIFIED_OUTER_GAP,x05_t06,reciprocal,holomorphic,0.39057675225962074,3.22443430638422,4,D4-deformed-contour-regular-away-W3-v51,True
5464__x05_t07,5461_FINITE_PROJECTIVE_OWNER_CELL,E07,BRANCH_DEATH,B02,U050,MC04_SM_DM,direct:shared:s13,7,0,1,0.0175,0.02,-1e-06,1e-06,TOP,OUTER_PARENT_TRIANGLE,0.8571862148771278,0.8572160131857202,0.00023838646873919345,0.21875,0.25,1.0,0.00023838646873919345,1.6150514059230708e-07,8,x05_t07__finite_projective_depth9,0.05821669436248076,0.22716433153233562,-0.22517469327654885,-0.04989228076771909,0.029999063690215183,0.02999985047204468,0.1734381830072093,0.06626849463251115,0.0662684946325008,,,True,False,True,False,False,False,False,,False,False,E07__U050__TOP__MINIMUM_CERTIFIED_OUTER_GAP,x05_t07,reciprocal,holomorphic,0.37951638808109966,3.22443430638422,4,D4-deformed-contour-regular-away-W3-v51,True
5464__x05_t08,5461_FINITE_PROJECTIVE_OWNER_CELL,E07,BRANCH_DEATH,B02,U050,MC04_SM_DM,direct:shared:s13,7,0,1,0.0175,0.02,-1e-06,1e-06,TOP,OUTER_PARENT_TRIANGLE,0.8571862148771278,0.8572160131857202,0.00023838646873919345,0.25,0.28125,1.0,0.00023838646873919345,1.6150514059230708e-07,8,x05_t08__finite_projective_depth9,0.05821669436248076,0.22716433153233562,-0.22517469327654885,-0.04989228076771909,0.029999063690215183,0.02999985047204468,0.1734381830072093,0.06626849463251115,0.0662684946325008,,,True,False,True,False,False,False,False,,False,False,E07__U050__TOP__MINIMUM_CERTIFIED_OUTER_GAP,x05_t08,reciprocal,holomorphic,0.3684626824272795,3.22443430638422,4,D4-deformed-contour-regular-away-W3-v51,True
5464__x05_t09,5461_FINITE_PROJECTIVE_OWNER_CELL,E07,BRANCH_DEATH,B02,U050,MC04_SM_DM,direct:shared:s13,7,0,1,0.0175,0.02,-1e-06,1e-06,TOP,OUTER_PARENT_TRIANGLE,0.8571862148771278,0.8572160131857202,0.00023838646873919345,0.28125,0.3125,1.0,0.00023838646873919345,1.6150514059230708e-07,8,x05_t09__finite_projective_depth9,0.05821669436248076,0.22716433153233562,-0.22517469327654885,-0.04989228076771909,0.029999063690215183,0.02999985047204468,0.1734381830072093,0.06626849463251115,0.0662684946325008,,,True,False,True,False,False,False,False,,False,False,E07__U050__TOP__MINIMUM_CERTIFIED_OUTER_GAP,x05_t09,reciprocal,holomorphic,0.3574162147826696,3.22443430638422,4,D4-deformed-contour-regular-away-W3-v51,True
5464__x05_t10,5461_FINITE_PROJECTIVE_OWNER_CELL,E07,BRANCH_DEATH,B02,U050,MC04_SM_DM,direct:shared:s13,7,0,1,0.0175,0.02,-1e-06,1e-06,TOP,OUTER_PARENT_TRIANGLE,0.8571862148771278,0.8572160131857202,0.00023838646873919345,0.3125,0.34375,1.0,0.00023838646873919345,1.6150514059230708e-07,8,x05_t10__finite_projective_depth9,0.05821669436248076,0.22716433153233562,-0.22517469327654885,-0.04989228076771909,0.029999063690215183,0.02999985047204468,0.1734381830072093,0.06626849463251115,0.0662684946325008,,,True,False,True,False,False,False,False,,False,False,E07__U050__TOP__MINIMUM_CERTIFIED_OUTER_GAP,x05_t10,reciprocal,holomorphic,0.3463776352187729,3.22443430638422,4,D4-deformed-contour-regular-away-W3-v51,True
5464__x05_t11,5461_FINITE_PROJECTIVE_OWNER_CELL,E07,BRANCH_DEATH,B02,U050,MC04_SM_DM,direct:shared:s13,7,0,1,0.0175,0.02,-1e-06,1e-06,TOP,OUTER_PARENT_TRIANGLE,0.8571862148771278,0.8572160131857202,0.00023838646873919345,0.34375,0.375,1.0,0.00023838646873919345,1.6150514059230708e-07,8,x05_t11__finite_projective_depth9,0.05821669436248076,0.22716433153233562,-0.22517469327654885,-0.04989228076771909,0.029999063690215183,0.02999985047204468,0.1734381830072093,0.06626849463251115,0.0662684946325008,,,True,False,True,False,False,False,False,,False,False,E07__U050__TOP__MINIMUM_CERTIFIED_OUTER_GAP,x05_t11,reciprocal,holomorphic,0.3353476768442983,3.22443430638422,4,D4-deformed-contour-regular-away-W3-v51,True
5464__x05_t12,5461_FINITE_PROJECTIVE_OWNER_CELL,E07,BRANCH_DEATH,B02,U050,MC04_SM_DM,direct:shared:s13,7,0,1,0.0175,0.02,-1e-06,1e-06,TOP,OUTER_PARENT_TRIANGLE,0.8571862148771278,0.8572160131857202,0.00023838646873919345,0.375,0.40625,1.0,0.00023838646873919345,1.6150514059230708e-07,8,x05_t12__finite_projective_depth9,0.05821669436248076,0.22716433153233562,-0.22517469327654885,-0.04989228076771909,0.029999063690215183,0.02999985047204468,0.1734381830072093,0.06626849463251115,0.0662684946325008,,,True,False,True,False,False,False,False,,False,False,E07__U050__TOP__MINIMUM_CERTIFIED_OUTER_GAP,x05_t12,reciprocal,holomorphic,0.3243271684356649,3.22443430638422,4,D4-deformed-contour-regular-away-W3-v51,True
5464__x05_t13,5461_FINITE_PROJECTIVE_OWNER_CELL,E07,BRANCH_DEATH,B02,U050,MC04_SM_DM,direct:shared:s13,7,0,1,0.0175,0.02,-1e-06,1e-06,TOP,OUTER_PARENT_TRIANGLE,0.8571862148771278,0.8572160131857202,0.00023838646873919345,0.40625,0.4375,1.0,0.00023838646873919345,1.6150514059230708e-07,8,x05_t13__finite_projective_depth9,0.05821669436248076,0.22716433153233562,-0.22517469327654885,-0.04989228076771909,0.029999063690215183,0.02999985047204468,0.1734381830072093,0.06626849463251115,0.0662684946325008,,,True,False,True,False,False,False,False,,False,False,E07__U050__TOP__MINIMUM_CERTIFIED_OUTER_GAP,x05_t13,reciprocal,holomorphic,0.31331705028426454,3.22443430638422,4,D4-deformed-contour-regular-away-W3-v51,True
5464__x05_t14,5461_FINITE_PROJECTIVE_OWNER_CELL,E07,BRANCH_DEATH,B02,U050,MC04_SM_DM,direct:shared:s13,7,0,1,0.0175,0.02,-1e-06,1e-06,TOP,OUTER_PARENT_TRIANGLE,0.8571862148771278,0.8572160131857202,0.00023838646873919345,0.4375,0.46875,1.0,0.00023838646873919345,1.6150514059230708e-07,8,x05_t14__finite_projective_depth9,0.05821669436248076,0.22716433153233562,-0.22517469327654885,-0.04989228076771909,0.029999063690215183,0.02999985047204468,0.1734381830072093,0.06626849463251115,0.0662684946325008,,,True,False,True,False,False,False,False,,False,False,E07__U050__TOP__MINIMUM_CERTIFIED_OUTER_GAP,x05_t14,reciprocal,holomorphic,0.30231839376300806,3.22443430638422,4,D4-deformed-contour-regular-away-W3-v51,True
5464__x05_t15,5461_FINITE_PROJECTIVE_OWNER_CELL,E07,BRANCH_DEATH,B02,U050,MC04_SM_DM,direct:shared:s13,7,0,1,0.0175,0.02,-1e-06,1e-06,TOP,OUTER_PARENT_TRIANGLE,0.8571862148771278,0.8572160131857202,0.00023838646873919345,0.46875,0.5,1.0,0.00023838646873919345,1.6150514059230708e-07,8,x05_t15__finite_projective_depth9,0.05821669436248076,0.22716433153233562,-0.22517469327654885,-0.04989228076771909,0.029999063690215183,0.02999985047204468,0.1734381830072093,0.06626849463251115,0.0662684946325008,,,True,False,True,False,False,False,False,,False,False,E07__U050__TOP__MINIMUM_CERTIFIED_OUTER_GAP,x05_t15,reciprocal,holomorphic,0.29133242485209804,3.22443430638422,4,D4-deformed-contour-regular-away-W3-v51,True
5464__x05_t16,5461_FINITE_PROJECTIVE_OWNER_CELL,E07,BRANCH_DEATH,B02,U050,MC04_SM_DM,direct:shared:s13,7,0,1,0.0175,0.02,-1e-06,1e-06,TOP,OUTER_PARENT_TRIANGLE,0.8571862148771278,0.8572160131857202,0.00023838646873919345,0.5,0.53125,1.0,0.00023838646873919345,1.6150514059230708e-07,8,x05_t16__finite_projective_depth9,0.05821669436248076,0.22716433153233562,-0.22517469327654885,-0.04989228076771909,0.029999063690215183,0.02999985047204468,0.1734381830072093,0.06626849463251115,0.0662684946325008,,,True,False,True,False,False,False,False,,False,False,E07__U050__TOP__MINIMUM_CERTIFIED_OUTER_GAP,x05_t16,reciprocal,holomorphic,0.2803605529016172,3.22443430638422,4,D4-deformed-contour-regular-away-W3-v51,True
5464__x05_t17,5461_FINITE_PROJECTIVE_OWNER_CELL,E07,BRANCH_DEATH,B02,U050,MC04_SM_DM,direct:shared:s13,7,0,1,0.0175,0.02,-1e-06,1e-06,TOP,OUTER_PARENT_TRIANGLE,0.8571862148771278,0.8572160131857202,0.00023838646873919345,0.53125,0.5625,1.0,0.00023838646873919345,1.6150514059230708e-07,8,x05_t17__finite_projective_depth9,0.05821669436248076,0.22716433153233562,-0.22517469327654885,-0.04989228076771909,0.029999063690215183,0.02999985047204468,0.1734381830072093,0.06626849463251115,0.0662684946325008,,,True,False,True,False,False,False,False,,False,False,E07__U050__TOP__MINIMUM_CERTIFIED_OUTER_GAP,x05_t17,reciprocal,holomorphic,0.2694044060406001,3.22443430638422,4,D4-deformed-contour-regular-away-W3-v51,True
5464__x05_t18,5461_FINITE_PROJECTIVE_OWNER_CELL,E07,BRANCH_DEATH,B02,U050,MC04_SM_DM,direct:shared:s13,7,0,1,0.0175,0.02,-1e-06,1e-06,TOP,OUTER_PARENT_TRIANGLE,0.8571862148771278,0.8572160131857202,0.00023838646873919345,0.5625,0.59375,1.0,0.00023838646873919345,1.6150514059230708e-07,8,x05_t18__finite_projective_depth9,0.05821669436248076,0.22716433153233562,-0.22517469327654885,-0.04989228076771909,0.029999063690215183,0.02999985047204468,0.1734381830072093,0.06626849463251115,0.0662684946325008,,,True,False,True,False,False,False,False,,False,False,E07__U050__TOP__MINIMUM_CERTIFIED_OUTER_GAP,x05_t18,reciprocal,holomorphic,0.2584658750930697,3.22443430638422,4,D4-deformed-contour-regular-away-W3-v51,True
5464__x05_t19,5461_FINITE_PROJECTIVE_OWNER_CELL,E07,BRANCH_DEATH,B02,U050,MC04_SM_DM,direct:shared:s13,7,0,1,0.0175,0.02,-1e-06,1e-06,TOP,OUTER_PARENT_TRIANGLE,0.8571862148771278,0.8572160131857202,0.00023838646873919345,0.59375,0.625,1.0,0.00023838646873919345,1.6150514059230708e-07,8,x05_t19__finite_projective_depth9,0.05821669436248076,0.22716433153233562,-0.22517469327654885,-0.04989228076771909,0.029999063690215183,0.02999985047204468,0.1734381830072093,0.06626849463251115,0.0662684946325008,,,True,False,True,False,False,False,False,,False,False,E07__U050__TOP__MINIMUM_CERTIFIED_OUTER_GAP,x05_t19,reciprocal,holomorphic,0.24754716784407646,3.22443430638422,4,D4-deformed-contour-regular-away-W3-v51,True
5464__x05_t20,5461_FINITE_PROJECTIVE_OWNER_CELL,E07,BRANCH_DEATH,B02,U050,MC04_SM_DM,direct:shared:s13,7,0,1,0.0175,0.02,-1e-06,1e-06,TOP,OUTER_PARENT_TRIANGLE,0.8571862148771278,0.8572160131857202,0.00023838646873919345,0.625,0.65625,1.0,0.00023838646873919345,1.6150514059230708e-07,8,x05_t20__finite_projective_depth9,0.05821669436248076,0.22716433153233562,-0.22517469327654885,-0.04989228076771909,0.029999063690215183,0.02999985047204468,0.1734381830072093,0.06626849463251115,0.0662684946325008,,,True,False,True,False,False,False,False,,False,False,E07__U050__TOP__MINIMUM_CERTIFIED_OUTER_GAP,x05_t20,reciprocal,holomorphic,0.23665087991956257,3.22443430638422,4,D4-deformed-contour-regular-away-W3-v51,True
5464__x05_t21,5461_FINITE_PROJECTIVE_OWNER_CELL,E07,BRANCH_DEATH,B02,U050,MC04_SM_DM,direct:shared:s13,7,0,1,0.0175,0.02,-1e-06,1e-06,TOP,OUTER_PARENT_TRIANGLE,0.8571862148771278,0.8572160131857202,0.00023838646873919345,0.65625,0.6875,1.0,0.00023838646873919345,1.6150514059230708e-07,8,x05_t21__finite_projective_depth9,0.05821669436248076,0.22716433153233562,-0.22517469327654885,-0.04989228076771909,0.029999063690215183,0.02999985047204468,0.1734381830072093,0.06626849463251115,0.0662684946325008,,,True,False,True,False,False,False,False,,False,False,E07__U050__TOP__MINIMUM_CERTIFIED_OUTER_GAP,x05_t21,reciprocal,holomorphic,0.22578008157020835,3.22443430638422,4,D4-deformed-contour-regular-away-W3-v51,True
5464__x05_t22,5461_FINITE_PROJECTIVE_OWNER_CELL,E07,BRANCH_DEATH,B02,U050,MC04_SM_DM,direct:shared:s13,7,0,1,0.0175,0.02,-1e-06,1e-06,TOP,OUTER_PARENT_TRIANGLE,0.8571862148771278,0.8572160131857202,0.00023838646873919345,0.6875,0.71875,1.0,0.00023838646873919345,1.6150514059230708e-07,8,x05_t22__finite_projective_depth9,0.05821669436248076,0.22716433153233562,-0.22517469327654885,-0.04989228076771909,0.029999063690215183,0.02999985047204468,0.1734381830072093,0.06626849463251115,0.0662684946325008,,,True,False,True,False,False,False,False,,False,False,E07__U050__TOP__MINIMUM_CERTIFIED_OUTER_GAP,x05_t22,reciprocal,holomorphic,0.2149384282118991,3.22443430638422,4,D4-deformed-contour-regular-away-W3-v51,True
5464__x05_t23,5461_FINITE_PROJECTIVE_OWNER_CELL,E07,BRANCH_DEATH,B02,U050,MC04_SM_DM,direct:shared:s13,7,0,1,0.0175,0.02,-1e-06,1e-06,TOP,OUTER_PARENT_TRIANGLE,0.8571862148771278,0.8572160131857202,0.00023838646873919345,0.71875,0.75,1.0,0.00023838646873919345,1.6150514059230708e-07,8,x05_t23__finite_projective_depth9,0.05821669436248076,0.22716433153233562,-0.22517469327654885,-0.04989228076771909,0.029999063690215183,0.02999985047204468,0.1734381830072093,0.06626849463251115,0.0662684946325008,,,True,False,True,False,False,False,False,,False,False,E07__U050__TOP__MINIMUM_CERTIFIED_OUTER_GAP,x05_t23,reciprocal,holomorphic,0.20413028977253936,3.22443430638422,4,D4-deformed-contour-regular-away-W3-v51,True
5464__x05_t24,5461_FINITE_PROJECTIVE_OWNER_CELL,E07,BRANCH_DEATH,B02,U050,MC04_SM_DM,direct:shared:s13,7,0,1,0.0175,0.02,-1e-06,1e-06,TOP,OUTER_PARENT_TRIANGLE,0.8571862148771278,0.8572160131857202,0.00023838646873919345,0.75,0.78125,1.0,0.00023838646873919345,1.6150514059230708e-07,8,x05_t24__finite_projective_depth9,0.05821669436248076,0.22716433153233562,-0.22517469327654885,-0.04989228076771909,0.029999063690215183,0.02999985047204468,0.1734381830072093,0.06626849463251115,0.0662684946325008,,,True,False,True,False,False,False,False,,False,False,E07__U050__TOP__MINIMUM_CERTIFIED_OUTER_GAP,x05_t24,reciprocal,holomorphic,0.1933610068198674,3.22443430638422,4,D4-deformed-contour-regular-away-W3-v51,True
5464__x05_t25,5461_FINITE_PROJECTIVE_OWNER_CELL,E07,BRANCH_DEATH,B02,U050,MC04_SM_DM,direct:shared:s13,7,0,1,0.0175,0.02,-1e-06,1e-06,TOP,OUTER_PARENT_TRIANGLE,0.8571862148771278,0.8572160131857202,0.00023838646873919345,0.78125,0.8125,1.0,0.00023838646873919345,1.6150514059230708e-07,8,x05_t25__finite_projective_depth9,0.05821669436248076,0.22716433153233562,-0.22517469327654885,-0.04989228076771909,0.029999063690215183,0.02999985047204468,0.1734381830072093,0.06626849463251115,0.0662684946325008,,,True,False,True,False,False,False,False,,False,False,E07__U050__TOP__MINIMUM_CERTIFIED_OUTER_GAP,x05_t25,reciprocal,holomorphic,0.18263708746073018,3.22443430638422,4,D4-deformed-contour-regular-away-W3-v51,True
5464__x05_t26,5461_FINITE_PROJECTIVE_OWNER_CELL,E07,BRANCH_DEATH,B02,U050,MC04_SM_DM,direct:shared:s13,7,0,1,0.0175,0.02,-1e-06,1e-06,TOP,OUTER_PARENT_TRIANGLE,0.8571862148771278,0.8572160131857202,0.00023838646873919345,0.8125,0.84375,1.0,0.00023838646873919345,1.6150514059230708e-07,8,x05_t26__finite_projective_depth9,0.05821669436248076,0.22716433153233562,-0.22517469327654885,-0.04989228076771909,0.029999063690215183,0.02999985047204468,0.1734381830072093,0.06626849463251115,0.0662684946325008,,,True,False,True,False,False,False,False,,False,False,E07__U050__TOP__MINIMUM_CERTIFIED_OUTER_GAP,x05_t26,reciprocal,holomorphic,0.1719665765074367,3.22443430638422,4,D4-deformed-contour-regular-away-W3-v51,True
5464__x05_t27,5461_FINITE_PROJECTIVE_OWNER_CELL,E07,BRANCH_DEATH,B02,U050,MC04_SM_DM,direct:shared:s13,7,0,1,0.0175,0.02,-1e-06,1e-06,TOP,OUTER_PARENT_TRIANGLE,0.8571862148771278,0.8572160131857202,0.00023838646873919345,0.84375,0.875,1.0,0.00023838646873919345,1.6150514059230708e-07,8,x05_t27__finite_projective_depth9,0.05821669436248076,0.22716433153233562,-0.22517469327654885,-0.04989228076771909,0.029999063690215183,0.02999985047204468,0.1734381830072093,0.06626849463251115,0.0662684946325008,,,True,False,True,False,False,False,False,,False,False,E07__U050__TOP__MINIMUM_CERTIFIED_OUTER_GAP,x05_t27,reciprocal,holomorphic,0.16135953637826694,3.22443430638422,4,D4-deformed-contour-regular-away-W3-v51,True
5464__x05_t28,5461_FINITE_PROJECTIVE_OWNER_CELL,E07,BRANCH_DEATH,B02,U050,MC04_SM_DM,direct:shared:s13,7,0,1,0.0175,0.02,-1e-06,1e-06,TOP,OUTER_PARENT_TRIANGLE,0.8571862148771278,0.8572160131857202,0.00023838646873919345,0.875,0.90625,1.0,0.00023838646873919345,1.6150514059230708e-07,8,x05_t28__finite_projective_depth9,0.05821669436248076,0.22716433153233562,-0.22517469327654885,-0.04989228076771909,0.029999063690215183,0.02999985047204468,0.1734381830072093,0.06626849463251115,0.0662684946325008,,,True,False,True,False,False,False,False,,False,False,E07__U050__TOP__MINIMUM_CERTIFIED_OUTER_GAP,x05_t28,reciprocal,holomorphic,0.15082872069099207,3.22443430638422,4,D4-deformed-contour-regular-away-W3-v51,True
5464__x05_t29,5461_FINITE_PROJECTIVE_OWNER_CELL,E07,BRANCH_DEATH,B02,U050,MC04_SM_DM,direct:shared:s13,7,0,1,0.0175,0.02,-1e-06,1e-06,TOP,OUTER_PARENT_TRIANGLE,0.8571862148771278,0.8572160131857202,0.00023838646873919345,0.90625,0.9375,1.0,0.00023838646873919345,1.6150514059230708e-07,8,x05_t29__finite_projective_depth9,0.05821669436248076,0.22716433153233562,-0.22517469327654885,-0.04989228076771909,0.029999063690215183,0.02999985047204468,0.1734381830072093,0.06626849463251115,0.0662684946325008,,,True,False,True,False,False,False,False,,False,False,E07__U050__TOP__MINIMUM_CERTIFIED_OUTER_GAP,x05_t29,reciprocal,holomorphic,0.1403905368158713,3.22443430638422,4,D4-deformed-contour-regular-away-W3-v51,True
5464__x05_t30,5461_FINITE_PROJECTIVE_OWNER_CELL,E07,BRANCH_DEATH,B02,U050,MC04_SM_DM,direct:shared:s13,7,0,1,0.0175,0.02,-1e-06,1e-06,TOP,OUTER_PARENT_TRIANGLE,0.8571862148771278,0.8572160131857202,0.00023838646873919345,0.9375,0.96875,1.0,0.00023838646873919345,1.6150514059230708e-07,8,x05_t30__finite_projective_depth9,0.05821669436248076,0.22716433153233562,-0.22517469327654885,-0.04989228076771909,0.029999063690215183,0.02999985047204468,0.1734381830072093,0.06626849463251115,0.0662684946325008,,,True,False,True,False,False,False,False,,False,False,E07__U050__TOP__MINIMUM_CERTIFIED_OUTER_GAP,x05_t30,reciprocal,holomorphic,0.1300664519233543,3.22443430638422,4,D4-deformed-contour-regular-away-W3-v51,True
5464__x05_t31,5461_FINITE_PROJECTIVE_OWNER_CELL,E07,BRANCH_DEATH,B02,U050,MC04_SM_DM,direct:shared:s13,7,0,1,0.0175,0.02,-1e-06,1e-06,TOP,OUTER_PARENT_TRIANGLE,0.8571862148771278,0.8572160131857202,0.00023838646873919345,0.96875,1.0,1.0,0.00023838646873919345,1.6150514059230708e-07,8,x05_t31__finite_projective_depth9,0.05821669436248076,0.22716433153233562,-0.22517469327654885,-0.04989228076771909,0.029999063690215183,0.02999985047204468,0.1734381830072093,0.06626849463251115,0.0662684946325008,,,True,False,True,False,False,False,False,,False,False,E07__U050__TOP__MINIMUM_CERTIFIED_OUTER_GAP,x05_t31,reciprocal,holomorphic,0.11988509632987546,3.22443430638422,4,D4-deformed-contour-regular-away-W3-v51,True
5464__x06_t00,5461_FINITE_PROJECTIVE_OWNER_CELL,E07,BRANCH_DEATH,B02,U050,MC04_SM_DM,direct:shared:s13,7,0,1,0.0175,0.02,-1e-06,1e-06,TOP,OUTER_PARENT_TRIANGLE,0.8572160131857202,0.8572458114943126,0.00023838646873919345,0.0,0.03125,1.0,0.00023838646873919345,1.6150514059230708e-07,8,x06_t00__finite_projective_depth9,0.05821669436248076,0.22716433153233562,-0.22517469327654885,-0.04989228076771909,0.029999063690215183,0.02999985047204468,0.1734381830072093,0.06626849463251115,0.0662684946325008,,,True,False,True,False,False,False,False,,False,False,E07__U050__TOP__MINIMUM_CERTIFIED_OUTER_GAP,x06_t00,reciprocal,holomorphic,0.4570406917899763,3.2247964098558564,4,D4-deformed-contour-regular-away-W3-v51,True
5464__x06_t01,5461_FINITE_PROJECTIVE_OWNER_CELL,E07,BRANCH_DEATH,B02,U050,MC04_SM_DM,direct:shared:s13,7,0,1,0.0175,0.02,-1e-06,1e-06,TOP,OUTER_PARENT_TRIANGLE,0.8572160131857202,0.8572458114943126,0.00023838646873919345,0.03125,0.0625,1.0,0.00023838646873919345,1.6150514059230708e-07,8,x06_t01__finite_projective_depth9,0.05821669436248076,0.22716433153233562,-0.22517469327654885,-0.04989228076771909,0.029999063690215183,0.02999985047204468,0.1734381830072093,0.06626849463251115,0.0662684946325008,,,True,False,True,False,False,False,False,,False,False,E07__U050__TOP__MINIMUM_CERTIFIED_OUTER_GAP,x06_t01,reciprocal,holomorphic,0.4459499075682592,3.2247964098558564,4,D4-deformed-contour-regular-away-W3-v51,True
5464__x06_t02,5461_FINITE_PROJECTIVE_OWNER_CELL,E07,BRANCH_DEATH,B02,U050,MC04_SM_DM,direct:shared:s13,7,0,1,0.0175,0.02,-1e-06,1e-06,TOP,OUTER_PARENT_TRIANGLE,0.8572160131857202,0.8572458114943126,0.00023838646873919345,0.0625,0.09375,1.0,0.00023838646873919345,1.6150514059230708e-07,8,x06_t02__finite_projective_depth9,0.05821669436248076,0.22716433153233562,-0.22517469327654885,-0.04989228076771909,0.029999063690215183,0.02999985047204468,0.1734381830072093,0.06626849463251115,0.0662684946325008,,,True,False,True,False,False,False,False,,False,False,E07__U050__TOP__MINIMUM_CERTIFIED_OUTER_GAP,x06_t02,reciprocal,holomorphic,0.43486336207064413,3.2247964098558564,4,D4-deformed-contour-regular-away-W3-v51,True
5464__x06_t03,5461_FINITE_PROJECTIVE_OWNER_CELL,E07,BRANCH_DEATH,B02,U050,MC04_SM_DM,direct:shared:s13,7,0,1,0.0175,0.02,-1e-06,1e-06,TOP,OUTER_PARENT_TRIANGLE,0.8572160131857202,0.8572458114943126,0.00023838646873919345,0.09375,0.125,1.0,0.00023838646873919345,1.6150514059230708e-07,8,x06_t03__finite_projective_depth9,0.05821669436248076,0.22716433153233562,-0.22517469327654885,-0.04989228076771909,0.029999063690215183,0.02999985047204468,0.1734381830072093,0.06626849463251115,0.0662684946325008,,,True,False,True,False,False,False,False,,False,False,E07__U050__TOP__MINIMUM_CERTIFIED_OUTER_GAP,x06_t03,reciprocal,holomorphic,0.4237813629134902,3.2247964098558564,4,D4-deformed-contour-regular-away-W3-v51,True
5464__x06_t04,5461_FINITE_PROJECTIVE_OWNER_CELL,E07,BRANCH_DEATH,B02,U050,MC04_SM_DM,direct:shared:s13,7,0,1,0.0175,0.02,-1e-06,1e-06,TOP,OUTER_PARENT_TRIANGLE,0.8572160131857202,0.8572458114943126,0.00023838646873919345,0.125,0.15625,1.0,0.00023838646873919345,1.6150514059230708e-07,8,x06_t04__finite_projective_depth9,0.05821669436248076,0.22716433153233562,-0.22517469327654885,-0.04989228076771909,0.029999063690215183,0.02999985047204468,0.1734381830072093,0.06626849463251115,0.0662684946325008,,,True,False,True,False,False,False,False,,False,False,E07__U050__TOP__MINIMUM_CERTIFIED_OUTER_GAP,x06_t04,reciprocal,holomorphic,0.41270424973638864,3.2247964098558564,4,D4-deformed-contour-regular-away-W3-v51,True
5464__x06_t05,5461_FINITE_PROJECTIVE_OWNER_CELL,E07,BRANCH_DEATH,B02,U050,MC04_SM_DM,direct:shared:s13,7,0,1,0.0175,0.02,-1e-06,1e-06,TOP,OUTER_PARENT_TRIANGLE,0.8572160131857202,0.8572458114943126,0.00023838646873919345,0.15625,0.1875,1.0,0.00023838646873919345,1.6150514059230708e-07,8,x06_t05__finite_projective_depth9,0.05821669436248076,0.22716433153233562,-0.22517469327654885,-0.04989228076771909,0.029999063690215183,0.02999985047204468,0.1734381830072093,0.06626849463251115,0.0662684946325008,,,True,False,True,False,False,False,False,,False,False,E07__U050__TOP__MINIMUM_CERTIFIED_OUTER_GAP,x06_t05,reciprocal,holomorphic,0.4016323984526405,3.2247964098558564,4,D4-deformed-contour-regular-away-W3-v51,True
5464__x06_t06,5461_FINITE_PROJECTIVE_OWNER_CELL,E07,BRANCH_DEATH,B02,U050,MC04_SM_DM,direct:shared:s13,7,0,1,0.0175,0.02,-1e-06,1e-06,TOP,OUTER_PARENT_TRIANGLE,0.8572160131857202,0.8572458114943126,0.00023838646873919345,0.1875,0.21875,1.0,0.00023838646873919345,1.6150514059230708e-07,8,x06_t06__finite_projective_depth9,0.05821669436248076,0.22716433153233562,-0.22517469327654885,-0.04989228076771909,0.029999063690215183,0.02999985047204468,0.1734381830072093,0.06626849463251115,0.0662684946325008,,,True,False,True,False,False,False,False,,False,False,E07__U050__TOP__MINIMUM_CERTIFIED_OUTER_GAP,x06_t06,reciprocal,holomorphic,0.39056622619256187,3.2247964098558564,4,D4-deformed-contour-regular-away-W3-v51,True
5464__x06_t07,5461_FINITE_PROJECTIVE_OWNER_CELL,E07,BRANCH_DEATH,B02,U050,MC04_SM_DM,direct:shared:s13,7,0,1,0.0175,0.02,-1e-06,1e-06,TOP,OUTER_PARENT_TRIANGLE,0.8572160131857202,0.8572458114943126,0.00023838646873919345,0.21875,0.25,1.0,0.00023838646873919345,1.6150514059230708e-07,8,x06_t07__finite_projective_depth9,0.05821669436248076,0.22716433153233562,-0.22517469327654885,-0.04989228076771909,0.029999063690215183,0.02999985047204468,0.1734381830072093,0.06626849463251115,0.0662684946325008,,,True,False,True,False,False,False,False,,False,False,E07__U050__TOP__MINIMUM_CERTIFIED_OUTER_GAP,x06_t07,reciprocal,holomorphic,0.37950619707468697,3.2247964098558564,4,D4-deformed-contour-regular-away-W3-v51,True
5464__x06_t08,5461_FINITE_PROJECTIVE_OWNER_CELL,E07,BRANCH_DEATH,B02,U050,MC04_SM_DM,direct:shared:s13,7,0,1,0.0175,0.02,-1e-06,1e-06,TOP,OUTER_PARENT_TRIANGLE,0.8572160131857202,0.8572458114943126,0.00023838646873919345,0.25,0.28125,1.0,0.00023838646873919345,1.6150514059230708e-07,8,x06_t08__finite_projective_depth9,0.05821669436248076,0.22716433153233562,-0.22517469327654885,-0.04989228076771909,0.029999063690215183,0.02999985047204468,0.1734381830072093,0.06626849463251115,0.0662684946325008,,,True,False,True,False,False,False,False,,False,False,E07__U050__TOP__MINIMUM_CERTIFIED_OUTER_GAP,x06_t08,reciprocal,holomorphic,0.36845282897082743,3.2247964098558564,4,D4-deformed-contour-regular-away-W3-v51,True
5464__x06_t09,5461_FINITE_PROJECTIVE_OWNER_CELL,E07,BRANCH_DEATH,B02,U050,MC04_SM_DM,direct:shared:s13,7,0,1,0.0175,0.02,-1e-06,1e-06,TOP,OUTER_PARENT_TRIANGLE,0.8572160131857202,0.8572458114943126,0.00023838646873919345,0.28125,0.3125,1.0,0.00023838646873919345,1.6150514059230708e-07,8,x06_t09__finite_projective_depth9,0.05821669436248076,0.22716433153233562,-0.22517469327654885,-0.04989228076771909,0.029999063690215183,0.02999985047204468,0.1734381830072093,0.06626849463251115,0.0662684946325008,,,True,False,True,False,False,False,False,,False,False,E07__U050__TOP__MINIMUM_CERTIFIED_OUTER_GAP,x06_t09,reciprocal,holomorphic,0.35740670147001785,3.2247964098558564,4,D4-deformed-contour-regular-away-W3-v51,True
5464__x06_t10,5461_FINITE_PROJECTIVE_OWNER_CELL,E07,BRANCH_DEATH,B02,U050,MC04_SM_DM,direct:shared:s13,7,0,1,0.0175,0.02,-1e-06,1e-06,TOP,OUTER_PARENT_TRIANGLE,0.8572160131857202,0.8572458114943126,0.00023838646873919345,0.3125,0.34375,1.0,0.00023838646873919345,1.6150514059230708e-07,8,x06_t10__finite_projective_depth9,0.05821669436248076,0.22716433153233562,-0.22517469327654885,-0.04989228076771909,0.029999063690215183,0.02999985047204468,0.1734381830072093,0.06626849463251115,0.0662684946325008,,,True,False,True,False,False,False,False,,False,False,E07__U050__TOP__MINIMUM_CERTIFIED_OUTER_GAP,x06_t10,reciprocal,holomorphic,0.34636846474788124,3.2247964098558564,4,D4-deformed-contour-regular-away-W3-v51,True
5464__x06_t11,5461_FINITE_PROJECTIVE_OWNER_CELL,E07,BRANCH_DEATH,B02,U050,MC04_SM_DM,direct:shared:s13,7,0,1,0.0175,0.02,-1e-06,1e-06,TOP,OUTER_PARENT_TRIANGLE,0.8572160131857202,0.8572458114943126,0.00023838646873919345,0.34375,0.375,1.0,0.00023838646873919345,1.6150514059230708e-07,8,x06_t11__finite_projective_depth9,0.05821669436248076,0.22716433153233562,-0.22517469327654885,-0.04989228076771909,0.029999063690215183,0.02999985047204468,0.1734381830072093,0.06626849463251115,0.0662684946325008,,,True,False,True,False,False,False,False,,False,False,E07__U050__TOP__MINIMUM_CERTIFIED_OUTER_GAP,x06_t11,reciprocal,holomorphic,0.3353388520389716,3.2247964098558564,4,D4-deformed-contour-regular-away-W3-v51,True
5464__x06_t12,5461_FINITE_PROJECTIVE_OWNER_CELL,E07,BRANCH_DEATH,B02,U050,MC04_SM_DM,direct:shared:s13,7,0,1,0.0175,0.02,-1e-06,1e-06,TOP,OUTER_PARENT_TRIANGLE,0.8572160131857202,0.8572458114943126,0.00023838646873919345,0.375,0.40625,1.0,0.00023838646873919345,1.6150514059230708e-07,8,x06_t12__finite_projective_depth9,0.05821669436248076,0.22716433153233562,-0.22517469327654885,-0.04989228076771909,0.029999063690215183,0.02999985047204468,0.1734381830072093,0.06626849463251115,0.0662684946325008,,,True,False,True,False,False,False,False,,False,False,E07__U050__TOP__MINIMUM_CERTIFIED_OUTER_GAP,x06_t12,reciprocal,holomorphic,0.32431869223466464,3.2247964098558564,4,D4-deformed-contour-regular-away-W3-v51,True
5464__x06_t13,5461_FINITE_PROJECTIVE_OWNER_CELL,E07,BRANCH_DEATH,B02,U050,MC04_SM_DM,direct:shared:s13,7,0,1,0.0175,0.02,-1e-06,1e-06,TOP,OUTER_PARENT_TRIANGLE,0.8572160131857202,0.8572458114943126,0.00023838646873919345,0.40625,0.4375,1.0,0.00023838646873919345,1.6150514059230708e-07,8,x06_t13__finite_projective_depth9,0.05821669436248076,0.22716433153233562,-0.22517469327654885,-0.04989228076771909,0.029999063690215183,0.02999985047204468,0.1734381830072093,0.06626849463251115,0.0662684946325008,,,True,False,True,False,False,False,False,,False,False,E07__U050__TOP__MINIMUM_CERTIFIED_OUTER_GAP,x06_t13,reciprocal,holomorphic,0.31330892575158054,3.2247964098558564,4,D4-deformed-contour-regular-away-W3-v51,True
5464__x06_t14,5461_FINITE_PROJECTIVE_OWNER_CELL,E07,BRANCH_DEATH,B02,U050,MC04_SM_DM,direct:shared:s13,7,0,1,0.0175,0.02,-1e-06,1e-06,TOP,OUTER_PARENT_TRIANGLE,0.8572160131857202,0.8572458114943126,0.00023838646873919345,0.4375,0.46875,1.0,0.00023838646873919345,1.6150514059230708e-07,8,x06_t14__finite_projective_depth9,0.05821669436248076,0.22716433153233562,-0.22517469327654885,-0.04989228076771909,0.029999063690215183,0.02999985047204468,0.1734381830072093,0.06626849463251115,0.0662684946325008,,,True,False,True,False,False,False,False,,False,False,E07__U050__TOP__MINIMUM_CERTIFIED_OUTER_GAP,x06_t14,reciprocal,holomorphic,0.30231062409245907,3.2247964098558564,4,D4-deformed-contour-regular-away-W3-v51,True
5464__x06_t15,5461_FINITE_PROJECTIVE_OWNER_CELL,E07,BRANCH_DEATH,B02,U050,MC04_SM_DM,direct:shared:s13,7,0,1,0.0175,0.02,-1e-06,1e-06,TOP,OUTER_PARENT_TRIANGLE,0.8572160131857202,0.8572458114943126,0.00023838646873919345,0.46875,0.5,1.0,0.00023838646873919345,1.6150514059230708e-07,8,x06_t15__finite_projective_depth9,0.05821669436248076,0.22716433153233562,-0.22517469327654885,-0.04989228076771909,0.029999063690215183,0.02999985047204468,0.1734381830072093,0.06626849463251115,0.0662684946325008,,,True,False,True,False,False,False,False,,False,False,E07__U050__TOP__MINIMUM_CERTIFIED_OUTER_GAP,x06_t15,reciprocal,holomorphic,0.291325013371212,3.2247964098558564,4,D4-deformed-contour-regular-away-W3-v51,True
5464__x06_t16,5461_FINITE_PROJECTIVE_OWNER_CELL,E07,BRANCH_DEATH,B02,U050,MC04_SM_DM,direct:shared:s13,7,0,1,0.0175,0.02,-1e-06,1e-06,TOP,OUTER_PARENT_TRIANGLE,0.8572160131857202,0.8572458114943126,0.00023838646873919345,0.5,0.53125,1.0,0.00023838646873919345,1.6150514059230708e-07,8,x06_t16__finite_projective_depth9,0.05821669436248076,0.22716433153233562,-0.22517469327654885,-0.04989228076771909,0.029999063690215183,0.02999985047204468,0.1734381830072093,0.06626849463251115,0.0662684946325008,,,True,False,True,False,False,False,False,,False,False,E07__U050__TOP__MINIMUM_CERTIFIED_OUTER_GAP,x06_t16,reciprocal,holomorphic,0.28035350307435863,3.2247964098558564,4,D4-deformed-contour-regular-away-W3-v51,True
5464__x06_t17,5461_FINITE_PROJECTIVE_OWNER_CELL,E07,BRANCH_DEATH,B02,U050,MC04_SM_DM,direct:shared:s13,7,0,1,0.0175,0.02,-1e-06,1e-06,TOP,OUTER_PARENT_TRIANGLE,0.8572160131857202,0.8572458114943126,0.00023838646873919345,0.53125,0.5625,1.0,0.00023838646873919345,1.6150514059230708e-07,8,x06_t17__finite_projective_depth9,0.05821669436248076,0.22716433153233562,-0.22517469327654885,-0.04989228076771909,0.029999063690215183,0.02999985047204468,0.1734381830072093,0.06626849463251115,0.0662684946325008,,,True,False,True,False,False,False,False,,False,False,E07__U050__TOP__MINIMUM_CERTIFIED_OUTER_GAP,x06_t17,reciprocal,holomorphic,0.26939772146833096,3.2247964098558564,4,D4-deformed-contour-regular-away-W3-v51,True
5464__x06_t18,5461_FINITE_PROJECTIVE_OWNER_CELL,E07,BRANCH_DEATH,B02,U050,MC04_SM_DM,direct:shared:s13,7,0,1,0.0175,0.02,-1e-06,1e-06,TOP,OUTER_PARENT_TRIANGLE,0.8572160131857202,0.8572458114943126,0.00023838646873919345,0.5625,0.59375,1.0,0.00023838646873919345,1.6150514059230708e-07,8,x06_t18__finite_projective_depth9,0.05821669436248076,0.22716433153233562,-0.22517469327654885,-0.04989228076771909,0.029999063690215183,0.02999985047204468,0.1734381830072093,0.06626849463251115,0.0662684946325008,,,True,False,True,False,False,False,False,,False,False,E07__U050__TOP__MINIMUM_CERTIFIED_OUTER_GAP,x06_t18,reciprocal,holomorphic,0.25845955951287364,3.2247964098558564,4,D4-deformed-contour-regular-away-W3-v51,True
5464__x06_t19,5461_FINITE_PROJECTIVE_OWNER_CELL,E07,BRANCH_DEATH,B02,U050,MC04_SM_DM,direct:shared:s13,7,0,1,0.0175,0.02,-1e-06,1e-06,TOP,OUTER_PARENT_TRIANGLE,0.8572160131857202,0.8572458114943126,0.00023838646873919345,0.59375,0.625,1.0,0.00023838646873919345,1.6150514059230708e-07,8,x06_t19__finite_projective_depth9,0.05821669436248076,0.22716433153233562,-0.22517469327654885,-0.04989228076771909,0.029999063690215183,0.02999985047204468,0.1734381830072093,0.06626849463251115,0.0662684946325008,,,True,False,True,False,False,False,False,,False,False,E07__U050__TOP__MINIMUM_CERTIFIED_OUTER_GAP,x06_t19,reciprocal,holomorphic,0.2475412251228299,3.2247964098558564,4,D4-deformed-contour-regular-away-W3-v51,True
5464__x06_t20,5461_FINITE_PROJECTIVE_OWNER_CELL,E07,BRANCH_DEATH,B02,U050,MC04_SM_DM,direct:shared:s13,7,0,1,0.0175,0.02,-1e-06,1e-06,TOP,OUTER_PARENT_TRIANGLE,0.8572160131857202,0.8572458114943126,0.00023838646873919345,0.625,0.65625,1.0,0.00023838646873919345,1.6150514059230708e-07,8,x06_t20__finite_projective_depth9,0.05821669436248076,0.22716433153233562,-0.22517469327654885,-0.04989228076771909,0.029999063690215183,0.02999985047204468,0.1734381830072093,0.06626849463251115,0.0662684946325008,,,True,False,True,False,False,False,False,,False,False,E07__U050__TOP__MINIMUM_CERTIFIED_OUTER_GAP,x06_t20,reciprocal,holomorphic,0.2366453140436909,3.2247964098558564,4,D4-deformed-contour-regular-away-W3-v51,True
5464__x06_t21,5461_FINITE_PROJECTIVE_OWNER_CELL,E07,BRANCH_DEATH,B02,U050,MC04_SM_DM,direct:shared:s13,7,0,1,0.0175,0.02,-1e-06,1e-06,TOP,OUTER_PARENT_TRIANGLE,0.8572160131857202,0.8572458114943126,0.00023838646873919345,0.65625,0.6875,1.0,0.00023838646873919345,1.6150514059230708e-07,8,x06_t21__finite_projective_depth9,0.05821669436248076,0.22716433153233562,-0.22517469327654885,-0.04989228076771909,0.029999063690215183,0.02999985047204468,0.1734381830072093,0.06626849463251115,0.0662684946325008,,,True,False,True,False,False,False,False,,False,False,E07__U050__TOP__MINIMUM_CERTIFIED_OUTER_GAP,x06_t21,reciprocal,holomorphic,0.22577489662546527,3.2247964098558564,4,D4-deformed-contour-regular-away-W3-v51,True
5464__x06_t22,5461_FINITE_PROJECTIVE_OWNER_CELL,E07,BRANCH_DEATH,B02,U050,MC04_SM_DM,direct:shared:s13,7,0,1,0.0175,0.02,-1e-06,1e-06,TOP,OUTER_PARENT_TRIANGLE,0.8572160131857202,0.8572458114943126,0.00023838646873919345,0.6875,0.71875,1.0,0.00023838646873919345,1.6150514059230708e-07,8,x06_t22__finite_projective_depth9,0.05821669436248076,0.22716433153233562,-0.22517469327654885,-0.04989228076771909,0.029999063690215183,0.02999985047204468,0.1734381830072093,0.06626849463251115,0.0662684946325008,,,True,False,True,False,False,False,False,,False,False,E07__U050__TOP__MINIMUM_CERTIFIED_OUTER_GAP,x06_t22,reciprocal,holomorphic,0.21493362836867294,3.2247964098558564,4,D4-deformed-contour-regular-away-W3-v51,True
5464__x06_t23,5461_FINITE_PROJECTIVE_OWNER_CELL,E07,BRANCH_DEATH,B02,U050,MC04_SM_DM,direct:shared:s13,7,0,1,0.0175,0.02,-1e-06,1e-06,TOP,OUTER_PARENT_TRIANGLE,0.8572160131857202,0.8572458114943126,0.00023838646873919345,0.71875,0.75,1.0,0.00023838646873919345,1.6150514059230708e-07,8,x06_t23__finite_projective_depth9,0.05821669436248076,0.22716433153233562,-0.22517469327654885,-0.04989228076771909,0.029999063690215183,0.02999985047204468,0.1734381830072093,0.06626849463251115,0.0662684946325008,,,True,False,True,False,False,False,False,,False,False,E07__U050__TOP__MINIMUM_CERTIFIED_OUTER_GAP,x06_t23,reciprocal,holomorphic,0.20412587919188638,3.2247964098558564,4,D4-deformed-contour-regular-away-W3-v51,True
5464__x06_t24,5461_FINITE_PROJECTIVE_OWNER_CELL,E07,BRANCH_DEATH,B02,U050,MC04_SM_DM,direct:shared:s13,7,0,1,0.0175,0.02,-1e-06,1e-06,TOP,OUTER_PARENT_TRIANGLE,0.8572160131857202,0.8572458114943126,0.00023838646873919345,0.75,0.78125,1.0,0.00023838646873919345,1.6150514059230708e-07,8,x06_t24__finite_projective_depth9,0.05821669436248076,0.22716433153233562,-0.22517469327654885,-0.04989228076771909,0.029999063690215183,0.02999985047204468,0.1734381830072093,0.06626849463251115,0.0662684946325008,,,True,False,True,False,False,False,False,,False,False,E07__U050__TOP__MINIMUM_CERTIFIED_OUTER_GAP,x06_t24,reciprocal,holomorphic,0.19335698962220335,3.2247964098558564,4,D4-deformed-contour-regular-away-W3-v51,True
5464__x06_t25,5461_FINITE_PROJECTIVE_OWNER_CELL,E07,BRANCH_DEATH,B02,U050,MC04_SM_DM,direct:shared:s13,7,0,1,0.0175,0.02,-1e-06,1e-06,TOP,OUTER_PARENT_TRIANGLE,0.8572160131857202,0.8572458114943126,0.00023838646873919345,0.78125,0.8125,1.0,0.00023838646873919345,1.6150514059230708e-07,8,x06_t25__finite_projective_depth9,0.05821669436248076,0.22716433153233562,-0.22517469327654885,-0.04989228076771909,0.029999063690215183,0.02999985047204468,0.1734381830072093,0.06626849463251115,0.0662684946325008,,,True,False,True,False,False,False,False,,False,False,E07__U050__TOP__MINIMUM_CERTIFIED_OUTER_GAP,x06_t25,reciprocal,holomorphic,0.18263346760084215,3.2247964098558564,4,D4-deformed-contour-regular-away-W3-v51,True
5464__x06_t26,5461_FINITE_PROJECTIVE_OWNER_CELL,E07,BRANCH_DEATH,B02,U050,MC04_SM_DM,direct:shared:s13,7,0,1,0.0175,0.02,-1e-06,1e-06,TOP,OUTER_PARENT_TRIANGLE,0.8572160131857202,0.8572458114943126,0.00023838646873919345,0.8125,0.84375,1.0,0.00023838646873919345,1.6150514059230708e-07,8,x06_t26__finite_projective_depth9,0.05821669436248076,0.22716433153233562,-0.22517469327654885,-0.04989228076771909,0.029999063690215183,0.02999985047204468,0.1734381830072093,0.06626849463251115,0.0662684946325008,,,True,False,True,False,False,False,False,,False,False,E07__U050__TOP__MINIMUM_CERTIFIED_OUTER_GAP,x06_t26,reciprocal,holomorphic,0.17196335760696524,3.2247964098558564,4,D4-deformed-contour-regular-away-W3-v51,True
5464__x06_t27,5461_FINITE_PROJECTIVE_OWNER_CELL,E07,BRANCH_DEATH,B02,U050,MC04_SM_DM,direct:shared:s13,7,0,1,0.0175,0.02,-1e-06,1e-06,TOP,OUTER_PARENT_TRIANGLE,0.8572160131857202,0.8572458114943126,0.00023838646873919345,0.84375,0.875,1.0,0.00023838646873919345,1.6150514059230708e-07,8,x06_t27__finite_projective_depth9,0.05821669436248076,0.22716433153233562,-0.22517469327654885,-0.04989228076771909,0.029999063690215183,0.02999985047204468,0.1734381830072093,0.06626849463251115,0.0662684946325008,,,True,False,True,False,False,False,False,,False,False,E07__U050__TOP__MINIMUM_CERTIFIED_OUTER_GAP,x06_t27,reciprocal,holomorphic,0.16135672147342384,3.2247964098558564,4,D4-deformed-contour-regular-away-W3-v51,True
5464__x06_t28,5461_FINITE_PROJECTIVE_OWNER_CELL,E07,BRANCH_DEATH,B02,U050,MC04_SM_DM,direct:shared:s13,7,0,1,0.0175,0.02,-1e-06,1e-06,TOP,OUTER_PARENT_TRIANGLE,0.8572160131857202,0.8572458114943126,0.00023838646873919345,0.875,0.90625,1.0,0.00023838646873919345,1.6150514059230708e-07,8,x06_t28__finite_projective_depth9,0.05821669436248076,0.22716433153233562,-0.22517469327654885,-0.04989228076771909,0.029999063690215183,0.02999985047204468,0.1734381830072093,0.06626849463251115,0.0662684946325008,,,True,False,True,False,False,False,False,,False,False,E07__U050__TOP__MINIMUM_CERTIFIED_OUTER_GAP,x06_t28,reciprocal,holomorphic,0.15082631185003234,3.2247964098558564,4,D4-deformed-contour-regular-away-W3-v51,True
5464__x06_t29,5461_FINITE_PROJECTIVE_OWNER_CELL,E07,BRANCH_DEATH,B02,U050,MC04_SM_DM,direct:shared:s13,7,0,1,0.0175,0.02,-1e-06,1e-06,TOP,OUTER_PARENT_TRIANGLE,0.8572160131857202,0.8572458114943126,0.00023838646873919345,0.90625,0.9375,1.0,0.00023838646873919345,1.6150514059230708e-07,8,x06_t29__finite_projective_depth9,0.05821669436248076,0.22716433153233562,-0.22517469327654885,-0.04989228076771909,0.029999063690215183,0.02999985047204468,0.1734381830072093,0.06626849463251115,0.0662684946325008,,,True,False,True,False,False,False,False,,False,False,E07__U050__TOP__MINIMUM_CERTIFIED_OUTER_GAP,x06_t29,reciprocal,holomorphic,0.1403885345528607,3.2247964098558564,4,D4-deformed-contour-regular-away-W3-v51,True
5464__x06_t30,5461_FINITE_PROJECTIVE_OWNER_CELL,E07,BRANCH_DEATH,B02,U050,MC04_SM_DM,direct:shared:s13,7,0,1,0.0175,0.02,-1e-06,1e-06,TOP,OUTER_PARENT_TRIANGLE,0.8572160131857202,0.8572458114943126,0.00023838646873919345,0.9375,0.96875,1.0,0.00023838646873919345,1.6150514059230708e-07,8,x06_t30__finite_projective_depth9,0.05821669436248076,0.22716433153233562,-0.22517469327654885,-0.04989228076771909,0.029999063690215183,0.02999985047204468,0.1734381830072093,0.06626849463251115,0.0662684946325008,,,True,False,True,False,False,False,False,,False,False,E07__U050__TOP__MINIMUM_CERTIFIED_OUTER_GAP,x06_t30,reciprocal,holomorphic,0.130064854286981,3.2247964098558564,4,D4-deformed-contour-regular-away-W3-v51,True
5464__x06_t31,5461_FINITE_PROJECTIVE_OWNER_CELL,E07,BRANCH_DEATH,B02,U050,MC04_SM_DM,direct:shared:s13,7,0,1,0.0175,0.02,-1e-06,1e-06,TOP,OUTER_PARENT_TRIANGLE,0.8572160131857202,0.8572458114943126,0.00023838646873919345,0.96875,1.0,1.0,0.00023838646873919345,1.6150514059230708e-07,8,x06_t31__finite_projective_depth9,0.05821669436248076,0.22716433153233562,-0.22517469327654885,-0.04989228076771909,0.029999063690215183,0.02999985047204468,0.1734381830072093,0.06626849463251115,0.0662684946325008,,,True,False,True,False,False,False,False,,False,False,E07__U050__TOP__MINIMUM_CERTIFIED_OUTER_GAP,x06_t31,reciprocal,holomorphic,0.11988389746281837,3.2247964098558564,4,D4-deformed-contour-regular-away-W3-v51,True
5464__x07_t00,5461_FINITE_PROJECTIVE_OWNER_CELL,E07,BRANCH_DEATH,B02,U050,MC04_SM_DM,direct:shared:s13,7,0,1,0.0175,0.02,-1e-06,1e-06,TOP,OUTER_PARENT_TRIANGLE,0.8572458114943126,0.857275609802905,0.00023838646873919345,0.0,0.03125,1.0,0.00023838646873919345,1.6150514059230708e-07,8,x07_t00__finite_projective_depth9,0.05821669436248076,0.22716433153233562,-0.22517469327654885,-0.04989228076771909,0.029999063690215183,0.02999985047204468,0.1734381830072093,0.06626849463251115,0.0662684946325008,,,True,False,True,False,False,False,False,,False,False,E07__U050__TOP__MINIMUM_CERTIFIED_OUTER_GAP,x07_t00,reciprocal,holomorphic,0.45702819933137895,3.225158623722233,4,D4-deformed-contour-regular-away-W3-v51,True
5464__x07_t01,5461_FINITE_PROJECTIVE_OWNER_CELL,E07,BRANCH_DEATH,B02,U050,MC04_SM_DM,direct:shared:s13,7,0,1,0.0175,0.02,-1e-06,1e-06,TOP,OUTER_PARENT_TRIANGLE,0.8572458114943126,0.857275609802905,0.00023838646873919345,0.03125,0.0625,1.0,0.00023838646873919345,1.6150514059230708e-07,8,x07_t01__finite_projective_depth9,0.05821669436248076,0.22716433153233562,-0.22517469327654885,-0.04989228076771909,0.029999063690215183,0.02999985047204468,0.1734381830072093,0.06626849463251115,0.0662684946325008,,,True,False,True,False,False,False,False,,False,False,E07__U050__TOP__MINIMUM_CERTIFIED_OUTER_GAP,x07_t01,reciprocal,holomorphic,0.44593773722573643,3.225158623722233,4,D4-deformed-contour-regular-away-W3-v51,True
5464__x07_t02,5461_FINITE_PROJECTIVE_OWNER_CELL,E07,BRANCH_DEATH,B02,U050,MC04_SM_DM,direct:shared:s13,7,0,1,0.0175,0.02,-1e-06,1e-06,TOP,OUTER_PARENT_TRIANGLE,0.8572458114943126,0.857275609802905,0.00023838646873919345,0.0625,0.09375,1.0,0.00023838646873919345,1.6150514059230708e-07,8,x07_t02__finite_projective_depth9,0.05821669436248076,0.22716433153233562,-0.22517469327654885,-0.04989228076771909,0.029999063690215183,0.02999985047204468,0.1734381830072093,0.06626849463251115,0.0662684946325008,,,True,False,True,False,False,False,False,,False,False,E07__U050__TOP__MINIMUM_CERTIFIED_OUTER_GAP,x07_t02,reciprocal,holomorphic,0.43485151580645676,3.225158623722233,4,D4-deformed-contour-regular-away-W3-v51,True
5464__x07_t03,5461_FINITE_PROJECTIVE_OWNER_CELL,E07,BRANCH_DEATH,B02,U050,MC04_SM_DM,direct:shared:s13,7,0,1,0.0175,0.02,-1e-06,1e-06,TOP,OUTER_PARENT_TRIANGLE,0.8572458114943126,0.857275609802905,0.00023838646873919345,0.09375,0.125,1.0,0.00023838646873919345,1.6150514059230708e-07,8,x07_t03__finite_projective_depth9,0.05821669436248076,0.22716433153233562,-0.22517469327654885,-0.04989228076771909,0.029999063690215183,0.02999985047204468,0.1734381830072093,0.06626849463251115,0.0662684946325008,,,True,False,True,False,False,False,False,,False,False,E07__U050__TOP__MINIMUM_CERTIFIED_OUTER_GAP,x07_t03,reciprocal,holomorphic,0.42376984276681695,3.225158623722233,4,D4-deformed-contour-regular-away-W3-v51,True
5464__x07_t04,5461_FINITE_PROJECTIVE_OWNER_CELL,E07,BRANCH_DEATH,B02,U050,MC04_SM_DM,direct:shared:s13,7,0,1,0.0175,0.02,-1e-06,1e-06,TOP,OUTER_PARENT_TRIANGLE,0.8572458114943126,0.857275609802905,0.00023838646873919345,0.125,0.15625,1.0,0.00023838646873919345,1.6150514059230708e-07,8,x07_t04__finite_projective_depth9,0.05821669436248076,0.22716433153233562,-0.22517469327654885,-0.04989228076771909,0.029999063690215183,0.02999985047204468,0.1734381830072093,0.06626849463251115,0.0662684946325008,,,True,False,True,False,False,False,False,,False,False,E07__U050__TOP__MINIMUM_CERTIFIED_OUTER_GAP,x07_t04,reciprocal,holomorphic,0.4126930578273931,3.225158623722233,4,D4-deformed-contour-regular-away-W3-v51,True
5464__x07_t05,5461_FINITE_PROJECTIVE_OWNER_CELL,E07,BRANCH_DEATH,B02,U050,MC04_SM_DM,direct:shared:s13,7,0,1,0.0175,0.02,-1e-06,1e-06,TOP,OUTER_PARENT_TRIANGLE,0.8572458114943126,0.857275609802905,0.00023838646873919345,0.15625,0.1875,1.0,0.00023838646873919345,1.6150514059230708e-07,8,x07_t05__finite_projective_depth9,0.05821669436248076,0.22716433153233562,-0.22517469327654885,-0.04989228076771909,0.029999063690215183,0.02999985047204468,0.1734381830072093,0.06626849463251115,0.0662684946325008,,,True,False,True,False,False,False,False,,False,False,E07__U050__TOP__MINIMUM_CERTIFIED_OUTER_GAP,x07_t05,reciprocal,holomorphic,0.4016215369867601,3.225158623722233,4,D4-deformed-contour-regular-away-W3-v51,True
5464__x07_t06,5461_FINITE_PROJECTIVE_OWNER_CELL,E07,BRANCH_DEATH,B02,U050,MC04_SM_DM,direct:shared:s13,7,0,1,0.0175,0.02,-1e-06,1e-06,TOP,OUTER_PARENT_TRIANGLE,0.8572458114943126,0.857275609802905,0.00023838646873919345,0.1875,0.21875,1.0,0.00023838646873919345,1.6150514059230708e-07,8,x07_t06__finite_projective_depth9,0.05821669436248076,0.22716433153233562,-0.22517469327654885,-0.04989228076771909,0.029999063690215183,0.02999985047204468,0.1734381830072093,0.06626849463251115,0.0662684946325008,,,True,False,True,False,False,False,False,,False,False,E07__U050__TOP__MINIMUM_CERTIFIED_OUTER_GAP,x07_t06,reciprocal,holomorphic,0.3905556974650183,3.225158623722233,4,D4-deformed-contour-regular-away-W3-v51,True
5464__x07_t07,5461_FINITE_PROJECTIVE_OWNER_CELL,E07,BRANCH_DEATH,B02,U050,MC04_SM_DM,direct:shared:s13,7,0,1,0.0175,0.02,-1e-06,1e-06,TOP,OUTER_PARENT_TRIANGLE,0.8572458114943126,0.857275609802905,0.00023838646873919345,0.21875,0.25,1.0,0.00023838646873919345,1.6150514059230708e-07,8,x07_t07__finite_projective_depth9,0.05821669436248076,0.22716433153233562,-0.22517469327654885,-0.04989228076771909,0.029999063690215183,0.02999985047204468,0.1734381830072093,0.06626849463251115,0.0662684946325008,,,True,False,True,False,False,False,False,,False,False,E07__U050__TOP__MINIMUM_CERTIFIED_OUTER_GAP,x07_t07,reciprocal,holomorphic,0.3794960034752084,3.225158623722233,4,D4-deformed-contour-regular-away-W3-v51,True
5464__x07_t08,5461_FINITE_PROJECTIVE_OWNER_CELL,E07,BRANCH_DEATH,B02,U050,MC04_SM_DM,direct:shared:s13,7,0,1,0.0175,0.02,-1e-06,1e-06,TOP,OUTER_PARENT_TRIANGLE,0.8572458114943126,0.857275609802905,0.00023838646873919345,0.25,0.28125,1.0,0.00023838646873919345,1.6150514059230708e-07,8,x07_t08__finite_projective_depth9,0.05821669436248076,0.22716433153233562,-0.22517469327654885,-0.04989228076771909,0.029999063690215183,0.02999985047204468,0.1734381830072093,0.06626849463251115,0.0662684946325008,,,True,False,True,False,False,False,False,,False,False,E07__U050__TOP__MINIMUM_CERTIFIED_OUTER_GAP,x07_t08,reciprocal,holomorphic,0.36844297298856943,3.225158623722233,4,D4-deformed-contour-regular-away-W3-v51,True
5464__x07_t09,5461_FINITE_PROJECTIVE_OWNER_CELL,E07,BRANCH_DEATH,B02,U050,MC04_SM_DM,direct:shared:s13,7,0,1,0.0175,0.02,-1e-06,1e-06,TOP,OUTER_PARENT_TRIANGLE,0.8572458114943126,0.857275609802905,0.00023838646873919345,0.28125,0.3125,1.0,0.00023838646873919345,1.6150514059230708e-07,8,x07_t09__finite_projective_depth9,0.05821669436248076,0.22716433153233562,-0.22517469327654885,-0.04989228076771909,0.029999063690215183,0.02999985047204468,0.1734381830072093,0.06626849463251115,0.0662684946325008,,,True,False,True,False,False,False,False,,False,False,E07__U050__TOP__MINIMUM_CERTIFIED_OUTER_GAP,x07_t09,reciprocal,holomorphic,0.3573971856986522,3.225158623722233,4,D4-deformed-contour-regular-away-W3-v51,True
5464__x07_t10,5461_FINITE_PROJECTIVE_OWNER_CELL,E07,BRANCH_DEATH,B02,U050,MC04_SM_DM,direct:shared:s13,7,0,1,0.0175,0.02,-1e-06,1e-06,TOP,OUTER_PARENT_TRIANGLE,0.8572458114943126,0.857275609802905,0.00023838646873919345,0.3125,0.34375,1.0,0.00023838646873919345,1.6150514059230708e-07,8,x07_t10__finite_projective_depth9,0.05821669436248076,0.22716433153233562,-0.22517469327654885,-0.04989228076771909,0.029999063690215183,0.02999985047204468,0.1734381830072093,0.06626849463251115,0.0662684946325008,,,True,False,True,False,False,False,False,,False,False,E07__U050__TOP__MINIMUM_CERTIFIED_OUTER_GAP,x07_t10,reciprocal,holomorphic,0.34635929188519027,3.225158623722233,4,D4-deformed-contour-regular-away-W3-v51,True
5464__x07_t11,5461_FINITE_PROJECTIVE_OWNER_CELL,E07,BRANCH_DEATH,B02,U050,MC04_SM_DM,direct:shared:s13,7,0,1,0.0175,0.02,-1e-06,1e-06,TOP,OUTER_PARENT_TRIANGLE,0.8572458114943126,0.857275609802905,0.00023838646873919345,0.34375,0.375,1.0,0.00023838646873919345,1.6150514059230708e-07,8,x07_t11__finite_projective_depth9,0.05821669436248076,0.22716433153233562,-0.22517469327654885,-0.04989228076771909,0.029999063690215183,0.02999985047204468,0.1734381830072093,0.06626849463251115,0.0662684946325008,,,True,False,True,False,False,False,False,,False,False,E07__U050__TOP__MINIMUM_CERTIFIED_OUTER_GAP,x07_t11,reciprocal,holomorphic,0.3353300249085727,3.225158623722233,4,D4-deformed-contour-regular-away-W3-v51,True
5464__x07_t12,5461_FINITE_PROJECTIVE_OWNER_CELL,E07,BRANCH_DEATH,B02,U050,MC04_SM_DM,direct:shared:s13,7,0,1,0.0175,0.02,-1e-06,1e-06,TOP,OUTER_PARENT_TRIANGLE,0.8572458114943126,0.857275609802905,0.00023838646873919345,0.375,0.40625,1.0,0.00023838646873919345,1.6150514059230708e-07,8,x07_t12__finite_projective_depth9,0.05821669436248076,0.22716433153233562,-0.22517469327654885,-0.04989228076771909,0.029999063690215183,0.02999985047204468,0.1734381830072093,0.06626849463251115,0.0662684946325008,,,True,False,True,False,False,False,False,,False,False,E07__U050__TOP__MINIMUM_CERTIFIED_OUTER_GAP,x07_t12,reciprocal,holomorphic,0.32431021377512054,3.225158623722233,4,D4-deformed-contour-regular-away-W3-v51,True
5464__x07_t13,5461_FINITE_PROJECTIVE_OWNER_CELL,E07,BRANCH_DEATH,B02,U050,MC04_SM_DM,direct:shared:s13,7,0,1,0.0175,0.02,-1e-06,1e-06,TOP,OUTER_PARENT_TRIANGLE,0.8572458114943126,0.857275609802905,0.00023838646873919345,0.40625,0.4375,1.0,0.00023838646873919345,1.6150514059230708e-07,8,x07_t13__finite_projective_depth9,0.05821669436248076,0.22716433153233562,-0.22517469327654885,-0.04989228076771909,0.029999063690215183,0.02999985047204468,0.1734381830072093,0.06626849463251115,0.0662684946325008,,,True,False,True,False,False,False,False,,False,False,E07__U050__TOP__MINIMUM_CERTIFIED_OUTER_GAP,x07_t13,reciprocal,holomorphic,0.31330079902667163,3.225158623722233,4,D4-deformed-contour-regular-away-W3-v51,True
5464__x07_t14,5461_FINITE_PROJECTIVE_OWNER_CELL,E07,BRANCH_DEATH,B02,U050,MC04_SM_DM,direct:shared:s13,7,0,1,0.0175,0.02,-1e-06,1e-06,TOP,OUTER_PARENT_TRIANGLE,0.8572458114943126,0.857275609802905,0.00023838646873919345,0.4375,0.46875,1.0,0.00023838646873919345,1.6150514059230708e-07,8,x07_t14__finite_projective_depth9,0.05821669436248076,0.22716433153233562,-0.22517469327654885,-0.04989228076771909,0.029999063690215183,0.02999985047204468,0.1734381830072093,0.06626849463251115,0.0662684946325008,,,True,False,True,False,False,False,False,,False,False,E07__U050__TOP__MINIMUM_CERTIFIED_OUTER_GAP,x07_t14,reciprocal,holomorphic,0.30230285229578285,3.225158623722233,4,D4-deformed-contour-regular-away-W3-v51,True
5464__x07_t15,5461_FINITE_PROJECTIVE_OWNER_CELL,E07,BRANCH_DEATH,B02,U050,MC04_SM_DM,direct:shared:s13,7,0,1,0.0175,0.02,-1e-06,1e-06,TOP,OUTER_PARENT_TRIANGLE,0.8572458114943126,0.857275609802905,0.00023838646873919345,0.46875,0.5,1.0,0.00023838646873919345,1.6150514059230708e-07,8,x07_t15__finite_projective_depth9,0.05821669436248076,0.22716433153233562,-0.22517469327654885,-0.04989228076771909,0.029999063690215183,0.02999985047204468,0.1734381830072093,0.06626849463251115,0.0662684946325008,,,True,False,True,False,False,False,False,,False,False,E07__U050__TOP__MINIMUM_CERTIFIED_OUTER_GAP,x07_t15,reciprocal,holomorphic,0.2913175998300635,3.225158623722233,4,D4-deformed-contour-regular-away-W3-v51,True
5464__x07_t16,5461_FINITE_PROJECTIVE_OWNER_CELL,E07,BRANCH_DEATH,B02,U050,MC04_SM_DM,direct:shared:s13,7,0,1,0.0175,0.02,-1e-06,1e-06,TOP,OUTER_PARENT_TRIANGLE,0.8572458114943126,0.857275609802905,0.00023838646873919345,0.5,0.53125,1.0,0.00023838646873919345,1.6150514059230708e-07,8,x07_t16__finite_projective_depth9,0.05821669436248076,0.22716433153233562,-0.22517469327654885,-0.04989228076771909,0.029999063690215183,0.02999985047204468,0.1734381830072093,0.06626849463251115,0.0662684946325008,,,True,False,True,False,False,False,False,,False,False,E07__U050__TOP__MINIMUM_CERTIFIED_OUTER_GAP,x07_t16,reciprocal,holomorphic,0.28034645125245755,3.225158623722233,4,D4-deformed-contour-regular-away-W3-v51,True
5464__x07_t17,5461_FINITE_PROJECTIVE_OWNER_CELL,E07,BRANCH_DEATH,B02,U050,MC04_SM_DM,direct:shared:s13,7,0,1,0.0175,0.02,-1e-06,1e-06,TOP,OUTER_PARENT_TRIANGLE,0.8572458114943126,0.857275609802905,0.00023838646873919345,0.53125,0.5625,1.0,0.00023838646873919345,1.6150514059230708e-07,8,x07_t17__finite_projective_depth9,0.05821669436248076,0.22716433153233562,-0.22517469327654885,-0.04989228076771909,0.029999063690215183,0.02999985047204468,0.1734381830072093,0.06626849463251115,0.0662684946325008,,,True,False,True,False,False,False,False,,False,False,E07__U050__TOP__MINIMUM_CERTIFIED_OUTER_GAP,x07_t17,reciprocal,holomorphic,0.2693910349667834,3.225158623722233,4,D4-deformed-contour-regular-away-W3-v51,True
5464__x07_t18,5461_FINITE_PROJECTIVE_OWNER_CELL,E07,BRANCH_DEATH,B02,U050,MC04_SM_DM,direct:shared:s13,7,0,1,0.0175,0.02,-1e-06,1e-06,TOP,OUTER_PARENT_TRIANGLE,0.8572458114943126,0.857275609802905,0.00023838646873919345,0.5625,0.59375,1.0,0.00023838646873919345,1.6150514059230708e-07,8,x07_t18__finite_projective_depth9,0.05821669436248076,0.22716433153233562,-0.22517469327654885,-0.04989228076771909,0.029999063690215183,0.02999985047204468,0.1734381830072093,0.06626849463251115,0.0662684946325008,,,True,False,True,False,False,False,False,,False,False,E07__U050__TOP__MINIMUM_CERTIFIED_OUTER_GAP,x07_t18,reciprocal,holomorphic,0.25845324206849674,3.225158623722233,4,D4-deformed-contour-regular-away-W3-v51,True
5464__x07_t19,5461_FINITE_PROJECTIVE_OWNER_CELL,E07,BRANCH_DEATH,B02,U050,MC04_SM_DM,direct:shared:s13,7,0,1,0.0175,0.02,-1e-06,1e-06,TOP,OUTER_PARENT_TRIANGLE,0.8572458114943126,0.857275609802905,0.00023838646873919345,0.59375,0.625,1.0,0.00023838646873919345,1.6150514059230708e-07,8,x07_t19__finite_projective_depth9,0.05821669436248076,0.22716433153233562,-0.22517469327654885,-0.04989228076771909,0.029999063690215183,0.02999985047204468,0.1734381830072093,0.06626849463251115,0.0662684946325008,,,True,False,True,False,False,False,False,,False,False,E07__U050__TOP__MINIMUM_CERTIFIED_OUTER_GAP,x07_t19,reciprocal,holomorphic,0.24753528060222466,3.225158623722233,4,D4-deformed-contour-regular-away-W3-v51,True
5464__x07_t20,5461_FINITE_PROJECTIVE_OWNER_CELL,E07,BRANCH_DEATH,B02,U050,MC04_SM_DM,direct:shared:s13,7,0,1,0.0175,0.02,-1e-06,1e-06,TOP,OUTER_PARENT_TRIANGLE,0.8572458114943126,0.857275609802905,0.00023838646873919345,0.625,0.65625,1.0,0.00023838646873919345,1.6150514059230708e-07,8,x07_t20__finite_projective_depth9,0.05821669436248076,0.22716433153233562,-0.22517469327654885,-0.04989228076771909,0.029999063690215183,0.02999985047204468,0.1734381830072093,0.06626849463251115,0.0662684946325008,,,True,False,True,False,False,False,False,,False,False,E07__U050__TOP__MINIMUM_CERTIFIED_OUTER_GAP,x07_t20,reciprocal,holomorphic,0.2366397464330029,3.225158623722233,4,D4-deformed-contour-regular-away-W3-v51,True
5464__x07_t21,5461_FINITE_PROJECTIVE_OWNER_CELL,E07,BRANCH_DEATH,B02,U050,MC04_SM_DM,direct:shared:s13,7,0,1,0.0175,0.02,-1e-06,1e-06,TOP,OUTER_PARENT_TRIANGLE,0.8572458114943126,0.857275609802905,0.00023838646873919345,0.65625,0.6875,1.0,0.00023838646873919345,1.6150514059230708e-07,8,x07_t21__finite_projective_depth9,0.05821669436248076,0.22716433153233562,-0.22517469327654885,-0.04989228076771909,0.029999063690215183,0.02999985047204468,0.1734381830072093,0.06626849463251115,0.0662684946325008,,,True,False,True,False,False,False,False,,False,False,E07__U050__TOP__MINIMUM_CERTIFIED_OUTER_GAP,x07_t21,reciprocal,holomorphic,0.22576971001016743,3.225158623722233,4,D4-deformed-contour-regular-away-W3-v51,True
5464__x07_t22,5461_FINITE_PROJECTIVE_OWNER_CELL,E07,BRANCH_DEATH,B02,U050,MC04_SM_DM,direct:shared:s13,7,0,1,0.0175,0.02,-1e-06,1e-06,TOP,OUTER_PARENT_TRIANGLE,0.8572458114943126,0.857275609802905,0.00023838646873919345,0.6875,0.71875,1.0,0.00023838646873919345,1.6150514059230708e-07,8,x07_t22__finite_projective_depth9,0.05821669436248076,0.22716433153233562,-0.22517469327654885,-0.04989228076771909,0.029999063690215183,0.02999985047204468,0.1734381830072093,0.06626849463251115,0.0662684946325008,,,True,False,True,False,False,False,False,,False,False,E07__U050__TOP__MINIMUM_CERTIFIED_OUTER_GAP,x07_t22,reciprocal,holomorphic,0.2149288269188784,3.225158623722233,4,D4-deformed-contour-regular-away-W3-v51,True
5464__x07_t23,5461_FINITE_PROJECTIVE_OWNER_CELL,E07,BRANCH_DEATH,B02,U050,MC04_SM_DM,direct:shared:s13,7,0,1,0.0175,0.02,-1e-06,1e-06,TOP,OUTER_PARENT_TRIANGLE,0.8572458114943126,0.857275609802905,0.00023838646873919345,0.71875,0.75,1.0,0.00023838646873919345,1.6150514059230708e-07,8,x07_t23__finite_projective_depth9,0.05821669436248076,0.22716433153233562,-0.22517469327654885,-0.04989228076771909,0.029999063690215183,0.02999985047204468,0.1734381830072093,0.06626849463251115,0.0662684946325008,,,True,False,True,False,False,False,False,,False,False,E07__U050__TOP__MINIMUM_CERTIFIED_OUTER_GAP,x07_t23,reciprocal,holomorphic,0.20412146706840056,3.225158623722233,4,D4-deformed-contour-regular-away-W3-v51,True
5464__x07_t24,5461_FINITE_PROJECTIVE_OWNER_CELL,E07,BRANCH_DEATH,B02,U050,MC04_SM_DM,direct:shared:s13,7,0,1,0.0175,0.02,-1e-06,1e-06,TOP,OUTER_PARENT_TRIANGLE,0.8572458114943126,0.857275609802905,0.00023838646873919345,0.75,0.78125,1.0,0.00023838646873919345,1.6150514059230708e-07,8,x07_t24__finite_projective_depth9,0.05821669436248076,0.22716433153233562,-0.22517469327654885,-0.04989228076771909,0.029999063690215183,0.02999985047204468,0.1734381830072093,0.06626849463251115,0.0662684946325008,,,True,False,True,False,False,False,False,,False,False,E07__U050__TOP__MINIMUM_CERTIFIED_OUTER_GAP,x07_t24,reciprocal,holomorphic,0.1933529709452293,3.225158623722233,4,D4-deformed-contour-regular-away-W3-v51,True
5464__x07_t25,5461_FINITE_PROJECTIVE_OWNER_CELL,E07,BRANCH_DEATH,B02,U050,MC04_SM_DM,direct:shared:s13,7,0,1,0.0175,0.02,-1e-06,1e-06,TOP,OUTER_PARENT_TRIANGLE,0.8572458114943126,0.857275609802905,0.00023838646873919345,0.78125,0.8125,1.0,0.00023838646873919345,1.6150514059230708e-07,8,x07_t25__finite_projective_depth9,0.05821669436248076,0.22716433153233562,-0.22517469327654885,-0.04989228076771909,0.029999063690215183,0.02999985047204468,0.1734381830072093,0.06626849463251115,0.0662684946325008,,,True,False,True,False,False,False,False,,False,False,E07__U050__TOP__MINIMUM_CERTIFIED_OUTER_GAP,x07_t25,reciprocal,holomorphic,0.18262984632502283,3.225158623722233,4,D4-deformed-contour-regular-away-W3-v51,True
5464__x07_t26,5461_FINITE_PROJECTIVE_OWNER_CELL,E07,BRANCH_DEATH,B02,U050,MC04_SM_DM,direct:shared:s13,7,0,1,0.0175,0.02,-1e-06,1e-06,TOP,OUTER_PARENT_TRIANGLE,0.8572458114943126,0.857275609802905,0.00023838646873919345,0.8125,0.84375,1.0,0.00023838646873919345,1.6150514059230708e-07,8,x07_t26__finite_projective_depth9,0.05821669436248076,0.22716433153233562,-0.22517469327654885,-0.04989228076771909,0.029999063690215183,0.02999985047204468,0.1734381830072093,0.06626849463251115,0.0662684946325008,,,True,False,True,False,False,False,False,,False,False,E07__U050__TOP__MINIMUM_CERTIFIED_OUTER_GAP,x07_t26,reciprocal,holomorphic,0.17196013735391188,3.225158623722233,4,D4-deformed-contour-regular-away-W3-v51,True
5464__x07_t27,5461_FINITE_PROJECTIVE_OWNER_CELL,E07,BRANCH_DEATH,B02,U050,MC04_SM_DM,direct:shared:s13,7,0,1,0.0175,0.02,-1e-06,1e-06,TOP,OUTER_PARENT_TRIANGLE,0.8572458114943126,0.857275609802905,0.00023838646873919345,0.84375,0.875,1.0,0.00023838646873919345,1.6150514059230708e-07,8,x07_t27__finite_projective_depth9,0.05821669436248076,0.22716433153233562,-0.22517469327654885,-0.04989228076771909,0.029999063690215183,0.02999985047204468,0.1734381830072093,0.06626849463251115,0.0662684946325008,,,True,False,True,False,False,False,False,,False,False,E07__U050__TOP__MINIMUM_CERTIFIED_OUTER_GAP,x07_t27,reciprocal,holomorphic,0.16135390527950438,3.225158623722233,4,D4-deformed-contour-regular-away-W3-v51,True
5464__x07_t28,5461_FINITE_PROJECTIVE_OWNER_CELL,E07,BRANCH_DEATH,B02,U050,MC04_SM_DM,direct:shared:s13,7,0,1,0.0175,0.02,-1e-06,1e-06,TOP,OUTER_PARENT_TRIANGLE,0.8572458114943126,0.857275609802905,0.00023838646873919345,0.875,0.90625,1.0,0.00023838646873919345,1.6150514059230708e-07,8,x07_t28__finite_projective_depth9,0.05821669436248076,0.22716433153233562,-0.22517469327654885,-0.04989228076771909,0.029999063690215183,0.02999985047204468,0.1734381830072093,0.06626849463251115,0.0662684946325008,,,True,False,True,False,False,False,False,,False,False,E07__U050__TOP__MINIMUM_CERTIFIED_OUTER_GAP,x07_t28,reciprocal,holomorphic,0.15082390178395527,3.225158623722233,4,D4-deformed-contour-regular-away-W3-v51,True
5464__x07_t29,5461_FINITE_PROJECTIVE_OWNER_CELL,E07,BRANCH_DEATH,B02,U050,MC04_SM_DM,direct:shared:s13,7,0,1,0.0175,0.02,-1e-06,1e-06,TOP,OUTER_PARENT_TRIANGLE,0.8572458114943126,0.857275609802905,0.00023838646873919345,0.90625,0.9375,1.0,0.00023838646873919345,1.6150514059230708e-07,8,x07_t29__finite_projective_depth9,0.05821669436248076,0.22716433153233562,-0.22517469327654885,-0.04989228076771909,0.029999063690215183,0.02999985047204468,0.1734381830072093,0.06626849463251115,0.0662684946325008,,,True,False,True,False,False,False,False,,False,False,E07__U050__TOP__MINIMUM_CERTIFIED_OUTER_GAP,x07_t29,reciprocal,holomorphic,0.1403865311296197,3.225158623722233,4,D4-deformed-contour-regular-away-W3-v51,True
5464__x07_t30,5461_FINITE_PROJECTIVE_OWNER_CELL,E07,BRANCH_DEATH,B02,U050,MC04_SM_DM,direct:shared:s13,7,0,1,0.0175,0.02,-1e-06,1e-06,TOP,OUTER_PARENT_TRIANGLE,0.8572458114943126,0.857275609802905,0.00023838646873919345,0.9375,0.96875,1.0,0.00023838646873919345,1.6150514059230708e-07,8,x07_t30__finite_projective_depth9,0.05821669436248076,0.22716433153233562,-0.22517469327654885,-0.04989228076771909,0.029999063690215183,0.02999985047204468,0.1734381830072093,0.06626849463251115,0.0662684946325008,,,True,False,True,False,False,False,False,,False,False,E07__U050__TOP__MINIMUM_CERTIFIED_OUTER_GAP,x07_t30,reciprocal,holomorphic,0.13006325555695564,3.225158623722233,4,D4-deformed-contour-regular-away-W3-v51,True
5464__x07_t31,5461_FINITE_PROJECTIVE_OWNER_CELL,E07,BRANCH_DEATH,B02,U050,MC04_SM_DM,direct:shared:s13,7,0,1,0.0175,0.02,-1e-06,1e-06,TOP,OUTER_PARENT_TRIANGLE,0.8572458114943126,0.857275609802905,0.00023838646873919345,0.96875,1.0,1.0,0.00023838646873919345,1.6150514059230708e-07,8,x07_t31__finite_projective_depth9,0.05821669436248076,0.22716433153233562,-0.22517469327654885,-0.04989228076771909,0.029999063690215183,0.02999985047204468,0.1734381830072093,0.06626849463251115,0.0662684946325008,,,True,False,True,False,False,False,False,,False,False,E07__U050__TOP__MINIMUM_CERTIFIED_OUTER_GAP,x07_t31,reciprocal,holomorphic,0.11988269757161757,3.225158623722233,4,D4-deformed-contour-regular-away-W3-v51,True
