row_type,status,x_count,t_count,x_index,t_index,x_lower,x_upper,t_lower,t_upper,left_first_soft_invariant_abs_lower,minimum_amplitude_denominator_abs_lower,collision_jacobian_abs_lower,integrated_regular_path_abs_upper,parameter_area_coverage_error,runtime_seconds,error_type,error,leaf_union_theorem
leaf,PASS,2,32,0,0,0.857071074596784,0.8570771703818625,0.0002,0.00800625,0.0,1.0916247083246072e-07,1.2301155620812132,419556755866.689,nan,418.0179089999874,,,D=union_ij D_ij; evaluate the complete parent-v54 amplitude on every x/t leaf; sum integrated uppers and minimize lowers
leaf,PASS,2,32,0,1,0.857071074596784,0.8570771703818625,0.00800625,0.0158125,0.0,1.0018939574432893e-06,5.851261468093245,18986927.045794986,nan,721.2634756999905,,,D=union_ij D_ij; evaluate the complete parent-v54 amplitude on every x/t leaf; sum integrated uppers and minimize lowers
leaf,PASS,2,32,0,2,0.857071074596784,0.8570771703818625,0.0158125,0.023618749999999997,0.0,1.6253760901323246e-06,9.498156395648953,6907028501869654.0,nan,951.3924333999748,,,D=union_ij D_ij; evaluate the complete parent-v54 amplitude on every x/t leaf; sum integrated uppers and minimize lowers
leaf,PASS,2,32,0,3,0.857071074596784,0.8570771703818625,0.023618749999999997,0.031425,0.0,6.669971544948882e-06,7.932446847198203,6060082247529.961,nan,1045.2363632999477,,,D=union_ij D_ij; evaluate the complete parent-v54 amplitude on every x/t leaf; sum integrated uppers and minimize lowers
leaf,PASS,2,32,0,4,0.857071074596784,0.8570771703818625,0.031425,0.039231249999999995,0.0,1.1002216966777255e-05,3.431819392989986,839692439.5942924,nan,1114.3962143999524,,,D=union_ij D_ij; evaluate the complete parent-v54 amplitude on every x/t leaf; sum integrated uppers and minimize lowers
leaf,PASS,2,32,0,5,0.857071074596784,0.8570771703818625,0.039231249999999995,0.047037499999999996,4.271441640126152e-06,4.271441640126152e-06,1.4322712689050119,8993290031.59073,nan,1140.996711099986,,,D=union_ij D_ij; evaluate the complete parent-v54 amplitude on every x/t leaf; sum integrated uppers and minimize lowers
leaf,PASS,2,32,0,6,0.857071074596784,0.8570771703818625,0.047037499999999996,0.05484375,9.683487128875722e-06,9.683487128875722e-06,2.116915898705413,21094885.47927074,nan,1168.0220092999516,,,D=union_ij D_ij; evaluate the complete parent-v54 amplitude on every x/t leaf; sum integrated uppers and minimize lowers
leaf,PASS,2,32,0,7,0.857071074596784,0.8570771703818625,0.05484375,0.06265,1.454652806200701e-05,1.454652806200701e-05,2.5917637791791703,824607.3807709967,nan,1220.6206392999738,,,D=union_ij D_ij; evaluate the complete parent-v54 amplitude on every x/t leaf; sum integrated uppers and minimize lowers
leaf,PASS,2,32,0,8,0.857071074596784,0.8570771703818625,0.06265,0.07045625,1.9071324359585212e-05,1.9420406861744238e-06,1.0803707558024411,17313177676.749172,nan,1227.3532270999858,,,D=union_ij D_ij; evaluate the complete parent-v54 amplitude on every x/t leaf; sum integrated uppers and minimize lowers
leaf,PASS,2,32,0,9,0.857071074596784,0.8570771703818625,0.07045625,0.0782625,2.3373728180102436e-05,2.3373728180102436e-05,3.0534905883423153,3946032.9529442475,nan,1234.0826714999857,,,D=union_ij D_ij; evaluate the complete parent-v54 amplitude on every x/t leaf; sum integrated uppers and minimize lowers
leaf,PASS,2,32,0,10,0.857071074596784,0.8570771703818625,0.0782625,0.08606875,2.752254221062393e-05,2.752254221062393e-05,10.513536687138831,254744.26046078064,nan,1237.2915964999702,,,D=union_ij D_ij; evaluate the complete parent-v54 amplitude on every x/t leaf; sum integrated uppers and minimize lowers
leaf,PASS,2,32,0,11,0.857071074596784,0.8570771703818625,0.08606875,0.093875,3.156111610072517e-05,7.186129970132255e-05,13.01160948422021,720829290.5950993,nan,1240.515483199968,,,D=union_ij D_ij; evaluate the complete parent-v54 amplitude on every x/t leaf; sum integrated uppers and minimize lowers
leaf,PASS,2,32,0,12,0.857071074596784,0.8570771703818625,0.093875,0.10168125,3.551806897672733e-05,9.326637043758403e-05,14.865479961903697,924871.6074670997,nan,1243.6622721999884,,,D=union_ij D_ij; evaluate the complete parent-v54 amplitude on every x/t leaf; sum integrated uppers and minimize lowers
leaf,PASS,2,32,0,13,0.857071074596784,0.8570771703818625,0.10168125,0.1094875,3.9413024199781356e-05,0.0001140882868338946,16.572469578357804,102409.07275303564,nan,1246.806889200001,,,D=union_ij D_ij; evaluate the complete parent-v54 amplitude on every x/t leaf; sum integrated uppers and minimize lowers
leaf,PASS,2,32,0,14,0.857071074596784,0.8570771703818625,0.1094875,0.11729375,4.3259865123168795e-05,0.00013445215667620697,18.014395113995736,22445.70157109775,nan,1249.9664957999485,,,D=union_ij D_ij; evaluate the complete parent-v54 amplitude on every x/t leaf; sum integrated uppers and minimize lowers
leaf,PASS,2,32,0,15,0.857071074596784,0.8570771703818625,0.11729375,0.1251,4.706866891671077e-05,0.00015445181627932146,19.18183377255643,6892.889692977097,nan,1253.0964370999718,,,D=union_ij D_ij; evaluate the complete parent-v54 amplitude on every x/t leaf; sum integrated uppers and minimize lowers
leaf,PASS,2,32,0,16,0.857071074596784,0.8570771703818625,0.1251,0.13290625,5.084692296518873e-05,0.0001741564803940758,20.110270020682783,2615.0983714186204,nan,1256.2508134999662,,,D=union_ij D_ij; evaluate the complete parent-v54 amplitude on every x/t leaf; sum integrated uppers and minimize lowers
leaf,PASS,2,32,0,17,0.857071074596784,0.8570771703818625,0.13290625,0.1407125,5.45994796392575e-05,0.00019361894705084812,20.841269080393282,1149.6572181181407,nan,1259.4019611999975,,,D=union_ij D_ij; evaluate the complete parent-v54 amplitude on every x/t leaf; sum integrated uppers and minimize lowers
leaf,PASS,2,32,0,18,0.857071074596784,0.8570771703818625,0.1407125,0.14851875,5.8331642101235884e-05,0.00021288025929180453,21.4120537752791,563.9842695185434,nan,1262.5260302999523,,,D=union_ij D_ij; evaluate the complete parent-v54 amplitude on every x/t leaf; sum integrated uppers and minimize lowers
leaf,PASS,2,32,0,19,0.857071074596784,0.8570771703818625,0.14851875,0.156325,6.204692749243436e-05,0.00023197273914078056,21.853469810137803,301.25912496933006,nan,1265.6180875999853,,,D=union_ij D_ij; evaluate the complete parent-v54 amplitude on every x/t leaf; sum integrated uppers and minimize lowers
leaf,PASS,2,32,0,20,0.857071074596784,0.8570771703818625,0.156325,0.16413125,6.574848988730471e-05,0.00025092215875337866,22.190381664450275,172.2719608383445,nan,1268.7458214999642,,,D=union_ij D_ij; evaluate the complete parent-v54 amplitude on every x/t leaf; sum integrated uppers and minimize lowers
leaf,PASS,2,32,0,21,0.857071074596784,0.8570771703818625,0.16413125,0.1719375,6.943831927320078e-05,0.00026974932079578084,22.442650119499316,104.17040530191368,nan,1271.876074299973,,,D=union_ij D_ij; evaluate the complete parent-v54 amplitude on every x/t leaf; sum integrated uppers and minimize lowers
leaf,PASS,2,32,0,22,0.857071074596784,0.8570771703818625,0.1719375,0.17974375,7.311796766743633e-05,0.00028847119275945764,22.626120340818485,65.99595470960423,nan,1274.9866622999543,,,D=union_ij D_ij; evaluate the complete parent-v54 amplitude on every x/t leaf; sum integrated uppers and minimize lowers
leaf,PASS,2,32,0,23,0.857071074596784,0.8570771703818625,0.17974375,0.18755,7.678873573493033e-05,0.00030710164421229863,22.753465305120034,43.49469931421711,nan,1278.100334799965,,,D=union_ij D_ij; evaluate the complete parent-v54 amplitude on every x/t leaf; sum integrated uppers and minimize lowers
leaf,PASS,2,32,0,24,0.857071074596784,0.8570771703818625,0.18755,0.19535625,8.045171859012316e-05,0.00032565220135075205,22.83486355251108,29.65240887463002,nan,1281.213494799973,,,D=union_ij D_ij; evaluate the complete parent-v54 amplitude on every x/t leaf; sum integrated uppers and minimize lowers
leaf,PASS,2,32,0,25,0.857071074596784,0.8570771703818625,0.19535625,0.2031625,8.410784271331612e-05,0.00034413275490264417,22.878530756638305,20.817932181019355,nan,1284.3130247999798,,,D=union_ij D_ij; evaluate the complete parent-v54 amplitude on every x/t leaf; sum integrated uppers and minimize lowers
leaf,PASS,2,32,0,26,0.857071074596784,0.8570771703818625,0.2031625,0.21096875,8.775789567413098e-05,0.0003625515086156422,22.891132707128214,14.998504555280288,nan,1287.3943631000002,,,D=union_ij D_ij; evaluate the complete parent-v54 amplitude on every x/t leaf; sum integrated uppers and minimize lowers
leaf,PASS,2,32,0,27,0.857071074596784,0.8570771703818625,0.21096875,0.218775,9.140251273685248e-05,0.00038091540715014146,22.878105569609435,11.053349482842632,nan,1290.5753538999707,,,D=union_ij D_ij; evaluate the complete parent-v54 amplitude on every x/t leaf; sum integrated uppers and minimize lowers
leaf,PASS,2,32,0,28,0.857071074596784,0.8570771703818625,0.218775,0.22658125,9.504228175172037e-05,0.00039923009209641473,22.843904335461634,8.311142347095426,nan,1293.6834030000027,,,D=union_ij D_ij; evaluate the complete parent-v54 amplitude on every x/t leaf; sum integrated uppers and minimize lowers
leaf,PASS,2,32,0,29,0.857071074596784,0.8570771703818625,0.22658125,0.2343875,9.867772626246464e-05,0.0004175003855753941,22.792197484306325,6.3622738282760585,nan,1296.7904187999666,,,D=union_ij D_ij; evaluate the complete parent-v54 amplitude on every x/t leaf; sum integrated uppers and minimize lowers
leaf,PASS,2,32,0,30,0.857071074596784,0.8570771703818625,0.2343875,0.24219375,0.00010230927710384027,0.0004357310945671257,22.72598566736151,4.949490975022006,nan,1299.8941461999784,,,D=union_ij D_ij; evaluate the complete parent-v54 amplitude on every x/t leaf; sum integrated uppers and minimize lowers
leaf,PASS,2,32,0,31,0.857071074596784,0.8570771703818625,0.24219375,0.25,0.00010593730974476773,0.0004539262403303085,22.64782332270451,3.9067123484084854,nan,1302.9998217999819,,,D=union_ij D_ij; evaluate the complete parent-v54 amplitude on every x/t leaf; sum integrated uppers and minimize lowers
leaf,PASS,2,32,1,0,0.8570771703818625,0.8570832661669409,0.0002,0.00800625,0.0,8.267127567548662e-08,1.1558227773088012,542356349531.96326,nan,1954.834063199989,,,D=union_ij D_ij; evaluate the complete parent-v54 amplitude on every x/t leaf; sum integrated uppers and minimize lowers
leaf,PASS,2,32,1,1,0.8570771703818625,0.8570832661669409,0.00800625,0.0158125,0.0,8.381609604930825e-07,5.850456335188591,25066363.067213148,nan,2267.6841950999806,,,D=union_ij D_ij; evaluate the complete parent-v54 amplitude on every x/t leaf; sum integrated uppers and minimize lowers
leaf,PASS,2,32,1,2,0.8570771703818625,0.8570832661669409,0.0158125,0.023618749999999997,0.0,1.5783400954870366e-06,9.497694323835796,6650524265358902.0,nan,2473.125237899949,,,D=union_ij D_ij; evaluate the complete parent-v54 amplitude on every x/t leaf; sum integrated uppers and minimize lowers
leaf,PASS,2,32,1,3,0.8570771703818625,0.8570832661669409,0.023618749999999997,0.031425,0.0,6.612916840736104e-06,7.931965658938811,6186970605535.373,nan,2554.9913407999557,,,D=union_ij D_ij; evaluate the complete parent-v54 amplitude on every x/t leaf; sum integrated uppers and minimize lowers
leaf,PASS,2,32,1,4,0.8570771703818625,0.8570832661669409,0.031425,0.039231249999999995,0.0,1.0936655528174977e-05,3.4310353034894256,851809474.9679179,nan,2625.3944653999642,,,D=union_ij D_ij; evaluate the complete parent-v54 amplitude on every x/t leaf; sum integrated uppers and minimize lowers
leaf,PASS,2,32,1,5,0.8570771703818625,0.8570832661669409,0.039231249999999995,0.047037499999999996,4.202237289926036e-06,4.202237289926036e-06,1.432093385464566,9542055586.373722,nan,2653.4937241000007,,,D=union_ij D_ij; evaluate the complete parent-v54 amplitude on every x/t leaf; sum integrated uppers and minimize lowers
leaf,PASS,2,32,1,6,0.8570771703818625,0.8570832661669409,0.047037499999999996,0.05484375,9.607083039022122e-06,9.607083039022122e-06,2.116739895714977,21626349.405764647,nan,2681.1479040999548,,,D=union_ij D_ij; evaluate the complete parent-v54 amplitude on every x/t leaf; sum integrated uppers and minimize lowers
leaf,PASS,2,32,1,7,0.8570771703818625,0.8570832661669409,0.05484375,0.06265,1.4463562278935699e-05,1.4463562278935699e-05,2.591591502426302,839889.2042845441,nan,2706.7690869999933,,,D=union_ij D_ij; evaluate the complete parent-v54 amplitude on every x/t leaf; sum integrated uppers and minimize lowers
leaf,PASS,2,32,1,8,0.8570771703818625,0.8570832661669409,0.06265,0.07045625,1.8982290519217924e-05,1.4733515333164053e-06,1.078146132898848,30251417538.347305,nan,2714.020053299959,,,D=union_ij D_ij; evaluate the complete parent-v54 amplitude on every x/t leaf; sum integrated uppers and minimize lowers
leaf,PASS,2,32,1,9,0.8570771703818625,0.8570832661669409,0.07045625,0.0782625,2.3279023250954376e-05,2.3279023250954376e-05,3.0533215030202157,4108056.329726616,nan,2721.1612813999527,,,D=union_ij D_ij; evaluate the complete parent-v54 amplitude on every x/t leaf; sum integrated uppers and minimize lowers
leaf,PASS,2,32,1,10,0.8570771703818625,0.8570832661669409,0.0782625,0.08606875,2.7422494627832175e-05,2.7422494627832175e-05,10.51271961569118,260554.13292987988,nan,2724.5770056999754,,,D=union_ij D_ij; evaluate the complete parent-v54 amplitude on every x/t leaf; sum integrated uppers and minimize lowers
leaf,PASS,2,32,1,11,0.8570771703818625,0.8570832661669409,0.08606875,0.093875,3.145600358404742e-05,7.131628710258699e-05,13.011170790963074,730326623.5371617,nan,2727.9024406999815,,,D=union_ij D_ij; evaluate the complete parent-v54 amplitude on every x/t leaf; sum integrated uppers and minimize lowers
leaf,PASS,2,32,1,12,0.8570771703818625,0.8570832661669409,0.093875,0.10168125,3.540813046965688e-05,9.26982219394152e-05,14.865211392138612,935940.3188647975,nan,2731.206466799951,,,D=union_ij D_ij; evaluate the complete parent-v54 amplitude on every x/t leaf; sum integrated uppers and minimize lowers
leaf,PASS,2,32,1,13,0.8570771703818625,0.8570832661669409,0.10168125,0.1094875,3.929846817643888e-05,0.00011349792494499234,16.572361089370673,103469.91392064762,nan,2734.542264799995,,,D=union_ij D_ij; evaluate the complete parent-v54 amplitude on every x/t leaf; sum integrated uppers and minimize lowers
leaf,PASS,2,32,1,14,0.8570771703818625,0.8570832661669409,0.1094875,0.11729375,4.314087559924448e-05,0.00013384040404580526,18.014452354263856,22650.45844455654,nan,2737.8606093999697,,,D=union_ij D_ij; evaluate the complete parent-v54 amplitude on every x/t leaf; sum integrated uppers and minimize lowers
leaf,PASS,2,32,1,15,0.8570771703818625,0.8570832661669409,0.11729375,0.1251,4.6945409932018396e-05,0.00015381941247935267,19.18203678537014,6949.676453406588,nan,2741.246752499952,,,D=union_ij D_ij; evaluate the complete parent-v54 amplitude on every x/t leaf; sum integrated uppers and minimize lowers
leaf,PASS,2,32,1,16,0.8570771703818625,0.8570832661669409,0.1251,0.13290625,5.0719542743112904e-05,0.00017350409510190869,20.110595247067568,2634.8339228348455,nan,2745.4710493999883,,,D=union_ij D_ij; evaluate the complete parent-v54 amplitude on every x/t leaf; sum integrated uppers and minimize lowers
leaf,PASS,2,32,1,17,0.8570771703818625,0.8570832661669409,0.13290625,0.1407125,5.446814219403594e-05,0.00019294719046162204,20.84169517603837,1157.7034134962423,nan,2748.8638796999585,,,D=union_ij D_ij; evaluate the complete parent-v54 amplitude on every x/t leaf; sum integrated uppers and minimize lowers
leaf,PASS,2,32,1,18,0.8570771703818625,0.8570832661669409,0.1407125,0.14851875,5.8196441255208983e-05,0.00021218969045758284,21.41256277436064,567.6794661836847,nan,2753.1265709999716,,,D=union_ij D_ij; evaluate the complete parent-v54 amplitude on every x/t leaf; sum integrated uppers and minimize lowers
leaf,PASS,2,32,1,19,0.8570771703818625,0.8570832661669409,0.14851875,0.156325,6.190837511246911e-05,0.00023126387279016476,21.854046961717522,303.12072271366634,nan,2756.4133906999486,,,D=union_ij D_ij; evaluate the complete parent-v54 amplitude on every x/t leaf; sum integrated uppers and minimize lowers
leaf,PASS,2,32,1,20,0.8570771703818625,0.8570832661669409,0.156325,0.16413125,6.560673356810023e-05,0.00025019547088200514,22.191014944772046,173.282098756694,nan,2759.9584100999637,,,D=union_ij D_ij; evaluate the complete parent-v54 amplitude on every x/t leaf; sum integrated uppers and minimize lowers
leaf,PASS,2,32,1,21,0.8570771703818625,0.8570832661669409,0.16413125,0.1719375,6.929338341454426e-05,0.0002690052533209271,22.443329727342054,104.75279963255215,nan,2763.251851399953,,,D=union_ij D_ij; evaluate the complete parent-v54 amplitude on every x/t leaf; sum integrated uppers and minimize lowers
leaf,PASS,2,32,1,22,0.8570771703818625,0.8570832661669409,0.1719375,0.17974375,7.29698813574054e-05,0.0002877101574268402,22.626838260472294,66.34921459690251,nan,2766.568434899964,,,D=union_ij D_ij; evaluate the complete parent-v54 amplitude on every x/t leaf; sum integrated uppers and minimize lowers
leaf,PASS,2,32,1,23,0.8570771703818625,0.8570832661669409,0.17974375,0.18755,7.663753117615274e-05,0.00030632385370894555,22.754214950402584,43.718499242524906,nan,2769.8667723999824,,,D=union_ij D_ij; evaluate the complete parent-v54 amplitude on every x/t leaf; sum integrated uppers and minimize lowers
leaf,PASS,2,32,1,24,0.8570771703818625,0.8570832661669409,0.18755,0.19535625,8.029742997412984e-05,0.00032485818512570234,22.83563948362515,29.799412831850425,nan,2773.13466479996,,,D=union_ij D_ij; evaluate the complete parent-v54 amplitude on every x/t leaf; sum integrated uppers and minimize lowers
leaf,PASS,2,32,1,25,0.8570771703818625,0.8570832661669409,0.19535625,0.2031625,8.395050540995062e-05,0.0003433228522499432,22.87932845691068,20.917059736859756,nan,2776.3776972999913,,,D=union_ij D_ij; evaluate the complete parent-v54 amplitude on every x/t leaf; sum integrated uppers and minimize lowers
leaf,PASS,2,32,1,26,0.8570771703818625,0.8570832661669409,0.2031625,0.21096875,8.759754564527672e-05,0.00036172603928672685,22.891948407052897,15.064099210485201,nan,2779.624979299959,,,D=union_ij D_ij; evaluate the complete parent-v54 amplitude on every x/t leaf; sum integrated uppers and minimize lowers
leaf,PASS,2,32,1,27,0.8570771703818625,0.8570832661669409,0.21096875,0.218775,9.123922347423997e-05,0.00038007467318331404,22.878936107912764,11.097941666705209,nan,2782.8778939999756,,,D=union_ij D_ij; evaluate the complete parent-v54 amplitude on every x/t leaf; sum integrated uppers and minimize lowers
leaf,PASS,2,32,1,28,0.8570771703818625,0.8570832661669409,0.218775,0.22658125,9.487605044209168e-05,0.0003983743793213084,22.844747048699272,8.34362131729045,nan,2786.156655300001,,,D=union_ij D_ij; evaluate the complete parent-v54 amplitude on every x/t leaf; sum integrated uppers and minimize lowers
leaf,PASS,2,32,1,29,0.8570771703818625,0.8570832661669409,0.22658125,0.2343875,9.850858198404234e-05,0.00041662996526395856,22.79305011941647,6.386399982616072,nan,2789.4125021999935,,,D=union_ij D_ij; evaluate the complete parent-v54 amplitude on every x/t leaf; sum integrated uppers and minimize lowers
leaf,PASS,2,32,1,30,0.8570771703818625,0.8570832661669409,0.2343875,0.24219375,0.00010213725512478075,0.0004348462246504308,22.726846363609692,4.967732932801997,nan,2792.6363092999673,,,D=union_ij D_ij; evaluate the complete parent-v54 amplitude on every x/t leaf; sum integrated uppers and minimize lowers
leaf,PASS,2,32,1,31,0.8570771703818625,0.8570832661669409,0.24219375,0.25,0.00010576244471903195,0.00045302716586744955,22.64869039172973,3.9207262625588366,nan,2795.87961189996,,,D=union_ij D_ij; evaluate the complete parent-v54 amplitude on every x/t leaf; sum integrated uppers and minimize lowers
schedule,SELECTED,2,32,-1,-1,0.857071074596784,0.8570832661669409,0.0002,0.25,0.0,8.267127567548662e-08,1.078146132898848,1.3570831074929988e+16,4.235164736271502e-22,2795.8858047999674,,,D=union_ij D_ij; evaluate the complete parent-v54 amplitude on every x/t leaf; sum integrated uppers and minimize lowers
leaf,PASS,2,32,0,0,0.8570832661669409,0.8570954577370977,0.0002,0.01581875,0.0,3.145292508279949e-08,0.1564892612253656,1315019613.577729,nan,686.3441976000322,,,D=union_ij D_ij; evaluate the complete parent-v54 amplitude on every x/t leaf; sum integrated uppers and minimize lowers
leaf,PASS,2,32,0,1,0.8570832661669409,0.8570954577370977,0.01581875,0.0314375,0.0,3.9160299813973115e-06,4.718859009136495,40634340.81886824,nan,873.6146039000014,,,D=union_ij D_ij; evaluate the complete parent-v54 amplitude on every x/t leaf; sum integrated uppers and minimize lowers
leaf,PASS,2,32,0,2,0.8570832661669409,0.8570954577370977,0.0314375,0.04705625,0.0,4.052068445160444e-06,3.3959411951577665,1253447355517638.0,nan,1100.862934600038,,,D=union_ij D_ij; evaluate the complete parent-v54 amplitude on every x/t leaf; sum integrated uppers and minimize lowers
leaf,PASS,2,32,0,3,0.8570832661669409,0.8570954577370977,0.04705625,0.06267500000000001,0.0,1.4292359662051784e-05,5.845402347076661,4803423879766.912,nan,1195.0950048000086,,,D=union_ij D_ij; evaluate the complete parent-v54 amplitude on every x/t leaf; sum integrated uppers and minimize lowers
leaf,PASS,2,32,0,4,0.8570832661669409,0.8570954577370977,0.06267500000000001,0.07829375000000001,0.0,2.3089340003231e-05,4.66522930989949,5965577698.295718,nan,1252.7814201000147,,,D=union_ij D_ij; evaluate the complete parent-v54 amplitude on every x/t leaf; sum integrated uppers and minimize lowers
leaf,PASS,2,32,0,5,0.8570832661669409,0.8570954577370977,0.07829375000000001,0.09391250000000001,9.667891534475233e-06,9.667891534475233e-06,0.9894438543029173,6912628484.205916,nan,1285.2165418000077,,,D=union_ij D_ij; evaluate the complete parent-v54 amplitude on every x/t leaf; sum integrated uppers and minimize lowers
leaf,PASS,2,32,0,6,0.8570832661669409,0.8570954577370977,0.09391250000000001,0.10953125000000001,2.0595136524584994e-05,2.0595136524584994e-05,1.4722347777137734,34813847.579346865,nan,1315.3699795000139,,,D=union_ij D_ij; evaluate the complete parent-v54 amplitude on every x/t leaf; sum integrated uppers and minimize lowers
leaf,PASS,2,32,0,7,0.8570832661669409,0.8570954577370977,0.10953125000000001,0.12515,3.041893868837103e-05,3.041893868837103e-05,1.8088868408200287,33814660.04090249,nan,1327.6699505000142,,,D=union_ij D_ij; evaluate the complete parent-v54 amplitude on every x/t leaf; sum integrated uppers and minimize lowers
leaf,PASS,2,32,0,8,0.8570832661669409,0.8570954577370977,0.12515,0.14076875000000003,3.9559467701056715e-05,7.808233737785168e-06,0.472969989699328,15862308011.100317,nan,1336.0430928000133,,,D=union_ij D_ij; evaluate the complete parent-v54 amplitude on every x/t leaf; sum integrated uppers and minimize lowers
leaf,PASS,2,32,0,9,0.8570832661669409,0.8570954577370977,0.14076875000000003,0.1563875,4.824822571506412e-05,4.824822571506412e-05,4.476529194728248,8833642.026895555,nan,1342.1078245000099,,,D=union_ij D_ij; evaluate the complete parent-v54 amplitude on every x/t leaf; sum integrated uppers and minimize lowers
leaf,PASS,2,32,0,10,0.8570832661669409,0.8570954577370977,0.1563875,0.17200625,5.662307881312933e-05,5.662307881312933e-05,7.090980563598298,599275.0482777992,nan,1346.747061000031,,,D=union_ij D_ij; evaluate the complete parent-v54 amplitude on every x/t leaf; sum integrated uppers and minimize lowers
leaf,PASS,2,32,0,11,0.8570832661669409,0.8570954577370977,0.17200625,0.18762500000000001,6.477114982520757e-05,0.00014674271663630515,8.860993454545808,214441175.2886822,nan,1351.0858771000057,,,D=union_ij D_ij; evaluate the complete parent-v54 amplitude on every x/t leaf; sum integrated uppers and minimize lowers
leaf,PASS,2,32,0,12,0.8570832661669409,0.8570954577370977,0.18762500000000001,0.20324375000000003,7.275013568916979e-05,0.00018929880279040258,10.2618179942913,1944379.9840585487,nan,1355.479560000007,,,D=union_ij D_ij; evaluate the complete parent-v54 amplitude on every x/t leaf; sum integrated uppers and minimize lowers
leaf,PASS,2,32,0,13,0.8570832661669409,0.8570954577370977,0.20324375000000003,0.21886250000000002,8.059972457762473e-05,0.0002306913101731219,11.540928959259425,242460.70570582055,nan,1361.0412613000371,,,D=union_ij D_ij; evaluate the complete parent-v54 amplitude on every x/t leaf; sum integrated uppers and minimize lowers
leaf,PASS,2,32,0,14,0.8570832661669409,0.8570954577370977,0.21886250000000002,0.23448125,8.834808802420952e-05,0.0002711645515332771,12.601877733283391,55969.86845696147,nan,1365.3639670999837,,,D=union_ij D_ij; evaluate the complete parent-v54 amplitude on every x/t leaf; sum integrated uppers and minimize lowers
leaf,PASS,2,32,0,15,0.8570832661669409,0.8570954577370977,0.23448125,0.2501,9.601572688720803e-05,0.0003109017585238154,13.452642392890928,17775.623644071766,nan,1370.0287341999938,,,D=union_ij D_ij; evaluate the complete parent-v54 amplitude on every x/t leaf; sum integrated uppers and minimize lowers
leaf,PASS,2,32,0,16,0.8570832661669409,0.8570954577370977,0.2501,0.26571875,0.0001036171036183666,0.0003500403440371755,14.125516637973023,6918.165152989101,nan,1374.6522494000383,,,D=union_ij D_ij; evaluate the complete parent-v54 amplitude on every x/t leaf; sum integrated uppers and minimize lowers
leaf,PASS,2,32,0,17,0.8570832661669409,0.8570954577370977,0.26571875,0.2813375,0.00011116317137638726,0.0003886844564735599,14.65357596536384,3107.1946423698278,nan,1378.9947384999832,,,D=union_ij D_ij; evaluate the complete parent-v54 amplitude on every x/t leaf; sum integrated uppers and minimize lowers
leaf,PASS,2,32,0,18,0.8570832661669409,0.8570954577370977,0.2813375,0.29695625,0.00011866482533478442,0.00042691536227684057,15.065141121858014,1553.3913201783616,nan,1383.7219111000304,,,D=union_ij D_ij; evaluate the complete parent-v54 amplitude on every x/t leaf; sum integrated uppers and minimize lowers
leaf,PASS,2,32,0,19,0.8570832661669409,0.8570954577370977,0.29695625,0.312575,0.00012612911300072482,0.00046479731706740524,15.383167597736444,844.1851952096293,nan,1402.1282721000025,,,D=union_ij D_ij; evaluate the complete parent-v54 amplitude on every x/t leaf; sum integrated uppers and minimize lowers
leaf,PASS,2,32,0,20,0.8570832661669409,0.8570954577370977,0.312575,0.32819375,0.0001335615885558808,0.000502381652491184,15.62592159886868,490.5342638565156,nan,1412.6861581000267,,,D=union_ij D_ij; evaluate the complete parent-v54 amplitude on every x/t leaf; sum integrated uppers and minimize lowers
leaf,PASS,2,32,0,21,0.8570832661669409,0.8570954577370977,0.32819375,0.34381249999999997,0.00014096672357000788,0.0005397099242608838,15.807872671623581,301.33009353087283,nan,1417.2416561000282,,,D=union_ij D_ij; evaluate the complete parent-v54 amplitude on every x/t leaf; sum integrated uppers and minimize lowers
leaf,PASS,2,32,0,22,0.8570832661669409,0.8570954577370977,0.34381249999999997,0.35943125,0.00014834815661002695,0.0005768161260273487,15.94049938404685,193.90067866897814,nan,1422.3411402000347,,,D=union_ij D_ij; evaluate the complete parent-v54 amplitude on every x/t leaf; sum integrated uppers and minimize lowers
leaf,PASS,2,32,0,23,0.8570832661669409,0.8570954577370977,0.35943125,0.37505,0.00015570887710589522,0.00061372832877552,16.03294508112726,129.7255634010097,nan,1427.23716650001,,,D=union_ij D_ij; evaluate the complete parent-v54 amplitude on every x/t leaf; sum integrated uppers and minimize lowers
leaf,PASS,2,32,0,24,0.8570832661669409,0.8570954577370977,0.37505,0.39066875,0.00016305136278134082,0.0006504699123031238,16.092531216553176,89.73516560112752,nan,1432.6876640000264,,,D=union_ij D_ij; evaluate the complete parent-v54 amplitude on every x/t leaf; sum integrated uppers and minimize lowers
leaf,PASS,2,32,0,25,0.8570832661669409,0.8570954577370977,0.39066875,0.4062875,0.00017037768374620488,0.0006870605023477803,16.125153826626818,63.89314205123739,nan,1437.4212381000398,,,D=union_ij D_ij; evaluate the complete parent-v54 amplitude on every x/t leaf; sum integrated uppers and minimize lowers
leaf,PASS,2,32,0,26,0.8570832661669409,0.8570954577370977,0.4062875,0.42190625,0.0001776895822950023,0.0007235166837130955,16.135588196947367,46.657235279000304,nan,1441.9007526999922,,,D=union_ij D_ij; evaluate the complete parent-v54 amplitude on every x/t leaf; sum integrated uppers and minimize lowers
leaf,PASS,2,32,0,27,0.8570832661669409,0.8570954577370977,0.42190625,0.437525,0.00018498853476086707,0.0007598525041631605,16.127723321592445,34.83768979385778,nan,1446.7122631000238,,,D=union_ij D_ij; evaluate the complete parent-v54 amplitude on every x/t leaf; sum integrated uppers and minimize lowers
leaf,PASS,2,32,0,28,0.8570832661669409,0.8570954577370977,0.437525,0.45314375,0.00019227579994898105,0.0007960801491469871,16.10474320883633,26.530977377466527,nan,1452.7712243000278,,,D=union_ij D_ij; evaluate the complete parent-v54 amplitude on every x/t leaf; sum integrated uppers and minimize lowers
leaf,PASS,2,32,0,29,0.8570832661669409,0.8570954577370977,0.45314375,0.46876249999999997,0.0001995524572455555,0.0008322100053242467,16.069265322952912,20.564304530173708,nan,1457.2938280000235,,,D=union_ij D_ij; evaluate the complete parent-v54 amplitude on every x/t leaf; sum integrated uppers and minimize lowers
leaf,PASS,2,32,0,30,0.8570832661669409,0.8570954577370977,0.46876249999999997,0.48438125,0.00020681943447099392,0.0008682506135008752,16.023418272020194,16.194101295537568,nan,1462.9148236000328,,,D=union_ij D_ij; evaluate the complete parent-v54 amplitude on every x/t leaf; sum integrated uppers and minimize lowers
leaf,PASS,2,32,0,31,0.8570832661669409,0.8570954577370977,0.48438125,0.5,0.00021407754175427907,0.0009042093856336301,15.969042131117199,12.935461498381267,nan,1467.9689030000009,,,D=union_ij D_ij; evaluate the complete parent-v54 amplitude on every x/t leaf; sum integrated uppers and minimize lowers
leaf,FAIL,2,32,1,0,0.8570954577370977,0.8571076493072545,0.0002,0.01581875,nan,nan,nan,nan,nan,1553.0153860999853,IntervalSingularity,interval denominator reaches zero: away_arc_left_K5:s1:c0:left1:edge_2_1_3:stable_edge,D=union_ij D_ij; evaluate the complete parent-v54 amplitude on every x/t leaf; sum integrated uppers and minimize lowers
schedule,FAIL,2,32,-1,-1,0.8570832661669409,0.8571076493072545,0.0002,0.5,nan,nan,nan,nan,nan,1553.015396200004,IntervalSingularity,interval denominator reaches zero: away_arc_left_K5:s1:c0:left1:edge_2_1_3:stable_edge,D=union_ij D_ij; evaluate the complete parent-v54 amplitude on every x/t leaf; sum integrated uppers and minimize lowers
leaf,PASS,4,32,0,0,0.8570832661669409,0.8570893619520192,0.0002,0.01581875,0.0,5.99551344656468e-08,0.9297219526795626,692945974690.308,nan,712.72737649997,,,D=union_ij D_ij; evaluate the complete parent-v54 amplitude on every x/t leaf; sum integrated uppers and minimize lowers
leaf,PASS,4,32,0,1,0.8570832661669409,0.8570893619520192,0.01581875,0.0314375,0.0,3.363767364272178e-07,4.831668146424649,585539574.8247167,nan,936.4097194999922,,,D=union_ij D_ij; evaluate the complete parent-v54 amplitude on every x/t leaf; sum integrated uppers and minimize lowers
leaf,PASS,4,32,0,2,0.8570832661669409,0.8570893619520192,0.0314375,0.04705625,0.0,4.135224847573099e-06,3.433098428147449,432795742346368.9,nan,1158.7570229999837,,,D=union_ij D_ij; evaluate the complete parent-v54 amplitude on every x/t leaf; sum integrated uppers and minimize lowers
leaf,PASS,4,32,0,3,0.8570832661669409,0.8570893619520192,0.04705625,0.06267500000000001,0.0,1.4386977411509458e-05,5.846600935581062,2065068798501.6794,nan,1254.2253850999987,,,D=union_ij D_ij; evaluate the complete parent-v54 amplitude on every x/t leaf; sum integrated uppers and minimize lowers
leaf,PASS,4,32,0,4,0.8570832661669409,0.8570893619520192,0.06267500000000001,0.07829375000000001,0.0,2.319430284017355e-05,4.670999321690956,2536151825.792584,nan,1303.260630899982,,,D=union_ij D_ij; evaluate the complete parent-v54 amplitude on every x/t leaf; sum integrated uppers and minimize lowers
leaf,PASS,4,32,0,5,0.8570832661669409,0.8570893619520192,0.07829375000000001,0.09391250000000001,9.788335221044125e-06,9.788335221044125e-06,0.9978842570201106,3035516834.1298614,nan,1340.3957616999978,,,D=union_ij D_ij; evaluate the complete parent-v54 amplitude on every x/t leaf; sum integrated uppers and minimize lowers
leaf,PASS,4,32,0,6,0.8570832661669409,0.8570893619520192,0.09391250000000001,0.10953125000000001,2.0723680293347772e-05,2.0723680293347772e-05,1.4810647148127771,15815034.681583053,nan,1372.230362000002,,,D=union_ij D_ij; evaluate the complete parent-v54 amplitude on every x/t leaf; sum integrated uppers and minimize lowers
leaf,PASS,4,32,0,7,0.8570832661669409,0.8570893619520192,0.10953125000000001,0.12515,3.0555181809384186e-05,3.0555181809384186e-05,1.817228975649205,13036191.142245686,nan,1386.8834501999663,,,D=union_ij D_ij; evaluate the complete parent-v54 amplitude on every x/t leaf; sum integrated uppers and minimize lowers
leaf,PASS,4,32,0,8,0.8570832661669409,0.8570893619520192,0.12515,0.14076875000000003,3.9703037183682514e-05,1.1151663952000105e-05,0.5934915633798001,2867777505.344336,nan,1395.463527999993,,,D=union_ij D_ij; evaluate the complete parent-v54 amplitude on every x/t leaf; sum integrated uppers and minimize lowers
leaf,PASS,4,32,0,9,0.8570832661669409,0.8570893619520192,0.14076875000000003,0.1563875,4.839878424307902e-05,4.839878424307902e-05,4.569906930225396,3560823.6629264117,nan,1399.5335504999966,,,D=union_ij D_ij; evaluate the complete parent-v54 amplitude on every x/t leaf; sum integrated uppers and minimize lowers
leaf,PASS,4,32,0,10,0.8570832661669409,0.8570893619520192,0.1563875,0.17200625,5.678032360889929e-05,5.678032360889929e-05,7.166304788416125,256889.92769324355,nan,1403.6702793999575,,,D=union_ij D_ij; evaluate the complete parent-v54 amplitude on every x/t leaf; sum integrated uppers and minimize lowers
leaf,PASS,4,32,0,11,0.8570832661669409,0.8570893619520192,0.17200625,0.18762500000000001,6.493480903683255e-05,0.00015057425034721526,8.923621513509739,68168451.89490451,nan,1407.8443452999927,,,D=union_ij D_ij; evaluate the complete parent-v54 amplitude on every x/t leaf; sum integrated uppers and minimize lowers
leaf,PASS,4,32,0,12,0.8570832661669409,0.8570893619520192,0.18762500000000001,0.20324375000000003,7.291996441970989e-05,0.00019330447460006635,10.339222675390685,820743.4383558406,nan,1411.6830261999858,,,D=union_ij D_ij; evaluate the complete parent-v54 amplitude on every x/t leaf; sum integrated uppers and minimize lowers
leaf,PASS,4,32,0,13,0.8570832661669409,0.8570893619520192,0.20324375000000003,0.21886250000000002,8.077550122582059e-05,0.00023487469201814213,11.623120855459494,105622.65611782407,nan,1415.6949463000055,,,D=union_ij D_ij; evaluate the complete parent-v54 amplitude on every x/t leaf; sum integrated uppers and minimize lowers
leaf,PASS,4,32,0,14,0.8570832661669409,0.8570893619520192,0.21886250000000002,0.23448125,8.852961110792142e-05,0.00027552839309533074,12.68313439699838,24729.409963415856,nan,1419.621437099995,,,D=union_ij D_ij; evaluate the complete parent-v54 amplitude on every x/t leaf; sum integrated uppers and minimize lowers
leaf,PASS,4,32,0,15,0.8570832661669409,0.8570893619520192,0.23448125,0.2501,9.620281224446406e-05,0.0003154483912459332,13.53090265047012,7920.45120570765,nan,1423.681812499999,,,D=union_ij D_ij; evaluate the complete parent-v54 amplitude on every x/t leaf; sum integrated uppers and minimize lowers
leaf,PASS,4,32,0,16,0.8570832661669409,0.8570893619520192,0.2501,0.26571875,0.00010380940199240048,0.00035477156933795486,14.20011261248236,3100.2355921821872,nan,1427.5408755000099,,,D=union_ij D_ij; evaluate the complete parent-v54 amplitude on every x/t leaf; sum integrated uppers and minimize lowers
leaf,PASS,4,32,0,17,0.8570832661669409,0.8570893619520192,0.26571875,0.2813375,0.00011136070254606672,0.000393601814647878,14.724404138387579,1398.2002459520704,nan,1431.5429595999885,,,D=union_ij D_ij; evaluate the complete parent-v54 amplitude on every x/t leaf; sum integrated uppers and minimize lowers
leaf,PASS,4,32,0,18,0.8570832661669409,0.8570893619520192,0.2813375,0.29695625,0.00011886746098638471,0.000432020102499041,15.132329773316155,701.2034306578545,nan,1435.3759712000028,,,D=union_ij D_ij; evaluate the complete parent-v54 amplitude on every x/t leaf; sum integrated uppers and minimize lowers
leaf,PASS,4,32,0,19,0.8570832661669409,0.8570893619520192,0.29695625,0.312575,0.00012633671832562585,0.00047009042470278856,15.446935217399114,382.0054910959014,nan,1439.3676125999773,,,D=union_ij D_ij; evaluate the complete parent-v54 amplitude on every x/t leaf; sum integrated uppers and minimize lowers
leaf,PASS,4,32,0,20,0.8570832661669409,0.8570893619520192,0.312575,0.32819375,0.00013377403804526564,0.0005078639471291709,15.686514432396889,222.41209816105007,nan,1443.7443280000007,,,D=union_ij D_ij; evaluate the complete parent-v54 amplitude on every x/t leaf; sum integrated uppers and minimize lowers
leaf,PASS,4,32,0,21,0.8570832661669409,0.8570893619520192,0.32819375,0.34381249999999997,0.00014118389999804472,0.0005453820909025325,15.86553632892538,136.91337565710992,nan,1447.6811777999974,,,D=union_ij D_ij; evaluate the complete parent-v54 amplitude on every x/t leaf; sum integrated uppers and minimize lowers
leaf,PASS,4,32,0,22,0.8570832661669409,0.8570893619520192,0.34381249999999997,0.35943125,0.00014856995016321661,0.0005826787393950741,15.995466499410236,88.22118926962358,nan,1451.6358698999975,,,D=union_ij D_ij; evaluate the complete parent-v54 amplitude on every x/t leaf; sum integrated uppers and minimize lowers
leaf,PASS,4,32,0,23,0.8570832661669409,0.8570893619520192,0.35943125,0.37505,0.00015593518463331385,0.0006197818725016606,16.085430276117158,59.08974275194311,nan,1455.6252852999605,,,D=union_ij D_ij; evaluate the complete parent-v54 amplitude on every x/t leaf; sum integrated uppers and minimize lowers
leaf,PASS,4,32,0,24,0.8570832661669409,0.8570893619520192,0.37505,0.39066875,0.00016328208714547313,0.0006567147942325467,16.142730017726176,40.9136752424219,nan,1459.8616786999628,,,D=union_ij D_ij; evaluate the complete parent-v54 amplitude on every x/t leaf; sum integrated uppers and minimize lowers
leaf,PASS,4,32,0,25,0.8570832661669409,0.8570893619520192,0.39066875,0.4062875,0.00017061273325796864,0.000693497066855804,16.173243191125096,29.155455183189417,nan,1464.2174945999868,,,D=union_ij D_ij; evaluate the complete parent-v54 amplitude on every x/t leaf; sum integrated uppers and minimize lowers
leaf,PASS,4,32,0,26,0.8570832661669409,0.8570893619520192,0.4062875,0.42190625,0.00017792887021964414,0.0007301452088728564,16.181727790327272,21.305688149663673,nan,1468.3559578999993,,,D=union_ij D_ij; evaluate the complete parent-v54 amplitude on every x/t leaf; sum integrated uppers and minimize lowers
leaf,PASS,4,32,0,27,0.8570832661669409,0.8570893619520192,0.42190625,0.437525,0.0001852319788838485,0.0007666732496291616,16.172057103197435,15.918287999546285,nan,1472.2791662999662,,,D=union_ij D_ij; evaluate the complete parent-v54 amplitude on every x/t leaf; sum integrated uppers and minimize lowers
leaf,PASS,4,32,0,28,0.8570832661669409,0.8570893619520192,0.437525,0.45314375,0.00019252332219291495,0.0008030933219088499,16.147401008661973,12.12937843460182,nan,1476.36478850001,,,D=union_ij D_ij; evaluate the complete parent-v54 amplitude on every x/t leaf; sum integrated uppers and minimize lowers
leaf,PASS,4,32,0,29,0.8570832661669409,0.8570893619520192,0.45314375,0.46876249999999997,0.0001998039833107218,0.0008394157765993279,16.11036411622008,9.406100249900556,nan,1480.565033199964,,,D=union_ij D_ij; evaluate the complete parent-v54 amplitude on every x/t leaf; sum integrated uppers and minimize lowers
leaf,PASS,4,32,0,30,0.8570832661669409,0.8570893619520192,0.46876249999999997,0.48438125,0.00020707489363334464,0.0008756491438443961,16.06306467373707,7.410299871112519,nan,1485.371461600007,,,D=union_ij D_ij; evaluate the complete parent-v54 amplitude on every x/t leaf; sum integrated uppers and minimize lowers
leaf,PASS,4,32,0,31,0.8570832661669409,0.8570893619520192,0.48438125,0.5,0.00021433686645488872,0.0009118005511445759,16.007332267425276,5.92139388193017,nan,1490.853309499973,,,D=union_ij D_ij; evaluate the complete parent-v54 amplitude on every x/t leaf; sum integrated uppers and minimize lowers
leaf,PASS,4,32,1,0,0.8570893619520192,0.8570954577370977,0.0002,0.01581875,0.0,3.1600835691530354e-08,0.8552788478406035,938528657789.3221,nan,2094.436216400005,,,D=union_ij D_ij; evaluate the complete parent-v54 amplitude on every x/t leaf; sum integrated uppers and minimize lowers
leaf,PASS,4,32,1,1,0.8570893619520192,0.8570954577370977,0.01581875,0.0314375,0.0,1.01739574024763e-07,4.831482350430983,6326123304.02226,nan,2258.806369500002,,,D=union_ij D_ij; evaluate the complete parent-v54 amplitude on every x/t leaf; sum integrated uppers and minimize lowers
leaf,PASS,4,32,1,2,0.8570893619520192,0.8570954577370977,0.0314375,0.04705625,0.0,4.066005344969158e-06,3.4323149471481815,439072029927554.94,nan,2445.6276267999783,,,D=union_ij D_ij; evaluate the complete parent-v54 amplitude on every x/t leaf; sum integrated uppers and minimize lowers
leaf,PASS,4,32,1,3,0.8570893619520192,0.8570954577370977,0.04705625,0.06267500000000001,0.0,1.4303993877427356e-05,5.846318179698587,2099507483477.8206,nan,2525.246630999958,,,D=union_ij D_ij; evaluate the complete parent-v54 amplitude on every x/t leaf; sum integrated uppers and minimize lowers
leaf,PASS,4,32,1,4,0.8570893619520192,0.8570954577370977,0.06267500000000001,0.07829375000000001,0.0,2.3099577893274843e-05,4.670709555277408,2571631209.8636675,nan,2564.8502503999625,,,D=union_ij D_ij; evaluate the complete parent-v54 amplitude on every x/t leaf; sum integrated uppers and minimize lowers
leaf,PASS,4,32,1,5,0.8570893619520192,0.8570954577370977,0.07829375000000001,0.09391250000000001,9.688494395896922e-06,9.688494395896922e-06,0.9977891795807164,3155545302.768203,nan,2592.51847239997,,,D=union_ij D_ij; evaluate the complete parent-v54 amplitude on every x/t leaf; sum integrated uppers and minimize lowers
leaf,PASS,4,32,1,6,0.8570893619520192,0.8570954577370977,0.09391250000000001,0.10953125000000001,2.061387617010757e-05,2.061387617010757e-05,1.4809644366039374,16116838.84234678,nan,2617.811675200006,,,D=union_ij D_ij; evaluate the complete parent-v54 amplitude on every x/t leaf; sum integrated uppers and minimize lowers
leaf,PASS,4,32,1,7,0.8570893619520192,0.8570954577370977,0.10953125000000001,0.12515,3.043628056910854e-05,3.043628056910854e-05,1.8171248724764484,13224505.121058268,nan,2628.6244647999993,,,D=union_ij D_ij; evaluate the complete parent-v54 amplitude on every x/t leaf; sum integrated uppers and minimize lowers
leaf,PASS,4,32,1,8,0.8570893619520192,0.8570954577370977,0.12515,0.14076875000000003,3.9575713121517e-05,1.0484585709631423e-05,0.5924852841950188,3261734651.908192,nan,2635.6346330000088,,,D=union_ij D_ij; evaluate the complete parent-v54 amplitude on every x/t leaf; sum integrated uppers and minimize lowers
leaf,PASS,4,32,1,9,0.8570893619520192,0.8570954577370977,0.14076875000000003,0.1563875,4.826358235246588e-05,4.826358235246588e-05,4.569339640839916,3656128.184543683,nan,2639.034999799973,,,D=union_ij D_ij; evaluate the complete parent-v54 amplitude on every x/t leaf; sum integrated uppers and minimize lowers
leaf,PASS,4,32,1,10,0.8570893619520192,0.8570954577370977,0.1563875,0.17200625,5.6637696699512175e-05,5.6637696699512175e-05,7.166025075963679,261117.243380202,nan,2642.4526826000074,,,D=union_ij D_ij; evaluate the complete parent-v54 amplitude on every x/t leaf; sum integrated uppers and minimize lowers
leaf,PASS,4,32,1,11,0.8570893619520192,0.8570954577370977,0.17200625,0.18762500000000001,6.478514138046792e-05,0.00014980099375504056,8.923539279237298,68866199.74517784,nan,2645.7993545999634,,,D=union_ij D_ij; evaluate the complete parent-v54 amplitude on every x/t leaf; sum integrated uppers and minimize lowers
leaf,PASS,4,32,1,12,0.8570893619520192,0.8570954577370977,0.18762500000000001,0.20324375000000003,7.276358764627948e-05,0.00019249903482177743,10.339220432866929,827493.9645384551,nan,2649.0460321999853,,,D=union_ij D_ij; evaluate the complete parent-v54 amplitude on every x/t leaf; sum integrated uppers and minimize lowers
leaf,PASS,4,32,1,13,0.8570893619520192,0.8570954577370977,0.20324375000000003,0.21886250000000002,8.061270546863207e-05,0.00023403835879881184,11.623221849494124,106350.91773621674,nan,2652.3347832,,,D=union_ij D_ij; evaluate the complete parent-v54 amplitude on every x/t leaf; sum integrated uppers and minimize lowers
leaf,PASS,4,32,1,14,0.8570893619520192,0.8570954577370977,0.21886250000000002,0.23448125,8.836065308699601e-05,0.00027466231862665805,12.68333310424019,24878.17569098822,nan,2655.5452910999884,,,D=union_ij D_ij; evaluate the complete parent-v54 amplitude on every x/t leaf; sum integrated uppers and minimize lowers
leaf,PASS,4,32,1,15,0.8570893619520192,0.8570954577370977,0.23448125,0.2501,9.602792133134789e-05,0.0003145536135641015,13.53118453962528,7963.210485263512,nan,2658.7680858999956,,,D=union_ij D_ij; evaluate the complete parent-v54 amplitude on every x/t leaf; sum integrated uppers and minimize lowers
leaf,PASS,4,32,1,16,0.8570893619520192,0.8570954577370977,0.2501,0.26571875,0.00010362885421353467,0.00035384902987443544,14.200463111917484,3115.501279787276,nan,2661.996759600006,,,D=union_ij D_ij; evaluate the complete parent-v54 amplitude on every x/t leaf; sum integrated uppers and minimize lowers
leaf,PASS,4,32,1,17,0.8570893619520192,0.8570954577370977,0.26571875,0.2813375,0.00011117461803173235,0.0003926523725837026,14.724810688381972,1404.55658618886,nan,2665.2443675000104,,,D=union_ij D_ij; evaluate the complete parent-v54 amplitude on every x/t leaf; sum integrated uppers and minimize lowers
leaf,PASS,4,32,1,18,0.8570893619520192,0.8570954577370977,0.2813375,0.29695625,0.00011867600444831738,0.0004310445461760975,15.132782025754501,704.1745664711759,nan,2668.4862523999764,,,D=union_ij D_ij; evaluate the complete parent-v54 amplitude on every x/t leaf; sum integrated uppers and minimize lowers
leaf,PASS,4,32,1,19,0.8570893619520192,0.8570954577370977,0.29695625,0.312575,0.00012614004708571253,0.00046908948098432464,15.447424763933506,383.52541406402105,nan,2671.7596300999867,,,D=union_ij D_ij; evaluate the complete parent-v54 amplitude on every x/t leaf; sum integrated uppers and minimize lowers
leaf,PASS,4,32,1,20,0.8570893619520192,0.8570954577370977,0.312575,0.32819375,0.00013357229713756744,0.0005068382890875914,15.687034456936448,223.24790464476033,nan,2674.9913687999942,,,D=union_ij D_ij; evaluate the complete parent-v54 amplitude on every x/t leaf; sum integrated uppers and minimize lowers
leaf,PASS,4,32,1,21,0.8570893619520192,0.8570954577370977,0.32819375,0.34381249999999997,0.0001409772237113668,0.0005443323442225475,15.866081290582402,137.24190235372245,nan,2678.2416330999695,,,D=union_ij D_ij; evaluate the complete parent-v54 amplitude on every x/t leaf; sum integrated uppers and minimize lowers
leaf,PASS,4,32,1,22,0.8570893619520192,0.8570954577370977,0.34381249999999997,0.35943125,0.00014835846332452105,0.0005816054877582512,15.996031877045887,88.4115900150155,nan,2681.465836999996,,,D=union_ij D_ij; evaluate the complete parent-v54 amplitude on every x/t leaf; sum integrated uppers and minimize lowers
leaf,PASS,4,32,1,23,0.8570893619520192,0.8570954577370977,0.35943125,0.37505,0.00015571900368552236,0.0006186856621497991,16.08601235785978,59.208403579828406,nan,2684.730717999977,,,D=union_ij D_ij; evaluate the complete parent-v54 amplitude on every x/t leaf; sum integrated uppers and minimize lowers
leaf,PASS,4,32,1,24,0.8570893619520192,0.8570954577370977,0.37505,0.39066875,0.00016306132106025368,0.0006555961378643117,16.143325740406485,40.99095290872739,nan,2688.0198929999606,,,D=union_ij D_ij; evaluate the complete parent-v54 amplitude on every x/t leaf; sum integrated uppers and minimize lowers
leaf,PASS,4,32,1,25,0.8570893619520192,0.8570954577370977,0.39066875,0.4062875,0.00017038748431469854,0.0006923564469769638,16.17385001346007,29.20744448667356,nan,2691.241690499999,,,D=union_ij D_ij; evaluate the complete parent-v54 amplitude on every x/t leaf; sum integrated uppers and minimize lowers
leaf,PASS,4,32,1,26,0.8570893619520192,0.8570954577370977,0.4062875,0.42190625,0.00017769923467481479,0.0007289830806698494,16.182343593389064,21.341675275324313,nan,2694.490997099958,,,D=union_ij D_ij; evaluate the complete parent-v54 amplitude on every x/t leaf; sum integrated uppers and minimize lowers
leaf,PASS,4,32,1,27,0.8570893619520192,0.8570954577370977,0.42190625,0.437525,0.00018499804754999884,0.0007654900435671321,16.17268011200938,15.943820198748245,nan,2697.781006300007,,,D=union_ij D_ij; evaluate the complete parent-v54 amplitude on every x/t leaf; sum integrated uppers and minimize lowers
leaf,PASS,4,32,1,28,0.8570893619520192,0.8570954577370977,0.437525,0.45314375,0.00019228518094226133,0.0008018894458626949,16.148029729971505,12.14791257233621,nan,2701.059534400003,,,D=union_ij D_ij; evaluate the complete parent-v54 amplitude on every x/t leaf; sum integrated uppers and minimize lowers
leaf,PASS,4,32,1,29,0.8570893619520192,0.8570954577370977,0.45314375,0.46876249999999997,0.00019956171352036864,0.000838191618550846,16.110997347280204,9.419826357333298,nan,2704.623235999956,,,D=union_ij D_ij; evaluate the complete parent-v54 amplitude on every x/t leaf; sum integrated uppers and minimize lowers
leaf,PASS,4,32,1,30,0.8570893619520192,0.8570954577370977,0.46876249999999997,0.48438125,0.00020682857255845005,0.0008744050713909862,16.063701282686647,7.420655865312561,nan,2707.891257899988,,,D=union_ij D_ij; evaluate the complete parent-v54 amplitude on every x/t leaf; sum integrated uppers and minimize lowers
leaf,PASS,4,32,1,31,0.8570893619520192,0.8570954577370977,0.48438125,0.5,0.00021408656758450373,0.0009105369150069493,16.007971345993596,5.929340664102228,nan,2711.115015999996,,,D=union_ij D_ij; evaluate the complete parent-v54 amplitude on every x/t leaf; sum integrated uppers and minimize lowers
leaf,PASS,4,32,2,0,0.8570954577370977,0.8571015535221761,0.0002,0.01581875,0.0,1.5645726337738674e-09,0.7807815913901062,1313997653672.9438,nan,3252.994429799961,,,D=union_ij D_ij; evaluate the complete parent-v54 amplitude on every x/t leaf; sum integrated uppers and minimize lowers
leaf,PASS,4,32,2,1,0.8570954577370977,0.8571015535221761,0.01581875,0.0314375,0.0,3.879857298630081e-06,4.831296857410064,13749961.199773328,nan,3408.937559199985,,,D=union_ij D_ij; evaluate the complete parent-v54 amplitude on every x/t leaf; sum integrated uppers and minimize lowers
leaf,PASS,4,32,2,2,0.8570954577370977,0.8571015535221761,0.0314375,0.04705625,0.0,3.996785742748678e-06,3.4315314137648882,446510408375427.44,nan,3581.1922350999666,,,D=union_ij D_ij; evaluate the complete parent-v54 amplitude on every x/t leaf; sum integrated uppers and minimize lowers
leaf,PASS,4,32,2,3,0.8570954577370977,0.8571015535221761,0.04705625,0.06267500000000001,0.0,1.4221010202759036e-05,5.846035425718888,2134869371821.6921,nan,3667.3613504999666,,,D=union_ij D_ij; evaluate the complete parent-v54 amplitude on every x/t leaf; sum integrated uppers and minimize lowers
leaf,PASS,4,32,2,4,0.8570954577370977,0.8571015535221761,0.06267500000000001,0.07829375000000001,0.0,2.3004852813350417e-05,4.670419790598483,2607808071.9200797,nan,3703.2433079999755,,,D=union_ij D_ij; evaluate the complete parent-v54 amplitude on every x/t leaf; sum integrated uppers and minimize lowers
leaf,PASS,4,32,2,5,0.8570954577370977,0.8571015535221761,0.07829375000000001,0.09391250000000001,9.588653400620765e-06,9.588653400620765e-06,0.9976941207786645,3281869425.6933327,nan,3732.616273499967,,,D=union_ij D_ij; evaluate the complete parent-v54 amplitude on every x/t leaf; sum integrated uppers and minimize lowers
leaf,PASS,4,32,2,6,0.8570954577370977,0.8571015535221761,0.09391250000000001,0.10953125000000001,2.0504071862672875e-05,2.0504071862672875e-05,1.480864173353855,16426348.688615529,nan,3760.103677999985,,,D=union_ij D_ij; evaluate the complete parent-v54 amplitude on every x/t leaf; sum integrated uppers and minimize lowers
leaf,PASS,4,32,2,7,0.8570954577370977,0.8571015535221761,0.10953125000000001,0.12515,3.0317379143673103e-05,3.0317379143673103e-05,1.8170207807629852,13416435.274449328,nan,3770.358978000004,,,D=union_ij D_ij; evaluate the complete parent-v54 amplitude on every x/t leaf; sum integrated uppers and minimize lowers
leaf,PASS,4,32,2,8,0.8570954577370977,0.8571015535221761,0.12515,0.14076875000000003,3.944838888395095e-05,9.81750636949536e-06,0.5914790732987747,3740469955.58112,nan,3777.029514499998,,,D=union_ij D_ij; evaluate the complete parent-v54 amplitude on every x/t leaf; sum integrated uppers and minimize lowers
leaf,PASS,4,32,2,9,0.8570954577370977,0.8571015535221761,0.14076875000000003,0.1563875,4.81283802769455e-05,4.81283802769455e-05,4.568772421688959,3755730.0385005367,nan,3780.2664089999744,,,D=union_ij D_ij; evaluate the complete parent-v54 amplitude on every x/t leaf; sum integrated uppers and minimize lowers
leaf,PASS,4,32,2,10,0.8570954577370977,0.8571015535221761,0.1563875,0.17200625,5.649506959635222e-05,5.649506959635222e-05,7.16574543303595,265444.02438215556,nan,3783.502756199974,,,D=union_ij D_ij; evaluate the complete parent-v54 amplitude on every x/t leaf; sum integrated uppers and minimize lowers
leaf,PASS,4,32,2,11,0.8570954577370977,0.8571015535221761,0.17200625,0.18762500000000001,6.463547352201331e-05,0.00014902773596873114,8.923457112922916,69577382.13576968,nan,3786.6527640999993,,,D=union_ij D_ij; evaluate the complete parent-v54 amplitude on every x/t leaf; sum integrated uppers and minimize lowers
leaf,PASS,4,32,2,12,0.8570954577370977,0.8571015535221761,0.18762500000000001,0.20324375000000003,7.260721066291833e-05,0.00019169359381933794,10.339218273542425,834390.8557493556,nan,3789.779054499988,,,D=union_ij D_ij; evaluate the complete parent-v54 amplitude on every x/t leaf; sum integrated uppers and minimize lowers
leaf,PASS,4,32,2,13,0.8570954577370977,0.8571015535221761,0.20324375000000003,0.21886250000000002,8.044990949409085e-05,0.0002332020243263266,11.623322923139,107107.02661400563,nan,3792.906768999994,,,D=union_ij D_ij; evaluate the complete parent-v54 amplitude on every x/t leaf; sum integrated uppers and minimize lowers
leaf,PASS,4,32,2,14,0.8570954577370977,0.8571015535221761,0.21886250000000002,0.23448125,8.819169484166807e-05,0.00027379624287679293,12.683531889452103,25030.939786882147,nan,3796.0063794999733,,,D=union_ij D_ij; evaluate the complete parent-v54 amplitude on every x/t leaf; sum integrated uppers and minimize lowers
leaf,PASS,4,32,2,15,0.8570954577370977,0.8571015535221761,0.23448125,0.2501,9.585303018711373e-05,0.0003136588345739602,13.531466505572968,8006.330618241115,nan,3799.093272399972,,,D=union_ij D_ij; evaluate the complete parent-v54 amplitude on every x/t leaf; sum integrated uppers and minimize lowers
leaf,PASS,4,32,2,16,0.8570954577370977,0.8571015535221761,0.2501,0.26571875,0.00010344830619783139,0.0003529264890763628,14.200813687092337,3130.8848330839664,nan,3802.236211899959,,,D=union_ij D_ij; evaluate the complete parent-v54 amplitude on every x/t leaf; sum integrated uppers and minimize lowers
leaf,PASS,4,32,2,17,0.8570954577370977,0.8571015535221761,0.26571875,0.2813375,0.00011098853327448151,0.00039170292915955844,14.725217313113994,1410.9583699050334,nan,3805.3252175999805,,,D=union_ij D_ij; evaluate the complete parent-v54 amplitude on every x/t leaf; sum integrated uppers and minimize lowers
leaf,PASS,4,32,2,18,0.8570954577370977,0.8571015535221761,0.2813375,0.29695625,0.00011848454766140113,0.0004300689884685538,15.133234351965616,707.1655555347052,nan,3808.4124076999724,,,D=union_ij D_ij; evaluate the complete parent-v54 amplitude on every x/t leaf; sum integrated uppers and minimize lowers
leaf,PASS,4,32,2,19,0.8570954577370977,0.8571015535221761,0.29695625,0.312575,0.00012594337559125254,0.00046808853585737276,15.44791438331203,385.05494477466056,nan,3811.523879299988,,,D=union_ij D_ij; evaluate the complete parent-v54 amplitude on every x/t leaf; sum integrated uppers and minimize lowers
leaf,PASS,4,32,2,20,0.8570954577370977,0.8571015535221761,0.312575,0.32819375,0.00013337055596984105,0.000505812629614342,15.687554553428074,224.08898942059028,nan,3814.6035020999843,,,D=union_ij D_ij; evaluate the complete parent-v54 amplitude on every x/t leaf; sum integrated uppers and minimize lowers
leaf,PASS,4,32,2,21,0.8570954577370977,0.8571015535221761,0.32819375,0.34381249999999997,0.00014077054715937957,0.0005432825960883802,15.86662632333511,137.7326650255344,nan,3818.0776138000074,,,D=union_ij D_ij; evaluate the complete parent-v54 amplitude on every x/t leaf; sum integrated uppers and minimize lowers
leaf,PASS,4,32,2,22,0.8570954577370977,0.8571015535221761,0.34381249999999997,0.35943125,0.0001481469762154213,0.0005805322346453705,15.996597324955818,88.60759164945064,nan,3821.1659709999803,,,D=union_ij D_ij; evaluate the complete parent-v54 amplitude on every x/t leaf; sum integrated uppers and minimize lowers
leaf,PASS,4,32,2,23,0.8570954577370977,0.8571015535221761,0.35943125,0.37505,0.0001555028224624057,0.0006175894503006107,16.08659450908791,59.328227938683796,nan,3824.2462744999793,,,D=union_ij D_ij; evaluate the complete parent-v54 amplitude on every x/t leaf; sum integrated uppers and minimize lowers
leaf,PASS,4,32,2,24,0.8570954577370977,0.8571015535221761,0.37505,0.39066875,0.00016284055469495062,0.0006544774799780582,16.14392153181405,41.06852119584295,nan,3827.3553136999835,,,D=union_ij D_ij; evaluate the complete parent-v54 amplitude on every x/t leaf; sum integrated uppers and minimize lowers
leaf,PASS,4,32,2,25,0.8570954577370977,0.8571015535221761,0.39066875,0.4062875,0.0001701622350867391,0.0006912158255599642,16.174456903792397,29.2596188337649,nan,3830.4351495999726,,,D=union_ij D_ij; evaluate the complete parent-v54 amplitude on every x/t leaf; sum integrated uppers and minimize lowers
leaf,PASS,4,32,2,26,0.8570954577370977,0.8571015535221761,0.4062875,0.42190625,0.0001774695988408341,0.000727820950909067,16.182959463744595,21.377783914625486,nan,3833.5306139999884,,,D=union_ij D_ij; evaluate the complete parent-v54 amplitude on every x/t leaf; sum integrated uppers and minimize lowers
leaf,PASS,4,32,2,27,0.8570954577370977,0.8571015535221761,0.42190625,0.437525,0.0001847641159226714,0.0007643068359282164,16.173303187435824,15.969445360511154,nan,3836.6527473999886,,,D=union_ij D_ij; evaluate the complete parent-v54 amplitude on every x/t leaf; sum integrated uppers and minimize lowers
leaf,PASS,4,32,2,28,0.8570954577370977,0.8571015535221761,0.437525,0.45314375,0.0001920470393939317,0.0008006855682210247,16.148658517238932,12.166503382313676,nan,3839.852227700001,,,D=union_ij D_ij; evaluate the complete parent-v54 amplitude on every x/t leaf; sum integrated uppers and minimize lowers
leaf,PASS,4,32,2,29,0.8570954577370977,0.8571015535221761,0.45314375,0.46876249999999997,0.00019931944342826217,0.0008369674588886805,16.111630643670384,9.43359739011812,nan,3842.9146280999994,,,D=union_ij D_ij; evaluate the complete parent-v54 amplitude on every x/t leaf; sum integrated uppers and minimize lowers
leaf,PASS,4,32,2,30,0.8570954577370977,0.8571015535221761,0.46876249999999997,0.48438125,0.0002065822511778409,0.000873160997306169,16.06433795634993,7.431040731285374,nan,3845.989556299988,,,D=union_ij D_ij; evaluate the complete parent-v54 amplitude on every x/t leaf; sum integrated uppers and minimize lowers
leaf,PASS,4,32,2,31,0.8570954577370977,0.8571015535221761,0.48438125,0.5,0.0002138362684045526,0.0009092732772206129,16.008610488677704,5.93731159963664,nan,3849.03711949999,,,D=union_ij D_ij; evaluate the complete parent-v54 amplitude on every x/t leaf; sum integrated uppers and minimize lowers
leaf,FAIL,4,32,3,0,0.8571015535221761,0.8571076493072545,0.0002,0.01581875,nan,nan,nan,nan,nan,3906.804631099978,IntervalSingularity,interval denominator reaches zero: away_arc_left_K5:s1:c0:left1:edge_2_1_3:stable_edge,D=union_ij D_ij; evaluate the complete parent-v54 amplitude on every x/t leaf; sum integrated uppers and minimize lowers
schedule,FAIL,4,32,-1,-1,0.8570832661669409,0.8571076493072545,0.0002,0.5,nan,nan,nan,nan,nan,3906.8046425000066,IntervalSingularity,interval denominator reaches zero: away_arc_left_K5:s1:c0:left1:edge_2_1_3:stable_edge,D=union_ij D_ij; evaluate the complete parent-v54 amplitude on every x/t leaf; sum integrated uppers and minimize lowers
leaf,PASS,4,64,0,0,0.8570832661669409,0.8570893619520192,0.0002,0.008009375000000001,0.0,5.995513446564668e-08,0.9297219526795205,692945286617.4991,nan,449.24114030000055,,,D=union_ij D_ij; evaluate the complete parent-v54 amplitude on every x/t leaf; sum integrated uppers and minimize lowers
leaf,PASS,4,64,0,1,0.8570832661669409,0.8570893619520192,0.008009375000000001,0.01581875,0.0,6.761232568616226e-07,5.848730558890169,35817979.4340883,nan,736.5687261000276,,,D=union_ij D_ij; evaluate the complete parent-v54 amplitude on every x/t leaf; sum integrated uppers and minimize lowers
leaf,PASS,4,64,0,2,0.8570832661669409,0.8570893619520192,0.01581875,0.023628125,0.0,1.5322541294458276e-06,9.495469664673653,6474809318676902.0,nan,925.2598448999925,,,D=union_ij D_ij; evaluate the complete parent-v54 amplitude on every x/t leaf; sum integrated uppers and minimize lowers
leaf,PASS,4,64,0,3,0.8570832661669409,0.8570893619520192,0.023628125,0.0314375,0.0,6.558903168605634e-06,7.930465895880838,6309076001223.705,nan,994.8137413000222,,,D=union_ij D_ij; evaluate the complete parent-v54 amplitude on every x/t leaf; sum integrated uppers and minimize lowers
leaf,PASS,4,64,0,4,0.8570832661669409,0.8570893619520192,0.0314375,0.039246875,0.0,1.0875926322773204e-05,3.433098428147449,863926696.8951854,nan,1058.1489334999933,,,D=union_ij D_ij; evaluate the complete parent-v54 amplitude on every x/t leaf; sum integrated uppers and minimize lowers
leaf,PASS,4,64,0,5,0.8570832661669409,0.8570893619520192,0.039246875,0.04705625,4.1352248475731e-06,4.1352248475731e-06,1.431649034698716,10120823934.36654,nan,1082.8461650999961,,,D=union_ij D_ij; evaluate the complete parent-v54 amplitude on every x/t leaf; sum integrated uppers and minimize lowers
leaf,PASS,4,64,0,6,0.8570832661669409,0.8570893619520192,0.04705625,0.054865625,9.535075709376837e-06,9.535075709376837e-06,2.116152718694072,22170022.121781092,nan,1107.4778580000275,,,D=union_ij D_ij; evaluate the complete parent-v54 amplitude on every x/t leaf; sum integrated uppers and minimize lowers
leaf,PASS,4,64,0,7,0.8570832661669409,0.8570893619520192,0.054865625,0.06267500000000001,1.438697741150946e-05,1.438697741150946e-05,2.5909149436039276,856344.0386702429,nan,1129.898586800031,,,D=union_ij D_ij; evaluate the complete parent-v54 amplitude on every x/t leaf; sum integrated uppers and minimize lowers
leaf,PASS,4,64,0,8,0.8570832661669409,0.8570893619520192,0.06267500000000001,0.07048437500000002,1.8901484816711432e-05,1.0090800618433862e-06,1.0756085381042115,64922185016.09462,nan,1136.300265500031,,,D=union_ij D_ij; evaluate the complete parent-v54 amplitude on every x/t leaf; sum integrated uppers and minimize lowers
leaf,PASS,4,64,0,9,0.8570832661669409,0.8570893619520192,0.07048437500000002,0.07829375000000001,2.3194302840173554e-05,2.3194302840173554e-05,3.0525431497688666,4278551.109856126,nan,1142.6962886999827,,,D=union_ij D_ij; evaluate the complete parent-v54 amplitude on every x/t leaf; sum integrated uppers and minimize lowers
leaf,PASS,4,64,0,10,0.8570832661669409,0.8570893619520192,0.07829375000000001,0.086103125,2.7334124592354628e-05,2.7334124592354628e-05,10.509597795472581,266691.1555495494,nan,1145.769004200003,,,D=union_ij D_ij; evaluate the complete parent-v54 amplitude on every x/t leaf; sum integrated uppers and minimize lowers
leaf,PASS,4,64,0,11,0.8570832661669409,0.8570893619520192,0.086103125,0.09391250000000001,3.136421569665825e-05,7.080357203582743e-05,13.007915028641653,736590073.8039832,nan,1148.7554273999995,,,D=union_ij D_ij; evaluate the complete parent-v54 amplitude on every x/t leaf; sum integrated uppers and minimize lowers
leaf,PASS,4,64,0,12,0.8570832661669409,0.8570893619520192,0.09391250000000001,0.10172187500000002,3.531312923845445e-05,9.217094281547401e-05,14.861841540904388,947098.290187171,nan,1151.7403185000294,,,D=union_ij D_ij; evaluate the complete parent-v54 amplitude on every x/t leaf; sum integrated uppers and minimize lowers
leaf,PASS,4,64,0,13,0.8570832661669409,0.8570893619520192,0.10172187500000002,0.10953125000000001,3.920043559466386e-05,0.00011295677901923068,16.56889039064748,104531.5664393732,nan,1154.7084906999953,,,D=union_ij D_ij; evaluate the complete parent-v54 amplitude on every x/t leaf; sum integrated uppers and minimize lowers
leaf,PASS,4,64,0,14,0.8570832661669409,0.8570893619520192,0.10953125000000001,0.117340625,4.303997486218685e-05,0.00013328603480967563,18.0108987583246,22856.02303008795,nan,1157.6562535000267,,,D=union_ij D_ij; evaluate the complete parent-v54 amplitude on every x/t leaf; sum integrated uppers and minimize lowers
leaf,PASS,4,64,0,15,0.8570832661669409,0.8570893619520192,0.117340625,0.12515,4.684178838543157e-05,0.0001532524160109189,19.178415407201243,7006.8025342881465,nan,1160.661257700005,,,D=union_ij D_ij; evaluate the complete parent-v54 amplitude on every x/t leaf; sum integrated uppers and minimize lowers
leaf,PASS,4,64,0,16,0.8570832661669409,0.8570893619520192,0.12515,0.13295937500000002,5.061333500407554e-05,0.00017292502370355576,20.106920204659726,2654.726701590192,nan,1163.6514028999954,,,D=union_ij D_ij; evaluate the complete parent-v54 amplitude on every x/t leaf; sum integrated uppers and minimize lowers
leaf,PASS,4,64,0,17,0.8570832661669409,0.8570893619520192,0.13295937500000002,0.14076875000000003,5.435950032868991e-05,0.00019235655699732202,20.837979227737108,1165.8293106915492,nan,1166.6136843999848,,,D=union_ij D_ij; evaluate the complete parent-v54 amplitude on every x/t leaf; sum integrated uppers and minimize lowers
leaf,PASS,4,64,0,18,0.8570832661669409,0.8570893619520192,0.14076875000000003,0.148578125,5.80856540807725e-05,0.00021158797232519077,21.40881705430186,571.4184893155833,nan,1169.5496340999962,,,D=union_ij D_ij; evaluate the complete parent-v54 amplitude on every x/t leaf; sum integrated uppers and minimize lowers
leaf,PASS,4,64,0,19,0.8570832661669409,0.8570893619520192,0.148578125,0.1563875,6.179586931536972e-05,0.00023065151547802955,21.850280966244753,305.00810107593713,nan,1172.4774044000078,,,D=union_ij D_ij; evaluate the complete parent-v54 amplitude on every x/t leaf; sum integrated uppers and minimize lowers
leaf,PASS,4,64,0,20,0.8570832661669409,0.8570893619520192,0.1563875,0.16419687500000002,6.549252024974155e-05,0.00024957289110017855,22.187236659795996,174.3082754616014,nan,1175.440288999991,,,D=union_ij D_ij; evaluate the complete parent-v54 amplitude on every x/t leaf; sum integrated uppers and minimize lowers
leaf,PASS,4,64,0,21,0.8570832661669409,0.8570893619520192,0.16419687500000002,0.17200625,6.917748141412115e-05,0.0002683728417806011,22.43954581054777,105.34565929507974,nan,1178.3635120000108,,,D=union_ij D_ij; evaluate the complete parent-v54 amplitude on every x/t leaf; sum integrated uppers and minimize lowers
leaf,PASS,4,64,0,22,0.8570832661669409,0.8570893619520192,0.17200625,0.179815625,7.28523148881094e-05,0.00028706812736459914,22.623054231566563,66.70974411261143,nan,1181.329002399987,,,D=union_ij D_ij; evaluate the complete parent-v54 amplitude on every x/t leaf; sum integrated uppers and minimize lowers
leaf,PASS,4,64,0,23,0.8570832661669409,0.8570893619520192,0.179815625,0.18762500000000001,7.651832813842035e-05,0.00030567269024732723,22.750435368106462,43.94723209463117,nan,1184.3044922000263,,,D=union_ij D_ij; evaluate the complete parent-v54 amplitude on every x/t leaf; sum integrated uppers and minimize lowers
leaf,PASS,4,64,0,24,0.8570832661669409,0.8570893619520192,0.18762500000000001,0.19543437500000002,8.017662073891647e-05,0.00032419822545259186,22.831868101557447,29.949974411236155,nan,1187.2560509000323,,,D=union_ij D_ij; evaluate the complete parent-v54 amplitude on every x/t leaf; sum integrated uppers and minimize lowers
leaf,PASS,4,64,0,25,0.8570832661669409,0.8570893619520192,0.19543437500000002,0.20324375000000003,8.382812193419492e-05,0.00034265440496316046,22.87556835678191,21.019383794611695,nan,1190.2202550999937,,,D=union_ij D_ij; evaluate the complete parent-v54 amplitude on every x/t leaf; sum integrated uppers and minimize lowers
leaf,PASS,4,64,0,26,0.8570832661669409,0.8570893619520192,0.20324375000000003,0.211053125,8.747362082516719e-05,0.000361049396756398,22.88820211099772,15.135610639563321,nan,1193.150484599988,,,D=union_ij D_ij; evaluate the complete parent-v54 amplitude on every x/t leaf; sum integrated uppers and minimize lowers
leaf,PASS,4,64,0,27,0.8570832661669409,0.8570893619520192,0.211053125,0.21886250000000002,9.111379067065438e-05,0.00037939011285089986,22.875205672068883,11.148389746602366,nan,1196.1300242000143,,,D=union_ij D_ij; evaluate the complete parent-v54 amplitude on every x/t leaf; sum integrated uppers and minimize lowers
leaf,PASS,4,64,0,28,0.8570832661669409,0.8570893619520192,0.21886250000000002,0.22667187500000002,9.474918951792994e-05,0.0003976821657237134,22.84103414258563,8.378199656031047,nan,1199.0514924000017,,,D=union_ij D_ij; evaluate the complete parent-v54 amplitude on every x/t leaf; sum integrated uppers and minimize lowers
leaf,PASS,4,64,0,29,0.8570832661669409,0.8570893619520192,0.22667187500000002,0.23448125,9.838027147750351e-05,0.000415930348138659,22.78935608578949,6.411457763524902,nan,1201.9591592000215,,,D=union_ij D_ij; evaluate the complete parent-v54 amplitude on every x/t leaf; sum integrated uppers and minimize lowers
leaf,PASS,4,64,0,30,0.8570832661669409,0.8570893619520192,0.23448125,0.242290625,0.00010200752824294423,0.0004341394434231703,22.72317232262637,4.986727770629586,nan,1204.8553710000124,,,D=union_ij D_ij; evaluate the complete parent-v54 amplitude on every x/t leaf; sum integrated uppers and minimize lowers
leaf,PASS,4,64,0,31,0.8570832661669409,0.8570893619520192,0.242290625,0.2501,0.00010563133422074669,0.00045231344887355977,22.64503714064073,3.9353561414425804,nan,1207.8228585000033,,,D=union_ij D_ij; evaluate the complete parent-v54 amplitude on every x/t leaf; sum integrated uppers and minimize lowers
leaf,PASS,4,64,0,32,0.8570832661669409,0.8570893619520192,0.2501,0.257909375,0.00010925201498327421,0.00047045567882790805,22.557056855815805,3.1467895278669986,nan,1210.7649046999868,,,D=union_ij D_ij; evaluate the complete parent-v54 amplitude on every x/t leaf; sum integrated uppers and minimize lowers
leaf,PASS,4,64,0,33,0.8570832661669409,0.8570893619520192,0.257909375,0.26571875,0.00011286985498332018,0.0004885690095582094,22.460988342362796,2.546699604527866,nan,1213.6795742000104,,,D=union_ij D_ij; evaluate the complete parent-v54 amplitude on every x/t leaf; sum integrated uppers and minimize lowers
leaf,PASS,4,64,0,34,0.8570832661669409,0.8570893619520192,0.26571875,0.273528125,0.00011648510370801449,0.0005066559669583286,22.35830584964922,2.0837438077029664,nan,1216.6065718000173,,,D=union_ij D_ij; evaluate the complete parent-v54 amplitude on every x/t leaf; sum integrated uppers and minimize lowers
leaf,PASS,4,64,0,35,0.8570832661669409,0.8570893619520192,0.273528125,0.2813375,0.00012009798069929471,0.000524718777516478,22.25024995139137,1.722166750079337,nan,1219.5487433000235,,,D=union_ij D_ij; evaluate the complete parent-v54 amplitude on every x/t leaf; sum integrated uppers and minimize lowers
leaf,PASS,4,64,0,36,0.8570832661669409,0.8570893619520192,0.2813375,0.28914687499999997,0.0001237086797552255,0.0005427594107623657,22.137867197413076,1.4366445816353737,nan,1222.4627309000352,,,D=union_ij D_ij; evaluate the complete parent-v54 amplitude on every x/t leaf; sum integrated uppers and minimize lowers
leaf,PASS,4,64,0,37,0.8570832661669409,0.8570893619520192,0.28914687499999997,0.29695625,0.00012731737246087903,0.0005607796146801816,22.02204239385186,1.208680343736934,nan,1225.3597174999886,,,D=union_ij D_ij; evaluate the complete parent-v54 amplitude on every x/t leaf; sum integrated uppers and minimize lowers
leaf,PASS,4,64,0,38,0.8570832661669409,0.8570893619520192,0.29695625,0.304765625,0.00013092421116799326,0.0005787809455041598,21.903525007223617,1.0248934782997263,nan,1228.2919839000097,,,D=union_ij D_ij; evaluate the complete parent-v54 amplitude on every x/t leaf; sum integrated uppers and minimize lowers
leaf,PASS,4,64,0,39,0.8570832661669409,0.8570893619520192,0.304765625,0.312575,0.0001345293315194154,0.0005967647928707541,21.782950859980524,0.8753866587489438,nan,1231.1915432999958,,,D=union_ij D_ij; evaluate the complete parent-v54 amplitude on every x/t leaf; sum integrated uppers and minimize lowers
leaf,PASS,4,64,0,40,0.8570832661669409,0.8570893619520192,0.312575,0.320384375,0.00013813285459600373,0.0006147324011455185,21.660860033984523,0.752748992808973,nan,1234.1182980000158,,,D=union_ij D_ij; evaluate the complete parent-v54 amplitude on every x/t leaf; sum integrated uppers and minimize lowers
leaf,PASS,4,64,0,41,0.8570832661669409,0.8570893619520192,0.320384375,0.32819375,0.00014173488874910493,0.0006326848875860792,21.537711705416736,0.6513683475759728,nan,1237.053739199997,,,D=union_ij D_ij; evaluate the complete parent-v54 amplitude on every x/t leaf; sum integrated uppers and minimize lowers
leaf,PASS,4,64,0,42,0.8570832661669409,0.8570893619520192,0.32819375,0.336003125,0.00014533553117012223,0.0006506232578149316,21.41389648411944,0.566951479359538,nan,1239.9453786999802,,,D=union_ij D_ij; evaluate the complete parent-v54 amplitude on every x/t leaf; sum integrated uppers and minimize lowers
leaf,PASS,4,64,0,43,0.8570832661669409,0.8570893619520192,0.336003125,0.34381249999999997,0.00014893486923940068,0.0006685484193190233,21.289746718716682,0.49618246247187564,nan,1242.8677346000331,,,D=union_ij D_ij; evaluate the complete parent-v54 amplitude on every x/t leaf; sum integrated uppers and minimize lowers
leaf,PASS,4,64,0,44,0.8570832661669409,0.8570893619520192,0.34381249999999997,0.351621875,0.0001525329810118239,0.0006864611927719354,21.165545126460458,0.43656130282148653,nan,1245.7860778000322,,,D=union_ij D_ij; evaluate the complete parent-v54 amplitude on every x/t leaf; sum integrated uppers and minimize lowers
leaf,PASS,4,64,0,45,0.8570832661669409,0.8570893619520192,0.351621875,0.35943125,0.000156129935545127,0.0007043623220049538,21.041532050234668,0.3862311299093019,nan,1248.6834914000356,,,D=union_ij D_ij; evaluate the complete parent-v54 amplitude on every x/t leaf; sum integrated uppers and minimize lowers
leaf,PASS,4,64,0,46,0.8570832661669409,0.8570893619520192,0.35943125,0.367240625,0.00015972580023727618,0.0007222524825804,20.917911577775932,0.343250791517637,nan,1251.5993880000315,,,D=union_ij D_ij; evaluate the complete parent-v54 amplitude on every x/t leaf; sum integrated uppers and minimize lowers
leaf,PASS,4,64,0,47,0.8570832661669409,0.8570893619520192,0.367240625,0.37505,0.00016332063336230014,0.0007401322891924819,20.794856717289985,0.30635934199575743,nan,1254.519272000005,,,D=union_ij D_ij; evaluate the complete parent-v54 amplitude on every x/t leaf; sum integrated uppers and minimize lowers
leaf,PASS,4,64,0,48,0.8570832661669409,0.8570893619520192,0.37505,0.382859375,0.00016691448784821869,0.0007580023027144037,20.67251378744553,0.2745298505200911,nan,1257.3910437999875,,,D=union_ij D_ij; evaluate the complete parent-v54 amplitude on every x/t leaf; sum integrated uppers and minimize lowers
leaf,PASS,4,64,0,49,0.8570832661669409,0.8570893619520192,0.382859375,0.39066875,0.0001705074118554965,0.0007758630353260628,20.551006151005577,0.2469475801900868,nan,1260.2908957999898,,,D=union_ij D_ij; evaluate the complete parent-v54 amplitude on every x/t leaf; sum integrated uppers and minimize lowers
leaf,PASS,4,64,0,50,0.8570832661669409,0.8570893619520192,0.39066875,0.398478125,0.00017409944928415517,0.0007937149557443855,20.430437398313607,0.22298476226728814,nan,1263.1864986,,,D=union_ij D_ij; evaluate the complete parent-v54 amplitude on every x/t leaf; sum integrated uppers and minimize lowers
leaf,PASS,4,64,0,51,0.8570832661669409,0.8570893619520192,0.398478125,0.4062875,0.00017769064021941856,0.0008115584936396874,20.31089406823393,0.20203050956824467,nan,1266.0730441000196,,,D=union_ij D_ij; evaluate the complete parent-v54 amplitude on every x/t leaf; sum integrated uppers and minimize lowers
leaf,PASS,4,64,0,52,0.8570832661669409,0.8570893619520192,0.4062875,0.414096875,0.00018128102132425585,0.0008293940435312447,20.19244797904522,0.18363326860800602,nan,1268.9754127000342,,,D=union_ij D_ij; evaluate the complete parent-v54 amplitude on every x/t leaf; sum integrated uppers and minimize lowers
leaf,PASS,4,64,0,53,0.8570832661669409,0.8570893619520192,0.414096875,0.42190625,0.0001848706261859237,0.0008472219682318147,20.07515822949146,0.16741953688551373,nan,1271.8351671000128,,,D=union_ij D_ij; evaluate the complete parent-v54 amplitude on every x/t leaf; sum integrated uppers and minimize lowers
leaf,PASS,4,64,0,54,0.8570832661669409,0.8570893619520192,0.42190625,0.429715625,0.00018845948562256083,0.0008650426019004328,19.997532266354312,0.1527840801711492,nan,1274.7334543000325,,,D=union_ij D_ij; evaluate the complete parent-v54 amplitude on every x/t leaf; sum integrated uppers and minimize lowers
leaf,PASS,4,64,0,55,0.8570832661669409,0.8570893619520192,0.429715625,0.437525,0.00019204762795500206,0.000882856252754076,20.098452451554145,0.13857490380959941,nan,1277.611786100024,,,D=union_ij D_ij; evaluate the complete parent-v54 amplitude on every x/t leaf; sum integrated uppers and minimize lowers
leaf,PASS,4,64,0,56,0.8570832661669409,0.8570893619520192,0.437525,0.445334375,0.00019563507924824256,0.0009006632054815161,20.1686174127594,0.12621467451041518,nan,1280.5875529000186,,,D=union_ij D_ij; evaluate the complete parent-v54 amplitude on every x/t leaf; sum integrated uppers and minimize lowers
leaf,PASS,4,64,0,57,0.8570832661669409,0.8570893619520192,0.445334375,0.45314375,0.00019922186352635429,0.0009184637233965083,20.21291494827415,0.11539538127894385,nan,1283.4647656999878,,,D=union_ij D_ij; evaluate the complete parent-v54 amplitude on every x/t leaf; sum integrated uppers and minimize lowers
leaf,PASS,4,64,0,58,0.8570832661669409,0.8570893619520192,0.45314375,0.460953125,0.0002028080029641308,0.0009362580503623121,20.235398557871246,0.10587163357120512,nan,1286.355651299993,,,D=union_ij D_ij; evaluate the complete parent-v54 amplitude on every x/t leaf; sum integrated uppers and minimize lowers
leaf,PASS,4,64,0,59,0.8570832661669409,0.8570893619520192,0.460953125,0.46876249999999997,0.00020639351805828824,0.0009540464125151314,20.239460369852008,0.09744559348722723,nan,1289.2181266000262,,,D=union_ij D_ij; evaluate the complete parent-v54 amplitude on every x/t leaf; sum integrated uppers and minimize lowers
leaf,PASS,4,64,0,60,0.8570832661669409,0.8570893619520192,0.46876249999999997,0.476571875,0.00020997842778066832,0.000971829019810348,20.22794568211311,0.08995616388401285,nan,1292.0693235999788,,,D=union_ij D_ij; evaluate the complete parent-v54 amplitude on every x/t leaf; sum integrated uppers and minimize lowers
leaf,PASS,4,64,0,61,0.8570832661669409,0.8570893619520192,0.476571875,0.48438125,0.0002135627497155672,0.0009896060674122712,20.20324284226082,0.08327099389251888,nan,1294.9252066999907,,,D=union_ij D_ij; evaluate the complete parent-v54 amplitude on every x/t leaf; sum integrated uppers and minimize lowers
leaf,PASS,4,64,0,62,0.8570832661669409,0.8570893619520192,0.48438125,0.492190625,0.00021714650018303297,0.0010073777369453757,20.167368053275762,0.07728042536305332,nan,1297.801321899984,,,D=union_ij D_ij; evaluate the complete parent-v54 amplitude on every x/t leaf; sum integrated uppers and minimize lowers
leaf,PASS,4,64,0,63,0.8570832661669409,0.8570893619520192,0.492190625,0.5,0.00022072969434974105,0.0010251441976227443,20.12202824135485,0.07189292256001563,nan,1300.6935842999956,,,D=union_ij D_ij; evaluate the complete parent-v54 amplitude on every x/t leaf; sum integrated uppers and minimize lowers
leaf,PASS,4,64,1,0,0.8570893619520192,0.8570954577370977,0.0002,0.008009375000000001,0.0,3.160083569153023e-08,0.8552788478405614,938527946408.4789,nan,1723.0946865000296,,,D=union_ij D_ij; evaluate the complete parent-v54 amplitude on every x/t leaf; sum integrated uppers and minimize lowers
leaf,PASS,4,64,1,1,0.8570893619520192,0.8570954577370977,0.008009375000000001,0.01581875,0.0,5.123481453069027e-07,5.8479272641442765,58516514.37149543,nan,2006.716312900011,,,D=union_ij D_ij; evaluate the complete parent-v54 amplitude on every x/t leaf; sum integrated uppers and minimize lowers
leaf,PASS,4,64,1,2,0.8570893619520192,0.8570954577370977,0.01581875,0.023628125,0.0,1.4852071088727416e-06,9.495007689294551,6408076113241678.0,nan,2196.679532899987,,,D=union_ij D_ij; evaluate the complete parent-v54 amplitude on every x/t leaf; sum integrated uppers and minimize lowers
leaf,PASS,4,64,1,3,0.8570893619520192,0.8570954577370977,0.023628125,0.0314375,0.0,6.501835604786833e-06,7.929984841803376,6445460347311.068,nan,2276.0507967000012,,,D=union_ij D_ij; evaluate the complete parent-v54 amplitude on every x/t leaf; sum integrated uppers and minimize lowers
leaf,PASS,4,64,1,4,0.8570893619520192,0.8570954577370977,0.0314375,0.039246875,0.0,1.0810350443151125e-05,3.4323149471481815,876735554.8640031,nan,2345.2183663999895,,,D=union_ij D_ij; evaluate the complete parent-v54 amplitude on every x/t leaf; sum integrated uppers and minimize lowers
leaf,PASS,4,64,1,5,0.8570893619520192,0.8570954577370977,0.039246875,0.04705625,4.066005344969159e-06,4.066005344969159e-06,1.4314713408111033,10761954910.765755,nan,2371.8772891000262,,,D=union_ij D_ij; evaluate the complete parent-v54 amplitude on every x/t leaf; sum integrated uppers and minimize lowers
leaf,PASS,4,64,1,6,0.8570893619520192,0.8570954577370977,0.04705625,0.054865625,9.458655112918186e-06,9.458655112918186e-06,2.1159768606408678,22747256.548564408,nan,2397.96578269999,,,D=union_ij D_ij; evaluate the complete parent-v54 amplitude on every x/t leaf; sum integrated uppers and minimize lowers
leaf,PASS,4,64,1,7,0.8570893619520192,0.8570954577370977,0.054865625,0.06267500000000001,1.4303993877427357e-05,1.4303993877427357e-05,2.5907427838567005,873493.5544241666,nan,2425.1048631999874,,,D=union_ij D_ij; evaluate the complete parent-v54 amplitude on every x/t leaf; sum integrated uppers and minimize lowers
leaf,PASS,4,64,1,8,0.8570893619520192,0.8570954577370977,0.06267500000000001,0.07048437500000002,1.8812432046645302e-05,5.402923495197625e-07,1.0733854407738388,227800355794.5483,nan,2432.877362500003,,,D=union_ij D_ij; evaluate the complete parent-v54 amplitude on every x/t leaf; sum integrated uppers and minimize lowers
leaf,PASS,4,64,1,9,0.8570893619520192,0.8570954577370977,0.07048437500000002,0.07829375000000001,2.3099577893274846e-05,2.3099577893274846e-05,3.052374145543072,4461208.680471063,nan,2439.5699874000275,,,D=union_ij D_ij; evaluate the complete parent-v54 amplitude on every x/t leaf; sum integrated uppers and minimize lowers
leaf,PASS,4,64,1,10,0.8570893619520192,0.8570954577370977,0.07829375000000001,0.086103125,2.7234055968291688e-05,2.7234055968291688e-05,10.508781598073986,273396.23759566905,nan,2442.9053671000293,,,D=union_ij D_ij; evaluate the complete parent-v54 amplitude on every x/t leaf; sum integrated uppers and minimize lowers
leaf,PASS,4,64,1,11,0.8570893619520192,0.8570954577370977,0.086103125,0.09391250000000001,3.125908117507793e-05,7.025844622296387e-05,13.007477022276664,746744074.0298513,nan,2445.859745100024,,,D=union_ij D_ij; evaluate the complete parent-v54 amplitude on every x/t leaf; sum integrated uppers and minimize lowers
leaf,PASS,4,64,1,12,0.8570893619520192,0.8570954577370977,0.09391250000000001,0.10172187500000002,3.520316780297517e-05,9.160267664809356e-05,14.86157363814907,958752.476538541,nan,2448.833966300008,,,D=union_ij D_ij; evaluate the complete parent-v54 amplitude on every x/t leaf; sum integrated uppers and minimize lowers
leaf,PASS,4,64,1,13,0.8570893619520192,0.8570954577370977,0.10172187500000002,0.10953125000000001,3.908585575455619e-05,0.00011236629518064006,16.56878248591063,105625.59910430174,nan,2451.7919967999915,,,D=union_ij D_ij; evaluate the complete parent-v54 amplitude on every x/t leaf; sum integrated uppers and minimize lowers
leaf,PASS,4,64,1,14,0.8570893619520192,0.8570954577370977,0.10953125000000001,0.117340625,4.292096066425311e-05,0.00013267415610596704,18.01095650371663,23066.417857006796,nan,2454.6955428000074,,,D=union_ij D_ij; evaluate the complete parent-v54 amplitude on every x/t leaf; sum integrated uppers and minimize lowers
leaf,PASS,4,64,1,15,0.8570893619520192,0.8570954577370977,0.117340625,0.12515,4.671850389433331e-05,0.00015261988215594554,19.178618855091116,7064.992192044691,nan,2457.641757400008,,,D=union_ij D_ij; evaluate the complete parent-v54 amplitude on every x/t leaf; sum integrated uppers and minimize lowers
leaf,PASS,4,64,1,16,0.8570893619520192,0.8570954577370977,0.12515,0.13295937500000002,5.0485928465217275e-05,0.0001722725045039506,20.1072458060699,2674.907838129072,nan,2460.586092900019,,,D=union_ij D_ij; evaluate the complete parent-v54 amplitude on every x/t leaf; sum integrated uppers and minimize lowers
leaf,PASS,4,64,1,17,0.8570893619520192,0.8570954577370977,0.13295937500000002,0.14076875000000003,5.4228143810323476e-05,0.00019168466276664207,20.83840564754966,1174.0435567157747,nan,2463.482475000026,,,D=union_ij D_ij; evaluate the complete parent-v54 amplitude on every x/t leaf; sum integrated uppers and minimize lowers
leaf,PASS,4,64,1,18,0.8570893619520192,0.8570954577370977,0.14076875000000003,0.148578125,5.79509682561533e-05,0.0002108972622245261,21.409326334603055,575.1857920863226,nan,2466.3582611000165,,,D=union_ij D_ij; evaluate the complete parent-v54 amplitude on every x/t leaf; sum integrated uppers and minimize lowers
leaf,PASS,4,64,1,19,0.8570893619520192,0.8570954577370977,0.148578125,0.1563875,6.165796022839166e-05,0.0002299425043368263,21.850858362720526,306.9038995044409,nan,2469.249717700004,,,D=union_ij D_ij; evaluate the complete parent-v54 amplitude on every x/t leaf; sum integrated uppers and minimize lowers
leaf,PASS,4,64,1,20,0.8570893619520192,0.8570954577370977,0.1563875,0.16419687500000002,6.53514051916943e-05,0.0002488460550077278,22.18787015418005,175.3360000257085,nan,2472.1869586000103,,,D=union_ij D_ij; evaluate the complete parent-v54 amplitude on every x/t leaf; sum integrated uppers and minimize lowers
leaf,PASS,4,64,1,21,0.8570893619520192,0.8570954577370977,0.16419687500000002,0.17200625,6.90331846499115e-05,0.00026762861566796605,22.44022560615744,105.93774222803827,nan,2475.0856383999926,,,D=union_ij D_ij; evaluate the complete parent-v54 amplitude on every x/t leaf; sum integrated uppers and minimize lowers
leaf,PASS,4,64,1,22,0.8570893619520192,0.8570954577370977,0.17200625,0.179815625,7.270486543446143e-05,0.0002863067685572958,22.623772316449458,67.06877699106315,nan,2478.005315800023,,,D=union_ij D_ij; evaluate the complete parent-v54 amplitude on every x/t leaf; sum integrated uppers and minimize lowers
leaf,PASS,4,64,1,23,0.8570893619520192,0.8570954577370977,0.179815625,0.18762500000000001,7.636775816949804e-05,0.00030489474162815364,22.751185159202194,44.174388391070984,nan,2480.9465239000274,,,D=union_ij D_ij; evaluate the complete parent-v54 amplitude on every x/t leaf; sum integrated uppers and minimize lowers
leaf,PASS,4,64,1,24,0.8570893619520192,0.8570954577370977,0.18762500000000001,0.19543437500000002,8.002296444354449e-05,0.0003234040479965708,22.832644161674512,30.09909991190166,nan,2483.8762557000155,,,D=union_ij D_ij; evaluate the complete parent-v54 amplitude on every x/t leaf; sum integrated uppers and minimize lowers
leaf,PASS,4,64,1,25,0.8570893619520192,0.8570954577370977,0.19543437500000002,0.20324375000000003,8.367141469704997e-05,0.00034184433803233487,22.876366171432863,21.12046600337503,nan,2486.8122066999786,,,D=union_ij D_ij; evaluate the complete parent-v54 amplitude on every x/t leaf; sum integrated uppers and minimize lowers
leaf,PASS,4,64,1,26,0.8570893619520192,0.8570954577370977,0.20324375000000003,0.211053125,8.731389863483824e-05,0.00036022376016647725,22.889017912519595,15.206071343127606,nan,2489.717813400028,,,D=union_ij D_ij; evaluate the complete parent-v54 amplitude on every x/t leaf; sum integrated uppers and minimize lowers
leaf,PASS,4,64,1,27,0.8570893619520192,0.8570954577370977,0.211053125,0.21886250000000002,9.095108969090216e-05,0.00037854920870107606,22.876036300750062,11.19873073243372,nan,2492.647363700031,,,D=union_ij D_ij; evaluate the complete parent-v54 amplitude on every x/t leaf; sum integrated uppers and minimize lowers
leaf,PASS,4,64,1,28,0.8570893619520192,0.8570954577370977,0.21886250000000002,0.22667187500000002,9.458356477473097e-05,0.00039682627990138774,22.841876936312485,8.414961390669868,nan,2495.551636999997,,,D=union_ij D_ij; evaluate the complete parent-v54 amplitude on every x/t leaf; sum integrated uppers and minimize lowers
leaf,PASS,4,64,1,29,0.8570893619520192,0.8570954577370977,0.22667187500000002,0.23448125,9.821177067071655e-05,0.00041505975197078665,22.790208792639124,6.437723238979372,nan,2498.4286696999916,,,D=union_ij D_ij; evaluate the complete parent-v54 amplitude on every x/t leaf; sum integrated uppers and minimize lowers
leaf,PASS,4,64,1,30,0.8570893619520192,0.8570954577370977,0.23448125,0.242290625,0.00010183614684733028,0.00043325439489333455,22.72403308285978,5.005363300462552,nan,2501.3045824000146,,,D=union_ij D_ij; evaluate the complete parent-v54 amplitude on every x/t leaf; sum integrated uppers and minimize lowers
leaf,PASS,4,64,1,31,0.8570893619520192,0.8570954577370977,0.242290625,0.2501,0.00010545710699244128,0.0004514141930906869,22.64590426672631,3.9495422753699785,nan,2504.2365085000056,,,D=union_ij D_ij; evaluate the complete parent-v54 amplitude on every x/t leaf; sum integrated uppers and minimize lowers
leaf,PASS,4,64,1,32,0.8570893619520192,0.8570954577370977,0.2501,0.257909375,0.00010907497597885052,0.0004695424497203721,22.55792895446411,3.157832923917742,nan,2507.1500687000225,,,D=union_ij D_ij; evaluate the complete parent-v54 amplitude on every x/t leaf; sum integrated uppers and minimize lowers
leaf,PASS,4,64,1,33,0.8570893619520192,0.8570954577370977,0.257909375,0.26571875,0.00011269003750411969,0.0004876420304968744,22.461864218888046,2.555401558126971,nan,2510.029470600013,,,D=union_ij D_ij; evaluate the complete parent-v54 amplitude on every x/t leaf; sum integrated uppers and minimize lowers
leaf,PASS,4,64,1,34,0.8570893619520192,0.8570954577370977,0.26571875,0.273528125,0.0001163025402668452,0.0005057154515359497,22.35918447704904,2.090697492221227,nan,2512.942849999992,,,D=union_ij D_ij; evaluate the complete parent-v54 amplitude on every x/t leaf; sum integrated uppers and minimize lowers
leaf,PASS,4,64,1,35,0.8570893619520192,0.8570954577370977,0.273528125,0.2813375,0.00011991270300277921,0.0005237649302573026,22.251130444835404,1.7277851594760605,nan,2515.8750886000344,,,D=union_ij D_ij; evaluate the complete parent-v54 amplitude on every x/t leaf; sum integrated uppers and minimize lowers
leaf,PASS,4,64,1,36,0.8570893619520192,0.8570954577370977,0.2813375,0.28914687499999997,0.00012352071869781855,0.0005417924277290808,22.138748793088393,1.441230804844209,nan,2518.77510530001,,,D=union_ij D_ij; evaluate the complete parent-v54 amplitude on every x/t leaf; sum integrated uppers and minimize lowers
leaf,PASS,4,64,1,37,0.8570893619520192,0.8570954577370977,0.28914687499999997,0.29695625,0.0001271267581275475,0.0005597996840717595,22.022924431337223,1.212458696653916,nan,2521.66642590001,,,D=union_ij D_ij; evaluate the complete parent-v54 amplitude on every x/t leaf; sum integrated uppers and minimize lowers
leaf,PASS,4,64,1,38,0.8570893619520192,0.8570954577370977,0.29695625,0.304765625,0.00013073097284327758,0.0005777882481668297,21.904406914737102,1.0280336696881747,nan,2524.5794403000036,,,D=union_ij D_ij; evaluate the complete parent-v54 amplitude on every x/t leaf; sum integrated uppers and minimize lowers
leaf,PASS,4,64,1,39,0.8570893619520192,0.8570954577370977,0.304765625,0.312575,0.00013433349770113694,0.0005957595027705913,21.783832141978813,0.8780174405395078,nan,2527.4484868000145,,,D=union_ij D_ij; evaluate the complete parent-v54 amplitude on every x/t leaf; sum integrated uppers and minimize lowers
leaf,PASS,4,64,1,40,0.8570893619520192,0.8570954577370977,0.312575,0.320384375,0.00013793445301229444,0.000613714685799496,21.661740260696316,0.7549694486729938,nan,2530.3484940000344,,,D=union_ij D_ij; evaluate the complete parent-v54 amplitude on every x/t leaf; sum integrated uppers and minimize lowers
leaf,PASS,4,64,1,41,0.8570893619520192,0.8570954577370977,0.320384375,0.32819375,0.00014153394637774833,0.0006316549084561686,21.538590503974223,0.653255494094835,nan,2533.2531892000115,,,D=union_ij D_ij; evaluate the complete parent-v54 amplitude on every x/t leaf; sum integrated uppers and minimize lowers
leaf,PASS,4,64,1,42,0.8570893619520192,0.8570954577370977,0.32819375,0.336003125,0.000145132074259434,0.0006495811706693097,21.414773531017286,0.5685656816804988,nan,2536.118584599986,,,D=union_ij D_ij; evaluate the complete parent-v54 amplitude on every x/t leaf; sum integrated uppers and minimize lowers
leaf,PASS,4,64,1,43,0.8570893619520192,0.8570954577370977,0.336003125,0.34381249999999997,0.00014872892333005924,0.0006674943745634428,21.290621733372397,0.4975714217063873,nan,2539.1867603000137,,,D=union_ij D_ij; evaluate the complete parent-v54 amplitude on every x/t leaf; sum integrated uppers and minimize lowers
leaf,PASS,4,64,1,44,0.8570893619520192,0.8570954577370977,0.34381249999999997,0.351621875,0.00015232457091934683,0.000685395335755111,21.16641786570651,0.43768123478913185,nan,2542.1102443999844,,,D=union_ij D_ij; evaluate the complete parent-v54 amplitude on every x/t leaf; sum integrated uppers and minimize lowers
leaf,PASS,4,64,1,45,0.8570893619520192,0.8570954577370977,0.351621875,0.35943125,0.00015591908533489258,0.0007032847932998013,21.04240230358389,0.38685431464414816,nan,2545.002112700022,,,D=union_ij D_ij; evaluate the complete parent-v54 amplitude on every x/t leaf; sum integrated uppers and minimize lowers
leaf,PASS,4,64,1,46,0.8570893619520192,0.8570954577370977,0.35943125,0.367240625,0.00015951253347958134,0.0007211634182845227,20.918779163343316,0.34364713400242036,nan,2547.904120800027,,,D=union_ij D_ij; evaluate the complete parent-v54 amplitude on every x/t leaf; sum integrated uppers and minimize lowers
leaf,PASS,4,64,1,47,0.8570893619520192,0.8570954577370977,0.367240625,0.37505,0.00016310497300711936,0.0007390318210541458,20.795721478269602,0.30669997858294473,nan,2550.799846799986,,,D=union_ij D_ij; evaluate the complete parent-v54 amplitude on every x/t leaf; sum integrated uppers and minimize lowers
leaf,PASS,4,64,1,48,0.8570893619520192,0.8570954577370977,0.37505,0.382859375,0.00016669645624714584,0.0007568905584553954,20.67337558905859,0.2748393431133116,nan,2553.6819525000174,,,D=union_ij D_ij; evaluate the complete parent-v54 amplitude on every x/t leaf; sum integrated uppers and minimize lowers
leaf,PASS,4,64,1,49,0.8570893619520192,0.8570954577370977,0.382859375,0.39066875,0.0001702870307831242,0.0007747401388293282,20.551864877849873,0.24722706917246087,nan,2556.57296640001,,,D=union_ij D_ij; evaluate the complete parent-v54 amplitude on every x/t leaf; sum integrated uppers and minimize lowers
leaf,PASS,4,64,1,50,0.8570893619520192,0.8570954577370977,0.39066875,0.398478125,0.00017387673995882604,0.0007925810272394237,20.431292952056015,0.2232039814625205,nan,2559.442437999998,,,D=union_ij D_ij; evaluate the complete parent-v54 amplitude on every x/t leaf; sum integrated uppers and minimize lowers
leaf,PASS,4,64,1,51,0.8570893619520192,0.8570954577370977,0.398478125,0.4062875,0.0001774656233233055,0.0008104136498816697,20.311746365596882,0.20222479236478066,nan,2562.3432975999895,,,D=union_ij D_ij; evaluate the complete parent-v54 amplitude on every x/t leaf; sum integrated uppers and minimize lowers
leaf,PASS,4,64,1,52,0.8570893619520192,0.8570954577370977,0.4062875,0.414096875,0.00018105371702274557,0.0008282383979680459,20.193296950045887,0.18380611447326553,nan,2565.249592499982,,,D=union_ij D_ij; evaluate the complete parent-v54 amplitude on every x/t leaf; sum integrated uppers and minimize lowers
leaf,PASS,4,64,1,53,0.8570893619520192,0.8570954577370977,0.414096875,0.42190625,0.00018464105414629187,0.0008460556311599874,20.076003815898734,0.16757387325334155,nan,2568.097490200016,,,D=union_ij D_ij; evaluate the complete parent-v54 amplitude on every x/t leaf; sum integrated uppers and minimize lowers
leaf,PASS,4,64,1,54,0.8570893619520192,0.8570954577370977,0.42190625,0.429715625,0.0001882276650319364,0.0008638656806110476,19.998344889908033,0.1529223402137981,nan,2571.004783799988,,,D=union_ij D_ij; evaluate the complete parent-v54 amplitude on every x/t leaf; sum integrated uppers and minimize lowers
leaf,PASS,4,64,1,55,0.8570893619520192,0.8570954577370977,0.429715625,0.437525,0.00019181357753762714,0.0008816688516692609,20.0992782001077,0.1386978123083196,nan,2573.8831789999967,,,D=union_ij D_ij; evaluate the complete parent-v54 amplitude on every x/t leaf; sum integrated uppers and minimize lowers
leaf,PASS,4,64,1,56,0.8570893619520192,0.8570954577370977,0.437525,0.445334375,0.00019539881728203881,0.0008994654262824437,20.16945377174147,0.12632445929365332,nan,2576.7726418999955,,,D=union_ij D_ij; evaluate the complete parent-v54 amplitude on every x/t leaf; sum integrated uppers and minimize lowers
leaf,PASS,4,64,1,57,0.8570893619520192,0.8570954577370977,0.445334375,0.45314375,0.0001989834078588121,0.0009172556651435088,20.21375979869126,0.11549387270938473,nan,2579.6504360000254,,,D=union_ij D_ij; evaluate the complete parent-v54 amplitude on every x/t leaf; sum integrated uppers and minimize lowers
leaf,PASS,4,64,1,58,0.8570893619520192,0.8570954577370977,0.45314375,0.460953125,0.00020256737102754,0.0009350398096077239,20.236250094632346,0.10596034883329934,nan,2582.55589660001,,,D=union_ij D_ij; evaluate the complete parent-v54 amplitude on every x/t leaf; sum integrated uppers and minimize lowers
leaf,PASS,4,64,1,59,0.8570893619520192,0.8570954577370977,0.460953125,0.46876249999999997,0.00020615072688433112,0.0009528180834094448,20.24031708657215,0.09752579987840557,nan,2585.4391615000204,,,D=union_ij D_ij; evaluate the complete parent-v54 amplitude on every x/t leaf; sum integrated uppers and minimize lowers
leaf,PASS,4,64,1,60,0.8570893619520192,0.8570954577370977,0.46876249999999997,0.476571875,0.00020973349401439778,0.0009705906942021485,20.228806286763394,0.09002892768554047,nan,2588.3272503000335,,,D=union_ij D_ij; evaluate the complete parent-v54 amplitude on every x/t leaf; sum integrated uppers and minimize lowers
leaf,PASS,4,64,1,61,0.8570893619520192,0.8570954577370977,0.476571875,0.48438125,0.00021331568962879252,0.0009883578349424366,20.204106232963362,0.08333721802914615,nan,2591.2168286999804,,,D=union_ij D_ij; evaluate the complete parent-v54 amplitude on every x/t leaf; sum integrated uppers and minimize lowers
leaf,PASS,4,64,1,62,0.8570893619520192,0.8570954577370977,0.48438125,0.492190625,0.00021689732968713745,0.001006119685135951,20.16823328887992,0.07734087894560467,nan,2594.117770300014,,,D=union_ij D_ij; evaluate the complete parent-v54 amplitude on every x/t leaf; sum integrated uppers and minimize lowers
leaf,PASS,4,64,1,63,0.8570893619520192,0.8570954577370977,0.492190625,0.5,0.0002204784290079545,0.0010238764119608688,20.12289442976997,0.07194826458379847,nan,2597.026046200015,,,D=union_ij D_ij; evaluate the complete parent-v54 amplitude on every x/t leaf; sum integrated uppers and minimize lowers
leaf,PASS,4,64,2,0,0.8570954577370977,0.8571015535221761,0.0002,0.008009375000000001,0.0,1.5645726337737403e-09,0.7807815913900641,1313996917529.8481,nan,3019.2681714000064,,,D=union_ij D_ij; evaluate the complete parent-v54 amplitude on every x/t leaf; sum integrated uppers and minimize lowers
leaf,PASS,4,64,2,1,0.8570954577370977,0.8571015535221761,0.008009375000000001,0.01581875,0.0,3.485727400282979e-07,5.84712460127081,120232828.50856562,nan,3296.3725022000144,,,D=union_ij D_ij; evaluate the complete parent-v54 amplitude on every x/t leaf; sum integrated uppers and minimize lowers
leaf,PASS,4,64,2,2,0.8570954577370977,0.8571015535221761,0.01581875,0.023628125,0.0,1.4381600199005607e-06,9.4945457155407,6419662726198130.0,nan,3491.733080599981,,,D=union_ij D_ij; evaluate the complete parent-v54 amplitude on every x/t leaf; sum integrated uppers and minimize lowers
leaf,PASS,4,64,2,3,0.8570954577370977,0.8571015535221761,0.023628125,0.0314375,0.0,6.444767958794184e-06,7.929503778625497,6587048604765.886,nan,3572.356604600034,,,D=union_ij D_ij; evaluate the complete parent-v54 amplitude on every x/t leaf; sum integrated uppers and minimize lowers
leaf,PASS,4,64,2,4,0.8570954577370977,0.8571015535221761,0.0314375,0.039246875,0.0,1.0744774469768555e-05,3.4315314137648882,892277284.9687082,nan,3636.574714699993,,,D=union_ij D_ij; evaluate the complete parent-v54 amplitude on every x/t leaf; sum integrated uppers and minimize lowers
leaf,PASS,4,64,2,5,0.8570954577370977,0.8571015535221761,0.039246875,0.04705625,3.996785742748679e-06,3.996785742748679e-06,1.43129370495279,11457009983.686005,nan,3661.3694152000244,,,D=union_ij D_ij; evaluate the complete parent-v54 amplitude on every x/t leaf; sum integrated uppers and minimize lowers
leaf,PASS,4,64,2,6,0.8570954577370977,0.8571015535221761,0.04705625,0.054865625,9.382234407325965e-06,9.382234407325965e-06,2.115801043903444,23379490.186361626,nan,3686.4822317999788,,,D=union_ij D_ij; evaluate the complete parent-v54 amplitude on every x/t leaf; sum integrated uppers and minimize lowers
leaf,PASS,4,64,2,7,0.8570954577370977,0.8571015535221761,0.054865625,0.06267500000000001,1.4221010202759037e-05,1.4221010202759037e-05,2.59057065557188,891114.7635335447,nan,3717.8624406000017,,,D=union_ij D_ij; evaluate the complete parent-v54 amplitude on every x/t leaf; sum integrated uppers and minimize lowers
leaf,PASS,4,64,2,8,0.8570954577370977,0.8571015535221761,0.06267500000000001,0.07048437500000002,1.872337914907751e-05,7.150383473129272e-08,1.071162562224194,13084783778695.264,nan,3728.1491226999788,,,D=union_ij D_ij; evaluate the complete parent-v54 amplitude on every x/t leaf; sum integrated uppers and minimize lowers
leaf,PASS,4,64,2,9,0.8570954577370977,0.8571015535221761,0.07048437500000002,0.07829375000000001,2.300485281335042e-05,2.300485281335042e-05,3.0522051597691853,4655673.741573823,nan,3735.9761047000065,,,D=union_ij D_ij; evaluate the complete parent-v54 amplitude on every x/t leaf; sum integrated uppers and minimize lowers
leaf,PASS,4,64,2,10,0.8570954577370977,0.8571015535221761,0.07829375000000001,0.086103125,2.7133987204326433e-05,2.7133987204326433e-05,10.507965587130792,280415.62371401204,nan,3739.230200799997,,,D=union_ij D_ij; evaluate the complete parent-v54 amplitude on every x/t leaf; sum integrated uppers and minimize lowers
leaf,PASS,4,64,2,11,0.8570954577370977,0.8571015535221761,0.086103125,0.09391250000000001,3.115394650712166e-05,6.971331953253829e-05,13.007039186434334,757146900.8947634,nan,3742.4642962000216,,,D=union_ij D_ij; evaluate the complete parent-v54 amplitude on every x/t leaf; sum integrated uppers and minimize lowers
leaf,PASS,4,64,2,12,0.8570954577370977,0.8571015535221761,0.09391250000000001,0.10172187500000002,3.509320621499438e-05,9.103440957954532e-05,14.861305941751953,970624.7839814189,nan,3745.68517479999,,,D=union_ij D_ij; evaluate the complete parent-v54 amplitude on every x/t leaf; sum integrated uppers and minimize lowers
leaf,PASS,4,64,2,13,0.8570954577370977,0.8571015535221761,0.10172187500000002,0.10953125000000001,3.897127575612612e-05,0.00011177581041797042,16.568674765607728,106737.6266748067,nan,3748.846229800023,,,D=union_ij D_ij; evaluate the complete parent-v54 amplitude on every x/t leaf; sum integrated uppers and minimize lowers
leaf,PASS,4,64,2,14,0.8570954577370977,0.8571015535221761,0.10953125000000001,0.117340625,4.280194630244573e-05,0.00013206227645593487,18.01101442052001,23280.178879267005,nan,3751.882315199997,,,D=union_ij D_ij; evaluate the complete parent-v54 amplitude on every x/t leaf; sum integrated uppers and minimize lowers
leaf,PASS,4,64,2,15,0.8570954577370977,0.8571015535221761,0.117340625,0.12515,4.659521923405134e-05,0.0001519873473330403,19.17882246465858,7123.908652231094,nan,3754.9051597000216,,,D=union_ij D_ij; evaluate the complete parent-v54 amplitude on every x/t leaf; sum integrated uppers and minimize lowers
leaf,PASS,4,64,2,16,0.8570954577370977,0.8571015535221761,0.12515,0.13295937500000002,5.035852175209939e-05,0.00017161998431540997,20.107571561117755,2695.319567635704,nan,3757.970927699993,,,D=union_ij D_ij; evaluate the complete parent-v54 amplitude on every x/t leaf; sum integrated uppers and minimize lowers
leaf,PASS,4,64,2,17,0.8570954577370977,0.8571015535221761,0.13295937500000002,0.14076875000000003,5.409702362946153e-05,0.00019101276752659692,20.83883221410189,1182.3445056769172,nan,3761.0110891999793,,,D=union_ij D_ij; evaluate the complete parent-v54 amplitude on every x/t leaf; sum integrated uppers and minimize lowers
leaf,PASS,4,64,2,18,0.8570954577370977,0.8571015535221761,0.14076875000000003,0.148578125,5.7816623155620546e-05,0.00021020655109461048,21.409835755630716,578.9902378686766,nan,3763.979924299987,,,D=union_ij D_ij; evaluate the complete parent-v54 amplitude on every x/t leaf; sum integrated uppers and minimize lowers
leaf,PASS,4,64,2,19,0.8570954577370977,0.8571015535221761,0.148578125,0.1563875,6.152039113319527e-05,0.0002292334921470024,21.85143589463532,308.8174691454715,nan,3766.986202,,,D=union_ij D_ij; evaluate the complete parent-v54 amplitude on every x/t leaf; sum integrated uppers and minimize lowers
leaf,PASS,4,64,2,20,0.8570954577370977,0.8571015535221761,0.1563875,0.16419687500000002,6.521062929612092e-05,0.0002481192178477763,22.188503779324165,176.37275717617354,nan,3770.1143343999865,,,D=union_ij D_ij; evaluate the complete parent-v54 amplitude on every x/t leaf; sum integrated uppers and minimize lowers
leaf,PASS,4,64,2,21,0.8570954577370977,0.8571015535221761,0.16419687500000002,0.17200625,6.888922619460615e-05,0.0002668842306236576,22.440905528363157,106.53510057199779,nan,3773.153650399996,,,D=union_ij D_ij; evaluate the complete parent-v54 amplitude on every x/t leaf; sum integrated uppers and minimize lowers
leaf,PASS,4,64,2,22,0.8570954577370977,0.8571015535221761,0.17200625,0.179815625,7.255775342230071e-05,0.0002855454086447451,22.62449052420244,67.43064305663692,nan,3776.2336867999984,,,D=union_ij D_ij; evaluate the complete parent-v54 amplitude on every x/t leaf; sum integrated uppers and minimize lowers
leaf,PASS,4,64,2,23,0.8570954577370977,0.8571015535221761,0.179815625,0.18762500000000001,7.621752474252895e-05,0.0003041167918861507,22.75193506981623,44.40326363740352,nan,3779.283792799979,,,D=union_ij D_ij; evaluate the complete parent-v54 amplitude on every x/t leaf; sum integrated uppers and minimize lowers
leaf,PASS,4,64,2,24,0.8570954577370977,0.8571015535221761,0.18762500000000001,0.19543437500000002,7.986964379272236e-05,0.0003226098694005389,22.833420338278987,30.24931118564077,nan,3782.2570210000267,,,D=union_ij D_ij; evaluate the complete parent-v54 amplitude on every x/t leaf; sum integrated uppers and minimize lowers
leaf,PASS,4,64,2,25,0.8570954577370977,0.8571015535221761,0.19543437500000002,0.20324375000000003,8.351504221695654e-05,0.0003410342699447002,22.87716409981667,21.22225797223467,nan,3785.2332292000065,,,D=union_ij D_ij; evaluate the complete parent-v54 amplitude on every x/t leaf; sum integrated uppers and minimize lowers
leaf,PASS,4,64,2,26,0.8570954577370977,0.8571015535221761,0.20324375000000003,0.211053125,8.715451032911271e-05,0.0003593981224033146,22.889833825258762,15.277010404530909,nan,3788.2385940999957,,,D=union_ij D_ij; evaluate the complete parent-v54 amplitude on every x/t leaf; sum integrated uppers and minimize lowers
leaf,PASS,4,64,2,27,0.8570954577370977,0.8571015535221761,0.211053125,0.21886250000000002,9.078872174168456e-05,0.0003777083033619267,22.876867038340595,11.249402855945597,nan,3791.20022649999,,,D=union_ij D_ij; evaluate the complete parent-v54 amplitude on every x/t leaf; sum integrated uppers and minimize lowers
leaf,PASS,4,64,2,28,0.8570954577370977,0.8571015535221761,0.21886250000000002,0.22667187500000002,9.441825323119825e-05,0.0003959703928739851,22.842719836821903,8.451958251144344,nan,3794.130565600004,,,D=union_ij D_ij; evaluate the complete parent-v54 amplitude on every x/t leaf; sum integrated uppers and minimize lowers
leaf,PASS,4,64,2,29,0.8570954577370977,0.8571015535221761,0.22667187500000002,0.23448125,9.804360082889045e-05,0.0004141891545824087,22.791061604303387,6.465271780689151,nan,3797.057712799986,,,D=union_ij D_ij; evaluate the complete parent-v54 amplitude on every x/t leaf; sum integrated uppers and minimize lowers
leaf,PASS,4,64,2,30,0.8570954577370977,0.8571015535221761,0.23448125,0.242290625,0.00010166510683355514,0.0004323693451278701,22.724893946087604,5.026065267581748,nan,3799.966060000006,,,D=union_ij D_ij; evaluate the complete parent-v54 amplitude on every x/t leaf; sum integrated uppers and minimize lowers
leaf,PASS,4,64,2,31,0.8570954577370977,0.8571015535221761,0.242290625,0.2501,0.00010528321999115046,0.00045051493605735733,22.646771494101372,3.9644705641100506,nan,3802.9165918999934,,,D=union_ij D_ij; evaluate the complete parent-v54 amplitude on every x/t leaf; sum integrated uppers and minimize lowers
leaf,PASS,4,64,2,32,0.8570954577370977,0.8571015535221761,0.2501,0.257909375,0.00010889827609469711,0.0004686292193478349,22.55880115280686,3.1691947523139152,nan,3805.8684178999974,,,D=union_ij D_ij; evaluate the complete parent-v54 amplitude on every x/t leaf; sum integrated uppers and minimize lowers
leaf,PASS,4,64,2,33,0.8570954577370977,0.8571015535221761,0.257909375,0.26571875,0.00011251055808364004,0.00048671505015626616,22.462740193610706,2.564319886337537,nan,3808.763412200031,,,D=union_ij D_ij; evaluate the complete parent-v54 amplitude on every x/t leaf; sum integrated uppers and minimize lowers
leaf,PASS,4,64,2,34,0.8570954577370977,0.8571015535221761,0.26571875,0.273528125,0.00011612031386532923,0.0005047749348202878,22.36006320123701,2.0978136218375942,nan,3811.8000843999907,,,D=union_ij D_ij; evaluate the complete parent-v54 amplitude on every x/t leaf; sum integrated uppers and minimize lowers
leaf,PASS,4,64,2,35,0.8570954577370977,0.8571015535221761,0.273528125,0.2813375,0.00011972776136679222,0.0005228110816895199,22.25201103373723,1.7335156049701541,nan,3814.7365593999857,,,D=union_ij D_ij; evaluate the complete parent-v54 amplitude on every x/t leaf; sum integrated uppers and minimize lowers
leaf,PASS,4,64,2,36,0.8570954577370977,0.8571015535221761,0.2813375,0.28914687499999997,0.00012333309275938879,0.0005408254433752431,22.139630482962357,1.4458405706100705,nan,3817.6661525000236,,,D=union_ij D_ij; evaluate the complete parent-v54 amplitude on every x/t leaf; sum integrated uppers and minimize lowers
leaf,PASS,4,64,2,37,0.8570954577370977,0.8571015535221761,0.28914687499999997,0.29695625,0.00012693647800700913,0.000558819752129507,22.023806561826593,1.2162559425623833,nan,3820.58166169998,,,D=union_ij D_ij; evaluate the complete parent-v54 amplitude on every x/t leaf; sum integrated uppers and minimize lowers
leaf,PASS,4,64,2,38,0.8570954577370977,0.8571015535221761,0.29695625,0.304765625,0.0001305380678584865,0.0005767955494826197,21.90528891411856,1.0311892660197648,nan,3823.5059234999935,,,D=union_ij D_ij; evaluate the complete parent-v54 amplitude on every x/t leaf; sum integrated uppers and minimize lowers
leaf,PASS,4,64,2,39,0.8570954577370977,0.8571015535221761,0.304765625,0.312575,0.0001341379963813228,0.0005947542113107183,21.784713514762515,0.8806608935610494,nan,3826.4148340999964,,,D=union_ij D_ij; evaluate the complete parent-v54 amplitude on every x/t leaf; sum integrated uppers and minimize lowers
leaf,PASS,4,64,2,40,0.8570954577370977,0.8571015535221761,0.312575,0.320384375,0.00013773638311522543,0.0006126969690811461,21.662620577159853,0.7572004119529221,nan,3829.32002330001,,,D=union_ij D_ij; evaluate the complete parent-v54 amplitude on every x/t leaf; sum integrated uppers and minimize lowers
leaf,PASS,4,64,2,41,0.8570954577370977,0.8571015535221761,0.320384375,0.32819375,0.00014133333490919749,0.0006306249279415196,21.539469391294677,0.6551514197171148,nan,3832.310036799987,,,D=union_ij D_ij; evaluate the complete parent-v54 amplitude on every x/t leaf; sum integrated uppers and minimize lowers
leaf,PASS,4,64,2,42,0.8570954577370977,0.8571015535221761,0.32819375,0.336003125,0.00014492894749417552,0.0006485390821267377,21.41565066573062,0.5701873216802392,nan,3835.22288190003,,,D=union_ij D_ij; evaluate the complete parent-v54 amplitude on every x/t leaf; sum integrated uppers and minimize lowers
leaf,PASS,4,64,2,43,0.8570954577370977,0.8571015535221761,0.336003125,0.34381249999999997,0.00014852330683380632,0.0006664403283988938,21.29149683493425,0.4989668698108241,nan,3838.131752300018,,,D=union_ij D_ij; evaluate the complete parent-v54 amplitude on every x/t leaf; sum integrated uppers and minimize lowers
leaf,PASS,4,64,2,44,0.8570954577370977,0.8571015535221761,0.34381249999999997,0.351621875,0.00015211648953192212,0.0006843294773174875,21.167290690984622,0.4388887665054223,nan,3841.0671970000258,,,D=union_ij D_ij; evaluate the complete parent-v54 amplitude on every x/t leaf; sum integrated uppers and minimize lowers
leaf,PASS,4,64,2,45,0.8570954577370977,0.8571015535221761,0.351621875,0.35943125,0.0001557085631430845,0.0007022072631622013,21.043272642123824,0.38790471562829143,nan,3843.984570700035,,,D=union_ij D_ij; evaluate the complete parent-v54 amplitude on every x/t leaf; sum integrated uppers and minimize lowers
leaf,PASS,4,64,2,46,0.8570954577370977,0.8571015535221761,0.35943125,0.367240625,0.00015929959407507118,0.0007200743525040836,20.919646833290496,0.3444068857129928,nan,3846.9071666999953,,,D=union_ij D_ij; evaluate the complete parent-v54 amplitude on every x/t leaf; sum integrated uppers and minimize lowers
leaf,PASS,4,64,2,47,0.8570954577370977,0.8571015535221761,0.367240625,0.37505,0.00016288963936018518,0.000737931351460592,20.796586322846476,0.3071023104971724,nan,3849.8245441000327,,,D=union_ij D_ij; evaluate the complete parent-v54 amplitude on every x/t leaf; sum integrated uppers and minimize lowers
leaf,PASS,4,64,2,48,0.8570954577370977,0.8571015535221761,0.37505,0.382859375,0.00016647875072867653,0.0007557788127300369,20.67423747351288,0.2751652367874567,nan,3852.7083336000214,,,D=union_ij D_ij; evaluate the complete parent-v54 amplitude on every x/t leaf; sum integrated uppers and minimize lowers
leaf,PASS,4,64,2,49,0.8570954577370977,0.8571015535221761,0.382859375,0.39066875,0.00017006697518606538,0.0007736172408552738,20.552723686804185,0.24750912944873213,nan,3855.6102555000107,,,D=union_ij D_ij; evaluate the complete parent-v54 amplitude on every x/t leaf; sum integrated uppers and minimize lowers
leaf,PASS,4,64,2,50,0.8570954577370977,0.8571015535221761,0.39066875,0.398478125,0.00017365435551899242,0.0007914470972463304,20.432148587200505,0.22343286197596568,nan,3858.50709129998,,,D=union_ij D_ij; evaluate the complete parent-v54 amplitude on every x/t leaf; sum integrated uppers and minimize lowers
leaf,PASS,4,64,2,51,0.8570954577370977,0.8571015535221761,0.398478125,0.4062875,0.0001772409307395175,0.0008092688046248629,20.312598743675863,0.20241932214316571,nan,3861.6581039000303,,,D=union_ij D_ij; evaluate the complete parent-v54 amplitude on every x/t leaf; sum integrated uppers and minimize lowers
leaf,PASS,4,64,2,52,0.8570954577370977,0.8571015535221761,0.4062875,0.414096875,0.00018082673647626494,0.0008270827508955507,20.194146001097142,0.18397917018896257,nan,3864.5893704000046,,,D=union_ij D_ij; evaluate the complete parent-v54 amplitude on every x/t leaf; sum integrated uppers and minimize lowers
leaf,PASS,4,64,2,53,0.8570954577370977,0.8571015535221761,0.414096875,0.42190625,0.00018441180531954488,0.0008448892925685026,20.07684948171058,0.16772838859543737,nan,3867.679743000015,,,D=union_ij D_ij; evaluate the complete parent-v54 amplitude on every x/t leaf; sum integrated uppers and minimize lowers
leaf,PASS,4,64,2,54,0.8570954577370977,0.8571015535221761,0.42190625,0.429715625,0.00018799616712652267,0.0008626887577917866,19.999157561514828,0.15306075379713124,nan,3874.0944230000023,,,D=union_ij D_ij; evaluate the complete parent-v54 amplitude on every x/t leaf; sum integrated uppers and minimize lowers
leaf,PASS,4,64,2,55,0.8570954577370977,0.8571015535221761,0.429715625,0.437525,0.00019157984929162042,0.0008804814490444908,20.100103999949955,0.13882085117472368,nan,3877.026777699997,,,D=union_ij D_ij; evaluate the complete parent-v54 amplitude on every x/t leaf; sum integrated uppers and minimize lowers
leaf,PASS,4,64,2,56,0.8570954577370977,0.8571015535221761,0.437525,0.445334375,0.0001951628769865915,0.0008982676455334733,20.170290184765786,0.12643435531078517,nan,3879.9489112999872,,,D=union_ij D_ij; evaluate the complete parent-v54 amplitude on every x/t leaf; sum integrated uppers and minimize lowers
leaf,PASS,4,64,2,57,0.8570954577370977,0.8571015535221761,0.445334375,0.45314375,0.00019874527337407973,0.0009160476053308006,20.21460470549583,0.11559245947254375,nan,3882.902665600006,,,D=union_ij D_ij; evaluate the complete parent-v54 amplitude on every x/t leaf; sum integrated uppers and minimize lowers
leaf,PASS,4,64,2,58,0.8570954577370977,0.8571015535221761,0.45314375,0.460953125,0.0002023270597979446,0.0009338215672837455,20.237101689774505,0.10604914613601589,nan,3885.8497075000196,,,D=union_ij D_ij; evaluate the complete parent-v54 amplitude on every x/t leaf; sum integrated uppers and minimize lowers
leaf,PASS,4,64,2,59,0.8570954577370977,0.8571015535221761,0.460953125,0.46876249999999997,0.00020590825595318473,0.0009515897527248138,20.241173863375238,0.09760607713946595,nan,3888.7826380000333,,,D=union_ij D_ij; evaluate the complete parent-v54 amplitude on every x/t leaf; sum integrated uppers and minimize lowers
leaf,PASS,4,64,2,60,0.8570954577370977,0.8571015535221761,0.46876249999999997,0.476571875,0.00020948888003790862,0.0009693523670055734,20.229666952944793,0.09010175292314389,nan,3891.678912000032,,,D=union_ij D_ij; evaluate the complete parent-v54 amplitude on every x/t leaf; sum integrated uppers and minimize lowers
leaf,PASS,4,64,2,61,0.8570954577370977,0.8571015535221761,0.476571875,0.48438125,0.0002130689488894773,0.000987109600874917,20.20496968642718,0.08340349559899804,nan,3894.572458999988,,,D=union_ij D_ij; evaluate the complete parent-v54 amplitude on every x/t leaf; sum integrated uppers and minimize lowers
leaf,PASS,4,64,2,62,0.8570954577370977,0.8571015535221761,0.48438125,0.492190625,0.00021664847810666326,0.0010048616317196494,20.169098588287685,0.07740137914412373,nan,3897.5209160000086,,,D=union_ij D_ij; evaluate the complete parent-v54 amplitude on every x/t leaf; sum integrated uppers and minimize lowers
leaf,PASS,4,64,2,63,0.8570954577370977,0.8571015535221761,0.492190625,0.5,0.0002202274821594343,0.0010226086246830405,20.123760682852375,0.0720036473942617,nan,3900.4466984000173,,,D=union_ij D_ij; evaluate the complete parent-v54 amplitude on every x/t leaf; sum integrated uppers and minimize lowers
leaf,PASS,4,64,3,0,0.8571015535221761,0.8571076493072545,0.0002,0.008009375000000001,0.0,7.906519042975229e-08,25.089928621725857,42214766.20108996,nan,4033.9419168999884,,,D=union_ij D_ij; evaluate the complete parent-v54 amplitude on every x/t leaf; sum integrated uppers and minimize lowers
leaf,PASS,4,64,3,1,0.8571015535221761,0.8571076493072545,0.008009375000000001,0.01581875,0.0,1.847970410007171e-07,5.8463225707447615,414461859.370688,nan,4338.803067600005,,,D=union_ij D_ij; evaluate the complete parent-v54 amplitude on every x/t leaf; sum integrated uppers and minimize lowers
leaf,PASS,4,64,3,2,0.8571015535221761,0.8571076493072545,0.01581875,0.023628125,0.0,1.3911128625276066e-06,9.494083743411007,6505550611573969.0,nan,4537.075596300012,,,D=union_ij D_ij; evaluate the complete parent-v54 amplitude on every x/t leaf; sum integrated uppers and minimize lowers
leaf,PASS,4,64,3,3,0.8571015535221761,0.8571076493072545,0.023628125,0.0314375,0.0,6.387700230625905e-06,7.929022706344944,6734248373736.972,nan,4611.06602899998,,,D=union_ij D_ij; evaluate the complete parent-v54 amplitude on every x/t leaf; sum integrated uppers and minimize lowers
leaf,PASS,4,64,3,4,0.8571015535221761,0.8571076493072545,0.0314375,0.039246875,0.0,1.0679198402623598e-05,3.430747828003509,910928846.0169626,nan,4704.24401189998,,,D=union_ij D_ij; evaluate the complete parent-v54 amplitude on every x/t leaf; sum integrated uppers and minimize lowers
leaf,PASS,4,64,3,5,0.8571015535221761,0.8571076493072545,0.039246875,0.04705625,3.927566040909202e-06,3.927566040909202e-06,1.4311161271293702,12211635506.584387,nan,4734.222958000028,,,D=union_ij D_ij; evaluate the complete parent-v54 amplitude on every x/t leaf; sum integrated uppers and minimize lowers
leaf,PASS,4,64,3,6,0.8571015535221761,0.8571076493072545,0.04705625,0.054865625,9.305813575891718e-06,9.305813575891718e-06,2.1156252684840515,24079089.116467737,nan,4763.057322299981,,,D=union_ij D_ij; evaluate the complete parent-v54 amplitude on every x/t leaf; sum integrated uppers and minimize lowers
leaf,PASS,4,64,3,7,0.8571015535221761,0.8571076493072545,0.054865625,0.06267500000000001,1.4138026410333023e-05,1.4138026410333023e-05,2.5903985587501985,909223.8146738816,nan,4791.940192900016,,,D=union_ij D_ij; evaluate the complete parent-v54 amplitude on every x/t leaf; sum integrated uppers and minimize lowers
leaf,PASS,4,64,3,8,0.8571015535221761,0.8571076493072545,0.06267500000000001,0.07048437500000002,1.8634326125832026e-05,1.8634326125832026e-05,1.0689399026239939,5173142.066437206,nan,4798.720294500003,,,D=union_ij D_ij; evaluate the complete parent-v54 amplitude on every x/t leaf; sum integrated uppers and minimize lowers
leaf,PASS,4,64,3,9,0.8571015535221761,0.8571076493072545,0.07048437500000002,0.07829375000000001,2.2910127600397526e-05,2.2910127600397526e-05,3.052036192446601,4870292.989823632,nan,4805.760462199978,,,D=union_ij D_ij; evaluate the complete parent-v54 amplitude on every x/t leaf; sum integrated uppers and minimize lowers
leaf,PASS,4,64,3,10,0.8571015535221761,0.8571076493072545,0.07829375000000001,0.086103125,2.7033918300456035e-05,2.7033918300456035e-05,10.507149762729645,287721.3298459642,nan,4809.0056798000005,,,D=union_ij D_ij; evaluate the complete parent-v54 amplitude on every x/t leaf; sum integrated uppers and minimize lowers
leaf,PASS,4,64,3,11,0.8571015535221761,0.8571076493072545,0.086103125,0.09391250000000001,3.104881169278653e-05,6.916819196444182e-05,13.006601521179832,767792730.8783798,nan,4812.14925409999,,,D=union_ij D_ij; evaluate the complete parent-v54 amplitude on every x/t leaf; sum integrated uppers and minimize lowers
leaf,PASS,4,64,3,12,0.8571015535221761,0.8571076493072545,0.09391250000000001,0.10172187500000002,3.498324447450909e-05,9.046614160971779e-05,14.861038451762152,982727.5350848341,nan,4815.292439099983,,,D=union_ij D_ij; evaluate the complete parent-v54 amplitude on every x/t leaf; sum integrated uppers and minimize lowers
leaf,PASS,4,64,3,13,0.8571015535221761,0.8571076493072545,0.10172187500000002,0.10953125000000001,3.8856695599370607e-05,0.0001111853247311073,16.568567229791267,107868.91146922842,nan,4818.46094010002,,,D=union_ij D_ij; evaluate the complete parent-v54 amplitude on every x/t leaf; sum integrated uppers and minimize lowers
leaf,PASS,4,64,3,14,0.8571015535221761,0.8571076493072545,0.10953125000000001,0.117340625,4.26829317767616e-05,0.00013145039585946155,18.011072508784004,23496.92655591205,nan,4821.759852799994,,,D=union_ij D_ij; evaluate the complete parent-v54 amplitude on every x/t leaf; sum integrated uppers and minimize lowers
leaf,PASS,4,64,3,15,0.8571015535221761,0.8571076493072545,0.117340625,0.12515,4.647193440458247e-05,0.00015135481154208226,19.179026235948076,7183.5640888257885,nan,4824.871191899991,,,D=union_ij D_ij; evaluate the complete parent-v54 amplitude on every x/t leaf; sum integrated uppers and minimize lowers
leaf,PASS,4,64,3,16,0.8571015535221761,0.8571076493072545,0.12515,0.13295937500000002,5.023111441707266e-05,0.0001709674631378094,20.107897469842907,2715.9660387521285,nan,4827.971557700017,,,D=union_ij D_ij; evaluate the complete parent-v54 amplitude on every x/t leaf; sum integrated uppers and minimize lowers
leaf,PASS,4,64,3,17,0.8571015535221761,0.8571076493072545,0.13295937500000002,0.14076875000000003,5.3966246352491464e-05,0.00019034087127705853,20.8392589274291,1190.7333842832256,nan,4830.996144399978,,,D=union_ij D_ij; evaluate the complete parent-v54 amplitude on every x/t leaf; sum integrated uppers and minimize lowers
leaf,PASS,4,64,3,18,0.8571015535221761,0.8571076493072545,0.14076875000000003,0.148578125,5.768262116266028e-05,0.00020951583893531219,21.41034531741643,582.8323174729635,nan,4834.324083200016,,,D=union_ij D_ij; evaluate the complete parent-v54 amplitude on every x/t leaf; sum integrated uppers and minimize lowers
leaf,PASS,4,64,3,19,0.8571015535221761,0.8571076493072545,0.148578125,0.1563875,6.138316433196856e-05,0.00022852447890842227,21.85201356201757,310.74885758821864,nan,4837.513176899985,,,D=union_ij D_ij; evaluate the complete parent-v54 amplitude on every x/t leaf; sum integrated uppers and minimize lowers
leaf,PASS,4,64,3,20,0.8571015535221761,0.8571076493072545,0.1563875,0.16419687500000002,6.507019479940335e-05,0.00024739237962018455,22.189137535254122,177.41865329662352,nan,4840.680543299997,,,D=union_ij D_ij; evaluate the complete parent-v54 amplitude on every x/t leaf; sum integrated uppers and minimize lowers
leaf,PASS,4,64,3,21,0.8571015535221761,0.8571076493072545,0.16419687500000002,0.17200625,6.874560818322945e-05,0.0002661398444919616,22.441585577188455,107.13740688367218,nan,4843.706034599978,,,D=union_ij D_ij; evaluate the complete parent-v54 amplitude on every x/t leaf; sum integrated uppers and minimize lowers
leaf,PASS,4,64,3,22,0.8571015535221761,0.8571076493072545,0.17200625,0.179815625,7.241098087169541e-05,0.00028478404762679953,22.625208854847138,67.7953725735023,nan,4846.801584800007,,,D=union_ij D_ij; evaluate the complete parent-v54 amplitude on every x/t leaf; sum integrated uppers and minimize lowers
leaf,PASS,4,64,3,23,0.8571015535221761,0.8571076493072545,0.179815625,0.18762500000000001,7.606762983944362e-05,0.0003033388410211666,22.752685099968577,44.63387544749787,nan,4850.266764,,,D=union_ij D_ij; evaluate the complete parent-v54 amplitude on every x/t leaf; sum integrated uppers and minimize lowers
leaf,PASS,4,64,3,24,0.8571015535221761,0.8571076493072545,0.18762500000000001,0.19543437500000002,7.9716660725791e-05,0.0003218156896643403,22.834196631389492,30.400618724052272,nan,4853.948540600017,,,D=union_ij D_ij; evaluate the complete parent-v54 amplitude on every x/t leaf; sum integrated uppers and minimize lowers
leaf,PASS,4,64,3,25,0.8571015535221761,0.8571076493072545,0.19543437500000002,0.20324375000000003,8.335900638049028e-05,0.0003402242007000965,22.877962141950775,21.32476683761981,nan,4857.14022250002,,,D=union_ij D_ij; evaluate the complete parent-v54 amplitude on every x/t leaf; sum integrated uppers and minimize lowers
leaf,PASS,4,64,3,26,0.8571015535221761,0.8571076493072545,0.20324375000000003,0.211053125,8.699545774582475e-05,0.00035857248346674584,22.89064984923164,15.348432224557637,nan,4860.218813900021,,,D=union_ij D_ij; evaluate the complete parent-v54 amplitude on every x/t leaf; sum integrated uppers and minimize lowers
leaf,PASS,4,64,3,27,0.8571015535221761,0.8571076493072545,0.211053125,0.21886250000000002,9.062668861563451e-05,0.0003768673968332833,22.877697884856016,11.30040906929345,nan,4863.325225099979,,,D=union_ij D_ij; evaluate the complete parent-v54 amplitude on every x/t leaf; sum integrated uppers and minimize lowers
leaf,PASS,4,64,3,28,0.8571015535221761,0.8571076493072545,0.21886250000000002,0.22667187500000002,9.42532756351409e-05,0.0003951145046413326,22.84356284412865,8.489192094965134,nan,4866.405811300036,,,D=union_ij D_ij; evaluate the complete parent-v54 amplitude on every x/t leaf; sum integrated uppers and minimize lowers
leaf,PASS,4,64,3,29,0.8571015535221761,0.8571076493072545,0.22667187500000002,0.23448125,9.787571447918855e-05,0.0004133185559733479,22.791914520796354,6.492992955494038,nan,4869.414068399987,,,D=union_ij D_ij; evaluate the complete parent-v54 amplitude on every x/t leaf; sum integrated uppers and minimize lowers
leaf,PASS,4,64,3,30,0.8571015535221761,0.8571076493072545,0.23448125,0.242290625,0.00010149440993019077,0.0004314842941265953,22.72575491232333,5.047066688390027,nan,4872.464245999989,,,D=union_ij D_ij; evaluate the complete parent-v54 amplitude on every x/t leaf; sum integrated uppers and minimize lowers
leaf,PASS,4,64,3,31,0.8571015535221761,0.8571076493072545,0.242290625,0.2501,0.00010510967490808149,0.0004496156777733851,22.64763882277888,3.9806352123036097,nan,4875.654799100012,,,D=union_ij D_ij; evaluate the complete parent-v54 amplitude on every x/t leaf; sum integrated uppers and minimize lowers
leaf,PASS,4,64,3,32,0.8571015535221761,0.8571076493072545,0.2501,0.257909375,0.00010872191698692126,0.000467715987710106,22.55967345085655,3.1811916119355983,nan,4878.733333799988,,,D=union_ij D_ij; evaluate the complete parent-v54 amplitude on every x/t leaf; sum integrated uppers and minimize lowers
leaf,PASS,4,64,3,33,0.8571015535221761,0.8571076493072545,0.257909375,0.26571875,0.00011233141834493467,0.0004857880685361897,22.463616266542857,2.5733760534719643,nan,4881.766450800002,,,D=union_ij D_ij; evaluate the complete parent-v54 amplitude on every x/t leaf; sum integrated uppers and minimize lowers
leaf,PASS,4,64,3,34,0.8571015535221761,0.8571076493072545,0.26571875,0.273528125,0.0001159384260953221,0.0005038344168111439,22.360942022224837,2.1050518111796315,nan,4884.835593800002,,,D=union_ij D_ij; evaluate the complete parent-v54 amplitude on every x/t leaf; sum integrated uppers and minimize lowers
leaf,PASS,4,64,3,35,0.8571015535221761,0.8571076493072545,0.273528125,0.2813375,0.00011954315735368084,0.0005218572318074963,22.252891718108216,1.7393649054781553,nan,4887.880235999997,,,D=union_ij D_ij; evaluate the complete parent-v54 amplitude on every x/t leaf; sum integrated uppers and minimize lowers
leaf,PASS,4,64,3,36,0.8571015535221761,0.8571076493072545,0.2813375,0.28914687499999997,0.000123145803474318,0.0005398584577006438,22.140512267046038,1.450615827137379,nan,4890.94612909999,,,D=union_ij D_ij; evaluate the complete parent-v54 amplitude on every x/t leaf; sum integrated uppers and minimize lowers
leaf,PASS,4,64,3,37,0.8571015535221761,0.8571076493072545,0.28914687499999997,0.29695625,0.0001267465336070942,0.0005578398188532112,22.024688785330756,1.2201448747307453,nan,4893.99534720002,,,D=union_ij D_ij; evaluate the complete parent-v54 amplitude on every x/t leaf; sum integrated uppers and minimize lowers
leaf,PASS,4,64,3,38,0.8571015535221761,0.8571076493072545,0.29695625,0.304765625,0.00013034549769619792,0.000575802849451312,21.906171005378543,1.034391723548844,nan,4897.051666999992,,,D=union_ij D_ij; evaluate the complete parent-v54 amplitude on every x/t leaf; sum integrated uppers and minimize lowers
leaf,PASS,4,64,3,39,0.8571015535221761,0.8571076493072545,0.304765625,0.312575,0.00013394282901849582,0.0005937489184909133,21.785594978341944,0.8833266918015786,nan,4900.042503900011,,,D=union_ij D_ij; evaluate the complete parent-v54 amplitude on every x/t leaf; sum integrated uppers and minimize lowers
leaf,PASS,4,64,3,40,0.8571015535221761,0.8571076493072545,0.312575,0.320384375,0.00013753864634037042,0.0006116792509902423,21.663500983385248,0.7594426343734058,nan,4903.102090400003,,,D=union_ij D_ij; evaluate the complete parent-v54 amplitude on every x/t leaf; sum integrated uppers and minimize lowers
leaf,PASS,4,64,3,41,0.8571015535221761,0.8571076493072545,0.320384375,0.32819375,0.0001411330557571011,0.0006295949460419009,21.540348367388017,0.6570562784667308,nan,4906.179271600035,,,D=union_ij D_ij; evaluate the complete parent-v54 amplitude on every x/t leaf; sum integrated uppers and minimize lowers
leaf,PASS,4,64,3,42,0.8571015535221761,0.8571076493072545,0.32819375,0.336003125,0.00014472615226702115,0.0006474969921869795,21.416527888269187,0.5718212030416087,nan,4909.21489459998,,,D=union_ij D_ij; evaluate the complete parent-v54 amplitude on every x/t leaf; sum integrated uppers and minimize lowers
leaf,PASS,4,64,3,43,0.8571015535221761,0.8571076493072545,0.336003125,0.34381249999999997,0.000148318021123226,0.000665386280825136,21.292372023411815,0.5003813834806251,nan,4912.2278667000355,,,D=union_ij D_ij; evaluate the complete parent-v54 amplitude on every x/t leaf; sum integrated uppers and minimize lowers
leaf,PASS,4,64,3,44,0.8571015535221761,0.8571076493072545,0.34381249999999997,0.351621875,0.00015190873820287068,0.0006832636174588199,21.168163602304215,0.44012372929936844,nan,4915.2995555999805,,,D=union_ij D_ij; evaluate the complete parent-v54 amplitude on every x/t leaf; sum integrated uppers and minimize lowers
leaf,PASS,4,64,3,45,0.8571015535221761,0.8571076493072545,0.351621875,0.35943125,0.0001554983703045265,0.0007011297315919041,21.04414306586375,0.3889920256702481,nan,4918.375570999982,,,D=union_ij D_ij; evaluate the complete parent-v54 amplitude on every x/t leaf; sum integrated uppers and minimize lowers
leaf,PASS,4,64,3,46,0.8571015535221761,0.8571076493072545,0.35943125,0.367240625,0.00015908698334079233,0.0007189852852794711,20.920514587626627,0.3453599294700397,nan,4921.45248159999,,,D=union_ij D_ij; evaluate the complete parent-v54 amplitude on every x/t leaf; sum integrated uppers and minimize lowers
leaf,PASS,4,64,3,47,0.8571015535221761,0.8571076493072545,0.367240625,0.37505,0.00016267463372144194,0.0007368308804115613,20.797451251029646,0.30793943989972755,nan,4924.467710199999,,,D=union_ij D_ij; evaluate the complete parent-v54 amplitude on every x/t leaf; sum integrated uppers and minimize lowers
leaf,PASS,4,64,3,48,0.8571015535221761,0.8571076493072545,0.37505,0.382859375,0.00016626137257628643,0.0007546670655380645,20.675099440817316,0.2756781198717196,nan,4927.491167800035,,,D=union_ij D_ij; evaluate the complete parent-v54 amplitude on every x/t leaf; sum integrated uppers and minimize lowers
leaf,PASS,4,64,3,49,0.8571015535221761,0.8571076493072545,0.382859375,0.39066875,0.00016984724633192262,0.0007724943414036307,20.55358257787733,0.2477991007293908,nan,4930.596786300011,,,D=union_ij D_ij; evaluate the complete parent-v54 amplitude on every x/t leaf; sum integrated uppers and minimize lowers
leaf,PASS,4,64,3,50,0.8571015535221761,0.8571076493072545,0.39066875,0.398478125,0.00017343229721694453,0.0007903131657648323,20.433004303755794,0.22368577426194008,nan,4933.6621361,,,D=union_ij D_ij; evaluate the complete parent-v54 amplitude on every x/t leaf; sum integrated uppers and minimize lowers
leaf,PASS,4,64,3,51,0.8571015535221761,0.8571076493072545,0.398478125,0.4062875,0.00017701656370556107,0.0008081239578689892,20.3134512024795,0.20261409918508602,nan,4936.699435600021,,,D=union_ij D_ij; evaluate the complete parent-v54 amplitude on every x/t leaf; sum integrated uppers and minimize lowers
leaf,PASS,4,64,3,52,0.8571015535221761,0.8571076493072545,0.4062875,0.414096875,0.00018060008090803607,0.0008259271023134765,20.19499513220751,0.18415243594797204,nan,4940.117980899988,,,D=union_ij D_ij; evaluate the complete parent-v54 amplitude on every x/t leaf; sum integrated uppers and minimize lowers
leaf,PASS,4,64,3,53,0.8571015535221761,0.8571076493072545,0.414096875,0.42190625,0.00018418288091509233,0.000843722952457073,20.07769522693544,0.16788308303627109,nan,4943.192939700035,,,D=union_ij D_ij; evaluate the complete parent-v54 amplitude on every x/t leaf; sum integrated uppers and minimize lowers
leaf,PASS,4,64,3,54,0.8571015535221761,0.8571076493072545,0.42190625,0.429715625,0.00018776499310236338,0.0008615118334423578,19.99997028117345,0.15319932099424644,nan,4946.196390800003,,,D=union_ij D_ij; evaluate the complete parent-v54 amplitude on every x/t leaf; sum integrated uppers and minimize lowers
leaf,PASS,4,64,3,55,0.8571015535221761,0.8571076493072545,0.429715625,0.437525,0.000191346444400083,0.0008792940448794693,20.10092985108083,0.13894402044099027,nan,4949.223039900011,,,D=union_ij D_ij; evaluate the complete parent-v54 amplitude on every x/t leaf; sum integrated uppers and minimize lowers
leaf,PASS,4,64,3,56,0.8571015535221761,0.8571076493072545,0.437525,0.445334375,0.00019492725953246077,0.0008970698632343031,20.171126651833273,0.12654436256341048,nan,4952.282501799986,,,D=union_ij D_ij; evaluate the complete parent-v54 amplitude on every x/t leaf; sum integrated uppers and minimize lowers
leaf,PASS,4,64,3,57,0.8571015535221761,0.8571076493072545,0.445334375,0.45314375,0.00019850746123055776,0.0009148395439580772,20.215449668689654,0.11569114154730063,nan,4955.609383200004,,,D=union_ij D_ij; evaluate the complete parent-v54 amplitude on every x/t leaf; sum integrated uppers and minimize lowers
leaf,PASS,4,64,3,58,0.8571015535221761,0.8571076493072545,0.45314375,0.460953125,0.0002020870704219482,0.0009326033233900664,20.237953343300283,0.1061380254415156,nan,4958.940401500033,,,D=union_ij D_ij; evaluate the complete parent-v54 amplitude on every x/t leaf; sum integrated uppers and minimize lowers
leaf,PASS,4,64,3,59,0.8571015535221761,0.8571076493072545,0.460953125,0.46876249999999997,0.0002056661064000007,0.0009503614204609225,20.24203070026449,0.09768642522044947,nan,4961.962921900034,,,D=union_ij D_ij; evaluate the complete parent-v54 amplitude on every x/t leaf; sum integrated uppers and minimize lowers
leaf,PASS,4,64,3,60,0.8571015535221761,0.8571076493072545,0.46876249999999997,0.476571875,0.00020924458697522925,0.0009681140382203027,20.23052768066111,0.09017463953827752,nan,4964.969134700019,,,D=union_ij D_ij; evaluate the complete parent-v54 amplitude on every x/t leaf; sum integrated uppers and minimize lowers
leaf,PASS,4,64,3,61,0.8571015535221761,0.8571076493072545,0.476571875,0.48438125,0.0002128225286108401,0.0009858613652093868,20.20583320265657,0.08346982653765952,nan,4968.013334500021,,,D=union_ij D_ij; evaluate the complete parent-v54 amplitude on every x/t leaf; sum integrated uppers and minimize lowers
leaf,PASS,4,64,3,62,0.8571015535221761,0.8571076493072545,0.48438125,0.492190625,0.00021639994654431828,0.001003603576696141,20.169963951503792,0.07746192589041546,nan,4971.461743100022,,,D=union_ij D_ij; evaluate the complete parent-v54 amplitude on every x/t leaf; sum integrated uppers and minimize lowers
leaf,PASS,4,64,3,63,0.8571015535221761,0.8571076493072545,0.492190625,0.5,0.00021997685489666324,0.001021340835788925,20.124627000607177,0.07205907092103477,nan,4974.622099500033,,,D=union_ij D_ij; evaluate the complete parent-v54 amplitude on every x/t leaf; sum integrated uppers and minimize lowers
schedule,SELECTED,4,64,-1,-1,0.8570832661669409,0.8571076493072545,0.0002,0.5,0.0,1.5645726337737403e-09,0.7807815913900641,2.5850549479177452e+16,1.6940658945086007e-21,4974.623345800035,,,D=union_ij D_ij; evaluate the complete parent-v54 amplitude on every x/t leaf; sum integrated uppers and minimize lowers
leaf,FAIL,2,32,0,0,0.8571076493072545,0.8571320329378949,0.0002,0.03144375,nan,nan,nan,nan,nan,413.6422237000079,IntervalSingularity,interval denominator reaches zero: away_arc_left_K5:s1:c0:left1:edge_2_1_3:stable_edge,D=union_ij D_ij; evaluate the complete parent-v54 amplitude on every x/t leaf; sum integrated uppers and minimize lowers
schedule,FAIL,2,32,-1,-1,0.8571076493072545,0.8571564165685353,0.0002,1.0,nan,nan,nan,nan,nan,413.64223439997295,IntervalSingularity,interval denominator reaches zero: away_arc_left_K5:s1:c0:left1:edge_2_1_3:stable_edge,D=union_ij D_ij; evaluate the complete parent-v54 amplitude on every x/t leaf; sum integrated uppers and minimize lowers
leaf,FAIL,4,32,0,0,0.8571076493072545,0.8571198411225747,0.0002,0.03144375,nan,nan,nan,nan,nan,119.5075623000157,IntervalSingularity,interval denominator reaches zero: away_arc_left_K5:s1:c0:left1:edge_2_1_3:stable_edge,D=union_ij D_ij; evaluate the complete parent-v54 amplitude on every x/t leaf; sum integrated uppers and minimize lowers
schedule,FAIL,4,32,-1,-1,0.8571076493072545,0.8571564165685353,0.0002,1.0,nan,nan,nan,nan,nan,119.50757429999067,IntervalSingularity,interval denominator reaches zero: away_arc_left_K5:s1:c0:left1:edge_2_1_3:stable_edge,D=union_ij D_ij; evaluate the complete parent-v54 amplitude on every x/t leaf; sum integrated uppers and minimize lowers
leaf,FAIL,4,64,0,0,0.8571076493072545,0.8571198411225747,0.0002,0.015821875,nan,nan,nan,nan,nan,57.11032469995553,IntervalSingularity,interval denominator reaches zero: away_arc_left_K5:s1:c0:left1:edge_2_1_3:stable_edge,D=union_ij D_ij; evaluate the complete parent-v54 amplitude on every x/t leaf; sum integrated uppers and minimize lowers
schedule,FAIL,4,64,-1,-1,0.8571076493072545,0.8571564165685353,0.0002,1.0,nan,nan,nan,nan,nan,57.110333299962804,IntervalSingularity,interval denominator reaches zero: away_arc_left_K5:s1:c0:left1:edge_2_1_3:stable_edge,D=union_ij D_ij; evaluate the complete parent-v54 amplitude on every x/t leaf; sum integrated uppers and minimize lowers
leaf,FAIL,2,32,0,0,0.8571076493072545,0.8571320329378949,0.0002,0.01581875,nan,nan,nan,nan,nan,429.26385600003414,IntervalSingularity,interval denominator reaches zero: away_arc_left_K5:s1:c0:left1:edge_2_1_3:stable_edge,D=union_ij D_ij; evaluate the complete parent-v54 amplitude on every x/t leaf; sum integrated uppers and minimize lowers
schedule,FAIL,2,32,-1,-1,0.8571076493072545,0.8571564165685353,0.0002,0.5,nan,nan,nan,nan,nan,429.267199599999,IntervalSingularity,interval denominator reaches zero: away_arc_left_K5:s1:c0:left1:edge_2_1_3:stable_edge,D=union_ij D_ij; evaluate the complete parent-v54 amplitude on every x/t leaf; sum integrated uppers and minimize lowers
leaf,FAIL,4,32,0,0,0.8571076493072545,0.8571198411225747,0.0002,0.01581875,nan,nan,nan,nan,nan,65.56604710000101,IntervalSingularity,interval denominator reaches zero: away_arc_left_K5:s1:c0:left1:edge_2_1_3:stable_edge,D=union_ij D_ij; evaluate the complete parent-v54 amplitude on every x/t leaf; sum integrated uppers and minimize lowers
schedule,FAIL,4,32,-1,-1,0.8571076493072545,0.8571564165685353,0.0002,0.5,nan,nan,nan,nan,nan,65.56609390000813,IntervalSingularity,interval denominator reaches zero: away_arc_left_K5:s1:c0:left1:edge_2_1_3:stable_edge,D=union_ij D_ij; evaluate the complete parent-v54 amplitude on every x/t leaf; sum integrated uppers and minimize lowers
leaf,PASS,4,64,0,0,0.8571076493072545,0.8571198411225747,0.0002,0.008009375000000001,0.0,9.181091021135922e-08,19.400260150606695,404305333.43963,nan,321.7268561000237,,,D=union_ij D_ij; evaluate the complete parent-v54 amplitude on every x/t leaf; sum integrated uppers and minimize lowers
leaf,PASS,4,64,0,1,0.8571076493072545,0.8571198411225747,0.008009375000000001,0.01581875,0.0,1.6515371943335385e-06,5.004908455083024,25065138.136099383,nan,641.3925482000341,,,D=union_ij D_ij; evaluate the complete parent-v54 amplitude on every x/t leaf; sum integrated uppers and minimize lowers
leaf,PASS,4,64,0,2,0.8571076493072545,0.8571198411225747,0.01581875,0.023628125,0.0,1.2873312284350515e-06,9.490679751544045,2.9210227136263412e+16,nan,851.6584035000415,,,D=union_ij D_ij; evaluate the complete parent-v54 amplitude on every x/t leaf; sum integrated uppers and minimize lowers
leaf,PASS,4,64,0,3,0.8571076493072545,0.8571198411225747,0.023628125,0.0314375,0.0,6.265550537219578e-06,7.91898947070731,17639706571047.195,nan,940.7900006000418,,,D=union_ij D_ij; evaluate the complete parent-v54 amplitude on every x/t leaf; sum integrated uppers and minimize lowers
leaf,PASS,4,64,0,4,0.8571076493072545,0.8571198411225747,0.0314375,0.039246875,0.0,1.0541042811409724e-05,3.3927837960067264,2132637686.0659966,nan,1013.0509621000383,,,D=union_ij D_ij; evaluate the complete parent-v54 amplitude on every x/t leaf; sum integrated uppers and minimize lowers
leaf,PASS,4,64,0,5,0.8571076493072545,0.8571198411225747,0.039246875,0.04705625,3.775186153516973e-06,3.775186153516973e-06,1.4136267156563944,32365522028.905415,nan,1042.4404978000093,,,D=union_ij D_ij; evaluate the complete parent-v54 amplitude on every x/t leaf; sum integrated uppers and minimize lowers
leaf,PASS,4,64,0,6,0.8571076493072545,0.8571198411225747,0.04705625,0.054865625,9.140348133072057e-06,9.140348133072057e-06,2.099614527838703,56792049.19473144,nan,1071.2148957000463,,,D=union_ij D_ij; evaluate the complete parent-v54 amplitude on every x/t leaf; sum integrated uppers and minimize lowers
leaf,PASS,4,64,0,7,0.8571076493072545,0.8571198411225747,0.054865625,0.06267500000000001,1.3960420513629613e-05,1.3960420513629613e-05,2.574725976013044,2080271.9979765473,nan,1097.6036393000395,,,D=union_ij D_ij; evaluate the complete parent-v54 amplitude on every x/t leaf; sum integrated uppers and minimize lowers
leaf,PASS,4,64,0,8,0.8571076493072545,0.8571198411225747,0.06267500000000001,0.07048437500000002,1.8445353273644984e-05,1.8445353273644984e-05,0.8287733782361364,15049680.688945742,nan,1105.2939628000022,,,D=union_ij D_ij; evaluate the complete parent-v54 amplitude on every x/t leaf; sum integrated uppers and minimize lowers
leaf,PASS,4,64,0,9,0.8571076493072545,0.8571198411225747,0.07048437500000002,0.07829375000000001,2.2710434703899712e-05,2.1475891825445612e-05,3.0396525261512477,13892866.610819789,nan,1113.4946650000056,,,D=union_ij D_ij; evaluate the complete parent-v54 amplitude on every x/t leaf; sum integrated uppers and minimize lowers
leaf,PASS,4,64,0,10,0.8571076493072545,0.8571198411225747,0.07829375000000001,0.086103125,2.6824056225117203e-05,2.6824056225117203e-05,10.360506131684982,723353.5430409263,nan,1116.9276716000168,,,D=union_ij D_ij; evaluate the complete parent-v54 amplitude on every x/t leaf; sum integrated uppers and minimize lowers
leaf,PASS,4,64,0,11,0.8571076493072545,0.8571198411225747,0.086103125,0.09391250000000001,3.082925659680807e-05,6.637775896058873e-05,12.885965108639082,20507102579.015305,nan,1120.4637189000496,,,D=union_ij D_ij; evaluate the complete parent-v54 amplitude on every x/t leaf; sum integrated uppers and minimize lowers
leaf,PASS,4,64,0,12,0.8571076493072545,0.8571198411225747,0.09391250000000001,0.10172187500000002,3.4754413149474355e-05,8.756596846606195e-05,14.727617812424345,2476652.312190876,nan,1124.0068656000076,,,D=union_ij D_ij; evaluate the complete parent-v54 amplitude on every x/t leaf; sum integrated uppers and minimize lowers
leaf,PASS,4,64,0,13,0.8571076493072545,0.8571198411225747,0.10172187500000002,0.10953125000000001,3.861895678319604e-05,0.00010817397995705043,16.42080598992496,259132.37699416126,nan,1127.5372548000305,,,D=union_ij D_ij; evaluate the complete parent-v54 amplitude on every x/t leaf; sum integrated uppers and minimize lowers
leaf,PASS,4,64,0,14,0.8571076493072545,0.8571198411225747,0.10953125000000001,0.117340625,4.243661468877305e-05,0.00012832678386709803,17.86210469505096,55313.31520463937,nan,1131.0526298000477,,,D=union_ij D_ij; evaluate the complete parent-v54 amplitude on every x/t leaf; sum integrated uppers and minimize lowers
leaf,PASS,4,64,0,15,0.8571076493072545,0.8571198411225747,0.117340625,0.12515,4.6217335363177016e-05,0.00014811818309008284,19.033988895747946,16708.966470829713,nan,1134.3937685000128,,,D=union_ij D_ij; evaluate the complete parent-v54 amplitude on every x/t leaf; sum integrated uppers and minimize lowers
leaf,PASS,4,64,0,16,0.8571076493072545,0.8571198411225747,0.12515,0.13295937500000002,4.996864243939946e-05,0.00016761728817331524,19.968725038675483,6266.018461597122,nan,1137.7238666000194,,,D=union_ij D_ij; evaluate the complete parent-v54 amplitude on every x/t leaf; sum integrated uppers and minimize lowers
leaf,PASS,4,64,0,17,0.8571076493072545,0.8571198411225747,0.13295937500000002,0.14076875000000003,5.3696856590163156e-05,0.0001868767410351524,20.706530624732043,2731.187252075029,nan,1141.1554783000029,,,D=union_ij D_ij; evaluate the complete parent-v54 amplitude on every x/t leaf; sum integrated uppers and minimize lowers
leaf,PASS,4,64,0,18,0.8571076493072545,0.8571198411225747,0.14076875000000003,0.148578125,5.740631375610936e-05,0.0002059374957282949,21.284048841946507,1330.9522364419297,nan,1144.5622135000303,,,D=union_ij D_ij; evaluate the complete parent-v54 amplitude on every x/t leaf; sum integrated uppers and minimize lowers
leaf,PASS,4,64,0,19,0.8571076493072545,0.8571198411225747,0.148578125,0.1563875,6.110003108542011e-05,0.00022483178207456653,21.731879879000658,707.1730059511043,nan,1147.9140593000338,,,D=union_ij D_ij; evaluate the complete parent-v54 amplitude on every x/t leaf; sum integrated uppers and minimize lowers
leaf,PASS,4,64,0,20,0.8571076493072545,0.8571198411225747,0.1563875,0.16419687500000002,6.478034730087774e-05,0.00024358526093434376,22.074794837775304,402.63280185067515,nan,1151.3719848000328,,,D=union_ij D_ij; evaluate the complete parent-v54 amplitude on every x/t leaf; sum integrated uppers and minimize lowers
leaf,PASS,4,64,0,21,0.8571076493072545,0.8571198411225747,0.16419687500000002,0.17200625,6.844915732588037e-05,0.0002622183386712685,22.332632478275933,242.58483075935462,nan,1154.8468728000298,,,D=union_ij D_ij; evaluate the complete parent-v54 amplitude on every x/t leaf; sum integrated uppers and minimize lowers
leaf,PASS,4,64,0,22,0.8571076493072545,0.8571198411225747,0.17200625,0.179815625,7.210803580015862e-05,0.00028074813109130815,22.521249121062635,153.21550235755004,nan,1158.1560871000402,,,D=union_ij D_ij; evaluate the complete parent-v54 amplitude on every x/t leaf; sum integrated uppers and minimize lowers
leaf,PASS,4,64,0,23,0.8571076493072545,0.8571198411225747,0.179815625,0.18762500000000001,7.57582972685679e-05,0.0002991885800395386,22.65334353249097,100.71099755476047,nan,1161.5935969999991,,,D=union_ij D_ij; evaluate the complete parent-v54 amplitude on every x/t leaf; sum integrated uppers and minimize lowers
leaf,PASS,4,64,0,24,0.8571076493072545,0.8571198411225747,0.18762500000000001,0.19543437500000002,7.940104452984782e-05,0.0003175511813432344,22.739125510066422,68.5026529950639,nan,1164.9752382000443,,,D=union_ij D_ij; evaluate the complete parent-v54 amplitude on every x/t leaf; sum integrated uppers and minimize lowers
leaf,PASS,4,64,0,25,0.8571076493072545,0.8571198411225747,0.19543437500000002,0.20324375000000003,8.303720734118335e-05,0.000335845554015173,22.7868428921481,47.99599816297517,nan,1168.2398766000406,,,D=union_ij D_ij; evaluate the complete parent-v54 amplitude on every x/t leaf; sum integrated uppers and minimize lowers
leaf,PASS,4,64,0,26,0.8571076493072545,0.8571198411225747,0.20324375000000003,0.211053125,8.666757340001454e-05,0.00035407982845371224,22.803192393508912,34.51028035570215,nan,1171.650798400049,,,D=union_ij D_ij; evaluate the complete parent-v54 amplitude on every x/t leaf; sum integrated uppers and minimize lowers
leaf,PASS,4,64,0,27,0.8571076493072545,0.8571198411225747,0.211053125,0.21886250000000002,9.029281323529155e-05,0.0003722608760667662,22.79363886833341,25.386254474096777,nan,1175.2061832000036,,,D=union_ij D_ij; evaluate the complete parent-v54 amplitude on every x/t leaf; sum integrated uppers and minimize lowers
leaf,PASS,4,64,0,28,0.8571076493072545,0.8571198411225747,0.21886250000000002,0.22667187500000002,9.391350027956499e-05,0.0003903944062483323,22.762663647945512,19.056241191998055,nan,1178.483664200001,,,D=union_ij D_ij; evaluate the complete parent-v54 amplitude on every x/t leaf; sum integrated uppers and minimize lowers
leaf,PASS,4,64,0,29,0.8571076493072545,0.8571198411225747,0.22667187500000002,0.23448125,9.7530127036539e-05,0.0004084848817826579,22.71395822641879,14.56540475784574,nan,1181.8647837000317,,,D=union_ij D_ij; evaluate the complete parent-v54 amplitude on every x/t leaf; sum integrated uppers and minimize lowers
leaf,PASS,4,64,0,30,0.8571076493072545,0.8571198411225747,0.23448125,0.242290625,0.00010114311754936138,0.0004265371154137416,22.650544239717668,11.315086040599391,nan,1185.2457965000067,,,D=union_ij D_ij; evaluate the complete parent-v54 amplitude on every x/t leaf; sum integrated uppers and minimize lowers
leaf,PASS,4,64,0,31,0.8571076493072545,0.8571198411225747,0.242290625,0.2501,0.00010475281152662107,0.00044455516845502257,22.57499472865737,8.919521136099563,nan,1188.4734547000262,,,D=union_ij D_ij; evaluate the complete parent-v54 amplitude on every x/t leaf; sum integrated uppers and minimize lowers
leaf,PASS,4,64,0,32,0.8571076493072545,0.8571198411225747,0.2501,0.257909375,0.00010835947715326498,0.0004625423258454231,22.489433262398514,7.124829239690068,nan,1191.8559600000153,,,D=union_ij D_ij; evaluate the complete parent-v54 amplitude on every x/t leaf; sum integrated uppers and minimize lowers
leaf,PASS,4,64,0,33,0.8571076493072545,0.8571198411225747,0.257909375,0.26571875,0.00011196347851229438,0.00048050143314387687,22.395631591146483,5.7601906595950325,nan,1195.166033400048,,,D=union_ij D_ij; evaluate the complete parent-v54 amplitude on every x/t leaf; sum integrated uppers and minimize lowers
leaf,PASS,4,64,0,34,0.8571076493072545,0.8571198411225747,0.26571875,0.273528125,0.00011556506008800632,0.0004984349871256893,22.295077236401916,4.708687848024376,nan,1198.4777778999996,,,D=union_ij D_ij; evaluate the complete parent-v54 amplitude on every x/t leaf; sum integrated uppers and minimize lowers
leaf,PASS,4,64,0,35,0.8571076493072545,0.8571198411225747,0.273528125,0.2813375,0.00011916443648020819,0.0005163451866785304,22.189022627404558,3.888876707562029,nan,1201.9844821000006,,,D=union_ij D_ij; evaluate the complete parent-v54 amplitude on every x/t leaf; sum integrated uppers and minimize lowers
leaf,PASS,4,64,0,36,0.8571076493072545,0.8571198411225747,0.2813375,0.28914687499999997,0.0001227617966391353,0.0005342339751163583,22.07852492053691,3.242245350117396,nan,1205.257958000002,,,D=union_ij D_ij; evaluate the complete parent-v54 amplitude on every x/t leaf; sum integrated uppers and minimize lowers
leaf,PASS,4,64,0,37,0.8571076493072545,0.8571198411225747,0.28914687499999997,0.29695625,0.00012635730741960313,0.0005521030755456431,21.964478427935912,2.7263547382724265,nan,1208.7885464000283,,,D=union_ij D_ij; evaluate the complete parent-v54 amplitude on every x/t leaf; sum integrated uppers and minimize lowers
leaf,PASS,4,64,0,38,0.8571076493072545,0.8571198411225747,0.29695625,0.304765625,0.00012995111657623874,0.0005699540205639745,21.847641151978028,2.3107204331823366,nan,1212.1831887000008,,,D=union_ij D_ij; evaluate the complete parent-v54 amplitude on every x/t leaf; sum integrated uppers and minimize lowers
leaf,PASS,4,64,0,39,0.8571076493072545,0.8571198411225747,0.304765625,0.312575,0.00013354335529775583,0.0005877881773510002,21.728656595208335,1.972812590694951,nan,1215.4775517000235,,,D=union_ij D_ij; evaluate the complete parent-v54 amplitude on every x/t leaf; sum integrated uppers and minimize lowers
leaf,PASS,4,64,0,40,0.8571076493072545,0.8571198411225747,0.312575,0.320384375,0.00013713414035941516,0.0006056067689219383,21.608071763506693,1.6957865871613738,nan,1218.8157648000051,,,D=union_ij D_ij; evaluate the complete parent-v54 amplitude on every x/t leaf; sum integrated uppers and minimize lowers
leaf,PASS,4,64,0,41,0.8571076493072545,0.8571198411225747,0.320384375,0.32819375,0.00014072357595788982,0.0006234108922064484,21.48635208813903,1.4668957269502156,nan,1222.3805254000472,,,D=union_ij D_ij; evaluate the complete parent-v54 amplitude on every x/t leaf; sum integrated uppers and minimize lowers
leaf,PASS,4,64,0,42,0.8571076493072545,0.8571198411225747,0.32819375,0.336003125,0.0001443117552808844,0.0006412015334431899,21.363893840841147,1.2763952441419582,nan,1225.7841339000151,,,D=union_ij D_ij; evaluate the complete parent-v54 amplitude on every x/t leaf; sum integrated uppers and minimize lowers
leaf,PASS,4,64,0,43,0.8571076493072545,0.8571198411225747,0.336003125,0.34381249999999997,0.00014789876185436447,0.0006589795816547512,21.241034505849516,1.1167643839174386,nan,1229.1376894999994,,,D=union_ij D_ij; evaluate the complete parent-v54 amplitude on every x/t leaf; sum integrated uppers and minimize lowers
leaf,PASS,4,64,0,44,0.8571076493072545,0.8571198411225747,0.34381249999999997,0.351621875,0.00015148466990795944,0.0006767458399559336,21.118061468297736,0.9821466636074633,nan,1234.6665483000106,,,D=union_ij D_ij; evaluate the complete parent-v54 amplitude on every x/t leaf; sum integrated uppers and minimize lowers
leaf,PASS,4,64,0,45,0.8571076493072545,0.8571198411225747,0.351621875,0.35943125,0.00015506954449622881,0.0006945010353836315,20.99521932087992,0.8679412851774306,nan,1238.5764936000342,,,D=union_ij D_ij; evaluate the complete parent-v54 amplitude on every x/t leaf; sum integrated uppers and minimize lowers
leaf,PASS,4,64,0,46,0.8571076493072545,0.8571198411225747,0.35943125,0.367240625,0.00015865345021852994,0.0007122458275015014,20.87271602817796,0.770504512853491,nan,1242.118840900017,,,D=union_ij D_ij; evaluate the complete parent-v54 amplitude on every x/t leaf; sum integrated uppers and minimize lowers
leaf,PASS,4,64,0,47,0.8571076493072545,0.8571198411225747,0.367240625,0.37505,0.0001622364420474165,0.0007299808158455559,20.750728141437083,0.686940316246725,nan,1245.729792600032,,,D=union_ij D_ij; evaluate the complete parent-v54 amplitude on every x/t leaf; sum integrated uppers and minimize lowers
leaf,PASS,4,64,0,48,0.8571076493072545,0.8571198411225747,0.37505,0.382859375,0.00016581856973910965,0.000747706546335639,20.629405223017965,0.614921263430223,nan,1249.0628157000174,,,D=union_ij D_ij; evaluate the complete parent-v54 amplitude on every x/t leaf; sum integrated uppers and minimize lowers
leaf,PASS,4,64,0,49,0.8571076493072545,0.8571198411225747,0.382859375,0.39066875,0.00016939987840674774,0.0007654235170388872,20.508873610408042,0.5525449799833222,nan,1252.482696000021,,,D=union_ij D_ij; evaluate the complete parent-v54 amplitude on every x/t leaf; sum integrated uppers and minimize lowers
leaf,PASS,4,64,0,50,0.8571076493072545,0.8571198411225747,0.39066875,0.398478125,0.00017298040902229708,0.0007831321834050779,20.38923962654305,0.49827893584413246,nan,1255.8356004000525,,,D=union_ij D_ij; evaluate the complete parent-v54 amplitude on every x/t leaf; sum integrated uppers and minimize lowers
leaf,PASS,4,64,0,51,0.8571076493072545,0.8571198411225747,0.398478125,0.4062875,0.00017656019885706016,0.0008008329622317982,20.270592324497525,0.45087895807104805,nan,1259.1027341000154,,,D=union_ij D_ij; evaluate the complete parent-v54 amplitude on every x/t leaf; sum integrated uppers and minimize lowers
leaf,PASS,4,64,0,52,0.8571076493072545,0.8571198411225747,0.4062875,0.414096875,0.00018013928186918975,0.0008185262356956158,20.153005839438755,0.40976669166960644,nan,1262.5374609000282,,,D=union_ij D_ij; evaluate the complete parent-v54 amplitude on every x/t leaf; sum integrated uppers and minimize lowers
leaf,PASS,4,64,0,53,0.8571076493072545,0.8571198411225747,0.414096875,0.42190625,0.0001837176890453431,0.0008362123547674539,20.03654140838879,0.37354262485642326,nan,1265.7539292000001,,,D=union_ij D_ij; evaluate the complete parent-v54 amplitude on every x/t leaf; sum integrated uppers and minimize lowers
leaf,PASS,4,64,0,54,0.8571076493072545,0.8571198411225747,0.42190625,0.429715625,0.0001872954487025499,0.0008538916422381798,19.92124910824562,0.3415145881245415,nan,1269.0097387999995,,,D=union_ij D_ij; evaluate the complete parent-v54 amplitude on every x/t leaf; sum integrated uppers and minimize lowers
leaf,PASS,4,64,0,55,0.8571076493072545,0.8571198411225747,0.429715625,0.437525,0.00019087258675547567,0.0008715643954048506,20.018885327032514,0.30978243619157536,nan,1272.3574040000094,,,D=union_ij D_ij; evaluate the complete parent-v54 amplitude on every x/t leaf; sum integrated uppers and minimize lowers
leaf,PASS,4,64,0,56,0.8571076493072545,0.8571198411225747,0.437525,0.445334375,0.00019444912695351928,0.0008892308884608088,20.09691468199281,0.2820248120071251,nan,1275.7159377000062,,,D=union_ij D_ij; evaluate the complete parent-v54 amplitude on every x/t leaf; sum integrated uppers and minimize lowers
leaf,PASS,4,64,0,57,0.8571076493072545,0.8571198411225747,0.445334375,0.45314375,0.00019802509109155035,0.0009068913746266512,20.148107437973856,0.2577495856151326,nan,1278.9492535000318,,,D=union_ij D_ij; evaluate the complete parent-v54 amplitude on every x/t leaf; sum integrated uppers and minimize lowers
leaf,PASS,4,64,0,58,0.8571076493072545,0.8571198411225747,0.45314375,0.460953125,0.00020160049919756314,0.000924546088053951,20.176666106614228,0.2363979201585592,nan,1282.373954300012,,,D=union_ij D_ij; evaluate the complete parent-v54 amplitude on every x/t leaf; sum integrated uppers and minimize lowers
leaf,PASS,4,64,0,59,0.8571076493072545,0.8571198411225747,0.460953125,0.46876249999999997,0.00020517536970007263,0.0009421952455292204,20.186077459328313,0.21752051389403493,nan,1285.665172500012,,,D=union_ij D_ij; evaluate the complete parent-v54 amplitude on every x/t leaf; sum integrated uppers and minimize lowers
leaf,PASS,4,64,0,60,0.8571076493072545,0.8571198411225747,0.46876249999999997,0.476571875,0.00020874971957769516,0.0009598390480018888,20.17930654042062,0.20075167963270937,nan,1288.879859800043,,,D=union_ij D_ij; evaluate the complete parent-v54 amplitude on every x/t leaf; sum integrated uppers and minimize lowers
leaf,PASS,4,64,0,61,0.8571076493072545,0.8571198411225747,0.476571875,0.48438125,0.000212323564493032,0.0009774776819569302,20.15882445023257,0.18579167722367357,nan,1292.2244179000263,,,D=union_ij D_ij; evaluate the complete parent-v54 amplitude on every x/t leaf; sum integrated uppers and minimize lowers
leaf,PASS,4,64,0,62,0.8571076493072545,0.8571198411225747,0.48438125,0.492190625,0.0002158969189126931,0.0009951113206500346,20.126717090036212,0.1723925087901602,nan,1295.5641537000192,,,D=union_ij D_ij; evaluate the complete parent-v54 amplitude on every x/t leaf; sum integrated uppers and minimize lowers
leaf,PASS,4,64,0,63,0.8571076493072545,0.8571198411225747,0.492190625,0.5,0.0002194697962150631,0.0010127401252209582,20.084750143307957,0.16034742349353034,nan,1299.0700615000096,,,D=union_ij D_ij; evaluate the complete parent-v54 amplitude on every x/t leaf; sum integrated uppers and minimize lowers
leaf,PASS,4,64,1,0,0.8571198411225747,0.8571320329378949,0.0002,0.008009375000000001,0.0,6.267418106380305e-08,19.308705941175724,560947890.4634377,nan,1446.2508944,,,D=union_ij D_ij; evaluate the complete parent-v54 amplitude on every x/t leaf; sum integrated uppers and minimize lowers
leaf,PASS,4,64,1,1,0.8571198411225747,0.8571320329378949,0.008009375000000001,0.01581875,0.0,1.5981071565771637e-06,5.022559632634351,28363682.82653893,nan,1801.583149700018,,,D=union_ij D_ij; evaluate the complete parent-v54 amplitude on every x/t leaf; sum integrated uppers and minimize lowers
leaf,PASS,4,64,1,2,0.8571198411225747,0.8571320329378949,0.01581875,0.023628125,0.0,1.193234577398323e-06,9.489755463220334,3.035884205747871e+16,nan,2009.837280900043,,,D=union_ij D_ij; evaluate the complete parent-v54 amplitude on every x/t leaf; sum integrated uppers and minimize lowers
leaf,PASS,4,64,1,3,0.8571198411225747,0.8571320329378949,0.023628125,0.0314375,0.0,6.151412237202803e-06,7.918025173454385,18505349377015.668,nan,2088.2759447999997,,,D=union_ij D_ij; evaluate the complete parent-v54 amplitude on every x/t leaf; sum integrated uppers and minimize lowers
leaf,PASS,4,64,1,4,0.8571198411225747,0.8571320329378949,0.0314375,0.039246875,0.0,1.0409887383858941e-05,3.3912054942990166,2225761054.036901,nan,2162.642393700022,,,D=union_ij D_ij; evaluate the complete parent-v54 amplitude on every x/t leaf; sum integrated uppers and minimize lowers
leaf,PASS,4,64,1,5,0.8571198411225747,0.8571320329378949,0.039246875,0.04705625,3.636743261417749e-06,3.636743261417749e-06,1.4132746899850348,37169680011.35439,nan,2190.3374146000133,,,D=union_ij D_ij; evaluate the complete parent-v54 amplitude on every x/t leaf; sum integrated uppers and minimize lowers
leaf,PASS,4,64,1,6,0.8571198411225747,0.8571320329378949,0.04705625,0.054865625,8.987502651026808e-06,8.987502651026808e-06,2.0992649822473926,60394140.20751092,nan,2218.2052997000283,,,D=union_ij D_ij; evaluate the complete parent-v54 amplitude on every x/t leaf; sum integrated uppers and minimize lowers
leaf,PASS,4,64,1,7,0.8571198411225747,0.8571320329378949,0.054865625,0.06267500000000001,1.3794448792485824e-05,1.3794448792485824e-05,2.5743831819822147,2168152.44157679,nan,2244.1361215000506,,,D=union_ij D_ij; evaluate the complete parent-v54 amplitude on every x/t leaf; sum integrated uppers and minimize lowers
leaf,PASS,4,64,1,8,0.8571198411225747,0.8571320329378949,0.06267500000000001,0.07048437500000002,1.8267242788314162e-05,1.8267242788314162e-05,0.8242643725137395,15623844.218129411,nan,2251.1204729000456,,,D=union_ij D_ij; evaluate the complete parent-v54 amplitude on every x/t leaf; sum integrated uppers and minimize lowers
leaf,PASS,4,64,1,9,0.8571198411225747,0.8571320329378949,0.07048437500000002,0.07829375000000001,2.2520979557090794e-05,2.0484716383379527e-05,3.0393155704469876,15423291.974711176,nan,2258.321520199999,,,D=union_ij D_ij; evaluate the complete parent-v54 amplitude on every x/t leaf; sum integrated uppers and minimize lowers
leaf,PASS,4,64,1,10,0.8571198411225747,0.8571320329378949,0.07829375000000001,0.086103125,2.6623913431329048e-05,2.6623913431329048e-05,10.358839432500924,764426.3733959456,nan,2261.769137300027,,,D=union_ij D_ij; evaluate the complete parent-v54 amplitude on every x/t leaf; sum integrated uppers and minimize lowers
leaf,PASS,4,64,1,11,0.8571198411225747,0.8571320329378949,0.086103125,0.09391250000000001,3.061898173123328e-05,6.528744575077744e-05,12.885062058945152,20932881588.065746,nan,2265.1658591000014,,,D=union_ij D_ij; evaluate the complete parent-v54 amplitude on every x/t leaf; sum integrated uppers and minimize lowers
leaf,PASS,4,64,1,12,0.8571198411225747,0.8571320329378949,0.09391250000000001,0.10172187500000002,3.4534484193019865e-05,8.64293720064088e-05,14.72707710152203,2541612.276787317,nan,2268.487953600008,,,D=union_ij D_ij; evaluate the complete parent-v54 amplitude on every x/t leaf; sum integrated uppers and minimize lowers
leaf,PASS,4,64,1,13,0.8571198411225747,0.8571320329378949,0.10172187500000002,0.10953125000000001,3.838979076632379e-05,0.00010699294528712665,16.420569301231183,264857.7903480322,nan,2271.8643378000124,,,D=union_ij D_ij; evaluate the complete parent-v54 amplitude on every x/t leaf; sum integrated uppers and minimize lowers
leaf,PASS,4,64,1,14,0.8571198411225747,0.8571320329378949,0.10953125000000001,0.117340625,4.219857971560517e-05,0.00012710295632229908,17.862193735153824,56381.28081769468,nan,2275.131414400006,,,D=union_ij D_ij; evaluate the complete parent-v54 amplitude on every x/t leaf; sum integrated uppers and minimize lowers
leaf,PASS,4,64,1,15,0.8571198411225747,0.8571320329378949,0.117340625,0.12515,4.597076672582765e-05,0.00014685304186596736,19.034367852415677,16998.060357912185,nan,2278.396677600045,,,D=union_ij D_ij; evaluate the complete parent-v54 amplitude on every x/t leaf; sum integrated uppers and minimize lowers
leaf,PASS,4,64,1,16,0.8571198411225747,0.8571320329378949,0.12515,0.13295937500000002,4.9715149155355724e-05,0.00016631217268377622,19.969348489385105,6364.906714104268,nan,2281.69091070001,,,D=union_ij D_ij; evaluate the complete parent-v54 amplitude on every x/t leaf; sum integrated uppers and minimize lowers
leaf,PASS,4,64,1,17,0.8571198411225747,0.8571320329378949,0.13295937500000002,0.14076875000000003,5.343700267508207e-05,0.00018553287174669013,20.70735659567148,2771.0237123552347,nan,2285.0788731000503,,,D=union_ij D_ij; evaluate the complete parent-v54 amplitude on every x/t leaf; sum integrated uppers and minimize lowers
leaf,PASS,4,64,1,18,0.8571198411225747,0.8571320329378949,0.14076875000000003,0.148578125,5.71400140893335e-05,0.00020455599079749766,21.285041688013163,1349.0767971151788,nan,2288.289428500051,,,D=union_ij D_ij; evaluate the complete parent-v54 amplitude on every x/t leaf; sum integrated uppers and minimize lowers
leaf,PASS,4,64,1,19,0.8571198411225747,0.8571320329378949,0.148578125,0.1563875,6.08272839789305e-05,0.00022341367102623693,21.733010189273774,716.236048715467,nan,2291.521987600019,,,D=union_ij D_ij; evaluate the complete parent-v54 amplitude on every x/t leaf; sum integrated uppers and minimize lowers
leaf,PASS,4,64,1,20,0.8571198411225747,0.8571320329378949,0.1563875,0.16419687500000002,6.450118264139494e-05,0.0002421312428020387,22.076038563745534,407.52161653132816,nan,2294.9597631000215,,,D=union_ij D_ij; evaluate the complete parent-v54 amplitude on every x/t leaf; sum integrated uppers and minimize lowers
leaf,PASS,4,64,1,21,0.8571198411225747,0.8571320329378949,0.16419687500000002,0.17200625,6.816362276909698e-05,0.00026072947354716997,22.333969973827955,245.38863738793438,nan,2298.220331400051,,,D=union_ij D_ij; evaluate the complete parent-v54 amplitude on every x/t leaf; sum integrated uppers and minimize lowers
leaf,PASS,4,64,1,22,0.8571198411225747,0.8571320329378949,0.17200625,0.179815625,7.181618881381692e-05,0.000279225311904579,22.522664292649726,154.90826043408475,nan,2301.630923799996,,,D=union_ij D_ij; evaluate the complete parent-v54 amplitude on every x/t leaf; sum integrated uppers and minimize lowers
leaf,PASS,4,64,1,23,0.8571198411225747,0.8571320329378949,0.179815625,0.18762500000000001,7.54602018497063e-05,0.0002976325767792304,22.654823139330496,101.77855347100098,nan,2305.110848900047,,,D=union_ij D_ij; evaluate the complete parent-v54 amplitude on every x/t leaf; sum integrated uppers and minimize lowers
leaf,PASS,4,64,1,24,0.8571198411225747,0.8571320329378949,0.18762500000000001,0.19543437500000002,7.909676886207695e-05,0.00031596271587947997,22.74065860397503,69.20154256922547,nan,2308.3985107000335,,,D=union_ij D_ij; evaluate the complete parent-v54 amplitude on every x/t leaf; sum integrated uppers and minimize lowers
leaf,PASS,4,64,1,25,0.8571198411225747,0.8571320329378949,0.19543437500000002,0.20324375000000003,8.272682211067554e-05,0.0003342253049987943,22.788420374017704,48.468576382922045,nan,2311.6976598000037,,,D=union_ij D_ij; evaluate the complete parent-v54 amplitude on every x/t leaf; sum integrated uppers and minimize lowers
leaf,PASS,4,64,1,26,0.8571198411225747,0.8571320329378949,0.20324375000000003,0.211053125,8.635115059071205e-05,0.0003524284354488478,22.804806662754483,34.83898831091024,nan,2315.01540460001,,,D=union_ij D_ij; evaluate the complete parent-v54 amplitude on every x/t leaf; sum integrated uppers and minimize lowers
leaf,PASS,4,64,1,27,0.8571198411225747,0.8571320329378949,0.211053125,0.21886250000000002,8.997042524735767e-05,0.0003705789432097171,22.795283545512174,25.620654726565252,nan,2318.270813500043,,,D=union_ij D_ij; evaluate the complete parent-v54 amplitude on every x/t leaf; sum integrated uppers and minimize lowers
leaf,PASS,4,64,1,28,0.8571198411225747,0.8571320329378949,0.21886250000000002,0.22667187500000002,9.358521926240885e-05,0.000388682505267303,22.764333354032406,19.22712281316345,nan,2321.4634794000303,,,D=union_ij D_ij; evaluate the complete parent-v54 amplitude on every x/t leaf; sum integrated uppers and minimize lowers
leaf,PASS,4,64,1,29,0.8571198411225747,0.8571320329378949,0.22667187500000002,0.23448125,9.719602442063954e-05,0.00040674355528606295,22.7156484076959,14.692477388438379,nan,2324.8280545000453,,,D=union_ij D_ij; evaluate the complete parent-v54 amplitude on every x/t leaf; sum integrated uppers and minimize lowers
leaf,PASS,4,64,1,30,0.8571198411225747,0.8571320329378949,0.23448125,0.242290625,0.0001008032637686209,0.0004247668793024476,22.652251132178776,11.41125388095678,nan,2328.0104998000315,,,D=union_ij D_ij; evaluate the complete parent-v54 amplitude on every x/t leaf; sum integrated uppers and minimize lowers
leaf,PASS,4,64,1,31,0.8571198411225747,0.8571320329378949,0.242290625,0.2501,0.00010440730455962344,0.00044275651288609507,22.576714914673918,8.993470412174542,nan,2331.263782299997,,,D=union_ij D_ij; evaluate the complete parent-v54 amplitude on every x/t leaf; sum integrated uppers and minimize lowers
leaf,PASS,4,64,1,32,0.8571198411225747,0.8571320329378949,0.2501,0.257909375,0.00010800845969960842,0.0004607157186328666,22.491163917849935,7.18252005359621,nan,2334.810389499995,,,D=union_ij D_ij; evaluate the complete parent-v54 amplitude on every x/t leaf; sum integrated uppers and minimize lowers
leaf,PASS,4,64,1,33,0.8571198411225747,0.8571320329378949,0.257909375,0.26571875,0.00011160690675024942,0.000478647320989281,22.397370292471713,5.805792373646342,nan,2338.5235216,,,D=union_ij D_ij; evaluate the complete parent-v54 amplitude on every x/t leaf; sum integrated uppers and minimize lowers
leaf,PASS,4,64,1,34,0.8571198411225747,0.8571320329378949,0.26571875,0.273528125,0.00011520298670344059,0.0004965537971767913,22.29682189841681,4.745105209959732,nan,2341.8345327000134,,,D=union_ij D_ij; evaluate the complete parent-v54 amplitude on every x/t leaf; sum integrated uppers and minimize lowers
leaf,PASS,4,64,1,35,0.8571198411225747,0.8571320329378949,0.273528125,0.2813375,0.00011879692523008881,0.0005144373279310766,22.190771451969137,3.917628565588872,nan,2345.2558594000293,,,D=union_ij D_ij; evaluate the complete parent-v54 amplitude on every x/t leaf; sum integrated uppers and minimize lowers
leaf,PASS,4,64,1,36,0.8571198411225747,0.8571320329378949,0.2813375,0.28914687499999997,0.00012238890963824745,0.0005322998396789648,22.080276353968088,3.264766717238291,nan,2348.4550447000074,,,D=union_ij D_ij; evaluate the complete parent-v54 amplitude on every x/t leaf; sum integrated uppers and minimize lowers
leaf,PASS,4,64,1,37,0.8571198411225747,0.8571320329378949,0.28914687499999997,0.29695625,0.0001259791051467832,0.0005501430397844117,21.966231125507786,2.7443112018315943,nan,2351.84464330005,,,D=union_ij D_ij; evaluate the complete parent-v54 amplitude on every x/t leaf; sum integrated uppers and minimize lowers
leaf,PASS,4,64,1,38,0.8571198411225747,0.8571320329378949,0.29695625,0.304765625,0.0001295676578933994,0.0005679684461497944,21.849393948196443,2.3256384196789917,nan,2355.1794623000314,,,D=union_ij D_ij; evaluate the complete parent-v54 amplitude on every x/t leaf; sum integrated uppers and minimize lowers
leaf,PASS,4,64,1,39,0.8571198411225747,0.8571320329378949,0.304765625,0.312575,0.0001331546974782035,0.0005857774121881539,21.73040847881336,1.9853062401088486,nan,2358.380586500047,,,D=union_ij D_ij; evaluate the complete parent-v54 amplitude on every x/t leaf; sum integrated uppers and minimize lowers
leaf,PASS,4,64,1,40,0.8571198411225747,0.8571320329378949,0.312575,0.320384375,0.000136740339122793,0.0006035711480079397,21.609821856365638,1.7063282703180687,nan,2361.624925800017,,,D=union_ij D_ij; evaluate the complete parent-v54 amplitude on every x/t leaf; sum integrated uppers and minimize lowers
leaf,PASS,4,64,1,41,0.8571198411225747,0.8571320329378949,0.320384375,0.32819375,0.00014032468550971268,0.0006213507384392901,21.488099627355098,1.4758524350973654,nan,2365.045949100051,,,D=union_ij D_ij; evaluate the complete parent-v54 amplitude on every x/t leaf; sum integrated uppers and minimize lowers
leaf,PASS,4,64,1,42,0.8571198411225747,0.8571320329378949,0.32819375,0.336003125,0.00014390782835511449,0.0006391171583346504,21.365638163536484,1.2840547761399985,nan,2368.2268939000205,,,D=union_ij D_ij; evaluate the complete parent-v54 amplitude on every x/t leaf; sum integrated uppers and minimize lowers
leaf,PASS,4,64,1,43,0.8571198411225747,0.8571320329378949,0.336003125,0.34381249999999997,0.00014748984975784487,0.0006568712859925462,21.24277503615744,1.1233543668977428,nan,2371.4247650000034,,,D=union_ij D_ij; evaluate the complete parent-v54 amplitude on every x/t leaf; sum integrated uppers and minimize lowers
leaf,PASS,4,64,1,44,0.8571198411225747,0.8571320329378949,0.34381249999999997,0.351621875,0.00015107082249459712,0.0006746139144149171,21.119797706245585,0.9878487070969122,nan,2374.900998500001,,,D=union_ij D_ij; evaluate the complete parent-v54 amplitude on every x/t leaf; sum integrated uppers and minimize lowers
leaf,PASS,4,64,1,45,0.8571198411225747,0.8571320329378949,0.351621875,0.35943125,0.00015465081008737234,0.0006923457610880339,20.996950832820396,0.8729014322773395,nan,2378.0963769000373,,,D=union_ij D_ij; evaluate the complete parent-v54 amplitude on every x/t leaf; sum integrated uppers and minimize lowers
leaf,PASS,4,64,1,46,0.8571198411225747,0.8571320329378949,0.35943125,0.367240625,0.00015822987614952554,0.0007100674765445523,20.8744424385471,0.7748409286954864,nan,2381.3321507000364,,,D=union_ij D_ij; evaluate the complete parent-v54 amplitude on every x/t leaf; sum integrated uppers and minimize lowers
leaf,PASS,4,64,1,47,0.8571198411225747,0.8571320329378949,0.367240625,0.37505,0.00016180807440369625,0.0007277796517702853,20.752449125630488,0.6907491721474086,nan,2384.7728215000243,,,D=union_ij D_ij; evaluate the complete parent-v54 amplitude on every x/t leaf; sum integrated uppers and minimize lowers
leaf,PASS,4,64,1,48,0.8571198411225747,0.8571320329378949,0.37505,0.382859375,0.0001653854534006449,0.000745482824663642,20.631120501217893,0.6182818687467139,nan,2388.015830600052,,,D=union_ij D_ij; evaluate the complete parent-v54 amplitude on every x/t leaf; sum integrated uppers and minimize lowers
leaf,PASS,4,64,1,49,0.8571198411225747,0.8571320329378949,0.382859375,0.39066875,0.00016896205709133813,0.0007631774854498008,20.51058294222028,0.55552252631837,nan,2391.285276700044,,,D=union_ij D_ij; evaluate the complete parent-v54 amplitude on every x/t leaf; sum integrated uppers and minimize lowers
leaf,PASS,4,64,1,50,0.8571198411225747,0.8571320329378949,0.39066875,0.398478125,0.00017253792532756618,0.0007808640823261544,20.390942806326112,0.5009272733371063,nan,2394.7587477000197,,,D=union_ij D_ij; evaluate the complete parent-v54 amplitude on every x/t leaf; sum integrated uppers and minimize lowers
leaf,PASS,4,64,1,51,0.8571198411225747,0.8571320329378949,0.398478125,0.4062875,0.0001761130943010747,0.0007985430251564521,20.2722891772854,0.4532335673651499,nan,2397.9950422000256,,,D=union_ij D_ij; evaluate the complete parent-v54 amplitude on every x/t leaf; sum integrated uppers and minimize lowers
leaf,PASS,4,64,1,52,0.8571198411225747,0.8571320329378949,0.4062875,0.414096875,0.00017968759692965378,0.0008162146895032925,20.154696217373946,0.4114012037810904,nan,2401.2360199000104,,,D=union_ij D_ij; evaluate the complete parent-v54 amplitude on every x/t leaf; sum integrated uppers and minimize lowers
leaf,PASS,4,64,1,53,0.8571198411225747,0.8571320329378949,0.414096875,0.42190625,0.00018326146319734516,0.0008338794200355427,20.038225187595316,0.3746398313022414,nan,2404.6457858000067,,,D=union_ij D_ij; evaluate the complete parent-v54 amplitude on every x/t leaf; sum integrated uppers and minimize lowers
leaf,PASS,4,64,1,54,0.8571198411225747,0.8571320329378949,0.42190625,0.429715625,0.0001868347204548615,0.0008515375335336626,19.922926186082226,0.34217336439552637,nan,2407.88470460003,,,D=union_ij D_ij; evaluate the complete parent-v54 amplitude on every x/t leaf; sum integrated uppers and minimize lowers
leaf,PASS,4,64,1,55,0.8571198411225747,0.8571320329378949,0.429715625,0.437525,0.0001904073936854149,0.0008691893215573497,20.020521624484886,0.31036102223375567,nan,2411.0883649000316,,,D=union_ij D_ij; evaluate the complete parent-v54 amplitude on every x/t leaf; sum integrated uppers and minimize lowers
leaf,PASS,4,64,1,56,0.8571198411225747,0.8571320329378949,0.437525,0.445334375,0.00019397950574040436,0.0008868350528185341,20.098573769846592,0.2825351510926339,nan,2414.5038242000155,,,D=union_ij D_ij; evaluate the complete parent-v54 amplitude on every x/t leaf; sum integrated uppers and minimize lowers
leaf,PASS,4,64,1,57,0.8571198411225747,0.8571320329378949,0.445334375,0.45314375,0.00019755107754877664,0.0009044749752965992,20.14978487901529,0.25820693225020896,nan,2417.718326500035,,,D=union_ij D_ij; evaluate the complete parent-v54 amplitude on every x/t leaf; sum integrated uppers and minimize lowers
leaf,PASS,4,64,1,58,0.8571198411225747,0.8571320329378949,0.45314375,0.460953125,0.00020112212830334319,0.0009221093181275825,20.178358096723862,0.23680978558089175,nan,2420.9659873000346,,,D=union_ij D_ij; evaluate the complete parent-v54 amplitude on every x/t leaf; sum integrated uppers and minimize lowers
leaf,PASS,4,64,1,59,0.8571198411225747,0.8571320329378949,0.460953125,0.46876249999999997,0.00020469267562688235,0.0009397382932947261,20.18778086577195,0.21789281677519157,nan,2424.7224243000383,,,D=union_ij D_ij; evaluate the complete parent-v54 amplitude on every x/t leaf; sum integrated uppers and minimize lowers
leaf,PASS,4,64,1,60,0.8571198411225747,0.8571320329378949,0.46876249999999997,0.476571875,0.00020826273572047268,0.0009573620971440528,20.1810186560257,0.2010893948261031,nan,2427.9480114000035,,,D=union_ij D_ij; evaluate the complete parent-v54 amplitude on every x/t leaf; sum integrated uppers and minimize lowers
leaf,PASS,4,64,1,61,0.8571198411225747,0.8571320329378949,0.476571875,0.48438125,0.00021183232349617642,0.0009749809117455077,20.160542965196544,0.18609901381425,nan,2431.136533000041,,,D=union_ij D_ij; evaluate the complete parent-v54 amplitude on every x/t leaf; sum integrated uppers and minimize lowers
leaf,PASS,4,64,1,62,0.8571198411225747,0.8571320329378949,0.48438125,0.492190625,0.00021540145269591154,0.0009925949061174795,20.12844003050956,0.17267304937109948,nan,2434.5057010000455,,,D=union_ij D_ij; evaluate the complete parent-v54 amplitude on every x/t leaf; sum integrated uppers and minimize lowers
leaf,PASS,4,64,1,63,0.8571198411225747,0.8571320329378949,0.492190625,0.5,0.0002189701359981144,0.0010102042373302637,20.086475465270293,0.16060423707703228,nan,2437.739222400007,,,D=union_ij D_ij; evaluate the complete parent-v54 amplitude on every x/t leaf; sum integrated uppers and minimize lowers
leaf,PASS,4,64,2,0,0.8571320329378949,0.8571442247532151,0.0002,0.008009375000000001,0.0,3.295011283043849e-08,19.217076297321587,989434324.9215539,nan,2590.025310900004,,,D=union_ij D_ij; evaluate the complete parent-v54 amplitude on every x/t leaf; sum integrated uppers and minimize lowers
leaf,PASS,4,64,2,1,0.8571320329378949,0.8571442247532151,0.008009375000000001,0.01581875,0.0,1.4648205605038857e-06,5.040253990531082,32961939.77128313,nan,2914.958610300033,,,D=union_ij D_ij; evaluate the complete parent-v54 amplitude on every x/t leaf; sum integrated uppers and minimize lowers
leaf,PASS,4,64,2,2,0.8571320329378949,0.8571442247532151,0.01581875,0.023628125,0.0,1.0991376527458296e-06,9.488831181269543,3.33222270178471e+16,nan,3120.309367900016,,,D=union_ij D_ij; evaluate the complete parent-v54 amplitude on every x/t leaf; sum integrated uppers and minimize lowers
leaf,PASS,4,64,2,3,0.8571320329378949,0.8571442247532151,0.023628125,0.0314375,0.0,6.037273608467853e-06,7.917060839044451,19626109115786.74,nan,3200.1555457000504,,,D=union_ij D_ij; evaluate the complete parent-v54 amplitude on every x/t leaf; sum integrated uppers and minimize lowers
leaf,PASS,4,64,2,4,0.8571320329378949,0.8571442247532151,0.0314375,0.039246875,0.0,1.0278731565003409e-05,3.389626979054434,2324608353.449668,nan,3269.4686056000064,,,D=union_ij D_ij; evaluate the complete parent-v54 amplitude on every x/t leaf; sum integrated uppers and minimize lowers
leaf,PASS,4,64,2,5,0.8571320329378949,0.8571442247532151,0.039246875,0.04705625,3.4982999708236702e-06,3.4982999708236702e-06,1.4129228981160593,43161785471.58428,nan,3297.744335299998,,,D=union_ij D_ij; evaluate the complete parent-v54 amplitude on every x/t leaf; sum integrated uppers and minimize lowers
leaf,PASS,4,64,2,6,0.8571320329378949,0.8571442247532151,0.04705625,0.054865625,8.834656732416262e-06,8.834656732416262e-06,2.0989156019543964,64302045.561316505,nan,3325.9712384000304,,,D=union_ij D_ij; evaluate the complete parent-v54 amplitude on every x/t leaf; sum integrated uppers and minimize lowers
leaf,PASS,4,64,2,7,0.8571320329378949,0.8571442247532151,0.054865625,0.06267500000000001,1.3628476600288788e-05,1.3628476600288788e-05,2.574040514108064,2261143.063065343,nan,3355.82549800002,,,D=union_ij D_ij; evaluate the complete parent-v54 amplitude on every x/t leaf; sum integrated uppers and minimize lowers
leaf,PASS,4,64,2,8,0.8571320329378949,0.8571442247532151,0.06267500000000001,0.07048437500000002,1.808913180024845e-05,1.808913180024845e-05,0.8197562318094246,16227085.296488019,nan,3365.171289400023,,,D=union_ij D_ij; evaluate the complete parent-v54 amplitude on every x/t leaf; sum integrated uppers and minimize lowers
leaf,PASS,4,64,2,9,0.8571320329378949,0.8571442247532151,0.07048437500000002,0.07829375000000001,2.233152387814234e-05,1.9493537621194407e-05,3.0389786887472843,17205813.899635583,nan,3372.6741784000187,,,D=union_ij D_ij; evaluate the complete parent-v54 amplitude on every x/t leaf; sum integrated uppers and minimize lowers
leaf,PASS,4,64,2,10,0.8571320329378949,0.8571442247532151,0.07829375000000001,0.086103125,2.642377007789324e-05,2.642377007789324e-05,10.357173474647825,808896.2775211732,nan,3376.1662123000133,,,D=union_ij D_ij; evaluate the complete parent-v54 amplitude on every x/t leaf; sum integrated uppers and minimize lowers
leaf,PASS,4,64,2,11,0.8571320329378949,0.8571442247532151,0.086103125,0.09391250000000001,3.0408706280114638e-05,6.419712902296645e-05,12.88415968800617,21382594295.584362,nan,3379.5213459000224,,,D=union_ij D_ij; evaluate the complete parent-v54 amplitude on every x/t leaf; sum integrated uppers and minimize lowers
leaf,PASS,4,64,2,12,0.8571320329378949,0.8571442247532151,0.09391250000000001,0.10172187500000002,3.431455462651773e-05,8.529277193399861e-05,14.726537220711322,2609179.5994403297,nan,3383.103538400028,,,D=union_ij D_ij; evaluate the complete parent-v54 amplitude on every x/t leaf; sum integrated uppers and minimize lowers
leaf,PASS,4,64,2,13,0.8571320329378949,0.8571442247532151,0.10172187500000002,0.10953125000000001,3.8160624116118873e-05,0.00010581190691240736,16.420333348416023,270775.6251319605,nan,3386.4417715000454,,,D=union_ij D_ij; evaluate the complete parent-v54 amplitude on every x/t leaf; sum integrated uppers and minimize lowers
leaf,PASS,4,64,2,14,0.8571320329378949,0.8571442247532151,0.10953125000000001,0.117340625,4.1960544086898255e-05,0.00012587912498328248,17.862283456779593,57480.49607557396,nan,3389.804973200022,,,D=union_ij D_ij; evaluate the complete parent-v54 amplitude on every x/t leaf; sum integrated uppers and minimize lowers
leaf,PASS,4,64,2,15,0.8571320329378949,0.8571442247532151,0.117340625,0.12515,4.572504688518607e-05,0.00014558789676071443,19.034747450933686,17294.71213724023,nan,3393.3231416000053,,,D=union_ij D_ij; evaluate the complete parent-v54 amplitude on every x/t leaf; sum integrated uppers and minimize lowers
leaf,PASS,4,64,2,16,0.8571320329378949,0.8571442247532151,0.12515,0.13295937500000002,4.946307396137657e-05,0.00016500705322856218,19.96997254961782,6466.14737727936,nan,3396.7088734999998,,,D=union_ij D_ij; evaluate the complete parent-v54 amplitude on every x/t leaf; sum integrated uppers and minimize lowers
leaf,PASS,4,64,2,17,0.8571320329378949,0.8571442247532151,0.13295937500000002,0.14076875000000003,5.317856429353966e-05,0.0001841889984102791,20.70818314859873,2811.7356504049594,nan,3400.012259000039,,,D=union_ij D_ij; evaluate the complete parent-v54 amplitude on every x/t leaf; sum integrated uppers and minimize lowers
leaf,PASS,4,64,2,18,0.8571320329378949,0.8571442247532151,0.14076875000000003,0.148578125,5.6875118950027535e-05,0.00020317448173862526,21.28603509216068,1367.5733525841783,nan,3403.4797024000436,,,D=union_ij D_ij; evaluate the complete parent-v54 amplitude on every x/t leaf; sum integrated uppers and minimize lowers
leaf,PASS,4,64,2,19,0.8571320329378949,0.8571442247532151,0.148578125,0.1563875,6.0555946552838435e-05,0.00022199538724652278,21.734141036656933,725.4757788151609,nan,3406.83257530001,,,D=union_ij D_ij; evaluate the complete parent-v54 amplitude on every x/t leaf; sum integrated uppers and minimize lowers
leaf,PASS,4,64,2,20,0.8571320329378949,0.8571442247532151,0.1563875,0.16419687500000002,6.422342258930178e-05,0.0002406771511842387,22.07728280829731,412.4988280470086,nan,3410.091782500036,,,D=union_ij D_ij; evaluate the complete parent-v54 amplitude on every x/t leaf; sum integrated uppers and minimize lowers
leaf,PASS,4,64,2,21,0.8571320329378949,0.8571442247532151,0.16419687500000002,0.17200625,6.787948771759083e-05,0.00025924060406113574,22.335307971490064,248.2402403283832,nan,3413.303534900013,,,D=union_ij D_ij; evaluate the complete parent-v54 amplitude on every x/t leaf; sum integrated uppers and minimize lowers
leaf,PASS,4,64,2,22,0.8571320329378949,0.8571442247532151,0.17200625,0.179815625,7.15257362776773e-05,0.00027770248828323183,22.524079951620056,156.6285541181807,nan,3416.4705010000034,,,D=union_ij D_ij; evaluate the complete parent-v54 amplitude on every x/t leaf; sum integrated uppers and minimize lowers
leaf,PASS,4,64,2,23,0.8571320329378949,0.8571442247532151,0.179815625,0.18762500000000001,7.516349592013854e-05,0.00029607656901328965,22.65630322031358,102.86274459238727,nan,3419.6486214000033,,,D=union_ij D_ij; evaluate the complete parent-v54 amplitude on every x/t leaf; sum integrated uppers and minimize lowers
leaf,PASS,4,64,2,24,0.8571320329378949,0.8571442247532151,0.18762500000000001,0.19543437500000002,7.879387784528525e-05,0.0003143742458406661,22.74219216006102,69.91089750801173,nan,3422.8874776000157,,,D=union_ij D_ij; evaluate the complete parent-v54 amplitude on every x/t leaf; sum integrated uppers and minimize lowers
leaf,PASS,4,64,2,25,0.8571320329378949,0.8571442247532151,0.19543437500000002,0.20324375000000003,8.241781683166498e-05,0.00033260505133944797,22.78999830719396,48.9479744952064,nan,3426.0563138000434,,,D=union_ij D_ij; evaluate the complete parent-v54 amplitude on every x/t leaf; sum integrated uppers and minimize lowers
leaf,PASS,4,64,2,26,0.8571320329378949,0.8571442247532151,0.20324375000000003,0.211053125,8.603610316895516e-05,0.0003507770377345562,22.806421373382523,35.1722794526323,nan,3429.3565717000165,,,D=union_ij D_ij; evaluate the complete parent-v54 amplitude on every x/t leaf; sum integrated uppers and minimize lowers
leaf,PASS,4,64,2,27,0.8571320329378949,0.8571442247532151,0.211053125,0.21886250000000002,8.964940821106403e-05,0.0003688970055781663,22.796928654970884,25.858221518159457,nan,3433.464072600007,,,D=union_ij D_ij; evaluate the complete parent-v54 amplitude on every x/t leaf; sum integrated uppers and minimize lowers
leaf,PASS,4,64,2,28,0.8571320329378949,0.8571442247532151,0.21886250000000002,0.22667187500000002,9.325830490822112e-05,0.00038697059944801677,22.76600348401315,19.400260550194798,nan,3437.3299824999995,,,D=union_ij D_ij; evaluate the complete parent-v54 amplitude on every x/t leaf; sum integrated uppers and minimize lowers
leaf,PASS,4,64,2,29,0.8571320329378949,0.8571442247532151,0.22667187500000002,0.23448125,9.686328438183862e-05,0.0004050022238887397,22.71733900510866,14.821166693683216,nan,3440.568729300052,,,D=union_ij D_ij; evaluate the complete parent-v54 amplitude on every x/t leaf; sum integrated uppers and minimize lowers
leaf,PASS,4,64,2,30,0.8571320329378949,0.8571442247532151,0.23448125,0.242290625,0.00010046476863994967,0.0004229966382291612,22.653958433601662,11.508612446091288,nan,3443.9536855000188,,,D=union_ij D_ij; evaluate the complete parent-v54 amplitude on every x/t leaf; sum integrated uppers and minimize lowers
leaf,PASS,4,64,2,31,0.8571320329378949,0.8571442247532151,0.242290625,0.2501,0.00010406312365567573,0.00044095785229508093,22.578435502932653,9.068312028777912,nan,3447.2693920000456,,,D=union_ij D_ij; evaluate the complete parent-v54 amplitude on every x/t leaf; sum integrated uppers and minimize lowers
leaf,PASS,4,64,2,32,0.8571320329378949,0.8571442247532151,0.2501,0.257909375,0.00010765866058425537,0.0004588891063392544,22.492894969257627,7.24089017251938,nan,3450.6105125000468,,,D=union_ij D_ij; evaluate the complete parent-v54 amplitude on every x/t leaf; sum integrated uppers and minimize lowers
leaf,PASS,4,64,2,33,0.8571320329378949,0.8571442247532151,0.257909375,0.26571875,0.00011125166059213626,0.0004767932036957429,22.39910938385394,5.85191865139433,nan,3454.031398800027,,,D=union_ij D_ij; evaluate the complete parent-v54 amplitude on every x/t leaf; sum integrated uppers and minimize lowers
leaf,PASS,4,64,2,34,0.8571320329378949,0.8571442247532151,0.26571875,0.273528125,0.00011484229598138978,0.0004946726020321068,22.29856694493553,4.781931960666429,nan,3457.5113105000346,,,D=union_ij D_ij; evaluate the complete parent-v54 amplitude on every x/t leaf; sum integrated uppers and minimize lowers
leaf,PASS,4,64,2,35,0.8571320329378949,0.8571442247532151,0.273528125,0.2813375,0.00011843079207958264,0.0005125294639319966,22.19252065579543,3.9474089559965884,nan,3460.7646230999962,,,D=union_ij D_ij; evaluate the complete parent-v54 amplitude on every x/t leaf; sum integrated uppers and minimize lowers
leaf,PASS,4,64,2,36,0.8571320329378949,0.8571442247532151,0.2813375,0.28914687499999997,0.00012201739635809232,0.0005303656989350745,22.082028161699476,3.289095074564523,nan,3464.1557181000244,,,D=union_ij D_ij; evaluate the complete parent-v54 amplitude on every x/t leaf; sum integrated uppers and minimize lowers
leaf,PASS,4,64,2,37,0.8571320329378949,0.8571442247532151,0.28914687499999997,0.29695625,0.00012560227238820004,0.0005481829986627483,21.967984192672436,2.764130487570342,nan,3467.437091000029,,,D=union_ij D_ij; evaluate the complete parent-v54 amplitude on every x/t leaf; sum integrated uppers and minimize lowers
leaf,PASS,4,64,2,38,0.8571320329378949,0.8571442247532151,0.29695625,0.304765625,0.00012918556467998274,0.0005659828663135359,21.85114710953106,2.341369219940341,nan,3470.70577890001,,,D=union_ij D_ij; evaluate the complete parent-v54 amplitude on every x/t leaf; sum integrated uppers and minimize lowers
leaf,PASS,4,64,2,39,0.8571320329378949,0.8571442247532151,0.304765625,0.312575,0.00013276740123509,0.0005837666415491206,21.732160723268464,1.9979237188193275,nan,3474.489126600034,,,D=union_ij D_ij; evaluate the complete parent-v54 amplitude on every x/t leaf; sum integrated uppers and minimize lowers
leaf,PASS,4,64,2,40,0.8571320329378949,0.8571442247532151,0.312575,0.320384375,0.00013634789571237974,0.0006015355215770055,21.611572306001044,1.716972575210613,nan,3478.2723950000363,,,D=union_ij D_ij; evaluate the complete parent-v54 amplitude on every x/t leaf; sum integrated uppers and minimize lowers
leaf,PASS,4,64,2,41,0.8571320329378949,0.8571442247532151,0.320384375,0.32819375,0.00013992714927189785,0.0006192905791047031,21.489847519450603,1.484894836451519,nan,3481.8565237000003,,,D=union_ij D_ij; evaluate the complete parent-v54 amplitude on every x/t leaf; sum integrated uppers and minimize lowers
leaf,PASS,4,64,2,42,0.8571320329378949,0.8571442247532151,0.32819375,0.336003125,0.00014350525215051451,0.0006370327776089822,21.367382835376745,1.2917863731952952,nan,3485.5231729000225,,,D=union_ij D_ij; evaluate the complete parent-v54 amplitude on every x/t leaf; sum integrated uppers and minimize lowers
leaf,PASS,4,64,2,43,0.8571320329378949,0.8571442247532151,0.336003125,0.34381249999999997,0.00014708228501281235,0.0006547629846642816,21.244515912025708,1.1300053561284533,nan,3489.0042133000097,,,D=union_ij D_ij; evaluate the complete parent-v54 amplitude on every x/t leaf; sum integrated uppers and minimize lowers
leaf,PASS,4,64,2,44,0.8571320329378949,0.8571442247532151,0.34381249999999997,0.351621875,0.00015065831917839324,0.0006724819831596562,21.12153428630783,0.9936027152772037,nan,3493.154563500022,,,D=union_ij D_ij; evaluate the complete parent-v54 amplitude on every x/t leaf; sum integrated uppers and minimize lowers
leaf,PASS,4,64,2,45,0.8571320329378949,0.8571442247532151,0.351621875,0.35943125,0.0001542334166237551,0.0006901904810307314,20.998682683558247,0.877906101536539,nan,3497.056267900043,,,D=union_ij D_ij; evaluate the complete parent-v54 amplitude on every x/t leaf; sum integrated uppers and minimize lowers
leaf,PASS,4,64,2,46,0.8571320329378949,0.8571442247532151,0.35943125,0.367240625,0.0001578076399751637,0.0007078891197791413,20.876169184516137,0.7792156990986014,nan,3500.730772400042,,,D=union_ij D_ij; evaluate the complete parent-v54 amplitude on every x/t leaf; sum integrated uppers and minimize lowers
leaf,PASS,4,64,2,47,0.8571320329378949,0.8571442247532151,0.367240625,0.37505,0.00016138104170003177,0.0007255784818404796,20.754170442337866,0.6945912379534489,nan,3504.7056300000404,,,D=union_ij D_ij; evaluate the complete parent-v54 amplitude on every x/t leaf; sum integrated uppers and minimize lowers
leaf,PASS,4,64,2,48,0.8571320329378949,0.8571442247532151,0.37505,0.382859375,0.00016495366913871963,0.0007432590970085707,20.632836108950066,0.6216713722674655,nan,3508.5830306000425,,,D=union_ij D_ij; evaluate the complete parent-v54 amplitude on every x/t leaf; sum integrated uppers and minimize lowers
leaf,PASS,4,64,2,49,0.8571320329378949,0.8571442247532151,0.382859375,0.39066875,0.00016852556507542394,0.0007609314479160115,20.512292600680574,0.5585253338120008,nan,3512.9949822000344,,,D=union_ij D_ij; evaluate the complete parent-v54 amplitude on every x/t leaf; sum integrated uppers and minimize lowers
leaf,PASS,4,64,2,50,0.8571320329378949,0.8571442247532151,0.39066875,0.398478125,0.00017209676823747296,0.0007785959752583956,20.392646309964537,0.5035980621116665,nan,3516.5839056000113,,,D=union_ij D_ij; evaluate the complete parent-v54 amplitude on every x/t leaf; sum integrated uppers and minimize lowers
leaf,PASS,4,64,2,51,0.8571320329378949,0.8571442247532151,0.398478125,0.4062875,0.00017566731373305593,0.0007962530820487511,20.273986351221932,0.4556179747962675,nan,3520.285040000046,,,D=union_ij D_ij; evaluate the complete parent-v54 amplitude on every x/t leaf; sum integrated uppers and minimize lowers
leaf,PASS,4,64,2,52,0.8571320329378949,0.8571442247532151,0.4062875,0.414096875,0.00017923723343586345,0.0008139031372356919,20.156386913832065,0.41353751313689624,nan,3523.764314900036,,,D=union_ij D_ij; evaluate the complete parent-v54 amplitude on every x/t leaf; sum integrated uppers and minimize lowers
leaf,PASS,4,64,2,53,0.8571320329378949,0.8571442247532151,0.414096875,0.42190625,0.00018280655632382643,0.0008315464791860142,20.03990928277541,0.37648987189365885,nan,3526.9743176000193,,,D=union_ij D_ij; evaluate the complete parent-v54 amplitude on every x/t leaf; sum integrated uppers and minimize lowers
leaf,PASS,4,64,2,54,0.8571320329378949,0.8571442247532151,0.42190625,0.429715625,0.00018637530877806742,0.0008491834186697554,19.924603577415194,0.34380831837717224,nan,3530.390807100048,,,D=union_ij D_ij; evaluate the complete parent-v54 amplitude on every x/t leaf; sum integrated uppers and minimize lowers
leaf,PASS,4,64,2,55,0.8571320329378949,0.8571442247532151,0.429715625,0.437525,0.0001899435148472767,0.0008668142415092402,20.02215812170844,0.3115266542862685,nan,3533.8166195999947,,,D=union_ij D_ij; evaluate the complete parent-v54 amplitude on every x/t leaf; sum integrated uppers and minimize lowers
leaf,PASS,4,64,2,56,0.8571320329378949,0.8571442247532151,0.437525,0.445334375,0.0001935111964819738,0.0008844392109349724,20.100233069052525,0.28330708655649905,nan,3537.302611800027,,,D=union_ij D_ij; evaluate the complete parent-v54 amplitude on every x/t leaf; sum integrated uppers and minimize lowers
leaf,PASS,4,64,2,57,0.8571320329378949,0.8571442247532151,0.445334375,0.45314375,0.00019707837374247764,0.0009020585696851096,20.15146254128353,0.25867743202991506,nan,3540.589229300036,,,D=union_ij D_ij; evaluate the complete parent-v54 amplitude on every x/t leaf; sum integrated uppers and minimize lowers
leaf,PASS,4,64,2,58,0.8571320329378949,0.8571442247532151,0.45314375,0.460953125,0.0002006450649838729,0.0009196725418801411,20.180050316449012,0.23722739307713073,nan,3543.9985201000236,,,D=union_ij D_ij; evaluate the complete parent-v54 amplitude on every x/t leaf; sum integrated uppers and minimize lowers
leaf,PASS,4,64,2,59,0.8571320329378949,0.8571442247532151,0.460953125,0.46876249999999997,0.00020421128702080696,0.0009372813347000272,20.189484509018563,0.21826607275632035,nan,3547.274815700017,,,D=union_ij D_ij; evaluate the complete parent-v54 amplitude on every x/t leaf; sum integrated uppers and minimize lowers
leaf,PASS,4,64,2,60,0.8571320329378949,0.8571442247532151,0.46876249999999997,0.476571875,0.00020777705527456433,0.000954885139887373,20.18273101423305,0.2014277577979174,nan,3550.4818175000255,,,D=union_ij D_ij; evaluate the complete parent-v54 amplitude on every x/t leaf; sum integrated uppers and minimize lowers
leaf,PASS,4,64,2,61,0.8571320329378949,0.8571442247532151,0.476571875,0.48438125,0.0002113423839045406,0.0009724841350970834,20.162261728307755,0.18640691657788838,nan,3553.99899490003,,,D=union_ij D_ij; evaluate the complete parent-v54 amplitude on every x/t leaf; sum integrated uppers and minimize lowers
leaf,PASS,4,64,2,62,0.8571320329378949,0.8571442247532151,0.48438125,0.492190625,0.00021490728592595332,0.0009900784851102353,20.13016322356218,0.172954086437866,nan,3557.3097257000045,,,D=union_ij D_ij; evaluate the complete parent-v54 amplitude on every x/t leaf; sum integrated uppers and minimize lowers
leaf,PASS,4,64,2,63,0.8571320329378949,0.8571442247532151,0.492190625,0.5,0.00021847177331539317,0.0010076683429276537,20.088201043431305,0.16086148740436446,nan,3560.5630341000506,,,D=union_ij D_ij; evaluate the complete parent-v54 amplitude on every x/t leaf; sum integrated uppers and minimize lowers
leaf,PASS,4,64,3,0,0.8571442247532151,0.8571564165685353,0.0002,0.008009375000000001,0.0,3.115762383787817e-08,19.12537123456206,2078405192.0260134,nan,3723.9433795000077,,,D=union_ij D_ij; evaluate the complete parent-v54 amplitude on every x/t leaf; sum integrated uppers and minimize lowers
leaf,PASS,4,64,3,1,0.8571442247532151,0.8571564165685353,0.008009375000000001,0.01581875,0.0,1.1186410237837757e-06,5.057991579234979,40225969.02592735,nan,4075.733569300035,,,D=union_ij D_ij; evaluate the complete parent-v54 amplitude on every x/t leaf; sum integrated uppers and minimize lowers
leaf,PASS,4,64,3,2,0.8571442247532151,0.8571564165685353,0.01581875,0.023628125,0.0,1.005040454476376e-06,9.48790690568304,3.8563411551321496e+16,nan,4306.6185635,,,D=union_ij D_ij; evaluate the complete parent-v54 amplitude on every x/t leaf; sum integrated uppers and minimize lowers
leaf,PASS,4,64,3,3,0.8571442247532151,0.8571564165685353,0.023628125,0.0314375,0.0,5.923134624759342e-06,7.916096467459676,20851277654246.938,nan,4397.149832800031,,,D=union_ij D_ij; evaluate the complete parent-v54 amplitude on every x/t leaf; sum integrated uppers and minimize lowers
leaf,PASS,4,64,3,4,0.8571442247532151,0.8571564165685353,0.0314375,0.039246875,0.0,1.0147575371078374e-05,3.3880482503232283,2429618483.0408216,nan,4478.3988315000315,,,D=union_ij D_ij; evaluate the complete parent-v54 amplitude on every x/t leaf; sum integrated uppers and minimize lowers
leaf,PASS,4,64,3,5,0.8571442247532151,0.8571564165685353,0.039246875,0.04705625,3.3598562817330104e-06,3.3598562817330104e-06,1.412571340102464,50462973774.313385,nan,4507.628932100022,,,D=union_ij D_ij; evaluate the complete parent-v54 amplitude on every x/t leaf; sum integrated uppers and minimize lowers
leaf,PASS,4,64,3,6,0.8571442247532151,0.8571564165685353,0.04705625,0.054865625,8.681810377238547e-06,8.681810377238547e-06,2.0985663869842455,68548104.0235904,nan,4536.1858712999965,,,D=union_ij D_ij; evaluate the complete parent-v54 amplitude on every x/t leaf; sum integrated uppers and minimize lowers
leaf,PASS,4,64,3,7,0.8571442247532151,0.8571564165685353,0.054865625,0.06267500000000001,1.3462503937036502e-05,1.3462503937036502e-05,2.5736979724031457,2359615.760578315,nan,4561.5004051,,,D=union_ij D_ij; evaluate the complete parent-v54 amplitude on every x/t leaf; sum integrated uppers and minimize lowers
leaf,PASS,4,64,3,8,0.8571442247532151,0.8571564165685353,0.06267500000000001,0.07048437500000002,1.791102030944572e-05,1.791102030944572e-05,0.8152489575954128,16861216.188504387,nan,4569.229949600005,,,D=union_ij D_ij; evaluate the complete parent-v54 amplitude on every x/t leaf; sum integrated uppers and minimize lowers
leaf,PASS,4,64,3,9,0.8571442247532151,0.8571564165685353,0.07048437500000002,0.07829375000000001,2.2142067667052116e-05,1.8502355538872943e-05,3.038641881052571,19298001.16414843,nan,4576.420878500037,,,D=union_ij D_ij; evaluate the complete parent-v54 amplitude on every x/t leaf; sum integrated uppers and minimize lowers
leaf,PASS,4,64,3,10,0.8571442247532151,0.8571564165685353,0.07829375000000001,0.086103125,2.6223626164807426e-05,2.6223626164807426e-05,10.355508258894318,857106.5428965242,nan,4579.860744500009,,,D=union_ij D_ij; evaluate the complete parent-v54 amplitude on every x/t leaf; sum integrated uppers and minimize lowers
leaf,PASS,4,64,3,11,0.8571442247532151,0.8571564165685353,0.086103125,0.09391250000000001,3.0198430243449698e-05,6.310680877713752e-05,12.883257996405684,21857763433.783707,nan,4583.429894000001,,,D=union_ij D_ij; evaluate the complete parent-v54 amplitude on every x/t leaf; sum integrated uppers and minimize lowers
leaf,PASS,4,64,3,12,0.8571442247532151,0.8571564165685353,0.09391250000000001,0.10172187500000002,3.409462444996541e-05,8.415616824881265e-05,14.725998170434266,2679495.930449048,nan,4586.92659290001,,,D=union_ij D_ij; evaluate the complete parent-v54 amplitude on every x/t leaf; sum integrated uppers and minimize lowers
leaf,PASS,4,64,3,13,0.8571442247532151,0.8571564165685353,0.10172187500000002,0.10953125000000001,3.793145683257868e-05,0.00010463086483287333,16.42009813196055,276894.64942339476,nan,4590.40891280002,,,D=union_ij D_ij; evaluate the complete parent-v54 amplitude on every x/t leaf; sum integrated uppers and minimize lowers
leaf,PASS,4,64,3,14,0.8571442247532151,0.8571564165685353,0.10953125000000001,0.117340625,4.172267771426676e-05,0.0001246552898500285,17.862373860386523,58612.19379439344,nan,4593.824314900034,,,D=union_ij D_ij; evaluate the complete parent-v54 amplitude on every x/t leaf; sum integrated uppers and minimize lowers
leaf,PASS,4,64,3,15,0.8571442247532151,0.8571564165685353,0.117340625,0.12515,4.54807699956286e-05,0.00014432274777430383,19.03512769172102,17599.187949760562,nan,4597.192430099996,,,D=union_ij D_ij; evaluate the complete parent-v54 amplitude on every x/t leaf; sum integrated uppers and minimize lowers
leaf,PASS,4,64,3,16,0.8571442247532151,0.8571564165685353,0.12515,0.13295937500000002,4.921243867208041e-05,0.00016370192980765224,19.970597219752168,6569.815773622683,nan,4600.58571710001,,,D=union_ij D_ij; evaluate the complete parent-v54 amplitude on every x/t leaf; sum integrated uppers and minimize lowers
leaf,PASS,4,64,3,17,0.8571442247532151,0.8571564165685353,0.13295937500000002,0.14076875000000003,5.2921562206631554e-05,0.0001828451210258979,20.709010283855285,2853.3491102984926,nan,4603.964029400027,,,D=union_ij D_ij; evaluate the complete parent-v54 amplitude on every x/t leaf; sum integrated uppers and minimize lowers
leaf,PASS,4,64,3,18,0.8571442247532151,0.8571564165685353,0.14076875000000003,0.148578125,5.6611655102886926e-05,0.00020179293721594004,21.287029054698174,1386.4517297800207,nan,4607.255226200039,,,D=union_ij D_ij; evaluate the complete parent-v54 amplitude on every x/t leaf; sum integrated uppers and minimize lowers
leaf,PASS,4,64,3,19,0.8571442247532151,0.8571564165685353,0.148578125,0.1563875,6.028603786402713e-05,0.00022057695337535975,21.73527242143143,734.8949235779021,nan,4610.6098121000105,,,D=union_ij D_ij; evaluate the complete parent-v54 amplitude on every x/t leaf; sum integrated uppers and minimize lowers
leaf,PASS,4,64,3,20,0.8571442247532151,0.8571564165685353,0.1563875,0.16419687500000002,6.394708547019005e-05,0.00023922305527891447,22.078527571688145,417.56591573453215,nan,4614.239114299999,,,D=union_ij D_ij; evaluate the complete parent-v54 amplitude on every x/t leaf; sum integrated uppers and minimize lowers
leaf,PASS,4,64,3,21,0.8571442247532151,0.8571564165685353,0.16419687500000002,0.17200625,6.75967698416144e-05,0.0002577517302131421,22.336646471499467,251.1407443614979,nan,4617.537152300007,,,D=union_ij D_ij; evaluate the complete parent-v54 amplitude on every x/t leaf; sum integrated uppers and minimize lowers
leaf,PASS,4,64,3,22,0.8571442247532151,0.8571564165685353,0.17200625,0.179815625,7.12366952705906e-05,0.0002761796602272422,22.525496098193443,158.3769908757644,nan,4621.090798300051,,,D=union_ij D_ij; evaluate the complete parent-v54 amplitude on every x/t leaf; sum integrated uppers and minimize lowers
leaf,PASS,4,64,3,23,0.8571442247532151,0.8571564165685353,0.179815625,0.18762500000000001,7.486819602166474e-05,0.00029452055674169175,22.657783775645086,103.96392230247251,nan,4625.876625700039,,,D=union_ij D_ij; evaluate the complete parent-v54 amplitude on every x/t leaf; sum integrated uppers and minimize lowers
leaf,PASS,4,64,3,24,0.8571442247532151,0.8571564165685353,0.18762500000000001,0.19543437500000002,7.849238753083809e-05,0.00031278577122676723,22.74372617851633,70.63093301394228,nan,4630.968582100002,,,D=union_ij D_ij; evaluate the complete parent-v54 amplitude on every x/t leaf; sum integrated uppers and minimize lowers
leaf,PASS,4,64,3,25,0.8571442247532151,0.8571564165685353,0.19543437500000002,0.20324375000000003,8.211020710539234e-05,0.0003309847930371081,22.791576691857593,49.434326000615286,nan,4634.73481600004,,,D=union_ij D_ij; evaluate the complete parent-v54 amplitude on every x/t leaf; sum integrated uppers and minimize lowers
leaf,PASS,4,64,3,26,0.8571442247532151,0.8571564165685353,0.20324375000000003,0.211053125,8.572244633252628e-05,0.00034912563531081084,22.808036525563974,35.51024493065,nan,4638.470346900052,,,D=union_ij D_ij; evaluate the complete parent-v54 amplitude on every x/t leaf; sum integrated uppers and minimize lowers
leaf,PASS,4,64,3,27,0.8571442247532151,0.8571564165685353,0.211053125,0.21886250000000002,8.93297769735649e-05,0.0003672150631720867,22.798574196871883,26.099010872805753,nan,4641.810801800049,,,D=union_ij D_ij; evaluate the complete parent-v54 amplitude on every x/t leaf; sum integrated uppers and minimize lowers
leaf,PASS,4,64,3,28,0.8571442247532151,0.8571564165685353,0.21886250000000002,0.22667187500000002,9.293277174311208e-05,0.000385258688790446,22.767674038042518,19.575681319267503,nan,4645.345159500022,,,D=union_ij D_ij; evaluate the complete parent-v54 amplitude on every x/t leaf; sum integrated uppers and minimize lowers
leaf,PASS,4,64,3,29,0.8571442247532151,0.8571564165685353,0.22667187500000002,0.23448125,9.653192106441166e-05,0.0004032608875906598,22.71903001880512,14.951500593922276,nan,4650.24992880004,,,D=union_ij D_ij; evaluate the complete parent-v54 amplitude on every x/t leaf; sum integrated uppers and minimize lowers
leaf,PASS,4,64,3,30,0.8571442247532151,0.8571564165685353,0.23448125,0.242290625,0.00010012764591926915,0.0004212263921938536,22.655666144128425,11.60718174964845,nan,4655.383782699995,,,D=union_ij D_ij; evaluate the complete parent-v54 amplitude on every x/t leaf; sum integrated uppers and minimize lowers
leaf,PASS,4,64,3,31,0.8571442247532151,0.8571564165685353,0.242290625,0.2501,0.00010372031103354616,0.0004391591866819508,22.58015649357032,9.144060602837452,nan,4659.008034800005,,,D=union_ij D_ij; evaluate the complete parent-v54 amplitude on every x/t leaf; sum integrated uppers and minimize lowers
leaf,PASS,4,64,3,32,0.8571442247532151,0.8571564165685353,0.2501,0.257909375,0.00010731022589951504,0.0004570624889645566,22.49462641675354,7.299950454175262,nan,4662.5781692000455,,,D=union_ij D_ij; evaluate the complete parent-v54 amplitude on every x/t leaf; sum integrated uppers and minimize lowers
leaf,PASS,4,64,3,33,0.8571442247532151,0.8571564165685353,0.257909375,0.26571875,0.0001108976699237793,0.000474939081263232,22.400848865420784,5.898577683316673,nan,4666.148721900012,,,D=union_ij D_ij; evaluate the complete parent-v54 amplitude on every x/t leaf; sum integrated uppers and minimize lowers
leaf,PASS,4,64,3,34,0.8571442247532151,0.8571564165685353,0.26571875,0.273528125,0.00011448288427896508,0.0004927914016916048,22.30031237608178,4.8191743495067785,nan,4669.513613999996,,,D=union_ij D_ij; evaluate the complete parent-v54 amplitude on every x/t leaf; sum integrated uppers and minimize lowers
leaf,PASS,4,64,3,35,0.8571442247532151,0.8571564165685353,0.273528125,0.2813375,0.00011806604987076591,0.0005106215946812588,22.194270239003576,3.977518324585305,nan,4673.270381700015,,,D=union_ij D_ij; evaluate the complete parent-v54 amplitude on every x/t leaf; sum integrated uppers and minimize lowers
leaf,PASS,4,64,3,36,0.8571442247532151,0.8571564165685353,0.2813375,0.28914687499999997,0.00012164726940597197,0.0005284315528846553,22.08378034384796,3.3136867133993197,nan,4676.749626000004,,,D=union_ij D_ij; evaluate the complete parent-v54 amplitude on every x/t leaf; sum integrated uppers and minimize lowers
leaf,PASS,4,64,3,37,0.8571442247532151,0.8571564165685353,0.28914687499999997,0.29695625,0.00012522682152841147,0.0005462229521806203,21.96973762954377,2.7844040384413895,nan,4680.7865448000375,,,D=union_ij D_ij; evaluate the complete parent-v54 amplitude on every x/t leaf; sum integrated uppers and minimize lowers
leaf,PASS,4,64,3,38,0.8571442247532151,0.8571564165685353,0.29695625,0.304765625,0.00012880484910884532,0.000563997281063781,21.85290063609304,2.3582275896006486,nan,4684.399457500025,,,D=union_ij D_ij; evaluate the complete parent-v54 amplitude on every x/t leaf; sum integrated uppers and minimize lowers
leaf,PASS,4,64,3,39,0.8571442247532151,0.8571564165685353,0.304765625,0.312575,0.00013238147853973656,0.0005817558654369762,21.7339133286823,2.0119593758788854,nan,4688.346891499998,,,D=union_ij D_ij; evaluate the complete parent-v54 amplitude on every x/t leaf; sum integrated uppers and minimize lowers
leaf,PASS,4,64,3,40,0.8571442247532151,0.8571564165685353,0.312575,0.320384375,0.00013595682190734447,0.0005994998896164246,21.613323112519222,1.7282464180031611,nan,4691.834415799996,,,D=union_ij D_ij; evaluate the complete parent-v54 amplitude on every x/t leaf; sum integrated uppers and minimize lowers
leaf,PASS,4,64,3,41,0.8571442247532151,0.8571564165685353,0.320384375,0.32819375,0.00013953097884014377,0.0006172304142026523,21.491595764529702,1.4940240614493738,nan,4695.382450900041,,,D=union_ij D_ij; evaluate the complete parent-v54 amplitude on every x/t leaf; sum integrated uppers and minimize lowers
leaf,PASS,4,64,3,42,0.8571442247532151,0.8571564165685353,0.32819375,0.336003125,0.0001431040380873641,0.0006349483912661498,21.369127856464065,1.29959097027032,nan,4698.669117100013,,,D=union_ij D_ij; evaluate the complete parent-v54 amplitude on every x/t leaf; sum integrated uppers and minimize lowers
leaf,PASS,4,64,3,43,0.8571442247532151,0.8571564165685353,0.336003125,0.34381249999999997,0.00014667607887161135,0.0006526546776699212,21.246257133554597,1.1367181304464753,nan,4701.956390100007,,,D=union_ij D_ij; evaluate the complete parent-v54 amplitude on every x/t leaf; sum integrated uppers and minimize lowers
leaf,PASS,4,64,3,44,0.8571442247532151,0.8571564165685353,0.34381249999999997,0.351621875,0.00015024717105074957,0.0006703500461901141,21.123271208583105,0.9994093412772643,nan,4705.491296100023,,,D=union_ij D_ij; evaluate the complete parent-v54 amplitude on every x/t leaf; sum integrated uppers and minimize lowers
leaf,PASS,4,64,3,45,0.8571442247532151,0.8571564165685353,0.351621875,0.35943125,0.00015381737504231212,0.0006880351952116869,21.00041487319034,0.8829558443432576,nan,4708.959095500002,,,D=union_ij D_ij; evaluate the complete parent-v54 amplitude on every x/t leaf; sum integrated uppers and minimize lowers
leaf,PASS,4,64,3,46,0.8571442247532151,0.8571564165685353,0.35943125,0.367240625,0.00015738675248399493,0.0007057107572052306,20.87789626618041,0.7836292919618079,nan,4712.342446000024,,,D=union_ij D_ij; evaluate the complete parent-v54 amplitude on every x/t leaf; sum integrated uppers and minimize lowers
leaf,PASS,4,64,3,47,0.8571442247532151,0.8571564165685353,0.367240625,0.37505,0.00016095535458228541,0.0007233773060561,20.7558920916531,0.6984669130570714,nan,4715.95696380001,,,D=union_ij D_ij; evaluate the complete parent-v54 amplitude on every x/t leaf; sum integrated uppers and minimize lowers
leaf,PASS,4,64,3,48,0.8571442247532151,0.8571564165685353,0.37505,0.382859375,0.00016452322746185198,0.0007410353634535164,20.63455204630699,0.6250901164274887,nan,4719.386575500015,,,D=union_ij D_ij; evaluate the complete parent-v54 amplitude on every x/t leaf; sum integrated uppers and minimize lowers
leaf,PASS,4,64,3,49,0.8571442247532151,0.8571564165685353,0.382859375,0.39066875,0.00016809041273520024,0.0007586854044374799,20.51400258588014,0.5615536980629726,nan,4723.225765700045,,,D=union_ij D_ij; evaluate the complete parent-v54 amplitude on every x/t leaf; sum integrated uppers and minimize lowers
leaf,PASS,4,64,3,50,0.8571442247532151,0.8571564165685353,0.39066875,0.398478125,0.00017165694800061457,0.0007763278622017615,20.39435013754831,0.50629128493139,nan,4726.684159800003,,,D=union_ij D_ij; evaluate the complete parent-v54 amplitude on every x/t leaf; sum integrated uppers and minimize lowers
leaf,PASS,4,64,3,51,0.8571442247532151,0.8571564165685353,0.398478125,0.4062875,0.00017522286727845586,0.0007939631329086545,20.275683846395953,0.45802215613896685,nan,4730.530244200025,,,D=union_ij D_ij; evaluate the complete parent-v54 amplitude on every x/t leaf; sum integrated uppers and minimize lowers
leaf,PASS,4,64,3,52,0.8571442247532151,0.8571564165685353,0.4062875,0.414096875,0.0001787882013943276,0.000811591578892773,20.158077928900834,0.4156913196332716,nan,4734.9197212000145,,,D=union_ij D_ij; evaluate the complete parent-v54 amplitude on every x/t leaf; sum integrated uppers and minimize lowers
leaf,PASS,4,64,3,53,0.8571442247532151,0.8571564165685353,0.414096875,0.42190625,0.00018235297831632307,0.0008292135322188265,20.041593694015738,0.37842589656074593,nan,4738.570405700011,,,D=union_ij D_ij; evaluate the complete parent-v54 amplitude on every x/t leaf; sum integrated uppers and minimize lowers
leaf,PASS,4,64,3,54,0.8571442247532151,0.8571564165685353,0.42190625,0.429715625,0.00018591722345248754,0.000846829297646416,19.926281282330187,0.3455006245214953,nan,4742.029618300032,,,D=union_ij D_ij; evaluate the complete parent-v54 amplitude on every x/t leaf; sum integrated uppers and minimize lowers
leaf,PASS,4,64,3,55,0.8571442247532151,0.8571564165685353,0.429715625,0.437525,0.00018948095991372268,0.000864439155260479,20.023794818732934,0.31300649241510464,nan,4746.0625856000115,,,D=union_ij D_ij; evaluate the complete parent-v54 amplitude on every x/t leaf; sum integrated uppers and minimize lowers
leaf,PASS,4,64,3,56,0.8571442247532151,0.8571564165685353,0.437525,0.445334375,0.00019304420874660517,0.0008820433628100803,20.101892579645643,0.28463530044007074,nan,4750.2796900999965,,,D=union_ij D_ij; evaluate the complete parent-v54 amplitude on every x/t leaf; sum integrated uppers and minimize lowers
leaf,PASS,4,64,3,57,0.8571442247532151,0.8571564165685353,0.445334375,0.45314375,0.0001966069891399499,0.0008996421577921384,20.15314042481814,0.2598414684365669,nan,4754.213551599998,,,D=union_ij D_ij; evaluate the complete parent-v54 amplitude on every x/t leaf; sum integrated uppers and minimize lowers
leaf,PASS,4,64,3,58,0.8571442247532151,0.8571564165685353,0.45314375,0.460953125,0.00020016931860841202,0.0009172357593115822,20.18174276583313,0.23804950376983142,nan,4758.942517800024,,,D=union_ij D_ij; evaluate the complete parent-v54 amplitude on every x/t leaf; sum integrated uppers and minimize lowers
leaf,PASS,4,64,3,59,0.8571442247532151,0.8571564165685353,0.460953125,0.46876249999999997,0.00020373121315596498,0.000934824369745079,20.191188389114977,0.21879690185227046,nan,4765.437526500027,,,D=union_ij D_ij; evaluate the complete parent-v54 amplitude on every x/t leaf; sum integrated uppers and minimize lowers
leaf,PASS,4,64,3,60,0.8571442247532151,0.8571564165685353,0.46876249999999997,0.476571875,0.00020729268742170496,0.0009524081762318037,20.184443615420484,0.20177461803480404,nan,4769.409937300021,,,D=union_ij D_ij; evaluate the complete parent-v54 amplitude on every x/t leaf; sum integrated uppers and minimize lowers
leaf,PASS,4,64,3,61,0.8571442247532151,0.8571564165685353,0.476571875,0.48438125,0.0002108537548101037,0.000969987352011611,20.163980739618456,0.18671812400752819,nan,4773.181568900007,,,D=union_ij D_ij; evaluate the complete parent-v54 amplitude on every x/t leaf; sum integrated uppers and minimize lowers
leaf,PASS,4,64,3,62,0.8571442247532151,0.8571564165685353,0.48438125,0.492190625,0.00021441442760754918,0.0009875620576282555,20.131886669248512,0.17323563375542417,nan,4777.328672500036,,,D=union_ij D_ij; evaluate the complete parent-v54 amplitude on every x/t leaf; sum integrated uppers and minimize lowers
leaf,PASS,4,64,3,63,0.8571442247532151,0.8571564165685353,0.492190625,0.5,0.00021797471708677536,0.0010051324420130812,20.08992687784724,0.1611191736436538,nan,4780.933590600034,,,D=union_ij D_ij; evaluate the complete parent-v54 amplitude on every x/t leaf; sum integrated uppers and minimize lowers
schedule,SELECTED,4,64,-1,-1,0.8571076493072545,0.8571564165685353,0.0002,0.5,0.0,3.115762383787817e-08,0.8152489575954128,1.3153159172163307e+17,3.3881317890172014e-21,4780.9372109000105,,,D=union_ij D_ij; evaluate the complete parent-v54 amplitude on every x/t leaf; sum integrated uppers and minimize lowers
leaf,FAIL,2,32,0,0,0.8571564165685353,0.85721601318572,0.0002,0.03144375,nan,nan,nan,nan,nan,127.88086289999774,IntervalSingularity,interval denominator reaches zero: away_arc_left_K5:s1:c0:left1:edge_2_1_3:stable_edge,D=union_ij D_ij; evaluate the complete parent-v54 amplitude on every x/t leaf; sum integrated uppers and minimize lowers
schedule,FAIL,2,32,-1,-1,0.8571564165685353,0.857275609802905,0.0002,1.0,nan,nan,nan,nan,nan,127.88087479997193,IntervalSingularity,interval denominator reaches zero: away_arc_left_K5:s1:c0:left1:edge_2_1_3:stable_edge,D=union_ij D_ij; evaluate the complete parent-v54 amplitude on every x/t leaf; sum integrated uppers and minimize lowers
leaf,FAIL,4,32,0,0,0.8571564165685353,0.8571862148771277,0.0002,0.03144375,nan,nan,nan,nan,nan,433.4261905999738,IntervalSingularity,interval denominator reaches zero: away_arc_left_K5:s1:c0:left1:edge_2_1_3:stable_edge,D=union_ij D_ij; evaluate the complete parent-v54 amplitude on every x/t leaf; sum integrated uppers and minimize lowers
schedule,FAIL,4,32,-1,-1,0.8571564165685353,0.857275609802905,0.0002,1.0,nan,nan,nan,nan,nan,433.4262027000077,IntervalSingularity,interval denominator reaches zero: away_arc_left_K5:s1:c0:left1:edge_2_1_3:stable_edge,D=union_ij D_ij; evaluate the complete parent-v54 amplitude on every x/t leaf; sum integrated uppers and minimize lowers
leaf,FAIL,4,64,0,0,0.8571564165685353,0.8571862148771277,0.0002,0.015821875,nan,nan,nan,nan,nan,355.4410813000286,IntervalSingularity,interval denominator reaches zero: away_arc_left_K5:s1:c0:left1:edge_2_1_3:stable_edge,D=union_ij D_ij; evaluate the complete parent-v54 amplitude on every x/t leaf; sum integrated uppers and minimize lowers
schedule,FAIL,4,64,-1,-1,0.8571564165685353,0.857275609802905,0.0002,1.0,nan,nan,nan,nan,nan,355.4410924000549,IntervalSingularity,interval denominator reaches zero: away_arc_left_K5:s1:c0:left1:edge_2_1_3:stable_edge,D=union_ij D_ij; evaluate the complete parent-v54 amplitude on every x/t leaf; sum integrated uppers and minimize lowers
leaf,FAIL,2,32,0,0,0.8571564165685353,0.8571808006895024,0.0002,0.03144375,nan,nan,nan,nan,nan,515.4429753999575,IntervalSingularity,interval denominator reaches zero: away_arc_left_K5:s1:c0:left1:edge_2_1_3:stable_edge,D=union_ij D_ij; evaluate the complete parent-v54 amplitude on every x/t leaf; sum integrated uppers and minimize lowers
schedule,FAIL,2,32,-1,-1,0.8571564165685353,0.8572051848104696,0.0002,1.0,nan,nan,nan,nan,nan,515.4429847999709,IntervalSingularity,interval denominator reaches zero: away_arc_left_K5:s1:c0:left1:edge_2_1_3:stable_edge,D=union_ij D_ij; evaluate the complete parent-v54 amplitude on every x/t leaf; sum integrated uppers and minimize lowers
leaf,FAIL,4,32,0,0,0.8571564165685353,0.8571686086290189,0.0002,0.03144375,nan,nan,nan,nan,nan,249.8669041999965,IntervalSingularity,interval denominator reaches zero: away_arc_left_K5:s1:c0:left1:edge_2_1_3:stable_edge,D=union_ij D_ij; evaluate the complete parent-v54 amplitude on every x/t leaf; sum integrated uppers and minimize lowers
schedule,FAIL,4,32,-1,-1,0.8571564165685353,0.8572051848104696,0.0002,1.0,nan,nan,nan,nan,nan,249.86691280000377,IntervalSingularity,interval denominator reaches zero: away_arc_left_K5:s1:c0:left1:edge_2_1_3:stable_edge,D=union_ij D_ij; evaluate the complete parent-v54 amplitude on every x/t leaf; sum integrated uppers and minimize lowers
leaf,FAIL,4,64,0,0,0.8571564165685353,0.8571686086290189,0.0002,0.015821875,nan,nan,nan,nan,nan,173.30547710001701,IntervalSingularity,interval denominator reaches zero: away_arc_left_K5:s1:c0:left1:edge_2_1_3:stable_edge,D=union_ij D_ij; evaluate the complete parent-v54 amplitude on every x/t leaf; sum integrated uppers and minimize lowers
schedule,FAIL,4,64,-1,-1,0.8571564165685353,0.8572051848104696,0.0002,1.0,nan,nan,nan,nan,nan,173.3054857000243,IntervalSingularity,interval denominator reaches zero: away_arc_left_K5:s1:c0:left1:edge_2_1_3:stable_edge,D=union_ij D_ij; evaluate the complete parent-v54 amplitude on every x/t leaf; sum integrated uppers and minimize lowers
leaf,FAIL,2,32,0,0,0.8571564165685353,0.8571808006895024,0.0002,0.01581875,nan,nan,nan,nan,nan,320.89561050001066,IntervalSingularity,interval denominator reaches zero: away_arc_left_K5:s1:c0:left1:edge_2_1_3:stable_edge,D=union_ij D_ij; evaluate the complete parent-v54 amplitude on every x/t leaf; sum integrated uppers and minimize lowers
schedule,FAIL,2,32,-1,-1,0.8571564165685353,0.8572051848104696,0.0002,0.5,nan,nan,nan,nan,nan,320.8956234000507,IntervalSingularity,interval denominator reaches zero: away_arc_left_K5:s1:c0:left1:edge_2_1_3:stable_edge,D=union_ij D_ij; evaluate the complete parent-v54 amplitude on every x/t leaf; sum integrated uppers and minimize lowers
leaf,FAIL,4,32,0,0,0.8571564165685353,0.8571686086290189,0.0002,0.01581875,nan,nan,nan,nan,nan,68.04208330000984,IntervalSingularity,interval denominator reaches zero: away_arc_left_K5:s1:c0:left1:edge_2_1_3:stable_edge,D=union_ij D_ij; evaluate the complete parent-v54 amplitude on every x/t leaf; sum integrated uppers and minimize lowers
schedule,FAIL,4,32,-1,-1,0.8571564165685353,0.8572051848104696,0.0002,0.5,nan,nan,nan,nan,nan,68.04209940001601,IntervalSingularity,interval denominator reaches zero: away_arc_left_K5:s1:c0:left1:edge_2_1_3:stable_edge,D=union_ij D_ij; evaluate the complete parent-v54 amplitude on every x/t leaf; sum integrated uppers and minimize lowers
leaf,PASS,4,64,0,0,0.8571564165685353,0.8571686086290189,0.0002,0.008009375000000001,0.0,2.9365026773649265e-08,19.033361125275313,7833590640.655497,nan,158.33554749999894,,,D=union_ij D_ij; evaluate the complete parent-v54 amplitude on every x/t leaf; sum integrated uppers and minimize lowers
leaf,PASS,4,64,0,1,0.8571564165685353,0.8571686086290189,0.008009375000000001,0.01581875,0.0,7.724386893705725e-07,5.075714800942735,54925217.70784764,nan,761.6946942000068,,,D=union_ij D_ij; evaluate the complete parent-v54 amplitude on every x/t leaf; sum integrated uppers and minimize lowers
leaf,PASS,4,64,0,2,0.8571564165685353,0.8571686086290189,0.01581875,0.023628125,0.0,9.109407008509558e-07,9.486982517562225,4.712382570833763e+16,nan,982.6750722000143,,,D=union_ij D_ij; evaluate the complete parent-v54 amplitude on every x/t leaf; sum integrated uppers and minimize lowers
leaf,PASS,4,64,0,3,0.8571564165685353,0.8571686086290189,0.023628125,0.0314375,0.0,5.808992686945299e-06,7.9151316726328025,22191294385357.12,nan,1069.6668796000304,,,D=union_ij D_ij; evaluate the complete parent-v54 amplitude on every x/t leaf; sum integrated uppers and minimize lowers
leaf,PASS,4,64,0,4,0.8571564165685353,0.8571686086290189,0.0314375,0.039246875,0.0,1.0016415883086344e-05,3.386466371480406,2541335882.614444,nan,1147.5531930000288,,,D=union_ij D_ij; evaluate the complete parent-v54 amplitude on every x/t leaf; sum integrated uppers and minimize lowers
leaf,PASS,4,64,0,5,0.8571564165685353,0.8571686086290189,0.039246875,0.04705625,3.2214088496182045e-06,3.2214088496182045e-06,1.4122193187100311,59406277989.20861,nan,1175.4911270000157,,,D=union_ij D_ij; evaluate the complete parent-v54 amplitude on every x/t leaf; sum integrated uppers and minimize lowers
leaf,PASS,4,64,0,6,0.8571564165685353,0.8571686086290189,0.04705625,0.054865625,8.528960004305741e-06,8.528960004305741e-06,2.0982167040393813,73170409.4620522,nan,1204.550654700026,,,D=union_ij D_ij; evaluate the complete parent-v54 amplitude on every x/t leaf; sum integrated uppers and minimize lowers
leaf,PASS,4,64,0,7,0.8571564165685353,0.8571686086290189,0.054865625,0.06267500000000001,1.3296526997224643e-05,1.3296526997224643e-05,2.5733549344788043,2464035.8846271695,nan,1233.0985159000265,,,D=union_ij D_ij; evaluate the complete parent-v54 amplitude on every x/t leaf; sum integrated uppers and minimize lowers
leaf,PASS,4,64,0,8,0.8571564165685353,0.8571686086290189,0.06267500000000001,0.07048437500000002,1.7732904297337325e-05,1.7732904297337325e-05,0.8107329322227045,17531631.514153864,nan,1240.3665510999854,,,D=union_ij D_ij; evaluate the complete parent-v54 amplitude on every x/t leaf; sum integrated uppers and minimize lowers
leaf,PASS,4,64,0,9,0.8571564165685353,0.8571686086290189,0.07048437500000002,0.07829375000000001,2.1952606702236528e-05,1.751108634639207e-05,3.038304656357894,21774008.218892723,nan,1247.8496971999994,,,D=union_ij D_ij; evaluate the complete parent-v54 amplitude on every x/t leaf; sum integrated uppers and minimize lowers
leaf,PASS,4,64,0,10,0.8571564165685353,0.8571686086290189,0.07829375000000001,0.086103125,2.602347727641628e-05,2.602347727641628e-05,10.35383789327623,909498.6945647293,nan,1251.8684759000316,,,D=union_ij D_ij; evaluate the complete parent-v54 amplitude on every x/t leaf; sum integrated uppers and minimize lowers
leaf,PASS,4,64,0,11,0.8571564165685353,0.8571686086290189,0.086103125,0.09391250000000001,2.9988149019489794e-05,6.201639466839718e-05,12.882352128384548,22365232517.772522,nan,1255.3436348999967,,,D=union_ij D_ij; evaluate the complete parent-v54 amplitude on every x/t leaf; sum integrated uppers and minimize lowers
leaf,PASS,4,64,0,12,0.8571564165685353,0.8571686086290189,0.09391250000000001,0.10172187500000002,3.3874688882672e-05,8.301946712251516e-05,14.72545466262378,2752792.805797717,nan,1258.9979198999936,,,D=union_ij D_ij; evaluate the complete parent-v54 amplitude on every x/t leaf; sum integrated uppers and minimize lowers
leaf,PASS,4,64,0,13,0.8571564165685353,0.8571686086290189,0.10172187500000002,0.10953125000000001,3.770228396251413e-05,0.00010344972164199733,16.41985774751843,283231.8002087396,nan,1262.6327759000123,,,D=union_ij D_ij; evaluate the complete parent-v54 amplitude on every x/t leaf; sum integrated uppers and minimize lowers
leaf,PASS,4,64,0,14,0.8571564165685353,0.8571686086290189,0.10953125000000001,0.117340625,4.148608020100879e-05,0.00012343134986058098,17.862458969956915,59779.24458974286,nan,1265.8808792000054,,,D=union_ij D_ij; evaluate the complete parent-v54 amplitude on every x/t leaf; sum integrated uppers and minimize lowers
leaf,PASS,4,64,0,15,0.8571564165685353,0.8571686086290189,0.117340625,0.12515,4.523795417012379e-05,0.00014305749012941512,19.03550274222324,17912.22983404334,nan,1269.1004199000308,,,D=union_ij D_ij; evaluate the complete parent-v54 amplitude on every x/t leaf; sum integrated uppers and minimize lowers
leaf,PASS,4,64,0,16,0.8571564165685353,0.8571686086290189,0.12515,0.13295937500000002,4.8963259979363834e-05,0.00016239669388006369,19.971216893247732,6676.16113881485,nan,1272.5647929999977,,,D=union_ij D_ij; evaluate the complete parent-v54 amplitude on every x/t leaf; sum integrated uppers and minimize lowers
leaf,PASS,4,64,0,17,0.8571564165685353,0.8571686086290189,0.13295937500000002,0.14076875000000003,5.2666011871566366e-05,0.00018150112724788737,20.709832647076,2895.964863569872,nan,1275.773081500025,,,D=union_ij D_ij; evaluate the complete parent-v54 amplitude on every x/t leaf; sum integrated uppers and minimize lowers
leaf,PASS,4,64,0,18,0.8571564165685353,0.8571686086290189,0.14076875000000003,0.148578125,5.634963690603321e-05,0.00020041099733504264,21.288018474790352,1405.7643372229402,nan,1279.1117268999806,,,D=union_ij D_ij; evaluate the complete parent-v54 amplitude on every x/t leaf; sum integrated uppers and minimize lowers
leaf,PASS,4,64,0,19,0.8571564165685353,0.8571686086290189,0.148578125,0.1563875,6.001757132671237e-05,0.00021915839525474745,21.73639948673229,744.514020673133,nan,1284.8847685999935,,,D=union_ij D_ij; evaluate the complete parent-v54 amplitude on every x/t leaf; sum integrated uppers and minimize lowers
leaf,PASS,4,64,0,20,0.8571564165685353,0.8571686086290189,0.1563875,0.16419687500000002,6.367218380836493e-05,0.00023776883116174695,22.079768226965438,422.7356380997473,nan,1288.3350559999817,,,D=union_ij D_ij; evaluate the complete parent-v54 amplitude on every x/t leaf; sum integrated uppers and minimize lowers
leaf,PASS,4,64,0,21,0.8571564165685353,0.8571686086290189,0.16419687500000002,0.17200625,6.731548085757843e-05,0.0002562627241744941,22.337981061330105,254.097611808102,nan,1291.6602524000336,,,D=union_ij D_ij; evaluate the complete parent-v54 amplitude on every x/t leaf; sum integrated uppers and minimize lowers
leaf,PASS,4,64,0,22,0.8571564165685353,0.8571686086290189,0.17200625,0.179815625,7.094907677028043e-05,0.0002746566959882538,22.52690851882962,160.15817168817864,nan,1294.818577900005,,,D=union_ij D_ij; evaluate the complete parent-v54 amplitude on every x/t leaf; sum integrated uppers and minimize lowers
leaf,PASS,4,64,0,23,0.8571564165685353,0.8571686086290189,0.179815625,0.18762500000000001,7.457431245231938e-05,0.00029296440428358805,22.659260776061494,105.08504949313841,nan,1298.018266900035,,,D=union_ij D_ij; evaluate the complete parent-v54 amplitude on every x/t leaf; sum integrated uppers and minimize lowers
leaf,PASS,4,64,0,24,0.8571564165685353,0.8571686086290189,0.18762500000000001,0.19543437500000002,7.819230758784641e-05,0.0003111971524138252,22.74525680066738,71.36362855934976,nan,1301.3661834999803,,,D=union_ij D_ij; evaluate the complete parent-v54 amplitude on every x/t leaf; sum integrated uppers and minimize lowers
leaf,PASS,4,64,0,25,0.8571564165685353,0.8571686086290189,0.19543437500000002,0.20324375000000003,8.180400201609896e-05,0.0003293643865154309,22.793151827348776,49.92900447974775,nan,1304.446186700021,,,D=union_ij D_ij; evaluate the complete parent-v54 amplitude on every x/t leaf; sum integrated uppers and minimize lowers
leaf,PASS,4,64,0,26,0.8571564165685353,0.8571686086290189,0.20324375000000003,0.211053125,8.541018861932338e-05,0.00034747408064124413,22.809648565176087,35.85385232228804,nan,1307.54573730001,,,D=union_ij D_ij; evaluate the complete parent-v54 amplitude on every x/t leaf; sum integrated uppers and minimize lowers
leaf,PASS,4,64,0,27,0.8571564165685353,0.8571686086290189,0.211053125,0.21886250000000002,8.901153956034533e-05,0.00036553296448866597,22.800216753191673,26.34376020723697,nan,1310.767846999981,,,D=union_ij D_ij; evaluate the complete parent-v54 amplitude on every x/t leaf; sum integrated uppers and minimize lowers
leaf,PASS,4,64,0,28,0.8571564165685353,0.8571686086290189,0.21886250000000002,0.22667187500000002,9.260862731022969e-05,0.00038354661782553164,22.769341724725404,19.753905724864932,nan,1313.8453721000114,,,D=union_ij D_ij; evaluate the complete parent-v54 amplitude on every x/t leaf; sum integrated uppers and minimize lowers
leaf,PASS,4,64,0,29,0.8571564165685353,0.8571686086290189,0.22667187500000002,0.23448125,9.620194158507228e-05,0.00040151938694588053,22.720718275399996,15.083878067372567,nan,1317.1737776999944,,,D=union_ij D_ij; evaluate the complete parent-v54 amplitude on every x/t leaf; sum integrated uppers and minimize lowers
leaf,PASS,4,64,0,30,0.8571564165685353,0.8571686086290189,0.23448125,0.242290625,9.979190233100968e-05,0.00041945597776578707,22.657371200530662,11.707269510549278,nan,1320.538704400009,,,D=union_ij D_ij; evaluate the complete parent-v54 amplitude on every x/t leaf; sum integrated uppers and minimize lowers
leaf,PASS,4,64,0,31,0.8571564165685353,0.8571686086290189,0.242290625,0.2501,0.00010337887300101201,0.0004373603486283055,22.58187492638821,9.220957155865545,nan,1323.606616200006,,,D=union_ij D_ij; evaluate the complete parent-v54 amplitude on every x/t leaf; sum integrated uppers and minimize lowers
leaf,PASS,4,64,0,32,0.8571564165685353,0.8571686086290189,0.2501,0.257909375,0.0001069631614803423,0.0004552356951004666,22.49635539668614,7.359892325300654,nan,1326.9961358000292,,,D=union_ij D_ij; evaluate the complete parent-v54 amplitude on every x/t leaf; sum integrated uppers and minimize lowers
leaf,PASS,4,64,0,33,0.8571564165685353,0.8571686086290189,0.257909375,0.26571875,0.00011054504528388869,0.00047308477829175176,22.402585964150145,5.945923438201646,nan,1330.2235469000298,,,D=union_ij D_ij; evaluate the complete parent-v54 amplitude on every x/t leaf; sum integrated uppers and minimize lowers
leaf,PASS,4,64,0,34,0.8571564165685353,0.8571686086290189,0.26571875,0.273528125,0.00011412476466158608,0.0004909100167622182,22.30205550405079,4.8569576218022394,nan,1333.6713010999956,,,D=union_ij D_ij; evaluate the complete parent-v54 amplitude on every x/t leaf; sum integrated uppers and minimize lowers
leaf,PASS,4,64,0,35,0.8571564165685353,0.8571686086290189,0.273528125,0.2813375,0.00011770252739595084,0.0005087135367916952,22.196017594047106,4.008059659054112,nan,1336.7450310999993,,,D=union_ij D_ij; evaluate the complete parent-v54 amplitude on every x/t leaf; sum integrated uppers and minimize lowers
leaf,PASS,4,64,0,36,0.8571564165685353,0.8571686086290189,0.2813375,0.28914687499999997,0.00012127851563804662,0.000526497214145712,22.08553036857283,3.338627140521233,nan,1340.003403300012,,,D=union_ij D_ij; evaluate the complete parent-v54 amplitude on every x/t leaf; sum integrated uppers and minimize lowers
leaf,PASS,4,64,0,37,0.8571564165685353,0.8571686086290189,0.28914687499999997,0.29695625,0.0001248527570279643,0.0005442627089607457,21.971488975799527,2.804962072993724,nan,1343.086897500034,,,D=union_ij D_ij; evaluate the complete parent-v54 amplitude on every x/t leaf; sum integrated uppers and minimize lowers
leaf,PASS,4,64,0,38,0.8571564165685353,0.8571686086290189,0.29695625,0.304765625,0.0001284255153240474,0.0005620114950277334,21.854652135219975,2.3753201613481583,nan,1346.3015402000165,,,D=union_ij D_ij; evaluate the complete parent-v54 amplitude on every x/t leaf; sum integrated uppers and minimize lowers
leaf,PASS,4,64,0,39,0.8571564165685353,0.8571686086290189,0.304765625,0.312575,0.0001319969332314237,0.0005797448844908435,21.735663966490076,2.02628474998745,nan,1349.53452679998,,,D=union_ij D_ij; evaluate the complete parent-v54 amplitude on every x/t leaf; sum integrated uppers and minimize lowers
leaf,PASS,4,64,0,40,0.8571564165685353,0.8571686086290189,0.312575,0.320384375,0.00013556712125304614,0.0005974640487695937,21.61507200815853,1.7403420749428975,nan,1352.9825980000314,,,D=union_ij D_ij; evaluate the complete parent-v54 amplitude on every x/t leaf; sum integrated uppers and minimize lowers
leaf,PASS,4,64,0,41,0.8571564165685353,0.8571686086290189,0.320384375,0.32819375,0.0001391361774759847,0.0006151700363588642,21.493342152581715,1.504248427018348,nan,1356.0529204999912,,,D=union_ij D_ij; evaluate the complete parent-v54 amplitude on every x/t leaf; sum integrated uppers and minimize lowers
leaf,PASS,4,64,0,42,0.8571564165685353,0.8571686086290189,0.32819375,0.336003125,0.00014270418915278285,0.0006328637879524637,21.37087107170628,1.3078858529753126,nan,1359.0693084999803,,,D=union_ij D_ij; evaluate the complete parent-v54 amplitude on every x/t leaf; sum integrated uppers and minimize lowers
leaf,PASS,4,64,0,43,0.8571564165685353,0.8571686086290189,0.336003125,0.34381249999999997,0.000146271234055737,0.0006505461496619998,21.24799659793757,1.1435213844223753,nan,1362.3284895999823,,,D=union_ij D_ij; evaluate the complete parent-v54 amplitude on every x/t leaf; sum integrated uppers and minimize lowers
leaf,PASS,4,64,0,44,0.8571564165685353,0.8571686086290189,0.34381249999999997,0.351621875,0.00014983738057578876,0.0006682178841654457,21.125006420099368,1.005293774754198,nan,1365.5420235000202,,,D=union_ij D_ij; evaluate the complete parent-v54 amplitude on every x/t leaf; sum integrated uppers and minimize lowers
leaf,PASS,4,64,0,45,0.8571564165685353,0.8571686086290189,0.351621875,0.35943125,0.00015340268755747896,0.000685879680297443,21.002145396293646,0.8880728834712093,nan,1368.6237992999959,,,D=union_ij D_ij; evaluate the complete parent-v54 amplitude on every x/t leaf; sum integrated uppers and minimize lowers
leaf,PASS,4,64,0,46,0.8571564165685353,0.8571686086290189,0.35943125,0.367240625,0.00015696721564801904,0.0007035321614976005,20.879621723531752,0.788101404518991,nan,1372.2058941000141,,,D=union_ij D_ij; evaluate the complete parent-v54 amplitude on every x/t leaf; sum integrated uppers and minimize lowers
leaf,PASS,4,64,0,47,0.8571564165685353,0.8571686086290189,0.367240625,0.37505,0.0001605310147868467,0.0007211758931010859,20.757612156987243,0.7023937321795203,nan,1375.239058599982,,,D=union_ij D_ij; evaluate the complete parent-v54 amplitude on every x/t leaf; sum integrated uppers and minimize lowers
leaf,PASS,4,64,0,48,0.8571564165685353,0.8571686086290189,0.37505,0.382859375,0.00016409412987725627,0.0007388113886925604,20.636266438250253,0.6285537762282137,nan,1378.2995656999992,,,D=union_ij D_ij; evaluate the complete parent-v54 amplitude on every x/t leaf; sum integrated uppers and minimize lowers
leaf,PASS,4,64,0,49,0.8571564165685353,0.8571686086290189,0.382859375,0.39066875,0.00016765660135478318,0.0007564391156597907,20.515711062578948,0.564621686324314,nan,1381.6018740999862,,,D=union_ij D_ij; evaluate the complete parent-v54 amplitude on every x/t leaf; sum integrated uppers and minimize lowers
leaf,PASS,4,64,0,50,0.8571564165685353,0.8571686086290189,0.39066875,0.398478125,0.00017121846568375618,0.0007740594998737889,20.396052491990883,0.5090196122113957,nan,1384.6686062000226,,,D=union_ij D_ij; evaluate the complete parent-v54 amplitude on every x/t leaf; sum integrated uppers and minimize lowers
leaf,PASS,4,64,0,51,0.8571564165685353,0.8571686086290189,0.398478125,0.4062875,0.00017477975579213207,0.0007916729304670908,20.277379902328185,0.46045756344578426,nan,1387.6929627000354,,,D=union_ij D_ij; evaluate the complete parent-v54 amplitude on every x/t leaf; sum integrated uppers and minimize lowers
leaf,PASS,4,64,0,52,0.8571564165685353,0.8571686086290189,0.4062875,0.414096875,0.00017834050145315876,0.0008092797632200177,20.159767537253163,0.4178730081724935,nan,1390.7974206000217,,,D=union_ij D_ij; evaluate the complete parent-v54 amplitude on every x/t leaf; sum integrated uppers and minimize lowers
leaf,PASS,4,64,0,53,0.8571564165685353,0.8571686086290189,0.414096875,0.42190625,0.000181900729621105,0.0008268803238952079,20.043276729770465,0.38038690750817783,nan,1393.871532900026,,,D=union_ij D_ij; evaluate the complete parent-v54 amplitude on every x/t leaf; sum integrated uppers and minimize lowers
leaf,PASS,4,64,0,54,0.8571564165685353,0.8571686086290189,0.42190625,0.429715625,0.00018546046472721052,0.000844474911241838,19.927957641769545,0.3472689389779492,nan,1396.9364874000312,,,D=union_ij D_ij; evaluate the complete parent-v54 amplitude on every x/t leaf; sum integrated uppers and minimize lowers
leaf,PASS,4,64,0,55,0.8571564165685353,0.8571686086290189,0.429715625,0.437525,0.00018901972894109793,0.0008620637996074667,20.02542833662461,0.31455010624151974,nan,1400.2143389999983,,,D=union_ij D_ij; evaluate the complete parent-v54 amplitude on every x/t leaf; sum integrated uppers and minimize lowers
leaf,PASS,4,64,0,56,0.8571564165685353,0.8571686086290189,0.437525,0.445334375,0.00019257854240212904,0.000879647241259725,20.103549242190404,0.28598081475238935,nan,1403.2831682999968,,,D=union_ij D_ij; evaluate the complete parent-v54 amplitude on every x/t leaf; sum integrated uppers and minimize lowers
leaf,PASS,4,64,0,57,0.8571564165685353,0.8571686086290189,0.445334375,0.45314375,0.0001961369234245446,0.0008972254684542956,20.154815750380678,0.26105420099721904,nan,1406.3302787999855,,,D=union_ij D_ij; evaluate the complete parent-v54 amplitude on every x/t leaf; sum integrated uppers and minimize lowers
leaf,PASS,4,64,0,58,0.8571564165685353,0.8571686086290189,0.45314375,0.460953125,0.00019969488867968595,0.0009147986952805477,20.183432912859136,0.2391467389848966,nan,1409.6337416000315,,,D=union_ij D_ij; evaluate the complete parent-v54 amplitude on every x/t leaf; sum integrated uppers and minimize lowers
leaf,PASS,4,64,0,59,0.8571564165685353,0.8571686086290189,0.460953125,0.46876249999999997,0.00020325245335814056,0.0009323671193118534,20.192890191545814,0.219793065325628,nan,1412.7067418000079,,,D=union_ij D_ij; evaluate the complete parent-v54 amplitude on every x/t leaf; sum integrated uppers and minimize lowers
leaf,PASS,4,64,0,60,0.8571564165685353,0.8571686086290189,0.46876249999999997,0.476571875,0.00020680963131426312,0.0009499309230839553,20.186154338023684,0.20261456440157322,nan,1415.7591732,,,D=union_ij D_ij; evaluate the complete parent-v54 amplitude on every x/t leaf; sum integrated uppers and minimize lowers
leaf,PASS,4,64,0,61,0.8571564165685353,0.8571686086290189,0.476571875,0.48438125,0.00021036643519519604,0.000967490275421652,20.165698049322202,0.18730101010646358,nan,1418.9260059000226,,,D=union_ij D_ij; evaluate the complete parent-v54 amplitude on every x/t leaf; sum integrated uppers and minimize lowers
leaf,PASS,4,64,0,62,0.8571564165685353,0.8571686086290189,0.48438125,0.492190625,0.00021392287655622866,0.0009850453326313696,20.133608571150983,0.17359585441577055,nan,1422.1691700000083,,,D=union_ij D_ij; evaluate the complete parent-v54 amplitude on every x/t leaf; sum integrated uppers and minimize lowers
leaf,PASS,4,64,0,63,0.8571564165685353,0.8571686086290189,0.492190625,0.5,0.0002174789659640966,0.0010025962395749644,20.091651309518443,0.16138618225970142,nan,1425.250509799982,,,D=union_ij D_ij; evaluate the complete parent-v54 amplitude on every x/t leaf; sum integrated uppers and minimize lowers
leaf,PASS,4,64,1,0,0.8571686086290189,0.8571808006895024,0.0002,0.008009375000000001,0.0,5.04467585724843e-09,18.941503248053106,6778140812954.757,nan,1638.8988948999904,,,D=union_ij D_ij; evaluate the complete parent-v54 amplitude on every x/t leaf; sum integrated uppers and minimize lowers
leaf,PASS,4,64,1,1,0.8571686086290189,0.8571808006895024,0.008009375000000001,0.01581875,0.0,4.2624975815480116e-07,5.093539366172114,107054551.25166816,nan,1943.061794499983,,,D=union_ij D_ij; evaluate the complete parent-v54 amplitude on every x/t leaf; sum integrated uppers and minimize lowers
leaf,PASS,4,64,1,2,0.8571686086290189,0.8571808006895024,0.01581875,0.023628125,0.0,8.168410617488066e-07,9.48605823607907,6.106904681479971e+16,nan,2138.778987400001,,,D=union_ij D_ij; evaluate the complete parent-v54 amplitude on every x/t leaf; sum integrated uppers and minimize lowers
leaf,PASS,4,64,1,3,0.8571686086290189,0.8571808006895024,0.023628125,0.0314375,0.0,5.6948507426417585e-06,7.914167202029961,23658251360785.1,nan,2215.738101200026,,,D=union_ij D_ij; evaluate the complete parent-v54 amplitude on every x/t leaf; sum integrated uppers and minimize lowers
leaf,PASS,4,64,1,4,0.8571686086290189,0.8571808006895024,0.0314375,0.039246875,0.0,9.885256301592366e-06,3.3848850104803003,2660159484.5579534,nan,2282.2151028999942,,,D=union_ij D_ij; evaluate the complete parent-v54 amplitude on every x/t leaf; sum integrated uppers and minimize lowers
leaf,PASS,4,64,1,5,0.8571686086290189,0.8571808006895024,0.039246875,0.04705625,3.0829615795599142e-06,3.0829615795599142e-06,1.4118682216236023,70455260010.98956,nan,2309.2153756000334,,,D=union_ij D_ij; evaluate the complete parent-v54 amplitude on every x/t leaf; sum integrated uppers and minimize lowers
leaf,PASS,4,64,1,6,0.8571686086290189,0.8571808006895024,0.04705625,0.054865625,8.376109702394884e-06,8.376109702394884e-06,2.097867812848218,78206516.50092494,nan,2335.362562299997,,,D=union_ij D_ij; evaluate the complete parent-v54 amplitude on every x/t leaf; sum integrated uppers and minimize lowers
leaf,PASS,4,64,1,7,0.8571686086290189,0.8571808006895024,0.054865625,0.06267500000000001,1.3130550054305153e-05,1.3130550054305153e-05,2.5730126383190686,2574726.4725999963,nan,2358.850007100031,,,D=union_ij D_ij; evaluate the complete parent-v54 amplitude on every x/t leaf; sum integrated uppers and minimize lowers
leaf,PASS,4,64,1,8,0.8571686086290189,0.8571808006895024,0.06267500000000001,0.07048437500000002,1.7554788219403316e-05,1.7554788219403316e-05,0.8062273022064064,18236810.828918006,nan,2365.483443200006,,,D=union_ij D_ij; evaluate the complete parent-v54 amplitude on every x/t leaf; sum integrated uppers and minimize lowers
leaf,PASS,4,64,1,9,0.8571686086290189,0.8571808006895024,0.07048437500000002,0.07829375000000001,2.1763145617073776e-05,1.651987769083847e-05,3.0379679899416563,24729523.2627994,nan,2372.275366100017,,,D=union_ij D_ij; evaluate the complete parent-v54 amplitude on every x/t leaf; sum integrated uppers and minimize lowers
leaf,PASS,4,64,1,10,0.8571686086290189,0.8571808006895024,0.07829375000000001,0.086103125,2.5823328219321794e-05,2.5823328219321794e-05,10.352174129131445,966496.6727195149,nan,2375.5092144000228,,,D=union_ij D_ij; evaluate the complete parent-v54 amplitude on every x/t leaf; sum integrated uppers and minimize lowers
leaf,PASS,4,64,1,11,0.8571686086290189,0.8571808006895024,0.086103125,0.09391250000000001,2.977786758327609e-05,6.09260454599538e-05,12.881451777963852,22896550811.232822,nan,2378.742221200024,,,D=union_ij D_ij; evaluate the complete parent-v54 amplitude on every x/t leaf; sum integrated uppers and minimize lowers
leaf,PASS,4,64,1,12,0.8571686086290189,0.8571808006895024,0.09391250000000001,0.10172187500000002,3.365475306342746e-05,8.188283335443098e-05,14.724917263725645,2829075.825470888,nan,2382.1159882000065,,,D=union_ij D_ij; evaluate the complete parent-v54 amplitude on every x/t leaf; sum integrated uppers and minimize lowers
leaf,PASS,4,64,1,13,0.8571686086290189,0.8571808006895024,0.10172187500000002,0.10953125000000001,3.747331864189347e-05,0.00010226864840180602,16.41962399965745,289781.73296204,nan,2385.283773000003,,,D=union_ij D_ij; evaluate the complete parent-v54 amplitude on every x/t leaf; sum integrated uppers and minimize lowers
leaf,PASS,4,64,1,14,0.8571686086290189,0.8571808006895024,0.10953125000000001,0.117340625,4.1250977146020185e-05,0.00012220748252721658,17.862550739646455,60979.912185851914,nan,2388.4090164999943,,,D=union_ij D_ij; evaluate the complete parent-v54 amplitude on every x/t leaf; sum integrated uppers and minimize lowers
leaf,PASS,4,64,1,15,0.8571686086290189,0.8571808006895024,0.117340625,0.12515,4.499662890415607e-05,0.00014179230793818,19.035884275315368,18233.215143822774,nan,2391.9293143000104,,,D=union_ij D_ij; evaluate the complete parent-v54 amplitude on every x/t leaf; sum integrated uppers and minimize lowers
leaf,PASS,4,64,1,16,0.8571686086290189,0.8571808006895024,0.12515,0.13295937500000002,4.871556626195695e-05,0.00016109153628130442,19.971842795750128,6784.9285256218145,nan,2395.1887781000114,,,D=union_ij D_ij; evaluate the complete parent-v54 amplitude on every x/t leaf; sum integrated uppers and minimize lowers
leaf,PASS,4,64,1,17,0.8571686086290189,0.8571808006895024,0.13295937500000002,0.14076875000000003,5.241194071926246e-05,0.00018015708157423648,20.71066096355043,2939.473159293753,nan,2398.4486355999834,,,D=union_ij D_ij; evaluate the complete parent-v54 amplitude on every x/t leaf; sum integrated uppers and minimize lowers
leaf,PASS,4,64,1,18,0.8571686086290189,0.8571808006895024,0.14076875000000003,0.148578125,5.60890909796773e-05,0.00019902914170612314,21.28901357397042,1425.4409448125193,nan,2401.9774519000202,,,D=union_ij D_ij; evaluate the complete parent-v54 amplitude on every x/t leaf; sum integrated uppers and minimize lowers
leaf,PASS,4,64,1,19,0.8571686086290189,0.8571808006895024,0.148578125,0.1563875,5.975057289630952e-05,0.00021773992443572065,21.73753196888127,754.3009026826029,nan,2405.482303500001,,,D=union_ij D_ij; evaluate the complete parent-v54 amplitude on every x/t leaf; sum integrated uppers and minimize lowers
leaf,PASS,4,64,1,20,0.8571686086290189,0.8571808006895024,0.1563875,0.16419687500000002,6.339874294303854e-05,0.00023631469743874519,22.081014052883805,427.9893859479078,nan,2408.7897954999935,,,D=union_ij D_ij; evaluate the complete parent-v54 amplitude on every x/t leaf; sum integrated uppers and minimize lowers
leaf,PASS,4,64,1,21,0.8571686086290189,0.8571808006895024,0.16419687500000002,0.17200625,6.703564556395442e-05,0.0002547738116604672,22.33932059275451,257.0994991556135,nan,2413.344501400017,,,D=union_ij D_ij; evaluate the complete parent-v54 amplitude on every x/t leaf; sum integrated uppers and minimize lowers
leaf,PASS,4,64,1,22,0.8571686086290189,0.8571808006895024,0.17200625,0.179815625,7.066290509751772e-05,0.0002731338284379395,22.528325668882996,161.96486932135096,nan,2416.943996599992,,,D=union_ij D_ij; evaluate the complete parent-v54 amplitude on every x/t leaf; sum integrated uppers and minimize lowers
leaf,PASS,4,64,1,23,0.8571686086290189,0.8571808006895024,0.179815625,0.18762500000000001,7.428186910836323e-05,0.0002914083517081894,22.660742309655348,106.221346189165,nan,2420.2619638000033,,,D=union_ij D_ij; evaluate the complete parent-v54 amplitude on every x/t leaf; sum integrated uppers and minimize lowers
leaf,PASS,4,64,1,24,0.8571686086290189,0.8571808006895024,0.18762500000000001,0.19543437500000002,7.789366153335035e-05,0.0003096086367043363,22.74679177450151,72.105714928591,nan,2429.435657199996,,,D=union_ij D_ij; evaluate the complete parent-v54 amplitude on every x/t leaf; sum integrated uppers and minimize lowers
leaf,PASS,4,64,1,25,0.8571686086290189,0.8571808006895024,0.19543437500000002,0.20324375000000003,8.149922474048714e-05,0.0003277440863423931,22.794731146521368,50.4297065103089,nan,2439.603680400003,,,D=union_ij D_ij; evaluate the complete parent-v54 amplitude on every x/t leaf; sum integrated uppers and minimize lowers
leaf,PASS,4,64,1,26,0.8571686086290189,0.8571808006895024,0.20324375000000003,0.211053125,8.509935289934597e-05,0.00034582263558744777,22.81126463274145,36.20144774718615,nan,2448.9260108000017,,,D=union_ij D_ij; evaluate the complete parent-v54 amplitude on every x/t leaf; sum integrated uppers and minimize lowers
leaf,PASS,4,64,1,27,0.8571686086290189,0.8571808006895024,0.211053125,0.21886250000000002,8.869471856399813e-05,0.0003638509787080978,22.80186319287019,26.59121443775179,nan,2458.5652300000074,,,D=union_ij D_ij; evaluate the complete parent-v54 amplitude on every x/t leaf; sum integrated uppers and minimize lowers
leaf,PASS,4,64,1,28,0.8571686086290189,0.8571808006895024,0.21886250000000002,0.22667187500000002,9.228589395043743e-05,0.00038183466306316785,22.771013160253496,19.93401225966275,nan,2466.6468932999996,,,D=union_ij D_ij; evaluate the complete parent-v54 amplitude on every x/t leaf; sum integrated uppers and minimize lowers
leaf,PASS,4,64,1,29,0.8571686086290189,0.8571808006895024,0.22667187500000002,0.23448125,9.58733680555898e-05,0.0003997780058261796,22.722410155482915,15.217593401401926,nan,2470.3756028999924,,,D=union_ij D_ij; evaluate the complete parent-v54 amplitude on every x/t leaf; sum integrated uppers and minimize lowers
leaf,PASS,4,64,1,30,0.8571686086290189,0.8571808006895024,0.23448125,0.242290625,9.945755977790583e-05,0.0004176856862048163,22.659079763426565,11.808326597345618,nan,2473.8955120000173,,,D=union_ij D_ij; evaluate the complete parent-v54 amplitude on every x/t leaf; sum integrated uppers and minimize lowers
leaf,PASS,4,64,1,31,0.8571686086290189,0.8571808006895024,0.242290625,0.2501,0.00010303883128572668,0.0004355616367976635,22.583596756218938,9.298568209279026,nan,2477.4407278000144,,,D=union_ij D_ij; evaluate the complete parent-v54 amplitude on every x/t leaf; sum integrated uppers and minimize lowers
leaf,PASS,4,64,1,32,0.8571686086290189,0.8571808006895024,0.2501,0.257909375,0.00010661748892222939,0.00045340903082806357,22.498087671010826,7.4203691109729215,nan,2481.01810679998,,,D=union_ij D_ij; evaluate the complete parent-v54 amplitude on every x/t leaf; sum integrated uppers and minimize lowers
leaf,PASS,4,64,1,33,0.8571686086290189,0.8571808006895024,0.257909375,0.26571875,0.00011019380813326709,0.00047123060829248783,22.404326260907,5.993675349240107,nan,2484.406109899981,,,D=union_ij D_ij; evaluate the complete parent-v54 amplitude on every x/t leaf; sum integrated uppers and minimize lowers
leaf,PASS,4,64,1,34,0.8571686086290189,0.8571808006895024,0.26571875,0.273528125,0.00011376802828811061,0.0004890287681965876,22.30380173939938,4.895093731698928,nan,2487.9933077000314,,,D=union_ij D_ij; evaluate the complete parent-v54 amplitude on every x/t leaf; sum integrated uppers and minimize lowers
leaf,PASS,4,64,1,35,0.8571686086290189,0.8571808006895024,0.273528125,0.2813375,0.00011734035552326618,0.0005068056186676853,22.1977679710565,4.038843265449862,nan,2491.793256499979,,,D=union_ij D_ij; evaluate the complete parent-v54 amplitude on every x/t leaf; sum integrated uppers and minimize lowers
leaf,PASS,4,64,1,36,0.8571686086290189,0.8571808006895024,0.2813375,0.28914687499999997,0.00012091097038404794,0.0005245630185836982,22.087283334651964,3.363758149249877,nan,2494.9774869999965,,,D=union_ij D_ij; evaluate the complete parent-v54 amplitude on every x/t leaf; sum integrated uppers and minimize lowers
leaf,PASS,4,64,1,37,0.8571686086290189,0.8571808006895024,0.28914687499999997,0.29695625,0.00012448003143946475,0.0005423026123381385,21.973243187212443,2.825671516236154,nan,2498.0889680000255,,,D=union_ij D_ij; evaluate the complete parent-v54 amplitude on every x/t leaf; sum integrated uppers and minimize lowers
leaf,PASS,4,64,1,38,0.8571686086290189,0.8571808006895024,0.29695625,0.304765625,0.00012804758437229288,0.0005600258590176934,21.856406427373066,2.3925341214972216,nan,2501.415931000025,,,D=union_ij D_ij; evaluate the complete parent-v54 amplitude on every x/t leaf; sum integrated uppers and minimize lowers
leaf,PASS,4,64,1,39,0.8571686086290189,0.8571808006895024,0.304765625,0.312575,0.00013161378624527222,0.0005777340570073504,21.737417328945405,2.040708266565394,nan,2504.819325199991,,,D=union_ij D_ij; evaluate the complete parent-v54 amplitude on every x/t leaf; sum integrated uppers and minimize lowers
leaf,PASS,4,64,1,40,0.8571686086290189,0.8571808006895024,0.312575,0.320384375,0.00013517881458127183,0.0005954283648294606,21.616823563536123,1.7525177000339065,nan,2508.229226800031,,,D=union_ij D_ij; evaluate the complete parent-v54 amplitude on every x/t leaf; sum integrated uppers and minimize lowers
leaf,PASS,4,64,1,41,0.8571686086290189,0.8571808006895024,0.320384375,0.32819375,0.0001387427659154516,0.0006131098188698532,21.495091138676173,1.5145978835025053,nan,2511.3482862000237,,,D=union_ij D_ij; evaluate the complete parent-v54 amplitude on every x/t leaf; sum integrated uppers and minimize lowers
leaf,PASS,4,64,1,42,0.8571686086290189,0.8571808006895024,0.32819375,0.336003125,0.00014230572599402262,0.0006307793484357921,21.372616826276705,1.3167400199729726,nan,2514.5588048000354,,,D=union_ij D_ij; evaluate the complete parent-v54 amplitude on every x/t leaf; sum integrated uppers and minimize lowers
leaf,PASS,4,64,1,43,0.8571686086290189,0.8571808006895024,0.336003125,0.34381249999999997,0.00014586777113009846,0.0006484377889292317,21.249738545705704,1.1510717426497663,nan,2517.5853795000003,,,D=union_ij D_ij; evaluate the complete parent-v54 amplitude on every x/t leaf; sum integrated uppers and minimize lowers
leaf,PASS,4,64,1,44,0.8571686086290189,0.8571808006895024,0.34381249999999997,0.351621875,0.00014942896824204506,0.000666085892889935,21.12674406163752,1.0114658654830022,nan,2520.6785485,,,D=union_ij D_ij; evaluate the complete parent-v54 amplitude on every x/t leaf; sum integrated uppers and minimize lowers
leaf,PASS,4,64,1,45,0.8571686086290189,0.8571808006895024,0.351621875,0.35943125,0.0001529893745868957,0.0006837243396077931,21.003878298460965,0.893214692495985,nan,2523.738729200035,,,D=union_ij D_ij; evaluate the complete parent-v54 amplitude on every x/t leaf; sum integrated uppers and minimize lowers
leaf,PASS,4,64,1,46,0.8571686086290189,0.8571808006895024,0.35943125,0.367240625,0.00015654904981909643,0.0007013537434953254,20.881349511235413,0.7925942771393004,nan,2526.815799300035,,,D=union_ij D_ij; evaluate the complete parent-v54 amplitude on every x/t leaf; sum integrated uppers and minimize lowers
leaf,PASS,4,64,1,47,0.8571686086290189,0.8571808006895024,0.367240625,0.37505,0.0001601080426045493,0.0007189746613372486,20.75933450606259,0.7063380258928641,nan,2529.9075267000007,,,D=union_ij D_ij; evaluate the complete parent-v54 amplitude on every x/t leaf; sum integrated uppers and minimize lowers
leaf,PASS,4,64,1,48,0.8571686086290189,0.8571808006895024,0.37505,0.382859375,0.00016366639661916338,0.00073658759861342,20.637983069290787,0.6320322070236649,nan,2532.9894556000363,,,D=union_ij D_ij; evaluate the complete parent-v54 amplitude on every x/t leaf; sum integrated uppers and minimize lowers
leaf,PASS,4,64,1,49,0.8571686086290189,0.8571808006895024,0.382859375,0.39066875,0.00016722415111592462,0.0007541930150205226,20.51742173557585,0.56770220734751,nan,2536.025000100024,,,D=union_ij D_ij; evaluate the complete parent-v54 amplitude on every x/t leaf; sum integrated uppers and minimize lowers
leaf,PASS,4,64,1,50,0.8571686086290189,0.8571808006895024,0.39066875,0.398478125,0.00017078134142002003,0.0007717913292224621,20.397757001664573,0.5117586097311742,nan,2539.1302047999925,,,D=union_ij D_ij; evaluate the complete parent-v54 amplitude on every x/t leaf; sum integrated uppers and minimize lowers
leaf,PASS,4,64,1,51,0.8571686086290189,0.8571808006895024,0.398478125,0.4062875,0.00017433799936217523,0.0007893829232059614,20.27907807405314,0.4629020842319031,nan,2542.385474300012,,,D=union_ij D_ij; evaluate the complete parent-v54 amplitude on every x/t leaf; sum integrated uppers and minimize lowers
leaf,PASS,4,64,1,52,0.8571686086290189,0.8571808006895024,0.4062875,0.414096875,0.00017789415365878334,0.0008069681462354812,20.161459223492816,0.4200625030774852,nan,2545.4487484000274,,,D=union_ij D_ij; evaluate the complete parent-v54 amplitude on every x/t leaf; sum integrated uppers and minimize lowers
leaf,PASS,4,64,1,53,0.8571686086290189,0.8571808006895024,0.414096875,0.42190625,0.00018144983024608976,0.000824547317771417,20.044961806951854,0.3823546227811984,nan,2548.461313900014,,,D=union_ij D_ij; evaluate the complete parent-v54 amplitude on every x/t leaf; sum integrated uppers and minimize lowers
leaf,PASS,4,64,1,54,0.8571686086290189,0.8571808006895024,0.42190625,0.429715625,0.00018500505257460506,0.0008421207305523589,19.92963600753798,0.3490430249666642,nan,2551.589410900022,,,D=union_ij D_ij; evaluate the complete parent-v54 amplitude on every x/t leaf; sum integrated uppers and minimize lowers
leaf,PASS,4,64,1,55,0.8571686086290189,0.8571808006895024,0.429715625,0.437525,0.00018855984186900177,0.0008596886531883356,20.027065465622062,0.31613837918228865,nan,2554.584376599989,,,D=union_ij D_ij; evaluate the complete parent-v54 amplitude on every x/t leaf; sum integrated uppers and minimize lowers
leaf,PASS,4,64,1,56,0.8571686086290189,0.8571808006895024,0.437525,0.445334375,0.00019211421735798853,0.000877251332465402,20.105209208467286,0.28737841345061454,nan,2557.6437632000307,,,D=union_ij D_ij; evaluate the complete parent-v54 amplitude on every x/t leaf; sum integrated uppers and minimize lowers
leaf,PASS,4,64,1,57,0.8571686086290189,0.8571808006895024,0.445334375,0.45314375,0.00019566819647800736,0.0008948089953978709,20.156494109796142,0.2622698219428488,nan,2560.774323599995,,,D=union_ij D_ij; evaluate the complete parent-v54 amplitude on every x/t leaf; sum integrated uppers and minimize lowers
leaf,PASS,4,64,1,58,0.8571686086290189,0.8571808006895024,0.45314375,0.460953125,0.00019922179505405883,0.0009123618510594258,20.185125855261674,0.24024642461220858,nan,2563.852360900026,,,D=union_ij D_ij; evaluate the complete parent-v54 amplitude on every x/t leaf; sum integrated uppers and minimize lowers
leaf,PASS,4,64,1,59,0.8571686086290189,0.8571808006895024,0.460953125,0.46876249999999997,0.00020277502746049946,0.0009299100922200252,20.194594579325187,0.22079138135800658,nan,2566.8316731000086,,,D=union_ij D_ij; evaluate the complete parent-v54 amplitude on every x/t leaf; sum integrated uppers and minimize lowers
leaf,PASS,4,64,1,60,0.8571686086290189,0.8571808006895024,0.46876249999999997,0.476571875,0.00020632790676426612,0.0009474538968118671,20.187867459376655,0.20352381380720225,nan,2570.1304448000155,,,D=union_ij D_ij; evaluate the complete parent-v54 amplitude on every x/t leaf; sum integrated uppers and minimize lowers
leaf,PASS,4,64,1,61,0.8571686086290189,0.8571808006895024,0.476571875,0.48438125,0.00020988044485265142,0.0009649934292445884,20.167417591407293,0.18813164116776357,nan,2573.235444699996,,,D=union_ij D_ij; evaluate the complete parent-v54 amplitude on every x/t leaf; sum integrated uppers and minimize lowers
leaf,PASS,4,64,1,62,0.8571686086290189,0.8571808006895024,0.48438125,0.492190625,0.00021343265254747024,0.0009825288415871872,20.13533255660574,0.174356761877129,nan,2576.29058109998,,,D=union_ij D_ij; evaluate the complete parent-v54 amplitude on every x/t leaf; sum integrated uppers and minimize lowers
leaf,PASS,4,64,1,63,0.8571686086290189,0.8571808006895024,0.492190625,0.5,0.00021698453970721805,0.0010000602746319362,20.093377691017967,0.16198410138061764,nan,2579.418028299988,,,D=union_ij D_ij; evaluate the complete parent-v54 amplitude on every x/t leaf; sum integrated uppers and minimize lowers
leaf,PASS,4,64,2,0,0.8571808006895024,0.857192992749986,0.0002,0.008009375000000001,0.0,6.119527365708362e-08,18.849569997874706,528401411.85985285,nan,2840.7847135000047,,,D=union_ij D_ij; evaluate the complete parent-v54 amplitude on every x/t leaf; sum integrated uppers and minimize lowers
leaf,PASS,4,64,2,1,0.8571808006895024,0.857192992749986,0.008009375000000001,0.01581875,0.0,8.005961021801216e-08,5.111407315477015,1963636497.8255658,nan,3141.079419800022,,,D=union_ij D_ij; evaluate the complete parent-v54 amplitude on every x/t leaf; sum integrated uppers and minimize lowers
leaf,PASS,4,64,2,2,0.8571808006895024,0.857192992749986,0.01581875,0.023628125,0.0,7.227411201269504e-07,9.485133960934578,8.461240974340442e+16,nan,3340.22099609999,,,D=union_ij D_ij; evaluate the complete parent-v54 amplitude on every x/t leaf; sum integrated uppers and minimize lowers
leaf,PASS,4,64,2,3,0.8571808006895024,0.857192992749986,0.023628125,0.0314375,0.0,5.58070846960086e-06,7.9132026692680775,25268024387851.008,nan,3416.0918973999796,,,D=union_ij D_ij; evaluate the complete parent-v54 amplitude on every x/t leaf; sum integrated uppers and minimize lowers
leaf,PASS,4,64,2,4,0.8571808006895024,0.857192992749986,0.0314375,0.039246875,0.0,9.754096345008921e-06,3.3833021648258543,2786722759.483151,nan,3483.830237600021,,,D=union_ij D_ij; evaluate the complete parent-v54 amplitude on every x/t leaf; sum integrated uppers and minimize lowers
leaf,PASS,4,64,2,5,0.8571808006895024,0.857192992749986,0.039246875,0.04705625,2.9445139109837256e-06,2.9445139109837256e-06,1.4115173585608727,84240871298.0024,nan,3510.4761783999857,,,D=union_ij D_ij; evaluate the complete parent-v54 amplitude on every x/t leaf; sum integrated uppers and minimize lowers
leaf,PASS,4,64,2,6,0.8571808006895024,0.857192992749986,0.04705625,0.054865625,8.223258963893582e-06,8.223258963893582e-06,2.097519087060017,83704576.14381924,nan,3537.748828999989,,,D=union_ij D_ij; evaluate the complete parent-v54 amplitude on every x/t leaf; sum integrated uppers and minimize lowers
leaf,PASS,4,64,2,7,0.8571808006895024,0.857192992749986,0.054865625,0.06267500000000001,1.2964572640305359e-05,1.2964572640305359e-05,2.5726704683711246,2692223.3558329865,nan,3565.432127900014,,,D=union_ij D_ij; evaluate the complete parent-v54 amplitude on every x/t leaf; sum integrated uppers and minimize lowers
leaf,PASS,4,64,2,8,0.8571808006895024,0.857192992749986,0.06267500000000001,0.07048437500000002,1.737667163870561e-05,1.737667163870561e-05,0.8017225431373394,18979414.1104056,nan,3572.3155802999972,,,D=union_ij D_ij; evaluate the complete parent-v54 amplitude on every x/t leaf; sum integrated uppers and minimize lowers
leaf,PASS,4,64,2,9,0.8571808006895024,0.857192992749986,0.07048437500000002,0.07829375000000001,2.1573683999741058e-05,1.552866571494205e-05,3.037631397534516,28294659.468826506,nan,3579.280618700024,,,D=union_ij D_ij; evaluate the complete parent-v54 amplitude on every x/t leaf; sum integrated uppers and minimize lowers
leaf,PASS,4,64,2,10,0.8571808006895024,0.857192992749986,0.07829375000000001,0.086103125,2.56231786025477e-05,2.56231786025477e-05,10.350511109423929,1028665.3288565924,nan,3582.602860199986,,,D=union_ij D_ij; evaluate the complete parent-v54 amplitude on every x/t leaf; sum integrated uppers and minimize lowers
leaf,PASS,4,64,2,11,0.8571808006895024,0.857192992749986,0.086103125,0.09391250000000001,2.9567585561485158e-05,5.983569273327147e-05,12.880552108660781,23458779119.857735,nan,3586.7509852999938,,,D=union_ij D_ij; evaluate the complete parent-v54 amplitude on every x/t leaf; sum integrated uppers and minimize lowers
leaf,PASS,4,64,2,12,0.8571808006895024,0.857192992749986,0.09391250000000001,0.10172187500000002,3.343481663410056e-05,8.07461959733428e-05,14.72438069671967,2908594.93065132,nan,3589.9393359000096,,,D=union_ij D_ij; evaluate the complete parent-v54 amplitude on every x/t leaf; sum integrated uppers and minimize lowers
leaf,PASS,4,64,2,13,0.8571808006895024,0.857192992749986,0.10172187500000002,0.10953125000000001,3.72457054933704e-05,0.00010108757145656455,16.419390989628507,296562.18317350035,nan,3593.4678172999993,,,D=union_ij D_ij; evaluate the complete parent-v54 amplitude on every x/t leaf; sum integrated uppers and minimize lowers
leaf,PASS,4,64,2,14,0.8571808006895024,0.857192992749986,0.10953125000000001,0.117340625,4.101739391746718e-05,0.00012098361139937227,17.86264319271888,62217.14675688822,nan,3596.7748412000365,,,D=union_ij D_ij; evaluate the complete parent-v54 amplitude on every x/t leaf; sum integrated uppers and minimize lowers
leaf,PASS,4,64,2,15,0.8571808006895024,0.857192992749986,0.117340625,0.12515,4.4756817939476305e-05,0.0001405271218655376,19.036266451959236,18562.89700089602,nan,3599.8946851000073,,,D=union_ij D_ij; evaluate the complete parent-v54 amplitude on every x/t leaf; sum integrated uppers and minimize lowers
leaf,PASS,4,64,2,16,0.8571808006895024,0.857192992749986,0.12515,0.13295937500000002,4.8469379886193235e-05,0.00015978637471659283,19.9724693093136,6896.37502951647,nan,3603.1075672000297,,,D=union_ij D_ij; evaluate the complete parent-v54 amplitude on every x/t leaf; sum integrated uppers and minimize lowers
leaf,PASS,4,64,2,17,0.8571808006895024,0.857192992749986,0.13295937500000002,0.14076875000000003,5.2159369943869775e-05,0.0001788128668524314,20.711489863401304,2983.970678845937,nan,3606.2800608000252,,,D=union_ij D_ij; evaluate the complete parent-v54 amplitude on every x/t leaf; sum integrated uppers and minimize lowers
leaf,PASS,4,64,2,18,0.8571808006895024,0.857192992749986,0.14076875000000003,0.148578125,5.5830037495973305e-05,0.00019764728194390376,21.290009232489414,1445.5279392473337,nan,3609.283836800023,,,D=union_ij D_ij; evaluate the complete parent-v54 amplitude on every x/t leaf; sum integrated uppers and minimize lowers
leaf,PASS,4,64,2,19,0.8571808006895024,0.857192992749986,0.148578125,0.1563875,5.9485061887367034e-05,0.0002163214494051703,21.738664989286182,764.2786874619997,nan,3612.4147001000238,,,D=union_ij D_ij; evaluate the complete parent-v54 amplitude on every x/t leaf; sum integrated uppers and minimize lowers
leaf,PASS,4,64,2,20,0.8571808006895024,0.857192992749986,0.1563875,0.16419687500000002,6.312678139138435e-05,0.00023486055942793552,22.082260398433736,433.3398216353763,nan,3615.569935699983,,,D=union_ij D_ij; evaluate the complete parent-v54 amplitude on every x/t leaf; sum integrated uppers and minimize lowers
leaf,PASS,4,64,2,21,0.8571808006895024,0.857192992749986,0.16419687500000002,0.17200625,6.675728176705377e-05,0.00025328489478419064,22.340660627257115,260.15380277202723,nan,3618.665059000021,,,D=union_ij D_ij; evaluate the complete parent-v54 amplitude on every x/t leaf; sum integrated uppers and minimize lowers
leaf,PASS,4,64,2,22,0.8571808006895024,0.857192992749986,0.17200625,0.179815625,7.037819742012213e-05,0.0002716109564526861,22.529743307217558,163.80163782161932,nan,3621.9653687999817,,,D=union_ij D_ij; evaluate the complete parent-v54 amplitude on every x/t leaf; sum integrated uppers and minimize lowers
leaf,PASS,4,64,2,23,0.8571808006895024,0.857192992749986,0.179815625,0.18762500000000001,7.399088258030887e-05,0.0002898522946268303,22.662224318230354,107.37574254722182,nan,3625.249948600016,,,D=union_ij D_ij; evaluate the complete parent-v54 amplitude on every x/t leaf; sum integrated uppers and minimize lowers
leaf,PASS,4,64,2,24,0.8571808006895024,0.857192992749986,0.18762500000000001,0.19543437500000002,7.7596465432783e-05,0.00030802011641945296,22.748327211298463,72.85915994835355,nan,3628.420081500022,,,D=union_ij D_ij; evaluate the complete parent-v54 amplitude on every x/t leaf; sum integrated uppers and minimize lowers
leaf,PASS,4,64,2,25,0.8571808006895024,0.857192992749986,0.19543437500000002,0.20324375000000003,8.119589086388292e-05,0.0003261237815260459,22.796310917740755,50.93778326313486,nan,3631.5535230999812,,,D=union_ij D_ij; evaluate the complete parent-v54 amplitude on every x/t leaf; sum integrated uppers and minimize lowers
leaf,PASS,4,64,2,26,0.8571808006895024,0.857192992749986,0.20324375000000003,0.211053125,8.478995431684635e-05,0.0003441711858238756,22.81288114238988,36.55401904130823,nan,3634.7443364000064,,,D=union_ij D_ij; evaluate the complete parent-v54 amplitude on every x/t leaf; sum integrated uppers and minimize lowers
leaf,PASS,4,64,2,27,0.8571808006895024,0.857192992749986,0.211053125,0.21886250000000002,8.837932872182576e-05,0.0003621689881526725,22.803510065494535,26.842072981427958,nan,3637.7672235000064,,,D=union_ij D_ij; evaluate the complete parent-v54 amplitude on every x/t leaf; sum integrated uppers and minimize lowers
leaf,PASS,4,64,2,28,0.8571808006895024,0.857192992749986,0.21886250000000002,0.22667187500000002,9.196458602411705e-05,0.0003801227034621851,22.772685020310703,20.116521045599267,nan,3640.805727900006,,,D=union_ij D_ij; evaluate the complete parent-v54 amplitude on every x/t leaf; sum integrated uppers and minimize lowers
leaf,PASS,4,64,2,29,0.8571808006895024,0.857192992749986,0.22667187500000002,0.23448125,9.55462144860105e-05,0.0003980366198053816,22.724102452309605,15.353040901421233,nan,3643.994429000013,,,D=union_ij D_ij; evaluate the complete parent-v54 amplitude on every x/t leaf; sum integrated uppers and minimize lowers
leaf,PASS,4,64,2,30,0.8571808006895024,0.857192992749986,0.23448125,0.242290625,9.912463194333476e-05,0.0004159153896814778,22.66078873586823,11.910657123872001,nan,3647.4394949999987,,,D=union_ij D_ij; evaluate the complete parent-v54 amplitude on every x/t leaf; sum integrated uppers and minimize lowers
leaf,PASS,4,64,2,31,0.8571808006895024,0.857192992749986,0.242290625,0.2501,0.00010270019926557351,0.00043376291994455296,22.585318988854212,9.377131966314442,nan,3650.6096550000366,,,D=union_ij D_ij; evaluate the complete parent-v54 amplitude on every x/t leaf; sum integrated uppers and minimize lowers
leaf,PASS,4,64,2,32,0.8571808006895024,0.857192992749986,0.2501,0.257909375,0.00010627322131737849,0.00045158236147421646,22.499820341834702,7.4815700076908636,nan,3653.7476082000067,,,D=union_ij D_ij; evaluate the complete parent-v54 amplitude on every x/t leaf; sum integrated uppers and minimize lowers
leaf,PASS,4,64,2,33,0.8571808006895024,0.857192992749986,0.257909375,0.26571875,0.00010984397130088645,0.0004693764331538868,22.406066948246238,6.041985600270542,nan,3656.8702715000254,,,D=union_ij D_ij; evaluate the complete parent-v54 amplitude on every x/t leaf; sum integrated uppers and minimize lowers
leaf,PASS,4,64,2,34,0.8571808006895024,0.857192992749986,0.26571875,0.273528125,0.00011341268777916277,0.00048714751443476925,22.305548359761296,4.933691823486325,nan,3659.896960199985,,,D=union_ij D_ij; evaluate the complete parent-v54 amplitude on every x/t leaf; sum integrated uppers and minimize lowers
leaf,PASS,4,64,2,35,0.8571808006895024,0.857192992749986,0.273528125,0.2813375,0.00011697957523170173,0.0005048976952916415,22.199518727822657,4.069970954452201,nan,3663.0603068000055,,,D=union_ij D_ij; evaluate the complete parent-v54 amplitude on every x/t leaf; sum integrated uppers and minimize lowers
leaf,PASS,4,64,2,36,0.8571808006895024,0.857192992749986,0.2813375,0.28914687499999997,0.00012054481254045597,0.0005226288177147736,22.089036675513167,3.3891642763729335,nan,3666.090795200027,,,D=union_ij D_ij; evaluate the complete parent-v54 amplitude on every x/t leaf; sum integrated uppers and minimize lowers
leaf,PASS,4,64,2,37,0.8571808006895024,0.857192992749986,0.28914687499999997,0.29695625,0.00012410855662117284,0.0005403425103546792,21.974997768687906,2.8466032202482223,nan,3669.1278588999994,,,D=union_ij D_ij; evaluate the complete parent-v54 amplitude on every x/t leaf; sum integrated uppers and minimize lowers
leaf,PASS,4,64,2,38,0.8571808006895024,0.857192992749986,0.29695625,0.304765625,0.0001276709454742474,0.0005580402175937637,21.858161085101017,2.409929292547727,nan,3672.5768445000285,,,D=union_ij D_ij; evaluate the complete parent-v54 amplitude on every x/t leaf; sum integrated uppers and minimize lowers
leaf,PASS,4,64,2,39,0.8571808006895024,0.857192992749986,0.304765625,0.312575,0.00013123204935639027,0.0005757232240578043,21.739171052699234,2.055280839505064,nan,3675.7532830000273,,,D=union_ij D_ij; evaluate the complete parent-v54 amplitude on every x/t leaf; sum integrated uppers and minimize lowers
leaf,PASS,4,64,2,40,0.8571808006895024,0.857192992749986,0.312575,0.320384375,0.000134791913477735,0.0005933926753719564,21.618575476129116,1.7648169302658685,nan,3678.7744294999866,,,D=union_ij D_ij; evaluate the complete parent-v54 amplitude on every x/t leaf; sum integrated uppers and minimize lowers
leaf,PASS,4,64,2,41,0.8571808006895024,0.857192992749986,0.320384375,0.32819375,0.0001383507555578107,0.0006110495958129718,21.496840478080223,1.5250506159874266,nan,3681.876121499983,,,D=union_ij D_ij; evaluate the complete parent-v54 amplitude on every x/t leaf; sum integrated uppers and minimize lowers
leaf,PASS,4,64,2,42,0.8571808006895024,0.857192992749986,0.32819375,0.336003125,0.00014190865983253087,0.000628694903301544,21.374362930414026,1.3256810868812947,nan,3685.1521329000243,,,D=union_ij D_ij; evaluate the complete parent-v54 amplitude on every x/t leaf; sum integrated uppers and minimize lowers
leaf,PASS,4,64,2,43,0.8571808006895024,0.857192992749986,0.336003125,0.34381249999999997,0.00014546570114633856,0.0006463294225152276,21.251480839448508,1.1587659850637881,nan,3688.2440660999855,,,D=union_ij D_ij; evaluate the complete parent-v54 amplitude on every x/t leaf; sum integrated uppers and minimize lowers
leaf,PASS,4,64,2,44,0.8571808006895024,0.857192992749986,0.34381249999999997,0.351621875,0.00014902194493884096,0.0006639538958910302,21.128482045697403,1.0181248020110882,nan,3691.3804335999885,,,D=union_ij D_ij; evaluate the complete parent-v54 amplitude on every x/t leaf; sum integrated uppers and minimize lowers
leaf,PASS,4,64,2,45,0.8571808006895024,0.857192992749986,0.351621875,0.35943125,0.00015257744686449502,0.0006815689931559695,21.00561153982618,0.8989700445788432,nan,3694.5221615000046,,,D=union_ij D_ij; evaluate the complete parent-v54 amplitude on every x/t leaf; sum integrated uppers and minimize lowers
leaf,PASS,4,64,2,46,0.8571808006895024,0.857192992749986,0.35943125,0.367240625,0.000156132265582269,0.0006991753196841135,20.88307763493322,0.7974077613380522,nan,3697.625855099992,,,D=union_ij D_ij; evaluate the complete parent-v54 amplitude on every x/t leaf; sum integrated uppers and minimize lowers
leaf,PASS,4,64,2,47,0.8571808006895024,0.857192992749986,0.367240625,0.37505,0.00015968644847762768,0.0007167734237183952,20.761057188040237,0.7103688489180064,nan,3700.7155028000125,,,D=union_ij D_ij; evaluate the complete parent-v54 amplitude on every x/t leaf; sum integrated uppers and minimize lowers
leaf,PASS,4,64,2,48,0.8571808006895024,0.857192992749986,0.37505,0.382859375,0.00016324003799270435,0.0007343638026338491,20.639700030246303,0.6355409396568801,nan,3704.007545600005,,,D=union_ij D_ij; evaluate the complete parent-v54 amplitude on every x/t leaf; sum integrated uppers and minimize lowers
leaf,PASS,4,64,2,49,0.8571808006895024,0.857192992749986,0.382859375,0.39066875,0.00016679307219200906,0.0007519469084360562,20.51913273559827,0.5708092000035336,nan,3707.1614875000087,,,D=union_ij D_ij; evaluate the complete parent-v54 amplitude on every x/t leaf; sum integrated uppers and minimize lowers
leaf,PASS,4,64,2,50,0.8571808006895024,0.857192992749986,0.39066875,0.398478125,0.000170345585256083,0.0007695231525703903,20.399461835566083,0.5145208337708524,nan,3710.451717499993,,,D=union_ij D_ij; evaluate the complete parent-v54 amplitude on every x/t leaf; sum integrated uppers and minimize lowers
leaf,PASS,4,64,2,51,0.8571808006895024,0.857192992749986,0.398478125,0.4062875,0.00017389760791330108,0.0007870929099119729,20.28077656729446,0.465367068388494,nan,3713.684501699987,,,D=union_ij D_ij; evaluate the complete parent-v54 amplitude on every x/t leaf; sum integrated uppers and minimize lowers
leaf,PASS,4,64,2,52,0.8571808006895024,0.857192992749986,0.4062875,0.414096875,0.0001774491678184335,0.0008046565231751577,20.16315122861859,0.4222700975228347,nan,3717.4129983999883,,,D=union_ij D_ij; evaluate the complete parent-v54 amplitude on every x/t leaf; sum integrated uppers and minimize lowers
leaf,PASS,4,64,2,53,0.8571808006895024,0.857192992749986,0.414096875,0.42190625,0.00018100028988525532,0.000822214305529493,20.046647200465696,0.3843384062679637,nan,3720.883908500022,,,D=union_ij D_ij; evaluate the complete parent-v54 amplitude on every x/t leaf; sum integrated uppers and minimize lowers
leaf,PASS,4,64,2,54,0.8571808006895024,0.857192992749986,0.42190625,0.429715625,0.000184550996579395,0.0008397665437029686,19.93131468715756,0.35083142613107193,nan,3724.576953699987,,,D=union_ij D_ij; evaluate the complete parent-v54 amplitude on every x/t leaf; sum integrated uppers and minimize lowers
leaf,PASS,4,64,2,55,0.8571808006895024,0.857192992749986,0.429715625,0.437525,0.00018810130817669207,0.0008573135005680688,20.02870279451616,0.3177393231303669,nan,3728.099441700033,,,D=union_ij D_ij; evaluate the complete parent-v54 amplitude on every x/t leaf; sum integrated uppers and minimize lowers
leaf,PASS,4,64,2,56,0.8571808006895024,0.857192992749986,0.437525,0.445334375,0.00019165124299156674,0.0008748554174292592,20.10686938624351,0.28881624153810975,nan,3731.4081928000087,,,D=union_ij D_ij; evaluate the complete parent-v54 amplitude on every x/t leaf; sum integrated uppers and minimize lowers
leaf,PASS,4,64,2,57,0.8571808006895024,0.857192992749986,0.445334375,0.45314375,0.00019520081757925527,0.0008923925160594703,20.158172690604278,0.2635459666714696,nan,3735.5198819999932,,,D=union_ij D_ij; evaluate the complete parent-v54 amplitude on every x/t leaf; sum integrated uppers and minimize lowers
leaf,PASS,4,64,2,58,0.8571808006895024,0.857192992749986,0.45314375,0.460953125,0.00019875004691522044,0.0009099250005166873,20.186819027461603,0.24135443974124593,nan,3738.979709999985,,,D=union_ij D_ij; evaluate the complete parent-v54 amplitude on every x/t leaf; sum integrated uppers and minimize lowers
leaf,PASS,4,64,2,59,0.8571808006895024,0.857192992749986,0.460953125,0.46876249999999997,0.00020229894455458484,0.0009274530587674431,20.196299204103294,0.22179718130098972,nan,3742.485692700022,,,D=union_ij D_ij; evaluate the complete parent-v54 amplitude on every x/t leaf; sum integrated uppers and minimize lowers
leaf,PASS,4,64,2,60,0.8571808006895024,0.857192992749986,0.46876249999999997,0.476571875,0.0002058475227740434,0.0009449768641403801,20.189580823867733,0.20443981133424322,nan,3745.7236468000337,,,D=union_ij D_ij; evaluate the complete parent-v54 amplitude on every x/t leaf; sum integrated uppers and minimize lowers
leaf,PASS,4,64,2,61,0.8571808006895024,0.857192992749986,0.476571875,0.48438125,0.00020939579269838084,0.0009624965766299625,20.169137381857748,0.18896838875561703,nan,3749.3279776999843,,,D=union_ij D_ij; evaluate the complete parent-v54 amplitude on every x/t leaf; sum integrated uppers and minimize lowers
leaf,PASS,4,64,2,62,0.8571808006895024,0.857192992749986,0.48438125,0.492190625,0.00021294376441343278,0.0009800123440677495,20.137056794866876,0.17512328072913488,nan,3753.134541300009,,,D=union_ij D_ij; evaluate the complete parent-v54 amplitude on every x/t leaf; sum integrated uppers and minimize lowers
leaf,PASS,4,64,2,63,0.8571808006895024,0.857192992749986,0.492190625,0.5,0.00021649144706709214,0.000997524303176421,20.095104328950764,0.1626881520992135,nan,3757.42392630002,,,D=union_ij D_ij; evaluate the complete parent-v54 amplitude on every x/t leaf; sum integrated uppers and minimize lowers
leaf,PASS,4,64,3,0,0.857192992749986,0.8572051848104696,0.0002,0.008009375000000001,0.0,1.0549964966268195e-07,18.757561392026712,2664350675.4012604,nan,3901.8489161999896,,,D=union_ij D_ij; evaluate the complete parent-v54 amplitude on every x/t leaf; sum integrated uppers and minimize lowers
leaf,PASS,4,64,3,1,0.857192992749986,0.8572051848104696,0.008009375000000001,0.01581875,0.0,1.27751920584125e-06,5.129318699407455,58590584.102407135,nan,4209.758282100025,,,D=union_ij D_ij; evaluate the complete parent-v54 amplitude on every x/t leaf; sum integrated uppers and minimize lowers
leaf,PASS,4,64,3,2,0.857192992749986,0.8572051848104696,0.01581875,0.023628125,0.0,6.286409048710889e-07,9.484209692120064,1.27719453993591e+17,nan,4412.711791299982,,,D=union_ij D_ij; evaluate the complete parent-v54 amplitude on every x/t leaf; sum integrated uppers and minimize lowers
leaf,PASS,4,64,3,3,0.857192992749986,0.8572051848104696,0.023628125,0.0314375,0.0,5.466565867820033e-06,7.912238099232039,27038104185491.23,nan,4491.199980300036,,,D=union_ij D_ij; evaluate the complete parent-v54 amplitude on every x/t leaf; sum integrated uppers and minimize lowers
leaf,PASS,4,64,3,4,0.857192992749986,0.8572051848104696,0.0314375,0.039246875,0.0,9.622936013333102e-06,3.381718454337437,2921665776.6512427,nan,4558.5441115000285,,,D=union_ij D_ij; evaluate the complete parent-v54 amplitude on every x/t leaf; sum integrated uppers and minimize lowers
leaf,PASS,4,64,3,5,0.857192992749986,0.8572051848104696,0.039246875,0.04705625,2.806065843886461e-06,2.806065843886461e-06,1.4111667295749633,101624566441.07964,nan,4585.924780100002,,,D=union_ij D_ij; evaluate the complete parent-v54 amplitude on every x/t leaf; sum integrated uppers and minimize lowers
leaf,PASS,4,64,3,6,0.857192992749986,0.8572051848104696,0.04705625,0.054865625,8.070407788798388e-06,8.070407788798388e-06,2.0971705266994256,89717309.04620479,nan,4612.866370600008,,,D=union_ij D_ij; evaluate the complete parent-v54 amplitude on every x/t leaf; sum integrated uppers and minimize lowers
leaf,PASS,4,64,3,7,0.857192992749986,0.8572051848104696,0.054865625,0.06267500000000001,1.2798594755221572e-05,1.2798594755221572e-05,2.5723284246475973,2817049.500166176,nan,4642.762813900015,,,D=union_ij D_ij; evaluate the complete parent-v54 amplitude on every x/t leaf; sum integrated uppers and minimize lowers
leaf,PASS,4,64,3,8,0.857192992749986,0.8572051848104696,0.06267500000000001,0.07048437500000002,1.7198554555240284e-05,1.7198554555240284e-05,0.7972186564930599,19761880.0123142,nan,4649.8909398000105,,,D=union_ij D_ij; evaluate the complete parent-v54 amplitude on every x/t leaf; sum integrated uppers and minimize lowers
leaf,PASS,4,64,3,9,0.857192992749986,0.8572051848104696,0.07048437500000002,0.07829375000000001,2.138422185023425e-05,1.4537450418664409e-05,3.037294879136945,32645225.16931041,nan,4656.9409323,,,D=union_ij D_ij; evaluate the complete parent-v54 amplitude on every x/t leaf; sum integrated uppers and minimize lowers
leaf,PASS,4,64,3,10,0.857192992749986,0.8572051848104696,0.07829375000000001,0.086103125,2.542302842608968e-05,2.542302842608968e-05,10.348848834924608,1096625.712445337,nan,4660.170059400029,,,D=union_ij D_ij; evaluate the complete parent-v54 amplitude on every x/t leaf; sum integrated uppers and minimize lowers
leaf,PASS,4,64,3,11,0.857192992749986,0.8572051848104696,0.086103125,0.09391250000000001,2.9357302954112487e-05,5.8745336488311736e-05,12.879653121060478,24054080290.35696,nan,4663.383534800028,,,D=union_ij D_ij; evaluate the complete parent-v54 amplitude on every x/t leaf; sum integrated uppers and minimize lowers
leaf,PASS,4,64,3,12,0.857192992749986,0.8572051848104696,0.09391250000000001,0.10172187500000002,3.321489259459999e-05,7.960955497921196e-05,14.72384496204815,2991536.055272943,nan,4666.6012129000155,,,D=union_ij D_ij; evaluate the complete parent-v54 amplitude on every x/t leaf; sum integrated uppers and minimize lowers
leaf,PASS,4,64,3,13,0.857192992749986,0.8572051848104696,0.10172187500000002,0.10953125000000001,3.70196429770616e-05,9.990649080623406e-05,16.419158717913856,303584.1093358527,nan,4669.729904000007,,,D=union_ij D_ij; evaluate the complete parent-v54 amplitude on every x/t leaf; sum integrated uppers and minimize lowers
leaf,PASS,4,64,3,14,0.857192992749986,0.8572051848104696,0.10953125000000001,0.117340625,4.078535665294683e-05,0.0001197597364770089,17.862736329633837,63492.45020881831,nan,4672.859502399981,,,D=union_ij D_ij; evaluate the complete parent-v54 amplitude on every x/t leaf; sum integrated uppers and minimize lowers
leaf,PASS,4,64,3,15,0.857192992749986,0.8572051848104696,0.117340625,0.12515,4.45185457719926e-05,0.00013926193191144843,19.03664927257525,18901.592828095512,nan,4676.055997400021,,,D=union_ij D_ij; evaluate the complete parent-v54 amplitude on every x/t leaf; sum integrated uppers and minimize lowers
leaf,PASS,4,64,3,16,0.857192992749986,0.8572051848104696,0.12515,0.13295937500000002,4.8224723960873425e-05,0.00015848105816242995,19.973096434317927,7010.610606952285,nan,4679.288184000005,,,D=union_ij D_ij; evaluate the complete parent-v54 amplitude on every x/t leaf; sum integrated uppers and minimize lowers
leaf,PASS,4,64,3,17,0.857192992749986,0.8572051848104696,0.13295937500000002,0.14076875000000003,5.190832147017962e-05,0.00017746864807755222,20.71231934697125,3029.4728519573305,nan,4682.513643599988,,,D=union_ij D_ij; evaluate the complete parent-v54 amplitude on every x/t leaf; sum integrated uppers and minimize lowers
leaf,PASS,4,64,3,18,0.857192992749986,0.8572051848104696,0.14076875000000003,0.148578125,5.5572497349477746e-05,0.00019626541804834363,21.291005450657497,1466.0360705529613,nan,4685.680796400004,,,D=union_ij D_ij; evaluate the complete parent-v54 amplitude on every x/t leaf; sum integrated uppers and minimize lowers
leaf,PASS,4,64,3,19,0.857192992749986,0.8572051848104696,0.148578125,0.1563875,5.9221049641334006e-05,0.00021490297016305506,21.739798548229246,774.4524193636056,nan,4688.743064099981,,,D=union_ij D_ij; evaluate the complete parent-v54 amplitude on every x/t leaf; sum integrated uppers and minimize lowers
leaf,PASS,4,64,3,20,0.857192992749986,0.8572051848104696,0.1563875,0.16419687500000002,6.285631837797779e-05,0.0002334064171292761,22.083507263873596,438.78935613352127,nan,4691.964646100008,,,D=union_ij D_ij; evaluate the complete parent-v54 amplitude on every x/t leaf; sum integrated uppers and minimize lowers
leaf,PASS,4,64,3,21,0.857192992749986,0.8572051848104696,0.16419687500000002,0.17200625,6.648040797369278e-05,0.00025179597354562207,22.342001165075906,263.2617658112165,nan,4695.166186599992,,,D=union_ij D_ij; evaluate the complete parent-v54 amplitude on every x/t leaf; sum integrated uppers and minimize lowers
leaf,PASS,4,64,3,22,0.857192992749986,0.8572051848104696,0.17200625,0.179815625,7.009497159969206e-05,0.00027008808003245064,22.531161434053832,165.66915827364048,nan,4698.284187100013,,,D=union_ij D_ij; evaluate the complete parent-v54 amplitude on every x/t leaf; sum integrated uppers and minimize lowers
leaf,PASS,4,64,3,23,0.857192992749986,0.8572051848104696,0.179815625,0.18762500000000001,7.370137014581289e-05,0.0002882962330394674,22.66370680199204,108.54863584789784,nan,4701.4566386999795,,,D=union_ij D_ij; evaluate the complete parent-v54 amplitude on every x/t leaf; sum integrated uppers and minimize lowers
leaf,PASS,4,64,3,24,0.857192992749986,0.8572051848104696,0.18762500000000001,0.19543437500000002,7.730073603212824e-05,0.0003064315915591312,22.74986311125079,73.62419028879282,nan,4704.672403600009,,,D=union_ij D_ij; evaluate the complete parent-v54 amplitude on every x/t leaf; sum integrated uppers and minimize lowers
leaf,PASS,4,64,3,25,0.857192992749986,0.8572051848104696,0.19543437500000002,0.20324375000000003,8.089401664558036e-05,0.00032450347206634475,22.797891141188227,51.45339222576761,nan,4707.83774550003,,,D=union_ij D_ij; evaluate the complete parent-v54 amplitude on every x/t leaf; sum integrated uppers and minimize lowers
leaf,PASS,4,64,3,26,0.857192992749986,0.8572051848104696,0.20324375000000003,0.211053125,8.448200868345332e-05,0.0003425197313504825,22.814498094292833,36.911628234007196,nan,4711.008988199988,,,D=union_ij D_ij; evaluate the complete parent-v54 amplitude on every x/t leaf; sum integrated uppers and minimize lowers
leaf,PASS,4,64,3,27,0.857192992749986,0.8572051848104696,0.211053125,0.21886250000000002,8.80653854318955e-05,0.00036048699282234444,22.805157371227544,27.096399369674707,nan,4714.287075800006,,,D=union_ij D_ij; evaluate the complete parent-v54 amplitude on every x/t leaf; sum integrated uppers and minimize lowers
leaf,PASS,4,64,3,28,0.857192992749986,0.8572051848104696,0.21886250000000002,0.22667187500000002,9.164471854577651e-05,0.00037841073902253705,22.774357305052263,20.30147554927748,nan,4717.47834229999,,,D=union_ij D_ij; evaluate the complete parent-v54 amplitude on every x/t leaf; sum integrated uppers and minimize lowers
leaf,PASS,4,64,3,29,0.857192992749986,0.8572051848104696,0.22667187500000002,0.23448125,9.522049553383792e-05,0.0003962952288834396,22.725795166028558,15.490251008509281,nan,4720.757482599991,,,D=union_ij D_ij; evaluate the complete parent-v54 amplitude on every x/t leaf; sum integrated uppers and minimize lowers
leaf,PASS,4,64,3,30,0.857192992749986,0.8572051848104696,0.23448125,0.242290625,9.879313315143054e-05,0.00041414508819572404,22.662498117998165,12.014282860076618,nan,4723.94375809998,,,D=union_ij D_ij; evaluate the complete parent-v54 amplitude on every x/t leaf; sum integrated uppers and minimize lowers
leaf,PASS,4,64,3,31,0.857192992749986,0.8572051848104696,0.242290625,0.2501,0.00010236299095246052,0.0004319641980689259,22.587041624431166,9.45666429250342,nan,4727.6743365,,,D=union_ij D_ij; evaluate the complete parent-v54 amplitude on every x/t leaf; sum integrated uppers and minimize lowers
leaf,PASS,4,64,3,32,0.857192992749986,0.8572051848104696,0.2501,0.257909375,0.00010593037238523033,0.00044975568703887667,22.5015534092901,7.543506777174896,nan,4730.8437625999795,,,D=union_ij D_ij; evaluate the complete parent-v54 amplitude on every x/t leaf; sum integrated uppers and minimize lowers
leaf,PASS,4,64,3,33,0.857192992749986,0.8572051848104696,0.257909375,0.26571875,0.00010949554823005851,0.0004675222528758994,22.407808026295832,6.090863047229687,nan,4734.057998500008,,,D=union_ij D_ij; evaluate the complete parent-v54 amplitude on every x/t leaf; sum integrated uppers and minimize lowers
leaf,PASS,4,64,3,34,0.857192992749986,0.8572051848104696,0.26571875,0.273528125,0.00011305875631748028,0.00048526625547671334,22.307295365260583,4.972732887543076,nan,4737.188969200011,,,D=union_ij D_ij; evaluate the complete parent-v54 amplitude on every x/t leaf; sum integrated uppers and minimize lowers
leaf,PASS,4,64,3,35,0.857192992749986,0.8572051848104696,0.273528125,0.2813375,0.00011662019945757153,0.0005029897666635136,22.201269864466042,4.101447944994051,nan,4740.281915500003,,,D=union_ij D_ij; evaluate the complete parent-v54 amplitude on every x/t leaf; sum integrated uppers and minimize lowers
leaf,PASS,4,64,3,36,0.857192992749986,0.8572051848104696,0.2813375,0.28914687499999997,0.00012018005485749117,0.0005206946115388875,22.090790391273636,3.414849611037785,nan,4743.601452200033,,,D=union_ij D_ij; evaluate the complete parent-v54 amplitude on every x/t leaf; sum integrated uppers and minimize lowers
leaf,PASS,4,64,3,37,0.857192992749986,0.8572051848104696,0.28914687499999997,0.29695625,0.00012373847776918942,0.0005383824030103162,21.976752720340123,2.867760395387998,nan,4746.818417900009,,,D=union_ij D_ij; evaluate the complete parent-v54 amplitude on every x/t leaf; sum integrated uppers and minimize lowers
leaf,PASS,4,64,3,38,0.857192992749986,0.8572051848104696,0.29695625,0.304765625,0.00012729560455222895,0.0005560545707558923,21.85991610851529,2.427508262347096,nan,4749.961574500019,,,D=union_ij D_ij; evaluate the complete parent-v54 amplitude on every x/t leaf; sum integrated uppers and minimize lowers
leaf,PASS,4,64,3,39,0.857192992749986,0.8572051848104696,0.304765625,0.312575,0.00013085155525596493,0.000573712385642152,21.74092513786049,2.07000455823753,nan,4753.499319099996,,,D=union_ij D_ij; evaluate the complete parent-v54 amplitude on every x/t leaf; sum integrated uppers and minimize lowers
leaf,PASS,4,64,3,40,0.857192992749986,0.8572051848104696,0.312575,0.320384375,0.00013440643004200185,0.0005913569803970274,21.6203277460441,1.7772414674927843,nan,4756.720306600037,,,D=union_ij D_ij; evaluate the complete parent-v54 amplitude on every x/t leaf; sum integrated uppers and minimize lowers
leaf,PASS,4,64,3,41,0.857192992749986,0.8572051848104696,0.320384375,0.32819375,0.0001379601583638551,0.0006089893671881657,21.49859017089828,1.5356080219976198,nan,4759.892623800028,,,D=union_ij D_ij; evaluate the complete parent-v54 amplitude on every x/t leaf; sum integrated uppers and minimize lowers
leaf,PASS,4,64,3,42,0.857192992749986,0.8572051848104696,0.32819375,0.336003125,0.00014151300244873963,0.0006266104525496648,21.37610938422064,1.3347102100852322,nan,4763.674556599988,,,D=union_ij D_ij; evaluate the complete parent-v54 amplitude on every x/t leaf; sum integrated uppers and minimize lowers
leaf,PASS,4,64,3,43,0.857192992749986,0.8572051848104696,0.336003125,0.34381249999999997,0.00014506503570774237,0.0006442210504346551,21.253223479266413,1.166534794380049,nan,4767.209773999988,,,D=union_ij D_ij; evaluate the complete parent-v54 amplitude on every x/t leaf; sum integrated uppers and minimize lowers
leaf,PASS,4,64,3,44,0.857192992749986,0.8572051848104696,0.34381249999999997,0.351621875,0.00014861632209978777,0.0006618218931669416,21.130220372377774,1.024847272942233,nan,4770.4893515,,,D=union_ij D_ij; evaluate the complete parent-v54 amplitude on every x/t leaf; sum integrated uppers and minimize lowers
leaf,PASS,4,64,3,45,0.857192992749986,0.8572051848104696,0.351621875,0.35943125,0.00015216691566113296,0.0006794136409281275,21.00734512048641,0.9048065562965324,nan,4774.806043400022,,,D=union_ij D_ij; evaluate the complete parent-v54 amplitude on every x/t leaf; sum integrated uppers and minimize lowers
leaf,PASS,4,64,3,46,0.857192992749986,0.8572051848104696,0.35943125,0.367240625,0.0001557168740521286,0.0006969968900639077,20.88480609472073,0.8025104603402048,nan,4779.285437899991,,,D=union_ij D_ij; evaluate the complete parent-v54 amplitude on every x/t leaf; sum integrated uppers and minimize lowers
leaf,PASS,4,64,3,47,0.857192992749986,0.8572051848104696,0.367240625,0.37505,0.00015926624337048439,0.000714572180244468,20.76278020301429,0.7148508147089878,nan,4783.789839000034,,,D=union_ij D_ij; evaluate the complete parent-v54 amplitude on every x/t leaf; sum integrated uppers and minimize lowers
leaf,PASS,4,64,3,48,0.857192992749986,0.8572051848104696,0.37505,0.382859375,0.00016281506481778763,0.0007321400007537891,20.641417321209538,0.6393659221888377,nan,4787.057400299993,,,D=union_ij D_ij; evaluate the complete parent-v54 amplitude on every x/t leaf; sum integrated uppers and minimize lowers
leaf,PASS,4,64,3,49,0.857192992749986,0.8572051848104696,0.382859375,0.39066875,0.00016636337526379863,0.0007497007959063323,20.520844062737634,0.5740383546438766,nan,4790.190267900005,,,D=union_ij D_ij; evaluate the complete parent-v54 amplitude on every x/t leaf; sum integrated uppers and minimize lowers
leaf,PASS,4,64,3,50,0.857192992749986,0.8572051848104696,0.39066875,0.398478125,0.00016991120773859002,0.0007672549698410306,20.40116699378561,0.5173065559501249,nan,4793.333087700012,,,D=union_ij D_ij; evaluate the complete parent-v54 amplitude on every x/t leaf; sum integrated uppers and minimize lowers
leaf,PASS,4,64,3,51,0.857192992749986,0.8572051848104696,0.398478125,0.4062875,0.00017345859186277405,0.0007848028905850655,20.28247538214118,0.467852751937954,nan,4796.510685799993,,,D=union_ij D_ij; evaluate the complete parent-v54 amplitude on every x/t leaf; sum integrated uppers and minimize lowers
leaf,PASS,4,64,3,52,0.857192992749986,0.8572051848104696,0.4062875,0.414096875,0.00017700555422446045,0.0008023448940389865,20.164843552718406,0.4244959976488917,nan,4799.814519900014,,,D=union_ij D_ij; evaluate the complete parent-v54 amplitude on every x/t leaf; sum integrated uppers and minimize lowers
leaf,PASS,4,64,3,53,0.857192992749986,0.8572051848104696,0.414096875,0.42190625,0.0001805521187102584,0.0008198812871693749,20.04833291039886,0.38633843873566676,nan,4803.079463600006,,,D=union_ij D_ij; evaluate the complete parent-v54 amplitude on every x/t leaf; sum integrated uppers and minimize lowers
leaf,PASS,4,64,3,54,0.857192992749986,0.8572051848104696,0.42190625,0.429715625,0.00018409830679653192,0.0008374123506936053,19.932993680714148,0.35263430159516723,nan,4806.857239999983,,,D=union_ij D_ij; evaluate the complete parent-v54 amplitude on every x/t leaf; sum integrated uppers and minimize lowers
leaf,PASS,4,64,3,55,0.857192992749986,0.8572051848104696,0.429715625,0.437525,0.00018764413780619185,0.000854938341746604,20.030340323337462,0.3193530805381505,nan,4810.02410119999,,,D=union_ij D_ij; evaluate the complete parent-v54 amplitude on every x/t leaf; sum integrated uppers and minimize lowers
leaf,PASS,4,64,3,56,0.857192992749986,0.8572051848104696,0.437525,0.445334375,0.00019118962913553783,0.0008724594961512338,20.10852977555485,0.29026545376699453,nan,4813.100880299986,,,D=union_ij D_ij; evaluate the complete parent-v54 amplitude on every x/t leaf; sum integrated uppers and minimize lowers
leaf,PASS,4,64,3,57,0.857192992749986,0.8572051848104696,0.445334375,0.45314375,0.0001947347964550103,0.0008899760304390301,20.159851492845345,0.2648528496994591,nan,4816.193276799982,,,D=union_ij D_ij; evaluate the complete parent-v54 amplitude on every x/t leaf; sum integrated uppers and minimize lowers
leaf,PASS,4,64,3,58,0.857192992749986,0.8572051848104696,0.45314375,0.460953125,0.00019827965388716709,0.0009074881436522676,20.188512429503007,0.24252344133697123,nan,4819.336743200023,,,D=union_ij D_ij; evaluate the complete parent-v54 amplitude on every x/t leaf; sum integrated uppers and minimize lowers
leaf,PASS,4,64,3,59,0.857192992749986,0.8572051848104696,0.460953125,0.46876249999999997,0.00020182421416473518,0.0009249960189540423,20.198004065927563,0.22281054971732092,nan,4822.552187699999,,,D=union_ij D_ij; evaluate the complete parent-v54 amplitude on every x/t leaf; sum integrated uppers and minimize lowers
leaf,PASS,4,64,3,60,0.857192992749986,0.8572051848104696,0.46876249999999997,0.476571875,0.00020536848877119595,0.0009424998250694288,20.191294431547217,0.20536262253032045,nan,4825.693695400027,,,D=union_ij D_ij; evaluate the complete parent-v54 amplitude on every x/t leaf; sum integrated uppers and minimize lowers
leaf,PASS,4,64,3,61,0.857192992749986,0.8572051848104696,0.476571875,0.48438125,0.00020891248806602966,0.0009599997175777083,20.170857420726353,0.18981129018215748,nan,4828.739556299988,,,D=union_ij D_ij; evaluate the complete parent-v54 amplitude on every x/t leaf; sum integrated uppers and minimize lowers
leaf,PASS,4,64,3,62,0.857192992749986,0.8572051848104696,0.48438125,0.492190625,0.00021245622139645892,0.0009774958400729904,20.13878128598933,0.1758953770047423,nan,4831.81842060003,,,D=union_ij D_ij; evaluate the complete parent-v54 amplitude on every x/t leaf; sum integrated uppers and minimize lowers
leaf,PASS,4,64,3,63,0.857192992749986,0.8572051848104696,0.492190625,0.5,0.0002159996971972907,0.0009949883252083518,20.096831223373563,0.16339727372350776,nan,4835.0361424,,,D=union_ij D_ij; evaluate the complete parent-v54 amplitude on every x/t leaf; sum integrated uppers and minimize lowers
schedule,SELECTED,4,64,-1,-1,0.8571564165685353,0.8572051848104696,0.0002,0.5,0.0,5.04467585724843e-09,0.7972186564930599,3.2063010323164666e+17,0.0,4835.0373070000205,,,D=union_ij D_ij; evaluate the complete parent-v54 amplitude on every x/t leaf; sum integrated uppers and minimize lowers
leaf,FAIL,2,32,0,0,0.8572051848104696,0.8572403973066873,0.0002,0.03144375,nan,nan,nan,nan,nan,115.59202639997238,IntervalSingularity,interval denominator reaches zero: away_arc_left_K5:s1:c0:left1:edge_2_1_3:stable_edge,D=union_ij D_ij; evaluate the complete parent-v54 amplitude on every x/t leaf; sum integrated uppers and minimize lowers
schedule,FAIL,2,32,-1,-1,0.8572051848104696,0.857275609802905,0.0002,1.0,nan,nan,nan,nan,nan,115.59203679999337,IntervalSingularity,interval denominator reaches zero: away_arc_left_K5:s1:c0:left1:edge_2_1_3:stable_edge,D=union_ij D_ij; evaluate the complete parent-v54 amplitude on every x/t leaf; sum integrated uppers and minimize lowers
leaf,FAIL,4,32,0,0,0.8572051848104696,0.8572227910585785,0.0002,0.03144375,nan,nan,nan,nan,nan,116.04612300003646,IntervalSingularity,interval denominator reaches zero: away_arc_left_K5:s1:c0:left1:edge_2_1_3:stable_edge,D=union_ij D_ij; evaluate the complete parent-v54 amplitude on every x/t leaf; sum integrated uppers and minimize lowers
schedule,FAIL,4,32,-1,-1,0.8572051848104696,0.857275609802905,0.0002,1.0,nan,nan,nan,nan,nan,116.04613050003536,IntervalSingularity,interval denominator reaches zero: away_arc_left_K5:s1:c0:left1:edge_2_1_3:stable_edge,D=union_ij D_ij; evaluate the complete parent-v54 amplitude on every x/t leaf; sum integrated uppers and minimize lowers
leaf,FAIL,4,64,0,0,0.8572051848104696,0.8572227910585785,0.0002,0.015821875,nan,nan,nan,nan,nan,59.43538239999907,IntervalSingularity,interval denominator reaches zero: away_arc_left_K5:s1:c0:left1:edge_2_1_3:stable_edge,D=union_ij D_ij; evaluate the complete parent-v54 amplitude on every x/t leaf; sum integrated uppers and minimize lowers
schedule,FAIL,4,64,-1,-1,0.8572051848104696,0.857275609802905,0.0002,1.0,nan,nan,nan,nan,nan,59.435391299950425,IntervalSingularity,interval denominator reaches zero: away_arc_left_K5:s1:c0:left1:edge_2_1_3:stable_edge,D=union_ij D_ij; evaluate the complete parent-v54 amplitude on every x/t leaf; sum integrated uppers and minimize lowers
leaf,FAIL,2,32,0,0,0.8572051848104696,0.8572403973066873,0.0002,0.01581875,nan,nan,nan,nan,nan,57.62847830000101,IntervalSingularity,interval denominator reaches zero: away_arc_left_K5:s1:c0:left1:edge_2_1_3:stable_edge,D=union_ij D_ij; evaluate the complete parent-v54 amplitude on every x/t leaf; sum integrated uppers and minimize lowers
schedule,FAIL,2,32,-1,-1,0.8572051848104696,0.857275609802905,0.0002,0.5,nan,nan,nan,nan,nan,57.62849129998358,IntervalSingularity,interval denominator reaches zero: away_arc_left_K5:s1:c0:left1:edge_2_1_3:stable_edge,D=union_ij D_ij; evaluate the complete parent-v54 amplitude on every x/t leaf; sum integrated uppers and minimize lowers
leaf,FAIL,4,32,0,0,0.8572051848104696,0.8572227910585785,0.0002,0.01581875,nan,nan,nan,nan,nan,56.316051699977834,IntervalSingularity,interval denominator reaches zero: away_arc_left_K5:s1:c0:left1:edge_2_1_3:stable_edge,D=union_ij D_ij; evaluate the complete parent-v54 amplitude on every x/t leaf; sum integrated uppers and minimize lowers
schedule,FAIL,4,32,-1,-1,0.8572051848104696,0.857275609802905,0.0002,0.5,nan,nan,nan,nan,nan,56.31606209999882,IntervalSingularity,interval denominator reaches zero: away_arc_left_K5:s1:c0:left1:edge_2_1_3:stable_edge,D=union_ij D_ij; evaluate the complete parent-v54 amplitude on every x/t leaf; sum integrated uppers and minimize lowers
leaf,PASS,4,64,0,0,0.8572051848104696,0.8572227910585785,0.0002,0.008009375000000001,0.0,1.2479928314315405e-07,13.541120686093214,1289462889.4920087,nan,160.56107870000415,,,D=union_ij D_ij; evaluate the complete parent-v54 amplitude on every x/t leaf; sum integrated uppers and minimize lowers
leaf,PASS,4,64,0,1,0.8572051848104696,0.8572227910585785,0.008009375000000001,0.01581875,0.0,1.197050571092585e-06,3.869890961790514,251158384.32142106,nan,477.81108900002437,,,D=union_ij D_ij; evaluate the complete parent-v54 amplitude on every x/t leaf; sum integrated uppers and minimize lowers
leaf,PASS,4,64,0,2,0.8572051848104696,0.8572227910585785,0.01581875,0.023628125,0.0,4.841493960950638e-07,9.48064845286414,6.566705689778053e+17,nan,677.7122098000254,,,D=union_ij D_ij; evaluate the complete parent-v54 amplitude on every x/t leaf; sum integrated uppers and minimize lowers
leaf,PASS,4,64,0,3,0.8572051848104696,0.8572227910585785,0.023628125,0.0314375,0.0,5.294617645457932e-06,7.902709739935708,52803250278478.14,nan,754.9763011999894,,,D=union_ij D_ij; evaluate the complete parent-v54 amplitude on every x/t leaf; sum integrated uppers and minimize lowers
leaf,PASS,4,64,0,4,0.8572051848104696,0.8572227910585785,0.0314375,0.039246875,0.0,9.427310673107269e-06,3.34679634073534,5020645816.325442,nan,822.7759909000015,,,D=union_ij D_ij; evaluate the complete parent-v54 amplitude on every x/t leaf; sum integrated uppers and minimize lowers
leaf,PASS,4,64,0,5,0.8572051848104696,0.8572227910585785,0.039246875,0.04705625,2.593755166474126e-06,2.593755166474126e-06,1.3953977348315842,225218693504.78665,nan,849.5377715000068,,,D=union_ij D_ij; evaluate the complete parent-v54 amplitude on every x/t leaf; sum integrated uppers and minimize lowers
leaf,PASS,4,64,0,6,0.8572051848104696,0.8572227910585785,0.04705625,0.054865625,7.838467406721167e-06,7.838467406721167e-06,2.0829069147217316,157764138.91467348,nan,877.5784714000183,,,D=union_ij D_ij; evaluate the complete parent-v54 amplitude on every x/t leaf; sum integrated uppers and minimize lowers
leaf,PASS,4,64,0,7,0.8572051848104696,0.8572227910585785,0.054865625,0.06267500000000001,1.2548573686051523e-05,1.2548573686051523e-05,2.558261514613436,4729436.682112344,nan,904.7187993000261,,,D=union_ij D_ij; evaluate the complete parent-v54 amplitude on every x/t leaf; sum integrated uppers and minimize lowers
leaf,PASS,4,64,0,8,0.8572051848104696,0.8572227910585785,0.06267500000000001,0.07048437500000002,1.693168881384603e-05,1.693168881384603e-05,0.5792790153034127,44733595.2329253,nan,915.0381027000258,,,D=union_ij D_ij; evaluate the complete parent-v54 amplitude on every x/t leaf; sum integrated uppers and minimize lowers
leaf,PASS,4,64,0,9,0.8572051848104696,0.8572227910585785,0.07048437500000002,0.07829375000000001,2.1101527509372714e-05,1.1694922657331705e-05,3.026120052471989,82388226.58303991,nan,922.3180132000125,,,D=union_ij D_ij; evaluate the complete parent-v54 amplitude on every x/t leaf; sum integrated uppers and minimize lowers
leaf,PASS,4,64,0,10,0.8572051848104696,0.8572227910585785,0.07829375000000001,0.086103125,2.5125360035252155e-05,2.5125360035252155e-05,10.21648577882251,2078578.4256872246,nan,925.9348195000202,,,D=union_ij D_ij; evaluate the complete parent-v54 amplitude on every x/t leaf; sum integrated uppers and minimize lowers
leaf,PASS,4,64,0,11,0.8572051848104696,0.8572227910585785,0.086103125,0.09391250000000001,2.904539231176521e-05,2.904539231176521e-05,12.771055818355816,83273769114.67233,nan,929.1065774000017,,,D=union_ij D_ij; evaluate the complete parent-v54 amplitude on every x/t leaf; sum integrated uppers and minimize lowers
leaf,PASS,4,64,0,12,0.8572051848104696,0.8572227910585785,0.09391250000000001,0.10172187500000002,3.289031695099168e-05,7.639988222089607e-05,14.607863027185994,5448807.330324867,nan,932.4856384000159,,,D=union_ij D_ij; evaluate the complete parent-v54 amplitude on every x/t leaf; sum integrated uppers and minimize lowers
leaf,PASS,4,64,0,13,0.8572051848104696,0.8572227910585785,0.10172187500000002,0.10953125000000001,3.668562647697654e-05,9.657334232166416e-05,16.289194826557136,526087.1574387938,nan,935.9375829999917,,,D=union_ij D_ij; evaluate the complete parent-v54 amplitude on every x/t leaf; sum integrated uppers and minimize lowers
leaf,PASS,4,64,0,14,0.8572051848104696,0.8572227910585785,0.10953125000000001,0.117340625,4.044164031511903e-05,0.00011630305013629009,17.731180507999827,107675.77800060033,nan,939.0613778000115,,,D=union_ij D_ij; evaluate the complete parent-v54 amplitude on every x/t leaf; sum integrated uppers and minimize lowers
leaf,PASS,4,64,0,15,0.8572051848104696,0.8572227910585785,0.117340625,0.12515,4.4165010530605605e-05,0.00013568186217615734,18.90837541407012,31643.63513599509,nan,942.2872884999961,,,D=union_ij D_ij; evaluate the complete parent-v54 amplitude on every x/t leaf; sum integrated uppers and minimize lowers
leaf,PASS,4,64,0,16,0.8572051848104696,0.8572227910585785,0.12515,0.13295937500000002,4.786134110436222e-05,0.0001547778063552259,19.849959904817702,11632.555132127074,nan,946.0232905999874,,,D=union_ij D_ij; evaluate the complete parent-v54 amplitude on every x/t leaf; sum integrated uppers and minimize lowers
leaf,PASS,4,64,0,17,0.8572051848104696,0.8572227910585785,0.13295937500000002,0.14076875000000003,5.153524278948745e-05,0.00017364258404809673,20.59489669401439,4994.706998850321,nan,949.5438755000359,,,D=union_ij D_ij; evaluate the complete parent-v54 amplitude on every x/t leaf; sum integrated uppers and minimize lowers
leaf,PASS,4,64,0,18,0.8572051848104696,0.8572227910585785,0.14076875000000003,0.148578125,5.5189682094550834e-05,0.0001923169321354647,21.179313662114325,2405.3152451614706,nan,952.7697443999932,,,D=union_ij D_ij; evaluate the complete parent-v54 amplitude on every x/t leaf; sum integrated uppers and minimize lowers
leaf,PASS,4,64,0,19,0.8572051848104696,0.8572227910585785,0.148578125,0.1563875,5.882857061317045e-05,0.0002108325094618684,21.633610444059144,1265.7724713701057,nan,956.0679686000221,,,D=union_ij D_ij; evaluate the complete parent-v54 amplitude on every x/t leaf; sum integrated uppers and minimize lowers
leaf,PASS,4,64,0,20,0.8572051848104696,0.8572227910585785,0.1563875,0.16419687500000002,6.245432314859696e-05,0.00022921445009741213,21.982496499655213,714.9441024865769,nan,959.2132761999965,,,D=union_ij D_ij; evaluate the complete parent-v54 amplitude on every x/t leaf; sum integrated uppers and minimize lowers
leaf,PASS,4,64,0,21,0.8572051848104696,0.8572227910585785,0.16419687500000002,0.17200625,6.606897251592874e-05,0.00024748298071264124,22.245811263842224,427.8553334757677,nan,962.3115481000277,,,D=union_ij D_ij; evaluate the complete parent-v54 amplitude on every x/t leaf; sum integrated uppers and minimize lowers
leaf,PASS,4,64,0,22,0.8572051848104696,0.8572227910585785,0.17200625,0.179815625,6.967422328341618e-05,0.0002656545472971656,22.439438656223633,268.67396224571183,nan,965.5823133999947,,,D=union_ij D_ij; evaluate the complete parent-v54 amplitude on every x/t leaf; sum integrated uppers and minimize lowers
leaf,PASS,4,64,0,23,0.8572051848104696,0.8572227910585785,0.179815625,0.18762500000000001,7.327143858196518e-05,0.0002837426468252491,22.576115288287397,175.7212903341744,nan,968.6695037999889,,,D=union_ij D_ij; evaluate the complete parent-v54 amplitude on every x/t leaf; sum integrated uppers and minimize lowers
leaf,PASS,4,64,0,24,0.8572051848104696,0.8572227910585785,0.18762500000000001,0.19543437500000002,7.686175115356203e-05,0.00030175843912177893,22.66609114406212,119.00059932309182,nan,971.8429625999997,,,D=union_ij D_ij; evaluate the complete parent-v54 amplitude on every x/t leaf; sum integrated uppers and minimize lowers
leaf,PASS,4,64,0,25,0.8572051848104696,0.8572227910585785,0.19543437500000002,0.20324375000000003,8.044610738895523e-05,0.00031971122700375404,22.717652900308654,83.05430229214286,nan,975.0787363999989,,,D=union_ij D_ij; evaluate the complete parent-v54 amplitude on every x/t leaf; sum integrated uppers and minimize lowers
leaf,PASS,4,64,0,26,0.8572051848104696,0.8572227910585785,0.20324375000000003,0.211053125,8.402530209137752e-05,0.00033760886440822033,22.737533218021472,59.512094787375936,nan,978.171173300012,,,D=union_ij D_ij; evaluate the complete parent-v54 amplitude on every x/t leaf; sum integrated uppers and minimize lowers
leaf,PASS,4,64,0,27,0.8572051848104696,0.8572227910585785,0.211053125,0.21886250000000002,8.760000605143283e-05,0.00035545796623253186,22.731229440837502,43.6424657656767,nan,981.3221401000046,,,D=union_ij D_ij; evaluate the complete parent-v54 amplitude on every x/t leaf; sum integrated uppers and minimize lowers
leaf,PASS,4,64,0,28,0.8572051848104696,0.8572227910585785,0.21886250000000002,0.22667187500000002,9.117078803732605e-05,0.00037326413100555866,22.703252108233304,32.66871989499019,nan,984.5145415000152,,,D=union_ij D_ij; evaluate the complete parent-v54 amplitude on every x/t leaf; sum integrated uppers and minimize lowers
leaf,PASS,4,64,0,29,0.8572051848104696,0.8572227910585785,0.22667187500000002,0.23448125,9.473813243000957e-05,0.0003910313513381996,22.65731806614653,24.90659114367795,nan,987.5745263000135,,,D=union_ij D_ij; evaluate the complete parent-v54 amplitude on every x/t leaf; sum integrated uppers and minimize lowers
leaf,PASS,4,64,0,30,0.8572051848104696,0.8572227910585785,0.23448125,0.242290625,9.830245271890266e-05,0.00040876427415219866,22.596472012859103,19.303798543627597,nan,990.6336698000086,,,D=union_ij D_ij; evaluate the complete parent-v54 amplitude on every x/t leaf; sum integrated uppers and minimize lowers
leaf,PASS,4,64,0,31,0.8572051848104696,0.8572227910585785,0.242290625,0.2501,0.00010186410513349399,0.0004264668742921061,22.523305774589232,15.184630184330688,nan,993.9281495999894,,,D=union_ij D_ij; evaluate the complete parent-v54 amplitude on every x/t leaf; sum integrated uppers and minimize lowers
leaf,PASS,4,64,0,32,0.8572051848104696,0.8572227910585785,0.2501,0.257909375,0.0001054233906600823,0.00044414227176186005,22.439961874375896,12.105666439091777,nan,997.0538348000264,,,D=union_ij D_ij; evaluate the complete parent-v54 amplitude on every x/t leaf; sum integrated uppers and minimize lowers
leaf,PASS,4,64,0,33,0.8572051848104696,0.8572227910585785,0.257909375,0.26571875,0.00010898057428467089,0.0004617931534560725,22.34822771062515,9.769396072790768,nan,1000.1742404000252,,,D=union_ij D_ij; evaluate the complete parent-v54 amplitude on every x/t leaf; sum integrated uppers and minimize lowers
leaf,PASS,4,64,0,34,0.8572051848104696,0.8572227910585785,0.26571875,0.273528125,0.00011253589236465169,0.0004794218686002361,22.249604658212597,7.972211275231324,nan,1003.374318599992,,,D=union_ij D_ij; evaluate the complete parent-v54 amplitude on every x/t leaf; sum integrated uppers and minimize lowers
leaf,PASS,4,64,0,35,0.8572051848104696,0.8572227910585785,0.273528125,0.2813375,0.00011608954455435363,0.0004970304785899653,22.14535743416567,6.572265236444545,nan,1006.8340928000398,,,D=union_ij D_ij; evaluate the complete parent-v54 amplitude on every x/t leaf; sum integrated uppers and minimize lowers
leaf,PASS,4,64,0,36,0.8572051848104696,0.8572227910585785,0.2813375,0.28914687499999997,0.00011964170499950138,0.000514620798373333,22.036554117114477,5.4696322848453045,nan,1010.1768000000156,,,D=union_ij D_ij; evaluate the complete parent-v54 amplitude on every x/t leaf; sum integrated uppers and minimize lowers
leaf,PASS,4,64,0,37,0.8572051848104696,0.8572227910585785,0.28914687499999997,0.29695625,0.00012319252599204576,0.0005321944309931186,21.924098749461333,4.5917027691084105,nan,1013.3617451000027,,,D=union_ij D_ij; evaluate the complete parent-v54 amplitude on every x/t leaf; sum integrated uppers and minimize lowers
leaf,PASS,4,64,0,38,0.8572051848104696,0.8572227910585785,0.29695625,0.304765625,0.00012674214103681027,0.0005497527965627281,21.808758021932043,3.8855245688074795,nan,1016.555296000035,,,D=union_ij D_ij; evaluate the complete parent-v54 amplitude on every x/t leaf; sum integrated uppers and minimize lowers
leaf,PASS,4,64,0,39,0.8572051848104696,0.8572227910585785,0.304765625,0.312575,0.00013029066743509696,0.0005672971566892409,21.691183213209904,3.31230479622425,nan,1019.7840369000332,,,D=union_ij D_ij; evaluate the complete parent-v54 amplitude on every x/t leaf; sum integrated uppers and minimize lowers
leaf,PASS,4,64,0,40,0.8572051848104696,0.8572227910585785,0.312575,0.320384375,0.0001338382084697977,0.0005848286351471018,21.571928305040167,2.843061803118648,nan,1022.847607600037,,,D=union_ij D_ij; evaluate the complete parent-v54 amplitude on every x/t leaf; sum integrated uppers and minimize lowers
leaf,PASS,4,64,0,41,0.8572051848104696,0.8572227910585785,0.320384375,0.32819375,0.00013738485526032182,0.0006023482354535154,21.451465000907344,2.4559012323527663,nan,1026.0208708000137,,,D=union_ij D_ij; evaluate the complete parent-v54 amplitude on every x/t leaf; sum integrated uppers and minimize lowers
leaf,PASS,4,64,0,42,0.8572051848104696,0.8572227910585785,0.32819375,0.336003125,0.00014093059065984107,0.0006198568557986659,21.330195224946653,2.134111225901265,nan,1029.0999334999942,,,D=union_ij D_ij; evaluate the complete parent-v54 amplitude on every x/t leaf; sum integrated uppers and minimize lowers
leaf,PASS,4,64,0,43,0.8572051848104696,0.8572227910585785,0.336003125,0.34381249999999997,0.0001444755036169002,0.0006373553020059945,21.208461565204395,1.8648122218145997,nan,1032.4627052000142,,,D=union_ij D_ij; evaluate the complete parent-v54 amplitude on every x/t leaf; sum integrated uppers and minimize lowers
leaf,PASS,4,64,0,44,0.8572051848104696,0.8572227910585785,0.34381249999999997,0.351621875,0.00014801974564333494,0.0006548442986867075,21.086556027883567,1.6379905334084017,nan,1035.6960207000375,,,D=union_ij D_ij; evaluate the complete parent-v54 amplitude on every x/t leaf; sum integrated uppers and minimize lowers
leaf,PASS,4,64,0,45,0.8572051848104696,0.8572227910585785,0.351621875,0.35943125,0.00015156336823452345,0.000672324498522746,20.964727395950035,1.4457967148964426,nan,1038.773676300014,,,D=union_ij D_ij; evaluate the complete parent-v54 amplitude on every x/t leaf; sum integrated uppers and minimize lowers
leaf,PASS,4,64,0,46,0.8572051848104696,0.8572227910585785,0.35943125,0.367240625,0.00015510642738196447,0.0006897964906271499,20.843187442012834,1.282122194492456,nan,1041.9786750000203,,,D=union_ij D_ij; evaluate the complete parent-v54 amplitude on every x/t leaf; sum integrated uppers and minimize lowers
leaf,PASS,4,64,0,47,0.8572051848104696,0.8572227910585785,0.367240625,0.37505,0.00015864896717216875,0.000707260807708606,20.72211618472408,1.141885375625152,nan,1045.3976619000314,,,D=union_ij D_ij; evaluate the complete parent-v54 amplitude on every x/t leaf; sum integrated uppers and minimize lowers
leaf,PASS,4,64,0,48,0.8572051848104696,0.8572227910585785,0.37505,0.382859375,0.0001621910268792617,0.0007247179323104462,20.601666349660885,1.021153535192444,nan,1048.4396196000162,,,D=union_ij D_ij; evaluate the complete parent-v54 amplitude on every x/t leaf; sum integrated uppers and minimize lowers
leaf,PASS,4,64,0,49,0.8572051848104696,0.8572227910585785,0.382859375,0.39066875,0.00016573264152534116,0.0007421683022577425,20.4819671652927,0.9166975532223496,nan,1051.5103311000275,,,D=union_ij D_ij; evaluate the complete parent-v54 amplitude on every x/t leaf; sum integrated uppers and minimize lowers
leaf,PASS,4,64,0,50,0.8572051848104696,0.8572227910585785,0.39066875,0.398478125,0.00016927384236879633,0.0007596123154199656,20.363127601396474,0.8259073903697393,nan,1054.7311312000384,,,D=union_ij D_ij; evaluate the complete parent-v54 amplitude on every x/t leaf; sum integrated uppers and minimize lowers
leaf,PASS,4,64,0,51,0.8572051848104696,0.8572227910585785,0.398478125,0.4062875,0.00017281465733085137,0.0007770503339318781,20.245239138499294,0.7466583161555025,nan,1058.0092793999938,,,D=union_ij D_ij; evaluate the complete parent-v54 amplitude on every x/t leaf; sum integrated uppers and minimize lowers
leaf,PASS,4,64,0,52,0.8572051848104696,0.8572227910585785,0.4062875,0.414096875,0.00017635511136898806,0.0007944826878092478,20.128378141687595,0.6772051504818983,nan,1061.0387675000238,,,D=union_ij D_ij; evaluate the complete parent-v54 amplitude on every x/t leaf; sum integrated uppers and minimize lowers
leaf,PASS,4,64,0,53,0.8572051848104696,0.8572227910585785,0.414096875,0.42190625,0.0001798952268045673,0.0008119096781091399,20.012607899707657,0.6162311562380114,nan,1064.2986903000274,,,D=union_ij D_ij; evaluate the complete parent-v54 amplitude on every x/t leaf; sum integrated uppers and minimize lowers
leaf,PASS,4,64,0,54,0.8572051848104696,0.8572227910585785,0.42190625,0.429715625,0.00018343502361086155,0.0008293315803273911,19.89798038013394,0.5624237302029879,nan,1067.4378079000162,,,D=union_ij D_ij; evaluate the complete parent-v54 amplitude on every x/t leaf; sum integrated uppers and minimize lowers
leaf,PASS,4,64,0,55,0.8572051848104696,0.8572227910585785,0.429715625,0.437525,0.00018697451966678117,0.0008467486463546052,19.956427908727516,0.5103044571051563,nan,1070.5538045000285,,,D=union_ij D_ij; evaluate the complete parent-v54 amplitude on every x/t leaf; sum integrated uppers and minimize lowers
leaf,PASS,4,64,0,56,0.8572051848104696,0.8572227910585785,0.437525,0.445334375,0.00019051373098080492,0.0008641611069475557,20.04179508398429,0.4636300361701078,nan,1073.8016250000219,,,D=union_ij D_ij; evaluate the complete parent-v54 amplitude on every x/t leaf; sum integrated uppers and minimize lowers
leaf,PASS,4,64,0,57,0.8572051848104696,0.8572227910585785,0.445334375,0.45314375,0.00019405267188897166,0.0008815691737424215,20.09940875199858,0.42288611831054046,nan,1076.8681967000011,,,D=union_ij D_ij; evaluate the complete parent-v54 amplitude on every x/t leaf; sum integrated uppers and minimize lowers
leaf,PASS,4,64,0,58,0.8572051848104696,0.8572227910585785,0.45314375,0.460953125,0.00019759135523024168,0.0008989730410496649,20.13360946502675,0.38711111688979877,nan,1080.0228714999976,,,D=union_ij D_ij; evaluate the complete parent-v54 amplitude on every x/t leaf; sum integrated uppers and minimize lowers
leaf,PASS,4,64,0,59,0.8572051848104696,0.8572227910585785,0.460953125,0.46876249999999997,0.00020112979250207365,0.0009163728874572325,20.147994691072437,0.3555337158390274,nan,1083.2604120000033,,,D=union_ij D_ij; evaluate the complete parent-v54 amplitude on every x/t leaf; sum integrated uppers and minimize lowers
leaf,PASS,4,64,0,60,0.8572051848104696,0.8572227910585785,0.46876249999999997,0.476571875,0.0002046679939986687,0.0009337688772651346,20.14561115638431,0.32755976610369913,nan,1086.543649500003,,,D=union_ij D_ij; evaluate the complete parent-v54 amplitude on every x/t leaf; sum integrated uppers and minimize lowers
leaf,PASS,4,64,0,61,0.8572051848104696,0.8572227910585785,0.476571875,0.48438125,0.00020820596893400114,0.0009511611617713898,20.12902311101352,0.3026886495612448,nan,1089.633883900009,,,D=union_ij D_ij; evaluate the complete parent-v54 amplitude on every x/t leaf; sum integrated uppers and minimize lowers
leaf,PASS,4,64,0,62,0.8572051848104696,0.8572227910585785,0.48438125,0.492190625,0.00021174372555146946,0.0009685498804266474,20.10038249314139,0.28044292084861655,nan,1092.736184700043,,,D=union_ij D_ij; evaluate the complete parent-v54 amplitude on every x/t leaf; sum integrated uppers and minimize lowers
leaf,PASS,4,64,0,63,0.8572051848104696,0.8572227910585785,0.492190625,0.5,0.00021528127122176093,0.0009859351618726048,20.061508224838605,0.26047162739451524,nan,1095.8900805999874,,,D=union_ij D_ij; evaluate the complete parent-v54 amplitude on every x/t leaf; sum integrated uppers and minimize lowers
leaf,PASS,4,64,1,0,0.8572227910585785,0.8572403973066873,0.0002,0.008009375000000001,0.0,5.066123124137621e-08,1.313999961020034,14502760966.695515,nan,1780.8755615000264,,,D=union_ij D_ij; evaluate the complete parent-v54 amplitude on every x/t leaf; sum integrated uppers and minimize lowers
leaf,PASS,4,64,1,1,0.8572227910585785,0.8572403973066873,0.008009375000000001,0.01581875,0.0,7.920751849361568e-07,3.896044829956348,561847555.8587744,nan,2094.478494000039,,,D=union_ij D_ij; evaluate the complete parent-v54 amplitude on every x/t leaf; sum integrated uppers and minimize lowers
leaf,PASS,4,64,1,2,0.8572227910585785,0.8572403973066873,0.01581875,0.023628125,0.0,3.4826063133736754e-07,9.479313322486846,2.007561843544002e+18,nan,2288.328284300049,,,D=union_ij D_ij; evaluate the complete parent-v54 amplitude on every x/t leaf; sum integrated uppers and minimize lowers
leaf,PASS,4,64,1,3,0.8572227910585785,0.8572403973066873,0.023628125,0.0314375,0.0,5.129785951705737e-06,7.901314002584112,58662526983561.69,nan,2364.352413799963,,,D=union_ij D_ij; evaluate the complete parent-v54 amplitude on every x/t leaf; sum integrated uppers and minimize lowers
leaf,PASS,4,64,1,4,0.8572227910585785,0.8572403973066873,0.0314375,0.039246875,0.0,9.237903918711826e-06,3.3444944809799395,5393225579.124807,nan,2432.2227790000616,,,D=union_ij D_ij; evaluate the complete parent-v54 amplitude on every x/t leaf; sum integrated uppers and minimize lowers
leaf,PASS,4,64,1,5,0.8572227910585785,0.8572403973066873,0.039246875,0.04705625,2.3938243020912755e-06,2.3938243020912755e-06,1.3948958132397773,308248765532.1923,nan,2458.690893699997,,,D=union_ij D_ij; evaluate the complete parent-v54 amplitude on every x/t leaf; sum integrated uppers and minimize lowers
leaf,PASS,4,64,1,6,0.8572227910585785,0.8572403973066873,0.04705625,0.054865625,7.617737223165428e-06,7.617737223165428e-06,2.0824064548698384,175455564.05777964,nan,2485.372541300021,,,D=union_ij D_ij; evaluate the complete parent-v54 amplitude on every x/t leaf; sum integrated uppers and minimize lowers
leaf,PASS,4,64,1,7,0.8572227910585785,0.8572403973066873,0.054865625,0.06267500000000001,1.2308887412897743e-05,1.2308887412897743e-05,2.5577695984772446,5065670.986565844,nan,2508.857984400005,,,D=union_ij D_ij; evaluate the complete parent-v54 amplitude on every x/t leaf; sum integrated uppers and minimize lowers
leaf,PASS,4,64,1,8,0.8572227910585785,0.8572403973066873,0.06267500000000001,0.07048437500000002,1.667447250356969e-05,1.667447250356969e-05,0.5726938928190926,47669989.16059879,nan,2515.767329500057,,,D=union_ij D_ij; evaluate the complete parent-v54 amplitude on every x/t leaf; sum integrated uppers and minimize lowers
leaf,PASS,4,64,1,9,0.8572227910585785,0.8572403973066873,0.07048437500000002,0.07829375000000001,2.0827927957975545e-05,1.0263483448994103e-05,3.025635483055281,108794146.94100533,nan,2522.41396679997,,,D=union_ij D_ij; evaluate the complete parent-v54 amplitude on every x/t leaf; sum integrated uppers and minimize lowers
leaf,PASS,4,64,1,10,0.8572227910585785,0.8572403973066873,0.07829375000000001,0.086103125,2.4836326064170846e-05,2.4836326064170846e-05,10.21404111349199,2304565.087670561,nan,2525.7085801999783,,,D=union_ij D_ij; evaluate the complete parent-v54 amplitude on every x/t leaf; sum integrated uppers and minimize lowers
leaf,PASS,4,64,1,11,0.8572227910585785,0.8572403973066873,0.086103125,0.09391250000000001,2.874172624985574e-05,2.874172624985574e-05,12.769722797020268,85674064358.31546,nan,2528.881975300028,,,D=union_ij D_ij; evaluate the complete parent-v54 amplitude on every x/t leaf; sum integrated uppers and minimize lowers
leaf,PASS,4,64,1,12,0.8572227910585785,0.8572403973066873,0.09391250000000001,0.10172187500000002,3.257694126292952e-05,7.475843294536298e-05,14.607086554257604,5688742.937068258,nan,2532.3358337000245,,,D=union_ij D_ij; evaluate the complete parent-v54 amplitude on every x/t leaf; sum integrated uppers and minimize lowers
leaf,PASS,4,64,1,13,0.8572227910585785,0.8572403973066873,0.10172187500000002,0.10953125000000001,3.636425727251694e-05,9.486771628570855e-05,16.288834506202562,545092.3118520316,nan,2535.55327569996,,,D=union_ij D_ij; evaluate the complete parent-v54 amplitude on every x/t leaf; sum integrated uppers and minimize lowers
leaf,PASS,4,64,1,14,0.8572227910585785,0.8572403973066873,0.10953125000000001,0.117340625,4.0111633395489306e-05,0.00011453562300012543,17.731282186398463,111017.62313613536,nan,2538.6156493000453,,,D=union_ij D_ij; evaluate the complete parent-v54 amplitude on every x/t leaf; sum integrated uppers and minimize lowers
leaf,PASS,4,64,1,15,0.8572227910585785,0.8572403973066873,0.117340625,0.12515,4.382597984201063e-05,0.00013385476973767332,18.908893110459555,32513.107807419146,nan,2541.69288290001,,,D=union_ij D_ij; evaluate the complete parent-v54 amplitude on every x/t leaf; sum integrated uppers and minimize lowers
leaf,PASS,4,64,1,16,0.8572227910585785,0.8572403973066873,0.12515,0.13295937500000002,4.751306637629544e-05,0.0001528925642447185,19.850830411448047,11921.567481913708,nan,2544.9839173000073,,,D=union_ij D_ij; evaluate the complete parent-v54 amplitude on every x/t leaf; sum integrated uppers and minimize lowers
leaf,PASS,4,64,1,17,0.8572227910585785,0.8572403973066873,0.13295937500000002,0.14076875000000003,5.117761544756582e-05,0.000171701360639471,20.59606041955219,5108.561469628004,nan,2548.0241243999917,,,D=union_ij D_ij; evaluate the complete parent-v54 amplitude on every x/t leaf; sum integrated uppers and minimize lowers
leaf,PASS,4,64,1,18,0.8572227910585785,0.8572403973066873,0.14076875000000003,0.148578125,5.482274722781291e-05,0.00019032134227928678,21.180719558350738,2456.202836668445,nan,2551.2098828000017,,,D=union_ij D_ij; evaluate the complete parent-v54 amplitude on every x/t leaf; sum integrated uppers and minimize lowers
leaf,PASS,4,64,1,19,0.8572227910585785,0.8572403973066873,0.148578125,0.1563875,5.845224502146373e-05,0.0002087840400308473,21.63521619197516,1290.8488701387605,nan,2554.250467200065,,,D=union_ij D_ij; evaluate the complete parent-v54 amplitude on every x/t leaf; sum integrated uppers and minimize lowers
leaf,PASS,4,64,1,20,0.8572227910585785,0.8572403973066873,0.1563875,0.16419687500000002,6.206867952916349e-05,0.00022711447609217078,21.984267394016793,728.3026060698678,nan,2557.4694961999776,,,D=union_ij D_ij; evaluate the complete parent-v54 amplitude on every x/t leaf; sum integrated uppers and minimize lowers
leaf,PASS,4,64,1,21,0.8572227910585785,0.8572403973066873,0.16419687500000002,0.17200625,6.567404223126103e-05,0.0002453327787039125,22.247718895144633,435.4391340070154,nan,2560.936421700055,,,D=union_ij D_ij; evaluate the complete parent-v54 amplitude on every x/t leaf; sum integrated uppers and minimize lowers
leaf,PASS,4,64,1,22,0.8572227910585785,0.8572403973066873,0.17200625,0.179815625,6.927009231458446e-05,0.0002634553067086375,22.441459717174695,273.2133199348696,nan,2564.8470519999973,,,D=union_ij D_ij; evaluate the complete parent-v54 amplitude on every x/t leaf; sum integrated uppers and minimize lowers
leaf,PASS,4,64,1,23,0.8572227910585785,0.8572403973066873,0.179815625,0.18762500000000001,7.285820255406667e-05,0.0002814954794835803,22.578230580296403,178.56277578872505,nan,2568.531891699997,,,D=union_ij D_ij; evaluate the complete parent-v54 amplitude on every x/t leaf; sum integrated uppers and minimize lowers
leaf,PASS,4,64,1,24,0.8572227910585785,0.8572403973066873,0.18762500000000001,0.19543437500000002,7.6439511794243e-05,0.0002994643873754477,22.668284777033648,120.84863565756758,nan,2571.830075700069,,,D=union_ij D_ij; evaluate the complete parent-v54 amplitude on every x/t leaf; sum integrated uppers and minimize lowers
leaf,PASS,4,64,1,25,0.8572227910585785,0.8572403973066873,0.19543437500000002,0.20324375000000003,8.001497000153702e-05,0.00031737127079705925,22.71991165654793,84.2967790093047,nan,2575.108304399997,,,D=union_ij D_ij; evaluate the complete parent-v54 amplitude on every x/t leaf; sum integrated uppers and minimize lowers
leaf,PASS,4,64,1,26,0.8572227910585785,0.8572403973066873,0.20324375000000003,0.211053125,8.358537374258821e-05,0.00033522392724832353,22.739846048113957,60.37184846138388,nan,2578.626902500051,,,D=union_ij D_ij; evaluate the complete parent-v54 amplitude on every x/t leaf; sum integrated uppers and minimize lowers
leaf,PASS,4,64,1,27,0.8572227910585785,0.8572403973066873,0.211053125,0.21886250000000002,8.715139426869025e-05,0.0003530289204721414,22.733587063963025,44.25270135416421,nan,2582.471813100041,,,D=union_ij D_ij; evaluate the complete parent-v54 amplitude on every x/t leaf; sum integrated uppers and minimize lowers
leaf,PASS,4,64,1,28,0.8572227910585785,0.8572403973066873,0.21886250000000002,0.22667187500000002,9.071359987322755e-05,0.00037079180221797416,22.705646693705155,33.111718190903154,nan,2585.9805187999737,,,D=union_ij D_ij; evaluate the complete parent-v54 amplitude on every x/t leaf; sum integrated uppers and minimize lowers
leaf,PASS,4,64,1,29,0.8572227910585785,0.8572403973066873,0.22667187500000002,0.23448125,9.427247379383847e-05,0.00038851652304887845,22.659742980431442,25.234711119522206,nan,2589.553886999958,,,D=union_ij D_ij; evaluate the complete parent-v54 amplitude on every x/t leaf; sum integrated uppers and minimize lowers
leaf,PASS,4,64,1,30,0.8572227910585785,0.8572403973066873,0.23448125,0.242290625,9.782842790617436e-05,0.0004062076912831463,22.5989217690372,19.5512504089042,nan,2592.664208500064,,,D=union_ij D_ij; evaluate the complete parent-v54 amplitude on every x/t leaf; sum integrated uppers and minimize lowers
leaf,PASS,4,64,1,31,0.8572227910585785,0.8572403973066873,0.242290625,0.2501,0.00010138181648879461,0.0004238692446003332,22.525775387206632,15.374301210208765,nan,2596.272718699998,,,D=union_ij D_ij; evaluate the complete parent-v54 amplitude on every x/t leaf; sum integrated uppers and minimize lowers
leaf,PASS,4,64,1,32,0.8572227910585785,0.8572403973066873,0.2501,0.257909375,0.00010493293876046212,0.00044150427076258315,22.442447221231483,12.253199812344329,nan,2599.8144374999683,,,D=union_ij D_ij; evaluate the complete parent-v54 amplitude on every x/t leaf; sum integrated uppers and minimize lowers
leaf,PASS,4,64,1,33,0.8572227910585785,0.8572403973066873,0.257909375,0.26571875,0.00010848205548043158,0.0004591154261794942,22.350725251765933,9.885695802243069,nan,2603.127410199959,,,D=union_ij D_ij; evaluate the complete parent-v54 amplitude on every x/t leaf; sum integrated uppers and minimize lowers
leaf,PASS,4,64,1,34,0.8572227910585785,0.8572403973066873,0.26571875,0.273528125,0.00011202940226794302,0.00047670503184194646,22.252111345772704,8.065013668931837,nan,2606.365492400015,,,D=union_ij D_ij; evaluate the complete parent-v54 amplitude on every x/t leaf; sum integrated uppers and minimize lowers
leaf,PASS,4,64,1,35,0.8572227910585785,0.8572403973066873,0.273528125,0.2813375,0.00011557517632667027,0.0004942751229350892,22.147870637901285,6.6471486654009055,nan,2609.4050648000557,,,D=union_ij D_ij; evaluate the complete parent-v54 amplitude on every x/t leaf; sum integrated uppers and minimize lowers
leaf,PASS,4,64,1,36,0.8572227910585785,0.8572403973066873,0.2813375,0.28914687499999997,0.0001191195493467691,0.0005118274900228694,22.039071562598053,5.530574461916171,nan,2612.4630337000126,,,D=union_ij D_ij; evaluate the complete parent-v54 amplitude on every x/t leaf; sum integrated uppers and minimize lowers
leaf,PASS,4,64,1,37,0.8572227910585785,0.8572403973066873,0.28914687499999997,0.29695625,0.0001226626711831754,0.0005293637134166605,21.926618466540766,4.641861826666139,nan,2615.579412900028,,,D=union_ij D_ij; evaluate the complete parent-v54 amplitude on every x/t leaf; sum integrated uppers and minimize lowers
leaf,PASS,4,64,1,38,0.8572227910585785,0.8572403973066873,0.29695625,0.304765625,0.00012620467293935166,0.0005468851919982364,21.81127830155678,3.927170231496171,nan,2618.649698100053,,,D=union_ij D_ij; evaluate the complete parent-v54 amplitude on every x/t leaf; sum integrated uppers and minimize lowers
leaf,PASS,4,64,1,39,0.8572227910585785,0.8572403973066873,0.304765625,0.312575,0.00012974566956316797,0.0005643931675076067,21.693702571110357,3.3471626174695714,nan,2621.6304205000633,,,D=union_ij D_ij; evaluate the complete parent-v54 amplitude on every x/t leaf; sum integrated uppers and minimize lowers
leaf,PASS,4,64,1,40,0.8572227910585785,0.8572403973066873,0.312575,0.320384375,0.00013328576204062477,0.0005818887450967921,21.574445451049737,2.8724579144402025,nan,2624.692859700066,,,D=union_ij D_ij; evaluate the complete parent-v54 amplitude on every x/t leaf; sum integrated uppers and minimize lowers
leaf,PASS,4,64,1,41,0.8572227910585785,0.8572403973066873,0.320384375,0.32819375,0.00013682503925660806,0.0005993729107985208,21.45397881294901,2.4808651213119206,nan,2627.7616580000613,,,D=union_ij D_ij; evaluate the complete parent-v54 amplitude on every x/t leaf; sum integrated uppers and minimize lowers
leaf,PASS,4,64,1,42,0.8572227910585785,0.8572403973066873,0.32819375,0.336003125,0.00014036357957880342,0.0006168465463619382,21.33270472690376,2.1554496684616598,nan,2630.7701398000354,,,D=union_ij D_ij; evaluate the complete parent-v54 amplitude on every x/t leaf; sum integrated uppers and minimize lowers
leaf,PASS,4,64,1,43,0.8572227910585785,0.8572403973066873,0.336003125,0.34381249999999997,0.00014390145221050707,0.0006343104421248785,21.210965907986292,1.883163063222757,nan,2633.8195790000027,,,D=union_ij D_ij; evaluate the complete parent-v54 amplitude on every x/t leaf; sum integrated uppers and minimize lowers
leaf,PASS,4,64,1,44,0.8572227910585785,0.8572403973066873,0.34381249999999997,0.351621875,0.00014743857308950465,0.0006517653080961455,21.089054473255782,1.653861980618231,nan,2637.0531956000486,,,D=union_ij D_ij; evaluate the complete parent-v54 amplitude on every x/t leaf; sum integrated uppers and minimize lowers
leaf,PASS,4,64,1,45,0.8572227910585785,0.8572403973066873,0.351621875,0.35943125,0.00015097509357893016,0.0006692117831668872,20.96721930260037,1.4595897266735265,nan,2640.2475245000096,,,D=union_ij D_ij; evaluate the complete parent-v54 amplitude on every x/t leaf; sum integrated uppers and minimize lowers
leaf,PASS,4,64,1,46,0.8572227910585785,0.8572403973066873,0.35943125,0.367240625,0.0001545111204573883,0.0006866504434096541,20.845672253548155,1.294158623627057,nan,2643.4018784000073,,,D=union_ij D_ij; evaluate the complete parent-v54 amplitude on every x/t leaf; sum integrated uppers and minimize lowers
leaf,PASS,4,64,1,47,0.8572227910585785,0.8572403973066873,0.367240625,0.37505,0.00015804669587028857,0.0007040818091868914,20.72459341929328,1.1524538568726614,nan,2646.6186075999867,,,D=union_ij D_ij; evaluate the complete parent-v54 amplitude on every x/t leaf; sum integrated uppers and minimize lowers
leaf,PASS,4,64,1,48,0.8572227910585785,0.8572403973066873,0.37505,0.382859375,0.00016158185732481804,0.0007215063513391596,20.60413559095945,1.0304742519211325,nan,2649.884016899974,,,D=union_ij D_ij; evaluate the complete parent-v54 amplitude on every x/t leaf; sum integrated uppers and minimize lowers
leaf,PASS,4,64,1,49,0.8572227910585785,0.8572403973066873,0.382859375,0.39066875,0.00016511663810330336,0.0007389244965874317,20.484428054745013,0.9249528912251894,nan,2653.0769899999723,,,D=union_ij D_ij; evaluate the complete parent-v54 amplitude on every x/t leaf; sum integrated uppers and minimize lowers
leaf,PASS,4,64,1,50,0.8572227910585785,0.8572403973066873,0.39066875,0.398478125,0.00016865106778281346,0.0007563366322620194,20.365579831345105,0.8332481745557662,nan,2656.2140933000483,,,D=union_ij D_ij; evaluate the complete parent-v54 amplitude on every x/t leaf; sum integrated uppers and minimize lowers
leaf,PASS,4,64,1,51,0.8572227910585785,0.8572403973066873,0.398478125,0.4062875,0.0001721851726663063,0.0007737431104527483,20.247682446257862,0.753210409143873,nan,2659.2904562000185,,,D=union_ij D_ij; evaluate the complete parent-v54 amplitude on every x/t leaf; sum integrated uppers and minimize lowers
leaf,PASS,4,64,1,52,0.8572227910585785,0.8572403973066873,0.4062875,0.414096875,0.0001757189761536163,0.0007911442516488656,20.130812304336246,0.6830741255806146,nan,2662.3506561999675,,,D=union_ij D_ij; evaluate the complete parent-v54 amplitude on every x/t leaf; sum integrated uppers and minimize lowers
leaf,PASS,4,64,1,53,0.8572227910585785,0.8572403973066873,0.414096875,0.42190625,0.0001792524990666471,0.0008085403478591507,20.01503272952893,0.6213761709176503,nan,2665.3818178999936,,,D=union_ij D_ij; evaluate the complete parent-v54 amplitude on every x/t leaf; sum integrated uppers and minimize lowers
leaf,PASS,4,64,1,54,0.8572227910585785,0.8572403973066873,0.42190625,0.429715625,0.00018278575993500648,0.0008259316657139078,19.90039572060223,0.5669029491185713,nan,2668.514219100005,,,D=union_ij D_ij; evaluate the complete parent-v54 amplitude on every x/t leaf; sum integrated uppers and minimize lowers
leaf,PASS,4,64,1,55,0.8572227910585785,0.8572403973066873,0.429715625,0.437525,0.0001863187752473849,0.0008433184489301238,19.958772416980274,0.5141761753660711,nan,2671.510819899966,,,D=union_ij D_ij; evaluate the complete parent-v54 amplitude on every x/t leaf; sum integrated uppers and minimize lowers
leaf,PASS,4,64,1,56,0.8572227910585785,0.8572403973066873,0.437525,0.445334375,0.0001898515596732014,0.0008607009203495039,20.044174701105042,0.46704864773185334,nan,2674.5973574999953,,,D=union_ij D_ij; evaluate the complete parent-v54 amplitude on every x/t leaf; sum integrated uppers and minimize lowers
leaf,PASS,4,64,1,57,0.8572227910585785,0.8572403973066873,0.445334375,0.45314375,0.00019338412625838204,0.0008780792840399961,20.10181678836504,0.42596736366875537,nan,2677.6757384999655,,,D=union_ij D_ij; evaluate the complete parent-v54 amplitude on every x/t leaf; sum integrated uppers and minimize lowers
leaf,PASS,4,64,1,58,0.8572227910585785,0.8572403973066873,0.45314375,0.460953125,0.00019691648659858664,0.0008954537270697019,20.136040262707276,0.3898990689644644,nan,2680.7610688999994,,,D=union_ij D_ij; evaluate the complete parent-v54 amplitude on every x/t leaf; sum integrated uppers and minimize lowers
leaf,PASS,4,64,1,59,0.8572227910585785,0.8572403973066873,0.460953125,0.46876249999999997,0.00020044865099273226,0.0009128244210907106,20.150443342064822,0.35806530766847455,nan,2683.7967956999782,,,D=union_ij D_ij; evaluate the complete parent-v54 amplitude on every x/t leaf; sum integrated uppers and minimize lowers
leaf,PASS,4,64,1,60,0.8572227910585785,0.8572403973066873,0.46876249999999997,0.476571875,0.00020398062857926723,0.0009301915237557707,20.148073681136488,0.32983402292380865,nan,2686.916000999976,,,D=union_ij D_ij; evaluate the complete parent-v54 amplitude on every x/t leaf; sum integrated uppers and minimize lowers
leaf,PASS,4,64,1,61,0.8572227910585785,0.8572403973066873,0.476571875,0.48438125,0.0002075124274573161,0.0009475551799876491,20.13149602513671,0.30468770373951004,nan,2689.927743599983,,,D=union_ij D_ij; evaluate the complete parent-v54 amplitude on every x/t leaf; sum integrated uppers and minimize lowers
leaf,PASS,4,64,1,62,0.8572227910585785,0.8572403973066873,0.48438125,0.492190625,0.00021104405479452774,0.0009649155231183774,20.10286281655445,0.28226307035875786,nan,2692.9889946000185,,,D=union_ij D_ij; evaluate the complete parent-v54 amplitude on every x/t leaf; sum integrated uppers and minimize lowers
leaf,PASS,4,64,1,63,0.8572227910585785,0.8572403973066873,0.492190625,0.5,0.00021457551692321872,0.000982272675913391,20.063992651678173,0.26214289218479375,nan,2696.1892209000653,,,D=union_ij D_ij; evaluate the complete parent-v54 amplitude on every x/t leaf; sum integrated uppers and minimize lowers
leaf,PASS,4,64,2,0,0.8572403973066873,0.8572580035547961,0.0002,0.008009375000000001,0.0,1.2581344138334242e-07,1.3028918926960835,11120873978.345015,nan,3407.4644468000624,,,D=union_ij D_ij; evaluate the complete parent-v54 amplitude on every x/t leaf; sum integrated uppers and minimize lowers
leaf,PASS,4,64,2,1,0.8572403973066873,0.8572580035547961,0.008009375000000001,0.01581875,0.0,2.6648230510912795e-07,3.9222912941995625,4179000713.920041,nan,3714.5188511000015,,,D=union_ij D_ij; evaluate the complete parent-v54 amplitude on every x/t leaf; sum integrated uppers and minimize lowers
leaf,PASS,4,64,2,2,0.8572403973066873,0.8572580035547961,0.01581875,0.023628125,0.0,2.1237129594989197e-07,9.477978205044328,1.2112667690751349e+19,nan,3893.6310174000682,,,D=union_ij D_ij; evaluate the complete parent-v54 amplitude on every x/t leaf; sum integrated uppers and minimize lowers
leaf,PASS,4,64,2,3,0.8572403973066873,0.8572580035547961,0.023628125,0.0314375,0.0,4.964953572407118e-06,7.899918155518199,65469490921486.695,nan,3963.6645389000187,,,D=union_ij D_ij; evaluate the complete parent-v54 amplitude on every x/t leaf; sum integrated uppers and minimize lowers
leaf,PASS,4,64,2,4,0.8572403973066873,0.8572580035547961,0.0314375,0.039246875,0.0,9.048496382107666e-06,3.3421921608738474,5804189077.8031645,nan,4026.562072700006,,,D=union_ij D_ij; evaluate the complete parent-v54 amplitude on every x/t leaf; sum integrated uppers and minimize lowers
leaf,PASS,4,64,2,5,0.8572403973066873,0.8572580035547961,0.039246875,0.04705625,2.193892606641888e-06,2.193892606641888e-06,1.3943943830486643,433914967510.7296,nan,4052.843215700006,,,D=union_ij D_ij; evaluate the complete parent-v54 amplitude on every x/t leaf; sum integrated uppers and minimize lowers
leaf,PASS,4,64,2,6,0.8572403973066873,0.8572580035547961,0.04705625,0.054865625,7.39700612914707e-06,7.39700612914707e-06,2.081906340080286,195807602.56996316,nan,4079.695274100057,,,D=union_ij D_ij; evaluate the complete parent-v54 amplitude on every x/t leaf; sum integrated uppers and minimize lowers
leaf,PASS,4,64,2,7,0.8572403973066873,0.8572580035547961,0.054865625,0.06267500000000001,1.2069200157356576e-05,1.2069200157356576e-05,2.557277946158854,5434554.3501141295,nan,4103.893677699962,,,D=union_ij D_ij; evaluate the complete parent-v54 amplitude on every x/t leaf; sum integrated uppers and minimize lowers
leaf,PASS,4,64,2,8,0.8572403973066873,0.8572580035547961,0.06267500000000001,0.07048437500000002,1.641725514483377e-05,1.641725514483377e-05,0.5661105743274706,50858266.22098768,nan,4110.320769099984,,,D=union_ij D_ij; evaluate the complete parent-v54 amplitude on every x/t leaf; sum integrated uppers and minimize lowers
leaf,PASS,4,64,2,9,0.8572403973066873,0.8572580035547961,0.07048437500000002,0.07829375000000001,2.0554327296795318e-05,8.83203730352226e-06,3.025151068340798,149481958.73053962,nan,4116.746066599968,,,D=union_ij D_ij; evaluate the complete parent-v54 amplitude on every x/t leaf; sum integrated uppers and minimize lowers
leaf,PASS,4,64,2,10,0.8572403973066873,0.8572580035547961,0.07829375000000001,0.086103125,2.4547290925938207e-05,2.4547290925938207e-05,3.1229331332172445,2566839.1788087105,nan,4123.129987400025,,,D=union_ij D_ij; evaluate the complete parent-v54 amplitude on every x/t leaf; sum integrated uppers and minimize lowers
leaf,PASS,4,64,2,11,0.8572403973066873,0.8572580035547961,0.086103125,0.09391250000000001,2.8438919713130288e-05,2.8438919713130288e-05,12.76839119247131,88346429408.1211,nan,4126.214221199974,,,D=union_ij D_ij; evaluate the complete parent-v54 amplitude on every x/t leaf; sum integrated uppers and minimize lowers
leaf,PASS,4,64,2,12,0.8572403973066873,0.8572580035547961,0.09391250000000001,0.10172187500000002,3.226703736080239e-05,7.311697612104616e-05,14.60631182868429,5944982.075517561,nan,4129.2953632000135,,,D=union_ij D_ij; evaluate the complete parent-v54 amplitude on every x/t leaf; sum integrated uppers and minimize lowers
leaf,PASS,4,64,2,13,0.8572403973066873,0.8572580035547961,0.10172187500000002,0.10953125000000001,3.6046341315390834e-05,9.31620825083178e-05,16.28847572425881,565149.4533466552,nan,4132.28744580003,,,D=union_ij D_ij; evaluate the complete parent-v54 amplitude on every x/t leaf; sum integrated uppers and minimize lowers
leaf,PASS,4,64,2,14,0.8572403973066873,0.8572580035547961,0.10953125000000001,0.117340625,3.97850542100808e-05,0.00011276818793523689,17.73138528490933,114517.61858912864,nan,4135.321972500067,,,D=union_ij D_ij; evaluate the complete parent-v54 amplitude on every x/t leaf; sum integrated uppers and minimize lowers
leaf,PASS,4,64,2,15,0.8572403973066873,0.8572580035547961,0.117340625,0.12515,4.349034884570643e-05,0.00013202729055009405,18.90941214213267,33419.20058494341,nan,4138.504796399968,,,D=union_ij D_ij; evaluate the complete parent-v54 amplitude on every x/t leaf; sum integrated uppers and minimize lowers
leaf,PASS,4,64,2,16,0.8572403973066873,0.8572580035547961,0.12515,0.13295937500000002,4.716816289681952e-05,0.00015100731383636904,19.8517021849946,12221.379267596809,nan,4141.491036499967,,,D=union_ij D_ij; evaluate the complete parent-v54 amplitude on every x/t leaf; sum integrated uppers and minimize lowers
leaf,PASS,4,64,2,17,0.8572403973066873,0.8572580035547961,0.13295937500000002,0.14076875000000003,5.082332997125332e-05,0.00016976012876013222,20.597225354141447,5226.307505232837,nan,4144.433679000009,,,D=union_ij D_ij; evaluate the complete parent-v54 amplitude on every x/t leaf; sum integrated uppers and minimize lowers
leaf,PASS,4,64,2,18,0.8572403973066873,0.8572580035547961,0.14076875000000003,0.148578125,5.445913035134711e-05,0.00018832574378395758,21.182126613591223,2508.7003653371635,nan,4147.4484597999835,,,D=union_ij D_ij; evaluate the complete parent-v54 amplitude on every x/t leaf; sum integrated uppers and minimize lowers
leaf,PASS,4,64,2,19,0.8572403973066873,0.8572580035547961,0.148578125,0.1563875,5.807921188662012e-05,0.00020673556179644977,21.636823055105282,1316.667310591017,nan,4150.408720500069,,,D=union_ij D_ij; evaluate the complete parent-v54 amplitude on every x/t leaf; sum integrated uppers and minimize lowers
leaf,PASS,4,64,2,20,0.8572403973066873,0.8572580035547961,0.1563875,0.16419687500000002,6.168630983889376e-05,0.00022501449312333052,21.986039364972143,742.0326625366861,nan,4153.345440600067,,,D=union_ij D_ij; evaluate the complete parent-v54 amplitude on every x/t leaf; sum integrated uppers and minimize lowers
leaf,PASS,4,64,2,21,0.8572403973066873,0.8572580035547961,0.16419687500000002,0.17200625,6.528236240366556e-05,0.00024318256757516744,22.249627568755464,443.22263287513465,nan,4156.351677100058,,,D=union_ij D_ij; evaluate the complete parent-v54 amplitude on every x/t leaf; sum integrated uppers and minimize lowers
leaf,PASS,4,64,2,22,0.8572403973066873,0.8572580035547961,0.17200625,0.179815625,6.886918971811888e-05,0.0002612560568472959,22.443481789814317,277.86644385947847,nan,4159.381438900018,,,D=union_ij D_ij; evaluate the complete parent-v54 amplitude on every x/t leaf; sum integrated uppers and minimize lowers
leaf,PASS,4,64,2,23,0.8572403973066873,0.8572580035547961,0.179815625,0.18762500000000001,7.244817410049693e-05,0.0002792483027197487,22.58034685649184,181.47226958777964,nan,4162.7190850999905,,,D=union_ij D_ij; evaluate the complete parent-v54 amplitude on every x/t leaf; sum integrated uppers and minimize lowers
leaf,PASS,4,64,2,24,0.8572403973066873,0.8572580035547961,0.18762500000000001,0.19543437500000002,7.602046039781312e-05,0.00029717032606088606,22.670479369354727,122.73918520097592,nan,4165.979477199959,,,D=union_ij D_ij; evaluate the complete parent-v54 amplitude on every x/t leaf; sum integrated uppers and minimize lowers
leaf,PASS,4,64,2,25,0.8572403973066873,0.8572580035547961,0.19543437500000002,0.20324375000000003,7.95870020569499e-05,0.0003150313048792084,22.722171349589324,85.56667476557351,nan,4169.077149400022,,,D=union_ij D_ij; evaluate the complete parent-v54 amplitude on every x/t leaf; sum integrated uppers and minimize lowers
leaf,PASS,4,64,2,26,0.8572403973066873,0.8572580035547961,0.20324375000000003,0.211053125,8.314859731946963e-05,0.000332838980237342,22.742159794437075,61.24989817908311,nan,4171.978908800054,,,D=union_ij D_ij; evaluate the complete parent-v54 amplitude on every x/t leaf; sum integrated uppers and minimize lowers
leaf,PASS,4,64,2,27,0.8572403973066873,0.8572580035547961,0.211053125,0.21886250000000002,8.670591781622549e-05,0.00035059986472360364,22.73594558446116,44.87548914083522,nan,4174.913505500066,,,D=union_ij D_ij; evaluate the complete parent-v54 amplitude on every x/t leaf; sum integrated uppers and minimize lowers
leaf,PASS,4,64,2,28,0.8572403973066873,0.8572580035547961,0.21886250000000002,0.22667187500000002,9.025953129196264e-05,0.00036831946330791475,22.70804215918428,33.56354232547388,nan,4177.847571599996,,,D=union_ij D_ij; evaluate the complete parent-v54 amplitude on every x/t leaf; sum integrated uppers and minimize lowers
leaf,PASS,4,64,2,29,0.8572403973066873,0.8572580035547961,0.22667187500000002,0.23448125,9.380991977412172e-05,0.0003860016845054184,22.662168758665498,25.5691744956132,nan,4180.839217700064,,,D=union_ij D_ij; evaluate the complete parent-v54 amplitude on every x/t leaf; sum integrated uppers and minimize lowers
leaf,PASS,4,64,2,30,0.8572403973066873,0.8572580035547961,0.23448125,0.242290625,9.7357493464123e-05,0.0004036510980307807,22.601372374322697,19.80335203411967,nan,4183.726469099987,,,D=union_ij D_ij; evaluate the complete parent-v54 amplitude on every x/t leaf; sum integrated uppers and minimize lowers
leaf,PASS,4,64,2,31,0.8572403973066873,0.8572580035547961,0.242290625,0.2501,0.00010090260463492293,0.0004212716043984919,22.528245835032706,15.567441498483527,nan,4186.687859800062,,,D=union_ij D_ij; evaluate the complete parent-v54 amplitude on every x/t leaf; sum integrated uppers and minimize lowers
leaf,PASS,4,64,2,32,0.8572403973066873,0.8572580035547961,0.2501,0.257909375,0.00010444555085685935,0.00043886625912881367,22.444933390297866,12.403363489211866,nan,4189.61043910007,,,D=union_ij D_ij; evaluate the complete parent-v54 amplitude on every x/t leaf; sum integrated uppers and minimize lowers
leaf,PASS,4,64,2,33,0.8572403973066873,0.8572580035547961,0.257909375,0.26571875,0.00010798658826292301,0.00045643768814624194,22.353223602922263,10.004019037654418,nan,4192.482121200068,,,D=union_ij D_ij; evaluate the complete parent-v54 amplitude on every x/t leaf; sum integrated uppers and minimize lowers
leaf,PASS,4,64,2,34,0.8572403973066873,0.8572580035547961,0.26571875,0.273528125,0.00011152595188212756,0.0004739881842069613,22.25461883187116,8.159393592007552,nan,4195.42034750001,,,D=union_ij D_ij; evaluate the complete parent-v54 amplitude on every x/t leaf; sum integrated uppers and minimize lowers
leaf,PASS,4,64,2,35,0.8572403973066873,0.8572580035547961,0.273528125,0.2813375,0.0001150638364304758,0.0004915197562855783,22.150384629342994,6.72327701144523,nan,4198.419488099986,,,D=union_ij D_ij; evaluate the complete parent-v54 amplitude on every x/t leaf; sum integrated uppers and minimize lowers
leaf,PASS,4,64,2,36,0.8572403973066873,0.8572580035547961,0.2813375,0.28914687499999997,0.00011860041110893453,0.0005090341705618399,22.04158978553699,5.5925077316649645,nan,4201.354061300051,,,D=union_ij D_ij; evaluate the complete parent-v54 amplitude on every x/t leaf; sum integrated uppers and minimize lowers
leaf,PASS,4,64,2,37,0.8572403973066873,0.8572580035547961,0.28914687499999997,0.29695625,0.0001221358233048312,0.0005265329846156449,21.929138951351078,4.692820084965706,nan,4204.289186800015,,,D=union_ij D_ij; evaluate the complete parent-v54 amplitude on every x/t leaf; sum integrated uppers and minimize lowers
leaf,PASS,4,64,2,38,0.8572403973066873,0.8572580035547961,0.29695625,0.304765625,0.00012567020169237464,0.0005440175760970694,21.81379933966585,3.9694665247499814,nan,4207.287910899962,,,D=union_ij D_ij; evaluate the complete parent-v54 amplitude on every x/t leaf; sum integrated uppers and minimize lowers
leaf,PASS,4,64,2,39,0.8572403973066873,0.8572580035547961,0.304765625,0.312575,0.00012920365884052317,0.0005614891668789911,21.696222678684112,3.382554812694839,nan,4210.183222500025,,,D=union_ij D_ij; evaluate the complete parent-v54 amplitude on every x/t leaf; sum integrated uppers and minimize lowers
leaf,PASS,4,64,2,40,0.8572403973066873,0.8572580035547961,0.312575,0.320384375,0.00013273629341506563,0.0005789488434909482,21.57696333831975,2.9022965275476587,nan,4213.127095100004,,,D=union_ij D_ij; evaluate the complete parent-v54 amplitude on every x/t leaf; sum integrated uppers and minimize lowers
leaf,PASS,4,64,2,41,0.8572403973066873,0.8572580035547961,0.320384375,0.32819375,0.0001362681920449808,0.0005963975744811371,21.456493358203403,2.5061982790910493,nan,4216.325133800041,,,D=union_ij D_ij; evaluate the complete parent-v54 amplitude on every x/t leaf; sum integrated uppers and minimize lowers
leaf,PASS,4,64,2,42,0.8572403973066873,0.8572580035547961,0.32819375,0.336003125,0.0001397994309098669,0.0006138362251576115,21.335214954361753,2.1770984727199436,nan,4219.27108440001,,,D=union_ij D_ij; evaluate the complete parent-v54 amplitude on every x/t leaf; sum integrated uppers and minimize lowers
leaf,PASS,4,64,2,43,0.8572403973066873,0.8572580035547961,0.336003125,0.34381249999999997,0.00014333007709468738,0.0006312655703725488,21.213470968866993,1.901776500944874,nan,4222.24573580001,,,D=union_ij D_ij; evaluate the complete parent-v54 amplitude on every x/t leaf; sum integrated uppers and minimize lowers
leaf,PASS,4,64,2,44,0.8572403973066873,0.8572580035547961,0.34381249999999997,0.351621875,0.00014686018926965625,0.000648686305532302,21.09155362961137,1.669957001321416,nan,4225.247047199984,,,D=union_ij D_ij; evaluate the complete parent-v54 amplitude on every x/t leaf; sum integrated uppers and minimize lowers
leaf,PASS,4,64,2,45,0.8572403973066873,0.8572580035547961,0.351621875,0.35943125,0.00015038981257036287,0.000666099055737182,20.969711913384334,1.4735819386686213,nan,4228.265135399997,,,D=union_ij D_ij; evaluate the complete parent-v54 amplitude on every x/t leaf; sum integrated uppers and minimize lowers
leaf,PASS,4,64,2,46,0.8572403973066873,0.8572580035547961,0.35943125,0.367240625,0.00015391880278907476,0.000683504384019206,20.848157762614402,1.3063592589267015,nan,4231.244522799971,,,D=union_ij D_ij; evaluate the complete parent-v54 amplitude on every x/t leaf; sum integrated uppers and minimize lowers
leaf,PASS,4,64,2,47,0.8572403973066873,0.8572580035547961,0.367240625,0.37505,0.00015744740501066692,0.0007009027983945371,20.727071345020892,1.1631644151244098,nan,4234.230612299987,,,D=union_ij D_ij; evaluate the complete parent-v54 amplitude on every x/t leaf; sum integrated uppers and minimize lowers
leaf,PASS,4,64,2,48,0.8572403973066873,0.8572580035547961,0.37505,0.382859375,0.00016097565970673162,0.0007182947580009248,20.6066055172589,1.0399184915094877,nan,4237.226857500034,,,D=union_ij D_ij; evaluate the complete parent-v54 amplitude on every x/t leaf; sum integrated uppers and minimize lowers
leaf,PASS,4,64,2,49,0.8572403973066873,0.8572580035547961,0.382859375,0.39066875,0.00016450359837299772,0.000735680678453905,20.48688962324189,0.933316135620384,nan,4240.12417049997,,,D=union_ij D_ij; evaluate the complete parent-v54 amplitude on every x/t leaf; sum integrated uppers and minimize lowers
leaf,PASS,4,64,2,50,0.8572403973066873,0.8572580035547961,0.39066875,0.398478125,0.00016803124885695096,0.0007530609365337922,20.368032734570686,0.840683636631486,nan,4243.052409600001,,,D=union_ij D_ij; evaluate the complete parent-v54 amplitude on every x/t leaf; sum integrated uppers and minimize lowers
leaf,PASS,4,64,2,51,0.8572403973066873,0.8572580035547961,0.398478125,0.4062875,0.00017155863587845177,0.0007704358742976337,20.25012642170309,0.7598459152399422,nan,4246.007848700043,,,D=union_ij D_ij; evaluate the complete parent-v54 amplitude on every x/t leaf; sum integrated uppers and minimize lowers
leaf,PASS,4,64,2,52,0.8572403973066873,0.8572580035547961,0.4062875,0.414096875,0.0001750857812670577,0.0007878058026955781,20.1332471292482,0.6890168761734925,nan,4248.924070999958,,,D=union_ij D_ij; evaluate the complete parent-v54 amplitude on every x/t leaf; sum integrated uppers and minimize lowers
leaf,PASS,4,64,2,53,0.8572403973066873,0.8572580035547961,0.414096875,0.42190625,0.00017861270433346425,0.000805171004758903,20.017458216347578,0.6267164934623896,nan,4251.78976970003,,,D=union_ij D_ij; evaluate the complete parent-v54 amplitude on every x/t leaf; sum integrated uppers and minimize lowers
leaf,PASS,4,64,2,54,0.8572403973066873,0.8572580035547961,0.42190625,0.429715625,0.00018213942215266566,0.0008225317381826049,19.902811712950694,0.5717173240975999,nan,4254.687715600012,,,D=union_ij D_ij; evaluate the complete parent-v54 amplitude on every x/t leaf; sum integrated uppers and minimize lowers
leaf,PASS,4,64,2,55,0.8572403973066873,0.8572580035547961,0.429715625,0.437525,0.00018566594981291685,0.0008398882385002087,19.961117331853792,0.5184943066439824,nan,4257.9304541000165,,,D=union_ij D_ij; evaluate the complete parent-v54 amplitude on every x/t leaf; sum integrated uppers and minimize lowers
leaf,PASS,4,64,2,56,0.8572403973066873,0.8572580035547961,0.437525,0.445334375,0.00018919230063503285,0.0008572407206595257,20.046554750159313,0.47084893552720547,nan,4260.814180999994,,,D=union_ij D_ij; evaluate the complete parent-v54 amplitude on every x/t leaf; sum integrated uppers and minimize lowers
leaf,PASS,4,64,2,57,0.8572403973066873,0.8572580035547961,0.445334375,0.45314375,0.00019271848636589876,0.0008745893811602472,20.104225278268604,0.42927131878816427,nan,4263.699671400012,,,D=union_ij D_ij; evaluate the complete parent-v54 amplitude on every x/t leaf; sum integrated uppers and minimize lowers
leaf,PASS,4,64,2,58,0.8572403973066873,0.8572580035547961,0.45314375,0.460953125,0.00019624451734951152,0.0008919343998280879,20.13847153237539,0.39277640527417035,nan,4266.646310199983,,,D=union_ij D_ij; evaluate the complete parent-v54 amplitude on every x/t leaf; sum integrated uppers and minimize lowers
leaf,PASS,4,64,2,59,0.8572403973066873,0.8572580035547961,0.460953125,0.46876249999999997,0.00019977040267840488,0.0009092759413792556,20.1528924807026,0.360625422714145,nan,4269.527875800035,,,D=union_ij D_ij; evaluate the complete parent-v54 amplitude on every x/t leaf; sum integrated uppers and minimize lowers
leaf,PASS,4,64,2,60,0.8572403973066873,0.8572580035547961,0.46876249999999997,0.476571875,0.00020329615032791282,0.0009266141568192132,20.150536706994465,0.33216613393043953,nan,4272.419295700034,,,D=union_ij D_ij; evaluate the complete parent-v54 amplitude on every x/t leaf; sum integrated uppers and minimize lowers
leaf,PASS,4,64,2,61,0.8572403973066873,0.8572580035547961,0.476571875,0.48438125,0.00020682176727539138,0.0009439491846954538,20.133969451847545,0.3068186441860929,nan,4275.309064700035,,,D=union_ij D_ij; evaluate the complete parent-v54 amplitude on every x/t leaf; sum integrated uppers and minimize lowers
leaf,PASS,4,64,2,62,0.8572403973066873,0.8572580035547961,0.48438125,0.492190625,0.00021034725960623028,0.0009612811522213691,20.105343662331446,0.2841518808909199,nan,4278.281630499987,,,D=union_ij D_ij; evaluate the complete parent-v54 amplitude on every x/t leaf; sum integrated uppers and minimize lowers
leaf,PASS,4,64,2,63,0.8572403973066873,0.8572580035547961,0.492190625,0.5,0.00021387263260824488,0.0009786101762861116,20.066477608767705,0.26383187481164894,nan,4281.249440800049,,,D=union_ij D_ij; evaluate the complete parent-v54 amplitude on every x/t leaf; sum integrated uppers and minimize lowers
leaf,PASS,4,64,3,0,0.8572580035547961,0.857275609802905,0.0002,0.008009375000000001,0.0,2.2580977342421306e-07,1.2918920251678145,4216202555.6713634,nan,4988.1869791999925,,,D=union_ij D_ij; evaluate the complete parent-v54 amplitude on every x/t leaf; sum integrated uppers and minimize lowers
leaf,PASS,4,64,3,1,0.8572580035547961,0.857275609802905,0.008009375000000001,0.01581875,0.0,1.0205429524376822e-06,3.9486305106217703,187322763.0308698,nan,5283.037077700021,,,D=union_ij D_ij; evaluate the complete parent-v54 amplitude on every x/t leaf; sum integrated uppers and minimize lowers
leaf,PASS,4,64,3,2,0.8572580035547961,0.857275609802905,0.01581875,0.023628125,0.0,7.648138992699522e-08,9.476643100510273,6.104399220831819e+20,nan,5468.131072600023,,,D=union_ij D_ij; evaluate the complete parent-v54 amplitude on every x/t leaf; sum integrated uppers and minimize lowers
leaf,PASS,4,64,3,3,0.8572580035547961,0.857275609802905,0.023628125,0.0314375,0.0,4.80012050755546e-06,7.89852222918932,73419779922497.06,nan,5545.308385299984,,,D=union_ij D_ij; evaluate the complete parent-v54 amplitude on every x/t leaf; sum integrated uppers and minimize lowers
leaf,PASS,4,64,3,4,0.8572580035547961,0.857275609802905,0.0314375,0.039246875,0.0,8.860921256441316e-06,3.3398893805666647,6253429912.621698,nan,5613.158010700019,,,D=union_ij D_ij; evaluate the complete parent-v54 amplitude on every x/t leaf; sum integrated uppers and minimize lowers
leaf,PASS,4,64,3,5,0.8572580035547961,0.857275609802905,0.039246875,0.04705625,1.993960080117793e-06,1.993960080117793e-06,1.393893444419995,631599666435.0143,nan,5639.97054530005,,,D=union_ij D_ij; evaluate the complete parent-v54 amplitude on every x/t leaf; sum integrated uppers and minimize lowers
leaf,PASS,4,64,3,6,0.8572580035547961,0.857275609802905,0.04705625,0.054865625,7.176274124657272e-06,7.176274124657272e-06,2.0814065704258553,219323256.02930692,nan,5667.789162900066,,,D=union_ij D_ij; evaluate the complete parent-v54 amplitude on every x/t leaf; sum integrated uppers and minimize lowers
leaf,PASS,4,64,3,7,0.8572580035547961,0.857275609802905,0.054865625,0.06267500000000001,1.1829511919418603e-05,1.1829511919418603e-05,2.556786557695646,5840067.000036435,nan,5690.930617599981,,,D=union_ij D_ij; evaluate the complete parent-v54 amplitude on every x/t leaf; sum integrated uppers and minimize lowers
leaf,PASS,4,64,3,8,0.8572580035547961,0.857275609802905,0.06267500000000001,0.07048437500000002,1.616003673762829e-05,1.616003673762829e-05,0.5595290642950642,54324880.980966866,nan,5698.16113969998,,,D=union_ij D_ij; evaluate the complete parent-v54 amplitude on every x/t leaf; sum integrated uppers and minimize lowers
leaf,PASS,4,64,3,9,0.8572580035547961,0.857275609802905,0.07048437500000002,0.07829375000000001,2.0280725525821535e-05,7.400584220787356e-06,3.024666808329404,216710274.16363865,nan,5704.529091099976,,,D=union_ij D_ij; evaluate the complete parent-v54 amplitude on every x/t leaf; sum integrated uppers and minimize lowers
leaf,PASS,4,64,3,10,0.8572580035547961,0.857275609802905,0.07829375000000001,0.086103125,2.4258254620543254e-05,2.4258254620543254e-05,3.1224527800070017,2873307.2663005576,nan,5711.04519980005,,,D=union_ij D_ij; evaluate the complete parent-v54 amplitude on every x/t leaf; sum integrated uppers and minimize lowers
leaf,PASS,4,64,3,11,0.8572580035547961,0.857275609802905,0.086103125,0.09391250000000001,2.8139539687396873e-05,2.8139539687396873e-05,12.76706100647626,91319737955.7421,nan,5714.17205449997,,,D=union_ij D_ij; evaluate the complete parent-v54 amplitude on every x/t leaf; sum integrated uppers and minimize lowers
leaf,PASS,4,64,3,12,0.8572580035547961,0.857275609802905,0.09391250000000001,0.10172187500000002,3.196070631834515e-05,7.147551174779657e-05,14.605538851750453,6219038.001346497,nan,5717.304007300059,,,D=union_ij D_ij; evaluate the complete parent-v54 amplitude on every x/t leaf; sum integrated uppers and minimize lowers
leaf,PASS,4,64,3,13,0.8572580035547961,0.857275609802905,0.10172187500000002,0.10953125000000001,3.5731970858236964e-05,9.145644098933585e-05,16.288118482151607,586337.4990240353,nan,5720.382201700006,,,D=union_ij D_ij; evaluate the complete parent-v54 amplitude on every x/t leaf; sum integrated uppers and minimize lowers
leaf,PASS,4,64,3,14,0.8572580035547961,0.857275609802905,0.10953125000000001,0.117340625,3.9461987937934464e-05,0.00011100072704870679,17.731489804899343,118186.11955183327,nan,5723.348017600016,,,D=union_ij D_ij; evaluate the complete parent-v54 amplitude on every x/t leaf; sum integrated uppers and minimize lowers
leaf,PASS,4,64,3,15,0.8572580035547961,0.857275609802905,0.117340625,0.12515,4.315819693317745e-05,0.00013019977613057697,18.90993251034276,34363.45888052439,nan,5726.544517499977,,,D=union_ij D_ij; evaluate the complete parent-v54 amplitude on every x/t leaf; sum integrated uppers and minimize lowers
leaf,PASS,4,64,3,16,0.8572580035547961,0.857275609802905,0.12515,0.13295937500000002,4.6826705233327365e-05,0.00014912205512999975,19.852575226590723,12532.538823698,nan,5729.939302399987,,,D=union_ij D_ij; evaluate the complete parent-v54 amplitude on every x/t leaf; sum integrated uppers and minimize lowers
leaf,PASS,4,64,3,17,0.8572580035547961,0.857275609802905,0.13295937500000002,0.14076875000000003,5.047245770191861e-05,0.00016781888840989526,20.598391498804997,5348.125789712863,nan,5733.24614990002,,,D=union_ij D_ij; evaluate the complete parent-v54 amplitude on every x/t leaf; sum integrated uppers and minimize lowers
leaf,PASS,4,64,3,18,0.8572580035547961,0.857275609802905,0.14076875000000003,0.148578125,5.409889844127264e-05,0.00018633013664928476,21.18353482876162,2562.8770071871227,nan,5736.683057200047,,,D=union_ij D_ij; evaluate the complete parent-v54 amplitude on every x/t leaf; sum integrated uppers and minimize lowers
leaf,PASS,4,64,3,19,0.8572580035547961,0.857275609802905,0.148578125,0.1563875,5.770953512701926e-05,0.000204687074758476,21.63843103429181,1343.2566302134471,nan,5739.796808199957,,,D=union_ij D_ij; evaluate the complete parent-v54 amplitude on every x/t leaf; sum integrated uppers and minimize lowers
leaf,PASS,4,64,3,20,0.8572580035547961,0.857275609802905,0.1563875,0.16419687500000002,6.130724118480852e-05,0.00022291450119068403,21.987812413292122,756.1482973013461,nan,5742.820154099958,,,D=union_ij D_ij; evaluate the complete parent-v54 amplitude on every x/t leaf; sum integrated uppers and minimize lowers
leaf,PASS,4,64,3,21,0.8572580035547961,0.857275609802905,0.16419687500000002,0.17200625,6.489399195929856e-05,0.0002410323473261913,22.2515372853845,451.2130232859866,nan,5753.137061599991,,,D=union_ij D_ij; evaluate the complete parent-v54 amplitude on every x/t leaf; sum integrated uppers and minimize lowers
leaf,PASS,4,64,3,22,0.8572580035547961,0.857275609802905,0.17200625,0.179815625,6.8471572269936e-05,0.00025905679771291864,22.445504874799965,282.6371546542148,nan,5763.878335800022,,,D=union_ij D_ij; evaluate the complete parent-v54 amplitude on every x/t leaf; sum integrated uppers and minimize lowers
leaf,PASS,4,64,3,23,0.8572580035547961,0.857275609802905,0.179815625,0.18762500000000001,7.204140805842822e-05,0.0002770011165335246,22.58246411748618,184.45199691314383,nan,5793.663941200008,,,D=union_ij D_ij; evaluate the complete parent-v54 amplitude on every x/t leaf; sum integrated uppers and minimize lowers
leaf,PASS,4,64,3,24,0.8572580035547961,0.857275609802905,0.18762500000000001,0.19543437500000002,7.560465004204736e-05,0.00029487625517785683,22.672674921598965,124.67351570385577,nan,5810.124989200034,,,D=union_ij D_ij; evaluate the complete parent-v54 amplitude on every x/t leaf; sum integrated uppers and minimize lowers
leaf,PASS,4,64,3,25,0.8572580035547961,0.857275609802905,0.19543437500000002,0.20324375000000003,7.916225502712279e-05,0.000312691329249957,22.72443197997271,86.86481140221238,nan,5822.056847300031,,,D=union_ij D_ij; evaluate the complete parent-v54 amplitude on every x/t leaf; sum integrated uppers and minimize lowers
leaf,PASS,4,64,3,26,0.8572580035547961,0.857275609802905,0.20324375000000003,0.211053125,8.271502282071102e-05,0.00033045402337502353,22.744474457501262,62.1467727700527,nan,5829.932738400064,,,D=union_ij D_ij; evaluate the complete parent-v54 amplitude on every x/t leaf; sum integrated uppers and minimize lowers
leaf,PASS,4,64,3,27,0.8572580035547961,0.857275609802905,0.211053125,0.21886250000000002,8.626362533490442e-05,0.000348170798986659,22.73830500281652,45.511179715470114,nan,5839.30908799998,,,D=union_ij D_ij; evaluate the complete parent-v54 amplitude on every x/t leaf; sum integrated uppers and minimize lowers
leaf,PASS,4,64,3,28,0.8572580035547961,0.857275609802905,0.21886250000000002,0.22667187500000002,8.980862967774223e-05,0.000365847114275113,22.710438505132547,34.024431181597464,nan,5842.9807969999965,,,D=union_ij D_ij; evaluate the complete parent-v54 amplitude on every x/t leaf; sum integrated uppers and minimize lowers
leaf,PASS,4,64,3,29,0.8572580035547961,0.857275609802905,0.22667187500000002,0.23448125,9.335051658766737e-05,0.00038348683570754466,22.664595401290416,25.910147828056193,nan,5847.371721200063,,,D=union_ij D_ij; evaluate the complete parent-v54 amplitude on every x/t leaf; sum integrated uppers and minimize lowers
leaf,PASS,4,64,3,30,0.8572580035547961,0.857275609802905,0.23448125,0.242290625,9.688969452135757e-05,0.00040109449439481963,22.603823829139394,20.060222077598166,nan,5850.84081189998,,,D=union_ij D_ij; evaluate the complete parent-v54 amplitude on every x/t leaf; sum integrated uppers and minimize lowers
leaf,PASS,4,64,3,31,0.8572580035547961,0.857275609802905,0.242290625,0.2501,0.00010042651368295375,0.00041867395368629237,22.53071711847523,15.764137222459317,nan,5854.48431119998,,,D=union_ij D_ij; evaluate the complete parent-v54 amplitude on every x/t leaf; sum integrated uppers and minimize lowers
leaf,PASS,4,64,3,32,0.8572580035547961,0.857275609802905,0.2501,0.257909375,0.00010396127010850245,0.00043622823686025416,22.447420381968442,12.556221147219167,nan,5858.173608600046,,,D=union_ij D_ij; evaluate the complete parent-v54 amplitude on every x/t leaf; sum integrated uppers and minimize lowers
leaf,PASS,4,64,3,33,0.8572580035547961,0.857275609802905,0.257909375,0.26571875,0.00010749421489408176,0.00045375993935601076,22.355722764474564,10.12441357845098,nan,5861.206874900032,,,D=union_ij D_ij; evaluate the complete parent-v54 amplitude on every x/t leaf; sum integrated uppers and minimize lowers
leaf,PASS,4,64,3,34,0.8572580035547961,0.857275609802905,0.26571875,0.273528125,0.00011102558262348329,0.0004712713256949683,22.257127116876642,8.255387450451792,nan,5864.2832657999825,,,D=union_ij D_ij; evaluate the complete parent-v54 amplitude on every x/t leaf; sum integrated uppers and minimize lowers
leaf,PASS,4,64,3,35,0.8572580035547961,0.857275609802905,0.273528125,0.2813375,0.00011455556548327067,0.0004887643786411124,22.152899408848818,6.800678368998239,nan,5867.528822800028,,,D=union_ij D_ij; evaluate the complete parent-v54 amplitude on every x/t leaf; sum integrated uppers and minimize lowers
leaf,PASS,4,64,3,36,0.8572580035547961,0.857275609802905,0.2813375,0.28914687499999997,0.00011808433014744007,0.0005062408399899172,22.04410878627958,5.655463836442813,nan,5870.860694900039,,,D=union_ij D_ij; evaluate the complete parent-v54 amplitude on every x/t leaf; sum integrated uppers and minimize lowers
leaf,PASS,4,64,3,37,0.8572580035547961,0.857275609802905,0.28914687499999997,0.29695625,0.00012161202150145535,0.0005237022445897367,21.931660204231665,4.744594880543297,nan,5874.349492200068,,,D=union_ij D_ij; evaluate the complete parent-v54 amplitude on every x/t leaf; sum integrated uppers and minimize lowers
leaf,PASS,4,64,3,38,0.8572580035547961,0.857275609802905,0.29695625,0.304765625,0.00012513876575914203,0.0005411499488588843,21.816321136590467,4.0124273465467395,nan,5881.331693900051,,,D=union_ij D_ij; evaluate the complete parent-v54 amplitude on every x/t leaf; sum integrated uppers and minimize lowers
leaf,PASS,4,64,3,39,0.8572580035547961,0.857275609802905,0.304765625,0.312575,0.00012866467308219413,0.0005585851548030438,21.69874353625486,3.418492640230471,nan,5889.028047700063,,,D=union_ij D_ij; evaluate the complete parent-v54 amplitude on every x/t leaf; sum integrated uppers and minimize lowers
leaf,PASS,4,64,3,40,0.8572580035547961,0.857275609802905,0.312575,0.320384375,0.00013218983979030878,0.0005760089303292124,21.579481967166934,2.932586852426455,nan,5897.025063500041,,,D=union_ij D_ij; evaluate the complete parent-v54 amplitude on every x/t leaf; sum integrated uppers and minimize lowers
leaf,PASS,4,64,3,41,0.8572580035547961,0.857275609802905,0.320384375,0.32819375,0.000135714350232884,0.0005934222265009986,21.45900863698081,2.531908194226209,nan,5903.9437236000085,,,D=union_ij D_ij; evaluate the complete parent-v54 amplitude on every x/t leaf; sum integrated uppers and minimize lowers
leaf,PASS,4,64,3,42,0.8572580035547961,0.857275609802905,0.32819375,0.336003125,0.00013923827837973108,0.000610825892185313,21.337725907624925,2.199063760017632,nan,5914.926221600035,,,D=union_ij D_ij; evaluate the complete parent-v54 amplitude on every x/t leaf; sum integrated uppers and minimize lowers
leaf,PASS,4,64,3,43,0.8572580035547961,0.857275609802905,0.336003125,0.34381249999999997,0.00014276168917755068,0.0006282206867486245,21.215976748145252,1.9206575640316743,nan,5925.2266500999685,,,D=union_ij D_ij; evaluate the complete parent-v54 amplitude on every x/t leaf; sum integrated uppers and minimize lowers
leaf,PASS,4,64,3,44,0.8572580035547961,0.857275609802905,0.34381249999999997,0.351621875,0.00014628463925135245,0.0006456072909947893,21.094053497243824,1.6862797451910672,nan,5930.321869199979,,,D=union_ij D_ij; evaluate the complete parent-v54 amplitude on every x/t leaf; sum integrated uppers and minimize lowers
leaf,PASS,4,64,3,45,0.8572580035547961,0.857275609802905,0.351621875,0.35943125,0.00014980717116983025,0.0006629863162332349,20.972205228590536,1.4877690798834071,nan,5934.471676100045,,,D=union_ij D_ij; evaluate the complete parent-v54 amplitude on every x/t leaf; sum integrated uppers and minimize lowers
leaf,PASS,4,64,3,46,0.8572580035547961,0.857275609802905,0.35943125,0.367240625,0.0001533293381697145,0.0006803583124554027,20.85064396949559,1.3187270876658321,nan,5938.617713600048,,,D=union_ij D_ij; evaluate the complete parent-v54 amplitude on every x/t leaf; sum integrated uppers and minimize lowers
leaf,PASS,4,64,3,47,0.8572580035547961,0.857275609802905,0.367240625,0.37505,0.00015685112887585425,0.0006977237753311324,20.72954996218662,1.1740196155824707,nan,5942.692192799994,,,D=union_ij D_ij; evaluate the complete parent-v54 amplitude on every x/t leaf; sum integrated uppers and minimize lowers
leaf,PASS,4,64,3,48,0.8572580035547961,0.857275609802905,0.37505,0.382859375,0.00016037246771596228,0.0007150831522953235,20.609076128834865,1.04948847078133,nan,5946.891818000004,,,D=union_ij D_ij; evaluate the complete parent-v54 amplitude on every x/t leaf; sum integrated uppers and minimize lowers
leaf,PASS,4,64,3,49,0.8572580035547961,0.857275609802905,0.382859375,0.39066875,0.00016389355549842278,0.0007324368478580377,20.48935187105512,0.9417892003044359,nan,5950.987010000041,,,D=union_ij D_ij; evaluate the complete parent-v54 amplitude on every x/t leaf; sum integrated uppers and minimize lowers
leaf,PASS,4,64,3,50,0.8572580035547961,0.857275609802905,0.39066875,0.398478125,0.00016741441839262996,0.0007497852282495562,20.37048631134137,0.8482154332919954,nan,5955.196536600008,,,D=union_ij D_ij; evaluate the complete parent-v54 amplitude on every x/t leaf; sum integrated uppers and minimize lowers
leaf,PASS,4,64,3,51,0.8572580035547961,0.857275609802905,0.398478125,0.4062875,0.00017093507942324518,0.0007671286254941139,20.252571065099673,0.766566274912679,nan,5959.318726700032,,,D=union_ij D_ij; evaluate the complete parent-v54 amplitude on every x/t leaf; sum integrated uppers and minimize lowers
leaf,PASS,4,64,3,52,0.8572580035547961,0.857275609802905,0.4062875,0.414096875,0.00017445555878856718,0.0007844673409913652,20.13568261668487,0.6950346598965977,nan,5963.319168200018,,,D=union_ij D_ij; evaluate the complete parent-v54 amplitude on every x/t leaf; sum integrated uppers and minimize lowers
leaf,PASS,4,64,3,53,0.8572580035547961,0.857275609802905,0.414096875,0.42190625,0.0001779758742989993,0.0008018016486724832,20.019884360421898,0.6321234117005485,nan,5967.245539100026,,,D=union_ij D_ij; evaluate the complete parent-v54 amplitude on every x/t leaf; sum integrated uppers and minimize lowers
leaf,PASS,4,64,3,54,0.8572580035547961,0.857275609802905,0.42190625,0.429715625,0.0001814960415854444,0.0008191317977091939,19.90522835743466,0.576591013387678,nan,5971.129305899958,,,D=union_ij D_ij; evaluate the complete parent-v54 amplitude on every x/t leaf; sum integrated uppers and minimize lowers
leaf,PASS,4,64,3,55,0.8572580035547961,0.857275609802905,0.429715625,0.437525,0.0001850160743248124,0.0008364580150527696,19.963462653426422,0.5228650298091246,nan,5974.81074049999,,,D=union_ij D_ij; evaluate the complete parent-v54 amplitude on every x/t leaf; sum integrated uppers and minimize lowers
leaf,PASS,4,64,3,56,0.8572580035547961,0.857275609802905,0.437525,0.445334375,0.00018853598447912708,0.0008537805078771428,20.048935231242528,0.4747724052858433,nan,5978.7057916000485,,,D=union_ij D_ij; evaluate the complete parent-v54 amplitude on every x/t leaf; sum integrated uppers and minimize lowers
leaf,PASS,4,64,3,57,0.8572580035547961,0.857275609802905,0.445334375,0.45314375,0.00019205578248670762,0.0008710994651026887,20.106634221819384,0.4328081720366666,nan,5982.775804799981,,,D=union_ij D_ij; evaluate the complete parent-v54 amplitude on every x/t leaf; sum integrated uppers and minimize lowers
leaf,PASS,4,64,3,58,0.8572580035547961,0.857275609802905,0.45314375,0.460953125,0.0001955754774309711,0.0008884150593243294,20.140903274153864,0.3959770534185071,nan,5986.884810799966,,,D=union_ij D_ij; evaluate the complete parent-v54 amplitude on every x/t leaf; sum integrated uppers and minimize lowers
leaf,PASS,4,64,3,59,0.8572580035547961,0.857275609802905,0.460953125,0.46876249999999997,0.0001990950771897102,0.0009057274483223665,20.1553421071194,0.36348088049415017,nan,5991.027508300031,,,D=union_ij D_ij; evaluate the complete parent-v54 amplitude on every x/t leaf; sum integrated uppers and minimize lowers
leaf,PASS,4,64,3,60,0.8572580035547961,0.857275609802905,0.46876249999999997,0.476571875,0.00020261458856730153,0.0009230367764549538,20.153000234101338,0.334671692897927,nan,5995.159447000013,,,D=union_ij D_ij; evaluate the complete parent-v54 amplitude on every x/t leaf; sum integrated uppers and minimize lowers
leaf,PASS,4,64,3,61,0.8572580035547961,0.857275609802905,0.476571875,0.48438125,0.00020613401741196452,0.0009403431758942881,20.136443391297327,0.3090190596107268,nan,5999.487794299959,,,D=union_ij D_ij; evaluate the complete parent-v54 amplitude on every x/t leaf; sum integrated uppers and minimize lowers
leaf,PASS,4,64,3,62,0.8572580035547961,0.857275609802905,0.48438125,0.492190625,0.00020965336871990047,0.0009576467677350991,20.1078250306308,0.28612599895494534,nan,6003.499373800005,,,D=union_ij D_ij; evaluate the complete parent-v54 amplitude on every x/t leaf; sum integrated uppers and minimize lowers
leaf,PASS,4,64,3,63,0.8572580035547961,0.857275609802905,0.492190625,0.5,0.00021317264672789975,0.0009749476629902354,20.0689630962715,0.2656208113124771,nan,6007.731905200053,,,D=union_ij D_ij; evaluate the complete parent-v54 amplitude on every x/t leaf; sum integrated uppers and minimize lowers
schedule,SELECTED,4,64,-1,-1,0.8572051848104696,0.857275609802905,0.0002,0.5,0.0,5.066123124137621e-08,0.5595290642950642,6.252170745494397e+20,0.0,6007.743746699998,,,D=union_ij D_ij; evaluate the complete parent-v54 amplitude on every x/t leaf; sum integrated uppers and minimize lowers
leaf,PASS,2,32,0,0,0.8570372233341658,0.8570480531803966,0.0002,0.01581875,0.0,2.3464568735332378e-07,4.069235263700846,80951289.82051381,nan,1074.2008635998936,,,D=union_ij D_ij; evaluate the complete parent-v54 amplitude on every x/t leaf; sum integrated uppers and minimize lowers
leaf,PASS,2,32,0,1,0.8570372233341658,0.8570480531803966,0.01581875,0.0314375,0.0,1.3227826114541884e-06,4.573821769894142,102068188.46134908,nan,1271.8599325999385,,,D=union_ij D_ij; evaluate the complete parent-v54 amplitude on every x/t leaf; sum integrated uppers and minimize lowers
leaf,PASS,2,32,0,2,0.8570372233341658,0.8570480531803966,0.0314375,0.04705625,0.0,4.531893800534698e-06,2.9648347985065753,1207973079771360.8,nan,1495.0452206999762,,,D=union_ij D_ij; evaluate the complete parent-v54 amplitude on every x/t leaf; sum integrated uppers and minimize lowers
leaf,PASS,2,32,0,3,0.8570372233341658,0.8570480531803966,0.04705625,0.06267500000000001,0.0,1.4886865600722162e-05,5.8399322264884335,4047233263484.7456,nan,1581.4526579999365,,,D=union_ij D_ij; evaluate the complete parent-v54 amplitude on every x/t leaf; sum integrated uppers and minimize lowers
leaf,PASS,2,32,0,4,0.8570372233341658,0.8570480531803966,0.06267500000000001,0.07829375000000001,0.0,2.3779659083496747e-05,4.614742720617587,6287981516.7192745,nan,1619.5007117999485,,,D=union_ij D_ij; evaluate the complete parent-v54 amplitude on every x/t leaf; sum integrated uppers and minimize lowers
leaf,PASS,2,32,0,5,0.8570372233341658,0.8570480531803966,0.07829375000000001,0.09391250000000001,1.0349449878816075e-05,1.0349449878816075e-05,0.9865251939320175,4959176880.099991,nan,1646.496388199972,,,D=union_ij D_ij; evaluate the complete parent-v54 amplitude on every x/t leaf; sum integrated uppers and minimize lowers
leaf,PASS,2,32,0,6,0.8570372233341658,0.8570480531803966,0.09391250000000001,0.10953125000000001,2.136112720591448e-05,2.136112720591448e-05,1.4700488670198095,27765604.587743092,nan,1671.9418973999564,,,D=union_ij D_ij; evaluate the complete parent-v54 amplitude on every x/t leaf; sum integrated uppers and minimize lowers
leaf,PASS,2,32,0,7,0.8570372233341658,0.8570480531803966,0.10953125000000001,0.12515,3.1260731358490644e-05,3.1260731358490644e-05,1.8072927904721423,4122540.2809291272,nan,1687.2481273999438,,,D=union_ij D_ij; evaluate the complete parent-v54 amplitude on every x/t leaf; sum integrated uppers and minimize lowers
leaf,PASS,2,32,0,8,0.8570372233341658,0.8570480531803966,0.12515,0.14076875000000003,4.047059221918321e-05,1.2929840755472857e-05,0.46127470354258443,5229485496.495761,nan,1693.9659298999468,,,D=union_ij D_ij; evaluate the complete parent-v54 amplitude on every x/t leaf; sum integrated uppers and minimize lowers
leaf,PASS,2,32,0,9,0.8570372233341658,0.8570480531803966,0.14076875000000003,0.1563875,4.922359038739842e-05,4.922359038739842e-05,4.464359280832271,6527017.227397004,nan,1697.3213868999155,,,D=union_ij D_ij; evaluate the complete parent-v54 amplitude on every x/t leaf; sum integrated uppers and minimize lowers
leaf,PASS,2,32,0,10,0.8570372233341658,0.8570480531803966,0.1563875,0.17200625,5.765855899368034e-05,5.765855899368034e-05,7.0787333838553215,477410.26798646507,nan,1700.563720199978,,,D=union_ij D_ij; evaluate the complete parent-v54 amplitude on every x/t leaf; sum integrated uppers and minimize lowers
leaf,PASS,2,32,0,11,0.8570372233341658,0.8570480531803966,0.17200625,0.18762500000000001,6.586330441270228e-05,0.0001528125044765086,8.848876839293766,182329179.17875895,nan,1703.6726017999463,,,D=union_ij D_ij; evaluate the complete parent-v54 amplitude on every x/t leaf; sum integrated uppers and minimize lowers
leaf,PASS,2,32,0,12,0.8570372233341658,0.8570480531803966,0.18762500000000001,0.20324375000000003,7.389603521786347e-05,0.00019565830740054445,10.249409043808111,1649739.5369609066,nan,1706.9089262998896,,,D=union_ij D_ij; evaluate the complete parent-v54 amplitude on every x/t leaf; sum integrated uppers and minimize lowers
leaf,PASS,2,32,0,13,0.8570372233341658,0.8570480531803966,0.20324375000000003,0.21886250000000002,8.179683439681549e-05,0.00023733003030152174,11.528407325717964,207273.70182460154,nan,1710.0581293998985,,,D=union_ij D_ij; evaluate the complete parent-v54 amplitude on every x/t leaf; sum integrated uppers and minimize lowers
leaf,PASS,2,32,0,14,0.8570372233341658,0.8570480531803966,0.21886250000000002,0.23448125,8.959418576661197e-05,0.00027807325188738,12.5893494769618,48131.57462571247,nan,1713.1497650999809,,,D=union_ij D_ij; evaluate the complete parent-v54 amplitude on every x/t leaf; sum integrated uppers and minimize lowers
leaf,PASS,2,32,0,15,0.8570372233341658,0.8570480531803966,0.23448125,0.2501,9.730886683888367e-05,0.00031807193762827495,13.440149672409824,15359.390732351885,nan,1716.3070721999975,,,D=union_ij D_ij; evaluate the complete parent-v54 amplitude on every x/t leaf; sum integrated uppers and minimize lowers
leaf,PASS,2,32,0,16,0.8570372233341658,0.8570480531803966,0.2501,0.26571875,0.00010495566910999082,0.00035746441114373114,14.113085128683203,6001.870540935513,nan,1719.5083871999523,,,D=union_ij D_ij; evaluate the complete parent-v54 amplitude on every x/t leaf; sum integrated uppers and minimize lowers
leaf,PASS,2,32,0,17,0.8570372233341658,0.8570480531803966,0.26571875,0.2813375,0.00011254531725143952,0.00039635558763752364,14.64122340354913,2705.1184840526503,nan,1723.3545774999075,,,D=union_ij D_ij; evaluate the complete parent-v54 amplitude on every x/t leaf; sum integrated uppers and minimize lowers
leaf,PASS,2,32,0,18,0.8570372233341658,0.8570480531803966,0.2813375,0.29695625,0.00012008916156103375,0.00043482715343795596,15.0528786162856,1356.651008622485,nan,1726.472924899892,,,D=union_ij D_ij; evaluate the complete parent-v54 amplitude on every x/t leaf; sum integrated uppers and minimize lowers
leaf,PASS,2,32,0,19,0.8570372233341658,0.8570480531803966,0.29695625,0.312575,0.0001275943211434718,0.0004729439298520583,15.371003359403316,739.4147241219262,nan,1729.6922670999775,,,D=union_ij D_ij; evaluate the complete parent-v54 amplitude on every x/t leaf; sum integrated uppers and minimize lowers
leaf,PASS,2,32,0,20,0.8570372233341658,0.8570480531803966,0.312575,0.32819375,0.0001350664568646441,0.0005107576853896619,15.613861275678206,430.8282039408513,nan,1732.777246799902,,,D=union_ij D_ij; evaluate the complete parent-v54 amplitude on every x/t leaf; sum integrated uppers and minimize lowers
leaf,PASS,2,32,0,21,0.8570372233341658,0.8570480531803966,0.32819375,0.34381249999999997,0.00014251013301245689,0.0005483103595157779,15.795920066969112,265.1607313795859,nan,1736.246420999989,,,D=union_ij D_ij; evaluate the complete parent-v54 amplitude on every x/t leaf; sum integrated uppers and minimize lowers
leaf,PASS,2,32,0,22,0.8570372233341658,0.8570480531803966,0.34381249999999997,0.35943125,0.00014992906934841192,0.0005856362851270277,15.928656702877191,170.83759789570888,nan,1739.5269861998968,,,D=union_ij D_ij; evaluate the complete parent-v54 amplitude on every x/t leaf; sum integrated uppers and minimize lowers
leaf,PASS,2,32,0,23,0.8570372233341658,0.8570480531803966,0.35943125,0.37505,0.0001573263268918242,0.0006227638348818991,16.021213457243956,114.41799078849901,nan,1742.6510205999948,,,D=union_ij D_ij; evaluate the complete parent-v54 amplitude on every x/t leaf; sum integrated uppers and minimize lowers
leaf,PASS,2,32,0,24,0.8570372233341658,0.8570480531803966,0.37505,0.39066875,0.0001647044468761257,0.0006597166582807073,16.08091094529778,79.22191643225182,nan,1745.8138889999827,,,D=union_ij D_ij; evaluate the complete parent-v54 amplitude on every x/t leaf; sum integrated uppers and minimize lowers
leaf,PASS,2,32,0,25,0.8570372233341658,0.8570480531803966,0.39066875,0.4062875,0.00017206555606812937,0.0006965145873451957,16.11364336626429,56.45621511766652,nan,1750.0092569999397,,,D=union_ij D_ij; evaluate the complete parent-v54 amplitude on every x/t leaf; sum integrated uppers and minimize lowers
leaf,PASS,2,32,0,26,0.8570372233341658,0.8570480531803966,0.4062875,0.42190625,0.00017941144756342838,0.0007331744258646211,16.124185450430105,41.25873307227715,nan,1753.1497465999564,,,D=union_ij D_ij; evaluate the complete parent-v54 amplitude on every x/t leaf; sum integrated uppers and minimize lowers
leaf,PASS,2,32,0,27,0.8570372233341658,0.8570480531803966,0.42190625,0.437525,0.00018674364345778872,0.0007697105408871328,16.11642742976996,30.82865793073692,nan,1756.30638059997,,,D=union_ij D_ij; evaluate the complete parent-v54 amplitude on every x/t leaf; sum integrated uppers and minimize lowers
leaf,PASS,2,32,0,28,0.8570372233341658,0.8570480531803966,0.437525,0.45314375,0.0001940634439566253,0.000806135121043539,16.093552893239053,23.493405033820817,nan,1759.521890599979,,,D=union_ij D_ij; evaluate the complete parent-v54 amplitude on every x/t leaf; sum integrated uppers and minimize lowers
leaf,PASS,2,32,0,29,0.8570372233341658,0.8570480531803966,0.45314375,0.46876249999999997,0.00020137196621953577,0.0008424588370260018,16.05818124922223,18.220924405509816,nan,1762.533519599936,,,D=union_ij D_ij; evaluate the complete parent-v54 amplitude on every x/t leaf; sum integrated uppers and minimize lowers
leaf,PASS,2,32,0,30,0.8570372233341658,0.8570480531803966,0.46876249999999997,0.48438125,0.00020867017390199116,0.0008786906287413348,16.01245998849134,14.357367013580074,nan,1765.7468205998885,,,D=union_ij D_ij; evaluate the complete parent-v54 amplitude on every x/t leaf; sum integrated uppers and minimize lowers
leaf,PASS,2,32,0,31,0.8570372233341658,0.8570480531803966,0.48438125,0.5,0.0002159589047014362,0.000914838431714557,15.95818368259288,11.475740746901401,nan,1768.9033707999624,,,D=union_ij D_ij; evaluate the complete parent-v54 amplitude on every x/t leaf; sum integrated uppers and minimize lowers
leaf,PASS,2,32,1,0,0.8570480531803966,0.8570588830266272,0.0002,0.01581875,0.0,1.8150037631953054e-07,4.062218848319268,108463436.65498881,nan,2498.466279699933,,,D=union_ij D_ij; evaluate the complete parent-v54 amplitude on every x/t leaf; sum integrated uppers and minimize lowers
leaf,PASS,2,32,1,1,0.8570480531803966,0.8570588830266272,0.01581875,0.0314375,0.0,9.059688777065779e-07,4.591767041130897,197009627.4722891,nan,2703.5214464999735,,,D=union_ij D_ij; evaluate the complete parent-v54 amplitude on every x/t leaf; sum integrated uppers and minimize lowers
leaf,PASS,2,32,1,2,0.8570480531803966,0.8570588830266272,0.0314375,0.04705625,0.0,4.4090037335127255e-06,2.9633332265322947,1182790068579835.5,nan,2919.4316666999366,,,D=union_ij D_ij; evaluate the complete parent-v54 amplitude on every x/t leaf; sum integrated uppers and minimize lowers
leaf,PASS,2,32,1,3,0.8570480531803966,0.8570588830266272,0.04705625,0.06267500000000001,0.0,1.4739536090489734e-05,5.839429776241519,4134515394777.4644,nan,3011.220788299921,,,D=union_ij D_ij; evaluate the complete parent-v54 amplitude on every x/t leaf; sum integrated uppers and minimize lowers
leaf,PASS,2,32,1,4,0.8570480531803966,0.8570588830266272,0.06267500000000001,0.07829375000000001,0.0,2.361148190119406e-05,4.614224871897578,6424150100.365881,nan,3056.877585799899,,,D=union_ij D_ij; evaluate the complete parent-v54 amplitude on every x/t leaf; sum integrated uppers and minimize lowers
leaf,PASS,2,32,1,5,0.8570480531803966,0.8570588830266272,0.07829375000000001,0.09391250000000001,1.0172190834549247e-05,1.0172190834549247e-05,0.9863572513667053,5273498359.041954,nan,3088.414342599921,,,D=union_ij D_ij; evaluate the complete parent-v54 amplitude on every x/t leaf; sum integrated uppers and minimize lowers
leaf,PASS,2,32,1,6,0.8570480531803966,0.8570588830266272,0.09391250000000001,0.10953125000000001,2.1166177715531974e-05,2.1166177715531974e-05,1.469871288514728,28569264.624375597,nan,3117.6267815999454,,,D=union_ij D_ij; evaluate the complete parent-v54 amplitude on every x/t leaf; sum integrated uppers and minimize lowers
leaf,PASS,2,32,1,7,0.8570480531803966,0.8570588830266272,0.10953125000000001,0.12515,3.10496295141924e-05,3.10496295141924e-05,1.8071084951916883,4215509.750589632,nan,3135.340853599948,,,D=union_ij D_ij; evaluate the complete parent-v54 amplitude on every x/t leaf; sum integrated uppers and minimize lowers
leaf,PASS,2,32,1,8,0.8570480531803966,0.8570588830266272,0.12515,0.14076875000000003,4.024453538716156e-05,1.174475531172015e-05,0.4594589035987657,6391174103.444973,nan,3143.10872629995,,,D=union_ij D_ij; evaluate the complete parent-v54 amplitude on every x/t leaf; sum integrated uppers and minimize lowers
leaf,PASS,2,32,1,9,0.8570480531803966,0.8570588830266272,0.14076875000000003,0.1563875,4.8983546272461946e-05,4.8983546272461946e-05,4.463330086187207,6818069.538974,nan,3146.8040198999224,,,D=union_ij D_ij; evaluate the complete parent-v54 amplitude on every x/t leaf; sum integrated uppers and minimize lowers
leaf,PASS,2,32,1,10,0.8570480531803966,0.8570588830266272,0.1563875,0.17200625,5.740533163059644e-05,5.740533163059644e-05,7.078219429444168,489970.788282757,nan,3150.6462432999397,,,D=union_ij D_ij; evaluate the complete parent-v54 amplitude on every x/t leaf; sum integrated uppers and minimize lowers
leaf,PASS,2,32,1,11,0.8570480531803966,0.8570588830266272,0.17200625,0.18762500000000001,6.559757613222495e-05,0.00015143878575110253,8.848716705513715,185165750.80739695,nan,3154.129298499902,,,D=union_ij D_ij; evaluate the complete parent-v54 amplitude on every x/t leaf; sum integrated uppers and minimize lowers
leaf,PASS,2,32,1,12,0.8570480531803966,0.8570588830266272,0.18762500000000001,0.20324375000000003,7.36183948746214e-05,0.00019422741225034798,10.249395277557776,1669589.0398497856,nan,3157.7085792999715,,,D=union_ij D_ij; evaluate the complete parent-v54 amplitude on every x/t leaf; sum integrated uppers and minimize lowers
leaf,PASS,2,32,1,13,0.8570480531803966,0.8570588830266272,0.20324375000000003,0.21886250000000002,8.150779716060816e-05,0.00023584424916857008,11.528572921095954,209318.0944365665,nan,3161.483661999926,,,D=union_ij D_ij; evaluate the complete parent-v54 amplitude on every x/t leaf; sum integrated uppers and minimize lowers
leaf,PASS,2,32,1,14,0.8570480531803966,0.8570588830266272,0.21886250000000002,0.23448125,8.929420747630143e-05,0.0002765346313516769,12.589687667050162,48534.48499891931,nan,3165.095244899974,,,D=union_ij D_ij; evaluate the complete parent-v54 amplitude on every x/t leaf; sum integrated uppers and minimize lowers
leaf,PASS,2,32,1,15,0.8570480531803966,0.8570588830266272,0.23448125,0.2501,9.699835480159037e-05,0.00031648232148404835,13.440635766091175,15471.200547271768,nan,3168.988529299968,,,D=union_ij D_ij; evaluate the complete parent-v54 amplitude on every x/t leaf; sum integrated uppers and minimize lowers
leaf,PASS,2,32,1,16,0.8570480531803966,0.8570588830266272,0.2501,0.26571875,0.00010463511358091212,0.0003558254716187433,14.113693612370303,6040.548906635813,nan,3172.5817306999816,,,D=union_ij D_ij; evaluate the complete parent-v54 amplitude on every x/t leaf; sum integrated uppers and minimize lowers
leaf,PASS,2,32,1,17,0.8570480531803966,0.8570588830266272,0.26571875,0.2813375,0.00011221493155682344,0.0003946688508883849,14.641932099802496,2720.764467648014,nan,3176.405513899983,,,D=union_ij D_ij; evaluate the complete parent-v54 amplitude on every x/t leaf; sum integrated uppers and minimize lowers
leaf,PASS,2,32,1,18,0.8570480531803966,0.8570588830266272,0.2813375,0.29695625,0.00011974923797024564,0.000433094019752318,15.053669166076284,1363.770658145369,nan,3180.641067999997,,,D=union_ij D_ij; evaluate the complete parent-v54 amplitude on every x/t leaf; sum integrated uppers and minimize lowers
leaf,PASS,2,32,1,19,0.8570480531803966,0.8570588830266272,0.29695625,0.312575,0.0001272451390005137,0.00047116569035207965,15.37186080549897,742.9670055761167,nan,3184.2310019999277,,,D=union_ij D_ij; evaluate the complete parent-v54 amplitude on every x/t leaf; sum integrated uppers and minimize lowers
leaf,PASS,2,32,1,20,0.8570480531803966,0.8570588830266272,0.312575,0.32819375,0.0001347082736948497,0.0005089355356482658,15.61477347100159,432.7371278310909,nan,3188.2626163999084,,,D=union_ij D_ij; evaluate the complete parent-v54 amplitude on every x/t leaf; sum integrated uppers and minimize lowers
leaf,PASS,2,32,1,21,0.8570480531803966,0.8570588830266272,0.32819375,0.34381249999999997,0.00014214318726158773,0.0005464454109350873,15.796877122280225,266.25115449670216,nan,3193.39084909996,,,D=union_ij D_ij; evaluate the complete parent-v54 amplitude on every x/t leaf; sum integrated uppers and minimize lowers
leaf,PASS,2,32,1,22,0.8570480531803966,0.8570588830266272,0.34381249999999997,0.35943125,0.000149553582661565,0.0005837295745021088,15.929650542850288,171.4929750617121,nan,3197.5108634999488,,,D=union_ij D_ij; evaluate the complete parent-v54 amplitude on every x/t leaf; sum integrated uppers and minimize lowers
leaf,PASS,2,32,1,23,0.8570480531803966,0.8570588830266272,0.35943125,0.37505,0.00015694250602723786,0.000620816332506036,16.02223744729475,114.82946370327257,nan,3201.267453699955,,,D=union_ij D_ij; evaluate the complete parent-v54 amplitude on every x/t leaf; sum integrated uppers and minimize lowers
leaf,PASS,2,32,1,24,0.8570480531803966,0.8570588830266272,0.37505,0.39066875,0.00016431248532596795,0.0006577292748664859,16.081959605120677,79.49011487699325,nan,3204.7817528999876,,,D=union_ij D_ij; evaluate the complete parent-v54 amplitude on every x/t leaf; sum integrated uppers and minimize lowers
leaf,PASS,2,32,1,25,0.8570480531803966,0.8570588830266272,0.39066875,0.4062875,0.00017166563544165832,0.000694488188287595,16.11471242003281,56.63680410836349,nan,3208.6348440999864,,,D=union_ij D_ij; evaluate the complete parent-v54 amplitude on every x/t leaf; sum integrated uppers and minimize lowers
leaf,PASS,2,32,1,26,0.8570480531803966,0.8570588830266272,0.4062875,0.42190625,0.00017900373877561255,0.000731109811608528,16.12527081833429,41.38385490926609,nan,3212.9206700999057,,,D=union_ij D_ij; evaluate the complete parent-v54 amplitude on every x/t leaf; sum integrated uppers and minimize lowers
leaf,PASS,2,32,1,27,0.8570480531803966,0.8570588830266272,0.42190625,0.437525,0.00018632830775728004,0.0007676084760292202,16.11752593073036,30.91754186396273,nan,3217.5230561998906,,,D=union_ij D_ij; evaluate the complete parent-v54 amplitude on every x/t leaf; sum integrated uppers and minimize lowers
leaf,PASS,2,32,1,28,0.8570480531803966,0.8570588830266272,0.437525,0.45314375,0.00019364063382001903,0.0008039963300527552,16.094661849457037,23.557984189186485,nan,3222.465504199965,,,D=union_ij D_ij; evaluate the complete parent-v54 amplitude on every x/t leaf; sum integrated uppers and minimize lowers
leaf,PASS,2,32,1,29,0.8570480531803966,0.8570588830266272,0.45314375,0.46876249999999997,0.00020094182613352162,0.0008402840078309183,16.059298397858523,18.268795806080092,nan,3227.3596244999208,,,D=union_ij D_ij; evaluate the complete parent-v54 amplitude on every x/t leaf; sum integrated uppers and minimize lowers
leaf,PASS,2,32,1,30,0.8570480531803966,0.8570588830266272,0.46876249999999997,0.48438125,0.00020823284105961964,0.0008764804169750388,16.013583512011856,14.392608843779891,nan,3232.295803099987,,,D=union_ij D_ij; evaluate the complete parent-v54 amplitude on every x/t leaf; sum integrated uppers and minimize lowers
leaf,PASS,2,32,1,31,0.8570480531803966,0.8570588830266272,0.48438125,0.5,0.00021551450958326934,0.0009125934594172783,15.95931183933436,11.501277026069946,nan,3237.1387603998883,,,D=union_ij D_ij; evaluate the complete parent-v54 amplitude on every x/t leaf; sum integrated uppers and minimize lowers
schedule,SELECTED,2,32,-1,-1,0.8570372233341658,0.8570588830266272,0.0002,0.5,0.0,1.8150037631953054e-07,0.4594589035987657,2398980401336380.0,0.0,3237.140335899894,,,D=union_ij D_ij; evaluate the complete parent-v54 amplitude on every x/t leaf; sum integrated uppers and minimize lowers
leaf,PASS,2,32,0,0,0.8570588830266272,0.8570832661669409,0.0002,0.01581875,0.0,6.311225360966129e-08,8.205624415202175,3874451723.6875987,nan,1250.9696151999524,,,D=union_ij D_ij; evaluate the complete parent-v54 amplitude on every x/t leaf; sum integrated uppers and minimize lowers
leaf,PASS,2,32,0,1,0.8570588830266272,0.8570832661669409,0.01581875,0.0314375,0.0,3.967965893165595e-06,3.036259156216153,235940723.7318305,nan,1441.6604239000008,,,D=union_ij D_ij; evaluate the complete parent-v54 amplitude on every x/t leaf; sum integrated uppers and minimize lowers
leaf,PASS,2,32,0,2,0.8570588830266272,0.8570832661669409,0.0314375,0.04705625,0.0,4.1012092077682875e-06,2.870337581753871,7460115549704911.0,nan,1668.191587499925,,,D=union_ij D_ij; evaluate the complete parent-v54 amplitude on every x/t leaf; sum integrated uppers and minimize lowers
leaf,PASS,2,32,0,3,0.8570588830266272,0.8570832661669409,0.04705625,0.06267500000000001,0.0,1.4381818842500004e-05,5.836170160952197,13375794353766.281,nan,1765.6937218999956,,,D=union_ij D_ij; evaluate the complete parent-v54 amplitude on every x/t leaf; sum integrated uppers and minimize lowers
leaf,PASS,2,32,0,4,0.8570588830266272,0.8570832661669409,0.06267500000000001,0.07829375000000001,0.0,2.320990440153015e-05,4.600261703818874,22965894975.266453,nan,1810.260936299921,,,D=union_ij D_ij; evaluate the complete parent-v54 amplitude on every x/t leaf; sum integrated uppers and minimize lowers
leaf,PASS,2,32,0,5,0.8570588830266272,0.8570832661669409,0.07829375000000001,0.09391250000000001,9.727092212114558e-06,9.727092212114558e-06,0.9673086764152433,16838446902.192148,nan,1845.766666200012,,,D=union_ij D_ij; evaluate the complete parent-v54 amplitude on every x/t leaf; sum integrated uppers and minimize lowers
leaf,PASS,2,32,0,6,0.8570588830266272,0.8570832661669409,0.09391250000000001,0.10953125000000001,2.0685382335380738e-05,2.0685382335380738e-05,1.4502314205735978,82123102.93533686,nan,1879.119287999929,,,D=union_ij D_ij; evaluate the complete parent-v54 amplitude on every x/t leaf; sum integrated uppers and minimize lowers
leaf,PASS,2,32,0,7,0.8570588830266272,0.8570832661669409,0.10953125000000001,0.12515,3.053557902538784e-05,3.053557902538784e-05,1.7884057327213245,12551363.74331945,nan,1898.719903799938,,,D=union_ij D_ij; evaluate the complete parent-v54 amplitude on every x/t leaf; sum integrated uppers and minimize lowers
leaf,PASS,2,32,0,8,0.8570588830266272,0.8570832661669409,0.12515,0.14076875000000003,3.969923977795348e-05,3.1036952126604892e-06,0.18710517650302252,603008445292.8112,nan,1907.8334091999568,,,D=union_ij D_ij; evaluate the complete parent-v54 amplitude on every x/t leaf; sum integrated uppers and minimize lowers
leaf,PASS,2,32,0,9,0.8570588830266272,0.8570832661669409,0.14076875000000003,0.1563875,4.8408723071981855e-05,4.8408723071981855e-05,4.252775359927864,26303379.221366495,nan,1913.6582193999784,,,D=union_ij D_ij; evaluate the complete parent-v54 amplitude on every x/t leaf; sum integrated uppers and minimize lowers
leaf,PASS,2,32,0,10,0.8570588830266272,0.8570832661669409,0.1563875,0.17200625,5.680245797657535e-05,5.680245797657535e-05,6.908740541091388,1601771.4122387688,nan,1919.5653542999644,,,D=union_ij D_ij; evaluate the complete parent-v54 amplitude on every x/t leaf; sum integrated uppers and minimize lowers
leaf,PASS,2,32,0,11,0.8570588830266272,0.8570832661669409,0.17200625,0.18762500000000001,6.496793872360136e-05,0.00014152359000523098,8.708105470152033,1659572597.3359647,nan,1925.727736699977,,,D=union_ij D_ij; evaluate the complete parent-v54 amplitude on every x/t leaf; sum integrated uppers and minimize lowers
leaf,PASS,2,32,0,12,0.8570588830266272,0.8570832661669409,0.18762500000000001,0.20324375000000003,7.296312701956594e-05,0.00018386774144391873,10.081371647612462,5588601.701494739,nan,1931.8220139999175,,,D=union_ij D_ij; evaluate the complete parent-v54 amplitude on every x/t leaf; sum integrated uppers and minimize lowers
leaf,PASS,2,32,0,13,0.8570588830266272,0.8570832661669409,0.20324375000000003,0.21886250000000002,8.082790669864007e-05,0.00022503443118732745,11.348072176002175,648483.7334887623,nan,1937.3911505999276,,,D=union_ij D_ij; evaluate the complete parent-v54 amplitude on every x/t leaf; sum integrated uppers and minimize lowers
leaf,PASS,2,32,0,14,0.8570588830266272,0.8570832661669409,0.21886250000000002,0.23448125,8.859059819162268e-05,0.0002652706005629716,12.410464296550533,145260.03154303553,nan,1943.4070154000074,,,D=union_ij D_ij; evaluate the complete parent-v54 amplitude on every x/t leaf; sum integrated uppers and minimize lowers
leaf,PASS,2,32,0,15,0.8570588830266272,0.8570832661669409,0.23448125,0.2501,9.627184371911472e-05,0.0003047607228945491,13.267709822241354,45345.25458267709,nan,1948.823699499946,,,D=union_ij D_ij; evaluate the complete parent-v54 amplitude on every x/t leaf; sum integrated uppers and minimize lowers
leaf,PASS,2,32,0,16,0.8570588830266272,0.8570832661669409,0.2501,0.26571875,0.00010388696305150699,0.00034364396881739667,13.94874644190489,17458.090328962524,nan,1954.4678538999287,,,D=union_ij D_ij; evaluate the complete parent-v54 amplitude on every x/t leaf; sum integrated uppers and minimize lowers
leaf,PASS,2,32,0,17,0.8570588830266272,0.8570832661669409,0.26571875,0.2813375,0.00011144532045944755,0.00038202564659974724,14.485288942289214,7783.920809075805,nan,1960.146391899907,,,D=union_ij D_ij; evaluate the complete parent-v54 amplitude on every x/t leaf; sum integrated uppers and minimize lowers
leaf,PASS,2,32,0,18,0.8570588830266272,0.8570832661669409,0.2813375,0.29695625,0.00011895873843193015,0.0004199876212444771,14.905090600608698,3871.597217977595,nan,1965.5868644999573,,,D=union_ij D_ij; evaluate the complete parent-v54 amplitude on every x/t leaf; sum integrated uppers and minimize lowers
leaf,PASS,2,32,0,19,0.8570588830266272,0.8570832661669409,0.29695625,0.312575,0.00012643433009007938,0.000457595198373769,15.230884769634915,2096.4223612859478,nan,1971.8857634000015,,,D=union_ij D_ij; evaluate the complete parent-v54 amplitude on every x/t leaf; sum integrated uppers and minimize lowers
leaf,PASS,2,32,0,20,0.8570588830266272,0.8570832661669409,0.312575,0.32819375,0.0001338776919866822,0.0004949003243903264,15.480864317032484,1215.0800828341978,nan,1977.8602281999774,,,D=union_ij D_ij; evaluate the complete parent-v54 amplitude on every x/t leaf; sum integrated uppers and minimize lowers
leaf,PASS,2,32,0,21,0.8570588830266272,0.8570832661669409,0.32819375,0.34381249999999997,0.0001412933318352551,0.0005319450700223945,15.669494366500125,744.6017132481263,nan,1983.576640299987,,,D=union_ij D_ij; evaluate the complete parent-v54 amplitude on every x/t leaf; sum integrated uppers and minimize lowers
leaf,PASS,2,32,0,22,0.8570588830266272,0.8570832661669409,0.34381249999999997,0.35943125,0.00014868491931632372,0.0005687638644111527,15.808279432595107,477.99135316178354,nan,1989.7619502999587,,,D=union_ij D_ij; evaluate the complete parent-v54 amplitude on every x/t leaf; sum integrated uppers and minimize lowers
leaf,PASS,2,32,0,23,0.8570588830266272,0.8570832661669409,0.35943125,0.37505,0.0001560554708626844,0.0006053851499340457,15.906400781432275,319.1491066852605,nan,1995.3159434999106,,,D=union_ij D_ij; evaluate the complete parent-v54 amplitude on every x/t leaf; sum integrated uppers and minimize lowers
leaf,PASS,2,32,0,24,0.8570588830266272,0.8570832661669409,0.37505,0.39066875,0.00016340748780605365,0.0006418326255738107,15.971222010680314,220.39412508978245,nan,2001.2984089999227,,,D=union_ij D_ij; evaluate the complete parent-v54 amplitude on every x/t leaf; sum integrated uppers and minimize lowers
leaf,PASS,2,32,0,25,0.8570588830266272,0.8570832661669409,0.39066875,0.4062875,0.00017074306103391246,0.0006781261933229212,16.008680228923097,156.70301543668955,nan,2006.9093188999686,,,D=union_ij D_ij; evaluate the complete parent-v54 amplitude on every x/t leaf; sum integrated uppers and minimize lowers
leaf,PASS,2,32,0,26,0.8570588830266272,0.8570832661669409,0.4062875,0.42190625,0.00017806395123826937,0.0007142826871178973,16.023589195878007,114.29330737772916,nan,2012.5069078999804,,,D=union_ij D_ij; evaluate the complete parent-v54 amplitude on every x/t leaf; sum integrated uppers and minimize lowers
leaf,PASS,2,32,0,27,0.8570588830266272,0.8570832661669409,0.42190625,0.437525,0.000185371651132392,0.0007503163887697713,16.019871545032704,85.25226273815247,nan,2017.9052179999417,,,D=union_ij D_ij; evaluate the complete parent-v54 amplitude on every x/t leaf; sum integrated uppers and minimize lowers
leaf,PASS,2,32,0,28,0.8570588830266272,0.8570832661669409,0.437525,0.45314375,0.00019266743417936408,0.0007862395472965898,16.000743861714298,64.86786911591325,nan,2023.8598834999138,,,D=union_ij D_ij; evaluate the complete parent-v54 amplitude on every x/t leaf; sum integrated uppers and minimize lowers
leaf,PASS,2,32,0,29,0.8570588830266272,0.8570832661669409,0.45314375,0.46876249999999997,0.0001999523931153319,0.0008220628033049738,15.968854816015396,50.24140670820169,nan,2029.7285766999703,,,D=union_ij D_ij; evaluate the complete parent-v54 amplitude on every x/t leaf; sum integrated uppers and minimize lowers
leaf,PASS,2,32,0,30,0.8570588830266272,0.8570832661669409,0.46876249999999997,0.48438125,0.00020722746925002595,0.0008577951210853251,15.926377773905722,39.5380534309485,nan,2036.1419557000045,,,D=union_ij D_ij; evaluate the complete parent-v54 amplitude on every x/t leaf; sum integrated uppers and minimize lowers
leaf,PASS,2,32,0,31,0.8570588830266272,0.8570832661669409,0.48438125,0.5,0.0002144934795673533,0.000893444403288994,15.875128061555728,31.564581578197316,nan,2041.5490946999053,,,D=union_ij D_ij; evaluate the complete parent-v54 amplitude on every x/t leaf; sum integrated uppers and minimize lowers
leaf,FAIL,2,32,1,0,0.8570832661669409,0.8571076493072545,0.0002,0.01581875,nan,nan,nan,nan,nan,2486.337520299945,IntervalSingularity,interval denominator reaches zero: away_arc_left_K5:s1:c0:left1:edge_2_1_3:stable_edge,D=union_ij D_ij; evaluate the complete parent-v54 amplitude on every x/t leaf; sum integrated uppers and minimize lowers
schedule,FAIL,2,32,-1,-1,0.8570588830266272,0.8571076493072545,0.0002,0.5,nan,nan,nan,nan,nan,2486.3375341999345,IntervalSingularity,interval denominator reaches zero: away_arc_left_K5:s1:c0:left1:edge_2_1_3:stable_edge,D=union_ij D_ij; evaluate the complete parent-v54 amplitude on every x/t leaf; sum integrated uppers and minimize lowers
leaf,PASS,4,32,0,0,0.8570588830266272,0.857071074596784,0.0002,0.01581875,0.0,1.2245060583715904e-07,1.607566994856494,901421128.7417873,nan,918.1778952999739,,,D=union_ij D_ij; evaluate the complete parent-v54 amplitude on every x/t leaf; sum integrated uppers and minimize lowers
leaf,PASS,4,32,0,1,0.8570588830266272,0.857071074596784,0.01581875,0.0314375,0.0,3.0758761420612943e-07,4.452777362978656,1810908452.2783747,nan,1117.0477558999555,,,D=union_ij D_ij; evaluate the complete parent-v54 amplitude on every x/t leaf; sum integrated uppers and minimize lowers
leaf,PASS,4,32,0,2,0.8570588830266272,0.857071074596784,0.0314375,0.04705625,0.0,4.267536346821245e-06,2.952707666055176,1446386572890447.8,nan,1425.5264280999545,,,D=union_ij D_ij; evaluate the complete parent-v54 amplitude on every x/t leaf; sum integrated uppers and minimize lowers
leaf,PASS,4,32,0,3,0.8570588830266272,0.857071074596784,0.04705625,0.06267500000000001,0.0,1.4571068937656998e-05,5.8386513168226895,4923301230359.354,nan,1539.102845299989,,,D=union_ij D_ij; evaluate the complete parent-v54 amplitude on every x/t leaf; sum integrated uppers and minimize lowers
leaf,PASS,4,32,0,4,0.8570588830266272,0.857071074596784,0.06267500000000001,0.07829375000000001,0.0,2.3419856064044096e-05,4.61236182621194,7728190164.745321,nan,1595.1608563000336,,,D=union_ij D_ij; evaluate the complete parent-v54 amplitude on every x/t leaf; sum integrated uppers and minimize lowers
leaf,PASS,4,32,0,5,0.8570588830266272,0.857071074596784,0.07829375000000001,0.09391250000000001,9.968024044086355e-06,9.968024044086355e-06,0.9842981856985902,6505845316.224077,nan,1632.5436795999995,,,D=union_ij D_ij; evaluate the complete parent-v54 amplitude on every x/t leaf; sum integrated uppers and minimize lowers
leaf,PASS,4,32,0,6,0.8570588830266272,0.857071074596784,0.09391250000000001,0.10953125000000001,2.0942511010432246e-05,2.0942511010432246e-05,1.4677268060677469,33912050.303138226,nan,1667.2913162000477,,,D=union_ij D_ij; evaluate the complete parent-v54 amplitude on every x/t leaf; sum integrated uppers and minimize lowers
leaf,PASS,4,32,0,7,0.8570588830266272,0.857071074596784,0.10953125000000001,0.12515,3.080809047542639e-05,3.080809047542639e-05,1.8050607968691483,4982473.553724749,nan,1689.752096000011,,,D=union_ij D_ij; evaluate the complete parent-v54 amplitude on every x/t leaf; sum integrated uppers and minimize lowers
leaf,PASS,4,32,0,8,0.8570588830266272,0.857071074596784,0.12515,0.14076875000000003,3.998640468701153e-05,9.811208736879266e-06,0.43061980061227256,11241288697.782944,nan,1699.5320883999811,,,D=union_ij D_ij; evaluate the complete parent-v54 amplitude on every x/t leaf; sum integrated uppers and minimize lowers
leaf,PASS,4,32,0,9,0.8570588830266272,0.857071074596784,0.14076875000000003,0.1563875,4.8709866952477266e-05,4.8709866952477266e-05,4.441366180438987,8417698.433502268,nan,1703.6116357999854,,,D=union_ij D_ij; evaluate the complete parent-v54 amplitude on every x/t leaf; sum integrated uppers and minimize lowers
leaf,PASS,4,32,0,10,0.8570588830266272,0.857071074596784,0.1563875,0.17200625,5.711697535364727e-05,5.711697535364727e-05,7.060819638920146,586105.7929664196,nan,1707.92817259999,,,D=union_ij D_ij; evaluate the complete parent-v54 amplitude on every x/t leaf; sum integrated uppers and minimize lowers
leaf,PASS,4,32,0,11,0.8570588830266272,0.857071074596784,0.17200625,0.18762500000000001,6.529528595108352e-05,0.0001492075466295043,8.834517761475091,236570857.79782623,nan,1711.8856527999742,,,D=union_ij D_ij; evaluate the complete parent-v54 amplitude on every x/t leaf; sum integrated uppers and minimize lowers
leaf,PASS,4,32,0,12,0.8570588830266272,0.857071074596784,0.18762500000000001,0.20324375000000003,7.33028143460966e-05,0.00019190008775475472,10.232245283497306,1976046.8443386527,nan,1715.963946999982,,,D=union_ij D_ij; evaluate the complete parent-v54 amplitude on every x/t leaf; sum integrated uppers and minimize lowers
leaf,PASS,4,32,0,13,0.8570588830266272,0.857071074596784,0.20324375000000003,0.21886250000000002,8.117949095380172e-05,0.0002334223304237505,11.510455490005855,245423.1534492516,nan,1719.7177790999413,,,D=union_ij D_ij; evaluate the complete parent-v54 amplitude on every x/t leaf; sum integrated uppers and minimize lowers
leaf,PASS,4,32,0,14,0.8570588830266272,0.857071074596784,0.21886250000000002,0.23448125,8.895367643579991e-05,0.00027401955094493054,12.57191465735831,56638.66458097058,nan,1724.3272271000315,,,D=union_ij D_ij; evaluate the complete parent-v54 amplitude on every x/t leaf; sum integrated uppers and minimize lowers
leaf,PASS,4,32,0,15,0.8570588830266272,0.857071074596784,0.23448125,0.2501,9.664604739928679e-05,0.0003138754016103982,13.423660676445493,18000.086764422533,nan,1729.7304647000274,,,D=union_ij D_ij; evaluate the complete parent-v54 amplitude on every x/t leaf; sum integrated uppers and minimize lowers
leaf,PASS,4,32,0,16,0.8570588830266272,0.857071074596784,0.2501,0.26571875,0.00010427159811699578,0.0003531279819818801,14.09764854195338,7012.918484149097,nan,1733.8236610000022,,,D=union_ij D_ij; evaluate the complete parent-v54 amplitude on every x/t leaf; sum integrated uppers and minimize lowers
leaf,PASS,4,32,0,17,0.8570588830266272,0.857071074596784,0.26571875,0.2813375,0.00011184041693716954,0.0003918819833342737,14.62682248900965,3153.6673671881117,nan,1737.8745784000494,,,D=union_ij D_ij; evaluate the complete parent-v54 amplitude on every x/t leaf; sum integrated uppers and minimize lowers
leaf,PASS,4,32,0,18,0.8570588830266272,0.857071074596784,0.2813375,0.29695625,0.000119364045070088,0.00043021888516052437,15.039450362857588,1578.7958540317707,nan,1741.720740400022,,,D=union_ij D_ij; evaluate the complete parent-v54 amplitude on every x/t leaf; sum integrated uppers and minimize lowers
leaf,PASS,4,32,0,19,0.8570588830266272,0.857071074596784,0.29695625,0.312575,0.0001268495772775408,0.00046820335979405354,15.358470498848936,859.2508570335273,nan,1745.572009399999,,,D=union_ij D_ij; evaluate the complete parent-v54 amplitude on every x/t leaf; sum integrated uppers and minimize lowers
leaf,PASS,4,32,0,20,0.8570588830266272,0.857071074596784,0.312575,0.32819375,0.00013430262871075467,0.0005058870216900021,15.60214540439271,500.05600062589593,nan,1750.1223241999978,,,D=union_ij D_ij; evaluate the complete parent-v54 amplitude on every x/t leaf; sum integrated uppers and minimize lowers
leaf,PASS,4,32,0,21,0.8570588830266272,0.857071074596784,0.32819375,0.34381249999999997,0.00014172772364828392,0.0005433116720514107,15.784947134901774,307.4602025580077,nan,1754.2595688999863,,,D=union_ij D_ij; evaluate the complete parent-v54 amplitude on every x/t leaf; sum integrated uppers and minimize lowers
leaf,PASS,4,32,0,22,0.8570588830266272,0.857071074596784,0.34381249999999997,0.35943125,0.00014912854659456727,0.0005805115192056953,15.918358955427033,197.92120824865043,nan,1758.395311799948,,,D=union_ij D_ij; evaluate the complete parent-v54 amplitude on every x/t leaf; sum integrated uppers and minimize lowers
leaf,PASS,4,32,0,23,0.8570588830266272,0.857071074596784,0.35943125,0.37505,0.0001565081273069397,0.0006175148231630364,16.01152993957953,132.4596539043048,nan,1762.2562479999615,,,D=union_ij D_ij; evaluate the complete parent-v54 amplitude on every x/t leaf; sum integrated uppers and minimize lowers
leaf,PASS,4,32,0,24,0.8570588830266272,0.857071074596784,0.37505,0.39066875,0.00016386897914343336,0.0006543451311968219,16.071787197468012,91.65516654065615,nan,1766.6032088999636,,,D=union_ij D_ij; evaluate the complete parent-v54 amplitude on every x/t leaf; sum integrated uppers and minimize lowers
leaf,PASS,4,32,0,25,0.8570588830266272,0.857071074596784,0.39066875,0.4062875,0.0001712132038879811,0.0006910222112868822,16.105031841700356,65.2799781669954,nan,1770.7587060000515,,,D=union_ij D_ij; evaluate the complete parent-v54 amplitude on every x/t leaf; sum integrated uppers and minimize lowers
leaf,PASS,4,32,0,26,0.8570588830266272,0.857071074596784,0.4062875,0.42190625,0.00017854257214090538,0.0007275627244892575,16.116041980000556,47.68367559626632,nan,1774.665322600049,,,D=union_ij D_ij; evaluate the complete parent-v54 amplitude on every x/t leaf; sum integrated uppers and minimize lowers
leaf,PASS,4,32,0,27,0.8570588830266272,0.857071074596784,0.42190625,0.437525,0.0001858585856556169,0.0007639809886392134,16.108713560296497,35.61375927230014,nan,1779.3142267999938,,,D=union_ij D_ij; evaluate the complete parent-v54 amplitude on every x/t leaf; sum integrated uppers and minimize lowers
leaf,PASS,4,32,0,28,0.8570588830266272,0.857071074596784,0.437525,0.45314375,0.00019316252616926116,0.000800289123348068,16.086234315873597,27.12928121171644,nan,1783.8112264999654,,,D=union_ij D_ij; evaluate the complete parent-v54 amplitude on every x/t leaf; sum integrated uppers and minimize lowers
leaf,PASS,4,32,0,29,0.8570588830266272,0.857071074596784,0.45314375,0.46876249999999997,0.0002004554940132824,0.0008364977280978099,16.051227283143664,21.03340579673765,nan,1788.813134499942,,,D=union_ij D_ij; evaluate the complete parent-v54 amplitude on every x/t leaf; sum integrated uppers and minimize lowers
leaf,PASS,4,32,0,30,0.8570588830266272,0.857071074596784,0.46876249999999997,0.48438125,0.0002077384374762541,0.000872615687066622,16.005843368920335,16.567215368227153,nan,1793.2278156999964,,,D=union_ij D_ij; evaluate the complete parent-v54 amplitude on every x/t leaf; sum integrated uppers and minimize lowers
leaf,PASS,4,32,0,31,0.8570588830266272,0.857071074596784,0.48438125,0.5,0.00021501218009859288,0.0009086508721208055,15.951879380165517,13.236567636499787,nan,1797.7565327000339,,,D=union_ij D_ij; evaluate the complete parent-v54 amplitude on every x/t leaf; sum integrated uppers and minimize lowers
leaf,PASS,4,32,1,0,0.857071074596784,0.8570832661669409,0.0002,0.01581875,0.0,6.811069819950242e-08,0.6823138092282494,2300388627.4096994,nan,2866.771809299942,,,D=union_ij D_ij; evaluate the complete parent-v54 amplitude on every x/t leaf; sum integrated uppers and minimize lowers
leaf,PASS,4,32,1,1,0.857071074596784,0.8570832661669409,0.01581875,0.0314375,0.0,3.978514259721781e-06,4.473062653541713,40101767.41006546,nan,3085.351185300038,,,D=union_ij D_ij; evaluate the complete parent-v54 amplitude on every x/t leaf; sum integrated uppers and minimize lowers
leaf,PASS,4,32,1,2,0.857071074596784,0.8570832661669409,0.0314375,0.04705625,0.0,4.129193554440277e-06,2.9510140776635962,1441901526096341.5,nan,3332.8999564000405,,,D=union_ij D_ij; evaluate the complete parent-v54 amplitude on every x/t leaf; sum integrated uppers and minimize lowers
leaf,PASS,4,32,1,3,0.857071074596784,0.8570832661669409,0.04705625,0.06267500000000001,0.0,1.4405209102365555e-05,5.838085696139099,5074741139344.61,nan,3441.234214999946,,,D=union_ij D_ij; evaluate the complete parent-v54 amplitude on every x/t leaf; sum integrated uppers and minimize lowers
leaf,PASS,4,32,1,4,0.857071074596784,0.8570832661669409,0.06267500000000001,0.07829375000000001,0.0,2.3230487636351342e-05,4.611778759505137,7948364579.352627,nan,3492.4088609999744,,,D=union_ij D_ij; evaluate the complete parent-v54 amplitude on every x/t leaf; sum integrated uppers and minimize lowers
leaf,PASS,4,32,1,5,0.857071074596784,0.8570832661669409,0.07829375000000001,0.09391250000000001,9.768418488319838e-06,9.768418488319838e-06,0.9841095242007506,7001563508.258482,nan,3531.9330739999423,,,D=union_ij D_ij; evaluate the complete parent-v54 amplitude on every x/t leaf; sum integrated uppers and minimize lowers
leaf,PASS,4,32,1,6,0.857071074596784,0.8570832661669409,0.09391250000000001,0.10953125000000001,2.072299149668723e-05,2.072299149668723e-05,1.4675271243441428,35199784.35892225,nan,3567.834347199998,,,D=union_ij D_ij; evaluate the complete parent-v54 amplitude on every x/t leaf; sum integrated uppers and minimize lowers
leaf,PASS,4,32,1,7,0.857071074596784,0.8570832661669409,0.10953125000000001,0.12515,3.057041008809942e-05,3.057041008809942e-05,1.804853525966642,5117074.027942082,nan,3587.1499909999548,,,D=union_ij D_ij; evaluate the complete parent-v54 amplitude on every x/t leaf; sum integrated uppers and minimize lowers
leaf,PASS,4,32,1,8,0.857071074596784,0.8570832661669409,0.12515,0.14076875000000003,3.973192254603964e-05,8.477086753593083e-06,0.42856988957342784,15207922778.15,nan,3598.712252199999,,,D=union_ij D_ij; evaluate the complete parent-v54 amplitude on every x/t leaf; sum integrated uppers and minimize lowers
leaf,PASS,4,32,1,9,0.857071074596784,0.8570832661669409,0.14076875000000003,0.1563875,4.8439638720296124e-05,4.8439638720296124e-05,4.440203408686639,8867096.520329561,nan,3603.0739024999784,,,D=union_ij D_ij; evaluate the complete parent-v54 amplitude on every x/t leaf; sum integrated uppers and minimize lowers
leaf,PASS,4,32,1,10,0.857071074596784,0.8570832661669409,0.1563875,0.17200625,5.683190616785889e-05,5.683190616785889e-05,7.06023791413794,605082.2128616098,nan,3607.715999200009,,,D=union_ij D_ij; evaluate the complete parent-v54 amplitude on every x/t leaf; sum integrated uppers and minimize lowers
leaf,PASS,4,32,1,11,0.857071074596784,0.8570832661669409,0.17200625,0.18762500000000001,6.499614394171248e-05,0.00014766106933403273,8.8343350305435,241274718.4269347,nan,3612.6202382999472,,,D=union_ij D_ij; evaluate the complete parent-v54 amplitude on every x/t leaf; sum integrated uppers and minimize lowers
leaf,PASS,4,32,1,12,0.857071074596784,0.8570832661669409,0.18762500000000001,0.20324375000000003,7.299026241296234e-05,0.00019028924323484278,10.23222849491266,2007873.8204537574,nan,3618.3298595000524,,,D=union_ij D_ij; evaluate the complete parent-v54 amplitude on every x/t leaf; sum integrated uppers and minimize lowers
leaf,PASS,4,32,1,13,0.857071074596784,0.8570832661669409,0.20324375000000003,0.21886250000000002,8.085410904645093e-05,0.00023174969700273616,11.510639470868592,248770.7910869978,nan,3623.9897232999792,,,D=union_ij D_ij; evaluate the complete parent-v54 amplitude on every x/t leaf; sum integrated uppers and minimize lowers
leaf,PASS,4,32,1,14,0.857071074596784,0.8570832661669409,0.21886250000000002,0.23448125,8.861597771231487e-05,0.00027228743244119214,12.57229260829189,57303.10228230788,nan,3630.820890999981,,,D=union_ij D_ij; evaluate the complete parent-v54 amplitude on every x/t leaf; sum integrated uppers and minimize lowers
leaf,PASS,4,32,1,15,0.857071074596784,0.8570832661669409,0.23448125,0.2501,9.629649038345674e-05,0.0003120858735717294,13.424205103551488,18181.302823622893,nan,3634.913205699995,,,D=union_ij D_ij; evaluate the complete parent-v54 amplitude on every x/t leaf; sum integrated uppers and minimize lowers
leaf,PASS,4,32,1,16,0.857071074596784,0.8570832661669409,0.2501,0.26571875,0.0001039107347214144,0.00035128292683003575,14.09833083910859,7072.5272538037625,nan,3639.242863100022,,,D=union_ij D_ij; evaluate the complete parent-v54 amplitude on every x/t leaf; sum integrated uppers and minimize lowers
leaf,PASS,4,32,1,17,0.857071074596784,0.8570832661669409,0.26571875,0.2813375,0.0001114684873044557,0.0003899831190684293,14.627617732761701,3175.6596028287586,nan,3643.0455409999704,,,D=union_ij D_ij; evaluate the complete parent-v54 amplitude on every x/t leaf; sum integrated uppers and minimize lowers
leaf,PASS,4,32,1,18,0.857071074596784,0.8570832661669409,0.2813375,0.29695625,0.00011898137821817861,0.00042826778807918635,15.040337897592243,1588.317857386826,nan,3646.8407160999486,,,D=union_ij D_ij; evaluate the complete parent-v54 amplitude on every x/t leaf; sum integrated uppers and minimize lowers
leaf,PASS,4,32,1,19,0.857071074596784,0.8570832661669409,0.29695625,0.312575,0.00012645648767646223,0.0004662014833168145,15.359433485382056,863.9716691573525,nan,3651.0842481999425,,,D=union_ij D_ij; evaluate the complete parent-v54 amplitude on every x/t leaf; sum integrated uppers and minimize lowers
leaf,PASS,4,32,1,20,0.857071074596784,0.8570832661669409,0.312575,0.32819375,0.00013389940626828238,0.0005038357116781515,15.603170161414265,502.5848549899168,nan,3655.2995706000365,,,D=union_ij D_ij; evaluate the complete parent-v54 amplitude on every x/t leaf; sum integrated uppers and minimize lowers
leaf,PASS,4,32,1,21,0.857071074596784,0.8570832661669409,0.32819375,0.34381249999999997,0.00014131463679346558,0.0005412121796162564,15.786022520073933,308.9025890781069,nan,3660.994751499966,,,D=union_ij D_ij; evaluate the complete parent-v54 amplitude on every x/t leaf; sum integrated uppers and minimize lowers
leaf,PASS,4,32,1,22,0.857071074596784,0.8570832661669409,0.34381249999999997,0.35943125,0.00014870584484319105,0.0005783650114741842,15.919475869099662,198.78727916928713,nan,3665.532359899953,,,D=union_ij D_ij; evaluate the complete parent-v54 amplitude on every x/t leaf; sum integrated uppers and minimize lowers
leaf,PASS,4,32,1,23,0.857071074596784,0.8570832661669409,0.35943125,0.37505,0.00015607604341599137,0.0006153223924016435,16.01268090362366,133.0028866644589,nan,3670.3716652999865,,,D=union_ij D_ij; evaluate the complete parent-v54 amplitude on every x/t leaf; sum integrated uppers and minimize lowers
leaf,PASS,4,32,1,24,0.857071074596784,0.8570832661669409,0.37505,0.39066875,0.00016342773093569,0.0006521078026024491,16.07296603373293,92.00885108806176,nan,3674.6317714999896,,,D=union_ij D_ij; evaluate the complete parent-v54 amplitude on every x/t leaf; sum integrated uppers and minimize lowers
leaf,PASS,4,32,1,25,0.857071074596784,0.8570832661669409,0.39066875,0.4062875,0.0001707629958090969,0.0006887409566647856,16.106233650604587,65.51785114335802,nan,3679.511559400009,,,D=union_ij D_ij; evaluate the complete parent-v54 amplitude on every x/t leaf; sum integrated uppers and minimize lowers
leaf,PASS,4,32,1,26,0.857071074596784,0.8570832661669409,0.4062875,0.42190625,0.0001780835965974946,0.0007252384496596507,16.117262317744814,47.848358109492736,nan,3683.55666370003,,,D=union_ij D_ij; evaluate the complete parent-v54 amplitude on every x/t leaf; sum integrated uppers and minimize lowers
leaf,PASS,4,32,1,27,0.857071074596784,0.8570832661669409,0.42190625,0.437525,0.00018539102417248915,0.000761614551943565,16.109948760851918,35.73068703666942,nan,3687.453233700013,,,D=union_ij D_ij; evaluate the complete parent-v54 amplitude on every x/t leaf; sum integrated uppers and minimize lowers
leaf,PASS,4,32,1,28,0.857071074596784,0.8570832661669409,0.437525,0.45314375,0.0001926865503961297,0.0007978813403295226,16.087481358721593,27.214168469908756,nan,3691.715428299969,,,D=union_ij D_ij; evaluate the complete parent-v54 amplitude on every x/t leaf; sum integrated uppers and minimize lowers
leaf,PASS,4,32,1,29,0.857071074596784,0.8570832661669409,0.45314375,0.46876249999999997,0.0001999712666052667,0.0008340493731659129,16.052483615483794,21.096296314941327,nan,3695.5032895000186,,,D=union_ij D_ij; evaluate the complete parent-v54 amplitude on every x/t leaf; sum integrated uppers and minimize lowers
leaf,PASS,4,32,1,30,0.857071074596784,0.8570832661669409,0.46876249999999997,0.48438125,0.0002072461128777175,0.0008701274982834808,16.0071069400284,16.614657005227407,nan,3699.749769199989,,,D=union_ij D_ij; evaluate the complete parent-v54 amplitude on every x/t leaf; sum integrated uppers and minimize lowers
leaf,PASS,4,32,1,31,0.857071074596784,0.8570832661669409,0.48438125,0.5,0.0002145119051973115,0.0009061235497177433,15.953148224670036,13.27295447295304,nan,3703.3132793999976,,,D=union_ij D_ij; evaluate the complete parent-v54 amplitude on every x/t leaf; sum integrated uppers and minimize lowers
leaf,PASS,4,32,2,0,0.8570832661669409,0.8570954577370977,0.0002,0.01581875,0.0,1.89104270918294e-08,3.3783249595718607,762365410.7868215,nan,4829.805334400036,,,D=union_ij D_ij; evaluate the complete parent-v54 amplitude on every x/t leaf; sum integrated uppers and minimize lowers
leaf,PASS,4,32,2,1,0.8570832661669409,0.8570954577370977,0.01581875,0.0314375,0.0,3.895753960774646e-06,4.493373165961863,47076562.59483497,nan,5054.8622807000065,,,D=union_ij D_ij; evaluate the complete parent-v54 amplitude on every x/t leaf; sum integrated uppers and minimize lowers
leaf,PASS,4,32,2,2,0.8570832661669409,0.8570954577370977,0.0314375,0.04705625,0.0,3.990850364148334e-06,2.9493202406952066,1455388014292452.0,nan,5310.311531799962,,,D=union_ij D_ij; evaluate the complete parent-v54 amplitude on every x/t leaf; sum integrated uppers and minimize lowers
leaf,PASS,4,32,2,3,0.8570832661669409,0.8570954577370977,0.04705625,0.06267500000000001,0.0,1.4239294032704611e-05,5.837520082989218,5243455997749.297,nan,5414.8693263999885,,,D=union_ij D_ij; evaluate the complete parent-v54 amplitude on every x/t leaf; sum integrated uppers and minimize lowers
leaf,PASS,4,32,2,4,0.8570832661669409,0.8570954577370977,0.06267500000000001,0.07829375000000001,0.0,2.304109686314295e-05,4.611195699668943,8177361335.046965,nan,5464.022768000024,,,D=union_ij D_ij; evaluate the complete parent-v54 amplitude on every x/t leaf; sum integrated uppers and minimize lowers
leaf,PASS,4,32,2,5,0.8570832661669409,0.8570954577370977,0.07829375000000001,0.09391250000000001,9.568796911381416e-06,9.568796911381416e-06,0.9839209375988511,7570660233.451218,nan,5499.863191099954,,,D=union_ij D_ij; evaluate the complete parent-v54 amplitude on every x/t leaf; sum integrated uppers and minimize lowers
leaf,PASS,4,32,2,6,0.8570832661669409,0.8570954577370977,0.09391250000000001,0.10953125000000001,2.05034495053036e-05,2.05034495053036e-05,1.4673275023544476,36560794.801226646,nan,5536.977922799997,,,D=union_ij D_ij; evaluate the complete parent-v54 amplitude on every x/t leaf; sum integrated uppers and minimize lowers
leaf,PASS,4,32,2,7,0.8570832661669409,0.8570954577370977,0.10953125000000001,0.12515,3.0332679533727543e-05,3.0332679533727543e-05,1.804646300955286,5257255.324606595,nan,5557.600943299942,,,D=union_ij D_ij; evaluate the complete parent-v54 amplitude on every x/t leaf; sum integrated uppers and minimize lowers
leaf,PASS,4,32,2,8,0.8570832661669409,0.8570954577370977,0.12515,0.14076875000000003,3.947736384987954e-05,7.1429603648931055e-06,0.426520244073583,21637212514.69399,nan,5566.724259700044,,,D=union_ij D_ij; evaluate the complete parent-v54 amplitude on every x/t leaf; sum integrated uppers and minimize lowers
leaf,PASS,4,32,2,9,0.8570832661669409,0.8570954577370977,0.14076875000000003,0.1563875,4.816940494287786e-05,4.816940494287786e-05,4.439040912443119,9369540.44583517,nan,5571.542708399938,,,D=union_ij D_ij; evaluate the complete parent-v54 amplitude on every x/t leaf; sum integrated uppers and minimize lowers
leaf,PASS,4,32,2,10,0.8570832661669409,0.8570954577370977,0.1563875,0.17200625,5.654683620806504e-05,5.654683620806504e-05,7.059656463334517,625718.7235722857,nan,5575.436218800023,,,D=union_ij D_ij; evaluate the complete parent-v54 amplitude on every x/t leaf; sum integrated uppers and minimize lowers
leaf,PASS,4,32,2,11,0.8570832661669409,0.8570954577370977,0.17200625,0.18762500000000001,6.469700112511978e-05,0.00014611458724526913,8.834152568168776,246281759.36490816,nan,5580.0940624000505,,,D=union_ij D_ij; evaluate the complete parent-v54 amplitude on every x/t leaf; sum integrated uppers and minimize lowers
leaf,PASS,4,32,2,12,0.8570832661669409,0.8570954577370977,0.18762500000000001,0.20324375000000003,7.267770964129319e-05,0.00018867839380053348,10.232212037444889,2041100.0795971996,nan,5584.334866299992,,,D=union_ij D_ij; evaluate the complete parent-v54 amplitude on every x/t leaf; sum integrated uppers and minimize lowers
leaf,PASS,4,32,2,13,0.8570832661669409,0.8570954577370977,0.20324375000000003,0.21886250000000002,8.052872627092545e-05,0.0002300770585501605,11.510823766570669,252252.6984832487,nan,5588.357384499977,,,D=union_ij D_ij; evaluate the complete parent-v54 amplitude on every x/t leaf; sum integrated uppers and minimize lowers
leaf,PASS,4,32,2,14,0.8570832661669409,0.8570954577370977,0.21886250000000002,0.23448125,8.827827809250196e-05,0.00027055530879252135,12.572670867018838,58005.195038689715,nan,5592.375607899972,,,D=union_ij D_ij; evaluate the complete parent-v54 amplitude on every x/t leaf; sum integrated uppers and minimize lowers
leaf,PASS,4,32,2,15,0.8570832661669409,0.8570954577370977,0.23448125,0.2501,9.594693244448224e-05,0.0003102963402783734,13.424749833729493,18380.91846342226,nan,5596.347247699974,,,D=union_ij D_ij; evaluate the complete parent-v54 amplitude on every x/t leaf; sum integrated uppers and minimize lowers
leaf,PASS,4,32,2,16,0.8570832661669409,0.8570954577370977,0.2501,0.26571875,0.00010354987037985464,0.000349437866317188,14.099013435257966,7143.277508253143,nan,5601.473459300003,,,D=union_ij D_ij; evaluate the complete parent-v54 amplitude on every x/t leaf; sum integrated uppers and minimize lowers
leaf,PASS,4,32,2,17,0.8570832661669409,0.8570954577370977,0.26571875,0.2813375,0.00011109655670148434,0.0003880842493385304,14.628413271680332,3204.9600065658883,nan,5605.652929099975,,,D=union_ij D_ij; evaluate the complete parent-v54 amplitude on every x/t leaf; sum integrated uppers and minimize lowers
leaf,PASS,4,32,2,18,0.8570832661669409,0.8570954577370977,0.2813375,0.29695625,0.0001185987103723227,0.00042631668543383663,15.041225723822576,1601.0319606307328,nan,5609.735975499963,,,D=union_ij D_ij; evaluate the complete parent-v54 amplitude on every x/t leaf; sum integrated uppers and minimize lowers
leaf,PASS,4,32,2,19,0.8570832661669409,0.8570954577370977,0.29695625,0.312575,0.00012606339705868553,0.0004641996011785435,15.36039675987831,869.5673499935925,nan,5613.678324399982,,,D=union_ij D_ij; evaluate the complete parent-v54 amplitude on every x/t leaf; sum integrated uppers and minimize lowers
leaf,PASS,4,32,2,20,0.8570832661669409,0.8570954577370977,0.312575,0.32819375,0.00013349618278722482,0.000501784395911037,15.604195203000799,505.1630682130847,nan,5618.203840799979,,,D=union_ij D_ij; evaluate the complete parent-v54 amplitude on every x/t leaf; sum integrated uppers and minimize lowers
leaf,PASS,4,32,2,21,0.8570832661669409,0.8570954577370977,0.32819375,0.34381249999999997,0.00014090154887897528,0.000539112681334256,15.787098186541304,310.36147341765246,nan,5622.7229823999805,,,D=union_ij D_ij; evaluate the complete parent-v54 amplitude on every x/t leaf; sum integrated uppers and minimize lowers
leaf,PASS,4,32,2,22,0.8570832661669409,0.8570954577370977,0.34381249999999997,0.35943125,0.0001482831420118004,0.0005762184978067643,15.920593060925164,199.66081162175885,nan,5627.559283999959,,,D=union_ij D_ij; evaluate the complete parent-v54 amplitude on every x/t leaf; sum integrated uppers and minimize lowers
leaf,PASS,4,32,2,23,0.8570832661669409,0.8570954577370977,0.35943125,0.37505,0.00015564395842538047,0.0006131299556176785,16.013832142797572,133.5505266308413,nan,5632.107316500042,,,D=union_ij D_ij; evaluate the complete parent-v54 amplitude on every x/t leaf; sum integrated uppers and minimize lowers
leaf,PASS,4,32,2,24,0.8570832661669409,0.8570954577370977,0.37505,0.39066875,0.00016298648160928585,0.0006498704679011287,16.074145142215635,92.36533420815479,nan,5637.6439282000065,,,D=union_ij D_ij; evaluate the complete parent-v54 amplitude on every x/t leaf; sum integrated uppers and minimize lowers
leaf,PASS,4,32,2,25,0.8570832661669409,0.8570954577370977,0.39066875,0.4062875,0.00017031278659316367,0.0006864596888741164,16.107435498690595,65.75753732000358,nan,5644.3684099999955,,,D=union_ij D_ij; evaluate the complete parent-v54 amplitude on every x/t leaf; sum integrated uppers and minimize lowers
leaf,PASS,4,32,2,26,0.8570832661669409,0.8570954577370977,0.4062875,0.42190625,0.00017762461989922075,0.0007229141685593456,16.11848292228019,48.014175651454345,nan,5648.358105899999,,,D=union_ij D_ij; evaluate the complete parent-v54 amplitude on every x/t leaf; sum integrated uppers and minimize lowers
leaf,PASS,4,32,2,27,0.8570832661669409,0.8570954577370977,0.42190625,0.437525,0.000184923461517226,0.0007592481088990822,16.111184225571808,35.84838165910663,nan,5652.565048199962,,,D=union_ij D_ij; evaluate the complete parent-v54 amplitude on every x/t leaf; sum integrated uppers and minimize lowers
leaf,PASS,4,32,2,28,0.8570832661669409,0.8570954577370977,0.437525,0.45314375,0.00019221057343410278,0.0007954735508859117,16.088728663191244,27.29958652136269,nan,5656.596062800032,,,D=union_ij D_ij; evaluate the complete parent-v54 amplitude on every x/t leaf; sum integrated uppers and minimize lowers
leaf,PASS,4,32,2,29,0.8570832661669409,0.8570954577370977,0.45314375,0.46876249999999997,0.00019948703799208095,0.0008316010117345592,16.053740206981036,21.15956244548184,nan,5660.597313800012,,,D=union_ij D_ij; evaluate the complete parent-v54 amplitude on every x/t leaf; sum integrated uppers and minimize lowers
leaf,PASS,4,32,2,30,0.8570832661669409,0.8570954577370977,0.46876249999999997,0.48438125,0.0002067537870581946,0.0008676393029282491,16.008370767932675,16.662369724570766,nan,5666.430347800022,,,D=union_ij D_ij; evaluate the complete parent-v54 amplitude on every x/t leaf; sum integrated uppers and minimize lowers
leaf,PASS,4,32,2,31,0.8570832661669409,0.8570954577370977,0.48438125,0.5,0.00021401162905966876,0.0009035962206716486,15.95441732364638,13.309549831647132,nan,5670.934428800014,,,D=union_ij D_ij; evaluate the complete parent-v54 amplitude on every x/t leaf; sum integrated uppers and minimize lowers
leaf,FAIL,4,32,3,0,0.8570954577370977,0.8571076493072545,0.0002,0.01581875,nan,nan,nan,nan,nan,5848.2501706000185,IntervalSingularity,interval denominator reaches zero: away_arc_left_K5:s1:c0:left1:edge_2_1_3:stable_edge,D=union_ij D_ij; evaluate the complete parent-v54 amplitude on every x/t leaf; sum integrated uppers and minimize lowers
schedule,FAIL,4,32,-1,-1,0.8570588830266272,0.8571076493072545,0.0002,0.5,nan,nan,nan,nan,nan,5848.250188400038,IntervalSingularity,interval denominator reaches zero: away_arc_left_K5:s1:c0:left1:edge_2_1_3:stable_edge,D=union_ij D_ij; evaluate the complete parent-v54 amplitude on every x/t leaf; sum integrated uppers and minimize lowers
leaf,PASS,4,64,0,0,0.8570588830266272,0.857071074596784,0.0002,0.008009375000000001,0.0,1.224506058371589e-07,1.6075669948208973,898952864.0501051,nan,923.2524210000411,,,D=union_ij D_ij; evaluate the complete parent-v54 amplitude on every x/t leaf; sum integrated uppers and minimize lowers
leaf,PASS,4,64,0,1,0.8570588830266272,0.857071074596784,0.008009375000000001,0.01581875,0.0,6.956701488180766e-07,4.551765923435777,119491067.42429751,nan,1287.1120258000446,,,D=union_ij D_ij; evaluate the complete parent-v54 amplitude on every x/t leaf; sum integrated uppers and minimize lowers
leaf,PASS,4,64,0,2,0.8570588830266272,0.857071074596784,0.01581875,0.023628125,0.0,1.0042691259847501e-06,9.469864562785807,9.542620466232066e+16,nan,1490.1611396999797,,,D=union_ij D_ij; evaluate the complete parent-v54 amplitude on every x/t leaf; sum integrated uppers and minimize lowers
leaf,PASS,4,64,0,3,0.8570588830266272,0.857071074596784,0.023628125,0.0314375,0.0,6.688441706231743e-06,7.780049457531786,21405149189971.305,nan,1572.168011300033,,,D=union_ij D_ij; evaluate the complete parent-v54 amplitude on every x/t leaf; sum integrated uppers and minimize lowers
leaf,PASS,4,64,0,4,0.8570588830266272,0.857071074596784,0.0314375,0.039246875,0.0,1.103507848043239e-05,2.952707666055176,1982186194.2743695,nan,1638.0907955000876,,,D=union_ij D_ij; evaluate the complete parent-v54 amplitude on every x/t leaf; sum integrated uppers and minimize lowers
leaf,PASS,4,64,0,5,0.8570588830266272,0.857071074596784,0.039246875,0.04705625,4.267536346821246e-06,4.267536346821246e-06,1.4045083046028604,25245539036.090294,nan,1665.8814966999926,,,D=union_ij D_ij; evaluate the complete parent-v54 amplitude on every x/t leaf; sum integrated uppers and minimize lowers
leaf,PASS,4,64,0,6,0.8570588830266272,0.857071074596784,0.04705625,0.054865625,9.69500904055167e-06,9.69500904055167e-06,2.0922554309464596,49686924.22030467,nan,1693.3637044000207,,,D=union_ij D_ij; evaluate the complete parent-v54 amplitude on every x/t leaf; sum integrated uppers and minimize lowers
leaf,PASS,4,64,0,7,0.8570588830266272,0.857071074596784,0.054865625,0.06267500000000001,1.4571068937657e-05,1.4571068937657e-05,2.568483312827931,1878902.0787747009,nan,1725.422060700017,,,D=union_ij D_ij; evaluate the complete parent-v54 amplitude on every x/t leaf; sum integrated uppers and minimize lowers
leaf,PASS,4,64,0,8,0.8570588830266272,0.857071074596784,0.06267500000000001,0.07048437500000002,1.9107249212460352e-05,4.836902431441717e-07,0.7632194870033485,896490392448.0588,nan,1735.8188453000039,,,D=union_ij D_ij; evaluate the complete parent-v54 amplitude on every x/t leaf; sum integrated uppers and minimize lowers
leaf,PASS,4,64,0,9,0.8570588830266272,0.857071074596784,0.07048437500000002,0.07829375000000001,2.34198560640441e-05,2.34198560640441e-05,3.0354055279933614,10376633.452204635,nan,1745.896852600039,,,D=union_ij D_ij; evaluate the complete parent-v54 amplitude on every x/t leaf; sum integrated uppers and minimize lowers
leaf,PASS,4,64,0,10,0.8570588830266272,0.857071074596784,0.07829375000000001,0.086103125,2.7577979886018355e-05,2.7577979886018355e-05,10.310790620703886,622846.8784082202,nan,1750.2966005000053,,,D=union_ij D_ij; evaluate the complete parent-v54 amplitude on every x/t leaf; sum integrated uppers and minimize lowers
leaf,PASS,4,64,0,11,0.8570588830266272,0.857071074596784,0.086103125,0.09391250000000001,3.1625163492198e-05,7.037318574764778e-05,12.841249134549491,246092404915.73636,nan,1758.8495670000557,,,D=union_ij D_ij; evaluate the complete parent-v54 amplitude on every x/t leaf; sum integrated uppers and minimize lowers
leaf,PASS,4,64,0,12,0.8570588830266272,0.857071074596784,0.09391250000000001,0.10172187500000002,3.559016172167378e-05,9.175241911198715e-05,14.681320368356081,2378513.478958321,nan,1765.3120983000845,,,D=union_ij D_ij; evaluate the complete parent-v54 amplitude on every x/t leaf; sum integrated uppers and minimize lowers
leaf,PASS,4,64,0,13,0.8570588830266272,0.857071074596784,0.10172187500000002,0.10953125000000001,3.9492696834230205e-05,0.00011254312511461146,16.37209197363835,249262.83116692764,nan,1772.7661713000853,,,D=union_ij D_ij; evaluate the complete parent-v54 amplitude on every x/t leaf; sum integrated uppers and minimize lowers
leaf,PASS,4,64,0,14,0.8570588830266272,0.857071074596784,0.10953125000000001,0.117340625,4.3346721355880764e-05,0.00013287121352075848,17.813483068888058,53483.291463038804,nan,1779.2261542000342,,,D=union_ij D_ij; evaluate the complete parent-v54 amplitude on every x/t leaf; sum integrated uppers and minimize lowers
leaf,PASS,4,64,0,15,0.8570588830266272,0.857071074596784,0.117340625,0.12515,4.716238189155931e-05,0.00015283131250668535,18.98641090434864,16231.596978758038,nan,1785.1425980000058,,,D=union_ij D_ij; evaluate the complete parent-v54 amplitude on every x/t leaf; sum integrated uppers and minimize lowers
leaf,PASS,4,64,0,16,0.8570588830266272,0.857071074596784,0.12515,0.13295937500000002,5.094719722142441e-05,0.00017249320862767649,19.922537287156235,6109.753571858291,nan,1793.1577245000517,,,D=union_ij D_ij; evaluate the complete parent-v54 amplitude on every x/t leaf; sum integrated uppers and minimize lowers
leaf,PASS,4,64,0,17,0.8570588830266272,0.857071074596784,0.13295937500000002,0.14076875000000003,5.4706411816647306e-05,0.0001919101611377088,20.661829920064307,2671.4573780624664,nan,1798.0001152000623,,,D=union_ij D_ij; evaluate the complete parent-v54 amplitude on every x/t leaf; sum integrated uppers and minimize lowers
leaf,PASS,4,64,0,18,0.8570588830266272,0.857071074596784,0.14076875000000003,0.148578125,5.844463079084992e-05,0.00021112348143087468,21.240821142436538,1305.4727487492908,nan,1803.6379364000168,,,D=union_ij D_ij; evaluate the complete parent-v54 amplitude on every x/t leaf; sum integrated uppers and minimize lowers
leaf,PASS,4,64,0,19,0.8570588830266272,0.857071074596784,0.148578125,0.1563875,6.2165686624392e-05,0.00023016586767167274,21.690066069685724,695.2958533794989,nan,1809.099472800037,,,D=union_ij D_ij; evaluate the complete parent-v54 amplitude on every x/t leaf; sum integrated uppers and minimize lowers
leaf,PASS,4,64,0,20,0.8570588830266272,0.857071074596784,0.1563875,0.16419687500000002,6.58722952323005e-05,0.00024906333447560644,22.03431750535207,396.69648796526775,nan,1814.0092820000136,,,D=union_ij D_ij; evaluate the complete parent-v54 amplitude on every x/t leaf; sum integrated uppers and minimize lowers
leaf,PASS,4,64,0,21,0.8570588830266272,0.857071074596784,0.16419687500000002,0.17200625,6.956664663558142e-05,0.00026783688725970194,22.293409169690218,239.44723168541265,nan,1818.407388700056,,,D=union_ij D_ij; evaluate the complete parent-v54 amplitude on every x/t leaf; sum integrated uppers and minimize lowers
leaf,PASS,4,64,0,22,0.8570588830266272,0.857071074596784,0.17200625,0.179815625,7.325073271225318e-05,0.0002865036646751716,22.483198620243478,151.49465412527158,nan,1825.0458457000786,,,D=union_ij D_ij; evaluate the complete parent-v54 amplitude on every x/t leaf; sum integrated uppers and minimize lowers
leaf,PASS,4,64,0,23,0.8570588830266272,0.857071074596784,0.179815625,0.18762500000000001,7.69259483137481e-05,0.00030507778300678913,22.61638873322788,99.7384822920519,nan,1830.0294837000547,,,D=union_ij D_ij; evaluate the complete parent-v54 amplitude on every x/t leaf; sum integrated uppers and minimize lowers
leaf,PASS,4,64,0,24,0.8570588830266272,0.857071074596784,0.18762500000000001,0.19543437500000002,8.059337772528613e-05,0.0003235709693105496,22.703194606927475,67.94148041517055,nan,1835.2569872000022,,,D=union_ij D_ij; evaluate the complete parent-v54 amplitude on every x/t leaf; sum integrated uppers and minimize lowers
leaf,PASS,4,64,0,25,0.8570588830266272,0.857071074596784,0.19543437500000002,0.20324375000000003,8.425392844420224e-05,0.0003419930423714153,22.751869678984992,47.672454483394574,nan,1839.8037275000243,,,D=union_ij D_ij; evaluate the complete parent-v54 amplitude on every x/t leaf; sum integrated uppers and minimize lowers
leaf,PASS,4,64,0,26,0.8570588830266272,0.857071074596784,0.20324375000000003,0.211053125,8.790836778929801e-05,0.0003603520769144282,22.76911607079825,34.32509295681768,nan,1845.6106137000024,,,D=union_ij D_ij; evaluate the complete parent-v54 amplitude on every x/t leaf; sum integrated uppers and minimize lowers
leaf,PASS,4,64,0,27,0.8570588830266272,0.857071074596784,0.211053125,0.21886250000000002,9.155738509038965e-05,0.00037865527923296936,22.760403848202344,25.28303377375459,nan,1850.3163782000775,,,D=union_ij D_ij; evaluate the complete parent-v54 amplitude on every x/t leaf; sum integrated uppers and minimize lowers
leaf,PASS,4,64,0,28,0.8570588830266272,0.857071074596784,0.21886250000000002,0.22667187500000002,9.520155649939566e-05,0.0003969086979150487,22.730219355092295,19.002392144053477,nan,1855.2232611000072,,,D=union_ij D_ij; evaluate the complete parent-v54 amplitude on every x/t leaf; sum integrated uppers and minimize lowers
leaf,PASS,4,64,0,29,0.8570588830266272,0.857071074596784,0.22667187500000002,0.23448125,9.884137870191646e-05,0.0004151169049461903,22.682258461900958,14.541406791836042,nan,1859.870088799973,,,D=union_ij D_ij; evaluate the complete parent-v54 amplitude on every x/t leaf; sum integrated uppers and minimize lowers
leaf,PASS,4,64,0,30,0.8570588830266272,0.857071074596784,0.23448125,0.242290625,0.0001024772816651383,0.0004332847240805894,22.619581360139833,11.308892092479537,nan,1865.131335400045,,,D=union_ij D_ij; evaluate the complete parent-v54 amplitude on every x/t leaf; sum integrated uppers and minimize lowers
leaf,PASS,4,64,0,31,0.8570588830266272,0.857071074596784,0.242290625,0.2501,0.00010610963825064537,0.0004514159628369639,22.544692140000446,8.924262177599116,nan,1870.0133506000275,,,D=union_ij D_ij; evaluate the complete parent-v54 amplitude on every x/t leaf; sum integrated uppers and minimize lowers
leaf,PASS,4,64,0,32,0.8570588830266272,0.857071074596784,0.2501,0.257909375,0.00010973877538093463,0.0004695143391349439,22.459754856614836,7.135996520377009,nan,1875.255935800029,,,D=union_ij D_ij; evaluate the complete parent-v54 amplitude on every x/t leaf; sum integrated uppers and minimize lowers
leaf,PASS,4,64,0,33,0.8570588830266272,0.857071074596784,0.257909375,0.26571875,0.00011336497852587466,0.0004875827915466608,22.366544625477054,5.775094835422174,nan,1880.2178811000194,,,D=union_ij D_ij; evaluate the complete parent-v54 amplitude on every x/t leaf; sum integrated uppers and minimize lowers
leaf,PASS,4,64,0,34,0.8570588830266272,0.857071074596784,0.26571875,0.273528125,0.00011698849849768954,0.0005056239006640404,22.26655153773134,4.725488111419076,nan,1885.7984200000064,,,D=union_ij D_ij; evaluate the complete parent-v54 amplitude on every x/t leaf; sum integrated uppers and minimize lowers
leaf,PASS,4,64,0,35,0.8570588830266272,0.857071074596784,0.273528125,0.2813375,0.00012060955639360264,0.0005236399430044239,22.161030339337575,3.9056475836142184,nan,1890.3869153000414,,,D=union_ij D_ij; evaluate the complete parent-v54 amplitude on every x/t leaf; sum integrated uppers and minimize lowers
leaf,PASS,4,64,0,36,0.8570588830266272,0.857071074596784,0.2813375,0.28914687499999997,0.00012422834772907667,0.000541632933946978,22.051040278105024,3.2582806949989274,nan,1895.6067171000177,,,D=union_ij D_ij; evaluate the complete parent-v54 amplitude on every x/t leaf; sum integrated uppers and minimize lowers
leaf,PASS,4,64,0,37,0.8570588830266272,0.857071074596784,0.28914687499999997,0.29695625,0.0001278450459164474,0.0005596046636430514,21.937477557137942,2.743265553409617,nan,1900.4486076000612,,,D=union_ij D_ij; evaluate the complete parent-v54 amplitude on every x/t leaf; sum integrated uppers and minimize lowers
leaf,PASS,4,64,0,38,0.8570588830266272,0.857071074596784,0.29695625,0.304765625,0.00013145980520445,0.0005775567272012469,21.821101891503098,2.328265168101245,nan,1905.2732084000017,,,D=union_ij D_ij; evaluate the complete parent-v54 amplitude on every x/t leaf; sum integrated uppers and minimize lowers
leaf,PASS,4,64,0,39,0.8570588830266272,0.857071074596784,0.304765625,0.312575,0.0001350727631718483,0.0005954905501802601,21.70255833755387,1.9905012914029616,nan,1909.6521172000794,,,D=union_ij D_ij; evaluate the complete parent-v54 amplitude on every x/t leaf; sum integrated uppers and minimize lowers
leaf,PASS,4,64,0,40,0.8570588830266272,0.857071074596784,0.312575,0.320384375,0.00013868404285072135,0.0006134074102160639,21.58239531361536,1.7133117143189303,nan,1914.4023847000208,,,D=union_ij D_ij; evaluate the complete parent-v54 amplitude on every x/t leaf; sum integrated uppers and minimize lowers
leaf,PASS,4,64,0,41,0.8570588830266272,0.857071074596784,0.320384375,0.32819375,0.0001422937545409092,0.00063130845544724,21.461079537282696,1.4840386421308243,nan,1918.816632000031,,,D=union_ij D_ij; evaluate the complete parent-v54 amplitude on every x/t leaf; sum integrated uppers and minimize lowers
leaf,PASS,4,64,0,42,0.8570588830266272,0.857071074596784,0.32819375,0.336003125,0.00014590199736589545,0.0006491947202750749,21.339008454928493,1.293014692564421,nan,1923.1748749000253,,,D=union_ij D_ij; evaluate the complete parent-v54 amplitude on every x/t leaf; sum integrated uppers and minimize lowers
leaf,PASS,4,64,0,43,0.8570588830266272,0.857071074596784,0.336003125,0.34381249999999997,0.00014950886061139703,0.0006670671388967949,21.216520622835443,1.1327752931076247,nan,1927.8990985000273,,,D=union_ij D_ij; evaluate the complete parent-v54 amplitude on every x/t leaf; sum integrated uppers and minimize lowers
leaf,PASS,4,64,0,44,0.8570588830266272,0.857071074596784,0.34381249999999997,0.351621875,0.00015311442453889518,0.0006849265568532541,21.093904406378066,0.9975044184496149,nan,1933.6587845999748,,,D=union_ij D_ij; evaluate the complete parent-v54 amplitude on every x/t leaf; sum integrated uppers and minimize lowers
leaf,PASS,4,64,0,45,0.8570588830266272,0.857071074596784,0.351621875,0.35943125,0.00015671876011825748,0.0007027737414575518,20.97140530077384,0.8826984156038187,nan,1937.8425084999762,,,D=union_ij D_ij; evaluate the complete parent-v54 amplitude on every x/t leaf; sum integrated uppers and minimize lowers
leaf,PASS,4,64,0,46,0.8570588830266272,0.857071074596784,0.35943125,0.367240625,0.00016032193603562488,0.0007206093902075824,20.84923209859537,0.7847202216747174,nan,1942.4435993999941,,,D=union_ij D_ij; evaluate the complete parent-v54 amplitude on every x/t leaf; sum integrated uppers and minimize lowers
leaf,PASS,4,64,0,47,0.8570588830266272,0.857071074596784,0.367240625,0.37505,0.00016392401231515725,0.0007384341385076143,20.72756211112067,0.7005988990764289,nan,1946.7481969000073,,,D=union_ij D_ij; evaluate the complete parent-v54 amplitude on every x/t leaf; sum integrated uppers and minimize lowers
leaf,PASS,4,64,0,48,0.8570588830266272,0.857071074596784,0.37505,0.382859375,0.0001675250435855954,0.0007562485663209385,20.606545604833524,0.6280135842850246,nan,1951.110287400079,,,D=union_ij D_ij; evaluate the complete parent-v54 amplitude on every x/t leaf; sum integrated uppers and minimize lowers
leaf,PASS,4,64,0,49,0.8570588830266272,0.857071074596784,0.382859375,0.39066875,0.00017112507965798604,0.0007740532039907181,20.486309566759488,0.5650844259454794,nan,1955.7256024000235,,,D=union_ij D_ij; evaluate the complete parent-v54 amplitude on every x/t leaf; sum integrated uppers and minimize lowers
leaf,PASS,4,64,0,50,0.8570588830266272,0.857071074596784,0.39066875,0.398478125,0.00017472416603264067,0.0007918485373501546,20.366960919839112,0.5102858530788701,nan,1959.943691499997,,,D=union_ij D_ij; evaluate the complete parent-v54 amplitude on every x/t leaf; sum integrated uppers and minimize lowers
leaf,PASS,4,64,0,51,0.8570588830266272,0.857071074596784,0.398478125,0.4062875,0.00017832234434507239,0.0008096350122205799,20.248589272889955,0.4623633528287351,nan,1965.9840727000264,,,D=union_ij D_ij; evaluate the complete parent-v54 amplitude on every x/t leaf; sum integrated uppers and minimize lowers
leaf,PASS,4,64,0,52,0.8570588830266272,0.857071074596784,0.4062875,0.414096875,0.00018191965275916866,0.0008274128795691452,20.131269276572432,0.4202993988915808,nan,1971.2968895999948,,,D=union_ij D_ij; evaluate the complete parent-v54 amplitude on every x/t leaf; sum integrated uppers and minimize lowers
leaf,PASS,4,64,0,53,0.8570588830266272,0.857071074596784,0.414096875,0.42190625,0.00018551612631461937,0.0008451825135447129,20.015062646739036,0.3832496952970115,nan,1976.2209918000735,,,D=union_ij D_ij; evaluate the complete parent-v54 amplitude on every x/t leaf; sum integrated uppers and minimize lowers
leaf,PASS,4,64,0,54,0.8570588830266272,0.857071074596784,0.42190625,0.429715625,0.00018911179723458626,0.0008629444232345486,19.90001990566854,0.3504767733429731,nan,1980.6529850000516,,,D=union_ij D_ij; evaluate the complete parent-v54 amplitude on every x/t leaf; sum integrated uppers and minimize lowers
leaf,PASS,4,64,0,55,0.8570588830266272,0.857071074596784,0.429715625,0.437525,0.0001927066951987293,0.0008806989297492709,19.910269528172755,0.31938414325645986,nan,1985.3357285000384,,,D=union_ij D_ij; evaluate the complete parent-v54 amplitude on every x/t leaf; sum integrated uppers and minimize lowers
leaf,PASS,4,64,0,56,0.8570588830266272,0.857071074596784,0.437525,0.445334375,0.00019630084758597818,0.0008984463300177025,19.997553429918867,0.2906951923932838,nan,1989.925833699992,,,D=union_ij D_ij; evaluate the complete parent-v54 amplitude on every x/t leaf; sum integrated uppers and minimize lowers
leaf,PASS,4,64,0,57,0.8570588830266272,0.857071074596784,0.445334375,0.45314375,0.00019989427942773715,0.0009161868989851879,20.056886201905915,0.2656246731108841,nan,1994.516901300056,,,D=union_ij D_ij; evaluate the complete parent-v54 amplitude on every x/t leaf; sum integrated uppers and minimize lowers
leaf,PASS,4,64,0,58,0.8570588830266272,0.857071074596784,0.45314375,0.460953125,0.00020348698572215368,0.0009339208915793434,20.092635169949812,0.24358759023385138,nan,1998.7899444000795,,,D=union_ij D_ij; evaluate the complete parent-v54 amplitude on every x/t leaf; sum integrated uppers and minimize lowers
leaf,PASS,4,64,0,59,0.8570588830266272,0.857071074596784,0.460953125,0.46876249999999997,0.00020707896702191835,0.0009516485444712315,20.108427236903296,0.22411458719024444,nan,2003.551221700036,,,D=union_ij D_ij; evaluate the complete parent-v54 amplitude on every x/t leaf; sum integrated uppers and minimize lowers
leaf,PASS,4,64,0,60,0.8570588830266272,0.857071074596784,0.46876249999999997,0.476571875,0.00021067024071739514,0.0009693700776561844,20.107324511440982,0.2068245907264767,nan,2008.2001464000205,,,D=union_ij D_ij; evaluate the complete parent-v54 amplitude on every x/t leaf; sum integrated uppers and minimize lowers
leaf,PASS,4,64,0,61,0.8570588830266272,0.857071074596784,0.476571875,0.48438125,0.00021426082286892914,0.0009870856958753118,20.09190262810156,0.1914054926323995,nan,2012.6680897000479,,,D=union_ij D_ij; evaluate the complete parent-v54 amplitude on every x/t leaf; sum integrated uppers and minimize lowers
leaf,PASS,4,64,0,62,0.8570588830266272,0.857071074596784,0.48438125,0.492190625,0.00021785072832571016,0.0010047955898959432,20.064327462359664,0.17759952788722289,nan,2016.4373328000074,,,D=union_ij D_ij; evaluate the complete parent-v54 amplitude on every x/t leaf; sum integrated uppers and minimize lowers
leaf,PASS,4,64,0,63,0.8570588830266272,0.857071074596784,0.492190625,0.5,0.00022143997083255772,0.001022499937666964,20.026433412509277,0.16519206464738234,nan,2020.318077999982,,,D=union_ij D_ij; evaluate the complete parent-v54 amplitude on every x/t leaf; sum integrated uppers and minimize lowers
leaf,PASS,4,64,1,0,0.857071074596784,0.8570832661669409,0.0002,0.008009375000000001,0.0,6.811069819950229e-08,0.6823138091924873,2297748641.861789,nan,2885.7387334000086,,,D=union_ij D_ij; evaluate the complete parent-v54 amplitude on every x/t leaf; sum integrated uppers and minimize lowers
leaf,PASS,4,64,1,1,0.857071074596784,0.8570832661669409,0.008009375000000001,0.01581875,0.0,3.681602574405497e-07,4.569202800734946,374068084.2508136,nan,3253.336977800005,,,D=union_ij D_ij; evaluate the complete parent-v54 amplitude on every x/t leaf; sum integrated uppers and minimize lowers
leaf,PASS,4,64,1,2,0.857071074596784,0.8570832661669409,0.01581875,0.023628125,0.0,1.3648701018034503e-06,9.468937810145535,6.5151943344555576e+16,nan,3470.491589799989,,,D=union_ij D_ij; evaluate the complete parent-v54 amplitude on every x/t leaf; sum integrated uppers and minimize lowers
leaf,PASS,4,64,1,3,0.857071074596784,0.8570832661669409,0.023628125,0.0314375,0.0,6.574387975233215e-06,7.778895372079213,22309408713436.207,nan,3552.283526299987,,,D=union_ij D_ij; evaluate the complete parent-v54 amplitude on every x/t leaf; sum integrated uppers and minimize lowers
leaf,PASS,4,64,1,4,0.857071074596784,0.8570832661669409,0.0314375,0.039246875,0.0,1.0904017424717293e-05,2.9510140776635962,2039998269.0721912,nan,3623.2530522000743,,,D=union_ij D_ij; evaluate the complete parent-v54 amplitude on every x/t leaf; sum integrated uppers and minimize lowers
leaf,PASS,4,64,1,5,0.857071074596784,0.8570832661669409,0.039246875,0.04705625,4.129193554440278e-06,4.129193554440278e-06,1.404155956578948,28460327328.3168,nan,3651.4432591000805,,,D=union_ij D_ij; evaluate the complete parent-v54 amplitude on every x/t leaf; sum integrated uppers and minimize lowers
leaf,PASS,4,64,1,6,0.857071074596784,0.8570832661669409,0.04705625,0.054865625,9.542272096650654e-06,9.542272096650654e-06,2.091905928958273,52236592.62849422,nan,3679.1939599000616,,,D=union_ij D_ij; evaluate the complete parent-v54 amplitude on every x/t leaf; sum integrated uppers and minimize lowers
leaf,PASS,4,64,1,7,0.857071074596784,0.8570832661669409,0.054865625,0.06267500000000001,1.4405209102365556e-05,1.4405209102365556e-05,2.568140872941574,1940002.8521916121,nan,3704.989633499994,,,D=union_ij D_ij; evaluate the complete parent-v54 amplitude on every x/t leaf; sum integrated uppers and minimize lowers
leaf,PASS,4,64,1,8,0.857071074596784,0.8570832661669409,0.06267500000000001,0.07048437500000002,1.892923450592198e-05,1.892923450592198e-05,0.758688500750316,15567881.981152084,nan,3712.257670800085,,,D=union_ij D_ij; evaluate the complete parent-v54 amplitude on every x/t leaf; sum integrated uppers and minimize lowers
leaf,PASS,4,64,1,9,0.857071074596784,0.8570832661669409,0.07048437500000002,0.07829375000000001,2.3230487636351345e-05,2.3230487636351345e-05,3.035069047846522,11307365.804910783,nan,3720.0727734999964,,,D=union_ij D_ij; evaluate the complete parent-v54 amplitude on every x/t leaf; sum integrated uppers and minimize lowers
leaf,PASS,4,64,1,10,0.857071074596784,0.8570832661669409,0.07829375000000001,0.086103125,2.7377920935524145e-05,2.7377920935524145e-05,10.309109774878774,652549.4578796136,nan,3723.5996816999977,,,D=union_ij D_ij; evaluate the complete parent-v54 amplitude on every x/t leaf; sum integrated uppers and minimize lowers
leaf,PASS,4,64,1,11,0.857071074596784,0.8570832661669409,0.086103125,0.09391250000000001,3.141497514243299e-05,6.928299895116818e-05,12.840334207609603,240961649767.0005,nan,3727.0730724000605,,,D=union_ij D_ij; evaluate the complete parent-v54 amplitude on every x/t leaf; sum integrated uppers and minimize lowers
leaf,PASS,4,64,1,12,0.857071074596784,0.8570832661669409,0.09391250000000001,0.10172187500000002,3.537032701440064e-05,9.061595374561491e-05,14.680773133290979,2434551.872542922,nan,3730.473836100078,,,D=union_ij D_ij; evaluate the complete parent-v54 amplitude on every x/t leaf; sum integrated uppers and minimize lowers
leaf,PASS,4,64,1,13,0.857071074596784,0.8570832661669409,0.10172187500000002,0.10953125000000001,3.9263633815581006e-05,0.00011136222596701721,16.371846635738954,254399.7712796626,nan,3734.387602300034,,,D=union_ij D_ij; evaluate the complete parent-v54 amplitude on every x/t leaf; sum integrated uppers and minimize lowers
leaf,PASS,4,64,1,14,0.857071074596784,0.8570832661669409,0.10953125000000001,0.117340625,4.3108805255527285e-05,0.0001316475256286554,17.81356316388941,54458.261837356506,nan,3737.661358500016,,,D=union_ij D_ij; evaluate the complete parent-v54 amplitude on every x/t leaf; sum integrated uppers and minimize lowers
leaf,PASS,4,64,1,15,0.857071074596784,0.8570832661669409,0.117340625,0.12515,4.6915945536232624e-05,0.00015156631502660762,18.986781155712418,16499.36680299446,nan,3741.012880500057,,,D=union_ij D_ij; evaluate the complete parent-v54 amplitude on every x/t leaf; sum integrated uppers and minimize lowers
leaf,PASS,4,64,1,16,0.857071074596784,0.8570832661669409,0.12515,0.13295937500000002,5.0692546226530846e-05,0.0001711882408634107,19.923152453994224,6202.526857573459,nan,3745.156598099973,,,D=union_ij D_ij; evaluate the complete parent-v54 amplitude on every x/t leaf; sum integrated uppers and minimize lowers
leaf,PASS,4,64,1,17,0.857071074596784,0.8570832661669409,0.13295937500000002,0.14076875000000003,5.444385237121488e-05,0.00019056644345514297,20.662648064781145,2709.3976278939203,nan,3748.6478893000167,,,D=union_ij D_ij; evaluate the complete parent-v54 amplitude on every x/t leaf; sum integrated uppers and minimize lowers
leaf,PASS,4,64,1,18,0.857071074596784,0.8570832661669409,0.14076875000000003,0.148578125,5.817434316248544e-05,0.0002097421318907348,21.24180660271513,1322.8139603498196,nan,3751.978993500001,,,D=union_ij D_ij; evaluate the complete parent-v54 amplitude on every x/t leaf; sum integrated uppers and minimize lowers
leaf,PASS,4,64,1,19,0.857071074596784,0.8570832661669409,0.148578125,0.1563875,6.188788757847564e-05,0.0002287479157106728,21.691189400056132,704.0003159014385,nan,3755.3306771999924,,,D=union_ij D_ij; evaluate the complete parent-v54 amplitude on every x/t leaf; sum integrated uppers and minimize lowers
leaf,PASS,4,64,1,20,0.857071074596784,0.8570832661669409,0.1563875,0.16419687500000002,6.558742357790678e-05,0.0002476097320706102,22.035554618803197,401.40572340821086,nan,3758.7246352999937,,,D=union_ij D_ij; evaluate the complete parent-v54 amplitude on every x/t leaf; sum integrated uppers and minimize lowers
leaf,PASS,4,64,1,21,0.857071074596784,0.8570832661669409,0.16419687500000002,0.17200625,6.927531388954136e-05,0.00026634851823568507,22.29474038299994,242.15627348176133,nan,3762.0446175000397,,,D=union_ij D_ij; evaluate the complete parent-v54 amplitude on every x/t leaf; sum integrated uppers and minimize lowers
leaf,PASS,4,64,1,22,0.857071074596784,0.8570832661669409,0.17200625,0.179815625,7.295310501244751e-05,0.000284981352517862,22.484607806061337,153.12159325674872,nan,3765.433273700066,,,D=union_ij D_ij; evaluate the complete parent-v54 amplitude on every x/t leaf; sum integrated uppers and minimize lowers
leaf,PASS,4,64,1,23,0.857071074596784,0.8570832661669409,0.179815625,0.18762500000000001,7.66220892080431e-05,0.00030352229747535573,22.617862620740013,100.75516761744554,nan,3768.755913399975,,,D=union_ij D_ij; evaluate the complete parent-v54 amplitude on every x/t leaf; sum integrated uppers and minimize lowers
leaf,PASS,4,64,1,24,0.857071074596784,0.8570832661669409,0.18762500000000001,0.19543437500000002,8.028335485271751e-05,0.0003219829633585897,22.704722221598615,68.59889352634289,nan,3772.0526447000448,,,D=union_ij D_ij; evaluate the complete parent-v54 amplitude on every x/t leaf; sum integrated uppers and minimize lowers
leaf,PASS,4,64,1,25,0.857071074596784,0.8570832661669409,0.19543437500000002,0.20324375000000003,8.393782291335769e-05,0.00034037301940063116,22.75344189861622,48.10637593098999,nan,3775.4537658999907,,,D=union_ij D_ij; evaluate the complete parent-v54 amplitude on every x/t leaf; sum integrated uppers and minimize lowers
leaf,PASS,4,64,1,26,0.857071074596784,0.8570832661669409,0.20324375000000003,0.211053125,8.758627636563822e-05,0.0003587008668218288,22.770725274617135,34.618299060708466,nan,3778.685341299977,,,D=union_ij D_ij; evaluate the complete parent-v54 amplitude on every x/t leaf; sum integrated uppers and minimize lowers
leaf,PASS,4,64,1,27,0.857071074596784,0.8570832661669409,0.211053125,0.21886250000000002,9.122933043219653e-05,0.0003769735324483474,22.76204363915688,25.48967140269991,nan,3782.024063299992,,,D=union_ij D_ij; evaluate the complete parent-v54 amplitude on every x/t leaf; sum integrated uppers and minimize lowers
leaf,PASS,4,64,1,28,0.857071074596784,0.8570832661669409,0.21886250000000002,0.22667187500000002,9.486760825122815e-05,0.00039519698627717023,22.73188433899124,19.152782238315137,nan,3785.3599191000685,,,D=union_ij D_ij; evaluate the complete parent-v54 amplitude on every x/t leaf; sum integrated uppers and minimize lowers
leaf,PASS,4,64,1,29,0.857071074596784,0.8570832661669409,0.22667187500000002,0.23448125,9.850160787910035e-05,0.00041337577067445563,22.683944070711153,14.653067334022927,nan,3788.707340800087,,,D=union_ij D_ij; evaluate the complete parent-v54 amplitude on every x/t leaf; sum integrated uppers and minimize lowers
leaf,PASS,4,64,1,30,0.857071074596784,0.8570832661669409,0.23448125,0.242290625,0.0001021317583527834,0.0004315146827655454,22.621283711586234,11.393280812921967,nan,3791.975099100033,,,D=union_ij D_ij; evaluate the complete parent-v54 amplitude on every x/t leaf; sum integrated uppers and minimize lowers
leaf,PASS,4,64,1,31,0.857071074596784,0.8570832661669409,0.242290625,0.2501,0.00010575843135609585,0.0004496175055498912,22.54640802812107,8.989070174979407,nan,3795.2749403000344,,,D=union_ij D_ij; evaluate the complete parent-v54 amplitude on every x/t leaf; sum integrated uppers and minimize lowers
leaf,PASS,4,64,1,32,0.857071074596784,0.8570832661669409,0.2501,0.257909375,0.00010938195246065944,0.0004676879331273378,22.461481331723732,7.186497122687632,nan,3798.553097199998,,,D=union_ij D_ij; evaluate the complete parent-v54 amplitude on every x/t leaf; sum integrated uppers and minimize lowers
leaf,PASS,4,64,1,33,0.857071074596784,0.8570832661669409,0.257909375,0.26571875,0.00011300260567565733,0.0004857288834791317,22.36827925561421,5.814888345091962,nan,3801.829104900011,,,D=union_ij D_ij; evaluate the complete parent-v54 amplitude on every x/t leaf; sum integrated uppers and minimize lowers
leaf,PASS,4,64,1,34,0.857071074596784,0.8570832661669409,0.26571875,0.273528125,0.00011662064027838683,0.0005037429176450557,22.26829223019329,4.757288310463814,nan,3805.1776206999784,,,D=union_ij D_ij; evaluate the complete parent-v54 amplitude on every x/t leaf; sum integrated uppers and minimize lowers
leaf,PASS,4,64,1,35,0.857071074596784,0.8570832661669409,0.273528125,0.2813375,0.00012023627579139526,0.0005217322939920562,22.162775289229714,3.931341630143827,nan,3808.435129999998,,,D=union_ij D_ij; evaluate the complete parent-v54 amplitude on every x/t leaf; sum integrated uppers and minimize lowers
leaf,PASS,4,64,1,36,0.857071074596784,0.8570832661669409,0.2813375,0.28914687499999997,0.00012384970613961226,0.0005396990110136618,22.05278792565668,3.2792548088352493,nan,3811.7021375000477,,,D=union_ij D_ij; evaluate the complete parent-v54 amplitude on every x/t leaf; sum integrated uppers and minimize lowers
leaf,PASS,4,64,1,37,0.857071074596784,0.8570832661669409,0.28914687499999997,0.29695625,0.0001274611031467854,0.0005576448431201048,21.93922655211953,2.7588096251148473,nan,3814.9896657000063,,,D=union_ij D_ij; evaluate the complete parent-v54 amplitude on every x/t leaf; sum integrated uppers and minimize lowers
leaf,PASS,4,64,1,38,0.857071074596784,0.8570832661669409,0.29695625,0.304765625,0.0001310706194881812,0.0005755713707174717,21.82285106342959,2.339299922028629,nan,3818.1763135000365,,,D=union_ij D_ij; evaluate the complete parent-v54 amplitude on every x/t leaf; sum integrated uppers and minimize lowers
leaf,PASS,4,64,1,39,0.857071074596784,0.8570832661669409,0.304765625,0.312575,0.00013467839119386157,0.0005934800056069069,21.70430667062657,1.998077356763928,nan,3821.409763499978,,,D=union_ij D_ij; evaluate the complete parent-v54 amplitude on every x/t leaf; sum integrated uppers and minimize lowers
leaf,PASS,4,64,1,40,0.857071074596784,0.8570832661669409,0.312575,0.320384375,0.00013828453977892313,0.0006113720125287478,21.58414192556225,1.718205287741885,nan,3824.7809433999937,,,D=union_ij D_ij; evaluate the complete parent-v54 amplitude on every x/t leaf; sum integrated uppers and minimize lowers
leaf,PASS,4,64,1,41,0.857071074596784,0.8570832661669409,0.320384375,0.32819375,0.00014188917406283248,0.0006292485275139696,21.46282366142214,1.4879898187309726,nan,3828.046849000035,,,D=union_ij D_ij; evaluate the complete parent-v54 amplitude on every x/t leaf; sum integrated uppers and minimize lowers
leaf,PASS,4,64,1,42,0.857071074596784,0.8570832661669409,0.32819375,0.336003125,0.0001454923917286195,0.0006471105735783452,21.34074942490889,1.2963419061629209,nan,3831.3658151000272,,,D=union_ij D_ij; evaluate the complete parent-v54 amplitude on every x/t leaf; sum integrated uppers and minimize lowers
leaf,PASS,4,64,1,43,0.857071074596784,0.8570832661669409,0.336003125,0.34381249999999997,0.00014909428066356973,0.0006649590741966776,21.218257859606567,1.1356024336715391,nan,3834.6684733000584,,,D=union_ij D_ij; evaluate the complete parent-v54 amplitude on every x/t leaf; sum integrated uppers and minimize lowers
leaf,PASS,4,64,1,44,0.857071074596784,0.8570832661669409,0.34381249999999997,0.351621875,0.00015269491971527474,0.0006827948647978818,21.095637407034776,0.9999329742275992,nan,3837.8918116000714,,,D=union_ij D_ij; evaluate the complete parent-v54 amplitude on every x/t leaf; sum integrated uppers and minimize lowers
leaf,PASS,4,64,1,45,0.857071074596784,0.8570832661669409,0.351621875,0.35943125,0.0001562943783177488,0.0007006187031446317,20.97313362895406,0.8847265254918188,nan,3841.118416100042,,,D=union_ij D_ij; evaluate the complete parent-v54 amplitude on every x/t leaf; sum integrated uppers and minimize lowers
leaf,PASS,4,64,1,46,0.857071074596784,0.8570832661669409,0.35943125,0.367240625,0.00015989272420880043,0.0007184312777049883,20.850955376227734,0.7863532507433144,nan,3844.4441803999944,,,D=union_ij D_ij; evaluate the complete parent-v54 amplitude on every x/t leaf; sum integrated uppers and minimize lowers
leaf,PASS,4,64,1,47,0.857071074596784,0.8570832661669409,0.367240625,0.37505,0.0001634900161837781,0.0007362332153338062,20.729280010659487,0.702020461392807,nan,3847.6933418000117,,,D=union_ij D_ij; evaluate the complete parent-v54 amplitude on every x/t leaf; sum integrated uppers and minimize lowers
leaf,PASS,4,64,1,48,0.857071074596784,0.8570832661669409,0.37505,0.382859375,0.00016708630768554611,0.0007540250878905578,20.608257844942024,0.629257096716146,nan,3850.913822600036,,,D=union_ij D_ij; evaluate the complete parent-v54 amplitude on every x/t leaf; sum integrated uppers and minimize lowers
leaf,PASS,4,64,1,49,0.857071074596784,0.8570832661669409,0.382859375,0.39066875,0.00017068164738117696,0.0007718074180282588,20.48801590503414,0.5661769673398646,nan,3854.2308429999975,,,D=union_ij D_ij; evaluate the complete parent-v54 amplitude on every x/t leaf; sum integrated uppers and minimize lowers
leaf,PASS,4,64,1,50,0.857071074596784,0.8570832661669409,0.39066875,0.398478125,0.00017427607966773677,0.0007895806842745971,20.368661148765636,0.5112585027831731,nan,3857.451387100038,,,D=union_ij D_ij; evaluate the complete parent-v54 amplitude on every x/t leaf; sum integrated uppers and minimize lowers
leaf,PASS,4,64,1,51,0.857071074596784,0.8570832661669409,0.398478125,0.4062875,0.00017786964511695298,0.0008073453255035549,20.25028321575381,0.46326312453771235,nan,3860.7551598000573,,,D=union_ij D_ij; evaluate the complete parent-v54 amplitude on every x/t leaf; sum integrated uppers and minimize lowers
leaf,PASS,4,64,1,52,0.857071074596784,0.8570832661669409,0.4062875,0.414096875,0.00018146238086705894,0.0008251017112755139,20.132956783880974,0.4211245477045266,nan,3865.133742199978,,,D=union_ij D_ij; evaluate the complete parent-v54 amplitude on every x/t leaf; sum integrated uppers and minimize lowers
leaf,PASS,4,64,1,53,0.857071074596784,0.8570832661669409,0.414096875,0.42190625,0.00018505432096886272,0.0008428499601924602,20.01674359308474,0.3839869295327982,nan,3868.4410478000063,,,D=union_ij D_ij; evaluate the complete parent-v54 amplitude on every x/t leaf; sum integrated uppers and minimize lowers
leaf,PASS,4,64,1,54,0.857071074596784,0.8570832661669409,0.42190625,0.429715625,0.00018864549669204706,0.0008605906993598613,19.901694186973508,0.3511377426168257,nan,3871.7233194999862,,,D=union_ij D_ij; evaluate the complete parent-v54 amplitude on every x/t leaf; sum integrated uppers and minimize lowers
leaf,PASS,4,64,1,55,0.857071074596784,0.8570832661669409,0.429715625,0.437525,0.00019223593679683243,0.0008783242441518028,19.911890034674258,0.3199759091016653,nan,3875.9700960000046,,,D=union_ij D_ij; evaluate the complete parent-v54 amplitude on every x/t leaf; sum integrated uppers and minimize lowers
leaf,PASS,4,64,1,56,0.857071074596784,0.8570832661669409,0.437525,0.445334375,0.0001958256677754037,0.0008960508860164852,19.999198156910232,0.2912236118693067,nan,3879.275739600067,,,D=union_ij D_ij; evaluate the complete parent-v54 amplitude on every x/t leaf; sum integrated uppers and minimize lowers
leaf,PASS,4,64,1,57,0.857071074596784,0.8570832661669409,0.445334375,0.45314375,0.00019941471406687935,0.0009137708946587961,20.058550531045874,0.2660986465338075,nan,3882.885954400059,,,D=union_ij D_ij; evaluate the complete parent-v54 amplitude on every x/t leaf; sum integrated uppers and minimize lowers
leaf,PASS,4,64,1,58,0.857071074596784,0.8570832661669409,0.45314375,0.460953125,0.0002030030982490796,0.0009314845199915411,20.094315195231367,0.244014477481893,nan,3886.2632151000435,,,D=union_ij D_ij; evaluate the complete parent-v54 amplitude on every x/t leaf; sum integrated uppers and minimize lowers
leaf,PASS,4,64,1,59,0.857071074596784,0.8570832661669409,0.460953125,0.46876249999999997,0.0002065908412099055,0.0009491919938832076,20.110119591936243,0.22450052552932773,nan,3889.5449635999976,,,D=union_ij D_ij; evaluate the complete parent-v54 amplitude on every x/t leaf; sum integrated uppers and minimize lowers
leaf,PASS,4,64,1,60,0.857071074596784,0.8570832661669409,0.46876249999999997,0.476571875,0.00021017796230076265,0.0009668935317263878,20.109026427752738,0.20717473389340457,nan,3892.798043000046,,,D=union_ij D_ij; evaluate the complete parent-v54 amplitude on every x/t leaf; sum integrated uppers and minimize lowers
leaf,PASS,4,64,1,61,0.857071074596784,0.8570832661669409,0.476571875,0.48438125,0.00021376447947414213,0.0009845893338478022,20.093611699988717,0.19172419905898372,nan,3896.082271500025,,,D=union_ij D_ij; evaluate the complete parent-v54 amplitude on every x/t leaf; sum integrated uppers and minimize lowers
leaf,PASS,4,64,1,62,0.857071074596784,0.8570832661669409,0.48438125,0.492190625,0.00021735040880993325,0.0010022795867780944,20.06604163293896,0.17789050569267525,nan,3899.2536955000833,,,D=union_ij D_ij; evaluate the complete parent-v54 amplitude on every x/t leaf; sum integrated uppers and minimize lowers
leaf,PASS,4,64,1,63,0.857071074596784,0.8570832661669409,0.492190625,0.5,0.0002209357302512399,0.0010199644643972801,20.028150919487818,0.16545848636385957,nan,3902.513151800027,,,D=union_ij D_ij; evaluate the complete parent-v54 amplitude on every x/t leaf; sum integrated uppers and minimize lowers
leaf,PASS,4,64,2,0,0.8570832661669409,0.8570954577370977,0.0002,0.008009375000000001,0.0,1.8910427091829266e-08,3.3783249595721596,759531353.014963,nan,4783.771711500012,,,D=union_ij D_ij; evaluate the complete parent-v54 amplitude on every x/t leaf; sum integrated uppers and minimize lowers
leaf,PASS,4,64,2,1,0.8570832661669409,0.8570954577370977,0.008009375000000001,0.01581875,0.0,4.064919107010714e-08,4.586682733571727,29116336889.229996,nan,5200.102930800058,,,D=union_ij D_ij; evaluate the complete parent-v54 amplitude on every x/t leaf; sum integrated uppers and minimize lowers
leaf,PASS,4,64,2,2,0.8570832661669409,0.8570954577370977,0.01581875,0.023628125,0.0,1.4369979509939908e-06,9.468011062608095,5.21983573238501e+16,nan,5575.664693900035,,,D=union_ij D_ij; evaluate the complete parent-v54 amplitude on every x/t leaf; sum integrated uppers and minimize lowers
leaf,PASS,4,64,2,3,0.8570832661669409,0.8570954577370977,0.023628125,0.0314375,0.0,6.4603339160128e-06,7.777741211567432,23283618196229.5,nan,5713.040862200083,,,D=union_ij D_ij; evaluate the complete parent-v54 amplitude on every x/t leaf; sum integrated uppers and minimize lowers
leaf,PASS,4,64,2,4,0.8570832661669409,0.8570954577370977,0.0314375,0.039246875,0.0,1.0772955994490176e-05,2.9493202406952066,2100669970.4666538,nan,5844.731489100028,,,D=union_ij D_ij; evaluate the complete parent-v54 amplitude on every x/t leaf; sum integrated uppers and minimize lowers
leaf,PASS,4,64,2,5,0.8570832661669409,0.8570954577370977,0.039246875,0.04705625,3.990850364148335e-06,3.990850364148335e-06,1.4038038422436416,32229355915.065132,nan,5891.882327000028,,,D=union_ij D_ij; evaluate the complete parent-v54 amplitude on every x/t leaf; sum integrated uppers and minimize lowers
leaf,PASS,4,64,2,6,0.8570832661669409,0.8570954577370977,0.04705625,0.054865625,9.389506727903633e-06,9.389506727903633e-06,2.091556592100573,54985537.58917978,nan,5925.93576760008,,,D=union_ij D_ij; evaluate the complete parent-v54 amplitude on every x/t leaf; sum integrated uppers and minimize lowers
leaf,PASS,4,64,2,7,0.8570832661669409,0.8570954577370977,0.054865625,0.06267500000000001,1.4239294032704613e-05,1.4239294032704613e-05,2.5677985592785952,2017970.2983173456,nan,5952.8837106000865,,,D=union_ij D_ij; evaluate the complete parent-v54 amplitude on every x/t leaf; sum integrated uppers and minimize lowers
leaf,PASS,4,64,2,8,0.8570832661669409,0.8570954577370977,0.06267500000000001,0.07048437500000002,1.8751184653299006e-05,1.8751184653299006e-05,0.7541583726470652,16152932.494417492,nan,5960.138614900061,,,D=union_ij D_ij; evaluate the complete parent-v54 amplitude on every x/t leaf; sum integrated uppers and minimize lowers
leaf,PASS,4,64,2,9,0.8570832661669409,0.8570954577370977,0.07048437500000002,0.07829375000000001,2.3041096863142953e-05,2.3041096863142953e-05,3.034732641778848,12365277.626243776,nan,5967.965230299975,,,D=union_ij D_ij; evaluate the complete parent-v54 amplitude on every x/t leaf; sum integrated uppers and minimize lowers
leaf,PASS,4,64,2,10,0.8570832661669409,0.8570954577370977,0.07829375000000001,0.086103125,2.7177846054741884e-05,2.7177846054741884e-05,10.307429667091517,684923.863777588,nan,5971.637764099985,,,D=union_ij D_ij; evaluate the complete parent-v54 amplitude on every x/t leaf; sum integrated uppers and minimize lowers
leaf,PASS,4,64,2,11,0.8570832661669409,0.8570954577370977,0.086103125,0.09391250000000001,3.120477155767264e-05,6.819280863775795e-05,12.839419957009605,237183328436.12308,nan,5975.248232300044,,,D=union_ij D_ij; evaluate the complete parent-v54 amplitude on every x/t leaf; sum integrated uppers and minimize lowers
leaf,PASS,4,64,2,12,0.8570832661669409,0.8570954577370977,0.09391250000000001,0.10172187500000002,3.515047255775634e-05,8.94794847675917e-05,14.680226727451366,2495618.1593403914,nan,5978.487313300022,,,D=union_ij D_ij; evaluate the complete parent-v54 amplitude on every x/t leaf; sum integrated uppers and minimize lowers
leaf,PASS,4,64,2,13,0.8570832661669409,0.8570954577370977,0.10172187500000002,0.10953125000000001,3.903454562318421e-05,0.00011018132311576409,16.37160203185752,259828.5964161425,nan,5981.778814900084,,,D=union_ij D_ij; evaluate the complete parent-v54 amplitude on every x/t leaf; sum integrated uppers and minimize lowers
leaf,PASS,4,64,2,14,0.8570832661669409,0.8570954577370977,0.10953125000000001,0.117340625,4.2870851079687913e-05,0.00013042383394350167,17.81364393844219,55476.8176035101,nan,5985.616637600004,,,D=union_ij D_ij; evaluate the complete parent-v54 amplitude on every x/t leaf; sum integrated uppers and minimize lowers
leaf,PASS,4,64,2,15,0.8570832661669409,0.8570954577370977,0.117340625,0.12515,4.666945338694449e-05,0.00015030131366658924,18.987152047062644,16775.691688648123,nan,5988.973976299982,,,D=union_ij D_ij; evaluate the complete parent-v54 amplitude on every x/t leaf; sum integrated uppers and minimize lowers
leaf,PASS,4,64,2,16,0.8570832661669409,0.8570954577370977,0.12515,0.13295937500000002,5.0437810958011035e-05,0.00016988326913469607,19.923768228649536,6298.34804426786,nan,5992.531784799998,,,D=union_ij D_ij; evaluate the complete parent-v54 amplitude on every x/t leaf; sum integrated uppers and minimize lowers
leaf,PASS,4,64,2,17,0.8570832661669409,0.8570954577370977,0.13295937500000002,0.14076875000000003,5.418123550348925e-05,0.0001892227217258836,20.66346678993437,2748.1478999887104,nan,5996.646985300002,,,D=union_ij D_ij; evaluate the complete parent-v54 amplitude on every x/t leaf; sum integrated uppers and minimize lowers
leaf,PASS,4,64,2,18,0.8570832661669409,0.8570954577370977,0.14076875000000003,0.148578125,5.7904033245238464e-05,0.00020836077822380372,21.242792619659514,1340.500756147993,nan,6000.016552200075,,,D=union_ij D_ij; evaluate the complete parent-v54 amplitude on every x/t leaf; sum integrated uppers and minimize lowers
leaf,PASS,4,64,2,19,0.8570832661669409,0.8570954577370977,0.148578125,0.1563875,6.161064034338108e-05,0.00022732995954482252,21.69231326623812,712.8679622121788,nan,6003.442083699978,,,D=union_ij D_ij; evaluate the complete parent-v54 amplitude on every x/t leaf; sum integrated uppers and minimize lowers
leaf,PASS,4,64,2,20,0.8570832661669409,0.8570954577370977,0.1563875,0.16419687500000002,6.530377389961133e-05,0.00024615612538464015,22.036792249636104,406.1985336705526,nan,6007.0812082000775,,,D=union_ij D_ij; evaluate the complete parent-v54 amplitude on every x/t leaf; sum integrated uppers and minimize lowers
leaf,PASS,4,64,2,21,0.8570832661669409,0.8570954577370977,0.16419687500000002,0.17200625,6.898530953297243e-05,0.0002648601448564101,22.296072097303473,244.91128021120704,nan,6010.453398199985,,,D=union_ij D_ij; evaluate the complete parent-v54 amplitude on every x/t leaf; sum integrated uppers and minimize lowers
leaf,PASS,4,64,2,22,0.8570832661669409,0.8570954577370977,0.17200625,0.179815625,7.26568029600184e-05,0.0002834590359327591,22.486017478217004,154.78836196502135,nan,6014.14265970001,,,D=union_ij D_ij; evaluate the complete parent-v54 amplitude on every x/t leaf; sum integrated uppers and minimize lowers
leaf,PASS,4,64,2,23,0.8570832661669409,0.8570954577370977,0.179815625,0.18762500000000001,7.63195528900519e-05,0.00030196665708058344,22.619336981410722,101.8085598038248,nan,6017.602617600001,,,D=union_ij D_ij; evaluate the complete parent-v54 amplitude on every x/t leaf; sum integrated uppers and minimize lowers
leaf,PASS,4,64,2,24,0.8570832661669409,0.8570954577370977,0.18762500000000001,0.19543437500000002,7.997465184906266e-05,0.0003203946697667748,22.706250297514064,69.28984145521045,nan,6021.116618299973,,,D=union_ij D_ij; evaluate the complete parent-v54 amplitude on every x/t leaf; sum integrated uppers and minimize lowers
leaf,PASS,4,64,2,25,0.8570832661669409,0.8570954577370977,0.19543437500000002,0.20324375000000003,8.362302329700867e-05,0.0003387529454602105,22.75501456866588,48.57422834745524,nan,6024.369978600065,,,D=union_ij D_ij; evaluate the complete parent-v54 amplitude on every x/t leaf; sum integrated uppers and minimize lowers
leaf,PASS,4,64,2,26,0.8570832661669409,0.8570954577370977,0.20324375000000003,0.211053125,8.726545150314405e-05,0.00035704965202130193,22.772334918969282,34.94413374978471,nan,6027.648898600019,,,D=union_ij D_ij; evaluate the complete parent-v54 amplitude on every x/t leaf; sum integrated uppers and minimize lowers
leaf,PASS,4,64,2,27,0.8570832661669409,0.8570954577370977,0.211053125,0.21886250000000002,9.090260562743966e-05,0.0003752917808907491,22.763683861576318,25.717991139798976,nan,6030.7781533000525,,,D=union_ij D_ij; evaluate the complete parent-v54 amplitude on every x/t leaf; sum integrated uppers and minimize lowers
leaf,PASS,4,64,2,28,0.8570832661669409,0.8570954577370977,0.21886250000000002,0.22667187500000002,9.453501417540159e-05,0.00039348526980259216,22.73354974599919,19.31419462827226,nan,6033.922665800084,,,D=union_ij D_ij; evaluate the complete parent-v54 amplitude on every x/t leaf; sum integrated uppers and minimize lowers
leaf,PASS,4,64,2,29,0.8570832661669409,0.8570954577370977,0.22667187500000002,0.23448125,9.816318667047929e-05,0.0004116346315035615,22.685630094898645,14.769040238480274,nan,6037.255587700056,,,D=union_ij D_ij; evaluate the complete parent-v54 amplitude on every x/t leaf; sum integrated uppers and minimize lowers
leaf,PASS,4,64,2,30,0.8570832661669409,0.8570954577370977,0.23448125,0.242290625,0.00010178758028037276,0.0004297446364901143,22.62298647122794,11.479002760093339,nan,6040.360749999993,,,D=union_ij D_ij; evaluate the complete parent-v54 amplitude on every x/t leaf; sum integrated uppers and minimize lowers
leaf,PASS,4,64,2,31,0.8570832661669409,0.8570954577370977,0.242290625,0.2501,0.00010540856550205536,0.0004478190432423625,22.548124317772558,9.054628294284992,nan,6044.316206000047,,,D=union_ij D_ij; evaluate the complete parent-v54 amplitude on every x/t leaf; sum integrated uppers and minimize lowers
leaf,PASS,4,64,2,32,0.8570832661669409,0.8570954577370977,0.2501,0.257909375,0.00010902646654717012,0.00046586152204033097,22.46320820209674,7.237565255823129,nan,6048.613822099986,,,D=union_ij D_ij; evaluate the complete parent-v54 amplitude on every x/t leaf; sum integrated uppers and minimize lowers
leaf,PASS,4,64,2,33,0.8570832661669409,0.8570954577370977,0.257909375,0.26571875,0.00011264156595537095,0.0004838749702743393,22.370014275133563,5.8551425827745485,nan,6051.666986300028,,,D=union_ij D_ij; evaluate the complete parent-v54 amplitude on every x/t leaf; sum integrated uppers and minimize lowers
leaf,PASS,4,64,2,34,0.8570832661669409,0.8570954577370977,0.26571875,0.273528125,0.00011625411146049542,0.0005018619294319875,22.27003330650008,4.789430163733211,nan,6055.001103500021,,,D=union_ij D_ij; evaluate the complete parent-v54 amplitude on every x/t leaf; sum integrated uppers and minimize lowers
leaf,PASS,4,64,2,35,0.8570832661669409,0.8570954577370977,0.273528125,0.2813375,0.00011986432100227506,0.0005198246397297889,22.16452061773903,3.95730697485019,nan,6058.361979800044,,,D=union_ij D_ij; evaluate the complete parent-v54 amplitude on every x/t leaf; sum integrated uppers and minimize lowers
leaf,PASS,4,64,2,36,0.8570832661669409,0.8570954577370977,0.2813375,0.28914687499999997,0.0001234723869073933,0.0005377650827755988,22.054535946877284,3.300446915972462,nan,6061.428212300059,,,D=union_ij D_ij; evaluate the complete parent-v54 amplitude on every x/t leaf; sum integrated uppers and minimize lowers
leaf,PASS,4,64,2,37,0.8570832661669409,0.8570954577370977,0.28914687499999997,0.29695625,0.00012707847940373435,0.0005556850172384996,21.94097591607486,2.77626725469421,nan,6064.796281900024,,,D=union_ij D_ij; evaluate the complete parent-v54 amplitude on every x/t leaf; sum integrated uppers and minimize lowers
leaf,PASS,4,64,2,38,0.8570832661669409,0.8570954577370977,0.29695625,0.304765625,0.00013068274958625629,0.0005735860088220295,21.824600599864574,2.353808128384673,nan,6068.079524300061,,,D=union_ij D_ij; evaluate the complete parent-v54 amplitude on every x/t leaf; sum integrated uppers and minimize lowers
leaf,PASS,4,64,2,39,0.8570832661669409,0.8570954577370977,0.304765625,0.312575,0.0001342853319299033,0.0005914694555697523,21.706055363952167,2.0102310546116264,nan,6072.4686002000235,,,D=union_ij D_ij; evaluate the complete parent-v54 amplitude on every x/t leaf; sum integrated uppers and minimize lowers
leaf,PASS,4,64,2,40,0.8570832661669409,0.8570954577370977,0.312575,0.320384375,0.00013788634642677964,0.0006093366093263412,21.585888893698222,1.7284626665638636,nan,6075.580550600076,,,D=union_ij D_ij; evaluate the complete parent-v54 amplitude on every x/t leaf; sum integrated uppers and minimize lowers
leaf,PASS,4,64,2,41,0.8570832661669409,0.8570954577370977,0.320384375,0.32819375,0.0001414859004103547,0.0006271885940151382,21.464568137862813,1.4955786854112219,nan,6078.666937700007,,,D=union_ij D_ij; evaluate the complete parent-v54 amplitude on every x/t leaf; sum integrated uppers and minimize lowers
leaf,PASS,4,64,2,42,0.8570832661669409,0.8570954577370977,0.32819375,0.336003125,0.0001450840901179446,0.0006450264212663769,21.342490743464598,1.3016954338683528,nan,6081.728215500014,,,D=union_ij D_ij; evaluate the complete parent-v54 amplitude on every x/t leaf; sum integrated uppers and minimize lowers
leaf,PASS,4,64,2,43,0.8570832661669409,0.8570954577370977,0.336003125,0.34381249999999997,0.0001486810020334843,0.000662851003832413,21.21999544137652,1.1391821485310423,nan,6084.899515800062,,,D=union_ij D_ij; evaluate the complete parent-v54 amplitude on every x/t leaf; sum integrated uppers and minimize lowers
leaf,PASS,4,64,2,44,0.8570832661669409,0.8570954577370977,0.34381249999999997,0.351621875,0.0001522767135886464,0.0006806631670301994,21.097370749252107,1.0024146594095422,nan,6088.12350700004,,,D=union_ij D_ij; evaluate the complete parent-v54 amplitude on every x/t leaf; sum integrated uppers and minimize lowers
leaf,PASS,4,64,2,45,0.8570832661669409,0.8570954577370977,0.351621875,0.35943125,0.0001558712926702115,0.0006984636590719632,20.97486229538498,0.8868509008906934,nan,6091.181008000043,,,D=union_ij D_ij; evaluate the complete parent-v54 amplitude on every x/t leaf; sum integrated uppers and minimize lowers
leaf,PASS,4,64,2,46,0.8570832661669409,0.8570954577370977,0.35943125,0.367240625,0.00015946480606837717,0.0007162531593959107,20.852678988415303,0.7881725812065395,nan,6094.360470300075,,,D=union_ij D_ij; evaluate the complete parent-v54 amplitude on every x/t leaf; sum integrated uppers and minimize lowers
leaf,PASS,4,64,2,47,0.8570832661669409,0.8570954577370977,0.367240625,0.37505,0.00016305731134588013,0.0007340322863074628,20.73099824217869,0.7034793006711781,nan,6097.605411500088,,,D=union_ij D_ij; evaluate the complete parent-v54 amplitude on every x/t leaf; sum integrated uppers and minimize lowers
leaf,PASS,4,64,2,48,0.8570832661669409,0.8570954577370977,0.37505,0.382859375,0.00016664886075615007,0.0007518016035622543,20.609970414055365,0.6305293406385475,nan,6100.621564100031,,,D=union_ij D_ij; evaluate the complete parent-v54 amplitude on every x/t leaf; sum integrated uppers and minimize lowers
leaf,PASS,4,64,2,49,0.8570832661669409,0.8570954577370977,0.382859375,0.39066875,0.00017023950181895229,0.0007695616261231364,20.489722569435347,0.5673322843146054,nan,6103.721304900013,,,D=union_ij D_ij; evaluate the complete parent-v54 amplitude on every x/t leaf; sum integrated uppers and minimize lowers
leaf,PASS,4,64,2,50,0.8570832661669409,0.8570954577370977,0.39066875,0.398478125,0.00017382927782498258,0.0007873128252122651,20.37036170103166,0.512307150204442,nan,6106.846716700005,,,D=union_ij D_ij; evaluate the complete parent-v54 amplitude on every x/t leaf; sum integrated uppers and minimize lowers
leaf,PASS,4,64,2,51,0.8570832661669409,0.8570954577370977,0.398478125,0.4062875,0.00017741822827925058,0.000805055632756257,20.251977479255867,0.4641929604162355,nan,6109.87831900001,,,D=union_ij D_ij; evaluate the complete parent-v54 amplitude on every x/t leaf; sum integrated uppers and minimize lowers
leaf,PASS,4,64,2,52,0.8570832661669409,0.8570954577370977,0.4062875,0.414096875,0.00018100638929158236,0.0008227904453072029,20.134644609207154,0.4219521106782751,nan,6113.059099200065,,,D=union_ij D_ij; evaluate the complete parent-v54 amplitude on every x/t leaf; sum integrated uppers and minimize lowers
leaf,PASS,4,64,2,53,0.8570832661669409,0.8570954577370977,0.414096875,0.42190625,0.0001845937939213168,0.0008405174007287715,20.01842485490369,0.3847260894078111,nan,6116.217361900024,,,D=union_ij D_ij; evaluate the complete parent-v54 amplitude on every x/t leaf; sum integrated uppers and minimize lowers
leaf,PASS,4,64,2,54,0.8570832661669409,0.8570954577370977,0.42190625,0.429715625,0.00018818047248222409,0.0008582369693320227,19.90336878127929,0.3518003706472316,nan,6119.556796199991,,,D=union_ij D_ij; evaluate the complete parent-v54 amplitude on every x/t leaf; sum integrated uppers and minimize lowers
leaf,PASS,4,64,2,55,0.8570832661669409,0.8570954577370977,0.429715625,0.437525,0.0001917664528127946,0.0008759495523600215,19.91351073578787,0.3205691051895693,nan,6122.761052499991,,,D=union_ij D_ij; evaluate the complete parent-v54 amplitude on every x/t leaf; sum integrated uppers and minimize lowers
leaf,PASS,4,64,2,56,0.8570832661669409,0.8570954577370977,0.437525,0.445334375,0.0001953517605163104,0.0008936554357803326,20.000843090590553,0.29175325892484366,nan,6125.970539800008,,,D=union_ij D_ij; evaluate the complete parent-v54 amplitude on every x/t leaf; sum integrated uppers and minimize lowers
leaf,PASS,4,64,2,57,0.8570832661669409,0.8570954577370977,0.445334375,0.45314375,0.0001989364191744878,0.0009113548840573745,20.060215077181084,0.2665736786554056,nan,6129.090398199973,,,D=union_ij D_ij; evaluate the complete parent-v54 amplitude on every x/t leaf; sum integrated uppers and minimize lowers
leaf,PASS,4,64,2,58,0.8570832661669409,0.8570954577370977,0.45314375,0.460953125,0.00020252045053795322,0.0009290481420891292,20.095995446309395,0.24444228182517558,nan,6132.450998999993,,,D=union_ij D_ij; evaluate the complete parent-v54 amplitude on every x/t leaf; sum integrated uppers and minimize lowers
leaf,PASS,4,64,2,59,0.8570832661669409,0.8570954577370977,0.460953125,0.46876249999999997,0.00020610387469636974,0.0009467354369414975,20.111812180248393,0.22488726156421815,nan,6135.564800800057,,,D=union_ij D_ij; evaluate the complete parent-v54 amplitude on every x/t leaf; sum integrated uppers and minimize lowers
leaf,PASS,4,64,2,60,0.8570832661669409,0.8570954577370977,0.46876249999999997,0.476571875,0.00020968671023065025,0.0009644169794043203,20.110728583762594,0.20752557355402879,nan,6138.60449310008,,,D=union_ij D_ij; evaluate the complete parent-v54 amplitude on every x/t leaf; sum integrated uppers and minimize lowers
leaf,PASS,4,64,2,61,0.8570832661669409,0.8570954577370977,0.476571875,0.48438125,0.00021326897434937252,0.0009820929653899181,20.09532101704838,0.19204351579421702,nan,6141.586002700031,,,D=union_ij D_ij; evaluate the complete parent-v54 amplitude on every x/t leaf; sum integrated uppers and minimize lowers
leaf,PASS,4,64,2,62,0.8570832661669409,0.8570954577370977,0.48438125,0.492190625,0.00021685068301123192,0.0009997635771922379,20.06775605335131,0.17818202008701556,nan,6145.740655899979,,,D=union_ij D_ij; evaluate the complete parent-v54 amplitude on every x/t leaf; sum integrated uppers and minimize lowers
leaf,PASS,4,64,2,63,0.8570832661669409,0.8570954577370977,0.492190625,0.5,0.0002204318510351337,0.0010174289846224154,20.029868680256655,0.16572538135346762,nan,6148.815564400051,,,D=union_ij D_ij; evaluate the complete parent-v54 amplitude on every x/t leaf; sum integrated uppers and minimize lowers
leaf,PASS,4,64,3,0,0.8570954577370977,0.8571076493072545,0.0002,0.008009375000000001,0.0,5.1196155578172134e-08,18.27935454087211,413235342.6032292,nan,6364.735253400053,,,D=union_ij D_ij; evaluate the complete parent-v54 amplitude on every x/t leaf; sum integrated uppers and minimize lowers
leaf,PASS,4,64,3,1,0.8570954577370977,0.8571076493072545,0.008009375000000001,0.01581875,0.0,1.6924822746997203e-06,4.604205772443774,30285364.56982153,nan,6663.229648999986,,,D=union_ij D_ij; evaluate the complete parent-v54 amplitude on every x/t leaf; sum integrated uppers and minimize lowers
leaf,PASS,4,64,3,2,0.8570954577370977,0.8571076493072545,0.01581875,0.023628125,0.0,1.3429743071034437e-06,9.467084320164048,4.651849639508661e+16,nan,6906.474490600056,,,D=union_ij D_ij; evaluate the complete parent-v54 amplitude on every x/t leaf; sum integrated uppers and minimize lowers
leaf,PASS,4,64,3,3,0.8570954577370977,0.8571076493072545,0.023628125,0.0314375,0.0,6.346279528570385e-06,7.776586975980918,24335244863658.97,nan,7005.274612799985,,,D=union_ij D_ij; evaluate the complete parent-v54 amplitude on every x/t leaf; sum integrated uppers and minimize lowers
leaf,PASS,4,64,3,4,0.8570954577370977,0.8571076493072545,0.0314375,0.039246875,0.0,1.0641894189750875e-05,2.947626155226742,2174680494.095673,nan,7078.22419139999,,,D=union_ij D_ij; evaluate the complete parent-v54 amplitude on every x/t leaf; sum integrated uppers and minimize lowers
leaf,PASS,4,64,3,5,0.8570954577370977,0.8571076493072545,0.039246875,0.04705625,3.852473574552451e-06,3.852473574552451e-06,1.4034519616499381,36675254367.19403,nan,7115.085753199994,,,D=union_ij D_ij; evaluate the complete parent-v54 amplitude on every x/t leaf; sum integrated uppers and minimize lowers
leaf,PASS,4,64,3,6,0.8570954577370977,0.8571076493072545,0.04705625,0.054865625,9.236713186013351e-06,9.236713186013351e-06,2.0912074203979243,58100519.16124649,nan,7149.90028130007,,,D=union_ij D_ij; evaluate the complete parent-v54 amplitude on every x/t leaf; sum integrated uppers and minimize lowers
leaf,PASS,4,64,3,7,0.8570954577370977,0.8571076493072545,0.054865625,0.06267500000000001,1.4073378492293461e-05,1.4073378492293461e-05,2.5674563718515984,2101089.1396459714,nan,7184.499590900028,,,D=union_ij D_ij; evaluate the complete parent-v54 amplitude on every x/t leaf; sum integrated uppers and minimize lowers
leaf,PASS,4,64,3,8,0.8570954577370977,0.8571076493072545,0.06267500000000001,0.07048437500000002,1.8573134298269455e-05,1.8573134298269455e-05,0.7496291041643427,16767113.940543266,nan,7192.2791468000505,,,D=union_ij D_ij; evaluate the complete parent-v54 amplitude on every x/t leaf; sum integrated uppers and minimize lowers
leaf,PASS,4,64,3,9,0.8570954577370977,0.8571076493072545,0.07048437500000002,0.07829375000000001,2.285170555814683e-05,2.208578335561224e-05,3.0343963097907793,13575482.604041327,nan,7200.043945000041,,,D=union_ij D_ij; evaluate the complete parent-v54 amplitude on every x/t leaf; sum integrated uppers and minimize lowers
leaf,PASS,4,64,3,10,0.8570954577370977,0.8571076493072545,0.07829375000000001,0.086103125,2.697777061468582e-05,2.697777061468582e-05,10.305750298110649,722027.6803187995,nan,7203.457004500087,,,D=union_ij D_ij; evaluate the complete parent-v54 amplitude on every x/t leaf; sum integrated uppers and minimize lowers
leaf,PASS,4,64,3,11,0.8570954577370977,0.8571076493072545,0.086103125,0.09391250000000001,3.099456738776313e-05,6.710261480744676e-05,12.838506383333186,233897454331.92163,nan,7207.026647799998,,,D=union_ij D_ij; evaluate the complete parent-v54 amplitude on every x/t leaf; sum integrated uppers and minimize lowers
leaf,PASS,4,64,3,12,0.8570954577370977,0.8571076493072545,0.09391250000000001,0.10172187500000002,3.4930617491478894e-05,8.834301217794561e-05,14.679681151276615,2559510.701644733,nan,7210.861582300044,,,D=union_ij D_ij; evaluate the complete parent-v54 amplitude on every x/t leaf; sum integrated uppers and minimize lowers
leaf,PASS,4,64,3,13,0.8570954577370977,0.8571076493072545,0.10172187500000002,0.10953125000000001,3.8805456797893496e-05,0.00010900041656087879,16.37135816247328,265452.0637544905,nan,7214.27564820007,,,D=union_ij D_ij; evaluate the complete parent-v54 amplitude on every x/t leaf; sum integrated uppers and minimize lowers
leaf,PASS,4,64,3,14,0.8570954577370977,0.8571076493072545,0.10953125000000001,0.117340625,4.26328962487664e-05,0.00012920013846532267,17.813725393003274,56529.148837775116,nan,7217.73259280005,,,D=union_ij D_ij; evaluate the complete parent-v54 amplitude on every x/t leaf; sum integrated uppers and minimize lowers
leaf,PASS,4,64,3,15,0.8570954577370977,0.8571076493072545,0.117340625,0.12515,4.642296056134886e-05,0.00014903630842665443,18.987523578817264,17061.478555655645,nan,7220.810629900079,,,D=union_ij D_ij; evaluate the complete parent-v54 amplitude on every x/t leaf; sum integrated uppers and minimize lowers
leaf,PASS,4,64,3,16,0.8570954577370977,0.8571076493072545,0.12515,0.13295937500000002,5.01830749928265e-05,0.00016857829344155568,19.92438461149977,6396.399956211971,nan,7223.971028800006,,,D=union_ij D_ij; evaluate the complete parent-v54 amplitude on every x/t leaf; sum integrated uppers and minimize lowers
leaf,PASS,4,64,3,17,0.8570954577370977,0.8571076493072545,0.13295937500000002,0.14076875000000003,5.391860571283629e-05,0.00018787899594995282,20.66428609586468,2787.731456333426,nan,7227.159615900018,,,D=union_ij D_ij; evaluate the complete parent-v54 amplitude on every x/t leaf; sum integrated uppers and minimize lowers
leaf,PASS,4,64,3,18,0.8570954577370977,0.8571076493072545,0.14076875000000003,0.148578125,5.763448672477918e-05,0.0002069794204301025,21.243779193578106,1358.542396233869,nan,7230.345814600005,,,D=union_ij D_ij; evaluate the complete parent-v54 amplitude on every x/t leaf; sum integrated uppers and minimize lowers
leaf,PASS,4,64,3,19,0.8570954577370977,0.8571076493072545,0.148578125,0.1563875,6.13346539505741e-05,0.00022591199917414205,21.69343766851235,721.9029043906116,nan,7233.471753000049,,,D=union_ij D_ij; evaluate the complete parent-v54 amplitude on every x/t leaf; sum integrated uppers and minimize lowers
leaf,PASS,4,64,3,20,0.8570954577370977,0.8571076493072545,0.1563875,0.16419687500000002,6.502140412203392e-05,0.0002447025144177156,22.038030398107747,411.07734881337734,nan,7236.85067439999,,,D=union_ij D_ij; evaluate the complete parent-v54 amplitude on every x/t leaf; sum integrated uppers and minimize lowers
leaf,PASS,4,64,3,21,0.8570954577370977,0.8571076493072545,0.16419687500000002,0.17200625,6.869661152747625e-05,0.00026337176712189545,22.297404312837507,247.71307591124327,nan,7239.913807000034,,,D=union_ij D_ij; evaluate the complete parent-v54 amplitude on every x/t leaf; sum integrated uppers and minimize lowers
leaf,PASS,4,64,3,22,0.8570954577370977,0.8571076493072545,0.17200625,0.179815625,7.236183679201042e-05,0.000281936519020742,22.48742763692982,156.48277187521015,nan,7242.937196500017,,,D=union_ij D_ij; evaluate the complete parent-v54 amplitude on every x/t leaf; sum integrated uppers and minimize lowers
leaf,PASS,4,64,3,23,0.8570954577370977,0.8571076493072545,0.179815625,0.18762500000000001,7.601835517463345e-05,0.0003004108179064986,22.620811815444437,102.87856281257966,nan,7246.1889661999885,,,D=union_ij D_ij; evaluate the complete parent-v54 amplitude on every x/t leaf; sum integrated uppers and minimize lowers
leaf,PASS,4,64,3,24,0.8570954577370977,0.8571076493072545,0.18762500000000001,0.19543437500000002,7.96672840789405e-05,0.0003188063716013663,22.70777883486536,69.9909864693281,nan,7249.318857099977,,,D=union_ij D_ij; evaluate the complete parent-v54 amplitude on every x/t leaf; sum integrated uppers and minimize lowers
leaf,PASS,4,64,3,25,0.8570954577370977,0.8571076493072545,0.19543437500000002,0.20324375000000003,8.330955556254845e-05,0.0003371328668783137,22.756587689314312,49.04873898957082,nan,7252.428700600052,,,D=union_ij D_ij; evaluate the complete parent-v54 amplitude on every x/t leaf; sum integrated uppers and minimize lowers
leaf,PASS,4,64,3,26,0.8570954577370977,0.8571076493072545,0.20324375000000003,0.211053125,8.694595521225946e-05,0.00035539843251286205,22.773945004025258,35.27445046479385,nan,7255.586971200071,,,D=union_ij D_ij; evaluate the complete parent-v54 amplitude on every x/t leaf; sum integrated uppers and minimize lowers
leaf,PASS,4,64,3,27,0.8570954577370977,0.8571076493072545,0.211053125,0.21886250000000002,9.057715262729532e-05,0.0003736100245601884,22.765324515622655,25.953713865142532,nan,7258.751158399973,,,D=union_ij D_ij; evaluate the complete parent-v54 amplitude on every x/t leaf; sum integrated uppers and minimize lowers
leaf,PASS,4,64,3,28,0.8570954577370977,0.8571076493072545,0.21886250000000002,0.22667187500000002,9.420372112948912e-05,0.0003917735484913276,22.735215576270587,19.486158379686156,nan,7261.757650400046,,,D=union_ij D_ij; evaluate the complete parent-v54 amplitude on every x/t leaf; sum integrated uppers and minimize lowers
leaf,PASS,4,64,3,29,0.8570954577370977,0.8571076493072545,0.22667187500000002,0.23448125,9.782612910413775e-05,0.00040989348743352024,22.68731653461118,14.896982348631406,nan,7264.90481810004,,,D=union_ij D_ij; evaluate the complete parent-v54 amplitude on every x/t leaf; sum integrated uppers and minimize lowers
leaf,PASS,4,64,3,30,0.8570954577370977,0.8571076493072545,0.23448125,0.242290625,0.00010144476116151713,0.0004279745852543078,22.624689639206732,11.574690745997305,nan,7268.047716800007,,,D=union_ij D_ij; evaluate the complete parent-v54 amplitude on every x/t leaf; sum integrated uppers and minimize lowers
leaf,PASS,4,64,3,31,0.8570954577370977,0.8571076493072545,0.242290625,0.2501,0.00010506005410741199,0.0004460205759143889,22.54984100909137,9.125997342103972,nan,7271.097326999996,,,D=union_ij D_ij; evaluate the complete parent-v54 amplitude on every x/t leaf; sum integrated uppers and minimize lowers
leaf,PASS,4,64,3,32,0.8570954577370977,0.8571076493072545,0.2501,0.257909375,0.00010867233078241324,0.0004640351058739339,22.464935467865534,7.291214240202045,nan,7274.209479200072,,,D=union_ij D_ij; evaluate the complete parent-v54 amplitude on every x/t leaf; sum integrated uppers and minimize lowers
leaf,PASS,4,64,3,33,0.8570954577370977,0.8571076493072545,0.257909375,0.26571875,0.00011228187224609448,0.00048202105193229355,22.37174968416247,5.896809086824819,nan,7277.421965699992,,,D=union_ij D_ij; evaluate the complete parent-v54 amplitude on every x/t leaf; sum integrated uppers and minimize lowers
leaf,PASS,4,64,3,34,0.8570954577370977,0.8571076493072545,0.26571875,0.273528125,0.00011588892467881306,0.0004999809360248449,22.271774766775145,4.82262415608446,nan,7280.474705900066,,,D=union_ij D_ij; evaluate the complete parent-v54 amplitude on every x/t leaf; sum integrated uppers and minimize lowers
leaf,PASS,4,64,3,35,0.8570954577370977,0.8571076493072545,0.273528125,0.2813375,0.00011949370442804248,0.0005179169802176306,22.166266324985404,3.9841306070354485,nan,7283.531115400023,,,D=union_ij D_ij; evaluate the complete parent-v54 amplitude on every x/t leaf; sum integrated uppers and minimize lowers
leaf,PASS,4,64,3,36,0.8570954577370977,0.8571076493072545,0.2813375,0.28914687499999997,0.00012309640221336066,0.0005358311492327972,22.056284341883465,3.3222276557763344,nan,7286.624452100019,,,D=union_ij D_ij; evaluate the complete parent-v54 amplitude on every x/t leaf; sum integrated uppers and minimize lowers
leaf,PASS,4,64,3,37,0.8570954577370977,0.8571076493072545,0.28914687499999997,0.29695625,0.0001266971866585007,0.0005537251859982432,21.942725649117605,2.7941035099276927,nan,7289.703379200073,,,D=union_ij D_ij; evaluate the complete parent-v54 amplitude on every x/t leaf; sum integrated uppers and minimize lowers
leaf,PASS,4,64,3,38,0.8570954577370977,0.8571076493072545,0.29695625,0.304765625,0.00013029620727037387,0.0005716006415149276,21.826350500918988,2.368556679582417,nan,7292.7613760000095,,,D=union_ij D_ij; evaluate the complete parent-v54 amplitude on every x/t leaf; sum integrated uppers and minimize lowers
leaf,PASS,4,64,3,39,0.8570954577370977,0.8571076493072545,0.304765625,0.312575,0.00013389359696159,0.0005894589000688028,21.707804417639082,2.022541603547268,nan,7295.843857400003,,,D=union_ij D_ij; evaluate the complete parent-v54 amplitude on every x/t leaf; sum integrated uppers and minimize lowers
leaf,PASS,4,64,3,40,0.8570954577370977,0.8571076493072545,0.312575,0.320384375,0.00013748947419453593,0.0006073012006088499,21.58763621812937,1.7388299634990871,nan,7299.304550300003,,,D=union_ij D_ij; evaluate the complete parent-v54 amplitude on every x/t leaf; sum integrated uppers and minimize lowers
leaf,PASS,4,64,3,41,0.8570954577370977,0.8571076493072545,0.320384375,0.32819375,0.0001410839448104179,0.0006251286549507509,21.466312966708657,1.5043833199715702,nan,7302.343990200083,,,D=union_ij D_ij; evaluate the complete parent-v54 amplitude on every x/t leaf; sum integrated uppers and minimize lowers
leaf,PASS,4,64,3,42,0.8570954577370977,0.8571076493072545,0.32819375,0.336003125,0.00014467710359500037,0.0006429422633391747,21.34423241069755,1.3092327784877096,nan,7306.789823200088,,,D=union_ij D_ij; evaluate the complete parent-v54 amplitude on every x/t leaf; sum integrated uppers and minimize lowers
leaf,PASS,4,64,3,43,0.8570954577370977,0.8571076493072545,0.336003125,0.34381249999999997,0.00014826903562342736,0.0006607429278040055,21.22173336824536,1.1456836916482627,nan,7309.864241200034,,,D=union_ij D_ij; evaluate the complete parent-v54 amplitude on every x/t leaf; sum integrated uppers and minimize lowers
leaf,PASS,4,64,3,44,0.8570954577370977,0.8571076493072545,0.34381249999999997,0.351621875,0.00015185981690897356,0.000678531463550211,21.099104433128375,1.0077447013452516,nan,7312.935013700044,,,D=union_ij D_ij; evaluate the complete parent-v54 amplitude on every x/t leaf; sum integrated uppers and minimize lowers
leaf,PASS,4,64,3,45,0.8570954577370977,0.8571076493072545,0.351621875,0.35943125,0.00015544951377932426,0.0006963086092395495,20.976591300163268,0.890707807374326,nan,7316.306517500081,,,D=union_ij D_ij; evaluate the complete parent-v54 amplitude on every x/t leaf; sum integrated uppers and minimize lowers
leaf,PASS,4,64,3,46,0.8570954577370977,0.8571076493072545,0.35943125,0.367240625,0.00015903819207742842,0.000714075035280352,20.854402935621838,0.7908440950566731,nan,7319.35446469998,,,D=union_ij D_ij; evaluate the complete parent-v54 amplitude on every x/t leaf; sum integrated uppers and minimize lowers
leaf,PASS,4,64,3,47,0.8570954577370977,0.8571076493072545,0.367240625,0.37505,0.00016262590812925445,0.0007318313514285861,20.732716805771965,0.7052300918992059,nan,7322.357922199997,,,D=union_ij D_ij; evaluate the complete parent-v54 amplitude on every x/t leaf; sum integrated uppers and minimize lowers
leaf,PASS,4,64,3,48,0.8570954577370977,0.8571076493072545,0.37505,0.382859375,0.00016621271299491414,0.0007495781133360299,20.611683312265868,0.6319666434421034,nan,7325.431131500052,,,D=union_ij D_ij; evaluate the complete parent-v54 amplitude on every x/t leaf; sum integrated uppers and minimize lowers
leaf,PASS,4,64,3,49,0.8570954577370977,0.8571076493072545,0.382859375,0.39066875,0.00016979865304323394,0.0007673158282753518,20.491429560054137,0.568526415104276,nan,7328.633826700039,,,D=union_ij D_ij; evaluate the complete parent-v54 amplitude on every x/t leaf; sum integrated uppers and minimize lowers
leaf,PASS,4,64,3,50,0.8570954577370977,0.8571076493072545,0.39066875,0.398478125,0.00017338377045514021,0.0007850449601631593,20.37206257672699,0.5133588958604319,nan,7331.689277700032,,,D=union_ij D_ij; evaluate the complete parent-v54 amplitude on every x/t leaf; sum integrated uppers and minimize lowers
leaf,PASS,4,64,3,51,0.8570954577370977,0.8571076493072545,0.398478125,0.4062875,0.00017696810366574057,0.0008027659339786862,20.25367206348476,0.46512543271841505,nan,7334.841982400045,,,D=union_ij D_ij; evaluate the complete parent-v54 amplitude on every x/t leaf; sum integrated uppers and minimize lowers
leaf,PASS,4,64,3,52,0.8570954577370977,0.8571076493072545,0.4062875,0.414096875,0.0001805516877534681,0.0008204791396606376,20.136332752638513,0.4227819885950736,nan,7337.97693860007,,,D=union_ij D_ij; evaluate the complete parent-v54 amplitude on every x/t leaf; sum integrated uppers and minimize lowers
leaf,PASS,4,64,3,53,0.8570954577370977,0.8571076493072545,0.414096875,0.42190625,0.00018413455478339015,0.0008381848351536457,20.020106432282372,0.3854671801437056,nan,7340.972520300071,,,D=union_ij D_ij; evaluate the complete parent-v54 amplitude on every x/t leaf; sum integrated uppers and minimize lowers
leaf,PASS,4,64,3,54,0.8570954577370977,0.8571076493072545,0.42190625,0.429715625,0.00018771673411073213,0.0008558832331510313,19.905043688671377,0.35246466132829307,nan,7344.017538200016,,,D=union_ij D_ij; evaluate the complete parent-v54 amplitude on every x/t leaf; sum integrated uppers and minimize lowers
leaf,PASS,4,64,3,55,0.8570954577370977,0.8571076493072545,0.429715625,0.437525,0.00019129825264977928,0.0008735748543739249,19.915131631540287,0.3211637343697986,nan,7347.102207000018,,,D=union_ij D_ij; evaluate the complete parent-v54 amplitude on every x/t leaf; sum integrated uppers and minimize lowers
leaf,PASS,4,64,3,56,0.8570954577370977,0.8571076493072545,0.437525,0.445334375,0.000194879135112582,0.0008912599793092425,20.002488230992075,0.29228413555878285,nan,7350.173507999978,,,D=union_ij D_ij; evaluate the complete parent-v54 amplitude on every x/t leaf; sum integrated uppers and minimize lowers
leaf,PASS,4,64,3,57,0.8570954577370977,0.8571076493072545,0.445334375,0.45314375,0.00019845940422126064,0.0009089388671809199,20.061879840348578,0.2670497708137977,nan,7353.192504800041,,,D=union_ij D_ij; evaluate the complete parent-v54 amplitude on every x/t leaf; sum integrated uppers and minimize lowers
leaf,PASS,4,64,3,58,0.8570954577370977,0.8571076493072545,0.45314375,0.460953125,0.0002020390808971801,0.0009266117578721041,20.097675923225047,0.24487100408823645,nan,7356.387532800087,,,D=union_ij D_ij; evaluate the complete parent-v54 amplitude on every x/t leaf; sum integrated uppers and minimize lowers
leaf,PASS,4,64,3,59,0.8570954577370977,0.8571076493072545,0.460953125,0.46876249999999997,0.00020561818442981438,0.0009442788736460972,20.11350500188443,0.22527479572058354,nan,7359.430803399999,,,D=union_ij D_ij; evaluate the complete parent-v54 amplitude on every x/t leaf; sum integrated uppers and minimize lowers
leaf,PASS,4,64,3,60,0.8570954577370977,0.8571076493072545,0.46876249999999997,0.476571875,0.00020919673262774155,0.0009619404206899774,20.112430979518322,0.2078771098249686,nan,7362.462908599991,,,D=union_ij D_ij; evaluate the complete parent-v54 amplitude on every x/t leaf; sum integrated uppers and minimize lowers
leaf,PASS,4,64,3,61,0.8570954577370977,0.8571076493072545,0.476571875,0.48438125,0.0002127747419538851,0.0009795965905016546,20.097030579330994,0.19236344271630837,nan,7365.647545200074,,,D=union_ij D_ij; evaluate the complete parent-v54 amplitude on every x/t leaf; sum integrated uppers and minimize lowers
leaf,PASS,4,64,3,62,0.8570954577370977,0.8571076493072545,0.48438125,0.492190625,0.00021635222764683905,0.000997247561138368,20.069470723649466,0.1784740707657711,nan,7368.785564300022,,,D=union_ij D_ij; evaluate the complete parent-v54 amplitude on every x/t leaf; sum integrated uppers and minimize lowers
leaf,PASS,4,64,3,63,0.8570954577370977,0.8571076493072545,0.492190625,0.5,0.0002199292038298786,0.0010148934983423637,20.031586694870544,0.165992749173132,nan,7371.836693300051,,,D=union_ij D_ij; evaluate the complete parent-v54 amplitude on every x/t leaf; sum integrated uppers and minimize lowers
schedule,SELECTED,4,64,-1,-1,0.8570588830266272,0.8571076493072545,0.0002,0.5,0.0,1.8910427091829266e-08,0.6823138091924873,2.5938835502264234e+17,3.3881317890172014e-21,7371.839169800049,,,D=union_ij D_ij; evaluate the complete parent-v54 amplitude on every x/t leaf; sum integrated uppers and minimize lowers
leaf,FAIL,2,32,0,0,0.8571076493072545,0.8571320329378949,0.0002,0.03144375,nan,nan,nan,nan,nan,570.1750675999792,IntervalSingularity,interval denominator reaches zero: away_arc_left_K5:s1:c0:left1:edge_2_1_3:stable_edge,D=union_ij D_ij; evaluate the complete parent-v54 amplitude on every x/t leaf; sum integrated uppers and minimize lowers
schedule,FAIL,2,32,-1,-1,0.8571076493072545,0.8571564165685353,0.0002,1.0,nan,nan,nan,nan,nan,570.175169999944,IntervalSingularity,interval denominator reaches zero: away_arc_left_K5:s1:c0:left1:edge_2_1_3:stable_edge,D=union_ij D_ij; evaluate the complete parent-v54 amplitude on every x/t leaf; sum integrated uppers and minimize lowers
leaf,FAIL,4,32,0,0,0.8571076493072545,0.8571198411225747,0.0002,0.03144375,nan,nan,nan,nan,nan,258.573099500034,IntervalSingularity,interval denominator reaches zero: away_arc_left_K5:s1:c0:left1:edge_2_1_3:stable_edge,D=union_ij D_ij; evaluate the complete parent-v54 amplitude on every x/t leaf; sum integrated uppers and minimize lowers
schedule,FAIL,4,32,-1,-1,0.8571076493072545,0.8571564165685353,0.0002,1.0,nan,nan,nan,nan,nan,258.57312469999306,IntervalSingularity,interval denominator reaches zero: away_arc_left_K5:s1:c0:left1:edge_2_1_3:stable_edge,D=union_ij D_ij; evaluate the complete parent-v54 amplitude on every x/t leaf; sum integrated uppers and minimize lowers
leaf,FAIL,4,64,0,0,0.8571076493072545,0.8571198411225747,0.0002,0.015821875,nan,nan,nan,nan,nan,207.91386929992586,IntervalSingularity,interval denominator reaches zero: away_arc_left_K5:s1:c0:left1:edge_2_1_3:stable_edge,D=union_ij D_ij; evaluate the complete parent-v54 amplitude on every x/t leaf; sum integrated uppers and minimize lowers
schedule,FAIL,4,64,-1,-1,0.8571076493072545,0.8571564165685353,0.0002,1.0,nan,nan,nan,nan,nan,207.9138833999168,IntervalSingularity,interval denominator reaches zero: away_arc_left_K5:s1:c0:left1:edge_2_1_3:stable_edge,D=union_ij D_ij; evaluate the complete parent-v54 amplitude on every x/t leaf; sum integrated uppers and minimize lowers
leaf,FAIL,2,32,0,0,0.8571076493072545,0.8571320329378949,0.0002,0.01581875,nan,nan,nan,nan,nan,344.52348679990973,IntervalSingularity,interval denominator reaches zero: away_arc_left_K5:s1:c0:left1:edge_2_1_3:stable_edge,D=union_ij D_ij; evaluate the complete parent-v54 amplitude on every x/t leaf; sum integrated uppers and minimize lowers
schedule,FAIL,2,32,-1,-1,0.8571076493072545,0.8571564165685353,0.0002,0.5,nan,nan,nan,nan,nan,344.52350099990144,IntervalSingularity,interval denominator reaches zero: away_arc_left_K5:s1:c0:left1:edge_2_1_3:stable_edge,D=union_ij D_ij; evaluate the complete parent-v54 amplitude on every x/t leaf; sum integrated uppers and minimize lowers
leaf,FAIL,4,32,0,0,0.8571076493072545,0.8571198411225747,0.0002,0.01581875,nan,nan,nan,nan,nan,126.91665040003136,IntervalSingularity,interval denominator reaches zero: away_arc_left_K5:s1:c0:left1:edge_2_1_3:stable_edge,D=union_ij D_ij; evaluate the complete parent-v54 amplitude on every x/t leaf; sum integrated uppers and minimize lowers
schedule,FAIL,4,32,-1,-1,0.8571076493072545,0.8571564165685353,0.0002,0.5,nan,nan,nan,nan,nan,126.91666059999261,IntervalSingularity,interval denominator reaches zero: away_arc_left_K5:s1:c0:left1:edge_2_1_3:stable_edge,D=union_ij D_ij; evaluate the complete parent-v54 amplitude on every x/t leaf; sum integrated uppers and minimize lowers
leaf,PASS,4,64,0,0,0.8571076493072545,0.8571198411225747,0.0002,0.008009375000000001,0.0,5.835258154809347e-08,18.18686805335127,702822016.7193261,nan,322.5114301999565,,,D=union_ij D_ij; evaluate the complete parent-v54 amplitude on every x/t leaf; sum integrated uppers and minimize lowers
leaf,PASS,4,64,0,1,0.8571076493072545,0.8571198411225747,0.008009375000000001,0.01581875,0.0,1.6391022606522237e-06,4.621714162146497,33720924.44868412,nan,634.4926354000345,,,D=union_ij D_ij; evaluate the complete parent-v54 amplitude on every x/t leaf; sum integrated uppers and minimize lowers
leaf,PASS,4,64,0,2,0.8571076493072545,0.8571198411225747,0.01581875,0.023628125,0.0,1.2489481082266618e-06,9.466157453960019,4.4926424609545496e+16,nan,880.393069999991,,,D=union_ij D_ij; evaluate the complete parent-v54 amplitude on every x/t leaf; sum integrated uppers and minimize lowers
leaf,PASS,4,64,0,3,0.8571076493072545,0.8571198411225747,0.023628125,0.0314375,0.0,6.232222195416046e-06,7.775431936377148,25472566939187.695,nan,965.87644370005,,,D=union_ij D_ij; evaluate the complete parent-v54 amplitude on every x/t leaf; sum integrated uppers and minimize lowers
leaf,PASS,4,64,0,4,0.8571076493072545,0.8571198411225747,0.0314375,0.039246875,0.0,1.0510810286399383e-05,2.9459301753316223,2268407990.3392057,nan,1034.8017273000441,,,D=union_ij D_ij; evaluate the complete parent-v54 amplitude on every x/t leaf; sum integrated uppers and minimize lowers
leaf,PASS,4,64,0,5,0.8571076493072545,0.8571198411225747,0.039246875,0.04705625,3.7140742716006113e-06,3.7140742716006113e-06,1.403099615678815,41953154879.948685,nan,1071.8533118000487,,,D=union_ij D_ij; evaluate the complete parent-v54 amplitude on every x/t leaf; sum integrated uppers and minimize lowers
leaf,PASS,4,64,0,6,0.8571076493072545,0.8571198411225747,0.04705625,0.054865625,9.083915626004806e-06,9.083915626004806e-06,2.0908577812713416,61728515.54271231,nan,1102.5526335999602,,,D=union_ij D_ij; evaluate the complete parent-v54 amplitude on every x/t leaf; sum integrated uppers and minimize lowers
leaf,PASS,4,64,0,7,0.8571076493072545,0.8571198411225747,0.054865625,0.06267500000000001,1.390745867495885e-05,1.390745867495885e-05,2.567113687755551,2188984.955923676,nan,1127.7558354999637,,,D=union_ij D_ij; evaluate the complete parent-v54 amplitude on every x/t leaf; sum integrated uppers and minimize lowers
leaf,PASS,4,64,0,8,0.8571076493072545,0.8571198411225747,0.06267500000000001,0.07048437500000002,1.839507942156663e-05,1.839507942156663e-05,0.7450910672428648,17412857.75695596,nan,1134.2330553999636,,,D=union_ij D_ij; evaluate the complete parent-v54 amplitude on every x/t leaf; sum integrated uppers and minimize lowers
leaf,PASS,4,64,0,9,0.8571076493072545,0.8571198411225747,0.07048437500000002,0.07829375000000001,2.2662309499051988e-05,2.109463096669254e-05,3.034059560321151,15016083.619713875,nan,1140.7035303000594,,,D=union_ij D_ij; evaluate the complete parent-v54 amplitude on every x/t leaf; sum integrated uppers and minimize lowers
leaf,PASS,4,64,0,10,0.8571076493072545,0.8571198411225747,0.07829375000000001,0.086103125,2.677769019894387e-05,2.677769019894387e-05,10.304065769226732,762421.9420565945,nan,1143.7518844000297,,,D=union_ij D_ij; evaluate the complete parent-v54 amplitude on every x/t leaf; sum integrated uppers and minimize lowers
leaf,PASS,4,64,0,11,0.8571076493072545,0.8571198411225747,0.086103125,0.09391250000000001,3.07843580301699e-05,6.601232691072922e-05,12.83758862506853,231251767323.11737,nan,1146.8382998000598,,,D=union_ij D_ij; evaluate the complete parent-v54 amplitude on every x/t leaf; sum integrated uppers and minimize lowers
leaf,PASS,4,64,0,12,0.8571076493072545,0.8571198411225747,0.09391250000000001,0.10172187500000002,3.47107570340626e-05,8.720644194277927e-05,14.679131143175825,2626052.6486434075,nan,1149.875977699994,,,D=union_ij D_ij; evaluate the complete parent-v54 amplitude on every x/t leaf; sum integrated uppers and minimize lowers
leaf,PASS,4,64,0,13,0.8571076493072545,0.8571198411225747,0.10172187500000002,0.10953125000000001,3.85763623856901e-05,0.00010781940868811391,16.371109137951873,271278.212859705,nan,1152.8416022000602,,,D=union_ij D_ij; evaluate the complete parent-v54 amplitude on every x/t leaf; sum integrated uppers and minimize lowers
leaf,PASS,4,64,0,14,0.8571076493072545,0.8571198411225747,0.10953125000000001,0.117340625,4.2394935642056075e-05,0.00012797633792466023,17.813801560541393,57614.48421738077,nan,1155.8434237999609,,,D=union_ij D_ij; evaluate the complete parent-v54 amplitude on every x/t leaf; sum integrated uppers and minimize lowers
leaf,PASS,4,64,0,15,0.8571076493072545,0.8571198411225747,0.117340625,0.12515,4.6176461777369e-05,0.00014777119432102094,18.987889924306078,17355.25251341679,nan,1158.8684211999644,,,D=union_ij D_ij; evaluate the complete parent-v54 amplitude on every x/t leaf; sum integrated uppers and minimize lowers
leaf,PASS,4,64,0,16,0.8571076493072545,0.8571198411225747,0.12515,0.13295937500000002,4.9928333572522076e-05,0.0001672732050336073,19.924996000085095,6496.923137604525,nan,1161.9957967000082,,,D=union_ij D_ij; evaluate the complete parent-v54 amplitude on every x/t leaf; sum integrated uppers and minimize lowers
leaf,PASS,4,64,0,17,0.8571076493072545,0.8571198411225747,0.13295937500000002,0.14076875000000003,5.3656862790801514e-05,0.00018653515357258443,20.665100631190356,2828.24409125208,nan,1164.9910488000605,,,D=union_ij D_ij; evaluate the complete parent-v54 amplitude on every x/t leaf; sum integrated uppers and minimize lowers
leaf,PASS,4,64,0,18,0.8571076493072545,0.8571198411225747,0.14076875000000003,0.148578125,5.7366307266585554e-05,0.00020559794211633792,21.244761225876903,1376.9831266442063,nan,1168.0880218000384,,,D=union_ij D_ij; evaluate the complete parent-v54 amplitude on every x/t leaf; sum integrated uppers and minimize lowers
leaf,PASS,4,64,0,19,0.8571076493072545,0.8571198411225747,0.148578125,0.1563875,6.106003126901189e-05,0.00022449391434045272,21.694557751742952,731.1280362073894,nan,1171.3530181000242,,,D=union_ij D_ij; evaluate the complete parent-v54 amplitude on every x/t leaf; sum integrated uppers and minimize lowers
leaf,PASS,4,64,0,20,0.8571076493072545,0.8571198411225747,0.1563875,0.16419687500000002,6.474037063966201e-05,0.00024324877502488842,22.039264438627516,416.05422471498593,nan,1175.120243799989,,,D=union_ij D_ij; evaluate the complete parent-v54 amplitude on every x/t leaf; sum integrated uppers and minimize lowers
leaf,PASS,4,64,0,21,0.8571076493072545,0.8571198411225747,0.16419687500000002,0.17200625,6.84092141719441e-05,0.0002618830548322467,22.298732618166472,250.5699848192053,nan,1179.3018989999546,,,D=union_ij D_ij; evaluate the complete parent-v54 amplitude on every x/t leaf; sum integrated uppers and minimize lowers
leaf,PASS,4,64,0,22,0.8571076493072545,0.8571198411225747,0.17200625,0.179815625,7.206813236102359e-05,0.0002804137242702383,22.488834069543866,158.2089005326601,nan,1182.6607611000072,,,D=union_ij D_ij; evaluate the complete parent-v54 amplitude on every x/t leaf; sum integrated uppers and minimize lowers
leaf,PASS,4,64,0,23,0.8571076493072545,0.8571198411225747,0.179815625,0.18762500000000001,7.571843693648317e-05,0.00029885483833310257,22.62228309430189,103.96765015780076,nan,1186.009401599993,,,D=union_ij D_ij; evaluate the complete parent-v54 amplitude on every x/t leaf; sum integrated uppers and minimize lowers
leaf,PASS,4,64,0,24,0.8571076493072545,0.8571198411225747,0.18762500000000001,0.19543437500000002,7.936122878520194e-05,0.0003172179290231835,22.70930397557622,70.70427922168106,nan,1190.0536421999568,,,D=union_ij D_ij; evaluate the complete parent-v54 amplitude on every x/t leaf; sum integrated uppers and minimize lowers
leaf,PASS,4,64,0,25,0.8571076493072545,0.8571198411225747,0.19543437500000002,0.20324375000000003,8.299742814206529e-05,0.00033551263986263694,22.758157560397073,49.531257095352856,nan,1193.43613060005,,,D=union_ij D_ij; evaluate the complete parent-v54 amplitude on every x/t leaf; sum integrated uppers and minimize lowers
leaf,PASS,4,64,0,26,0.8571076493072545,0.8571198411225747,0.20324375000000003,0.211053125,8.662779541058161e-05,0.0003537470605436152,22.775551976074663,35.61021007883809,nan,1197.0781205999665,,,D=union_ij D_ij; evaluate the complete parent-v54 amplitude on every x/t leaf; sum integrated uppers and minimize lowers
leaf,PASS,4,64,0,27,0.8571076493072545,0.8571198411225747,0.211053125,0.21886250000000002,9.025303237973959e-05,0.00037192811173660206,22.76696218361587,26.193235763391467,nan,1200.564284699969,,,D=union_ij D_ij; evaluate the complete parent-v54 amplitude on every x/t leaf; sum integrated uppers and minimize lowers
leaf,PASS,4,64,0,28,0.8571076493072545,0.8571198411225747,0.21886250000000002,0.22667187500000002,9.387371218108444e-05,0.0003900616666507781,22.736878538687044,19.660838584491668,nan,1204.032747899997,,,D=union_ij D_ij; evaluate the complete parent-v54 amplitude on every x/t leaf; sum integrated uppers and minimize lowers
leaf,PASS,4,64,0,29,0.8571076493072545,0.8571198411225747,0.22667187500000002,0.23448125,9.749032718227909e-05,0.0004081521787998872,22.68900021669984,15.026909968006718,nan,1207.6389325000346,,,D=union_ij D_ij; evaluate the complete parent-v54 amplitude on every x/t leaf; sum integrated uppers and minimize lowers
leaf,PASS,4,64,0,30,0.8571076493072545,0.8571198411225747,0.23448125,0.242290625,0.00010110330212647606,0.0004262043654125976,22.62639015251934,11.673068164225073,nan,1211.4530489000026,,,D=union_ij D_ij; evaluate the complete parent-v54 amplitude on every x/t leaf; sum integrated uppers and minimize lowers
leaf,PASS,4,64,0,31,0.8571076493072545,0.8571198411225747,0.242290625,0.2501,0.00010471290333073332,0.0004442219359320996,22.55155514207759,9.201671737754621,nan,1214.467619300005,,,D=union_ij D_ij; evaluate the complete parent-v54 amplitude on every x/t leaf; sum integrated uppers and minimize lowers
leaf,PASS,4,64,0,32,0.8571076493072545,0.8571198411225747,0.2501,0.257909375,0.00010831955093222235,0.00046220851300365293,22.46666026554474,7.350271301410365,nan,1217.4971211999655,,,D=union_ij D_ij; evaluate the complete parent-v54 amplitude on every x/t leaf; sum integrated uppers and minimize lowers
leaf,PASS,4,64,0,33,0.8571076493072545,0.8571198411225747,0.257909375,0.26571875,0.00011192352993909169,0.00048016695283611407,22.37348270981647,5.942567177541973,nan,1220.703574400046,,,D=union_ij D_ij; evaluate the complete parent-v54 amplitude on every x/t leaf; sum integrated uppers and minimize lowers
leaf,PASS,4,64,0,34,0.8571076493072545,0.8571198411225747,0.26571875,0.273528125,0.00011552508496659634,0.0004980997578129981,22.273513923326302,4.857854206859722,nan,1223.8739320000168,,,D=union_ij D_ij; evaluate the complete parent-v54 amplitude on every x/t leaf; sum integrated uppers and minimize lowers
leaf,PASS,4,64,0,35,0.8571076493072545,0.8571198411225747,0.273528125,0.2813375,0.0001191244307591037,0.0005160091318501884,22.168009803512806,4.011538336789252,nan,1226.8758047999581,,,D=union_ij D_ij; evaluate the complete parent-v54 amplitude on every x/t leaf; sum integrated uppers and minimize lowers
leaf,PASS,4,64,0,36,0.8571076493072545,0.8571198411225747,0.2813375,0.28914687499999997,0.0001227217564189875,0.0005338970227843912,22.058030578905292,3.344596775079786,nan,1231.2601773999631,,,D=union_ij D_ij; evaluate the complete parent-v54 amplitude on every x/t leaf; sum integrated uppers and minimize lowers
leaf,PASS,4,64,0,37,0.8571076493072545,0.8571198411225747,0.28914687499999997,0.29695625,0.00012631722895644392,0.0005517651578025532,21.944473290978745,2.8125309297319103,nan,1234.269736599992,,,D=union_ij D_ij; evaluate the complete parent-v54 amplitude on every x/t leaf; sum integrated uppers and minimize lowers
leaf,PASS,4,64,0,38,0.8571076493072545,0.8571198411225747,0.29695625,0.304765625,0.00012991099628162258,0.0005696150732032541,21.828098373967954,2.3838706915727874,nan,1237.2801155999769,,,D=union_ij D_ij; evaluate the complete parent-v54 amplitude on every x/t leaf; sum integrated uppers and minimize lowers
leaf,PASS,4,64,0,39,0.8571076493072545,0.8571198411225747,0.304765625,0.312575,0.00013350318973671049,0.0005874481395150085,21.709551503145953,2.0353708287378987,nan,1240.7231648999732,,,D=union_ij D_ij; evaluate the complete parent-v54 amplitude on every x/t leaf; sum integrated uppers and minimize lowers
leaf,PASS,4,64,0,40,0.8571076493072545,0.8571198411225747,0.312575,0.320384375,0.00013709392624687005,0.0006052655827912552,21.589381631104736,1.7496580282968393,nan,1243.7212820999557,,,D=union_ij D_ij; evaluate the complete parent-v54 amplitude on every x/t leaf; sum integrated uppers and minimize lowers
leaf,PASS,4,64,0,41,0.8571076493072545,0.8571198411225747,0.320384375,0.32819375,0.00014068331015407566,0.0006230685027401447,21.468055937948154,1.5135860494005318,nan,1246.9544675999787,,,D=union_ij D_ij; evaluate the complete parent-v54 amplitude on every x/t leaf; sum integrated uppers and minimize lowers
leaf,PASS,4,64,0,42,0.8571076493072545,0.8571198411225747,0.32819375,0.336003125,0.00014427143478606787,0.0006408578882208931,21.345972271504284,1.3171049669487993,nan,1250.0683109000092,,,D=union_ij D_ij; evaluate the complete parent-v54 amplitude on every x/t leaf; sum integrated uppers and minimize lowers
leaf,PASS,4,64,0,43,0.8571076493072545,0.8571198411225747,0.336003125,0.34381249999999997,0.00014785838380318518,0.0006586346305410089,21.223469537385782,1.1524585520377724,nan,1253.0131553000538,,,D=union_ij D_ij; evaluate the complete parent-v54 amplitude on every x/t leaf; sum integrated uppers and minimize lowers
leaf,PASS,4,64,0,44,0.8571076493072545,0.8571198411225747,0.34381249999999997,0.351621875,0.00015144423179732884,0.0006763995347935566,21.100836405662086,1.0136083493265524,nan,1256.0154851999832,,,D=union_ij D_ij; evaluate the complete parent-v54 amplitude on every x/t leaf; sum integrated uppers and minimize lowers
leaf,PASS,4,64,0,45,0.8571076493072545,0.8571198411225747,0.351621875,0.35943125,0.00015502904352469643,0.0006941533300898954,20.97831863782849,0.8958095721959748,nan,1259.0067095999839,,,D=union_ij D_ij; evaluate the complete parent-v54 amplitude on every x/t leaf; sum integrated uppers and minimize lowers
leaf,PASS,4,64,0,46,0.8571076493072545,0.8571198411225747,0.35943125,0.367240625,0.00015861288388095026,0.0007118966778085426,20.85612525793054,0.795305021143545,nan,1261.9499059000518,,,D=union_ij D_ij; evaluate the complete parent-v54 amplitude on every x/t leaf; sum integrated uppers and minimize lowers
leaf,PASS,4,64,0,47,0.8571076493072545,0.8571198411225747,0.367240625,0.37505,0.00016219580795073771,0.0007296301791560639,20.734433784799055,0.7091091788065825,nan,1265.3519479000242,,,D=union_ij D_ij; evaluate the complete parent-v54 amplitude on every x/t leaf; sum integrated uppers and minimize lowers
leaf,PASS,4,64,0,48,0.8571076493072545,0.8571198411225747,0.37505,0.382859375,0.00016577786559660555,0.0007473543816804238,20.613394664477642,0.6348167250213735,nan,1268.2966862999601,,,D=union_ij D_ij; evaluate the complete parent-v54 amplitude on every x/t leaf; sum integrated uppers and minimize lowers
leaf,PASS,4,64,0,49,0.8571076493072545,0.8571198411225747,0.382859375,0.39066875,0.00016935910203247584,0.0007650697849641441,20.493135041587326,0.5704690856146465,nan,1271.5499595999718,,,D=union_ij D_ij; evaluate the complete parent-v54 amplitude on every x/t leaf; sum integrated uppers and minimize lowers
leaf,PASS,4,64,0,50,0.8571076493072545,0.8571198411225747,0.39066875,0.398478125,0.00017293955832579873,0.0007827768456183131,20.373761978696656,0.5145092213271887,nan,1274.6626179000596,,,D=union_ij D_ij; evaluate the complete parent-v54 amplitude on every x/t leaf; sum integrated uppers and minimize lowers
leaf,PASS,4,64,0,51,0.8571076493072545,0.8571198411225747,0.398478125,0.4062875,0.00017651927183831158,0.0008004759816748069,20.25536520788795,0.46608519789224456,nan,1277.6725603999803,,,D=union_ij D_ij; evaluate the complete parent-v54 amplitude on every x/t leaf; sum integrated uppers and minimize lowers
leaf,PASS,4,64,0,52,0.8571076493072545,0.8571198411225747,0.4062875,0.414096875,0.00018009827661380582,0.0008181675764589644,20.138019488770187,0.42362716981542126,nan,1281.1058658000547,,,D=union_ij D_ij; evaluate the complete parent-v54 amplitude on every x/t leaf; sum integrated uppers and minimize lowers
leaf,PASS,4,64,0,53,0.8571076493072545,0.8571198411225747,0.414096875,0.42190625,0.00018367660372003186,0.0008358519820124201,20.021786633593,0.3862196493195993,nan,1284.0194625000004,,,D=union_ij D_ij; evaluate the complete parent-v54 amplitude on every x/t leaf; sum integrated uppers and minimize lowers
leaf,PASS,4,64,0,54,0.8571076493072545,0.8571198411225747,0.42190625,0.429715625,0.00018725428155081202,0.0008535292313818911,19.906717250006267,0.35313921194872744,nan,1287.5638650000328,,,D=union_ij D_ij; evaluate the complete parent-v54 amplitude on every x/t leaf; sum integrated uppers and minimize lowers
leaf,PASS,4,64,0,55,0.8571076493072545,0.8571198411225747,0.429715625,0.437525,0.00019083133609354165,0.0008711998867763179,19.916749245219066,0.32176765893011283,nan,1290.6367372999666,,,D=union_ij D_ij; evaluate the complete parent-v54 amplitude on every x/t leaf; sum integrated uppers and minimize lowers
leaf,PASS,4,64,0,56,0.8571076493072545,0.8571198411225747,0.437525,0.445334375,0.00019440779116651464,0.0008888642492050888,20.004130431109942,0.2928233913090143,nan,1293.6577818000223,,,D=union_ij D_ij; evaluate the complete parent-v54 amplitude on every x/t leaf; sum integrated uppers and minimize lowers
leaf,PASS,4,64,0,57,0.8571076493072545,0.8571198411225747,0.445334375,0.45314375,0.00019798366862987962,0.0009065225726516603,20.063541962586445,0.26753345077011503,nan,1296.738828200032,,,D=union_ij D_ij; evaluate the complete parent-v54 amplitude on every x/t leaf; sum integrated uppers and minimize lowers
leaf,PASS,4,64,0,58,0.8571076493072545,0.8571198411225747,0.45314375,0.460953125,0.00020155898857350158,0.0009241750919843442,20.099354022433644,0.2453066263190687,nan,1299.8076864000177,,,D=union_ij D_ij; evaluate the complete parent-v54 amplitude on every x/t leaf; sum integrated uppers and minimize lowers
leaf,PASS,4,64,0,59,0.8571076493072545,0.8571198411225747,0.460953125,0.46876249999999997,0.00020513376948455526,0.0009418220246638423,20.115195678262477,0.22566862847545696,nan,1302.8019786999794,,,D=union_ij D_ij; evaluate the complete parent-v54 amplitude on every x/t leaf; sum integrated uppers and minimize lowers
leaf,PASS,4,64,0,60,0.8571076493072545,0.8571198411225747,0.46876249999999997,0.476571875,0.00020870802839729232,0.0009594635722744669,20.11413143526914,0.2082344161169294,nan,1309.9668292000424,,,D=union_ij D_ij; evaluate the complete parent-v54 amplitude on every x/t leaf; sum integrated uppers and minimize lowers
leaf,PASS,4,64,0,61,0.8571076493072545,0.8571198411225747,0.476571875,0.48438125,0.0002122817810271011,0.0009770999218997115,20.098738384022703,0.19268867278726085,nan,1313.2931172000244,,,D=union_ij D_ij; evaluate the complete parent-v54 amplitude on every x/t leaf; sum integrated uppers and minimize lowers
leaf,PASS,4,64,0,62,0.8571076493072545,0.8571198411225747,0.48438125,0.492190625,0.00021585504189069622,0.000994731247360102,20.071183798987587,0.17877101037027948,nan,1316.2578701999737,,,D=union_ij D_ij; evaluate the complete parent-v54 amplitude on every x/t leaf; sum integrated uppers and minimize lowers
leaf,PASS,4,64,0,63,0.8571076493072545,0.8571198411225747,0.492190625,0.5,0.0002194278244140408,0.001012357710328987,20.033303259954184,0.16626463688035256,nan,1319.6351321999682,,,D=union_ij D_ij; evaluate the complete parent-v54 amplitude on every x/t leaf; sum integrated uppers and minimize lowers
leaf,PASS,4,64,1,0,0.8571198411225747,0.8571320329378949,0.0002,0.008009375000000001,0.0,5.623287335857521e-08,18.094533187483112,930439728.2107221,nan,1529.6789357999805,,,D=union_ij D_ij; evaluate the complete parent-v54 amplitude on every x/t leaf; sum integrated uppers and minimize lowers
leaf,PASS,4,64,1,1,0.8571198411225747,0.8571320329378949,0.008009375000000001,0.01581875,0.0,1.5857222416788336e-06,4.63932392353276,38208097.57985374,nan,1820.070088300039,,,D=union_ij D_ij; evaluate the complete parent-v54 amplitude on every x/t leaf; sum integrated uppers and minimize lowers
leaf,PASS,4,64,1,2,0.8571198411225747,0.8571320329378949,0.01581875,0.023628125,0.0,1.1549220271920231e-06,9.465230703022542,4.637650510525753e+16,nan,2008.0892734000226,,,D=union_ij D_ij; evaluate the complete parent-v54 amplitude on every x/t leaf; sum integrated uppers and minimize lowers
leaf,PASS,4,64,1,3,0.8571198411225747,0.8571320329378949,0.023628125,0.0314375,0.0,6.11816485795128e-06,7.774277527192823,26724077452749.49,nan,2079.698337299982,,,D=union_ij D_ij; evaluate the complete parent-v54 amplitude on every x/t leaf; sum integrated uppers and minimize lowers
leaf,PASS,4,64,1,4,0.8571198411225747,0.8571320329378949,0.0314375,0.039246875,0.0,1.0379697745017917e-05,2.9442355585136557,2367809933.4690466,nan,2148.4717021000106,,,D=union_ij D_ij; evaluate the complete parent-v54 amplitude on every x/t leaf; sum integrated uppers and minimize lowers
leaf,PASS,4,64,1,5,0.8571198411225747,0.8571320329378949,0.039246875,0.04705625,3.575675132472552e-06,3.575675132472552e-06,1.4027481957763488,48298371083.43841,nan,2173.077073100023,,,D=union_ij D_ij; evaluate the complete parent-v54 amplitude on every x/t leaf; sum integrated uppers and minimize lowers
leaf,PASS,4,64,1,6,0.8571198411225747,0.8571320329378949,0.04705625,0.054865625,8.931118138930838e-06,8.931118138930838e-06,2.09050893301132,65671870.35185594,nan,2198.0949315000325,,,D=union_ij D_ij; evaluate the complete parent-v54 amplitude on every x/t leaf; sum integrated uppers and minimize lowers
leaf,PASS,4,64,1,7,0.8571198411225747,0.8571320329378949,0.054865625,0.06267500000000001,1.374153885656635e-05,1.374153885656635e-05,2.5667717460129498,2281889.8713094043,nan,2221.331916299998,,,D=union_ij D_ij; evaluate the complete parent-v54 amplitude on every x/t leaf; sum integrated uppers and minimize lowers
leaf,PASS,4,64,1,8,0.8571198411225747,0.8571320329378949,0.06267500000000001,0.07048437500000002,1.821702448121797e-05,1.821702448121797e-05,0.740563428740209,18090819.906623837,nan,2227.4846499999985,,,D=union_ij D_ij; evaluate the complete parent-v54 amplitude on every x/t leaf; sum integrated uppers and minimize lowers
leaf,PASS,4,64,1,9,0.8571198411225747,0.8571320329378949,0.07048437500000002,0.07829375000000001,2.2472913321913708e-05,2.010353932009628e-05,3.033723369769244,16700269.46684235,nan,2233.6995389000513,,,D=union_ij D_ij; evaluate the complete parent-v54 amplitude on every x/t leaf; sum integrated uppers and minimize lowers
leaf,PASS,4,64,1,10,0.8571198411225747,0.8571320329378949,0.07829375000000001,0.086103125,2.6577609616920962e-05,2.6577609616920962e-05,10.302387844964937,806066.1165274637,nan,2236.7171325000236,,,D=union_ij D_ij; evaluate the complete parent-v54 amplitude on every x/t leaf; sum integrated uppers and minimize lowers
leaf,PASS,4,64,1,11,0.8571198411225747,0.8571320329378949,0.086103125,0.09391250000000001,3.0574148462859244e-05,6.492210412193721e-05,12.836676387488765,228921187239.9138,nan,2239.669562099967,,,D=union_ij D_ij; evaluate the complete parent-v54 amplitude on every x/t leaf; sum integrated uppers and minimize lowers
leaf,PASS,4,64,1,12,0.8571198411225747,0.8571320329378949,0.09391250000000001,0.10172187500000002,3.449089632734146e-05,8.606993927451168e-05,14.678587216508722,2695209.7137362156,nan,2242.6938395999605,,,D=union_ij D_ij; evaluate the complete parent-v54 amplitude on every x/t leaf; sum integrated uppers and minimize lowers
leaf,PASS,4,64,1,13,0.8571198411225747,0.8571320329378949,0.10172187500000002,0.10953125000000001,3.834726768774799e-05,0.00010663847097697379,16.370866733253607,277291.3090414186,nan,2245.6811366999755,,,D=union_ij D_ij; evaluate the complete parent-v54 amplitude on every x/t leaf; sum integrated uppers and minimize lowers
leaf,PASS,4,64,1,14,0.8571198411225747,0.8571320329378949,0.10953125000000001,0.117340625,4.215697471581593e-05,0.00012675261025089338,17.813884377047657,58729.84611257967,nan,2248.5665688000154,,,D=union_ij D_ij; evaluate the complete parent-v54 amplitude on every x/t leaf; sum integrated uppers and minimize lowers
leaf,PASS,4,64,1,15,0.8571198411225747,0.8571320329378949,0.117340625,0.12515,4.5929962642309385e-05,0.00014650615588090283,18.988262744448313,17656.21098480854,nan,2251.4782477000263,,,D=union_ij D_ij; evaluate the complete parent-v54 amplitude on every x/t leaf; sum integrated uppers and minimize lowers
leaf,PASS,4,64,1,16,0.8571198411225747,0.8571320329378949,0.12515,0.13295937500000002,4.9674335255110984e-05,0.00016596819516737505,19.925613611711412,6599.6594174341635,nan,2254.523048000061,,,D=union_ij D_ij; evaluate the complete parent-v54 amplitude on every x/t leaf; sum integrated uppers and minimize lowers
leaf,PASS,4,64,1,17,0.8571198411225747,0.8571320329378949,0.13295937500000002,0.14076875000000003,5.339651229300726e-05,0.0001851913926797135,20.66592111506528,2869.5693299223103,nan,2257.415736300056,,,D=union_ij D_ij; evaluate the complete parent-v54 amplitude on every x/t leaf; sum integrated uppers and minimize lowers
leaf,PASS,4,64,1,18,0.8571198411225747,0.8571320329378949,0.14076875000000003,0.148578125,5.7099514783185036e-05,0.00020421654828861794,21.245748933447164,1395.7643622643127,nan,2260.3418339999625,,,D=union_ij D_ij; evaluate the complete parent-v54 amplitude on every x/t leaf; sum integrated uppers and minimize lowers
leaf,PASS,4,64,1,19,0.8571198411225747,0.8571320329378949,0.148578125,0.1563875,6.078679716718987e-05,0.00022307591704344697,21.695683248642894,740.5117349461141,nan,2263.2189578999532,,,D=union_ij D_ij; evaluate the complete parent-v54 amplitude on every x/t leaf; sum integrated uppers and minimize lowers
leaf,PASS,4,64,1,20,0.8571198411225747,0.8571320329378949,0.1563875,0.16419687500000002,6.446072150052734e-05,0.0002417949608461071,22.04050364708341,421.1122006497229,nan,2266.096229500021,,,D=union_ij D_ij; evaluate the complete parent-v54 amplitude on every x/t leaf; sum integrated uppers and minimize lowers
leaf,PASS,4,64,1,21,0.8571198411225747,0.8571320329378949,0.16419687500000002,0.17200625,6.812319680007419e-05,0.0002603943085589668,22.300065862746475,253.46993359623244,nan,2268.97588110005,,,D=union_ij D_ij; evaluate the complete parent-v54 amplitude on every x/t leaf; sum integrated uppers and minimize lowers
leaf,PASS,4,64,1,22,0.8571198411225747,0.8571320329378949,0.17200625,0.179815625,7.177580352300392e-05,0.00027889102642584315,22.490245229515878,159.9590748990829,nan,2271.869844699977,,,D=union_ij D_ij; evaluate the complete parent-v54 amplitude on every x/t leaf; sum integrated uppers and minimize lowers
leaf,PASS,4,64,1,23,0.8571198411225747,0.8571320329378949,0.179815625,0.18762500000000001,7.541986004724163e-05,0.000297298958860727,22.62375890450393,105.07107193942042,nan,2274.775818199967,,,D=union_ij D_ij; evaluate the complete parent-v54 amplitude on every x/t leaf; sum integrated uppers and minimize lowers
leaf,PASS,4,64,1,24,0.8571198411225747,0.8571320329378949,0.18762500000000001,0.19543437500000002,7.90564715416976e-05,0.00031562958976780056,22.710833466321425,71.42647013183932,nan,2277.6462321999716,,,D=union_ij D_ij; evaluate the complete parent-v54 amplitude on every x/t leaf; sum integrated uppers and minimize lowers
leaf,PASS,4,64,1,25,0.8571198411225747,0.8571320329378949,0.19543437500000002,0.20324375000000003,8.268656905308662e-05,0.0003338925194157566,22.759731613664055,50.019494793515534,nan,2280.5817124999594,,,D=union_ij D_ij; evaluate the complete parent-v54 amplitude on every x/t leaf; sum integrated uppers and minimize lowers
leaf,PASS,4,64,1,26,0.8571198411225747,0.8571320329378949,0.20324375000000003,0.211053125,8.631094078126045e-05,0.00035209579841093076,22.77716297470651,35.949758992963105,nan,2283.4176455000415,,,D=union_ij D_ij; evaluate the complete parent-v54 amplitude on every x/t leaf; sum integrated uppers and minimize lowers
leaf,PASS,4,64,1,27,0.8571198411225747,0.8571320329378949,0.211053125,0.21886250000000002,8.993025716713751e-05,0.00037024631203745503,22.768603733703973,26.435336801021442,nan,2286.4416633000365,,,D=union_ij D_ij; evaluate the complete parent-v54 amplitude on every x/t leaf; sum integrated uppers and minimize lowers
leaf,PASS,4,64,1,28,0.8571198411225747,0.8571320329378949,0.21886250000000002,0.22667187500000002,9.354505399767424e-05,0.00038834990124073326,22.738545248785428,19.837319071936943,nan,2289.358747899998,,,D=union_ij D_ij; evaluate the complete parent-v54 amplitude on every x/t leaf; sum integrated uppers and minimize lowers
leaf,PASS,4,64,1,29,0.8571198411225747,0.8571320329378949,0.22667187500000002,0.23448125,9.715584764262356e-05,0.00040641098991429984,22.690687521183413,15.158135013941669,nan,2292.220272000064,,,D=union_ij D_ij; evaluate the complete parent-v54 amplitude on every x/t leaf; sum integrated uppers and minimize lowers
leaf,PASS,4,64,1,30,0.8571198411225747,0.8571320329378949,0.23448125,0.242290625,0.00010076307145598105,0.00042443426865731,22.628094171236423,11.772374076798132,nan,2295.1673738999525,,,D=union_ij D_ij; evaluate the complete parent-v54 amplitude on every x/t leaf; sum integrated uppers and minimize lowers
leaf,PASS,4,64,1,31,0.8571198411225747,0.8571320329378949,0.242290625,0.2501,0.0001043670912522122,0.00044242342239289925,22.553272671074147,9.278031397294432,nan,2298.1426070999587,,,D=union_ij D_ij; evaluate the complete parent-v54 amplitude on every x/t leaf; sum integrated uppers and minimize lowers
leaf,PASS,4,64,1,32,0.8571198411225747,0.8571320329378949,0.2501,0.257909375,0.0001079681483255279,0.00046038204994592523,22.46838835666792,7.409841988453071,nan,2301.0119856999954,,,D=union_ij D_ij; evaluate the complete parent-v54 amplitude on every x/t leaf; sum integrated uppers and minimize lowers
leaf,PASS,4,64,1,33,0.8571198411225747,0.8571320329378949,0.257909375,0.26571875,0.0001115665602003445,0.0004783129869337783,22.37521893259814,5.989655002548072,nan,2303.8713397999527,,,D=union_ij D_ij; evaluate the complete parent-v54 amplitude on every x/t leaf; sum integrated uppers and minimize lowers
leaf,PASS,4,64,1,34,0.8571198411225747,0.8571320329378949,0.26571875,0.273528125,0.00011516261334010159,0.0004962187161872774,22.275256186400313,4.895458914841838,nan,2306.731816399959,,,D=union_ij D_ij; evaluate the complete parent-v54 amplitude on every x/t leaf; sum integrated uppers and minimize lowers
leaf,PASS,4,64,1,35,0.8571198411225747,0.8571320329378949,0.273528125,0.2813375,0.00011875652087394548,0.0005141014234713948,22.169756303188038,4.04190644825445,nan,2309.6464395000366,,,D=union_ij D_ij; evaluate the complete parent-v54 amplitude on every x/t leaf; sum integrated uppers and minimize lowers
leaf,PASS,4,64,1,36,0.8571198411225747,0.8571320329378949,0.2813375,0.28914687499999997,0.00012234847027583646,0.0005319630397367172,22.05977975649824,3.3684449744830895,nan,2312.465676299995,,,D=union_ij D_ij; evaluate the complete parent-v54 amplitude on every x/t leaf; sum integrated uppers and minimize lowers
leaf,PASS,4,64,1,37,0.8571198411225747,0.8571320329378949,0.28914687499999997,0.29695625,0.0001259386269320704,0.0005498052764286242,21.946223797245494,2.83135063072604,nan,2315.299190000049,,,D=union_ij D_ij; evaluate the complete parent-v54 amplitude on every x/t leaf; sum integrated uppers and minimize lowers
leaf,PASS,4,64,1,38,0.8571198411225747,0.8571320329378949,0.29695625,0.304765625,0.00012952713714645643,0.000567629655142757,21.829849039320287,2.3992807870428834,nan,2318.303042500047,,,D=union_ij D_ij; evaluate the complete parent-v54 amplitude on every x/t leaf; sum integrated uppers and minimize lowers
leaf,PASS,4,64,1,39,0.8571198411225747,0.8571320329378949,0.304765625,0.312575,0.00013311413068190333,0.0005854375326496829,21.71130131260384,2.048277247530206,nan,2321.163463099976,,,D=union_ij D_ij; evaluate the complete parent-v54 amplitude on every x/t leaf; sum integrated uppers and minimize lowers
leaf,PASS,4,64,1,40,0.8571198411225747,0.8571320329378949,0.312575,0.320384375,0.00013669972291815936,0.0006032301221068324,21.591129703145928,1.7605485806074896,nan,2324.1123264000053,,,D=union_ij D_ij; evaluate the complete parent-v54 amplitude on every x/t leaf; sum integrated uppers and minimize lowers
leaf,PASS,4,64,1,41,0.8571198411225747,0.8571320329378949,0.320384375,0.32819375,0.00014028401669038802,0.0006210085111143989,21.469801506579778,1.5228397155480982,nan,2327.610809899983,,,D=union_ij D_ij; evaluate the complete parent-v54 amplitude on every x/t leaf; sum integrated uppers and minimize lowers
leaf,PASS,4,64,1,42,0.8571198411225747,0.8571320329378949,0.32819375,0.336003125,0.0001438671038612868,0.0006387736771457539,21.34771467100933,1.3250189445014087,nan,2330.5440237000585,,,D=union_ij D_ij; evaluate the complete parent-v54 amplitude on every x/t leaf; sum integrated uppers and minimize lowers
leaf,PASS,4,64,1,43,0.8571198411225747,0.8571320329378949,0.336003125,0.34381249999999997,0.000147449066669882,0.0006565265007856706,21.22520818930035,1.159267901055986,nan,2333.5296897999942,,,D=union_ij D_ij; evaluate the complete parent-v54 amplitude on every x/t leaf; sum integrated uppers and minimize lowers
leaf,PASS,4,64,1,44,0.8571198411225747,0.8571320329378949,0.34381249999999997,0.351621875,0.00015102997828330143,0.0006742677770149793,21.102570807624215,1.0195006170530927,nan,2336.937430900056,,,D=union_ij D_ij; evaluate the complete parent-v54 amplitude on every x/t leaf; sum integrated uppers and minimize lowers
leaf,PASS,4,64,1,45,0.8571198411225747,0.8571320329378949,0.351621875,0.35943125,0.00015460990187340912,0.0006919982253943344,20.980048353980585,0.9009352044549049,nan,2339.817109500058,,,D=union_ij D_ij; evaluate the complete parent-v54 amplitude on every x/t leaf; sum integrated uppers and minimize lowers
leaf,PASS,4,64,1,46,0.8571198411225747,0.8571320329378949,0.35943125,0.367240625,0.00015818890138821377,0.0007097184982721547,20.85784991002932,0.7997864534228751,nan,2342.635163799976,,,D=union_ij D_ij; evaluate the complete parent-v54 amplitude on every x/t leaf; sum integrated uppers and minimize lowers
leaf,PASS,4,64,1,47,0.8571198411225747,0.8571320329378949,0.367240625,0.37505,0.0001617670306661581,0.0007274291883053412,20.736153047019382,0.713045732086999,nan,2345.4927657999797,,,D=union_ij D_ij; evaluate the complete parent-v54 amplitude on every x/t leaf; sum integrated uppers and minimize lowers
leaf,PASS,4,64,1,48,0.8571198411225747,0.8571320329378949,0.37505,0.382859375,0.00016534433836767578,0.0007451308349378012,20.615108255252096,0.6382902791506666,nan,2348.335349400062,,,D=union_ij D_ij; evaluate the complete parent-v54 amplitude on every x/t leaf; sum integrated uppers and minimize lowers
leaf,PASS,4,64,1,49,0.8571198411225747,0.8571320329378949,0.382859375,0.39066875,0.00016892086854754368,0.0007628239300616827,20.49484271889659,0.5735466905490368,nan,2352.4791909999913,,,D=union_ij D_ij; evaluate the complete parent-v54 amplitude on every x/t leaf; sum integrated uppers and minimize lowers
leaf,PASS,4,64,1,50,0.8571198411225747,0.8571320329378949,0.39066875,0.398478125,0.00017249666115577743,0.0007805089229823443,20.37546353538725,0.5172244368419471,nan,2355.3056044999976,,,D=union_ij D_ij; evaluate the complete parent-v54 amplitude on every x/t leaf; sum integrated uppers and minimize lowers
leaf,PASS,4,64,1,51,0.8571198411225747,0.8571320329378949,0.398478125,0.4062875,0.0001760717524770451,0.0007981862247841068,20.25706046758482,0.46802128111164426,nan,2358.1373912000563,,,D=union_ij D_ij; evaluate the complete parent-v54 amplitude on every x/t leaf; sum integrated uppers and minimize lowers
leaf,PASS,4,64,1,52,0.8571198411225747,0.8571320329378949,0.4062875,0.414096875,0.00017964617551703636,0.0008158562121787588,20.13970830230069,0.4249562312822314,nan,2361.1061902999645,,,D=union_ij D_ij; evaluate the complete parent-v54 amplitude on every x/t leaf; sum integrated uppers and minimize lowers
leaf,PASS,4,64,1,53,0.8571198411225747,0.8571320329378949,0.414096875,0.42190625,0.00018321996034294415,0.000833519230906278,20.023468875851762,0.3870359231036662,nan,2364.044403100037,,,D=union_ij D_ij; evaluate the complete parent-v54 amplitude on every x/t leaf; sum integrated uppers and minimize lowers
leaf,PASS,4,64,1,54,0.8571198411225747,0.8571320329378949,0.42190625,0.429715625,0.00018679313438414992,0.000851175435553638,19.908392817201168,0.35381678114965587,nan,2366.910498799989,,,D=union_ij D_ij; evaluate the complete parent-v54 amplitude on every x/t leaf; sum integrated uppers and minimize lowers
leaf,PASS,4,64,1,55,0.8571198411225747,0.8571320329378949,0.429715625,0.437525,0.0001903657226983083,0.0008688251286388966,19.918370562271825,0.32236689889714387,nan,2369.8026858000085,,,D=union_ij D_ij; evaluate the complete parent-v54 amplitude on every x/t leaf; sum integrated uppers and minimize lowers
leaf,PASS,4,64,1,56,0.8571198411225747,0.8571320329378949,0.437525,0.445334375,0.000193937748207279,0.0008864687320837788,20.005776017547007,0.29335675729529614,nan,2372.7987970999675,,,D=union_ij D_ij; evaluate the complete parent-v54 amplitude on every x/t leaf; sum integrated uppers and minimize lowers
leaf,PASS,4,64,1,57,0.8571198411225747,0.8571320329378949,0.445334375,0.45314375,0.0001975092319067208,0.000904106494631128,20.065207192878336,0.2680116886950942,nan,2375.728289599996,,,D=union_ij D_ij; evaluate the complete parent-v54 amplitude on every x/t leaf; sum integrated uppers and minimize lowers
leaf,PASS,4,64,1,58,0.8571198411225747,0.8571320329378949,0.45314375,0.460953125,0.000201080193052629,0.0009217386461342949,20.101034984463343,0.2457372063990783,nan,2378.987675099983,,,D=union_ij D_ij; evaluate the complete parent-v54 amplitude on every x/t leaf; sum integrated uppers and minimize lowers
leaf,PASS,4,64,1,59,0.8571198411225747,0.8571320329378949,0.460953125,0.46876249999999997,0.0002046506493276464,0.000939365399251263,20.1168890002875,0.22605777776788047,nan,2382.0183081000578,,,D=union_ij D_ij; evaluate the complete parent-v54 amplitude on every x/t leaf; sum integrated uppers and minimize lowers
leaf,PASS,4,64,1,60,0.8571198411225747,0.8571320329378949,0.46876249999999997,0.476571875,0.00020822061698959321,0.0009569869509634663,20.115834344498868,0.20858736192731053,nan,2384.9904947000323,,,D=union_ij D_ij; evaluate the complete parent-v54 amplitude on every x/t leaf; sum integrated uppers and minimize lowers
leaf,PASS,4,64,1,61,0.8571198411225747,0.8571320329378949,0.476571875,0.48438125,0.00021179011100433577,0.0009746034839398774,20.100448470920394,0.19300983424239893,nan,2387.9221090000356,,,D=union_ij D_ij; evaluate the complete parent-v54 amplitude on every x/t leaf; sum integrated uppers and minimize lowers
leaf,PASS,4,64,1,62,0.8571198411225747,0.8571320329378949,0.48438125,0.492190625,0.00021535914516483258,0.0009922151677642082,20.07289900336714,0.17906414595714568,nan,2390.812529799994,,,D=union_ij D_ij; evaluate the complete parent-v54 amplitude on every x/t leaf; sum integrated uppers and minimize lowers
leaf,PASS,4,64,1,63,0.8571198411225747,0.8571320329378949,0.492190625,0.5,0.00021892773219796047,0.0010098221600408157,20.03502181666884,0.16653296115865215,nan,2394.059818299953,,,D=union_ij D_ij; evaluate the complete parent-v54 amplitude on every x/t leaf; sum integrated uppers and minimize lowers
leaf,PASS,4,64,2,0,0.8571320329378949,0.8571442247532151,0.0002,0.008009375000000001,0.0,3.12961107291535e-08,18.00212230012929,1784038246.6961567,nan,2594.295480299974,,,D=union_ij D_ij; evaluate the complete parent-v54 amplitude on every x/t leaf; sum integrated uppers and minimize lowers
leaf,PASS,4,64,2,1,0.8571320329378949,0.8571442247532151,0.008009375000000001,0.01581875,0.0,1.359964499442668e-06,4.656976944333865,44568668.43835011,nan,2882.9280568000395,,,D=union_ij D_ij; evaluate the complete parent-v54 amplitude on every x/t leaf; sum integrated uppers and minimize lowers
leaf,PASS,4,64,2,2,0.8571320329378949,0.8571442247532151,0.01581875,0.023628125,0.0,1.060895672954508e-06,9.464303957150067,5.082707591498034e+16,nan,3091.223094100016,,,D=union_ij D_ij; evaluate the complete parent-v54 amplitude on every x/t leaf; sum integrated uppers and minimize lowers
leaf,PASS,4,64,2,3,0.8571320329378949,0.8571442247532151,0.023628125,0.0314375,0.0,6.004077475068439e-06,7.773123042882294,28355172656121.81,nan,3182.4663990000263,,,D=union_ij D_ij; evaluate the complete parent-v54 amplitude on every x/t leaf; sum integrated uppers and minimize lowers
leaf,PASS,4,64,2,4,0.8571320329378949,0.8571442247532151,0.0314375,0.039246875,0.0,1.0248584828805803e-05,2.9425406934143266,2473339365.4716034,nan,3259.5007496000035,,,D=union_ij D_ij; evaluate the complete parent-v54 amplitude on every x/t leaf; sum integrated uppers and minimize lowers
leaf,PASS,4,64,2,5,0.8571320329378949,0.8571442247532151,0.039246875,0.04705625,3.4372755950717058e-06,3.4372755950717058e-06,1.402397009783691,56220087546.28315,nan,3290.0292475000024,,,D=union_ij D_ij; evaluate the complete parent-v54 amplitude on every x/t leaf; sum integrated uppers and minimize lowers
leaf,PASS,4,64,2,6,0.8571320329378949,0.8571442247532151,0.04705625,0.054865625,8.77832021554208e-06,8.77832021554208e-06,2.0901602499865155,69952350.80761078,nan,3320.5823232999537,,,D=union_ij D_ij; evaluate the complete parent-v54 amplitude on every x/t leaf; sum integrated uppers and minimize lowers
leaf,PASS,4,64,2,7,0.8571320329378949,0.8571442247532151,0.054865625,0.06267500000000001,1.357561856739676e-05,1.357561856739676e-05,2.5664299305490434,2380218.8157943613,nan,3349.7908107000403,,,D=union_ij D_ij; evaluate the complete parent-v54 amplitude on every x/t leaf; sum integrated uppers and minimize lowers
leaf,PASS,4,64,2,8,0.8571320329378949,0.8571442247532151,0.06267500000000001,0.07048437500000002,1.8038969038434127e-05,1.8038969038434127e-05,0.7360366543032806,18803662.361712735,nan,3356.807733600028,,,D=union_ij D_ij; evaluate the complete parent-v54 amplitude on every x/t leaf; sum integrated uppers and minimize lowers
leaf,PASS,4,64,2,9,0.8571320329378949,0.8571442247532151,0.07048437500000002,0.07829375000000001,2.2283516612957494e-05,1.9112444354181186e-05,3.033387253301087,18667310.929694444,nan,3364.3142584000016,,,D=union_ij D_ij; evaluate the complete parent-v54 amplitude on every x/t leaf; sum integrated uppers and minimize lowers
leaf,PASS,4,64,2,10,0.8571320329378949,0.8571442247532151,0.07829375000000001,0.086103125,2.6377528475592536e-05,2.6377528475592536e-05,10.30071066184278,853355.9998784991,nan,3367.794216600014,,,D=union_ij D_ij; evaluate the complete parent-v54 amplitude on every x/t leaf; sum integrated uppers and minimize lowers
leaf,PASS,4,64,2,11,0.8571320329378949,0.8571442247532151,0.086103125,0.09391250000000001,3.0363938310366312e-05,6.383187781599137e-05,12.83576482860884,227002180589.63773,nan,3370.930962500046,,,D=union_ij D_ij; evaluate the complete parent-v54 amplitude on every x/t leaf; sum integrated uppers and minimize lowers
leaf,PASS,4,64,2,12,0.8571320329378949,0.8571442247532151,0.09391250000000001,0.10172187500000002,3.427103501095271e-05,8.493343299436224e-05,14.678044120854613,2767154.2445914457,nan,3374.3115189999808,,,D=union_ij D_ij; evaluate the complete parent-v54 amplitude on every x/t leaf; sum integrated uppers and minimize lowers
leaf,PASS,4,64,2,13,0.8571320329378949,0.8571442247532151,0.10172187500000002,0.10953125000000001,3.811817235687624e-05,0.00010545752956193635,16.370625064517686,283507.1620831323,nan,3377.762725800043,,,D=union_ij D_ij; evaluate the complete parent-v54 amplitude on every x/t leaf; sum integrated uppers and minimize lowers
leaf,PASS,4,64,2,14,0.8571320329378949,0.8571442247532151,0.10953125000000001,0.117340625,4.19190131344567e-05,0.00012552887878382993,17.813967874958614,59877.933724680865,nan,3381.171913300059,,,D=union_ij D_ij; evaluate the complete parent-v54 amplitude on every x/t leaf; sum integrated uppers and minimize lowers
leaf,PASS,4,64,2,15,0.8571320329378949,0.8571442247532151,0.117340625,0.12515,4.568379673499188e-05,0.00014524111356059078,18.98863620627316,17965.0558871528,nan,3384.3189659999916,,,D=union_ij D_ij; evaluate the complete parent-v54 amplitude on every x/t leaf; sum integrated uppers and minimize lowers
leaf,PASS,4,64,2,16,0.8571320329378949,0.8571442247532151,0.12515,0.13295937500000002,4.942175187354714e-05,0.00016466318133643332,19.926231832688657,6704.844634211102,nan,3387.4952695000684,,,D=union_ij D_ij; evaluate the complete parent-v54 amplitude on every x/t leaf; sum integrated uppers and minimize lowers
leaf,PASS,4,64,2,17,0.8571320329378949,0.8571442247532151,0.13295937500000002,0.14076875000000003,5.313757439443259e-05,0.00018384762773988113,20.66674218076151,2911.804191825643,nan,3390.829765500035,,,D=union_ij D_ij; evaluate the complete parent-v54 amplitude on every x/t leaf; sum integrated uppers and minimize lowers
leaf,PASS,4,64,2,18,0.8571320329378949,0.8571442247532151,0.14076875000000003,0.148578125,5.683412515190791e-05,0.00020283515033383165,21.246737198938067,1414.9313299487521,nan,3394.3821688999888,,,D=union_ij D_ij; evaluate the complete parent-v54 amplitude on every x/t leaf; sum integrated uppers and minimize lowers
leaf,PASS,4,64,2,19,0.8571320329378949,0.8571442247532151,0.148578125,0.1563875,6.051497012665985e-05,0.000221657834283977,21.696809282497455,750.077352528665,nan,3397.703959699953,,,D=union_ij D_ij; evaluate the complete parent-v54 amplitude on every x/t leaf; sum integrated uppers and minimize lowers
leaf,PASS,4,64,2,20,0.8571320329378949,0.8571442247532151,0.1563875,0.16419687500000002,6.418247445985495e-05,0.00024034098553990155,22.041743373968558,426.26277012604464,nan,3400.9143621999538,,,D=union_ij D_ij; evaluate the complete parent-v54 amplitude on every x/t leaf; sum integrated uppers and minimize lowers
leaf,PASS,4,64,2,21,0.8571320329378949,0.8571442247532151,0.16419687500000002,0.17200625,6.783857651667473e-05,0.0002589055579248216,22.30139960928609,256.4193820983472,nan,3404.214257900021,,,D=union_ij D_ij; evaluate the complete parent-v54 amplitude on every x/t leaf; sum integrated uppers and minimize lowers
leaf,PASS,4,64,2,22,0.8571320329378949,0.8571442247532151,0.17200625,0.179815625,7.148486679632659e-05,0.00027736832414792053,22.49165687672153,161.73775389439095,nan,3407.3932047999697,,,D=union_ij D_ij; evaluate the complete parent-v54 amplitude on every x/t leaf; sum integrated uppers and minimize lowers
leaf,PASS,4,64,2,23,0.8571320329378949,0.8571442247532151,0.179815625,0.18762500000000001,7.512267037508824e-05,0.00029574307488382977,22.625235188700195,106.19170704191235,nan,3410.5109397000633,,,D=union_ij D_ij; evaluate the complete parent-v54 amplitude on every x/t leaf; sum integrated uppers and minimize lowers
leaf,PASS,4,64,2,24,0.8571320329378949,0.8571442247532151,0.18762500000000001,0.19543437500000002,7.875309673450156e-05,0.00031404124593849113,22.712363419094572,72.15948714638569,nan,3413.6455351000186,,,D=union_ij D_ij; evaluate the complete parent-v54 amplitude on every x/t leaf; sum integrated uppers and minimize lowers
leaf,PASS,4,64,2,25,0.8571320329378949,0.8571442247532151,0.19543437500000002,0.20324375000000003,8.23770795190124e-05,0.0003322723943270611,22.761306118087916,50.51478665266366,nan,3417.1966643000487,,,D=union_ij D_ij; evaluate the complete parent-v54 amplitude on every x/t leaf; sum integrated uppers and minimize lowers
leaf,PASS,4,64,2,26,0.8571320329378949,0.8571442247532151,0.20324375000000003,0.211053125,8.599540828731585e-05,0.0003504445315699885,22.778774414570616,36.29404661501367,nan,3421.4254551000195,,,D=union_ij D_ij; evaluate the complete parent-v54 amplitude on every x/t leaf; sum integrated uppers and minimize lowers
leaf,PASS,4,64,2,27,0.8571320329378949,0.8571442247532151,0.211053125,0.21886250000000002,8.960875394200193e-05,0.0003685645075649948,22.770245715921348,26.680712299059078,nan,3424.986029200023,,,D=union_ij D_ij; evaluate the complete parent-v54 amplitude on every x/t leaf; sum integrated uppers and minimize lowers
leaf,PASS,4,64,2,28,0.8571320329378949,0.8571442247532151,0.21886250000000002,0.22667187500000002,9.321768917664357e-05,0.0003866381309936453,22.74021238262664,20.016118195429634,nan,3428.864489700063,,,D=union_ij D_ij; evaluate the complete parent-v54 amplitude on every x/t leaf; sum integrated uppers and minimize lowers
leaf,PASS,4,64,2,29,0.8571320329378949,0.8571442247532151,0.22667187500000002,0.23448125,9.682270499150867e-05,0.0004046697961292031,22.69237524165104,15.291033154620003,nan,3432.930866300012,,,D=union_ij D_ij; evaluate the complete parent-v54 amplitude on every x/t leaf; sum integrated uppers and minimize lowers
leaf,PASS,4,64,2,30,0.8571320329378949,0.8571442247532151,0.23448125,0.242290625,0.00010042419745271845,0.000422664166941279,22.629798598731444,11.872910600322212,nan,3436.4751294000307,,,D=union_ij D_ij; evaluate the complete parent-v54 amplitude on every x/t leaf; sum integrated uppers and minimize lowers
leaf,PASS,4,64,2,31,0.8571320329378949,0.8571442247532151,0.242290625,0.2501,0.00010402253132579779,0.00044062490383288015,22.55499060216266,9.355313225985368,nan,3439.9676731000654,,,D=union_ij D_ij; evaluate the complete parent-v54 amplitude on every x/t leaf; sum integrated uppers and minimize lowers
leaf,PASS,4,64,2,32,0.8571320329378949,0.8571442247532151,0.2501,0.257909375,0.00010761804459058249,0.0004585555818084277,22.470116843596916,7.4701146627919695,nan,3443.926881500054,,,D=union_ij D_ij; evaluate the complete parent-v54 amplitude on every x/t leaf; sum integrated uppers and minimize lowers
leaf,PASS,4,64,2,33,0.8571320329378949,0.8571442247532151,0.257909375,0.26571875,0.00011121097587713615,0.000476459015893804,22.376955545286222,6.0372848954893445,nan,3447.9108015999664,,,D=union_ij D_ij; evaluate the complete parent-v54 amplitude on every x/t leaf; sum integrated uppers and minimize lowers
leaf,PASS,4,64,2,34,0.8571320329378949,0.8571442247532151,0.26571875,0.273528125,0.00011480152239094993,0.0004943376693670915,22.276998833827523,4.933486671391673,nan,3452.6831522999564,,,D=union_ij D_ij; evaluate the complete parent-v54 amplitude on every x/t leaf; sum integrated uppers and minimize lowers
leaf,PASS,4,64,2,35,0.8571320329378949,0.8571442247532151,0.273528125,0.2813375,0.00011838998712298414,0.0005121937098423137,22.17150318197439,4.072658782173054,nan,3455.789467200055,,,D=union_ij D_ij; evaluate the complete parent-v54 amplitude on every x/t leaf; sum integrated uppers and minimize lowers
leaf,PASS,4,64,2,36,0.8571320329378949,0.8571442247532151,0.2813375,0.28914687499999997,0.00012197655590630913,0.0005300290513839025,22.061529308240914,3.3935679281869375,nan,3458.889188500005,,,D=union_ij D_ij; evaluate the complete parent-v54 amplitude on every x/t leaf; sum integrated uppers and minimize lowers
leaf,PASS,4,64,2,37,0.8571320329378949,0.8571442247532151,0.28914687499999997,0.29695625,0.00012556139249183978,0.0005478453896956366,21.94797467295472,2.852067391143252,nan,3462.238637099974,,,D=union_ij D_ij; evaluate the complete parent-v54 amplitude on every x/t leaf; sum integrated uppers and minimize lowers
leaf,PASS,4,64,2,38,0.8571320329378949,0.8571442247532151,0.29695625,0.304765625,0.00012914464156647595,0.0005656442316701872,21.831600069638753,2.4159871406540807,nan,3465.337644699961,,,D=union_ij D_ij; evaluate the complete parent-v54 amplitude on every x/t leaf; sum integrated uppers and minimize lowers
leaf,PASS,4,64,2,39,0.8571320329378949,0.8571442247532151,0.304765625,0.312575,0.0001327264313041132,0.0005834269203201439,21.713051482762047,2.0616192662063426,nan,3468.558602600009,,,D=union_ij D_ij; evaluate the complete parent-v54 amplitude on every x/t leaf; sum integrated uppers and minimize lowers
leaf,PASS,4,64,2,40,0.8571320329378949,0.8571442247532151,0.312575,0.320384375,0.00013630687553011062,0.0006011946559069013,21.59287813181417,1.7715452285552447,nan,3471.659288099967,,,D=union_ij D_ij; evaluate the complete parent-v54 amplitude on every x/t leaf; sum integrated uppers and minimize lowers
leaf,PASS,4,64,2,41,0.8571320329378949,0.8571442247532151,0.320384375,0.32819375,0.0001398860755645386,0.0006189485139226681,21.471547427941832,1.5321819797304077,nan,3474.7214493000647,,,D=union_ij D_ij; evaluate the complete parent-v54 amplitude on every x/t leaf; sum integrated uppers and minimize lowers
leaf,PASS,4,64,2,42,0.8571320329378949,0.8571442247532151,0.32819375,0.336003125,0.00014346412179740042,0.0006366894604549463,21.34945741951074,1.3330074336583513,nan,3477.9730062000453,,,D=union_ij D_ij; evaluate the complete parent-v54 amplitude on every x/t leaf; sum integrated uppers and minimize lowers
leaf,PASS,4,64,2,43,0.8571320329378949,0.8571442247532151,0.336003125,0.34381249999999997,0.000147041095039334,0.0006544183653657493,21.226947186627182,1.1661403308182963,nan,3481.195295499987,,,D=union_ij D_ij; evaluate the complete parent-v54 amplitude on every x/t leaf; sum integrated uppers and minimize lowers
leaf,PASS,4,64,2,44,0.8571320329378949,0.8571442247532151,0.34381249999999997,0.351621875,0.0001506170670288045,0.0006721360135236505,21.104305551553285,1.025446619659246,nan,3484.3162848000648,,,D=union_ij D_ij; evaluate the complete parent-v54 amplitude on every x/t leaf; sum integrated uppers and minimize lowers
leaf,PASS,4,64,2,45,0.8571320329378949,0.8571442247532151,0.351621875,0.35943125,0.0001541920993399784,0.0006898431149385774,20.98177840867661,0.9061068744777673,nan,3487.4195521000074,,,D=union_ij D_ij; evaluate the complete parent-v54 amplitude on every x/t leaf; sum integrated uppers and minimize lowers
leaf,PASS,4,64,2,46,0.8571320329378949,0.8571442247532151,0.35943125,0.367240625,0.00015776625497244536,0.0007075403129288299,20.85957489758129,0.8043075484747682,nan,3490.5592368000653,,,D=union_ij D_ij; evaluate the complete parent-v54 amplitude on every x/t leaf; sum integrated uppers and minimize lowers
leaf,PASS,4,64,2,47,0.8571320329378949,0.8571442247532151,0.367240625,0.37505,0.0001613395865131732,0.0007252281916016241,20.73787264160757,0.7170166304513772,nan,3493.7947007999755,,,D=union_ij D_ij; evaluate the complete parent-v54 amplitude on every x/t leaf; sum integrated uppers and minimize lowers
leaf,PASS,4,64,2,48,0.8571320329378949,0.8571442247532151,0.37505,0.382859375,0.00016491214141558098,0.0007429072822967913,20.616822175413297,0.6417937210290473,nan,3496.888099899981,,,D=union_ij D_ij; evaluate the complete parent-v54 amplitude on every x/t leaf; sum integrated uppers and minimize lowers
leaf,PASS,4,64,2,49,0.8571320329378949,0.8571442247532151,0.382859375,0.39066875,0.00016848396257073645,0.0007605780692160879,20.49655072270904,0.5766506928243601,nan,3500.017672099988,,,D=union_ij D_ij; evaluate the complete parent-v54 amplitude on every x/t leaf; sum integrated uppers and minimize lowers
leaf,PASS,4,64,2,50,0.8571320329378949,0.8571442247532151,0.39066875,0.398478125,0.0001720550888069656,0.000778240994359125,20.377165415788983,0.5199851146581879,nan,3503.131201399956,,,D=union_ij D_ij; evaluate the complete parent-v54 amplitude on every x/t leaf; sum integrated uppers and minimize lowers
leaf,PASS,4,64,2,51,0.8571320329378949,0.8571442247532151,0.398478125,0.4062875,0.00017562555532789557,0.0007958964618626521,20.258756048286795,0.4704861594343867,nan,3506.163589500007,,,D=union_ij D_ij; evaluate the complete parent-v54 amplitude on every x/t leaf; sum integrated uppers and minimize lowers
leaf,PASS,4,64,2,52,0.8571320329378949,0.8571442247532151,0.4062875,0.414096875,0.0001791953940974027,0.0008135448418248916,20.141397434211225,0.4270714215743652,nan,3509.7194622999523,,,D=union_ij D_ij; evaluate the complete parent-v54 amplitude on every x/t leaf; sum integrated uppers and minimize lowers
leaf,PASS,4,64,2,53,0.8571320329378949,0.8571442247532151,0.414096875,0.42190625,0.00018276463417865013,0.0008311864736841494,20.025151433941875,0.3889187811905642,nan,3512.817259100033,,,D=union_ij D_ij; evaluate the complete parent-v54 amplitude on every x/t leaf; sum integrated uppers and minimize lowers
leaf,PASS,4,64,2,54,0.8571320329378949,0.8571442247532151,0.42190625,0.429715625,0.0001863333020333263,0.0008488216335717357,19.910068697750898,0.3552200470697433,nan,3515.8873873000266,,,D=union_ij D_ij; evaluate the complete parent-v54 amplitude on every x/t leaf; sum integrated uppers and minimize lowers
leaf,PASS,4,64,2,55,0.8571320329378949,0.8571442247532151,0.429715625,0.437525,0.0001899014217862958,0.0008664503643066586,19.91999207405347,0.3233159297549661,nan,3519.2948048999533,,,D=union_ij D_ij; evaluate the complete parent-v54 amplitude on every x/t leaf; sum integrated uppers and minimize lowers
leaf,PASS,4,64,2,56,0.8571320329378949,0.8571442247532151,0.437525,0.445334375,0.00019346901546012213,0.0008840732087270245,20.00742181081239,0.2939163277290335,nan,3522.627968900022,,,D=union_ij D_ij; evaluate the complete parent-v54 amplitude on every x/t leaf; sum integrated uppers and minimize lowers
leaf,PASS,4,64,2,57,0.8571320329378949,0.8571442247532151,0.445334375,0.45314375,0.00019703610318328515,0.0009016904103350511,20.06687264032428,0.26849764367120293,nan,3525.6056171000237,,,D=union_ij D_ij; evaluate the complete parent-v54 amplitude on every x/t leaf; sum integrated uppers and minimize lowers
leaf,PASS,4,64,2,58,0.8571320329378949,0.8571442247532151,0.45314375,0.460953125,0.0002006027033753813,0.000919302193969116,20.10271617246506,0.24616909685436433,nan,3528.699012199999,,,D=union_ij D_ij; evaluate the complete parent-v54 amplitude on every x/t leaf; sum integrated uppers and minimize lowers
leaf,PASS,4,64,2,59,0.8571320329378949,0.8571442247532151,0.460953125,0.46876249999999997,0.00020416883291214048,0.0009369087674844721,20.11858255578164,0.22644772607191446,nan,3531.8119605999673,,,D=union_ij D_ij; evaluate the complete parent-v54 amplitude on every x/t leaf; sum integrated uppers and minimize lowers
leaf,PASS,4,64,2,60,0.8571320329378949,0.8571442247532151,0.46876249999999997,0.476571875,0.00020773450727270773,0.0009545103232596643,20.117537493629108,0.20894100433268087,nan,3535.047438999987,,,D=union_ij D_ij; evaluate the complete parent-v54 amplitude on every x/t leaf; sum integrated uppers and minimize lowers
leaf,PASS,4,64,2,61,0.8571320329378949,0.8571442247532151,0.476571875,0.48438125,0.00021129974067131123,0.0009721070395491327,20.10215880320383,0.1933316051752774,nan,3538.11363659997,,,D=union_ij D_ij; evaluate the complete parent-v54 amplitude on every x/t leaf; sum integrated uppers and minimize lowers
leaf,PASS,4,64,2,62,0.8571320329378949,0.8571442247532151,0.48438125,0.492190625,0.0002148645461751557,0.0009896990816997651,20.074614457802355,0.1793578165921242,nan,3541.2635410999646,,,D=union_ij D_ij; evaluate the complete parent-v54 amplitude on every x/t leaf; sum integrated uppers and minimize lowers
leaf,PASS,4,64,2,63,0.8571320329378949,0.8571442247532151,0.492190625,0.5,0.00021842893581014398,0.0010072866032469169,20.036740627404516,0.1668017566349568,nan,3544.9776483000023,,,D=union_ij D_ij; evaluate the complete parent-v54 amplitude on every x/t leaf; sum integrated uppers and minimize lowers
leaf,PASS,4,64,3,0,0.8571442247532151,0.8571564165685353,0.0002,0.008009375000000001,0.0,2.954041907469983e-08,17.909635406800604,4257430706.431417,nan,3771.058382899966,,,D=union_ij D_ij; evaluate the complete parent-v54 amplitude on every x/t leaf; sum integrated uppers and minimize lowers
leaf,PASS,4,64,3,1,0.8571442247532151,0.8571564165685353,0.008009375000000001,0.01581875,0.0,1.0138217397943447e-06,4.6746732751371916,55039267.13004118,nan,4152.923854100052,,,D=union_ij D_ij; evaluate the complete parent-v54 amplitude on every x/t leaf; sum integrated uppers and minimize lowers
leaf,PASS,4,64,3,2,0.8571442247532151,0.8571564165685353,0.01581875,0.023628125,0.0,9.66869045512924e-07,9.463377216333036,5.900878782058413e+16,nan,4377.243533900008,,,D=union_ij D_ij; evaluate the complete parent-v54 amplitude on every x/t leaf; sum integrated uppers and minimize lowers
leaf,PASS,4,64,3,3,0.8571442247532151,0.8571564165685353,0.023628125,0.0314375,0.0,5.889976565368013e-06,7.771968483429476,30145328642090.812,nan,4461.05321579997,,,D=union_ij D_ij; evaluate the complete parent-v54 amplitude on every x/t leaf; sum integrated uppers and minimize lowers
leaf,PASS,4,64,3,4,0.8571442247532151,0.8571564165685353,0.0314375,0.039246875,0.0,1.0117471537761433e-05,2.940845493868559,2585467462.157071,nan,4537.392443399993,,,D=union_ij D_ij; evaluate the complete parent-v54 amplitude on every x/t leaf; sum integrated uppers and minimize lowers
leaf,PASS,4,64,3,5,0.8571442247532151,0.8571564165685353,0.039246875,0.04705625,3.2988756593963477e-06,3.2988756593963477e-06,1.4020460577539053,65929361489.7538,nan,4567.154238200048,,,D=union_ij D_ij; evaluate the complete parent-v54 amplitude on every x/t leaf; sum integrated uppers and minimize lowers
leaf,PASS,4,64,3,6,0.8571442247532151,0.8571564165685353,0.04705625,0.054865625,8.625521855836664e-06,8.625521855836664e-06,2.0898117322215715,74605538.77130228,nan,4600.05213029997,,,D=union_ij D_ij; evaluate the complete parent-v54 amplitude on every x/t leaf; sum integrated uppers and minimize lowers
leaf,PASS,4,64,3,7,0.8571442247532151,0.8571564165685353,0.054865625,0.06267500000000001,1.3409697807448075e-05,1.3409697807448075e-05,2.5660882413764807,2484368.040405627,nan,4629.5081458999775,,,D=union_ij D_ij; evaluate the complete parent-v54 amplitude on every x/t leaf; sum integrated uppers and minimize lowers
leaf,PASS,4,64,3,8,0.8571442247532151,0.8571564165685353,0.06267500000000001,0.07048437500000002,1.7860913093212963e-05,1.7860913093212963e-05,0.7315107454070761,19553588.317723893,nan,4637.733567900024,,,D=union_ij D_ij; evaluate the complete parent-v54 amplitude on every x/t leaf; sum integrated uppers and minimize lowers
leaf,PASS,4,64,3,9,0.8571442247532151,0.8571564165685353,0.07048437500000002,0.07829375000000001,2.2094119372181104e-05,1.8121346068929923e-05,3.033051210917141,20983184.324974544,nan,4644.711211999995,,,D=union_ij D_ij; evaluate the complete parent-v54 amplitude on every x/t leaf; sum integrated uppers and minimize lowers
leaf,PASS,4,64,3,10,0.8571442247532151,0.8571564165685353,0.07829375000000001,0.086103125,2.6177446774956254e-05,2.6177446774956254e-05,10.299034220630517,904657.2785405638,nan,4648.127720899996,,,D=union_ij D_ij; evaluate the complete parent-v54 amplitude on every x/t leaf; sum integrated uppers and minimize lowers
leaf,PASS,4,64,3,11,0.8571442247532151,0.8571564165685353,0.086103125,0.09391250000000001,3.0153727572688655e-05,6.274164799287342e-05,12.834853949013592,225477464988.4632,nan,4651.44189050002,,,D=union_ij D_ij; evaluate the complete parent-v54 amplitude on every x/t leaf; sum integrated uppers and minimize lowers
leaf,PASS,4,64,3,12,0.8571442247532151,0.8571564165685353,0.09391250000000001,0.10172187500000002,3.405117308489383e-05,8.379692310231224e-05,14.677501856652714,2842038.2358376808,nan,4654.69997159997,,,D=union_ij D_ij; evaluate the complete parent-v54 amplitude on every x/t leaf; sum integrated uppers and minimize lowers
leaf,PASS,4,64,3,13,0.8571442247532151,0.8571564165685353,0.10172187500000002,0.10953125000000001,3.788907639307223e-05,0.00010427658444298236,16.370384132224146,289935.00329622003,nan,4658.262732299976,,,D=union_ij D_ij; evaluate the complete parent-v54 amplitude on every x/t leaf; sum integrated uppers and minimize lowers
leaf,PASS,4,64,3,14,0.8571442247532151,0.8571564165685353,0.10953125000000001,0.117340625,4.168105409723439e-05,0.00012430514352345013,17.814052054732205,61060.04165096054,nan,4661.618096000049,,,D=union_ij D_ij; evaluate the complete parent-v54 amplitude on every x/t leaf; sum integrated uppers and minimize lowers
leaf,PASS,4,64,3,15,0.8571442247532151,0.8571564165685353,0.117340625,0.12515,4.543899912751045e-05,0.0001439760673600644,18.98901031019964,18282.065580107464,nan,4664.888326299959,,,D=union_ij D_ij; evaluate the complete parent-v54 amplitude on every x/t leaf; sum integrated uppers and minimize lowers
leaf,PASS,4,64,3,16,0.8571442247532151,0.8571564165685353,0.12515,0.13295937500000002,4.917060525637932e-05,0.00016335816354076115,19.92685066339545,6812.557360917825,nan,4668.320051099989,,,D=union_ij D_ij; evaluate the complete parent-v54 amplitude on every x/t leaf; sum integrated uppers and minimize lowers
leaf,PASS,4,64,3,17,0.8571442247532151,0.8571564165685353,0.13295937500000002,0.14076875000000003,5.288006986948266e-05,0.0001825038587530659,20.66756382862068,2954.9757078890716,nan,4671.667064600042,,,D=union_ij D_ij; evaluate the complete parent-v54 amplitude on every x/t leaf; sum integrated uppers and minimize lowers
leaf,PASS,4,64,3,18,0.8571442247532151,0.8571564165685353,0.14076875000000003,0.148578125,5.6570164057284165e-05,0.00020145374825195701,21.247726022658885,1434.4939769487185,nan,4674.759261499974,,,D=union_ij D_ij; evaluate the complete parent-v54 amplitude on every x/t leaf; sum integrated uppers and minimize lowers
leaf,PASS,4,64,3,19,0.8571442247532151,0.8571564165685353,0.148578125,0.1563875,6.024456921634996e-05,0.00022023951413325054,21.69793585358807,759.831093635351,nan,4678.02174440003,,,D=union_ij D_ij; evaluate the complete parent-v54 amplitude on every x/t leaf; sum integrated uppers and minimize lowers
leaf,PASS,4,64,3,20,0.8571442247532151,0.8571564165685353,0.1563875,0.16419687500000002,6.390564785446859e-05,0.00023888700594722155,22.042983619540614,431.50647772481335,nan,4681.294602800044,,,D=union_ij D_ij; evaluate the complete parent-v54 amplitude on every x/t leaf; sum integrated uppers and minimize lowers
leaf,PASS,4,64,3,21,0.8571442247532151,0.8571564165685353,0.16419687500000002,0.17200625,6.755537100244639e-05,0.00025741680292978733,22.302733858022645,259.41947591249965,nan,4684.623769400059,,,D=union_ij D_ij; evaluate the complete parent-v54 amplitude on every x/t leaf; sum integrated uppers and minimize lowers
leaf,PASS,4,64,3,22,0.8571442247532151,0.8571564165685353,0.17200625,0.179815625,7.119533926955048e-05,0.0002758456174364463,22.493069011380754,163.5455670974629,nan,4689.100159700029,,,D=union_ij D_ij; evaluate the complete parent-v54 amplitude on every x/t leaf; sum integrated uppers and minimize lowers
leaf,PASS,4,64,3,23,0.8571442247532151,0.8571564165685353,0.179815625,0.18762500000000001,7.482688447084032e-05,0.000294187186402386,22.62671194709565,107.32992078905579,nan,4693.60890240001,,,D=union_ij D_ij; evaluate the complete parent-v54 amplitude on every x/t leaf; sum integrated uppers and minimize lowers
leaf,PASS,4,64,3,24,0.8571442247532151,0.8571564165685353,0.18762500000000001,0.19543437500000002,7.845112042335599e-05,0.0003124528975352297,22.713893834087685,72.90355179203196,nan,4697.917185600032,,,D=union_ij D_ij; evaluate the complete parent-v54 amplitude on every x/t leaf; sum integrated uppers and minimize lowers
leaf,PASS,4,64,3,25,0.8571442247532151,0.8571564165685353,0.19543437500000002,0.20324375000000003,8.206898338087238e-05,0.00033065226459652456,22.762881073849453,51.01726990939662,nan,4701.957382000051,,,D=union_ij D_ij; evaluate the complete parent-v54 amplitude on every x/t leaf; sum integrated uppers and minimize lowers
leaf,PASS,4,64,3,26,0.8571442247532151,0.8571564165685353,0.20324375000000003,0.211053125,8.568126426527471e-05,0.0003487932600207618,22.78038629583797,36.64316565083593,nan,4705.302014800021,,,D=union_ij D_ij; evaluate the complete parent-v54 amplitude on every x/t leaf; sum integrated uppers and minimize lowers
leaf,PASS,4,64,3,27,0.8571442247532151,0.8571564165685353,0.211053125,0.21886250000000002,8.928863444052112e-05,0.00036688269831919415,22.771888130430387,26.929419514413198,nan,4708.538297199993,,,D=union_ij D_ij; evaluate the complete parent-v54 amplitude on every x/t leaf; sum integrated uppers and minimize lowers
leaf,PASS,4,64,3,28,0.8571442247532151,0.8571564165685353,0.21886250000000002,0.22667187500000002,9.289166640922224e-05,0.00038492635590948657,22.741879940365497,20.197290733938132,nan,4711.724357399973,,,D=union_ij D_ij; evaluate the complete parent-v54 amplitude on every x/t leaf; sum integrated uppers and minimize lowers
leaf,PASS,4,64,3,29,0.8571442247532151,0.8571564165685353,0.22667187500000002,0.23448125,9.649085051071175e-05,0.00040292859744456863,22.694063378250814,15.425631155566238,nan,4714.84552219999,,,D=union_ij D_ij; evaluate the complete parent-v54 amplitude on every x/t leaf; sum integrated uppers and minimize lowers
leaf,PASS,4,64,3,30,0.8571442247532151,0.8571564165685353,0.23448125,0.242290625,0.0001000866084603822,0.0004208940602644757,22.631503435146527,11.974698434566918,nan,4717.9985606999835,,,D=union_ij D_ij; evaluate the complete parent-v54 amplitude on every x/t leaf; sum integrated uppers and minimize lowers
leaf,PASS,4,64,3,31,0.8571442247532151,0.8571564165685353,0.242290625,0.2501,0.00010367930356895099,0.00043882638025201294,22.556708935479907,9.433532340355844,nan,4721.233576699975,,,D=union_ij D_ij; evaluate the complete parent-v54 amplitude on every x/t leaf; sum integrated uppers and minimize lowers
leaf,PASS,4,64,3,32,0.8571442247532151,0.8571564165685353,0.2501,0.257909375,0.00010726922889196706,0.0004567291085911304,22.471845726463705,7.531100552541555,nan,4724.5096369000385,,,D=union_ij D_ij; evaluate the complete parent-v54 amplitude on every x/t leaf; sum integrated uppers and minimize lowers
leaf,PASS,4,64,3,33,0.8571442247532151,0.8571564165685353,0.257909375,0.26571875,0.00011085664192781337,0.0004746050397161605,22.378692548008353,6.085465325862004,nan,4727.670238899998,,,D=union_ij D_ij; evaluate the complete parent-v54 amplitude on every x/t leaf; sum integrated uppers and minimize lowers
leaf,PASS,4,64,3,34,0.8571442247532151,0.8571564165685353,0.26571875,0.273528125,0.00011444182076353993,0.0004924566173524093,22.278741865731646,4.9719439386032045,nan,4730.850521399989,,,D=union_ij D_ij; evaluate the complete parent-v54 amplitude on every x/t leaf; sum integrated uppers and minimize lowers
leaf,PASS,4,64,3,35,0.8571442247532151,0.8571564165685353,0.273528125,0.2813375,0.00011802484234850057,0.0005102859909629136,22.173250439992007,4.103751075631233,nan,4734.45438650006,,,D=union_ij D_ij; evaluate the complete parent-v54 amplitude on every x/t leaf; sum integrated uppers and minimize lowers
leaf,PASS,4,64,3,36,0.8571442247532151,0.8571564165685353,0.2813375,0.28914687499999997,0.0001216060259177108,0.0005280950577259148,22.063279234250203,3.4189629579821337,nan,4738.404998300015,,,D=union_ij D_ij; evaluate the complete parent-v54 amplitude on every x/t leaf; sum integrated uppers and minimize lowers
leaf,PASS,4,64,3,37,0.8571442247532151,0.8571564165685353,0.28914687499999997,0.29695625,0.00012518553802012798,0.0005458854976035576,21.949725918220327,2.873004133685718,nan,4743.51136949996,,,D=union_ij D_ij; evaluate the complete parent-v54 amplitude on every x/t leaf; sum integrated uppers and minimize lowers
leaf,PASS,4,64,3,38,0.8571442247532151,0.8571564165685353,0.29695625,0.304765625,0.00012876352171418588,0.000563658802785511,21.83335146503453,2.433397774255716,nan,4747.31712719996,,,D=union_ij D_ij; evaluate the complete parent-v54 amplitude on every x/t leaf; sum integrated uppers and minimize lowers
leaf,PASS,4,64,3,39,0.8571442247532151,0.8571564165685353,0.304765625,0.312575,0.00013234010357415297,0.0005814163025263576,21.714802013729226,2.076213852452181,nan,4750.720706099994,,,D=union_ij D_ij; evaluate the complete parent-v54 amplitude on every x/t leaf; sum integrated uppers and minimize lowers
leaf,PASS,4,64,3,40,0.8571442247532151,0.8571564165685353,0.312575,0.320384375,0.00013591539586124002,0.000599159184191427,21.59462691721578,1.783552364390886,nan,4754.058026700048,,,D=union_ij D_ij; evaluate the complete parent-v54 amplitude on every x/t leaf; sum integrated uppers and minimize lowers
leaf,PASS,4,64,3,41,0.8571442247532151,0.8571564165685353,0.320384375,0.32819375,0.00013948949837143976,0.000616888511164917,21.47329370213847,1.541876031129371,nan,4757.211219600053,,,D=union_ij D_ij; evaluate the complete parent-v54 amplitude on every x/t leaf; sum integrated uppers and minimize lowers
leaf,PASS,4,64,3,42,0.8571442247532151,0.8571564165685353,0.32819375,0.336003125,0.00014306250001377903,0.0006346052381484345,21.351200517110634,1.3410714016655403,nan,4760.416921700002,,,D=union_ij D_ij; evaluate the complete parent-v54 amplitude on every x/t leaf; sum integrated uppers and minimize lowers
leaf,PASS,4,64,3,43,0.8571442247532151,0.8571564165685353,0.336003125,0.34381249999999997,0.00014663448016286233,0.0006523102242812088,21.228686529466536,1.173076647086648,nan,4763.897321700002,,,D=union_ij D_ij; evaluate the complete parent-v54 amplitude on every x/t leaf; sum integrated uppers and minimize lowers
leaf,PASS,4,64,3,44,0.8571442247532151,0.8571564165685353,0.34381249999999997,0.351621875,0.00015020550912411192,0.0006700042443195334,21.1060406375478,1.031447032884217,nan,4767.033549200045,,,D=union_ij D_ij; evaluate the complete parent-v54 amplitude on every x/t leaf; sum integrated uppers and minimize lowers
leaf,PASS,4,64,3,45,0.8571442247532151,0.8571564165685353,0.351621875,0.35943125,0.00015377564686011306,0.0006876879987225874,20.983508801559324,0.9113251525205224,nan,4770.149396399967,,,D=union_ij D_ij; evaluate the complete parent-v54 amplitude on every x/t leaf; sum integrated uppers and minimize lowers
leaf,PASS,4,64,3,46,0.8571442247532151,0.8571564165685353,0.35943125,0.367240625,0.00015734495542087798,0.0007053621217785304,20.86130022068176,0.8088687904024079,nan,4773.659696200048,,,D=union_ij D_ij; evaluate the complete parent-v54 amplitude on every x/t leaf; sum integrated uppers and minimize lowers
leaf,PASS,4,64,3,47,0.8571442247532151,0.8571564165685353,0.367240625,0.37505,0.00016091348613624288,0.0007230271890448743,20.73959256865748,0.7210222871481979,nan,4777.007234600023,,,D=union_ij D_ij; evaluate the complete parent-v54 amplitude on every x/t leaf; sum integrated uppers and minimize lowers
leaf,PASS,4,64,3,48,0.8571442247532151,0.8571564165685353,0.37505,0.382859375,0.00016448128524735792,0.0007406837237573553,20.618536425053737,0.6453274053154598,nan,4780.553516000044,,,D=union_ij D_ij; evaluate the complete parent-v54 amplitude on every x/t leaf; sum integrated uppers and minimize lowers
leaf,PASS,4,64,3,49,0.8571442247532151,0.8571564165685353,0.382859375,0.39066875,0.00016804839447669435,0.0007583322024273199,20.498259053115873,0.579781129305832,nan,4783.839149800013,,,D=union_ij D_ij; evaluate the complete parent-v54 amplitude on every x/t leaf; sum integrated uppers and minimize lowers
leaf,PASS,4,64,3,50,0.8571442247532151,0.8571564165685353,0.39066875,0.398478125,0.000171614851526337,0.0007759730597486152,20.378867619991833,0.5227689942345506,nan,4788.217450299999,,,D=union_ij D_ij; evaluate the complete parent-v54 amplitude on every x/t leaf; sum integrated uppers and minimize lowers
leaf,PASS,4,64,3,51,0.8571442247532151,0.8571564165685353,0.398478125,0.4062875,0.0001751806905146277,0.0007936066929104023,20.260451950082675,0.47297148994353794,nan,4793.2766640000045,,,D=union_ij D_ij; evaluate the complete parent-v54 amplitude on every x/t leaf; sum integrated uppers and minimize lowers
leaf,PASS,4,64,3,52,0.8571442247532151,0.8571564165685353,0.4062875,0.414096875,0.00017874594235966676,0.0008112334653973218,20.1430868845895,0.4292981279223352,nan,4796.973877900047,,,D=union_ij D_ij; evaluate the complete parent-v54 amplitude on every x/t leaf; sum integrated uppers and minimize lowers
leaf,PASS,4,64,3,53,0.8571442247532151,0.8571564165685353,0.414096875,0.42190625,0.00018231063511688333,0.0008288537103459927,20.02683430794999,0.3908488926662288,nan,4800.306897300063,,,D=union_ij D_ij; evaluate the complete parent-v54 amplitude on every x/t leaf; sum integrated uppers and minimize lowers
leaf,PASS,4,64,3,54,0.8571442247532151,0.8571564165685353,0.42190625,0.429715625,0.00018587479427680632,0.0008464677335164921,19.911744891741098,0.3569303178225615,nan,4803.491099299979,,,D=union_ij D_ij; evaluate the complete parent-v54 amplitude on every x/t leaf; sum integrated uppers and minimize lowers
leaf,PASS,4,64,3,55,0.8571442247532151,0.8571564165685353,0.429715625,0.437525,0.00018943844302826246,0.0008640755937795612,19.92161378059175,0.3248528940329079,nan,4806.630076300004,,,D=union_ij D_ij; evaluate the complete parent-v54 amplitude on every x/t leaf; sum integrated uppers and minimize lowers
leaf,PASS,4,64,3,56,0.8571442247532151,0.8571564165685353,0.437525,0.445334375,0.00019300160249147266,0.0008816776791347828,20.009067810939328,0.2952952514770874,nan,4810.727417599992,,,D=union_ij D_ij; evaluate the complete parent-v54 amplitude on every x/t leaf; sum integrated uppers and minimize lowers
leaf,PASS,4,64,3,57,0.8571442247532151,0.8571564165685353,0.445334375,0.45314375,0.00019656429192487762,0.0008992743197633862,20.068538304962228,0.2694879246893347,nan,4813.942914300016,,,D=union_ij D_ij; evaluate the complete parent-v54 amplitude on every x/t leaf; sum integrated uppers and minimize lowers
leaf,PASS,4,64,3,58,0.8571442247532151,0.8571564165685353,0.45314375,0.460953125,0.00020012652890898653,0.0009168657354887633,20.104397586480804,0.2468227834386913,nan,4817.314432500047,,,D=union_ij D_ij; evaluate the complete parent-v54 amplitude on every x/t leaf; sum integrated uppers and minimize lowers
leaf,PASS,4,64,3,59,0.8571442247532151,0.8571564165685353,0.460953125,0.46876249999999997,0.00020368832951008693,0.0009344521293634248,20.120276344790405,0.22684882740172044,nan,4820.627530100057,,,D=union_ij D_ij; evaluate the complete parent-v54 amplitude on every x/t leaf; sum integrated uppers and minimize lowers
leaf,PASS,4,64,3,60,0.8571442247532151,0.8571564165685353,0.46876249999999997,0.476571875,0.00020724970842626658,0.0009520336891630152,20.11924088270841,0.20929935895569812,nan,4823.88510970003,,,D=union_ij D_ij; evaluate the complete parent-v54 amplitude on every x/t leaf; sum integrated uppers and minimize lowers
leaf,PASS,4,64,3,61,0.8571442247532151,0.8571564165685353,0.476571875,0.48438125,0.00021081067911786974,0.0009696105887274313,20.103869380924184,0.19365413205828028,nan,4827.161173,,,D=union_ij D_ij; evaluate the complete parent-v54 amplitude on every x/t leaf; sum integrated uppers and minimize lowers
leaf,PASS,4,64,3,62,0.8571442247532151,0.8571564165685353,0.48438125,0.492190625,0.0002143712539242284,0.0009871829891667263,20.076330162346675,0.17965202172365585,nan,4830.451009499957,,,D=union_ij D_ij; evaluate the complete parent-v54 amplitude on every x/t leaf; sum integrated uppers and minimize lowers
leaf,PASS,4,64,3,63,0.8571442247532151,0.8571564165685353,0.492190625,0.5,0.00021793144416827034,0.0010047510399472433,20.038459692216637,0.1670710226359803,nan,4833.620538600022,,,D=union_ij D_ij; evaluate the complete parent-v54 amplitude on every x/t leaf; sum integrated uppers and minimize lowers
schedule,SELECTED,4,64,-1,-1,0.8571076493072545,0.8571564165685353,0.0002,0.5,0.0,2.954041907469983e-08,0.7315107454070761,2.0125063363318592e+17,3.3881317890172014e-21,4833.6218237000285,,,D=union_ij D_ij; evaluate the complete parent-v54 amplitude on every x/t leaf; sum integrated uppers and minimize lowers
leaf,FAIL,2,32,0,0,0.8571564165685353,0.85721601318572,0.0002,0.03144375,nan,nan,nan,nan,nan,110.92643729993142,IntervalSingularity,interval denominator reaches zero: away_arc_left_K5:s1:c0:left1:edge_2_1_3:stable_edge,D=union_ij D_ij; evaluate the complete parent-v54 amplitude on every x/t leaf; sum integrated uppers and minimize lowers
schedule,FAIL,2,32,-1,-1,0.8571564165685353,0.857275609802905,0.0002,1.0,nan,nan,nan,nan,nan,110.92645179992542,IntervalSingularity,interval denominator reaches zero: away_arc_left_K5:s1:c0:left1:edge_2_1_3:stable_edge,D=union_ij D_ij; evaluate the complete parent-v54 amplitude on every x/t leaf; sum integrated uppers and minimize lowers
leaf,FAIL,4,32,0,0,0.8571564165685353,0.8571862148771277,0.0002,0.03144375,nan,nan,nan,nan,nan,111.61331150005572,IntervalSingularity,interval denominator reaches zero: away_arc_left_K5:s1:c0:left1:edge_2_1_3:stable_edge,D=union_ij D_ij; evaluate the complete parent-v54 amplitude on every x/t leaf; sum integrated uppers and minimize lowers
schedule,FAIL,4,32,-1,-1,0.8571564165685353,0.857275609802905,0.0002,1.0,nan,nan,nan,nan,nan,111.61332480004057,IntervalSingularity,interval denominator reaches zero: away_arc_left_K5:s1:c0:left1:edge_2_1_3:stable_edge,D=union_ij D_ij; evaluate the complete parent-v54 amplitude on every x/t leaf; sum integrated uppers and minimize lowers
leaf,FAIL,4,64,0,0,0.8571564165685353,0.8571862148771277,0.0002,0.015821875,nan,nan,nan,nan,nan,60.864724199986085,IntervalSingularity,interval denominator reaches zero: away_arc_left_K5:s1:c0:left1:edge_2_1_3:stable_edge,D=union_ij D_ij; evaluate the complete parent-v54 amplitude on every x/t leaf; sum integrated uppers and minimize lowers
schedule,FAIL,4,64,-1,-1,0.8571564165685353,0.857275609802905,0.0002,1.0,nan,nan,nan,nan,nan,60.864732899935916,IntervalSingularity,interval denominator reaches zero: away_arc_left_K5:s1:c0:left1:edge_2_1_3:stable_edge,D=union_ij D_ij; evaluate the complete parent-v54 amplitude on every x/t leaf; sum integrated uppers and minimize lowers
leaf,FAIL,2,32,0,0,0.8571564165685353,0.8571808006895024,0.0002,0.03144375,nan,nan,nan,nan,nan,401.1715975999832,IntervalSingularity,interval denominator reaches zero: away_arc_left_K5:s1:c0:left1:edge_2_1_3:stable_edge,D=union_ij D_ij; evaluate the complete parent-v54 amplitude on every x/t leaf; sum integrated uppers and minimize lowers
schedule,FAIL,2,32,-1,-1,0.8571564165685353,0.8572051848104696,0.0002,1.0,nan,nan,nan,nan,nan,401.17160969995894,IntervalSingularity,interval denominator reaches zero: away_arc_left_K5:s1:c0:left1:edge_2_1_3:stable_edge,D=union_ij D_ij; evaluate the complete parent-v54 amplitude on every x/t leaf; sum integrated uppers and minimize lowers
leaf,FAIL,4,32,0,0,0.8571564165685353,0.8571686086290189,0.0002,0.03144375,nan,nan,nan,nan,nan,174.678797999979,IntervalSingularity,interval denominator reaches zero: away_arc_left_K5:s1:c0:left1:edge_2_1_3:stable_edge,D=union_ij D_ij; evaluate the complete parent-v54 amplitude on every x/t leaf; sum integrated uppers and minimize lowers
schedule,FAIL,4,32,-1,-1,0.8571564165685353,0.8572051848104696,0.0002,1.0,nan,nan,nan,nan,nan,174.6788058000384,IntervalSingularity,interval denominator reaches zero: away_arc_left_K5:s1:c0:left1:edge_2_1_3:stable_edge,D=union_ij D_ij; evaluate the complete parent-v54 amplitude on every x/t leaf; sum integrated uppers and minimize lowers
leaf,FAIL,4,64,0,0,0.8571564165685353,0.8571686086290189,0.0002,0.015821875,nan,nan,nan,nan,nan,123.60607400001027,IntervalSingularity,interval denominator reaches zero: away_arc_left_K5:s1:c0:left1:edge_2_1_3:stable_edge,D=union_ij D_ij; evaluate the complete parent-v54 amplitude on every x/t leaf; sum integrated uppers and minimize lowers
schedule,FAIL,4,64,-1,-1,0.8571564165685353,0.8572051848104696,0.0002,1.0,nan,nan,nan,nan,nan,123.60608199995477,IntervalSingularity,interval denominator reaches zero: away_arc_left_K5:s1:c0:left1:edge_2_1_3:stable_edge,D=union_ij D_ij; evaluate the complete parent-v54 amplitude on every x/t leaf; sum integrated uppers and minimize lowers
leaf,FAIL,2,32,0,0,0.8571564165685353,0.8571808006895024,0.0002,0.01581875,nan,nan,nan,nan,nan,325.56556289992295,IntervalSingularity,interval denominator reaches zero: away_arc_left_K5:s1:c0:left1:edge_2_1_3:stable_edge,D=union_ij D_ij; evaluate the complete parent-v54 amplitude on every x/t leaf; sum integrated uppers and minimize lowers
schedule,FAIL,2,32,-1,-1,0.8571564165685353,0.8572051848104696,0.0002,0.5,nan,nan,nan,nan,nan,325.56557199999224,IntervalSingularity,interval denominator reaches zero: away_arc_left_K5:s1:c0:left1:edge_2_1_3:stable_edge,D=union_ij D_ij; evaluate the complete parent-v54 amplitude on every x/t leaf; sum integrated uppers and minimize lowers
leaf,FAIL,4,32,0,0,0.8571564165685353,0.8571686086290189,0.0002,0.01581875,nan,nan,nan,nan,nan,131.6018950000871,IntervalSingularity,interval denominator reaches zero: away_arc_left_K5:s1:c0:left1:edge_2_1_3:stable_edge,D=union_ij D_ij; evaluate the complete parent-v54 amplitude on every x/t leaf; sum integrated uppers and minimize lowers
schedule,FAIL,4,32,-1,-1,0.8571564165685353,0.8572051848104696,0.0002,0.5,nan,nan,nan,nan,nan,131.60190460004378,IntervalSingularity,interval denominator reaches zero: away_arc_left_K5:s1:c0:left1:edge_2_1_3:stable_edge,D=union_ij D_ij; evaluate the complete parent-v54 amplitude on every x/t leaf; sum integrated uppers and minimize lowers
leaf,PASS,4,64,0,0,0.8571564165685353,0.8571686086290189,0.0002,0.008009375000000001,0.0,2.7784619539932164e-08,17.816842123172353,25929122573.134327,nan,294.0058562000049,,,D=union_ij D_ij; evaluate the complete parent-v54 amplitude on every x/t leaf; sum integrated uppers and minimize lowers
leaf,PASS,4,64,0,1,0.8571564165685353,0.8571686086290189,0.008009375000000001,0.01581875,0.0,6.676560198257994e-07,4.692355178614298,78538080.88075677,nan,755.8064748999896,,,D=union_ij D_ij; evaluate the complete parent-v54 amplitude on every x/t leaf; sum integrated uppers and minimize lowers
leaf,PASS,4,64,0,2,0.8571564165685353,0.8571686086290189,0.01581875,0.023628125,0.0,8.728393811299297e-07,9.462450351654617,7.267487575552454e+16,nan,1049.7245863999706,,,D=union_ij D_ij; evaluate the complete parent-v54 amplitude on every x/t leaf; sum integrated uppers and minimize lowers
leaf,PASS,4,64,0,3,0.8571564165685353,0.8571686086290189,0.023628125,0.0314375,0.0,5.775872709218308e-06,7.7708131191482,32104665948255.184,nan,1205.5471866000444,,,D=union_ij D_ij; evaluate the complete parent-v54 amplitude on every x/t leaf; sum integrated uppers and minimize lowers
leaf,PASS,4,64,0,4,0.8571564165685353,0.8571686086290189,0.0314375,0.039246875,0.0,9.986354952371309e-06,2.9391460825926874,2704778463.382892,nan,1317.9084008999635,,,D=union_ij D_ij; evaluate the complete parent-v54 amplitude on every x/t leaf; sum integrated uppers and minimize lowers
leaf,PASS,4,64,0,5,0.8571564165685353,0.8571686086290189,0.039246875,0.04705625,3.160471980280342e-06,3.160471980280342e-06,1.401694641026238,77869253403.51836,nan,1368.8685642000055,,,D=union_ij D_ij; evaluate the complete parent-v54 amplitude on every x/t leaf; sum integrated uppers and minimize lowers
leaf,PASS,4,64,0,6,0.8571564165685353,0.8571686086290189,0.04705625,0.054865625,8.472719477957683e-06,8.472719477957683e-06,2.089462747430084,79673866.66452833,nan,1419.9740569000132,,,D=union_ij D_ij; evaluate the complete parent-v54 amplitude on every x/t leaf; sum integrated uppers and minimize lowers
leaf,PASS,4,64,0,7,0.8571564165685353,0.8571686086290189,0.054865625,0.06267500000000001,1.3243772770515305e-05,1.3243772770515305e-05,2.565746055791689,2594832.7696378543,nan,1496.778753099963,,,D=union_ij D_ij; evaluate the complete parent-v54 amplitude on every x/t leaf; sum integrated uppers and minimize lowers
leaf,PASS,4,64,0,8,0.8571564165685353,0.8571686086290189,0.06267500000000001,0.07048437500000002,1.768285262625309e-05,1.768285262625309e-05,0.7269760635106225,20346424.50791744,nan,1512.9149843000341,,,D=union_ij D_ij; evaluate the complete parent-v54 amplitude on every x/t leaf; sum integrated uppers and minimize lowers
leaf,PASS,4,64,0,9,0.8571564165685353,0.8571686086290189,0.07048437500000002,0.07829375000000001,2.190471737723614e-05,1.7130160466852415e-05,3.032714751200377,23733086.859281775,nan,1531.982831100002,,,D=union_ij D_ij; evaluate the complete parent-v54 amplitude on every x/t leaf; sum integrated uppers and minimize lowers
leaf,PASS,4,64,0,10,0.8571564165685353,0.8571686086290189,0.07829375000000001,0.086103125,2.5977360098560148e-05,2.5977360098560148e-05,10.297352616797001,960447.0328823025,nan,1539.3113763999427,,,D=union_ij D_ij; evaluate the complete parent-v54 amplitude on every x/t leaf; sum integrated uppers and minimize lowers
leaf,PASS,4,64,0,11,0.8571564165685353,0.8571686086290189,0.086103125,0.09391250000000001,2.994351164724952e-05,6.165132409797579e-05,12.83393888256794,224491572537.788,nan,1547.0076189000392,,,D=union_ij D_ij; evaluate the complete parent-v54 amplitude on every x/t leaf; sum integrated uppers and minimize lowers
leaf,PASS,4,64,0,12,0.8571564165685353,0.8571686086290189,0.09391250000000001,0.10172187500000002,3.383130576761477e-05,8.26603155591383e-05,14.67695516151582,2920109.439734566,nan,1553.998192399973,,,D=union_ij D_ij; evaluate the complete parent-v54 amplitude on every x/t leaf; sum integrated uppers and minimize lowers
leaf,PASS,4,64,0,13,0.8571564165685353,0.8571686086290189,0.10172187500000002,0.10953125000000001,3.765997484227082e-05,0.00010309553800025508,16.370138043263918,296592.6599909088,nan,1561.1187372000422,,,D=union_ij D_ij; evaluate the complete parent-v54 amplitude on every x/t leaf; sum integrated uppers and minimize lowers
leaf,PASS,4,64,0,14,0.8571564165685353,0.8571686086290189,0.10953125000000001,0.117340625,4.1443919916740164e-05,0.00012308130319435274,17.814130944917796,62279.17231491511,nan,1568.7638913999544,,,D=union_ij D_ij; evaluate the complete parent-v54 amplitude on every x/t leaf; sum integrated uppers and minimize lowers
leaf,PASS,4,64,0,15,0.8571564165685353,0.8571686086290189,0.117340625,0.12515,4.519565918829814e-05,0.0001427109122872216,18.989379224878544,18608.013093629088,nan,1578.644722099998,,,D=union_ij D_ij; evaluate the complete parent-v54 amplitude on every x/t leaf; sum integrated uppers and minimize lowers
leaf,PASS,4,64,0,16,0.8571564165685353,0.8571686086290189,0.12515,0.13295937500000002,4.8920912110859896e-05,0.00016205303302324245,19.927464496715665,6923.0565876377805,nan,1586.2964141999837,,,D=union_ij D_ij; evaluate the complete parent-v54 amplitude on every x/t leaf; sum integrated uppers and minimize lowers
leaf,PASS,4,64,0,17,0.8571564165685353,0.8571686086290189,0.13295937500000002,0.14076875000000003,5.262397525275685e-05,0.00018115997315732338,20.668380702745566,2999.1886562333743,nan,1596.7747312999563,,,D=union_ij D_ij; evaluate the complete parent-v54 amplitude on every x/t leaf; sum integrated uppers and minimize lowers
leaf,PASS,4,64,0,18,0.8571564165685353,0.8571686086290189,0.14076875000000003,0.148578125,5.6307645870741046e-05,0.00020007197486675168,21.248710301687282,1454.507767280513,nan,1602.988977400004,,,D=union_ij D_ij; evaluate the complete parent-v54 amplitude on every x/t leaf; sum integrated uppers and minimize lowers
leaf,PASS,4,64,0,19,0.8571564165685353,0.8571686086290189,0.148578125,0.1563875,5.997560786299356e-05,0.0002188210695150406,21.699058102651566,769.7921528437242,nan,1608.152473299997,,,D=union_ij D_ij; evaluate the complete parent-v54 amplitude on every x/t leaf; sum integrated uppers and minimize lowers
leaf,PASS,4,64,0,20,0.8571564165685353,0.8571686086290189,0.1563875,0.16419687500000002,6.363025422015157e-05,0.00023743289792328527,22.044219754281347,436.85651832473377,nan,1616.9629673999734,,,D=union_ij D_ij; evaluate the complete parent-v54 amplitude on every x/t leaf; sum integrated uppers and minimize lowers
leaf,PASS,4,64,0,21,0.8571564165685353,0.8571686086290189,0.16419687500000002,0.17200625,6.727359198430117e-05,0.00025592791552330997,22.304064193784352,262.4779282501608,nan,1625.2762345999945,,,D=union_ij D_ij; evaluate the complete parent-v54 amplitude on every x/t leaf; sum integrated uppers and minimize lowers
leaf,PASS,4,64,0,22,0.8571564165685353,0.8571686086290189,0.17200625,0.179815625,7.090723192999363e-05,0.00027432277431981277,22.494477417281583,165.3872673126502,nan,1633.5702865000349,,,D=union_ij D_ij; evaluate the complete parent-v54 amplitude on every x/t leaf; sum integrated uppers and minimize lowers
leaf,PASS,4,64,0,23,0.8571564165685353,0.8571686086290189,0.179815625,0.18762500000000001,7.453251264129068e-05,0.00029263115751090955,22.628185147763055,108.48877263166143,nan,1641.1986610000022,,,D=union_ij D_ij; evaluate the complete parent-v54 amplitude on every x/t leaf; sum integrated uppers and minimize lowers
leaf,PASS,4,64,0,24,0.8571564165685353,0.8571686086290189,0.18762500000000001,0.19543437500000002,7.815055228536168e-05,0.00031086440470786894,22.715420849992565,73.6607105938941,nan,1649.0844841999933,,,D=union_ij D_ij; evaluate the complete parent-v54 amplitude on every x/t leaf; sum integrated uppers and minimize lowers
leaf,PASS,4,64,0,25,0.8571564165685353,0.8571686086290189,0.19543437500000002,0.20324375000000003,8.176228973019255e-05,0.00032903198642026527,22.76445277769688,51.52835893206789,nan,1658.9746829000069,,,D=union_ij D_ij; evaluate the complete parent-v54 amplitude on every x/t leaf; sum integrated uppers and minimize lowers
leaf,PASS,4,64,0,26,0.8571564165685353,0.8571686086290189,0.20324375000000003,0.211053125,8.536851725967249e-05,0.0003471418359981542,22.781995061844743,36.998118886840544,nan,1667.740997100016,,,D=union_ij D_ij; evaluate the complete parent-v54 amplitude on every x/t leaf; sum integrated uppers and minimize lowers
leaf,PASS,4,64,0,27,0.8571564165685353,0.8571686086290189,0.211053125,0.21886250000000002,8.896990669422334e-05,0.0003652007325671505,22.77352755672172,27.182202971330696,nan,1675.6516371000325,,,D=union_ij D_ij; evaluate the complete parent-v54 amplitude on every x/t leaf; sum integrated uppers and minimize lowers
leaf,PASS,4,64,0,28,0.8571564165685353,0.8571686086290189,0.21886250000000002,0.22667187500000002,9.256703033838444e-05,0.0003832144202821704,22.74354462816936,20.38136046410014,nan,1682.6421822999837,,,D=union_ij D_ij; evaluate the complete parent-v54 amplitude on every x/t leaf; sum integrated uppers and minimize lowers
leaf,PASS,4,64,0,29,0.8571564165685353,0.8571686086290189,0.22667187500000002,0.23448125,9.616037786222191e-05,0.0004011872341818057,22.695748755226468,15.562340682267264,nan,1691.1856636999873,,,D=union_ij D_ij; evaluate the complete parent-v54 amplitude on every x/t leaf; sum integrated uppers and minimize lowers
leaf,PASS,4,64,0,30,0.8571564165685353,0.8571686086290189,0.23448125,0.242290625,9.975036997556634e-05,0.0004191237849665595,22.633205614970535,12.078055058047699,nan,1702.1494044000283,,,D=union_ij D_ij; evaluate the complete parent-v54 amplitude on every x/t leaf; sum integrated uppers and minimize lowers
leaf,PASS,4,64,0,31,0.8571564165685353,0.8571686086290189,0.242290625,0.2501,0.00010333736874875609,0.0004370276840009361,22.55842470861094,9.512937396884904,nan,1709.0888849999756,,,D=union_ij D_ij; evaluate the complete parent-v54 amplitude on every x/t leaf; sum integrated uppers and minimize lowers
leaf,PASS,4,64,0,32,0.8571564165685353,0.8571686086290189,0.2501,0.257909375,0.00010692168560039712,0.00045490245865335925,22.473572139454365,7.592997144492758,nan,1715.7247805000516,,,D=union_ij D_ij; evaluate the complete parent-v54 amplitude on every x/t leaf; sum integrated uppers and minimize lowers
leaf,PASS,4,64,0,33,0.8571564165685353,0.8571686086290189,0.257909375,0.26571875,0.00011050359277626659,0.000472750882767089,22.3804271656324,6.134355135653024,nan,1722.456240199972,,,D=union_ij D_ij; evaluate the complete parent-v54 amplitude on every x/t leaf; sum integrated uppers and minimize lowers
leaf,PASS,4,64,0,34,0.8571564165685353,0.8571686086290189,0.26571875,0.273528125,0.00011408331718484443,0.0004905753805150165,22.280482592248568,5.010989436596793,nan,1726.9304445999442,,,D=union_ij D_ij; evaluate the complete parent-v54 amplitude on every x/t leaf; sum integrated uppers and minimize lowers
leaf,PASS,4,64,0,35,0.8571564165685353,0.8571686086290189,0.273528125,0.2813375,0.000117661039301088,0.0005083780832095038,22.17499546768402,4.135289576849825,nan,1734.3860526999924,,,D=union_ij D_ij; evaluate the complete parent-v54 amplitude on every x/t leaf; sum integrated uppers and minimize lowers
leaf,PASS,4,64,0,36,0.8571564165685353,0.8571686086290189,0.2813375,0.28914687499999997,0.00012123688509949581,0.0005261608711428706,22.065027000722143,3.4447182833667616,nan,1741.0634507000213,,,D=union_ij D_ij; evaluate the complete parent-v54 amplitude on every x/t leaf; sum integrated uppers and minimize lowers
leaf,PASS,4,64,0,37,0.8571564165685353,0.8571686086290189,0.28914687499999997,0.29695625,0.0001248110679770403,0.0005439254085358596,21.95147507080215,2.894234742060054,nan,1747.5333346000407,,,D=union_ij D_ij; evaluate the complete parent-v54 amplitude on every x/t leaf; sum integrated uppers and minimize lowers
leaf,PASS,4,64,0,38,0.8571564165685353,0.8571686086290189,0.29695625,0.304765625,0.00012838378173301454,0.0005616731728753387,21.835100830970873,2.4510503390414793,nan,1754.5028664999409,,,D=union_ij D_ij; evaluate the complete parent-v54 amplitude on every x/t leaf; sum integrated uppers and minimize lowers
leaf,PASS,4,64,0,39,0.8571564165685353,0.8571686086290189,0.304765625,0.312575,0.00013195515133049602,0.0005794054796580565,21.716550575108123,2.09100933757035,nan,1761.9996159999864,,,D=union_ij D_ij; evaluate the complete parent-v54 amplitude on every x/t leaf; sum integrated uppers and minimize lowers
leaf,PASS,4,64,0,40,0.8571564165685353,0.8571686086290189,0.312575,0.320384375,0.00013552528745593823,0.000597123503353428,21.596373789796832,1.7960456842758854,nan,1768.029149399954,,,D=union_ij D_ij; evaluate the complete parent-v54 amplitude on every x/t leaf; sum integrated uppers and minimize lowers
leaf,PASS,4,64,0,41,0.8571564165685353,0.8571686086290189,0.320384375,0.32819375,0.0001390942883715086,0.0006148282952377694,21.475038117405315,1.55249861888381,nan,1774.5504979999969,,,D=union_ij D_ij; evaluate the complete parent-v54 amplitude on every x/t leaf; sum integrated uppers and minimize lowers
leaf,PASS,4,64,0,42,0.8571564165685353,0.8571686086290189,0.32819375,0.336003125,0.00014266224149628775,0.0006325207986269037,21.352941807000196,1.34993183608164,nan,1781.171934699989,,,D=union_ij D_ij; evaluate the complete parent-v54 amplitude on every x/t leaf; sum integrated uppers and minimize lowers
leaf,PASS,4,64,0,43,0.8571564165685353,0.8571686086290189,0.336003125,0.34381249999999997,0.00014622922476058043,0.000650201861937373,21.230424113330823,1.180296236700373,nan,1787.1680764999473,,,D=union_ij D_ij; evaluate the complete parent-v54 amplitude on every x/t leaf; sum integrated uppers and minimize lowers
leaf,PASS,4,64,0,44,0.8571564165685353,0.8571686086290189,0.34381249999999997,0.351621875,0.0001497953070318481,0.0006678722498132727,21.107774010988837,1.0375278485528445,nan,1792.88576189999,,,D=union_ij D_ij; evaluate the complete parent-v54 amplitude on every x/t leaf; sum integrated uppers and minimize lowers
leaf,PASS,4,64,0,45,0.8571564165685353,0.8571686086290189,0.351621875,0.35943125,0.00015336054664664124,0.0006855326531631029,20.985237526151952,0.916612970493633,nan,1798.7407804999966,,,D=union_ij D_ij; evaluate the complete parent-v54 amplitude on every x/t leaf; sum integrated uppers and minimize lowers
leaf,PASS,4,64,0,46,0.8571564165685353,0.8571686086290189,0.35943125,0.367240625,0.00015692500470380267,0.0007031836972449456,20.863023917740115,0.8134905060877445,nan,1804.2552226999542,,,D=union_ij D_ij; evaluate the complete parent-v54 amplitude on every x/t leaf; sum integrated uppers and minimize lowers
leaf,PASS,4,64,0,47,0.8571564165685353,0.8571686086290189,0.367240625,0.37505,0.00016048873126995382,0.0007208259490666595,20.74131091002803,0.7250807986693384,nan,1810.3719828999601,,,D=union_ij D_ij; evaluate the complete parent-v54 amplitude on every x/t leaf; sum integrated uppers and minimize lowers
leaf,PASS,4,64,0,48,0.8571564165685353,0.8571686086290189,0.37505,0.382859375,0.00016405177136833058,0.000738459923759929,20.620249127612027,0.6489075102920789,nan,1819.1606104000239,,,D=union_ij D_ij; evaluate the complete parent-v54 amplitude on every x/t leaf; sum integrated uppers and minimize lowers
leaf,PASS,4,64,0,49,0.8571564165685353,0.8571686086290189,0.382859375,0.39066875,0.0001676141655475618,0.0007560860901457274,20.499965873382177,0.5829525197029072,nan,1825.7066751000239,,,D=union_ij D_ij; evaluate the complete parent-v54 amplitude on every x/t leaf; sum integrated uppers and minimize lowers
leaf,PASS,4,64,0,50,0.8571564165685353,0.8571686086290189,0.39066875,0.398478125,0.00017117595037860941,0.0007737048756121669,20.380568349441372,0.5255891545729795,nan,1831.5040614999598,,,D=union_ij D_ij; evaluate the complete parent-v54 amplitude on every x/t leaf; sum integrated uppers and minimize lowers
leaf,PASS,4,64,0,51,0.8571564165685353,0.8571686086290189,0.398478125,0.4062875,0.00017473715888998115,0.0007913166704008455,20.262146411051354,0.4754890949179648,nan,1838.1619901000522,,,D=union_ij D_ij; evaluate the complete parent-v54 amplitude on every x/t leaf; sum integrated uppers and minimize lowers
leaf,PASS,4,64,0,52,0.8571564165685353,0.8571686086290189,0.4062875,0.414096875,0.0001782978209497574,0.0008089218313828416,20.144774926691685,0.431553654511447,nan,1843.675581800053,,,D=union_ij D_ij; evaluate the complete parent-v54 amplitude on every x/t leaf; sum integrated uppers and minimize lowers
leaf,PASS,4,64,0,53,0.8571564165685353,0.8571686086290189,0.414096875,0.42190625,0.00018185796360166878,0.0008265206853931025,20.028515804937722,0.39287645855599107,nan,1848.862386199995,,,D=union_ij D_ij; evaluate the complete parent-v54 amplitude on every x/t leaf; sum integrated uppers and minimize lowers
leaf,PASS,4,64,0,54,0.8571564165685353,0.8571686086290189,0.42190625,0.429715625,0.00018541761136137667,0.0008441135321816623,19.913419738744917,0.3587044353991282,nan,1854.7568722999422,,,D=union_ij D_ij; evaluate the complete parent-v54 amplitude on every x/t leaf; sum integrated uppers and minimize lowers
leaf,PASS,4,64,0,55,0.8571564165685353,0.8571686086290189,0.429715625,0.437525,0.00018897678647819796,0.0008617005536067261,19.923232202523554,0.32640989619832794,nan,1860.1814041000325,,,D=union_ij D_ij; evaluate the complete parent-v54 amplitude on every x/t leaf; sum integrated uppers and minimize lowers
leaf,PASS,4,64,0,56,0.8571564165685353,0.8571686086290189,0.437525,0.445334375,0.00019253550916675604,0.0008792818758744336,20.010710868534503,0.2966922252666606,nan,1866.0333617000142,,,D=union_ij D_ij; evaluate the complete parent-v54 amplitude on every x/t leaf; sum integrated uppers and minimize lowers
leaf,PASS,4,64,0,57,0.8571564165685353,0.8571686086290189,0.445334375,0.45314375,0.00019609379781239776,0.0008968579515030523,20.070201326670663,0.270746636881034,nan,1872.0462331000017,,,D=union_ij D_ij; evaluate the complete parent-v54 amplitude on every x/t leaf; sum integrated uppers and minimize lowers
leaf,PASS,4,64,0,58,0.8571564165685353,0.8571686086290189,0.45314375,0.460953125,0.00019965166915367511,0.000914428995300989,20.106076621006896,0.24796125254931037,nan,1877.7764881999465,,,D=union_ij D_ij; evaluate the complete parent-v54 amplitude on every x/t leaf; sum integrated uppers and minimize lowers
leaf,PASS,4,64,0,59,0.8571564165685353,0.8571686086290189,0.460953125,0.46876249999999997,0.00020320913844473434,0.0009319952055180105,20.121967986945506,0.22784534879197538,nan,1883.2030162999872,,,D=union_ij D_ij; evaluate the complete parent-v54 amplitude on every x/t leaf; sum integrated uppers and minimize lowers
leaf,PASS,4,64,0,60,0.8571564165685353,0.8571686086290189,0.46876249999999997,0.476571875,0.0002067662196000648,0.0009495567653268575,20.12094233035539,0.21000067424397734,nan,1888.6370537000475,,,D=union_ij D_ij; evaluate the complete parent-v54 amplitude on every x/t leaf; sum integrated uppers and minimize lowers
leaf,PASS,4,64,0,61,0.8571564165685353,0.8571686086290189,0.476571875,0.48438125,0.00021032292532373252,0.0009671138441528785,20.10557819977509,0.19410127192599996,nan,1894.5376683999784,,,D=union_ij D_ij; evaluate the complete parent-v54 amplitude on every x/t leaf; sum integrated uppers and minimize lowers
leaf,PASS,4,64,0,62,0.8571564165685353,0.8571686086290189,0.48438125,0.492190625,0.00021387926722493824,0.0009846665988692857,20.07804427078458,0.17995753419687263,nan,1899.4565022999886,,,D=union_ij D_ij; evaluate the complete parent-v54 amplitude on every x/t leaf; sum integrated uppers and minimize lowers
leaf,PASS,4,64,0,63,0.8571564165685353,0.8571686086290189,0.492190625,0.5,0.00021743525592150231,0.0010022151748734027,20.040177306469822,0.1673467619564696,nan,1904.456976699992,,,D=union_ij D_ij; evaluate the complete parent-v54 amplitude on every x/t leaf; sum integrated uppers and minimize lowers
leaf,PASS,4,64,1,0,0.8571686086290189,0.8571808006895024,0.0002,0.008009375000000001,0.0,2.6028879601831738e-08,17.724201224741485,370177431.43536246,nan,2312.6014352999628,,,D=union_ij D_ij; evaluate the complete parent-v54 amplitude on every x/t leaf; sum integrated uppers and minimize lowers
leaf,PASS,4,64,1,1,0.8571686086290189,0.8571808006895024,0.008009375000000001,0.01581875,0.0,3.215038666586479e-07,4.710138643862915,192005897.0227772,nan,2757.462184999953,,,D=union_ij D_ij; evaluate the complete parent-v54 amplitude on every x/t leaf; sum integrated uppers and minimize lowers
leaf,PASS,4,64,1,2,0.8571686086290189,0.8571808006895024,0.01581875,0.023628125,0.0,7.787723051971561e-07,9.461523602268636,9.543611645294488e+16,nan,3161.2150782999815,,,D=union_ij D_ij; evaluate the complete parent-v54 amplitude on every x/t leaf; sum integrated uppers and minimize lowers
leaf,PASS,4,64,1,3,0.8571686086290189,0.8571808006895024,0.023628125,0.0314375,0.0,5.661768848027133e-06,7.7696583859567525,34251094815594.914,nan,3293.816953200032,,,D=union_ij D_ij; evaluate the complete parent-v54 amplitude on every x/t leaf; sum integrated uppers and minimize lowers
leaf,PASS,4,64,1,4,0.8571686086290189,0.8571808006895024,0.0314375,0.039246875,0.0,9.855238275095213e-06,2.93744788162834,2831701537.14576,nan,3377.266294699977,,,D=union_ij D_ij; evaluate the complete parent-v54 amplitude on every x/t leaf; sum integrated uppers and minimize lowers
leaf,PASS,4,64,1,5,0.8571686086290189,0.8571808006895024,0.039246875,0.04705625,3.0220684649613085e-06,3.0220684649613085e-06,1.4013441501509234,92682477864.89311,nan,3408.3670765999705,,,D=union_ij D_ij; evaluate the complete parent-v54 amplitude on every x/t leaf; sum integrated uppers and minimize lowers
leaf,PASS,4,64,1,6,0.8571686086290189,0.8571808006895024,0.04705625,0.054865625,8.319917172985263e-06,8.319917172985263e-06,2.08911455333213,85199128.82533415,nan,3438.050042100018,,,D=union_ij D_ij; evaluate the complete parent-v54 amplitude on every x/t leaf; sum integrated uppers and minimize lowers
leaf,PASS,4,64,1,7,0.8571686086290189,0.8571808006895024,0.054865625,0.06267500000000001,1.3077847732495432e-05,1.3077847732495432e-05,2.565404612425725,2711958.9050780945,nan,3467.9803395000054,,,D=union_ij D_ij; evaluate the complete parent-v54 amplitude on every x/t leaf; sum integrated uppers and minimize lowers
leaf,PASS,4,64,1,8,0.8571686086290189,0.8571808006895024,0.06267500000000001,0.07048437500000002,1.7504792095617e-05,1.7504792095617e-05,0.7224517965396593,21181602.456264332,nan,3477.365869899979,,,D=union_ij D_ij; evaluate the complete parent-v54 amplitude on every x/t leaf; sum integrated uppers and minimize lowers
leaf,PASS,4,64,1,9,0.8571686086290189,0.8571808006895024,0.07048437500000002,0.07829375000000001,2.1715315264216224e-05,1.6139035611641554e-05,3.0323788502687496,27027953.487069495,nan,3484.17301639996,,,D=union_ij D_ij; evaluate the complete parent-v54 amplitude on every x/t leaf; sum integrated uppers and minimize lowers
leaf,PASS,4,64,1,10,0.8571686086290189,0.8571808006895024,0.07829375000000001,0.086103125,2.577727325585048e-05,2.577727325585048e-05,10.295677626589363,1021185.7293233784,nan,3487.3927421999397,,,D=union_ij D_ij; evaluate the complete parent-v54 amplitude on every x/t leaf; sum integrated uppers and minimize lowers
leaf,PASS,4,64,1,11,0.8571686086290189,0.8571808006895024,0.086103125,0.09391250000000001,2.9733295512059313e-05,6.0561065315740336e-05,12.83302934386088,223712970827.1737,nan,3492.63595799997,,,D=union_ij D_ij; evaluate the complete parent-v54 amplitude on every x/t leaf; sum integrated uppers and minimize lowers
leaf,PASS,4,64,1,12,0.8571686086290189,0.8571808006895024,0.09391250000000001,0.10172187500000002,3.36114382009962e-05,8.152377558781348e-05,14.67641455047531,3001375.6579258433,nan,3495.727705999976,,,D=union_ij D_ij; evaluate the complete parent-v54 amplitude on every x/t leaf; sum integrated uppers and minimize lowers
leaf,PASS,4,64,1,13,0.8571686086290189,0.8571808006895024,0.10172187500000002,0.10953125000000001,3.743088185883939e-05,0.00010191456172437676,16.36989857962036,303474.6694111343,nan,3498.8133753000293,,,D=union_ij D_ij; evaluate the complete parent-v54 amplitude on every x/t leaf; sum integrated uppers and minimize lowers
leaf,PASS,4,64,1,14,0.8571686086290189,0.8571808006895024,0.10953125000000001,0.117340625,4.120827645179028e-05,0.00012185753573769976,17.81421649041452,63533.52698136112,nan,3502.9631674999837,,,D=union_ij D_ij; evaluate the complete parent-v54 amplitude on every x/t leaf; sum integrated uppers and minimize lowers
leaf,PASS,4,64,1,15,0.8571686086290189,0.8571808006895024,0.117340625,0.12515,4.495380642176448e-05,0.0001414458328858112,18.989754620652576,18942.253402175473,nan,3507.665929700015,,,D=union_ij D_ij; evaluate the complete parent-v54 amplitude on every x/t leaf; sum integrated uppers and minimize lowers
leaf,PASS,4,64,1,16,0.8571686086290189,0.8571808006895024,0.12515,0.13295937500000002,4.867270082446996e-05,0.00016074798105376268,19.928084559329818,7036.078185375393,nan,3511.752658799989,,,D=union_ij D_ij; evaluate the complete parent-v54 amplitude on every x/t leaf; sum integrated uppers and minimize lowers
leaf,PASS,4,64,1,17,0.8571686086290189,0.8571808006895024,0.13295937500000002,0.14076875000000003,5.2369330664467764e-05,0.00017981612259265872,20.669203531380038,3044.3239720431725,nan,3516.076857100008,,,D=union_ij D_ij; evaluate the complete parent-v54 amplitude on every x/t leaf; sum integrated uppers and minimize lowers
leaf,PASS,4,64,1,18,0.8571686086290189,0.8571808006895024,0.14076875000000003,0.148578125,5.6046597219771e-05,0.00019869023031493887,21.24970026162745,1474.9018324642495,nan,3521.184270299971,,,D=union_ij D_ij; evaluate the complete parent-v54 amplitude on every x/t leaf; sum integrated uppers and minimize lowers
leaf,PASS,4,64,1,19,0.8571686086290189,0.8571808006895024,0.148578125,0.1563875,5.970811202858496e-05,0.00021740271242078147,21.700185770709393,779.9272897985164,nan,3525.2256504000397,,,D=union_ij D_ij; evaluate the complete parent-v54 amplitude on every x/t leaf; sum integrated uppers and minimize lowers
leaf,PASS,4,64,1,20,0.8571686086290189,0.8571808006895024,0.1563875,0.16419687500000002,6.335631890182087e-05,0.00023597888051735266,22.045461061985733,442.2936699089985,nan,3529.215739200008,,,D=union_ij D_ij; evaluate the complete parent-v54 amplitude on every x/t leaf; sum integrated uppers and minimize lowers
leaf,PASS,4,64,1,21,0.8571686086290189,0.8571808006895024,0.16419687500000002,0.17200625,6.699326426557785e-05,0.0002544391218667596,22.30539947354959,265.5830259178113,nan,3533.8742087000282,,,D=union_ij D_ij; evaluate the complete parent-v54 amplitude on every x/t leaf; sum integrated uppers and minimize lowers
leaf,PASS,4,64,1,22,0.8571686086290189,0.8571808006895024,0.17200625,0.179815625,7.062056910250533e-05,0.00027280002811862154,22.49589055504095,167.25539518377602,nan,3538.426917499979,,,D=union_ij D_ij; evaluate the complete parent-v54 amplitude on every x/t leaf; sum integrated uppers and minimize lowers
leaf,PASS,4,64,1,23,0.8571686086290189,0.8571808006895024,0.179815625,0.18762500000000001,7.42395787860423e-05,0.0002910752287303621,22.629662884045782,109.6633274216479,nan,3543.3364962999476,,,D=union_ij D_ij; evaluate the complete parent-v54 amplitude on every x/t leaf; sum integrated uppers and minimize lowers
leaf,PASS,4,64,1,24,0.8571686086290189,0.8571808006895024,0.18762500000000001,0.19543437500000002,7.785141584021775e-05,0.00030927601521380747,22.71695221999304,74.4275872107461,nan,3548.2617054999573,,,D=union_ij D_ij; evaluate the complete parent-v54 amplitude on every x/t leaf; sum integrated uppers and minimize lowers
leaf,PASS,4,64,1,25,0.8571686086290189,0.8571808006895024,0.19543437500000002,0.20324375000000003,8.145702174570154e-05,0.00032741181482390724,22.766028667598718,52.04568424946992,nan,3552.610013699974,,,D=union_ij D_ij; evaluate the complete parent-v54 amplitude on every x/t leaf; sum integrated uppers and minimize lowers
leaf,PASS,4,64,1,26,0.8571686086290189,0.8571808006895024,0.20324375000000003,0.211053125,8.505719014194953e-05,0.00034549052182383284,22.7836078581296,37.35719125364037,nan,3556.9145250000292,,,D=union_ij D_ij; evaluate the complete parent-v54 amplitude on every x/t leaf; sum integrated uppers and minimize lowers
leaf,PASS,4,64,1,27,0.8571686086290189,0.8571808006895024,0.211053125,0.21886250000000002,8.865259329660026e-05,0.00036351887995190167,22.775170868643794,27.437801125640448,nan,3561.6907644999446,,,D=union_ij D_ij; evaluate the complete parent-v54 amplitude on every x/t leaf; sum integrated uppers and minimize lowers
leaf,PASS,4,64,1,28,0.8571686086290189,0.8571808006895024,0.21886250000000002,0.22667187500000002,9.224380330539026e-05,0.00038150260109835776,22.745213067044375,20.56737683612101,nan,3565.395827500033,,,D=union_ij D_ij; evaluate the complete parent-v54 amplitude on every x/t leaf; sum integrated uppers and minimize lowers
leaf,PASS,4,64,1,29,0.8571686086290189,0.8571808006895024,0.22667187500000002,0.23448125,9.58313091577391e-05,0.0003994459906807401,22.697437757851368,15.700433813253166,nan,3569.3227866999805,,,D=union_ij D_ij; evaluate the complete parent-v54 amplitude on every x/t leaf; sum integrated uppers and minimize lowers
leaf,PASS,4,64,1,30,0.8571686086290189,0.8571808006895024,0.23448125,0.242290625,9.94155305464137e-05,0.00041735363276937886,22.634911303328906,12.182414087046006,nan,3573.24508360005,,,D=union_ij D_ij; evaluate the complete parent-v54 amplitude on every x/t leaf; sum integrated uppers and minimize lowers
leaf,PASS,4,64,1,31,0.8571686086290189,0.8571808006895024,0.242290625,0.2501,0.00010299682829007932,0.00043522911420793486,22.560143880767033,9.593081302252024,nan,3576.8631554000312,,,D=union_ij D_ij; evaluate the complete parent-v54 amplitude on every x/t leaf; sum integrated uppers and minimize lowers
leaf,PASS,4,64,1,32,0.8571686086290189,0.8571808006895024,0.2501,0.257909375,0.00010657551251467801,0.00045307593854381325,22.47530184879712,7.655446874181621,nan,3580.693777699955,,,D=union_ij D_ij; evaluate the complete parent-v54 amplitude on every x/t leaf; sum integrated uppers and minimize lowers
leaf,PASS,4,64,1,33,0.8571686086290189,0.8571808006895024,0.257909375,0.26571875,0.00011015185291495384,0.00047089685902822675,22.382164983193185,6.183664941253236,nan,3584.3189333999762,,,D=union_ij D_ij; evaluate the complete parent-v54 amplitude on every x/t leaf; sum integrated uppers and minimize lowers
leaf,PASS,4,64,1,34,0.8571686086290189,0.8571808006895024,0.26571875,0.273528125,0.00011372609206678637,0.0004886942802808168,22.28222642800517,5.050396854102639,nan,3587.9791321000084,,,D=union_ij D_ij; evaluate the complete parent-v54 amplitude on every x/t leaf; sum integrated uppers and minimize lowers
leaf,PASS,4,64,1,35,0.8571686086290189,0.8571808006895024,0.273528125,0.2813375,0.00011729843629063548,0.0005064703154625187,22.17674351915458,4.1670786229891545,nan,3592.256709899986,,,D=union_ij D_ij; evaluate the complete parent-v54 amplitude on every x/t leaf; sum integrated uppers and minimize lowers
leaf,PASS,4,64,1,36,0.8571686086290189,0.8571808006895024,0.2813375,0.28914687499999997,0.00012086905013322817,0.0005242268279790508,22.066777710315385,3.470670705950465,nan,3595.779233500012,,,D=union_ij D_ij; evaluate the complete parent-v54 amplitude on every x/t leaf; sum integrated uppers and minimize lowers
leaf,PASS,4,64,1,37,0.8571686086290189,0.8571808006895024,0.28914687499999997,0.29695625,0.0001244380035232231,0.0005419654663091382,21.95322709026429,2.9156219447171123,nan,3599.3646660000086,,,D=union_ij D_ij; evaluate the complete parent-v54 amplitude on every x/t leaf; sum integrated uppers and minimize lowers
leaf,PASS,4,64,1,38,0.8571686086290189,0.8571808006895024,0.29695625,0.304765625,0.00012800544266281853,0.0005596876932362879,21.83685299161441,2.4688284583043845,nan,3603.0454714000225,,,D=union_ij D_ij; evaluate the complete parent-v54 amplitude on every x/t leaf; sum integrated uppers and minimize lowers
leaf,PASS,4,64,1,39,0.8571686086290189,0.8571808006895024,0.304765625,0.312575,0.00013157159550122413,0.000577394810498905,21.71830186277519,2.1059063413434,nan,3606.5251949999947,,,D=union_ij D_ij; evaluate the complete parent-v54 amplitude on every x/t leaf; sum integrated uppers and minimize lowers
leaf,PASS,4,64,1,40,0.8571686086290189,0.8571808006895024,0.312575,0.320384375,0.00013513657113877332,0.0005950879796700236,21.598123323718028,1.8086217304323873,nan,3610.0823842999525,,,D=union_ij D_ij; evaluate the complete parent-v54 amplitude on every x/t leaf; sum integrated uppers and minimize lowers
leaf,PASS,4,64,1,41,0.8571686086290189,0.8571808006895024,0.320384375,0.32819375,0.00013870046629338805,0.0006127682399176518,21.476785132279293,1.56318910789015,nan,3613.6364289999474,,,D=union_ij D_ij; evaluate the complete parent-v54 amplitude on every x/t leaf; sum integrated uppers and minimize lowers
leaf,PASS,4,64,1,42,0.8571686086290189,0.8571808006895024,0.32819375,0.336003125,0.00014226336688463094,0.0006304365231714375,21.35468563774701,1.3590783743290795,nan,3617.3704847999616,,,D=union_ij D_ij; evaluate the complete parent-v54 amplitude on every x/t leaf; sum integrated uppers and minimize lowers
leaf,PASS,4,64,1,43,0.8571686086290189,0.8571808006895024,0.336003125,0.34381249999999997,0.0001458253493896997,0.0006480936671248753,21.232164182075103,1.1881690719908864,nan,3622.531892800005,,,D=union_ij D_ij; evaluate the complete parent-v54 amplitude on every x/t leaf; sum integrated uppers and minimize lowers
leaf,PASS,4,64,1,44,0.8571686086290189,0.8571808006895024,0.34381249999999997,0.351621875,0.0001493864812327087,0.0006657404263095314,21.10950981591379,1.0441428634168228,nan,3626.3283767999383,,,D=union_ij D_ij; evaluate the complete parent-v54 amplitude on every x/t leaf; sum integrated uppers and minimize lowers
leaf,PASS,4,64,1,45,0.8571686086290189,0.8571808006895024,0.351621875,0.35943125,0.00015294681910922898,0.000683377482082921,20.986968631238792,0.9220381293416484,nan,3629.861581400037,,,D=union_ij D_ij; evaluate the complete parent-v54 amplitude on every x/t leaf; sum integrated uppers and minimize lowers
leaf,PASS,4,64,1,46,0.8571686086290189,0.8571808006895024,0.35943125,0.367240625,0.00015650642316497728,0.0007010054506727636,20.8647499465508,0.8181337329655676,nan,3633.2949710999383,,,D=union_ij D_ij; evaluate the complete parent-v54 amplitude on every x/t leaf; sum integrated uppers and minimize lowers
leaf,PASS,4,64,1,47,0.8571686086290189,0.8571808006895024,0.367240625,0.37505,0.00016006534219691472,0.000718624890537002,20.74303153651081,0.7291574203952593,nan,3636.4605752000352,,,D=union_ij D_ij; evaluate the complete parent-v54 amplitude on every x/t leaf; sum integrated uppers and minimize lowers
leaf,PASS,4,64,1,48,0.8571686086290189,0.8571808006895024,0.37505,0.382859375,0.00016362362000438838,0.0007362363087030244,20.621964070610762,0.6525029264490999,nan,3639.6130023000296,,,D=union_ij D_ij; evaluate the complete parent-v54 amplitude on every x/t leaf; sum integrated uppers and minimize lowers
leaf,PASS,4,64,1,49,0.8571686086290189,0.8571808006895024,0.382859375,0.39066875,0.00016718129595663788,0.0007538401663012039,20.501674891262976,0.5861369036574697,nan,3642.784691000008,,,D=union_ij D_ij; evaluate the complete parent-v54 amplitude on every x/t leaf; sum integrated uppers and minimize lowers
leaf,PASS,4,64,1,50,0.8571686086290189,0.8571808006895024,0.39066875,0.398478125,0.0001707384054883458,0.0007714368834137071,20.382271235412684,0.5284203755718222,nan,3646.0563601000467,,,D=union_ij D_ij; evaluate the complete parent-v54 amplitude on every x/t leaf; sum integrated uppers and minimize lowers
leaf,PASS,4,64,1,51,0.8571686086290189,0.8571808006895024,0.398478125,0.4062875,0.00017429498053338533,0.0007890268433343712,20.26384298907864,0.47801614879730725,nan,3649.2507564999396,,,D=union_ij D_ij; evaluate the complete parent-v54 amplitude on every x/t leaf; sum integrated uppers and minimize lowers
leaf,PASS,4,64,1,52,0.8571686086290189,0.8571808006895024,0.4062875,0.414096875,0.00017785104990534196,0.000806610396320528,20.146465047923233,0.4338172765507871,nan,3652.4572769999504,,,D=union_ij D_ij; evaluate the complete parent-v54 amplitude on every x/t leaf; sum integrated uppers and minimize lowers
leaf,PASS,4,64,1,53,0.8571686086290189,0.8571808006895024,0.414096875,0.42190625,0.00018140663963207084,0.0008241878629052813,20.030199344571187,0.394910978641306,nan,3655.6858659000136,,,D=union_ij D_ij; evaluate the complete parent-v54 amplitude on every x/t leaf; sum integrated uppers and minimize lowers
leaf,PASS,4,64,1,54,0.8571686086290189,0.8571808006895024,0.42190625,0.429715625,0.0001849617732504623,0.0008417595368284606,19.91509659327475,0.3605389223632509,nan,3659.0344677999383,,,D=union_ij D_ij; evaluate the complete parent-v54 amplitude on every x/t leaf; sum integrated uppers and minimize lowers
leaf,PASS,4,64,1,55,0.8571686086290189,0.8571808006895024,0.429715625,0.437525,0.00018851647206667067,0.0008593256876358677,19.9248543306183,0.3280191522220146,nan,3662.7502580999862,,,D=union_ij D_ij; evaluate the complete parent-v54 amplitude on every x/t leaf; sum integrated uppers and minimize lowers
leaf,PASS,4,64,1,56,0.8571686086290189,0.8571808006895024,0.437525,0.445334375,0.00019207075538630014,0.0008768862856308386,20.012357314998702,0.2980927498621609,nan,3666.595823899959,,,D=union_ij D_ij; evaluate the complete parent-v54 amplitude on every x/t leaf; sum integrated uppers and minimize lowers
leaf,PASS,4,64,1,57,0.8571686086290189,0.8571808006895024,0.445334375,0.45314375,0.00019562464071839456,0.0008944417997861683,20.071867458773927,0.27200835683606356,nan,3670.327671700041,,,D=union_ij D_ij; evaluate the complete parent-v54 amplitude on every x/t leaf; sum integrated uppers and minimize lowers
leaf,PASS,4,64,1,58,0.8571686086290189,0.8571808006895024,0.45314375,0.460953125,0.00019917814395653576,0.0009119924751864633,20.107758520511364,0.24910234034833897,nan,3674.321384400013,,,D=union_ij D_ij; evaluate the complete parent-v54 amplitude on every x/t leaf; sum integrated uppers and minimize lowers
leaf,PASS,4,64,1,59,0.8571686086290189,0.8571808006895024,0.460953125,0.46876249999999997,0.00020273127953989668,0.0009295385052786281,20.123662276746888,0.22888102766969642,nan,3677.968490900006,,,D=union_ij D_ij; evaluate the complete parent-v54 amplitude on every x/t leaf; sum integrated uppers and minimize lowers
leaf,PASS,4,64,1,60,0.8571686086290189,0.8571808006895024,0.46876249999999997,0.476571875,0.0002062840605967039,0.0009470800686323873,20.1226462333375,0.21094378446530235,nan,3681.0125830000034,,,D=union_ij D_ij; evaluate the complete parent-v54 amplitude on every x/t leaf; sum integrated uppers and minimize lowers
leaf,PASS,4,64,1,61,0.8571686086290189,0.8571808006895024,0.476571875,0.48438125,0.00020983649907223574,0.0009646173302584359,20.107289302561096,0.1949626559433711,nan,3684.6657467000186,,,D=union_ij D_ij; evaluate the complete parent-v54 amplitude on every x/t leaf; sum integrated uppers and minimize lowers
leaf,PASS,4,64,1,62,0.8571686086290189,0.8571808006895024,0.48438125,0.492190625,0.00021338860584319596,0.0009821504427930453,20.079760509879716,0.1806669184571405,nan,3687.81617669994,,,D=union_ij D_ij; evaluate the complete parent-v54 amplitude on every x/t leaf; sum integrated uppers and minimize lowers
leaf,PASS,4,64,1,63,0.8571686086290189,0.8571808006895024,0.492190625,0.5,0.0002169403908200653,0.0009996795475644246,20.041896913868428,0.16783128977851652,nan,3690.89674440003,,,D=union_ij D_ij; evaluate the complete parent-v54 amplitude on every x/t leaf; sum integrated uppers and minimize lowers
leaf,PASS,4,64,2,0,0.8571808006895024,0.857192992749986,0.0002,0.008009375000000001,0.0,5.4341541291277995e-08,17.631484366255734,1007365799.3306059,nan,3845.1154725999804,,,D=union_ij D_ij; evaluate the complete parent-v54 amplitude on every x/t leaf; sum integrated uppers and minimize lowers
leaf,PASS,4,64,2,1,0.8571808006895024,0.857192992749986,0.008009375000000001,0.01581875,0.0,1.3188164396912714e-06,4.727965572762558,64526309.68457556,nan,4193.853963500005,,,D=union_ij D_ij; evaluate the complete parent-v54 amplitude on every x/t leaf; sum integrated uppers and minimize lowers
leaf,PASS,4,64,2,2,0.8571808006895024,0.857192992749986,0.01581875,0.023628125,0.0,6.847049558026141e-07,9.460596857909648,1.3485014503894133e+17,nan,4406.307561099995,,,D=union_ij D_ij; evaluate the complete parent-v54 amplitude on every x/t leaf; sum integrated uppers and minimize lowers
leaf,PASS,4,64,2,3,0.8571808006895024,0.857192992749986,0.023628125,0.0314375,0.0,5.547664658304962e-06,7.76850357757279,36608211719160.65,nan,4491.14529070002,,,D=union_ij D_ij; evaluate the complete parent-v54 amplitude on every x/t leaf; sum integrated uppers and minimize lowers
leaf,PASS,4,64,2,4,0.8571808006895024,0.857192992749986,0.0314375,0.039246875,0.0,9.72412122296691e-06,2.9357474634049527,2966916835.429037,nan,4563.601184600033,,,D=union_ij D_ij; evaluate the complete parent-v54 amplitude on every x/t leaf; sum integrated uppers and minimize lowers
leaf,PASS,4,64,2,5,0.8571808006895024,0.857192992749986,0.039246875,0.04705625,2.8836645513464588e-06,2.8836645513464588e-06,1.4009938934070079,111249546478.56616,nan,4593.121045000036,,,D=union_ij D_ij; evaluate the complete parent-v54 amplitude on every x/t leaf; sum integrated uppers and minimize lowers
leaf,PASS,4,64,2,6,0.8571808006895024,0.857192992749986,0.04705625,0.054865625,8.16711443167292e-06,8.16711443167292e-06,2.088766524574488,91234824.40923138,nan,4622.031233799993,,,D=union_ij D_ij; evaluate the complete parent-v54 amplitude on every x/t leaf; sum integrated uppers and minimize lowers
leaf,PASS,4,64,2,7,0.8571808006895024,0.857192992749986,0.054865625,0.06267500000000001,1.2911922223671426e-05,1.2911922223671426e-05,2.5650632953939465,2836317.1479838,nan,4652.582106200047,,,D=union_ij D_ij; evaluate the complete parent-v54 amplitude on every x/t leaf; sum integrated uppers and minimize lowers
leaf,PASS,4,64,2,8,0.8571808006895024,0.857192992749986,0.06267500000000001,0.07048437500000002,1.732673106251693e-05,1.732673106251693e-05,0.7179283995746456,22061812.562709548,nan,4660.48089659994,,,D=union_ij D_ij; evaluate the complete parent-v54 amplitude on every x/t leaf; sum integrated uppers and minimize lowers
leaf,PASS,4,64,2,9,0.8571808006895024,0.857192992749986,0.07048437500000002,0.07829375000000001,2.152591261934796e-05,1.5147907436888061e-05,3.0320430234255293,31019375.08434997,nan,4668.213122999994,,,D=union_ij D_ij; evaluate the complete parent-v54 amplitude on every x/t leaf; sum integrated uppers and minimize lowers
leaf,PASS,4,64,2,10,0.8571808006895024,0.857192992749986,0.07829375000000001,0.086103125,2.557718585380337e-05,2.557718585380337e-05,10.294003380634152,1087485.2814870991,nan,4671.708964099991,,,D=union_ij D_ij; evaluate the complete parent-v54 amplitude on every x/t leaf; sum integrated uppers and minimize lowers
leaf,PASS,4,64,2,11,0.8571808006895024,0.857192992749986,0.086103125,0.09391250000000001,2.9523078791653474e-05,5.947080301611176e-05,12.832120486221484,223295947099.68948,nan,4675.094244300039,,,D=union_ij D_ij; evaluate the complete parent-v54 amplitude on every x/t leaf; sum integrated uppers and minimize lowers
leaf,PASS,4,64,2,12,0.8571808006895024,0.857192992749986,0.09391250000000001,0.10172187500000002,3.339157002467533e-05,8.038723200435984e-05,14.675874772237043,3086104.5448220233,nan,4678.5327544000465,,,D=union_ij D_ij; evaluate the complete parent-v54 amplitude on every x/t leaf; sum integrated uppers and minimize lowers
leaf,PASS,4,64,2,13,0.8571808006895024,0.857192992749986,0.10172187500000002,0.10953125000000001,3.720270745833307e-05,0.00010073358174434647,16.36965985388843,310599.71903247584,nan,4681.920254900004,,,D=union_ij D_ij; evaluate the complete parent-v54 amplitude on every x/t leaf; sum integrated uppers and minimize lowers
leaf,PASS,4,64,2,14,0.8571808006895024,0.857192992749986,0.10953125000000001,0.117340625,4.097414910307712e-05,0.00012063376448748792,17.81430271917465,64826.192325224925,nan,4685.342827899964,,,D=union_ij D_ij; evaluate the complete parent-v54 amplitude on every x/t leaf; sum integrated uppers and minimize lowers
leaf,PASS,4,64,2,15,0.8571808006895024,0.857192992749986,0.117340625,0.12515,4.4713464601176226e-05,0.00014018074960393698,18.99013065981058,19285.571260004544,nan,4688.867196499952,,,D=union_ij D_ij; evaluate the complete parent-v54 amplitude on every x/t leaf; sum integrated uppers and minimize lowers
leaf,PASS,4,64,2,16,0.8571808006895024,0.857192992749986,0.12515,0.13295937500000002,4.8425993793591946e-05,0.00015944292511929604,19.92870523283325,7151.887320777848,nan,4692.286976399948,,,D=union_ij D_ij; evaluate the complete parent-v54 amplitude on every x/t leaf; sum integrated uppers and minimize lowers
leaf,PASS,4,64,2,17,0.8571808006895024,0.857192992749986,0.13295937500000002,0.14076875000000003,5.211618253234314e-05,0.00017847201624206723,20.670026943225,3090.4972984786864,nan,4695.746086200001,,,D=union_ij D_ij; evaluate the complete parent-v54 amplitude on every x/t leaf; sum integrated uppers and minimize lowers
leaf,PASS,4,64,2,18,0.8571808006895024,0.857192992749986,0.14076875000000003,0.148578125,5.57870383032059e-05,0.00019730848163083397,21.25069078074694,1495.721906264724,nan,4700.010263700038,,,D=union_ij D_ij; evaluate the complete parent-v54 amplitude on every x/t leaf; sum integrated uppers and minimize lowers
leaf,PASS,4,64,2,19,0.8571808006895024,0.857192992749986,0.148578125,0.1563875,5.94421010530949e-05,0.00021598435111602773,21.701313976868313,790.2604318005555,nan,4703.894738800009,,,D=union_ij D_ij; evaluate the complete parent-v54 amplitude on every x/t leaf; sum integrated uppers and minimize lowers
leaf,PASS,4,64,2,20,0.8571808006895024,0.857192992749986,0.1563875,0.16419687500000002,6.308386044067024e-05,0.00023452485882466192,22.046702889169943,447.8310284271271,nan,4707.539497400052,,,D=union_ij D_ij; evaluate the complete parent-v54 amplitude on every x/t leaf; sum integrated uppers and minimize lowers
leaf,PASS,4,64,2,21,0.8571808006895024,0.857192992749986,0.16419687500000002,0.17200625,6.671440567533654e-05,0.0002529503238490299,22.30673525624304,268.74241413662014,nan,4710.9342282,,,D=union_ij D_ij; evaluate the complete parent-v54 amplitude on every x/t leaf; sum integrated uppers and minimize lowers
leaf,PASS,4,64,2,22,0.8571808006895024,0.857192992749986,0.17200625,0.179815625,7.033536797650682e-05,0.00027127727748358185,22.49730418093235,169.15465559439434,nan,4714.778926900006,,,D=union_ij D_ij; evaluate the complete parent-v54 amplitude on every x/t leaf; sum integrated uppers and minimize lowers
leaf,PASS,4,64,2,23,0.8571808006895024,0.857192992749986,0.179815625,0.18762500000000001,7.394809951617682e-05,0.00028951929544496484,22.63114109516072,110.85661513496477,nan,4718.255161799956,,,D=union_ij D_ij; evaluate the complete parent-v54 amplitude on every x/t leaf; sum integrated uppers and minimize lowers
leaf,PASS,4,64,2,24,0.8571808006895024,0.857192992749986,0.18762500000000001,0.19543437500000002,7.755372717299728e-05,0.00030768762114548445,22.718484052807234,75.20621256342478,nan,4721.663198099937,,,D=union_ij D_ij; evaluate the complete parent-v54 amplitude on every x/t leaf; sum integrated uppers and minimize lowers
leaf,PASS,4,64,2,25,0.8571808006895024,0.857192992749986,0.19543437500000002,0.20324375000000003,8.115319503152899e-05,0.00032579163858539216,22.76760500939787,52.570637178491694,nan,4725.037808399997,,,D=union_ij D_ij; evaluate the complete parent-v54 amplitude on every x/t leaf; sum integrated uppers and minimize lowers
leaf,PASS,4,64,2,26,0.8571808006895024,0.857192992749986,0.20324375000000003,0.211053125,8.474729807440803e-05,0.00034383920294090494,22.785221096347556,37.721399734752154,nan,4728.48669020005,,,D=union_ij D_ij; evaluate the complete parent-v54 amplitude on every x/t leaf; sum integrated uppers and minimize lowers
leaf,PASS,4,64,2,27,0.8571808006895024,0.857192992749986,0.211053125,0.21886250000000002,8.833670900232402e-05,0.0003618370225629842,22.776814613361235,27.696918994489405,nan,4732.0577137999935,,,D=union_ij D_ij; evaluate the complete parent-v54 amplitude on every x/t leaf; sum integrated uppers and minimize lowers
leaf,PASS,4,64,2,28,0.8571808006895024,0.857192992749986,0.21886250000000002,0.22667187500000002,9.192199968737624e-05,0.0003797907770771399,22.746881930297665,20.755876554987573,nan,4735.399612799985,,,D=union_ij D_ij; evaluate the complete parent-v54 amplitude on every x/t leaf; sum integrated uppers and minimize lowers
leaf,PASS,4,64,2,29,0.8571808006895024,0.857192992749986,0.22667187500000002,0.23448125,9.550365842350758e-05,0.00039770474227979625,22.699127177068597,15.840317391774768,nan,4738.819845400052,,,D=union_ij D_ij; evaluate the complete parent-v54 amplitude on every x/t leaf; sum integrated uppers and minimize lowers
leaf,PASS,4,64,2,30,0.8571808006895024,0.857192992749986,0.23448125,0.242290625,9.908210387199454e-05,0.00041558347561107935,22.636617401049303,12.288089279655416,nan,4742.26010319998,,,D=union_ij D_ij; evaluate the complete parent-v54 amplitude on every x/t leaf; sum integrated uppers and minimize lowers
leaf,PASS,4,64,2,31,0.8571808006895024,0.857192992749986,0.242290625,0.2501,0.00010265769558603838,0.0004334305393937329,22.561863455577544,9.674209804416382,nan,4745.709072700003,,,D=union_ij D_ij; evaluate the complete parent-v54 amplitude on every x/t leaf; sum integrated uppers and minimize lowers
leaf,PASS,4,64,2,32,0.8571808006895024,0.857192992749986,0.2501,0.257909375,0.00010623074246722635,0.00045124941335410895,22.4770319544887,7.718644926654599,nan,4749.253284899984,,,D=union_ij D_ij; evaluate the complete parent-v54 amplitude on every x/t leaf; sum integrated uppers and minimize lowers
leaf,PASS,4,64,2,33,0.8571808006895024,0.857192992749986,0.257909375,0.26571875,0.00010980151147567616,0.00046904283015133106,22.383903191185837,6.233551742389664,nan,4752.9183344000485,,,D=union_ij D_ij; evaluate the complete parent-v54 amplitude on every x/t leaf; sum integrated uppers and minimize lowers
leaf,PASS,4,64,2,34,0.8571808006895024,0.857192992749986,0.26571875,0.273528125,0.00011337024467753262,0.00048681317485175076,22.28397064862452,5.090255051033383,nan,4756.375634799944,,,D=union_ij D_ij; evaluate the complete parent-v54 amplitude on every x/t leaf; sum integrated uppers and minimize lowers
leaf,PASS,4,64,2,35,0.8571808006895024,0.857192992749986,0.273528125,0.2813375,0.00011693714675059159,0.0005045625424648385,22.178491950231347,4.199223247339348,nan,4759.725246599992,,,D=union_ij D_ij; evaluate the complete parent-v54 amplitude on every x/t leaf; sum integrated uppers and minimize lowers
leaf,PASS,4,64,2,36,0.8571808006895024,0.857192992749986,0.2813375,0.28914687499999997,0.00012050239677186667,0.0005222927795096764,22.06852879454023,3.4969074394332056,nan,4763.008532000007,,,D=union_ij D_ij; evaluate the complete parent-v54 amplitude on every x/t leaf; sum integrated uppers and minimize lowers
leaf,PASS,4,64,2,37,0.8571808006895024,0.857192992749986,0.28914687499999997,0.29695625,0.00012406615184645264,0.000540005518722938,21.954979479638684,2.937238810226631,nan,4767.14654430002,,,D=union_ij D_ij; evaluate the complete parent-v54 amplitude on every x/t leaf; sum integrated uppers and minimize lowers
leaf,PASS,4,64,2,38,0.8571808006895024,0.857192992749986,0.29695625,0.304765625,0.00012762851649910858,0.0005577022081847379,21.838605517682748,2.4867938557879095,nan,4770.761742700008,,,D=union_ij D_ij; evaluate the complete parent-v54 amplitude on every x/t leaf; sum integrated uppers and minimize lowers
leaf,PASS,4,64,2,39,0.8571808006895024,0.857192992749986,0.304765625,0.312575,0.00013118944787582498,0.0005753841358751075,21.720053511590983,2.1209573955247634,nan,4774.367103599943,,,D=union_ij D_ij; evaluate the complete parent-v54 amplitude on every x/t leaf; sum integrated uppers and minimize lowers
leaf,PASS,4,64,2,40,0.8571808006895024,0.857192992749986,0.312575,0.320384375,0.0001347492585033007,0.0005930524504706718,21.5998732147052,1.821325528585736,nan,4777.814413100015,,,D=union_ij D_ij; evaluate the complete parent-v54 amplitude on every x/t leaf; sum integrated uppers and minimize lowers
leaf,PASS,4,64,2,41,0.8571808006895024,0.857192992749986,0.320384375,0.32819375,0.00013830804354402913,0.0006107081790311041,21.47853250031383,1.5739863429610672,nan,4781.64768970001,,,D=union_ij D_ij; evaluate the complete parent-v54 amplitude on every x/t leaf; sum integrated uppers and minimize lowers
leaf,PASS,4,64,2,42,0.8571808006895024,0.857192992749986,0.32819375,0.336003125,0.00014186588740779845,0.0006283522420998518,21.35642981791212,1.3683147371733524,nan,4785.076620299951,,,D=union_ij D_ij; evaluate the complete parent-v54 amplitude on every x/t leaf; sum integrated uppers and minimize lowers
leaf,PASS,4,64,2,43,0.8571808006895024,0.857192992749986,0.336003125,0.34381249999999997,0.0001454228651092759,0.0006459854666473374,21.233904596645946,1.196117992139969,nan,4788.540765600046,,,D=union_ij D_ij; evaluate the complete parent-v54 amplitude on every x/t leaf; sum integrated uppers and minimize lowers
leaf,PASS,4,64,2,44,0.8571808006895024,0.857192992749986,0.34381249999999997,0.351621875,0.00014897904262331244,0.0006636085970925755,21.111245963212852,1.0510227235643883,nan,4792.71143419994,,,D=union_ij D_ij; evaluate the complete parent-v54 amplitude on every x/t leaf; sum integrated uppers and minimize lowers
leaf,PASS,4,64,2,45,0.8571808006895024,0.857192992749986,0.351621875,0.35943125,0.00015253447498899878,0.0006812223052420743,20.988700075376183,0.9280244293772647,nan,4796.365609299974,,,D=union_ij D_ij; evaluate the complete parent-v54 amplitude on every x/t leaf; sum integrated uppers and minimize lowers
leaf,PASS,4,64,2,46,0.8571808006895024,0.857192992749986,0.35943125,0.367240625,0.00015608922139653702,0.0006988271982931699,20.866476311208856,0.8231668906969732,nan,4799.935484000016,,,D=union_ij D_ij; evaluate the complete parent-v54 amplitude on every x/t leaf; sum integrated uppers and minimize lowers
leaf,PASS,4,64,2,47,0.8571808006895024,0.857192992749986,0.367240625,0.37505,0.00015964332936636624,0.0007164238261538692,20.744752495749708,0.733307897760885,nan,4804.060002599959,,,D=union_ij D_ij; evaluate the complete parent-v54 amplitude on every x/t leaf; sum integrated uppers and minimize lowers
leaf,PASS,4,64,2,48,0.8571808006895024,0.857192992749986,0.37505,0.382859375,0.0001631968414675896,0.0007340126877472458,20.623679343378917,0.6561296831079533,nan,4807.565273400047,,,D=union_ij D_ij; evaluate the complete parent-v54 amplitude on every x/t leaf; sum integrated uppers and minimize lowers
leaf,PASS,4,64,2,49,0.8571808006895024,0.857192992749986,0.382859375,0.39066875,0.0001667497958841633,0.0007515942365130544,20.50338423602435,0.5893486685541014,nan,4811.160574999987,,,D=union_ij D_ij; evaluate the complete parent-v54 amplitude on every x/t leaf; sum integrated uppers and minimize lowers
leaf,PASS,4,64,2,50,0.8571808006895024,0.857192992749986,0.39066875,0.398478125,0.00017030222690901512,0.0007691688852274985,20.383974445467523,0.5312759098887143,nan,4814.575231599971,,,D=union_ij D_ij; evaluate the complete parent-v54 amplitude on every x/t leaf; sum integrated uppers and minimize lowers
leaf,PASS,4,64,2,51,0.8571808006895024,0.857192992749986,0.398478125,0.4062875,0.00017385416537629055,0.0007867370102366381,20.265539888478656,0.4805643682819377,nan,4818.031938,,,D=union_ij D_ij; evaluate the complete parent-v54 amplitude on every x/t leaf; sum integrated uppers and minimize lowers
leaf,PASS,4,64,2,52,0.8571808006895024,0.857192992749986,0.4062875,0.414096875,0.00017740563904033557,0.000804298955184043,20.148155487897927,0.436099620722184,nan,4821.576933100005,,,D=union_ij D_ij; evaluate the complete parent-v54 amplitude on every x/t leaf; sum integrated uppers and minimize lowers
leaf,PASS,4,64,2,53,0.8571808006895024,0.857192992749986,0.414096875,0.42190625,0.00018095667290870453,0.0008218550343009579,20.031883200394805,0.39696212099218603,nan,4825.320321399951,,,D=union_ij D_ij; evaluate the complete parent-v54 amplitude on every x/t leaf; sum integrated uppers and minimize lowers
leaf,PASS,4,64,2,54,0.8571808006895024,0.857192992749986,0.42190625,0.429715625,0.00018450728953538334,0.0008394055353169937,19.916773761514108,0.3623882193157973,nan,4829.343189700041,,,D=union_ij D_ij; evaluate the complete parent-v54 amplitude on every x/t leaf; sum integrated uppers and minimize lowers
leaf,PASS,4,64,2,55,0.8571808006895024,0.857192992749986,0.429715625,0.437525,0.00018805750927949864,0.0008569507220407728,19.926476653559053,0.3296821583149973,nan,4832.576893400052,,,D=union_ij D_ij; evaluate the complete parent-v54 amplitude on every x/t leaf; sum integrated uppers and minimize lowers
leaf,PASS,4,64,2,56,0.8571808006895024,0.857192992749986,0.437525,0.445334375,0.00019160735053401663,0.0008744906891512674,20.014003968430963,0.29955617390564765,nan,4836.418181900051,,,D=union_ij D_ij; evaluate the complete parent-v54 amplitude on every x/t leaf; sum integrated uppers and minimize lowers
leaf,PASS,4,64,2,57,0.8571808006895024,0.857192992749986,0.445334375,0.45314375,0.0001951568299282861,0.0008920256417932022,20.073533808190433,0.27327974497207824,nan,4841.434970099945,,,D=union_ij D_ij; evaluate the complete parent-v54 amplitude on every x/t leaf; sum integrated uppers and minimize lowers
leaf,PASS,4,64,2,58,0.8571808006895024,0.857192992749986,0.45314375,0.460953125,0.00019870596250773552,0.0009095559487562648,20.109440646163808,0.25025207342513295,nan,4845.067564400029,,,D=union_ij D_ij; evaluate the complete parent-v54 amplitude on every x/t leaf; sum integrated uppers and minimize lowers
leaf,PASS,4,64,2,59,0.8571808006895024,0.857192992749986,0.460953125,0.46876249999999997,0.00020225476189357405,0.0009270817986844853,20.125356800207726,0.22992446813785897,nan,4848.56444039999,,,D=union_ij D_ij; evaluate the complete parent-v54 amplitude on every x/t leaf; sum integrated uppers and minimize lowers
leaf,PASS,4,64,2,60,0.8571808006895024,0.857192992749986,0.46876249999999997,0.476571875,0.0002058032404249533,0.0009446033655445612,20.124350376422974,0.21189389475475512,nan,4851.815675099962,,,D=union_ij D_ij; evaluate the complete parent-v54 amplitude on every x/t leaf; sum integrated uppers and minimize lowers
leaf,PASS,4,64,2,61,0.8571808006895024,0.857192992749986,0.476571875,0.48438125,0.00020935140928571647,0.0009621208099325226,20.10900065094653,0.19583044164684046,nan,4855.270034400048,,,D=union_ij D_ij; evaluate the complete parent-v54 amplitude on every x/t leaf; sum integrated uppers and minimize lowers
leaf,PASS,4,64,2,62,0.8571808006895024,0.857192992749986,0.48438125,0.492190625,0.00021289927861757547,0.00097963428024769,20.08147699925357,0.1814617833095465,nan,4859.181207800051,,,D=union_ij D_ij; evaluate the complete parent-v54 amplitude on every x/t leaf; sum integrated uppers and minimize lowers
leaf,PASS,4,64,2,63,0.8571808006895024,0.857192992749986,0.492190625,0.5,0.00021644685762131828,0.000997143913749148,20.04361664917365,0.16856129109149845,nan,4862.415488100029,,,D=union_ij D_ij; evaluate the complete parent-v54 amplitude on every x/t leaf; sum integrated uppers and minimize lowers
leaf,PASS,4,64,3,0,0.857192992749986,0.8572051848104696,0.0002,0.008009375000000001,0.0,6.37155235624251e-08,17.5386913619668,11020849729.20879,nan,5021.96249820001,,,D=union_ij D_ij; evaluate the complete parent-v54 amplitude on every x/t leaf; sum integrated uppers and minimize lowers
leaf,PASS,4,64,3,1,0.857192992749986,0.8572051848104696,0.008009375000000001,0.01581875,0.0,1.265434412859459e-06,4.745836015989141,79069269.43723357,nan,5356.138982999953,,,D=union_ij D_ij; evaluate the complete parent-v54 amplitude on every x/t leaf; sum integrated uppers and minimize lowers
leaf,PASS,4,64,3,2,0.857192992749986,0.8572051848104696,0.01581875,0.023628125,0.0,5.906373329441283e-07,9.459670118568047,2.0923863364220067e+17,nan,5558.617945099948,,,D=union_ij D_ij; evaluate the complete parent-v54 amplitude on every x/t leaf; sum integrated uppers and minimize lowers
leaf,PASS,4,64,3,3,0.857192992749986,0.8572051848104696,0.023628125,0.0314375,0.0,5.433560140049225e-06,7.7673486939800584,39202019619133.625,nan,5635.48504249996,,,D=union_ij D_ij; evaluate the complete parent-v54 amplitude on every x/t leaf; sum integrated uppers and minimize lowers
leaf,PASS,4,64,3,4,0.857192992749986,0.8572051848104696,0.0314375,0.039246875,0.0,9.5930037959835e-06,2.934040018635616,3111107632.7027397,nan,5702.565708799986,,,D=union_ij D_ij; evaluate the complete parent-v54 amplitude on every x/t leaf; sum integrated uppers and minimize lowers
leaf,PASS,4,64,3,5,0.857192992749986,0.8572051848104696,0.039246875,0.04705625,2.745260239432615e-06,2.745260239432615e-06,1.4006438708476798,134780469382.76666,nan,5729.387669599964,,,D=union_ij D_ij; evaluate the complete parent-v54 amplitude on every x/t leaf; sum integrated uppers and minimize lowers
leaf,PASS,4,64,3,6,0.857192992749986,0.8572051848104696,0.04705625,0.054865625,8.01431125401721e-06,8.01431125401721e-06,2.0884186611819198,97839619.78198946,nan,5755.847883500042,,,D=union_ij D_ij; evaluate the complete parent-v54 amplitude on every x/t leaf; sum integrated uppers and minimize lowers
leaf,PASS,4,64,3,7,0.857192992749986,0.8572051848104696,0.054865625,0.06267500000000001,1.27459962440396e-05,1.27459962440396e-05,2.5647221047090736,2968465.411994782,nan,5782.551047699992,,,D=union_ij D_ij; evaluate the complete parent-v54 amplitude on every x/t leaf; sum integrated uppers and minimize lowers
leaf,PASS,4,64,3,8,0.857192992749986,0.8572051848104696,0.06267500000000001,0.07048437500000002,1.7148669526948964e-05,1.7148669526948964e-05,0.7134058740959236,22990028.99177701,nan,5789.59048959997,,,D=union_ij D_ij; evaluate the complete parent-v54 amplitude on every x/t leaf; sum integrated uppers and minimize lowers
leaf,PASS,4,64,3,9,0.857192992749986,0.8572051848104696,0.07048437500000002,0.07829375000000001,2.1336509442627224e-05,1.4156775942553256e-05,3.0317072706712147,35913682.28414406,nan,5796.388716700021,,,D=union_ij D_ij; evaluate the complete parent-v54 amplitude on every x/t leaf; sum integrated uppers and minimize lowers
leaf,PASS,4,64,3,10,0.857192992749986,0.8572051848104696,0.07829375000000001,0.086103125,2.5377097892414492e-05,2.5377097892414492e-05,10.292329879703923,1160020.0364492803,nan,5799.702785199974,,,D=union_ij D_ij; evaluate the complete parent-v54 amplitude on every x/t leaf; sum integrated uppers and minimize lowers
leaf,PASS,4,64,3,11,0.857192992749986,0.8572051848104696,0.086103125,0.09391250000000001,2.931286148602749e-05,5.838053719905133e-05,12.831212310236186,223234995772.8242,nan,5802.843887700001,,,D=union_ij D_ij; evaluate the complete parent-v54 amplitude on every x/t leaf; sum integrated uppers and minimize lowers
leaf,PASS,4,64,3,12,0.857192992749986,0.8572051848104696,0.09391250000000001,0.10172187500000002,3.317170123864748e-05,7.925068480873847e-05,14.675335827240458,3174495.942449347,nan,5806.082816899987,,,D=union_ij D_ij; evaluate the complete parent-v54 amplitude on every x/t leaf; sum integrated uppers and minimize lowers
leaf,PASS,4,64,3,13,0.857192992749986,0.8572051848104696,0.10172187500000002,0.10953125000000001,3.6976079519809757e-05,9.955259806012506e-05,16.369421866549324,317979.40296590223,nan,5809.3113520999905,,,D=union_ij D_ij; evaluate the complete parent-v54 amplitude on every x/t leaf; sum integrated uppers and minimize lowers
leaf,PASS,4,64,3,14,0.857192992749986,0.8572051848104696,0.10953125000000001,0.117340625,4.074156403323424e-05,0.00011940998944367776,17.814389631657495,66158.7463753029,nan,5812.441237999941,,,D=union_ij D_ij; evaluate the complete parent-v54 amplitude on every x/t leaf; sum integrated uppers and minimize lowers
leaf,PASS,4,64,3,15,0.857192992749986,0.8572051848104696,0.117340625,0.12515,4.447465824645285e-05,0.0001389156624415591,18.99050734277293,19638.298799909688,nan,5815.585206100019,,,D=union_ij D_ij; evaluate the complete parent-v54 amplitude on every x/t leaf; sum integrated uppers and minimize lowers
leaf,PASS,4,64,3,16,0.857192992749986,0.8572051848104696,0.12515,0.13295937500000002,4.8180814149557026e-05,0.0001581378007052127,19.929326517605833,7270.588002677743,nan,5818.803539199987,,,D=union_ij D_ij; evaluate the complete parent-v54 amplitude on every x/t leaf; sum integrated uppers and minimize lowers
leaf,PASS,4,64,3,17,0.857192992749986,0.8572051848104696,0.13295937500000002,0.14076875000000003,5.1864551993525585e-05,0.00017712790583938767,20.67085093862323,3137.7151179829025,nan,5821.983185000019,,,D=union_ij D_ij; evaluate the complete parent-v54 amplitude on every x/t leaf; sum integrated uppers and minimize lowers
leaf,PASS,4,64,3,18,0.857192992749986,0.8572051848104696,0.14076875000000003,0.148578125,5.552899003475966e-05,0.00019592672881439576,21.25168185935605,1516.9792412743232,nan,5825.1323444000445,,,D=union_ij D_ij; evaluate the complete parent-v54 amplitude on every x/t leaf; sum integrated uppers and minimize lowers
leaf,PASS,4,64,3,19,0.857192992749986,0.8572051848104696,0.148578125,0.1563875,5.917758238125191e-05,0.0002145659856007377,21.7024427214107,800.7968188207923,nan,5828.250958499964,,,D=union_ij D_ij; evaluate the complete parent-v54 amplitude on every x/t leaf; sum integrated uppers and minimize lowers
leaf,PASS,4,64,3,20,0.857192992749986,0.8572051848104696,0.1563875,0.16419687500000002,6.281289807771687e-05,0.00023307083284517088,22.047945236092477,453.4710960745594,nan,5831.388882400002,,,D=union_ij D_ij; evaluate the complete parent-v54 amplitude on every x/t leaf; sum integrated uppers and minimize lowers
leaf,PASS,4,64,3,21,0.857192992749986,0.8572051848104696,0.16419687500000002,0.17200625,6.643703473554203e-05,0.0002514615214700782,22.308071542102827,271.9573807193688,nan,5834.500736400019,,,D=union_ij D_ij; evaluate the complete parent-v54 amplitude on every x/t leaf; sum integrated uppers and minimize lowers
leaf,PASS,4,64,3,22,0.857192992749986,0.8572051848104696,0.17200625,0.179815625,7.005164642757371e-05,0.0002697545224146505,22.498718295176424,171.08575166499708,nan,5837.807757399976,,,D=union_ij D_ij; evaluate the complete parent-v54 amplitude on every x/t leaf; sum integrated uppers and minimize lowers
leaf,PASS,4,64,3,23,0.857192992749986,0.8572051848104696,0.179815625,0.18762500000000001,7.365809212226884e-05,0.0002879633576546742,22.632619781313497,112.06903829315858,nan,5841.321043099975,,,D=union_ij D_ij; evaluate the complete parent-v54 amplitude on every x/t leaf; sum integrated uppers and minimize lowers
leaf,PASS,4,64,3,24,0.857192992749986,0.8572051848104696,0.18762500000000001,0.19543437500000002,7.725750304164428e-05,0.0003060992225028556,22.720016348627794,75.99682759400964,nan,5844.4182266000425,,,D=union_ij D_ij; evaluate the complete parent-v54 amplitude on every x/t leaf; sum integrated uppers and minimize lowers
leaf,PASS,4,64,3,25,0.857192992749986,0.8572051848104696,0.19543437500000002,0.20324375000000003,8.085082585806168e-05,0.0003241714577046753,22.7691818032757,53.10337023670309,nan,5847.5675567999715,,,D=union_ij D_ij; evaluate the complete parent-v54 amplitude on every x/t leaf; sum integrated uppers and minimize lowers
leaf,PASS,4,64,3,26,0.857192992749986,0.8572051848104696,0.20324375000000003,0.211053125,8.443885687898268e-05,0.00034218787934932516,22.78683477667014,38.09083363281751,nan,5850.722785399994,,,D=union_ij D_ij; evaluate the complete parent-v54 amplitude on every x/t leaf; sum integrated uppers and minimize lowers
leaf,PASS,4,64,3,27,0.857192992749986,0.8572051848104696,0.211053125,0.21886250000000002,8.802226921905245e-05,0.000360155160400352,22.77845879103694,27.95962232120792,nan,5854.51049330004,,,D=union_ij D_ij; evaluate the complete parent-v54 amplitude on every x/t leaf; sum integrated uppers and minimize lowers
leaf,PASS,4,64,3,28,0.857192992749986,0.8572051848104696,0.21886250000000002,0.22667187500000002,9.160163450778912e-05,0.0003780789482184702,22.748551218084515,20.946904592622012,nan,5857.625626599998,,,D=union_ij D_ij; evaluate the complete parent-v54 amplitude on every x/t leaf; sum integrated uppers and minimize lowers
leaf,PASS,4,64,3,29,0.857192992749986,0.8572051848104696,0.22667187500000002,0.23448125,9.51774403253743e-05,0.0003959634889789271,22.700817013026693,15.982022908524156,nan,5860.773910999997,,,D=union_ij D_ij; evaluate the complete parent-v54 amplitude on every x/t leaf; sum integrated uppers and minimize lowers
leaf,PASS,4,64,3,30,0.857192992749986,0.8572051848104696,0.23448125,0.242290625,9.875010428424113e-05,0.0004138133134916133,22.638323908274256,12.395103153597836,nan,5863.834321400034,,,D=union_ij D_ij; evaluate the complete parent-v54 amplitude on every x/t leaf; sum integrated uppers and minimize lowers
leaf,PASS,4,64,3,31,0.857192992749986,0.8572051848104696,0.242290625,0.2501,0.0001023199846558393,0.00043163195955828204,22.563583433179645,9.756339312168024,nan,5867.561864999938,,,D=union_ij D_ij; evaluate the complete parent-v54 amplitude on every x/t leaf; sum integrated uppers and minimize lowers
leaf,PASS,4,64,3,32,0.857192992749986,0.8572051848104696,0.2501,0.257909375,0.00010588738918435549,0.00044942288308419756,22.478762456661457,7.782603465553984,nan,5870.843587300042,,,D=union_ij D_ij; evaluate the complete parent-v54 amplitude on every x/t leaf; sum integrated uppers and minimize lowers
leaf,PASS,4,64,3,33,0.857192992749986,0.8572051848104696,0.257909375,0.26571875,0.00010945258190819101,0.00046718879613635243,22.385641789738347,6.284024697173098,nan,5874.025958099985,,,D=union_ij D_ij; evaluate the complete parent-v54 amplitude on every x/t leaf; sum integrated uppers and minimize lowers
leaf,PASS,4,64,3,34,0.857192992749986,0.8572051848104696,0.26571875,0.273528125,0.0001130158044625328,0.00048493206422776805,22.285715254230674,5.13057102121766,nan,5877.375131599954,,,D=union_ij D_ij; evaluate the complete parent-v54 amplitude on every x/t leaf; sum integrated uppers and minimize lowers
leaf,PASS,4,64,3,35,0.857192992749986,0.8572051848104696,0.273528125,0.2813375,0.00011657725987030188,0.0005026547642164126,22.180240761034785,4.231728846650879,nan,5880.747193100047,,,D=union_ij D_ij; evaluate the complete parent-v54 amplitude on every x/t leaf; sum integrated uppers and minimize lowers
leaf,PASS,4,64,3,36,0.857192992749986,0.8572051848104696,0.2813375,0.28914687499999997,0.00012013712554627275,0.000520358725734696,22.070280253513886,3.523432709653702,nan,5884.0381441999925,,,D=union_ij D_ij; evaluate the complete parent-v54 amplitude on every x/t leaf; sum integrated uppers and minimize lowers
leaf,PASS,4,64,3,37,0.857192992749986,0.8572051848104696,0.28914687499999997,0.29695625,0.0001236955569426226,0.0005380455657772069,21.95673223903954,2.959088684305233,nan,5887.453581299982,,,D=union_ij D_ij; evaluate the complete parent-v54 amplitude on every x/t leaf; sum integrated uppers and minimize lowers
leaf,PASS,4,64,3,38,0.857192992749986,0.8572051848104696,0.29695625,0.304765625,0.00012725269061043134,0.0005557167177206359,21.84035840928734,2.504949215137487,nan,5890.859696700005,,,D=union_ij D_ij; evaluate the complete parent-v54 amplitude on every x/t leaf; sum integrated uppers and minimize lowers
leaf,PASS,4,64,3,39,0.857192992749986,0.8572051848104696,0.304765625,0.312575,0.00013080864678113023,0.0005733734557866107,21.721805521664432,2.136164660775197,nan,5893.960706699989,,,D=union_ij D_ij; evaluate the complete parent-v54 amplitude on every x/t leaf; sum integrated uppers and minimize lowers
leaf,PASS,4,64,3,40,0.857192992749986,0.8572051848104696,0.312575,0.320384375,0.00013436336170937686,0.000591016915755319,21.601623462864932,1.8341588386558876,nan,5897.160612100037,,,D=union_ij D_ij; evaluate the complete parent-v54 amplitude on every x/t leaf; sum integrated uppers and minimize lowers
leaf,PASS,4,64,3,41,0.857192992749986,0.8572051848104696,0.320384375,0.32819375,0.00013791703208932936,0.0006086481125780722,21.48028022161333,1.5848917693533116,nan,5900.312489200034,,,D=union_ij D_ij; evaluate the complete parent-v54 amplitude on every x/t leaf; sum integrated uppers and minimize lowers
leaf,PASS,4,64,3,42,0.857192992749986,0.8572051848104696,0.32819375,0.336003125,0.00014146981484636383,0.0006262679554120917,21.358174347597913,1.3776421205437883,nan,5903.335760200047,,,D=union_ij D_ij; evaluate the complete parent-v54 amplitude on every x/t leaf; sum integrated uppers and minimize lowers
leaf,PASS,4,64,3,43,0.857192992749986,0.8572051848104696,0.336003125,0.34381249999999997,0.0001450217835225771,0.000643877260504704,21.235645357143866,1.2041439938367284,nan,5906.4645926000085,,,D=union_ij D_ij; evaluate the complete parent-v54 amplitude on every x/t leaf; sum integrated uppers and minimize lowers
leaf,PASS,4,64,3,44,0.857192992749986,0.8572051848104696,0.34381249999999997,0.351621875,0.00014857300263710762,0.0006614767621623489,21.112982452695338,1.0579682648388178,nan,5909.640880799969,,,D=union_ij D_ij; evaluate the complete parent-v54 amplitude on every x/t leaf; sum integrated uppers and minimize lowers
leaf,PASS,4,64,3,45,0.857192992749986,0.8572051848104696,0.351621875,0.35943125,0.0001521235255565067,0.000679067122640506,20.990431858661225,0.934067022093329,nan,5914.885222299956,,,D=union_ij D_ij; evaluate the complete parent-v54 amplitude on every x/t leaf; sum integrated uppers and minimize lowers
leaf,PASS,4,64,3,46,0.857192992749986,0.8572051848104696,0.35943125,0.367240625,0.00015567341051264647,0.0006966489401061071,20.86820301180983,0.8284501158564365,nan,5917.965853199945,,,D=union_ij D_ij; evaluate the complete parent-v54 amplitude on every x/t leaf; sum integrated uppers and minimize lowers
leaf,PASS,4,64,3,47,0.857192992749986,0.8572051848104696,0.367240625,0.37505,0.00015922270374216498,0.0007142227559172032,20.746473787838816,0.7379488760247023,nan,5921.072083799983,,,D=union_ij D_ij; evaluate the complete parent-v54 amplitude on every x/t leaf; sum integrated uppers and minimize lowers
leaf,PASS,4,64,3,48,0.857192992749986,0.8572051848104696,0.37505,0.382859375,0.0001627714465771861,0.0007317890608925348,20.6253949460092,0.6600148464612956,nan,5924.1130765000125,,,D=union_ij D_ij; evaluate the complete parent-v54 amplitude on every x/t leaf; sum integrated uppers and minimize lowers
leaf,PASS,4,64,3,49,0.857192992749986,0.8572051848104696,0.382859375,0.39066875,0.00016631967601014023,0.0007493483007812196,20.50509390775771,0.592588140212911,nan,5927.534020700026,,,D=union_ij D_ij; evaluate the complete parent-v54 amplitude on every x/t leaf; sum integrated uppers and minimize lowers
leaf,PASS,4,64,3,50,0.857192992749986,0.8572051848104696,0.39066875,0.398478125,0.00016986742518640603,0.0007669008810534813,20.385677979696066,0.5341558249175113,nan,5930.645439999993,,,D=union_ij D_ij; evaluate the complete parent-v54 amplitude on every x/t leaf; sum integrated uppers and minimize lowers
leaf,PASS,4,64,3,51,0.857192992749986,0.8572051848104696,0.398478125,0.4062875,0.00017341472383501468,0.000784447171107586,20.26723710934041,0.48313399759998926,nan,5933.7293302000035,,,D=union_ij D_ij; evaluate the complete parent-v54 amplitude on every x/t leaf; sum integrated uppers and minimize lowers
leaf,PASS,4,64,3,52,0.857192992749986,0.8572051848104696,0.4062875,0.414096875,0.00017696159864605845,0.0008019875079733257,20.149846246703667,0.4384009003474091,nan,5937.580082100001,,,D=union_ij D_ij; evaluate the complete parent-v54 amplitude on every x/t leaf; sum integrated uppers and minimize lowers
leaf,PASS,4,64,3,53,0.857192992749986,0.8572051848104696,0.414096875,0.42190625,0.0001805080736021164,0.000819522199580071,20.03356737249543,0.39903007268641366,nan,5942.536188099999,,,D=union_ij D_ij; evaluate the complete parent-v54 amplitude on every x/t leaf; sum integrated uppers and minimize lowers
leaf,PASS,4,64,3,54,0.857192992749986,0.8572051848104696,0.42190625,0.429715625,0.00018405417026990683,0.0008370515276471995,19.91845124354883,0.36425249094772044,nan,5947.130133199971,,,D=union_ij D_ij; evaluate the complete parent-v54 amplitude on every x/t leaf; sum integrated uppers and minimize lowers
leaf,PASS,4,64,3,55,0.857192992749986,0.8572051848104696,0.429715625,0.437525,0.00018759990805745067,0.0008545757502461406,19.92809917137437,0.3313584780628457,nan,5951.734653100022,,,D=union_ij D_ij; evaluate the complete parent-v54 amplitude on every x/t leaf; sum integrated uppers and minimize lowers
leaf,PASS,4,64,3,56,0.857192992749986,0.8572051848104696,0.437525,0.445334375,0.00019114530444126,0.0008720950864356564,20.015650828865272,0.3010608116529126,nan,5955.336778500001,,,D=union_ij D_ij; evaluate the complete parent-v54 amplitude on every x/t leaf; sum integrated uppers and minimize lowers
leaf,PASS,4,64,3,57,0.857192992749986,0.8572051848104696,0.445334375,0.45314375,0.0001946903751674131,0.0008896094775240901,20.075200374958843,0.2746153572366282,nan,5959.031298800022,,,D=union_ij D_ij; evaluate the complete parent-v54 amplitude on every x/t leaf; sum integrated uppers and minimize lowers
leaf,PASS,4,64,3,58,0.857192992749986,0.8572051848104696,0.45314375,0.460953125,0.00019823513442983144,0.0009071194160103289,20.1111229980069,0.2514105589406815,nan,5963.35933919996,,,D=union_ij D_ij; evaluate the complete parent-v54 amplitude on every x/t leaf; sum integrated uppers and minimize lowers
leaf,PASS,4,64,3,59,0.857192992749986,0.8572051848104696,0.460953125,0.46876249999999997,0.00020177959502861136,0.0009246250857355169,20.12705155737415,0.23097576762391053,nan,5966.919084899942,,,D=union_ij D_ij; evaluate the complete parent-v54 amplitude on every x/t leaf; sum integrated uppers and minimize lowers
leaf,PASS,4,64,3,60,0.857192992749986,0.8572051848104696,0.46876249999999997,0.476571875,0.00020532376851086902,0.0009421266560633133,20.126054759660953,0.21285107919479213,nan,5971.396924700006,,,D=union_ij D_ij; evaluate the complete parent-v54 amplitude on every x/t leaf; sum integrated uppers and minimize lowers
leaf,PASS,4,64,3,61,0.857192992749986,0.8572051848104696,0.476571875,0.48438125,0.00020886766529622667,0.0009596242831750725,20.11071224498312,0.1967046156868605,nan,5975.041187800001,,,D=union_ij D_ij; evaluate the complete parent-v54 amplitude on every x/t leaf; sum integrated uppers and minimize lowers
leaf,PASS,4,64,3,62,0.857192992749986,0.8572051848104696,0.48438125,0.492190625,0.00021241129478878043,0.000977118111233153,20.083193738960116,0.18226243464140252,nan,5979.062473200029,,,D=union_ij D_ij; evaluate the complete parent-v54 amplitude on every x/t leaf; sum integrated uppers and minimize lowers
leaf,PASS,4,64,3,63,0.857192992749986,0.8572051848104696,0.492190625,0.5,0.0002159546654771511,0.0009946082734275052,20.045336402446146,0.16929657370207127,nan,5982.507151299971,,,D=union_ij D_ij; evaluate the complete parent-v54 amplitude on every x/t leaf; sum integrated uppers and minimize lowers
schedule,SELECTED,4,64,-1,-1,0.8571564165685353,0.8572051848104696,0.0002,0.5,0.0,2.6028879601831738e-08,0.7134058740959236,5.123432991424675e+17,0.0,5982.510379999992,,,D=union_ij D_ij; evaluate the complete parent-v54 amplitude on every x/t leaf; sum integrated uppers and minimize lowers
leaf,FAIL,2,32,0,0,0.8572051848104696,0.8572403973066873,0.0002,0.03144375,nan,nan,nan,nan,nan,115.4809985999018,IntervalSingularity,interval denominator reaches zero: away_arc_left_K5:s1:c0:left1:edge_2_1_3:stable_edge,D=union_ij D_ij; evaluate the complete parent-v54 amplitude on every x/t leaf; sum integrated uppers and minimize lowers
schedule,FAIL,2,32,-1,-1,0.8572051848104696,0.857275609802905,0.0002,1.0,nan,nan,nan,nan,nan,115.48101170000155,IntervalSingularity,interval denominator reaches zero: away_arc_left_K5:s1:c0:left1:edge_2_1_3:stable_edge,D=union_ij D_ij; evaluate the complete parent-v54 amplitude on every x/t leaf; sum integrated uppers and minimize lowers
leaf,FAIL,4,32,0,0,0.8572051848104696,0.8572227910585785,0.0002,0.03144375,nan,nan,nan,nan,nan,108.56088420003653,IntervalSingularity,interval denominator reaches zero: away_arc_left_K5:s1:c0:left1:edge_2_1_3:stable_edge,D=union_ij D_ij; evaluate the complete parent-v54 amplitude on every x/t leaf; sum integrated uppers and minimize lowers
schedule,FAIL,4,32,-1,-1,0.8572051848104696,0.857275609802905,0.0002,1.0,nan,nan,nan,nan,nan,108.56089239998255,IntervalSingularity,interval denominator reaches zero: away_arc_left_K5:s1:c0:left1:edge_2_1_3:stable_edge,D=union_ij D_ij; evaluate the complete parent-v54 amplitude on every x/t leaf; sum integrated uppers and minimize lowers
leaf,FAIL,4,64,0,0,0.8572051848104696,0.8572227910585785,0.0002,0.015821875,nan,nan,nan,nan,nan,58.15952119999565,IntervalSingularity,interval denominator reaches zero: away_arc_left_K5:s1:c0:left1:edge_2_1_3:stable_edge,D=union_ij D_ij; evaluate the complete parent-v54 amplitude on every x/t leaf; sum integrated uppers and minimize lowers
schedule,FAIL,4,64,-1,-1,0.8572051848104696,0.857275609802905,0.0002,1.0,nan,nan,nan,nan,nan,58.159531800076365,IntervalSingularity,interval denominator reaches zero: away_arc_left_K5:s1:c0:left1:edge_2_1_3:stable_edge,D=union_ij D_ij; evaluate the complete parent-v54 amplitude on every x/t leaf; sum integrated uppers and minimize lowers
leaf,FAIL,2,32,0,0,0.8572051848104696,0.8572403973066873,0.0002,0.01581875,nan,nan,nan,nan,nan,55.80931129993405,IntervalSingularity,interval denominator reaches zero: away_arc_left_K5:s1:c0:left1:edge_2_1_3:stable_edge,D=union_ij D_ij; evaluate the complete parent-v54 amplitude on every x/t leaf; sum integrated uppers and minimize lowers
schedule,FAIL,2,32,-1,-1,0.8572051848104696,0.857275609802905,0.0002,0.5,nan,nan,nan,nan,nan,55.809319099993445,IntervalSingularity,interval denominator reaches zero: away_arc_left_K5:s1:c0:left1:edge_2_1_3:stable_edge,D=union_ij D_ij; evaluate the complete parent-v54 amplitude on every x/t leaf; sum integrated uppers and minimize lowers
leaf,FAIL,4,32,0,0,0.8572051848104696,0.8572227910585785,0.0002,0.01581875,nan,nan,nan,nan,nan,56.00451380002778,IntervalSingularity,interval denominator reaches zero: away_arc_left_K5:s1:c0:left1:edge_2_1_3:stable_edge,D=union_ij D_ij; evaluate the complete parent-v54 amplitude on every x/t leaf; sum integrated uppers and minimize lowers
schedule,FAIL,4,32,-1,-1,0.8572051848104696,0.857275609802905,0.0002,0.5,nan,nan,nan,nan,nan,56.00452340010088,IntervalSingularity,interval denominator reaches zero: away_arc_left_K5:s1:c0:left1:edge_2_1_3:stable_edge,D=union_ij D_ij; evaluate the complete parent-v54 amplitude on every x/t leaf; sum integrated uppers and minimize lowers
leaf,PASS,4,64,0,0,0.8572051848104696,0.8572227910585785,0.0002,0.008009375000000001,0.0,1.0578430483655694e-07,12.30458794708034,3540569373.4128046,nan,162.9379316000268,,,D=union_ij D_ij; evaluate the complete parent-v54 amplitude on every x/t leaf; sum integrated uppers and minimize lowers
leaf,PASS,4,64,0,1,0.8572051848104696,0.8572227910585785,0.008009375000000001,0.01581875,0.0,1.1850158083340218e-06,2.992659425616081,412522546.9235109,nan,472.59942169999704,,,D=union_ij D_ij; evaluate the complete parent-v54 amplitude on every x/t leaf; sum integrated uppers and minimize lowers
leaf,PASS,4,64,0,2,0.8572051848104696,0.8572227910585785,0.01581875,0.023628125,0.0,4.461684862146606e-07,9.455883926953577,1.1828653323492244e+18,nan,668.0659778000554,,,D=union_ij D_ij; evaluate the complete parent-v54 amplitude on every x/t leaf; sum integrated uppers and minimize lowers
leaf,PASS,4,64,0,3,0.8572051848104696,0.8572227910585785,0.023628125,0.0314375,0.0,5.261639489163019e-06,7.7499970210410565,79146011131951.39,nan,746.6735621000407,,,D=union_ij D_ij; evaluate the complete parent-v54 amplitude on every x/t leaf; sum integrated uppers and minimize lowers
leaf,PASS,4,64,0,4,0.8572051848104696,0.8572227910585785,0.0314375,0.039246875,0.0,9.397409962490523e-06,2.895774726809507,5350895314.8905115,nan,811.8246652000817,,,D=union_ij D_ij; evaluate the complete parent-v54 amplitude on every x/t leaf; sum integrated uppers and minimize lowers
leaf,PASS,4,64,0,5,0.8572051848104696,0.8572227910585785,0.039246875,0.04705625,2.5329792120933254e-06,2.5329792120933254e-06,1.3848438908836502,303971217956.51245,nan,837.9389778000768,,,D=union_ij D_ij; evaluate the complete parent-v54 amplitude on every x/t leaf; sum integrated uppers and minimize lowers
leaf,PASS,4,64,0,6,0.8572051848104696,0.8572227910585785,0.04705625,0.054865625,7.782404092515774e-06,7.782404092515774e-06,2.0741788321877475,172323533.58574146,nan,864.5378224001033,,,D=union_ij D_ij; evaluate the complete parent-v54 amplitude on every x/t leaf; sum integrated uppers and minimize lowers
leaf,PASS,4,64,0,7,0.8572051848104696,0.8572227910585785,0.054865625,0.06267500000000001,1.2496011603546461e-05,1.2496011603546461e-05,2.5506492221781025,4986577.184117847,nan,890.8326033999911,,,D=union_ij D_ij; evaluate the complete parent-v54 amplitude on every x/t leaf; sum integrated uppers and minimize lowers
leaf,PASS,4,64,0,8,0.8572051848104696,0.8572227910585785,0.06267500000000001,0.07048437500000002,1.688184314799516e-05,1.688184314799516e-05,0.4949839743998262,54511577.22165586,nan,897.537788100075,,,D=union_ij D_ij; evaluate the complete parent-v54 amplitude on every x/t leaf; sum integrated uppers and minimize lowers
leaf,PASS,4,64,0,9,0.8572051848104696,0.8572227910585785,0.07048437500000002,0.07829375000000001,2.105385718106666e-05,1.1309744585046917e-05,3.02052411197287,91944135.59672906,nan,904.2982836000156,,,D=union_ij D_ij; evaluate the complete parent-v54 amplitude on every x/t leaf; sum integrated uppers and minimize lowers
leaf,PASS,4,64,0,10,0.8572051848104696,0.8572227910585785,0.07829375000000001,0.086103125,2.5079474120291894e-05,2.5079474120291894e-05,10.159676918579956,2203540.509510538,nan,907.5067800000543,,,D=union_ij D_ij; evaluate the complete parent-v54 amplitude on every x/t leaf; sum integrated uppers and minimize lowers
leaf,PASS,4,64,0,11,0.8572051848104696,0.8572227910585785,0.086103125,0.09391250000000001,2.9000997854211756e-05,2.9000997854211756e-05,12.722375787059901,146627216249132.66,nan,910.6941665000049,,,D=union_ij D_ij; evaluate the complete parent-v54 amplitude on every x/t leaf; sum integrated uppers and minimize lowers
leaf,PASS,4,64,0,12,0.8572051848104696,0.8572227910585785,0.09391250000000001,0.10172187500000002,3.284659959117288e-05,7.603644257055665e-05,14.559934030050266,5790369.391997207,nan,914.262913200073,,,D=union_ij D_ij; evaluate the complete parent-v54 amplitude on every x/t leaf; sum integrated uppers and minimize lowers
leaf,PASS,4,64,0,13,0.8572051848104696,0.8572227910585785,0.10172187500000002,0.10953125000000001,3.664148695905703e-05,9.621482938286791e-05,16.239709199217746,551367.6281067337,nan,917.3948696000734,,,D=union_ij D_ij; evaluate the complete parent-v54 amplitude on every x/t leaf; sum integrated uppers and minimize lowers
leaf,PASS,4,64,0,14,0.8572051848104696,0.8572227910585785,0.10953125000000001,0.117340625,4.039728368906404e-05,0.00011594868358063499,17.68293337753375,112240.0755143437,nan,920.4474831999978,,,D=union_ij D_ij; evaluate the complete parent-v54 amplitude on every x/t leaf; sum integrated uppers and minimize lowers
leaf,PASS,4,64,0,15,0.8572051848104696,0.8572227910585785,0.117340625,0.12515,4.412056836879352e-05,0.00013533094657201767,18.86225698048925,32885.630177433755,nan,923.5582129000686,,,D=union_ij D_ij; evaluate the complete parent-v54 amplitude on every x/t leaf; sum integrated uppers and minimize lowers
leaf,PASS,4,64,0,16,0.8572051848104696,0.8572227910585785,0.12515,0.13295937500000002,4.781688390069011e-05,0.0001544298762490215,19.806173373301878,12066.257204694375,nan,926.6918230000883,,,D=union_ij D_ij; evaluate the complete parent-v54 amplitude on every x/t leaf; sum integrated uppers and minimize lowers
leaf,PASS,4,64,0,17,0.8572051848104696,0.8572227910585785,0.13295937500000002,0.14076875000000003,5.149080998288114e-05,0.0001732971689510205,20.553390278555156,5173.923651651277,nan,929.713492800016,,,D=union_ij D_ij; evaluate the complete parent-v54 amplitude on every x/t leaf; sum integrated uppers and minimize lowers
leaf,PASS,4,64,0,18,0.8572051848104696,0.8572227910585785,0.14076875000000003,0.148578125,5.514563826320628e-05,0.0001919735417944313,21.139939764887714,2489.172711774563,nan,933.3934868000215,,,D=union_ij D_ij; evaluate the complete parent-v54 amplitude on every x/t leaf; sum integrated uppers and minimize lowers
leaf,PASS,4,64,0,19,0.8572051848104696,0.8572227910585785,0.148578125,0.1563875,5.878456934890937e-05,0.00021049079547894606,21.596197509826247,1308.9382427165897,nan,937.2553294000681,,,D=union_ij D_ij; evaluate the complete parent-v54 amplitude on every x/t leaf; sum integrated uppers and minimize lowers
leaf,PASS,4,64,0,20,0.8572051848104696,0.8572227910585785,0.1563875,0.16419687500000002,6.241037282159312e-05,0.00022887410806331934,21.946873790846546,738.9101946215219,nan,940.3708251999924,,,D=union_ij D_ij; evaluate the complete parent-v54 amplitude on every x/t leaf; sum integrated uppers and minimize lowers
leaf,PASS,4,64,0,21,0.8572051848104696,0.8572227910585785,0.16419687500000002,0.17200625,6.602507008294703e-05,0.00024714374257837804,22.211819336952644,442.00560679409256,nan,943.4703636000631,,,D=union_ij D_ij; evaluate the complete parent-v54 amplitude on every x/t leaf; sum integrated uppers and minimize lowers
leaf,PASS,4,64,0,22,0.8572051848104696,0.8572227910585785,0.17200625,0.179815625,6.963036911262632e-05,0.00026531617536050013,22.40693279259543,277.4650240190936,nan,946.7269857000792,,,D=union_ij D_ij; evaluate the complete parent-v54 amplitude on every x/t leaf; sum integrated uppers and minimize lowers
leaf,PASS,4,64,0,23,0.8572051848104696,0.8572227910585785,0.179815625,0.18762500000000001,7.322763122804413e-05,0.00028340492893140186,22.544965870255098,181.4219764126718,nan,949.758595500025,,,D=union_ij D_ij; evaluate the complete parent-v54 amplitude on every x/t leaf; sum integrated uppers and minimize lowers
leaf,PASS,4,64,0,24,0.8572051848104696,0.8572227910585785,0.18762500000000001,0.19543437500000002,7.681798806002753e-05,0.0003014211956478703,22.636182771958985,122.835183085353,nan,952.904602900031,,,D=union_ij D_ij; evaluate the complete parent-v54 amplitude on every x/t leaf; sum integrated uppers and minimize lowers
leaf,PASS,4,64,0,25,0.8572051848104696,0.8572227910585785,0.19543437500000002,0.20324375000000003,8.040238535531711e-05,0.00031937431078528074,22.688883032701394,85.7163880584275,nan,956.0240403000498,,,D=union_ij D_ij; evaluate the complete parent-v54 amplitude on every x/t leaf; sum integrated uppers and minimize lowers
leaf,PASS,4,64,0,26,0.8572051848104696,0.8572227910585785,0.20324375000000003,0.211053125,8.398161758508937e-05,0.00033727208659259817,22.70981062344692,61.41176363181072,nan,959.0304835001007,,,D=union_ij D_ij; evaluate the complete parent-v54 amplitude on every x/t leaf; sum integrated uppers and minimize lowers
leaf,PASS,4,64,0,27,0.8572051848104696,0.8572227910585785,0.211053125,0.21886250000000002,8.75563554160777e-05,0.0003551211802007046,22.704472924080612,45.03122971575188,nan,962.237932600081,,,D=union_ij D_ij; evaluate the complete parent-v54 amplitude on every x/t leaf; sum integrated uppers and minimize lowers
leaf,PASS,4,64,0,28,0.8572051848104696,0.8572227910585785,0.21886250000000002,0.22667187500000002,9.112716763068231e-05,0.0003729272335741206,22.677389261703144,33.705892787270884,nan,965.3550112000667,,,D=union_ij D_ij; evaluate the complete parent-v54 amplitude on every x/t leaf; sum integrated uppers and minimize lowers
leaf,PASS,4,64,0,29,0.8572051848104696,0.8572227910585785,0.22667187500000002,0.23448125,9.469453871433936e-05,0.00039069459926898266,22.632284688515195,25.69595300258503,nan,968.3945251000114,,,D=union_ij D_ij; evaluate the complete parent-v54 amplitude on every x/t leaf; sum integrated uppers and minimize lowers
leaf,PASS,4,64,0,30,0.8572051848104696,0.8572227910585785,0.23448125,0.242290625,9.825888304551809e-05,0.00040842756086925235,22.572244543091575,19.91445120785515,nan,972.0154525000835,,,D=union_ij D_ij; evaluate the complete parent-v54 amplitude on every x/t leaf; sum integrated uppers and minimize lowers
leaf,PASS,4,64,0,31,0.8572051848104696,0.8572227910585785,0.242290625,0.2501,0.00010182055559419059,0.0004261296735040012,22.499796027715192,15.664732205245652,nan,975.2005152000347,,,D=union_ij D_ij; evaluate the complete parent-v54 amplitude on every x/t leaf; sum integrated uppers and minimize lowers
leaf,PASS,4,64,0,32,0.8572051848104696,0.8572227910585785,0.2501,0.257909375,0.00010537986190446088,0.0004438044766048907,22.417120639341018,12.488405239931033,nan,978.2444544000318,,,D=union_ij D_ij; evaluate the complete parent-v54 amplitude on every x/t leaf; sum integrated uppers and minimize lowers
leaf,PASS,4,64,0,33,0.8572051848104696,0.8572227910585785,0.257909375,0.26571875,0.00010893705969868419,0.0004614546767887952,22.32601242646597,10.078371968619068,nan,981.288358699996,,,D=union_ij D_ij; evaluate the complete parent-v54 amplitude on every x/t leaf; sum integrated uppers and minimize lowers
leaf,PASS,4,64,0,34,0.8572051848104696,0.8572227910585785,0.26571875,0.273528125,0.00011249238944986861,0.0004790826288914542,22.22797669261689,8.224510385212248,nan,984.5846626000712,,,D=union_ij D_ij; evaluate the complete parent-v54 amplitude on every x/t leaf; sum integrated uppers and minimize lowers
leaf,PASS,4,64,0,35,0.8572051848104696,0.8572227910585785,0.273528125,0.2813375,0.00011604605103739731,0.000496690399338374,22.124281625799863,6.780450841791816,nan,987.6906451000832,,,D=union_ij D_ij; evaluate the complete parent-v54 amplitude on every x/t leaf; sum integrated uppers and minimize lowers
leaf,PASS,4,64,0,36,0.8572051848104696,0.8572227910585785,0.2813375,0.28914687499999997,0.0001195982188251548,0.0005142798076017541,22.01599838019385,5.642973591304688,nan,990.7366488000844,,,D=union_ij D_ij; evaluate the complete parent-v54 amplitude on every x/t leaf; sum integrated uppers and minimize lowers
leaf,PASS,4,64,0,37,0.8572051848104696,0.8572227910585785,0.28914687499999997,0.29695625,0.0001231490453144569,0.0005318524608059741,21.904033731269696,4.737415085596286,nan,993.8792106000474,,,D=union_ij D_ij; evaluate the complete parent-v54 amplitude on every x/t leaf; sum integrated uppers and minimize lowers
leaf,PASS,4,64,0,38,0.8572051848104696,0.8572227910585785,0.29695625,0.304765625,0.00012669866420958895,0.0005494097827579206,21.78915680551005,4.009016199907528,nan,996.9676047000103,,,D=union_ij D_ij; evaluate the complete parent-v54 amplitude on every x/t leaf; sum integrated uppers and minimize lowers
leaf,PASS,4,64,0,39,0.8572051848104696,0.8572227910585785,0.304765625,0.312575,0.00013024719300085678,0.0005669530384146684,21.672021058193135,3.4177563296951057,nan,999.9744862000225,,,D=union_ij D_ij; evaluate the complete parent-v54 amplitude on every x/t leaf; sum integrated uppers and minimize lowers
leaf,PASS,4,64,0,40,0.8572051848104696,0.8572227910585785,0.312575,0.320384375,0.00013379473514952626,0.0005844833545973414,21.553182421454498,2.9337403683034267,nan,1003.0886259000981,,,D=union_ij D_ij; evaluate the complete parent-v54 amplitude on every x/t leaf; sum integrated uppers and minimize lowers
leaf,PASS,4,64,0,41,0.8572051848104696,0.8572227910585785,0.320384375,0.32819375,0.00013734132252981828,0.0006020017376024645,21.433114351345147,2.534384736678844,nan,1006.3303245001007,,,D=union_ij D_ij; evaluate the complete parent-v54 amplitude on every x/t leaf; sum integrated uppers and minimize lowers
leaf,PASS,4,64,0,42,0.8572051848104696,0.8572227910585785,0.32819375,0.336003125,0.00014088696801719524,0.0006195090882307295,21.312220351447642,2.2024520762057165,nan,1009.3551830000943,,,D=union_ij D_ij; evaluate the complete parent-v54 amplitude on every x/t leaf; sum integrated uppers and minimize lowers
leaf,PASS,4,64,0,43,0.8572051848104696,0.8572227910585785,0.336003125,0.34381249999999997,0.00014443181535301374,0.0006370062146651434,21.190844435460654,1.9246583806021347,nan,1012.420426000026,,,D=union_ij D_ij; evaluate the complete parent-v54 amplitude on every x/t leaf; sum integrated uppers and minimize lowers
leaf,PASS,4,64,0,44,0.8572051848104696,0.8572227910585785,0.34381249999999997,0.351621875,0.00014797598907410726,0.0006544938434270857,21.06927989671891,1.6906748481896476,nan,1015.5239326000446,,,D=union_ij D_ij; evaluate the complete parent-v54 amplitude on every x/t leaf; sum integrated uppers and minimize lowers
leaf,PASS,4,64,0,45,0.8572051848104696,0.8572227910585785,0.351621875,0.35943125,0.0001515195399413239,0.0006719726292276783,20.947776686972407,1.4923992769304268,nan,1018.6518615999958,,,D=union_ij D_ij; evaluate the complete parent-v54 amplitude on every x/t leaf; sum integrated uppers and minimize lowers
leaf,PASS,4,64,0,46,0.8572051848104696,0.8572227910585785,0.35943125,0.367240625,0.00015506252453377555,0.000689443163044328,20.826547645421055,1.3234240691104755,nan,1021.7691011000425,,,D=union_ij D_ij; evaluate the complete parent-v54 amplitude on every x/t leaf; sum integrated uppers and minimize lowers
leaf,PASS,4,64,0,47,0.8572051848104696,0.8572227910585785,0.367240625,0.37505,0.00015860498708052077,0.000706905979256234,20.705773760772257,1.1786478506865254,nan,1024.898405999993,,,D=union_ij D_ij; evaluate the complete parent-v54 amplitude on every x/t leaf; sum integrated uppers and minimize lowers
leaf,PASS,4,64,0,48,0.8572051848104696,0.8572227910585785,0.37505,0.382859375,0.00016214696698949033,0.0007243615619516366,20.58560864346544,1.054013918489078,nan,1027.9095293000573,,,D=union_ij D_ij; evaluate the complete parent-v54 amplitude on every x/t leaf; sum integrated uppers and minimize lowers
leaf,PASS,4,64,0,49,0.8572051848104696,0.8572227910585785,0.382859375,0.39066875,0.00016568849940840964,0.0007418103503880636,20.466182331350012,0.946178485253765,nan,1030.942165000015,,,D=union_ij D_ij; evaluate the complete parent-v54 amplitude on every x/t leaf; sum integrated uppers and minimize lowers
leaf,PASS,4,64,0,50,0.8572051848104696,0.8572227910585785,0.39066875,0.398478125,0.00016922961571365475,0.0007592527437737086,20.347604535932017,0.8524947942551657,nan,1034.0262957999948,,,D=union_ij D_ij; evaluate the complete parent-v54 amplitude on every x/t leaf; sum integrated uppers and minimize lowers
leaf,PASS,4,64,0,51,0.8572051848104696,0.8572227910585785,0.398478125,0.4062875,0.0001727703439373029,0.0007766891054651839,20.229967418702188,0.7707573694404564,nan,1037.0851560001029,,,D=union_ij D_ij; evaluate the complete parent-v54 amplitude on every x/t leaf; sum integrated uppers and minimize lowers
leaf,PASS,4,64,0,52,0.8572051848104696,0.8572227910585785,0.4062875,0.414096875,0.00017631070914103203,0.0007941197666620391,20.113347971013532,0.6992085413898596,nan,1040.060468700016,,,D=union_ij D_ij; evaluate the complete parent-v54 amplitude on every x/t leaf; sum integrated uppers and minimize lowers
leaf,PASS,4,64,0,53,0.8572051848104696,0.8572227910585785,0.414096875,0.42190625,0.00017985073374418922,0.0008115450296661053,19.99781005854287,0.6363539106651083,nan,1043.107262500096,,,D=union_ij D_ij; evaluate the complete parent-v54 amplitude on every x/t leaf; sum integrated uppers and minimize lowers
leaf,PASS,4,64,0,54,0.8572051848104696,0.8572227910585785,0.42190625,0.429715625,0.00018339043781224047,0.0008289651707634972,19.88340618120626,0.5808404695435188,nan,1046.224050500081,,,D=union_ij D_ij; evaluate the complete parent-v54 amplitude on every x/t leaf; sum integrated uppers and minimize lowers
leaf,PASS,4,64,0,55,0.8572051848104696,0.8572227910585785,0.429715625,0.437525,0.0001869298393108861,0.000846380442778533,19.851925611456664,0.5294512690853732,nan,1049.534908200032,,,D=union_ij D_ij; evaluate the complete parent-v54 amplitude on every x/t leaf; sum integrated uppers and minimize lowers
leaf,PASS,4,64,0,56,0.8572051848104696,0.8572227910585785,0.437525,0.445334375,0.00019046895433035387,0.0008637910773417023,19.946891081969866,0.480829486562832,nan,1052.707337400061,,,D=union_ij D_ij; evaluate the complete parent-v54 amplitude on every x/t leaf; sum integrated uppers and minimize lowers
leaf,PASS,4,64,0,57,0.8572051848104696,0.8572227910585785,0.445334375,0.45314375,0.00019400779728372727,0.0008811972869077659,20.01293713877433,0.4384255583206347,nan,1056.3169415000593,,,D=union_ij D_ij; evaluate the complete parent-v54 amplitude on every x/t leaf; sum integrated uppers and minimize lowers
leaf,PASS,4,64,0,58,0.8572051848104696,0.8572227910585785,0.45314375,0.460953125,0.00019754638108262032,0.0008985990958724741,20.054575394496098,0.4012232747016915,nan,1059.3005301000085,,,D=union_ij D_ij; evaluate the complete parent-v54 amplitude on every x/t leaf; sum integrated uppers and minimize lowers
leaf,PASS,4,64,0,59,0.8572051848104696,0.8572227910585785,0.460953125,0.46876249999999997,0.00020108471729304487,0.0009159967130984324,20.075560565447226,0.3684504090955664,nan,1062.4305355000542,,,D=union_ij D_ij; evaluate the complete parent-v54 amplitude on every x/t leaf; sum integrated uppers and minimize lowers
leaf,PASS,4,64,0,60,0.8572051848104696,0.8572227910585785,0.46876249999999997,0.476571875,0.00020462281627392452,0.0009333904435987885,20.079025847994707,0.3394494400963011,nan,1065.4923105000053,,,D=union_ij D_ij; evaluate the complete parent-v54 amplitude on every x/t leaf; sum integrated uppers and minimize lowers
leaf,PASS,4,64,0,61,0.8572051848104696,0.8572227910585785,0.476571875,0.48438125,0.0002081606873003759,0.0009507804392714382,20.0676520695042,0.31362713524490465,nan,1068.5892014000565,,,D=union_ij D_ij; evaluate the complete parent-v54 amplitude on every x/t leaf; sum integrated uppers and minimize lowers
leaf,PASS,4,64,0,62,0.8572051848104696,0.8572227910585785,0.48438125,0.492190625,0.00021169833867359196,0.0009681668401331635,20.04367497954408,0.2905410591167155,nan,1071.6576392001007,,,D=union_ij D_ij; evaluate the complete parent-v54 amplitude on every x/t leaf; sum integrated uppers and minimize lowers
leaf,PASS,4,64,0,63,0.8572051848104696,0.8572227910585785,0.492190625,0.5,0.0002152357778189221,0.0009855497753604944,20.008987995052216,0.2698234643496181,nan,1074.6895319999894,,,D=union_ij D_ij; evaluate the complete parent-v54 amplitude on every x/t leaf; sum integrated uppers and minimize lowers
leaf,PASS,4,64,1,0,0.8572227910585785,0.8572403973066873,0.0002,0.008009375000000001,0.0,3.762016124316594e-08,0.6393423379058154,32929487501.090736,nan,1933.6607974000508,,,D=union_ij D_ij; evaluate the complete parent-v54 amplitude on every x/t leaf; sum integrated uppers and minimize lowers
leaf,PASS,4,64,1,1,0.8572227910585785,0.8572403973066873,0.008009375000000001,0.01581875,0.0,6.865069133780223e-07,2.8803016651525635,939328486.6884564,nan,2239.664968100027,,,D=union_ij D_ij; evaluate the complete parent-v54 amplitude on every x/t leaf; sum integrated uppers and minimize lowers
leaf,PASS,4,64,1,2,0.8572227910585785,0.8572403973066873,0.01581875,0.023628125,0.0,3.1032678721210885e-07,9.45454515377871,4.109087344826733e+18,nan,2499.65176040004,,,D=union_ij D_ij; evaluate the complete parent-v54 amplitude on every x/t leaf; sum integrated uppers and minimize lowers
leaf,PASS,4,64,1,3,0.8572227910585785,0.8572403973066873,0.023628125,0.0314375,0.0,5.096862790813926e-06,7.74832307234623,88040584036178.45,nan,2613.579506500042,,,D=union_ij D_ij; evaluate the complete parent-v54 amplitude on every x/t leaf; sum integrated uppers and minimize lowers
leaf,PASS,4,64,1,4,0.8572227910585785,0.8572403973066873,0.0314375,0.039246875,0.0,9.208065165661012e-06,2.8932892423073766,5749324799.175105,nan,2713.0773774000118,,,D=union_ij D_ij; evaluate the complete parent-v54 amplitude on every x/t leaf; sum integrated uppers and minimize lowers
leaf,PASS,4,64,1,5,0.8572227910585785,0.8572403973066873,0.039246875,0.04705625,2.3331115332501186e-06,2.3331115332501186e-06,1.384342842996492,419449736080.70306,nan,2819.1116863000207,,,D=union_ij D_ij; evaluate the complete parent-v54 amplitude on every x/t leaf; sum integrated uppers and minimize lowers
leaf,PASS,4,64,1,6,0.8572227910585785,0.8572403973066873,0.04705625,0.054865625,7.561743220676751e-06,7.561743220676751e-06,2.073679366421067,191807827.0914137,nan,2908.499079100089,,,D=union_ij D_ij; evaluate the complete parent-v54 amplitude on every x/t leaf; sum integrated uppers and minimize lowers
leaf,PASS,4,64,1,7,0.8572227910585785,0.8572403973066873,0.054865625,0.06267500000000001,1.2256400285605143e-05,1.2256400285605143e-05,2.5501585308154127,5342865.978957486,nan,2949.6606409000233,,,D=union_ij D_ij; evaluate the complete parent-v54 amplitude on every x/t leaf; sum integrated uppers and minimize lowers
leaf,PASS,4,64,1,8,0.8572227910585785,0.8572403973066873,0.06267500000000001,0.07048437500000002,1.6624707052922394e-05,1.6624707052922394e-05,0.4883717120574478,58218179.06944158,nan,2962.1317266999977,,,D=union_ij D_ij; evaluate the complete parent-v54 amplitude on every x/t leaf; sum integrated uppers and minimize lowers
leaf,PASS,4,64,1,9,0.8572227910585785,0.8572403973066873,0.07048437500000002,0.07829375000000001,2.078034279069174e-05,9.878425986262923e-06,3.0200406459818625,122582771.88911527,nan,2975.3625870000105,,,D=union_ij D_ij; evaluate the complete parent-v54 amplitude on every x/t leaf; sum integrated uppers and minimize lowers
leaf,PASS,4,64,1,10,0.8572227910585785,0.8572403973066873,0.07829375000000001,0.086103125,2.4790529992352e-05,2.4790529992352e-05,10.157215918144095,2445769.4660936445,nan,2980.7649414000334,,,D=union_ij D_ij; evaluate the complete parent-v54 amplitude on every x/t leaf; sum integrated uppers and minimize lowers
leaf,PASS,4,64,1,11,0.8572227910585785,0.8572403973066873,0.086103125,0.09391250000000001,2.86974260928543e-05,2.86974260928543e-05,12.72102939856645,115917607781767.31,nan,2984.9921148000285,,,D=union_ij D_ij; evaluate the complete parent-v54 amplitude on every x/t leaf; sum integrated uppers and minimize lowers
leaf,PASS,4,64,1,12,0.8572227910585785,0.8572403973066873,0.09391250000000001,0.10172187500000002,3.253235461377366e-05,7.43951280218277e-05,14.559153529272239,6046569.097749183,nan,2989.5435337000526,,,D=union_ij D_ij; evaluate the complete parent-v54 amplitude on every x/t leaf; sum integrated uppers and minimize lowers
leaf,PASS,4,64,1,13,0.8572227910585785,0.8572403973066873,0.10172187500000002,0.10953125000000001,3.631928470024546e-05,9.450934295864244e-05,16.239340894604425,571360.0006183721,nan,2993.8131562999915,,,D=union_ij D_ij; evaluate the complete parent-v54 amplitude on every x/t leaf; sum integrated uppers and minimize lowers
leaf,PASS,4,64,1,14,0.8572227910585785,0.8572403973066873,0.10953125000000001,0.117340625,4.0066470942052756e-05,0.00011418140026166612,17.68302611089027,115734.05536392177,nan,2998.508955800091,,,D=union_ij D_ij; evaluate the complete parent-v54 amplitude on every x/t leaf; sum integrated uppers and minimize lowers
leaf,PASS,4,64,1,15,0.8572227910585785,0.8572403973066873,0.117340625,0.12515,4.3780752830258315e-05,0.000133504002155374,18.86276586791612,33791.5176983965,nan,3004.820062700077,,,D=union_ij D_ij; evaluate the complete parent-v54 amplitude on every x/t leaf; sum integrated uppers and minimize lowers
leaf,PASS,4,64,1,16,0.8572227910585785,0.8572403973066873,0.12515,0.13295937500000002,4.746784044207041e-05,0.00015254478621426633,19.807035466892607,12366.724775953906,nan,3009.0492320000194,,,D=union_ij D_ij; evaluate the complete parent-v54 amplitude on every x/t leaf; sum integrated uppers and minimize lowers
leaf,PASS,4,64,1,17,0.8572227910585785,0.8572403973066873,0.13295937500000002,0.14076875000000003,5.113242379890388e-05,0.0001713561016193559,20.554546082059595,5292.10275359053,nan,3013.3467682000482,,,D=union_ij D_ij; evaluate the complete parent-v54 amplitude on every x/t leaf; sum integrated uppers and minimize lowers
leaf,PASS,4,64,1,18,0.8572227910585785,0.8572403973066873,0.14076875000000003,0.148578125,5.477795860493795e-05,0.00018997811192187497,21.141338232867923,2541.930657017209,nan,3017.652910200064,,,D=union_ij D_ij; evaluate the complete parent-v54 amplitude on every x/t leaf; sum integrated uppers and minimize lowers
leaf,PASS,4,64,1,19,0.8572227910585785,0.8572403973066873,0.148578125,0.1563875,5.8407505766971705e-05,0.00020844248985265587,21.597796293640922,1334.9130580566584,nan,3021.207653200021,,,D=union_ij D_ij; evaluate the complete parent-v54 amplitude on every x/t leaf; sum integrated uppers and minimize lowers
leaf,PASS,4,64,1,20,0.8572227910585785,0.8572403973066873,0.1563875,0.16419687500000002,6.202399803262735e-05,0.00022677430160395604,21.94863814535994,752.7376759805336,nan,3025.0319407000206,,,D=union_ij D_ij; evaluate the complete parent-v54 amplitude on every x/t leaf; sum integrated uppers and minimize lowers
leaf,PASS,4,64,1,21,0.8572227910585785,0.8572403973066873,0.16419687500000002,0.17200625,6.562941214614911e-05,0.0002449937117817226,22.213720811690113,449.85138444710833,nan,3028.532513800077,,,D=union_ij D_ij; evaluate the complete parent-v54 amplitude on every x/t leaf; sum integrated uppers and minimize lowers
leaf,PASS,4,64,1,22,0.8572227910585785,0.8572403973066873,0.17200625,0.179815625,6.922551282371466e-05,0.0002631171095798181,22.408948041821183,282.15932221992875,nan,3032.034714300069,,,D=union_ij D_ij; evaluate the complete parent-v54 amplitude on every x/t leaf; sum integrated uppers and minimize lowers
leaf,PASS,4,64,1,23,0.8572227910585785,0.8572403973066873,0.179815625,0.18762500000000001,7.281367123421351e-05,0.000281157939927038,22.547075660668384,184.35944045850127,nan,3035.462853600038,,,D=union_ij D_ij; evaluate the complete parent-v54 amplitude on every x/t leaf; sum integrated uppers and minimize lowers
leaf,PASS,4,64,1,24,0.8572227910585785,0.8572403973066873,0.18762500000000001,0.19543437500000002,7.639502527558493e-05,0.0002991273257319351,22.638371182716277,124.74511575275952,nan,3038.859870700049,,,D=union_ij D_ij; evaluate the complete parent-v54 amplitude on every x/t leaf; sum integrated uppers and minimize lowers
leaf,PASS,4,64,1,25,0.8572227910585785,0.8572403973066873,0.19543437500000002,0.20324375000000003,7.997052440222589e-05,0.000317034539816523,22.69113681898527,87.0001688614326,nan,3042.0522192000644,,,D=union_ij D_ij; evaluate the complete parent-v54 amplitude on every x/t leaf; sum integrated uppers and minimize lowers
leaf,PASS,4,64,1,26,0.8572227910585785,0.8572403973066873,0.20324375000000003,0.211053125,8.35409649556297e-05,0.0003348873379937159,22.71211871202738,62.299962386745996,nan,3045.2401985999895,,,D=union_ij D_ij; evaluate the complete parent-v54 amplitude on every x/t leaf; sum integrated uppers and minimize lowers
leaf,PASS,4,64,1,27,0.8572227910585785,0.8572403973066873,0.211053125,0.21886250000000002,8.710701815060972e-05,0.00035269232629990993,22.706826013315556,45.66156862430856,nan,3048.511284200009,,,D=union_ij D_ij; evaluate the complete parent-v54 amplitude on every x/t leaf; sum integrated uppers and minimize lowers
leaf,PASS,4,64,1,28,0.8572227910585785,0.8572403973066873,0.21886250000000002,0.22667187500000002,9.06692523667734e-05,0.0003704551001136024,22.679779502943585,34.16343613901226,nan,3051.768817400094,,,D=union_ij D_ij; evaluate the complete parent-v54 amplitude on every x/t leaf; sum integrated uppers and minimize lowers
leaf,PASS,4,64,1,29,0.8572227910585785,0.8572403973066873,0.22667187500000002,0.23448125,9.422815100605912e-05,0.0003881799692356445,22.63470543096116,26.034817271195944,nan,3055.122386300005,,,D=union_ij D_ij; evaluate the complete parent-v54 amplitude on every x/t leaf; sum integrated uppers and minimize lowers
leaf,PASS,4,64,1,30,0.8572227910585785,0.8572403973066873,0.23448125,0.242290625,9.77841268807684e-05,0.000405871178712659,22.57469013031022,20.169986379947698,nan,3058.320671900059,,,D=union_ij D_ij; evaluate the complete parent-v54 amplitude on every x/t leaf; sum integrated uppers and minimize lowers
leaf,PASS,4,64,1,31,0.8572227910585785,0.8572403973066873,0.242290625,0.2501,0.00010133753306044063,0.00042353224849204856,22.502261787264114,15.860589484184214,nan,3061.494031700073,,,D=union_ij D_ij; evaluate the complete parent-v54 amplitude on every x/t leaf; sum integrated uppers and minimize lowers
leaf,PASS,4,64,1,32,0.8572227910585785,0.8572403973066873,0.2501,0.257909375,0.00010488867371448562,0.0004411666833518191,22.419602267380945,12.640747185866022,nan,3065.013120700023,,,D=union_ij D_ij; evaluate the complete parent-v54 amplitude on every x/t leaf; sum integrated uppers and minimize lowers
leaf,PASS,4,64,1,33,0.8572227910585785,0.8572403973066873,0.257909375,0.26571875,0.00010843780158085718,0.0004587771602848681,22.328506373059714,10.198461299143876,nan,3068.394183100085,,,D=union_ij D_ij; evaluate the complete parent-v54 amplitude on every x/t leaf; sum integrated uppers and minimize lowers
leaf,PASS,4,64,1,34,0.8572227910585785,0.8572403973066873,0.26571875,0.273528125,0.000111985156850113,0.0004763660058939916,22.230479900959285,8.320337090084886,nan,3071.972875100095,,,D=union_ij D_ij; evaluate the complete parent-v54 amplitude on every x/t leaf; sum integrated uppers and minimize lowers
leaf,PASS,4,64,1,35,0.8572227910585785,0.8572403973066873,0.273528125,0.2813375,0.00011553093697273249,0.00049393526039579,22.126791457617585,6.85777572902947,nan,3075.595953400014,,,D=union_ij D_ij; evaluate the complete parent-v54 amplitude on every x/t leaf; sum integrated uppers and minimize lowers
leaf,PASS,4,64,1,36,0.8572227910585785,0.8572403973066873,0.2813375,0.28914687499999997,0.00011907531387579819,0.0005114867188797954,22.018512553824543,5.705903616255594,nan,3078.817424500012,,,D=union_ij D_ij; evaluate the complete parent-v54 amplitude on every x/t leaf; sum integrated uppers and minimize lowers
leaf,PASS,4,64,1,37,0.8572227910585785,0.8572403973066873,0.28914687499999997,0.29695625,0.00012261843763986677,0.0005290219657403492,21.90655027002293,4.789211859090943,nan,3082.0528833999997,,,D=union_ij D_ij; evaluate the complete parent-v54 amplitude on every x/t leaf; sum integrated uppers and minimize lowers
leaf,PASS,4,64,1,38,0.8572227910585785,0.8572403973066873,0.29695625,0.304765625,0.0001261604395819949,0.0005465424035539889,21.79167399440918,4.0520232717246465,nan,3085.899306900101,,,D=union_ij D_ij; evaluate the complete parent-v54 amplitude on every x/t leaf; sum integrated uppers and minimize lowers
leaf,PASS,4,64,1,39,0.8572227910585785,0.8572403973066873,0.304765625,0.312575,0.00012970143485138417,0.0005640492774119288,21.67453740758314,3.4537552793662667,nan,3089.099181000027,,,D=union_ij D_ij; evaluate the complete parent-v54 amplitude on every x/t leaf; sum integrated uppers and minimize lowers
leaf,PASS,4,64,1,40,0.8572227910585785,0.8572403973066873,0.312575,0.320384375,0.00013324152462319678,0.0005815436955140023,21.55569663626076,2.9641003428973414,nan,3092.2382548000896,,,D=union_ij D_ij; evaluate the complete parent-v54 amplitude on every x/t leaf; sum integrated uppers and minimize lowers
leaf,PASS,4,64,1,41,0.8572227910585785,0.8572403973066873,0.320384375,0.32819375,0.00013678079795962118,0.0005990266466733302,21.435625305007065,2.5601685925760207,nan,3095.776628700085,,,D=union_ij D_ij; evaluate the complete parent-v54 amplitude on every x/t leaf; sum integrated uppers and minimize lowers
leaf,PASS,4,64,1,42,0.8572227910585785,0.8572403973066873,0.32819375,0.336003125,0.00014031933339423642,0.0006164990152498778,21.31472706373359,2.22449272901392,nan,3098.9594555000076,,,D=union_ij D_ij; evaluate the complete parent-v54 amplitude on every x/t leaf; sum integrated uppers and minimize lowers
leaf,PASS,4,64,1,43,0.8572227910585785,0.8572403973066873,0.336003125,0.34381249999999997,0.00014385709522520983,0.0006339615939434077,21.193346053521296,1.9436143248067208,nan,3102.975563700078,,,D=union_ij D_ij; evaluate the complete parent-v54 amplitude on every x/t leaf; sum integrated uppers and minimize lowers
leaf,PASS,4,64,1,44,0.8572227910585785,0.8572403973066873,0.34381249999999997,0.351621875,0.00014739416690232583,0.0006514150946738034,21.071775678620178,1.7070707030869772,nan,3106.3531684000045,,,D=union_ij D_ij; evaluate the complete parent-v54 amplitude on every x/t leaf; sum integrated uppers and minimize lowers
leaf,PASS,4,64,1,45,0.8572227910585785,0.8572403973066873,0.351621875,0.35943125,0.00015093065376699764,0.0006688601583608235,20.95026598769574,1.5066571071866142,nan,3109.5094562000595,,,D=union_ij D_ij; evaluate the complete parent-v54 amplitude on every x/t leaf; sum integrated uppers and minimize lowers
leaf,PASS,4,64,1,46,0.8572227910585785,0.8572403973066873,0.35943125,0.367240625,0.00015446660444353816,0.0006862973629429162,20.82902990639931,1.3358848112616102,nan,3112.668905300088,,,D=union_ij D_ij; evaluate the complete parent-v54 amplitude on every x/t leaf; sum integrated uppers and minimize lowers
leaf,PASS,4,64,1,47,0.8572227910585785,0.8572403973066873,0.367240625,0.37505,0.00015800210096296395,0.0007037272304538106,20.7082484974198,1.1895898491004968,nan,3115.8625743000302,,,D=union_ij D_ij; evaluate the complete parent-v54 amplitude on every x/t leaf; sum integrated uppers and minimize lowers
leaf,PASS,4,64,1,48,0.8572227910585785,0.8572403973066873,0.37505,0.382859375,0.0001615371809239137,0.0007211502332797094,20.588075436942248,1.0636649411723222,nan,3119.0223141000606,,,D=union_ij D_ij; evaluate the complete parent-v54 amplitude on every x/t leaf; sum integrated uppers and minimize lowers
leaf,PASS,4,64,1,49,0.8572227910585785,0.8572403973066873,0.382859375,0.39066875,0.00016507187773211142,0.0007385667995734386,20.468640820725305,0.9547271639262691,nan,3122.229692700086,,,D=union_ij D_ij; evaluate the complete parent-v54 amplitude on every x/t leaf; sum integrated uppers and minimize lowers
leaf,PASS,4,64,1,50,0.8572227910585785,0.8572403973066873,0.39066875,0.398478125,0.00016860622108694283,0.0007559773179938946,20.35005441135702,0.8600791830027891,nan,3125.5940201000776,,,D=union_ij D_ij; evaluate the complete parent-v54 amplitude on every x/t leaf; sum integrated uppers and minimize lowers
leaf,PASS,4,64,1,51,0.8572227910585785,0.8572403973066873,0.398478125,0.4062875,0.000172140237406147,0.0007733821418655792,20.232408415448266,0.7775266938873375,nan,3128.724860800081,,,D=union_ij D_ij; evaluate the complete parent-v54 amplitude on every x/t leaf; sum integrated uppers and minimize lowers
leaf,PASS,4,64,1,52,0.8572227910585785,0.8572403973066873,0.4062875,0.414096875,0.00017567395019732403,0.000790781592838217,20.115779864254534,0.7051862005538965,nan,3131.881469200016,,,D=union_ij D_ij; evaluate the complete parent-v54 amplitude on every x/t leaf; sum integrated uppers and minimize lowers
leaf,PASS,4,64,1,53,0.8572227910585785,0.8572403973066873,0.414096875,0.42190625,0.00017920738038361251,0.0008081759641141745,20.000232658779286,0.6415462924107426,nan,3135.040686900029,,,D=union_ij D_ij; evaluate the complete parent-v54 amplitude on every x/t leaf; sum integrated uppers and minimize lowers
leaf,PASS,4,64,1,54,0.8572227910585785,0.8572403973066873,0.42190625,0.429715625,0.00018274054658977531,0.0008255655233012029,19.88581933024417,0.58535585844613,nan,3138.7648859000765,,,D=union_ij D_ij; evaluate the complete parent-v54 amplitude on every x/t leaf; sum integrated uppers and minimize lowers
leaf,PASS,4,64,1,55,0.8572227910585785,0.8572403973066873,0.429715625,0.437525,0.00018627346539399682,0.0008429505149395026,19.854247772462358,0.5334077056973135,nan,3141.941180200083,,,D=union_ij D_ij; evaluate the complete parent-v54 amplitude on every x/t leaf; sum integrated uppers and minimize lowers
leaf,PASS,4,64,1,56,0.8572227910585785,0.8572403973066873,0.437525,0.445334375,0.00018980615154991673,0.0008603311627449987,19.9492505649332,0.4843789419783198,nan,3145.217167100054,,,D=union_ij D_ij; evaluate the complete parent-v54 amplitude on every x/t leaf; sum integrated uppers and minimize lowers
leaf,PASS,4,64,1,57,0.8572227910585785,0.8572403973066873,0.445334375,0.45314375,0.00019333861818276869,0.0008777076716047046,20.01532697154353,0.4416236308855549,nan,3148.9356007000897,,,D=union_ij D_ij; evaluate the complete parent-v54 amplitude on every x/t leaf; sum integrated uppers and minimize lowers
leaf,PASS,4,64,1,58,0.8572227910585785,0.8572403973066873,0.45314375,0.460953125,0.0001968708769629401,0.0008950802293550259,20.056989679673105,0.40411582774565524,nan,3152.1167403000873,,,D=union_ij D_ij; evaluate the complete parent-v54 amplitude on every x/t leaf; sum integrated uppers and minimize lowers
leaf,PASS,4,64,1,59,0.8572227910585785,0.8572403973066873,0.460953125,0.46876249999999997,0.00020040293825980427,0.0009124487183134872,20.077994192204322,0.3710346787743788,nan,3155.5670616000425,,,D=union_ij D_ij; evaluate the complete parent-v54 amplitude on every x/t leaf; sum integrated uppers and minimize lowers
leaf,PASS,4,64,1,60,0.8572227910585785,0.8572403973066873,0.46876249999999997,0.476571875,0.00020393481127828057,0.00092981356560447,20.081474660679707,0.3417150758837814,nan,3158.7539014000213,,,D=union_ij D_ij; evaluate the complete parent-v54 amplitude on every x/t leaf; sum integrated uppers and minimize lowers
leaf,PASS,4,64,1,61,0.8572227910585785,0.8572403973066873,0.476571875,0.48438125,0.0002074665041802438,0.0009471749369070936,20.07011243382544,0.31568816154811735,nan,3161.9809174000984,,,D=union_ij D_ij; evaluate the complete parent-v54 amplitude on every x/t leaf; sum integrated uppers and minimize lowers
leaf,PASS,4,64,1,62,0.8572227910585785,0.8572403973066873,0.48438125,0.492190625,0.00021099802419261745,0.0009645329661202261,20.046143786421034,0.29242818375182544,nan,3165.419304500101,,,D=union_ij D_ij; evaluate the complete parent-v54 amplitude on every x/t leaf; sum integrated uppers and minimize lowers
leaf,PASS,4,64,1,63,0.8572227910585785,0.8572403973066873,0.492190625,0.5,0.00021452937770374437,0.000981887776544812,20.01146257958712,0.2715560435472001,nan,3168.9502260000445,,,D=union_ij D_ij; evaluate the complete parent-v54 amplitude on every x/t leaf; sum integrated uppers and minimize lowers
leaf,PASS,4,64,2,0,0.8572403973066873,0.8572580035547961,0.0002,0.008009375000000001,0.0,5.1212606307872234e-08,0.6279478010272799,115175804220.69427,nan,4234.829485199996,,,D=union_ij D_ij; evaluate the complete parent-v54 amplitude on every x/t leaf; sum integrated uppers and minimize lowers
leaf,PASS,4,64,2,1,0.8572403973066873,0.8572580035547961,0.008009375000000001,0.01581875,0.0,1.6096819479499755e-07,2.7677420642278703,13345222428.11835,nan,4581.359221699997,,,D=union_ij D_ij; evaluate the complete parent-v54 amplitude on every x/t leaf; sum integrated uppers and minimize lowers
leaf,PASS,4,64,2,2,0.8572403973066873,0.8572580035547961,0.01581875,0.023628125,0.0,1.744845179344117e-07,9.453206390760176,3.411519487059886e+19,nan,4794.196011500084,,,D=union_ij D_ij; evaluate the complete parent-v54 amplitude on every x/t leaf; sum integrated uppers and minimize lowers
leaf,PASS,4,64,2,3,0.8572403973066873,0.8572580035547961,0.023628125,0.0314375,0.0,4.932085407348744e-06,7.7466489634019755,98387537912678.7,nan,4875.251961300033,,,D=union_ij D_ij; evaluate the complete parent-v54 amplitude on every x/t leaf; sum integrated uppers and minimize lowers
leaf,PASS,4,64,2,4,0.8572403973066873,0.8572580035547961,0.0314375,0.039246875,0.0,9.018719587117556e-06,2.8908032064030587,6188927047.215244,nan,4943.805667000008,,,D=union_ij D_ij; evaluate the complete parent-v54 amplitude on every x/t leaf; sum integrated uppers and minimize lowers
leaf,PASS,4,64,2,5,0.8572403973066873,0.8572580035547961,0.039246875,0.04705625,2.133243023803486e-06,2.133243023803486e-06,1.383842286737727,596168798521.637,nan,4971.646911400021,,,D=union_ij D_ij; evaluate the complete parent-v54 amplitude on every x/t leaf; sum integrated uppers and minimize lowers
leaf,PASS,4,64,2,6,0.8572403973066873,0.8572580035547961,0.04705625,0.054865625,7.341081438897534e-06,7.341081438897534e-06,2.07318024555918,214245767.5835008,nan,5011.640364399995,,,D=union_ij D_ij; evaluate the complete parent-v54 amplitude on every x/t leaf; sum integrated uppers and minimize lowers
leaf,PASS,4,64,2,7,0.8572403973066873,0.8572580035547961,0.054865625,0.06267500000000001,1.2016787985852351e-05,1.2016787985852351e-05,2.5496681035210114,5733989.310302475,nan,5037.313722799998,,,D=union_ij D_ij; evaluate the complete parent-v54 amplitude on every x/t leaf; sum integrated uppers and minimize lowers
leaf,PASS,4,64,2,8,0.8572403973066873,0.8572580035547961,0.06267500000000001,0.07048437500000002,1.6367569910015065e-05,1.6367569910015065e-05,0.481761251673925,62252653.09183831,nan,5043.919916000101,,,D=union_ij D_ij; evaluate the complete parent-v54 amplitude on every x/t leaf; sum integrated uppers and minimize lowers
leaf,PASS,4,64,2,9,0.8572403973066873,0.8572580035547961,0.07048437500000002,0.07829375000000001,2.0506827291204437e-05,8.447100451912505e-06,3.0195573348582045,170586925.85425997,nan,5051.355507700006,,,D=union_ij D_ij; evaluate the complete parent-v54 amplitude on every x/t leaf; sum integrated uppers and minimize lowers
leaf,PASS,4,64,2,10,0.8572403973066873,0.8572580035547961,0.07829375000000001,0.086103125,2.4501584697974297e-05,2.4501584697974297e-05,3.117996262316417,2727347.4914611364,nan,5058.066689500003,,,D=union_ij D_ij; evaluate the complete parent-v54 amplitude on every x/t leaf; sum integrated uppers and minimize lowers
leaf,PASS,4,64,2,11,0.8572403973066873,0.8572580035547961,0.086103125,0.09391250000000001,2.8394146937947774e-05,2.8394146937947774e-05,12.719684426729765,93902332007969.11,nan,5061.49904070003,,,D=union_ij D_ij; evaluate the complete parent-v54 amplitude on every x/t leaf; sum integrated uppers and minimize lowers
leaf,PASS,4,64,2,12,0.8572403973066873,0.8572580035547961,0.09391250000000001,0.10172187500000002,3.222157143189789e-05,7.27538059260238e-05,14.558374778062282,6320263.765118095,nan,5064.6720290000085,,,D=union_ij D_ij; evaluate the complete parent-v54 amplitude on every x/t leaf; sum integrated uppers and minimize lowers
leaf,PASS,4,64,2,13,0.8572403973066873,0.8572580035547961,0.10172187500000002,0.10953125000000001,3.6000527163794314e-05,9.280384879475181e-05,16.23897412869843,592462.9664097005,nan,5067.911964400089,,,D=union_ij D_ij; evaluate the complete parent-v54 amplitude on every x/t leaf; sum integrated uppers and minimize lowers
leaf,PASS,4,64,2,14,0.8572403973066873,0.8572580035547961,0.10953125000000001,0.117340625,3.973907841785848e-05,0.00011241410901579091,17.683120264124152,119393.897253496,nan,5072.156036400003,,,D=union_ij D_ij; evaluate the complete parent-v54 amplitude on every x/t leaf; sum integrated uppers and minimize lowers
leaf,PASS,4,64,2,15,0.8572403973066873,0.8572580035547961,0.117340625,0.12515,4.3444330202704514e-05,0.00013167675784217997,18.863276090299056,34735.62792542241,nan,5076.310197600047,,,D=union_ij D_ij; evaluate the complete parent-v54 amplitude on every x/t leaf; sum integrated uppers and minimize lowers
leaf,PASS,4,64,2,16,0.8572403973066873,0.8572580035547961,0.12515,0.13295937500000002,4.7122161997841676e-05,0.00015065968788357617,19.807898827049964,12678.445624243479,nan,5081.047262000036,,,D=union_ij D_ij; evaluate the complete parent-v54 amplitude on every x/t leaf; sum integrated uppers and minimize lowers
leaf,PASS,4,64,2,17,0.8572403973066873,0.8572580035547961,0.13295937500000002,0.14076875000000003,5.077737523237543e-05,0.00016941502581893024,20.555703094271795,5414.329464522836,nan,5087.112107500085,,,D=union_ij D_ij; evaluate the complete parent-v54 amplitude on every x/t leaf; sum integrated uppers and minimize lowers
leaf,PASS,4,64,2,18,0.8572403973066873,0.8572580035547961,0.14076875000000003,0.148578125,5.441359145828767e-05,0.00018798267341216352,21.142737859518522,2596.3607608246543,nan,5091.902253300068,,,D=union_ij D_ij; evaluate the complete parent-v54 amplitude on every x/t leaf; sum integrated uppers and minimize lowers
leaf,PASS,4,64,2,19,0.8572403973066873,0.8572580035547961,0.148578125,0.1563875,5.803372942165334e-05,0.0002063941754250289,21.599396192344297,1361.6577132382274,nan,5100.793463100097,,,D=union_ij D_ij; evaluate the complete parent-v54 amplitude on every x/t leaf; sum integrated uppers and minimize lowers
leaf,PASS,4,64,2,20,0.8572403973066873,0.8572580035547961,0.1563875,0.16419687500000002,6.164089186926163e-05,0.0002246744861830763,21.950403576147238,766.9503346919186,nan,5112.318416499998,,,D=union_ij D_ij; evaluate the complete parent-v54 amplitude on every x/t leaf; sum integrated uppers and minimize lowers
leaf,PASS,4,64,2,21,0.8572403973066873,0.8572580035547961,0.16419687500000002,0.17200625,6.523699985855203e-05,0.00024284367186717557,22.21562332841932,457.9040426738948,nan,5119.558473900077,,,D=union_ij D_ij; evaluate the complete parent-v54 amplitude on every x/t leaf; sum integrated uppers and minimize lowers
leaf,PASS,4,64,2,22,0.8572403973066873,0.8572580035547961,0.17200625,0.179815625,6.882388024319618e-05,0.0002609180345284892,22.410964302420272,286.97141579371595,nan,5124.30168750009,,,D=union_ij D_ij; evaluate the complete parent-v54 amplitude on every x/t leaf; sum integrated uppers and minimize lowers
leaf,PASS,4,64,2,23,0.8572403973066873,0.8572580035547961,0.179815625,0.18762500000000001,7.240291427278464e-05,0.00027891094150271905,22.549186434953192,187.36729684130876,nan,5130.359126000083,,,D=union_ij D_ij; evaluate the complete parent-v54 amplitude on every x/t leaf; sum integrated uppers and minimize lowers
leaf,PASS,4,64,2,24,0.8572403973066873,0.8572580035547961,0.18762500000000001,0.19543437500000002,7.597524601669347e-05,0.000296833446250023,22.640560552507836,126.6989737555082,nan,5133.416529400041,,,D=union_ij D_ij; evaluate the complete parent-v54 amplitude on every x/t leaf; sum integrated uppers and minimize lowers
leaf,PASS,4,64,2,25,0.8572403973066873,0.8572580035547961,0.19543437500000002,0.20324375000000003,7.954182854508781e-05,0.00031469475913890296,22.693391541755204,88.31233926208046,nan,5136.408104600036,,,D=union_ij D_ij; evaluate the complete parent-v54 amplitude on every x/t leaf; sum integrated uppers and minimize lowers
leaf,PASS,4,64,2,26,0.8572403973066873,0.8572580035547961,0.20324375000000003,0.211053125,8.31034599838521e-05,0.00033250257954607696,22.714427716521435,63.207082291068104,nan,5139.438903900096,,,D=union_ij D_ij; evaluate the complete parent-v54 amplitude on every x/t leaf; sum integrated uppers and minimize lowers
leaf,PASS,4,64,2,27,0.8572403973066873,0.8572580035547961,0.211053125,0.21886250000000002,8.666081201674337e-05,0.0003502634624133353,22.709179999605087,46.30488615603328,nan,5142.932221600087,,,D=union_ij D_ij; evaluate the complete parent-v54 amplitude on every x/t leaf; sum integrated uppers and minimize lowers
leaf,PASS,4,64,2,28,0.8572403973066873,0.8572580035547961,0.21886250000000002,0.22667187500000002,9.021445254833114e-05,0.00036798295653302487,22.68217062387252,34.630103812036054,nan,5146.292013900005,,,D=union_ij D_ij; evaluate the complete parent-v54 amplitude on every x/t leaf; sum integrated uppers and minimize lowers
leaf,PASS,4,64,2,29,0.8572403973066873,0.8572580035547961,0.22667187500000002,0.23448125,9.376486383142842e-05,0.0003856653289505868,22.63712703703618,26.380238645763733,nan,5149.5576472000685,,,D=union_ij D_ij; evaluate the complete parent-v54 amplitude on every x/t leaf; sum integrated uppers and minimize lowers
leaf,PASS,4,64,2,30,0.8572403973066873,0.8572580035547961,0.23448125,0.242290625,9.731245705270542e-05,0.00040331478617521634,22.577136566247816,20.430327437247392,nan,5152.61788730009,,,D=union_ij D_ij; evaluate the complete parent-v54 amplitude on every x/t leaf; sum integrated uppers and minimize lowers
leaf,PASS,4,64,2,31,0.8572403973066873,0.8572580035547961,0.242290625,0.2501,0.00010085758332745886,0.0004209348129725627,22.504728381704776,16.06003221126457,nan,5156.3448041999945,,,D=union_ij D_ij; evaluate the complete parent-v54 amplitude on every x/t leaf; sum integrated uppers and minimize lowers
leaf,PASS,4,64,2,32,0.8572403973066873,0.8572580035547961,0.2501,0.257909375,0.00010440054557973657,0.0004385288794668267,22.422084717314302,12.795807386997257,nan,5159.608024600078,,,D=union_ij D_ij; evaluate the complete parent-v54 amplitude on every x/t leaf; sum integrated uppers and minimize lowers
leaf,PASS,4,64,2,33,0.8572403973066873,0.8572580035547961,0.257909375,0.26571875,0.00010794159114418535,0.00045609963302687545,22.33100112935139,10.320641722077696,nan,5163.0910898,,,D=union_ij D_ij; evaluate the complete parent-v54 amplitude on every x/t leaf; sum integrated uppers and minimize lowers
leaf,PASS,4,64,2,34,0.8572403973066873,0.8572580035547961,0.26571875,0.273528125,0.00011148096008777004,0.0004736493720224781,22.232983907522346,8.417793984611679,nan,5166.507345400052,,,D=union_ij D_ij; evaluate the complete parent-v54 amplitude on every x/t leaf; sum integrated uppers and minimize lowers
leaf,PASS,4,64,2,35,0.8572403973066873,0.8572580035547961,0.273528125,0.2813375,0.00011501884739543376,0.0004911801104612515,22.129302076823826,6.936387080427608,nan,5169.899588500033,,,D=union_ij D_ij; evaluate the complete parent-v54 amplitude on every x/t leaf; sum integrated uppers and minimize lowers
leaf,PASS,4,64,2,36,0.8572403973066873,0.8572580035547961,0.2813375,0.28914687499999997,0.00011855542252416115,0.0005086936190499868,22.02102750459329,5.769857809316308,nan,5173.130505900015,,,D=union_ij D_ij; evaluate the complete parent-v54 amplitude on every x/t leaf; sum integrated uppers and minimize lowers
leaf,PASS,4,64,2,37,0.8572403973066873,0.8572580035547961,0.28914687499999997,0.29695625,0.00012209083310343215,0.0005261914594529177,21.90906757619015,4.841834514870641,nan,5176.313443600084,,,D=union_ij D_ij; evaluate the complete parent-v54 amplitude on every x/t leaf; sum integrated uppers and minimize lowers
leaf,PASS,4,64,2,38,0.8572403973066873,0.8572580035547961,0.29695625,0.304765625,0.00012562520803541797,0.0005436750130161674,21.7941919414763,4.095702709876399,nan,5179.88471220003,,,D=union_ij D_ij; evaluate the complete parent-v54 amplitude on every x/t leaf; sum integrated uppers and minimize lowers
leaf,PASS,4,64,2,39,0.8572403973066873,0.8572580035547961,0.304765625,0.312575,0.0001291586601029394,0.000561145504965028,21.677054506330773,3.4903064708457485,nan,5183.419972900068,,,D=union_ij D_ij; evaluate the complete parent-v54 amplitude on every x/t leaf; sum integrated uppers and minimize lowers
leaf,PASS,4,64,2,40,0.8572403973066873,0.8572580035547961,0.312575,0.320384375,0.00013269128817191024,0.0005786040248779836,21.558211592012555,2.9949176313749115,nan,5187.121182000032,,,D=union_ij D_ij; evaluate the complete parent-v54 amplitude on every x/t leaf; sum integrated uppers and minimize lowers
leaf,PASS,4,64,2,41,0.8572403973066873,0.8572580035547961,0.320384375,0.32819375,0.00013622317905823185,0.0005960515440846954,21.438136991567685,2.586334064041752,nan,5190.142052500043,,,D=union_ij D_ij; evaluate the complete parent-v54 amplitude on every x/t leaf; sum integrated uppers and minimize lowers
leaf,PASS,4,64,2,42,0.8572403973066873,0.8572580035547961,0.32819375,0.336003125,0.00013975440911586056,0.0006134889305043493,21.31723450120734,2.246854133448116,nan,5193.16360510001,,,D=union_ij D_ij; evaluate the complete parent-v54 amplitude on every x/t leaf; sum integrated uppers and minimize lowers
leaf,PASS,4,64,2,43,0.8572403973066873,0.8572580035547961,0.336003125,0.34381249999999997,0.00014328504559224612,0.0006309169613534138,21.195848389368745,1.9628416681199348,nan,5196.200905800099,,,D=union_ij D_ij; evaluate the complete parent-v54 amplitude on every x/t leaf; sum integrated uppers and minimize lowers
leaf,PASS,4,64,2,44,0.8572403973066873,0.8572580035547961,0.34381249999999997,0.351621875,0.00014681514754752976,0.0006483363339502289,21.074272170412687,1.723697635057597,nan,5199.309686199995,,,D=union_ij D_ij; evaluate the complete parent-v54 amplitude on every x/t leaf; sum integrated uppers and minimize lowers
leaf,PASS,4,64,2,45,0.8572403973066873,0.8572580035547961,0.351621875,0.35943125,0.00015034460021816733,0.0006657476754231445,20.952755992242373,1.5211128295900247,nan,5202.164797300007,,,D=union_ij D_ij; evaluate the complete parent-v54 amplitude on every x/t leaf; sum integrated uppers and minimize lowers
leaf,PASS,4,64,2,46,0.8572403973066873,0.8572580035547961,0.35943125,0.367240625,0.0001538735830863848,0.0006831515506716067,20.8315128645994,1.348515916046803,nan,5205.2137656999985,,,D=union_ij D_ij; evaluate the complete parent-v54 amplitude on every x/t leaf; sum integrated uppers and minimize lowers
leaf,PASS,4,64,2,47,0.8572403973066873,0.8572580035547961,0.367240625,0.37505,0.00015740218230836687,0.0007005484693838347,20.71072392491795,1.2006792743653154,nan,5208.830018200097,,,D=union_ij D_ij; evaluate the complete parent-v54 amplitude on every x/t leaf; sum integrated uppers and minimize lowers
leaf,PASS,4,64,2,48,0.8572403973066873,0.8572580035547961,0.37505,0.382859375,0.00016093036306181918,0.0007179388922439535,20.590542915113453,1.0734441587663308,nan,5212.211827100022,,,D=union_ij D_ij; evaluate the complete parent-v54 amplitude on every x/t leaf; sum integrated uppers and minimize lowers
leaf,PASS,4,64,2,49,0.8572403973066873,0.8572580035547961,0.382859375,0.39066875,0.00016445821598171824,0.0007353232363000502,20.471099988840034,0.9633878342573424,nan,5216.384159000008,,,D=union_ij D_ij; evaluate the complete parent-v54 amplitude on every x/t leaf; sum integrated uppers and minimize lowers
leaf,PASS,4,64,2,50,0.8572403973066873,0.8572580035547961,0.39066875,0.398478125,0.00016798577836962686,0.0007527018796616885,20.352504959755233,0.8677614467092314,nan,5219.383747200016,,,D=union_ij D_ij; evaluate the complete parent-v54 amplitude on every x/t leaf; sum integrated uppers and minimize lowers
leaf,PASS,4,64,2,51,0.8572403973066873,0.8572580035547961,0.398478125,0.4062875,0.0001715130750154013,0.000770075165621225,20.234850079578663,0.7843822410511356,nan,5222.482316000038,,,D=union_ij D_ij; evaluate the complete parent-v54 amplitude on every x/t leaf; sum integrated uppers and minimize lowers
leaf,PASS,4,64,2,52,0.8572403973066873,0.8572580035547961,0.4062875,0.414096875,0.00017504012785997898,0.0007874434062785276,20.11821241945793,0.7113265587379518,nan,5226.607711700024,,,D=union_ij D_ij; evaluate the complete parent-v54 amplitude on every x/t leaf; sum integrated uppers and minimize lowers
leaf,PASS,4,64,2,53,0.8572403973066873,0.8572580035547961,0.414096875,0.42190625,0.0001785669563185801,0.000804806885736466,20.002655915713607,0.6470646838520849,nan,5229.821428800002,,,D=union_ij D_ij; evaluate the complete parent-v54 amplitude on every x/t leaf; sum integrated uppers and minimize lowers
leaf,PASS,4,64,2,54,0.8572403973066873,0.8572580035547961,0.42190625,0.429715625,0.00018209357756435282,0.0008221658629243984,19.888233130864243,0.5903312159852487,nan,5233.114390800009,,,D=union_ij D_ij; evaluate the complete parent-v54 amplitude on every x/t leaf; sum integrated uppers and minimize lowers
leaf,PASS,4,64,2,55,0.8572403973066873,0.8572580035547961,0.429715625,0.437525,0.0001856200067777837,0.0008395205740983785,19.856570329207003,0.5378508652811225,nan,5236.28554870002,,,D=union_ij D_ij; evaluate the complete parent-v54 amplitude on every x/t leaf; sum integrated uppers and minimize lowers
leaf,PASS,4,64,2,56,0.8572403973066873,0.8572580035547961,0.437525,0.445334375,0.00018914625736641134,0.0008568712350597396,19.951610470070186,0.4882272059800403,nan,5239.48815520003,,,D=union_ij D_ij; evaluate the complete parent-v54 amplitude on every x/t leaf; sum integrated uppers and minimize lowers
leaf,PASS,4,64,2,57,0.8572403973066873,0.8572580035547961,0.445334375,0.45314375,0.00019267234115871967,0.0008742180431277211,20.01771724906575,0.44496390023205423,nan,5242.580305300071,,,D=union_ij D_ij; evaluate the complete parent-v54 amplitude on every x/t leaf; sum integrated uppers and minimize lowers
leaf,PASS,4,64,2,58,0.8572403973066873,0.8572580035547961,0.45314375,0.460953125,0.00019619826857553325,0.0008915611788968047,20.05940442890567,0.40704162073850925,nan,5245.901757900021,,,D=union_ij D_ij; evaluate the complete parent-v54 amplitude on every x/t leaf; sum integrated uppers and minimize lowers
leaf,PASS,4,64,2,59,0.8572403973066873,0.8572580035547961,0.460953125,0.46876249999999997,0.00019972404878176953,0.0009089007101959957,20.080428299419953,0.37369019723365055,nan,5249.534289900097,,,D=union_ij D_ij; evaluate the complete parent-v54 amplitude on every x/t leaf; sum integrated uppers and minimize lowers
leaf,PASS,4,64,2,60,0.8572403973066873,0.8572580035547961,0.46876249999999997,0.476571875,0.00020324968982100405,0.0009262366741954471,20.083923967753847,0.3441336190352145,nan,5253.370301000075,,,D=union_ij D_ij; evaluate the complete parent-v54 amplitude on every x/t leaf; sum integrated uppers and minimize lowers
leaf,PASS,4,64,2,61,0.8572403973066873,0.8572580035547961,0.476571875,0.48438125,0.00020677519873497154,0.0009435694210468851,20.072573304784328,0.3178225062927493,nan,5256.293626100058,,,D=union_ij D_ij; evaluate the complete parent-v54 amplitude on every x/t leaf; sum integrated uppers and minimize lowers
leaf,PASS,4,64,2,62,0.8572403973066873,0.8572580035547961,0.48438125,0.492190625,0.00021030058166983574,0.0009608990785312415,20.048613110225737,0.2943355290590654,nan,5259.217732800054,,,D=union_ij D_ij; evaluate the complete parent-v54 amplitude on every x/t leaf; sum integrated uppers and minimize lowers
leaf,PASS,4,64,2,63,0.8572403973066873,0.8572580035547961,0.492190625,0.5,0.00021382584397081991,0.000978225764073855,20.013936978561254,0.2733070058818756,nan,5262.235618200037,,,D=union_ij D_ij; evaluate the complete parent-v54 amplitude on every x/t leaf; sum integrated uppers and minimize lowers
leaf,PASS,4,64,3,0,0.8572580035547961,0.857275609802905,0.0002,0.008009375000000001,0.0,2.1281099013137786e-07,0.616661630366078,6150642922.224356,nan,6322.285342500079,,,D=union_ij D_ij; evaluate the complete parent-v54 amplitude on every x/t leaf; sum integrated uppers and minimize lowers
leaf,PASS,4,64,3,1,0.8572580035547961,0.857275609802905,0.008009375000000001,0.01581875,0.0,1.003250519385408e-06,2.6549807137986394,368910327.43760425,nan,6665.370426999987,,,D=union_ij D_ij; evaluate the complete parent-v54 amplitude on every x/t leaf; sum integrated uppers and minimize lowers
leaf,PASS,4,64,3,2,0.8572580035547961,0.857275609802905,0.01581875,0.023628125,0.0,3.8641678375930526e-08,9.451867637868848,1.196800120773955e+22,nan,6868.89563090005,,,D=union_ij D_ij; evaluate the complete parent-v54 amplitude on every x/t leaf; sum integrated uppers and minimize lowers
leaf,PASS,4,64,3,3,0.8572580035547961,0.857275609802905,0.023628125,0.0314375,0.0,4.76730733876086e-06,7.7449746941609865,110489360185432.05,nan,6948.3596170000965,,,D=union_ij D_ij; evaluate the complete parent-v54 amplitude on every x/t leaf; sum integrated uppers and minimize lowers
leaf,PASS,4,64,3,4,0.8572580035547961,0.857275609802905,0.0314375,0.039246875,0.0,8.83033407304937e-06,2.888316619301239,6672204911.697257,nan,7016.358847000054,,,D=union_ij D_ij; evaluate the complete parent-v54 amplitude on every x/t leaf; sum integrated uppers and minimize lowers
leaf,PASS,4,64,3,5,0.8572580035547961,0.857275609802905,0.039246875,0.04705625,1.933373683745264e-06,1.933373683745264e-06,1.3833422222693126,877853632241.6705,nan,7045.719978100038,,,D=union_ij D_ij; evaluate the complete parent-v54 amplitude on every x/t leaf; sum integrated uppers and minimize lowers
leaf,PASS,4,64,3,6,0.8572580035547961,0.857275609802905,0.04705625,0.054865625,7.120418747169306e-06,7.120418747169306e-06,2.072681469675193,240200254.46403491,nan,7090.419759300072,,,D=union_ij D_ij; evaluate the complete parent-v54 amplitude on every x/t leaf; sum integrated uppers and minimize lowers
leaf,PASS,4,64,3,7,0.8572580035547961,0.857275609802905,0.054865625,0.06267500000000001,1.1777174704278672e-05,1.1777174704278672e-05,2.5491779403325614,6164130.542719542,nan,7122.816819700063,,,D=union_ij D_ij; evaluate the complete parent-v54 amplitude on every x/t leaf; sum integrated uppers and minimize lowers
leaf,PASS,4,64,3,8,0.8572580035547961,0.857275609802905,0.06267500000000001,0.07048437500000002,1.6110431719263203e-05,1.6110431719263203e-05,0.475152597724179,66650423.24900484,nan,7129.678597400081,,,D=union_ij D_ij; evaluate the complete parent-v54 amplitude on every x/t leaf; sum integrated uppers and minimize lowers
leaf,PASS,4,64,3,9,0.8572580035547961,0.857275609802905,0.07048437500000002,0.07829375000000001,2.0233310682594266e-05,7.01576798186684e-06,3.0190741786028448,251740328.04698306,nan,7136.3679975999985,,,D=union_ij D_ij; evaluate the complete parent-v54 amplitude on every x/t leaf; sum integrated uppers and minimize lowers
leaf,PASS,4,64,3,10,0.8572580035547961,0.857275609802905,0.07829375000000001,0.086103125,2.4212638237147815e-05,2.4212638237147815e-05,3.1175169159202447,3056955.44864331,nan,7143.038776900037,,,D=union_ij D_ij; evaluate the complete parent-v54 amplitude on every x/t leaf; sum integrated uppers and minimize lowers
leaf,PASS,4,64,3,11,0.8572580035547961,0.857275609802905,0.086103125,0.09391250000000001,2.8093825663470683e-05,2.8093825663470683e-05,12.718340873321058,77719092928653.97,nan,7146.22764450009,,,D=union_ij D_ij; evaluate the complete parent-v54 amplitude on every x/t leaf; sum integrated uppers and minimize lowers
leaf,PASS,4,64,3,12,0.8572580035547961,0.857275609802905,0.09391250000000001,0.10172187500000002,3.191435126122214e-05,7.111247628299589e-05,14.557597777695738,6613085.473768897,nan,7149.3387048,,,D=union_ij D_ij; evaluate the complete parent-v54 amplitude on every x/t leaf; sum integrated uppers and minimize lowers
leaf,PASS,4,64,3,13,0.8572580035547961,0.857275609802905,0.10172187500000002,0.10953125000000001,3.568530647404295e-05,9.109834689103989e-05,16.23860890292213,614760.422221781,nan,7152.423800599994,,,D=union_ij D_ij; evaluate the complete parent-v54 amplitude on every x/t leaf; sum integrated uppers and minimize lowers
leaf,PASS,4,64,3,14,0.8572580035547961,0.857275609802905,0.10953125000000001,0.117340625,3.941519142170925e-05,0.00011064680984284614,17.683215838601203,123230.37404995975,nan,7155.580289100064,,,D=union_ij D_ij; evaluate the complete parent-v54 amplitude on every x/t leaf; sum integrated uppers and minimize lowers
leaf,PASS,4,64,3,15,0.8572580035547961,0.857275609802905,0.117340625,0.12515,4.3111379992391605e-05,0.00012984939140508388,18.86378764889121,35719.72509463449,nan,7159.080589900026,,,D=union_ij D_ij; evaluate the complete parent-v54 amplitude on every x/t leaf; sum integrated uppers and minimize lowers
leaf,PASS,4,64,3,16,0.8572580035547961,0.857275609802905,0.12515,0.13295937500000002,4.677992323934559e-05,0.00014877458125677325,19.808763454907563,13001.992433015506,nan,7162.23084860004,,,D=union_ij D_ij; evaluate the complete parent-v54 amplitude on every x/t leaf; sum integrated uppers and minimize lowers
leaf,PASS,4,64,3,17,0.8572580035547961,0.857275609802905,0.13295937500000002,0.14076875000000003,5.0425734857212054e-05,0.00016747394154955836,20.556861316215,5540.7920915704835,nan,7165.338533700095,,,D=union_ij D_ij; evaluate the complete parent-v54 amplitude on every x/t leaf; sum integrated uppers and minimize lowers
leaf,PASS,4,64,3,18,0.8572580035547961,0.857275609802905,0.14076875000000003,0.148578125,5.405260388414084e-05,0.00018598722626510448,21.144138645765796,2652.535001738876,nan,7168.733661800041,,,D=union_ij D_ij; evaluate the complete parent-v54 amplitude on every x/t leaf; sum integrated uppers and minimize lowers
leaf,PASS,4,64,3,19,0.8572580035547961,0.857275609802905,0.148578125,0.1563875,5.766330430840553e-05,0.00020434585219586526,21.600997206779113,1389.2022378862196,nan,7172.0674786000745,,,D=union_ij D_ij; evaluate the complete parent-v54 amplitude on every x/t leaf; sum integrated uppers and minimize lowers
leaf,PASS,4,64,3,20,0.8572580035547961,0.857275609802905,0.1563875,0.16419687500000002,6.126107652090425e-05,0.00022257466180047286,21.95217008397971,781.5627395569993,nan,7176.558226300054,,,D=union_ij D_ij; evaluate the complete parent-v54 amplitude on every x/t leaf; sum integrated uppers and minimize lowers
leaf,PASS,4,64,3,21,0.8572580035547961,0.857275609802905,0.16419687500000002,0.17200625,6.48478922110941e-05,0.00024069362283452226,22.21752688785042,466.17102265876736,nan,7179.725017999997,,,D=union_ij D_ij; evaluate the complete parent-v54 amplitude on every x/t leaf; sum integrated uppers and minimize lowers
leaf,PASS,4,64,3,22,0.8572580035547961,0.857275609802905,0.17200625,0.179815625,6.842552820641948e-05,0.00025871895020629116,22.412981575050495,291.90528946635493,nan,7184.041992700077,,,D=union_ij D_ij; evaluate the complete parent-v54 amplitude on every x/t leaf; sum integrated uppers and minimize lowers
leaf,PASS,4,64,3,23,0.8572580035547961,0.857275609802905,0.179815625,0.18762500000000001,7.199541523562284e-05,0.0002766639336582153,22.551298193722292,190.44783619576936,nan,7187.212098599994,,,D=union_ij D_ij; evaluate the complete parent-v54 amplitude on every x/t leaf; sum integrated uppers and minimize lowers
leaf,PASS,4,64,3,24,0.8572580035547961,0.857275609802905,0.18762500000000001,0.19543437500000002,7.555870341160693e-05,0.00029453955720189684,22.642750881907528,128.69819538503646,nan,7190.604522300069,,,D=union_ij D_ij; evaluate the complete parent-v54 amplitude on every x/t leaf; sum integrated uppers and minimize lowers
leaf,PASS,4,64,3,25,0.8572580035547961,0.857275609802905,0.19543437500000002,0.20324375000000003,7.911634930254759e-05,0.0003123549687521757,22.695647201551292,89.65372300554785,nan,7193.849447600078,,,D=union_ij D_ij; evaluate the complete parent-v54 amplitude on every x/t leaf; sum integrated uppers and minimize lowers
leaf,PASS,4,64,3,26,0.8572580035547961,0.857275609802905,0.20324375000000003,0.211053125,8.26691527117883e-05,0.000330117811249429,22.716737637439714,64.13367078104882,nan,7197.100163600058,,,D=union_ij D_ij; evaluate the complete parent-v54 amplitude on every x/t leaf; sum integrated uppers and minimize lowers
leaf,PASS,4,64,3,27,0.8572580035547961,0.857275609802905,0.211053125,0.21886250000000002,8.621778569565135e-05,0.00034783458854072087,22.711534883433988,46.96154517572499,nan,7200.254187599989,,,D=union_ij D_ij; evaluate the complete parent-v54 amplitude on every x/t leaf; sum integrated uppers and minimize lowers
leaf,PASS,4,64,3,28,0.8572580035547961,0.857275609802905,0.21886250000000002,0.22667187500000002,8.976281559713131e-05,0.00036551080283212054,22.68456262495196,35.10614299707522,nan,7203.4924978000345,,,D=union_ij D_ij; evaluate the complete parent-v54 amplitude on every x/t leaf; sum integrated uppers and minimize lowers
leaf,PASS,4,64,3,29,0.8572580035547961,0.857275609802905,0.22667187500000002,0.23448125,9.330472344233478e-05,0.0003831506784135349,22.639549507182092,26.73238943955032,nan,7206.623906800058,,,D=union_ij D_ij; evaluate the complete parent-v54 amplitude on every x/t leaf; sum integrated uppers and minimize lowers
leaf,PASS,4,64,3,30,0.8572580035547961,0.857275609802905,0.23448125,0.242290625,9.684391872275681e-05,0.0004007583832566419,22.57958385132826,20.695597121857695,nan,7209.968018600019,,,D=union_ij D_ij; evaluate the complete parent-v54 amplitude on every x/t leaf; sum integrated uppers and minimize lowers
leaf,PASS,4,64,3,31,0.8572580035547961,0.857275609802905,0.242290625,0.2501,0.00010038075053707648,0.00041833736694525355,22.507195811445044,16.263149514954712,nan,7213.077843500068,,,D=union_ij D_ij; evaluate the complete parent-v54 amplitude on every x/t leaf; sum integrated uppers and minimize lowers
leaf,PASS,4,64,3,32,0.8572580035547961,0.857275609802905,0.2501,0.257909375,0.0001039155197436629,0.00043589106494961626,22.424567989534548,12.95365169925023,nan,7216.436245499994,,,D=union_ij D_ij; evaluate the complete parent-v54 amplitude on every x/t leaf; sum integrated uppers and minimize lowers
leaf,PASS,4,64,3,33,0.8572580035547961,0.857275609802905,0.257909375,0.26571875,0.00010744847067784013,0.00045342209501451214,22.33349669572147,10.444962672416194,nan,7219.575372299994,,,D=union_ij D_ij; evaluate the complete parent-v54 amplitude on every x/t leaf; sum integrated uppers and minimize lowers
leaf,PASS,4,64,3,34,0.8572580035547961,0.857275609802905,0.26571875,0.273528125,0.00011097984060475247,0.0004709327272766011,22.2354887126748,8.516918716188668,nan,7223.28063709999,,,D=union_ij D_ij; evaluate the complete parent-v54 amplitude on every x/t leaf; sum integrated uppers and minimize lowers
leaf,PASS,4,64,3,35,0.8572580035547961,0.857275609802905,0.273528125,0.2813375,0.00011450982294716049,0.0004884249495344383,22.13181348377664,7.0163139474872835,nan,7227.07439850003,,,D=union_ij D_ij; evaluate the complete parent-v54 amplitude on every x/t leaf; sum integrated uppers and minimize lowers
leaf,PASS,4,64,3,36,0.8572580035547961,0.857275609802905,0.2813375,0.28914687499999997,0.00011803858465448056,0.0005059005081120004,22.023543232848407,5.834935451342862,nan,7230.705245500081,,,D=union_ij D_ij; evaluate the complete parent-v54 amplitude on every x/t leaf; sum integrated uppers and minimize lowers
leaf,PASS,4,64,3,37,0.8572580035547961,0.857275609802905,0.28914687499999997,0.29695625,0.00012156627087112521,0.0005233609419433446,21.911585650110762,4.895300933601001,nan,7235.899447500007,,,D=union_ij D_ij; evaluate the complete parent-v54 amplitude on every x/t leaf; sum integrated uppers and minimize lowers
leaf,PASS,4,64,3,38,0.8572580035547961,0.857275609802905,0.29695625,0.304765625,0.00012509300805347692,0.0005408076111441139,21.796710647042623,4.140068843887912,nan,7238.865082300035,,,D=union_ij D_ij; evaluate the complete parent-v54 amplitude on every x/t leaf; sum integrated uppers and minimize lowers
leaf,PASS,4,64,3,39,0.8572580035547961,0.857275609802905,0.304765625,0.312575,0.00012861890658981737,0.000558241721073616,21.67957235475971,3.5274215081409985,nan,7242.750582700013,,,D=union_ij D_ij; evaluate the complete parent-v54 amplitude on every x/t leaf; sum integrated uppers and minimize lowers
leaf,PASS,4,64,3,40,0.8572580035547961,0.857275609802905,0.312575,0.320384375,0.00013214406301109995,0.0005756643426889275,21.560727289026605,3.026201723202208,nan,7246.359526699991,,,D=union_ij D_ij; evaluate the complete parent-v54 amplitude on every x/t leaf; sum integrated uppers and minimize lowers
leaf,PASS,4,64,3,41,0.8572580035547961,0.857275609802905,0.320384375,0.32819375,0.00013566856186341105,0.0005930764298361945,21.44064941133726,2.6128889529922095,nan,7250.020510600065,,,D=union_ij D_ij; evaluate the complete parent-v54 amplitude on every x/t leaf; sum integrated uppers and minimize lowers
leaf,PASS,4,64,3,42,0.8572580035547961,0.857275609802905,0.32819375,0.336003125,0.0001391924772995118,0.0006104788339937709,21.319742664173166,2.2695426730585453,nan,7253.487014800077,,,D=union_ij D_ij; evaluate the complete parent-v54 amplitude on every x/t leaf; sum integrated uppers and minimize lowers
leaf,PASS,4,64,3,43,0.8572580035547961,0.857275609802905,0.336003125,0.34381249999999997,0.00014271587443616746,0.0006278723168947811,21.198351443301686,1.9823456604894014,nan,7257.630798000027,,,D=union_ij D_ij; evaluate the complete parent-v54 amplitude on every x/t leaf; sum integrated uppers and minimize lowers
leaf,PASS,4,64,3,44,0.8572580035547961,0.857275609802905,0.34381249999999997,0.351621875,0.00014623881031086396,0.0006452575612559741,21.076769373170503,1.7405599955958917,nan,7261.15354040009,,,D=union_ij D_ij; evaluate the complete parent-v54 amplitude on every x/t leaf; sum integrated uppers and minimize lowers
leaf,PASS,4,64,3,45,0.8572580035547961,0.857275609802905,0.351621875,0.35943125,0.0001497613270548695,0.0006626351804142454,20.95524670090087,1.535770059659998,nan,7265.66730900004,,,D=union_ij D_ij; evaluate the complete parent-v54 amplitude on every x/t leaf; sum integrated uppers and minimize lowers
leaf,PASS,4,64,3,46,0.8572580035547961,0.857275609802905,0.35943125,0.367240625,0.00015328346920926429,0.0006800057262299968,20.833996520305295,1.3613206896757442,nan,7270.4003850000445,,,D=union_ij D_ij; evaluate the complete parent-v54 amplitude on every x/t leaf; sum integrated uppers and minimize lowers
leaf,PASS,4,64,3,47,0.8572580035547961,0.857275609802905,0.367240625,0.37505,0.00015680508205470788,0.0006973696960458956,20.713200043546358,1.2119187729966705,nan,7273.902329800068,,,D=union_ij D_ij; evaluate the complete parent-v54 amplitude on every x/t leaf; sum integrated uppers and minimize lowers
leaf,PASS,4,64,3,48,0.8572580035547961,0.857275609802905,0.37505,0.382859375,0.00016032641370294817,0.0007147275388439508,20.59301107825464,1.083353857281751,nan,7277.403518500039,,,D=union_ij D_ij; evaluate the complete parent-v54 amplitude on every x/t leaf; sum integrated uppers and minimize lowers
leaf,PASS,4,64,3,49,0.8572580035547961,0.857275609802905,0.382859375,0.39066875,0.00016384749400206916,0.0007320796605674726,20.473559835965936,0.9721624833424717,nan,7280.661267000018,,,D=union_ij D_ij; evaluate the complete parent-v54 amplitude on every x/t leaf; sum integrated uppers and minimize lowers
leaf,PASS,4,64,3,50,0.8572580035547961,0.857275609802905,0.39066875,0.398478125,0.0001673683204536632,0.0007494264287766567,20.354956181394744,0.8755549857888595,nan,7284.2132121000905,,,D=union_ij D_ij; evaluate the complete parent-v54 amplitude on every x/t leaf; sum integrated uppers and minimize lowers
leaf,PASS,4,64,3,51,0.8572580035547961,0.857275609802905,0.398478125,0.4062875,0.0001708888892432594,0.0007667681767316806,20.237292411358023,0.791325500567688,nan,7287.500638000085,,,D=union_ij D_ij; evaluate the complete parent-v54 amplitude on every x/t leaf; sum integrated uppers and minimize lowers
leaf,PASS,4,64,3,52,0.8572580035547961,0.857275609802905,0.4062875,0.414096875,0.0001744092742079132,0.0007841052069825223,20.120645636885072,0.7175444841297687,nan,7291.064582100022,,,D=union_ij D_ij; evaluate the complete parent-v54 amplitude on every x/t leaf; sum integrated uppers and minimize lowers
leaf,PASS,4,64,3,53,0.8572580035547961,0.857275609802905,0.414096875,0.42190625,0.00017792949324240193,0.0008014377945325238,20.00507982960407,0.6526519252262043,nan,7294.192035600077,,,D=union_ij D_ij; evaluate the complete parent-v54 amplitude on every x/t leaf; sum integrated uppers and minimize lowers
leaf,PASS,4,64,3,54,0.8572580035547961,0.857275609802905,0.42190625,0.429715625,0.00018144956205659555,0.0008187661896326203,19.890647583321734,0.5953679011205211,nan,7297.440365700051,,,D=union_ij D_ij; evaluate the complete parent-v54 amplitude on every x/t leaf; sum integrated uppers and minimize lowers
leaf,PASS,4,64,3,55,0.8572580035547961,0.857275609802905,0.429715625,0.437525,0.00018496949442240576,0.00083609062025469,19.858893281762487,0.5423889278796263,nan,7300.754632700002,,,D=union_ij D_ij; evaluate the complete parent-v54 amplitude on every x/t leaf; sum integrated uppers and minimize lowers
leaf,PASS,4,64,3,56,0.8572580035547961,0.857275609802905,0.437525,0.445334375,0.0001884893023911126,0.0008534112942854467,19.953970797470472,0.4922992160200397,nan,7304.184222300071,,,D=union_ij D_ij; evaluate the complete parent-v54 amplitude on every x/t leaf; sum integrated uppers and minimize lowers
leaf,PASS,4,64,3,57,0.8572580035547961,0.857275609802905,0.445334375,0.45314375,0.00019200899648495257,0.0008707284014763295,20.020107971445935,0.44863340569835314,nan,7308.700467100018,,,D=union_ij D_ij; evaluate the complete parent-v54 amplitude on every x/t leaf; sum integrated uppers and minimize lowers
leaf,PASS,4,64,3,58,0.8572580035547961,0.857275609802905,0.45314375,0.460953125,0.0001955285858662956,0.0008880421151798709,20.061819642311917,0.4103396702418115,nan,7315.385281100054,,,D=union_ij D_ij; evaluate the complete parent-v54 amplitude on every x/t leaf; sum integrated uppers and minimize lowers
leaf,PASS,4,64,3,59,0.8572580035547961,0.857275609802905,0.460953125,0.46876249999999997,0.00019904807848726832,0.0009053525938987791,20.082862887223556,0.37657614252388083,nan,7319.6424579999875,,,D=union_ij D_ij; evaluate the complete parent-v54 amplitude on every x/t leaf; sum integrated uppers and minimize lowers
leaf,PASS,4,64,3,60,0.8572580035547961,0.857275609802905,0.46876249999999997,0.476571875,0.00020256748122228084,0.0009226597693712114,20.086373769543417,0.3466619192530166,nan,7322.83977890003,,,D=union_ij D_ij; evaluate the complete parent-v54 amplitude on every x/t leaf; sum integrated uppers and minimize lowers
leaf,PASS,4,64,3,61,0.8572580035547961,0.857275609802905,0.476571875,0.48438125,0.00020608679998557954,0.0009399638916902965,20.075034682528727,0.3200565552958591,nan,7326.037903100019,,,D=union_ij D_ij; evaluate the complete parent-v54 amplitude on every x/t leaf; sum integrated uppers and minimize lowers
leaf,PASS,4,64,3,62,0.8572580035547961,0.857275609802905,0.48438125,0.492190625,0.00020960603983565714,0.0009572651773656865,20.051082951113493,0.2963513778358856,nan,7329.9429712001,,,D=union_ij D_ij; evaluate the complete parent-v54 amplitude on every x/t leaf; sum integrated uppers and minimize lowers
leaf,PASS,4,64,3,63,0.8572580035547961,0.857275609802905,0.492190625,0.5,0.00021312520506811057,0.0009745637379470928,20.016411843557467,0.2750845123476682,nan,7333.007701600087,,,D=union_ij D_ij; evaluate the complete parent-v54 amplitude on every x/t leaf; sum integrated uppers and minimize lowers
schedule,SELECTED,4,64,-1,-1,0.8572051848104696,0.857275609802905,0.0002,0.5,0.0,3.762016124316594e-08,0.475152597724179,1.2007409167913093e+22,0.0,7333.011423400021,,,D=union_ij D_ij; evaluate the complete parent-v54 amplitude on every x/t leaf; sum integrated uppers and minimize lowers
leaf,FAIL,2,32,0,0,0.8570372233341658,0.8571564165685354,0.0002,0.03144375,nan,nan,nan,nan,nan,163.57066399999894,IntervalSingularity,interval denominator reaches zero: away_arc_left_K5:s1:c0:left1:edge_2_1_3:stable_edge,D=union_ij D_ij; evaluate the complete parent-v54 amplitude on every x/t leaf; sum integrated uppers and minimize lowers
schedule,FAIL,2,32,-1,-1,0.8570372233341658,0.857275609802905,0.0002,1.0,nan,nan,nan,nan,nan,163.5706809000112,IntervalSingularity,interval denominator reaches zero: away_arc_left_K5:s1:c0:left1:edge_2_1_3:stable_edge,D=union_ij D_ij; evaluate the complete parent-v54 amplitude on every x/t leaf; sum integrated uppers and minimize lowers
