smoke_job_id,selection_role,event_id,mapped_cell_id,term_id,branch_owner_id,epsilon_bin_index,epsilon_subdivision_index,epsilon_subdivision_count,path_segment,recoil_sheet_enclosure_method,x_lower,x_upper,t_lower,t_upper,refinement_depth,refinement_path,geometry_gap_abs_lower,geometry_physical_path_area_abs_upper,probe_passed,failure_type,failure_message,integrated_regular_path_abs_upper,minimum_amplitude_denominator_abs_lower,relative_root_abs_lower,selected_global_root_abs_lower,collision_jacobian_abs_lower,active_material_branch_count,active_material_branch_ids,path_integral_enclosure_method,reconstructed_physical_path_area_abs_upper,physical_path_area_absolute_error,physical_path_area_excess,runtime_seconds,event_principal_pole_owned_separately,valid_for_outer_parent_leaf_transplant_smoke,valid_for_full_outer_parent_leaf_enclosure,valid_for_full_event_cell_finite_cover,valid_for_D4_event_local_W3_bound,valid_for_all_operator_local_GR_claim,valid_for_full_MTS_claim,parent_target_job_id,projective_owner_cell_id,certified_configuration_roles,certified_owner_pivots,minimum_projective_owner_pivot_abs_lower,minimum_projective_unit_circle_abs_lower,parent_revision,certificate_source
5464__x00_t00,5461_FINITE_PROJECTIVE_OWNER_CELL,E03,U035,MC04_SP_DP,B04,8,0,1,TOP,SIGN_DEFINITE_MONOTONE_PRINCIPAL_SQRT_RECTANGLE_WITH_PARENT_FALLBACK,0.850459613196875,0.8505755275548565,0.5,0.515625,8,x00_t00__finite_projective_depth9,0.0316656745200752,9.4824529261782e-08,True,,,11395.636503368913,0.00021013790005601916,0.9852469600432952,0.25414143305199655,1.2616306955057426,0,,POINTWISE_SUPREMUM,9.329954810986082e-08,1.5249811519211752e-09,0.0,2.816453500010539,True,True,False,False,False,False,False,E03__U035__TOP__MAXIMUM_PHYSICAL_PATH_AREA,x00_t00,reciprocal,plus,0.07250768221593584,0.25414133302702074,D4-deformed-contour-regular-away-W3-v51,checkpoint_5461_parent_v51_finite_cell
5464__x00_t01,5461_FINITE_PROJECTIVE_OWNER_CELL,E03,U035,MC04_SP_DP,B04,8,0,1,TOP,SIGN_DEFINITE_MONOTONE_PRINCIPAL_SQRT_RECTANGLE_WITH_PARENT_FALLBACK,0.850459613196875,0.8505755275548565,0.515625,0.53125,8,x00_t01__finite_projective_depth9,0.0316656745200752,9.4824529261782e-08,True,,,10846.554411583393,0.0002274778877564393,0.9847027552041614,0.25414143305199655,1.2645403483647268,0,,POINTWISE_SUPREMUM,9.329954810986082e-08,1.5249811519211752e-09,0.0,2.943933399976231,True,True,False,False,False,False,False,E03__U035__TOP__MAXIMUM_PHYSICAL_PATH_AREA,x00_t01,reciprocal,plus,0.07153670179238387,0.25414133302702074,D4-deformed-contour-regular-away-W3-v51,checkpoint_5461_parent_v51_finite_cell
5464__x00_t02,5461_FINITE_PROJECTIVE_OWNER_CELL,E03,U035,MC04_SP_DP,B04,8,0,1,TOP,SIGN_DEFINITE_MONOTONE_PRINCIPAL_SQRT_RECTANGLE_WITH_PARENT_FALLBACK,0.850459613196875,0.8505755275548565,0.53125,0.546875,8,x00_t02__finite_projective_depth9,0.0316656745200752,9.4824529261782e-08,True,,,10296.012952028297,0.0002464096621900651,0.984162790938367,0.25414143305199655,1.2667960553262245,0,,POINTWISE_SUPREMUM,9.329954810986082e-08,1.5249811519211752e-09,0.0,2.74147060001269,True,True,False,False,False,False,False,E03__U035__TOP__MAXIMUM_PHYSICAL_PATH_AREA,x00_t02,reciprocal,plus,0.07058426369178072,0.25414133302702074,D4-deformed-contour-regular-away-W3-v51,checkpoint_5461_parent_v51_finite_cell
5464__x00_t03,5461_FINITE_PROJECTIVE_OWNER_CELL,E03,U035,MC04_SP_DP,B04,8,0,1,TOP,SIGN_DEFINITE_MONOTONE_PRINCIPAL_SQRT_RECTANGLE_WITH_PARENT_FALLBACK,0.850459613196875,0.8505755275548565,0.546875,0.5625,8,x00_t03__finite_projective_depth9,0.0316656745200752,9.4824529261782e-08,True,,,9771.463656710997,0.0002666332654986023,0.9836276866498331,0.25414143305199655,1.2691035895000728,0,,POINTWISE_SUPREMUM,9.329954810986082e-08,1.5249811519211752e-09,0.0,2.7810160999652,True,True,False,False,False,False,False,E03__U035__TOP__MAXIMUM_PHYSICAL_PATH_AREA,x00_t03,reciprocal,plus,0.06965114768377975,0.25414133302702074,D4-deformed-contour-regular-away-W3-v51,checkpoint_5461_parent_v51_finite_cell
5464__x00_t04,5461_FINITE_PROJECTIVE_OWNER_CELL,E03,U035,MC04_SP_DP,B04,8,0,1,TOP,SIGN_DEFINITE_MONOTONE_PRINCIPAL_SQRT_RECTANGLE_WITH_PARENT_FALLBACK,0.850459613196875,0.8505755275548565,0.5625,0.578125,8,x00_t04__finite_projective_depth9,0.0316656745200752,9.4824529261782e-08,True,,,9285.753814793883,0.0002879161700804658,0.9830980967642142,0.25414143305199655,1.2717767238841304,0,,POINTWISE_SUPREMUM,9.329954810986082e-08,1.5249811519211752e-09,0.0,2.679102000023704,True,True,False,False,False,False,False,E03__U035__TOP__MAXIMUM_PHYSICAL_PATH_AREA,x00_t04,reciprocal,plus,0.06873816143202843,0.25414133302702074,D4-deformed-contour-regular-away-W3-v51,checkpoint_5461_parent_v51_finite_cell
5464__x00_t05,5461_FINITE_PROJECTIVE_OWNER_CELL,E03,U035,MC04_SP_DP,B04,8,0,1,TOP,SIGN_DEFINITE_MONOTONE_PRINCIPAL_SQRT_RECTANGLE_WITH_PARENT_FALLBACK,0.850459613196875,0.8505755275548565,0.578125,0.59375,8,x00_t05__finite_projective_depth9,0.0316656745200752,9.4824529261782e-08,True,,,8841.449122665595,0.0003100804895042375,0.9825747103364771,0.25414143305199655,1.2749869380906027,0,,POINTWISE_SUPREMUM,9.329954810986082e-08,1.5249811519211752e-09,0.0,2.793341499986127,True,True,False,False,False,False,False,E03__U035__TOP__MAXIMUM_PHYSICAL_PATH_AREA,x00_t05,reciprocal,plus,0.06784614011360507,0.25414133302702074,D4-deformed-contour-regular-away-W3-v51,checkpoint_5461_parent_v51_finite_cell
5464__x00_t06,5461_FINITE_PROJECTIVE_OWNER_CELL,E03,U035,MC04_SP_DP,B04,8,0,1,TOP,SIGN_DEFINITE_MONOTONE_PRINCIPAL_SQRT_RECTANGLE_WITH_PARENT_FALLBACK,0.850459613196875,0.8505755275548565,0.59375,0.609375,8,x00_t06__finite_projective_depth9,0.0316656745200752,9.4824529261782e-08,True,,,8452.645418489332,0.0003329631647191727,0.982058250212799,0.25414143305199655,1.2788576462694419,0,,POINTWISE_SUPREMUM,9.329954810986082e-08,1.5249811519211752e-09,0.0,2.6587371999630705,True,True,False,False,False,False,False,E03__U035__TOP__MAXIMUM_PHYSICAL_PATH_AREA,x00_t06,reciprocal,plus,0.06697594577097284,0.25414133302702074,D4-deformed-contour-regular-away-W3-v51,checkpoint_5461_parent_v51_finite_cell
5464__x00_t07,5461_FINITE_PROJECTIVE_OWNER_CELL,E03,U035,MC04_SP_DP,B04,8,0,1,TOP,SIGN_DEFINITE_MONOTONE_PRINCIPAL_SQRT_RECTANGLE_WITH_PARENT_FALLBACK,0.850459613196875,0.8505755275548565,0.609375,0.625,8,x00_t07__finite_projective_depth9,0.0316656745200752,9.4824529261782e-08,True,,,8137.895858536505,0.00035602446924640235,0.9815494716832185,0.25414143305199655,1.283452694749452,0,,POINTWISE_SUPREMUM,9.329954810986082e-08,1.5249811519211752e-09,0.0,2.799823000037577,True,True,False,False,False,False,False,E03__U035__TOP__MAXIMUM_PHYSICAL_PATH_AREA,x00_t07,reciprocal,plus,0.06612846636566673,0.25414133302702074,D4-deformed-contour-regular-away-W3-v51,checkpoint_5461_parent_v51_finite_cell
5464__x00_t08,5461_FINITE_PROJECTIVE_OWNER_CELL,E03,U035,MC04_SP_DP,B04,8,0,1,TOP,SIGN_DEFINITE_MONOTONE_PRINCIPAL_SQRT_RECTANGLE_WITH_PARENT_FALLBACK,0.850459613196875,0.8505755275548565,0.625,0.640625,8,x00_t08__finite_projective_depth9,0.0316656745200752,9.4824529261782e-08,True,,,7869.490105947651,0.00037909985457345175,0.9810491605606804,0.25414143305199655,1.2886931775215247,0,,POINTWISE_SUPREMUM,9.329954810986082e-08,1.5249811519211752e-09,0.0,2.6540632999967784,True,True,False,False,False,False,False,E03__U035__TOP__MAXIMUM_PHYSICAL_PATH_AREA,x00_t08,reciprocal,plus,0.06530461448567751,0.25414133302702074,D4-deformed-contour-regular-away-W3-v51,checkpoint_5461_parent_v51_finite_cell
5464__x00_t09,5461_FINITE_PROJECTIVE_OWNER_CELL,E03,U035,MC04_SP_DP,B04,8,0,1,TOP,SIGN_DEFINITE_MONOTONE_PRINCIPAL_SQRT_RECTANGLE_WITH_PARENT_FALLBACK,0.850459613196875,0.8505755275548565,0.640625,0.65625,8,x00_t09__finite_projective_depth9,0.0316656745200752,9.4824529261782e-08,True,,,7626.246483801985,0.0004021994992474082,0.9805581306232355,0.25414143305199655,1.2948954623900606,0,,POINTWISE_SUPREMUM,9.329954810986082e-08,1.5249811519211752e-09,0.0,2.8470613000099547,True,True,False,False,False,False,False,E03__U035__TOP__MAXIMUM_PHYSICAL_PATH_AREA,x00_t09,reciprocal,plus,0.06450532567818781,0.25414133302702074,D4-deformed-contour-regular-away-W3-v51,checkpoint_5461_parent_v51_finite_cell
5464__x00_t10,5461_FINITE_PROJECTIVE_OWNER_CELL,E03,U035,MC04_SP_DP,B04,8,0,1,TOP,SIGN_DEFINITE_MONOTONE_PRINCIPAL_SQRT_RECTANGLE_WITH_PARENT_FALLBACK,0.850459613196875,0.8505755275548565,0.65625,0.671875,8,x00_t10__finite_projective_depth9,0.0316656745200752,9.4824529261782e-08,True,,,7395.146469253021,0.00042533431233918444,0.9800772203596264,0.25414143305199655,1.30209759326483,0,,POINTWISE_SUPREMUM,9.329954810986082e-08,1.5249811519211752e-09,0.0,4.997907700017095,True,True,False,False,False,False,False,E03__U035__TOP__MAXIMUM_PHYSICAL_PATH_AREA,x00_t10,reciprocal|representative,plus,0.06373155636541197,0.25414133302702074,D4-deformed-contour-regular-away-W3-v51,checkpoint_5461_parent_v51_finite_cell
5464__x00_t11,5461_FINITE_PROJECTIVE_OWNER_CELL,E03,U035,MC04_SP_DP,B04,8,0,1,TOP,SIGN_DEFINITE_MONOTONE_PRINCIPAL_SQRT_RECTANGLE_WITH_PARENT_FALLBACK,0.850459613196875,0.8505755275548565,0.671875,0.6875,8,x00_t11__finite_projective_depth9,0.0316656745200752,9.4824529261782e-08,True,,,7165.750485558874,0.000448515936661163,0.9796072889647764,0.25414143305199655,1.3104189684611125,0,,POINTWISE_SUPREMUM,9.329954810986082e-08,1.5249811519211752e-09,0.0,4.993511100008618,True,True,False,False,False,False,False,E03__U035__TOP__MAXIMUM_PHYSICAL_PATH_AREA,x00_t11,reciprocal|representative,plus,0.06298428130771873,0.25414133302702074,D4-deformed-contour-regular-away-W3-v51,checkpoint_5461_parent_v51_finite_cell
5464__x00_t12,5461_FINITE_PROJECTIVE_OWNER_CELL,E03,U035,MC04_SP_DP,B04,8,0,1,TOP,SIGN_DEFINITE_MONOTONE_PRINCIPAL_SQRT_RECTANGLE_WITH_PARENT_FALLBACK,0.850459613196875,0.8505755275548565,0.6875,0.703125,8,x00_t12__finite_projective_depth9,0.0316656745200752,9.4824529261782e-08,True,,,6984.843337041618,0.00047175674466192933,0.9791492115412549,0.25414143305199655,1.3199235642216112,0,,POINTWISE_SUPREMUM,9.329954810986082e-08,1.5249811519211752e-09,0.0,5.007134599960409,True,True,False,False,False,False,False,E03__U035__TOP__MAXIMUM_PHYSICAL_PATH_AREA,x00_t12,reciprocal|representative,plus,0.06226449058068944,0.25414133302702074,D4-deformed-contour-regular-away-W3-v51,checkpoint_5461_parent_v51_finite_cell
5464__x00_t13,5461_FINITE_PROJECTIVE_OWNER_CELL,E03,U035,MC04_SP_DP,B04,8,0,1,TOP,SIGN_DEFINITE_MONOTONE_PRINCIPAL_SQRT_RECTANGLE_WITH_PARENT_FALLBACK,0.850459613196875,0.8505755275548565,0.703125,0.71875,8,x00_t13__finite_projective_depth9,0.0316656745200752,9.4824529261782e-08,True,,,6811.724147931171,0.0004950698260109019,0.9787038734759946,0.25414143305199655,1.3306424870288498,0,,POINTWISE_SUPREMUM,9.329954810986082e-08,1.5249811519211752e-09,0.0,5.236858799995389,True,True,False,False,False,False,False,E03__U035__TOP__MAXIMUM_PHYSICAL_PATH_AREA,x00_t13,reciprocal|representative,plus,0.06157318603717326,0.25414133302702074,D4-deformed-contour-regular-away-W3-v51,checkpoint_5461_parent_v51_finite_cell
5464__x00_t14,5461_FINITE_PROJECTIVE_OWNER_CELL,E03,U035,MC04_SP_DP,B04,8,0,1,TOP,SIGN_DEFINITE_MONOTONE_PRINCIPAL_SQRT_RECTANGLE_WITH_PARENT_FALLBACK,0.850459613196875,0.8505755275548565,0.71875,0.734375,8,x00_t14__finite_projective_depth9,0.0316656745200752,9.4824529261782e-08,True,,,6617.018407245253,0.0005184689637811697,0.97827216397868,0.25414143305199655,1.3425793138244297,0,,POINTWISE_SUPREMUM,9.329954810986082e-08,1.5249811519211752e-09,0.0,5.062882400001399,True,True,False,False,False,False,False,E03__U035__TOP__MAXIMUM_PHYSICAL_PATH_AREA,x00_t14,reciprocal|representative,plus,0.06091137721084424,0.25414133302702074,D4-deformed-contour-regular-away-W3-v51,checkpoint_5461_parent_v51_finite_cell
5464__x00_t15,5461_FINITE_PROJECTIVE_OWNER_CELL,E03,U035,MC04_SP_DP,B04,8,0,1,TOP,SIGN_DEFINITE_MONOTONE_PRINCIPAL_SQRT_RECTANGLE_WITH_PARENT_FALLBACK,0.850459613196875,0.8505755275548565,0.734375,0.75,8,x00_t15__finite_projective_depth9,0.0316656745200752,9.4824529261782e-08,True,,,6396.4403868015115,0.0005419686092052829,0.9778549687894276,0.25414143305199655,1.35570458236965,0,,POINTWISE_SUPREMUM,9.329954810986082e-08,1.5249811519211752e-09,0.0,4.993105300003663,True,True,False,False,False,False,False,E03__U035__TOP__MAXIMUM_PHYSICAL_PATH_AREA,x00_t15,reciprocal|representative,plus,0.06028007675490763,0.25414133302702074,D4-deformed-contour-regular-away-W3-v51,checkpoint_5461_parent_v51_finite_cell
5464__x00_t16,5461_FINITE_PROJECTIVE_OWNER_CELL,E03,U035,MC04_SP_DP,B04,8,0,1,TOP,SIGN_DEFINITE_MONOTONE_PRINCIPAL_SQRT_RECTANGLE_WITH_PARENT_FALLBACK,0.850459613196875,0.8505755275548565,0.75,0.765625,8,x00_t16__finite_projective_depth9,0.0316656745200752,9.4824529261782e-08,True,,,6147.12706005451,0.0005655838326677415,0.9774531620886007,0.25414143305199655,1.3699548213744437,0,,POINTWISE_SUPREMUM,9.329954810986082e-08,1.5249811519211752e-09,0.0,5.168612799956463,True,True,False,False,False,False,False,E03__U035__TOP__MAXIMUM_PHYSICAL_PATH_AREA,x00_t16,reciprocal|representative,plus,0.05968029519786864,0.25414133302702074,D4-deformed-contour-regular-away-W3-v51,checkpoint_5461_parent_v51_finite_cell
5464__x00_t17,5461_FINITE_PROJECTIVE_OWNER_CELL,E03,U035,MC04_SP_DP,B04,8,0,1,TOP,SIGN_DEFINITE_MONOTONE_PRINCIPAL_SQRT_RECTANGLE_WITH_PARENT_FALLBACK,0.850459613196875,0.8505755275548565,0.765625,0.78125,8,x00_t17__finite_projective_depth9,0.0316656745200752,9.4824529261782e-08,True,,,5867.69717194764,0.0005893302718245095,0.9770675976704644,0.25414143305199655,1.3852410858723303,0,,POINTWISE_SUPREMUM,9.329954810986082e-08,1.5249811519211752e-09,0.0,5.32746960001532,True,True,False,False,False,False,False,E03__U035__TOP__MAXIMUM_PHYSICAL_PATH_AREA,x00_t17,reciprocal|representative,plus,0.05911303524184916,0.25414133302702074,D4-deformed-contour-regular-away-W3-v51,checkpoint_5461_parent_v51_finite_cell
5464__x00_t18,5461_FINITE_PROJECTIVE_OWNER_CELL,E03,U035,MC04_SP_DP,B04,8,0,1,TOP,SIGN_DEFINITE_MONOTONE_PRINCIPAL_SQRT_RECTANGLE_WITH_PARENT_FALLBACK,0.850459613196875,0.8505755275548565,0.78125,0.796875,8,x00_t18__finite_projective_depth9,0.0316656745200752,9.4824529261782e-08,True,,,5558.315731263879,0.0006132240658495756,0.9766990994742891,0.25414143305199655,1.401454794798114,0,,POINTWISE_SUPREMUM,9.329954810986082e-08,1.5249811519211752e-09,0.0,5.259388000005856,True,True,False,False,False,False,False,E03__U035__TOP__MAXIMUM_PHYSICAL_PATH_AREA,x00_t18,reciprocal|representative,plus,0.05857928552170532,0.25414133302702074,D4-deformed-contour-regular-away-W3-v51,checkpoint_5461_parent_v51_finite_cell
5464__x00_t19,5461_FINITE_PROJECTIVE_OWNER_CELL,E03,U035,MC04_SP_DP,B04,8,0,1,TOP,SIGN_DEFINITE_MONOTONE_PRINCIPAL_SQRT_RECTANGLE_WITH_PARENT_FALLBACK,0.850459613196875,0.8505755275548565,0.796875,0.8125,8,x00_t19__finite_projective_depth9,0.0316656745200752,9.4824529261782e-08,True,,,5220.770578165161,0.0006372817778367621,0.9763484516004308,0.25414143305199655,1.418463400448833,0,,POINTWISE_SUPREMUM,9.329954810986082e-08,1.5249811519211752e-09,0.0,5.365285700012464,True,True,False,False,False,False,False,E03__U035__TOP__MAXIMUM_PHYSICAL_PATH_AREA,x00_t19,reciprocal|representative,plus,0.05808001388923425,0.25414133302702074,D4-deformed-contour-regular-away-W3-v51,checkpoint_5461_parent_v51_finite_cell
5464__x00_t20,5461_FINITE_PROJECTIVE_OWNER_CELL,E03,U035,MC04_SP_DP,B04,8,0,1,TOP,SIGN_DEFINITE_MONOTONE_PRINCIPAL_SQRT_RECTANGLE_WITH_PARENT_FALLBACK,0.850459613196875,0.8505755275548565,0.8125,0.828125,8,x00_t20__finite_projective_depth9,0.0316656745200752,9.4824529261782e-08,True,,,4860.867312369549,0.000661520305551601,0.9760163879735467,0.25414143305199655,1.4353811192134522,0,,POINTWISE_SUPREMUM,9.329954810986082e-08,1.5249811519211752e-09,0.0,5.010196299990639,True,True,False,False,False,False,False,E03__U035__TOP__MAXIMUM_PHYSICAL_PATH_AREA,x00_t20,reciprocal|representative,plus,0.057616160283821466,0.25414133302702074,D4-deformed-contour-regular-away-W3-v51,checkpoint_5461_parent_v51_finite_cell
5464__x00_t21,5461_FINITE_PROJECTIVE_OWNER_CELL,E03,U035,MC04_SP_DP,B04,8,0,1,TOP,SIGN_DEFINITE_MONOTONE_PRINCIPAL_SQRT_RECTANGLE_WITH_PARENT_FALLBACK,0.850459613196875,0.8505755275548565,0.828125,0.84375,8,x00_t21__finite_projective_depth9,0.0316656745200752,9.4824529261782e-08,True,,,4489.773867137366,0.0006859567812845571,0.9757035818487227,0.25414143305199655,1.4497574412022642,0,,POINTWISE_SUPREMUM,9.329954810986082e-08,1.5249811519211752e-09,0.0,5.320998599985614,True,True,False,False,False,False,False,E03__U035__TOP__MAXIMUM_PHYSICAL_PATH_AREA,x00_t21,reciprocal|representative,plus,0.0571886292725833,0.25414133302702074,D4-deformed-contour-regular-away-W3-v51,checkpoint_5461_parent_v51_finite_cell
5464__x00_t22,5461_FINITE_PROJECTIVE_OWNER_CELL,E03,U035,MC04_SP_DP,B04,8,0,1,TOP,SIGN_DEFINITE_MONOTONE_PRINCIPAL_SQRT_RECTANGLE_WITH_PARENT_FALLBACK,0.850459613196875,0.8505755275548565,0.84375,0.859375,8,x00_t22__finite_projective_depth9,0.0316656745200752,9.4824529261782e-08,True,,,4108.267765776172,0.0007106084614304033,0.9754106353869774,0.25414143305199655,1.4626424125447801,0,,POINTWISE_SUPREMUM,9.329954810986082e-08,1.5249811519211752e-09,0.0,5.010306200012565,True,True,False,False,False,False,False,E03__U035__TOP__MAXIMUM_PHYSICAL_PATH_AREA,x00_t22,reciprocal|representative,plus,0.05679828235811136,0.25414133302702074,D4-deformed-contour-regular-away-W3-v51,checkpoint_5461_parent_v51_finite_cell
5464__x00_t23,5461_FINITE_PROJECTIVE_OWNER_CELL,E03,U035,MC04_SP_DP,B04,8,0,1,TOP,SIGN_DEFINITE_MONOTONE_PRINCIPAL_SQRT_RECTANGLE_WITH_PARENT_FALLBACK,0.850459613196875,0.8505755275548565,0.859375,0.875,8,x00_t23__finite_projective_depth9,0.0316656745200752,9.4824529261782e-08,True,,,3717.739990531366,0.0007354926074598126,0.9751380695521521,0.25414143305199655,1.4752093289135446,0,,POINTWISE_SUPREMUM,9.329954810986082e-08,1.5249811519211752e-09,0.0,5.041357300011441,True,True,False,False,False,False,False,E03__U035__TOP__MAXIMUM_PHYSICAL_PATH_AREA,x00_t23,reciprocal|representative,plus,0.0564459301772948,0.25414133302702074,D4-deformed-contour-regular-away-W3-v51,checkpoint_5461_parent_v51_finite_cell
5464__x00_t24,5461_FINITE_PROJECTIVE_OWNER_CELL,E03,U035,MC04_SP_DP,B04,8,0,1,TOP,SIGN_DEFINITE_MONOTONE_PRINCIPAL_SQRT_RECTANGLE_WITH_PARENT_FALLBACK,0.850459613196875,0.8505755275548565,0.875,0.890625,8,x00_t24__finite_projective_depth9,0.0316656745200752,9.4824529261782e-08,True,,,3324.3732259898698,0.0007606263598704396,0.9748863145994469,0.25414143305199655,1.487398206769194,0,,POINTWISE_SUPREMUM,9.329954810986082e-08,1.5249811519211752e-09,0.0,5.022680900001433,True,True,False,False,False,False,False,E03__U035__TOP__MAXIMUM_PHYSICAL_PATH_AREA,x00_t24,reciprocal|representative,plus,0.05613232472739333,0.25414133302702074,D4-deformed-contour-regular-away-W3-v51,checkpoint_5461_parent_v51_finite_cell
5464__x00_t25,5461_FINITE_PROJECTIVE_OWNER_CELL,E03,U035,MC04_SP_DP,B04,8,0,1,TOP,SIGN_DEFINITE_MONOTONE_PRINCIPAL_SQRT_RECTANGLE_WITH_PARENT_FALLBACK,0.850459613196875,0.8505755275548565,0.890625,0.90625,8,x00_t25__finite_projective_depth9,0.0316656745200752,9.4824529261782e-08,True,,,2937.5865822472924,0.0007860266072260032,0.9746557014346846,0.25414143305199655,1.4991511077477777,0,,POINTWISE_SUPREMUM,9.329954810986082e-08,1.5249811519211752e-09,0.0,5.061634299985599,True,True,False,False,False,False,False,E03__U035__TOP__MAXIMUM_PHYSICAL_PATH_AREA,x00_t25,reciprocal|representative,plus,0.05585815177124327,0.25414133302702074,D4-deformed-contour-regular-away-W3-v51,checkpoint_5461_parent_v51_finite_cell
5464__x00_t26,5461_FINITE_PROJECTIVE_OWNER_CELL,E03,U035,MC04_SP_DP,B04,8,0,1,TOP,SIGN_DEFINITE_MONOTONE_PRINCIPAL_SQRT_RECTANGLE_WITH_PARENT_FALLBACK,0.850459613196875,0.8505755275548565,0.90625,0.921875,8,x00_t26__finite_projective_depth9,0.0316656745200752,9.4824529261782e-08,True,,,2568.274176893196,0.0008117098526849544,0.9744464541210311,0.25414143305199655,1.5103891520916206,0,,POINTWISE_SUPREMUM,9.329954810986082e-08,1.5249811519211752e-09,0.0,5.400529200036544,True,True,False,False,False,False,False,E03__U035__TOP__MAXIMUM_PHYSICAL_PATH_AREA,x00_t26,reciprocal|representative,plus,0.0556240235831875,0.25414133302702074,D4-deformed-contour-regular-away-W3-v51,checkpoint_5461_parent_v51_finite_cell
5464__x00_t27,5461_FINITE_PROJECTIVE_OWNER_CELL,E03,U035,MC04_SP_DP,B04,8,0,1,TOP,SIGN_DEFINITE_MONOTONE_PRINCIPAL_SQRT_RECTANGLE_WITH_PARENT_FALLBACK,0.850459613196875,0.8505755275548565,0.921875,0.9375,8,x00_t27__finite_projective_depth9,0.0316656745200752,9.4824529261782e-08,True,,,2224.6659129987224,0.0008375126807649171,0.9742586837950693,0.25414143305199655,1.5209883484016333,0,,POINTWISE_SUPREMUM,9.329954810986082e-08,1.5249811519211752e-09,0.0,5.274462400004268,True,True,False,False,False,False,False,E03__U035__TOP__MAXIMUM_PHYSICAL_PATH_AREA,x00_t27,reciprocal|representative,plus,0.05543047220186394,0.25414133302702074,D4-deformed-contour-regular-away-W3-v51,checkpoint_5461_parent_v51_finite_cell
5464__x00_t28,5461_FINITE_PROJECTIVE_OWNER_CELL,E03,U035,MC04_SP_DP,B04,8,0,1,TOP,SIGN_DEFINITE_MONOTONE_PRINCIPAL_SQRT_RECTANGLE_WITH_PARENT_FALLBACK,0.850459613196875,0.8505755275548565,0.9375,0.953125,8,x00_t28__finite_projective_depth9,0.0316656745200752,9.4824529261782e-08,True,,,1911.250063858031,0.0008633994774357291,0.9740923842263373,0.25414143305199655,1.5309976363974083,0,,POINTWISE_SUPREMUM,9.329954810986082e-08,1.5249811519211752e-09,0.0,5.089910099981353,True,True,False,False,False,False,False,E03__U035__TOP__MAXIMUM_PHYSICAL_PATH_AREA,x00_t28,reciprocal|representative,plus,0.0552779433543985,0.25414133302702074,D4-deformed-contour-regular-away-W3-v51,checkpoint_5461_parent_v51_finite_cell
5464__x00_t29,5461_FINITE_PROJECTIVE_OWNER_CELL,E03,U035,MC04_SP_DP,B04,8,0,1,TOP,SIGN_DEFINITE_MONOTONE_PRINCIPAL_SQRT_RECTANGLE_WITH_PARENT_FALLBACK,0.850459613196875,0.8505755275548565,0.953125,0.96875,8,x00_t29__finite_projective_depth9,0.0316656745200752,9.4824529261782e-08,True,,,1621.3796387221853,0.000889613008207968,0.9739474292138715,0.25414143305199655,1.5403726969910905,0,,POINTWISE_SUPREMUM,9.329954810986082e-08,1.5249811519211752e-09,0.0,5.092592199973296,True,True,False,False,False,False,False,E03__U035__TOP__MAXIMUM_PHYSICAL_PATH_AREA,x00_t29,reciprocal|representative,plus,0.05516679120824453,0.25414133302702074,D4-deformed-contour-regular-away-W3-v51,checkpoint_5461_parent_v51_finite_cell
5464__x00_t30,5461_FINITE_PROJECTIVE_OWNER_CELL,E03,U035,MC04_SP_DP,B04,8,0,1,TOP,SIGN_DEFINITE_MONOTONE_PRINCIPAL_SQRT_RECTANGLE_WITH_PARENT_FALLBACK,0.850459613196875,0.8505755275548565,0.96875,0.984375,8,x00_t30__finite_projective_depth9,0.0316656745200752,9.4824529261782e-08,True,,,1385.4556657649741,0.0009161669171699624,0.9738235719612608,0.25414143305199655,1.5489478805676276,0,,POINTWISE_SUPREMUM,9.329954810986082e-08,1.5249811519211752e-09,0.0,5.227842900028918,True,True,False,False,False,False,False,E03__U035__TOP__MAXIMUM_PHYSICAL_PATH_AREA,x00_t30,reciprocal|representative,plus,0.05509727409172526,0.25414133302702074,D4-deformed-contour-regular-away-W3-v51,checkpoint_5461_parent_v51_finite_cell
5464__x00_t31,5461_FINITE_PROJECTIVE_OWNER_CELL,E03,U035,MC04_SP_DP,B04,8,0,1,TOP,SIGN_DEFINITE_MONOTONE_PRINCIPAL_SQRT_RECTANGLE_WITH_PARENT_FALLBACK,0.850459613196875,0.8505755275548565,0.984375,1.0,8,x00_t31__finite_projective_depth9,0.0316656745200752,9.4824529261782e-08,True,,,1235.0167034964938,0.0009430738612295612,0.9737204465102943,0.25414143305199655,1.5566165973059138,0,,POINTWISE_SUPREMUM,9.329954810986082e-08,1.5249811519211752e-09,0.0,5.046010299993213,True,True,False,False,False,False,False,E03__U035__TOP__MAXIMUM_PHYSICAL_PATH_AREA,x00_t31,reciprocal|representative,plus,0.05506955130255094,0.25414133302702074,D4-deformed-contour-regular-away-W3-v51,checkpoint_5461_parent_v51_finite_cell
5464__x01_t00,5461_FINITE_PROJECTIVE_OWNER_CELL,E03,U035,MC04_SP_DP,B04,8,0,1,TOP,SIGN_DEFINITE_MONOTONE_PRINCIPAL_SQRT_RECTANGLE_WITH_PARENT_FALLBACK,0.8505755275548565,0.8506914419128381,0.5,0.515625,8,x01_t00__finite_projective_depth9,0.0316656745200752,9.4824529261782e-08,True,,,14718.57957158366,0.0001836386743814956,0.9856556255102946,0.2540348853845197,1.260482679655138,0,,POINTWISE_SUPREMUM,9.331624990148314e-08,1.5082793602988535e-09,0.0,2.7937366999685764,True,True,False,False,False,False,False,E03__U035__TOP__MAXIMUM_PHYSICAL_PATH_AREA,x01_t00,reciprocal,plus,0.07249574963236383,0.25403478535954394,D4-deformed-contour-regular-away-W3-v51,checkpoint_5461_parent_v51_finite_cell
5464__x01_t01,5461_FINITE_PROJECTIVE_OWNER_CELL,E03,U035,MC04_SP_DP,B04,8,0,1,TOP,SIGN_DEFINITE_MONOTONE_PRINCIPAL_SQRT_RECTANGLE_WITH_PARENT_FALLBACK,0.8505755275548565,0.8506914419128381,0.515625,0.53125,8,x01_t01__finite_projective_depth9,0.0316656745200752,9.4824529261782e-08,True,,,14092.853224726503,0.00019824049566061422,0.985111055304978,0.2540348853845197,1.2633878184004526,0,,POINTWISE_SUPREMUM,9.331624990148314e-08,1.5082793602988535e-09,0.0,2.847970800008625,True,True,False,False,False,False,False,E03__U035__TOP__MAXIMUM_PHYSICAL_PATH_AREA,x01_t01,reciprocal,plus,0.07152465879696547,0.25403478535954394,D4-deformed-contour-regular-away-W3-v51,checkpoint_5461_parent_v51_finite_cell
5464__x01_t02,5461_FINITE_PROJECTIVE_OWNER_CELL,E03,U035,MC04_SP_DP,B04,8,0,1,TOP,SIGN_DEFINITE_MONOTONE_PRINCIPAL_SQRT_RECTANGLE_WITH_PARENT_FALLBACK,0.8505755275548565,0.8506914419128381,0.53125,0.546875,8,x01_t02__finite_projective_depth9,0.0316656745200752,9.4824529261782e-08,True,,,13335.994504486796,0.00021511683648514542,0.9845707270306157,0.2540348853845197,1.2656105737015821,0,,POINTWISE_SUPREMUM,9.331624990148314e-08,1.5082793602988535e-09,0.0,2.878433200006839,True,True,False,False,False,False,False,E03__U035__TOP__MAXIMUM_PHYSICAL_PATH_AREA,x01_t02,reciprocal,plus,0.07057211454589665,0.25403478535954394,D4-deformed-contour-regular-away-W3-v51,checkpoint_5461_parent_v51_finite_cell
5464__x01_t03,5461_FINITE_PROJECTIVE_OWNER_CELL,E03,U035,MC04_SP_DP,B04,8,0,1,TOP,SIGN_DEFINITE_MONOTONE_PRINCIPAL_SQRT_RECTANGLE_WITH_PARENT_FALLBACK,0.8505755275548565,0.8506914419128381,0.546875,0.5625,8,x01_t03__finite_projective_depth9,0.0316656745200752,9.4824529261782e-08,True,,,12548.473712778597,0.0002338177687090606,0.9840352606130965,0.2540348853845197,1.2679071561057194,0,,POINTWISE_SUPREMUM,9.331624990148314e-08,1.5082793602988535e-09,0.0,2.7856572999735363,True,True,False,False,False,False,False,E03__U035__TOP__MAXIMUM_PHYSICAL_PATH_AREA,x01_t03,reciprocal,plus,0.06963889692890639,0.25403478535954394,D4-deformed-contour-regular-away-W3-v51,checkpoint_5461_parent_v51_finite_cell
5464__x01_t04,5461_FINITE_PROJECTIVE_OWNER_CELL,E03,U035,MC04_SP_DP,B04,8,0,1,TOP,SIGN_DEFINITE_MONOTONE_PRINCIPAL_SQRT_RECTANGLE_WITH_PARENT_FALLBACK,0.8505755275548565,0.8506914419128381,0.5625,0.578125,8,x01_t04__finite_projective_depth9,0.0316656745200752,9.4824529261782e-08,True,,,11788.590233980989,0.0002539832731080636,0.9835053110462554,0.2540348853845197,1.270575564581833,0,,POINTWISE_SUPREMUM,9.331624990148314e-08,1.5082793602988535e-09,0.0,2.6450987000134774,True,True,False,False,False,False,False,E03__U035__TOP__MAXIMUM_PHYSICAL_PATH_AREA,x01_t04,reciprocal,plus,0.06872581390963783,0.25403478535954394,D4-deformed-contour-regular-away-W3-v51,checkpoint_5461_parent_v51_finite_cell
5464__x01_t05,5461_FINITE_PROJECTIVE_OWNER_CELL,E03,U035,MC04_SP_DP,B04,8,0,1,TOP,SIGN_DEFINITE_MONOTONE_PRINCIPAL_SQRT_RECTANGLE_WITH_PARENT_FALLBACK,0.8505755275548565,0.8506914419128381,0.578125,0.59375,8,x01_t05__finite_projective_depth9,0.0316656745200752,9.4824529261782e-08,True,,,11082.505179203836,0.00027533487147629897,0.9829815680008485,0.2540348853845197,1.2737799706218762,0,,POINTWISE_SUPREMUM,9.331624990148314e-08,1.5082793602988535e-09,0.0,2.811770499974955,True,True,False,False,False,False,False,E03__U035__TOP__MAXIMUM_PHYSICAL_PATH_AREA,x01_t05,reciprocal,plus,0.0678337009857814,0.25403478535954394,D4-deformed-contour-regular-away-W3-v51,checkpoint_5461_parent_v51_finite_cell
5464__x01_t06,5461_FINITE_PROJECTIVE_OWNER_CELL,E03,U035,MC04_SP_DP,B04,8,0,1,TOP,SIGN_DEFINITE_MONOTONE_PRINCIPAL_SQRT_RECTANGLE_WITH_PARENT_FALLBACK,0.8505755275548565,0.8506914419128381,0.59375,0.609375,8,x01_t06__finite_projective_depth9,0.0316656745200752,9.4824529261782e-08,True,,,10437.544279360834,0.0002976609208302944,0.9824647549874116,0.2540348853845197,1.2776449556580658,0,,POINTWISE_SUPREMUM,9.331624990148314e-08,1.5082793602988535e-09,0.0,2.678277299972251,True,True,False,False,False,False,False,E03__U035__TOP__MAXIMUM_PHYSICAL_PATH_AREA,x01_t06,reciprocal,plus,0.06696342054160383,0.25403478535954394,D4-deformed-contour-regular-away-W3-v51,checkpoint_5461_parent_v51_finite_cell
5464__x01_t07,5461_FINITE_PROJECTIVE_OWNER_CELL,E03,U035,MC04_SP_DP,B04,8,0,1,TOP,SIGN_DEFINITE_MONOTONE_PRINCIPAL_SQRT_RECTANGLE_WITH_PARENT_FALLBACK,0.8505755275548565,0.8506914419128381,0.609375,0.625,8,x01_t07__finite_projective_depth9,0.0316656745200752,9.4824529261782e-08,True,,,9869.330807074493,0.00032079673950643713,0.981955628009314,0.2540348853845197,1.2822367124494234,0,,POINTWISE_SUPREMUM,9.331624990148314e-08,1.5082793602988535e-09,0.0,2.862964399973862,True,True,False,False,False,False,False,E03__U035__TOP__MAXIMUM_PHYSICAL_PATH_AREA,x01_t07,reciprocal,plus,0.06611586090204002,0.25403478535954394,D4-deformed-contour-regular-away-W3-v51,checkpoint_5461_parent_v51_finite_cell
5464__x01_t08,5461_FINITE_PROJECTIVE_OWNER_CELL,E03,U035,MC04_SP_DP,B04,8,0,1,TOP,SIGN_DEFINITE_MONOTONE_PRINCIPAL_SQRT_RECTANGLE_WITH_PARENT_FALLBACK,0.8505755275548565,0.8506914419128381,0.625,0.640625,8,x01_t08__finite_projective_depth9,0.0316656745200752,9.4824529261782e-08,True,,,9398.37601138182,0.00034422821439624335,0.9814549736415332,0.2540348853845197,1.2874720667885682,0,,POINTWISE_SUPREMUM,9.331624990148314e-08,1.5082793602988535e-09,0.0,2.6589159999857657,True,True,False,False,False,False,False,E03__U035__TOP__MAXIMUM_PHYSICAL_PATH_AREA,x01_t08,reciprocal,plus,0.06529193504024132,0.25403478535954394,D4-deformed-contour-regular-away-W3-v51,checkpoint_5461_parent_v51_finite_cell
5464__x01_t09,5461_FINITE_PROJECTIVE_OWNER_CELL,E03,U035,MC04_SP_DP,B04,8,0,1,TOP,SIGN_DEFINITE_MONOTONE_PRINCIPAL_SQRT_RECTANGLE_WITH_PARENT_FALLBACK,0.8505755275548565,0.8506914419128381,0.640625,0.65625,8,x01_t09__finite_projective_depth9,0.0316656745200752,9.4824529261782e-08,True,,,8990.3575778611,0.0003676847736804194,0.9809636064717886,0.2540348853845197,1.293669462237564,0,,POINTWISE_SUPREMUM,9.331624990148314e-08,1.5082793602988535e-09,0.0,2.9051754999672994,True,True,False,False,False,False,False,E03__U035__TOP__MAXIMUM_PHYSICAL_PATH_AREA,x01_t09,reciprocal,plus,0.06449257891021233,0.25403478535954394,D4-deformed-contour-regular-away-W3-v51,checkpoint_5461_parent_v51_finite_cell
5464__x01_t10,5461_FINITE_PROJECTIVE_OWNER_CELL,E03,U035,MC04_SP_DP,B04,8,0,1,TOP,SIGN_DEFINITE_MONOTONE_PRINCIPAL_SQRT_RECTANGLE_WITH_PARENT_FALLBACK,0.8505755275548565,0.8506914419128381,0.65625,0.671875,8,x01_t10__finite_projective_depth9,0.0316656745200752,9.4824529261782e-08,True,,,8618.607134364787,0.0003911771917394698,0.980482365844125,0.2540348853845197,1.3008681195399574,0,,POINTWISE_SUPREMUM,9.331624990148314e-08,1.5082793602988535e-09,0.0,2.671805999998469,True,True,False,False,False,False,False,E03__U035__TOP__MAXIMUM_PHYSICAL_PATH_AREA,x01_t10,reciprocal,plus,0.06371874936221841,0.25403478535954394,D4-deformed-contour-regular-away-W3-v51,checkpoint_5461_parent_v51_finite_cell
5464__x01_t11,5461_FINITE_PROJECTIVE_OWNER_CELL,E03,U035,MC04_SP_DP,B04,8,0,1,TOP,SIGN_DEFINITE_MONOTONE_PRINCIPAL_SQRT_RECTANGLE_WITH_PARENT_FALLBACK,0.8505755275548565,0.8506914419128381,0.671875,0.6875,8,x01_t11__finite_projective_depth9,0.0316656745200752,9.4824529261782e-08,True,,,8266.72487781466,0.0004147169680513081,0.9800121118513411,0.2540348853845197,1.3091852251240104,0,,POINTWISE_SUPREMUM,9.331624990148314e-08,1.5082793602988535e-09,0.0,5.110295800026506,True,True,False,False,False,False,False,E03__U035__TOP__MAXIMUM_PHYSICAL_PATH_AREA,x01_t11,reciprocal|representative,plus,0.06297142160509138,0.25403478535954394,D4-deformed-contour-regular-away-W3-v51,checkpoint_5461_parent_v51_finite_cell
5464__x01_t12,5461_FINITE_PROJECTIVE_OWNER_CELL,E03,U035,MC04_SP_DP,B04,8,0,1,TOP,SIGN_DEFINITE_MONOTONE_PRINCIPAL_SQRT_RECTANGLE_WITH_PARENT_FALLBACK,0.8505755275548565,0.8506914419128381,0.6875,0.703125,8,x01_t12__finite_projective_depth9,0.0316656745200752,9.4824529261782e-08,True,,,7972.713034775542,0.00043831632302165826,0.9795537205322091,0.2540348853845197,1.3186859413646537,0,,POINTWISE_SUPREMUM,9.331624990148314e-08,1.5082793602988535e-09,0.0,4.995136699988507,True,True,False,False,False,False,False,E03__U035__TOP__MAXIMUM_PHYSICAL_PATH_AREA,x01_t12,reciprocal|representative,plus,0.06225158618202796,0.25403478535954394,D4-deformed-contour-regular-away-W3-v51,checkpoint_5461_parent_v51_finite_cell
5464__x01_t13,5461_FINITE_PROJECTIVE_OWNER_CELL,E03,U035,MC04_SP_DP,B04,8,0,1,TOP,SIGN_DEFINITE_MONOTONE_PRINCIPAL_SQRT_RECTANGLE_WITH_PARENT_FALLBACK,0.8505755275548565,0.8506914419128381,0.703125,0.71875,8,x01_t13__finite_projective_depth9,0.0316656745200752,9.4824529261782e-08,True,,,7711.945195893037,0.00046198818557961513,0.9791080782426428,0.2540348853845197,1.329401268770659,0,,POINTWISE_SUPREMUM,9.331624990148314e-08,1.5082793602988535e-09,0.0,5.007796099991538,True,True,False,False,False,False,False,E03__U035__TOP__MAXIMUM_PHYSICAL_PATH_AREA,x01_t13,reciprocal|representative,plus,0.061560245430988494,0.25403478535954394,D4-deformed-contour-regular-away-W3-v51,checkpoint_5461_parent_v51_finite_cell
5464__x01_t14,5461_FINITE_PROJECTIVE_OWNER_CELL,E03,U035,MC04_SP_DP,B04,8,0,1,TOP,SIGN_DEFINITE_MONOTONE_PRINCIPAL_SQRT_RECTANGLE_WITH_PARENT_FALLBACK,0.8505755275548565,0.8506914419128381,0.71875,0.734375,8,x01_t14__finite_projective_depth9,0.0316656745200752,9.4824529261782e-08,True,,,7436.582640663942,0.0004857461694602194,0.9786760751871435,0.2540348853845197,1.3413347887951432,0,,POINTWISE_SUPREMUM,9.331624990148314e-08,1.5082793602988535e-09,0.0,5.007336300041061,True,True,False,False,False,False,False,E03__U035__TOP__MAXIMUM_PHYSICAL_PATH_AREA,x01_t14,reciprocal|representative,plus,0.060898409386169736,0.25403478535954394,D4-deformed-contour-regular-away-W3-v51,checkpoint_5461_parent_v51_finite_cell
5464__x01_t15,5461_FINITE_PROJECTIVE_OWNER_CELL,E03,U035,MC04_SP_DP,B04,8,0,1,TOP,SIGN_DEFINITE_MONOTONE_PRINCIPAL_SQRT_RECTANGLE_WITH_PARENT_FALLBACK,0.8505755275548565,0.8506914419128381,0.734375,0.75,8,x01_t15__finite_projective_depth9,0.0316656745200752,9.4824529261782e-08,True,,,7140.926080720738,0.0005096045479161564,0.9782585981180838,0.2540348853845197,1.3544569409006555,0,,POINTWISE_SUPREMUM,9.331624990148314e-08,1.5082793602988535e-09,0.0,5.057859399996232,True,True,False,False,False,False,False,E03__U035__TOP__MAXIMUM_PHYSICAL_PATH_AREA,x01_t15,reciprocal|representative,plus,0.060267091211890285,0.25403478535954394,D4-deformed-contour-regular-away-W3-v51,checkpoint_5461_parent_v51_finite_cell
5464__x01_t16,5461_FINITE_PROJECTIVE_OWNER_CELL,E03,U035,MC04_SP_DP,B04,8,0,1,TOP,SIGN_DEFINITE_MONOTONE_PRINCIPAL_SQRT_RECTANGLE_WITH_PARENT_FALLBACK,0.8505755275548565,0.8506914419128381,0.75,0.765625,8,x01_t16__finite_projective_depth9,0.0316656745200752,9.4824529261782e-08,True,,,6821.137047686024,0.0005335782053008692,0.9778565222356427,0.2540348853845197,1.3687043780456905,0,,POINTWISE_SUPREMUM,9.331624990148314e-08,1.5082793602988535e-09,0.0,5.152292400016449,True,True,False,False,False,False,False,E03__U035__TOP__MAXIMUM_PHYSICAL_PATH_AREA,x01_t16,reciprocal|representative,plus,0.059667301958186515,0.25403478535954394,D4-deformed-contour-regular-away-W3-v51,checkpoint_5461_parent_v51_finite_cell
5464__x01_t17,5461_FINITE_PROJECTIVE_OWNER_CELL,E03,U035,MC04_SP_DP,B04,8,0,1,TOP,SIGN_DEFINITE_MONOTONE_PRINCIPAL_SQRT_RECTANGLE_WITH_PARENT_FALLBACK,0.8505755275548565,0.8506914419128381,0.765625,0.78125,8,x01_t17__finite_projective_depth9,0.0316656745200752,9.4824529261782e-08,True,,,6475.193365759472,0.0005576825852874455,0.9774707023501192,0.2540348853845197,1.3839879321836128,0,,POINTWISE_SUPREMUM,9.331624990148314e-08,1.5082793602988535e-09,0.0,5.08489430003101,True,True,False,False,False,False,False,E03__U035__TOP__MAXIMUM_PHYSICAL_PATH_AREA,x01_t17,reciprocal|representative,plus,0.05910004485253769,0.25403478535954394,D4-deformed-contour-regular-away-W3-v51,checkpoint_5461_parent_v51_finite_cell
5464__x01_t18,5461_FINITE_PROJECTIVE_OWNER_CELL,E03,U035,MC04_SP_DP,B04,8,0,1,TOP,SIGN_DEFINITE_MONOTONE_PRINCIPAL_SQRT_RECTANGLE_WITH_PARENT_FALLBACK,0.8505755275548565,0.8506914419128381,0.78125,0.796875,8,x01_t18__finite_projective_depth9,0.0316656745200752,9.4824529261782e-08,True,,,6102.874024088201,0.000581933625623004,0.9771019634003204,0.2540348853845197,1.4001991168086936,0,,POINTWISE_SUPREMUM,9.331624990148314e-08,1.5082793602988535e-09,0.0,5.0744672999717295,True,True,False,False,False,False,False,E03__U035__TOP__MAXIMUM_PHYSICAL_PATH_AREA,x01_t18,reciprocal|representative,plus,0.058566309054765495,0.25403478535954394,D4-deformed-contour-regular-away-W3-v51,checkpoint_5461_parent_v51_finite_cell
5464__x01_t19,5461_FINITE_PROJECTIVE_OWNER_CELL,E03,U035,MC04_SP_DP,B04,8,0,1,TOP,SIGN_DEFINITE_MONOTONE_PRINCIPAL_SQRT_RECTANGLE_WITH_PARENT_FALLBACK,0.8505755275548565,0.8506914419128381,0.796875,0.8125,8,x01_t19__finite_projective_depth9,0.0316656745200752,9.4824529261782e-08,True,,,5705.777270326774,0.000606347681084011,0.9767510904556878,0.2540348853845197,1.4172052154986117,0,,POINTWISE_SUPREMUM,9.331624990148314e-08,1.5082793602988535e-09,0.0,5.0139960999949835,True,True,False,False,False,False,False,E03__U035__TOP__MAXIMUM_PHYSICAL_PATH_AREA,x01_t19,reciprocal|representative,plus,0.058067062935770374,0.25403478535954394,D4-deformed-contour-regular-away-W3-v51,checkpoint_5461_parent_v51_finite_cell
5464__x01_t20,5461_FINITE_PROJECTIVE_OWNER_CELL,E03,U035,MC04_SP_DP,B04,8,0,1,TOP,SIGN_DEFINITE_MONOTONE_PRINCIPAL_SQRT_RECTANGLE_WITH_PARENT_FALLBACK,0.8505755275548565,0.8506914419128381,0.8125,0.828125,8,x01_t20__finite_projective_depth9,0.0316656745200752,9.4824529261782e-08,True,,,5289.801442180552,0.000630941434911297,0.9764188183645472,0.2540348853845197,1.4341527539540568,0,,POINTWISE_SUPREMUM,9.331624990148314e-08,1.5082793602988535e-09,0.0,5.0711215999908745,True,True,False,False,False,False,False,E03__U035__TOP__MAXIMUM_PHYSICAL_PATH_AREA,x01_t20,reciprocal|representative,plus,0.057603246942301484,0.25403478535954394,D4-deformed-contour-regular-away-W3-v51,checkpoint_5461_parent_v51_finite_cell
5464__x01_t21,5461_FINITE_PROJECTIVE_OWNER_CELL,E03,U035,MC04_SP_DP,B04,8,0,1,TOP,SIGN_DEFINITE_MONOTONE_PRINCIPAL_SQRT_RECTANGLE_WITH_PARENT_FALLBACK,0.8505755275548565,0.8506914419128381,0.828125,0.84375,8,x01_t21__finite_projective_depth9,0.0316656745200752,9.4824529261782e-08,True,,,4867.022361110122,0.000655731799368435,0.976105821244543,0.2540348853845197,1.4484996319259484,0,,POINTWISE_SUPREMUM,9.331624990148314e-08,1.5082793602988535e-09,0.0,5.248282800021116,True,True,False,False,False,False,False,E03__U035__TOP__MAXIMUM_PHYSICAL_PATH_AREA,x01_t21,reciprocal|representative,plus,0.057175766129857496,0.25403478535954394,D4-deformed-contour-regular-away-W3-v51,checkpoint_5461_parent_v51_finite_cell
5464__x01_t22,5461_FINITE_PROJECTIVE_OWNER_CELL,E03,U035,MC04_SP_DP,B04,8,0,1,TOP,SIGN_DEFINITE_MONOTONE_PRINCIPAL_SQRT_RECTANGLE_WITH_PARENT_FALLBACK,0.8505755275548565,0.8506914419128381,0.84375,0.859375,8,x01_t22__finite_projective_depth9,0.0316656745200752,9.4824529261782e-08,True,,,4437.523872407751,0.0006807358063192916,0.9758127020420834,0.2540348853845197,1.461375926602497,0,,POINTWISE_SUPREMUM,9.331624990148314e-08,1.5082793602988535e-09,0.0,5.198659499990754,True,True,False,False,False,False,False,E03__U035__TOP__MAXIMUM_PHYSICAL_PATH_AREA,x01_t22,reciprocal|representative,plus,0.05678548246453047,0.25403478535954394,D4-deformed-contour-regular-away-W3-v51,checkpoint_5461_parent_v51_finite_cell
5464__x01_t23,5461_FINITE_PROJECTIVE_OWNER_CELL,E03,U035,MC04_SP_DP,B04,8,0,1,TOP,SIGN_DEFINITE_MONOTONE_PRINCIPAL_SQRT_RECTANGLE_WITH_PARENT_FALLBACK,0.8505755275548565,0.8506914419128381,0.859375,0.875,8,x01_t23__finite_projective_depth9,0.0316656745200752,9.4824529261782e-08,True,,,4002.4651829120858,0.0007059704891254632,0.9755399824132338,0.2540348853845197,1.4739344995205053,0,,POINTWISE_SUPREMUM,9.331624990148314e-08,1.5082793602988535e-09,0.0,5.1760013999883085,True,True,False,False,False,False,False,E03__U035__TOP__MAXIMUM_PHYSICAL_PATH_AREA,x01_t23,reciprocal|representative,plus,0.056433207013949126,0.25403478535954394,D4-deformed-contour-regular-away-W3-v51,checkpoint_5461_parent_v51_finite_cell
5464__x01_t24,5461_FINITE_PROJECTIVE_OWNER_CELL,E03,U035,MC04_SP_DP,B04,8,0,1,TOP,SIGN_DEFINITE_MONOTONE_PRINCIPAL_SQRT_RECTANGLE_WITH_PARENT_FALLBACK,0.8505755275548565,0.8506914419128381,0.875,0.890625,8,x01_t24__finite_projective_depth9,0.0316656745200752,9.4824529261782e-08,True,,,3568.114367087227,0.0007314527577156473,0.9752880931968032,0.2540348853845197,1.4861153838493497,0,,POINTWISE_SUPREMUM,9.331624990148314e-08,1.5082793602988535e-09,0.0,5.09351350000361,True,True,False,False,False,False,False,E03__U035__TOP__MAXIMUM_PHYSICAL_PATH_AREA,x01_t24,reciprocal|representative,plus,0.056119692166264896,0.25403478535954394,D4-deformed-contour-regular-away-W3-v51,checkpoint_5461_parent_v51_finite_cell
5464__x01_t25,5461_FINITE_PROJECTIVE_OWNER_CELL,E03,U035,MC04_SP_DP,B04,8,0,1,TOP,SIGN_DEFINITE_MONOTONE_PRINCIPAL_SQRT_RECTANGLE_WITH_PARENT_FALLBACK,0.8505755275548565,0.8506914419128381,0.890625,0.90625,8,x01_t25__finite_projective_depth9,0.0316656745200752,9.4824529261782e-08,True,,,3143.258800805437,0.0007571992688180255,0.975057365759215,0.2540348853845197,1.4978606561649797,0,,POINTWISE_SUPREMUM,9.331624990148314e-08,1.5082793602988535e-09,0.0,5.16295159998117,True,True,False,False,False,False,False,E03__U035__TOP__MAXIMUM_PHYSICAL_PATH_AREA,x01_t25,reciprocal|representative,plus,0.05584562402821965,0.25403478535954394,D4-deformed-contour-regular-away-W3-v51,checkpoint_5461_parent_v51_finite_cell
5464__x01_t26,5461_FINITE_PROJECTIVE_OWNER_CELL,E03,U035,MC04_SP_DP,B04,8,0,1,TOP,SIGN_DEFINITE_MONOTONE_PRINCIPAL_SQRT_RECTANGLE_WITH_PARENT_FALLBACK,0.8505755275548565,0.8506914419128381,0.90625,0.921875,8,x01_t26__finite_projective_depth9,0.0316656745200752,9.4824529261782e-08,True,,,2740.5431648356207,0.0007832262937630928,0.9748480244884205,0.2540348853845197,1.509090794904299,0,,POINTWISE_SUPREMUM,9.331624990148314e-08,1.5082793602988535e-09,0.0,5.141518599994015,True,True,False,False,False,False,False,E03__U035__TOP__MAXIMUM_PHYSICAL_PATH_AREA,x01_t26,reciprocal|representative,plus,0.05561161516427439,0.25403478535954394,D4-deformed-contour-regular-away-W3-v51,checkpoint_5461_parent_v51_finite_cell
5464__x01_t27,5461_FINITE_PROJECTIVE_OWNER_CELL,E03,U035,MC04_SP_DP,B04,8,0,1,TOP,SIGN_DEFINITE_MONOTONE_PRINCIPAL_SQRT_RECTANGLE_WITH_PARENT_FALLBACK,0.8505755275548565,0.8506914419128381,0.921875,0.9375,8,x01_t27__finite_projective_depth9,0.0316656745200752,9.4824529261782e-08,True,,,2366.1697740681216,0.0008094163902713894,0.9746601806992796,0.2540348853845197,1.5196830796497163,0,,POINTWISE_SUPREMUM,9.331624990148314e-08,1.5082793602988535e-09,0.0,5.121664500038605,True,True,False,False,False,False,False,E03__U035__TOP__MAXIMUM_PHYSICAL_PATH_AREA,x01_t27,reciprocal|representative,plus,0.05541819784315745,0.25403478535954394,D4-deformed-contour-regular-away-W3-v51,checkpoint_5461_parent_v51_finite_cell
5464__x01_t28,5461_FINITE_PROJECTIVE_OWNER_CELL,E03,U035,MC04_SP_DP,B04,8,0,1,TOP,SIGN_DEFINITE_MONOTONE_PRINCIPAL_SQRT_RECTANGLE_WITH_PARENT_FALLBACK,0.8505755275548565,0.8506914419128381,0.9375,0.953125,8,x01_t28__finite_projective_depth9,0.0316656745200752,9.4824529261782e-08,True,,,2027.3346032906607,0.0008356408728164655,0.9744938281849828,0.2540348853845197,1.5296858967589113,0,,POINTWISE_SUPREMUM,9.331624990148314e-08,1.5082793602988535e-09,0.0,5.135275900014676,True,True,False,False,False,False,False,E03__U035__TOP__MAXIMUM_PHYSICAL_PATH_AREA,x01_t28,reciprocal|representative,plus,0.05526581795660119,0.25403478535954394,D4-deformed-contour-regular-away-W3-v51,checkpoint_5461_parent_v51_finite_cell
5464__x01_t29,5461_FINITE_PROJECTIVE_OWNER_CELL,E03,U035,MC04_SP_DP,B04,8,0,1,TOP,SIGN_DEFINITE_MONOTONE_PRINCIPAL_SQRT_RECTANGLE_WITH_PARENT_FALLBACK,0.8505755275548565,0.8506914419128381,0.953125,0.96875,8,x01_t29__finite_projective_depth9,0.0316656745200752,9.4824529261782e-08,True,,,1716.3972745988146,0.0008621889249752835,0.9743488406084619,0.2540348853845197,1.5390543965399197,0,,POINTWISE_SUPREMUM,9.331624990148314e-08,1.5082793602988535e-09,0.0,5.079697499983013,True,True,False,False,False,False,False,E03__U035__TOP__MAXIMUM_PHYSICAL_PATH_AREA,x01_t29,reciprocal|representative,plus,0.055154829766717456,0.25403478535954394,D4-deformed-contour-regular-away-W3-v51,checkpoint_5461_parent_v51_finite_cell
5464__x01_t30,5461_FINITE_PROJECTIVE_OWNER_CELL,E03,U035,MC04_SP_DP,B04,8,0,1,TOP,SIGN_DEFINITE_MONOTONE_PRINCIPAL_SQRT_RECTANGLE_WITH_PARENT_FALLBACK,0.8505755275548565,0.8506914419128381,0.96875,0.984375,8,x01_t30__finite_projective_depth9,0.0316656745200752,9.4824529261782e-08,True,,,1459.0409567554664,0.000889073972110832,0.9742249708756179,0.2540348853845197,1.547621351374126,0,,POINTWISE_SUPREMUM,9.331624990148314e-08,1.5082793602988535e-09,0.0,5.051071399997454,True,True,False,False,False,False,False,E03__U035__TOP__MAXIMUM_PHYSICAL_PATH_AREA,x01_t30,reciprocal|representative,plus,0.05508549162325203,0.25403478535954394,D4-deformed-contour-regular-away-W3-v51,checkpoint_5461_parent_v51_finite_cell
5464__x01_t31,5461_FINITE_PROJECTIVE_OWNER_CELL,E03,U035,MC04_SP_DP,B04,8,0,1,TOP,SIGN_DEFINITE_MONOTONE_PRINCIPAL_SQRT_RECTANGLE_WITH_PARENT_FALLBACK,0.8505755275548565,0.8506914419128381,0.984375,1.0,8,x01_t31__finite_projective_depth9,0.0316656745200752,9.4824529261782e-08,True,,,1294.7735829923915,0.0009163084637341178,0.9741218525706064,0.2540348853845197,1.5552820503601688,0,,POINTWISE_SUPREMUM,9.331624990148314e-08,1.5082793602988535e-09,0.0,5.017375900002662,True,True,False,False,False,False,False,E03__U035__TOP__MAXIMUM_PHYSICAL_PATH_AREA,x01_t31,reciprocal|representative,plus,0.055057962770135346,0.25403478535954394,D4-deformed-contour-regular-away-W3-v51,checkpoint_5461_parent_v51_finite_cell
5464__x02_t00,5461_FINITE_PROJECTIVE_OWNER_CELL,E03,U035,MC04_SP_DP,B04,8,0,1,TOP,SIGN_DEFINITE_MONOTONE_PRINCIPAL_SQRT_RECTANGLE_WITH_PARENT_FALLBACK,0.8506914419128381,0.8508073562708196,0.5,0.515625,8,x02_t00__finite_projective_depth9,0.0316656745200752,9.4824529261782e-08,True,,,18380.27484121626,0.00016320681868040333,0.986064754817525,0.2539283063626092,1.259335146165355,0,,POINTWISE_SUPREMUM,9.333293930598943e-08,1.4915899557925624e-09,0.0,2.7282124999910593,True,True,False,False,False,False,False,E03__U035__TOP__MAXIMUM_PHYSICAL_PATH_AREA,x02_t00,reciprocal,plus,0.07248381348499966,0.25392820633763347,D4-deformed-contour-regular-away-W3-v51,checkpoint_5461_parent_v51_finite_cell
5464__x02_t01,5461_FINITE_PROJECTIVE_OWNER_CELL,E03,U035,MC04_SP_DP,B04,8,0,1,TOP,SIGN_DEFINITE_MONOTONE_PRINCIPAL_SQRT_RECTANGLE_WITH_PARENT_FALLBACK,0.8506914419128381,0.8508073562708196,0.515625,0.53125,8,x02_t01__finite_projective_depth9,0.0316656745200752,9.4824529261782e-08,True,,,18119.301832324603,0.00017366990592651904,0.9855198189420108,0.2539283063626092,1.2622357820826473,0,,POINTWISE_SUPREMUM,9.333293930598943e-08,1.4915899557925624e-09,0.0,2.8514360999688506,True,True,False,False,False,False,False,E03__U035__TOP__MAXIMUM_PHYSICAL_PATH_AREA,x02_t01,reciprocal,plus,0.07151261251232154,0.25392820633763347,D4-deformed-contour-regular-away-W3-v51,checkpoint_5461_parent_v51_finite_cell
5464__x02_t02,5461_FINITE_PROJECTIVE_OWNER_CELL,E03,U035,MC04_SP_DP,B04,8,0,1,TOP,SIGN_DEFINITE_MONOTONE_PRINCIPAL_SQRT_RECTANGLE_WITH_PARENT_FALLBACK,0.8506914419128381,0.8508073562708196,0.53125,0.546875,8,x02_t02__finite_projective_depth9,0.0316656745200752,9.4824529261782e-08,True,,,17354.663902776356,0.00018735819705730032,0.9849791263562296,0.2539283063626092,1.264425600620204,0,,POINTWISE_SUPREMUM,9.333293930598943e-08,1.4915899557925624e-09,0.0,2.71611340000527,True,True,False,False,False,False,False,E03__U035__TOP__MAXIMUM_PHYSICAL_PATH_AREA,x02_t02,reciprocal,plus,0.07055996238564474,0.25392820633763347,D4-deformed-contour-regular-away-W3-v51,checkpoint_5461_parent_v51_finite_cell
5464__x02_t03,5461_FINITE_PROJECTIVE_OWNER_CELL,E03,U035,MC04_SP_DP,B04,8,0,1,TOP,SIGN_DEFINITE_MONOTONE_PRINCIPAL_SQRT_RECTANGLE_WITH_PARENT_FALLBACK,0.8506914419128381,0.8508073562708196,0.546875,0.5625,8,x02_t03__finite_projective_depth9,0.0316656745200752,9.4824529261782e-08,True,,,16332.755915179412,0.00020366824920312694,0.9844432975084032,0.2539283063626092,1.26671124528738,0,,POINTWISE_SUPREMUM,9.333293930598943e-08,1.4915899557925624e-09,0.0,2.999822099984158,True,True,False,False,False,False,False,E03__U035__TOP__MAXIMUM_PHYSICAL_PATH_AREA,x02_t03,reciprocal,plus,0.06962664343469534,0.25392820633763347,D4-deformed-contour-regular-away-W3-v51,checkpoint_5461_parent_v51_finite_cell
5464__x02_t04,5461_FINITE_PROJECTIVE_OWNER_CELL,E03,U035,MC04_SP_DP,B04,8,0,1,TOP,SIGN_DEFINITE_MONOTONE_PRINCIPAL_SQRT_RECTANGLE_WITH_PARENT_FALLBACK,0.8506914419128381,0.8508073562708196,0.5625,0.578125,8,x02_t04__finite_projective_depth9,0.0316656745200752,9.4824529261782e-08,True,,,15234.35309283446,0.00022206950282462382,0.9839129879609451,0.2539283063626092,1.2693749386939277,0,,POINTWISE_SUPREMUM,9.333293930598943e-08,1.4915899557925624e-09,0.0,2.7453233000123873,True,True,False,False,False,False,False,E03__U035__TOP__MAXIMUM_PHYSICAL_PATH_AREA,x02_t04,reciprocal,plus,0.06871346392298319,0.25392820633763347,D4-deformed-contour-regular-away-W3-v51,checkpoint_5461_parent_v51_finite_cell
5464__x02_t05,5461_FINITE_PROJECTIVE_OWNER_CELL,E03,U035,MC04_SP_DP,B04,8,0,1,TOP,SIGN_DEFINITE_MONOTONE_PRINCIPAL_SQRT_RECTANGLE_WITH_PARENT_FALLBACK,0.8506914419128381,0.8508073562708196,0.578125,0.59375,8,x02_t05__finite_projective_depth9,0.0316656745200752,9.4824529261782e-08,True,,,14162.945920900087,0.0002421324040641063,0.9833888880008421,0.2539283063626092,1.2725735438891055,0,,POINTWISE_SUPREMUM,9.333293930598943e-08,1.4915899557925624e-09,0.0,2.8342139999731444,True,True,False,False,False,False,False,E03__U035__TOP__MAXIMUM_PHYSICAL_PATH_AREA,x02_t05,reciprocal,plus,0.06782125966867096,0.25392820633763347,D4-deformed-contour-regular-away-W3-v51,checkpoint_5461_parent_v51_finite_cell
5464__x02_t06,5461_FINITE_PROJECTIVE_OWNER_CELL,E03,U035,MC04_SP_DP,B04,8,0,1,TOP,SIGN_DEFINITE_MONOTONE_PRINCIPAL_SQRT_RECTANGLE_WITH_PARENT_FALLBACK,0.8506914419128381,0.8508073562708196,0.59375,0.609375,8,x02_t06__finite_projective_depth9,0.0316656745200752,9.4824529261782e-08,True,,,13165.731402825097,0.0002635246142167955,0.9828717218034702,0.2539283063626092,1.2764328103829796,0,,POINTWISE_SUPREMUM,9.333293930598943e-08,1.4915899557925624e-09,0.0,2.7155115000205114,True,True,False,False,False,False,False,E03__U035__TOP__MAXIMUM_PHYSICAL_PATH_AREA,x02_t06,reciprocal,plus,0.06695089339767797,0.25392820633763347,D4-deformed-contour-regular-away-W3-v51,checkpoint_5461_parent_v51_finite_cell
5464__x02_t07,5461_FINITE_PROJECTIVE_OWNER_CELL,E03,U035,MC04_SP_DP,B04,8,0,1,TOP,SIGN_DEFINITE_MONOTONE_PRINCIPAL_SQRT_RECTANGLE_WITH_PARENT_FALLBACK,0.8506914419128381,0.8508073562708196,0.609375,0.625,8,x02_t07__finite_projective_depth9,0.0316656745200752,9.4824529261782e-08,True,,,12266.116555310358,0.00028599497702352033,0.9823622460860536,0.2539283063626092,1.281021292816356,0,,POINTWISE_SUPREMUM,9.333293930598943e-08,1.4915899557925624e-09,0.0,2.8745694999815896,True,True,False,False,False,False,False,E03__U035__TOP__MAXIMUM_PHYSICAL_PATH_AREA,x02_t07,reciprocal,plus,0.06610325379817618,0.25392820633763347,D4-deformed-contour-regular-away-W3-v51,checkpoint_5461_parent_v51_finite_cell
5464__x02_t08,5461_FINITE_PROJECTIVE_OWNER_CELL,E03,U035,MC04_SP_DP,B04,8,0,1,TOP,SIGN_DEFINITE_MONOTONE_PRINCIPAL_SQRT_RECTANGLE_WITH_PARENT_FALLBACK,0.8506914419128381,0.8508073562708196,0.625,0.640625,8,x02_t08__finite_projective_depth9,0.0316656745200752,9.4824529261782e-08,True,,,11461.869312512586,0.000309355639847008,0.9818612481861732,0.2539283063626092,1.286251530761355,0,,POINTWISE_SUPREMUM,9.333293930598943e-08,1.4915899557925624e-09,0.0,2.6984226999920793,True,True,False,False,False,False,False,E03__U035__TOP__MAXIMUM_PHYSICAL_PATH_AREA,x02_t08,reciprocal,plus,0.06527925422830308,0.25392820633763347,D4-deformed-contour-regular-away-W3-v51,checkpoint_5461_parent_v51_finite_cell
5464__x02_t09,5461_FINITE_PROJECTIVE_OWNER_CELL,E03,U035,MC04_SP_DP,B04,8,0,1,TOP,SIGN_DEFINITE_MONOTONE_PRINCIPAL_SQRT_RECTANGLE_WITH_PARENT_FALLBACK,0.8506914419128381,0.8508073562708196,0.640625,0.65625,8,x02_t09__finite_projective_depth9,0.0316656745200752,9.4824529261782e-08,True,,,10786.590977121978,0.00033316793538928154,0.9813695435018317,0.2539283063626092,1.2924440424799022,0,,POINTWISE_SUPREMUM,9.333293930598943e-08,1.4915899557925624e-09,0.0,2.858246199961286,True,True,False,False,False,False,False,E03__U035__TOP__MAXIMUM_PHYSICAL_PATH_AREA,x02_t09,reciprocal,plus,0.06447983104869848,0.25392820633763347,D4-deformed-contour-regular-away-W3-v51,checkpoint_5461_parent_v51_finite_cell
5464__x02_t10,5461_FINITE_PROJECTIVE_OWNER_CELL,E03,U035,MC04_SP_DP,B04,8,0,1,TOP,SIGN_DEFINITE_MONOTONE_PRINCIPAL_SQRT_RECTANGLE_WITH_PARENT_FALLBACK,0.8506914419128381,0.8508073562708196,0.65625,0.671875,8,x02_t10__finite_projective_depth9,0.0316656745200752,9.4824529261782e-08,True,,,10198.419895844012,0.0003570180749105842,0.9808879722330393,0.2539283063626092,1.2996392301521345,0,,POINTWISE_SUPREMUM,9.333293930598943e-08,1.4915899557925624e-09,0.0,2.727374600013718,True,True,False,False,False,False,False,E03__U035__TOP__MAXIMUM_PHYSICAL_PATH_AREA,x02_t10,reciprocal,plus,0.0637059415374796,0.25392820633763347,D4-deformed-contour-regular-away-W3-v51,checkpoint_5461_parent_v51_finite_cell
5464__x02_t11,5461_FINITE_PROJECTIVE_OWNER_CELL,E03,U035,MC04_SP_DP,B04,8,0,1,TOP,SIGN_DEFINITE_MONOTONE_PRINCIPAL_SQRT_RECTANGLE_WITH_PARENT_FALLBACK,0.8506914419128381,0.8508073562708196,0.671875,0.6875,8,x02_t11__finite_projective_depth9,0.0316656745200752,9.4824529261782e-08,True,,,9663.9580456278,0.0003809161213418577,0.9804173953711793,0.2539283063626092,1.307952064390965,0,,POINTWISE_SUPREMUM,9.333293930598943e-08,1.4915899557925624e-09,0.0,2.8530563000240363,True,True,False,False,False,False,False,E03__U035__TOP__MAXIMUM_PHYSICAL_PATH_AREA,x02_t11,reciprocal,plus,0.06295856135172946,0.25392820633763347,D4-deformed-contour-regular-away-W3-v51,checkpoint_5461_parent_v51_finite_cell
5464__x02_t12,5461_FINITE_PROJECTIVE_OWNER_CELL,E03,U035,MC04_SP_DP,B04,8,0,1,TOP,SIGN_DEFINITE_MONOTONE_PRINCIPAL_SQRT_RECTANGLE_WITH_PARENT_FALLBACK,0.8506914419128381,0.8508073562708196,0.6875,0.703125,8,x02_t12__finite_projective_depth9,0.0316656745200752,9.4824529261782e-08,True,,,9215.246428116012,0.0004048741429521999,0.9799586898919793,0.2539283063626092,1.3174488313124761,0,,POINTWISE_SUPREMUM,9.333293930598943e-08,1.4915899557925624e-09,0.0,5.533691300021019,True,True,False,False,False,False,False,E03__U035__TOP__MAXIMUM_PHYSICAL_PATH_AREA,x02_t12,reciprocal|representative,plus,0.06223868150203512,0.25392820633763347,D4-deformed-contour-regular-away-W3-v51,checkpoint_5461_parent_v51_finite_cell
5464__x02_t13,5461_FINITE_PROJECTIVE_OWNER_CELL,E03,U035,MC04_SP_DP,B04,8,0,1,TOP,SIGN_DEFINITE_MONOTONE_PRINCIPAL_SQRT_RECTANGLE_WITH_PARENT_FALLBACK,0.8506914419128381,0.8508073562708196,0.703125,0.71875,8,x02_t13__finite_projective_depth9,0.0316656745200752,9.4824529261782e-08,True,,,8820.633036569687,0.0004289049078130475,0.9795127431211264,0.2539283063626092,1.3281605769647156,0,,POINTWISE_SUPREMUM,9.333293930598943e-08,1.4915899557925624e-09,0.0,5.714116199989803,True,True,False,False,False,False,False,E03__U035__TOP__MAXIMUM_PHYSICAL_PATH_AREA,x02_t13,reciprocal|representative,plus,0.061547304811127516,0.25392820633763347,D4-deformed-contour-regular-away-W3-v51,checkpoint_5461_parent_v51_finite_cell
5464__x02_t14,5461_FINITE_PROJECTIVE_OWNER_CELL,E03,U035,MC04_SP_DP,B04,8,0,1,TOP,SIGN_DEFINITE_MONOTONE_PRINCIPAL_SQRT_RECTANGLE_WITH_PARENT_FALLBACK,0.8506914419128381,0.8508073562708196,0.71875,0.734375,8,x02_t14__finite_projective_depth9,0.0316656745200752,9.4824529261782e-08,True,,,8433.392162715998,0.0004530218602311422,0.9790804462587704,0.2539283063626092,1.340090838563132,0,,POINTWISE_SUPREMUM,9.333293930598943e-08,1.4915899557925624e-09,0.0,5.126476800011005,True,True,False,False,False,False,False,E03__U035__TOP__MAXIMUM_PHYSICAL_PATH_AREA,x02_t14,reciprocal|representative,plus,0.06088544181378213,0.25392820633763347,D4-deformed-contour-regular-away-W3-v51,checkpoint_5461_parent_v51_finite_cell
5464__x02_t15,5461_FINITE_PROJECTIVE_OWNER_CELL,E03,U035,MC04_SP_DP,B04,8,0,1,TOP,SIGN_DEFINITE_MONOTONE_PRINCIPAL_SQRT_RECTANGLE_WITH_PARENT_FALLBACK,0.8506914419128381,0.8508073562708196,0.734375,0.75,8,x02_t15__finite_projective_depth9,0.0316656745200752,9.4824529261782e-08,True,,,8036.215009106468,0.000477239095313381,0.9786626870704026,0.2539283063626092,1.3532098648313582,0,,POINTWISE_SUPREMUM,9.333293930598943e-08,1.4915899557925624e-09,0.0,5.301250999968033,True,True,False,False,False,False,False,E03__U035__TOP__MAXIMUM_PHYSICAL_PATH_AREA,x02_t15,reciprocal|representative,plus,0.060254106184854994,0.25392820633763347,D4-deformed-contour-regular-away-W3-v51,checkpoint_5461_parent_v51_finite_cell
5464__x02_t16,5461_FINITE_PROJECTIVE_OWNER_CELL,E03,U035,MC04_SP_DP,B04,8,0,1,TOP,SIGN_DEFINITE_MONOTONE_PRINCIPAL_SQRT_RECTANGLE_WITH_PARENT_FALLBACK,0.8506914419128381,0.8508073562708196,0.75,0.765625,8,x02_t16__finite_projective_depth9,0.0316656745200752,9.4824529261782e-08,True,,,7623.348521023137,0.00050157131124269,0.9782603417769009,0.2539283063626092,1.3674544880026518,0,,POINTWISE_SUPREMUM,9.333293930598943e-08,1.4915899557925624e-09,0.0,5.073702200024854,True,True,False,False,False,False,False,E03__U035__TOP__MAXIMUM_PHYSICAL_PATH_AREA,x02_t16,reciprocal|representative,plus,0.05965430949573632,0.25392820633763347,D4-deformed-contour-regular-away-W3-v51,checkpoint_5461_parent_v51_finite_cell
5464__x02_t17,5461_FINITE_PROJECTIVE_OWNER_CELL,E03,U035,MC04_SP_DP,B04,8,0,1,TOP,SIGN_DEFINITE_MONOTONE_PRINCIPAL_SQRT_RECTANGLE_WITH_PARENT_FALLBACK,0.8506914419128381,0.8508073562708196,0.765625,0.78125,8,x02_t17__finite_projective_depth9,0.0316656745200752,9.4824529261782e-08,True,,,7191.44253105662,0.00052603375754508,0.9778742662054994,0.2539283063626092,1.382735316779478,0,,POINTWISE_SUPREMUM,9.333293930598943e-08,1.4915899557925624e-09,0.0,5.034197400033008,True,True,False,False,False,False,False,E03__U035__TOP__MAXIMUM_PHYSICAL_PATH_AREA,x02_t17,reciprocal|representative,plus,0.059087055498966604,0.25392820633763347,D4-deformed-contour-regular-away-W3-v51,checkpoint_5461_parent_v51_finite_cell
5464__x02_t18,5461_FINITE_PROJECTIVE_OWNER_CELL,E03,U035,MC04_SP_DP,B04,8,0,1,TOP,SIGN_DEFINITE_MONOTONE_PRINCIPAL_SQRT_RECTANGLE_WITH_PARENT_FALLBACK,0.8506914419128381,0.8508073562708196,0.78125,0.796875,8,x02_t18__finite_projective_depth9,0.0316656745200752,9.4824529261782e-08,True,,,6739.376482206943,0.0005506421703621651,0.9775052862954411,0.2539283063626092,1.3989439595958284,0,,POINTWISE_SUPREMUM,9.333293930598943e-08,1.4915899557925624e-09,0.0,5.149678199959453,True,True,False,False,False,False,False,E03__U035__TOP__MAXIMUM_PHYSICAL_PATH_AREA,x02_t18,reciprocal|representative,plus,0.05855333387902106,0.25392820633763347,D4-deformed-contour-regular-away-W3-v51,checkpoint_5461_parent_v51_finite_cell
5464__x02_t19,5461_FINITE_PROJECTIVE_OWNER_CELL,E03,U035,MC04_SP_DP,B04,8,0,1,TOP,SIGN_DEFINITE_MONOTONE_PRINCIPAL_SQRT_RECTANGLE_WITH_PARENT_FALLBACK,0.8506914419128381,0.8508073562708196,0.796875,0.8125,8,x02_t19__finite_projective_depth9,0.0316656745200752,9.4824529261782e-08,True,,,6268.173477198234,0.0005754126959604486,0.9771541880861457,0.2539283063626092,1.41594753138412,0,,POINTWISE_SUPREMUM,9.333293930598943e-08,1.4915899557925624e-09,0.0,5.03383200004464,True,True,False,False,False,False,False,E03__U035__TOP__MAXIMUM_PHYSICAL_PATH_AREA,x02_t19,reciprocal|representative,plus,0.05805411352557514,0.25392820633763347,D4-deformed-contour-regular-away-W3-v51,checkpoint_5461_parent_v51_finite_cell
5464__x02_t20,5461_FINITE_PROJECTIVE_OWNER_CELL,E03,U035,MC04_SP_DP,B04,8,0,1,TOP,SIGN_DEFINITE_MONOTONE_PRINCIPAL_SQRT_RECTANGLE_WITH_PARENT_FALLBACK,0.8506914419128381,0.8508073562708196,0.8125,0.828125,8,x02_t20__finite_projective_depth9,0.0316656745200752,9.4824529261782e-08,True,,,5783.505257888426,0.000600361802848385,0.9768217073504722,0.2539283063626092,1.4329248292099364,0,,POINTWISE_SUPREMUM,9.333293930598943e-08,1.4915899557925624e-09,0.0,5.2852086999919266,True,True,False,False,False,False,False,E03__U035__TOP__MAXIMUM_PHYSICAL_PATH_AREA,x02_t20,reciprocal|representative,plus,0.057590335392381266,0.25392820633763347,D4-deformed-contour-regular-away-W3-v51,checkpoint_5461_parent_v51_finite_cell
5464__x02_t21,5461_FINITE_PROJECTIVE_OWNER_CELL,E03,U035,MC04_SP_DP,B04,8,0,1,TOP,SIGN_DEFINITE_MONOTONE_PRINCIPAL_SQRT_RECTANGLE_WITH_PARENT_FALLBACK,0.8506914419128381,0.8508073562708196,0.828125,0.84375,8,x02_t21__finite_projective_depth9,0.0316656745200752,9.4824529261782e-08,True,,,5298.280934654362,0.0006255061830489238,0.976508519069447,0.2539283063626092,1.447242216415731,0,,POINTWISE_SUPREMUM,9.333293930598943e-08,1.4915899557925624e-09,0.0,5.375261299952399,True,True,False,False,False,False,False,E03__U035__TOP__MAXIMUM_PHYSICAL_PATH_AREA,x02_t21,reciprocal|representative,plus,0.057162905023003,0.25392820633763347,D4-deformed-contour-regular-away-W3-v51,checkpoint_5461_parent_v51_finite_cell
5464__x02_t22,5461_FINITE_PROJECTIVE_OWNER_CELL,E03,U035,MC04_SP_DP,B04,8,0,1,TOP,SIGN_DEFINITE_MONOTONE_PRINCIPAL_SQRT_RECTANGLE_WITH_PARENT_FALLBACK,0.8506914419128381,0.8508073562708196,0.84375,0.859375,8,x02_t22__finite_projective_depth9,0.0316656745200752,9.4824529261782e-08,True,,,4811.537905161925,0.00065086264366032,0.9762152269756316,0.2539283063626092,1.4601098225715319,0,,POINTWISE_SUPREMUM,9.333293930598943e-08,1.4915899557925624e-09,0.0,5.04152459994657,True,True,False,False,False,False,False,E03__U035__TOP__MAXIMUM_PHYSICAL_PATH_AREA,x02_t22,reciprocal|representative,plus,0.056772684846607135,0.25392820633763347,D4-deformed-contour-regular-away-W3-v51,checkpoint_5461_parent_v51_finite_cell
5464__x02_t23,5461_FINITE_PROJECTIVE_OWNER_CELL,E03,U035,MC04_SP_DP,B04,8,0,1,TOP,SIGN_DEFINITE_MONOTONE_PRINCIPAL_SQRT_RECTANGLE_WITH_PARENT_FALLBACK,0.8506914419128381,0.8508073562708196,0.859375,0.875,8,x02_t23__finite_projective_depth9,0.0316656745200752,9.4824529261782e-08,True,,,4323.990358366258,0.0006764479896968394,0.9759423534180041,0.2539283063626092,1.4726600393354343,0,,POINTWISE_SUPREMUM,9.333293930598943e-08,1.4915899557925624e-09,0.0,5.080333299993072,True,True,False,False,False,False,False,E03__U035__TOP__MAXIMUM_PHYSICAL_PATH_AREA,x02_t23,reciprocal|representative,plus,0.05642048636117881,0.25392820633763347,D4-deformed-contour-regular-away-W3-v51,checkpoint_5461_parent_v51_finite_cell
5464__x02_t24,5461_FINITE_PROJECTIVE_OWNER_CELL,E03,U035,MC04_SP_DP,B04,8,0,1,TOP,SIGN_DEFINITE_MONOTONE_PRINCIPAL_SQRT_RECTANGLE_WITH_PARENT_FALLBACK,0.8506914419128381,0.8508073562708196,0.875,0.890625,8,x02_t24__finite_projective_depth9,0.0316656745200752,9.4824529261782e-08,True,,,3841.847020719861,0.0007022789002701669,0.9756903298195755,0.2539283063626092,1.4848329174461947,0,,POINTWISE_SUPREMUM,9.333293930598943e-08,1.4915899557925624e-09,0.0,5.020550899964292,True,True,False,False,False,False,False,E03__U035__TOP__MAXIMUM_PHYSICAL_PATH_AREA,x02_t24,reciprocal|representative,plus,0.05610706234534544,0.25392820633763347,D4-deformed-contour-regular-away-W3-v51,checkpoint_5461_parent_v51_finite_cell
5464__x02_t25,5461_FINITE_PROJECTIVE_OWNER_CELL,E03,U035,MC04_SP_DP,B04,8,0,1,TOP,SIGN_DEFINITE_MONOTONE_PRINCIPAL_SQRT_RECTANGLE_WITH_PARENT_FALLBACK,0.8506914419128381,0.8508073562708196,0.890625,0.90625,8,x02_t25__finite_projective_depth9,0.0316656745200752,9.4824529261782e-08,True,,,3373.0921582036017,0.0007283718000186246,0.975459488007849,0.2539283063626092,1.4965705486375096,0,,POINTWISE_SUPREMUM,9.333293930598943e-08,1.4915899557925624e-09,0.0,5.064518200000748,True,True,False,False,False,False,False,E03__U035__TOP__MAXIMUM_PHYSICAL_PATH_AREA,x02_t25,reciprocal|representative,plus,0.05583309924932211,0.25392820633763347,D4-deformed-contour-regular-away-W3-v51,checkpoint_5461_parent_v51_finite_cell
5464__x02_t26,5461_FINITE_PROJECTIVE_OWNER_CELL,E03,U035,MC04_SP_DP,B04,8,0,1,TOP,SIGN_DEFINITE_MONOTONE_PRINCIPAL_SQRT_RECTANGLE_WITH_PARENT_FALLBACK,0.8506914419128381,0.8508073562708196,0.90625,0.921875,8,x02_t26__finite_projective_depth9,0.0316656745200752,9.4824529261782e-08,True,,,2932.161054552664,0.000754742728186402,0.975250052695916,0.2539283063626092,1.507792769277561,0,,POINTWISE_SUPREMUM,9.333293930598943e-08,1.4915899557925624e-09,0.0,5.452282899990678,True,True,False,False,False,False,False,E03__U035__TOP__MAXIMUM_PHYSICAL_PATH_AREA,x02_t26,reciprocal|representative,plus,0.05559920992724028,0.25392820633763347,D4-deformed-contour-regular-away-W3-v51,checkpoint_5461_parent_v51_finite_cell
5464__x02_t27,5461_FINITE_PROJECTIVE_OWNER_CELL,E03,U035,MC04_SP_DP,B04,8,0,1,TOP,SIGN_DEFINITE_MONOTONE_PRINCIPAL_SQRT_RECTANGLE_WITH_PARENT_FALLBACK,0.8506914419128381,0.8508073562708196,0.921875,0.9375,8,x02_t27__finite_projective_depth9,0.0316656745200752,9.4824529261782e-08,True,,,2522.7863401729633,0.0007813202461756807,0.9750621353771267,0.2539283063626092,1.5183781306501316,0,,POINTWISE_SUPREMUM,9.333293930598943e-08,1.4915899557925624e-09,0.0,5.258404100022744,True,True,False,False,False,False,False,E03__U035__TOP__MAXIMUM_PHYSICAL_PATH_AREA,x02_t27,reciprocal|representative,plus,0.055405926877458246,0.25392820633763347,D4-deformed-contour-regular-away-W3-v51,checkpoint_5461_parent_v51_finite_cell
5464__x02_t28,5461_FINITE_PROJECTIVE_OWNER_CELL,E03,U035,MC04_SP_DP,B04,8,0,1,TOP,SIGN_DEFINITE_MONOTONE_PRINCIPAL_SQRT_RECTANGLE_WITH_PARENT_FALLBACK,0.8506914419128381,0.8508073562708196,0.9375,0.953125,8,x02_t28__finite_projective_depth9,0.0316656745200752,9.4824529261782e-08,True,,,2155.3669860109567,0.0008078825290701749,0.9748957298683804,0.2539283063626092,1.5283744654658498,0,,POINTWISE_SUPREMUM,9.333293930598943e-08,1.4915899557925624e-09,0.0,5.162112099991646,True,True,False,False,False,False,False,E03__U035__TOP__MAXIMUM_PHYSICAL_PATH_AREA,x02_t28,reciprocal|representative,plus,0.055253696155844016,0.25392820633763347,D4-deformed-contour-regular-away-W3-v51,checkpoint_5461_parent_v51_finite_cell
5464__x02_t29,5461_FINITE_PROJECTIVE_OWNER_CELL,E03,U035,MC04_SP_DP,B04,8,0,1,TOP,SIGN_DEFINITE_MONOTONE_PRINCIPAL_SQRT_RECTANGLE_WITH_PARENT_FALLBACK,0.8506914419128381,0.8508073562708196,0.953125,0.96875,8,x02_t29__finite_projective_depth9,0.0316656745200752,9.4824529261782e-08,True,,,1820.6965199228225,0.0008347652204012695,0.9747507096964104,0.2539283063626092,1.5377363936757382,0,,POINTWISE_SUPREMUM,9.333293930598943e-08,1.4915899557925624e-09,0.0,5.1130352999898605,True,True,False,False,False,False,False,E03__U035__TOP__MAXIMUM_PHYSICAL_PATH_AREA,x02_t29,reciprocal|representative,plus,0.055142872118691046,0.25392820633763347,D4-deformed-contour-regular-away-W3-v51,checkpoint_5461_parent_v51_finite_cell
5464__x02_t30,5461_FINITE_PROJECTIVE_OWNER_CELL,E03,U035,MC04_SP_DP,B04,8,0,1,TOP,SIGN_DEFINITE_MONOTONE_PRINCIPAL_SQRT_RECTANGLE_WITH_PARENT_FALLBACK,0.8506914419128381,0.8508073562708196,0.96875,0.984375,8,x02_t30__finite_projective_depth9,0.0316656745200752,9.4824529261782e-08,True,,,1539.4712278648437,0.0008619815281589965,0.9746268274691647,0.2539283063626092,1.5462951099946467,0,,POINTWISE_SUPREMUM,9.333293930598943e-08,1.4915899557925624e-09,0.0,5.218715999973938,True,True,False,False,False,False,False,E03__U035__TOP__MAXIMUM_PHYSICAL_PATH_AREA,x02_t30,reciprocal|representative,plus,0.05507371313668914,0.25392820633763347,D4-deformed-contour-regular-away-W3-v51,checkpoint_5461_parent_v51_finite_cell
5464__x02_t31,5461_FINITE_PROJECTIVE_OWNER_CELL,E03,U035,MC04_SP_DP,B04,8,0,1,TOP,SIGN_DEFINITE_MONOTONE_PRINCIPAL_SQRT_RECTANGLE_WITH_PARENT_FALLBACK,0.8506914419128381,0.8508073562708196,0.984375,1.0,8,x02_t31__finite_projective_depth9,0.0316656745200752,9.4824529261782e-08,True,,,1360.9846260086085,0.0008895436810649584,0.9745237163127448,0.2539283063626092,1.5539477817618952,0,,POINTWISE_SUPREMUM,9.333293930598943e-08,1.4915899557925624e-09,0.0,5.3591057999874465,True,True,False,False,False,False,False,E03__U035__TOP__MAXIMUM_PHYSICAL_PATH_AREA,x02_t31,reciprocal|representative,plus,0.0550463783995143,0.25392820633763347,D4-deformed-contour-regular-away-W3-v51,checkpoint_5461_parent_v51_finite_cell
5464__x03_t00,5461_FINITE_PROJECTIVE_OWNER_CELL,E03,U035,MC04_SP_DP,B04,8,0,1,TOP,SIGN_DEFINITE_MONOTONE_PRINCIPAL_SQRT_RECTANGLE_WITH_PARENT_FALLBACK,0.8508073562708196,0.8509232706288011,0.5,0.515625,8,x03_t00__finite_projective_depth9,0.0316656745200752,9.4824529261782e-08,True,,,21088.544666086484,0.00015132182001250933,0.9864743488608713,0.25382169594425885,1.25818809393211,0,,POINTWISE_SUPREMUM,9.334961630788349e-08,1.474912953898505e-09,0.0,2.751115200051572,True,True,False,False,False,False,False,E03__U035__TOP__MAXIMUM_PHYSICAL_PATH_AREA,x03_t00,reciprocal,plus,0.07247187376969641,0.25382159591928305,D4-deformed-contour-regular-away-W3-v51,checkpoint_5461_parent_v51_finite_cell
5464__x03_t01,5461_FINITE_PROJECTIVE_OWNER_CELL,E03,U035,MC04_SP_DP,B04,8,0,1,TOP,SIGN_DEFINITE_MONOTONE_PRINCIPAL_SQRT_RECTANGLE_WITH_PARENT_FALLBACK,0.8508073562708196,0.8509232706288011,0.515625,0.53125,8,x03_t01__finite_projective_depth9,0.0316656745200752,9.4824529261782e-08,True,,,22161.748155206416,0.0001559885876143066,0.9859290470106377,0.25382169594425885,1.2610842391176917,0,,POINTWISE_SUPREMUM,9.334961630788349e-08,1.474912953898505e-09,0.0,2.8999699000269175,True,True,False,False,False,False,False,E03__U035__TOP__MAXIMUM_PHYSICAL_PATH_AREA,x03_t01,reciprocal,plus,0.0715005629345702,0.25382159591928305,D4-deformed-contour-regular-away-W3-v51,checkpoint_5461_parent_v51_finite_cell
5464__x03_t02,5461_FINITE_PROJECTIVE_OWNER_CELL,E03,U035,MC04_SP_DP,B04,8,0,1,TOP,SIGN_DEFINITE_MONOTONE_PRINCIPAL_SQRT_RECTANGLE_WITH_PARENT_FALLBACK,0.8508073562708196,0.8509232706288011,0.53125,0.546875,8,x03_t02__finite_projective_depth9,0.0316656745200752,9.4824529261782e-08,True,,,22108.113434347793,0.0001649292119977802,0.985387989810087,0.25382169594425885,1.2632411358583202,0,,POINTWISE_SUPREMUM,9.334961630788349e-08,1.474912953898505e-09,0.0,2.847032199962996,True,True,False,False,False,False,False,E03__U035__TOP__MAXIMUM_PHYSICAL_PATH_AREA,x03_t02,reciprocal,plus,0.07054780720740898,0.25382159591928305,D4-deformed-contour-regular-away-W3-v51,checkpoint_5461_parent_v51_finite_cell
5464__x03_t03,5461_FINITE_PROJECTIVE_OWNER_CELL,E03,U035,MC04_SP_DP,B04,8,0,1,TOP,SIGN_DEFINITE_MONOTONE_PRINCIPAL_SQRT_RECTANGLE_WITH_PARENT_FALLBACK,0.8508073562708196,0.8509232706288011,0.546875,0.5625,8,x03_t03__finite_projective_depth9,0.0316656745200752,9.4824529261782e-08,True,,,21224.2143885335,0.00017754903874151007,0.9848517982301369,0.25382169594425885,1.2655158568719451,0,,POINTWISE_SUPREMUM,9.334961630788349e-08,1.474912953898505e-09,0.0,2.8487073000287637,True,True,False,False,False,False,False,E03__U035__TOP__MAXIMUM_PHYSICAL_PATH_AREA,x03_t03,reciprocal,plus,0.06961438719779729,0.25382159591928305,D4-deformed-contour-regular-away-W3-v51,checkpoint_5461_parent_v51_finite_cell
5464__x03_t04,5461_FINITE_PROJECTIVE_OWNER_CELL,E03,U035,MC04_SP_DP,B04,8,0,1,TOP,SIGN_DEFINITE_MONOTONE_PRINCIPAL_SQRT_RECTANGLE_WITH_PARENT_FALLBACK,0.8508073562708196,0.8509232706288011,0.5625,0.578125,8,x03_t04__finite_projective_depth9,0.0316656745200752,9.4824529261782e-08,True,,,19889.247622817107,0.00019317900378315614,0.9843211284021818,0.25382169594425885,1.2681748460557356,0,,POINTWISE_SUPREMUM,9.334961630788349e-08,1.474912953898505e-09,0.0,2.824269499978982,True,True,False,False,False,False,False,E03__U035__TOP__MAXIMUM_PHYSICAL_PATH_AREA,x03_t04,reciprocal,plus,0.06870111146898258,0.25382159591928305,D4-deformed-contour-regular-away-W3-v51,checkpoint_5461_parent_v51_finite_cell
5464__x03_t05,5461_FINITE_PROJECTIVE_OWNER_CELL,E03,U035,MC04_SP_DP,B04,8,0,1,TOP,SIGN_DEFINITE_MONOTONE_PRINCIPAL_SQRT_RECTANGLE_WITH_PARENT_FALLBACK,0.8508073562708196,0.8509232706288011,0.578125,0.59375,8,x03_t05__finite_projective_depth9,0.0316656745200752,9.4824529261782e-08,True,,,18397.96504768017,0.00021120283689315077,0.9837966712298788,0.25382169594425885,1.2713676610139641,0,,POINTWISE_SUPREMUM,9.334961630788349e-08,1.474912953898505e-09,0.0,2.9424282000400126,True,True,False,False,False,False,False,E03__U035__TOP__MAXIMUM_PHYSICAL_PATH_AREA,x03_t05,reciprocal,plus,0.06780881615945966,0.25382159591928305,D4-deformed-contour-regular-away-W3-v51,checkpoint_5461_parent_v51_finite_cell
5464__x03_t06,5461_FINITE_PROJECTIVE_OWNER_CELL,E03,U035,MC04_SP_DP,B04,8,0,1,TOP,SIGN_DEFINITE_MONOTONE_PRINCIPAL_SQRT_RECTANGLE_WITH_PARENT_FALLBACK,0.8508073562708196,0.8509232706288011,0.59375,0.609375,8,x03_t06__finite_projective_depth9,0.0316656745200752,9.4824529261782e-08,True,,,16924.835851048636,0.0002311121720542378,0.9832791515539259,0.25382169594425885,1.2752212185598937,0,,POINTWISE_SUPREMUM,9.334961630788349e-08,1.474912953898505e-09,0.0,2.7602101999800652,True,True,False,False,False,False,False,E03__U035__TOP__MAXIMUM_PHYSICAL_PATH_AREA,x03_t06,reciprocal,plus,0.06693836433664907,0.25382159591928305,D4-deformed-contour-regular-away-W3-v51,checkpoint_5461_parent_v51_finite_cell
5464__x03_t07,5461_FINITE_PROJECTIVE_OWNER_CELL,E03,U035,MC04_SP_DP,B04,8,0,1,TOP,SIGN_DEFINITE_MONOTONE_PRINCIPAL_SQRT_RECTANGLE_WITH_PARENT_FALLBACK,0.8508073562708196,0.8509232706288011,0.609375,0.625,8,x03_t07__finite_projective_depth9,0.0316656745200752,9.4824529261782e-08,True,,,15552.131524424838,0.00025251230223395844,0.9827693268059282,0.25382169594425885,1.2798064358560737,0,,POINTWISE_SUPREMUM,9.334961630788349e-08,1.474912953898505e-09,0.0,2.851962500018999,True,True,False,False,False,False,False,E03__U035__TOP__MAXIMUM_PHYSICAL_PATH_AREA,x03_t07,reciprocal,plus,0.06609064505179688,0.25382159591928305,D4-deformed-contour-regular-away-W3-v51,checkpoint_5461_parent_v51_finite_cell
5464__x03_t08,5461_FINITE_PROJECTIVE_OWNER_CELL,E03,U035,MC04_SP_DP,B04,8,0,1,TOP,SIGN_DEFINITE_MONOTONE_PRINCIPAL_SQRT_RECTANGLE_WITH_PARENT_FALLBACK,0.8508073562708196,0.8509232706288011,0.625,0.640625,8,x03_t08__finite_projective_depth9,0.0316656745200752,9.4824529261782e-08,True,,,14328.663752111159,0.0002751061763933809,0.9822679850866409,0.25382169594425885,1.2850315601083366,0,,POINTWISE_SUPREMUM,9.334961630788349e-08,1.474912953898505e-09,0.0,2.7172463000169955,True,True,False,False,False,False,False,E03__U035__TOP__MAXIMUM_PHYSICAL_PATH_AREA,x03_t08,reciprocal,plus,0.06526657204785179,0.25382159591928305,D4-deformed-contour-regular-away-W3-v51,checkpoint_5461_parent_v51_finite_cell
5464__x03_t09,5461_FINITE_PROJECTIVE_OWNER_CELL,E03,U035,MC04_SP_DP,B04,8,0,1,TOP,SIGN_DEFINITE_MONOTONE_PRINCIPAL_SQRT_RECTANGLE_WITH_PARENT_FALLBACK,0.8508073562708196,0.8509232706288011,0.640625,0.65625,8,x03_t09__finite_projective_depth9,0.0316656745200752,9.4824529261782e-08,True,,,13231.013544014892,0.0002986733358219074,0.9817759426049674,0.25382169594425885,1.2912191984171453,0,,POINTWISE_SUPREMUM,9.334961630788349e-08,1.474912953898505e-09,0.0,2.7586199999786913,True,True,False,False,False,False,False,E03__U035__TOP__MAXIMUM_PHYSICAL_PATH_AREA,x03_t09,reciprocal,plus,0.06446708209190166,0.25382159591928305,D4-deformed-contour-regular-away-W3-v51,checkpoint_5461_parent_v51_finite_cell
5464__x03_t10,5461_FINITE_PROJECTIVE_OWNER_CELL,E03,U035,MC04_SP_DP,B04,8,0,1,TOP,SIGN_DEFINITE_MONOTONE_PRINCIPAL_SQRT_RECTANGLE_WITH_PARENT_FALLBACK,0.8508073562708196,0.8509232706288011,0.65625,0.671875,8,x03_t10__finite_projective_depth9,0.0316656745200752,9.4824529261782e-08,True,,,12290.637575790319,0.0003228569648956735,0.9812940404175449,0.25382169594425885,1.2984102975093657,0,,POINTWISE_SUPREMUM,9.334961630788349e-08,1.474912953898505e-09,0.0,2.763719599985052,True,True,False,False,False,False,False,E03__U035__TOP__MAXIMUM_PHYSICAL_PATH_AREA,x03_t10,reciprocal,plus,0.06369313288971595,0.25382159591928305,D4-deformed-contour-regular-away-W3-v51,checkpoint_5461_parent_v51_finite_cell
5464__x03_t11,5461_FINITE_PROJECTIVE_OWNER_CELL,E03,U035,MC04_SP_DP,B04,8,0,1,TOP,SIGN_DEFINITE_MONOTONE_PRINCIPAL_SQRT_RECTANGLE_WITH_PARENT_FALLBACK,0.8508073562708196,0.8509232706288011,0.671875,0.6875,8,x03_t11__finite_projective_depth9,0.0316656745200752,9.4824529261782e-08,True,,,11476.358913777622,0.0003471133994306259,0.9808231404150516,0.25382169594425885,1.306719489366657,0,,POINTWISE_SUPREMUM,9.334961630788349e-08,1.474912953898505e-09,0.0,3.155376199982129,True,True,False,False,False,False,False,E03__U035__TOP__MAXIMUM_PHYSICAL_PATH_AREA,x03_t11,reciprocal,plus,0.06294570054641631,0.25382159591928305,D4-deformed-contour-regular-away-W3-v51,checkpoint_5461_parent_v51_finite_cell
5464__x03_t12,5461_FINITE_PROJECTIVE_OWNER_CELL,E03,U035,MC04_SP_DP,B04,8,0,1,TOP,SIGN_DEFINITE_MONOTONE_PRINCIPAL_SQRT_RECTANGLE_WITH_PARENT_FALLBACK,0.8508073562708196,0.8509232706288011,0.6875,0.703125,8,x03_t12__finite_projective_depth9,0.0316656745200752,9.4824529261782e-08,True,,,10803.404917148522,0.0003714302072054062,0.9803641205109226,0.25382169594425885,1.316212305986399,0,,POINTWISE_SUPREMUM,9.334961630788349e-08,1.474912953898505e-09,0.0,2.7889192000147887,True,True,False,False,False,False,False,E03__U035__TOP__MAXIMUM_PHYSICAL_PATH_AREA,x03_t12,reciprocal,plus,0.06222577653975459,0.25382159591928305,D4-deformed-contour-regular-away-W3-v51,checkpoint_5461_parent_v51_finite_cell
5464__x03_t13,5461_FINITE_PROJECTIVE_OWNER_CELL,E03,U035,MC04_SP_DP,B04,8,0,1,TOP,SIGN_DEFINITE_MONOTONE_PRINCIPAL_SQRT_RECTANGLE_WITH_PARENT_FALLBACK,0.8508073562708196,0.8509232706288011,0.703125,0.71875,8,x03_t13__finite_projective_depth9,0.0316656745200752,9.4824529261782e-08,True,,,10208.967907515425,0.00039581999532684937,0.9799178690014138,0.25382169594425885,1.326920423677099,0,,POINTWISE_SUPREMUM,9.334961630788349e-08,1.474912953898505e-09,0.0,5.279580499976873,True,True,False,False,False,False,False,E03__U035__TOP__MAXIMUM_PHYSICAL_PATH_AREA,x03_t13,reciprocal|representative,plus,0.061534364176993206,0.25382159591928305,D4-deformed-contour-regular-away-W3-v51,checkpoint_5461_parent_v51_finite_cell
5464__x03_t14,5461_FINITE_PROJECTIVE_OWNER_CELL,E03,U035,MC04_SP_DP,B04,8,0,1,TOP,SIGN_DEFINITE_MONOTONE_PRINCIPAL_SQRT_RECTANGLE_WITH_PARENT_FALLBACK,0.8508073562708196,0.8509232706288011,0.71875,0.734375,8,x03_t14__finite_projective_depth9,0.0316656745200752,9.4824529261782e-08,True,,,9663.6789871586,0.0004202960385526095,0.9794852780831546,0.25382169594425885,1.3388473766274418,0,,POINTWISE_SUPREMUM,9.334961630788349e-08,1.474912953898505e-09,0.0,5.054011899977922,True,True,False,False,False,False,False,E03__U035__TOP__MAXIMUM_PHYSICAL_PATH_AREA,x03_t14,reciprocal|representative,plus,0.060872474493234956,0.25382159591928305,D4-deformed-contour-regular-away-W3-v51,checkpoint_5461_parent_v51_finite_cell
5464__x03_t15,5461_FINITE_PROJECTIVE_OWNER_CELL,E03,U035,MC04_SP_DP,B04,8,0,1,TOP,SIGN_DEFINITE_MONOTONE_PRINCIPAL_SQRT_RECTANGLE_WITH_PARENT_FALLBACK,0.8508073562708196,0.8509232706288011,0.734375,0.75,8,x03_t15__finite_projective_depth9,0.0316656745200752,9.4824529261782e-08,True,,,9126.89174851185,0.00044487225370867496,0.979067236535616,0.25382169594425885,1.3519633318731656,0,,POINTWISE_SUPREMUM,9.334961630788349e-08,1.474912953898505e-09,0.0,5.274684800009709,True,True,False,False,False,False,False,E03__U035__TOP__MAXIMUM_PHYSICAL_PATH_AREA,x03_t15,reciprocal|representative,plus,0.060241121673603064,0.25382159591928305,D4-deformed-contour-regular-away-W3-v51,checkpoint_5461_parent_v51_finite_cell
5464__x03_t16,5461_FINITE_PROJECTIVE_OWNER_CELL,E03,U035,MC04_SP_DP,B04,8,0,1,TOP,SIGN_DEFINITE_MONOTONE_PRINCIPAL_SQRT_RECTANGLE_WITH_PARENT_FALLBACK,0.8508073562708196,0.8509232706288011,0.75,0.765625,8,x03_t16__finite_projective_depth9,0.0316656745200752,9.4824529261782e-08,True,,,8589.194909136544,0.00046956315265798526,0.9786646216012633,0.25382169594425885,1.3662051510653128,0,,POINTWISE_SUPREMUM,9.334961630788349e-08,1.474912953898505e-09,0.0,5.118458100012504,True,True,False,False,False,False,False,E03__U035__TOP__MAXIMUM_PHYSICAL_PATH_AREA,x03_t16,reciprocal|representative,plus,0.05964131781056115,0.25382159591928305,D4-deformed-contour-regular-away-W3-v51,checkpoint_5461_parent_v51_finite_cell
5464__x03_t17,5461_FINITE_PROJECTIVE_OWNER_CELL,E03,U035,MC04_SP_DP,B04,8,0,1,TOP,SIGN_DEFINITE_MONOTONE_PRINCIPAL_SQRT_RECTANGLE_WITH_PARENT_FALLBACK,0.8508073562708196,0.8509232706288011,0.765625,0.78125,8,x03_t17__finite_projective_depth9,0.0316656745200752,9.4824529261782e-08,True,,,8044.620085223575,0.000494383790615392,0.9782782901251629,0.25382169594425885,1.381483239461322,0,,POINTWISE_SUPREMUM,9.334961630788349e-08,1.474912953898505e-09,0.0,5.047256299993023,True,True,False,False,False,False,False,E03__U035__TOP__MAXIMUM_PHYSICAL_PATH_AREA,x03_t17,reciprocal|representative,plus,0.05907406718141366,0.25382159591928305,D4-deformed-contour-regular-away-W3-v51,checkpoint_5461_parent_v51_finite_cell
5464__x03_t18,5461_FINITE_PROJECTIVE_OWNER_CELL,E03,U035,MC04_SP_DP,B04,8,0,1,TOP,SIGN_DEFINITE_MONOTONE_PRINCIPAL_SQRT_RECTANGLE_WITH_PARENT_FALLBACK,0.8508073562708196,0.8509232706288011,0.78125,0.796875,8,x03_t18__finite_projective_depth9,0.0316656745200752,9.4824529261782e-08,True,,,7490.208096763633,0.0005193497019385856,0.9779090690478976,0.25382169594425885,1.3976884436063592,0,,POINTWISE_SUPREMUM,9.334961630788349e-08,1.474912953898505e-09,0.0,5.063607999996748,True,True,False,False,False,False,False,E03__U035__TOP__MAXIMUM_PHYSICAL_PATH_AREA,x03_t18,reciprocal|representative,plus,0.05854035999497633,0.25382159591928305,D4-deformed-contour-regular-away-W3-v51,checkpoint_5461_parent_v51_finite_cell
5464__x03_t19,5461_FINITE_PROJECTIVE_OWNER_CELL,E03,U035,MC04_SP_DP,B04,8,0,1,TOP,SIGN_DEFINITE_MONOTONE_PRINCIPAL_SQRT_RECTANGLE_WITH_PARENT_FALLBACK,0.8508073562708196,0.8509232706288011,0.796875,0.8125,8,x03_t19__finite_projective_depth9,0.0316656745200752,9.4824529261782e-08,True,,,6925.7038584394395,0.0005444768241916042,0.9775577453797547,0.25382169594425885,1.4146876503364803,0,,POINTWISE_SUPREMUM,9.334961630788349e-08,1.474912953898505e-09,0.0,5.510903300018981,True,True,False,False,False,False,False,E03__U035__TOP__MAXIMUM_PHYSICAL_PATH_AREA,x03_t19,reciprocal|representative,plus,0.05804116565936999,0.25382159591928305,D4-deformed-contour-regular-away-W3-v51,checkpoint_5461_parent_v51_finite_cell
5464__x03_t20,5461_FINITE_PROJECTIVE_OWNER_CELL,E03,U035,MC04_SP_DP,B04,8,0,1,TOP,SIGN_DEFINITE_MONOTONE_PRINCIPAL_SQRT_RECTANGLE_WITH_PARENT_FALLBACK,0.8508073562708196,0.8509232706288011,0.8125,0.828125,8,x03_t20__finite_projective_depth9,0.0316656745200752,9.4824529261782e-08,True,,,6355.99559588912,0.0005697814109281268,0.9772250558189939,0.25382169594425885,1.4316973440348895,0,,POINTWISE_SUPREMUM,9.334961630788349e-08,1.474912953898505e-09,0.0,5.494131100014783,True,True,False,False,False,False,False,E03__U035__TOP__MAXIMUM_PHYSICAL_PATH_AREA,x03_t20,reciprocal|representative,plus,0.05757742563484627,0.25382159591928305,D4-deformed-contour-regular-away-W3-v51,checkpoint_5461_parent_v51_finite_cell
5464__x03_t21,5461_FINITE_PROJECTIVE_OWNER_CELL,E03,U035,MC04_SP_DP,B04,8,0,1,TOP,SIGN_DEFINITE_MONOTONE_PRINCIPAL_SQRT_RECTANGLE_WITH_PARENT_FALLBACK,0.8508073562708196,0.8509232706288011,0.828125,0.84375,8,x03_t21__finite_projective_depth9,0.0316656745200752,9.4824529261782e-08,True,,,5794.589716274963,0.0005952799337617463,0.9769116762108466,0.25382169594425885,1.4459851952507126,0,,POINTWISE_SUPREMUM,9.334961630788349e-08,1.474912953898505e-09,0.0,5.094970899983309,True,True,False,False,False,False,False,E03__U035__TOP__MAXIMUM_PHYSICAL_PATH_AREA,x03_t21,reciprocal|representative,plus,0.057150045953142055,0.25382159591928305,D4-deformed-contour-regular-away-W3-v51,checkpoint_5461_parent_v51_finite_cell
5464__x03_t22,5461_FINITE_PROJECTIVE_OWNER_CELL,E03,U035,MC04_SP_DP,B04,8,0,1,TOP,SIGN_DEFINITE_MONOTONE_PRINCIPAL_SQRT_RECTANGLE_WITH_PARENT_FALLBACK,0.8508073562708196,0.8509232706288011,0.84375,0.859375,8,x03_t22__finite_projective_depth9,0.0316656745200752,9.4824529261782e-08,True,,,5238.971246042904,0.0006209889747457228,0.9766182110747931,0.25382169594425885,1.4588441002521435,0,,POINTWISE_SUPREMUM,9.334961630788349e-08,1.474912953898505e-09,0.0,5.0807468999992125,True,True,False,False,False,False,False,E03__U035__TOP__MAXIMUM_PHYSICAL_PATH_AREA,x03_t22,reciprocal|representative,plus,0.05675988950564475,0.25382159591928305,D4-deformed-contour-regular-away-W3-v51,checkpoint_5461_parent_v51_finite_cell
5464__x03_t23,5461_FINITE_PROJECTIVE_OWNER_CELL,E03,U035,MC04_SP_DP,B04,8,0,1,TOP,SIGN_DEFINITE_MONOTONE_PRINCIPAL_SQRT_RECTANGLE_WITH_PARENT_FALLBACK,0.8508073562708196,0.8509232706288011,0.859375,0.875,8,x03_t23__finite_projective_depth9,0.0316656745200752,9.4824529261782e-08,True,,,4689.0675251741095,0.0006469251103238481,0.9763451834534119,0.25382169594425885,1.4713859481713087,0,,POINTWISE_SUPREMUM,9.334961630788349e-08,1.474912953898505e-09,0.0,5.147675400017761,True,True,False,False,False,False,False,E03__U035__TOP__MAXIMUM_PHYSICAL_PATH_AREA,x03_t23,reciprocal|representative,plus,0.05640776822045358,0.25382159591928305,D4-deformed-contour-regular-away-W3-v51,checkpoint_5461_parent_v51_finite_cell
5464__x03_t24,5461_FINITE_PROJECTIVE_OWNER_CELL,E03,U035,MC04_SP_DP,B04,8,0,1,TOP,SIGN_DEFINITE_MONOTONE_PRINCIPAL_SQRT_RECTANGLE_WITH_PARENT_FALLBACK,0.8508073562708196,0.8509232706288011,0.875,0.890625,8,x03_t24__finite_projective_depth9,0.0316656745200752,9.4824529261782e-08,True,,,4150.795803085112,0.000673104788542888,0.9760930253545084,0.25382169594425885,1.4835508074213104,0,,POINTWISE_SUPREMUM,9.334961630788349e-08,1.474912953898505e-09,0.0,5.105558799987193,True,True,False,False,False,False,False,E03__U035__TOP__MAXIMUM_PHYSICAL_PATH_AREA,x03_t24,reciprocal|representative,plus,0.056094435266254954,0.25382159591928305,D4-deformed-contour-regular-away-W3-v51,checkpoint_5461_parent_v51_finite_cell
5464__x03_t25,5461_FINITE_PROJECTIVE_OWNER_CELL,E03,U035,MC04_SP_DP,B04,8,0,1,TOP,SIGN_DEFINITE_MONOTONE_PRINCIPAL_SQRT_RECTANGLE_WITH_PARENT_FALLBACK,0.8508073562708196,0.8509232706288011,0.890625,0.90625,8,x03_t25__finite_projective_depth9,0.0316656745200752,9.4824529261782e-08,True,,,3631.306370293237,0.0006995442016971645,0.9758620690671473,0.25382169594425885,1.4952807849758398,0,,POINTWISE_SUPREMUM,9.334961630788349e-08,1.474912953898505e-09,0.0,5.141844899975695,True,True,False,False,False,False,False,E03__U035__TOP__MAXIMUM_PHYSICAL_PATH_AREA,x03_t25,reciprocal|representative,plus,0.05582057743630337,0.25382159591928305,D4-deformed-contour-regular-away-W3-v51,checkpoint_5461_parent_v51_finite_cell
5464__x03_t26,5461_FINITE_PROJECTIVE_OWNER_CELL,E03,U035,MC04_SP_DP,B04,8,0,1,TOP,SIGN_DEFINITE_MONOTONE_PRINCIPAL_SQRT_RECTANGLE_WITH_PARENT_FALLBACK,0.8508073562708196,0.8509232706288011,0.90625,0.921875,8,x03_t26__finite_projective_depth9,0.0316656745200752,9.4824529261782e-08,True,,,3146.135230623141,0.0007262591566863643,0.9756525396299142,0.25382169594425885,1.5064950750585904,0,,POINTWISE_SUPREMUM,9.334961630788349e-08,1.474912953898505e-09,0.0,5.137423900014255,True,True,False,False,False,False,False,E03__U035__TOP__MAXIMUM_PHYSICAL_PATH_AREA,x03_t26,reciprocal|representative,plus,0.05558680787395195,0.25382159591928305,D4-deformed-contour-regular-away-W3-v51,checkpoint_5461_parent_v51_finite_cell
5464__x03_t27,5461_FINITE_PROJECTIVE_OWNER_CELL,E03,U035,MC04_SP_DP,B04,8,0,1,TOP,SIGN_DEFINITE_MONOTONE_PRINCIPAL_SQRT_RECTANGLE_WITH_PARENT_FALLBACK,0.8508073562708196,0.8509232706288011,0.921875,0.9375,8,x03_t27__finite_projective_depth9,0.0316656745200752,9.4824529261782e-08,True,,,2697.2005421986296,0.0007532242491047525,0.9754645487148595,0.25382169594425885,1.5170735012598402,0,,POINTWISE_SUPREMUM,9.334961630788349e-08,1.474912953898505e-09,0.0,5.044042899971828,True,True,False,False,False,False,False,E03__U035__TOP__MAXIMUM_PHYSICAL_PATH_AREA,x03_t27,reciprocal|representative,plus,0.05539365930672691,0.25382159591928305,D4-deformed-contour-regular-away-W3-v51,checkpoint_5461_parent_v51_finite_cell
5464__x03_t28,5461_FINITE_PROJECTIVE_OWNER_CELL,E03,U035,MC04_SP_DP,B04,8,0,1,TOP,SIGN_DEFINITE_MONOTONE_PRINCIPAL_SQRT_RECTANGLE_WITH_PARENT_FALLBACK,0.8508073562708196,0.8509232706288011,0.9375,0.953125,8,x03_t28__finite_projective_depth9,0.0316656745200752,9.4824529261782e-08,True,,,2297.4395451358628,0.0007801244524617866,0.9752980901626557,0.25382169594425885,1.527063342384153,0,,POINTWISE_SUPREMUM,9.334961630788349e-08,1.474912953898505e-09,0.0,5.0272790000308305,True,True,False,False,False,False,False,E03__U035__TOP__MAXIMUM_PHYSICAL_PATH_AREA,x03_t28,reciprocal|representative,plus,0.05524157795416019,0.25382159591928305,D4-deformed-contour-regular-away-W3-v51,checkpoint_5461_parent_v51_finite_cell
5464__x03_t29,5461_FINITE_PROJECTIVE_OWNER_CELL,E03,U035,MC04_SP_DP,B04,8,0,1,TOP,SIGN_DEFINITE_MONOTONE_PRINCIPAL_SQRT_RECTANGLE_WITH_PARENT_FALLBACK,0.8508073562708196,0.8509232706288011,0.953125,0.96875,8,x03_t29__finite_projective_depth9,0.0316656745200752,9.4824529261782e-08,True,,,1935.521111401455,0.0008073418981294791,0.9751530373637342,0.25382169594425885,1.5364186882742736,0,,POINTWISE_SUPREMUM,9.334961630788349e-08,1.474912953898505e-09,0.0,5.028335699986201,True,True,False,False,False,False,False,E03__U035__TOP__MAXIMUM_PHYSICAL_PATH_AREA,x03_t29,reciprocal|representative,plus,0.05513091826624882,0.25382159591928305,D4-deformed-contour-regular-away-W3-v51,checkpoint_5461_parent_v51_finite_cell
5464__x03_t30,5461_FINITE_PROJECTIVE_OWNER_CELL,E03,U035,MC04_SP_DP,B04,8,0,1,TOP,SIGN_DEFINITE_MONOTONE_PRINCIPAL_SQRT_RECTANGLE_WITH_PARENT_FALLBACK,0.8508073562708196,0.8509232706288011,0.96875,0.984375,8,x03_t30__finite_projective_depth9,0.0316656745200752,9.4824529261782e-08,True,,,1627.6328970384996,0.0008348895761536421,0.9750291426278315,0.25382169594425885,1.544969156321667,0,,POINTWISE_SUPREMUM,9.334961630788349e-08,1.474912953898505e-09,0.0,5.101650099968538,True,True,False,False,False,False,False,E03__U035__TOP__MAXIMUM_PHYSICAL_PATH_AREA,x03_t30,reciprocal|representative,plus,0.0550619386341472,0.25382159591928305,D4-deformed-contour-regular-away-W3-v51,checkpoint_5461_parent_v51_finite_cell
5464__x03_t31,5461_FINITE_PROJECTIVE_OWNER_CELL,E03,U035,MC04_SP_DP,B04,8,0,1,TOP,SIGN_DEFINITE_MONOTONE_PRINCIPAL_SQRT_RECTANGLE_WITH_PARENT_FALLBACK,0.8508073562708196,0.8509232706288011,0.984375,1.0,8,x03_t31__finite_projective_depth9,0.0316656745200752,9.4824529261782e-08,True,,,1435.8905048414333,0.0008627795102874377,0.974926038622572,0.25382169594425885,1.5526137914220761,0,,POINTWISE_SUPREMUM,9.334961630788349e-08,1.474912953898505e-09,0.0,5.145975499995984,True,True,False,False,False,False,False,E03__U035__TOP__MAXIMUM_PHYSICAL_PATH_AREA,x03_t31,reciprocal|representative,plus,0.055034798192801486,0.25382159591928305,D4-deformed-contour-regular-away-W3-v51,checkpoint_5461_parent_v51_finite_cell
5464__x04_t00,5461_FINITE_PROJECTIVE_OWNER_CELL,E03,U035,MC04_SP_DP,B04,8,0,1,TOP,SIGN_DEFINITE_MONOTONE_PRINCIPAL_SQRT_RECTANGLE_WITH_PARENT_FALLBACK,0.8509232706288011,0.8510391849867827,0.5,0.515625,8,x04_t00__finite_projective_depth9,0.0316656745200752,9.4824529261782e-08,True,,,21171.59735233408,0.0001500303030908424,0.9868844085386469,0.25371505408738054,1.2570415232582484,0,,POINTWISE_SUPREMUM,9.336628089164228e-08,1.4582483701397116e-09,0.0,2.791269600042142,True,True,False,False,False,False,False,E03__U035__TOP__MAXIMUM_PHYSICAL_PATH_AREA,x04_t00,reciprocal,plus,0.072459930482302,0.2537149540624048,D4-deformed-contour-regular-away-W3-v51,checkpoint_5461_parent_v51_finite_cell
5464__x04_t01,5461_FINITE_PROJECTIVE_OWNER_CELL,E03,U035,MC04_SP_DP,B04,8,0,1,TOP,SIGN_DEFINITE_MONOTONE_PRINCIPAL_SQRT_RECTANGLE_WITH_PARENT_FALLBACK,0.8509232706288011,0.8510391849867827,0.515625,0.53125,8,x04_t01__finite_projective_depth9,0.0316656745200752,9.4824529261782e-08,True,,,24392.84618774668,0.00014769333261892203,0.9863387404086644,0.25371505408738054,1.2599216494642889,0,,POINTWISE_SUPREMUM,9.336628089164228e-08,1.4582483701397116e-09,0.0,2.8693671000073664,True,True,False,False,False,False,False,E03__U035__TOP__MAXIMUM_PHYSICAL_PATH_AREA,x04_t01,reciprocal,plus,0.07148851005982469,0.2537149540624048,D4-deformed-contour-regular-away-W3-v51,checkpoint_5461_parent_v51_finite_cell
5464__x04_t02,5461_FINITE_PROJECTIVE_OWNER_CELL,E03,U035,MC04_SP_DP,B04,8,0,1,TOP,SIGN_DEFINITE_MONOTONE_PRINCIPAL_SQRT_RECTANGLE_WITH_PARENT_FALLBACK,0.8509232706288011,0.8510391849867827,0.53125,0.546875,8,x04_t02__finite_projective_depth9,0.0316656745200752,9.4824529261782e-08,True,,,26301.038756884907,0.00015023746385360383,0.9857973182894916,0.25371505408738054,1.262057179236081,0,,POINTWISE_SUPREMUM,9.336628089164228e-08,1.4582483701397116e-09,0.0,2.7098121999879368,True,True,False,False,False,False,False,E03__U035__TOP__MAXIMUM_PHYSICAL_PATH_AREA,x04_t02,reciprocal,plus,0.07053564900756892,0.2537149540624048,D4-deformed-contour-regular-away-W3-v51,checkpoint_5461_parent_v51_finite_cell
5464__x04_t03,5461_FINITE_PROJECTIVE_OWNER_CELL,E03,U035,MC04_SP_DP,B04,8,0,1,TOP,SIGN_DEFINITE_MONOTONE_PRINCIPAL_SQRT_RECTANGLE_WITH_PARENT_FALLBACK,0.8509232706288011,0.8510391849867827,0.546875,0.5625,8,x04_t03__finite_projective_depth9,0.0316656745200752,9.4824529261782e-08,True,,,26643.008855587883,0.00015747964812676217,0.9852607636751068,0.25371505408738054,1.2643209906662682,0,,POINTWISE_SUPREMUM,9.336628089164228e-08,1.4582483701397116e-09,0.0,2.834156199998688,True,True,False,False,False,False,False,E03__U035__TOP__MAXIMUM_PHYSICAL_PATH_AREA,x04_t03,reciprocal,plus,0.06960212821485898,0.2537149540624048,D4-deformed-contour-regular-away-W3-v51,checkpoint_5461_parent_v51_finite_cell
5464__x04_t04,5461_FINITE_PROJECTIVE_OWNER_CELL,E03,U035,MC04_SP_DP,B04,8,0,1,TOP,SIGN_DEFINITE_MONOTONE_PRINCIPAL_SQRT_RECTANGLE_WITH_PARENT_FALLBACK,0.8509232706288011,0.8510391849867827,0.5625,0.578125,8,x04_t04__finite_projective_depth9,0.0316656745200752,9.4824529261782e-08,True,,,25713.877921503063,0.00016887158813203384,0.9847297332662872,0.25371505408738054,1.266975286501592,0,,POINTWISE_SUPREMUM,9.336628089164228e-08,1.4582483701397116e-09,0.0,2.7161572999903,True,True,False,False,False,False,False,E03__U035__TOP__MAXIMUM_PHYSICAL_PATH_AREA,x04_t04,reciprocal,plus,0.06868875654455046,0.2537149540624048,D4-deformed-contour-regular-away-W3-v51,checkpoint_5461_parent_v51_finite_cell
5464__x04_t05,5461_FINITE_PROJECTIVE_OWNER_CELL,E03,U035,MC04_SP_DP,B04,8,0,1,TOP,SIGN_DEFINITE_MONOTONE_PRINCIPAL_SQRT_RECTANGLE_WITH_PARENT_FALLBACK,0.8509232706288011,0.8510391849867827,0.578125,0.59375,8,x04_t05__finite_projective_depth9,0.0316656745200752,9.4824529261782e-08,True,,,24036.865349611813,0.0001836986462801222,0.9842049185838009,0.25371505408738054,1.2701623218416913,0,,POINTWISE_SUPREMUM,9.336628089164228e-08,1.4582483701397116e-09,0.0,2.9145495999837294,True,True,False,False,False,False,False,E03__U035__TOP__MAXIMUM_PHYSICAL_PATH_AREA,x04_t05,reciprocal,plus,0.06779637045533016,0.2537149540624048,D4-deformed-contour-regular-away-W3-v51,checkpoint_5461_parent_v51_finite_cell
5464__x04_t06,5461_FINITE_PROJECTIVE_OWNER_CELL,E03,U035,MC04_SP_DP,B04,8,0,1,TOP,SIGN_DEFINITE_MONOTONE_PRINCIPAL_SQRT_RECTANGLE_WITH_PARENT_FALLBACK,0.8509232706288011,0.8510391849867827,0.59375,0.609375,8,x04_t06__finite_projective_depth9,0.0316656745200752,9.4824529261782e-08,True,,,22067.71835523418,0.00020125887534052007,0.9836870451341508,0.25371505408738054,1.274010180044506,0,,POINTWISE_SUPREMUM,9.336628089164228e-08,1.4582483701397116e-09,0.0,2.7473032999550924,True,True,False,False,False,False,False,E03__U035__TOP__MAXIMUM_PHYSICAL_PATH_AREA,x04_t06,reciprocal,plus,0.06692583335596816,0.2537149540624048,D4-deformed-contour-regular-away-W3-v51,checkpoint_5461_parent_v51_finite_cell
5464__x04_t07,5461_FINITE_PROJECTIVE_OWNER_CELL,E03,U035,MC04_SP_DP,B04,8,0,1,TOP,SIGN_DEFINITE_MONOTONE_PRINCIPAL_SQRT_RECTANGLE_WITH_PARENT_FALLBACK,0.8509232706288011,0.8510391849867827,0.609375,0.625,8,x04_t07__finite_projective_depth9,0.0316656745200752,9.4824529261782e-08,True,,,20091.48072353465,0.00022095712636228268,0.9831768710638495,0.25371505408738054,1.2785921458646743,0,,POINTWISE_SUPREMUM,9.336628089164228e-08,1.4582483701397116e-09,0.0,2.8394464000011794,True,True,False,False,False,False,False,E03__U035__TOP__MAXIMUM_PHYSICAL_PATH_AREA,x04_t07,reciprocal,plus,0.06607803466062132,0.2537149540624048,D4-deformed-contour-regular-away-W3-v51,checkpoint_5461_parent_v51_finite_cell
5464__x04_t08,5461_FINITE_PROJECTIVE_OWNER_CELL,E03,U035,MC04_SP_DP,B04,8,0,1,TOP,SIGN_DEFINITE_MONOTONE_PRINCIPAL_SQRT_RECTANGLE_WITH_PARENT_FALLBACK,0.8509232706288011,0.8510391849867827,0.625,0.640625,8,x04_t08__finite_projective_depth9,0.0316656745200752,9.4824529261782e-08,True,,,18257.87408414665,0.0002423276233332743,0.9826751852373969,0.25371505408738054,1.2838121637325326,0,,POINTWISE_SUPREMUM,9.336628089164228e-08,1.4582483701397116e-09,0.0,2.7058307000552304,True,True,False,False,False,False,False,E03__U035__TOP__MAXIMUM_PHYSICAL_PATH_AREA,x04_t08,reciprocal,plus,0.06525388849687433,0.2537149540624048,D4-deformed-contour-regular-away-W3-v51,checkpoint_5461_parent_v51_finite_cell
5464__x04_t09,5461_FINITE_PROJECTIVE_OWNER_CELL,E03,U035,MC04_SP_DP,B04,8,0,1,TOP,SIGN_DEFINITE_MONOTONE_PRINCIPAL_SQRT_RECTANGLE_WITH_PARENT_FALLBACK,0.8509232706288011,0.8510391849867827,0.640625,0.65625,8,x04_t09__finite_projective_depth9,0.0316656745200752,9.4824529261782e-08,True,,,16616.682240215356,0.00026502055401482374,0.9821828046752148,0.25371505408738054,1.289994929347302,0,,POINTWISE_SUPREMUM,9.336628089164228e-08,1.4582483701397116e-09,0.0,2.87451339996187,True,True,False,False,False,False,False,E03__U035__TOP__MAXIMUM_PHYSICAL_PATH_AREA,x04_t09,reciprocal,plus,0.06445433203807553,0.2537149540624048,D4-deformed-contour-regular-away-W3-v51,checkpoint_5461_parent_v51_finite_cell
5464__x04_t10,5461_FINITE_PROJECTIVE_OWNER_CELL,E03,U035,MC04_SP_DP,B04,8,0,1,TOP,SIGN_DEFINITE_MONOTONE_PRINCIPAL_SQRT_RECTANGLE_WITH_PARENT_FALLBACK,0.8509232706288011,0.8510391849867827,0.65625,0.671875,8,x04_t10__finite_projective_depth9,0.0316656745200752,9.4824529261782e-08,True,,,15160.776449064271,0.0002887780862311876,0.9817005712912329,0.25371505408738054,1.2971777249006236,0,,POINTWISE_SUPREMUM,9.336628089164228e-08,1.4582483701397116e-09,0.0,2.793178500025533,True,True,False,False,False,False,False,E03__U035__TOP__MAXIMUM_PHYSICAL_PATH_AREA,x04_t10,reciprocal,plus,0.06368032341744641,0.2537149540624048,D4-deformed-contour-regular-away-W3-v51,checkpoint_5461_parent_v51_finite_cell
5464__x04_t11,5461_FINITE_PROJECTIVE_OWNER_CELL,E03,U035,MC04_SP_DP,B04,8,0,1,TOP,SIGN_DEFINITE_MONOTONE_PRINCIPAL_SQRT_RECTANGLE_WITH_PARENT_FALLBACK,0.8509232706288011,0.8510391849867827,0.671875,0.6875,8,x04_t11__finite_projective_depth9,0.0316656745200752,9.4824529261782e-08,True,,,13889.682620518885,0.000313308805220027,0.981229347876132,0.25371505408738054,1.3054833592691995,0,,POINTWISE_SUPREMUM,9.336628089164228e-08,1.4582483701397116e-09,0.0,2.869649300002493,True,True,False,False,False,False,False,E03__U035__TOP__MAXIMUM_PHYSICAL_PATH_AREA,x04_t11,reciprocal,plus,0.06293283918793423,0.2537149540624048,D4-deformed-contour-regular-away-W3-v51,checkpoint_5461_parent_v51_finite_cell
5464__x04_t12,5461_FINITE_PROJECTIVE_OWNER_CELL,E03,U035,MC04_SP_DP,B04,8,0,1,TOP,SIGN_DEFINITE_MONOTONE_PRINCIPAL_SQRT_RECTANGLE_WITH_PARENT_FALLBACK,0.8509232706288011,0.8510391849867827,0.6875,0.703125,8,x04_t12__finite_projective_depth9,0.0316656745200752,9.4824529261782e-08,True,,,12872.144376474092,0.0003379845185375497,0.9807700132818092,0.25371505408738054,1.3149731050494193,0,,POINTWISE_SUPREMUM,9.336628089164228e-08,1.4582483701397116e-09,0.0,2.755551500013098,True,True,False,False,False,False,False,E03__U035__TOP__MAXIMUM_PHYSICAL_PATH_AREA,x04_t12,reciprocal,plus,0.062212871294229304,0.2537149540624048,D4-deformed-contour-regular-away-W3-v51,checkpoint_5461_parent_v51_finite_cell
5464__x04_t13,5461_FINITE_PROJECTIVE_OWNER_CELL,E03,U035,MC04_SP_DP,B04,8,0,1,TOP,SIGN_DEFINITE_MONOTONE_PRINCIPAL_SQRT_RECTANGLE_WITH_PARENT_FALLBACK,0.8509232706288011,0.8510391849867827,0.703125,0.71875,8,x04_t13__finite_projective_depth9,0.0316656745200752,9.4824529261782e-08,True,,,11995.971719546647,0.00036273345073065675,0.9803234567758846,0.25371505408738054,1.3256781549422036,0,,POINTWISE_SUPREMUM,9.336628089164228e-08,1.4582483701397116e-09,0.0,2.8728055999963544,True,True,False,False,False,False,False,E03__U035__TOP__MAXIMUM_PHYSICAL_PATH_AREA,x04_t13,reciprocal,plus,0.061521423527885796,0.2537149540624048,D4-deformed-contour-regular-away-W3-v51,checkpoint_5461_parent_v51_finite_cell
5464__x04_t14,5461_FINITE_PROJECTIVE_OWNER_CELL,E03,U035,MC04_SP_DP,B04,8,0,1,TOP,SIGN_DEFINITE_MONOTONE_PRINCIPAL_SQRT_RECTANGLE_WITH_PARENT_FALLBACK,0.8509232706288011,0.8510391849867827,0.71875,0.734375,8,x04_t14__finite_projective_depth9,0.0316656745200752,9.4824529261782e-08,True,,,11208.102098835352,0.00038756870688728354,0.9798905715522985,0.25371505408738054,1.3376019979163472,0,,POINTWISE_SUPREMUM,9.336628089164228e-08,1.4582483701397116e-09,0.0,5.183656300010625,True,True,False,False,False,False,False,E03__U035__TOP__MAXIMUM_PHYSICAL_PATH_AREA,x04_t14,reciprocal|representative,plus,0.06085950742408154,0.2537149540624048,D4-deformed-contour-regular-away-W3-v51,checkpoint_5461_parent_v51_finite_cell
5464__x04_t15,5461_FINITE_PROJECTIVE_OWNER_CELL,E03,U035,MC04_SP_DP,B04,8,0,1,TOP,SIGN_DEFINITE_MONOTONE_PRINCIPAL_SQRT_RECTANGLE_WITH_PARENT_FALLBACK,0.8509232706288011,0.8510391849867827,0.734375,0.75,8,x04_t15__finite_projective_depth9,0.0316656745200752,9.4824529261782e-08,True,,,10475.519007241384,0.0004125040254175785,0.9794722474053671,0.25371505408738054,1.350714651610127,0,,POINTWISE_SUPREMUM,9.336628089164228e-08,1.4582483701397116e-09,0.0,5.183314400026575,True,True,False,False,False,False,False,E03__U035__TOP__MAXIMUM_PHYSICAL_PATH_AREA,x04_t15,reciprocal|representative,plus,0.06022813767793588,0.2537149540624048,D4-deformed-contour-regular-away-W3-v51,checkpoint_5461_parent_v51_finite_cell
5464__x04_t16,5461_FINITE_PROJECTIVE_OWNER_CELL,E03,U035,MC04_SP_DP,B04,8,0,1,TOP,SIGN_DEFINITE_MONOTONE_PRINCIPAL_SQRT_RECTANGLE_WITH_PARENT_FALLBACK,0.8509232706288011,0.8510391849867827,0.75,0.765625,8,x04_t16__finite_projective_depth9,0.0316656745200752,9.4824529261782e-08,True,,,9767.397810582439,0.00043755373171512504,0.9790693626000262,0.25371505408738054,1.364953126973251,0,,POINTWISE_SUPREMUM,9.336628089164228e-08,1.4582483701397116e-09,0.0,5.577003300015349,True,True,False,False,False,False,False,E03__U035__TOP__MAXIMUM_PHYSICAL_PATH_AREA,x04_t16,reciprocal|representative,plus,0.05962832690270443,0.2537149540624048,D4-deformed-contour-regular-away-W3-v51,checkpoint_5461_parent_v51_finite_cell
5464__x04_t17,5461_FINITE_PROJECTIVE_OWNER_CELL,E03,U035,MC04_SP_DP,B04,8,0,1,TOP,SIGN_DEFINITE_MONOTONE_PRINCIPAL_SQRT_RECTANGLE_WITH_PARENT_FALLBACK,0.8509232706288011,0.8510391849867827,0.765625,0.78125,8,x04_t17__finite_projective_depth9,0.0316656745200752,9.4824529261782e-08,True,,,9072.769543337896,0.00046273268651975623,0.9786827750000764,0.25371505408738054,1.3802275775578814,0,,POINTWISE_SUPREMUM,9.336628089164228e-08,1.4582483701397116e-09,0.0,5.1290562999784015,True,True,False,False,False,False,False,E03__U035__TOP__MAXIMUM_PHYSICAL_PATH_AREA,x04_t17,reciprocal|representative,plus,0.05906107990015724,0.2537149540624048,D4-deformed-contour-regular-away-W3-v51,checkpoint_5461_parent_v51_finite_cell
5464__x04_t18,5461_FINITE_PROJECTIVE_OWNER_CELL,E03,U035,MC04_SP_DP,B04,8,0,1,TOP,SIGN_DEFINITE_MONOTONE_PRINCIPAL_SQRT_RECTANGLE_WITH_PARENT_FALLBACK,0.8509232706288011,0.8510391849867827,0.78125,0.796875,8,x04_t18__finite_projective_depth9,0.0316656745200752,9.4824529261782e-08,True,,,8385.083379156571,0.0004880562222269321,0.9783133125483424,0.25371505408738054,1.3964297613923033,0,,POINTWISE_SUPREMUM,9.336628089164228e-08,1.4582483701397116e-09,0.0,5.082805700018071,True,True,False,False,False,False,False,E03__U035__TOP__MAXIMUM_PHYSICAL_PATH_AREA,x04_t18,reciprocal|representative,plus,0.058527387403136344,0.2537149540624048,D4-deformed-contour-regular-away-W3-v51,checkpoint_5461_parent_v51_finite_cell
5464__x04_t19,5461_FINITE_PROJECTIVE_OWNER_CELL,E03,U035,MC04_SP_DP,B04,8,0,1,TOP,SIGN_DEFINITE_MONOTONE_PRINCIPAL_SQRT_RECTANGLE_WITH_PARENT_FALLBACK,0.8509232706288011,0.8510391849867827,0.796875,0.8125,8,x04_t19__finite_projective_depth9,0.0316656745200752,9.4824529261782e-08,True,,,7701.538044077051,0.000513540067505959,0.977961763226872,0.25371505408738054,1.4134265333403988,0,,POINTWISE_SUPREMUM,9.336628089164228e-08,1.4582483701397116e-09,0.0,5.054752699972596,True,True,False,False,False,False,False,E03__U035__TOP__MAXIMUM_PHYSICAL_PATH_AREA,x04_t19,reciprocal|representative,plus,0.05802821933787724,0.2537149540624048,D4-deformed-contour-regular-away-W3-v51,checkpoint_5461_parent_v51_finite_cell
5464__x04_t20,5461_FINITE_PROJECTIVE_OWNER_CELL,E03,U035,MC04_SP_DP,B04,8,0,1,TOP,SIGN_DEFINITE_MONOTONE_PRINCIPAL_SQRT_RECTANGLE_WITH_PARENT_FALLBACK,0.8509232706288011,0.8510391849867827,0.8125,0.828125,8,x04_t20__finite_projective_depth9,0.0316656745200752,9.4824529261782e-08,True,,,7025.316737973987,0.0005392002607500237,0.9776288646601907,0.25371505408738054,1.430470298743867,0,,POINTWISE_SUPREMUM,9.336628089164228e-08,1.4582483701397116e-09,0.0,5.1365408999845386,True,True,False,False,False,False,False,E03__U035__TOP__MAXIMUM_PHYSICAL_PATH_AREA,x04_t20,reciprocal|representative,plus,0.05756451767078294,0.2537149540624048,D4-deformed-contour-regular-away-W3-v51,checkpoint_5461_parent_v51_finite_cell
5464__x04_t21,5461_FINITE_PROJECTIVE_OWNER_CELL,E03,U035,MC04_SP_DP,B04,8,0,1,TOP,SIGN_DEFINITE_MONOTONE_PRINCIPAL_SQRT_RECTANGLE_WITH_PARENT_FALLBACK,0.8509232706288011,0.8510391849867827,0.828125,0.84375,8,x04_t21__finite_projective_depth9,0.0316656745200752,9.4824529261782e-08,True,,,6369.991277605585,0.000565053052944138,0.9773152935585602,0.25371505408738054,1.4447285682167,0,,POINTWISE_SUPREMUM,9.336628089164228e-08,1.4582483701397116e-09,0.0,5.183550899964757,True,True,False,False,False,False,False,E03__U035__TOP__MAXIMUM_PHYSICAL_PATH_AREA,x04_t21,reciprocal|representative,plus,0.05713718892138904,0.2537149540624048,D4-deformed-contour-regular-away-W3-v51,checkpoint_5461_parent_v51_finite_cell
5464__x04_t22,5461_FINITE_PROJECTIVE_OWNER_CELL,E03,U035,MC04_SP_DP,B04,8,0,1,TOP,SIGN_DEFINITE_MONOTONE_PRINCIPAL_SQRT_RECTANGLE_WITH_PARENT_FALLBACK,0.8509232706288011,0.8510391849867827,0.84375,0.859375,8,x04_t22__finite_projective_depth9,0.0316656745200752,9.4824529261782e-08,True,,,5730.704087667604,0.0005911148008699868,0.9770216552291436,0.25371505408738054,1.4575787594437286,0,,POINTWISE_SUPREMUM,9.336628089164228e-08,1.4582483701397116e-09,0.0,4.986326200014446,True,True,False,False,False,False,False,E03__U035__TOP__MAXIMUM_PHYSICAL_PATH_AREA,x04_t22,reciprocal|representative,plus,0.05674709644294803,0.2537149540624048,D4-deformed-contour-regular-away-W3-v51,checkpoint_5461_parent_v51_finite_cell
5464__x04_t23,5461_FINITE_PROJECTIVE_OWNER_CELL,E03,U035,MC04_SP_DP,B04,8,0,1,TOP,SIGN_DEFINITE_MONOTONE_PRINCIPAL_SQRT_RECTANGLE_WITH_PARENT_FALLBACK,0.8509232706288011,0.8510391849867827,0.859375,0.875,8,x04_t23__finite_projective_depth9,0.0316656745200752,9.4824529261782e-08,True,,,5106.083805578279,0.0006174018521584104,0.9767484734088093,0.25371505408738054,1.4701122258402908,0,,POINTWISE_SUPREMUM,9.336628089164228e-08,1.4582483701397116e-09,0.0,5.050475299998652,True,True,False,False,False,False,False,E03__U035__TOP__MAXIMUM_PHYSICAL_PATH_AREA,x04_t23,reciprocal|representative,plus,0.05639505259324468,0.2537149540624048,D4-deformed-contour-regular-away-W3-v51,checkpoint_5461_parent_v51_finite_cell
5464__x04_t24,5461_FINITE_PROJECTIVE_OWNER_CELL,E03,U035,MC04_SP_DP,B04,8,0,1,TOP,SIGN_DEFINITE_MONOTONE_PRINCIPAL_SQRT_RECTANGLE_WITH_PARENT_FALLBACK,0.8509232706288011,0.8510391849867827,0.875,0.890625,8,x04_t24__finite_projective_depth9,0.0316656745200752,9.4824529261782e-08,True,,,4501.383226033168,0.0006439304235445002,0.97649618069075,0.25371505408738054,1.48226905360029,0,,POINTWISE_SUPREMUM,9.336628089164228e-08,1.4582483701397116e-09,0.0,5.133919199986849,True,True,False,False,False,False,False,E03__U035__TOP__MAXIMUM_PHYSICAL_PATH_AREA,x04_t24,reciprocal|representative,plus,0.056081810930614956,0.2537149540624048,D4-deformed-contour-regular-away-W3-v51,checkpoint_5461_parent_v51_finite_cell
5464__x04_t25,5461_FINITE_PROJECTIVE_OWNER_CELL,E03,U035,MC04_SP_DP,B04,8,0,1,TOP,SIGN_DEFINITE_MONOTONE_PRINCIPAL_SQRT_RECTANGLE_WITH_PARENT_FALLBACK,0.8509232706288011,0.8510391849867827,0.890625,0.90625,8,x04_t25__finite_projective_depth9,0.0316656745200752,9.4824529261782e-08,True,,,3923.2646847324463,0.0006707164747245804,0.9762651098260738,0.25371505408738054,1.4939913650291523,0,,POINTWISE_SUPREMUM,9.336628089164228e-08,1.4582483701397116e-09,0.0,5.08046030002879,True,True,False,False,False,False,False,E03__U035__TOP__MAXIMUM_PHYSICAL_PATH_AREA,x04_t25,reciprocal|representative,plus,0.05580805859091772,0.2537149540624048,D4-deformed-contour-regular-away-W3-v51,checkpoint_5461_parent_v51_finite_cell
5464__x04_t26,5461_FINITE_PROJECTIVE_OWNER_CELL,E03,U035,MC04_SP_DP,B04,8,0,1,TOP,SIGN_DEFINITE_MONOTONE_PRINCIPAL_SQRT_RECTANGLE_WITH_PARENT_FALLBACK,0.8509232706288011,0.8510391849867827,0.90625,0.921875,8,x04_t26__finite_projective_depth9,0.0316656745200752,9.4824529261782e-08,True,,,3386.138305635839,0.0006977755799957878,0.9760554861792128,0.25371505408738054,1.5051977120796969,0,,POINTWISE_SUPREMUM,9.336628089164228e-08,1.4582483701397116e-09,0.0,5.070120299991686,True,True,False,False,False,False,False,E03__U035__TOP__MAXIMUM_PHYSICAL_PATH_AREA,x04_t26,reciprocal|representative,plus,0.055574409006277525,0.2537149540624048,D4-deformed-contour-regular-away-W3-v51,checkpoint_5461_parent_v51_finite_cell
5464__x04_t27,5461_FINITE_PROJECTIVE_OWNER_CELL,E03,U035,MC04_SP_DP,B04,8,0,1,TOP,SIGN_DEFINITE_MONOTONE_PRINCIPAL_SQRT_RECTANGLE_WITH_PARENT_FALLBACK,0.8509232706288011,0.8510391849867827,0.921875,0.9375,8,x04_t27__finite_projective_depth9,0.0316656745200752,9.4824529261782e-08,True,,,2891.9635373733704,0.0007251228002876593,0.9758674216011314,0.25371505408738054,1.5157691913351896,0,,POINTWISE_SUPREMUM,9.336628089164228e-08,1.4582483701397116e-09,0.0,5.151566499960609,True,True,False,False,False,False,False,E03__U035__TOP__MAXIMUM_PHYSICAL_PATH_AREA,x04_t27,reciprocal|representative,plus,0.055381395132925434,0.2537149540624048,D4-deformed-contour-regular-away-W3-v51,checkpoint_5461_parent_v51_finite_cell
5464__x04_t28,5461_FINITE_PROJECTIVE_OWNER_CELL,E03,U035,MC04_SP_DP,B04,8,0,1,TOP,SIGN_DEFINITE_MONOTONE_PRINCIPAL_SQRT_RECTANGLE_WITH_PARENT_FALLBACK,0.8509232706288011,0.8510391849867827,0.9375,0.953125,8,x04_t28__finite_projective_depth9,0.0316656745200752,9.4824529261782e-08,True,,,2456.0742510168952,0.0007523666434847275,0.9757009099563337,0.25371505408738054,1.5257525273791848,0,,POINTWISE_SUPREMUM,9.336628089164228e-08,1.4582483701397116e-09,0.0,5.121129100036342,True,True,False,False,False,False,False,E03__U035__TOP__MAXIMUM_PHYSICAL_PATH_AREA,x04_t28,reciprocal|representative,plus,0.05522946335358421,0.2537149540624048,D4-deformed-contour-regular-away-W3-v51,checkpoint_5461_parent_v51_finite_cell
5464__x04_t29,5461_FINITE_PROJECTIVE_OWNER_CELL,E03,U035,MC04_SP_DP,B04,8,0,1,TOP,SIGN_DEFINITE_MONOTONE_PRINCIPAL_SQRT_RECTANGLE_WITH_PARENT_FALLBACK,0.8509232706288011,0.8510391849867827,0.953125,0.96875,8,x04_t29__finite_projective_depth9,0.0316656745200752,9.4824529261782e-08,True,,,2062.3590336955763,0.0007799189615406703,0.9755558244988535,0.25371505408738054,1.5351012802107344,0,,POINTWISE_SUPREMUM,9.336628089164228e-08,1.4582483701397116e-09,0.0,5.2448597000329755,True,True,False,False,False,False,False,E03__U035__TOP__MAXIMUM_PHYSICAL_PATH_AREA,x04_t29,reciprocal|representative,plus,0.05511896821147543,0.2537149540624048,D4-deformed-contour-regular-away-W3-v51,checkpoint_5461_parent_v51_finite_cell
5464__x04_t30,5461_FINITE_PROJECTIVE_OWNER_CELL,E03,U035,MC04_SP_DP,B04,8,0,1,TOP,SIGN_DEFINITE_MONOTONE_PRINCIPAL_SQRT_RECTANGLE_WITH_PARENT_FALLBACK,0.8509232706288011,0.8510391849867827,0.96875,0.984375,8,x04_t30__finite_projective_depth9,0.0316656745200752,9.4824529261782e-08,True,,,1725.0583225651296,0.0008077981256215222,0.9754319172399514,0.25371505408738054,1.5436434902472,0,,POINTWISE_SUPREMUM,9.336628089164228e-08,1.4582483701397116e-09,0.0,5.237254399980884,True,True,False,False,False,False,False,E03__U035__TOP__MAXIMUM_PHYSICAL_PATH_AREA,x04_t30,reciprocal|representative,plus,0.055050168117737726,0.2537149540624048,D4-deformed-contour-regular-away-W3-v51,checkpoint_5461_parent_v51_finite_cell
5464__x04_t31,5461_FINITE_PROJECTIVE_OWNER_CELL,E03,U035,MC04_SP_DP,B04,8,0,1,TOP,SIGN_DEFINITE_MONOTONE_PRINCIPAL_SQRT_RECTANGLE_WITH_PARENT_FALLBACK,0.8509232706288011,0.8510391849867827,0.984375,1.0,8,x04_t31__finite_projective_depth9,0.0316656745200752,9.4824529261782e-08,True,,,1517.9337073990591,0.0008360159479513233,0.9753288203883516,0.25371505408738054,1.5512800792512895,0,,POINTWISE_SUPREMUM,9.336628089164228e-08,1.4582483701397116e-09,0.0,5.113351100008003,True,True,False,False,False,False,False,E03__U035__TOP__MAXIMUM_PHYSICAL_PATH_AREA,x04_t31,reciprocal|representative,plus,0.05502322215211127,0.2537149540624048,D4-deformed-contour-regular-away-W3-v51,checkpoint_5461_parent_v51_finite_cell
5464__x05_t00,5461_FINITE_PROJECTIVE_OWNER_CELL,E03,U035,MC04_SP_DP,B04,8,0,1,TOP,SIGN_DEFINITE_MONOTONE_PRINCIPAL_SQRT_RECTANGLE_WITH_PARENT_FALLBACK,0.8510391849867827,0.8511550993447642,0.5,0.515625,8,x05_t00__finite_projective_depth9,0.0316656745200752,9.4824529261782e-08,True,,,18523.8226134554,0.00015959106222128305,0.9872949347516002,0.25360838074980463,1.255895433963116,0,,POINTWISE_SUPREMUM,9.338293304171595e-08,1.4415962200660394e-09,0.0,2.7133648000308312,True,True,False,False,False,False,False,E03__U035__TOP__MAXIMUM_PHYSICAL_PATH_AREA,x05_t00,reciprocal,plus,0.07244798361865909,0.2536082807248289,D4-deformed-contour-regular-away-W3-v51,checkpoint_5461_parent_v51_finite_cell
5464__x05_t01,5461_FINITE_PROJECTIVE_OWNER_CELL,E03,U035,MC04_SP_DP,B04,8,0,1,TOP,SIGN_DEFINITE_MONOTONE_PRINCIPAL_SQRT_RECTANGLE_WITH_PARENT_FALLBACK,0.8510391849867827,0.8511550993447642,0.515625,0.53125,8,x05_t01__finite_projective_depth9,0.0316656745200752,9.4824529261782e-08,True,,,23226.73224407081,0.0001503472485080473,0.9867489000363299,0.25360838074980463,1.2587344014532096,0,,POINTWISE_SUPREMUM,9.338293304171595e-08,1.4415962200660394e-09,0.0,2.8839421999873593,True,True,False,False,False,False,False,E03__U035__TOP__MAXIMUM_PHYSICAL_PATH_AREA,x05_t01,reciprocal,plus,0.07147645388419349,0.2536082807248289,D4-deformed-contour-regular-away-W3-v51,checkpoint_5461_parent_v51_finite_cell
5464__x05_t02,5461_FINITE_PROJECTIVE_OWNER_CELL,E03,U035,MC04_SP_DP,B04,8,0,1,TOP,SIGN_DEFINITE_MONOTONE_PRINCIPAL_SQRT_RECTANGLE_WITH_PARENT_FALLBACK,0.8510391849867827,0.8511550993447642,0.53125,0.546875,8,x05_t02__finite_projective_depth9,0.0316656745200752,9.4824529261782e-08,True,,,27625.993169251673,0.00014564488272061628,0.9862071126941794,0.25360838074980463,1.2608737305592905,0,,POINTWISE_SUPREMUM,9.338293304171595e-08,1.4415962200660394e-09,0.0,2.734618299989961,True,True,False,False,False,False,False,E03__U035__TOP__MAXIMUM_PHYSICAL_PATH_AREA,x05_t02,reciprocal,plus,0.07052348778249976,0.2536082807248289,D4-deformed-contour-regular-away-W3-v51,checkpoint_5461_parent_v51_finite_cell
5464__x05_t03,5461_FINITE_PROJECTIVE_OWNER_CELL,E03,U035,MC04_SP_DP,B04,8,0,1,TOP,SIGN_DEFINITE_MONOTONE_PRINCIPAL_SQRT_RECTANGLE_WITH_PARENT_FALLBACK,0.8510391849867827,0.8511550993447642,0.546875,0.5625,8,x05_t03__finite_projective_depth9,0.0316656745200752,9.4824529261782e-08,True,,,30621.182174386122,0.0001459782434940985,0.9856701947425532,0.25360838074980463,1.2631266464898099,0,,POINTWISE_SUPREMUM,9.338293304171595e-08,1.4415962200660394e-09,0.0,2.8577268999652006,True,True,False,False,False,False,False,E03__U035__TOP__MAXIMUM_PHYSICAL_PATH_AREA,x05_t03,reciprocal,plus,0.06958986648252308,0.2536082807248289,D4-deformed-contour-regular-away-W3-v51,checkpoint_5461_parent_v51_finite_cell
5464__x05_t04,5461_FINITE_PROJECTIVE_OWNER_CELL,E03,U035,MC04_SP_DP,B04,8,0,1,TOP,SIGN_DEFINITE_MONOTONE_PRINCIPAL_SQRT_RECTANGLE_WITH_PARENT_FALLBACK,0.8510391849867827,0.8511550993447642,0.5625,0.578125,8,x05_t04__finite_projective_depth9,0.0316656745200752,9.4824529261782e-08,True,,,31618.04615317845,0.0001513725928819257,0.9851388034520123,0.25360838074980463,1.265776143718896,0,,POINTWISE_SUPREMUM,9.338293304171595e-08,1.4415962200660394e-09,0.0,2.7370303999632597,True,True,False,False,False,False,False,E03__U035__TOP__MAXIMUM_PHYSICAL_PATH_AREA,x05_t04,reciprocal,plus,0.06867639914659775,0.2536082807248289,D4-deformed-contour-regular-away-W3-v51,checkpoint_5461_parent_v51_finite_cell
5464__x05_t05,5461_FINITE_PROJECTIVE_OWNER_CELL,E03,U035,MC04_SP_DP,B04,8,0,1,TOP,SIGN_DEFINITE_MONOTONE_PRINCIPAL_SQRT_RECTANGLE_WITH_PARENT_FALLBACK,0.8510391849867827,0.8511550993447642,0.578125,0.59375,8,x05_t05__finite_projective_depth9,0.0316656745200752,9.4824529261782e-08,True,,,30783.07237304479,0.0001613817270475996,0.9846136309608791,0.25360838074980463,1.2689575262163155,0,,POINTWISE_SUPREMUM,9.338293304171595e-08,1.4415962200660394e-09,0.0,2.920821400010027,True,True,False,False,False,False,False,E03__U035__TOP__MAXIMUM_PHYSICAL_PATH_AREA,x05_t05,reciprocal,plus,0.0677839225534619,0.2536082807248289,D4-deformed-contour-regular-away-W3-v51,checkpoint_5461_parent_v51_finite_cell
5464__x05_t06,5461_FINITE_PROJECTIVE_OWNER_CELL,E03,U035,MC04_SP_DP,B04,8,0,1,TOP,SIGN_DEFINITE_MONOTONE_PRINCIPAL_SQRT_RECTANGLE_WITH_PARENT_FALLBACK,0.8510391849867827,0.8511550993447642,0.59375,0.609375,8,x05_t06__finite_projective_depth9,0.0316656745200752,9.4824529261782e-08,True,,,28768.99627918998,0.00017527799330703355,0.9840954034419435,0.25360838074980463,1.2727996946912343,0,,POINTWISE_SUPREMUM,9.338293304171595e-08,1.4415962200660394e-09,0.0,2.9835818000137806,True,True,False,False,False,False,False,E03__U035__TOP__MAXIMUM_PHYSICAL_PATH_AREA,x05_t06,reciprocal,plus,0.06691330045308345,0.2536082807248289,D4-deformed-contour-regular-away-W3-v51,checkpoint_5461_parent_v51_finite_cell
5464__x05_t07,5461_FINITE_PROJECTIVE_OWNER_CELL,E03,U035,MC04_SP_DP,B04,8,0,1,TOP,SIGN_DEFINITE_MONOTONE_PRINCIPAL_SQRT_RECTANGLE_WITH_PARENT_FALLBACK,0.8510391849867827,0.8511550993447642,0.609375,0.625,8,x05_t07__finite_projective_depth9,0.0316656745200752,9.4824529261782e-08,True,,,26244.89797019757,0.00019228139325992596,0.9835848797571533,0.25360838074980463,1.2773784226975111,0,,POINTWISE_SUPREMUM,9.338293304171595e-08,1.4415962200660394e-09,0.0,2.884590100031346,True,True,False,False,False,False,False,E03__U035__TOP__MAXIMUM_PHYSICAL_PATH_AREA,x05_t07,reciprocal,plus,0.06606542262236631,0.2536082807248289,D4-deformed-contour-regular-away-W3-v51,checkpoint_5461_parent_v51_finite_cell
5464__x05_t08,5461_FINITE_PROJECTIVE_OWNER_CELL,E03,U035,MC04_SP_DP,B04,8,0,1,TOP,SIGN_DEFINITE_MONOTONE_PRINCIPAL_SQRT_RECTANGLE_WITH_PARENT_FALLBACK,0.8510391849867827,0.8511550993447642,0.625,0.640625,8,x05_t08__finite_projective_depth9,0.0316656745200752,9.4824529261782e-08,True,,,23661.268585130478,0.00021170481920624755,0.9830828495353258,0.25360838074980463,1.2825933416595803,0,,POINTWISE_SUPREMUM,9.338293304171595e-08,1.4415962200660394e-09,0.0,2.786188600002788,True,True,False,False,False,False,False,E03__U035__TOP__MAXIMUM_PHYSICAL_PATH_AREA,x05_t08,reciprocal,plus,0.06524120357335554,0.2536082807248289,D4-deformed-contour-regular-away-W3-v51,checkpoint_5461_parent_v51_finite_cell
5464__x05_t09,5461_FINITE_PROJECTIVE_OWNER_CELL,E03,U035,MC04_SP_DP,B04,8,0,1,TOP,SIGN_DEFINITE_MONOTONE_PRINCIPAL_SQRT_RECTANGLE_WITH_PARENT_FALLBACK,0.8510391849867827,0.8511550993447642,0.640625,0.65625,8,x05_t09__finite_projective_depth9,0.0316656745200752,9.4824529261782e-08,True,,,21263.496694507965,0.0002330032132273115,0.9825901306090179,0.25360838074980463,1.2887683847230662,0,,POINTWISE_SUPREMUM,9.338293304171595e-08,1.4415962200660394e-09,0.0,2.853859100025147,True,True,False,False,False,False,False,E03__U035__TOP__MAXIMUM_PHYSICAL_PATH_AREA,x05_t09,reciprocal,plus,0.06444158088547201,0.2536082807248289,D4-deformed-contour-regular-away-W3-v51,checkpoint_5461_parent_v51_finite_cell
5464__x05_t10,5461_FINITE_PROJECTIVE_OWNER_CELL,E03,U035,MC04_SP_DP,B04,8,0,1,TOP,SIGN_DEFINITE_MONOTONE_PRINCIPAL_SQRT_RECTANGLE_WITH_PARENT_FALLBACK,0.8510391849867827,0.8511550993447642,0.65625,0.671875,8,x05_t10__finite_projective_depth9,0.0316656745200752,9.4824529261782e-08,True,,,19116.540288363765,0.0002557669175822009,0.9821075657501163,0.25360838074980463,1.2959457385757853,0,,POINTWISE_SUPREMUM,9.338293304171595e-08,1.4415962200660394e-09,0.0,2.754509499995038,True,True,False,False,False,False,False,E03__U035__TOP__MAXIMUM_PHYSICAL_PATH_AREA,x05_t10,reciprocal,plus,0.06366751311918857,0.2536082807248289,D4-deformed-contour-regular-away-W3-v51,checkpoint_5461_parent_v51_finite_cell
5464__x05_t11,5461_FINITE_PROJECTIVE_OWNER_CELL,E03,U035,MC04_SP_DP,B04,8,0,1,TOP,SIGN_DEFINITE_MONOTONE_PRINCIPAL_SQRT_RECTANGLE_WITH_PARENT_FALLBACK,0.8510391849867827,0.8511550993447642,0.671875,0.6875,8,x05_t11__finite_projective_depth9,0.0316656745200752,9.4824529261782e-08,True,,,17219.502194720473,0.0002796956573790515,0.981636018650016,0.25360838074980463,1.304247139459105,0,,POINTWISE_SUPREMUM,9.338293304171595e-08,1.4415962200660394e-09,0.0,2.9008213000488468,True,True,False,False,False,False,False,E03__U035__TOP__MAXIMUM_PHYSICAL_PATH_AREA,x05_t11,reciprocal,plus,0.06291997727506442,0.2536082807248289,D4-deformed-contour-regular-away-W3-v51,checkpoint_5461_parent_v51_finite_cell
5464__x05_t12,5461_FINITE_PROJECTIVE_OWNER_CELL,E03,U035,MC04_SP_DP,B04,8,0,1,TOP,SIGN_DEFINITE_MONOTONE_PRINCIPAL_SQRT_RECTANGLE_WITH_PARENT_FALLBACK,0.8510391849867827,0.8511550993447642,0.6875,0.703125,8,x05_t12__finite_projective_depth9,0.0316656745200752,9.4824529261782e-08,True,,,15640.629941362136,0.0003045370797092095,0.9811763690998302,0.25360838074980463,1.3137328922637848,0,,POINTWISE_SUPREMUM,9.338293304171595e-08,1.4415962200660394e-09,0.0,2.7463549999520183,True,True,False,False,False,False,False,E03__U035__TOP__MAXIMUM_PHYSICAL_PATH_AREA,x05_t12,reciprocal,plus,0.06219996576450152,0.2536082807248289,D4-deformed-contour-regular-away-W3-v51,checkpoint_5461_parent_v51_finite_cell
5464__x05_t13,5461_FINITE_PROJECTIVE_OWNER_CELL,E03,U035,MC04_SP_DP,B04,8,0,1,TOP,SIGN_DEFINITE_MONOTONE_PRINCIPAL_SQRT_RECTANGLE_WITH_PARENT_FALLBACK,0.8510391849867827,0.8511550993447642,0.703125,0.71875,8,x05_t13__finite_projective_depth9,0.0316656745200752,9.4824529261782e-08,True,,,14337.273619107738,0.0003296452766382185,0.9807295073393387,0.25360838074980463,1.3244342949837353,0,,POINTWISE_SUPREMUM,9.338293304171595e-08,1.4415962200660394e-09,0.0,2.8986001999583095,True,True,False,False,False,False,False,E03__U035__TOP__MAXIMUM_PHYSICAL_PATH_AREA,x05_t13,reciprocal,plus,0.06150848286310512,0.2536082807248289,D4-deformed-contour-regular-away-W3-v51,checkpoint_5461_parent_v51_finite_cell
5464__x05_t14,5461_FINITE_PROJECTIVE_OWNER_CELL,E03,U035,MC04_SP_DP,B04,8,0,1,TOP,SIGN_DEFINITE_MONOTONE_PRINCIPAL_SQRT_RECTANGLE_WITH_PARENT_FALLBACK,0.8510391849867827,0.8511550993447642,0.71875,0.734375,8,x05_t14__finite_projective_depth9,0.0316656745200752,9.4824529261782e-08,True,,,13185.737206179721,0.00035483986770175894,0.9802963275606263,0.25360838074980463,1.336354819088941,0,,POINTWISE_SUPREMUM,9.338293304171595e-08,1.4415962200660394e-09,0.0,2.7421007999801077,True,True,False,False,False,False,False,E03__U035__TOP__MAXIMUM_PHYSICAL_PATH_AREA,x05_t14,reciprocal,plus,0.06084654060587514,0.2536082807248289,D4-deformed-contour-regular-away-W3-v51,checkpoint_5461_parent_v51_finite_cell
5464__x05_t15,5461_FINITE_PROJECTIVE_OWNER_CELL,E03,U035,MC04_SP_DP,B04,8,0,1,TOP,SIGN_DEFINITE_MONOTONE_PRINCIPAL_SQRT_RECTANGLE_WITH_PARENT_FALLBACK,0.8510391849867827,0.8511550993447642,0.734375,0.75,8,x05_t15__finite_projective_depth9,0.0316656745200752,9.4824529261782e-08,True,,,12172.042472657546,0.0003801344127593138,0.9798777205737156,0.25360838074980463,1.3494643553863546,0,,POINTWISE_SUPREMUM,9.338293304171595e-08,1.4415962200660394e-09,0.0,5.392308899958152,True,True,False,False,False,False,False,E03__U035__TOP__MAXIMUM_PHYSICAL_PATH_AREA,x05_t15,reciprocal|representative,plus,0.06021515419765509,0.2536082807248289,D4-deformed-contour-regular-away-W3-v51,checkpoint_5461_parent_v51_finite_cell
5464__x05_t16,5461_FINITE_PROJECTIVE_OWNER_CELL,E03,U035,MC04_SP_DP,B04,8,0,1,TOP,SIGN_DEFINITE_MONOTONE_PRINCIPAL_SQRT_RECTANGLE_WITH_PARENT_FALLBACK,0.8510391849867827,0.8511550993447642,0.75,0.765625,8,x05_t16__finite_projective_depth9,0.0316656745200752,9.4824529261782e-08,True,,,11226.397990659045,0.00040554305058597537,0.9794745656669029,0.25360838074980463,1.3637000417300589,0,,POINTWISE_SUPREMUM,9.338293304171595e-08,1.4415962200660394e-09,0.0,5.108313000004273,True,True,False,False,False,False,False,E03__U035__TOP__MAXIMUM_PHYSICAL_PATH_AREA,x05_t16,reciprocal|representative,plus,0.05961533677221004,0.2536082807248289,D4-deformed-contour-regular-away-W3-v51,checkpoint_5461_parent_v51_finite_cell
5464__x05_t17,5461_FINITE_PROJECTIVE_OWNER_CELL,E03,U035,MC04_SP_DP,B04,8,0,1,TOP,SIGN_DEFINITE_MONOTONE_PRINCIPAL_SQRT_RECTANGLE_WITH_PARENT_FALLBACK,0.8510391849867827,0.8511550993447642,0.765625,0.78125,8,x05_t17__finite_projective_depth9,0.0316656745200752,9.4824529261782e-08,True,,,10328.187152233524,0.0004310804472828018,0.9790877217236226,0.25360838074980463,1.3789718124597425,0,,POINTWISE_SUPREMUM,9.338293304171595e-08,1.4415962200660394e-09,0.0,5.084399099985603,True,True,False,False,False,False,False,E03__U035__TOP__MAXIMUM_PHYSICAL_PATH_AREA,x05_t17,reciprocal|representative,plus,0.05904809365547641,0.2536082807248289,D4-deformed-contour-regular-away-W3-v51,checkpoint_5461_parent_v51_finite_cell
5464__x05_t18,5461_FINITE_PROJECTIVE_OWNER_CELL,E03,U035,MC04_SP_DP,B04,8,0,1,TOP,SIGN_DEFINITE_MONOTONE_PRINCIPAL_SQRT_RECTANGLE_WITH_PARENT_FALLBACK,0.8510391849867827,0.8511550993447642,0.78125,0.796875,8,x05_t18__finite_projective_depth9,0.0316656745200752,9.4824529261782e-08,True,,,9464.078555892293,0.00045676173310493415,0.9787180176898445,0.25360838074980463,1.3951715697353941,0,,POINTWISE_SUPREMUM,9.338293304171595e-08,1.4415962200660394e-09,0.0,5.197226899967063,True,True,False,False,False,False,False,E03__U035__TOP__MAXIMUM_PHYSICAL_PATH_AREA,x05_t18,reciprocal|representative,plus,0.058514416104007136,0.2536082807248289,D4-deformed-contour-regular-away-W3-v51,checkpoint_5461_parent_v51_finite_cell
5464__x05_t19,5461_FINITE_PROJECTIVE_OWNER_CELL,E03,U035,MC04_SP_DP,B04,8,0,1,TOP,SIGN_DEFINITE_MONOTONE_PRINCIPAL_SQRT_RECTANGLE_WITH_PARENT_FALLBACK,0.8510391849867827,0.8511550993447642,0.796875,0.8125,8,x05_t19__finite_projective_depth9,0.0316656745200752,9.4824529261782e-08,True,,,8626.42035432049,0.00048260242763480615,0.9783662425202688,0.25360838074980463,1.412165919816436,0,,POINTWISE_SUPREMUM,9.338293304171595e-08,1.4415962200660394e-09,0.0,5.292777999944519,True,True,False,False,False,False,False,E03__U035__TOP__MAXIMUM_PHYSICAL_PATH_AREA,x05_t19,reciprocal|representative,plus,0.05801527456182044,0.2536082807248289,D4-deformed-contour-regular-away-W3-v51,checkpoint_5461_parent_v51_finite_cell
5464__x05_t20,5461_FINITE_PROJECTIVE_OWNER_CELL,E03,U035,MC04_SP_DP,B04,8,0,1,TOP,SIGN_DEFINITE_MONOTONE_PRINCIPAL_SQRT_RECTANGLE_WITH_PARENT_FALLBACK,0.8510391849867827,0.8511550993447642,0.8125,0.828125,8,x05_t20__finite_projective_depth9,0.0316656745200752,9.4824529261782e-08,True,,,7815.0292708293555,0.0005086183538995964,0.9780331347665547,0.25360838074980463,1.4292436929649157,0,,POINTWISE_SUPREMUM,9.338293304171595e-08,1.4415962200660394e-09,0.0,5.213458299986087,True,True,False,False,False,False,False,E03__U035__TOP__MAXIMUM_PHYSICAL_PATH_AREA,x05_t20,reciprocal|representative,plus,0.05755161150112161,0.2536082807248289,D4-deformed-contour-regular-away-W3-v51,checkpoint_5461_parent_v51_finite_cell
5464__x05_t21,5461_FINITE_PROJECTIVE_OWNER_CELL,E03,U035,MC04_SP_DP,B04,8,0,1,TOP,SIGN_DEFINITE_MONOTONE_PRINCIPAL_SQRT_RECTANGLE_WITH_PARENT_FALLBACK,0.8510391849867827,0.8511550993447642,0.828125,0.84375,8,x05_t21__finite_projective_depth9,0.0316656745200752,9.4824529261782e-08,True,,,7042.564483942808,0.000534825542020397,0.9777193720048178,0.25360838074980463,1.4434723350984482,0,,POINTWISE_SUPREMUM,9.338293304171595e-08,1.4415962200660394e-09,0.0,5.1062631999957375,True,True,False,False,False,False,False,E03__U035__TOP__MAXIMUM_PHYSICAL_PATH_AREA,x05_t21,reciprocal|representative,plus,0.05712433392871602,0.2536082807248289,D4-deformed-contour-regular-away-W3-v51,checkpoint_5461_parent_v51_finite_cell
5464__x05_t22,5461_FINITE_PROJECTIVE_OWNER_CELL,E03,U035,MC04_SP_DP,B04,8,0,1,TOP,SIGN_DEFINITE_MONOTONE_PRINCIPAL_SQRT_RECTANGLE_WITH_PARENT_FALLBACK,0.8510391849867827,0.8511550993447642,0.84375,0.859375,8,x05_t22__finite_projective_depth9,0.0316656745200752,9.4824529261782e-08,True,,,6300.557976250129,0.0005612401233297356,0.9774255603306716,0.25360838074980463,1.4563137999446871,0,,POINTWISE_SUPREMUM,9.338293304171595e-08,1.4415962200660394e-09,0.0,5.368290500016883,True,True,False,False,False,False,False,E03__U035__TOP__MAXIMUM_PHYSICAL_PATH_AREA,x05_t22,reciprocal|representative,plus,0.05673430565982333,0.2536082807248289,D4-deformed-contour-regular-away-W3-v51,checkpoint_5461_parent_v51_finite_cell
5464__x05_t23,5461_FINITE_PROJECTIVE_OWNER_CELL,E03,U035,MC04_SP_DP,B04,8,0,1,TOP,SIGN_DEFINITE_MONOTONE_PRINCIPAL_SQRT_RECTANGLE_WITH_PARENT_FALLBACK,0.8510391849867827,0.8511550993447642,0.859375,0.875,8,x05_t23__finite_projective_depth9,0.0316656745200752,9.4824529261782e-08,True,,,5585.562692167589,0.0005878782163543618,0.9771522241759611,0.25360838074980463,1.4688388721536016,0,,POINTWISE_SUPREMUM,9.338293304171595e-08,1.4415962200660394e-09,0.0,5.07271259999834,True,True,False,False,False,False,False,E03__U035__TOP__MAXIMUM_PHYSICAL_PATH_AREA,x05_t23,reciprocal|representative,plus,0.0563823394810249,0.2536082807248289,D4-deformed-contour-regular-away-W3-v51,checkpoint_5461_parent_v51_finite_cell
5464__x05_t24,5461_FINITE_PROJECTIVE_OWNER_CELL,E03,U035,MC04_SP_DP,B04,8,0,1,TOP,SIGN_DEFINITE_MONOTONE_PRINCIPAL_SQRT_RECTANGLE_WITH_PARENT_FALLBACK,0.8510391849867827,0.8511550993447642,0.875,0.890625,8,x05_t24__finite_projective_depth9,0.0316656745200752,9.4824529261782e-08,True,,,4901.576378224213,0.0006147558062873594,0.9768997967198599,0.25360838074980463,1.4809876558063577,0,,POINTWISE_SUPREMUM,9.338293304171595e-08,1.4415962200660394e-09,0.0,5.110862399975304,True,True,False,False,False,False,False,E03__U035__TOP__MAXIMUM_PHYSICAL_PATH_AREA,x05_t24,reciprocal|representative,plus,0.05606918934004855,0.2536082807248289,D4-deformed-contour-regular-away-W3-v51,checkpoint_5461_parent_v51_finite_cell
5464__x05_t25,5461_FINITE_PROJECTIVE_OWNER_CELL,E03,U035,MC04_SP_DP,B04,8,0,1,TOP,SIGN_DEFINITE_MONOTONE_PRINCIPAL_SQRT_RECTANGLE_WITH_PARENT_FALLBACK,0.8510391849867827,0.8511550993447642,0.890625,0.90625,8,x05_t25__finite_projective_depth9,0.0316656745200752,9.4824529261782e-08,True,,,4254.316208901072,0.0006418886199732396,0.9766686111760021,0.25360838074980463,1.4927022886435108,0,,POINTWISE_SUPREMUM,9.338293304171595e-08,1.4415962200660394e-09,0.0,5.095473099965602,True,True,False,False,False,False,False,E03__U035__TOP__MAXIMUM_PHYSICAL_PATH_AREA,x05_t25,reciprocal|representative,plus,0.05579554271492108,0.2536082807248289,D4-deformed-contour-regular-away-W3-v51,checkpoint_5461_parent_v51_finite_cell
5464__x05_t26,5461_FINITE_PROJECTIVE_OWNER_CELL,E03,U035,MC04_SP_DP,B04,8,0,1,TOP,SIGN_DEFINITE_MONOTONE_PRINCIPAL_SQRT_RECTANGLE_WITH_PARENT_FALLBACK,0.8510391849867827,0.8511550993447642,0.90625,0.921875,8,x05_t26__finite_projective_depth9,0.0316656745200752,9.4824529261782e-08,True,,,3657.0083133789417,0.000669291998848703,0.9764588932350206,0.25360838074980463,1.5039006801803534,0,,POINTWISE_SUPREMUM,9.338293304171595e-08,1.4415962200660394e-09,0.0,5.223238200007472,True,True,False,False,False,False,False,E03__U035__TOP__MAXIMUM_PHYSICAL_PATH_AREA,x05_t26,reciprocal|representative,plus,0.055562013326086825,0.2536082807248289,D4-deformed-contour-regular-away-W3-v51,checkpoint_5461_parent_v51_finite_cell
5464__x05_t27,5461_FINITE_PROJECTIVE_OWNER_CELL,E03,U035,MC04_SP_DP,B04,8,0,1,TOP,SIGN_DEFINITE_MONOTONE_PRINCIPAL_SQRT_RECTANGLE_WITH_PARENT_FALLBACK,0.8510391849867827,0.8511550993447642,0.921875,0.9375,8,x05_t27__finite_projective_depth9,0.0316656745200752,9.4824529261782e-08,True,,,3112.2919233701914,0.0006969807723238388,0.9762707549270045,0.25360838074980463,1.5144652007275925,0,,POINTWISE_SUPREMUM,9.338293304171595e-08,1.4415962200660394e-09,0.0,5.175779000041075,True,True,False,False,False,False,False,E03__U035__TOP__MAXIMUM_PHYSICAL_PATH_AREA,x05_t27,reciprocal|representative,plus,0.05536913435801733,0.2536082807248289,D4-deformed-contour-regular-away-W3-v51,checkpoint_5461_parent_v51_finite_cell
5464__x05_t28,5461_FINITE_PROJECTIVE_OWNER_CELL,E03,U035,MC04_SP_DP,B04,8,0,1,TOP,SIGN_DEFINITE_MONOTONE_PRINCIPAL_SQRT_RECTANGLE_WITH_PARENT_FALLBACK,0.8510391849867827,0.8511550993447642,0.9375,0.953125,8,x05_t28__finite_projective_depth9,0.0316656745200752,9.4824529261782e-08,True,,,2632.858815466519,0.0007246091026333262,0.9761041901403515,0.25360838074980463,1.524442020315632,0,,POINTWISE_SUPREMUM,9.338293304171595e-08,1.4415962200660394e-09,0.0,5.13629380002385,True,True,False,False,False,False,False,E03__U035__TOP__MAXIMUM_PHYSICAL_PATH_AREA,x05_t28,reciprocal|representative,plus,0.055217352356152,0.2536082807248289,D4-deformed-contour-regular-away-W3-v51,checkpoint_5461_parent_v51_finite_cell
5464__x05_t29,5461_FINITE_PROJECTIVE_OWNER_CELL,E03,U035,MC04_SP_DP,B04,8,0,1,TOP,SIGN_DEFINITE_MONOTONE_PRINCIPAL_SQRT_RECTANGLE_WITH_PARENT_FALLBACK,0.8510391849867827,0.8511550993447642,0.953125,0.96875,8,x05_t29__finite_projective_depth9,0.0316656745200752,9.4824529261782e-08,True,,,2202.970301836545,0.0007524964109962524,0.9759590719925966,0.25360838074980463,1.5337841693597025,0,,POINTWISE_SUPREMUM,9.338293304171595e-08,1.4415962200660394e-09,0.0,5.113120699999854,True,True,False,False,False,False,False,E03__U035__TOP__MAXIMUM_PHYSICAL_PATH_AREA,x05_t29,reciprocal|representative,plus,0.055107021956456795,0.2536082807248289,D4-deformed-contour-regular-away-W3-v51,checkpoint_5461_parent_v51_finite_cell
5464__x05_t30,5461_FINITE_PROJECTIVE_OWNER_CELL,E03,U035,MC04_SP_DP,B04,8,0,1,TOP,SIGN_DEFINITE_MONOTONE_PRINCIPAL_SQRT_RECTANGLE_WITH_PARENT_FALLBACK,0.8510391849867827,0.8511550993447642,0.96875,0.984375,8,x05_t30__finite_projective_depth9,0.0316656745200752,9.4824529261782e-08,True,,,1834.7484786521272,0.0007807071768797784,0.975835152196265,0.25360838074980463,1.542318111662688,0,,POINTWISE_SUPREMUM,9.338293304171595e-08,1.4415962200660394e-09,0.0,5.21088760002749,True,True,False,False,False,False,False,E03__U035__TOP__MAXIMUM_PHYSICAL_PATH_AREA,x05_t30,reciprocal|representative,plus,0.0550384015895733,0.2536082807248289,D4-deformed-contour-regular-away-W3-v51,checkpoint_5461_parent_v51_finite_cell
5464__x05_t31,5461_FINITE_PROJECTIVE_OWNER_CELL,E03,U035,MC04_SP_DP,B04,8,0,1,TOP,SIGN_DEFINITE_MONOTONE_PRINCIPAL_SQRT_RECTANGLE_WITH_PARENT_FALLBACK,0.8510391849867827,0.8511550993447642,0.984375,1.0,8,x05_t31__finite_projective_depth9,0.0316656745200752,9.4824529261782e-08,True,,,1608.059321924529,0.0008092530007399832,0.9757320625007558,0.25360838074980463,1.5499466451595993,0,,POINTWISE_SUPREMUM,9.338293304171595e-08,1.4415962200660394e-09,0.0,5.1826799000264145,True,True,False,False,False,False,False,E03__U035__TOP__MAXIMUM_PHYSICAL_PATH_AREA,x05_t31,reciprocal|representative,plus,0.05501165027955888,0.2536082807248289,D4-deformed-contour-regular-away-W3-v51,checkpoint_5461_parent_v51_finite_cell
5464__x06_t00,5461_FINITE_PROJECTIVE_OWNER_CELL,E03,U035,MC04_SP_DP,B04,8,0,1,TOP,SIGN_DEFINITE_MONOTONE_PRINCIPAL_SQRT_RECTANGLE_WITH_PARENT_FALLBACK,0.8511550993447642,0.8512710137027457,0.5,0.515625,8,x06_t00__finite_projective_depth9,0.0316656745200752,9.4824529261782e-08,True,,,15276.241469083017,0.00017541532938462125,0.9877059284029296,0.25350167588927924,1.2547498257173344,0,,POINTWISE_SUPREMUM,9.339957274252766e-08,1.4249565192543316e-09,0.0,2.788251699996181,True,True,False,False,False,False,False,E03__U035__TOP__MAXIMUM_PHYSICAL_PATH_AREA,x06_t00,reciprocal,plus,0.0724360331746054,0.25350157586430355,D4-deformed-contour-regular-away-W3-v51,checkpoint_5461_parent_v51_finite_cell
5464__x06_t01,5461_FINITE_PROJECTIVE_OWNER_CELL,E03,U035,MC04_SP_DP,B04,8,0,1,TOP,SIGN_DEFINITE_MONOTONE_PRINCIPAL_SQRT_RECTANGLE_WITH_PARENT_FALLBACK,0.8511550993447642,0.8512710137027457,0.515625,0.53125,8,x06_t01__finite_projective_depth9,0.0316656745200752,9.4824529261782e-08,True,,,19517.46362969626,0.0001632886702418081,0.9871595267963218,0.25350167588927924,1.2575476045107292,0,,POINTWISE_SUPREMUM,9.339957274252766e-08,1.4249565192543316e-09,0.0,2.8748060999787413,True,True,False,False,False,False,False,E03__U035__TOP__MAXIMUM_PHYSICAL_PATH_AREA,x06_t01,reciprocal,plus,0.0714643944037805,0.25350157586430355,D4-deformed-contour-regular-away-W3-v51,checkpoint_5461_parent_v51_finite_cell
5464__x06_t02,5461_FINITE_PROJECTIVE_OWNER_CELL,E03,U035,MC04_SP_DP,B04,8,0,1,TOP,SIGN_DEFINITE_MONOTONE_PRINCIPAL_SQRT_RECTANGLE_WITH_PARENT_FALLBACK,0.8511550993447642,0.8512710137027457,0.53125,0.546875,8,x06_t02__finite_projective_depth9,0.0316656745200752,9.4824529261782e-08,True,,,25014.60462292081,0.00015207050749894516,0.9866173739263331,0.25350167588927924,1.2596907896339602,0,,POINTWISE_SUPREMUM,9.339957274252766e-08,1.4249565192543316e-09,0.0,2.7203693999908864,True,True,False,False,False,False,False,E03__U035__TOP__MAXIMUM_PHYSICAL_PATH_AREA,x06_t02,reciprocal,plus,0.07051132352857258,0.25350157586430355,D4-deformed-contour-regular-away-W3-v51,checkpoint_5461_parent_v51_finite_cell
5464__x06_t03,5461_FINITE_PROJECTIVE_OWNER_CELL,E03,U035,MC04_SP_DP,B04,8,0,1,TOP,SIGN_DEFINITE_MONOTONE_PRINCIPAL_SQRT_RECTANGLE_WITH_PARENT_FALLBACK,0.8511550993447642,0.8512710137027457,0.546875,0.5625,8,x06_t03__finite_projective_depth9,0.0316656745200752,9.4824529261782e-08,True,,,30608.561100760522,0.00014509803923253023,0.9860800923341607,0.25350167588927924,1.261932824180371,0,,POINTWISE_SUPREMUM,9.339957274252766e-08,1.4249565192543316e-09,0.0,2.8922525999951176,True,True,False,False,False,False,False,E03__U035__TOP__MAXIMUM_PHYSICAL_PATH_AREA,x06_t03,reciprocal,plus,0.0695776019974286,0.25350157586430355,D4-deformed-contour-regular-away-W3-v51,checkpoint_5461_parent_v51_finite_cell
5464__x06_t04,5461_FINITE_PROJECTIVE_OWNER_CELL,E03,U035,MC04_SP_DP,B04,8,0,1,TOP,SIGN_DEFINITE_MONOTONE_PRINCIPAL_SQRT_RECTANGLE_WITH_PARENT_FALLBACK,0.8511550993447642,0.8512710137027457,0.5625,0.578125,8,x06_t04__finite_projective_depth9,0.0316656745200752,9.4824529261782e-08,True,,,34905.255287389606,0.0001432012562904252,0.9855483398605523,0.25350167588927924,1.2645774569187571,0,,POINTWISE_SUPREMUM,9.339957274252766e-08,1.4249565192543316e-09,0.0,2.936863299983088,True,True,False,False,False,False,False,E03__U035__TOP__MAXIMUM_PHYSICAL_PATH_AREA,x06_t04,reciprocal,plus,0.06866403927203198,0.25350157586430355,D4-deformed-contour-regular-away-W3-v51,checkpoint_5461_parent_v51_finite_cell
5464__x06_t05,5461_FINITE_PROJECTIVE_OWNER_CELL,E03,U035,MC04_SP_DP,B04,8,0,1,TOP,SIGN_DEFINITE_MONOTONE_PRINCIPAL_SQRT_RECTANGLE_WITH_PARENT_FALLBACK,0.8511550993447642,0.8512710137027457,0.578125,0.59375,8,x06_t05__finite_projective_depth9,0.0316656745200752,9.4824529261782e-08,True,,,36851.233177367976,0.0001466408972539176,0.9850228092618262,0.25350167588927924,1.26775327398102,0,,POINTWISE_SUPREMUM,9.339957274252766e-08,1.4249565192543316e-09,0.0,2.8497970000025816,True,True,False,False,False,False,False,E03__U035__TOP__MAXIMUM_PHYSICAL_PATH_AREA,x06_t05,reciprocal,plus,0.06777147245103143,0.25350157586430355,D4-deformed-contour-regular-away-W3-v51,checkpoint_5461_parent_v51_finite_cell
5464__x06_t06,5461_FINITE_PROJECTIVE_OWNER_CELL,E03,U035,MC04_SP_DP,B04,8,0,1,TOP,SIGN_DEFINITE_MONOTONE_PRINCIPAL_SQRT_RECTANGLE_WITH_PARENT_FALLBACK,0.8511550993447642,0.8512710137027457,0.59375,0.609375,8,x06_t06__finite_projective_depth9,0.0316656745200752,9.4824529261782e-08,True,,,36318.11984905836,0.0001551284369773459,0.984504227377545,0.25350167588927924,1.271589762353585,0,,POINTWISE_SUPREMUM,9.339957274252766e-08,1.4249565192543316e-09,0.0,2.7120059999870136,True,True,False,False,False,False,False,E03__U035__TOP__MAXIMUM_PHYSICAL_PATH_AREA,x06_t06,reciprocal,plus,0.06690076562544056,0.25350157586430355,D4-deformed-contour-regular-away-W3-v51,checkpoint_5461_parent_v51_finite_cell
5464__x06_t07,5461_FINITE_PROJECTIVE_OWNER_CELL,E03,U035,MC04_SP_DP,B04,8,0,1,TOP,SIGN_DEFINITE_MONOTONE_PRINCIPAL_SQRT_RECTANGLE_WITH_PARENT_FALLBACK,0.8511550993447642,0.8512710137027457,0.609375,0.625,8,x06_t07__finite_projective_depth9,0.0316656745200752,9.4824529261782e-08,True,,,34023.66294754007,0.00016796706053056042,0.9839933537856169,0.25350167588927924,1.2761652662089278,0,,POINTWISE_SUPREMUM,9.339957274252766e-08,1.4249565192543316e-09,0.0,2.878155099984724,True,True,False,False,False,False,False,E03__U035__TOP__MAXIMUM_PHYSICAL_PATH_AREA,x06_t07,reciprocal,plus,0.06605280893474645,0.25350157586430355,D4-deformed-contour-regular-away-W3-v51,checkpoint_5461_parent_v51_finite_cell
5464__x06_t08,5461_FINITE_PROJECTIVE_OWNER_CELL,E03,U035,MC04_SP_DP,B04,8,0,1,TOP,SIGN_DEFINITE_MONOTONE_PRINCIPAL_SQRT_RECTANGLE_WITH_PARENT_FALLBACK,0.8511550993447642,0.8512710137027457,0.625,0.640625,8,x06_t08__finite_projective_depth9,0.0316656745200752,9.4824529261782e-08,True,,,30893.47720284278,0.00018431597524024186,0.98349097887975,0.25350167588927924,1.28137509375099,0,,POINTWISE_SUPREMUM,9.339957274252766e-08,1.4249565192543316e-09,0.0,2.7608149999869056,True,True,False,False,False,False,False,E03__U035__TOP__MAXIMUM_PHYSICAL_PATH_AREA,x06_t08,reciprocal,plus,0.06522851727527851,0.25350157586430355,D4-deformed-contour-regular-away-W3-v51,checkpoint_5461_parent_v51_finite_cell
5464__x06_t09,5461_FINITE_PROJECTIVE_OWNER_CELL,E03,U035,MC04_SP_DP,B04,8,0,1,TOP,SIGN_DEFINITE_MONOTONE_PRINCIPAL_SQRT_RECTANGLE_WITH_PARENT_FALLBACK,0.8511550993447642,0.8512710137027457,0.640625,0.65625,8,x06_t09__finite_projective_depth9,0.0316656745200752,9.4824529261782e-08,True,,,27602.536215673426,0.00020339556418980806,0.9829979213052568,0.25350167588927924,1.2875409716840418,0,,POINTWISE_SUPREMUM,9.339957274252766e-08,1.4249565192543316e-09,0.0,2.8504983999882825,True,True,False,False,False,False,False,E03__U035__TOP__MAXIMUM_PHYSICAL_PATH_AREA,x06_t09,reciprocal,plus,0.06442882863234167,0.25350157586430355,D4-deformed-contour-regular-away-W3-v51,checkpoint_5461_parent_v51_finite_cell
5464__x06_t10,5461_FINITE_PROJECTIVE_OWNER_CELL,E03,U035,MC04_SP_DP,B04,8,0,1,TOP,SIGN_DEFINITE_MONOTONE_PRINCIPAL_SQRT_RECTANGLE_WITH_PARENT_FALLBACK,0.8511550993447642,0.8512710137027457,0.65625,0.671875,8,x06_t10__finite_projective_depth9,0.0316656745200752,9.4824529261782e-08,True,,,24528.992645278544,0.00022457471353057244,0.9825150246926452,0.25350167588927924,1.2947143386415514,0,,POINTWISE_SUPREMUM,9.339957274252766e-08,1.4249565192543316e-09,0.0,2.8720356000121683,True,True,False,False,False,False,False,E03__U035__TOP__MAXIMUM_PHYSICAL_PATH_AREA,x06_t10,reciprocal,plus,0.06365470199345898,0.25350157586430355,D4-deformed-contour-regular-away-W3-v51,checkpoint_5461_parent_v51_finite_cell
5464__x06_t11,5461_FINITE_PROJECTIVE_OWNER_CELL,E03,U035,MC04_SP_DP,B04,8,0,1,TOP,SIGN_DEFINITE_MONOTONE_PRINCIPAL_SQRT_RECTANGLE_WITH_PARENT_FALLBACK,0.8511550993447642,0.8512710137027457,0.671875,0.6875,8,x06_t11__finite_projective_depth9,0.0316656745200752,9.4824529261782e-08,True,,,21783.852425111756,0.0002473770540790394,0.9820431536347352,0.25350167588927924,1.3030114677186702,0,,POINTWISE_SUPREMUM,9.339957274252766e-08,1.4249565192543316e-09,0.0,2.9398550000041723,True,True,False,False,False,False,False,E03__U035__TOP__MAXIMUM_PHYSICAL_PATH_AREA,x06_t11,reciprocal,plus,0.06290711480658745,0.25350157586430355,D4-deformed-contour-regular-away-W3-v51,checkpoint_5461_parent_v51_finite_cell
5464__x06_t12,5461_FINITE_PROJECTIVE_OWNER_CELL,E03,U035,MC04_SP_DP,B04,8,0,1,TOP,SIGN_DEFINITE_MONOTONE_PRINCIPAL_SQRT_RECTANGLE_WITH_PARENT_FALLBACK,0.8511550993447642,0.8512710137027457,0.6875,0.703125,8,x06_t12__finite_projective_depth9,0.0316656745200752,9.4824529261782e-08,True,,,19471.38183981626,0.00027145468097166216,0.9815831888626112,0.25350167588927924,1.3124932665022429,0,,POINTWISE_SUPREMUM,9.339957274252766e-08,1.4249565192543316e-09,0.0,2.775640200008638,True,True,False,False,False,False,False,E03__U035__TOP__MAXIMUM_PHYSICAL_PATH_AREA,x06_t12,reciprocal,plus,0.06218705994961306,0.25350157586430355,D4-deformed-contour-regular-away-W3-v51,checkpoint_5461_parent_v51_finite_cell
5464__x06_t13,5461_FINITE_PROJECTIVE_OWNER_CELL,E03,U035,MC04_SP_DP,B04,8,0,1,TOP,SIGN_DEFINITE_MONOTONE_PRINCIPAL_SQRT_RECTANGLE_WITH_PARENT_FALLBACK,0.8511550993447642,0.8512710137027457,0.703125,0.71875,8,x06_t13__finite_projective_depth9,0.0316656745200752,9.4824529261782e-08,True,,,17484.87568167023,0.00029655547566763435,0.9811360215890091,0.25350167588927924,1.323191014037624,0,,POINTWISE_SUPREMUM,9.339957274252766e-08,1.4249565192543316e-09,0.0,3.2022823999868706,True,True,False,False,False,False,False,E03__U035__TOP__MAXIMUM_PHYSICAL_PATH_AREA,x06_t13,reciprocal,plus,0.061495542181950906,0.25350157586430355,D4-deformed-contour-regular-away-W3-v51,checkpoint_5461_parent_v51_finite_cell
5464__x06_t14,5461_FINITE_PROJECTIVE_OWNER_CELL,E03,U035,MC04_SP_DP,B04,8,0,1,TOP,SIGN_DEFINITE_MONOTONE_PRINCIPAL_SQRT_RECTANGLE_WITH_PARENT_FALLBACK,0.8511550993447642,0.8512710137027457,0.71875,0.734375,8,x06_t14__finite_projective_depth9,0.0316656745200752,9.4824529261782e-08,True,,,15799.717493161857,0.0003221095234667488,0.9807025470049923,0.25350167588927924,1.3351082082236225,0,,POINTWISE_SUPREMUM,9.339957274252766e-08,1.4249565192543316e-09,0.0,2.7743406999506988,True,True,False,False,False,False,False,E03__U035__TOP__MAXIMUM_PHYSICAL_PATH_AREA,x06_t14,reciprocal,plus,0.06083357403816923,0.25350157586430355,D4-deformed-contour-regular-away-W3-v51,checkpoint_5461_parent_v51_finite_cell
5464__x06_t15,5461_FINITE_PROJECTIVE_OWNER_CELL,E03,U035,MC04_SP_DP,B04,8,0,1,TOP,SIGN_DEFINITE_MONOTONE_PRINCIPAL_SQRT_RECTANGLE_WITH_PARENT_FALLBACK,0.8511550993447642,0.8512710137027457,0.734375,0.75,8,x06_t15__finite_projective_depth9,0.0316656745200752,9.4824529261782e-08,True,,,14349.685401523071,0.0003477634180570518,0.9802836569371538,0.25350167588927924,1.348214619320616,0,,POINTWISE_SUPREMUM,9.339957274252766e-08,1.4249565192543316e-09,0.0,2.8677217000513338,True,True,False,False,False,False,False,E03__U035__TOP__MAXIMUM_PHYSICAL_PATH_AREA,x06_t15,reciprocal,plus,0.0602021712325627,0.25350157586430355,D4-deformed-contour-regular-away-W3-v51,checkpoint_5461_parent_v51_finite_cell
5464__x06_t16,5461_FINITE_PROJECTIVE_OWNER_CELL,E03,U035,MC04_SP_DP,B04,8,0,1,TOP,SIGN_DEFINITE_MONOTONE_PRINCIPAL_SQRT_RECTANGLE_WITH_PARENT_FALLBACK,0.8511550993447642,0.8512710137027457,0.75,0.765625,8,x06_t16__finite_projective_depth9,0.0316656745200752,9.4824529261782e-08,True,,,13064.835563243707,0.00037353111144611327,0.9798802316980376,0.25350167588927924,1.3624475089843016,0,,POINTWISE_SUPREMUM,9.339957274252766e-08,1.4249565192543316e-09,0.0,5.2034160000039265,True,True,False,False,False,False,False,E03__U035__TOP__MAXIMUM_PHYSICAL_PATH_AREA,x06_t16,reciprocal|representative,plus,0.059602347419122584,0.25350157586430355,D4-deformed-contour-regular-away-W3-v51,checkpoint_5461_parent_v51_finite_cell
5464__x06_t17,5461_FINITE_PROJECTIVE_OWNER_CELL,E03,U035,MC04_SP_DP,B04,8,0,1,TOP,SIGN_DEFINITE_MONOTONE_PRINCIPAL_SQRT_RECTANGLE_WITH_PARENT_FALLBACK,0.8511550993447642,0.8512710137027457,0.765625,0.78125,8,x06_t17__finite_projective_depth9,0.0316656745200752,9.4824529261782e-08,True,,,11884.491227817913,0.00039942707493266917,0.9794931311916136,0.25350167588927924,1.3777165844278074,0,,POINTWISE_SUPREMUM,9.339957274252766e-08,1.4249565192543316e-09,0.0,5.191611099988222,True,True,False,False,False,False,False,E03__U035__TOP__MAXIMUM_PHYSICAL_PATH_AREA,x06_t17,reciprocal|representative,plus,0.05903510844765119,0.25350157586430355,D4-deformed-contour-regular-away-W3-v51,checkpoint_5461_parent_v51_finite_cell
5464__x06_t18,5461_FINITE_PROJECTIVE_OWNER_CELL,E03,U035,MC04_SP_DP,B04,8,0,1,TOP,SIGN_DEFINITE_MONOTONE_PRINCIPAL_SQRT_RECTANGLE_WITH_PARENT_FALLBACK,0.8511550993447642,0.8512710137027457,0.78125,0.796875,8,x06_t18__finite_projective_depth9,0.0316656745200752,9.4824529261782e-08,True,,,10782.39983520139,0.00042546623645359205,0.9791231853679007,0.25350167588927924,1.3939138413209222,0,,POINTWISE_SUPREMUM,9.339957274252766e-08,1.4249565192543316e-09,0.0,5.0488533999887295,True,True,False,False,False,False,False,E03__U035__TOP__MAXIMUM_PHYSICAL_PATH_AREA,x06_t18,reciprocal|representative,plus,0.05850144609809587,0.25350157586430355,D4-deformed-contour-regular-away-W3-v51,checkpoint_5461_parent_v51_finite_cell
5464__x06_t19,5461_FINITE_PROJECTIVE_OWNER_CELL,E03,U035,MC04_SP_DP,B04,8,0,1,TOP,SIGN_DEFINITE_MONOTONE_PRINCIPAL_SQRT_RECTANGLE_WITH_PARENT_FALLBACK,0.8511550993447642,0.8512710137027457,0.796875,0.8125,8,x06_t19__finite_projective_depth9,0.0316656745200752,9.4824529261782e-08,True,,,9741.8732339626,0.00045166390631249965,0.978771184155145,0.25350167588927924,1.4109057406840049,0,,POINTWISE_SUPREMUM,9.339957274252766e-08,1.4249565192543316e-09,0.0,5.0712826999952085,True,True,False,False,False,False,False,E03__U035__TOP__MAXIMUM_PHYSICAL_PATH_AREA,x06_t19,reciprocal|representative,plus,0.05800233133192442,0.25350157586430355,D4-deformed-contour-regular-away-W3-v51,checkpoint_5461_parent_v51_finite_cell
5464__x06_t20,5461_FINITE_PROJECTIVE_OWNER_CELL,E03,U035,MC04_SP_DP,B04,8,0,1,TOP,SIGN_DEFINITE_MONOTONE_PRINCIPAL_SQRT_RECTANGLE_WITH_PARENT_FALLBACK,0.8511550993447642,0.8512710137027457,0.8125,0.828125,8,x06_t20__finite_projective_depth9,0.0316656745200752,9.4824529261782e-08,True,,,8756.394458698336,0.00047803569196519296,0.9784378670330051,0.25350167588927924,1.4280175101199852,0,,POINTWISE_SUPREMUM,9.339957274252766e-08,1.4249565192543316e-09,0.0,5.157239000021946,True,True,False,False,False,False,False,E03__U035__TOP__MAXIMUM_PHYSICAL_PATH_AREA,x06_t20,reciprocal|representative,plus,0.057538707126794,0.25350157586430355,D4-deformed-contour-regular-away-W3-v51,checkpoint_5461_parent_v51_finite_cell
5464__x06_t21,5461_FINITE_PROJECTIVE_OWNER_CELL,E03,U035,MC04_SP_DP,B04,8,0,1,TOP,SIGN_DEFINITE_MONOTONE_PRINCIPAL_SQRT_RECTANGLE_WITH_PARENT_FALLBACK,0.8511550993447642,0.8512710137027457,0.828125,0.84375,8,x06_t21__finite_projective_depth9,0.0316656745200752,9.4824529261782e-08,True,,,7835.883734358727,0.000504597402450987,0.9781239124442777,0.25350167588927924,1.4422164956799803,0,,POINTWISE_SUPREMUM,9.339957274252766e-08,1.4249565192543316e-09,0.0,5.425443699990865,True,True,False,False,False,False,False,E03__U035__TOP__MAXIMUM_PHYSICAL_PATH_AREA,x06_t21,reciprocal|representative,plus,0.057111480976411826,0.25350157586430355,D4-deformed-contour-regular-away-W3-v51,checkpoint_5461_parent_v51_finite_cell
5464__x06_t22,5461_FINITE_PROJECTIVE_OWNER_CELL,E03,U035,MC04_SP_DP,B04,8,0,1,TOP,SIGN_DEFINITE_MONOTONE_PRINCIPAL_SQRT_RECTANGLE_WITH_PARENT_FALLBACK,0.8511550993447642,0.8512710137027457,0.84375,0.859375,8,x06_t22__finite_projective_depth9,0.0316656745200752,9.4824529261782e-08,True,,,6966.324352488799,0.0005313649434226587,0.9778299272737911,0.25350167588927924,1.4550492215527298,0,,POINTWISE_SUPREMUM,9.339957274252766e-08,1.4249565192543316e-09,0.0,5.23491759999888,True,True,False,False,False,False,False,E03__U035__TOP__MAXIMUM_PHYSICAL_PATH_AREA,x06_t22,reciprocal|representative,plus,0.05672151715756662,0.25350157586430355,D4-deformed-contour-regular-away-W3-v51,checkpoint_5461_parent_v51_finite_cell
5464__x06_t23,5461_FINITE_PROJECTIVE_OWNER_CELL,E03,U035,MC04_SP_DP,B04,8,0,1,TOP,SIGN_DEFINITE_MONOTONE_PRINCIPAL_SQRT_RECTANGLE_WITH_PARENT_FALLBACK,0.8511550993447642,0.8512710137027457,0.859375,0.875,8,x06_t23__finite_projective_depth9,0.0316656745200752,9.4824529261782e-08,True,,,6140.854627410432,0.0005583542040676589,0.9775564366490563,0.25350167588927924,1.4675658869218178,0,,POINTWISE_SUPREMUM,9.339957274252766e-08,1.4249565192543316e-09,0.0,5.092401799978688,True,True,False,False,False,False,False,E03__U035__TOP__MAXIMUM_PHYSICAL_PATH_AREA,x06_t23,reciprocal|representative,plus,0.056369628885268884,0.25350157586430355,D4-deformed-contour-regular-away-W3-v51,checkpoint_5461_parent_v51_finite_cell
5464__x06_t24,5461_FINITE_PROJECTIVE_OWNER_CELL,E03,U035,MC04_SP_DP,B04,8,0,1,TOP,SIGN_DEFINITE_MONOTONE_PRINCIPAL_SQRT_RECTANGLE_WITH_PARENT_FALLBACK,0.8511550993447642,0.8512710137027457,0.875,0.890625,8,x06_t24__finite_projective_depth9,0.0316656745200752,9.4824529261782e-08,True,,,5361.356836021035,0.0005855809377857466,0.9773038743358238,0.25350167588927924,1.4797066138621386,0,,POINTWISE_SUPREMUM,9.339957274252766e-08,1.4249565192543316e-09,0.0,5.072378400014713,True,True,False,False,False,False,False,E03__U035__TOP__MAXIMUM_PHYSICAL_PATH_AREA,x06_t24,reciprocal|representative,plus,0.05605657049618081,0.25350157586430355,D4-deformed-contour-regular-away-W3-v51,checkpoint_5461_parent_v51_finite_cell
5464__x06_t25,5461_FINITE_PROJECTIVE_OWNER_CELL,E03,U035,MC04_SP_DP,B04,8,0,1,TOP,SIGN_DEFINITE_MONOTONE_PRINCIPAL_SQRT_RECTANGLE_WITH_PARENT_FALLBACK,0.8511550993447642,0.8512710137027457,0.890625,0.90625,8,x06_t25__finite_projective_depth9,0.0316656745200752,9.4824529261782e-08,True,,,4631.8809367431,0.0006130606383172152,0.9770725740107326,0.25350167588927924,1.4914135556527903,0,,POINTWISE_SUPREMUM,9.339957274252766e-08,1.4249565192543316e-09,0.0,5.143387099960819,True,True,False,False,False,False,False,E03__U035__TOP__MAXIMUM_PHYSICAL_PATH_AREA,x06_t25,reciprocal|representative,plus,0.05578302981007122,0.25350157586430355,D4-deformed-contour-regular-away-W3-v51,checkpoint_5461_parent_v51_finite_cell
5464__x06_t26,5461_FINITE_PROJECTIVE_OWNER_CELL,E03,U035,MC04_SP_DP,B04,8,0,1,TOP,SIGN_DEFINITE_MONOTONE_PRINCIPAL_SQRT_RECTANGLE_WITH_PARENT_FALLBACK,0.8511550993447642,0.8512710137027457,0.90625,0.921875,8,x06_t26__finite_projective_depth9,0.0316656745200752,9.4824529261782e-08,True,,,3964.1621291548163,0.0006408084139805949,0.9768627616909704,0.25350167588927924,1.502603979226325,0,,POINTWISE_SUPREMUM,9.339957274252766e-08,1.4249565192543316e-09,0.0,5.11605569999665,True,True,False,False,False,False,False,E03__U035__TOP__MAXIMUM_PHYSICAL_PATH_AREA,x06_t26,reciprocal|representative,plus,0.055549620835251466,0.25350157586430355,D4-deformed-contour-regular-away-W3-v51,checkpoint_5461_parent_v51_finite_cell
5464__x06_t27,5461_FINITE_PROJECTIVE_OWNER_CELL,E03,U035,MC04_SP_DP,B04,8,0,1,TOP,SIGN_DEFINITE_MONOTONE_PRINCIPAL_SQRT_RECTANGLE_WITH_PARENT_FALLBACK,0.8511550993447642,0.8512710137027457,0.921875,0.9375,8,x06_t27__finite_projective_depth9,0.0316656745200752,9.4824529261782e-08,True,,,3360.4158767427925,0.0006688388624071595,0.9766745495859657,0.25350167588927924,1.5131615292682408,0,,POINTWISE_SUPREMUM,9.339957274252766e-08,1.4249565192543316e-09,0.0,5.217095399973914,True,True,False,False,False,False,False,E03__U035__TOP__MAXIMUM_PHYSICAL_PATH_AREA,x06_t27,reciprocal|representative,plus,0.05535687698396785,0.25350157586430355,D4-deformed-contour-regular-away-W3-v51,checkpoint_5461_parent_v51_finite_cell
5464__x06_t28,5461_FINITE_PROJECTIVE_OWNER_CELL,E03,U035,MC04_SP_DP,B04,8,0,1,TOP,SIGN_DEFINITE_MONOTONE_PRINCIPAL_SQRT_RECTANGLE_WITH_PARENT_FALLBACK,0.8511550993447642,0.8512710137027457,0.9375,0.953125,8,x06_t28__finite_projective_depth9,0.0316656745200752,9.4824529261782e-08,True,,,2830.708428373417,0.0006968518304030168,0.9765079316080683,0.25350167588927924,1.52313182105776,0,,POINTWISE_SUPREMUM,9.339957274252766e-08,1.4249565192543316e-09,0.0,5.169747799984179,True,True,False,False,False,False,False,E03__U035__TOP__MAXIMUM_PHYSICAL_PATH_AREA,x06_t28,reciprocal|representative,plus,0.05520524496390105,0.25350157586430355,D4-deformed-contour-regular-away-W3-v51,checkpoint_5461_parent_v51_finite_cell
5464__x06_t29,5461_FINITE_PROJECTIVE_OWNER_CELL,E03,U035,MC04_SP_DP,B04,8,0,1,TOP,SIGN_DEFINITE_MONOTONE_PRINCIPAL_SQRT_RECTANGLE_WITH_PARENT_FALLBACK,0.8511550993447642,0.8512710137027457,0.953125,0.96875,8,x06_t29__finite_projective_depth9,0.0316656745200752,9.4824529261782e-08,True,,,2359.560026503436,0.0007250742468585538,0.9763627807382164,0.25350167588927924,1.53246735559538,0,,POINTWISE_SUPREMUM,9.339957274252766e-08,1.4249565192543316e-09,0.0,5.135142699989956,True,True,False,False,False,False,False,E03__U035__TOP__MAXIMUM_PHYSICAL_PATH_AREA,x06_t29,reciprocal|representative,plus,0.05509507950328024,0.25350157586430355,D4-deformed-contour-regular-away-W3-v51,checkpoint_5461_parent_v51_finite_cell
5464__x06_t30,5461_FINITE_PROJECTIVE_OWNER_CELL,E03,U035,MC04_SP_DP,B04,8,0,1,TOP,SIGN_DEFINITE_MONOTONE_PRINCIPAL_SQRT_RECTANGLE_WITH_PARENT_FALLBACK,0.8511550993447642,0.8512710137027457,0.96875,0.984375,8,x06_t30__finite_projective_depth9,0.0316656745200752,9.4824529261782e-08,True,,,1957.798304984394,0.0007536167301598279,0.9762388483899367,0.25350167588927924,1.5409930204592444,0,,POINTWISE_SUPREMUM,9.339957274252766e-08,1.4249565192543316e-09,0.0,5.064313200011384,True,True,False,False,False,False,False,E03__U035__TOP__MAXIMUM_PHYSICAL_PATH_AREA,x06_t30,reciprocal|representative,plus,0.05502663905176778,0.25350157586430355,D4-deformed-contour-regular-away-W3-v51,checkpoint_5461_parent_v51_finite_cell
5464__x06_t31,5461_FINITE_PROJECTIVE_OWNER_CELL,E03,U035,MC04_SP_DP,B04,8,0,1,TOP,SIGN_DEFINITE_MONOTONE_PRINCIPAL_SQRT_RECTANGLE_WITH_PARENT_FALLBACK,0.8511550993447642,0.8512710137027457,0.984375,1.0,8,x06_t31__finite_projective_depth9,0.0316656745200752,9.4824529261782e-08,True,,,1707.375646875922,0.0007824906687562855,0.9761357658528799,0.25350167588927924,1.5486134890567957,0,,POINTWISE_SUPREMUM,9.339957274252766e-08,1.4249565192543316e-09,0.0,5.093794100044761,True,True,False,False,False,False,False,E03__U035__TOP__MAXIMUM_PHYSICAL_PATH_AREA,x06_t31,reciprocal|representative,plus,0.05500008257726047,0.25350157586430355,D4-deformed-contour-regular-away-W3-v51,checkpoint_5461_parent_v51_finite_cell
5464__x07_t00,5461_FINITE_PROJECTIVE_OWNER_CELL,E03,U035,MC04_SP_DP,B04,8,0,1,TOP,SIGN_DEFINITE_MONOTONE_PRINCIPAL_SQRT_RECTANGLE_WITH_PARENT_FALLBACK,0.8512710137027457,0.8513869280607272,0.5,0.515625,8,x07_t00__finite_projective_depth9,0.0316656745200752,9.4824529261782e-08,True,,,12806.685496541697,0.0001913476035816181,0.9881173903982848,0.2533949394634703,1.2536046981905005,0,,POINTWISE_SUPREMUM,9.341619997847351e-08,1.4083292833084837e-09,0.0,2.716407700034324,True,True,False,False,False,False,False,E03__U035__TOP__MAXIMUM_PHYSICAL_PATH_AREA,x07_t00,reciprocal,plus,0.07242407914597322,0.25339483943849456,D4-deformed-contour-regular-away-W3-v51,checkpoint_5461_parent_v51_finite_cell
5464__x07_t01,5461_FINITE_PROJECTIVE_OWNER_CELL,E03,U035,MC04_SP_DP,B04,8,0,1,TOP,SIGN_DEFINITE_MONOTONE_PRINCIPAL_SQRT_RECTANGLE_WITH_PARENT_FALLBACK,0.8512710137027457,0.8513869280607272,0.515625,0.53125,8,x07_t01__finite_projective_depth9,0.0316656745200752,9.4824529261782e-08,True,,,16131.678512321738,0.00017942229019910673,0.9875706215937777,0.2533949394634703,1.256361313808402,0,,POINTWISE_SUPREMUM,9.341619997847351e-08,1.4083292833084837e-09,0.0,2.904044100025203,True,True,False,False,False,False,False,E03__U035__TOP__MAXIMUM_PHYSICAL_PATH_AREA,x07_t01,reciprocal,plus,0.07145233161468464,0.25339483943849456,D4-deformed-contour-regular-away-W3-v51,checkpoint_5461_parent_v51_finite_cell
5464__x07_t02,5461_FINITE_PROJECTIVE_OWNER_CELL,E03,U035,MC04_SP_DP,B04,8,0,1,TOP,SIGN_DEFINITE_MONOTONE_PRINCIPAL_SQRT_RECTANGLE_WITH_PARENT_FALLBACK,0.8512710137027457,0.8513869280607272,0.53125,0.546875,8,x07_t02__finite_projective_depth9,0.0316656745200752,9.4824529261782e-08,True,,,20528.908227440064,0.00016725733517284228,0.9870281028905853,0.2533949394634703,1.2585083562688475,0,,POINTWISE_SUPREMUM,9.341619997847351e-08,1.4083292833084837e-09,0.0,2.7054326999932528,True,True,False,False,False,False,False,E03__U035__TOP__MAXIMUM_PHYSICAL_PATH_AREA,x07_t02,reciprocal,plus,0.07049915624215383,0.25339483943849456,D4-deformed-contour-regular-away-W3-v51,checkpoint_5461_parent_v51_finite_cell
5464__x07_t03,5461_FINITE_PROJECTIVE_OWNER_CELL,E03,U035,MC04_SP_DP,B04,8,0,1,TOP,SIGN_DEFINITE_MONOTONE_PRINCIPAL_SQRT_RECTANGLE_WITH_PARENT_FALLBACK,0.8512710137027457,0.8513869280607272,0.546875,0.5625,8,x07_t03__finite_projective_depth9,0.0316656745200752,9.4824529261782e-08,True,,,26482.128135460734,0.00015502120787724537,0.9864904573540628,0.2533949394634703,1.2607395235641936,0,,POINTWISE_SUPREMUM,9.341619997847351e-08,1.4083292833084837e-09,0.0,2.8712064000428654,True,True,False,False,False,False,False,E03__U035__TOP__MAXIMUM_PHYSICAL_PATH_AREA,x07_t03,reciprocal,plus,0.06956533475621039,0.25339483943849456,D4-deformed-contour-regular-away-W3-v51,checkpoint_5461_parent_v51_finite_cell
5464__x07_t04,5461_FINITE_PROJECTIVE_OWNER_CELL,E03,U035,MC04_SP_DP,B04,8,0,1,TOP,SIGN_DEFINITE_MONOTONE_PRINCIPAL_SQRT_RECTANGLE_WITH_PARENT_FALLBACK,0.8512710137027457,0.8513869280607272,0.5625,0.578125,8,x07_t04__finite_projective_depth9,0.0316656745200752,9.4824529261782e-08,True,,,33207.26629465101,0.00014593407022283383,0.9859583433955493,0.2533949394634703,1.263379302702347,0,,POINTWISE_SUPREMUM,9.341619997847351e-08,1.4083292833084837e-09,0.0,2.747220000019297,True,True,False,False,False,False,False,E03__U035__TOP__MAXIMUM_PHYSICAL_PATH_AREA,x07_t04,reciprocal,plus,0.06865167691775692,0.25339483943849456,D4-deformed-contour-regular-away-W3-v51,checkpoint_5461_parent_v51_finite_cell
5464__x07_t05,5461_FINITE_PROJECTIVE_OWNER_CELL,E03,U035,MC04_SP_DP,B04,8,0,1,TOP,SIGN_DEFINITE_MONOTONE_PRINCIPAL_SQRT_RECTANGLE_WITH_PARENT_FALLBACK,0.8512710137027457,0.8513869280607272,0.578125,0.59375,8,x07_t05__finite_projective_depth9,0.0316656745200752,9.4824529261782e-08,True,,,38922.53416008264,0.00014185895155707282,0.9854324543898014,0.2533949394634703,1.266549564932708,0,,POINTWISE_SUPREMUM,9.341619997847351e-08,1.4083292833084837e-09,0.0,3.018828100000974,True,True,False,False,False,False,False,E03__U035__TOP__MAXIMUM_PHYSICAL_PATH_AREA,x07_t05,reciprocal,plus,0.0677590201452119,0.25339483943849456,D4-deformed-contour-regular-away-W3-v51,checkpoint_5461_parent_v51_finite_cell
5464__x07_t06,5461_FINITE_PROJECTIVE_OWNER_CELL,E03,U035,MC04_SP_DP,B04,8,0,1,TOP,SIGN_DEFINITE_MONOTONE_PRINCIPAL_SQRT_RECTANGLE_WITH_PARENT_FALLBACK,0.8512710137027457,0.8513869280607272,0.59375,0.609375,8,x07_t06__finite_projective_depth9,0.0316656745200752,9.4824529261782e-08,True,,,42092.05820961539,0.0001432926363899867,0.9849135178436388,0.2533949394634703,1.270380382883702,0,,POINTWISE_SUPREMUM,9.341619997847351e-08,1.4083292833084837e-09,0.0,2.691375299997162,True,True,False,False,False,False,False,E03__U035__TOP__MAXIMUM_PHYSICAL_PATH_AREA,x07_t06,reciprocal,plus,0.0668882288704822,0.25339483943849456,D4-deformed-contour-regular-away-W3-v51,checkpoint_5461_parent_v51_finite_cell
5464__x07_t07,5461_FINITE_PROJECTIVE_OWNER_CELL,E03,U035,MC04_SP_DP,B04,8,0,1,TOP,SIGN_DEFINITE_MONOTONE_PRINCIPAL_SQRT_RECTANGLE_WITH_PARENT_FALLBACK,0.8512710137027457,0.8513869280607272,0.609375,0.625,8,x07_t07__finite_projective_depth9,0.0316656745200752,9.4824529261782e-08,True,,,42122.445209059566,0.00015014893806271292,0.9844022940514593,0.2533949394634703,1.2749526762517869,0,,POINTWISE_SUPREMUM,9.341619997847351e-08,1.4083292833084837e-09,0.0,2.7744970000348985,True,True,False,False,False,False,False,E03__U035__TOP__MAXIMUM_PHYSICAL_PATH_AREA,x07_t07,reciprocal,plus,0.06604019359547372,0.25339483943849456,D4-deformed-contour-regular-away-W3-v51,checkpoint_5461_parent_v51_finite_cell
5464__x07_t08,5461_FINITE_PROJECTIVE_OWNER_CELL,E03,U035,MC04_SP_DP,B04,8,0,1,TOP,SIGN_DEFINITE_MONOTONE_PRINCIPAL_SQRT_RECTANGLE_WITH_PARENT_FALLBACK,0.8512710137027457,0.8513869280607272,0.625,0.640625,8,x07_t08__finite_projective_depth9,0.0316656745200752,9.4824529261782e-08,True,,,39672.175771569826,0.0001618122908227735,0.9838995741724355,0.2533949394634703,1.2801552494209607,0,,POINTWISE_SUPREMUM,9.341619997847351e-08,1.4083292833084837e-09,0.0,2.8045764999696985,True,True,False,False,False,False,False,E03__U035__TOP__MAXIMUM_PHYSICAL_PATH_AREA,x07_t08,reciprocal,plus,0.06521582960062398,0.25339483943849456,D4-deformed-contour-regular-away-W3-v51,checkpoint_5461_parent_v51_finite_cell
5464__x07_t09,5461_FINITE_PROJECTIVE_OWNER_CELL,E03,U035,MC04_SP_DP,B04,8,0,1,TOP,SIGN_DEFINITE_MONOTONE_PRINCIPAL_SQRT_RECTANGLE_WITH_PARENT_FALLBACK,0.8512710137027457,0.8513869280607272,0.640625,0.65625,8,x07_t09__finite_projective_depth9,0.0316656745200752,9.4824529261782e-08,True,,,35912.990789756135,0.000177408699400913,0.9834061776652532,0.2533949394634703,1.2863141409230705,0,,POINTWISE_SUPREMUM,9.341619997847351e-08,1.4083292833084837e-09,0.0,2.754782200034242,True,True,False,False,False,False,False,E03__U035__TOP__MAXIMUM_PHYSICAL_PATH_AREA,x07_t09,reciprocal,plus,0.06441607527693308,0.25339483943849456,D4-deformed-contour-regular-away-W3-v51,checkpoint_5461_parent_v51_finite_cell
5464__x07_t10,5461_FINITE_PROJECTIVE_OWNER_CELL,E03,U035,MC04_SP_DP,B04,8,0,1,TOP,SIGN_DEFINITE_MONOTONE_PRINCIPAL_SQRT_RECTANGLE_WITH_PARENT_FALLBACK,0.8512710137027457,0.8513869280607272,0.65625,0.671875,8,x07_t10__finite_projective_depth9,0.0316656745200752,9.4824529261782e-08,True,,,31846.23527477295,0.00019607191749386753,0.9829229490197086,0.2533949394634703,1.2934835249796433,0,,POINTWISE_SUPREMUM,9.341619997847351e-08,1.4083292833084837e-09,0.0,2.8695069000241347,True,True,False,False,False,False,False,E03__U035__TOP__MAXIMUM_PHYSICAL_PATH_AREA,x07_t10,reciprocal,plus,0.06364189003877259,0.25339483943849456,D4-deformed-contour-regular-away-W3-v51,checkpoint_5461_parent_v51_finite_cell
5464__x07_t11,5461_FINITE_PROJECTIVE_OWNER_CELL,E03,U035,MC04_SP_DP,B04,8,0,1,TOP,SIGN_DEFINITE_MONOTONE_PRINCIPAL_SQRT_RECTANGLE_WITH_PARENT_FALLBACK,0.8512710137027457,0.8513869280607272,0.671875,0.6875,8,x07_t11__finite_projective_depth9,0.0316656745200752,9.4824529261782e-08,True,,,27995.954171231566,0.00021708067154631292,0.9824507537307583,0.2533949394634703,1.3017763244788572,0,,POINTWISE_SUPREMUM,9.341619997847351e-08,1.4083292833084837e-09,0.0,2.73047150002094,True,True,False,False,False,False,False,E03__U035__TOP__MAXIMUM_PHYSICAL_PATH_AREA,x07_t11,reciprocal,plus,0.06289425178128258,0.25339483943849456,D4-deformed-contour-regular-away-W3-v51,checkpoint_5461_parent_v51_finite_cell
5464__x07_t12,5461_FINITE_PROJECTIVE_OWNER_CELL,E03,U035,MC04_SP_DP,B04,8,0,1,TOP,SIGN_DEFINITE_MONOTONE_PRINCIPAL_SQRT_RECTANGLE_WITH_PARENT_FALLBACK,0.8512710137027457,0.8513869280607272,0.6875,0.703125,8,x07_t12__finite_projective_depth9,0.0316656745200752,9.4824529261782e-08,True,,,24685.734135668787,0.0002398858480642625,0.9819904734702138,0.2533949394634703,1.3112542276434198,0,,POINTWISE_SUPREMUM,9.341619997847351e-08,1.4083292833084837e-09,0.0,2.917287899996154,True,True,False,False,False,False,False,E03__U035__TOP__MAXIMUM_PHYSICAL_PATH_AREA,x07_t12,reciprocal,plus,0.0621741538486048,0.25339483943849456,D4-deformed-contour-regular-away-W3-v51,checkpoint_5461_parent_v51_finite_cell
5464__x07_t13,5461_FINITE_PROJECTIVE_OWNER_CELL,E03,U035,MC04_SP_DP,B04,8,0,1,TOP,SIGN_DEFINITE_MONOTONE_PRINCIPAL_SQRT_RECTANGLE_WITH_PARENT_FALLBACK,0.8512710137027457,0.8513869280607272,0.703125,0.71875,8,x07_t13__finite_projective_depth9,0.0316656745200752,9.4824529261782e-08,True,,,21836.105681892102,0.00026408689166871935,0.9815430004245649,0.2533949394634703,1.3219483163990797,0,,POINTWISE_SUPREMUM,9.341619997847351e-08,1.4083292833084837e-09,0.0,2.7037489999784157,True,True,False,False,False,False,False,E03__U035__TOP__MAXIMUM_PHYSICAL_PATH_AREA,x07_t13,reciprocal,plus,0.06148260148372231,0.25339483943849456,D4-deformed-contour-regular-away-W3-v51,checkpoint_5461_parent_v51_finite_cell
5464__x07_t14,5461_FINITE_PROJECTIVE_OWNER_CELL,E03,U035,MC04_SP_DP,B04,8,0,1,TOP,SIGN_DEFINITE_MONOTONE_PRINCIPAL_SQRT_RECTANGLE_WITH_PARENT_FALLBACK,0.8512710137027457,0.8513869280607272,0.71875,0.734375,8,x07_t14__finite_projective_depth9,0.0316656745200752,9.4824529261782e-08,True,,,19341.04681912077,0.00028939641653050484,0.9811092307846857,0.2533949394634703,1.3338621742840961,0,,POINTWISE_SUPREMUM,9.341619997847351e-08,1.4083292833084837e-09,0.0,2.9405557999853045,True,True,False,False,False,False,False,E03__U035__TOP__MAXIMUM_PHYSICAL_PATH_AREA,x07_t14,reciprocal,plus,0.06082060772051694,0.25339483943849456,D4-deformed-contour-regular-away-W3-v51,checkpoint_5461_parent_v51_finite_cell
5464__x07_t15,5461_FINITE_PROJECTIVE_OWNER_CELL,E03,U035,MC04_SP_DP,B04,8,0,1,TOP,SIGN_DEFINITE_MONOTONE_PRINCIPAL_SQRT_RECTANGLE_WITH_PARENT_FALLBACK,0.8512710137027457,0.8513869280607272,0.734375,0.75,8,x07_t15__finite_projective_depth9,0.0316656745200752,9.4824529261782e-08,True,,,17212.73841417238,0.00031539104363764676,0.980690057394607,0.2533949394634703,1.3469654477635133,0,,POINTWISE_SUPREMUM,9.341619997847351e-08,1.4083292833084837e-09,0.0,3.049615600029938,True,True,False,False,False,False,False,E03__U035__TOP__MAXIMUM_PHYSICAL_PATH_AREA,x07_t15,reciprocal,plus,0.060189188782460795,0.25339483943849456,D4-deformed-contour-regular-away-W3-v51,checkpoint_5461_parent_v51_finite_cell
5464__x07_t16,5461_FINITE_PROJECTIVE_OWNER_CELL,E03,U035,MC04_SP_DP,B04,8,0,1,TOP,SIGN_DEFINITE_MONOTONE_PRINCIPAL_SQRT_RECTANGLE_WITH_PARENT_FALLBACK,0.8512710137027457,0.8513869280607272,0.75,0.765625,8,x07_t16__finite_projective_depth9,0.0316656745200752,9.4824529261782e-08,True,,,15429.216334953977,0.000341517916474599,0.9802863615920073,0.2533949394634703,1.3611955242868656,0,,POINTWISE_SUPREMUM,9.341619997847351e-08,1.4083292833084837e-09,0.0,3.190642500005197,True,True,False,False,False,False,False,E03__U035__TOP__MAXIMUM_PHYSICAL_PATH_AREA,x07_t16,reciprocal,plus,0.059589358843486914,0.25339483943849456,D4-deformed-contour-regular-away-W3-v51,checkpoint_5461_parent_v51_finite_cell
5464__x07_t17,5461_FINITE_PROJECTIVE_OWNER_CELL,E03,U035,MC04_SP_DP,B04,8,0,1,TOP,SIGN_DEFINITE_MONOTONE_PRINCIPAL_SQRT_RECTANGLE_WITH_PARENT_FALLBACK,0.8512710137027457,0.8513869280607272,0.765625,0.78125,8,x07_t17__finite_projective_depth9,0.0316656745200752,9.4824529261782e-08,True,,,13847.959130178193,0.00036777257150075095,0.9798990043022938,0.2533949394634703,1.3764618875696975,0,,POINTWISE_SUPREMUM,9.341619997847351e-08,1.4083292833084837e-09,0.0,5.108019599982072,True,True,False,False,False,False,False,E03__U035__TOP__MAXIMUM_PHYSICAL_PATH_AREA,x07_t17,reciprocal|representative,plus,0.059022124276962094,0.25339483943849456,D4-deformed-contour-regular-away-W3-v51,checkpoint_5461_parent_v51_finite_cell
5464__x07_t18,5461_FINITE_PROJECTIVE_OWNER_CELL,E03,U035,MC04_SP_DP,B04,8,0,1,TOP,SIGN_DEFINITE_MONOTONE_PRINCIPAL_SQRT_RECTANGLE_WITH_PARENT_FALLBACK,0.8512710137027457,0.8513869280607272,0.78125,0.796875,8,x07_t18__finite_projective_depth9,0.0316656745200752,9.4824529261782e-08,True,,,12417.79484933852,0.0003941697341569507,0.9795288164804397,0.2533949394634703,1.3926566307887422,0,,POINTWISE_SUPREMUM,9.341619997847351e-08,1.4083292833084837e-09,0.0,5.024480799969751,True,True,False,False,False,False,False,E03__U035__TOP__MAXIMUM_PHYSICAL_PATH_AREA,x07_t18,reciprocal|representative,plus,0.05848847738591045,0.25339483943849456,D4-deformed-contour-regular-away-W3-v51,checkpoint_5461_parent_v51_finite_cell
5464__x07_t19,5461_FINITE_PROJECTIVE_OWNER_CELL,E03,U035,MC04_SP_DP,B04,8,0,1,TOP,SIGN_DEFINITE_MONOTONE_PRINCIPAL_SQRT_RECTANGLE_WITH_PARENT_FALLBACK,0.8512710137027457,0.8513869280607272,0.796875,0.8125,8,x07_t19__finite_projective_depth9,0.0316656745200752,9.4824529261782e-08,True,,,11105.07408666583,0.00042072450527620014,0.9791765890291299,0.2533949394634703,1.4096460419260701,0,,POINTWISE_SUPREMUM,9.341619997847351e-08,1.4083292833084837e-09,0.0,5.110602100030519,True,True,False,False,False,False,False,E03__U035__TOP__MAXIMUM_PHYSICAL_PATH_AREA,x07_t19,reciprocal|representative,plus,0.057989389648914945,0.25339483943849456,D4-deformed-contour-regular-away-W3-v51,checkpoint_5461_parent_v51_finite_cell
5464__x07_t20,5461_FINITE_PROJECTIVE_OWNER_CELL,E03,U035,MC04_SP_DP,B04,8,0,1,TOP,SIGN_DEFINITE_MONOTONE_PRINCIPAL_SQRT_RECTANGLE_WITH_PARENT_FALLBACK,0.8512710137027457,0.8513869280607272,0.8125,0.828125,8,x07_t20__finite_projective_depth9,0.0316656745200752,9.4824529261782e-08,True,,,9891.603931613656,0.00044745227653776386,0.9788430623568917,0.2533949394634703,1.426791694599509,0,,POINTWISE_SUPREMUM,9.341619997847351e-08,1.4083292833084837e-09,0.0,5.181937400018796,True,True,False,False,False,False,False,E03__U035__TOP__MAXIMUM_PHYSICAL_PATH_AREA,x07_t20,reciprocal|representative,plus,0.057525804548733,0.25339483943849456,D4-deformed-contour-regular-away-W3-v51,checkpoint_5461_parent_v51_finite_cell
5464__x07_t21,5461_FINITE_PROJECTIVE_OWNER_CELL,E03,U035,MC04_SP_DP,B04,8,0,1,TOP,SIGN_DEFINITE_MONOTONE_PRINCIPAL_SQRT_RECTANGLE_WITH_PARENT_FALLBACK,0.8512710137027457,0.8513869280607272,0.828125,0.84375,8,x07_t21__finite_projective_depth9,0.0316656745200752,9.4824529261782e-08,True,,,8781.207820729196,0.0004743686356814465,0.9785289157740262,0.2533949394634703,1.4409609968505528,0,,POINTWISE_SUPREMUM,9.341619997847351e-08,1.4083292833084837e-09,0.0,5.1461748000001535,True,True,False,False,False,False,False,E03__U035__TOP__MAXIMUM_PHYSICAL_PATH_AREA,x07_t21,reciprocal|representative,plus,0.05709863006560434,0.25339483943849456,D4-deformed-contour-regular-away-W3-v51,checkpoint_5461_parent_v51_finite_cell
5464__x07_t22,5461_FINITE_PROJECTIVE_OWNER_CELL,E03,U035,MC04_SP_DP,B04,8,0,1,TOP,SIGN_DEFINITE_MONOTONE_PRINCIPAL_SQRT_RECTANGLE_WITH_PARENT_FALLBACK,0.8512710137027457,0.8513869280607272,0.84375,0.859375,8,x07_t22__finite_projective_depth9,0.0316656745200752,9.4824529261782e-08,True,,,7751.15869482002,0.0005014892624341355,0.9782347569553447,0.2533949394634703,1.453785017869166,0,,POINTWISE_SUPREMUM,9.341619997847351e-08,1.4083292833084837e-09,0.0,5.611703299975488,True,True,False,False,False,False,False,E03__U035__TOP__MAXIMUM_PHYSICAL_PATH_AREA,x07_t22,reciprocal|representative,plus,0.056708730937341405,0.25339483943849456,D4-deformed-contour-regular-away-W3-v51,checkpoint_5461_parent_v51_finite_cell
5464__x07_t23,5461_FINITE_PROJECTIVE_OWNER_CELL,E03,U035,MC04_SP_DP,B04,8,0,1,TOP,SIGN_DEFINITE_MONOTONE_PRINCIPAL_SQRT_RECTANGLE_WITH_PARENT_FALLBACK,0.8512710137027457,0.8513869280607272,0.859375,0.875,8,x07_t23__finite_projective_depth9,0.0316656745200752,9.4824529261782e-08,True,,,6789.117363470044,0.0005288298164561798,0.9779611117247132,0.2533949394634703,1.4662932699545044,0,,POINTWISE_SUPREMUM,9.341619997847351e-08,1.4083292833084837e-09,0.0,5.111360699986108,True,True,False,False,False,False,False,E03__U035__TOP__MAXIMUM_PHYSICAL_PATH_AREA,x07_t23,reciprocal|representative,plus,0.056356920807452686,0.25339483943849456,D4-deformed-contour-regular-away-W3-v51,checkpoint_5461_parent_v51_finite_cell
5464__x07_t24,5461_FINITE_PROJECTIVE_OWNER_CELL,E03,U035,MC04_SP_DP,B04,8,0,1,TOP,SIGN_DEFINITE_MONOTONE_PRINCIPAL_SQRT_RECTANGLE_WITH_PARENT_FALLBACK,0.8512710137027457,0.8513869280607272,0.875,0.890625,8,x07_t24__finite_projective_depth9,0.0316656745200752,9.4824529261782e-08,True,,,5893.366609016017,0.000556405819055585,0.9777084144350522,0.2533949394634703,1.4784259275893032,0,,POINTWISE_SUPREMUM,9.341619997847351e-08,1.4083292833084837e-09,0.0,5.046444500039797,True,True,False,False,False,False,False,E03__U035__TOP__MAXIMUM_PHYSICAL_PATH_AREA,x07_t24,reciprocal|representative,plus,0.056043954400638134,0.25339483943849456,D4-deformed-contour-regular-away-W3-v51,checkpoint_5461_parent_v51_finite_cell
5464__x07_t25,5461_FINITE_PROJECTIVE_OWNER_CELL,E03,U035,MC04_SP_DP,B04,8,0,1,TOP,SIGN_DEFINITE_MONOTONE_PRINCIPAL_SQRT_RECTANGLE_WITH_PARENT_FALLBACK,0.8512710137027457,0.8513869280607272,0.890625,0.90625,8,x07_t25__finite_projective_depth9,0.0316656745200752,9.4824529261782e-08,True,,,5065.2380816756695,0.0005842325306319828,0.9774769992264892,0.2533949394634703,1.4901251658899664,0,,POINTWISE_SUPREMUM,9.341619997847351e-08,1.4083292833084837e-09,0.0,5.140762099996209,True,True,False,False,False,False,False,E03__U035__TOP__MAXIMUM_PHYSICAL_PATH_AREA,x07_t25,reciprocal|representative,plus,0.05577051987812737,0.25339483943849456,D4-deformed-contour-regular-away-W3-v51,checkpoint_5461_parent_v51_finite_cell
5464__x07_t26,5461_FINITE_PROJECTIVE_OWNER_CELL,E03,U035,MC04_SP_DP,B04,8,0,1,TOP,SIGN_DEFINITE_MONOTONE_PRINCIPAL_SQRT_RECTANGLE_WITH_PARENT_FALLBACK,0.8512710137027457,0.8513869280607272,0.90625,0.921875,8,x07_t26__finite_projective_depth9,0.0316656745200752,9.4824529261782e-08,True,,,4314.252500978307,0.000612324826128153,0.9772670924431209,0.2533949394634703,1.5013076090620048,0,,POINTWISE_SUPREMUM,9.341619997847351e-08,1.4083292833084837e-09,0.0,5.114923299988732,True,True,False,False,False,False,False,E03__U035__TOP__MAXIMUM_PHYSICAL_PATH_AREA,x07_t26,reciprocal|representative,plus,0.05553723153564447,0.25339483943849456,D4-deformed-contour-regular-away-W3-v51,checkpoint_5461_parent_v51_finite_cell
5464__x07_t27,5461_FINITE_PROJECTIVE_OWNER_CELL,E03,U035,MC04_SP_DP,B04,8,0,1,TOP,SIGN_DEFINITE_MONOTONE_PRINCIPAL_SQRT_RECTANGLE_WITH_PARENT_FALLBACK,0.8512710137027457,0.8513869280607272,0.921875,0.9375,8,x07_t27__finite_projective_depth9,0.0316656745200752,9.4824529261782e-08,True,,,3641.2722021434993,0.0006406970711373078,0.9770788064739269,0.2533949394634703,1.511858176839725,0,,POINTWISE_SUPREMUM,9.341619997847351e-08,1.4083292833084837e-09,0.0,5.11670780001441,True,True,False,False,False,False,False,E03__U035__TOP__MAXIMUM_PHYSICAL_PATH_AREA,x07_t27,reciprocal|representative,plus,0.0553446230127436,0.25339483943849456,D4-deformed-contour-regular-away-W3-v51,checkpoint_5461_parent_v51_finite_cell
5464__x07_t28,5461_FINITE_PROJECTIVE_OWNER_CELL,E03,U035,MC04_SP_DP,B04,8,0,1,TOP,SIGN_DEFINITE_MONOTONE_PRINCIPAL_SQRT_RECTANGLE_WITH_PARENT_FALLBACK,0.8512710137027457,0.8513869280607272,0.9375,0.953125,8,x07_t28__finite_projective_depth9,0.0316656745200752,9.4824529261782e-08,True,,,3053.150916558595,0.0006690948272901173,0.9769121352552697,0.2533949394634703,1.5218219294409308,0,,POINTWISE_SUPREMUM,9.341619997847351e-08,1.4083292833084837e-09,0.0,5.119001000013668,True,True,False,False,False,False,False,E03__U035__TOP__MAXIMUM_PHYSICAL_PATH_AREA,x07_t28,reciprocal|representative,plus,0.05519314117887011,0.25339483943849456,D4-deformed-contour-regular-away-W3-v51,checkpoint_5461_parent_v51_finite_cell
5464__x07_t29,5461_FINITE_PROJECTIVE_OWNER_CELL,E03,U035,MC04_SP_DP,B04,8,0,1,TOP,SIGN_DEFINITE_MONOTONE_PRINCIPAL_SQRT_RECTANGLE_WITH_PARENT_FALLBACK,0.8512710137027457,0.8513869280607272,0.953125,0.96875,8,x07_t29__finite_projective_depth9,0.0316656745200752,9.4824529261782e-08,True,,,2535.7869258014007,0.0006976524694905402,0.9767669516313897,0.2533949394634703,1.5311508387912849,0,,POINTWISE_SUPREMUM,9.341619997847351e-08,1.4083292833084837e-09,0.0,5.072459399991203,True,True,False,False,False,False,False,E03__U035__TOP__MAXIMUM_PHYSICAL_PATH_AREA,x07_t29,reciprocal|representative,plus,0.055083140854034186,0.25339483943849456,D4-deformed-contour-regular-away-W3-v51,checkpoint_5461_parent_v51_finite_cell
5464__x07_t30,5461_FINITE_PROJECTIVE_OWNER_CELL,E03,U035,MC04_SP_DP,B04,8,0,1,TOP,SIGN_DEFINITE_MONOTONE_PRINCIPAL_SQRT_RECTANGLE_WITH_PARENT_FALLBACK,0.8512710137027457,0.8513869280607272,0.96875,0.984375,8,x07_t30__finite_projective_depth9,0.0316656745200752,9.4824529261782e-08,True,,,2094.5950537068943,0.0007265267856935328,0.9766430067165552,0.2533949394634703,1.539668216527355,0,,POINTWISE_SUPREMUM,9.341619997847351e-08,1.4083292833084837e-09,0.0,5.056729599949904,True,True,False,False,False,False,False,E03__U035__TOP__MAXIMUM_PHYSICAL_PATH_AREA,x07_t30,reciprocal|representative,plus,0.05501488050643584,0.25339483943849456,D4-deformed-contour-regular-away-W3-v51,checkpoint_5461_parent_v51_finite_cell
5464__x07_t31,5461_FINITE_PROJECTIVE_OWNER_CELL,E03,U035,MC04_SP_DP,B04,8,0,1,TOP,SIGN_DEFINITE_MONOTONE_PRINCIPAL_SQRT_RECTANGLE_WITH_PARENT_FALLBACK,0.8512710137027457,0.8513869280607272,0.984375,1.0,8,x07_t31__finite_projective_depth9,0.0316656745200752,9.4824529261782e-08,True,,,1817.1900423042475,0.0007557289521033344,0.976539931340244,0.2533949394634703,1.5472806108521016,0,,POINTWISE_SUPREMUM,9.341619997847351e-08,1.4083292833084837e-09,0.0,5.2927009999984875,True,True,False,False,False,False,False,E03__U035__TOP__MAXIMUM_PHYSICAL_PATH_AREA,x07_t31,reciprocal|representative,plus,0.054988519047332866,0.25339483943849456,D4-deformed-contour-regular-away-W3-v51,checkpoint_5461_parent_v51_finite_cell
